,072023_Carolina_2023_Baya_052_DCYL_S9,072023_Carolina_2023_Baya_053_MCAV_S3,072023_Carolina_2023_Baya_055_MCAV_S4,072023_Carolina_2023_Baya_057_SSID_S7,072023_Carolina_2023_Baya_059_SSID_S8,072023_Carolina_2023_Baya_061_SSID_S5,072023_Carolina_2023_Baya_063_SSID_S6,072023_Carolina_2023_Baya_065_DCYL_S1,072023_Carolina_2023_Baya_066_DCYL_S2,122021_Coralina_2021_Baya_001_DCYL_S24,122021_Coralina_2021_Baya_003_MCAV_S27,122021_Coralina_2021_Baya_005_MCAV_S28,122021_Coralina_2021_Baya_007_MCAV_S29,122021_Coralina_2021_Baya_009_DCYL_S25,122021_Coralina_2021_Baya_010_DCYL_S26,122021_Coralina_2021_Baya_013_DLAB_S43,122021_Coralina_2021_Baya_015_DLAB_S44,122021_Coralina_2021_Baya_017_MCAV_S30,122021_Coralina_2021_Baya_019_SSID1_S46,122021_Coralina_2021_Baya_021_SSID2_S36,122021_Coralina_2021_Baya_023_MCAV_S31,122021_Coralina_2021_Baya_025_MMEA_S22,122021_Coralina_2021_Baya_027_PSTR4_S34,122021_Coralina_2021_Baya_029_MMEA_S23,122021_Coralina_2021_Baya_031_MMEA_S45,122021_Coralina_2021_Baya_033_PSTR7_S35,122021_Coralina_2021_Baya_035_PSTR_S32,122021_Coralina_2021_Baya_037_PSTR_S33,Sum
49546,73419.0750332545,74875.52935790317,70977.46352933385,55925.54078073028,63761.53270499825,37543.555556685125,37951.846590565336,67396.06126914661,72716.40762534388,45372.42342120391,71734.56357869589,62309.86227114332,72264.67536048884,83172.56162915326,77234.14018584375,50172.99125648026,70788.59075658522,67170.04876514079,52097.65104113243,72882.49611663548,75847.65843780966,61831.055491519845,61659.473820927764,73040.43934098851,50987.70122038083,72442.05802627654,66996.4913709442,68911.70658737927,1811483.6011266909
186817,60501.36225796932,57370.951127389264,41300.85608782766,50320.44899735233,54331.27318969893,35512.869062656464,15924.892490943103,60336.289300932855,38675.84751465688,33286.797514439786,60777.69081847015,53197.07948448476,56299.39259356019,60331.07062045969,47894.917976368015,37273.25986271237,45691.52853674725,54211.89240207645,22781.82377679762,65105.98221602515,60800.913360044804,67882.43042977112,58758.789779019375,61682.47628557164,54608.48093451731,68603.0374952985,62890.648858847235,62678.904504238315,1449031.9074788766
31979,31232.27674580737,22261.64587386975,18194.76412048153,15023.121003606433,18499.42696258772,10252.552336560237,3956.720495812169,22066.106184498447,12764.537090374644,12564.671101256468,25064.87622029081,18018.142596382546,25791.188615301995,23651.304037156126,22198.003900424457,16856.975471718968,22183.831752757294,24087.619946515653,19728.51916435874,27938.208637581185,26808.409805695574,27347.82370053241,20416.440703455755,24238.642036944584,24621.30205612802,27956.11065717287,25897.347150681027,24229.4409869065,593850.0093548595
543,24700.28186122505,25301.8770745107,27626.633107582256,30119.99321488889,31849.367042237307,24180.16433565545,23053.039414744166,26004.83703789013,27736.353896925422,32930.935369959756,27124.438769205422,33699.319652635655,27961.01568226185,33726.33083244016,32924.17115980269,32166.425326362096,23707.73133541248,32051.282051282047,11088.31675043594,24501.278146748373,30007.324113566843,37213.89757945002,27728.534254503695,40788.81677483774,28574.48121943112,28338.715743875076,24614.69552293503,31625.69945890044,801345.9567297061
468,23011.680773984936,13648.849719583382,10677.087645510093,12220.575111917457,13533.102722843521,9215.606041737088,5541.828706672701,17931.5904641253,11483.23813317972,13413.265445785772,15034.806607076658,13745.229271530507,15645.97711159007,15314.993450041682,12905.81622117701,15221.019819381654,15626.335457942734,15887.997483089506,6431.428864498923,14804.486356242127,16091.508336564559,19567.484494209344,19058.38281737767,19146.280579131304,17818.984757110975,18066.74189071761,17753.5272919763,15540.4531939648,414338.27876896353
2062,19057.06941313841,28857.15920796612,23106.09196734613,39132.390792899234,33749.02531307729,49132.9553223556,65047.51694613778,24484.625129563516,28193.96066735218,52352.79625523528,23376.034930180827,39327.396426793515,28323.86301787386,27152.554483744192,27790.524262934494,28397.09507334166,24833.380311144654,24952.80792826805,28785.858378637127,17725.265719981897,26829.95131618629,16644.71156484988,32212.85962329844,22840.738891662506,22436.962818747328,21834.429269937616,21750.785539290537,24312.545014681713,822641.355586626
2762318,18822.684054524536,16717.694860936248,12094.517394976072,13570.222212388728,16196.810876721072,8811.50197096042,4558.093610924904,19232.983991707937,12355.382801522486,10456.872245490133,19792.39609506941,16151.335803971459,21081.43019905805,18625.69965463856,16462.085579901344,11915.947251483967,14155.172257026214,16969.482460280007,6451.943789106575,19584.38826306584,19979.750980138728,17221.032987540482,18269.980084855833,19171.243135297056,13058.549788688922,20271.584763238785,19843.774389043847,19160.095292618516,440982.6567951761
33958,18781.623845716265,15909.351035824655,10445.265022933881,15310.750713542935,16175.878003213194,9060.572404520883,3846.609925439414,13716.457445583323,8581.472847767687,7582.601078536038,17671.046669687355,13178.273134576028,18142.36678060073,12957.008455400739,12102.787656303773,10876.894337161617,13873.305389112666,16320.591473965706,15615.276780524498,17960.10225173987,19753.56511998621,25152.313518853945,15531.078106557414,16949.57563654518,25108.029820979154,18112.135714563636,17197.032934964813,17525.716079705995,423437.68218430766
186822,18471.106016603724,19850.921368890926,12415.75731483168,12862.21061869888,15547.89179797684,9322.350513263,5073.556281021536,15570.655303466545,10783.368954879972,10114.697106567024,20018.947975450013,16911.886719398197,16560.352397332346,16196.26056925092,11930.71010668808,10246.830335923596,13415.044416762896,19840.333490640238,7422.983553868773,18642.595922161472,19613.545301796563,18195.2906306603,21546.636528111343,14827.758362456314,16738.686547319434,18403.95315357379,17427.774497628114,16602.33799331474,424554.4437785372
641,18181.118291895313,15608.90465834955,74726.36651156629,18983.560855809013,17766.77638981197,12789.004302818817,7339.898020671747,18323.16019808822,13938.163866292685,23527.962552352794,16229.352885447131,20673.156701144973,16415.21346308754,17101.34571870906,14683.950900539176,12756.032586467994,13122.26657331721,17893.66053169734,8294.867849693986,17605.401240230432,16468.48477015208,21323.892639552116,20589.615870136855,17473.789316025963,14910.489576902986,19402.61727818632,17278.471133551862,17932.002437718147,521339.5271202175
135621,16915.950607990486,17518.885200869863,15578.480237121425,25016.409643707917,24454.829475579187,28757.46893608802,41103.91291826892,17804.90613843142,17959.719836984317,32876.18734773207,17135.56040696956,23839.81414901267,16705.491331577152,16934.619506966774,18412.2978088792,19730.951617716957,16808.357807257617,20213.937391851505,15919.581495538005,19351.997945180345,17147.042350609627,19032.328887425214,20774.184139889076,20818.771842236645,16370.672871456385,18462.316641375823,16416.583531838944,17147.131064285582,569208.3911328407
90964,16865.48076799699,15265.53736980657,10554.55283071981,15583.63018194423,15856.65168221805,10209.346240942603,7411.288390473863,15443.970977772658,9448.233907046606,10456.872245490133,18906.784199036123,14782.34415620333,15682.261845151272,18697.153745385258,14196.397843294711,12358.09742779135,16002.764113801475,18424.571338681766,21161.144732793106,17536.907251801025,17739.433889104304,15588.122289917119,18832.7993765694,17998.00299550674,11847.666081010495,18877.345887968044,15934.740856865577,16408.42859517258,428070.53122046526
84566,16827.842243256073,17919.48037083667,11978.606083687968,12913.8364640721,14276.219732373213,8285.404218439853,4398.372783571019,14948.750431878383,11197.906852795977,9156.606717582328,17732.833546154798,15667.348857790808,16110.421701173449,15195.90329879719,10926.924400596536,9738.357633170106,12947.69096480301,18758.84851344974,4181.625465859746,35658.4596191245,17900.99521778467,13118.173335528843,13737.803683162361,13205.192211682477,10696.139417826107,16439.04906423875,38330.245468303576,43860.45910358455,446109.4974015248
36751,16651.62551378725,8169.280073251689,5096.785944925568,5280.58646960344,5536.7450428338925,3357.3677829935723,1101.1057037275452,8603.01739030289,4263.818378564622,3585.995455914155,8629.567079952218,6568.394269594558,9412.259885775658,8645.944980350125,6108.753011357118,4189.372920512452,5991.944063065438,9025.483718735253,988.1355352685745,9276.043004439878,9305.932531989143,7107.964213184038,8761.296261695019,8612.081877184224,7882.615508808584,9623.49065535712,8272.763673134217,7839.479953461745,197887.85089976998
1639119,15367.638567511965,17175.517912326886,9700.120878938915,8946.021491101916,10340.839512892033,5306.725155859636,1744.829038214418,24277.323505700795,9313.6436804505,9608.27790096083,17979.981052024552,13565.46269152055,16850.630265821957,18887.697987376443,16060.571297464725,7184.940364994971,13691.455796910375,15475.066855434952,2130.1330050945394,16186.597194192687,17103.959329628196,20912.2344804874,15419.425696460392,16200.69895157264,21083.622204283205,16004.565321712516,15099.999321348345,14995.66012299396,386613.63958328037
1300,12317.207221464223,12339.761932013276,8100.5447831630545,11446.187431319187,12863.250770591407,7367.910070324274,17879.05261349254,11263.388229874468,6621.83914852839,9840.95699542854,12192.610289574493,10108.413075944467,10174.239290560889,10813.385732999881,10898.24480899392,8953.541070224503,10905.5200443713,12269.938650306749,8411.119089137346,11952.200980931762,13549.610098660118,10085.62489708546,12302.272696200627,11957.064403394908,11420.295360653401,12788.088660622803,11550.651166262869,11828.47328667196,312201.39279879694
41294,12009.255655402198,6738.583037655946,7650.146545014985,8695.26738500343,8582.47813823023,19084.386587811307,20185.32455998122,8614.534147184153,8086.180813894019,27182.393036051573,35465.667092309595,15003.595331600198,15188.789468718931,26771.46599976182,32838.13238499484,189925.60823283627,134292.28684954674,19918.986943526823,196649.22898075017,11661.101530106778,15628.365861014176,33097.3159888029,9087.139009529192,64802.79580629056,153580.41692388052,11471.667769088104,53871.368365331764,28366.174813939317,1174448.6572582577
4893,11553.31625342703,10343.939567357216,5967.776655461907,7611.124632165852,7886.460094093266,3799.594879315209,1529.4479225402388,9961.994702291835,5421.294327291129,5420.054200542006,10215.430242616469,8241.606283533381,9151.009804135008,10884.839823746577,8718.595847195136,6632.252644610742,7273.98368809158,9615.384615384615,1648.0322768147162,11377.340720899228,10533.798629959934,5447.609638289698,9390.195551221113,6040.938592111832,4902.89187520775,10427.609820629548,9297.527672021228,8735.15669726126,218029.20765821548
186803,11484.882572079912,10365.400022891154,7928.333692106439,9064.023423383558,9864.616640587794,5169.482263897748,2217.9414889369127,11413.106069330877,6777.963811379873,6487.640633982097,11739.50652881328,9085.126389733945,11386.149391505018,12671.192092413958,7944.246873924515,6289.586257972521,7855.902383138906,10952.493314456506,7231.510924197353,10049.046588143201,11837.060014648227,9701.410615291728,15891.10016360496,9610.584123814278,9034.142171992971,11264.153145791992,9446.831036097481,9677.002345380339,262440.4349794975
41297,10293.281095623239,7761.531418106902,7792.551870311801,6534.357000095876,6143.798374562372,19216.54640970053,23840.753495103105,11770.125532650005,10535.72293794314,7021.433850702144,3171.7263253285005,4784.5566679572985,3287.3968606448525,3358.3422650946763,1864.1734541700125,4532.039307150673,2556.80526636419,3991.662733994023,5549.287106369884,2250.5167626805614,2498.8152169230107,1715.2423294363027,3051.0730024472387,3544.682975536695,2243.696281874733,2555.023799333359,2334.5616928286877,2557.757299303773,166757.46133223758
81852,9912.618743129899,10901.911411239556,7732.940338792204,6667.109173912723,8205.686415088416,6094.6010171223215,2858.034804620288,10319.014165610964,6734.894938869119,7774.219156332978,11430.572146476088,9057.469992809336,10108.926770150727,9789.21043229725,6768.383618217276,6831.220223949064,7630.408888808067,10539.562686801952,2225.8693199302493,9841.118408982496,10523.027874714577,12541.851912838245,8387.602480962125,8811.782326510234,8939.170900802506,10220.095197333436,9250.022056178785,9104.507931817761,239201.8333342986
119060,9810.823642126064,11781.790088130936,8809.259657896046,11733.817141255688,11874.172497344141,14964.55829391836,17615.27124710506,7854.428193020846,8446.88262117158,16178.040568284468,10915.681509247435,13385.696111510593,22017.576324937047,8931.761343336906,6797.063209819892,10103.131528623697,8968.821887416918,12859.839546956113,7942.694977262625,9351.875634486723,12127.870406272888,9138.81113123662,14897.621575802872,10683.97403894159,8345.6004558621,8799.91699415068,9148.224307944974,9187.611959592974,312672.81689365586
2808963,9038.37846392048,7203.559574224562,72060.40635193986,5442.839126490696,6515.356879327218,4681.50753692215,1848.88957724801,7255.556835195209,4075.3920613300743,3914.483589280337,8691.353956419656,6679.019857292992,7525.453740593182,7717.041800643086,7399.334633474819,4985.243237865741,6835.7261708840615,9851.344974044361,16873.525489793825,8551.963698186133,6957.907888501141,15217.629946758878,8663.315575283346,7738.392411382925,16038.273422289758,8041.191652724278,7648.404150633522,7590.167870136105,285041.66047278646
1903414,8342.921177230404,8133.512647361795,7398.453411932242,5892.721493314452,5882.13745571389,4546.806179996594,2827.7846479244763,7474.375215939192,5017.523647502813,4858.886972708111,9824.113358322691,8034.183306598816,9121.982017286047,6883.410741931642,4818.171389239417,6411.17755645705,6684.791009356161,9340.097530281579,2885.766061476391,7663.988062476302,6860.971091292921,13708.216696854932,7318.929412890612,9011.482775836246,11230.352818272473,8358.948419646447,7797.707514709775,8568.948641710835,204898.3612542643
267888,7975.090139989649,4857.216435847545,5908.165123942309,4174.318354463054,4212.74079346057,2912.599151635605,1664.968624537475,6518.484394794426,5039.058083758189,5324.2451616435355,5107.715121308234,4024.00575253056,5261.286366374212,6788.138620936048,5104.9673052655735,4609.4155880044655,4351.660741400788,4561.90026742174,1620.6790440045131,6242.737802566078,4717.590797466718,7752.8953290520885,6357.351513687674,6440.339490763854,6505.532076546845,6277.317354707339,10722.696147294555,6509.81550905834,151542.93109246195
2821832,7825.39146204283,1995.8223646560605,3437.5983176301106,3119.676084695887,5976.335386499343,10661.739477409566,9187.577591651925,1405.044339513993,40102.50391657559,5337.93216720046,1235.7375293487664,3056.0318601692575,1727.1533175131894,2167.440752649756,1606.0571297464724,2365.503443244498,1678.471736027132,1514.078968066698,1651.4514309159915,2230.9470517007303,1238.6368532161475,6929.579010922663,1526.6758115307318,4243.634548177733,9414.02725675483,1744.4198020829278,1655.9100379366275,1819.05483019077,136854.4324780707
72294,7490.066423441958,7947.522032734349,5706.148267125896,5088.833329645772,6007.734696761161,3382.7831333568847,1557.2780667003856,13244.270413451572,5205.9499647373605,4461.963811557308,7455.61642707089,6208.861109574645,9847.676688510077,10075.026795284031,7915.5672823219,4841.544430565841,5890.108291432157,6567.563316029574,3665.3331965671696,8070.059565307794,10619.964671922797,7245.183599538943,5568.948781165833,6165.751372940589,5175.934279880336,8754.523170304657,8299.909739329898,7876.415076917394,190336.53793417715
815,7072.620967224543,5608.33237953531,4156.248447616366,4513.573909772773,5076.221825660563,2823.6454253640113,1520.9778786654115,5827.478981918692,4070.0084522662305,3996.605622621883,6261.070148700416,5448.310194147906,6270.001959375612,6478.5042277003695,5506.481587702191,4532.039307150673,5424.573335394295,5820.355513607047,1169.3507026361679,6159.566530901797,5385.377622678902,5282.946374663812,6204.683932534601,5491.762356465302,4914.763284106558,6147.620715147271,5748.179516935752,5660.307669578386,142571.6088700728
82115,6814.283820139177,8269.42886574339,9120.564322498385,8636.26641886261,7614.332738490844,20228.077354160363,16854.177304638437,6702.752504894622,8603.007284023062,12331.992006788756,6137.496395765539,8767.077825100945,5631.390648698466,7669.40574014529,5879.316278536194,8953.541070224503,9314.336112601268,5840.018876828693,6708.380346702226,7204.0998544502745,5051.48421007281,6174.87238597069,7277.914241834563,7114.328507239141,7016.002659195594,7094.406183935774,6277.527807751559,6408.243919555301,229694.7256848485
186804,6810.006715054982,6874.499256037542,4904.704343362421,3953.0647314349767,4197.041138329661,2315.3384180977628,883.3045755177012,5309.224922261891,3030.971902944296,2491.035011360215,6775.960785929068,5019.636041816472,5464.48087431694,5168.512564010956,5879.316278536194,4918.920711419633,7695.874742000891,5918.672329715275,1360.8233323075872,6827.382918088529,6904.0541122743525,4240.079038366541,5789.974980745656,4543.1852221667505,3015.33786029726,6731.2555931675815,6983.325528839303,9289.183549096013,143295.16747749646
1884633,6538.8382527170315,5343.6534279500975,3232.269709062609,4240.694441371477,4668.03079225693,2419.541354587344,982.5250894799635,6126.9146608315095,3337.8376195834167,3011.141222523336,6467.026403591877,4355.8825156258645,4390.452760905377,6335.596046206979,4674.773431226339,4642.57685122752,6037.406461116011,5525.405065282366,2516.4974185386536,7113.589941168556,4254.448321916333,5612.272901915583,5650.979123277933,6165.751372940589,4344.935656963768,6400.529162289406,6012.853662343656,6223.56830227705,136625.9919691776
203492,6372.886575450272,6159.15073823967,4262.224503651206,3761.3115914773107,4045.277805397541,2218.7600867171755,876.0445379107064,6242.082229644132,3273.234310817286,2901.645178067942,6714.1739094616305,5558.935781846341,13904.3099006524,6859.592711682743,4072.502007571412,2995.5674444825186,4855.384111801129,6292.276230926538,745.3755940780251,7536.7849411074,12924.906294429366,5625.994840551073,4504.832954322771,5691.462805791313,6505.532076546845,6082.772395367236,5775.3255831314345,5180.151064654933,151938.49820577833
1903409,6162.453005307888,6531.1319674945635,4984.186385388552,4624.200721286811,5442.547112048439,3873.2993953688147,2495.0329242705475,5654.7276286997585,4091.542888521607,4393.528783772686,6281.6657741895615,5572.763980308646,6632.849294987627,5978.325592473502,6280.830560972812,4697.845623265942,4924.486956837999,6862.513764354255,12045.679898793038,6590.100172458078,6527.07767868683,5680.882595093035,4862.576390756092,5366.949575636546,4404.292701457809,6471.862314047443,6413.258138729971,5900.3859720401115,159746.99779724894
2895623,6149.621690055303,4900.137346915417,3199.1521915517214,3960.43985220258,4254.606540476328,2533.91043122225,969.2150205338064,5147.99032592422,3294.7687470726623,2778.462128055624,5890.348889895787,4438.851706399691,4695.244522819468,5644.873168988925,4244.579557187106,3117.1587429670485,2895.0455078604487,4227.623092653767,1531.7810373713544,5000.061155346812,5137.650252035673,4816.400461057138,5138.289485077314,4018.971542685971,3561.4226696424334,6180.044875037287,6121.437927126386,6011.191342407062,119859.2802105696
712,6139.356637853236,4642.611880508183,4033.7136328260835,5332.212314976658,5426.8474569175305,3448.863044301497,1733.9389818039256,8649.08441782794,5135.963046907385,5091.566067175823,6055.113893808954,4217.600531002821,8120.523370996887,9598.666190306061,6194.791786164966,3548.2551648667472,4680.808503286931,5584.395154947302,1497.5894963586009,5910.0527159089515,4792.986084184223,10497.283056150172,5903.906011456905,8237.643534697954,8915.42808300489,5440.774029544894,6284.31432430048,6214.334521413138,161328.62393349913
186818,6084.6096927755425,6667.04818587616,4788.793032074316,4661.076325124824,5055.288952152685,3052.383578633823,1389.0871954716724,3904.1805827478984,2546.4470871983162,2285.7299280063507,6219.878897722124,5600.420377233254,5776.5295829432725,3953.793021317137,2638.5224274406332,3448.7713751975857,7590.401978523563,6606.8900424728645,1251.410401066776,6484.912975941486,6559.389944422904,5927.877490531862,6936.121149700817,5192.211682476286,4629.849470535163,5583.44033306097,5564.943570114896,4986.24166651277,135386.25094727596
1162,5875.031543649996,6960.3410781732855,4288.718517659916,8031.506515919199,8388.849058282352,13101.61311228756,3845.3999191715816,4744.903835080042,11520.92339662663,5173.688100517369,8320.632697615027,7799.103932739642,6502.224254167302,5382.874836251041,8718.595847195136,4708.899377673627,5710.077195151889,10539.562686801952,3391.800868465142,6798.028351618782,8724.311748739821,5831.82392008343,7362.223204560887,7314.028956565152,5638.919226933853,8345.97875569044,8618.876017129167,7977.986666420432,199616.9236211707
563835,5689.405182995941,5844.397390408607,4407.941580699111,5184.709899624607,5824.5720535672235,3565.7736559727346,1959.000147620765,7508.925486582978,5087.510565332787,3148.011278092579,5952.135766363224,5213.2308202887325,6523.995094304022,7288.317256162915,4932.88975564988,4465.716780704566,5499.131668197234,5781.0287871637565,8913.734742024822,4899.766386575178,6828.658825556849,4281.244854273012,5885.6770465431055,3994.00898652022,4309.321430267344,6017.9240755872015,4879.505398673914,5457.16449057231,149343.69940632564
267890,5484.9595599714285,5100.434931898822,5941.282641453197,4705.327049730439,4777.928378173293,3578.4813311543903,2830.2046604601414,5574.1103305309225,4156.146197287738,5981.2214283759,5375.458252667134,5282.371812600255,5595.105915137265,5335.238775753245,5104.9673052655735,3824.5990250588616,4997.226793718914,6016.989145823502,1477.0745717509487,6653.701733142529,6257.808797552884,6449.311158680499,6120.374969808277,5566.650024962557,4879.1490574101335,5868.772940093122,5381.707623294039,5955.788657223587,144272.39306897958
766764,5405.405405405406,5608.33237953531,3500.5216009007963,3215.55265467472,3720.818266025423,2078.975659718957,793.7641116980985,3466.5438212599333,2051.1550533246477,2162.5468779940325,5478.436380112864,5337.684606449472,5558.821181576063,4501.6077170418,3068.716301479867,3703.007726574331,3546.0670479446453,5171.464527292748,5214.210004444901,4234.396213260925,5363.836112188187,2620.8902793786706,4094.681243762276,3195.2071892161757,2730.4240467258655,4189.201457790228,3406.831307558143,3471.901604831114,106891.0007781656
181550,5203.52604543141,4113.253977337759,2420.8905300458678,2330.538162562412,2815.471486809673,1906.1512772484325,719.9537293603181,3109.524357940804,1679.6860279193966,1683.5016835016834,4345.676978209828,3443.2214171137784,3809.897023926153,3310.70620459688,107232.99300217965,2000.7295477909074,3166.0014002418598,3991.662733994023,10801.107805928814,4535.2805195758265,3899.0133988195253,3073.7142543498544,2586.2343971453442,3095.35696455317,2160.596419583076,3929.808178670091,3719.0110688084915,3148.7192745941757,198232.22786823922
1131492,5112.85141764648,4821.4490099576515,2841.4830024341377,2396.914249470835,3145.164244558761,1743.493034923233,684.8635475931765,4848.554647011401,2777.942276943618,3106.9502614218063,4469.250731144705,3775.0981802090823,3135.000979687806,5621.055138740026,5305.724446483882,2873.976145997988,2740.4733544885025,4502.910177756804,1347.1467159024858,3909.0497682212354,3834.3888673473784,3279.543333882211,4122.024691132976,5092.36145781328,2350.538961964006,4007.626162406132,4180.494194135093,3619.6420986537146,99645.97109792841
110618,4727.911960068946,5622.639349891268,3248.8284678180526,3245.0531377451307,3678.9525190096656,2744.857839237743,1113.20576640587,4560.635724979846,2675.6537047305774,1820.3717390709262,6714.1739094616305,4037.8339509928646,4056.6332121423234,3953.793021317137,4617.4142480211085,3990.4053411741297,7637.682872496159,5722.0386974988205,1565.972578384108,6149.781675411881,6807.1173150661325,3005.1045611724026,4910.427423654816,3869.1962056914626,2908.4951802079872,5421.319533610884,5897.482881012005,5087.813256015808,119790.7960722897
1129771,4467.0085499330635,2847.087100835527,1745.293172823765,1570.9007234993474,1831.6264319393783,978.4909889875287,475.5324632581597,2142.116779914776,1141.3251215349746,1149.7084667816375,3377.6825802199614,2350.793738591736,3759.098396940471,2095.986661903061,1606.0571297464724,4178.319166104768,1571.1804766277812,3185.4648419065593,977.8780729647485,2534.2775718881103,4103.657748481324,2991.382622536912,1759.0951141816788,2546.18072890664,2528.6100954461276,2451.266487685304,2293.8425935351647,2419.2505863450847,65079.11441352005
72275,4315.599029952567,4184.788829117547,7769.3696080541795,4830.704102779683,5756.540214666618,3095.589674251454,4116.441323166054,11493.723367499711,7235.570581806632,5009.444033834277,3542.44758413313,3885.723767907517,3621.2164094079058,4739.788019530785,5018.928530457726,3470.878884012955,3909.7662323492245,4089.97955010225,724.8606694703731,4948.690664024755,4135.970014217397,6298.369833690103,4479.768127566296,6390.414378432351,3739.4938031245547,5291.622894050815,5225.6177426688655,4699.994459731482,136021.3023300072
1903411,4295.068925548432,3841.421540574568,3729.0324717259195,4616.825600519209,4678.49722901087,3575.9397961180593,2597.8834570363074,5240.124380974317,3386.2901011580143,4379.841778215761,3006.9613214153314,3816.5827755959954,5087.119645280444,5644.873168988925,3068.716301479867,3846.7065338742304,6068.3208917904,3519.7420166745324,3214.004855198824,5653.200259298671,3931.3256645555985,4020.528020198694,5691.994294333982,4193.709435846231,3703.879576428131,4636.6548642724665,5028.808762750168,4755.397144914957,119229.4508137789
2131,4221.502718100281,3405.058944717867,2295.043963504496,2315.7879210272067,2914.9026359720965,1669.7885188696268,591.6930649700765,3086.490844178279,1733.522118557839,1615.0666557170623,3068.7481978827695,2959.234470933127,4760.557043229631,2334.166964392045,2495.1244694275556,2144.4283550908062,3413.3168456369735,3677.0489224476955,294.04725270967964,3600.8268202888976,4092.886993235966,3279.543333882211,3258.4274783417113,2970.5441837244134,2089.3679661902274,4046.535154274153,3915.8200487271884,3979.7595523463033,80229.2414383762
2854170,4198.406350645629,7954.675517912327,23119.33897435048,18563.17897205567,9220.930780220528,19755.351837402755,57246.60653742186,8464.816307727744,27790.189987563863,21406.476691029537,2471.475058697533,10523.259029813596,6487.710360742821,6883.410741931642,4732.132614431571,9660.981352316314,3262.3816841090734,5781.0287871637565,12254.248298970835,3794.0777162147283,3780.535091120589,8246.885119929744,4386.344682383073,8087.868197703446,8274.372002469252,4078.9593141641703,3956.539148020712,5170.917283791021,309553.0984403043
84642,4123.1293011638,3025.924230284995,3483.9628421453526,4012.065697575798,3757.4507946642107,3591.189006336047,5823.760167077666,2740.988137740412,2546.4470871983162,4448.276806000383,3212.9175763067924,4120.803141766691,3809.897023926153,2715.2554483744193,2351.7265114144775,2796.599865144196,2751.38433002064,3834.3558282208587,1258.2487092693268,2433.9828031164766,2671.1473008487355,4144.025467918108,4789.6605311008925,2820.7688467299054,5971.318676100479,3054.355861639625,2687.4605533725594,2640.861327078986,95617.96387253629
32033,4053.840198799844,6266.453015909351,5176.267986951699,16918.527040880293,14888.506282478662,12232.408129862273,16280.634333685848,5136.473569042958,5760.461698313315,11483.397662259451,7084.89516826626,8808.562420487859,6451.425627181619,5168.512564010956,4760.812206034186,7218.101628218024,7297.624135077876,7255.781028787163,13088.521899682019,4185.471935811348,8993.580629873766,8974.147867610736,7453.368029129886,8262.606090863705,6303.718125267106,4390.231249108335,4295.864975466743,4653.825555411919,222844.02105447315
5654,4052.129356766167,3891.495936820419,2126.14462419897,2699.2942009425406,2768.3725214169463,1674.8715889422892,728.4237732351454,3040.4238166532305,2002.7025717500499,1970.9288001970929,5087.119495819088,2986.8908678577354,3722.8136633792697,3143.979992854591,2552.4836526327867,1282.2355112914101,2982.333312117548,4070.3161868806037,1924.9837590180189,3392.898641128194,3909.784154064883,2922.77292935946,3885.0481472535785,3145.2820768846727,2694.8098200294407,3540.718259989884,3752.9436515530942,4145.967607896729,84098.16892093382
80864,3844.2620496742984,5121.895387432757,4692.752231292742,8215.884535109262,8687.142505769623,11459.781478817576,17489.430595250484,6910.054128757342,5970.422451803241,12017.190878979498,4798.780738971042,7508.711765031251,5275.8002597986915,6359.414076455877,5076.287713662958,7019.134048879702,5093.607077586128,6547.8999528079285,9484.733476937805,3865.0179185166157,4243.6775666709755,5502.4973928316585,5758.074292146506,4593.110334498253,5235.291324374377,4850.65431954658,4546.966087776806,5688.009012170123,185856.48360155016
200667,3839.9849445901036,1344.8552134599977,1106.1250848636387,1312.7714966332574,1444.368272043624,823.4573517713229,433.1822438840233,1750.5470459518601,1318.9842206418339,1396.074566806274,1627.0544136425422,1286.0224569943027,2097.2575998374446,1476.7178754317017,1749.4550877595502,3780.384007428123,4746.274356479756,1809.0294163913798,297.46640681095494,1470.1745373598012,1615.6132868036707,1468.2474339974751,2499.6468138047953,1372.9405891163256,878.4842585118002,1627.6928264788658,1764.4943027193572,1385.0671295868808,47722.37323980067
28056,3764.707895108275,5443.802220441799,4434.435594707821,7286.619318391338,5316.949871001167,10992.139032132627,13239.888582622858,4468.501669929748,5787.379743632536,12017.190878979498,4839.971989949335,7992.698711211903,4666.216735970507,5454.328926997737,4588.734656418492,4653.630605635204,3564.252007164874,5151.801164071102,5162.92269292577,2678.6041903643636,11740.123217440007,2222.954058949448,3315.3929936973354,2995.5067398901647,1816.3255615176408,2957.083381969573,2802.8313347042094,3268.7584258250386,152623.7522016504
2092,3762.997053074597,4943.058257983289,3205.7756950538987,3355.679949259169,3783.6168865490586,1331.7643590375715,510.62264502530127,2049.982724864678,1157.4759487265073,1437.1355834770468,4469.250731144705,4355.8825156258645,4804.098723503073,1929.2604501607716,1978.891820580475,2144.4283550908062,2875.042052718197,4502.910177756804,1118.0633911170378,3710.9064445504473,4943.776657619232,3334.4310884241727,3390.5874739667597,2895.6565152271596,2255.5676907735406,3385.082292517801,3528.9886054387143,3444.2002622393766,84605.13435150609
2845253,3745.033211720979,3011.6172599290376,2020.1685681641304,1519.2748781261294,2334.015396128465,925.1187532245726,415.0321498665363,2545.203270758954,1545.0958013232912,1108.6474501108648,1750.6281665774188,2751.811493998562,2155.313173535367,2691.4374181255207,2609.8428358380174,994.8378966916113,1120.1934879661032,2418.593676262388,314.5621773173317,2389.950953411857,2401.87841971479,2017.124979417092,2549.7764673177444,2695.9560659011486,2053.753739493803,2658.7811109814143,2504.2246065517033,2271.5100925224842,57519.38350097732
444,3699.695897828514,3240.5287856243563,2056.5978374261067,2699.2942009425406,2532.877694453312,1415.6350152365026,739.3138296456376,2165.1502936773004,1566.630237578668,1396.074566806274,2780.4094410347243,3069.8600586315615,3135.000979687806,1667.262117422889,2179.648961798784,1724.3856875987929,2518.616852001709,2831.5243039169422,984.7163811672992,3823.432282684475,4071.3454827452497,4047.9718974696743,3645.7929827599564,3145.2820768846727,3086.566313690109,4065.9896502081633,3379.685241362461,3093.3165894107,74762.60565969518
171552,3510.6478531071034,3490.900766853611,2182.4444039674786,2396.914249470835,2888.736544087248,1735.868429814239,1517.3478598619142,3915.697339629161,2212.6633252399743,2176.2338835509568,3233.5132017959386,2309.309143204823,3156.771819824527,4001.4290818149343,2982.67752667202,3205.588778228525,3955.2286303997967,3716.375648890986,1326.6317912948336,3165.4007509876587,3145.060531644479,2771.8316043690656,3242.4771340421366,3270.0948577134295,2208.0820551783086,3398.051956473808,2931.7751491337012,2936.342314724187,80984.09663197568
216572,3449.9129609115366,3369.291518827973,2616.2838833601036,2868.9219785973996,3631.853553616939,2129.806360445582,1171.2860672618283,4226.649775423241,2460.3093421768085,2203.607894664805,3521.851958643984,3125.172852480779,2837.4661644859543,3191.6160533523876,2237.008145004015,1757.5469508218466,3866.1223302206745,2811.8609406952964,960.7823024583718,5359.654594601207,2800.396363793029,2716.9438498271033,3873.655044182454,2046.9296055916127,2160.596419583076,3689.8693954839628,4166.921161037251,3536.538070878502,82788.85553842771
2206,3420.828646339012,3641.123955591164,1943.9982778890894,3827.6876783857338,3699.8853925175445,1651.9977736153082,556.602883202935,2003.9156973396289,1098.2562490242208,1204.4564890093345,3521.851958643984,2876.265280159301,3258.369073795891,1786.3522686673812,2323.0469198118617,2111.267091867753,3002.3367672597997,2831.5243039169422,2362.635483981263,3373.328930148363,3123.5190211537633,2332.729568033372,4213.169515701974,2695.9560659011486,2018.1395127973788,3676.899731527956,3841.168366689062,3628.8758795176273,76026.18878248878
85023,3404.5756470190713,6380.908778757011,4987.49813713964,8474.013761975351,7054.378372155092,10000.940367963443,15933.362534817928,3915.697339629161,5765.84530737716,12222.49596233336,4325.081352720682,9582.941534376901,6538.508987728504,3572.7045373347623,4015.1428243661812,6764.897697502957,5571.87150507815,5014.157621519585,6598.967415461415,4077.838525422278,4792.986084184223,2209.2321203139577,5500.590162739084,4368.447329006491,2445.510233154471,3890.8991868020703,3528.9886054387143,4192.1365122162915,165130.61844453387
28256,3259.154074156448,5729.941627560947,5100.097696676657,6844.112072335184,4123.776081052086,5004.282486536218,7016.826347160479,3673.8454451226535,4915.235075289773,5926.473406148202,5251.884499732257,5807.84335416782,3497.8483152998206,2762.8915088722165,2323.0469198118617,3271.911304674633,2709.5589238141133,6390.593047034765,3460.183950490649,2451.106300223829,7604.1532032226105,5186.892804215379,2661.428877414768,3769.345981028457,2730.4240467258655,2807.9322464754937,2904.6290829380187,3065.6152468189625,120251.03392500017
481,3204.4071290787547,1945.7479684102095,1354.506466195294,2301.0376794920016,2485.778729060585,2203.510876499188,1911.8099031752984,2291.834619371185,1588.164673834045,1847.7457501847746,1915.3931704905879,1825.3221970241716,2489.13272229842,2167.440752649756,2007.5714121830906,1746.493196414162,2200.3800656477024,2221.960044045934,1736.930283447875,2685.9428319818,2078.7557623540565,5173.170865579889,2570.2840528457696,3919.1213180229656,4297.450021368536,3067.325525595632,2999.640314622907,2502.354614120298,68739.21294599489
85025,3171.9011304388737,3791.347144328717,2954.0825619711545,4506.19878900517,4134.242517806026,5441.426512785192,7995.721417836945,4445.468156167223,4145.378979160049,7363.60898962525,3830.7863409811757,5282.371812600255,3882.4664910485562,4263.427414552817,3269.473442698176,3669.846463351277,2924.141442612815,3087.1480257983326,4092.727459226587,2473.1222250761384,4135.970014217397,2662.056095285142,4153.925379732125,2820.7688467299054,2314.9247352675816,3877.929522846063,2918.20211603586,2770.1342591737616,110378.7982863586
1653,3166.7686043378403,3476.5937964976533,2351.3437432730043,2596.0425101961046,3003.8673483805806,3184.543400523048,6139.57180298194,2694.921110215363,2594.899568772914,5228.436122745066,4881.163240927627,4535.64909563582,3004.3759388674807,3644.1586280814577,2695.8816106458644,2796.599865144196,3186.0048553841116,5053.484347962876,9727.493418128355,2372.8274563045047,2908.1039162466072,2730.665788462594,4060.5019345489013,3819.27109335996,3074.694904791301,2399.3878318612765,2633.1684209811947,2696.2640122624607,100656.68436752008
186814,3104.3228701085955,1988.6688794780819,1477.0412809855773,1121.0183566755907,1439.1350536666546,622.6760839011547,271.0414039944727,1197.7427156512724,818.3085777043215,848.5943445293038,1915.3931704905879,2143.3707616571714,2481.87577558618,1286.1736334405145,1290.581622117701,707.4402820918125,985.624789736409,2339.940223375806,229.0833247854481,1418.8040460377451,2261.858601525139,1372.1938635490421,1601.8702918001559,1397.903145282077,1495.7975212498218,1245.0877397766624,1398.0224090776444,1431.2360339064435,39890.80680218138
186827,2967.455507414362,1988.6688794780819,1387.6239837061814,1121.0183566755907,1119.9087326715057,574.386918210861,790.1340928946012,955.8908211447656,823.6921867681656,834.9073389723796,1173.950652881328,1424.3044416173461,1582.0143832683837,905.0851494581398,1118.5040725020076,464.2576851227519,583.7371909693493,1828.692779613025,393.2027216466646,1475.066965104759,2143.3802938262033,1111.477029474724,1250.9627172095102,798.8017973040439,1365.2120233629328,1711.9956421929107,1445.5280249200887,1569.7427468651315,34909.60313527579
563798,2940.9374558923537,2839.933615657548,2606.348628106837,1806.9045880626295,2648.008498746644,2099.307940009607,3006.8655755636814,2476.102729471381,2503.378214687562,1697.1886890586077,2903.983193969601,2544.388517063997,2910.035631608357,2881.981660116708,2896.638751864173,2166.5358639061756,3355.124976132241,2320.2768601541607,447.90918726707014,2703.066329089152,2821.937874283745,2607.16834074318,2470.0247458198705,2646.0309535696456,1650.1258369343273,2957.083381969573,2558.516738943068,2742.4329165820236,70208.23769527391
1762,2892.178457932533,3848.575025752547,2801.741981421073,6593.3579662366965,5400.681365032681,7896.549357881174,9930.52144010106,3570.194633191293,4452.244695799171,8841.80558977307,3418.873831198254,5863.156148017037,4201.772146387129,4025.247112063832,4215.89996558449,5350.017133319331,3460.597739609569,4325.939908761994,6930.625363285123,3813.6474271945594,3005.0407134548273,1770.1300839782643,4329.379167027449,3295.0574138791812,2445.510233154471,3151.6283413096767,3305.0335593243344,3037.913904227225,126173.3207048981
186820,2842.564038955873,1402.0830948838275,983.5902700733553,1829.0299503654371,2203.1849367042237,571.8453831745297,280.7214541371324,2003.9156973396289,1270.5317390672358,1272.8915167939558,1235.7375293487664,1216.8814646827811,1981.1464524415999,2524.711206383232,2323.0469198118617,1691.2244243757393,2205.835553413772,1592.7324209532796,981.2972270660239,1976.5408089629277,2466.502951186937,1536.8571271749272,2303.6854409814473,1647.5287069395906,1305.8549788688922,2425.32715977329,2225.9774280459583,2456.1857098007354,48757.43159170696
72293,2813.479724383348,3405.058944717867,2175.820900465301,2072.4089356963223,2464.8458555527063,1364.8043145098777,492.4725510078142,2602.7870551652654,1426.6564019187183,1204.4564890093345,3109.939448861062,3097.5164555561705,2982.60509873076,3405.9783255924735,2093.610186990937,1857.0307404910077,2213.1095371018628,2949.5044832468143,759.0522104831265,3351.313005296053,3112.7482659084053,3018.826499807893,2495.0895725763453,2221.6674987518722,2362.410370862814,3372.112628561794,3081.078513209954,2871.7058486767996,68378.0898631327
186828,2789.5279359118576,2482.2593567586127,1652.5641237932805,1659.4021727105783,2082.820914033922,1397.8442699821837,619.5232091302233,3627.7784175976044,1868.1123451539445,1751.9367112863047,2574.4531861432633,2240.1681508933016,2518.160509147381,2905.7996903656067,2552.4836526327867,1436.988072998994,1823.9514097889635,2300.6134969325153,618.8668923308373,2458.4449418412655,2003.3604756365514,1962.23722487513,3705.037118729806,2596.105841238143,1507.66893014863,2269.6911923012076,2253.123494241641,2216.107407339009,59875.031143943546
31953,2759.588200322494,2410.7245049788257,1381.000480204004,1858.5304334358475,1742.6617195308943,1278.3921232746154,1041.8153966037544,1865.7146147644823,1351.285875024899,1984.6158057540172,3357.0869547308153,1866.8067924110846,1465.903235872539,2167.440752649756,2523.804061030171,917.4616158378193,1323.8650312326674,2202.296680824288,591.5136595206346,3096.9067625582506,1324.80289517901,795.8724408584444,1663.3930483842303,1073.3899151273092,676.6703072320622,1977.8737532910523,1465.8875745668506,2160.704722155534,48326.00935735634
1903410,2754.45567422146,1824.1387203845713,1669.1228825487242,1961.7821241822835,2182.2520631963453,1563.0440473437147,1228.1563618499542,2257.2843487273985,1620.4663282171102,1902.4937724124716,1750.6281665774188,1590.242823164998,1683.6116372397478,2548.5292366321305,1692.095904554319,1492.256845037417,1642.101817586674,1868.0195060563158,622.2860464321127,2089.0666470969554,1594.0717763129549,1975.9591635106206,2570.2840528457696,2870.693959061408,1531.4117479462464,2360.4788399932554,2361.7077590243703,2188.406064747271,53395.048316904016
2159,2749.323148120426,1931.440998054252,1390.9357354572703,1947.0318826470784,2422.9801085369495,1090.3185305861034,365.42189288540516,2740.988137740412,1582.7810647702006,1300.2655279078044,2306.710054784364,1700.8684108634327,2837.4661644859543,2572.347266881029,2122.289778593553,1481.2030906297323,1376.6014129713315,2339.940223375806,359.0111806339112,2470.6760112036595,2617.2935246219463,1728.9642680717932,2362.929576951297,1397.903145282077,1578.8973835414786,2769.023254607473,2110.606646714308,2585.4586418955105,54239.67706281457
5262,2748.467727103587,4399.393384456907,2407.643523041513,1563.5256027317448,1763.594593038773,1077.6108554044472,390.832024509887,3190.1416561096394,1771.2073820047483,1478.1966001478197,4510.441982122997,3221.970241716909,2931.806471745078,4049.06514231273,2724.56120224848,1315.3967745144637,2538.6203071439613,3873.68255466415,1480.493725852224,3040.6438434912366,4125.199258972039,2222.954058949448,2941.69921296444,2071.892161757364,1614.5116102379031,2794.9625825194867,2572.0897720409093,2326.9127777059593,71147.51702950885
1643685,2724.5159386320965,3133.2265079546755,1745.293172823765,2537.041544055284,2464.8458555527063,1097.9431356950972,378.73196183156233,2026.9492111021536,1281.2989571949245,1245.5175056801074,3357.0869547308153,2406.1065324409537,2300.4521077801724,2405.6210551387403,1835.493862567397,1160.64421280688,1571.1804766277812,2851.187667138587,160.7002427599412,2519.600288653237,2638.8350351126624,2030.8469180525826,2707.0012896992675,2296.5551672491265,1341.4692055653165,2444.7816557073006,2456.718990709259,2151.4709412916213,57271.116394554025
1853232,2718.5279915142237,2932.9289229712713,2579.8546140981275,2396.914249470835,2600.909533353917,2089.141799864282,2132.0310439208074,3708.3957157664404,2524.9126509429393,2532.0960280309873,2286.1144292952176,2959.234470933127,2336.736841341374,2381.8030248898417,2609.8428358380174,2420.7722152829206,2635.0005910111745,2772.5342142520058,2136.97131329709,2707.95875683411,2369.566153978717,3059.992315714364,3515.911607749133,1997.00449326011,1816.3255615176408,3365.6277965837908,3128.5841290523986,2225.341188202922,72941.03448896778
75682,2707.407518295317,2746.938308343825,2454.008047556755,3584.308693054849,3359.726198014517,5197.439149297393,5424.458098692951,4710.3535644362555,4312.2708601392205,6035.969450603598,2512.666309675825,3996.3493556059516,3185.799606673488,4573.061807788496,5248.365263278651,4355.1792366277205,4746.274356479756,3126.4747522416233,4444.900331657947,2671.265548746927,2951.1869372280385,3499.0943520500578,3340.45782045381,2970.5441837244134,3335.865900565079,3378.5974605397973,2863.9099836444952,3314.927330144601,105047.80042556138
267889,2683.455729823826,2639.6360306741444,2765.3127121590965,2227.286471815976,2548.577349584221,1552.8779071983895,1039.3953840680895,3282.2757111597375,2514.145432815251,4407.21578932961,3439.4694566873995,2516.7321201393884,2851.980057910435,3239.2521138501847,2265.687736606631,2398.6647064675517,2804.120711759304,2418.593676262388,304.3047150135057,3451.607774067687,3058.8944896816165,3005.1045611724026,2832.3254234816413,2970.5441837244134,2540.4815043449357,4701.503184052501,4119.415545194807,3711.97990729284,78290.84038633798
942,2618.443732544065,2875.701041547442,1791.6576973390074,1497.1495158233217,2056.6548221490734,1222.4783524753282,467.0624193833324,3777.4962570540133,2492.610996559874,1875.119761298623,2595.048811632409,2544.388517063997,3403.508008040697,3644.1586280814577,3814.385683147872,2708.1698298827196,4135.259726680063,2595.563945257197,4393.613020138818,2972.149855061828,3112.7482659084053,5447.609638289698,2112.2813093865498,3869.1962056914626,4166.864523481647,3644.4755716379386,3393.2582744603023,3361.096234464164,82588.1506444813
1268,2611.6003644093535,3662.5844111251,2430.825785299134,4152.192992160247,3961.5463113660276,5329.598971186617,9493.709177413539,3570.194633191293,2734.8734044328635,5871.725383920506,3398.2782057091076,4798.384866419603,3425.278848177418,2215.0768131475525,3355.512217506023,4620.469342412151,3978.8690773860944,3480.415290231241,5009.0607583683795,2991.719566041659,2983.4992029641116,1962.23722487513,3315.3929936973354,1997.00449326011,3620.7797141364736,3404.5367884518114,2741.752685763924,3176.4206171859128,104293.5401402387
135620,2472.1667386646022,2718.3243676319103,10319.41845639251,3023.7995147170536,3092.8320607890646,2256.883112262144,2309.90196529218,3351.376252447311,2686.420922858266,3928.170594837262,3645.425711578861,2655.0141047624315,3512.3622087243016,2858.16362986781,3154.7550762877136,3725.1152353897,3125.9944899573566,3185.4648419065593,1008.6504598762266,4623.344218985066,3155.8312868898365,5104.561172402437,2941.69921296444,3969.0464303544686,4131.250296785222,5531.561677236943,4533.393054678963,5244.787530702321,102265.71462524295
772,2467.8896335804075,2045.8967609019114,1364.4417214485602,1681.5275350133857,2093.287350787861,792.9589313353479,505.7826199539714,2049.982724864678,1372.8203112802762,1409.7615723631984,2347.901305762656,1866.8067924110846,2851.980057910435,2000.7145409074672,4445.336698405415,1370.6655465528868,1176.566861548813,2556.237218813906,198.31093787397,1871.3536124463362,2143.3802938262033,8123.3876722103305,1822.8964913799782,4942.5861208187725,5009.734555297023,2477.2058155973177,1594.831388996342,2446.9519289368227,65031.19700122535
31989,2453.347476294145,7711.457021861051,15644.715272143201,17464.285977682885,15338.56306289805,22629.82796349339,39729.345798011236,15662.789358516644,15160.243123785323,14781.966001478197,2965.770070437039,8850.047015874772,5203.23079267629,5287.602715255448,3900.424457955719,6687.521416649165,2742.2918504105255,4424.256724870222,7354.600471843266,2759.329248156166,3446.6416785144975,7931.280531313464,4071.895037620027,7139.291063404892,8464.314544850184,3514.7789320778697,3454.3369234005877,4515.318842453231,259289.47337392755
4894,2433.6727929068493,1151.7111136545725,559.6860459339969,737.512076760257,800.6824116763569,221.11354816081817,76.23039487344545,1347.4605551076816,683.7183511082159,547.4802222769702,1482.8850352185195,829.6919077382599,515.2432165690607,1452.8998451828033,946.426522886314,563.7414747919131,432.802029441449,983.1681610822715,105.99377713953568,780.3422253207598,1033.9925035543492,1413.3596794555135,679.0289430390419,1023.4648027958063,427.370720357092,927.3309728544933,1045.1235485337731,803.3389351603907,24005.47181358051
2049,2407.154741384841,929.9530731372324,718.6501299862563,1740.5285011542064,1706.0291908921067,2211.1354816081816,3057.6858388126448,1151.6756881262238,952.898804300427,2340.477950234048,762.0381430984058,1161.5686708335638,1342.535141764454,762.1769679647493,803.0285648732362,1061.1604231377187,2844.1276220438076,1160.1384300770803,18224.091359797585,873.2983524749569,1497.1349791047348,1262.418354465119,1200.8330636965607,798.8017973040439,1388.954841160549,791.1495013164209,936.5392837510434,821.8064968882159,54907.991393388416
5129,2405.443899351163,2432.184960512762,1281.6479276713417,1069.3925113023727,1376.3364331430187,818.3742816986603,294.0315230832896,863.7567660946678,613.7314332782411,793.8463223016068,1771.223792066565,1631.7274185519111,2017.4311860028013,476.3606049779683,1864.1734541700125,884.3003526147656,1145.6524308744238,2025.3264118294794,403.46018395049066,1780.8436991646179,2725.001077075525,1070.311213568253,3035.122658147664,1223.1652521218173,759.7701695237191,1977.8737532910523,1771.2808192682778,1892.9250771020702,40404.69561273854
69277,2374.6487427449606,4456.621265880737,5765.759798645493,3960.43985220258,3799.316541679968,12402.690977296466,9335.198356327486,2418.5189450650696,3930.0346166062805,7226.738934056007,3810.1907154920295,4964.323247967255,3156.771819824527,3691.7946885792544,2064.9305953883213,4753.114395304365,3065.9841245306006,3441.0885637879505,12750.02564365576,2304.333467875096,3101.9775106630477,3334.4310884241727,5083.602590335914,3145.2820768846727,3145.923358184149,3378.5974605397973,3651.1459033192855,4293.70810171933,128807.19338298055
186806,2374.6487427449606,2303.422227309145,1556.523323011707,951.3905790207315,1240.2727553418076,716.7128802454106,280.7214541371324,1059.541633076126,484.52481574597977,875.9683556431523,3027.556946904477,1977.4323801095193,1806.9797313478327,809.8130284625462,975.1061144889297,1724.3856875987929,1807.5849464907574,2988.8312096901054,259.85571169692616,1411.4654044203085,2229.546335789066,1289.8622317360996,1690.7364957549296,1073.3899151273092,557.9562182439812,1322.9057235127038,1343.7302766862797,1735.950802415557,39876.81592675228
506,2365.239111559732,3383.5984891839307,2755.37745690583,3628.5594176604645,4055.74424215148,5883.653609106828,6962.376065108017,2430.0357019463318,2691.80453192211,5420.054200542006,2512.666309675825,3360.252226339953,2539.931349284102,2834.345599618912,2093.610186990937,3260.8575502669482,2967.7853447413645,3224.7915683498504,2523.3357267412043,2067.050722244646,1809.4868812201112,2483.6708930237664,6685.47288213607,2546.18072890664,2303.0533263687735,2613.38728713539,2225.9774280459583,2086.8344752442335,89715.13331242143
775,2348.1306912229525,1852.7526610964862,1314.765445182229,1497.1495158233217,1910.1247075939232,762.460510899373,434.3922501518558,2395.485431302545,1410.5055747271856,889.6553612000766,1647.6500391316883,1908.2913877979977,1777.9519444988716,2095.986661903061,1892.853045772628,3117.1587429670485,5470.035733444868,2438.257039484033,194.89178377269462,1851.7839014665053,2024.901986127267,3348.153027059663,2135.0675155287995,2770.8437343984024,2445.510233154471,2451.266487685304,2097.033613616467,1865.2237345103326,56348.28276152005
1570339,2309.6367454651995,2489.4128419365916,2146.0151347055025,1703.6528973161935,2108.98700591877,1402.9273400548464,856.6844376253869,1704.480018426811,1087.4890308965323,807.5333278585312,2615.6444371215553,2350.793738591736,2394.7924150392964,3072.525902107896,2294.367328209246,2000.7295477909074,1894.8727507478563,3008.494572911751,1504.4278045611516,2338.5804620898007,2929.645426737323,2099.4566112300345,2146.4606185999246,3619.570644033949,2421.7674153568546,2509.6299754873353,2511.0111231006235,2133.0033795637964,60462.592933485386
2070,2287.395799027386,5257.811605814353,4242.353993144674,9668.78332632697,7609.099520113875,9728.996119075999,13218.108469801873,2764.021651502937,5049.825301885879,10251.567162136267,3254.1088272850843,10744.510205210465,4666.216735970507,4977.9683220197685,3355.512217506023,4653.630605635204,2996.8812794937307,3126.4747522416233,9597.565562279891,3003.950635404053,2735.7718323208824,2689.4999725561224,5739.845327232707,3519.7204193709435,3347.737309463887,4098.413810098181,3508.629055791953,4025.928456665866,150120.3282753771
2881426,2249.757274286472,2475.105871580634,1712.1756553128778,2160.9103849075527,2998.6341300036106,1878.1943918487889,1162.8160233870012,2556.720027640217,2379.5552062191455,2436.286989132517,2471.475058697533,2281.6527462802146,3062.4315125654034,2500.8931761343338,10697.487667775611,4443.609271889197,2422.236568134496,2575.900582035551,2219.0310117276986,2081.7280054795187,1981.8189651458358,2387.6173225753337,1991.5144168326265,2221.6674987518722,1709.482881428368,2328.0546801032383,2185.258328752435,2391.549243753347,73963.56489238143
126,2210.40790751188,1695.3759871809546,1248.5304101604543,2500.1659402172713,1920.5911443478626,1974.7727232293762,4503.643328872444,2153.6335367960382,2142.6764074099992,3709.1785059264735,1997.7756724471724,3000.71906632004,2169.8270669598473,1976.8965106585686,1376.6203969255478,2011.7833021985916,1983.9790509269783,2162.969954380997,2656.682736690943,1832.2141904866742,1572.5302658222395,2099.4566112300345,1989.2357962184012,2196.704942586121,1994.3966949997625,2211.3277044991764,1974.8763157358958,1902.1588579659826,61169.13102870574
2937909,2198.432013276134,1466.4644614856356,897.4847245450482,944.0154582531289,1360.6367780121097,495.59933208459245,242.0012535664935,817.6897385696188,759.088878002035,465.3581889354247,1730.0325410882729,1548.7582277780853,1298.9934614910123,833.6310587114446,1089.824480899392,375.8276498612754,521.9083296205708,1042.1582507472078,253.01740349437546,1164.3978032999426,1486.364223859377,864.4821340358966,1519.8399496880568,1223.1652521218173,1127.7838453867703,1439.632699116766,1486.2471242136126,1385.0671295868808,30037.90239173098
335929,2195.8657502256174,6087.615886459883,5735.954032885695,21173.971723786977,4474.401712309053,5876.0290039978345,7885.610847464191,8660.601174709202,9162.902626662863,3818.6745503818674,1647.6500391316883,2406.1065324409537,2329.4798946291335,2048.3506014052637,1806.8142709647816,3106.1049885593643,1112.9195042780116,2241.623407267579,1959.1753000307724,1607.162514218618,2143.3802938262033,1372.1938635490421,2228.4909607120235,1472.790813779331,1531.4117479462464,1478.5416909847866,1343.7302766862797,1080.352361077767,107987.90637037101
118883,2184.7452770067107,2589.5616344282935,1828.0869666009835,1342.2719797036677,2088.0541324108913,886.995727679604,340.0117612609233,2579.753541402741,1507.4105378763816,848.5943445293038,2553.857560654117,2378.4501355163447,2525.4174558596214,2715.2554483744193,1003.7857060915453,1989.6757933832225,2063.9928714959856,2615.227308478842,249.59824939310016,2546.5086412505043,2595.7520141312307,3567.7040452275096,2668.264739257443,3145.2820768846727,3632.6511230352817,2412.3574958172835,2253.123494241641,2326.9127777059593,59439.302839698226
3071002,2106.901964474365,972.8739842051048,682.2208607242801,2677.1688386397327,2831.171141940582,1364.8043145098777,421.08218120569865,725.5556835195209,452.2231613629145,301.11412225233363,906.2075215224287,829.6919077382599,1168.368420670687,1071.8113612004288,860.3877480784673,486.3651939381211,547.3672725288914,1042.1582507472078,239.34078708927413,1492.1904622121112,1238.6368532161475,1509.4132499039465,1850.239938750678,1298.0529206190715,1151.5266631843867,1472.056859006783,1323.370727039518,1311.1968826755804,32333.499272956396
1156497,2101.7694383733315,1723.9899278928692,834.5614412743621,1165.269081281206,1229.8063185878682,498.1408671209237,170.6108837643779,3224.6919267534263,1609.6991100894218,1177.0824778954861,1853.6062940231493,1092.4276785220422,957.9169660157186,3239.2521138501847,1806.8142709647816,1215.9129848453028,1745.756085141979,2025.3264118294794,215.40670838034669,2622.3412712973495,1432.510447632588,1536.8571271749272,1547.1833970587566,1747.378931602596,2065.625148392611,3119.204181419659,2918.20211603586,3416.498919647639,48293.84252686823
2975441,2063.275492615578,1909.980542520316,2116.2093689457038,1902.781158041463,2025.2555118872554,3880.924000477809,5236.907127178919,1600.829206495451,1787.358209196281,4366.154772658838,1235.7375293487664,3000.71906632004,2314.966001204653,1524.3539359294987,1290.581622117701,2619.739794621243,1396.6048681135833,2005.6630486078338,2670.359353096044,1100.796242615492,2035.6727413726248,837.0382567649158,1743.1447698821041,1597.6035946080879,1709.482881428368,1381.2692113147348,1065.483098180535,1625.1454320486066,58044.03683759245
170,1987.9984431337493,1909.980542520316,1238.595154907188,2205.1611095131684,3307.3940142448205,1408.010410127509,786.5040740911037,2199.700564321087,1205.9284303011052,1464.5095945908954,2286.1144292952176,1673.2120139388242,2060.9728662762427,2095.986661903061,1749.4550877595502,3769.3302530204382,1289.3136087142325,2103.979864716061,393.2027216466646,2517.154074780758,2563.4397483951575,2085.734672594544,2447.238539677621,2371.4428357463808,1875.6826060116814,2490.1754795533247,2483.8650569049414,2142.2371604277087,56112.32001911336
3120669,1955.4924444938688,1509.385372553508,1000.149028828799,2544.416664822886,1957.22367298665,772.626651044698,603.7931276484012,2994.3567891281814,1895.0303904731654,1355.0135501355014,1112.1637764138898,1341.33525084352,1966.6325590171193,3143.979992854591,2093.610186990937,1481.2030906297323,2069.4483592620545,2084.3165014944157,471.8432659759975,1614.5011558360547,2477.273706432295,933.0918272133488,2096.330965086975,1797.3040439340987,771.6415784225272,1595.2686665888486,2429.5729245135763,2308.4452159781345,48375.45075960377
5809,1906.733446534048,9235.149364770516,4613.270189266613,1983.9074864850913,2218.8845918351326,1494.422601362771,479.1624820616571,1865.7146147644823,963.6660224281153,1286.5785223508801,10483.173373975369,4355.8825156258645,4557.362535286903,4835.060140526378,3527.5897671217162,2111.267091867753,2662.278029841518,2221.960044045934,991.5546893698498,1893.369537298646,4782.215328938865,1317.3061090070805,1779.6026997097038,2371.4428357463808,1044.6839830951137,3274.840148891742,2572.0897720409093,2668.5626696707236,83497.73059391975
34397,1882.781658062557,2160.352523749571,1357.8182179463827,1563.5256027317448,1732.195282776955,1021.69708460516,457.38236924067263,2660.3708395715767,1695.8368551109293,1122.3344556677891,1297.5244058162045,1700.8684108634327,1857.778358333515,3453.6143860902703,2122.289778593553,674.2790188687587,1472.9816968385448,1769.7026899480886,666.7350497486922,1629.178439070928,2089.526517599414,1619.18875898787,1768.209596638579,1822.2666000998502,1436.4404767557812,1374.7843793367313,1343.7302766862797,1431.2360339064435,45184.62976364627
2771471,1872.5166058604896,1845.5991759185074,1791.6576973390074,2352.6635248652196,2590.443096599978,1372.4289196188715,510.62264502530127,1900.264885408269,925.9807589812059,1122.3344556677891,2018.3712979363181,1368.9916477681288,1625.5560635418256,1786.3522686673812,1634.736721349088,784.8165629456045,1100.1900328238512,2162.969954380997,331.6579478237084,2668.8193348744485,1960.2774546551202,1660.354574894341,2162.4109628994993,1747.378931602596,1305.8549788688922,1958.4192573570417,1968.0897991869754,1791.3534875990322,46321.11304445949
2896860,1870.8057638268115,1917.1340276982946,1645.940620291103,1947.0318826470784,2313.082522620586,1481.714926181115,998.2551709617856,1566.278935851664,1598.9318919617333,1478.1966001478197,2059.5625489146105,2171.02715858178,2460.104935449459,1810.1702989162795,1663.4163129517037,1492.256845037417,2447.695511042816,1985.9996853861883,612.0285841282866,2120.867427439181,2972.728447718754,3046.2703770788735,2082.659241401625,2096.8547179231155,2231.824872975925,2593.9327912013796,2103.820130165387,2308.4452159781345,55077.03744447892
403,1863.9623956920998,1774.0643241387204,1536.6528125051746,2957.4234278086305,2883.5033257102787,2810.937750182355,2715.2540650160568,1266.843256938846,1663.5352007278639,3052.202239194109,1791.8194175557112,2323.1373416671277,2365.764628190335,1405.2637846850066,1864.1734541700125,1768.6007052295313,1993.071530537093,1789.3660531697342,1162.5123944336171,1467.7283234873223,1669.4670630304597,1687.798452165322,3224.2481691283365,1697.4538192710934,1175.269480982003,1692.5411462589004,1411.5954421754857,1320.430663539493,54334.620667590716
194924,1827.1792919680245,2417.877990156804,2245.3676872381648,1829.0299503654371,2119.453442672709,2345.8368385337376,2664.433801767093,2579.753541402741,1943.4828720477633,3476.499411458761,3151.1306998393543,3069.8600586315615,2525.4174558596214,2810.527569370013,2409.0856946197086,1757.5469508218466,1647.5573053527426,4876.514078968066,2393.4078708927414,2162.4530632713218,2380.3369092240746,3553.982106592019,2634.0854300440683,2646.0309535696456,1638.2544280355191,1796.2984579069557,1981.6628322848164,1957.5615431494582,68840.62823604477
34064,1810.070871631245,1344.8552134599977,1066.3840638505737,1194.7695643516163,1585.6651682218048,1003.9063393508412,376.31194929589736,1312.9102844638949,834.4594048958542,520.1062111631217,1874.2019195122955,1203.0532662204769,1364.3059819011748,3167.7980231034894,4846.850980842033,4255.69544695856,1216.5737718333166,1238.7918829636621,188.05347557014395,1856.676329211463,1841.7991469561846,3663.757615675943,1487.9392610889072,2521.218172740889,1911.296832708106,1900.0557695550108,1689.8426206812305,1652.8467746403442,48930.196342848074
128827,1789.54076722711,2403.571019800847,1821.4634630988062,1253.7705304924368,1491.467237436351,724.3374853544044,349.6918114035831,1451.1113670390419,979.816849619648,1081.2734389970162,1935.988795979734,1825.3221970241716,1429.6185023113376,2143.6227224008576,5334.404038086497,1105.3754407684569,1887.5987670597647,2084.3165014944157,598.3519677231853,2189.3614158685896,2121.8387833354877,3059.992315714364,1276.0275439659847,1173.2401397903145,3074.694904791301,2068.6614009831005,1391.235892528724,1560.5089660012188,49606.20426629675
2810280,1759.6010316377462,1044.408835984892,811.3791790167409,1106.2681151403854,1198.4070083260503,584.553058356186,245.63127236999088,575.8378440631119,366.085416341407,684.3502778462129,1421.0981587510812,815.8637092759556,1487.6740760092598,476.3606049779683,1290.581622117701,1050.106668730034,1402.060355879652,1199.4651565203712,666.7350497486922,7805.868467080077,2304.94162250657,919.3698885778583,2955.3709366497897,1397.903145282077,664.7988983332542,2373.448503949263,1771.2808192682778,2049.8993517885833,40429.349074529186
2528436,1754.4685055367124,2596.7151196062723,1450.5472669768674,1032.5169074643597,1282.1385023575647,719.2544152817418,336.3817424574259,1508.695151445353,1022.8857221304017,1026.5254167693192,2306.710054784364,1714.6966093257372,1886.8061451824758,1905.4424199118732,1663.4163129517037,1171.6979672145644,1696.6566952473609,1592.7324209532796,523.1305774951277,1998.5567338152375,2391.1076644694326,1289.8622317360996,1506.1682260027071,1647.5287069395906,1080.298209791538,2256.7215283452006,1893.4381171488487,1800.5872684629448,43055.68663980411
681950,1751.0468214693567,2518.0267826485065,1328.0124521865841,1401.2729458444883,1271.6720656036255,803.1250714806729,372.68193049239994,1531.7286652078774,1222.079257492638,944.4033834277737,2533.261935164971,1935.9477847226062,1806.9797313478327,2191.258782898654,2122.289778593553,994.8378966916113,1165.6558860166756,2221.960044045934,765.8905186856772,1837.106618231632,2757.313342811598,1811.2958998847357,1875.3047655071525,1397.903145282077,1009.0697563986894,2191.873208565166,1900.2246336977691,1615.9116511846942,45278.13475558496
39782,1730.5167170652214,1595.2271946892527,1116.0603401169049,1733.1533803866039,2197.951718327254,897.1618678249289,400.5120746525467,1370.494068870206,963.6660224281153,1040.2124223262433,1668.2456646208345,1687.0402124011284,1799.7227846355925,1571.9899964272954,2351.7265114144775,1436.988072998994,1396.6048681135833,1396.0987887368256,235.92163298799875,2152.668207781406,1497.1349791047348,1550.5790658104177,1528.9544321449566,2271.5926110833752,1317.7263877677003,2068.6614009831005,1594.831388996342,1643.6129937764317,42215.055806472476
1890438,1717.685401812637,1144.5576284765937,1122.6838436190824,1010.391545161552,1046.6436753939306,9119.0277103565,1171.2860672618283,702.5221697569965,8452.266230235424,1122.3344556677891,1029.7812744573052,1576.4146247026938,1429.6185023113376,1024.1753007026318,1835.493862567397,895.3541070224502,1882.1432792936962,1887.6828692779613,697.5074366601702,927.1150576694921,721.6406014389729,946.8137658488391,749.666182080016,1098.3524712930605,676.6703072320622,1575.8141706548383,1364.0898263330414,2354.6141202976974,49282.34648758599
2005525,1692.878192324307,2138.892068215635,1629.3818615356593,1084.1427528375775,1203.64022670302,853.9557722072977,441.6522877588506,2119.083266152252,1227.4628665564821,971.7773945416222,2141.945050871195,1797.6658000995628,2402.0493617515367,1762.5342384184828,1433.979580130779,806.9240717609736,871.0595466489666,2811.8609406952964,222.2450165828974,1479.9593928497168,2294.1708672612126,960.5357044843296,1066.3944474572872,1347.9780329505743,783.5129873213352,1303.4512275786935,1757.7077861704365,1431.2360339064435,40038.07677577241
1706371,1672.3480879201722,1445.0040059516996,1400.8709907105365,1194.7695643516163,1245.5059737187773,968.3248488422037,1116.8357852093675,3777.4962570540133,1749.6729457493714,1806.6847335140017,1833.0106685340036,1700.8684108634327,1269.965674642051,2000.7145409074672,1061.1448892967765,1149.5904583991953,1658.4682808848802,1730.3759635047977,280.3706363045783,1570.469306131435,1852.5699022015424,1674.0765135298316,1228.1765110672602,1472.790813779331,1305.8549788688922,2049.2069050490904,1533.7527400560566,1745.1845832794695,43494.104970321845
85021,1661.2276147012656,822.6507954675518,702.0913712308126,678.5111106194364,570.4208030896922,1258.0598429839654,2148.9711316704625,230.33513762524473,742.9380508105023,1751.9367112863047,679.6556411418215,1382.819846230433,1037.7433798503616,571.632725973562,0.0,961.6766334685576,401.8875987670598,1592.7324209532796,994.9738434711253,322.90023116721096,463.1424755503856,274.4387727098084,710.9296316381915,499.2511233150275,379.88508476185956,382.60508670220355,447.9100922287599,378.58501542041404,22049.912172835302
89373,1660.3721936844265,1495.0784021975505,1308.1419416800518,944.0154582531289,1135.6083878024144,808.2081415533354,701.8036353428311,1692.9632615455487,1222.079257492638,1313.9525334647285,1606.4587881533962,1451.960838541955,1516.701862858221,2119.804692151959,630.9510152575427,1226.9667392529873,1751.2115729080476,1474.7522416234071,1405.2723356241665,2111.0825719492655,1152.470811253285,1344.7499862780612,1533.5116733734067,1597.6035946080879,1139.6552542855786,1556.359674720828,1940.943732991293,1809.8210493268573,39652.50164817499
5148,1645.8300363981643,2403.571019800847,1182.2953751386794,1283.2710135628472,722.184136021812,493.05779704826125,331.5417173860961,1094.0919037199124,742.9380508105023,396.9231611508034,2450.8794332083867,1756.18120471265,1487.6740760092598,928.9031797070382,1433.979580130779,795.870317353289,1300.22458424637,1809.0294163913798,567.5795808117073,1636.5170806883646,2660.376545603378,960.5357044843296,1351.2220242354088,1198.202695956066,807.2558051189516,1517.4506828528074,1750.9212696215159,1431.2360339064435,36139.74342607605
2058185,1608.19151165725,2174.659494105528,1308.1419416800518,951.3905790207315,1004.7779283781732,683.6729247731045,212.96110313851426,1220.776229413797,602.9642151505526,492.7322000492732,2224.3275528277795,1507.2736323911722,1828.7505714845536,1309.991663689413,688.3101984627739,1160.64421280688,1160.200398250607,2025.3264118294794,707.7648989639963,1516.6526009369,2014.1312308819092,1234.974477194138,1228.1765110672602,1422.8657014478283,1472.0547034522058,1433.1478671387624,1303.011177392756,1301.9631018116677,35799.83503939706
119045,1586.8059862362757,2568.1011788943574,2911.0297892070007,2168.285505675155,2030.4887302642253,7426.3653761598935,5083.236331164196,1220.776229413797,2250.348588686884,5228.436122745066,1853.6062940231493,2627.357707837823,1872.2922517579952,2072.1686316541623,1462.6591717333945,2885.029900405673,2438.603031432702,1612.3957841749252,2379.7312544876395,658.0315316968163,1755.6331049933221,1399.637740820023,1276.0275439659847,1347.9780329505743,1661.9972458331354,1245.0877397766624,1126.5617471208204,1717.483240687732,63866.155793799364
3079761,1586.8059862362757,772.5763992217009,529.8802801741981,567.8842991053979,758.8166646605996,1474.090321072121,474.3224569903272,506.7373027755384,1965.0173083031402,602.2282445046673,865.0162705441364,1120.0840754466508,667.6390975261069,547.8146957246635,1462.6591717333945,309.505123415168,260.044916849274,963.5047978606261,403.46018395049066,853.7286414951259,732.4113566843307,713.540809045502,647.1282544398923,923.6145781328007,534.213400446365,817.0888292284347,950.1123168488846,1006.4821141664665,23016.407896582277
1655514,1578.2517760678863,2410.7245049788257,1675.7463860509017,1829.0299503654371,1967.6901097405892,1067.4447152591222,546.9228330602753,4814.004376367615,1862.7287360901,1724.5627001724563,2327.30568027351,2046.5733724210409,2931.806471745078,3596.5225675836605,3871.744866353103,7980.810682348259,1542.0845418754147,3342.7717476797234,311.14302321605635,1895.815751171125,2983.4992029641116,4226.35709973105,1517.561329073832,2920.619071392911,1946.91105940453,1686.056314280897,1696.6291372301512,1883.6912962381577,68185.00930313583
85026,1550.8783035290394,736.8089733318072,629.2328327068602,921.8900959503212,868.7142505769623,1402.9273400548464,2065.480699190022,656.4551422319474,710.636396427437,1779.3107224001533,679.6556411418215,1327.5070523812158,907.1183390300365,976.5392402048351,516.2326488470803,519.5264571611748,265.50040461534263,648.8909863142992,1586.48750299176,628.6769652270698,678.5575804575417,507.71172951314566,961.5778992029385,374.4383424862706,273.04240467258654,551.2107181302932,610.7864894028544,480.15660492345194,23815.951763103116
49,1516.6614628554807,1108.7902025867002,1152.489609378881,2647.6683555693226,2402.0472350290706,2739.7747691650807,5901.200568218944,2556.720027640217,2794.09310413515,4448.276806000383,1668.2456646208345,2419.934730903258,2271.4243209312117,2215.0768131475525,2064.9305953883213,1757.5469508218466,1414.7898273338121,1415.7621519584711,1477.0745717509487,1438.373757017576,1723.3208392572487,3156.0458861627967,1927.713039634327,3919.1213180229656,2647.3241844342087,1783.3287939509487,1784.8538523661189,1578.976527729044,63931.56596601073
1643950,1507.2518316702522,779.7298843996796,546.4390389296418,545.7589368025901,654.1522971212066,635.3837590828108,240.791247298661,2280.317862489923,1114.4070762157535,862.2813500862281,494.29501173950655,636.0971292659992,820.0349784831529,2048.3506014052637,1261.9020305150855,431.0964218996982,649.2030441621735,707.8810759792356,126.50870174718773,672.7088149316894,721.6406014389729,795.8724408584444,742.8303202373411,773.8392411382926,403.6279025594758,577.150046042307,651.505588696378,554.0268518347523,22235.084087031704
2932623,1504.6855686197355,629.5066956621266,586.1800599427066,531.0086952673851,481.456090681208,182.99052261584953,107.6905578370896,656.4551422319474,452.2231613629145,232.67909446771236,762.0381430984058,525.4715415675646,522.500163281301,428.72454448017146,372.8346908340025,541.6339659765439,674.6619870704941,648.8909863142992,51.287311519130164,613.9996819921967,376.97643358752316,754.7066249519733,612.9489452265177,848.7269096355467,368.01367586305145,570.6652140643035,447.9100922287599,360.1174536925889,14846.983954073048
2691357,1473.8904120135328,1545.1527984434017,1082.9428226060174,2293.662558724399,1590.8983865987743,2676.236393256799,6374.313018941438,1900.264885408269,2885.614458220502,4379.841778215761,1688.8412901099807,3968.692958681343,2075.4867597007233,1905.4424199118732,1433.979580130779,1635.9556523373165,1325.6835271546904,1887.6828692779613,5074.0246862926115,1709.9034968627307,2154.151049071561,1001.7015203908007,1651.9999453131052,1248.1278082875688,1092.1696186903462,1588.7838346108451,1540.539256604977,1495.872499953831,60681.856285811926
28983,1410.5892567674496,1123.0971729426576,675.5973572221026,1688.9026557809884,1637.9973519915013,706.5467401000857,268.6213914588078,1117.125417482437,619.1150423420853,629.6022556185158,2224.3275528277795,871.1765031251728,1734.4102642254297,976.5392402048351,946.426522886314,1027.999159914665,1207.4812922232022,1317.445335850244,304.3047150135057,1379.664624078083,1378.656671405799,1331.028047642571,1613.2633948712805,1547.678482276585,712.2845339284866,1420.1782031827556,1398.0224090776444,1745.1845832794695,33013.26617772045
1240483,1393.4808364306703,1123.0971729426576,791.5086685102085,885.0144921123083,1093.7426407866574,1453.7580407814712,730.8437857708103,898.3070367384545,473.75759761829136,725.4112945169855,1173.950652881328,954.1456938989988,1066.771166699323,905.0851494581398,946.426522886314,1127.4829495838262,1862.1398241514444,1179.801793298726,13625.329093582248,4706.515490649347,1120.1585455172117,1825.0178385202262,838.53238603479,1447.8282576135798,1270.2407521724679,2418.8423277952866,2422.7864079646556,1634.3792129125193,50094.35563182895
1890450,1387.4928893127976,1287.6273320361681,612.6740739514166,2286.2874379567966,1575.1987314678654,2361.086048751725,4729.914500957115,644.9383853506853,2196.5124980484416,1532.9446223755167,1070.9725254355974,2378.4501355163447,979.6878061524394,738.3589377158509,3814.385683147872,1425.9343185913096,1194.7518207690418,2713.5441245870693,9330.871542380415,1409.0191905478296,1184.7830769893585,768.4285635874636,979.8068641167382,998.502246630055,617.3132627380218,1420.1782031827556,1316.5842104905973,1394.300910450793,52350.54994323808
549779,1376.372416093891,1552.3062836213803,1089.5663261081947,1017.7666659291546,1261.2056288496863,660.7991094461232,232.32120342383374,4756.420591961304,1588.164673834045,1437.1355834770468,1359.311282283643,1424.3044416173461,1015.9725397136409,2667.6193878766226,2638.5224274406332,397.9351586766445,420.0725579872887,1592.7324209532796,352.1728724313605,902.6529189447033,1130.9293007625695,3581.425983863,2476.860607662545,1672.491263105342,1163.3980720831948,1173.7545880186244,997.6179326913289,941.8456481190789,40881.67788697551
204434,1375.5169950770521,1487.924917019572,880.9259657896044,1408.6480666120908,1439.1350536666546,874.2880524979477,1091.4256535848854,1186.2259587700105,974.4332405558038,1245.5175056801074,1153.355027392182,1451.960838541955,1429.6185023113376,1333.8096939383113,659.6306068601583,685.3327732764434,525.5453214646167,688.21771275759,1001.8121516736759,1159.5053755549848,1475.5934686140192,2168.0663044074868,1312.4854737935843,1372.9405891163256,2291.1819174699654,1348.8450514247177,1282.6516277459941,1338.898225267318,34643.49207086439
143786,1359.2639957571118,758.2694288657434,599.4270669470617,715.3867144574492,947.2125262315071,358.3564401227053,130.68067692590648,1612.3459633767131,995.9676768111806,848.5943445293038,1935.988795979734,677.5817246529123,1168.368420670687,1738.7162081695844,889.067339681083,983.7841422839267,1011.0837326447295,1474.7522416234071,129.92785584846308,1409.0191905478296,797.0358881564774,727.2627476809923,797.5172149787405,574.1387918122816,664.7988983332542,1990.8434172470593,1744.1347530725955,2123.7695986998838,29163.295796108323
3120697,1350.709785588722,1144.5576284765937,539.8155354274643,885.0144921123083,1946.7572362327107,848.8727021346352,221.43114701334153,368.5362202003916,296.09849851143207,437.98417782157617,720.8468921201137,774.3791138890426,645.868257389386,547.8146957246635,831.7081564758519,475.31143953043653,591.0111746574408,471.92071731949034,536.8071939002291,2040.1423696473782,1497.1349791047348,1166.364784016686,694.9792873386167,424.36345481777334,795.3843962201433,823.5736612064381,841.528052066155,821.8064968882159,22740.72254583197
2066474,1333.6013652519428,543.664873526382,553.0625424318193,1113.643235907988,1235.0395369648381,650.6329693007983,452.5423441693428,564.3210871818496,500.67564293751246,725.4112945169855,453.10376076121435,497.8151446429559,457.1876428711384,595.4507562224604,774.3489732706207,364.7738954535908,343.6957292623271,629.2276230926537,324.81963962115776,728.9717339987035,484.6839860411012,1509.4132499039465,1175.7682369400861,3070.3944083874185,771.6415784225272,603.0893739543209,746.5168203812665,849.5078394799534,22053.005284896906
1706373,1295.1074194941896,1509.385372553508,1337.9477074398503,2330.538162562412,2375.8811431442223,1654.5393086516394,2478.0928365208933,4744.903835080042,3456.2770189879893,4010.2926281788073,1627.0544136425422,2226.339952430997,1545.7296497071823,4072.883172561629,2237.008145004015,1414.880564183625,1998.5270183031614,1651.7225106182161,468.4241118747222,1411.4654044203085,1130.9293007625695,1866.1836544266976,3964.7998687514523,1572.6410384423364,1472.0547034522058,2075.146232961104,1886.651600599928,1772.8859258712073,59588.29270062744
3056371,1292.5411564436727,0.0,52.988028017419815,191.7531399576668,109.8975859163627,66.07991094461234,143.9907458720636,0.0,129.20661753226128,0.0,0.0,0.0,87.08336054688351,0.0,0.0,143.6988072998994,29.09593475236632,0.0,44.44900331657948,112.52583813402805,0.0,0.0,180.01102852377286,0.0,154.32831568450544,220.4842872521173,298.6067281525066,0.0,3256.740488346718
3141702,1291.6857354268336,486.4369921025524,470.26874865460087,472.00772912656447,570.4208030896922,648.0914342644671,358.1618552784103,1082.5751468386502,829.0757958320098,739.0983000739099,679.6556411418215,318.0485646329996,478.9584830078593,1452.8998451828033,1261.9020305150855,596.9027380149668,614.6516216437385,511.24744376278124,112.83208534208636,3104.2454041756873,409.2886993235966,301.8826499807893,786.1241119076155,873.689465801298,534.213400446365,3910.3536827360804,1296.2246608438354,2954.8098764520123,27145.75294559911
2146,1282.276104241605,1087.329747052764,731.8971369906111,700.6364729222441,816.3820668072658,556.5961729565423,204.491059263687,932.8573073822412,511.4428610652009,437.98417782157617,741.4425176092598,691.4099231152165,805.5210850586725,1095.629391449327,946.426522886314,751.6552997225508,809.2306853001882,1238.7918829636621,99.155468936985,934.4536992869287,1357.1151609150834,727.2627476809923,1346.664783006959,1522.7159261108336,724.1559428272948,1290.4815636226865,1085.8426478272966,1209.6252931725423,24639.473647996532
1471398,1280.5652622079272,1881.3666018084011,1496.9117914921098,1644.651931175373,1444.368272043624,808.2081415533354,492.4725510078142,1854.1978578832202,1318.9842206418339,1751.9367112863047,1709.436915599127,1991.2605785718235,1995.6603458660804,2286.530903894248,2122.289778593553,1171.6979672145644,1865.77681599549,1848.3561428346704,307.723869114781,1883.5846818087305,1852.5699022015424,1317.3061090070805,2652.3143949578684,1672.491263105342,949.7127119046488,1510.9658508748037,1398.0224090776444,1735.950802415557,44245.3147841375
27994,1270.3002100058598,1960.054938766167,1215.412892649567,1357.0222212388728,1622.2976968605922,808.2081415533354,286.77148547629474,1117.125417482437,732.170832682814,574.8542333908188,1833.0106685340036,1244.53786160739,3512.3622087243016,1691.0801476717875,1089.824480899392,674.2790188687587,800.1382056900737,1258.4552461853075,317.981331418607,1431.0351154001396,1583.3010210675973,480.2678522421648,998.035829030538,998.502246630055,356.1422669642433,1290.4815636226865,1045.1235485337731,1006.4821141664665,32555.25879736404
2815910,1263.4568418711478,2045.8967609019114,1390.9357354572703,1681.5275350133857,1889.1918340860445,3311.62015233961,1430.2274085779763,2142.116779914776,4769.8776305659785,2929.019189181791,2203.7319273386333,2240.1681508933016,1661.840797103027,2572.347266881029,4129.861190776643,1326.4505289221484,1356.5979578290794,3087.1480257983326,1059.9377713953568,1470.1745373598012,2520.3567274137263,2524.836708930238,1777.3240790954787,1772.3414877683474,1982.5252861009542,1459.0871950507762,1601.6179055452628,1892.9250771020702,59493.14248921411
433,1242.9267374670128,2432.184960512762,2271.8617012468744,1593.0260858021552,1585.6651682218048,3819.927159605859,2411.5424917901073,1024.991362432339,1399.7383565994971,1943.5547890832445,2121.349425382049,2212.511753968693,1676.3546905275075,1500.5359056806003,917.7469312836985,1503.3105994451016,1291.1321046362552,1927.0095957212523,1227.4763223578486,1719.6883523526462,1561.7595105768817,3306.9872111531918,1845.682697522228,2745.881178232651,1935.039650505722,2204.842872521173,1676.2695875833892,2179.172283883359,53278.16948609591
2898533,1231.8062642481063,114.45576284765937,202.01685681641305,177.00289842246167,125.59724104727165,71.16298101727482,50.82026324896363,0.0,91.52135408535175,191.6180777969396,370.7212588046299,0.0,203.1945079427282,0.0,0.0,143.6988072998994,321.87377819805243,235.96035865974517,61.5447738229562,479.4579190058587,290.8103916246607,0.0,141.2744780819483,0.0,0.0,324.24159890017245,217.16852956545932,369.35123455650154,5415.299335993056
1890426,1220.6857910292,2668.2499713860593,2278.485204749052,5066.707967342965,3809.782978433907,5799.782952907897,3858.7099881177382,1946.331912933318,7892.370887595626,7171.99091182831,1647.6500391316883,3913.3801648321255,7917.328863054159,3667.9766583303563,4990.248938855111,13120.806481921585,2409.5070966803355,4207.959729432122,11926.009505248401,1345.4176298633788,2434.190685450864,5406.443822383226,2130.51027430035,3469.7953070394406,1970.653877202146,1848.1771137309834,1567.6853228006596,3074.8490276828747,118761.6891042639
191412,1207.8544757766153,350.52077372095687,268.2518918381878,228.62874379567964,256.427700471513,254.15350363312433,248.05128490565582,541.2875734193251,371.46902540525116,383.2361555938792,0.0,262.7357707837823,370.1042823242549,381.08848398237467,458.87346564184924,442.1501763073828,383.7026395468308,1101.148340412144,109.41293124081103,398.73286121405596,107.70755245357805,823.3163181294253,364.57929827599565,1073.3899151273092,557.9562182439812,408.5444146142174,359.68537709279207,332.41611110085137,12045.425285051824
85015,1195.87858154087,1166.01808401053,1424.0532529681575,4388.196856723528,4971.55745812117,5868.404398888841,7586.739299309571,1658.412990901762,2637.9684412836677,5707.481317237414,926.8031470115747,3457.049615576083,1857.778358333515,2072.1686316541623,1806.8142709647816,2796.599865144196,1494.8036479028196,1789.3660531697342,2783.1914384381303,1205.9834391320833,861.6604196286244,754.7066249519733,1772.766837867029,1997.00449326011,1210.8837076784273,1491.5113549407934,1241.9325284524707,1505.1062808177437,67630.84139590975
32594,1181.3364242546074,2718.3243676319103,1586.3290887715057,685.8862313870391,811.1488484302961,582.0115233198547,157.30081481822077,575.8378440631119,328.4001528944974,396.9231611508034,3027.556946904477,1368.9916477681288,2271.4243209312117,1024.1753007026318,917.7469312836985,375.8276498612754,378.2471517807621,1514.078968066698,177.7960132663179,716.7406646363092,1055.5340140450649,452.82397497118393,761.0592851511409,773.8392411382926,546.0848093451731,875.4523170304658,1017.9774823380907,1015.7158950303792,27294.57107097314
2024974,1177.059319170413,958.5670138491473,599.4270669470617,110.62681151403854,470.9896539272687,277.0273189601055,108.90056410492207,932.8573073822412,516.8264701290451,602.2282445046673,1276.9287803270586,746.7227169644339,798.2641383464321,1000.3572704537336,975.1061144889297,210.02133374600683,4497.140415162618,648.8909863142992,68.3830820255069,545.5056935627882,937.055706346129,1111.477029474724,663.0785987394671,948.5771342985521,557.9562182439812,778.179837360414,889.0336679085992,664.8322222017027,23072.020716454288
28556,1159.9508988336336,1423.5435504177635,715.3383782351675,1180.0193228164112,1240.2727553418076,396.47946566767394,162.14083988955065,1105.6086606011747,759.088878002035,465.3581889354247,1235.7375293487664,857.3483046628686,878.0905521810754,1167.0834821960225,803.0285648732362,851.1390893917119,1185.6593411589274,1140.475066855435,413.71764625431666,1076.334103890703,1033.9925035543492,617.487238597069,1526.6758115307318,424.36345481777334,308.6566313690109,1102.4214362605865,1017.9774823380907,1015.7158950303792,25263.705073051693
2609812,1158.2400567999555,1423.5435504177635,847.808448278717,752.2623182954621,1266.438847226656,668.423714555117,174.2409025678753,1301.3935275826327,872.1446683427637,520.1062111631217,1112.1637764138898,1092.4276785220422,849.0627653321142,1476.7178754317017,1433.979580130779,431.0964218996982,729.2168647311809,1179.801793298726,468.4241118747222,1330.740346628506,775.4943776657619,864.4821340358966,1155.2606514120612,823.7643534697953,557.9562182439812,894.9068129644761,1187.6403960611058,1292.7293209477552,26640.46772429426
1937968,1141.1316364631764,987.1809545610622,625.9210809557716,649.0106275490261,858.247813823023,437.14402624897383,220.22114074550908,1324.427041345157,995.9676768111806,848.5943445293038,762.0381430984058,636.0971292659992,587.8126836914637,1333.8096939383113,860.3877480784673,453.2039307150674,843.7821078186232,609.5642598710083,307.723869114781,912.4377744346189,646.2453147214683,974.2576431198199,1155.2606514120612,1223.1652521218173,949.7127119046488,914.3613088984865,950.1123168488846,886.4429629356036,23094.26184502172
539738,1139.4207944294983,872.7251917134028,821.314434270007,236.00386456328224,408.1910334036329,371.06411530436156,519.0926889001286,610.3881147068985,500.67564293751246,547.4802222769702,803.2293940766981,829.6919077382599,878.0905521810754,666.9048469691556,831.7081564758519,276.3438601921142,312.78129858793795,747.2078024225264,345.3345642288098,758.32630046845,1044.763258799707,356.770404522751,685.8648048817169,474.28856714927605,605.4418538392136,2023.2675771370764,895.8201844575198,738.7024691130031,19300.893905746838
338190,1134.2882683284645,1137.404143298615,619.297577453594,3628.5594176604645,1240.2727553418076,635.3837590828108,335.17173618959345,921.3405505009789,629.8822604697737,2066.7378390955623,1421.0981587510812,1521.1018308534765,1806.9797313478327,976.5392402048351,487.55305724446487,1525.4181082604707,1600.2764113801475,1101.148340412144,133.34700994973844,1291.6009246688438,1518.6764895954504,1070.311213568253,988.9213465736381,848.7269096355467,795.3843962201433,1660.116986368883,1662.6965544855482,1800.5872684629448,34558.82228540511
2259,1133.4328473116257,872.7251917134028,655.7268467155702,708.0115936898467,826.8485035612051,564.220778065536,235.95122222733113,817.6897385696188,543.7445154482662,739.0983000739099,1112.1637764138898,774.3791138890426,1045.000326562602,1143.265451947124,688.3101984627739,641.1177556457051,976.5323101262945,865.1879817523989,174.37685916504256,1342.9714159909,1249.4076084615053,576.3214226905977,1638.3282216277555,773.8392411382926,771.6415784225272,1154.300092084614,1045.1235485337731,1237.32663576428,24307.04307605543
972,1112.9027429074906,565.1253290603181,360.98094086867246,368.7560383801285,476.22287230423836,228.7381532698119,78.65040740911039,437.63676148796503,328.4001528944974,314.8011278092579,762.0381430984058,580.7843354167819,1567.500489843903,523.9966654757652,458.87346564184924,154.752561707584,147.29816968385447,1002.8315243039169,37.61069511402879,821.9278611529006,1550.9887553315239,246.99489543882757,510.41101758639394,649.0264603095358,296.78522247020277,654.9680297783484,325.752794348189,433.98770060388927,14998.743313697392
213483,1093.2280595201944,2317.729197665102,1288.2714311735194,995.6413036263469,926.2796527236285,800.5835364443417,477.9524757938246,955.8908211447656,769.8560961297234,807.5333278585312,2553.857560654117,1797.6658000995628,1792.465837923352,905.0851494581398,1261.9020305150855,840.0853349840273,1240.2142188196142,2025.3264118294794,629.1243546346634,1636.5170806883646,1615.6132868036707,1221.2525385586475,1446.9240900328577,1048.4273589615577,641.0560805356379,1296.9663956006898,1669.4830710344686,1237.32663576428,35292.259138978196
1644056,1089.8063754528384,1273.3203616802107,1049.82530509513,1076.7676320699752,1198.4070083260503,1245.3521678023094,1748.4590570179153,380.0529770816538,710.636396427437,1204.4564890093345,885.6118960332825,1617.8992200896068,1269.965674642051,547.8146957246635,573.5918320523115,873.246598207081,671.0249952264483,1356.7720622935346,731.6989776729238,795.019508555633,980.1387273275601,521.433668148636,1378.5654716061085,1098.3524712930605,629.1846716368299,888.4219809864726,787.2359196747901,904.9105246634286,27487.97266579728
3141701,1037.625693425662,1166.01808401053,566.3095494361743,118.00193228164112,109.8975859163627,91.49526130792476,70.1803635342831,230.33513762524473,183.0427081707035,136.87005556924254,1194.546278370474,497.8151446429559,711.1807777995485,0.0,0.0,187.9138249306377,134.56869822969423,1061.8216139688534,0.0,344.91615601952077,1217.095342725432,0.0,241.5337851078471,0.0,0.0,220.4842872521173,128.94381442949148,184.67561727825077,9835.27171203259
1046,1023.9389571562384,1738.2968982488267,1371.0652249507375,1430.7734289148984,1475.767582305442,1873.1113217761263,2423.642554468432,771.6227110445698,1060.5709855773111,3189.0722947633517,1173.950652881328,2281.6527462802146,1269.965674642051,1024.1753007026318,2380.406103017093,1569.633125891209,518.271337776525,1789.3660531697342,622.2860464321127,777.8960114482809,1432.510447632588,754.7066249519733,1057.2799650003872,1048.4273589615577,1032.8125741963056,1069.9972763705694,658.2921052452987,923.3780863912538,37742.86945019705
1843491,1023.0835361393993,1273.3203616802107,861.055455283072,1017.7666659291546,1078.0429856557485,457.4763065396238,346.06179260008565,518.2540596568007,296.09849851143207,574.8542333908188,967.994397989867,995.6302892859118,1182.8823140951674,595.4507562224604,487.55305724446487,563.7414747919131,591.0111746574408,786.5345288658173,215.40670838034669,1122.8121674678018,1475.5934686140192,617.487238597069,772.4523882222658,723.9141288067899,676.6703072320622,940.3006368105002,753.3033369301871,831.0402777521284,21745.79254735257
1843490,1016.2401680046877,1416.3900652397847,976.9667665711778,855.514009041898,947.2125262315071,566.7623131018673,227.48117835250386,1646.8962340204998,952.898804300427,711.7242889600614,885.6118960332825,1230.7096631450854,994.20169957692,1619.6260569250924,573.5918320523115,972.7303878762422,1076.5495858375539,1199.4651565203712,820.5969843060826,1367.4335547156888,1098.617035026496,1166.364784016686,792.9599737502906,973.5396904643035,854.741440714184,1854.6619457089867,1832.3594682085632,1745.1845832794695,30377.03209198202
2790998,1006.8305368194591,1022.9483804509557,516.6332731698432,575.2594198730004,753.58344628363,269.4027138511118,91.96047635526752,518.2540596568007,231.49518974530147,410.6101667077277,762.0381430984058,663.7535261906079,1153.8545272462065,619.2687864713588,544.912240449696,508.47270275349024,429.16503759740317,1396.0987887368256,133.34700994973844,1020.0711848236891,1120.1585455172117,439.10203633569347,653.9641162825671,599.101347978033,356.1422669642433,823.5736612064381,739.7303038323458,784.8713734325657,18144.60326177961
4777,984.5895903816461,894.1856472473389,536.5037836763756,523.6335744997824,936.7460894775678,378.6887204133552,193.60100285319479,932.8573073822412,565.2789517036431,520.1062111631217,803.2293940766981,912.6610985120858,725.6946712240292,1357.6277241872097,1147.183664104623,508.47270275349024,778.316254625799,1002.8315243039169,256.4365575956508,797.4657224281119,829.348153892551,754.7066249519733,1011.7075527158879,549.1762356465302,629.1846716368299,687.3921896683656,936.5392837510434,590.9619752904025,20745.12688016347
135616,975.1799591964175,1337.701728282019,1073.0075673527513,1755.2787426894115,1993.8562016254377,1138.607696276397,796.1841242337634,1209.2594725325348,1087.4890308965323,1313.9525334647285,1132.7594019030357,1189.2250677581724,1153.8545272462065,1286.1736334405145,1061.1448892967765,873.246598207081,1605.7318991462162,1533.7423312883436,512.8731151913016,1722.1345662251251,915.5141958554134,1948.5152862396399,1597.3130505717058,1098.3524712930605,1436.4404767557812,1472.056859006783,1486.2471242136126,1911.3926388298953,36617.23518901865
93133,970.0474330953837,1115.9436877646788,662.3503502177476,626.8852652462184,743.1170095296907,673.5067846277794,250.47129744132076,1209.2594725325348,705.2527873635928,711.7242889600614,720.8468921201137,857.3483046628686,653.1252041016263,1429.081814933905,1147.183664104623,630.0640012380205,1011.0837326447295,1022.4948875255625,574.4178890142579,1132.5970229577172,840.1189091379088,1481.9693726329656,1371.7296097634337,1547.678482276585,854.741440714184,1063.5124443925658,848.3145686150756,914.1443055273412,25769.01092314249
28568,968.3365910617057,972.8739842051048,582.868308191618,929.2652167179237,1083.276204032718,665.8821795187857,249.26129117348827,1312.9102844638949,861.3774502150752,629.6022556185158,1173.950652881328,815.8637092759556,406.3890158854564,1571.9899964272954,946.426522886314,431.0964218996982,727.398368809158,865.1879817523989,389.78356754538925,1117.919739722844,592.3915384946793,1564.3010044459081,2912.077144979515,973.5396904643035,712.2845339284866,1115.3911002165933,766.8763700280283,1301.9631018116677,26640.484226653847
76892,967.4811700448669,2138.892068215635,3007.0705899885747,2662.4185971045276,2464.8458555527063,6567.326533879933,5725.749659383236,2430.0357019463318,2686.420922858266,4284.032739317292,2080.1581744037567,2627.357707837823,1865.035305045755,3501.2504465880675,2064.9305953883213,6919.650259210541,5824.6424382393325,1553.405694509989,2489.144185728451,1296.4933524138016,1464.8227133686614,1632.9106976233602,2116.8385506149993,5866.200698951573,4060.0218433923737,1861.14677768699,1472.6740911157713,3471.901604831114,85102.85897524204
35718,945.2402236070538,1330.5482431040402,615.9858257025054,988.2661828587442,1098.975859163627,579.4699882835234,314.60162963644154,506.7373027755384,570.6625607674873,547.4802222769702,988.5900234790131,926.4892969743902,1197.3962075196482,666.9048469691556,1577.3775381438568,630.0640012380205,829.2341404424401,865.1879817523989,201.73009197524533,1005.393901588816,1260.1783637068631,535.1556067841265,925.119969375339,698.9515726410385,641.0560805356379,1044.0579484585555,1370.876342881962,960.3132098469039,23822.045162489343
2762301,938.3968554723422,1216.092480256381,1049.82530509513,523.6335744997824,779.7495381684782,698.9221349910919,396.88205584904927,840.7232523321433,742.9380508105023,506.41920560619747,1338.715656794497,1037.1148846728247,1306.2504082032526,905.0851494581398,860.3877480784673,917.4616158378193,1072.912593993508,1927.0095957212523,164.11939686121653,1108.1348842329285,1529.4472448408083,672.3749931390306,954.7420373602636,549.1762356465302,522.3419915475569,1186.7242519746314,644.7190721474575,821.8064968882159,25212.1067104795
543314,938.3968554723422,293.29289229712714,480.20400390786705,796.5130429010776,847.7813770690836,315.1503445050742,127.05065812240908,863.7567660946678,581.4297788951758,369.5491500369549,720.8468921201137,193.59477847226066,478.9584830078593,690.7228772180541,630.9510152575427,674.2790188687587,1043.8166592411417,943.8414346389807,95.73631483570965,694.7247397839993,527.7670070225324,727.2627476809923,827.1392829636651,574.1387918122816,759.7701695237191,823.5736612064381,800.8089527726314,766.4038117047406,17587.4615074332
31977,938.3968554723422,1402.0830948838275,923.9787385537579,759.6374390630647,915.8132159696892,589.6361284288485,748.9938797882974,1163.192445007486,527.5936882567336,629.6022556185158,1297.5244058162045,843.5201062005642,1400.5907154623765,1047.9933309515304,716.9897900653895,928.5153702455038,972.8953182822487,1042.1582507472078,369.2686429377372,858.6210692400837,1507.9057343500926,1180.0867226521764,1150.7034101836114,1347.9780329505743,1092.1696186903462,687.3921896683656,726.1572707345047,498.624166651277,26268.02188687235
118968,932.4089083544693,550.8183587043607,364.2926926197612,641.6355067814236,722.184136021812,332.94108975939287,244.4212661021584,1036.5081193136014,769.8560961297234,369.5491500369549,762.0381430984058,539.2997400298689,1008.7155930014006,857.4490889603429,1089.824480899392,530.5802115688593,820.1416608323257,688.21771275759,92.3171607344343,790.1270808106752,990.9094825729179,1193.8086612876668,829.4179035778901,2021.9670494258614,1210.8837076784273,920.8461408764898,726.1572707345047,720.2349073851778,21757.55132005588
1892252,907.6016988661394,1466.4644614856356,980.2785183222667,1452.898791217706,1789.760684923621,2582.1995969125433,2020.7104672802204,840.7232523321433,2756.4078406882404,1601.379650160138,1709.436915599127,1797.6658000995628,1640.0699569663059,952.7212099559366,2581.163244235402,840.0853349840273,1389.3308844254916,1435.4255151801165,731.6989776729238,1391.8956934404775,1475.5934686140192,1440.8035567264944,1198.5544430823356,1997.00449326011,902.2270763094164,1608.2383305448554,1391.235892528724,1292.7293209477552,42174.30507676173
35082,904.1800147987836,779.7298843996796,437.15123114371346,280.25458916889767,382.02494151878466,259.2365737057868,70.1803635342831,472.18703213175166,242.26240787298988,342.17513892310643,803.2293940766981,580.7843354167819,500.7293231445801,547.8146957246635,344.15509923138694,563.7414747919131,229.13048617488474,570.2375334277175,126.50870174718773,518.5973409655206,603.1622937400371,192.1071408968659,426.1020548600699,723.9141288067899,522.3419915475569,732.7860135143899,617.573005951775,738.7024691130031,13510.999660329597
1892259,893.9149625967161,808.3438251115944,536.5037836763756,1180.0193228164112,1266.438847226656,2302.6307429161066,938.9648638379947,702.5221697569965,2304.1846793253258,1313.9525334647285,1173.950652881328,885.0047015874771,660.3821508138666,762.1769679647493,2581.163244235402,773.7628085379199,1496.6221438248424,1179.801793298726,707.7648989639963,1587.5928032387872,312.35190211537633,2593.4464021076897,1123.3599628129116,1098.3524712930605,3039.0806780948765,1400.7237072487453,1316.5842104905973,1348.1320061312304,36287.729236370484
40562,856.2764378558016,350.52077372095687,158.96408405225944,486.7579706617696,497.155745812117,487.9747269755987,163.3508461573831,633.421628469423,349.9345891498743,191.6180777969396,494.29501173950655,497.8151446429559,145.13893424480585,666.9048469691556,286.79591602615574,254.23635137674512,405.5245906111055,314.6138115463269,663.3158956474168,670.2626010592106,236.95661539787167,425.38009770020307,517.2468794290688,574.1387918122816,320.52804026781894,972.7247967005176,827.9550189683138,618.66331788214,13068.471542673722
267894,852.8547537884458,765.4229140437221,755.0793992482323,708.0115936898467,575.6540214666618,393.93793063134274,171.82089003221037,276.4021651502937,306.86571663912054,410.6101667077277,597.273139185237,649.9253277283036,870.833605468835,261.9983327378826,458.87346564184924,464.2576851227519,614.6516216437385,766.8711656441718,140.18531815228914,653.1391039518585,829.348153892551,740.9846863164828,467.1172259161194,798.8017973040439,593.5704449404055,460.4230704382449,536.1348073647277,452.4552623317143,15573.50376517881
2603322,839.1680175190224,357.67425889893553,576.2448046894405,936.6403374855264,962.912181362416,393.93793063134274,166.9808649608805,541.2875734193251,328.4001528944974,191.6180777969396,597.273139185237,207.42297693456499,174.16672109376702,666.9048469691556,0.0,386.88140426895995,554.6412562169829,314.6138115463269,68.3830820255069,1108.1348842329285,430.8302098143122,1221.2525385586475,790.6813531360656,948.5771342985521,581.6990360415974,875.4523170304658,889.0336679085992,969.5469907108165,16080.359569630808
2762286,837.4571754853445,965.720499027126,986.902021824444,626.8852652462184,821.6152851842354,787.8758612626855,439.2322752231857,333.98594955660485,570.6625607674873,561.1672278338946,1524.0762861968117,926.4892969743902,783.7502449219515,857.4490889603429,803.0285648732362,530.5802115688593,738.3093443412953,727.5444392008809,109.41293124081103,1152.166733937548,850.8896643832666,562.5994840551073,722.3227347093164,823.7643534697953,546.0848093451731,1024.6034525245452,766.8763700280283,766.4038117047406,21147.855943847328
3399801,824.62586023276,779.7298843996796,450.3982381480684,472.00772912656447,716.9509176448424,432.0609561763114,321.86166724343633,1474.1448808015664,764.4724870658792,958.0903889846979,370.7212588046299,663.7535261906079,820.0349784831529,1190.9015124449209,1118.5040725020076,663.2252644610742,534.6378010747311,766.8711656441718,352.1728724313605,1404.1267628028718,700.0990909482573,1138.920906745705,745.1089408515661,1073.3899151273092,937.8413030058407,1232.1180758206553,1072.2696147294555,1283.4955400838428,23262.535611975967
2810281,821.2041761654042,393.4416847888291,390.7867066284711,95.8765699788334,240.728045340604,266.86117881478054,95.59049515876492,161.23459633767132,123.82300846841706,0.0,597.273139185237,456.3305492560429,660.3821508138666,0.0,602.2714236549272,121.59129848453027,121.83922677553394,275.287085103036,0.0,357.1472253819152,915.5141958554134,205.82907953235633,555.9834298708934,299.5506739890165,166.19972458331355,317.75676692216905,183.23594682085633,203.14317900607583,8628.881556916958
33925,812.6499659970146,980.0274693830835,586.1800599427066,693.2613521546415,784.9827565454478,391.3963955950115,156.0908085503883,598.8713578256362,419.92150697984914,752.785305630834,885.6118960332825,815.8637092759556,921.6322324545171,643.0868167202573,774.3489732706207,265.29010578442967,429.16503759740317,432.5939908761994,290.6280986084043,1230.4455778568722,1044.763258799707,631.2091772325595,658.5213575110171,624.0639041437844,379.88508476185956,953.2703007665071,1051.9100650826936,951.0794289829913,19159.535994363672
1903412,811.7945449801756,944.2600434931899,705.4031229819013,958.765699788334,962.912181362416,602.3438036105048,477.9524757938246,1520.2119083266152,899.0627136619847,1053.8994278831678,473.6993862503604,760.5509154267382,515.2432165690607,1500.5359056806003,3412.8714007112535,862.1928437993964,905.6109691674017,1081.4849771904985,745.3755940780251,684.9398842940838,301.58114687001853,535.1556067841265,553.7048092566685,698.9515726410385,605.4418538392136,667.9376937343553,726.1572707345047,646.3646604738776,24614.40562938334
809,804.9511768454639,357.67425889893553,294.7459058468977,744.8871975278595,774.5163197915085,355.81490508637404,116.16060171191687,333.98594955660485,231.49518974530147,232.67909446771236,432.5081352720682,318.0485646329996,420.90290930993694,0.0,372.8346908340025,364.7738954535908,540.0932888407998,334.27717476797227,157.28108865866585,856.1748553676048,463.1424755503856,617.487238597069,603.8344627696177,574.1387918122816,629.1846716368299,920.8461408764898,658.2921052452987,554.0268518347523,13064.75794093894
2887365,786.9873354918458,2060.203731257869,26096.603798579257,13968.478733839267,4652.3311371260215,3860.5917201871584,3247.6568228623423,4169.06599101693,18611.13653370947,2874.2711669540936,617.8687646743832,1521.1018308534765,580.5557369792234,809.8130284625462,430.19387403923366,950.6228790608731,1045.6351551631644,963.5047978606261,482.10072827982356,829.2665027703373,700.0990909482573,946.8137658488391,2634.0854300440683,848.7269096355467,878.4842585118002,927.3309728544933,617.573005951775,766.4038117047406,96877.50751466748
2800061,783.5656514244898,529.3579031704247,632.544584457949,8931.271249566713,6640.954120374489,3263.3309866493164,3123.0261772755985,9305.539560059888,2896.38167634819,3325.9423503325943,865.0162705441364,981.8020908236075,609.5835238281845,4525.425747290699,5305.724446483882,2166.5358639061756,1745.756085141979,314.6138115463269,17745.40978561904,565.0754045426191,376.97643358752316,1605.4668203523795,1428.6951251190578,1173.2401397903145,1270.2407521724679,259.393279120138,393.61795983739506,507.8579475151896,81272.34574688076
171550,771.5897571887443,529.3579031704247,460.33349340133464,538.3838160349876,507.6221825660563,526.0977525205674,559.0228957385999,264.8854082690315,306.86571663912054,889.6553612000766,494.29501173950655,649.9253277283036,551.5279501302622,285.816362986781,0.0,331.6126322305371,574.6447113592347,1101.148340412144,147.02362635483982,413.4101444489292,538.5377622678902,1125.1989681102145,533.1972237286436,823.7643534697953,593.5704449404055,564.1803820863001,515.7752577179659,406.28635801215165,15003.72914445285
2946157,766.4572310877106,100.14879249170195,165.5875875544369,0.0,0.0,0.0,0.0,0.0,0.0,0.0,0.0,0.0,312.0487086263326,0.0,0.0,0.0,0.0,0.0,0.0,0.0,0.0,0.0,0.0,0.0,0.0,0.0,0.0,0.0,1344.242319760182
1644061,765.6018100708716,1108.7902025867002,649.1033432133928,1047.2671489995648,1072.8097672787787,1118.275415985747,1487.0977031661023,1243.8097431763215,1082.1054218326883,1313.9525334647285,967.994397989867,1341.33525084352,972.4308594401991,1286.1736334405145,688.3101984627739,563.7414747919131,743.764832107364,1140.475066855435,683.8308202550689,821.9278611529006,969.3679720822024,699.8188704100115,1408.187539591033,998.502246630055,985.326938601073,830.0584931844415,922.9662506532022,831.0402777521284,27744.066074018596
2004,749.3488107509314,972.8739842051048,1132.6190988723486,2028.1582110907066,1805.4603400545302,2988.845202725542,3828.4598314219265,955.8908211447656,1383.5875294079644,3640.7434781418524,679.6556411418215,1783.8376016372586,1110.3128469727646,1524.3539359294987,1347.9408053229322,1702.2781787834238,1040.179667397096,983.1681610822715,1815.570827777208,1091.0113871255764,678.5575804575417,452.82397497118393,975.2496228882883,698.9515726410385,1032.8125741963056,1964.9040893350455,1974.8763157358958,2511.58839498421,42854.06048619504
2813035,744.2162846498975,522.204417992446,831.2496895232733,567.8842991053979,371.55850476484534,3888.5486055868023,2193.7413635802636,149.71783945640905,532.9772973205778,848.5943445293038,0.0,802.0355108136513,203.1945079427282,500.1786352268668,0.0,574.7952291995977,378.2471517807621,235.96035865974517,861.6268335213867,100.2947687716337,344.66416785144975,260.716834074318,170.89654606687296,0.0,284.91381357139466,194.5449593401035,271.46066195682414,240.07830246172597,16074.300927748276
2005520,738.2283375320249,1015.7948952729771,771.638158003676,398.2565214505388,371.55850476484534,335.4826247957241,186.34096524619997,552.8043303005874,506.05925200135664,506.41920560619747,1565.267537175104,677.5817246529123,1654.5838503907864,547.8146957246635,917.7469312836985,685.3327732764434,971.076822360226,1278.118609406953,837.6927548124594,1144.8280923201114,1841.7991469561846,713.540809045502,767.8951469938158,798.8017973040439,344.2708580654352,1141.330428128607,712.5842376366635,840.274058616041,22823.123069123776
118882,711.710286010017,1187.478539544466,1424.0532529681575,1076.7676320699752,1093.7426407866574,1626.5824232519956,1262.0365373492634,1382.0108257514685,1146.7087305988189,1094.9604445539403,1029.7812744573052,926.4892969743902,1211.9101009441288,500.1786352268668,889.067339681083,784.8165629456045,911.0664569334704,983.1681610822715,635.962662837214,1083.6727455081398,947.8264615914867,4267.522915637522,911.4482456899891,2221.6674987518722,3407.094353957928,940.3006368105002,794.0224362237108,1403.5346913147057,35855.58178945295
2183,711.710286010017,407.74865514478654,413.9689688860923,508.8833329645773,476.22287230423836,177.90745254318702,78.65040740911039,702.5221697569965,393.00346166062803,410.6101667077277,514.8906372286526,345.70496155760827,370.1042823242549,928.9031797070382,716.9897900653895,353.72014104590625,363.699184404579,491.58408054113573,222.2450165828974,601.7686126298023,387.74718883288097,2209.2321203139577,649.4068750541172,1123.3150274588118,1709.482881428368,512.3017262622726,631.1460390496162,360.1174536925889,16773.58697156724
196117,710.854864993178,772.5763992217009,463.64524515242334,553.1340575701927,470.9896539272687,381.2302554496865,122.2106330510792,506.7373027755384,231.49518974530147,150.55706112616681,556.0818882069449,594.6125338790862,384.6181757487355,0.0,0.0,397.9351586766445,2740.4733544885025,629.2276230926537,129.92785584846308,848.8362137501682,818.5773986471931,864.4821340358966,585.605497855818,499.2511233150275,451.1135381547082,1037.573116480552,753.3033369301871,720.2349073851778,16375.284519508295
2897177,704.0114968584663,472.13002174659493,559.6860459339969,582.634540640603,491.9225274351473,950.5341035878849,897.8246507316908,598.8713578256362,629.8822604697737,739.0983000739099,597.273139185237,871.1765031251728,645.868257389386,619.2687864713588,688.3101984627739,563.7414747919131,461.8979641938153,924.1780714173352,953.943994255821,665.370173314253,376.97643358752316,1111.477029474724,560.5406710993433,973.5396904643035,902.2270763094164,544.7258861522898,597.2134563050132,609.4295370182275,19293.753648321606
474942,691.1801816058819,1480.771431841593,781.5734132569422,398.2565214505388,518.0886193199956,432.0609561763114,250.47129744132076,345.5027064378671,269.180453192211,396.9231611508034,1173.950652881328,995.6302892859118,486.21542972009956,404.9065142312731,946.426522886314,276.3438601921142,803.7751975341196,1120.8117036337894,167.53855096249188,535.7208380728728,850.8896643832666,562.5994840551073,840.8110066490149,823.7643534697953,676.6703072320622,434.48374252623114,712.5842376366635,526.3255092430146,17903.456606468935
32011,683.4813924543312,608.0462401281904,543.127287178553,206.50338149287197,366.3252863878757,373.60565034069276,256.5213287804831,1289.8767707013706,791.3905323851003,629.6022556185158,535.4862627177987,511.6433431052602,500.7293231445801,1024.1753007026318,688.3101984627739,431.0964218996982,541.9117847628227,609.5642598710083,167.53855096249188,611.5534681197178,797.0358881564774,878.2040726713869,679.0289430390419,1048.4273589615577,866.612849612992,616.0590379103277,624.3595225006956,858.741620343866,17738.958332413113
2992718,683.4813924543312,0.0,109.28780778592836,0.0,455.2899987963598,0.0,0.0,0.0,0.0,0.0,0.0,0.0,0.0,0.0,0.0,696.3865276841279,194.57906365644976,0.0,0.0,582.1989016499713,0.0,150.94132499039466,970.6923816598384,0.0,0.0,901.3916449424795,705.7977210877428,0.0,5450.046764707623
1573805,679.2042873701364,529.3579031704247,397.41021013064864,560.5091783377953,528.5550560739349,297.3595992507555,196.02101538885972,541.2875734193251,506.05925200135664,725.4112945169855,494.29501173950655,483.98694618065156,827.2919251953932,809.8130284625462,716.9897900653895,342.6663866382217,409.16158245515135,668.5543495359445,0.0,643.354248461943,538.5377622678902,974.2576431198199,995.7572084163132,599.101347978033,439.2421292559001,778.179837360414,705.7977210877428,572.4944135625773,15960.65670144366
795749,673.2163402522636,228.91152569531874,129.1583182924608,420.3818837533464,387.25815989575426,157.5751722525371,76.23039487344545,345.5027064378671,193.8099262983919,0.0,267.74313135889935,165.93838154765197,355.59038889977427,285.816362986781,0.0,276.3438601921142,374.61015993671634,235.96035865974517,37.61069511402879,648.2466762069008,290.8103916246607,343.04846588726053,273.4344737069967,274.5881178232651,391.7564936606676,544.7258861522898,352.8988605438714,443.2214814678018,8174.388613520811
39,672.3609192354246,708.1950326198923,337.7986786110513,9034.522940313149,7446.869750427815,1735.868429814239,3068.575895223137,472.18703213175166,570.6625607674873,1491.883605704744,782.633768587552,1272.1942585319985,827.2919251953932,571.632725973562,487.55305724446487,773.7628085379199,343.6957292623271,1848.3561428346704,7703.354190173351,1093.4576009980553,376.97643358752316,644.9311158680498,1734.0302874252043,748.8766849725412,391.7564936606676,868.9674850524623,936.5392837510434,711.0011265212654,47655.935963026735
2897348,661.2404460165183,422.055625500744,327.8634233577851,494.1330914293721,518.0886193199956,350.7318350137116,139.15072080073375,529.770816538063,253.02962600067832,355.8621444800307,288.3387568480455,318.0485646329996,507.98626985682046,595.4507562224604,344.15509923138694,331.6126322305371,540.0932888407998,353.9405379896178,85.47885253188362,782.7884391932387,549.308517513248,493.98979087765514,533.1972237286436,424.36345481777334,569.8276271427893,544.7258861522898,468.2696418755217,646.3646604738776,12429.86634861722
31957,658.6741829660014,1044.408835984892,798.132172012386,2234.6615925835786,2245.050683719981,3408.1984837201976,47779.51749790064,6633.651963607048,1771.2073820047483,7924.776217459144,11368.78527000865,1852.9785939487804,1582.0143832683837,5287.602715255448,1720.7754961569347,5571.0922214730235,5802.820487175058,1691.049237061507,31763.941600847953,721.6330923812669,1960.2774546551202,1838.7397771557166,1437.809607575958,2121.8172740888667,8440.571727052567,1044.0579484585555,1825.5729516596427,831.0402777521284,161360.85912793418
1890449,655.2524988986454,493.5904772805311,307.9929128512527,1224.2700474220267,1004.7779283781732,1181.813791894028,839.7443498757324,310.9524357940804,1281.2989571949245,561.1672278338946,473.6993862503604,871.1765031251728,537.0140567057816,452.5425747290699,688.3101984627739,795.870317353289,678.2989789145397,865.1879817523989,759.0522104831265,437.8722831737179,764.7236224204041,384.2142817937318,845.3682478774648,474.28856714927605,510.47058264874875,771.6950053824105,576.8539066582514,526.3255092430146,19273.824841546822
2762302,645.8428677134168,1001.4879249170197,920.6669868026693,715.3867144574492,968.1453997393857,742.1282306087231,873.6245253750415,380.0529770816538,1351.285875024899,780.1593167446825,865.0162705441364,1092.4276785220422,725.6946712240292,738.3589377158509,774.3489732706207,442.1501763073828,721.9428810430892,865.1879817523989,167.53855096249188,883.0832079648724,904.7434406100556,480.2678522421648,1134.7530658840365,574.1387918122816,474.8563559523244,1018.1186205465416,848.3145686150756,877.2091820716911,21966.93202550603
1775411,644.1320256797388,980.0274693830835,940.5374973092017,2337.9132833300146,1831.6264319393783,2472.9135903502997,4036.5809094891115,1324.427041345157,1674.3024188555523,3791.300539268019,823.8250195658442,2005.088777034128,899.8613923177962,1833.9883291651781,1692.095904554319,2000.7295477909074,1785.7629954264828,1219.1285197420166,1309.5360207884569,1492.1904622121112,807.8066434018353,1166.364784016686,1255.51995843796,823.7643534697953,1685.7400636307518,1459.0871950507762,1194.4269126100264,1652.8467746403442,45141.52486080498
85019,644.1320256797388,972.8739842051048,559.6860459339969,862.8891298095007,910.5799975927196,787.8758612626855,1074.4855658352312,610.3881147068985,559.8953426397989,1053.8994278831678,453.10376076121435,912.6610985120858,609.5835238281845,666.9048469691556,344.15509923138694,475.31143953043653,216.4010147207245,432.5939908761994,529.9688856976784,144.32661847625337,484.6839860411012,301.8826499807893,717.7654934808664,424.36345481777334,320.52804026781894,175.09046340609316,217.16852956545932,387.8187962843266,15851.017187996391
5268,640.7103416123831,515.0509328144673,278.18714709145405,265.50434763369253,423.8906885345418,279.56885399643676,148.83077094339347,944.3740642635033,468.3739885544471,479.04519449234897,700.2512666309675,636.0971292659992,595.0696304037039,1167.0834821960225,659.6306068601583,486.3651939381211,563.7337358270975,373.6039012112632,153.8619345573905,425.6412138113235,516.9962517771746,370.4923431582414,1364.8937479207586,599.101347978033,593.5704449404055,453.9382384602415,529.3482908158071,618.66331788214,15251.878407571516
3118656,637.2886575450271,1058.7158063408494,914.0434833004917,339.2555553097182,392.4913782727239,254.15350363312433,107.6905578370896,691.0054128757342,349.9345891498743,287.4271166954094,988.5900234790131,815.8637092759556,587.8126836914637,523.9966654757652,573.5918320523115,464.2576851227519,434.62052536347187,786.5345288658173,523.1305774951277,892.8680634547878,452.3717203050278,686.0969317745211,683.5861842674918,524.2136794807789,462.98494705351635,311.2719349441656,549.7078404625689,720.2349073851778,16013.740500909753
33184,635.5778155113493,386.2881996108504,235.13437432730043,538.3838160349876,690.7848257599942,279.56885399643676,88.33045755177011,575.8378440631119,371.46902540525116,369.5491500369549,432.5081352720682,304.2203661706953,449.9306961588981,476.3606049779683,573.5918320523115,298.4513690074834,380.06564770278504,412.93062765455403,133.34700994973844,572.4140461600557,269.2688811339451,246.99489543882757,471.6744671445694,349.47578632051926,178.07113348212164,680.9073576903622,787.2359196747901,821.8064968882159,12010.179635177914
1853230,615.0477111072142,1359.1621838159551,824.6261860210958,324.50531377451307,486.6893090581777,228.7381532698119,156.0908085503883,921.3405505009789,506.05925200135664,301.11412225233363,926.8031470115747,1368.9916477681288,653.1252041016263,452.5425747290699,0.0,0.0,78.19532464698449,2202.296680824288,0.0,452.5495664085911,678.5575804575417,562.5994840551073,350.9075745906458,274.5881178232651,296.78522247020277,311.2719349441656,692.2246879899017,637.1308796099652,15661.943217782882
186824,615.0477111072142,150.22318873755293,112.5995595370171,169.6277776548591,193.62907994787713,213.48894305182444,118.5806142475818,264.8854082690315,193.8099262983919,246.3661000246366,0.0,0.0,0.0,309.6343932356794,344.15509923138694,210.02133374600683,414.61707022122005,0.0,129.92785584846308,577.3064739050135,0.0,425.38009770020307,469.3958465303444,399.40089865202197,284.91381357139466,577.150046042307,420.7640260330775,572.4944135625773,7413.419677155681
3423717,614.1922900903753,1509.385372553508,1708.8639035617891,1504.5246365909243,1287.3717207345346,4155.409784401583,4919.885485006812,2568.236784521479,2363.404379027613,2477.3480058032906,391.316884293776,1189.2250677581724,595.0696304037039,2000.7145409074672,889.067339681083,1171.6979672145644,1552.9955174075524,570.2375334277175,1077.0335419017335,454.99578028107,430.8302098143122,343.04846588726053,530.9186031144187,948.5771342985521,925.9698941070327,739.2708454923933,685.438171440981,1237.32663576428,38842.356125487975
1892263,609.9151850061804,350.52077372095687,182.1463463098806,258.12922686608994,324.45953937211846,909.8695430065851,227.48117835250386,149.71783945640905,958.2824133642712,136.87005556924254,370.7212588046299,235.07937385917361,428.1598560221772,0.0,0.0,198.96757933832225,365.51768032660186,412.93062765455403,116.25123944336171,379.163150234225,420.0594545689544,233.2729568033372,239.25516449362212,0.0,296.78522247020277,291.8174390101553,230.74156266330056,267.7796450534636,8593.89431177032
2946170,606.4935009388246,329.06031818702075,178.83459455879188,236.00386456328224,450.0567804193901,167.74131239786206,56.870294588125965,472.18703213175166,156.12466285148238,0.0,226.55188038060717,235.07937385917361,152.39588095704613,452.5425747290699,344.15509923138694,641.1177556457051,1125.648975732172,216.2969954380997,51.287311519130164,682.493670421605,226.1858601525139,288.16071134529886,341.7930921337459,249.62556165751374,273.04240467258654,654.9680297783484,617.573005951775,738.7024691130031,10170.993013355313
410830,598.7947117872739,493.5904772805311,334.4869268599626,1180.0193228164112,1418.202180158776,953.0756386242163,272.2514102623051,760.1059541633076,430.6887251075376,369.5491500369549,679.6556411418215,304.2203661706953,616.8404705404248,619.2687864713588,516.2326488470803,165.80631611526854,214.58251879870159,373.6039012112632,294.04725270967964,638.4618207169852,430.8302098143122,246.99489543882757,1756.816493567454,399.40089865202197,0.0,473.3927343942518,393.61795983739506,387.8187962843266,15322.356207809144
2771472,589.3850806020454,236.06501087329747,115.91131128810584,280.25458916889767,298.2934474872702,160.11670728886833,88.33045755177011,667.9718991132097,446.83955229907025,629.6022556185158,0.0,138.28198462304331,116.11114739584468,547.8146957246635,860.3877480784673,165.80631611526854,145.4796737618316,216.2969954380997,58.125619721680856,379.163150234225,204.6443496617983,384.2142817937318,350.9075745906458,424.36345481777334,130.58549788688921,752.2405094484002,624.3595225006956,323.1823302369388,9334.73516332105
683158,583.3971334841725,686.7345770859563,374.22794787302746,317.1301930069105,261.66091884848265,322.7749496140679,114.9505954440844,783.139467925832,430.6887251075376,328.4881333661821,700.2512666309675,580.7843354167819,776.4932982097113,690.7228772180541,602.2714236549272,210.02133374600683,269.13739645938847,943.8414346389807,215.40670838034669,464.7806357709855,700.0990909482573,754.7066249519733,544.5903267997685,748.8766849725412,344.2708580654352,525.2713902182794,570.0673901093307,711.0011265212654,14555.786844469254
3366644,566.2887131473933,493.5904772805311,284.8106505936315,604.7599029434107,706.4844808909031,292.276529178093,110.11057037275454,610.3881147068985,247.64601693683412,177.93107224001534,494.29501173950655,193.59477847226066,275.7639750651311,476.3606049779683,401.5142824366181,165.80631611526854,134.56869822969423,491.58408054113573,639.3818169384895,384.0555779791827,301.58114687001853,274.4387727098084,259.7627500216469,0.0,368.01367586305145,252.90844714213455,223.95504611437994,258.545864189551,9690.417373696311
186823,563.7224500968764,350.52077372095687,291.434154095809,781.7628013658724,774.5163197915085,648.0914342644671,416.24215613436877,978.9243349072902,602.9642151505526,1313.9525334647285,782.633768587552,428.6741523314343,986.9447528646797,785.9949982136477,946.426522886314,331.6126322305371,563.7337358270975,353.9405379896178,389.78356754538925,535.7208380728728,549.308517513248,644.9311158680498,2146.4606185999246,1148.2775836245632,688.5417161308704,680.9073576903622,644.7190721474575,683.2997839295278,20014.042445045576
44746,562.8670290800375,85.84182213574454,86.10554552830719,206.50338149287197,298.2934474872702,147.4090321072121,65.34033846295324,241.85189450650697,129.20661753226128,191.6180777969396,0.0,0.0,87.08336054688351,238.18030248898415,458.87346564184924,198.96757933832225,460.0794682717924,0.0,0.0,308.2229479323377,269.2688811339451,246.99489543882757,191.4041315948977,449.32601098352467,0.0,408.5444146142174,393.61795983739506,406.28635801215165,6131.886961965233
2008795,557.7345029790037,622.3532104841479,357.66918911758376,442.50724605615414,382.02494151878466,884.4541926432727,830.0642997330726,437.63676148796503,419.92150697984914,1040.2124223262433,1009.1856489681591,788.2073123513469,849.0627653321142,547.8146957246635,0.0,486.3651939381211,280.0483719915258,570.2375334277175,276.9514822033029,330.2388727846476,603.1622937400371,0.0,2435.845436606496,0.0,439.2421292559001,447.45340648223805,488.6291915222836,563.2606326986648,16090.283240353294
2992717,557.7345029790037,157.37667391553165,768.3264062525873,95.8765699788334,214.56195345575574,94.036796344256,35.09018176714155,0.0,0.0,0.0,0.0,0.0,0.0,0.0,0.0,143.6988072998994,201.85304734454135,0.0,0.0,139.43419073129564,129.24906294429366,205.82907953235633,505.85377635794396,0.0,0.0,162.12079945008622,156.0898806251739,156.97427468651313,3724.106003665212
5739,557.7345029790037,422.055625500744,268.2518918381878,287.6297099365002,387.25815989575426,256.6950386694556,68.97035726645063,333.98594955660485,236.87879880914568,0.0,411.9125097829221,401.01775540682564,355.59038889977427,404.9065142312731,0.0,486.3651939381211,643.7475563961049,471.92071731949034,47.868157417854825,528.3821964554361,484.6839860411012,548.8775454196168,553.7048092566685,923.6145781328007,225.5567690773541,648.4831978003449,617.573005951775,544.7930709708397,11118.457986950147
119859,550.035713827453,464.9765365686162,370.9161961219387,759.6374390630647,753.58344628363,1369.8873845825403,302.5015669581168,391.569733962916,925.9807589812059,492.7322000492732,659.0600156526754,663.7535261906079,507.98626985682046,476.3606049779683,659.6306068601583,486.3651939381211,811.049181222211,353.9405379896178,211.98755427907136,310.66916180481655,743.1821119296885,768.4285635874636,619.7848070691925,748.8766849725412,652.9274894344461,415.0292465922208,407.1909929352363,443.2214814678018,16321.265007159418
2831106,548.3248717937751,1652.4550761130824,1748.6049245748538,1047.2671489995648,889.6471240848409,3647.1027771353342,2503.502968145375,1324.427041345157,1755.0565548132156,1820.3717390709262,308.9343823371916,1368.9916477681288,529.7571099935413,1595.8080266761938,688.3101984627739,1072.2141775454031,474.6274356479756,924.1780714173352,892.3992204328649,535.7208380728728,646.2453147214683,1248.6964158296284,1061.8372062288374,948.5771342985521,985.326938601073,1686.056314280897,705.7977210877428,877.2091820716911,33487.4475615503
31,540.6260826422244,715.3485177978711,692.1561159775464,1017.7666659291546,837.3149403151444,1258.0598429839654,2128.40102511731,299.4356789128181,915.2135408535173,1834.0587446278503,597.273139185237,1133.912273908955,798.2641383464321,523.9966654757652,573.5918320523115,840.0853349840273,880.1520262590811,904.5147081956899,769.3096727869524,790.1270808106752,753.9528671750463,370.4923431582414,1866.1902830502527,773.8392411382926,486.7277648511325,1426.663035160759,1465.8875745668506,1274.2617592199304,26467.622895483033
1892254,540.6260826422244,507.89744763648855,423.9042241393585,1076.7676320699752,842.548158692114,4081.7052683479774,838.5343436078999,1105.6086606011747,3144.0276932850243,7062.494867372917,803.2293940766981,912.6610985120858,776.4932982097113,928.9031797070382,1433.979580130779,420.04266749201366,556.4597521390058,1553.405694509989,485.5198823810989,672.7088149316894,667.7868252121839,617.487238597069,1162.096513254736,773.8392411382926,569.8276271427893,654.9680297783484,787.2359196747901,877.2091820716911,34277.96831735516
2844375,531.2164514569959,278.9859219411697,602.7388186981505,280.25458916889767,177.92942481696818,1186.8968619666907,919.6047635526752,138.20108257514684,317.63293476680894,711.7242889600614,0.0,401.01775540682564,188.68061451824758,452.5425747290699,0.0,364.7738954535908,112.74674716541948,0.0,36629.39788696277,645.8004623344219,183.10283917108268,0.0,756.502043922691,0.0,0.0,2036.2372410930832,95.01123168488847,193.9093981421633,47204.90782848783
1522127,529.5056094233179,300.44637747510586,970.3432630690003,1135.7685982107957,701.2512625139334,541.3469627385548,694.5435977358362,978.9243349072902,543.7445154482662,314.8011278092579,0.0,262.7357707837823,210.45145465496847,952.7212099559366,602.2714236549272,386.88140426895995,683.7544666806085,235.96035865974517,54.70646562040552,308.2229479323377,258.4981258885873,0.0,282.5489561638966,249.62556165751374,474.8563559523244,583.6348780203106,420.7640260330775,424.7539197399767,13103.062974998715
137,526.939346372801,922.7995879592537,765.0146545014985,154.87753611965394,245.96126371757364,269.4027138511118,129.47067065807403,1071.058389957388,619.1150423420853,889.6553612000766,823.8250195658442,912.6610985120858,595.0696304037039,1691.0801476717875,716.9897900653895,320.55887782285254,854.6930833507605,629.2276230926537,58.125619721680856,547.9519074352671,764.7236224204041,370.4923431582414,517.2468794290688,599.101347978033,320.52804026781894,739.2708454923933,739.7303038323458,590.9619752904025,17386.532722190248
2661849,526.939346372801,486.4369921025524,324.5516716066964,929.2652167179237,842.548158692114,1115.7338809494158,484.002507132987,380.0529770816538,1921.9484357923866,821.2203334154555,494.29501173950655,995.6302892859118,420.90290930993694,357.27045373347624,1548.6979465412414,364.7738954535908,772.8607668597303,983.1681610822715,369.2686429377372,643.354248461943,624.7038042307527,233.2729568033372,651.6854956683422,424.36345481777334,273.04240467258654,888.4219809864726,773.662886576949,1154.2226079890672,19806.29743701461
2012,518.3851362044113,515.0509328144673,599.4270669470617,980.8910620911417,837.3149403151444,1908.6928122847637,2532.543118573354,472.18703213175166,834.4594048958542,1875.119761298623,720.8468921201137,1189.2250677581724,667.6390975261069,452.5425747290699,602.2714236549272,674.2790188687587,687.3914585246542,471.92071731949034,810.3395220022566,381.6093641067039,646.2453147214683,370.4923431582414,512.6896382006189,624.0639041437844,557.9562182439812,337.2112628561794,318.9662777992684,461.6890431956269,21561.450406486
206379,510.68634705286075,650.9671511960628,523.2567766720207,339.2555553097182,298.2934474872702,421.8948160309864,359.3718615462428,345.5027064378671,484.52481574597977,670.6632722892886,556.0818882069449,553.1279384921733,420.90290930993694,333.4524234845778,544.912240449696,397.9351586766445,474.6274356479756,452.25735409784494,396.62187574794,596.8761848848445,581.6207832493214,864.4821340358966,355.46481581909575,424.36345481777334,771.6415784225272,551.2107181302932,468.2696418755217,544.7930709708397,13893.058356088142
654128,509.8309260360218,400.5951699668078,258.3166365849216,354.00579684492334,481.456090681208,271.94424888744305,87.12045128393765,426.12000460670276,209.96075348992457,0.0,329.5300078263377,304.2203661706953,1030.4864331381214,428.72454448017146,458.87346564184924,165.80631611526854,521.9083296205708,707.8810759792356,352.1728724313605,726.5255201262246,581.6207832493214,603.7652999615786,505.85377635794396,848.7269096355467,557.9562182439812,765.2101734044071,502.2022246201248,794.1051542964782,13184.919549681106
2829815,505.553820951827,4048.8726107359507,6242.652050802271,1851.155312668245,2459.6126371757364,15912.550862469916,4760.1646576529265,1255.3265000575839,1781.9746001324368,3900.7965837234133,350.12563331548375,2101.8861662702584,827.2919251953932,2834.345599618912,1003.7857060915453,2089.159583052384,829.2341404424401,1061.8216139688534,1422.3681061305433,572.4140461600557,1292.4906294429366,576.3214226905977,843.0896272632399,1173.2401397903145,771.6415784225272,972.7247967005176,1425.168475273327,1939.093981421633,64804.86280762127
186807,504.69839993498806,550.8183587043607,506.69801791657693,523.6335744997824,669.8519522521156,325.31648465039916,211.75109687068178,1059.541633076126,403.7706797883165,314.8011278092579,411.9125097829221,511.6433431052602,290.2778684896117,976.5392402048351,602.2714236549272,431.0964218996982,861.9670670388522,1061.8216139688534,109.41293124081103,692.2785259115204,290.8103916246607,1221.2525385586475,1362.6151273065339,1148.2775836245632,522.3419915475569,596.6045419763174,529.3482908158071,775.6375925686532,17466.990328822634
10442,504.69839993498806,236.06501087329747,152.34058055008197,346.63067607732074,502.3889641890866,317.6918795414054,84.70043874827272,1174.709201888748,597.5806060867084,287.4271166954094,350.12563331548375,0.0,159.6528276692864,1095.629391449327,544.912240449696,0.0,107.29125939935079,196.63363221645432,78.64054432933293,450.1033525361122,183.10283917108268,850.7601954004061,740.5516996231162,848.7269096355467,688.5417161308704,460.4230704382449,556.4943570114896,332.41611110085137,11848.238654461968
2726069,496.1441897665984,786.8833695776582,632.544584457949,818.6384052038852,779.7495381684782,1324.1397539285779,1562.1180917717154,518.2540596568007,656.8003057889948,1464.5095945908954,432.5081352720682,1023.2866862105204,1015.9725397136409,404.9065142312731,458.87346564184924,530.5802115688593,292.7778434456861,884.8513449740443,673.5733579512429,386.5017918516616,484.6839860411012,233.2729568033372,519.5255000432938,549.1762356465302,261.17099577377843,453.9382384602415,264.67414540790355,332.41611110085137,18242.471953049437
5250,491.01166366556464,300.44637747510586,168.89933930552564,479.382849894167,722.184136021812,203.32280290649945,94.38048889093245,126.6843256938846,102.28857221304018,191.6180777969396,370.7212588046299,0.0,145.13893424480585,238.18030248898415,458.87346564184924,519.5264571611748,792.8642220019822,452.25735409784494,287.20894450712893,398.73286121405596,226.1858601525139,466.5459136066744,307.6137829203713,673.9890164752871,391.7564936606676,577.150046042307,603.9999728539339,729.4686882490905,10520.432207986774
1963268,490.1562426487256,572.2788142382968,413.9689688860923,1098.8929943727828,973.3786181163554,942.9094984788914,1110.7857538702049,230.33513762524473,462.99037949060295,1081.2734389970162,391.316884293776,594.6125338790862,609.5835238281845,547.8146957246635,430.19387403923366,773.7628085379199,432.802029441449,727.5444392008809,1141.997469825965,716.7406646363092,290.8103916246607,370.4923431582414,731.4372171662162,624.0639041437844,225.5567690773541,868.9674850524623,855.1010851639961,1024.9496758942917,18734.717641412684
27319,485.8791375645308,336.2138033649994,208.64036031859052,191.7531399576668,219.7951718327254,127.07675181656217,43.56022564196883,333.98594955660485,183.0427081707035,150.55706112616681,1112.1637764138898,331.87676309530394,312.0487086263326,476.3606049779683,0.0,342.6663866382217,449.168492739655,294.9504483246815,147.02362635483982,437.8722831737179,409.2886993235966,178.3852022613755,485.3461908299192,0.0,0.0,667.9376937343553,699.0112045388222,535.5592901069272,9160.163680490125
72276,479.8911904466581,1015.7948952729771,751.7676474971437,1106.2681151403854,837.3149403151444,1258.0598429839654,2544.6431812516785,460.67027525048945,1098.2562490242208,2956.3932002956394,762.0381430984058,1355.1634493058245,1211.9101009441288,690.7228772180541,573.5918320523115,1282.2355112914101,370.97316809267056,983.1681610822715,1241.15293876295,276.4221675901124,926.2849511007712,548.8775454196168,334.95723029107097,649.0264603095358,676.6703072320622,239.93878318612764,244.3145957611418,350.8836728286764,25227.391433045446
689704,479.8911904466581,228.91152569531874,185.45809806096935,191.7531399576668,245.96126371757364,55.91377079928735,29.040150427979217,0.0,75.37052689381908,177.93107224001534,0.0,345.70496155760827,232.22229479168936,0.0,0.0,232.12884256137596,163.66463298206054,334.27717476797227,95.73631483570965,151.66526009369,560.0792727586058,0.0,339.51447151952095,0.0,0.0,129.696639560069,196.80897991869753,0.0,4451.729583586287
1963270,479.03576942981914,135.9162183815955,102.66430428375088,0.0,57.56540214666617,132.15982188922467,173.03089630004283,310.9524357940804,177.65909910685926,287.4271166954094,288.3387568480455,0.0,101.5972539713641,285.816362986781,430.19387403923366,110.5375440768457,65.46585319282421,0.0,75.22139022805759,78.27884391932386,107.70755245357805,0.0,61.522756584074266,0.0,130.58549788688921,64.8483197800345,0.0,0.0,3656.5250699945004
34365,477.3249273961412,751.1159436877647,390.7867066284711,376.13115914773107,502.3889641890866,221.11354816081817,66.55034473078571,621.9048715881607,301.4821075752763,177.93107224001534,679.6556411418215,622.268930803695,507.98626985682046,500.1786352268668,315.47550762877137,232.12884256137596,180.03109628026658,550.574170206072,0.0,562.6291906701404,581.6207832493214,384.2142817937318,387.3655044182454,299.5506739890165,284.91381357139466,421.5140785702242,651.505588696378,711.0011265212654,11759.343780529658
2731690,476.46950637930223,393.4416847888291,89.41729727939594,0.0,0.0,203.32280290649945,81.07041994477532,0.0,0.0,0.0,0.0,0.0,116.11114739584468,0.0,0.0,121.59129848453027,270.95589238141133,0.0,0.0,95.40234102667597,366.20567834216536,0.0,54.68689474139934,0.0,0.0,0.0,0.0,0.0,2268.674963670829
267891,472.1924012951074,200.2975849834039,314.6164163534301,479.382849894167,549.4879295818135,208.40587297916196,153.67079601472335,449.15351836922724,269.180453192211,547.4802222769702,0.0,221.2511753968693,428.1598560221772,404.9065142312731,372.8346908340025,0.0,83.65081241305316,216.2969954380997,61.5447738229562,643.354248461943,506.22549653181676,2524.836708930238,640.2923925972173,399.40089865202197,2516.7386865473195,622.5438698883312,787.2359196747901,812.5727160243033,14885.71380040663
38749,467.05987519407364,407.74865514478654,211.95211206967926,339.2555553097182,387.25815989575426,198.23973283383697,99.22051396226232,610.3881147068985,403.7706797883165,451.6711833785004,350.12563331548375,345.70496155760827,246.73618821616992,762.1769679647493,458.87346564184924,342.6663866382217,667.3880033824024,235.96035865974517,78.64054432933293,406.0715028314926,172.33208392572487,0.0,644.8496338256673,249.62556165751374,0.0,330.72643087817596,244.3145957611418,369.35123455650154,9482.108135425608
1643949,466.20445417723465,636.6601808401053,490.13925916113334,295.0048307041028,617.5197684824191,404.1040707766677,181.5009401748701,644.9383853506853,425.3051160436934,273.7401111384851,535.4862627177987,497.8151446429559,580.5557369792234,643.0868167202573,630.9510152575427,552.6877203842284,507.3603622443877,786.5345288658173,1569.3917324853833,949.1309825218018,430.8302098143122,891.9260113068774,1749.980631724779,673.9890164752871,1305.8549788688922,1335.8753874687106,1146.9212967675824,1218.859074036455,20442.35402613169
1185,465.3490331603957,436.3625958567014,317.9281681045189,331.8804345421156,319.2263209951488,513.3900773389112,210.54109060284932,126.6843256938846,543.7445154482662,218.99208891078808,370.7212588046299,470.15874771834723,253.99313492841023,0.0,1032.4652976941607,187.9138249306377,143.6611778398087,530.9108069844267,143.60447225356447,276.4221675901124,247.72737064322948,137.2193863549042,234.6979232651722,0.0,189.94254238092978,453.9382384602415,427.55054258199806,387.8187962843266,8972.84433936848
188786,459.36108604252297,665.2741215520201,334.4869268599626,228.62874379567964,188.3958615709075,203.32280290649945,726.0037606994804,483.70378901301393,215.3443625537688,479.04519449234897,370.7212588046299,442.5023507937386,413.6459625976966,238.18030248898415,344.15509923138694,320.55887782285254,149.1166656058774,707.8810759792356,755.6330563818511,207.92817916070402,150.79057343500926,233.2729568033372,180.01102852377286,0.0,118.7140889880811,116.7269756040621,95.01123168488847,147.74049382260063,8976.156827214914
1853234,458.505665025684,293.29289229712714,367.60444437084993,309.7550722393079,209.3287350787861,155.03363721620582,125.8406518545766,0.0,226.11158068145724,0.0,741.4425176092598,345.70496155760827,232.22229479168936,285.816362986781,573.5918320523115,243.18259696906054,269.13739645938847,255.62372188139062,0.0,508.8124854756051,538.5377622678902,0.0,378.2510219613455,299.5506739890165,273.04240467258654,389.089918680207,366.47189364171265,147.74049382260063,7993.691017582448
1737406,454.2285599414892,429.2091106787227,450.3982381480684,317.1301930069105,397.7245966496936,264.31964377844935,88.33045755177011,610.3881147068985,317.63293476680894,232.67909446771236,947.3987725007208,470.15874771834723,776.4932982097113,619.2687864713588,544.912240449696,331.6126322305371,487.3569071021358,491.58408054113573,54.70646562040552,445.21092479115447,592.3915384946793,356.770404522751,510.41101758639394,324.5132301547679,249.29958687497032,531.7562221962829,502.2022246201248,378.58501542041404,12176.67303920211
2992719,451.66229689097236,264.67895158521236,231.82262257621167,125.37705304924368,94.19793078545375,83.87065619893103,37.51019430280649,633.421628469423,328.4001528944974,191.6180777969396,473.6993862503604,318.0485646329996,377.36122903649516,452.5425747290699,0.0,187.9138249306377,192.76056773442684,353.9405379896178,317.981331418607,207.92817916070402,355.43492309680755,0.0,284.8275767781216,0.0,0.0,356.6657587901897,278.2471785057448,203.14317900607583,6803.054376609551
183710,446.52977078993854,994.3344397390409,728.5853852395225,958.765699788334,826.8485035612051,998.8232692781786,1212.4262803681322,426.12000460670276,683.7183511082159,1231.8305001231831,906.2075215224287,981.8020908236075,507.98626985682046,643.0868167202573,688.3101984627739,652.1715100533896,576.4632072812576,432.5939908761994,1118.0633911170378,423.19499993884466,560.0792727586058,562.5994840551073,622.0634276834176,698.9515726410385,629.1846716368299,544.7258861522898,447.9100922287599,498.624166651277,20002.0007750624
1033997,443.96350773942163,615.1997253061692,450.3982381480684,929.2652167179237,873.947468953932,358.3564401227053,113.74058917625193,714.0389266382587,414.5378979160049,424.2971722646519,823.8250195658442,511.6433431052602,428.1598560221772,738.3589377158509,487.55305724446487,154.752561707584,156.39064929396898,845.5246185307535,58.125619721680856,428.0874276838024,1109.3877902718539,2236.6759975849386,596.9986009269428,673.9890164752871,2528.6100954461276,492.84723032826224,495.4157080712041,480.15660492345194,18584.247317602843
1759442,442.25266570574377,429.2091106787227,198.70510506532432,597.3847821758081,539.0214928278742,292.276529178093,215.3811156741792,184.2681101001958,156.12466285148238,164.24406668309106,700.2512666309675,387.1895569445213,486.21542972009956,0.0,0.0,243.18259696906054,269.13739645938847,648.8909863142992,133.34700994973844,464.7806357709855,398.5179440782387,260.716834074318,1287.4206470371098,474.28856714927605,320.52804026781894,265.87811109814146,332.5393108971096,258.545864189551,10150.297838491138
203557,437.97556062154894,371.981229254893,307.9929128512527,730.1369559926543,491.9225274351473,815.8327466623291,2872.554879834278,506.7373027755384,802.1577505127888,1532.9446223755167,453.10376076121435,1023.2866862105204,950.6600193034783,595.4507562224604,344.15509923138694,729.5477909071816,429.16503759740317,609.5642598710083,1008.6504598762266,322.90023116721096,667.7868252121839,823.3163181294253,628.8992895260925,1547.678482276585,688.5417161308704,376.1202547242001,352.8988605438714,406.28635801215165,20828.248694019414
2795691,435.409297571032,729.6554881538285,629.2328327068602,582.634540640603,643.6858603672673,406.6456058129989,208.12107806718438,253.3686513877692,134.5902265961055,301.11412225233363,823.8250195658442,663.7535261906079,870.833605468835,0.0,0.0,276.3438601921142,507.3603622443877,884.8513449740443,4195.302082264848,787.6808669381963,1077.0755245357805,150.94132499039466,617.5061864549676,449.32601098352467,486.7277648511325,590.1197099983139,576.8539066582514,766.4038117047406,18049.362611571967
3031627,432.8430345205151,0.0,39.74102101306486,0.0,0.0,38.12302554496865,41.1402131063039,0.0,0.0,205.30508335386386,0.0,179.7665800099563,0.0,0.0,0.0,0.0,0.0,0.0,0.0,90.50991328171823,0.0,0.0,29.622067984924644,0.0,0.0,116.7269756040621,0.0,0.0,1173.7779144193776
1499392,431.1321924868372,593.739269772233,619.297577453594,1003.0164243939495,837.3149403151444,1189.438397003022,1239.0464182604467,575.8378440631119,662.183914852839,1094.9604445539403,576.677513696091,912.6610985120858,1335.2781950522137,643.0868167202573,630.9510152575427,906.4078614301347,620.1071094098071,786.5345288658173,475.2624200772729,496.58141611321076,1464.8227133686614,535.1556067841265,927.3985899895639,673.9890164752871,866.612849612992,538.2410541742863,407.1909929352363,618.66331788214,21661.589539511846
89374,426.85508740264237,493.5904772805311,364.2926926197612,449.88236682375674,507.6221825660563,345.6487649410491,234.74121595949867,955.8908211447656,904.446322725829,793.8463223016068,535.4862627177987,318.0485646329996,326.56260205081315,1286.1736334405145,917.7469312836985,420.04266749201366,438.25751720751765,353.9405379896178,105.99377713953568,633.5693929720276,527.7670070225324,1015.4234590262913,387.3655044182454,1098.3524712930605,427.370720357092,453.9382384602415,447.9100922287599,858.741620343866,16029.507253842125
64898,425.99966638580344,214.60455533936135,149.02882879899323,140.12729458444883,198.8622983248468,132.15982188922467,61.710319659455834,368.5362202003916,199.19353536223613,0.0,453.10376076121435,165.93838154765197,224.96534807944906,0.0,0.0,652.1715100533896,534.6378010747311,235.96035865974517,71.80223612678223,572.4140461600557,129.24906294429366,397.9362204292222,293.94205923502153,374.4383424862706,332.3994491666271,460.4230704382449,502.2022246201248,461.6890431956269,7753.495455523214
27974,425.99966638580344,314.7533478310633,165.5875875544369,331.8804345421156,256.427700471513,218.57201312448692,71.39036980211557,264.8854082690315,107.6721812768844,273.7401111384851,0.0,290.39216770839096,362.8473356120146,0.0,344.15509923138694,110.5375440768457,209.1270310326329,373.6039012112632,307.723869114781,354.7010115094363,441.60096505967,0.0,451.16688161654463,249.62556165751374,296.78522247020277,486.3623983502588,468.2696418755217,415.5201388760642,7593.327589798462
213422,423.4334033352865,493.5904772805311,592.8035634448842,840.7637675066928,811.1488484302961,825.9988868076541,1045.4454154072519,691.0054128757342,581.4297788951758,1272.8915167939558,1215.1419038596202,788.2073123513469,740.2085646485098,714.5409074669525,458.87346564184924,663.2252644610742,796.5012138460279,1258.4552461853075,317.981331418607,946.684768649323,420.0594545689544,480.2678522421648,754.2234233084661,374.4383424862706,451.1135381547082,765.2101734044071,665.0786217942192,738.7024691130031,20127.424924378276
267893,420.0117192679307,722.5020029758498,986.902021824444,531.0086952673851,586.1204582206011,399.0210007040052,412.61213733087135,460.67027525048945,506.05925200135664,410.6101667077277,638.4643901635293,566.9561369544775,326.56260205081315,309.6343932356794,573.5918320523115,453.2039307150674,829.2341404424401,629.2276230926537,1111.2250829144868,777.8960114482809,258.4981258885873,823.3163181294253,505.85377635794396,574.1387918122816,510.47058264874875,544.7258861522898,651.505588696378,544.7930709708397,16064.816013276897
3031624,420.0117192679307,586.5857845942543,430.527727641536,420.3818837533464,732.6505727757514,521.0146824479049,608.6331527197311,564.3210871818496,689.1019601720601,2887.958172511018,411.9125097829221,1548.7582277780853,674.8960442383471,571.632725973562,659.6306068601583,1226.9667392529873,418.2540620652658,8376.592732420953,324.81963962115776,269.0835259726758,290.8103916246607,686.0969317745211,694.9792873386167,499.2511233150275,569.8276271427893,350.1809268121863,278.2471785057448,480.15660492345194,26193.283628468507
1890528,418.30087723425277,243.2184960512762,165.5875875544369,221.25362302807707,235.49482696363435,825.9988868076541,295.24152935112204,0.0,958.2824133642712,369.5491500369549,535.4862627177987,442.5023507937386,297.5348152018519,0.0,516.2326488470803,132.64505289221484,1038.361171475073,668.5543495359445,2154.067083803467,452.5495664085911,215.4151049071561,329.32652725177013,303.0565416919214,549.1762356465302,308.6566313690109,577.150046042307,671.8651383431398,757.1700308408281,13682.676948160104
2194,414.02377215005794,414.90214032276526,324.5516716066964,221.25362302807707,392.4913782727239,233.82122334247438,137.94071453290127,667.9718991132097,296.09849851143207,246.3661000246366,762.0381430984058,470.15874771834723,283.02092177737137,476.3606049779683,0.0,132.64505289221484,301.87032305580055,747.2078024225264,129.92785584846308,457.4419941535489,635.4745594761105,439.10203633569347,1508.4468466169321,0.0,189.94254238092978,330.72643087817596,264.67414540790355,452.4552623317143,10930.914290277082
3018741,412.31293011638,228.91152569531874,241.7578778294779,272.87946840129507,251.1944820945433,121.99368174389967,48.400250713298696,437.63676148796503,236.87879880914568,150.55706112616681,226.55188038060717,221.2511753968693,166.90977438152672,428.72454448017146,516.2326488470803,254.23635137674512,307.32581082186925,255.62372188139062,0.0,362.0396531268729,215.4151049071561,205.82907953235633,362.3006776617707,374.4383424862706,201.8139512797379,382.60508670220355,352.8988605438714,424.7539197399767,7661.473421563966
1643826,412.31293011638,414.90214032276526,374.22794787302746,737.512076760257,439.5903436654508,388.85486055868023,666.7134535756894,0.0,360.70180727756275,848.5943445293038,329.5300078263377,705.2381215775209,275.7639750651311,404.9065142312731,0.0,386.88140426895995,365.51768032660186,589.900896649363,253.01740349437546,239.72895950292934,226.1858601525139,0.0,567.3765329420182,0.0,201.8139512797379,207.5146232961104,251.1011123100624,212.37695986998835,9860.263907472043
85017,411.4575090995411,758.2694288657434,708.71487473299,796.5130429010776,680.3183890060549,1707.9115444145955,2899.1750177265917,299.4356789128181,602.9642151505526,1409.7615723631984,576.677513696091,1451.960838541955,384.6181757487355,404.9065142312731,803.0285648732362,663.2252644610742,127.29471454160263,1474.7522416234071,540.2263480015044,154.11147396616886,570.8500280039636,0.0,364.57929827599565,249.62556165751374,0.0,226.96911923012075,217.16852956545932,378.58501542041404,18863.100475011677
3423719,410.6020880827021,701.0415474419137,579.5565564405292,796.5130429010776,591.3536765975707,792.9589313353479,788.9240866267687,403.0864908441783,559.8953426397989,451.6711833785004,617.8687646743832,470.15874771834723,566.0418435547427,428.72454448017146,544.912240449696,453.2039307150674,181.8495922022895,196.63363221645432,160.7002427599412,354.7010115094363,678.5575804575417,933.0918272133488,528.6399825001936,1223.1652521218173,866.612849612992,434.48374252623114,481.84267497336293,424.7539197399767,15621.545325714378
188711,410.6020880827021,314.7533478310633,172.21109105661438,221.25362302807707,162.22976968605923,129.6182868528934,76.23039487344545,172.75135321893356,86.13774502150751,287.4271166954094,391.316884293776,262.7357707837823,304.79176191409226,0.0,573.5918320523115,154.752561707584,329.147761886144,275.287085103036,0.0,244.62138724788707,301.58114687001853,150.94132499039466,462.5599846876695,349.47578632051926,213.685360178546,201.02979131810693,223.95504611437994,221.6107407339009,6694.299042548853
29202,409.74666706586316,472.13002174659493,307.9929128512527,789.137922133475,790.2159749224176,378.6887204133552,653.4033846295324,299.4356789128181,1265.1481300033918,1560.318633489365,391.316884293776,954.1456938989988,674.8960442383471,571.632725973562,1405.2999885281633,431.0964218996982,785.5902383138906,452.25735409784494,639.3818169384895,763.2187282134078,506.22549653181676,562.5994840551073,590.162739084268,499.2511233150275,498.59917374994063,1108.90626823859,753.3033369301871,1246.5604166281926,19760.66198109737
213119,408.0358250321852,650.9671511960628,410.6572171350035,287.6297099365002,272.12735560242197,185.53205765218078,150.04077721122596,368.5362202003916,306.86571663912054,889.6553612000766,432.5081352720682,539.2997400298689,486.21542972009956,357.27045373347624,286.79591602615574,420.04266749201366,509.1788581664105,1415.7621519584711,51.287311519130164,464.7806357709855,366.20567834216536,809.594379493935,348.62895397642086,374.4383424862706,925.9698941070327,609.5742059323243,386.8314432884745,526.3255092430146,13240.757098363487
2008794,405.46956198166833,658.1206363740415,635.8563362090377,1327.5217381684624,1135.6083878024144,1888.360531994114,2854.4047858167905,575.8378440631119,602.9642151505526,2080.4248446524866,494.29501173950655,1050.9430831351292,464.44458958337873,428.72454448017146,688.3101984627739,1039.0529143223496,256.40792500522815,570.2375334277175,718.0223612678224,362.0396531268729,409.2886993235966,329.32652725177013,467.1172259161194,474.28856714927605,474.8563559523244,635.5135338443381,746.5168203812665,720.2349073851778,22494.189333967504
135617,404.61414096482935,357.67425889893553,390.7867066284711,413.00676298574393,366.3252863878757,325.31648465039916,227.48117835250386,172.75135321893356,150.74105378763815,260.0531055815608,350.12563331548375,414.84595386912997,268.5070283528908,0.0,0.0,154.752561707584,212.76402287667872,393.26726443290863,58.125619721680856,391.39421959661934,172.33208392572487,397.9362204292222,382.8082631897954,374.4383424862706,451.1135381547082,324.24159890017245,223.95504611437994,369.35123455650154,8008.708963086642
134623,402.9032989311514,371.981229254893,268.2518918381878,560.5091783377953,429.1239069115115,500.6824021572549,1201.5362239576402,218.81838074398252,360.70180727756275,1026.5254167693192,226.55188038060717,553.1279384921733,478.9584830078593,0.0,430.19387403923366,1801.7619684525848,3827.9339158581934,255.62372188139062,752.2139022805758,251.96002886532366,215.4151049071561,219.55101816784673,353.1861952048708,499.2511233150275,368.01367586305145,207.5146232961104,183.23594682085633,277.01342591737614,16242.540562929535
868,402.0478779143125,0.0,66.23503502177476,0.0,0.0,104.20293648958098,145.20075213989608,0.0,75.37052689381908,0.0,0.0,0.0,0.0,0.0,0.0,121.59129848453027,63.647357270801315,0.0,485.5198823810989,95.40234102667597,0.0,0.0,93.42344518322388,0.0,0.0,149.15113549407934,74.65168203812665,0.0,1876.4442703379198
2931039,397.77077283011766,872.7251917134028,612.6740739514166,560.5091783377953,774.5163197915085,282.110389032768,204.491059263687,0.0,204.57714442608037,615.9152500615916,926.8031470115747,885.0047015874771,449.9306961588981,238.18030248898415,0.0,232.12884256137596,340.05873741828134,1140.475066855435,92.3171607344343,552.8443351802248,753.9528671750463,343.04846588726053,783.8454912933906,349.47578632051926,249.29958687497032,486.3623983502588,386.8314432884745,350.8836728286764,13086.73208142365
263369,394.34908876276177,171.68364427148907,178.83459455879188,346.63067607732074,319.2263209951488,195.69819779750574,110.11057037275454,126.6843256938846,0.0,0.0,0.0,276.56396924608663,566.0418435547427,0.0,401.5142824366181,0.0,61.828861348778425,275.287085103036,51.287311519130164,261.74488435523915,269.2688811339451,260.716834074318,293.94205923502153,299.5506739890165,201.8139512797379,123.21180758206556,169.66291372301512,110.80537036695046,5466.458147477358
224379,392.6382467290839,1137.404143298615,533.1920319252869,405.63164221814134,418.6574701575722,256.6950386694556,352.111823939248,472.18703213175166,376.8526344690954,615.9152500615916,865.0162705441364,857.3483046628686,341.0764954752937,523.9966654757652,0.0,154.752561707584,109.10975532137368,629.2276230926537,0.0,132.09554911385902,473.91323079574335,315.6045886162797,328.1213684483961,773.8392411382926,237.4281779761622,330.72643087817596,128.94381442949148,230.84452159781344,11393.32991287373
1853231,379.80693147649947,701.0415474419137,460.33349340133464,265.50434763369253,235.49482696363435,167.74131239786206,136.7307082650688,460.67027525048945,279.9476713198994,301.11412225233363,1173.950652881328,746.7227169644339,449.9306961588981,381.08848398237467,430.19387403923366,353.72014104590625,281.86686791354873,589.900896649363,61.5447738229562,418.3025721938869,538.5377622678902,0.0,312.1710241488213,299.5506739890165,201.8139512797379,382.60508670220355,393.61795983739506,554.0268518347523,10957.930222114475
1914233,378.9515104596605,801.1903399336156,493.451010912222,944.0154582531289,926.2796527236285,1103.0262057677596,1257.1965122779336,437.63676148796503,511.4428610652009,944.4033834277737,823.8250195658442,1424.3044416173461,972.4308594401991,547.8146957246635,573.5918320523115,773.7628085379199,229.13048617488474,491.58408054113573,858.2076794201115,354.7010115094363,743.1821119296885,343.04846588726053,467.1172259161194,374.4383424862706,189.94254238092978,440.9685745042346,420.7640260330775,369.35123455650154,18195.759134586824
2946158,378.9515104596605,0.0,0.0,0.0,0.0,0.0,0.0,0.0,0.0,0.0,0.0,0.0,0.0,0.0,0.0,0.0,0.0,0.0,0.0,0.0,0.0,0.0,0.0,0.0,0.0,0.0,0.0,0.0,378.9515104596605
1890436,364.40935317339813,393.4416847888291,264.94014008709905,295.0048307041028,272.12735560242197,1166.5645816760407,248.05128490565582,391.569733962916,1475.1088834933162,410.6101667077277,638.4643901635293,290.39216770839096,195.9375612304879,500.1786352268668,630.9510152575427,287.3976145997988,521.9083296205708,688.21771275759,160.7002427599412,511.258699348084,376.97643358752316,672.3749931390306,339.51447151952095,898.6520219670493,759.7701695237191,778.179837360414,977.2583830445672,941.8456481190789,15451.806342035212
1892261,361.8430901228813,0.0,69.54678677286351,191.7531399576668,146.53011455515028,409.18714084933015,133.10068946157142,0.0,398.38707072447227,0.0,308.9343823371916,0.0,0.0,0.0,0.0,386.88140426895995,247.3154453951137,0.0,112.83208534208636,261.74488435523915,193.87359441644048,150.94132499039466,268.8772324785468,474.28856714927605,201.8139512797379,201.02979131810693,495.4157080712041,184.67561727825077,5198.972021124484
1955043,358.4214060555254,0.0,0.0,0.0,0.0,747.2113006813855,352.111823939248,0.0,436.07233417138184,0.0,0.0,0.0,0.0,0.0,0.0,0.0,0.0,0.0,0.0,229.94410401301386,0.0,0.0,0.0,0.0,118.7140889880811,330.72643087817596,346.11234399495083,212.37695986998835,3131.6907925917503
3402413,358.4214060555254,164.53015909351038,96.04080078157341,656.3857483166287,633.219423613328,508.30700726624866,626.7832467372181,184.2681101001958,231.49518974530147,410.6101667077277,0.0,331.87676309530394,304.79176191409226,0.0,0.0,309.505123415168,385.5211354688537,196.63363221645432,225.66417068417272,247.06760112036596,172.33208392572487,0.0,328.1213684483961,0.0,130.58549788688921,376.1202547242001,325.752794348189,249.3120833256385,7453.345528990708
10501,354.99972198816954,271.832436763191,158.96408405225944,147.5024153520514,104.66436753939306,55.91377079928735,16.940087749654545,714.0389266382587,441.455943235226,314.8011278092579,494.29501173950655,152.11018308534764,290.2778684896117,833.6310587114446,516.2326488470803,165.80631611526854,381.88414362480796,334.27717476797227,58.125619721680856,344.91615601952077,129.24906294429366,0.0,100.2593070258988,399.40089865202197,486.7277648511325,291.8174390101553,257.88762885898296,240.07830246172597,8058.0894668532
1937961,347.30093283661887,271.832436763191,334.4869268599626,317.1301930069105,392.4913782727239,137.24289196188715,200.86104046018957,0.0,312.24932570296477,0.0,329.5300078263377,221.2511753968693,94.34030725912379,0.0,0.0,276.3438601921142,196.39755957847265,0.0,0.0,183.4660404359153,258.4981258885873,0.0,426.1020548600699,0.0,0.0,175.09046340609316,203.59549646761815,138.50671295868807,4816.716930134337
1501348,344.73466978610196,450.6695662126588,394.0984583795599,228.62874379567964,334.9259761260578,134.7013569255559,58.080300855958434,0.0,376.8526344690954,0.0,391.316884293776,483.98694618065156,181.4236678060073,404.9065142312731,831.7081564758519,685.3327732764434,1163.8373900946528,314.6138115463269,34.19154101275345,320.45401729473207,161.56132868036707,150.94132499039466,277.9917149354467,549.1762356465302,0.0,376.1202547242001,468.2696418755217,461.6890431956269,9580.212952811224
1903416,340.45756470190713,143.0697035595742,284.8106505936315,449.88236682375674,361.092068010906,198.23973283383697,143.9907458720636,149.71783945640905,80.7541359576633,314.8011278092579,0.0,152.11018308534764,108.85420068360438,0.0,0.0,420.04266749201366,425.52804575335745,0.0,0.0,469.67306351594317,0.0,0.0,462.5599846876695,0.0,0.0,311.2719349441656,332.5393108971096,332.41611110085137,5481.811437779069
1331809,340.45756470190713,92.99530731372325,291.434154095809,206.50338149287197,272.12735560242197,208.40587297916196,394.46204331338436,403.0864908441783,1545.0958013232912,150.55706112616681,0.0,0.0,94.34030725912379,309.6343932356794,0.0,0.0,81.83231649103027,0.0,82.05969843060826,261.74488435523915,0.0,754.7066249519733,375.97240134712047,449.32601098352467,510.47058264874875,233.4539512081242,251.1011123100624,313.94854937302625,7623.715865387177
1491775,339.6021436850682,307.5998626530846,324.5516716066964,184.37801919006424,120.364022670302,99.11986641691848,31.46016296364415,495.2205458942762,339.1673710221859,150.55706112616681,350.12563331548375,207.42297693456499,420.90290930993694,785.9949982136477,458.87346564184924,154.752561707584,269.13739645938847,255.62372188139062,51.287311519130164,572.4140461600557,549.308517513248,562.5994840551073,594.7199803127179,0.0,178.07113348212164,311.2719349441656,318.9662777992684,600.195756154315,9033.688832632384
3424642,335.3250386008734,0.0,0.0,0.0,52.33218376969653,0.0,0.0,0.0,0.0,0.0,226.55188038060717,0.0,0.0,0.0,0.0,0.0,0.0,0.0,0.0,58.709132939492896,0.0,0.0,0.0,0.0,0.0,0.0,0.0,0.0,672.91823569067
36734,334.46961758403444,214.60455533936135,175.52284280770314,162.25265688725653,172.69620643999855,86.41219123526227,16.940087749654545,345.5027064378671,161.5082719153266,0.0,0.0,152.11018308534764,275.7639750651311,285.816362986781,0.0,154.752561707584,83.65081241305316,0.0,0.0,85.61748553676047,161.56132868036707,219.55101816784673,143.5530986961733,0.0,142.45690678569733,382.60508670220355,190.02246336977694,267.7796450534636,4215.150064646651
742845,333.61419656719545,193.1440998054252,125.84656654137207,147.5024153520514,235.49482696363435,172.82438247052454,843.3743686792297,161.23459633767132,80.7541359576633,314.8011278092579,926.8031470115747,235.07937385917361,0.0,357.27045373347624,0.0,287.3976145997988,290.9593475236632,196.63363221645432,2167.7437002085685,168.78875720104207,118.47830769893584,274.4387727098084,246.09102633629706,0.0,178.07113348212164,129.696639560069,135.73033097841207,138.50671295868807,8460.27966656211
2162846,331.90335453351753,414.90214032276526,334.4869268599626,221.25362302807707,256.427700471513,73.70451605360606,56.870294588125965,702.5221697569965,376.8526344690954,246.3661000246366,370.7212588046299,387.1895569445213,696.6668843750681,857.4490889603429,0.0,165.80631611526854,140.0241859957629,196.63363221645432,136.7661640510138,352.2547976369574,592.3915384946793,164.66326362588507,255.20550879319697,0.0,332.3994491666271,188.06012736210005,115.37078133165028,258.545864189551,8225.437878172006
3064797,327.6262494493227,679.5810919079776,301.3694093490752,464.6326083589619,408.1910334036329,503.2239371935862,502.15260115047397,472.18703213175166,317.63293476680894,246.3661000246366,638.4643901635293,608.4407323413906,3026.146779004202,285.816362986781,0.0,287.3976145997988,321.87377819805243,373.6039012112632,184.6343214688686,1269.5849998165338,635.4745594761105,507.71172951314566,601.5558421553927,274.5881178232651,273.04240467258654,304.78710296616214,352.8988605438714,360.1174536925889,14529.101948369766
90627,322.49372334828894,157.37667391553165,172.21109105661438,280.25458916889767,266.8941372254523,340.56569486838663,307.3415920294467,207.30162386272025,258.41323506452255,615.9152500615916,226.55188038060717,331.87676309530394,123.36809410808496,261.9983327378826,0.0,254.23635137674512,74.5583328029387,255.62372188139062,170.95770506376724,222.60546239557723,118.47830769893584,301.8826499807893,246.09102633629706,0.0,201.8139512797379,304.78710296616214,271.46066195682414,369.35123455650154,6664.409189218997
213121,321.63830233145,414.90214032276526,327.8634233577851,457.2574875913593,518.0886193199956,343.1072299047179,294.0315230832896,218.81838074398252,193.8099262983919,1149.7084667816375,205.95625489146104,525.4715415675646,203.1945079427282,0.0,0.0,331.6126322305371,147.29816968385447,530.9108069844267,635.962662837214,266.63731210019694,107.70755245357805,178.3852022613755,398.75860748937026,0.0,237.4281779761622,551.2107181302932,312.1797612503478,470.92282405953944,9342.862231594025
1643948,319.9274602977721,293.29289229712714,205.32860856750176,191.7531399576668,251.1944820945433,55.91377079928735,22.99011908881688,633.421628469423,430.6887251075376,205.30508335386386,391.316884293776,207.42297693456499,108.85420068360438,762.1769679647493,315.47550762877137,0.0,183.66808812431236,196.63363221645432,0.0,185.91225430839418,280.0396363793029,260.716834074318,100.2593070258988,399.40089865202197,237.4281779761622,110.24214362605865,108.58426478272966,0.0,6457.94768470466
171551,319.0720392809331,593.739269772233,367.60444437084993,413.00676298574393,418.6574701575722,416.8117459583239,249.26129117348827,276.4021651502937,199.19353536223613,396.9231611508034,473.6993862503604,428.6741523314343,420.90290930993694,0.0,0.0,386.88140426895995,312.78129858793795,432.5939908761994,1063.3569254966321,239.72895950292934,398.5179440782387,343.04846588726053,380.52964257557045,0.0,439.2421292559001,207.5146232961104,285.0336950546654,249.3120833256385,9712.489495460251
1647988,319.0720392809331,236.06501087329747,122.53481479028333,472.00772912656447,418.6574701575722,180.4489875795183,314.60162963644154,357.01946331912933,306.86571663912054,328.4881333661821,0.0,193.59477847226066,159.6528276692864,0.0,344.15509923138694,574.7952291995977,392.7951191569453,235.96035865974517,123.0895476459124,489.24277449577414,183.10283917108268,548.8775454196168,546.8689474139934,698.9515726410385,439.2421292559001,564.1803820863001,603.9999728539339,600.195756154315,9754.465874296131
1652132,319.0720392809331,207.45107016138263,149.02882879899323,457.2574875913593,293.06022911030055,180.4489875795183,89.54046381960258,714.0389266382587,446.83955229907025,369.5491500369549,288.3387568480455,207.42297693456499,145.13893424480585,547.8146957246635,0.0,486.3651939381211,425.52804575335745,196.63363221645432,0.0,440.3184970461968,193.87359441644048,370.4923431582414,394.2013662609203,349.47578632051926,225.5567690773541,298.3022709881587,264.67414540790355,230.84452159781344,8291.268265249933
558314,315.65035521357726,107.30227766968068,109.28780778592836,0.0,57.56540214666617,0.0,16.940087749654545,0.0,0.0,0.0,0.0,0.0,159.6528276692864,0.0,0.0,254.23635137674512,96.38028386721342,0.0,0.0,146.77283234873224,0.0,0.0,77.47310088364907,0.0,0.0,149.15113549407934,95.01123168488847,0.0,1585.4236938901015
2772226,313.08409216306035,143.0697035595742,149.02882879899323,191.7531399576668,204.09551670181645,205.86433794283073,450.1223316336779,138.20108257514684,209.96075348992457,917.0293723139251,0.0,235.07937385917361,108.85420068360438,0.0,544.912240449696,0.0,181.8495922022895,353.9405379896178,85.47885253188362,119.86447975146467,0.0,219.55101816784673,157.22482238152313,0.0,0.0,278.8477750541483,88.22471513596786,120.03915123086298,5416.075918574694
474943,313.08409216306035,371.981229254893,208.64036031859052,339.2555553097182,313.99310261817914,218.57201312448692,118.5806142475818,426.12000460670276,344.55098008603005,0.0,350.12563331548375,276.56396924608663,449.9306961588981,714.5409074669525,0.0,221.0750881536914,165.48312890408343,255.62372188139062,34.19154101275345,195.69710979830967,581.6207832493214,0.0,344.0717127479709,374.4383424862706,0.0,343.6960948341828,230.74156266330056,193.9093981421633,7386.487641790101
2303507,310.51782911254344,157.37667391553165,145.7170770479045,892.3896128799109,722.184136021812,2869.393056017974,404.1420934560441,241.85189450650697,3327.0704014557277,424.2971722646519,205.95625489146104,152.11018308534764,203.1945079427282,0.0,0.0,408.9889130843291,911.0664569334704,196.63363221645432,164.11939686121653,166.34254332856324,172.33208392572487,0.0,227.86206142249728,0.0,0.0,246.42361516413112,210.38201301653876,443.2214814678018,13203.573090018872
2093822,309.6624080957045,300.44637747510586,139.09357354572703,0.0,83.73149403151444,0.0,47.19024444546623,310.9524357940804,86.13774502150751,150.55706112616681,0.0,0.0,0.0,261.9983327378826,0.0,110.5375440768457,158.20914521599184,0.0,78.64054432933293,107.63341038907032,0.0,0.0,132.1599956250484,0.0,166.19972458331355,149.15113549407934,142.5168475273327,203.14317900607583,2937.961198520246
1892251,306.24072402834867,343.36728854297814,208.64036031859052,722.7618352250519,308.75988424120953,1499.5056714354337,709.0636729498259,230.33513762524473,1701.2204641747735,656.9762667323643,308.9343823371916,636.0971292659992,1204.6531542318885,261.9983327378826,0.0,442.1501763073828,494.6308907902274,589.900896649363,519.7114233938523,464.7806357709855,150.79057343500926,356.770404522751,362.3006776617707,0.0,0.0,486.3623983502588,678.6516548920605,627.8970987460525,14272.5011343665
2831100,303.6744609778318,379.1347144328717,705.4031229819013,678.5111106194364,664.6187338751458,2000.1880735926884,1353.997013704531,460.67027525048945,597.5806060867084,1300.2655279078044,0.0,594.6125338790862,312.0487086263326,833.6310587114446,344.15509923138694,795.870317353289,361.8806884825561,255.62372188139062,858.2076794201115,645.8004623344219,204.6443496617983,150.94132499039466,287.1061973923466,374.4383424862706,593.5704449404055,590.1197099983139,603.9999728539339,627.8970987460525,16878.591350418945
2811504,303.6744609778318,300.44637747510586,185.45809806096935,0.0,109.8975859163627,86.41219123526227,27.83014416014675,0.0,91.52135408535175,314.8011278092579,453.10376076121435,276.56396924608663,406.3890158854564,0.0,0.0,0.0,47.280893972595265,432.5939908761994,0.0,386.5017918516616,495.45474128645895,493.98979087765514,282.5489561638966,0.0,166.19972458331355,317.75676692216905,318.9662777992684,295.48098764520125,5792.872007591464
74712,303.6744609778318,243.2184960512762,255.00488483383285,250.75410609848737,282.59379235636123,564.220778065536,822.8042621260778,264.8854082690315,366.085416341407,437.98417782157617,247.14750586975327,428.6741523314343,275.7639750651311,428.72454448017146,315.47550762877137,497.41894834580563,314.5997945099608,314.6138115463269,273.5323281020276,318.0078034222532,333.89341260609194,150.94132499039466,116.20965132547362,274.5881178232651,189.94254238092978,259.393279120138,169.66291372301512,341.6498919647639,9041.465288177125
224467,301.96361894415384,78.68833695776583,162.2758358033482,413.00676298574393,387.25815989575426,205.86433794283073,75.02038860561298,126.6843256938846,0.0,0.0,0.0,0.0,72.56946712240293,0.0,0.0,187.9138249306377,383.7026395468308,0.0,150.44278045611517,1719.6883523526462,107.70755245357805,0.0,312.1710241488213,0.0,320.52804026781894,622.5438698883312,373.25841019063324,341.6498919647639,6342.937620151674
2844866,297.686513859959,636.6601808401053,635.8563362090377,435.1321252885516,790.2159749224176,1245.3521678023094,1034.5553589967597,955.8908211447656,543.7445154482662,711.7242889600614,329.5300078263377,483.98694618065156,776.4932982097113,0.0,0.0,342.6663866382217,454.62398050572375,393.26726443290863,297.46640681095494,332.6850866571265,753.9528671750463,960.5357044843296,519.5255000432938,748.8766849725412,712.2845339284866,324.24159890017245,291.82021160358596,443.2214814678018,15451.996243309128
45404,290.8431457252473,236.06501087329747,291.434154095809,553.1340575701927,429.1239069115115,612.5099437558297,536.032776649783,0.0,279.9476713198994,342.17513892310643,205.95625489146104,304.2203661706953,253.99313492841023,0.0,0.0,265.29010578442967,189.12357589038106,393.26726443290863,270.1131740007522,171.23497107352094,161.56132868036707,192.1071408968659,236.97654387939716,349.47578632051926,118.7140889880811,188.06012736210005,210.38201301653876,193.9093981421633,7275.651080283267
3385906,289.1323036915694,929.9530731372324,1639.3171167889254,796.5130429010776,821.6152851842354,3291.2878720489603,2129.6110313851427,299.4356789128181,780.623314257412,3325.9423503325943,432.5081352720682,871.1765031251728,406.3890158854564,905.0851494581398,315.47550762877137,773.7628085379199,292.7778434456861,609.5642598710083,885.5609122303142,242.1751733754082,258.4981258885873,260.716834074318,544.5903267997685,449.32601098352467,403.6279025594758,505.8168942842691,441.1235756798393,831.0402777521284,23732.646325491816
2812006,288.2768826747304,293.29289229712714,278.18714709145405,405.63164221814134,481.456090681208,274.4857839237743,297.66154188678695,172.75135321893356,393.00346166062803,314.8011278092579,473.6993862503604,456.3305492560429,566.0418435547427,381.08848398237467,0.0,243.18259696906054,561.9152399050745,412.93062765455403,85.47885253188362,454.99578028107,969.3679720822024,288.16071134529886,353.1861952048708,349.47578632051926,403.6279025594758,616.0590379103277,427.55054258199806,452.4552623317143,10695.094694183612
83676,285.71061962421356,393.4416847888291,364.2926926197612,730.1369559926543,659.3855154981762,800.5835364443417,1122.8858165485296,264.8854082690315,409.15428885216073,834.9073389723796,453.10376076121435,746.7227169644339,283.02092177737137,357.27045373347624,315.47550762877137,408.9889130843291,201.85304734454135,373.6039012112632,335.07710192498377,273.97595371763356,236.95661539787167,0.0,1109.6882391275617,299.5506739890165,296.78522247020277,376.1202547242001,291.82021160358596,249.3120833256385,12474.709436396175
2942963,285.71061962421356,0.0,0.0,0.0,0.0,25.41535036331243,13.310068946157141,0.0,0.0,0.0,0.0,0.0,0.0,0.0,0.0,0.0,0.0,0.0,0.0,0.0,0.0,0.0,0.0,0.0,0.0,0.0,0.0,0.0,324.4360389336831
335928,284.8551986073746,922.7995879592537,1324.7007004354953,604.7599029434107,696.0180441369638,2831.270030473005,2035.2305424942099,449.15351836922724,818.3085777043215,1450.822589033971,267.74313135889935,1175.396869295868,558.7848968425025,1595.8080266761938,516.2326488470803,1514.364353852786,1020.1762122548439,294.9504483246815,1432.6255684343694,425.6412138113235,301.58114687001853,205.82907953235633,328.1213684483961,723.9141288067899,605.4418538392136,486.3623983502588,610.7864894028544,757.1700308408281,24238.848557946494
3044472,283.14435657369665,85.84182213574454,49.67627626633108,103.25169074643598,115.13080429333235,205.86433794283073,87.12045128393765,195.784866981458,113.05579034072862,0.0,0.0,0.0,0.0,285.816362986781,0.0,0.0,27.27743883034342,0.0,78.64054432933293,303.33052018738,0.0,0.0,157.22482238152313,0.0,201.8139512797379,350.1809268121863,149.3033640762533,203.14317900607583,2995.6015064541098
92713,279.7226725063408,228.91152569531874,142.40532529681576,501.50821219697474,559.9543663357529,210.9474080154932,93.17048262309999,287.91892203155595,188.4263172345477,0.0,0.0,235.07937385917361,428.1598560221772,357.27045373347624,430.19387403923366,221.0750881536914,205.49003918858713,235.96035865974517,0.0,340.02372827456304,441.60096505967,219.55101816784673,893.2192807761893,299.5506739890165,154.32831568450544,213.99945527411384,454.69660877768047,203.14317900607583,7826.307500601644
2691359,278.8672514895018,193.1440998054252,145.7170770479045,1143.1437189783983,858.247813823023,805.6666065170042,2003.770379530566,403.0864908441783,516.8264701290451,1026.5254167693192,576.677513696091,843.5201062005642,370.1042823242549,309.6343932356794,0.0,519.5264571611748,430.9835335194261,412.93062765455403,1114.6442370157624,533.2746242003939,290.8103916246607,384.2142817937318,560.5406710993433,349.47578632051926,320.52804026781894,453.9382384602415,542.9213239136483,572.4944135625773,15961.214246984804
1663426,277.1564094558239,0.0,59.61153151959729,0.0,62.798620523635826,45.74763065396238,33.88017549930909,0.0,0.0,0.0,0.0,0.0,0.0,0.0,0.0,0.0,0.0,0.0,188.05347557014395,61.15534681197177,0.0,0.0,22.78620614224973,0.0,0.0,0.0,95.01123168488847,0.0,846.2006278615823
3421337,275.445567422146,157.37667391553165,119.22306303919459,243.3789853308848,225.02839020969506,101.66140145324972,45.98023817763376,506.7373027755384,376.8526344690954,0.0,0.0,152.11018308534764,108.85420068360438,476.3606049779683,0.0,552.6877203842284,387.3396313908766,373.6039012112632,68.3830820255069,261.74488435523915,0.0,411.65815906471266,305.33516230614634,0.0,261.17099577377843,376.1202547242001,312.1797612503478,277.01342591737614,6376.246223943565
2886822,273.73472538846806,336.2138033649994,255.00488483383285,236.00386456328224,423.8906885345418,228.7381532698119,263.78136638747793,115.16756881262236,172.27549004301503,766.4723111877584,0.0,566.9561369544775,522.500163281301,0.0,0.0,420.04266749201366,241.85995762904503,294.9504483246815,198.31093787397,364.48586699935174,506.22549653181676,727.2627476809923,590.162739084268,723.9141288067899,439.2421292559001,453.9382384602415,305.3932447014272,350.8836728286764,9777.41143229076
224027,273.73472538846806,393.4416847888291,228.51087082512294,73.7512076760257,83.73149403151444,249.07043356046185,82.2804262126078,483.70378901301393,231.49518974530147,191.6180777969396,0.0,331.87676309530394,101.5972539713641,500.1786352268668,516.2326488470803,0.0,40.00691028450369,334.27717476797227,37.61069511402879,149.21904622121113,0.0,370.4923431582414,145.83171931039826,249.62556165751374,178.07113348212164,278.8477750541483,183.23594682085633,387.8187962843266,6096.260302334223
85016,272.02388335479014,500.7439624585098,480.20400390786705,1224.2700474220267,832.0817219381747,1542.7117670530647,2586.993400625815,506.7373027755384,834.4594048958542,1820.3717390709262,308.9343823371916,1023.2866862105204,609.5835238281845,523.9966654757652,573.5918320523115,696.3865276841279,189.12357589038106,570.2375334277175,769.3096727869524,269.0835259726758,570.8500280039636,205.82907953235633,426.1020548600699,424.36345481777334,237.4281779761622,259.393279120138,848.3145686150756,378.58501542041404,19484.996817514337
45401,268.60219928743425,429.2091106787227,486.8275074100445,737.512076760257,392.4913782727239,1469.0072509994586,1685.5387310906272,149.71783945640905,775.2397051935676,1122.3344556677891,308.9343823371916,594.6125338790862,602.3265771159442,0.0,315.47550762877137,442.1501763073828,321.87377819805243,668.5543495359445,1302.6977125859064,415.85635832140804,258.4981258885873,370.4923431582414,273.4344737069967,474.28856714927605,189.94254238092978,369.63542274619664,312.1797612503478,452.4552623317143,15189.888129339011
3044473,268.60219928743425,0.0,0.0,0.0,0.0,0.0,0.0,0.0,0.0,0.0,0.0,0.0,0.0,0.0,0.0,0.0,0.0,0.0,0.0,31.80078034222532,0.0,0.0,0.0,0.0,0.0,0.0,0.0,0.0,300.40297962965957
1763524,266.8913572537564,550.8183587043607,433.8394793926247,1379.1475835416804,1172.2409164412022,904.7864729339226,3826.039818886262,518.2540596568007,1308.2170025141454,2627.905066929457,679.6556411418215,1161.5686708335638,580.5557369792234,738.3589377158509,544.912240449696,541.6339659765439,247.3154453951137,747.2078024225264,711.1840530652717,352.2547976369574,570.8500280039636,219.55101816784673,382.8082631897954,299.5506739890165,201.8139512797379,421.5140785702242,325.752794348189,304.71476850911375,22019.342983928673
85020,261.7588311527226,214.60455533936135,344.42218211322876,597.3847821758081,507.6221825660563,604.885338646836,1020.03528378277,0.0,290.7148894475879,1190.7694834524102,576.677513696091,636.0971292659992,333.81954876305343,381.08848398237467,0.0,994.8378966916113,238.22296578499925,452.25735409784494,612.0285841282866,286.20702308002785,344.66416785144975,0.0,189.12551098067274,0.0,154.32831568450544,220.4842872521173,162.8763971740945,249.3120833256385,10864.224790435546
3152140,261.7588311527226,500.7439624585098,245.06962958056667,0.0,0.0,0.0,0.0,0.0,0.0,0.0,391.316884293776,359.5331600199126,507.98626985682046,0.0,0.0,0.0,0.0,373.6039012112632,0.0,85.61748553676047,570.8500280039636,0.0,31.90068859914962,0.0,0.0,97.27247967005175,135.73033097841207,101.57158950303791,3662.955240864947
2692416,260.04798911904464,143.0697035595742,66.23503502177476,0.0,83.73149403151444,55.91377079928735,33.88017549930909,126.6843256938846,96.90496314919595,0.0,0.0,0.0,145.13893424480585,0.0,0.0,0.0,101.8357716332821,0.0,0.0,134.5417629863379,0.0,0.0,241.5337851078471,0.0,0.0,0.0,0.0,120.03915123086298,1609.5568620767208
69657,259.19256810220566,243.2184960512762,447.0864863969797,405.63164221814134,450.0567804193901,574.386918210861,747.7838735204649,0.0,559.8953426397989,383.2361555938792,267.74313135889935,373.36135848221693,370.1042823242549,0.0,0.0,353.72014104590625,249.13394131713662,235.96035865974517,194.89178377269462,386.5017918516616,161.56132868036707,0.0,293.94205923502153,0.0,546.0848093451731,369.63542274619664,542.9213239136483,572.4944135625773,8988.544409448497
10240,259.19256810220566,786.8833695776582,394.0984583795599,383.5062799153336,423.8906885345418,198.23973283383697,53.240275784628565,483.70378901301393,247.64601693683412,0.0,432.5081352720682,594.6125338790862,399.13206917321605,476.3606049779683,372.8346908340025,143.6988072998994,176.3941044362208,196.63363221645432,51.287311519130164,591.9837571398867,473.91323079574335,315.6045886162797,665.357219353692,549.1762356465302,154.32831568450544,142.66630351607589,244.3145957611418,184.67561727825077,9395.882932477765
188709,258.3371470853668,393.4416847888291,215.263863820768,361.38091761252593,418.6574701575722,340.56569486838663,118.5806142475818,322.46919267534264,285.33128038374366,0.0,329.5300078263377,207.42297693456499,188.68061451824758,523.9966654757652,315.47550762877137,298.4513690074834,323.69227412007524,314.6138115463269,2078.8456935754093,513.7049132205628,226.1858601525139,219.55101816784673,314.44964476304625,274.5881178232651,142.45690678569733,395.57475065821046,346.11234399495083,350.8836728286764,10078.24401466787
3078917,254.06004200117192,221.75804051734005,175.52284280770314,199.1282607252694,256.427700471513,157.5751722525371,83.49043248044025,714.0389266382587,484.52481574597977,328.4881333661821,247.14750586975327,221.2511753968693,246.73618821616992,666.9048469691556,372.8346908340025,0.0,67.28434911484712,353.9405379896178,37.61069511402879,200.5895375432674,280.0396363793029,192.1071408968659,280.27033554967164,0.0,166.19972458331355,233.4539512081242,305.3932447014272,249.3120833256385,6996.090010698451
2005473,252.34919996749403,221.75804051734005,162.2758358033482,258.12922686608994,319.2263209951488,185.53205765218078,96.80050142659739,0.0,69.98691782997486,0.0,0.0,207.42297693456499,108.85420068360438,0.0,0.0,154.752561707584,114.56524308744237,0.0,47.868157417854825,176.1273988184787,140.01981818965146,631.2091772325595,428.3806754742949,524.2136794807789,368.01367586305145,259.393279120138,278.2471785057448,203.14317900607583,5208.269302579998
2762306,250.63835793381608,429.2091106787227,500.0745144143995,523.6335744997824,2381.114361521192,920.0356831519101,1242.676437063944,6161.464931475296,2239.5813705591954,465.3581889354247,329.5300078263377,401.01775540682564,493.47237643233984,381.08848398237467,430.19387403923366,10677.926757823294,6219.2560533183005,334.27717476797227,324.81963962115776,1895.815751171125,398.5179440782387,1536.8571271749272,485.3461908299192,823.7643534697953,1388.954841160549,849.512989118452,2280.269560437323,1108.0537036695046,45472.461114561345
909930,250.63835793381608,0.0,89.41729727939594,118.00193228164112,83.73149403151444,132.15982188922467,66.55034473078571,0.0,0.0,0.0,0.0,138.28198462304331,108.85420068360438,0.0,0.0,132.64505289221484,127.29471454160263,216.2969954380997,167.53855096249188,234.83653175797158,0.0,0.0,211.91171712292248,0.0,142.45690678569733,408.5444146142174,502.2022246201248,554.0268518347523,3685.389394023121
2934961,250.63835793381608,314.7533478310633,235.13437432730043,302.37995147170534,245.96126371757364,1758.7422451412206,519.0926889001286,610.3881147068985,1281.2989571949245,684.3502778462129,432.5081352720682,580.7843354167819,319.3056553385728,976.5392402048351,1433.979580130779,276.3438601921142,420.0725579872887,629.2276230926537,273.5323281020276,354.7010115094363,409.2886993235966,466.5459136066744,373.6937807328955,349.47578632051926,546.0848093451731,434.48374252623114,447.9100922287599,489.39038578736455,15416.607116188618
31993,248.92751590013816,443.5160810346801,500.0745144143995,980.8910620911417,978.611836493325,1270.7675181656216,922.0247760883401,357.01946331912933,419.92150697984914,821.2203334154555,350.12563331548375,483.98694618065156,224.96534807944906,452.5425747290699,946.426522886314,585.8489836072822,372.7916640146935,432.5939908761994,437.65172496324413,225.0516762680561,409.2886993235966,205.82907953235633,398.75860748937026,0.0,344.2708580654352,350.1809268121863,278.2471785057448,757.1700308408281,14198.705053392037
186821,247.2166738664602,314.7533478310633,238.44612607838917,295.0048307041028,287.8270107333309,556.5961729565423,187.55097151403245,0.0,0.0,0.0,0.0,276.56396924608663,72.56946712240293,0.0,0.0,143.6988072998994,78.19532464698449,314.6138115463269,9289.84169316511,379.163150234225,0.0,260.716834074318,216.46895835137244,0.0,118.7140889880811,129.696639560069,244.3145957611418,175.4418364143382,13827.394310094274
2808923,246.36125284962125,0.0,278.18714709145405,0.0,0.0,40.664560581299895,26.620137892314283,0.0,0.0,0.0,0.0,0.0,0.0,0.0,0.0,0.0,0.0,0.0,0.0,0.0,0.0,0.0,41.01517105604951,0.0,0.0,0.0,0.0,0.0,632.848269470739
2483367,245.50583183278232,221.75804051734005,142.40532529681576,0.0,0.0,106.74447152591222,112.53058290841948,0.0,0.0,0.0,0.0,331.87676309530394,159.6528276692864,0.0,0.0,0.0,149.1166656058774,0.0,123.0895476459124,124.75690749642241,193.87359441644048,164.66326362588507,123.04551316814853,0.0,0.0,201.02979131810693,142.5168475273327,0.0,2542.5659736499856
717964,245.50583183278232,407.74865514478654,182.1463463098806,81.12632844362827,204.09551670181645,152.4921021798746,52.030269516796096,322.46919267534264,183.0427081707035,0.0,329.5300078263377,262.7357707837823,283.02092177737137,309.6343932356794,0.0,187.9138249306377,263.6819086933197,0.0,0.0,347.36236989199966,183.10283917108268,178.3852022613755,259.7627500216469,624.0639041437844,201.8139512797379,246.42361516413112,169.66291372301512,295.48098764520125,5973.232311524712
225058,242.9395687822654,286.1394071191484,251.69313308274414,213.8785022604745,303.5266658642399,330.3995547230616,361.79187408190774,218.81838074398252,166.89188097917082,437.98417782157617,205.95625489146104,373.36135848221693,341.0764954752937,0.0,0.0,408.9889130843291,236.40446986297633,570.2375334277175,348.7537183300851,288.65323695250675,290.8103916246607,411.65815906471266,599.2772215411678,0.0,0.0,317.75676692216905,230.74156266330056,350.8836728286764,7788.622900609845
3082771,242.9395687822654,157.37667391553165,52.988028017419815,184.37801919006424,193.62907994787713,160.11670728886833,96.80050142659739,0.0,0.0,136.87005556924254,0.0,193.59477847226066,87.08336054688351,0.0,0.0,0.0,45.462398050572375,452.25735409784494,95.73631483570965,247.06760112036596,0.0,0.0,236.97654387939716,0.0,0.0,129.696639560069,74.65168203812665,0.0,2787.625306739096
2236,242.9395687822654,243.2184960512762,228.51087082512294,250.75410609848737,256.427700471513,279.56885399643676,406.562105991709,230.33513762524473,199.19353536223613,328.4881333661821,0.0,248.90757232147794,660.3821508138666,285.816362986781,0.0,132.64505289221484,80.01382056900738,196.63363221645432,82.05969843060826,56.262919067014025,236.95661539787167,205.82907953235633,202.79723466602258,0.0,225.5567690773541,259.393279120138,142.5168475273327,138.50671295868807,5820.276256147661
1890428,240.37330573174853,214.60455533936135,158.96408405225944,272.87946840129507,418.6574701575722,2007.8126787016824,350.90181767141553,345.5027064378671,2169.594452729221,451.6711833785004,247.14750586975327,414.84595386912997,493.47237643233984,357.27045373347624,1061.1448892967765,309.505123415168,316.4182904319837,0.0,157.28108865866585,283.760809207549,333.89341260609194,384.2142817937318,385.0868838040204,0.0,154.32831568450544,311.2719349441656,420.7640260330775,517.091728379102,12778.45879676046
570265,240.37330573174853,92.99530731372325,76.17029027504098,0.0,0.0,33.03995547230617,45.98023817763376,0.0,0.0,0.0,0.0,0.0,0.0,0.0,0.0,0.0,49.09938989461816,216.2969954380997,44.44900331657948,34.246994214704195,0.0,0.0,161.78206360997308,0.0,0.0,90.7876476920483,0.0,110.80537036695046,1196.0265615034261
1890464,237.80704268123162,164.53015909351038,125.84656654137207,95.8765699788334,177.92942481696818,787.8758612626855,206.91107179935193,115.16756881262236,586.81338795902,191.6180777969396,0.0,0.0,87.08336054688351,0.0,0.0,0.0,183.66808812431236,294.9504483246815,119.67039354463707,247.06760112036596,226.1858601525139,329.32652725177013,154.94620176729813,0.0,130.58549788688921,291.8174390101553,135.73033097841207,175.4418364143382,5066.849315864792
68298,236.0962006475537,0.0,89.41729727939594,132.75217381684627,73.26505727757514,114.36907663490595,39.93020683847143,207.30162386272025,139.9738356599497,0.0,0.0,0.0,137.88198753256555,261.9983327378826,344.15509923138694,0.0,183.66808812431236,353.9405379896178,37.61069511402879,232.39031788549275,118.47830769893584,0.0,159.5034429957481,249.62556165751374,189.94254238092978,337.2112628561794,95.01123168488847,203.14317900607583,3937.666058912976
1890500,234.38535861387578,321.90683300904203,208.64036031859052,442.50724605615414,282.59379235636123,617.5930138284921,601.3731151127363,0.0,619.1150423420853,260.0531055815608,329.5300078263377,815.8637092759556,595.0696304037039,0.0,487.55305724446487,198.96757933832225,189.12357589038106,1140.475066855435,796.6629055971553,215.26682077814064,441.60096505967,274.4387727098084,230.14068203672227,299.5506739890165,225.5567690773541,175.09046340609316,251.1011123100624,138.50671295868807,10392.66637197621
2232,234.38535861387578,593.739269772233,241.7578778294779,295.0048307041028,392.4913782727239,91.49526130792476,64.13033219512077,126.6843256938846,69.98691782997486,0.0,370.7212588046299,483.98694618065156,232.22229479168936,0.0,0.0,375.8276498612754,500.0863785562961,353.9405379896178,75.22139022805759,273.97595371763356,420.0594545689544,178.3852022613755,471.6744671445694,0.0,0.0,363.1505907681932,169.66291372301512,369.35123455650154,6747.941825371778
2005519,230.10825352968098,321.90683300904203,198.70510506532432,413.00676298574393,481.456090681208,343.1072299047179,180.29093390703764,345.5027064378671,209.96075348992457,0.0,288.3387568480455,304.2203661706953,268.5070283528908,0.0,573.5918320523115,132.64505289221484,269.13739645938847,275.287085103036,51.287311519130164,516.1511270930417,269.2688811339451,343.04846588726053,341.7930921337459,0.0,0.0,356.6657587901897,298.6067281525066,452.4552623317143,7465.048813930662
1202464,230.10825352968098,121.6092480256381,135.78182179463826,73.7512076760257,104.66436753939306,55.91377079928735,59.2903071237909,345.5027064378671,258.41323506452255,246.3661000246366,350.12563331548375,221.2511753968693,130.62504082032524,428.72454448017146,0.0,0.0,41.82540620652658,235.96035865974517,41.02984921530413,100.2947687716337,183.10283917108268,878.2040726713869,170.89654606687296,399.40089865202197,902.2270763094164,129.696639560069,217.16852956545932,0.0,6061.93439687785
2791015,228.39741149600306,429.2091106787227,175.52284280770314,206.50338149287197,198.8622983248468,121.99368174389967,47.19024444546623,138.20108257514684,118.43939940457284,0.0,308.9343823371916,262.7357707837823,195.9375612304879,0.0,0.0,221.0750881536914,256.40792500522815,0.0,167.53855096249188,112.52583813402805,172.33208392572487,329.32652725177013,499.017914515269,249.62556165751374,189.94254238092978,64.8483197800345,108.58426478272966,0.0,4803.151783870107
1890429,228.39741149600306,350.52077372095687,400.72196188173734,331.8804345421156,266.8941372254523,3128.6296297237604,306.13158576161425,184.2681101001958,2018.8533989415826,136.87005556924254,370.7212588046299,594.6125338790862,362.8473356120146,428.72454448017146,0.0,552.6877203842284,1443.8857620861784,530.9108069844267,174.37685916504256,418.3025721938869,484.6839860411012,329.32652725177013,430.65929608851985,499.2511233150275,249.29958687497032,583.6348780203106,753.3033369301871,590.9619752904025,16151.35760236461
1706372,227.5419904791641,286.1394071191484,291.434154095809,1268.520772027642,858.247813823023,693.8390649184295,2468.4127863782337,414.6032477254405,1130.5579034072862,2819.523144726397,638.4643901635293,1341.33525084352,834.5488719076336,404.9065142312731,516.2326488470803,939.5691246531885,474.6274356479756,609.5642598710083,735.1181317741991,256.8524566102814,732.4113566843307,548.8775454196168,1405.9089189768083,499.2511233150275,486.7277648511325,324.24159890017245,122.1572978805709,406.28635801215165,21735.901333290076
90142,227.5419904791641,0.0,0.0,110.62681151403854,136.06367780121099,121.99368174389967,37.51019430280649,552.8043303005874,306.86571663912054,177.93107224001534,0.0,0.0,0.0,452.5425747290699,286.79591602615574,276.3438601921142,329.147761886144,0.0,0.0,425.6412138113235,420.0594545689544,192.1071408968659,221.02619957982236,0.0,142.45690678569733,285.33260703215177,332.5393108971096,406.28635801215165,5441.616779438404
3067276,226.6865694623251,343.36728854297814,360.98094086867246,693.2613521546415,539.0214928278742,528.6392875568987,853.0544188218895,149.71783945640905,403.7706797883165,1231.8305001231831,308.9343823371916,719.0663200398252,391.8751224609758,0.0,315.47550762877137,596.9027380149668,270.95589238141133,353.9405379896178,239.34078708927413,124.75690749642241,355.43492309680755,301.8826499807893,207.35447589447253,374.4383424862706,379.88508476185956,194.5449593401035,156.0898806251739,193.9093981421633,10815.11827936928
53434,224.9757274286472,0.0,86.10554552830719,516.2584537321799,397.7245966496936,86.41219123526227,70.1803635342831,276.4021651502937,139.9738356599497,301.11412225233363,0.0,0.0,239.47924150392964,285.816362986781,344.15509923138694,221.0750881536914,410.98007837717427,0.0,553.9029644066057,237.28274563045045,0.0,329.32652725177013,464.83860530189446,0.0,356.1422669642433,103.7573116480552,298.6067281525066,369.35123455650154,6313.861255335941
2975520,224.9757274286472,107.30227766968068,129.1583182924608,309.7550722393079,209.3287350787861,106.74447152591222,36.30018803497402,529.770816538063,317.63293476680894,205.30508335386386,432.5081352720682,165.93838154765197,232.22229479168936,571.632725973562,458.87346564184924,331.6126322305371,107.29125939935079,0.0,61.5447738229562,183.4660404359153,280.0396363793029,343.04846588726053,184.5682697522228,0.0,166.19972458331355,149.15113549407934,325.752794348189,203.14317900607583,6373.266539494528
3076164,222.4094643781303,107.30227766968068,96.04080078157341,0.0,0.0,0.0,0.0,0.0,0.0,0.0,0.0,0.0,87.08336054688351,0.0,0.0,0.0,156.39064929396898,0.0,0.0,80.72505779180274,0.0,0.0,66.0799978125242,0.0,0.0,0.0,0.0,0.0,816.0316082745638
2066491,218.13235929393548,364.82774407691426,238.44612607838917,169.6277776548591,99.4311491624234,317.6918795414054,248.05128490565582,380.0529770816538,436.07233417138184,273.7401111384851,370.7212588046299,318.0485646329996,145.13893424480585,261.9983327378826,315.47550762877137,121.59129848453027,67.28434911484712,235.96035865974517,78.64054432933293,95.40234102667597,236.95661539787167,905.6479499423679,159.5034429957481,1123.3150274588118,652.9274894344461,201.02979131810693,251.1011123100624,0.0,8286.816661626737
2946160,215.5660962434186,300.44637747510586,390.7867066284711,693.2613521546415,303.5266658642399,226.19661823348065,136.7307082650688,403.0864908441783,602.9642151505526,752.785305630834,226.55188038060717,304.2203661706953,471.70153629561895,500.1786352268668,1290.581622117701,1315.3967745144637,520.089833698548,275.287085103036,1066.7760795979075,276.4221675901124,118.47830769893584,1138.920906745705,346.35033336219584,449.32601098352467,213.685360178546,363.1505907681932,366.47189364171265,433.98770060388927,13702.927621168248
41295,214.71067522657964,1552.3062836213803,2136.079879452236,744.8871975278595,921.0464343466588,4610.344555904876,1777.4992074458946,483.70378901301393,786.0069233212561,1259.2045112370315,308.9343823371916,829.6919077382599,391.8751224609758,1405.2637846850066,401.5142824366181,840.0853349840273,592.8296705794637,235.96035865974517,646.2201251410401,337.57751440208415,280.0396363793029,782.1505022229541,360.02205704754573,798.8017973040439,356.1422669642433,732.7860135143899,529.3482908158071,932.6118672551663,25247.644372024657
2748673,214.71067522657964,121.6092480256381,72.85853852395225,199.1282607252694,193.62907994787713,45.74763065396238,19.36010028531948,241.85189450650697,145.35744472379395,150.55706112616681,247.14750586975327,152.11018308534764,145.13893424480585,309.6343932356794,0.0,0.0,21.82195106427474,0.0,0.0,36.69320808718306,118.47830769893584,521.433668148636,77.47310088364907,0.0,0.0,84.30281571404485,0.0,120.03915123086298,3239.0831530082387
3152113,214.71067522657964,593.739269772233,99.35255253266216,272.87946840129507,1334.4706861272614,129.6182868528934,45.98023817763376,195.784866981458,91.52135408535175,0.0,514.8906372286526,221.2511753968693,268.5070283528908,0.0,0.0,497.41894834580563,40.00691028450369,314.6138115463269,0.0,225.0516762680561,0.0,137.2193863549042,184.5682697522228,0.0,0.0,356.6657587901897,162.8763971740945,267.7796450534636,6168.907042705348
1783343,213.85525420974068,0.0,49.67627626633108,110.62681151403854,99.4311491624234,99.11986641691848,30.250156695811686,0.0,0.0,0.0,0.0,0.0,0.0,0.0,0.0,0.0,281.86686791354873,0.0,0.0,95.40234102667597,0.0,178.3852022613755,100.2593070258988,0.0,0.0,155.6359674720828,101.79774823380907,92.33780863912538,1608.64475683778
292628,213.85525420974068,200.2975849834039,145.7170770479045,287.6297099365002,214.56195345575574,149.95056714354334,75.02038860561298,0.0,86.13774502150751,0.0,205.95625489146104,152.11018308534764,108.85420068360438,0.0,0.0,0.0,67.28434911484712,452.25735409784494,54.70646562040552,340.02372827456304,366.20567834216536,164.66326362588507,863.5972127912646,0.0,0.0,337.2112628561794,237.52807921222114,212.37695986998835,4935.945272869746
196137,212.99983319290172,157.37667391553165,112.5995595370171,280.25458916889767,272.12735560242197,157.5751722525371,59.2903071237909,161.23459633767132,113.05579034072862,0.0,0.0,0.0,123.36809410808496,0.0,286.79591602615574,121.59129848453027,120.02073085351105,196.63363221645432,0.0,273.97595371763356,280.0396363793029,0.0,246.09102633629706,0.0,118.7140889880811,304.78710296616214,325.752794348189,323.1823302369388,4247.466482132839
3423718,208.7227281087069,915.646102781275,1026.643042837509,899.7647336475135,659.3855154981762,2076.4341246826257,2848.3547544776284,1117.125417482437,1383.5875294079644,1040.2124223262433,0.0,898.8329000497814,399.13206917321605,428.72454448017146,602.2714236549272,674.2790188687587,463.7164601158382,648.8909863142992,584.6753513180839,352.2547976369574,355.43492309680755,686.0969317745211,1421.859263276383,349.47578632051926,451.1135381547082,531.7562221962829,407.1909929352363,507.8579475151896,21939.439528131763
189779,204.4456230245121,522.204417992446,457.0217416502459,331.8804345421156,172.69620643999855,317.6918795414054,332.7517236539285,253.3686513877692,183.0427081707035,424.2971722646519,329.5300078263377,497.8151446429559,740.2085646485098,261.9983327378826,0.0,221.0750881536914,89.10630017912185,845.5246185307535,372.68779703901254,391.39421959661934,732.4113566843307,260.716834074318,346.35033336219584,499.2511233150275,178.07113348212164,505.8168942842691,522.5617742668866,415.5201388760642,10409.440220367873
3118657,204.4456230245121,171.68364427148907,185.45809806096935,73.7512076760257,151.76333293211994,94.036796344256,48.400250713298696,0.0,53.8360906384422,0.0,0.0,0.0,268.5070283528908,0.0,0.0,0.0,21.82195106427474,0.0,0.0,127.20312136890128,280.0396363793029,1385.9158021845328,854.4827303343648,299.5506739890165,284.91381357139466,213.99945527411384,67.86516548920603,101.57158950303791,4889.246011172149
255472,202.73478099083417,0.0,0.0,0.0,0.0,35.58149050863741,13.310068946157141,115.16756881262236,0.0,0.0,0.0,0.0,87.08336054688351,0.0,286.79591602615574,619.010246830336,1112.9195042780116,0.0,0.0,183.4660404359153,107.70755245357805,0.0,127.60275439659848,0.0,0.0,239.93878318612764,115.37078133165028,120.03915123086298,3366.72799997437
995019,199.3130969234783,0.0,0.0,206.50338149287197,319.2263209951488,116.91061167123719,108.90056410492207,0.0,69.98691782997486,0.0,1462.2894097293736,0.0,1821.4936247723133,0.0,0.0,210.02133374600683,70.9213409588929,0.0,78.64054432933293,234.83653175797158,107.70755245357805,740.9846863164828,166.339304838423,0.0,0.0,765.2101734044071,590.4269397560926,212.37695986998835,7482.089294950498
3375061,198.45767590663937,100.14879249170195,62.923283270686035,191.7531399576668,141.29689617818062,226.19661823348065,526.3527265071233,0.0,113.05579034072862,246.3661000246366,0.0,0.0,116.11114739584468,0.0,0.0,320.55887782285254,571.007719515189,216.2969954380997,133.34700994973844,117.41826587898579,0.0,260.716834074318,205.07585528024754,599.101347978033,225.5567690773541,226.96911923012075,176.4494302719357,212.37695986998835,5187.537354693552
2211325,197.60225488980038,128.76273320361682,119.22306303919459,944.0154582531289,931.5128711005981,424.4363510673176,539.6627954532805,0.0,193.8099262983919,260.0531055815608,700.2512666309675,387.1895569445213,268.5070283528908,0.0,0.0,154.752561707584,80.01382056900738,412.93062765455403,218.82586248162207,78.27884391932386,280.0396363793029,411.65815906471266,275.7130943212217,873.689465801298,415.49931145828384,0.0,0.0,0.0,8296.42779417218
3118652,196.74683387296145,278.9859219411697,178.83459455879188,73.7512076760257,109.8975859163627,96.57833138058724,20.57010655315195,241.85189450650697,139.9738356599497,0.0,0.0,152.11018308534764,217.70840136720875,0.0,0.0,132.64505289221484,0.0,0.0,0.0,97.84855489915483,280.0396363793029,0.0,141.2744780819483,0.0,178.07113348212164,136.18147153807246,81.43819858704725,0.0,2754.507422377926
267892,190.75888675508867,150.22318873755293,255.00488483383285,398.2565214505388,397.7245966496936,241.44582845146812,329.1217048504312,0.0,204.57714442608037,1053.8994278831678,226.55188038060717,221.2511753968693,246.73618821616992,0.0,0.0,232.12884256137596,252.77093316118237,0.0,78.64054432933293,467.22684964346433,204.6443496617983,192.1071408968659,218.74757896559737,0.0,0.0,84.30281571404485,0.0,110.80537036695046,5756.925853332114
633392,190.75888675508867,264.67895158521236,245.06962958056667,1231.645168189629,696.0180441369638,1202.146072184678,2957.2553185825504,138.20108257514684,732.170832682814,1697.1886890586077,0.0,1258.3660600696942,573.2987902669831,0.0,0.0,552.6877203842284,169.1201207481292,412.93062765455403,1251.410401066776,95.40234102667597,172.33208392572487,150.94132499039466,252.92688817897198,299.5506739890165,368.01367586305145,84.30281571404485,122.1572978805709,258.545864189551,15377.119361279627
2942966,189.04804472141075,0.0,33.11751751088738,103.25169074643598,88.96471240848409,50.83070072662486,20.57010655315195,0.0,59.21969970228642,0.0,0.0,0.0,0.0,0.0,0.0,0.0,0.0,0.0,0.0,188.35846818087305,0.0,0.0,150.38896053884818,0.0,142.45690678569733,233.4539512081242,122.1572978805709,184.67561727825077,1566.4936742416457
3039168,188.1926237045718,0.0,33.11751751088738,0.0,0.0,134.7013569255559,96.80050142659739,172.75135321893356,123.82300846841706,0.0,0.0,0.0,0.0,0.0,0.0,0.0,125.47621861957975,0.0,119.67039354463707,200.5895375432674,0.0,246.99489543882757,88.86620395477394,0.0,213.685360178546,142.66630351607589,0.0,0.0,1887.3352740506707
1511852,187.33720268773286,193.1440998054252,155.6523323011707,0.0,88.96471240848409,0.0,0.0,264.8854082690315,118.43939940457284,0.0,0.0,235.07937385917361,79.8264138346432,0.0,0.0,0.0,76.37682872496158,334.27717476797227,0.0,105.18719651659144,0.0,137.2193863549042,34.17930921337459,249.62556165751374,225.5567690773541,90.7876476920483,108.58426478272966,0.0,2685.123081357684
3018589,183.06009760353803,0.0,46.36452451524234,0.0,57.56540214666617,205.86433794283073,211.75109687068178,161.23459633767132,150.74105378763815,164.24406668309106,0.0,0.0,0.0,261.9983327378826,0.0,121.59129848453027,167.30162482610632,0.0,0.0,127.20312136890128,0.0,370.4923431582414,164.06068422419804,0.0,0.0,0.0,95.01123168488847,0.0,2488.483812372108
3079746,182.20467658669907,143.0697035595742,102.66430428375088,0.0,0.0,292.276529178093,113.74058917625193,0.0,398.38707072447227,0.0,370.7212588046299,290.39216770839096,145.13893424480585,0.0,0.0,0.0,212.76402287667872,0.0,82.05969843060826,66.04777455692951,129.24906294429366,150.94132499039466,72.91585965519913,0.0,0.0,0.0,0.0,0.0,2752.5729777207725
255475,180.49383455302114,486.4369921025524,1149.1778576277923,803.88816366868,732.6505727757514,3334.4939676665913,2388.552372701291,518.2540596568007,689.1019601720601,1491.883605704744,226.55188038060717,663.7535261906079,355.59038889977427,333.4524234845778,0.0,851.1390893917119,367.3361762486247,294.9504483246815,608.6094300270114,237.28274563045045,366.20567834216536,274.4387727098084,410.1517105604951,1048.4273589615577,652.9274894344461,330.72643087817596,800.8089527726314,600.195756154315,20197.481645020925
203488,180.49383455302114,135.9162183815955,72.85853852395225,236.00386456328224,193.62907994787713,76.2460510899373,24.200125356649348,0.0,64.60330876613064,0.0,0.0,0.0,130.62504082032524,0.0,0.0,0.0,29.09593475236632,0.0,0.0,97.84855489915483,0.0,0.0,177.73240790954787,0.0,0.0,239.93878318612764,142.5168475273327,175.4418364143382,1977.1504266916384
2983189,179.63841353618216,150.22318873755293,135.78182179463826,634.260386013821,366.3252863878757,576.9284532471922,1315.2768131338921,460.67027525048945,543.7445154482662,944.4033834277737,0.0,622.268930803695,355.59038889977427,428.72454448017146,372.8346908340025,375.8276498612754,183.66808812431236,334.27717476797227,509.4539610900263,1110.5810981054074,140.01981818965146,329.32652725177013,330.3999890626211,499.2511233150275,189.94254238092978,162.12079945008622,244.3145957611418,304.71476850911375,11800.569227864662
85030,178.78299251934322,271.832436763191,192.08160156314682,280.25458916889767,251.1944820945433,546.4300328112173,963.164989194644,0.0,516.8264701290451,752.785305630834,329.5300078263377,359.5331600199126,166.90977438152672,0.0,0.0,442.1501763073828,76.37682872496158,275.287085103036,1562.5534242828323,154.11147396616886,0.0,164.66326362588507,134.4386162392734,0.0,154.32831568450544,389.089918680207,128.94381442949148,221.6107407339009,8512.879499880284
1937960,177.92757150250424,450.6695662126588,195.39335331423555,243.3789853308848,240.728045340604,127.07675181656217,196.02101538885972,564.3210871818496,285.33128038374366,273.7401111384851,308.9343823371916,262.7357707837823,239.47924150392964,476.3606049779683,458.87346564184924,143.6988072998994,200.03455142251843,609.5642598710083,54.70646562040552,134.5417629863379,366.20567834216536,0.0,161.78206360997308,0.0,142.45690678569733,0.0,115.37078133165028,120.03915123086298,6549.371661355628
1127830,173.65046641830943,557.9718438823394,380.85145137520493,0.0,78.49827565454478,0.0,18.15009401748701,0.0,102.28857221304018,0.0,535.4862627177987,345.70496155760827,667.6390975261069,0.0,0.0,0.0,116.38373900946527,609.5642598710083,0.0,173.68118494599983,667.7868252121839,356.770404522751,75.19448026942409,0.0,0.0,337.2112628561794,257.88762885898296,295.48098764520125,5750.201798553636
3118655,173.65046641830943,236.06501087329747,314.6164163534301,0.0,151.76333293211994,66.07991094461234,33.88017549930909,287.91892203155595,279.9476713198994,0.0,0.0,262.7357707837823,203.1945079427282,690.7228772180541,0.0,265.29010578442967,334.60324965221264,216.2969954380997,58.125619721680856,332.6850866571265,172.33208392572487,507.71172951314566,207.35447589447253,399.40089865202197,0.0,285.33260703215177,257.88762885898296,203.14317900607583,5940.738722453223
10486,173.65046641830943,300.44637747510586,172.21109105661438,0.0,0.0,99.11986641691848,43.56022564196883,0.0,0.0,0.0,329.5300078263377,318.0485646329996,166.90977438152672,0.0,0.0,298.4513690074834,154.57215337194606,196.63363221645432,0.0,97.84855489915483,226.1858601525139,0.0,125.32413378237351,0.0,130.58549788688921,142.66630351607589,176.4494302719357,110.80537036695046,3262.9986793215576
510685,172.79504540147047,0.0,36.429269261976124,0.0,104.66436753939306,114.36907663490595,95.59049515876492,0.0,69.98691782997486,0.0,0.0,0.0,123.36809410808496,0.0,315.47550762877137,0.0,25.458942908320527,0.0,0.0,56.262919067014025,0.0,672.3749931390306,136.71723685349835,299.5506739890165,451.1135381547082,0.0,0.0,0.0,2674.15707767493
1970190,171.93962438463151,271.832436763191,192.08160156314682,147.5024153520514,340.15919450302744,68.62144598094358,35.09018176714155,357.01946331912933,96.90496314919595,136.87005556924254,0.0,276.56396924608663,108.85420068360438,0.0,0.0,0.0,130.93170638564843,0.0,0.0,303.33052018738,366.20567834216536,384.2142817937318,152.66758115307317,1173.2401397903145,581.6990360415974,233.4539512081242,447.9100922287599,489.39038578736455,6466.482925199552
2202724,171.93962438463151,0.0,0.0,0.0,0.0,0.0,0.0,0.0,0.0,0.0,0.0,0.0,0.0,0.0,0.0,0.0,38.18841436248079,0.0,0.0,68.49398842940839,0.0,164.66326362588507,56.96551535562432,0.0,189.94254238092978,71.33315175803794,81.43819858704725,0.0,842.9646988840451
2946505,171.08420336779255,0.0,59.61153151959729,0.0,156.99655130908957,38.12302554496865,26.620137892314283,0.0,0.0,0.0,0.0,0.0,0.0,0.0,0.0,0.0,118.20223493148816,0.0,0.0,149.21904622121113,0.0,0.0,0.0,0.0,0.0,116.7269756040621,0.0,0.0,836.5837063905237
558415,170.22878235095357,164.53015909351038,125.84656654137207,95.8765699788334,146.53011455515028,170.28284743419331,104.06053903359219,218.81838074398252,102.28857221304018,0.0,0.0,0.0,174.16672109376702,238.18030248898415,0.0,154.752561707584,110.92825124339659,0.0,44.44900331657948,276.4221675901124,172.33208392572487,0.0,68.35861842674917,0.0,284.91381357139466,317.75676692216905,251.1011123100624,193.9093981421633,3585.733332683315
1962854,170.22878235095357,207.45107016138263,162.2758358033482,0.0,146.53011455515028,55.91377079928735,24.200125356649348,0.0,0.0,0.0,329.5300078263377,235.07937385917361,464.44458958337873,0.0,0.0,143.6988072998994,100.01727571125922,0.0,0.0,146.77283234873224,236.95661539787167,0.0,63.80137719829924,0.0,0.0,194.5449593401035,156.0898806251739,0.0,2837.5354182170004
1643824,169.37336133411463,114.45576284765937,62.923283270686035,125.37705304924368,83.73149403151444,190.61512772484326,352.111823939248,357.01946331912933,349.9345891498743,328.4881333661821,659.0600156526754,235.07937385917361,703.9238310873083,476.3606049779683,487.55305724446487,298.4513690074834,312.78129858793795,570.2375334277175,126.50870174718773,193.2508959258308,710.8698461936151,178.3852022613755,218.74757896559737,0.0,213.685360178546,324.24159890017245,380.0449267395539,323.1823302369388,8546.393617026044
666507,168.51794031727565,107.30227766968068,52.988028017419815,221.25362302807707,125.59724104727165,312.60880946874295,983.7350957477959,172.75135321893356,188.4263172345477,410.6101667077277,0.0,193.59477847226066,246.73618821616992,0.0,0.0,176.86007052295312,121.83922677553394,235.96035865974517,99.155468936985,134.5417629863379,0.0,0.0,537.7544649570935,424.36345481777334,154.32831568450544,71.33315175803794,149.3033640762533,147.74049382260063,5437.301952143723
224372,167.6625193004367,829.8042806455305,1328.0124521865841,5258.461107300632,4197.041138329661,1845.1544363764826,2209.4714450620854,1865.7146147644823,3671.621381541758,1053.8994278831678,0.0,470.15874771834723,166.90977438152672,0.0,0.0,585.8489836072822,427.34654167538025,629.2276230926537,423.9751085581427,929.561271541971,0.0,0.0,266.5986118643218,0.0,0.0,129.696639560069,149.3033640762533,138.50671295868807,26743.976182425456
1706375,165.95167726675876,393.4416847888291,324.5516716066964,339.2555553097182,507.6221825660563,269.4027138511118,568.7029458812597,7324.657376482783,430.6887251075376,670.6632722892886,0.0,483.98694618065156,573.2987902669831,261.9983327378826,0.0,420.04266749201366,276.41138014748003,550.574170206072,71.80223612678223,283.760809207549,635.4745594761105,329.32652725177013,157.22482238152313,424.36345481777334,557.9562182439812,421.5140785702242,305.3932447014272,424.7539197399767,17172.81996269824
1077264,165.0962562499198,0.0,33.11751751088738,0.0,0.0,0.0,14.520075213989609,0.0,0.0,0.0,0.0,0.0,152.39588095704613,0.0,0.0,0.0,0.0,0.0,0.0,0.0,258.4981258885873,0.0,22.78620614224973,0.0,0.0,0.0,0.0,0.0,646.41406196268
2844881,163.38541421624186,221.75804051734005,205.32860856750176,0.0,0.0,25.41535036331243,41.1402131063039,0.0,0.0,0.0,0.0,0.0,152.39588095704613,0.0,0.0,298.4513690074834,178.2126003582437,0.0,0.0,144.32661847625337,0.0,219.55101816784673,120.76689255392355,0.0,0.0,90.7876476920483,0.0,0.0,1861.519653983545
2867375,162.52999319940292,357.67425889893553,182.1463463098806,118.00193228164112,94.19793078545375,60.996840871949836,44.77023190980129,138.20108257514684,75.37052689381908,0.0,0.0,248.90757232147794,283.02092177737137,0.0,0.0,0.0,32.732926596412106,0.0,0.0,107.63341038907032,215.4151049071561,205.82907953235633,166.339304838423,0.0,118.7140889880811,110.24214362605865,101.79774823380907,0.0,2824.521444936248
568386,159.96373014888604,414.90214032276526,321.2399198556076,523.6335744997824,1098.975859163627,658.257574409792,924.444788624005,207.30162386272025,236.87879880914568,588.5412389477431,432.5081352720682,622.268930803695,312.0487086263326,0.0,0.0,508.47270275349024,340.05873741828134,314.6138115463269,191.4726296714193,200.5895375432674,193.87359441644048,0.0,198.23999343757265,0.0,0.0,110.24214362605865,0.0,166.20805555042568,8724.736229309454
75787,159.96373014888604,185.9906146274465,331.1751751088738,457.2574875913593,361.092068010906,688.755994845767,1130.1458541555244,230.33513762524473,360.70180727756275,1190.7694834524102,0.0,608.4407323413906,326.56260205081315,309.6343932356794,286.79591602615574,309.505123415168,105.4727634773279,275.287085103036,369.2686429377372,163.89632945608435,366.20567834216536,315.6045886162797,198.23999343757265,0.0,308.6566313690109,246.42361516413112,352.8988605438714,240.07830246172597,9879.158610822133
2951104,159.10830913204705,221.75804051734005,221.8873673229455,110.62681151403854,78.49827565454478,83.87065619893103,45.98023817763376,299.4356789128181,188.4263172345477,0.0,247.14750586975327,152.11018308534764,304.79176191409226,238.18030248898415,487.55305724446487,121.59129848453027,209.1270310326329,255.62372188139062,0.0,75.832630046845,323.12265736073414,0.0,173.17516668109792,0.0,0.0,110.24214362605865,156.0898806251739,120.03915123086298,4384.218186236816
1890498,158.25288811520812,85.84182213574454,43.052772764153595,368.7560383801285,188.3958615709075,546.4300328112173,624.3632342015532,0.0,269.180453192211,136.87005556924254,0.0,373.36135848221693,79.8264138346432,0.0,1061.1448892967765,386.88140426895995,350.96971295041874,412.93062765455403,735.1181317741991,340.02372827456304,0.0,150.94132499039466,275.7130943212217,0.0,0.0,447.45340648223805,264.67414540790355,313.94854937302625,7614.129945851481
1042322,157.39746709836913,0.0,36.429269261976124,0.0,0.0,106.74447152591222,137.94071453290127,0.0,0.0,0.0,0.0,0.0,87.08336054688351,0.0,0.0,0.0,125.47621861957975,0.0,75.22139022805759,31.80078034222532,0.0,0.0,36.457929827599564,0.0,0.0,0.0,0.0,0.0,794.5516019835044
655351,154.83120404785225,457.8230513906375,811.3791790167409,88.50144921123083,125.59724104727165,289.7349941417617,231.11119715600125,138.20108257514684,441.455943235226,328.4881333661821,205.95625489146104,193.59477847226066,283.02092177737137,0.0,0.0,784.8165629456045,898.33698547931,0.0,335.07710192498377,826.8202888978584,140.01981818965146,329.32652725177013,189.12551098067274,274.5881178232651,130.58549788688921,1932.4799294450281,1615.190938643104,1514.3400616816562,12720.402771478937
2042895,153.9757830310133,164.53015909351038,175.52284280770314,0.0,120.364022670302,0.0,18.15009401748701,0.0,0.0,0.0,0.0,165.93838154765197,166.90977438152672,0.0,0.0,298.4513690074834,261.86341277129685,196.63363221645432,99.155468936985,232.39031788549275,107.70755245357805,246.99489543882757,211.91171712292248,474.28856714927605,439.2421292559001,687.3921896683656,278.2471785057448,323.1823302369388,4822.85181819846
649777,153.12036201417433,178.83712944946777,165.5875875544369,73.7512076760257,88.96471240848409,53.37223576295611,96.80050142659739,0.0,0.0,0.0,0.0,345.70496155760827,370.1042823242549,0.0,0.0,0.0,20.003455142251845,432.5939908761994,71.80223612678223,68.49398842940839,430.8302098143122,0.0,36.457929827599564,0.0,0.0,0.0,122.1572978805709,0.0,2708.5820882711296
1920240,152.26494099733534,178.83712944946777,347.7339338643176,464.6326083589619,397.7245966496936,297.3595992507555,128.26066439024154,322.46919267534264,274.5640622560552,479.04519449234897,308.9343823371916,165.93838154765197,304.79176191409226,428.72454448017146,0.0,364.7738954535908,394.6136150789682,216.2969954380997,44.44900331657948,215.26682077814064,290.8103916246607,260.716834074318,280.27033554967164,0.0,284.91381357139466,194.5449593401035,210.38201301653876,249.3120833256385,7257.6317532313315
3031464,150.55409896365742,0.0,0.0,0.0,0.0,38.12302554496865,15.730081481822076,126.6843256938846,107.6721812768844,136.87005556924254,0.0,0.0,0.0,238.18030248898415,0.0,0.0,96.38028386721342,0.0,0.0,73.38641617436612,0.0,0.0,29.622067984924644,0.0,0.0,142.66630351607589,0.0,0.0,1155.8691425620239
92712,149.69867794681846,185.9906146274465,99.35255253266216,213.8785022604745,156.99655130908957,73.70451605360606,41.1402131063039,0.0,0.0,287.4271166954094,0.0,221.2511753968693,290.2778684896117,0.0,344.15509923138694,221.0750881536914,169.1201207481292,491.58408054113573,0.0,193.2508959258308,527.7670070225324,0.0,241.5337851078471,0.0,0.0,324.24159890017245,264.67414540790355,286.24720678128864,4783.36681623821
3118654,149.69867794681846,185.9906146274465,268.2518918381878,0.0,94.19793078545375,55.91377079928735,22.99011908881688,207.30162386272025,139.9738356599497,0.0,0.0,0.0,116.11114739584468,0.0,0.0,0.0,45.462398050572375,235.96035865974517,0.0,26.90835259726758,129.24906294429366,0.0,84.30896272632398,0.0,130.58549788688921,0.0,0.0,0.0,1892.9042448696173
3085097,149.69867794681846,107.30227766968068,99.35255253266216,272.87946840129507,272.12735560242197,203.32280290649945,210.54109060284932,161.23459633767132,215.3443625537688,260.0531055815608,0.0,152.11018308534764,239.47924150392964,0.0,0.0,0.0,220.03800656477028,0.0,177.7960132663179,305.7767340598589,226.1858601525139,205.82907953235633,157.22482238152313,0.0,237.4281779761622,155.6359674720828,115.37078133165028,304.71476850911375,4449.445925970856
1890431,147.1324148963016,0.0,92.72904903048467,221.25362302807707,162.22976968605923,327.85801968673036,116.16060171191687,0.0,269.180453192211,0.0,0.0,152.11018308534764,137.88198753256555,0.0,0.0,364.7738954535908,143.6611778398087,0.0,44.44900331657948,178.5736126909576,140.01981818965146,0.0,88.86620395477394,0.0,178.07113348212164,181.5752953840966,149.3033640762533,277.01342591737614,3372.843032154903
1779135,147.1324148963016,436.3625958567014,241.7578778294779,287.6297099365002,172.69620643999855,165.1997773615308,308.5515982972792,0.0,102.28857221304018,314.8011278092579,308.9343823371916,276.56396924608663,558.7848968425025,0.0,0.0,0.0,40.00691028450369,314.6138115463269,140.18531815228914,134.5417629863379,473.91323079574335,0.0,75.19448026942409,0.0,0.0,168.6056314280897,128.94381442949148,120.03915123086298,4916.747240188938
1185407,144.5661518457847,71.5348517797871,82.79379377721845,88.50144921123083,88.96471240848409,63.53837590828108,21.780112820984414,0.0,80.7541359576633,0.0,0.0,0.0,268.5070283528908,0.0,0.0,0.0,0.0,0.0,0.0,92.95612715419709,118.47830769893584,0.0,82.03034211209902,0.0,0.0,77.8179837360414,81.43819858704725,138.50671295868807,1502.1682843093336
2983183,141.99988879526782,214.60455533936135,142.40532529681576,486.7579706617696,282.59379235636123,447.3101663942988,761.093942466622,0.0,253.02962600067832,643.2892611754401,308.9343823371916,373.36135848221693,290.2778684896117,0.0,0.0,176.86007052295312,32.732926596412106,275.287085103036,406.879338051766,66.04777455692951,183.10283917108268,0.0,154.94620176729813,0.0,0.0,97.27247967005175,81.43819858704725,212.37695986998835,6032.602011692199
46630,139.4336257447509,0.0,0.0,0.0,62.798620523635826,0.0,0.0,138.20108257514684,75.37052689381908,0.0,0.0,0.0,0.0,0.0,0.0,0.0,0.0,0.0,0.0,0.0,0.0,0.0,0.0,0.0,0.0,0.0,0.0,0.0,415.80385573735265
2823145,138.57820472791195,228.91152569531874,162.2758358033482,154.87753611965394,172.69620643999855,228.7381532698119,82.2804262126078,0.0,263.7968441283668,232.67909446771236,0.0,262.7357707837823,312.0487086263326,0.0,0.0,243.18259696906054,150.93516152790028,196.63363221645432,34.19154101275345,70.94020230188725,258.4981258885873,150.94132499039466,134.4386162392734,0.0,403.6279025594758,116.7269756040621,549.7078404625689,452.4552623317143,5001.897488378977
2844403,138.57820472791195,965.720499027126,3729.0324717259195,737.512076760257,737.883791152721,4310.443421617789,2307.4819527565155,391.569733962916,974.4332405558038,2504.7220169171387,0.0,912.6610985120858,253.99313492841023,2524.711206383232,803.0285648732362,1238.020493660672,74.5583328029387,0.0,232.50247888672342,68.49398842940839,398.5179440782387,137.2193863549042,177.73240790954787,0.0,237.4281779761622,654.9680297783484,617.573005951775,1671.3143363681693,26800.099996097946
2066434,138.57820472791195,436.3625958567014,1228.659899653922,523.6335744997824,612.2865501054494,2927.8483618535925,1367.307082650688,598.8713578256362,608.347824214397,1026.5254167693192,0.0,553.1279384921733,224.96534807944906,809.8130284625462,344.15509923138694,431.0964218996982,225.49349433083896,294.9504483246815,335.07710192498377,61.15534681197177,247.72737064322948,288.16071134529886,209.6330965086975,0.0,368.01367586305145,317.75676692216905,298.6067281525066,443.2214814678018,14921.374926617886
1328881,134.30109964371712,85.84182213574454,56.29977976850855,494.1330914293721,544.2547112048439,249.07043356046185,93.17048262309999,0.0,96.90496314919595,164.24406668309106,0.0,0.0,0.0,0.0,0.0,121.59129848453027,147.29816968385447,0.0,0.0,259.2986704827603,0.0,164.66326362588507,221.02619957982236,0.0,249.29958687497032,252.90844714213455,380.0449267395539,350.8836728286764,4065.2346856402232
2008793,133.4456786268782,185.9906146274465,208.64036031859052,840.7637675066928,811.1488484302961,831.0819568803165,736.8938171099726,253.3686513877692,312.24932570296477,793.8463223016068,597.273139185237,331.87676309530394,326.56260205081315,404.9065142312731,0.0,408.9889130843291,440.07601312954057,334.27717476797227,147.02362635483982,247.06760112036596,516.9962517771746,0.0,346.35033336219584,0.0,178.07113348212164,382.60508670220355,230.74156266330056,267.7796450534636,10268.025702952671
2267,132.59025761003923,400.5951699668078,182.1463463098806,140.12729458444883,156.99655130908957,96.57833138058724,60.50031339162337,264.8854082690315,166.89188097917082,232.67909446771236,0.0,165.93838154765197,145.13893424480585,238.18030248898415,0.0,198.96757933832225,132.75020230767132,0.0,75.22139022805759,677.6012426766472,495.45474128645895,315.6045886162797,241.5337851078471,274.5881178232651,237.4281779761622,291.8174390101553,746.5168203812665,323.1823302369388,6393.914681538905
1769717,130.8794155763613,164.53015909351038,112.5995595370171,0.0,0.0,0.0,0.0,0.0,0.0,0.0,0.0,0.0,0.0,0.0,0.0,0.0,0.0,0.0,0.0,73.38641617436612,0.0,0.0,52.40827412717437,0.0,0.0,0.0,0.0,0.0,533.8038245084293
2770092,128.3131525258444,0.0,79.48204202612972,140.12729458444883,130.83045942424133,58.455305835618596,27.83014416014675,345.5027064378671,188.4263172345477,0.0,0.0,165.93838154765197,195.9375612304879,357.27045373347624,0.0,232.12884256137596,176.3941044362208,216.2969954380997,61.5447738229562,200.5895375432674,118.47830769893584,0.0,154.94620176729813,274.5881178232651,0.0,466.9079024162484,183.23594682085633,332.41611110085137,4235.640660169836
2829814,127.45773150900546,472.13002174659493,476.89225215677834,435.1321252885516,245.96126371757364,1934.1081626480761,1224.526343046457,0.0,382.2362435329396,1382.3875612493498,0.0,539.2997400298689,217.70840136720875,333.4524234845778,0.0,176.86007052295312,70.9213409588929,0.0,297.46640681095494,44.031849704619674,0.0,150.94132499039466,157.22482238152313,274.5881178232651,0.0,116.7269756040621,183.23594682085633,138.50671295868807,9381.79583835319
1182,123.18062642481063,85.84182213574454,79.48204202612972,272.87946840129507,183.16264319393784,406.6456058129989,143.9907458720636,172.75135321893356,430.6887251075376,0.0,0.0,152.11018308534764,304.79176191409226,0.0,0.0,619.010246830336,1160.200398250607,353.9405379896178,112.83208534208636,14224.733668464634,312.35190211537633,343.04846588726053,177.73240790954787,299.5506739890165,261.17099577377843,1134.8455961506038,644.7190721474575,978.7807715747291,22978.44179961794
2847776,122.32520540797167,507.89744763648855,202.01685681641305,479.382849894167,575.6540214666618,254.15350363312433,93.17048262309999,0.0,0.0,0.0,514.8906372286526,359.5331600199126,232.22229479168936,0.0,0.0,0.0,0.0,412.93062765455403,44.44900331657948,100.2947687716337,150.79057343500926,0.0,2729.7874958415173,324.5132301547679,0.0,97.27247967005175,67.86516548920603,138.50671295868807,7407.656516810188
1747776,122.32520540797167,85.84182213574454,0.0,0.0,0.0,38.12302554496865,18.15009401748701,0.0,64.60330876613064,0.0,0.0,0.0,0.0,0.0,0.0,0.0,74.5583328029387,0.0,0.0,200.5895375432674,0.0,0.0,72.91585965519913,0.0,0.0,330.72643087817596,210.38201301653876,138.50671295868807,1356.7223427271103
2858885,121.4697843911327,343.36728854297814,192.08160156314682,191.7531399576668,94.19793078545375,76.2460510899373,61.710319659455834,0.0,75.37052689381908,0.0,288.3387568480455,235.07937385917361,123.36809410808496,0.0,0.0,143.6988072998994,250.9524372391595,373.6039012112632,0.0,298.43809244242226,118.47830769893584,0.0,266.5986118643218,0.0,0.0,285.33260703215177,271.46066195682414,221.6107407339009,4033.157035177773
3056374,119.75894235745479,71.5348517797871,39.74102101306486,154.87753611965394,146.53011455515028,101.66140145324972,284.35147294062983,0.0,96.90496314919595,0.0,0.0,152.11018308534764,0.0,238.18030248898415,0.0,121.59129848453027,250.9524372391595,0.0,0.0,75.832630046845,0.0,0.0,113.93103071124864,0.0,0.0,0.0,128.94381442949148,221.6107407339009,2318.5127405876938
255474,118.90352134061581,507.89744763648855,364.2926926197612,420.3818837533464,371.55850476484534,594.719198501511,538.4527891854481,172.75135321893356,199.19353536223613,260.0531055815608,205.95625489146104,414.84595386912997,195.9375612304879,0.0,0.0,408.9889130843291,336.42174557423556,373.6039012112632,95.73631483570965,92.95612715419709,118.47830769893584,891.9260113068774,362.3006776617707,299.5506739890165,344.2708580654352,149.15113549407934,0.0,101.57158950303791,7939.900057534714
2560065,118.90352134061581,257.52546640723364,142.40532529681576,420.3818837533464,387.25815989575426,127.07675181656217,38.72020057063896,253.3686513877692,183.0427081707035,136.87005556924254,0.0,248.90757232147794,116.11114739584468,500.1786352268668,0.0,210.02133374600683,161.84613706003762,0.0,51.287311519130164,665.370173314253,0.0,233.2729568033372,478.51032898724424,449.32601098352467,201.8139512797379,415.0292465922208,515.7752577179659,295.48098764520125,6608.483774801531
2842329,118.90352134061581,164.53015909351038,142.40532529681576,0.0,0.0,198.23973283383697,99.22051396226232,0.0,156.12466285148238,0.0,0.0,138.28198462304331,108.85420068360438,0.0,0.0,0.0,189.12357589038106,0.0,0.0,146.77283234873224,581.6207832493214,0.0,209.6330965086975,0.0,0.0,220.4842872521173,196.80897991869753,0.0,2671.003655853118
3079756,118.04810032377685,0.0,52.988028017419815,206.50338149287197,177.92942481696818,673.5067846277794,242.0012535664935,115.16756881262236,619.1150423420853,164.24406668309106,0.0,0.0,0.0,0.0,544.912240449696,265.29010578442967,118.20223493148816,275.287085103036,150.44278045611517,775.4497975758021,0.0,178.3852022613755,189.12551098067274,0.0,273.04240467258654,959.7551327445105,746.5168203812665,1200.39151230863,8046.304478332718
213421,117.19267930693789,278.9859219411697,195.39335331423555,346.63067607732074,392.4913782727239,378.6887204133552,482.79250086515447,115.16756881262236,188.4263172345477,547.4802222769702,288.3387568480455,553.1279384921733,224.96534807944906,0.0,0.0,287.3976145997988,50.91788581664105,707.8810759792356,164.11939686121653,122.31069362394354,107.70755245357805,288.16071134529886,113.93103071124864,0.0,0.0,123.21180758206556,135.73033097841207,156.97427468651313,6368.023756572658
2812024,116.33725829009893,0.0,43.052772764153595,0.0,83.73149403151444,27.956885399643674,81.07041994477532,0.0,0.0,150.55706112616681,0.0,0.0,0.0,0.0,0.0,0.0,54.55487766068684,0.0,54.70646562040552,63.60156068445064,0.0,219.55101816784673,50.1296535129494,0.0,154.32831568450544,64.8483197800345,0.0,0.0,1164.4261026672318
2848916,115.48183727325996,157.37667391553165,231.82262257621167,132.75217381684627,125.59724104727165,25.41535036331243,0.0,414.6032477254405,183.0427081707035,260.0531055815608,0.0,0.0,217.70840136720875,571.632725973562,0.0,198.96757933832225,854.6930833507605,275.287085103036,191.4726296714193,303.33052018738,204.6443496617983,0.0,88.86620395477394,0.0,166.19972458331355,233.4539512081242,210.38201301653876,378.58501542041404,5541.368243306792
85034,113.77099523958205,0.0,0.0,0.0,0.0,116.91061167123719,106.48055156925713,0.0,102.28857221304018,0.0,0.0,0.0,0.0,0.0,0.0,0.0,0.0,0.0,0.0,56.262919067014025,0.0,0.0,0.0,0.0,0.0,0.0,0.0,0.0,495.71364976013064
2945022,112.91557422274309,135.9162183815955,82.79379377721845,0.0,94.19793078545375,60.996840871949836,13.310068946157141,0.0,0.0,0.0,0.0,0.0,123.36809410808496,0.0,0.0,121.59129848453027,123.65772269755685,0.0,0.0,344.91615601952077,0.0,0.0,125.32413378237351,0.0,0.0,330.72643087817596,271.46066195682414,433.98770060388927,2375.1626255160736
2800062,111.20473218906515,71.5348517797871,119.22306303919459,103.25169074643598,156.99655130908957,132.15982188922467,129.47067065807403,172.75135321893356,1060.5709855773111,0.0,205.95625489146104,0.0,0.0,0.0,0.0,0.0,47.280893972595265,294.9504483246815,0.0,51.37049132205629,0.0,452.82397497118393,86.58758334054896,449.32601098352467,320.52804026781894,0.0,0.0,0.0,3965.987418480986
3072461,108.63846913854826,0.0,43.052772764153595,118.00193228164112,188.3958615709075,68.62144598094358,31.46016296364415,0.0,0.0,0.0,247.14750586975327,0.0,0.0,0.0,0.0,0.0,0.0,0.0,0.0,102.74098264411258,0.0,0.0,43.29379167027448,0.0,0.0,84.30281571404485,122.1572978805709,101.57158950303791,1259.3846279816323
2974823,108.63846913854826,429.2091106787227,278.18714709145405,0.0,0.0,0.0,0.0,0.0,0.0,0.0,288.3387568480455,0.0,174.16672109376702,0.0,0.0,0.0,0.0,0.0,0.0,26.90835259726758,129.24906294429366,0.0,31.90068859914962,0.0,0.0,0.0,0.0,0.0,1466.5983089912484
292630,107.7830481217093,157.37667391553165,132.47007004354953,0.0,109.8975859163627,33.03995547230617,37.51019430280649,0.0,64.60330876613064,0.0,0.0,0.0,137.88198753256555,0.0,0.0,0.0,203.6715432665642,0.0,58.125619721680856,254.40624273780256,204.6443496617983,137.2193863549042,102.53792764012377,0.0,201.8139512797379,142.66630351607589,149.3033640762533,101.57158950303791,2336.523101828941
227387,107.7830481217093,0.0,0.0,177.00289842246167,172.69620643999855,0.0,13.310068946157141,126.6843256938846,0.0,0.0,0.0,0.0,0.0,0.0,0.0,0.0,52.73638173866395,0.0,0.0,75.832630046845,0.0,233.2729568033372,118.48827193969858,324.5132301547679,0.0,188.06012736210005,156.0898806251739,120.03915123086298,1866.5091775256606
219687,106.07220608803138,135.9162183815955,49.67627626633108,287.6297099365002,167.4629880630289,317.6918795414054,654.6133908973649,218.81838074398252,306.86571663912054,643.2892611754401,0.0,373.36135848221693,159.6528276692864,0.0,0.0,320.55887782285254,278.2298760695029,0.0,136.7661640510138,78.27884391932386,0.0,205.82907953235633,102.53792764012377,0.0,213.685360178546,0.0,0.0,0.0,4756.936343098023
1892255,106.07220608803138,236.06501087329747,182.1463463098806,228.62874379567964,151.76333293211994,373.60565034069276,163.3508461573831,0.0,672.9511329805275,0.0,0.0,262.7357707837823,101.5972539713641,0.0,803.0285648732362,254.23635137674512,287.3223556796174,373.6039012112632,126.50870174718773,70.94020230188725,0.0,439.10203633569347,84.30896272632398,0.0,320.52804026781894,0.0,108.58426478272966,0.0,5347.079675535262
3048035,105.21678507119242,0.0,0.0,0.0,0.0,0.0,0.0,0.0,0.0,0.0,0.0,0.0,0.0,0.0,0.0,0.0,20.003455142251845,0.0,0.0,56.262919067014025,0.0,0.0,75.19448026942409,0.0,0.0,0.0,0.0,0.0,256.6776395498824
1853227,104.36136405435344,329.06031818702075,301.3694093490752,597.3847821758081,303.5266658642399,348.19029997738033,533.6127641141181,149.71783945640905,188.4263172345477,342.17513892310643,0.0,345.70496155760827,116.11114739584468,0.0,0.0,110.5375440768457,76.37682872496158,0.0,119.67039354463707,58.709132939492896,0.0,0.0,38.736550441824534,0.0,0.0,0.0,0.0,0.0,4063.671458017274
3031665,104.36136405435344,0.0,0.0,671.1359898518339,622.7529868593887,73.70451605360606,139.15072080073375,0.0,0.0,0.0,0.0,193.59477847226066,0.0,0.0,0.0,110.5375440768457,30.914430674389212,0.0,51.287311519130164,83.17127166428162,0.0,0.0,161.78206360997308,0.0,0.0,90.7876476920483,0.0,129.2729320947755,2462.45355742362
191394,104.36136405435344,107.30227766968068,39.74102101306486,0.0,62.798620523635826,33.03995547230617,20.57010655315195,0.0,0.0,177.93107224001534,0.0,0.0,0.0,0.0,0.0,0.0,41.82540620652658,0.0,61.5447738229562,198.14332367078853,0.0,0.0,100.2593070258988,0.0,130.58549788688921,291.8174390101553,149.3033640762533,156.97427468651313,1676.1978039121893
3373482,104.36136405435344,0.0,0.0,0.0,0.0,0.0,0.0,0.0,0.0,0.0,0.0,0.0,0.0,0.0,0.0,0.0,323.69227412007524,0.0,0.0,134.5417629863379,0.0,0.0,0.0,0.0,0.0,90.7876476920483,74.65168203812665,0.0,728.0347308909414
2731691,104.36136405435344,92.99530731372325,0.0,0.0,0.0,0.0,0.0,0.0,0.0,0.0,0.0,0.0,159.6528276692864,0.0,0.0,0.0,0.0,196.63363221645432,0.0,234.83653175797158,0.0,0.0,93.42344518322388,0.0,0.0,0.0,0.0,0.0,881.9031081950128
1777752,103.50594303751448,0.0,46.36452451524234,442.50724605615414,659.3855154981762,160.11670728886833,48.400250713298696,184.2681101001958,96.90496314919595,164.24406668309106,329.5300078263377,0.0,116.11114739584468,0.0,0.0,0.0,214.58251879870159,0.0,37.61069511402879,68.49398842940839,118.47830769893584,864.4821340358966,180.01102852377286,748.8766849725412,522.3419915475569,64.8483197800345,0.0,0.0,5171.0641511647955
3120698,102.65052202067552,150.22318873755293,235.13437432730043,0.0,125.59724104727165,137.24289196188715,261.36135385181296,0.0,139.9738356599497,342.17513892310643,0.0,276.56396924608663,268.5070283528908,0.0,0.0,0.0,125.47621861957975,0.0,41.02984921530413,34.246994214704195,172.33208392572487,0.0,166.339304838423,249.62556165751374,0.0,0.0,0.0,0.0,2828.479556599784
3044455,102.65052202067552,0.0,0.0,0.0,0.0,0.0,0.0,0.0,0.0,0.0,267.74313135889935,0.0,0.0,0.0,0.0,0.0,0.0,0.0,47.868157417854825,0.0,0.0,0.0,173.17516668109792,0.0,0.0,0.0,0.0,0.0,591.4369774785276
566277,101.79510100383656,200.2975849834039,129.1583182924608,125.37705304924368,146.53011455515028,60.996840871949836,45.98023817763376,0.0,0.0,0.0,0.0,290.39216770839096,130.62504082032524,0.0,0.0,0.0,29.09593475236632,0.0,0.0,73.38641617436612,118.47830769893584,0.0,75.19448026942409,0.0,0.0,77.8179837360414,122.1572978805709,120.03915123086298,1847.3220312049625
85031,101.79510100383656,121.6092480256381,46.36452451524234,162.25265688725653,125.59724104727165,218.57201312448692,263.78136638747793,0.0,53.8360906384422,246.3661000246366,0.0,483.98694618065156,0.0,0.0,0.0,143.6988072998994,34.551422518435004,530.9108069844267,119.67039354463707,127.20312136890128,269.2688811339451,0.0,77.47310088364907,0.0,0.0,201.02979131810693,128.94381442949148,101.57158950303791,3558.4830168194703
3457296,100.08425897015864,135.9162183815955,172.21109105661438,103.25169074643598,62.798620523635826,76.2460510899373,64.13033219512077,0.0,80.7541359576633,218.99208891078808,0.0,207.42297693456499,159.6528276692864,0.0,0.0,0.0,43.64390212854948,0.0,0.0,156.55768783864772,0.0,850.7601954004061,154.94620176729813,374.4383424862706,498.59917374994063,71.33315175803794,115.37078133165028,175.4418364143382,3822.55156531094
191033,99.22883795331968,0.0,39.74102101306486,103.25169074643598,156.99655130908957,55.91377079928735,114.9505954440844,161.23459633767132,177.65909910685926,150.55706112616681,0.0,0.0,0.0,500.1786352268668,0.0,132.64505289221484,201.85304734454135,0.0,0.0,48.92427744957742,107.70755245357805,0.0,218.74757896559737,0.0,261.17099577377843,0.0,0.0,0.0,2530.7603639421336
3399796,99.22883795331968,143.0697035595742,82.79379377721845,324.50531377451307,177.92942481696818,58.455305835618596,15.730081481822076,0.0,0.0,0.0,0.0,0.0,0.0,0.0,0.0,0.0,47.280893972595265,0.0,0.0,29.354566469746448,0.0,137.2193863549042,63.80137719829924,0.0,0.0,71.33315175803794,0.0,0.0,1250.7018369526172
2760872,99.22883795331968,193.1440998054252,175.52284280770314,0.0,0.0,50.83070072662486,25.410131624481814,0.0,0.0,0.0,226.55188038060717,138.28198462304331,130.62504082032524,0.0,0.0,0.0,54.55487766068684,314.6138115463269,41.02984921530413,124.75690749642241,140.01981818965146,0.0,0.0,0.0,0.0,162.12079945008622,176.4494302719357,0.0,2053.141012571944
340080,99.22883795331968,257.52546640723364,218.57561557185673,0.0,115.13080429333235,86.41219123526227,26.620137892314283,0.0,0.0,0.0,205.95625489146104,359.5331600199126,246.73618821616992,0.0,0.0,0.0,0.0,216.2969954380997,0.0,61.15534681197177,0.0,0.0,41.01517105604951,0.0,0.0,71.33315175803794,149.3033640762533,0.0,2154.8226856212746
255527,98.37341693648072,314.7533478310633,158.96408405225944,324.50531377451307,240.728045340604,182.99052261584953,157.30081481822077,0.0,69.98691782997486,218.99208891078808,0.0,221.2511753968693,0.0,0.0,0.0,165.80631611526854,180.03109628026658,0.0,37.61069511402879,141.8804046037745,366.20567834216536,246.99489543882757,152.66758115307317,0.0,249.29958687497032,110.24214362605865,135.73033097841207,0.0,3774.314456033468
3142785,98.37341693648072,536.5113883484034,347.7339338643176,81.12632844362827,68.03183890060549,190.61512772484326,124.63064558674414,0.0,53.8360906384422,0.0,267.74313135889935,414.84595386912997,319.3056553385728,0.0,0.0,0.0,23.640446986297633,452.25735409784494,82.05969843060826,88.06369940923935,301.58114687001853,0.0,41.01517105604951,0.0,0.0,0.0,0.0,0.0,3491.371027860125
2600303,98.37341693648072,85.84182213574454,112.5995595370171,339.2555553097182,266.8941372254523,297.3595992507555,551.7628581316051,0.0,188.4263172345477,479.04519449234897,0.0,414.84595386912997,130.62504082032524,0.0,0.0,331.6126322305371,161.84613706003762,0.0,263.2748657982016,112.52583813402805,0.0,0.0,56.96551535562432,0.0,0.0,103.7573116480552,88.22471513596786,0.0,4083.2364703055773
533207,97.51799591964175,0.0,96.04080078157341,0.0,120.364022670302,198.23973283383697,261.36135385181296,115.16756881262236,118.43939940457284,191.6180777969396,0.0,0.0,0.0,0.0,0.0,154.752561707584,52.73638173866395,0.0,41.02984921530413,73.38641617436612,0.0,0.0,31.90068859914962,0.0,0.0,136.18147153807246,67.86516548920603,0.0,1756.601486533648
213116,96.66257490280279,143.0697035595742,76.17029027504098,191.7531399576668,146.53011455515028,142.32596203454963,96.80050142659739,0.0,69.98691782997486,246.3661000246366,0.0,138.28198462304331,0.0,0.0,0.0,0.0,58.19186950473264,216.2969954380997,61.5447738229562,0.0,150.79057343500926,0.0,120.76689255392355,0.0,0.0,0.0,0.0,0.0,1955.5383939437584
3085642,96.66257490280279,0.0,79.48204202612972,0.0,0.0,114.36907663490595,31.46016296364415,207.30162386272025,150.74105378763815,205.30508335386386,0.0,138.28198462304331,333.81954876305343,261.9983327378826,0.0,420.04266749201366,387.3396313908766,0.0,0.0,127.20312136890128,430.8302098143122,164.66326362588507,47.851032898724426,0.0,0.0,188.06012736210005,251.1011123100624,350.8836728286764,3987.3963227472364
3024551,95.80715388596383,343.36728854297814,198.70510506532432,236.00386456328224,533.7882744509046,228.7381532698119,185.13095897836752,149.71783945640905,145.35744472379395,260.0531055815608,0.0,193.59477847226066,166.90977438152672,0.0,516.2326488470803,165.80631611526854,247.3154453951137,0.0,143.60447225356447,516.1511270930417,0.0,0.0,344.0717127479709,0.0,0.0,123.21180758206556,217.16852956545932,212.37695986998835,5223.112760841737
114378,95.80715388596383,307.5998626530846,172.21109105661438,0.0,115.13080429333235,109.28600656224346,36.30018803497402,0.0,0.0,0.0,350.12563331548375,290.39216770839096,224.96534807944906,0.0,0.0,0.0,69.10284503687001,0.0,0.0,200.5895375432674,118.47830769893584,178.3852022613755,221.02619957982236,0.0,0.0,136.18147153807246,115.37078133165028,184.67561727825077,2925.6282178577803
1331736,94.95173286912487,100.14879249170195,82.79379377721845,88.50144921123083,162.22976968605923,343.1072299047179,586.8530398987467,575.8378440631119,414.5378979160049,205.30508335386386,0.0,0.0,0.0,619.2687864713588,372.8346908340025,0.0,41.82540620652658,0.0,105.99377713953568,34.246994214704195,0.0,0.0,54.68689474139934,0.0,0.0,84.30281571404485,0.0,0.0,3967.425998493353
3423714,94.0963118522859,343.36728854297814,341.11043036214005,295.0048307041028,225.02839020969506,838.7065619893103,965.5850017303089,506.7373027755384,538.360906384422,547.4802222769702,350.12563331548375,235.07937385917361,0.0,333.4524234845778,0.0,331.6126322305371,181.8495922022895,0.0,181.21516736759327,48.92427744957742,161.56132868036707,0.0,59.24413596984929,0.0,0.0,110.24214362605865,0.0,0.0,6688.78395501326
3444226,93.24089083544693,0.0,0.0,228.62874379567964,235.49482696363435,195.69819779750574,235.95122222733113,0.0,0.0,0.0,0.0,0.0,0.0,0.0,0.0,0.0,0.0,0.0,99.155468936985,0.0,0.0,0.0,319.0068859914962,0.0,0.0,0.0,0.0,0.0,1407.176236548079
742031,92.38546981860797,0.0,43.052772764153595,140.12729458444883,167.4629880630289,127.07675181656217,208.12107806718438,0.0,118.43939940457284,465.3581889354247,0.0,0.0,0.0,0.0,0.0,0.0,18.18495922022895,0.0,41.02984921530413,92.95612715419709,0.0,0.0,41.01517105604951,0.0,0.0,0.0,0.0,0.0,1555.210050099763
84107,92.38546981860797,135.9162183815955,72.85853852395225,0.0,0.0,104.20293648958098,151.2507834790584,0.0,80.7541359576633,177.93107224001534,0.0,248.90757232147794,0.0,0.0,0.0,0.0,40.00691028450369,0.0,47.868157417854825,58.709132939492896,0.0,0.0,38.736550441824534,0.0,0.0,0.0,0.0,0.0,1249.5274782956276
2807496,91.53004880176901,464.9765365686162,228.51087082512294,132.75217381684627,204.09551670181645,223.6550831971494,75.02038860561298,218.81838074398252,91.52135408535175,0.0,370.7212588046299,442.5023507937386,391.8751224609758,261.9983327378826,0.0,0.0,58.19186950473264,294.9504483246815,0.0,205.48196528822515,0.0,0.0,180.01102852377286,0.0,0.0,278.8477750541483,0.0,0.0,4215.460504839055
2881378,91.53004880176901,0.0,129.1583182924608,110.62681151403854,120.364022670302,7619.522038921068,203.2810529958545,0.0,1292.0661753226127,164.24406668309106,0.0,235.07937385917361,0.0,0.0,458.87346564184924,143.6988072998994,20.003455142251845,0.0,109.41293124081103,100.2947687716337,0.0,205.82907953235633,173.17516668109792,0.0,142.45690678569733,162.12079945008622,162.8763971740945,138.50671295868807,11783.120399738833
3424659,91.53004880176901,0.0,0.0,0.0,0.0,0.0,0.0,0.0,0.0,0.0,0.0,0.0,0.0,0.0,0.0,0.0,0.0,0.0,0.0,58.709132939492896,0.0,0.0,0.0,0.0,0.0,0.0,0.0,0.0,150.23918174126192
1813606,89.81920676809108,200.2975849834039,182.1463463098806,0.0,0.0,83.87065619893103,98.01050769442986,0.0,80.7541359576633,0.0,0.0,207.42297693456499,188.68061451824758,0.0,0.0,198.96757933832225,234.58597394095344,294.9504483246815,0.0,259.2986704827603,247.72737064322948,0.0,166.339304838423,0.0,154.32831568450544,220.4842872521173,74.65168203812665,156.97427468651313,3139.309936594844
1055686,89.81920676809108,0.0,0.0,346.63067607732074,235.49482696363435,241.44582845146812,1030.9253401932622,0.0,177.65909910685926,479.04519449234897,0.0,304.2203661706953,123.36809410808496,0.0,0.0,243.18259696906054,30.914430674389212,0.0,167.53855096249188,117.41826587898579,0.0,0.0,61.522756584074266,0.0,0.0,103.7573116480552,0.0,147.74049382260063,3900.6830388714225
1508635,89.81920676809108,100.14879249170195,135.78182179463826,457.2574875913593,319.2263209951488,747.2113006813855,326.7016923147662,0.0,0.0,0.0,247.14750586975327,0.0,166.90977438152672,0.0,0.0,0.0,0.0,0.0,150.44278045611517,44.031849704619674,236.95661539787167,0.0,132.1599956250484,0.0,237.4281779761622,90.7876476920483,0.0,0.0,3482.0109697402368
3132029,88.96378575125212,0.0,0.0,81.12632844362827,245.96126371757364,73.70451605360606,24.200125356649348,0.0,0.0,0.0,0.0,0.0,0.0,0.0,0.0,0.0,0.0,0.0,85.47885253188362,24.46213872478871,0.0,0.0,27.34344737069967,0.0,0.0,0.0,0.0,0.0,651.2404579500813
2494208,88.96378575125212,0.0,0.0,0.0,0.0,45.74763065396238,58.080300855958434,0.0,0.0,0.0,0.0,0.0,0.0,0.0,0.0,0.0,0.0,0.0,44.44900331657948,51.37049132205629,0.0,0.0,31.90068859914962,0.0,0.0,90.7876476920483,0.0,0.0,411.2995481910066
641876,88.10836473441316,357.67425889893553,142.40532529681576,118.00193228164112,172.69620643999855,55.91377079928735,33.88017549930909,0.0,91.52135408535175,0.0,308.9343823371916,138.28198462304331,210.45145465496847,238.18030248898415,0.0,0.0,34.551422518435004,393.26726443290863,0.0,107.63341038907032,204.6443496617983,0.0,100.2593070258988,0.0,130.58549788688921,103.7573116480552,128.94381442949148,0.0,3159.6918901324875
145357,88.10836473441316,157.37667391553165,152.34058055008197,354.00579684492334,230.2616085866647,223.6550831971494,393.25203704555184,0.0,188.4263172345477,232.67909446771236,226.55188038060717,359.5331600199126,166.90977438152672,0.0,0.0,132.64505289221484,72.7398368809158,235.96035865974517,211.98755427907136,129.64933524138016,150.79057343500926,0.0,70.63723904097415,0.0,0.0,90.7876476920483,0.0,0.0,3868.2979694799815
2975259,87.25294371757418,0.0,69.54678677286351,0.0,0.0,43.206095617631135,105.27054530142466,126.6843256938846,263.7968441283668,0.0,0.0,0.0,0.0,0.0,0.0,0.0,21.82195106427474,0.0,0.0,136.98797685881678,107.70755245357805,0.0,111.65241009702366,0.0,0.0,142.66630351607589,122.1572978805709,0.0,1338.7510331020849
543372,87.25294371757418,0.0,52.988028017419815,0.0,0.0,0.0,0.0,0.0,53.8360906384422,0.0,0.0,0.0,72.56946712240293,0.0,0.0,0.0,20.003455142251845,0.0,0.0,44.031849704619674,0.0,164.66326362588507,109.37378948279868,0.0,0.0,0.0,0.0,0.0,604.7188874513944
3424637,87.25294371757418,0.0,0.0,0.0,99.4311491624234,53.37223576295611,26.620137892314283,0.0,0.0,0.0,0.0,0.0,0.0,0.0,0.0,0.0,0.0,0.0,0.0,0.0,0.0,0.0,77.47310088364907,0.0,0.0,0.0,0.0,0.0,344.14956741891706
1692041,86.39752270073524,0.0,66.23503502177476,140.12729458444883,109.8975859163627,226.19661823348065,428.34221881269343,0.0,134.5902265961055,437.98417782157617,0.0,193.59477847226066,130.62504082032524,0.0,0.0,143.6988072998994,63.647357270801315,0.0,82.05969843060826,166.34254332856324,0.0,0.0,113.93103071124864,0.0,0.0,136.18147153807246,156.0898806251739,0.0,2815.941288184131
204431,86.39752270073524,0.0,0.0,0.0,0.0,0.0,0.0,0.0,0.0,0.0,0.0,0.0,0.0,0.0,0.0,0.0,47.280893972595265,0.0,0.0,88.06369940923935,0.0,219.55101816784673,25.0648267564747,0.0,0.0,0.0,142.5168475273327,166.20805555042568,775.0828640846497
3085657,86.39752270073524,0.0,0.0,0.0,0.0,45.74763065396238,14.520075213989609,0.0,0.0,0.0,0.0,0.0,0.0,0.0,0.0,0.0,89.10630017912185,0.0,0.0,305.7767340598589,204.6443496617983,0.0,100.2593070258988,0.0,0.0,0.0,74.65168203812665,0.0,921.1036015334917
3085096,85.54210168389628,100.14879249170195,92.72904903048467,110.62681151403854,0.0,0.0,52.030269516796096,0.0,0.0,0.0,0.0,0.0,0.0,0.0,0.0,0.0,87.28780425709895,0.0,0.0,48.92427744957742,107.70755245357805,137.2193863549042,41.01517105604951,299.5506739890165,118.7140889880811,0.0,0.0,0.0,1281.4959787852233
2303527,84.68668066705732,207.45107016138263,195.39335331423555,191.7531399576668,256.427700471513,1225.0198875116594,135.52070199723636,195.784866981458,1685.0696369832408,0.0,391.316884293776,179.7665800099563,210.45145465496847,0.0,0.0,0.0,23.640446986297633,0.0,37.61069511402879,163.89632945608435,107.70755245357805,0.0,136.71723685349835,0.0,0.0,181.5752953840966,312.1797612503478,156.97427468651313,6078.943549188595
3046368,83.83125965021836,0.0,0.0,0.0,0.0,111.8275415985747,38.72020057063896,0.0,0.0,0.0,0.0,0.0,0.0,0.0,0.0,0.0,0.0,0.0,0.0,61.15534681197177,0.0,0.0,77.47310088364907,0.0,0.0,84.30281571404485,81.43819858704725,92.33780863912538,631.0862724552703
3031658,82.12041761654042,271.832436763191,112.5995595370171,0.0,73.26505727757514,50.83070072662486,22.99011908881688,195.784866981458,150.74105378763815,0.0,0.0,0.0,166.90977438152672,0.0,0.0,0.0,18.18495922022895,294.9504483246815,0.0,0.0,161.56132868036707,0.0,123.04551316814853,0.0,118.7140889880811,0.0,0.0,0.0,1843.5303245418954
2603433,81.26499659970146,0.0,69.54678677286351,0.0,52.33218376969653,45.74763065396238,19.36010028531948,0.0,0.0,0.0,0.0,0.0,0.0,0.0,0.0,0.0,0.0,0.0,0.0,26.90835259726758,129.24906294429366,0.0,127.60275439659848,0.0,0.0,0.0,0.0,0.0,552.0118680197031
2803844,81.26499659970146,78.68833695776583,33.11751751088738,73.7512076760257,62.798620523635826,160.11670728886833,249.26129117348827,0.0,80.7541359576633,218.99208891078808,0.0,0.0,0.0,0.0,0.0,110.5375440768457,18.18495922022895,0.0,177.7960132663179,53.81670519453516,0.0,0.0,369.1365395044456,0.0,0.0,0.0,0.0,0.0,1768.2166638611973
2805416,81.26499659970146,0.0,33.11751751088738,95.8765699788334,62.798620523635826,101.66140145324972,174.2409025678753,0.0,75.37052689381908,177.93107224001534,0.0,0.0,0.0,0.0,0.0,221.0750881536914,54.55487766068684,0.0,85.47885253188362,56.262919067014025,0.0,0.0,287.1061973923466,0.0,0.0,0.0,0.0,0.0,1506.73954257364
85033,80.4095755828625,135.9162183815955,109.28780778592836,0.0,0.0,175.3659175068558,134.3106957294039,0.0,0.0,0.0,0.0,0.0,0.0,0.0,0.0,0.0,65.46585319282421,0.0,0.0,0.0,0.0,0.0,0.0,0.0,0.0,0.0,0.0,0.0,700.7560681794703
2272,80.4095755828625,207.45107016138263,152.34058055008197,81.12632844362827,151.76333293211994,60.996840871949836,44.77023190980129,149.71783945640905,53.8360906384422,0.0,0.0,248.90757232147794,0.0,0.0,0.0,309.505123415168,243.6784535510679,0.0,54.70646562040552,308.2229479323377,0.0,164.66326362588507,252.92688817897198,324.5132301547679,237.4281779761622,473.3927343942518,502.2022246201248,369.35123455650154,4471.9102068938
3031145,79.55415456602353,100.14879249170195,238.44612607838917,228.62874379567964,151.76333293211994,645.5498992281358,261.36135385181296,0.0,113.05579034072862,0.0,0.0,0.0,0.0,261.9983327378826,0.0,0.0,21.82195106427474,0.0,0.0,0.0,0.0,0.0,25.0648267564747,0.0,0.0,84.30281571404485,0.0,120.03915123086298,2331.7352707881314
3079743,79.55415456602353,164.53015909351038,155.6523323011707,103.25169074643598,73.26505727757514,307.52573939608044,59.2903071237909,0.0,446.83955229907025,136.87005556924254,453.10376076121435,235.07937385917361,217.70840136720875,0.0,0.0,121.59129848453027,172.757112592175,216.2969954380997,0.0,85.61748553676047,323.12265736073414,0.0,70.63723904097415,0.0,0.0,90.7876476920483,88.22471513596786,110.80537036695046,3712.5111060087374
3044476,79.55415456602353,207.45107016138263,96.04080078157341,81.12632844362827,83.73149403151444,86.41219123526227,21.780112820984414,0.0,0.0,0.0,350.12563331548375,0.0,116.11114739584468,0.0,0.0,0.0,27.27743883034342,393.26726443290863,0.0,112.52583813402805,150.79057343500926,137.2193863549042,59.24413596984929,0.0,0.0,201.02979131810693,210.38201301653876,129.2729320947755,2543.3423063381615
449719,78.69873354918457,0.0,72.85853852395225,0.0,57.56540214666617,157.5751722525371,199.65103419235712,149.71783945640905,204.57714442608037,232.67909446771236,0.0,0.0,0.0,285.816362986781,0.0,154.752561707584,70.9213409588929,0.0,51.287311519130164,95.40234102667597,0.0,219.55101816784673,93.42344518322388,0.0,201.8139512797379,103.7573116480552,67.86516548920603,0.0,2497.9137689820323
2562244,78.69873354918457,164.53015909351038,66.23503502177476,0.0,73.26505727757514,35.58149050863741,15.730081481822076,115.16756881262236,113.05579034072862,0.0,0.0,0.0,94.34030725912379,0.0,0.0,0.0,0.0,0.0,0.0,53.81670519453516,172.33208392572487,0.0,100.2593070258988,0.0,0.0,155.6359674720828,128.94381442949148,101.57158950303791,1469.1636908957503
3039986,78.69873354918457,107.30227766968068,235.13437432730043,0.0,109.8975859163627,5482.091073366492,260.1513475839805,0.0,1491.2597106848489,0.0,205.95625489146104,152.11018308534764,130.62504082032524,404.9065142312731,0.0,0.0,90.92479610114475,0.0,47.868157417854825,24.46213872478871,236.95661539787167,0.0,82.03034211209902,0.0,0.0,226.96911923012075,285.0336950546654,452.4552623317143,10104.833222496518
2501967,78.69873354918457,0.0,39.74102101306486,0.0,0.0,0.0,0.0,0.0,0.0,0.0,0.0,0.0,0.0,0.0,0.0,0.0,0.0,0.0,0.0,39.13942195966193,0.0,0.0,0.0,0.0,0.0,0.0,0.0,0.0,157.57917652191134
3033994,77.8433125323456,0.0,62.923283270686035,103.25169074643598,146.53011455515028,50.83070072662486,136.7307082650688,0.0,118.43939940457284,0.0,0.0,0.0,123.36809410808496,0.0,0.0,132.64505289221484,174.5756085141979,0.0,0.0,73.38641617436612,0.0,219.55101816784673,243.81240572207207,274.5881178232651,0.0,0.0,0.0,0.0,1938.475922902932
3088888,77.8433125323456,193.1440998054252,145.7170770479045,0.0,0.0,76.2460510899373,35.09018176714155,0.0,0.0,0.0,0.0,165.93838154765197,72.56946712240293,0.0,0.0,0.0,47.280893972595265,0.0,136.7661640510138,156.55768783864772,0.0,0.0,116.20965132547362,0.0,0.0,123.21180758206556,142.5168475273327,203.14317900607583,1692.2348022160133
2138247,76.98789151550665,0.0,0.0,0.0,0.0,0.0,0.0,0.0,0.0,0.0,0.0,0.0,0.0,0.0,0.0,0.0,0.0,0.0,0.0,0.0,0.0,0.0,0.0,0.0,0.0,0.0,0.0,0.0,76.98789151550665
2945019,76.13247049866767,243.2184960512762,155.6523323011707,132.75217381684627,141.29689617818062,30.498420435974918,24.200125356649348,195.784866981458,86.13774502150751,0.0,494.29501173950655,290.39216770839096,341.0764954752937,285.816362986781,0.0,187.9138249306377,258.22642092725107,196.63363221645432,0.0,366.9320808718306,323.12265736073414,0.0,116.20965132547362,0.0,0.0,376.1202547242001,298.6067281525066,313.94854937302625,4934.967364433818
2786988,75.27704948182871,0.0,46.36452451524234,0.0,0.0,0.0,0.0,230.33513762524473,172.27549004301503,150.55706112616681,0.0,0.0,0.0,261.9983327378826,0.0,243.18259696906054,360.06219256053316,0.0,61.5447738229562,303.33052018738,0.0,205.82907953235633,61.522756584074266,0.0,0.0,233.4539512081242,156.0898806251739,240.07830246172597,2801.9016494807643
2805590,74.42162846498975,228.91152569531874,264.94014008709905,656.3857483166287,324.45953937211846,604.885338646836,958.3249641233142,0.0,242.26240787298988,917.0293723139251,205.95625489146104,235.07937385917361,442.67374944665784,0.0,0.0,287.3976145997988,85.46930833507606,334.27717476797227,745.3755940780251,442.76471091867563,129.24906294429366,246.99489543882757,193.6827522091227,524.2136794807789,249.29958687497032,343.6960948341828,305.3932447014272,286.24720678128864,9329.390969054948
2945020,73.5662074481508,100.14879249170195,62.923283270686035,0.0,52.33218376969653,0.0,0.0,0.0,0.0,0.0,0.0,0.0,101.5972539713641,0.0,0.0,110.5375440768457,92.74329202316764,0.0,0.0,220.1592485230984,0.0,0.0,72.91585965519913,0.0,0.0,226.96911923012075,203.59549646761815,92.33780863912538,1409.8260895667747
3031144,72.71078643131183,321.90683300904203,712.0266264840787,206.50338149287197,219.7951718327254,1352.0966393282215,589.2730524344116,0.0,231.49518974530147,602.2282445046673,0.0,179.7665800099563,0.0,285.816362986781,516.2326488470803,276.3438601921142,67.28434911484712,0.0,201.73009197524533,34.246994214704195,0.0,0.0,34.17930921337459,0.0,0.0,0.0,115.37078133165028,369.35123455650154,6388.358137704888
1921783,72.71078643131183,0.0,0.0,0.0,0.0,60.996840871949836,264.9913726553104,0.0,0.0,0.0,0.0,0.0,0.0,0.0,0.0,0.0,0.0,0.0,0.0,0.0,0.0,0.0,0.0,0.0,0.0,0.0,0.0,0.0,398.698999958572
2805400,71.85536541447287,0.0,0.0,0.0,0.0,43.206095617631135,78.65040740911039,115.16756881262236,86.13774502150751,0.0,0.0,0.0,0.0,0.0,0.0,0.0,0.0,0.0,0.0,0.0,0.0,0.0,0.0,0.0,0.0,0.0,0.0,0.0,395.0171822753442
568247,71.85536541447287,71.5348517797871,0.0,0.0,0.0,0.0,0.0,0.0,0.0,0.0,0.0,0.0,0.0,0.0,0.0,0.0,0.0,0.0,0.0,0.0,0.0,0.0,0.0,0.0,0.0,0.0,0.0,0.0,143.39021719425998
1524215,70.14452338079495,107.30227766968068,102.66430428375088,346.63067607732074,193.62907994787713,393.93793063134274,1043.025402871587,0.0,242.26240787298988,739.0983000739099,0.0,525.4715415675646,130.62504082032524,0.0,0.0,221.0750881536914,80.01382056900738,216.2969954380997,317.981331418607,31.80078034222532,0.0,0.0,120.76689255392355,0.0,0.0,71.33315175803794,0.0,138.50671295868807,5092.566258389424
2937911,70.14452338079495,0.0,0.0,0.0,0.0,0.0,19.36010028531948,0.0,0.0,0.0,0.0,0.0,0.0,0.0,0.0,0.0,18.18495922022895,0.0,0.0,58.709132939492896,0.0,0.0,31.90068859914962,0.0,0.0,84.30281571404485,128.94381442949148,0.0,411.54603456852226
2448023,70.14452338079495,150.22318873755293,76.17029027504098,1408.6480666120908,659.3855154981762,958.1587086968788,2620.873576125124,0.0,689.1019601720601,1382.3875612493498,0.0,1064.7712815974335,566.0418435547427,0.0,0.0,663.2252644610742,50.91788581664105,196.63363221645432,923.171607344343,36.69320808718306,118.47830769893584,0.0,141.2744780819483,0.0,225.5567690773541,175.09046340609316,122.1572978805709,110.80537036695046,12409.910800336791
2690158,69.28910236395598,0.0,0.0,0.0,0.0,0.0,27.83014416014675,218.81838074398252,145.35744472379395,0.0,0.0,0.0,0.0,0.0,0.0,0.0,0.0,0.0,0.0,0.0,0.0,0.0,59.24413596984929,0.0,0.0,0.0,0.0,0.0,520.5392079617285
2897176,68.43368134711702,185.9906146274465,158.96408405225944,95.8765699788334,62.798620523635826,152.4921021798746,212.96110313851426,0.0,107.6721812768844,205.30508335386386,0.0,276.56396924608663,79.8264138346432,0.0,0.0,154.752561707584,25.458942908320527,393.26726443290863,140.18531815228914,34.246994214704195,0.0,0.0,47.851032898724426,0.0,0.0,0.0,0.0,0.0,2402.6465378736902
84997,68.43368134711702,0.0,109.28780778592836,236.00386456328224,209.3287350787861,213.48894305182444,300.0815544224519,276.4021651502937,376.8526344690954,520.1062111631217,0.0,193.59477847226066,0.0,0.0,0.0,221.0750881536914,49.09938989461816,0.0,488.93903648237426,95.40234102667597,0.0,0.0,1583.6413268863562,0.0,0.0,97.27247967005175,122.1572978805709,101.57158950303791,5262.738925001538
3139177,68.43368134711702,0.0,0.0,0.0,0.0,0.0,0.0,0.0,91.52135408535175,0.0,0.0,0.0,0.0,0.0,0.0,0.0,43.64390212854948,0.0,0.0,100.2947687716337,0.0,0.0,59.24413596984929,249.62556165751374,0.0,64.8483197800345,0.0,0.0,677.6117237400495
11158,68.43368134711702,0.0,0.0,0.0,0.0,0.0,0.0,0.0,0.0,0.0,0.0,0.0,130.62504082032524,0.0,0.0,0.0,0.0,0.0,0.0,26.90835259726758,247.72737064322948,0.0,22.78620614224973,0.0,0.0,0.0,0.0,0.0,496.480651550189
1980418,67.57826033027806,164.53015909351038,79.48204202612972,0.0,52.33218376969653,0.0,0.0,0.0,0.0,0.0,0.0,0.0,0.0,0.0,0.0,0.0,0.0,0.0,0.0,0.0,0.0,0.0,41.01517105604951,0.0,0.0,0.0,0.0,0.0,404.9378162756642
3039865,66.7228393134391,0.0,0.0,0.0,0.0,0.0,0.0,126.6843256938846,86.13774502150751,0.0,0.0,0.0,0.0,0.0,0.0,0.0,0.0,0.0,0.0,0.0,0.0,260.716834074318,70.63723904097415,299.5506739890165,142.45690678569733,0.0,0.0,0.0,1052.9065639188373
3078170,66.7228393134391,107.30227766968068,129.1583182924608,0.0,0.0,0.0,0.0,207.30162386272025,80.7541359576633,0.0,205.95625489146104,0.0,0.0,0.0,0.0,0.0,78.19532464698449,0.0,0.0,53.81670519453516,0.0,0.0,0.0,0.0,0.0,0.0,0.0,0.0,929.2074798289448
83763,65.86741829660012,114.45576284765937,76.17029027504098,162.25265688725653,141.29689617818062,48.28916569029362,21.780112820984414,0.0,0.0,0.0,308.9343823371916,0.0,166.90977438152672,0.0,0.0,0.0,50.91788581664105,0.0,0.0,166.34254332856324,0.0,0.0,407.8730899462701,0.0,0.0,175.09046340609316,67.86516548920603,92.33780863912538,2066.3834163406327
31984,65.86741829660012,0.0,0.0,0.0,73.26505727757514,0.0,25.410131624481814,149.71783945640905,80.7541359576633,0.0,0.0,0.0,0.0,357.27045373347624,0.0,0.0,18.18495922022895,0.0,47.868157417854825,46.478063577098546,0.0,0.0,141.2744780819483,0.0,0.0,71.33315175803794,0.0,0.0,1077.4238464013742
1969992,65.86741829660012,0.0,0.0,88.50144921123083,78.49827565454478,833.6234919166478,169.40087749654543,0.0,462.99037949060295,0.0,0.0,0.0,195.9375612304879,0.0,0.0,0.0,47.280893972595265,0.0,47.868157417854825,445.21092479115447,0.0,0.0,34.17930921337459,0.0,0.0,175.09046340609316,108.58426478272966,0.0,2753.0334668804617
3238476,65.86741829660012,0.0,0.0,0.0,0.0,0.0,0.0,0.0,0.0,0.0,0.0,0.0,72.56946712240293,0.0,0.0,0.0,0.0,0.0,0.0,29.354566469746448,129.24906294429366,0.0,0.0,0.0,0.0,0.0,0.0,0.0,297.0405148330432
412032,65.01199727976116,0.0,268.2518918381878,0.0,0.0,60.996840871949836,47.19024444546623,0.0,231.49518974530147,0.0,0.0,0.0,0.0,0.0,0.0,475.31143953043653,421.8910539093116,0.0,0.0,63.60156068445064,312.35190211537633,0.0,143.5530986961733,0.0,225.5567690773541,0.0,0.0,0.0,2315.2119881937692
944644,65.01199727976116,0.0,0.0,0.0,0.0,0.0,0.0,0.0,0.0,0.0,0.0,0.0,0.0,0.0,0.0,0.0,129.11321046362553,0.0,0.0,97.84855489915483,236.95661539787167,0.0,66.0799978125242,0.0,0.0,0.0,128.94381442949148,0.0,723.9541902824288
2685818,64.1565762629222,236.06501087329747,586.1800599427066,272.87946840129507,183.16264319393784,1115.7338809494158,1259.6165248135985,0.0,204.57714442608037,506.41920560619747,0.0,221.2511753968693,188.68061451824758,0.0,0.0,165.80631611526854,551.0042643729372,0.0,191.4726296714193,44.031849704619674,183.10283917108268,0.0,72.91585965519913,0.0,118.7140889880811,116.7269756040621,0.0,101.57158950303791,6384.068717170276
1577788,64.1565762629222,0.0,36.429269261976124,0.0,88.96471240848409,27.956885399643674,0.0,161.23459633767132,156.12466285148238,0.0,0.0,0.0,217.70840136720875,0.0,0.0,0.0,0.0,0.0,34.19154101275345,36.69320808718306,0.0,0.0,34.17930921337459,0.0,0.0,0.0,0.0,0.0,857.6391622026997
1442156,63.30115524608324,0.0,0.0,0.0,0.0,27.956885399643674,20.57010655315195,0.0,0.0,0.0,0.0,0.0,0.0,0.0,0.0,0.0,0.0,0.0,0.0,36.69320808718306,0.0,0.0,22.78620614224973,0.0,0.0,0.0,0.0,0.0,171.30756142831166
2813951,62.44573422924427,150.22318873755293,115.91131128810584,132.75217381684627,120.364022670302,81.32912116259979,118.5806142475818,161.23459633767132,113.05579034072862,0.0,205.95625489146104,165.93838154765197,341.0764954752937,0.0,0.0,309.505123415168,227.31199025286188,196.63363221645432,44.44900331657948,51.37049132205629,140.01981818965146,260.716834074318,250.64826756474702,324.5132301547679,427.370720357092,0.0,88.22471513596786,0.0,4089.631510744704
685949,62.44573422924427,92.99530731372325,43.052772764153595,0.0,0.0,0.0,0.0,0.0,0.0,0.0,0.0,0.0,0.0,0.0,0.0,0.0,0.0,0.0,0.0,26.90835259726758,0.0,0.0,43.29379167027448,0.0,0.0,0.0,0.0,0.0,268.69595857466317
2008790,61.59031321240531,0.0,79.48204202612972,280.25458916889767,188.3958615709075,426.97788610364887,390.832024509887,0.0,145.35744472379395,437.98417782157617,0.0,0.0,94.34030725912379,0.0,0.0,176.86007052295312,58.19186950473264,216.2969954380997,82.05969843060826,0.0,0.0,0.0,113.93103071124864,0.0,0.0,0.0,0.0,0.0,2752.5543110040126
1890422,61.59031321240531,143.0697035595742,79.48204202612972,103.25169074643598,57.56540214666617,292.276529178093,173.03089630004283,0.0,139.9738356599497,0.0,0.0,165.93838154765197,0.0,0.0,544.912240449696,0.0,0.0,0.0,68.3830820255069,61.15534681197177,0.0,0.0,68.35861842674917,0.0,0.0,97.27247967005175,156.0898806251739,110.80537036695046,2323.155812753049
589343,60.73489219556635,0.0,0.0,103.25169074643598,486.6893090581777,116.91061167123719,72.60037606994804,0.0,80.7541359576633,0.0,0.0,0.0,0.0,0.0,3011.357118274636,0.0,50.91788581664105,0.0,201.73009197524533,0.0,0.0,0.0,29.622067984924644,0.0,0.0,0.0,0.0,0.0,4214.568179750476
2976354,60.73489219556635,0.0,0.0,0.0,0.0,45.74763065396238,81.07041994477532,414.6032477254405,306.86571663912054,0.0,0.0,0.0,0.0,309.6343932356794,0.0,0.0,0.0,0.0,61.5447738229562,41.58563583214081,0.0,0.0,34.17930921337459,0.0,0.0,0.0,0.0,0.0,1355.966019263016
3424635,60.73489219556635,0.0,0.0,0.0,0.0,0.0,0.0,0.0,0.0,0.0,0.0,0.0,0.0,0.0,0.0,0.0,0.0,0.0,0.0,0.0,0.0,0.0,25.0648267564747,0.0,0.0,0.0,0.0,0.0,85.79971895204105
2843305,59.87947117872739,121.6092480256381,245.06962958056667,118.00193228164112,141.29689617818062,808.2081415533354,464.6424068476675,0.0,150.74105378763815,328.4881333661821,0.0,0.0,72.56946712240293,0.0,0.0,165.80631611526854,56.37337358270974,0.0,198.31093787397,0.0,150.79057343500926,0.0,45.57241228449946,0.0,0.0,0.0,88.22471513596786,101.57158950303791,3317.1562978524425
1911603,59.87947117872739,0.0,0.0,0.0,0.0,0.0,0.0,0.0,0.0,0.0,0.0,0.0,0.0,0.0,0.0,0.0,0.0,0.0,0.0,0.0,0.0,0.0,0.0,0.0,0.0,0.0,0.0,0.0,59.87947117872739
2844864,59.024050161888425,708.1950326198923,1695.616896557434,472.00772912656447,434.35712528848114,2480.538195459293,1385.4571766681752,0.0,489.908424809824,1040.2124223262433,0.0,580.7843354167819,275.7639750651311,595.4507562224604,0.0,652.1715100533896,121.83922677553394,0.0,612.0285841282866,39.13942195966193,452.3717203050278,0.0,189.12551098067274,349.47578632051926,273.04240467258654,213.99945527411384,264.67414540790355,535.5592901069272,13920.74317570679
563843,59.024050161888425,107.30227766968068,72.85853852395225,169.6277776548591,120.364022670302,195.69819779750574,381.15197436722724,0.0,188.4263172345477,424.2971722646519,0.0,193.59477847226066,0.0,0.0,0.0,232.12884256137596,247.3154453951137,0.0,61.5447738229562,83.17127166428162,0.0,0.0,43.29379167027448,0.0,0.0,0.0,142.5168475273327,92.33780863912538,2814.6538880973358
3024158,59.024050161888425,0.0,46.36452451524234,0.0,0.0,0.0,33.88017549930909,0.0,0.0,0.0,0.0,0.0,0.0,0.0,0.0,0.0,29.09593475236632,0.0,0.0,56.262919067014025,0.0,0.0,77.47310088364907,0.0,0.0,77.8179837360414,67.86516548920603,0.0,447.78385410471674
3056649,59.024050161888425,85.84182213574454,132.47007004354953,324.50531377451307,209.3287350787861,236.36275837880564,491.26254473998176,161.23459633767132,209.96075348992457,561.1672278338946,0.0,235.07937385917361,72.56946712240293,0.0,0.0,287.3976145997988,34.551422518435004,0.0,109.41293124081103,112.52583813402805,0.0,0.0,79.75172149787404,0.0,118.7140889880811,71.33315175803794,162.8763971740945,156.97427468651313,3912.3441535540096
485255,59.024050161888425,464.9765365686162,122.53481479028333,0.0,57.56540214666617,83.87065619893103,24.200125356649348,0.0,64.60330876613064,0.0,0.0,138.28198462304331,224.96534807944906,0.0,0.0,0.0,210.9455269546558,0.0,0.0,161.45011558360548,129.24906294429366,0.0,43.29379167027448,0.0,0.0,123.21180758206556,88.22471513596786,267.7796450534636,2264.1768916159845
84994,58.168629145049465,0.0,52.988028017419815,0.0,0.0,58.455305835618596,82.2804262126078,0.0,0.0,0.0,0.0,0.0,0.0,0.0,0.0,0.0,0.0,0.0,0.0,31.80078034222532,0.0,0.0,521.8041206575188,0.0,0.0,0.0,0.0,0.0,805.4972902104398
3466454,57.3132081282105,257.52546640723364,304.68116110016393,95.8765699788334,78.49827565454478,452.3932364669613,406.562105991709,0.0,150.74105378763815,355.8621444800307,0.0,0.0,326.56260205081315,0.0,0.0,198.96757933832225,20.003455142251845,0.0,68.3830820255069,44.031849704619674,624.7038042307527,878.2040726713869,29.622067984924644,624.0639041437844,474.8563559523244,90.7876476920483,95.01123168488847,101.57158950303791,5736.222464119986
2005523,57.3132081282105,0.0,56.29977976850855,162.25265688725653,73.26505727757514,0.0,26.620137892314283,0.0,86.13774502150751,0.0,0.0,0.0,0.0,0.0,0.0,165.80631611526854,105.4727634773279,0.0,0.0,176.1273988184787,0.0,164.66326362588507,93.42344518322388,0.0,0.0,330.72643087817596,244.3145957611418,230.84452159781344,1973.2673204326877
85018,57.3132081282105,92.99530731372325,46.36452451524234,0.0,52.33218376969653,68.62144598094358,64.13033219512077,0.0,0.0,0.0,0.0,0.0,130.62504082032524,0.0,0.0,0.0,0.0,0.0,41.02984921530413,48.92427744957742,0.0,0.0,0.0,0.0,0.0,84.30281571404485,88.22471513596786,184.67561727825077,959.5393175164072
143067,57.3132081282105,0.0,0.0,0.0,52.33218376969653,40.664560581299895,15.730081481822076,0.0,0.0,0.0,0.0,0.0,0.0,0.0,0.0,0.0,107.29125939935079,0.0,0.0,34.246994214704195,0.0,0.0,41.01517105604951,0.0,0.0,64.8483197800345,88.22471513596786,0.0,501.6664935471359
3120710,55.60236609453258,0.0,36.429269261976124,140.12729458444883,141.29689617818062,0.0,31.46016296364415,184.2681101001958,86.13774502150751,164.24406668309106,0.0,0.0,341.0764954752937,0.0,0.0,0.0,25.458942908320527,0.0,0.0,44.031849704619674,355.43492309680755,0.0,61.522756584074266,0.0,0.0,116.7269756040621,115.37078133165028,0.0,1899.1886355924046
3121618,54.74694507769362,78.68833695776583,0.0,0.0,0.0,0.0,54.450282052461034,138.20108257514684,91.52135408535175,177.93107224001534,0.0,0.0,0.0,0.0,0.0,0.0,138.20569007374002,255.62372188139062,0.0,58.709132939492896,118.47830769893584,0.0,0.0,0.0,0.0,0.0,0.0,0.0,1166.5559255819937
11270,54.74694507769362,128.76273320361682,43.052772764153595,73.7512076760257,0.0,0.0,0.0,0.0,0.0,0.0,0.0,0.0,87.08336054688351,0.0,0.0,0.0,41.82540620652658,0.0,0.0,0.0,0.0,0.0,88.86620395477394,0.0,130.58549788688921,0.0,0.0,0.0,648.674127316563
2820280,53.89152406085465,185.9906146274465,278.18714709145405,265.50434763369253,340.15919450302744,975.9494539511974,923.2347823561726,149.71783945640905,312.24932570296477,547.4802222769702,0.0,262.7357707837823,72.56946712240293,0.0,0.0,342.6663866382217,221.85650248679318,0.0,249.59824939310016,44.031849704619674,0.0,0.0,136.71723685349835,0.0,0.0,162.12079945008622,135.73033097841207,138.50671295868807,5798.897758029793
990719,53.03610304401569,0.0,66.23503502177476,0.0,146.53011455515028,71.16298101727482,55.6602883202935,0.0,0.0,0.0,0.0,0.0,0.0,0.0,0.0,0.0,0.0,0.0,0.0,36.69320808718306,0.0,0.0,307.6137829203713,0.0,0.0,103.7573116480552,0.0,0.0,840.6888246141185
3040680,53.03610304401569,114.45576284765937,82.79379377721845,0.0,0.0,0.0,32.67016923147662,0.0,0.0,0.0,0.0,0.0,94.34030725912379,0.0,0.0,0.0,0.0,0.0,0.0,0.0,172.33208392572487,0.0,0.0,0.0,0.0,0.0,0.0,0.0,549.6282200852188
2942964,51.32526101033776,128.76273320361682,72.85853852395225,0.0,136.06367780121099,0.0,0.0,345.5027064378671,134.5902265961055,0.0,0.0,0.0,116.11114739584468,0.0,0.0,0.0,76.37682872496158,0.0,0.0,48.92427744957742,0.0,0.0,91.14482456899891,0.0,0.0,0.0,0.0,0.0,1201.660221712473
548682,51.32526101033776,0.0,0.0,0.0,0.0,0.0,0.0,230.33513762524473,156.12466285148238,150.55706112616681,0.0,0.0,0.0,238.18030248898415,0.0,0.0,50.91788581664105,0.0,0.0,34.246994214704195,0.0,0.0,27.34344737069967,0.0,0.0,0.0,0.0,0.0,939.0307525042607
3424644,50.469839993498795,0.0,0.0,0.0,0.0,0.0,0.0,0.0,0.0,0.0,0.0,0.0,0.0,0.0,0.0,0.0,0.0,0.0,0.0,0.0,0.0,0.0,68.35861842674917,0.0,0.0,0.0,0.0,0.0,118.82845842024797
2983162,49.61441897665984,0.0,0.0,0.0,0.0,40.664560581299895,77.44040114127792,0.0,0.0,0.0,0.0,0.0,0.0,0.0,0.0,0.0,0.0,0.0,41.02984921530413,0.0,0.0,0.0,29.622067984924644,0.0,0.0,0.0,0.0,0.0,238.37129789946644
332247,49.61441897665984,0.0,0.0,0.0,0.0,0.0,60.50031339162337,333.98594955660485,69.98691782997486,0.0,0.0,0.0,0.0,285.816362986781,0.0,0.0,61.828861348778425,0.0,47.868157417854825,0.0,0.0,0.0,0.0,0.0,0.0,0.0,0.0,0.0,909.6009815082772
2946168,49.61441897665984,0.0,0.0,0.0,0.0,0.0,0.0,0.0,0.0,0.0,0.0,0.0,0.0,0.0,0.0,0.0,0.0,0.0,0.0,0.0,0.0,0.0,0.0,0.0,0.0,0.0,0.0,0.0,49.61441897665984
2946196,49.61441897665984,92.99530731372325,52.988028017419815,162.25265688725653,109.8975859163627,48.28916569029362,12.100062678324674,0.0,0.0,0.0,0.0,0.0,297.5348152018519,0.0,0.0,0.0,0.0,0.0,0.0,78.27884391932386,183.10283917108268,164.66326362588507,54.68689474139934,249.62556165751374,0.0,103.7573116480552,128.94381442949148,0.0,1788.730569874644
224464,48.758997959820874,92.99530731372325,59.61153151959729,199.1282607252694,156.99655130908957,195.69819779750574,931.7048262309999,126.6843256938846,161.5082719153266,588.5412389477431,0.0,0.0,101.5972539713641,0.0,889.067339681083,0.0,112.74674716541948,0.0,82.05969843060826,0.0,0.0,0.0,47.851032898724426,0.0,0.0,0.0,0.0,0.0,3794.9495815601595
145358,48.758997959820874,164.53015909351038,172.21109105661438,258.12922686608994,277.3605739793916,541.3469627385548,666.7134535756894,322.46919267534264,285.33128038374366,533.793216720046,0.0,345.70496155760827,145.13893424480585,309.6343932356794,0.0,132.64505289221484,67.28434911484712,0.0,201.73009197524533,90.50991328171823,0.0,0.0,129.88137501082346,0.0,0.0,77.8179837360414,0.0,120.03915123086298,4891.030361328651
46659,47.903576942981914,250.3719812292549,125.84656654137207,110.62681151403854,115.13080429333235,25.41535036331243,0.0,0.0,0.0,0.0,226.55188038060717,235.07937385917361,0.0,0.0,0.0,0.0,72.7398368809158,255.62372188139062,0.0,163.89632945608435,0.0,0.0,120.76689255392355,0.0,0.0,175.09046340609316,156.0898806251739,0.0,2081.1334699276545
85002,47.04815592614295,0.0,0.0,0.0,0.0,45.74763065396238,90.75047008743505,0.0,59.21969970228642,0.0,0.0,0.0,0.0,0.0,0.0,0.0,0.0,0.0,37.61069511402879,0.0,0.0,0.0,0.0,0.0,0.0,0.0,0.0,0.0,280.3766514838556
3079752,47.04815592614295,0.0,0.0,0.0,0.0,912.4110780429163,98.01050769442986,0.0,608.347824214397,0.0,0.0,0.0,0.0,0.0,372.8346908340025,0.0,21.82195106427474,0.0,0.0,56.262919067014025,0.0,0.0,25.0648267564747,0.0,0.0,291.8174390101553,298.6067281525066,0.0,2732.2261207623137
1495648,47.04815592614295,0.0,0.0,0.0,0.0,0.0,33.88017549930909,0.0,0.0,0.0,0.0,0.0,0.0,0.0,0.0,0.0,0.0,0.0,0.0,0.0,0.0,0.0,0.0,0.0,0.0,0.0,0.0,0.0,80.92833142545203
11118,47.04815592614295,0.0,0.0,0.0,0.0,0.0,0.0,0.0,0.0,0.0,0.0,0.0,0.0,0.0,0.0,0.0,0.0,0.0,0.0,53.81670519453516,0.0,0.0,0.0,0.0,0.0,188.06012736210005,81.43819858704725,0.0,370.36318706982547
2137278,46.19273490930399,0.0,102.66430428375088,81.12632844362827,52.33218376969653,528.6392875568987,281.93146040496487,0.0,80.7541359576633,0.0,0.0,152.11018308534764,0.0,0.0,0.0,132.64505289221484,23.640446986297633,0.0,75.22139022805759,0.0,0.0,0.0,0.0,0.0,0.0,0.0,0.0,0.0,1557.2575085178241
125316,46.19273490930399,85.84182213574454,46.36452451524234,0.0,73.26505727757514,172.82438247052454,221.43114701334153,0.0,161.5082719153266,314.8011278092579,0.0,0.0,0.0,0.0,0.0,0.0,0.0,235.96035865974517,58.125619721680856,26.90835259726758,226.1858601525139,0.0,31.90068859914962,0.0,0.0,0.0,0.0,0.0,1701.3099477766737
145360,46.19273490930399,0.0,72.85853852395225,103.25169074643598,0.0,127.07675181656217,238.37123476299607,0.0,59.21969970228642,177.93107224001534,0.0,428.6741523314343,116.11114739584468,0.0,0.0,0.0,52.73638173866395,0.0,208.56840017779604,41.58563583214081,0.0,0.0,0.0,0.0,0.0,0.0,88.22471513596786,0.0,1760.8021553134
2976758,46.19273490930399,143.0697035595742,56.29977976850855,88.50144921123083,0.0,78.78758612626855,176.66091510354022,0.0,86.13774502150751,0.0,0.0,0.0,0.0,0.0,0.0,0.0,141.8426819177858,0.0,51.287311519130164,34.246994214704195,0.0,0.0,47.851032898724426,0.0,0.0,0.0,0.0,0.0,950.8779342502784
3424634,46.19273490930399,0.0,0.0,95.8765699788334,151.76333293211994,0.0,0.0,0.0,0.0,0.0,0.0,0.0,0.0,0.0,0.0,0.0,52.73638173866395,0.0,0.0,0.0,0.0,0.0,0.0,0.0,0.0,0.0,0.0,0.0,346.5690195589213
2811505,45.33731389246502,128.76273320361682,115.91131128810584,0.0,0.0,0.0,12.100062678324674,0.0,0.0,0.0,205.95625489146104,0.0,0.0,0.0,0.0,0.0,38.18841436248079,0.0,0.0,31.80078034222532,236.95661539787167,0.0,43.29379167027448,0.0,0.0,84.30281571404485,0.0,0.0,942.6100934408704
2946186,45.33731389246502,0.0,0.0,0.0,0.0,0.0,0.0,0.0,0.0,0.0,0.0,0.0,0.0,0.0,0.0,0.0,0.0,0.0,0.0,29.354566469746448,0.0,0.0,0.0,0.0,0.0,0.0,67.86516548920603,0.0,142.5570458514175
1334117,44.48189287562606,0.0,0.0,0.0,62.798620523635826,0.0,14.520075213989609,0.0,0.0,0.0,0.0,0.0,0.0,0.0,0.0,0.0,0.0,0.0,0.0,78.27884391932386,0.0,0.0,72.91585965519913,424.36345481777334,0.0,77.8179837360414,0.0,0.0,775.1767307415893
2689614,43.62647185878709,0.0,0.0,73.7512076760257,52.33218376969653,40.664560581299895,169.40087749654543,115.16756881262236,123.82300846841706,328.4881333661821,0.0,0.0,0.0,0.0,0.0,0.0,0.0,0.0,0.0,0.0,0.0,0.0,0.0,0.0,0.0,0.0,0.0,0.0,947.2540120295762
2493628,42.77105084194814,128.76273320361682,334.4869268599626,184.37801919006424,125.59724104727165,752.294370754048,539.6627954532805,0.0,177.65909910685926,355.8621444800307,0.0,207.42297693456499,0.0,571.632725973562,0.0,176.86007052295312,136.3871941517171,0.0,116.25123944336171,48.92427744957742,0.0,0.0,61.522756584074266,0.0,0.0,116.7269756040621,162.8763971740945,175.4418364143382,4415.5208311893875
2945021,42.77105084194814,0.0,0.0,0.0,62.798620523635826,0.0,0.0,0.0,0.0,0.0,0.0,0.0,0.0,0.0,0.0,0.0,27.27743883034342,0.0,0.0,0.0,0.0,0.0,70.63723904097415,0.0,0.0,0.0,0.0,0.0,203.48434923690152
137992,42.77105084194814,0.0,0.0,0.0,0.0,0.0,0.0,0.0,0.0,0.0,0.0,0.0,0.0,0.0,0.0,0.0,58.19186950473264,0.0,0.0,29.354566469746448,0.0,0.0,29.622067984924644,0.0,0.0,0.0,0.0,0.0,159.93955480135187
255526,41.91562982510918,0.0,56.29977976850855,110.62681151403854,88.96471240848409,58.455305835618596,131.89068319373897,0.0,0.0,0.0,0.0,0.0,0.0,0.0,0.0,0.0,23.640446986297633,0.0,0.0,39.13942195966193,0.0,0.0,25.0648267564747,0.0,0.0,71.33315175803794,0.0,0.0,647.3307700059702
213468,41.91562982510918,0.0,0.0,420.3818837533464,450.0567804193901,371.06411530436156,127.05065812240908,0.0,0.0,0.0,0.0,0.0,0.0,0.0,0.0,0.0,34.551422518435004,0.0,58.125619721680856,26.90835259726758,0.0,0.0,435.21653731696983,0.0,0.0,0.0,0.0,0.0,1965.2709995789694
3039170,41.91562982510918,0.0,39.74102101306486,0.0,0.0,0.0,0.0,0.0,0.0,0.0,0.0,0.0,152.39588095704613,0.0,0.0,0.0,0.0,0.0,0.0,114.97205200650693,0.0,0.0,170.89654606687296,0.0,0.0,0.0,81.43819858704725,0.0,601.3593284556473
2922432,41.06020880827021,121.6092480256381,39.74102101306486,0.0,0.0,38.12302554496865,36.30018803497402,0.0,0.0,0.0,0.0,0.0,116.11114739584468,0.0,0.0,0.0,112.74674716541948,0.0,34.19154101275345,80.72505779180274,0.0,0.0,25.0648267564747,0.0,0.0,64.8483197800345,88.22471513596786,0.0,798.7460464652132
2942965,41.06020880827021,78.68833695776583,99.35255253266216,0.0,0.0,0.0,0.0,0.0,69.98691782997486,0.0,0.0,0.0,0.0,0.0,0.0,0.0,0.0,0.0,0.0,29.354566469746448,0.0,0.0,54.68689474139934,0.0,0.0,123.21180758206556,0.0,0.0,496.3412849218844
1980416,41.06020880827021,0.0,0.0,0.0,0.0,0.0,0.0,0.0,0.0,0.0,0.0,0.0,0.0,0.0,0.0,0.0,0.0,0.0,0.0,0.0,0.0,0.0,68.35861842674917,0.0,0.0,0.0,0.0,0.0,109.41882723501939
10780,41.06020880827021,0.0,0.0,0.0,88.96471240848409,55.91377079928735,12.100062678324674,0.0,0.0,0.0,0.0,0.0,0.0,0.0,0.0,0.0,0.0,0.0,0.0,26.90835259726758,0.0,0.0,0.0,0.0,0.0,0.0,0.0,0.0,224.94710729163393
3423713,40.20478779143125,78.68833695776583,135.78182179463826,81.12632844362827,125.59724104727165,388.85486055868023,317.02164217210645,0.0,96.90496314919595,273.7401111384851,0.0,0.0,94.34030725912379,0.0,0.0,0.0,41.82540620652658,0.0,64.96392792423154,41.58563583214081,0.0,0.0,293.94205923502153,0.0,154.32831568450544,0.0,0.0,120.03915123086298,2348.9448964256153
693073,40.20478779143125,92.99530731372325,59.61153151959729,0.0,88.96471240848409,114.36907663490595,47.19024444546623,0.0,0.0,0.0,0.0,138.28198462304331,0.0,0.0,0.0,0.0,152.75365744992317,0.0,0.0,117.41826587898579,0.0,0.0,25.0648267564747,0.0,0.0,97.27247967005175,108.58426478272966,138.50671295868807,1221.2178522335046
213465,39.34936677459228,0.0,0.0,0.0,0.0,33.03995547230617,90.75047008743505,0.0,0.0,0.0,0.0,0.0,79.8264138346432,0.0,0.0,0.0,0.0,373.6039012112632,95.73631483570965,51.37049132205629,0.0,0.0,0.0,0.0,0.0,0.0,0.0,0.0,763.6769135380058
2843308,38.49394575775332,243.2184960512762,208.64036031859052,236.00386456328224,167.4629880630289,1654.5393086516394,485.21251340081943,0.0,113.05579034072862,314.8011278092579,0.0,0.0,87.08336054688351,0.0,0.0,0.0,45.462398050572375,0.0,198.31093787397,181.01982656343645,0.0,0.0,59.24413596984929,0.0,0.0,233.4539512081242,169.66291372301512,350.8836728286764,4786.549591720903
189770,38.49394575775332,0.0,0.0,0.0,0.0,58.455305835618596,47.19024444546623,0.0,59.21969970228642,0.0,0.0,0.0,0.0,238.18030248898415,0.0,0.0,0.0,0.0,0.0,0.0,0.0,0.0,29.622067984924644,0.0,0.0,0.0,0.0,0.0,471.16156621503336
1198451,38.49394575775332,0.0,46.36452451524234,0.0,0.0,27.956885399643674,36.30018803497402,0.0,0.0,0.0,0.0,0.0,0.0,0.0,0.0,0.0,112.74674716541948,0.0,41.02984921530413,107.63341038907032,0.0,205.82907953235633,41.01517105604951,349.47578632051926,391.7564936606676,97.27247967005175,135.73033097841207,184.67561727825077,1816.2805089737144
2307,38.49394575775332,0.0,0.0,0.0,0.0,35.58149050863741,18.15009401748701,149.71783945640905,134.5902265961055,0.0,0.0,0.0,0.0,0.0,0.0,0.0,0.0,0.0,0.0,0.0,0.0,0.0,50.1296535129494,0.0,0.0,0.0,0.0,0.0,426.6632498493417
2831090,37.638524740914356,100.14879249170195,195.39335331423555,0.0,68.03183890060549,439.68556128530514,210.54109060284932,0.0,69.98691782997486,232.67909446771236,0.0,179.7665800099563,79.8264138346432,0.0,0.0,0.0,30.914430674389212,0.0,102.57462303826033,0.0,118.47830769893584,137.2193863549042,27.34344737069967,249.62556165751374,142.45690678569733,0.0,0.0,0.0,2422.310831058299
2831111,37.638524740914356,92.99530731372325,152.34058055008197,250.75410609848737,214.56195345575574,767.5435809720356,343.64178006442074,149.71783945640905,75.37052689381908,287.4271166954094,0.0,165.93838154765197,79.8264138346432,0.0,0.0,0.0,21.82195106427474,0.0,181.21516736759327,0.0,0.0,0.0,38.736550441824534,0.0,0.0,0.0,0.0,0.0,2859.5297804970446
3228945,37.638524740914356,0.0,72.85853852395225,295.0048307041028,62.798620523635826,139.78442699821838,85.91044501610519,0.0,166.89188097917082,0.0,0.0,0.0,0.0,0.0,0.0,0.0,72.7398368809158,0.0,64.96392792423154,185.91225430839418,0.0,0.0,0.0,0.0,0.0,239.93878318612764,108.58426478272966,295.48098764520125,1828.5073222136998
85029,37.638524740914356,0.0,89.41729727939594,317.1301930069105,146.53011455515028,327.85801968673036,559.0228957385999,0.0,199.19353536223613,314.8011278092579,0.0,262.7357707837823,108.85420068360438,0.0,0.0,232.12884256137596,85.46930833507606,0.0,201.73009197524533,70.94020230188725,312.35190211537633,0.0,113.93103071124864,0.0,0.0,194.5449593401035,203.59549646761815,277.01342591737614,4054.886939371889
1706374,36.7831037240754,0.0,0.0,0.0,0.0,0.0,24.200125356649348,0.0,0.0,0.0,0.0,0.0,0.0,0.0,0.0,0.0,0.0,0.0,0.0,0.0,0.0,0.0,0.0,0.0,0.0,0.0,0.0,0.0,60.983229080724755
189777,36.7831037240754,0.0,0.0,0.0,0.0,0.0,37.51019430280649,0.0,0.0,0.0,0.0,0.0,181.4236678060073,0.0,0.0,0.0,0.0,0.0,0.0,31.80078034222532,0.0,0.0,0.0,0.0,0.0,0.0,0.0,0.0,287.5177461751145
2169529,36.7831037240754,0.0,278.18714709145405,0.0,0.0,0.0,0.0,0.0,0.0,0.0,0.0,0.0,0.0,0.0,0.0,0.0,0.0,0.0,0.0,46.478063577098546,0.0,0.0,61.522756584074266,0.0,0.0,0.0,0.0,0.0,422.97107097670226
580372,35.927682707236436,0.0,86.10554552830719,0.0,0.0,40.664560581299895,38.72020057063896,0.0,0.0,0.0,0.0,0.0,130.62504082032524,0.0,0.0,0.0,30.914430674389212,0.0,0.0,53.81670519453516,118.47830769893584,178.3852022613755,86.58758334054896,0.0,0.0,0.0,0.0,0.0,800.2252593775924
3377527,35.927682707236436,0.0,0.0,0.0,0.0,0.0,0.0,0.0,0.0,0.0,0.0,0.0,0.0,0.0,0.0,0.0,114.56524308744237,0.0,0.0,51.37049132205629,0.0,0.0,0.0,0.0,0.0,0.0,0.0,0.0,201.8634171167351
1902584,35.927682707236436,0.0,0.0,154.87753611965394,62.798620523635826,25.41535036331243,13.310068946157141,0.0,0.0,0.0,0.0,0.0,0.0,0.0,0.0,0.0,130.93170638564843,0.0,0.0,78.27884391932386,0.0,137.2193863549042,34.17930921337459,299.5506739890165,201.8139512797379,64.8483197800345,0.0,0.0,1239.1514495820359
85028,35.927682707236436,150.22318873755293,152.34058055008197,154.87753611965394,88.96471240848409,299.9011342870867,385.9919994385571,0.0,129.20661753226128,342.17513892310643,0.0,304.2203661706953,94.34030725912379,0.0,0.0,232.12884256137596,243.6784535510679,0.0,177.7960132663179,80.72505779180274,161.56132868036707,0.0,102.53792764012377,249.62556165751374,0.0,259.393279120138,135.73033097841207,129.2729320947755,3910.618991475734
2805591,35.927682707236436,0.0,0.0,0.0,0.0,0.0,0.0,0.0,0.0,0.0,0.0,0.0,0.0,0.0,0.0,0.0,0.0,0.0,0.0,0.0,0.0,0.0,0.0,0.0,0.0,0.0,0.0,0.0,35.927682707236436
3085110,35.072261690397475,0.0,52.988028017419815,103.25169074643598,120.364022670302,165.1997773615308,465.8524131154999,0.0,129.20661753226128,561.1672278338946,0.0,193.59477847226066,123.36809410808496,0.0,0.0,0.0,120.02073085351105,0.0,273.5323281020276,117.41826587898579,0.0,0.0,61.522756584074266,0.0,0.0,84.30281571404485,74.65168203812665,92.33780863912538,2773.8512993579834
3457285,35.072261690397475,0.0,0.0,0.0,57.56540214666617,43.206095617631135,22.99011908881688,161.23459633767132,123.82300846841706,0.0,0.0,0.0,0.0,238.18030248898415,0.0,165.80631611526854,236.40446986297633,0.0,0.0,141.8804046037745,0.0,452.82397497118393,47.851032898724426,0.0,356.1422669642433,181.5752953840966,162.8763971740945,129.2729320947755,2556.704875907722
3120161,35.072261690397475,0.0,0.0,0.0,0.0,0.0,0.0,310.9524357940804,161.5082719153266,0.0,0.0,0.0,0.0,381.08848398237467,0.0,0.0,18.18495922022895,0.0,0.0,51.37049132205629,183.10283917108268,0.0,0.0,0.0,0.0,0.0,0.0,0.0,1141.279743095547
675068,35.072261690397475,0.0,0.0,0.0,0.0,0.0,0.0,0.0,0.0,0.0,0.0,0.0,0.0,0.0,0.0,0.0,0.0,0.0,0.0,78.27884391932386,0.0,0.0,41.01517105604951,0.0,0.0,77.8179837360414,0.0,92.33780863912538,324.52206904093765
3119552,34.21684067355851,0.0,0.0,0.0,0.0,0.0,0.0,0.0,0.0,0.0,0.0,0.0,0.0,0.0,0.0,0.0,0.0,0.0,0.0,68.49398842940839,0.0,0.0,0.0,0.0,0.0,0.0,0.0,0.0,102.7108291029669
3031656,34.21684067355851,0.0,0.0,0.0,0.0,27.956885399643674,18.15009401748701,0.0,0.0,0.0,0.0,0.0,0.0,0.0,0.0,0.0,85.46930833507606,196.63363221645432,0.0,102.74098264411258,0.0,0.0,100.2593070258988,0.0,0.0,84.30281571404485,88.22471513596786,0.0,737.9545811622436
3399778,33.36141965671955,92.99530731372325,0.0,272.87946840129507,376.791723141815,185.53205765218078,70.1803635342831,0.0,0.0,0.0,0.0,0.0,72.56946712240293,0.0,0.0,0.0,0.0,255.62372188139062,0.0,0.0,140.01981818965146,0.0,54.68689474139934,0.0,0.0,0.0,0.0,0.0,1554.640241634861
2896,33.36141965671955,0.0,0.0,0.0,0.0,33.03995547230617,27.83014416014675,0.0,0.0,0.0,0.0,0.0,0.0,0.0,0.0,0.0,0.0,0.0,0.0,0.0,0.0,0.0,102.53792764012377,0.0,0.0,0.0,0.0,0.0,196.76944692929624
151340,33.36141965671955,0.0,0.0,0.0,0.0,0.0,0.0,0.0,0.0,0.0,0.0,0.0,0.0,0.0,0.0,0.0,0.0,0.0,0.0,75.832630046845,0.0,0.0,22.78620614224973,0.0,0.0,90.7876476920483,0.0,0.0,222.76790353786257
186534,32.50599863988058,78.68833695776583,33.11751751088738,0.0,0.0,0.0,0.0,0.0,0.0,0.0,0.0,0.0,152.39588095704613,0.0,0.0,0.0,56.37337358270974,0.0,0.0,0.0,0.0,0.0,45.57241228449946,0.0,0.0,0.0,0.0,0.0,398.65351993278915
10811,32.50599863988058,0.0,0.0,0.0,73.26505727757514,0.0,0.0,0.0,0.0,0.0,0.0,0.0,0.0,0.0,0.0,0.0,47.280893972595265,0.0,0.0,83.17127166428162,0.0,0.0,47.851032898724426,0.0,0.0,0.0,0.0,0.0,284.07425445305705
2056687,31.65057762304162,0.0,0.0,0.0,0.0,27.956885399643674,12.100062678324674,0.0,0.0,0.0,0.0,0.0,0.0,0.0,0.0,0.0,43.64390212854948,0.0,0.0,0.0,0.0,0.0,34.17930921337459,0.0,0.0,0.0,0.0,0.0,149.53073704293402
320583,31.65057762304162,0.0,82.79379377721845,118.00193228164112,156.99655130908957,312.60880946874295,468.27242565116484,287.91892203155595,236.87879880914568,520.1062111631217,0.0,276.56396924608663,87.08336054688351,0.0,0.0,276.3438601921142,385.5211354688537,0.0,181.21516736759327,560.1829767976615,0.0,0.0,36.457929827599564,0.0,166.19972458331355,855.9978210964554,1058.6965816316142,674.0660030656152,6773.556551938513
2900569,31.65057762304162,157.37667391553165,76.17029027504098,0.0,0.0,0.0,0.0,149.71783945640905,113.05579034072862,0.0,0.0,138.28198462304331,232.22229479168936,0.0,0.0,0.0,0.0,0.0,0.0,154.11147396616886,312.35190211537633,0.0,84.30896272632398,499.2511233150275,0.0,136.18147153807246,115.37078133165028,0.0,2200.0511660181037
3423716,30.795156606202656,0.0,0.0,73.7512076760257,0.0,157.5751722525371,212.96110313851426,0.0,69.98691782997486,0.0,0.0,0.0,0.0,0.0,0.0,0.0,0.0,0.0,105.99377713953568,41.58563583214081,0.0,0.0,0.0,0.0,0.0,0.0,0.0,0.0,692.6489704749312
3031622,30.795156606202656,0.0,0.0,118.00193228164112,136.06367780121099,53.37223576295611,70.1803635342831,0.0,0.0,0.0,0.0,0.0,0.0,0.0,0.0,0.0,18.18495922022895,255.62372188139062,71.80223612678223,61.15534681197177,0.0,0.0,211.91171712292248,0.0,0.0,103.7573116480552,0.0,0.0,1130.8486587976454
2885735,30.795156606202656,0.0,0.0,0.0,0.0,0.0,0.0,0.0,0.0,0.0,0.0,0.0,0.0,0.0,0.0,0.0,0.0,0.0,0.0,44.031849704619674,0.0,0.0,0.0,0.0,0.0,0.0,0.0,0.0,74.82700631082233
2501986,30.795156606202656,0.0,0.0,0.0,0.0,0.0,0.0,0.0,0.0,0.0,0.0,0.0,0.0,0.0,0.0,0.0,0.0,0.0,0.0,0.0,0.0,0.0,0.0,0.0,0.0,0.0,0.0,0.0,30.795156606202656
2907186,29.939735589363696,0.0,0.0,0.0,0.0,43.206095617631135,33.88017549930909,0.0,0.0,0.0,0.0,0.0,0.0,0.0,0.0,0.0,40.00691028450369,0.0,41.02984921530413,0.0,0.0,0.0,0.0,0.0,0.0,0.0,0.0,0.0,188.06276620611175
1755828,29.084314572524733,0.0,76.17029027504098,0.0,0.0,0.0,19.36010028531948,0.0,0.0,0.0,0.0,0.0,246.73618821616992,0.0,0.0,110.5375440768457,0.0,216.2969954380997,64.96392792423154,95.40234102667597,226.1858601525139,0.0,47.851032898724426,0.0,0.0,110.24214362605865,88.22471513596786,0.0,1331.055453628173
1106,29.084314572524733,128.76273320361682,62.923283270686035,0.0,0.0,111.8275415985747,102.85053276575972,0.0,0.0,0.0,0.0,0.0,0.0,0.0,0.0,0.0,112.74674716541948,0.0,143.60447225356447,41.58563583214081,0.0,0.0,52.40827412717437,0.0,0.0,0.0,0.0,0.0,785.7935347894612
2497645,29.084314572524733,0.0,0.0,0.0,0.0,0.0,0.0,115.16756881262236,59.21969970228642,0.0,0.0,0.0,0.0,0.0,0.0,143.6988072998994,23.640446986297633,0.0,0.0,266.63731210019694,0.0,0.0,63.80137719829924,0.0,130.58549788688921,285.33260703215177,217.16852956545932,332.41611110085137,1666.7522722574784
2545690,29.084314572524733,0.0,0.0,0.0,0.0,58.455305835618596,14.520075213989609,0.0,0.0,0.0,0.0,0.0,0.0,0.0,0.0,0.0,29.09593475236632,0.0,0.0,56.262919067014025,0.0,0.0,25.0648267564747,0.0,0.0,0.0,0.0,0.0,212.48337619798798
2842328,29.084314572524733,0.0,0.0,0.0,57.56540214666617,185.53205765218078,0.0,0.0,0.0,0.0,0.0,0.0,0.0,0.0,0.0,0.0,0.0,0.0,0.0,80.72505779180274,0.0,0.0,0.0,0.0,0.0,0.0,0.0,0.0,352.90683216317444
423358,29.084314572524733,0.0,62.923283270686035,0.0,94.19793078545375,38.12302554496865,15.730081481822076,0.0,0.0,0.0,0.0,0.0,116.11114739584468,0.0,0.0,0.0,0.0,0.0,0.0,0.0,118.47830769893584,0.0,0.0,0.0,0.0,0.0,0.0,0.0,474.6480907502358
1738654,28.228893555685772,0.0,0.0,132.75217381684627,115.13080429333235,157.5751722525371,448.9123253658454,0.0,204.57714442608037,410.6101667077277,0.0,165.93838154765197,123.36809410808496,0.0,0.0,121.59129848453027,25.458942908320527,0.0,0.0,0.0,0.0,0.0,36.457929827599564,0.0,0.0,0.0,0.0,0.0,1970.6013272942423
2036754,28.228893555685772,0.0,178.83459455879188,169.6277776548591,183.16264319393784,432.0609561763114,284.35147294062983,0.0,86.13774502150751,177.93107224001534,0.0,0.0,0.0,0.0,0.0,0.0,172.757112592175,0.0,116.25123944336171,34.246994214704195,0.0,0.0,38.736550441824534,0.0,0.0,0.0,0.0,0.0,1902.3270520338042
2691358,28.228893555685772,0.0,0.0,0.0,0.0,0.0,31.46016296364415,0.0,0.0,0.0,0.0,0.0,0.0,0.0,0.0,0.0,0.0,0.0,0.0,75.832630046845,0.0,0.0,22.78620614224973,0.0,0.0,0.0,0.0,0.0,158.30789270842467
224463,27.37347253884681,221.75804051734005,135.78182179463826,302.37995147170534,115.13080429333235,338.0241598320554,1147.085941905179,138.20108257514684,355.3181982137185,465.3581889354247,0.0,456.3305492560429,166.90977438152672,0.0,0.0,276.3438601921142,214.58251879870159,0.0,177.7960132663179,53.81670519453516,0.0,0.0,47.851032898724426,0.0,0.0,64.8483197800345,74.65168203812665,138.50671295868807,4918.048830842197
574976,27.37347253884681,0.0,105.97605603483963,309.7550722393079,282.59379235636123,256.6950386694556,471.90244445466226,333.98594955660485,290.7148894475879,629.6022556185158,0.0,0.0,145.13893424480585,0.0,0.0,331.6126322305371,212.76402287667872,275.287085103036,198.31093787397,75.832630046845,0.0,150.94132499039466,127.60275439659848,0.0,118.7140889880811,110.24214362605865,190.02246336977694,0.0,4645.067988662964
908622,27.37347253884681,0.0,0.0,0.0,62.798620523635826,86.41219123526227,163.3508461573831,0.0,0.0,177.93107224001534,0.0,0.0,72.56946712240293,0.0,0.0,0.0,30.914430674389212,0.0,78.64054432933293,0.0,0.0,0.0,0.0,0.0,0.0,0.0,0.0,0.0,699.9906448212683
1549128,26.518051522007845,0.0,62.923283270686035,0.0,0.0,104.20293648958098,141.57073333639866,0.0,80.7541359576633,0.0,0.0,0.0,0.0,0.0,0.0,0.0,0.0,0.0,0.0,46.478063577098546,0.0,233.2729568033372,72.91585965519913,0.0,296.78522247020277,0.0,0.0,0.0,1065.4212430821744
414877,26.518051522007845,0.0,0.0,73.7512076760257,68.03183890060549,86.41219123526227,148.83077094339347,0.0,0.0,177.93107224001534,0.0,0.0,0.0,0.0,0.0,0.0,0.0,0.0,205.14924607652065,73.38641617436612,0.0,0.0,38.736550441824534,0.0,0.0,0.0,0.0,0.0,898.7473452100214
3050006,25.66263050516888,0.0,0.0,0.0,0.0,45.74763065396238,59.2903071237909,0.0,0.0,0.0,0.0,0.0,0.0,0.0,0.0,0.0,0.0,0.0,0.0,0.0,0.0,0.0,25.0648267564747,0.0,0.0,0.0,0.0,0.0,155.76539503939688
83778,25.66263050516888,0.0,66.23503502177476,169.6277776548591,214.56195345575574,231.27968830614316,330.3317111182636,0.0,129.20661753226128,273.7401111384851,0.0,0.0,0.0,0.0,0.0,132.64505289221484,36.3699184404579,0.0,147.02362635483982,46.478063577098546,0.0,0.0,68.35861842674917,0.0,0.0,64.8483197800345,0.0,0.0,1936.3691242041064
11632,25.66263050516888,0.0,0.0,0.0,0.0,0.0,0.0,0.0,0.0,0.0,0.0,0.0,0.0,0.0,0.0,243.18259696906054,150.93516152790028,0.0,0.0,0.0,0.0,0.0,0.0,0.0,0.0,0.0,0.0,0.0,419.7803890021297
1524216,24.80720948832992,221.75804051734005,129.1583182924608,95.8765699788334,78.49827565454478,137.24289196188715,240.791247298661,0.0,53.8360906384422,0.0,0.0,304.2203661706953,116.11114739584468,0.0,0.0,0.0,0.0,0.0,51.287311519130164,68.49398842940839,118.47830769893584,0.0,592.441359698493,0.0,0.0,0.0,0.0,0.0,2233.0011247430066
3029087,24.80720948832992,143.0697035595742,119.22306303919459,162.25265688725653,162.22976968605923,63.53837590828108,30.250156695811686,138.20108257514684,96.90496314919595,0.0,0.0,138.28198462304331,0.0,0.0,344.15509923138694,0.0,334.60324965221264,0.0,102.57462303826033,139.43419073129564,0.0,0.0,116.20965132547362,0.0,0.0,90.7876476920483,142.5168475273327,175.4418364143382,2524.4821112242416
2171986,24.80720948832992,0.0,0.0,0.0,0.0,0.0,0.0,0.0,0.0,0.0,0.0,0.0,0.0,0.0,0.0,0.0,61.828861348778425,0.0,0.0,0.0,0.0,0.0,0.0,0.0,0.0,0.0,0.0,0.0,86.63607083710835
2035710,23.951788471490957,0.0,62.923283270686035,95.8765699788334,62.798620523635826,139.78442699821838,237.1612284951636,0.0,107.6721812768844,232.67909446771236,0.0,0.0,0.0,0.0,0.0,0.0,170.93861667015213,0.0,0.0,0.0,0.0,0.0,50.1296535129494,0.0,0.0,0.0,0.0,0.0,1183.9154636657267
3228937,23.951788471490957,78.68833695776583,4500.670629729596,0.0,0.0,188.073592688512,206.91107179935193,0.0,74401.47726232711,0.0,0.0,0.0,94.34030725912379,0.0,0.0,0.0,67.28434911484712,0.0,61.5447738229562,0.0,107.70755245357805,0.0,45.57241228449946,0.0,0.0,0.0,0.0,0.0,79776.22207690883
1755824,23.951788471490957,0.0,0.0,0.0,0.0,71.16298101727482,128.26066439024154,0.0,0.0,0.0,0.0,0.0,0.0,0.0,0.0,0.0,0.0,0.0,44.44900331657948,0.0,0.0,0.0,0.0,0.0,0.0,0.0,0.0,0.0,267.8244371955868
2301193,23.096367454651993,0.0,0.0,0.0,0.0,38.12302554496865,62.9203259272883,0.0,0.0,0.0,0.0,0.0,0.0,0.0,0.0,0.0,0.0,0.0,0.0,0.0,0.0,0.0,38.736550441824534,0.0,0.0,0.0,0.0,0.0,162.87626936873346
3423715,23.096367454651993,0.0,0.0,0.0,0.0,0.0,33.88017549930909,0.0,0.0,0.0,0.0,0.0,0.0,0.0,0.0,0.0,18.18495922022895,0.0,0.0,0.0,0.0,0.0,31.90068859914962,0.0,0.0,0.0,0.0,0.0,107.06219077333965
3036766,23.096367454651993,0.0,364.2926926197612,0.0,115.13080429333235,853.9557722072977,297.66154188678695,0.0,0.0,0.0,0.0,0.0,0.0,0.0,0.0,0.0,0.0,0.0,58.125619721680856,102.74098264411258,0.0,0.0,123.04551316814853,0.0,0.0,0.0,0.0,0.0,1938.0492939957724
3462473,23.096367454651993,0.0,86.10554552830719,0.0,78.49827565454478,307.52573939608044,105.27054530142466,0.0,75.37052689381908,0.0,0.0,0.0,0.0,0.0,0.0,121.59129848453027,154.57215337194606,0.0,0.0,0.0,0.0,0.0,31.90068859914962,0.0,0.0,0.0,0.0,0.0,983.931140684454
3149263,23.096367454651993,0.0,0.0,0.0,0.0,0.0,0.0,0.0,0.0,0.0,0.0,0.0,0.0,0.0,0.0,0.0,49.09938989461816,0.0,0.0,0.0,0.0,0.0,0.0,0.0,0.0,0.0,0.0,0.0,72.19575734927015
2770093,23.096367454651993,0.0,0.0,0.0,0.0,0.0,12.100062678324674,0.0,0.0,0.0,0.0,0.0,0.0,0.0,0.0,0.0,23.640446986297633,0.0,0.0,0.0,0.0,137.2193863549042,154.94620176729813,0.0,0.0,0.0,0.0,0.0,351.00246524147667
1934946,22.24094643781303,0.0,46.36452451524234,0.0,52.33218376969653,83.87065619893103,157.30081481822077,0.0,102.28857221304018,0.0,0.0,0.0,0.0,0.0,0.0,0.0,0.0,216.2969954380997,44.44900331657948,0.0,0.0,0.0,0.0,0.0,0.0,0.0,0.0,0.0,725.143696707623
2501952,22.24094643781303,0.0,0.0,0.0,0.0,0.0,0.0,0.0,0.0,0.0,0.0,0.0,0.0,0.0,0.0,0.0,23.640446986297633,0.0,0.0,0.0,0.0,0.0,0.0,0.0,0.0,0.0,0.0,0.0,45.88139342411066
157897,22.24094643781303,178.83712944946777,145.7170770479045,0.0,0.0,0.0,0.0,0.0,0.0,0.0,0.0,165.93838154765197,101.5972539713641,0.0,0.0,0.0,0.0,0.0,0.0,0.0,0.0,0.0,70.63723904097415,0.0,0.0,0.0,0.0,0.0,684.9680274951755
1676141,21.38552542097407,0.0,52.988028017419815,118.00193228164112,104.66436753939306,182.99052261584953,365.42189288540516,0.0,86.13774502150751,547.4802222769702,0.0,235.07937385917361,0.0,0.0,0.0,132.64505289221484,34.551422518435004,0.0,68.3830820255069,0.0,0.0,0.0,36.457929827599564,0.0,0.0,0.0,0.0,0.0,1986.1870971820902
3119833,21.38552542097407,78.68833695776583,112.5995595370171,206.50338149287197,313.99310261817914,127.07675181656217,76.23039487344545,0.0,69.98691782997486,0.0,0.0,0.0,0.0,0.0,0.0,132.64505289221484,81.83231649103027,0.0,0.0,44.031849704619674,0.0,343.04846588726053,218.74757896559737,499.2511233150275,427.370720357092,123.21180758206556,0.0,120.03915123086298,2996.642036972561
1962910,21.38552542097407,114.45576284765937,39.74102101306486,0.0,62.798620523635826,30.498420435974918,121.00062678324674,0.0,96.90496314919595,232.67909446771236,0.0,0.0,0.0,0.0,0.0,0.0,38.18841436248079,0.0,355.5920265326358,0.0,0.0,0.0,45.57241228449946,0.0,0.0,0.0,0.0,0.0,1158.8168878210802
183713,21.38552542097407,0.0,0.0,0.0,0.0,0.0,0.0,0.0,0.0,0.0,0.0,0.0,0.0,0.0,0.0,0.0,96.38028386721342,0.0,0.0,0.0,0.0,0.0,0.0,0.0,0.0,0.0,81.43819858704725,0.0,199.20400787523474
3342182,21.38552542097407,0.0,0.0,0.0,0.0,0.0,0.0,0.0,0.0,0.0,0.0,0.0,0.0,0.0,0.0,0.0,0.0,0.0,0.0,51.37049132205629,0.0,0.0,29.622067984924644,0.0,0.0,0.0,0.0,0.0,102.378084727955
2842327,21.38552542097407,0.0,0.0,0.0,0.0,0.0,0.0,0.0,0.0,0.0,0.0,0.0,0.0,0.0,0.0,0.0,238.22296578499925,0.0,0.0,156.55768783864772,161.56132868036707,0.0,262.0413706358719,0.0,0.0,0.0,128.94381442949148,101.57158950303791,1070.2842822933894
3046412,20.530104404135106,0.0,62.923283270686035,132.75217381684627,62.798620523635826,0.0,0.0,287.91892203155595,161.5082719153266,0.0,0.0,0.0,0.0,238.18030248898415,0.0,0.0,0.0,0.0,0.0,39.13942195966193,0.0,0.0,75.19448026942409,0.0,178.07113348212164,0.0,0.0,0.0,1259.0167141623776
2715733,20.530104404135106,0.0,0.0,0.0,0.0,0.0,0.0,0.0,0.0,0.0,0.0,0.0,0.0,0.0,0.0,0.0,29.09593475236632,0.0,0.0,31.80078034222532,0.0,137.2193863549042,0.0,0.0,0.0,0.0,0.0,0.0,218.64620585363093
1968910,20.530104404135106,0.0,0.0,0.0,0.0,0.0,0.0,0.0,0.0,0.0,0.0,0.0,0.0,0.0,0.0,0.0,0.0,0.0,0.0,205.48196528822515,0.0,0.0,29.622067984924644,0.0,0.0,0.0,0.0,0.0,255.6341376772849
1853225,19.67468338729614,0.0,89.41729727939594,81.12632844362827,94.19793078545375,60.996840871949836,110.11057037275454,0.0,0.0,218.99208891078808,0.0,0.0,130.62504082032524,0.0,0.0,0.0,49.09938989461816,0.0,41.02984921530413,66.04777455692951,0.0,0.0,52.40827412717437,0.0,0.0,0.0,0.0,0.0,1013.726068665618
2904715,19.67468338729614,0.0,0.0,0.0,0.0,0.0,37.51019430280649,0.0,0.0,0.0,0.0,138.28198462304331,0.0,0.0,0.0,110.5375440768457,20.003455142251845,334.27717476797227,0.0,0.0,0.0,0.0,0.0,0.0,0.0,123.21180758206556,67.86516548920603,0.0,851.3620093714874
543347,19.67468338729614,0.0,0.0,0.0,0.0,94.036796344256,0.0,0.0,156.12466285148238,0.0,0.0,0.0,0.0,0.0,0.0,0.0,65.46585319282421,0.0,0.0,63.60156068445064,0.0,0.0,136.71723685349835,0.0,0.0,499.33206230626564,223.95504611437994,369.35123455650154,1628.259136290955
475964,19.67468338729614,0.0,43.052772764153595,0.0,0.0,55.91377079928735,77.44040114127792,0.0,0.0,0.0,0.0,0.0,0.0,0.0,0.0,0.0,30.914430674389212,0.0,58.125619721680856,447.65713866363336,0.0,0.0,0.0,0.0,0.0,0.0,0.0,0.0,732.7788171517184
2682227,19.67468338729614,0.0,0.0,0.0,57.56540214666617,48.28916569029362,128.26066439024154,0.0,86.13774502150751,205.30508335386386,0.0,0.0,0.0,0.0,0.0,0.0,0.0,0.0,37.61069511402879,83.17127166428162,0.0,0.0,84.30896272632398,0.0,0.0,0.0,0.0,0.0,750.3236734945032
548685,19.67468338729614,0.0,0.0,0.0,0.0,0.0,0.0,0.0,0.0,0.0,0.0,0.0,0.0,0.0,0.0,0.0,0.0,0.0,0.0,0.0,0.0,0.0,0.0,0.0,0.0,0.0,0.0,0.0,19.67468338729614
3399799,17.963841353618218,0.0,612.6740739514166,73.7512076760257,57.56540214666617,27.956885399643674,35.09018176714155,0.0,0.0,273.7401111384851,0.0,0.0,0.0,0.0,544.912240449696,0.0,0.0,0.0,51.287311519130164,70.94020230188725,0.0,0.0,86.58758334054896,0.0,0.0,0.0,128.94381442949148,0.0,1981.4128554737508
43682,17.963841353618218,0.0,0.0,0.0,0.0,0.0,0.0,0.0,0.0,0.0,0.0,0.0,0.0,0.0,0.0,0.0,0.0,0.0,0.0,0.0,0.0,0.0,0.0,0.0,0.0,0.0,0.0,0.0,17.963841353618218
196937,17.963841353618218,0.0,0.0,0.0,0.0,0.0,0.0,0.0,0.0,0.0,0.0,0.0,0.0,0.0,0.0,0.0,0.0,0.0,0.0,0.0,0.0,0.0,0.0,0.0,0.0,0.0,0.0,0.0,17.963841353618218
543313,17.108420336779254,364.82774407691426,1099.5015813614611,376.13115914773107,434.35712528848114,27.956885399643674,50.82026324896363,195.784866981458,333.78376195834164,0.0,0.0,0.0,0.0,0.0,0.0,0.0,169.1201207481292,0.0,0.0,58.709132939492896,0.0,0.0,218.74757896559737,0.0,0.0,123.21180758206556,149.3033640762533,0.0,3619.363812111312
2953756,17.108420336779254,0.0,33.11751751088738,0.0,0.0,27.956885399643674,0.0,0.0,0.0,0.0,0.0,0.0,0.0,0.0,0.0,165.80631611526854,209.1270310326329,0.0,0.0,41.58563583214081,0.0,0.0,41.01517105604951,0.0,0.0,0.0,0.0,0.0,535.7169772834021
3386556,17.108420336779254,0.0,0.0,0.0,0.0,0.0,25.410131624481814,0.0,0.0,0.0,0.0,0.0,0.0,0.0,0.0,0.0,0.0,0.0,0.0,31.80078034222532,0.0,0.0,0.0,0.0,0.0,0.0,0.0,0.0,74.31933230348639
1980412,17.108420336779254,0.0,0.0,0.0,73.26505727757514,0.0,0.0,0.0,0.0,0.0,0.0,0.0,0.0,0.0,0.0,0.0,0.0,0.0,0.0,0.0,0.0,0.0,0.0,0.0,0.0,0.0,0.0,0.0,90.37347761435439
10841,17.108420336779254,0.0,0.0,0.0,0.0,0.0,0.0,0.0,0.0,0.0,0.0,0.0,0.0,0.0,0.0,0.0,0.0,0.0,0.0,0.0,0.0,0.0,0.0,0.0,0.0,0.0,0.0,0.0,17.108420336779254
2844601,16.25299931994029,164.53015909351038,268.2518918381878,103.25169074643598,209.3287350787861,632.8422240464796,321.86166724343633,0.0,139.9738356599497,328.4881333661821,0.0,138.28198462304331,79.8264138346432,0.0,0.0,0.0,20.003455142251845,0.0,174.37685916504256,0.0,0.0,0.0,22.78620614224973,0.0,0.0,0.0,74.65168203812665,0.0,2694.7079373382653
3031143,16.25299931994029,0.0,79.48204202612972,0.0,0.0,132.15982188922467,99.22051396226232,126.6843256938846,96.90496314919595,136.87005556924254,226.55188038060717,0.0,0.0,0.0,0.0,0.0,20.003455142251845,196.63363221645432,0.0,31.80078034222532,0.0,0.0,0.0,0.0,0.0,0.0,0.0,0.0,1162.5644696914187
687329,16.25299931994029,0.0,0.0,0.0,0.0,0.0,0.0,0.0,0.0,0.0,0.0,0.0,0.0,0.0,0.0,0.0,0.0,0.0,0.0,0.0,0.0,0.0,0.0,0.0,0.0,0.0,0.0,0.0,16.25299931994029
3385905,15.397578303101328,0.0,251.69313308274414,258.12922686608994,245.96126371757364,467.64244668494877,286.77148547629474,184.2681101001958,161.5082719153266,218.99208891078808,0.0,138.28198462304331,0.0,0.0,0.0,0.0,90.92479610114475,0.0,273.5323281020276,53.81670519453516,107.70755245357805,205.82907953235633,102.53792764012377,0.0,154.32831568450544,64.8483197800345,0.0,0.0,3282.170614168412
3086088,15.397578303101328,78.68833695776583,92.72904903048467,73.7512076760257,52.33218376969653,45.74763065396238,37.51019430280649,126.6843256938846,188.4263172345477,0.0,0.0,0.0,0.0,0.0,0.0,0.0,70.9213409588929,0.0,0.0,112.52583813402805,0.0,0.0,182.28964913799783,0.0,0.0,0.0,128.94381442949148,0.0,1205.9474662826856
85022,15.397578303101328,0.0,0.0,0.0,0.0,0.0,0.0,0.0,0.0,0.0,0.0,0.0,0.0,0.0,0.0,0.0,0.0,0.0,0.0,0.0,0.0,0.0,0.0,0.0,0.0,0.0,0.0,0.0,15.397578303101328
1980415,15.397578303101328,0.0,0.0,0.0,0.0,0.0,0.0,0.0,0.0,0.0,0.0,0.0,0.0,0.0,0.0,0.0,43.64390212854948,0.0,0.0,0.0,0.0,0.0,0.0,0.0,0.0,0.0,0.0,0.0,59.041480431650804
3085095,14.542157286262366,0.0,0.0,81.12632844362827,52.33218376969653,25.41535036331243,58.080300855958434,0.0,0.0,0.0,0.0,0.0,0.0,0.0,0.0,0.0,32.732926596412106,0.0,68.3830820255069,0.0,0.0,0.0,27.34344737069967,0.0,0.0,0.0,0.0,0.0,359.9557767114767
213117,14.542157286262366,0.0,0.0,427.757004520949,418.6574701575722,0.0,32.67016923147662,0.0,0.0,0.0,0.0,0.0,0.0,0.0,0.0,0.0,0.0,0.0,0.0,0.0,0.0,0.0,309.89240353459627,0.0,0.0,0.0,0.0,0.0,1203.5192047308565
589351,14.542157286262366,0.0,0.0,0.0,0.0,0.0,0.0,0.0,0.0,0.0,0.0,0.0,0.0,0.0,0.0,0.0,0.0,0.0,0.0,0.0,0.0,0.0,31.90068859914962,0.0,0.0,0.0,0.0,0.0,46.442845885411984
3424680,14.542157286262366,257.52546640723364,0.0,0.0,0.0,0.0,0.0,0.0,0.0,0.0,0.0,0.0,261.2500816406505,0.0,0.0,0.0,0.0,0.0,0.0,0.0,484.6839860411012,0.0,0.0,0.0,0.0,0.0,0.0,0.0,1018.0016913752477
1266054,13.686736269423404,350.52077372095687,49.67627626633108,0.0,172.69620643999855,205.86433794283073,298.87154815461946,0.0,0.0,164.24406668309106,0.0,0.0,0.0,0.0,0.0,110.5375440768457,58.19186950473264,0.0,0.0,0.0,0.0,0.0,63.80137719829924,0.0,0.0,0.0,74.65168203812665,101.57158950303791,1664.3140077982935
2723775,13.686736269423404,0.0,66.23503502177476,0.0,0.0,152.4921021798746,118.5806142475818,0.0,0.0,0.0,0.0,0.0,0.0,0.0,0.0,0.0,25.458942908320527,0.0,41.02984921530413,29.354566469746448,129.24906294429366,0.0,27.34344737069967,0.0,0.0,0.0,0.0,0.0,603.430356627019
3378215,13.686736269423404,0.0,0.0,0.0,73.26505727757514,0.0,16.940087749654545,0.0,0.0,0.0,0.0,0.0,0.0,0.0,0.0,0.0,0.0,0.0,0.0,0.0,0.0,0.0,56.96551535562432,0.0,0.0,0.0,0.0,0.0,160.8573966522774
3044479,13.686736269423404,0.0,0.0,0.0,0.0,0.0,0.0,0.0,0.0,0.0,0.0,0.0,0.0,0.0,0.0,0.0,45.462398050572375,0.0,0.0,107.63341038907032,0.0,0.0,22.78620614224973,0.0,0.0,0.0,0.0,0.0,189.56875085131583
2184034,13.686736269423404,0.0,0.0,0.0,0.0,0.0,0.0,0.0,0.0,0.0,0.0,0.0,0.0,0.0,0.0,0.0,0.0,0.0,0.0,0.0,0.0,0.0,0.0,0.0,0.0,0.0,0.0,0.0,13.686736269423404
1312872,13.686736269423404,0.0,0.0,0.0,0.0,0.0,0.0,0.0,0.0,0.0,0.0,0.0,0.0,0.0,0.0,0.0,0.0,0.0,0.0,31.80078034222532,0.0,0.0,0.0,0.0,0.0,0.0,0.0,0.0,45.48751661164872
39740,13.686736269423404,0.0,0.0,0.0,0.0,0.0,0.0,0.0,0.0,0.0,0.0,0.0,0.0,0.0,0.0,0.0,0.0,0.0,0.0,0.0,0.0,0.0,0.0,0.0,0.0,0.0,0.0,0.0,13.686736269423404
1191479,12.83131525258444,214.60455533936135,125.84656654137207,191.7531399576668,225.02839020969506,33.03995547230617,31.46016296364415,0.0,0.0,0.0,0.0,152.11018308534764,0.0,0.0,0.0,0.0,49.09938989461816,0.0,0.0,31.80078034222532,0.0,137.2193863549042,68.35861842674917,0.0,0.0,0.0,0.0,0.0,1273.1524438404745
3024225,12.83131525258444,92.99530731372325,59.61153151959729,0.0,0.0,45.74763065396238,25.410131624481814,0.0,0.0,0.0,0.0,0.0,130.62504082032524,0.0,0.0,0.0,0.0,0.0,0.0,63.60156068445064,0.0,192.1071408968659,239.25516449362212,0.0,0.0,77.8179837360414,0.0,0.0,940.0028069956544
39729,12.83131525258444,0.0,0.0,0.0,0.0,48.28916569029362,14.520075213989609,0.0,0.0,0.0,0.0,0.0,0.0,0.0,0.0,0.0,0.0,0.0,0.0,68.49398842940839,0.0,0.0,0.0,0.0,0.0,0.0,0.0,0.0,144.13454458627606
2937910,11.975894235745479,0.0,56.29977976850855,0.0,0.0,0.0,0.0,0.0,0.0,0.0,0.0,0.0,0.0,0.0,0.0,0.0,40.00691028450369,0.0,0.0,29.354566469746448,0.0,0.0,93.42344518322388,0.0,0.0,0.0,0.0,0.0,231.06059594172802
3153719,11.975894235745479,0.0,0.0,0.0,0.0,0.0,0.0,0.0,0.0,0.0,0.0,0.0,0.0,0.0,0.0,0.0,0.0,0.0,0.0,24.46213872478871,0.0,0.0,0.0,0.0,0.0,0.0,0.0,0.0,36.43803296053419
2946167,11.975894235745479,0.0,0.0,0.0,0.0,0.0,0.0,0.0,0.0,0.0,0.0,0.0,0.0,0.0,0.0,0.0,0.0,0.0,0.0,0.0,0.0,0.0,0.0,0.0,0.0,0.0,0.0,0.0,11.975894235745479
12058,11.975894235745479,0.0,0.0,0.0,52.33218376969653,0.0,0.0,0.0,0.0,0.0,0.0,0.0,79.8264138346432,0.0,0.0,0.0,0.0,0.0,34.19154101275345,0.0,0.0,0.0,0.0,0.0,0.0,0.0,0.0,0.0,178.32603285283867
699189,11.975894235745479,0.0,0.0,0.0,0.0,0.0,0.0,0.0,0.0,0.0,0.0,0.0,0.0,0.0,0.0,0.0,0.0,0.0,0.0,0.0,0.0,0.0,0.0,0.0,0.0,0.0,0.0,0.0,11.975894235745479
2978122,11.120473218906515,0.0,0.0,81.12632844362827,0.0,48.28916569029362,193.60100285319479,0.0,75.37052689381908,150.55706112616681,0.0,0.0,0.0,0.0,0.0,0.0,0.0,0.0,0.0,46.478063577098546,0.0,0.0,31.90068859914962,0.0,0.0,0.0,0.0,0.0,638.4433104022572
2650922,11.120473218906515,0.0,0.0,0.0,0.0,83.87065619893103,135.52070199723636,0.0,0.0,0.0,0.0,0.0,0.0,0.0,0.0,0.0,0.0,0.0,0.0,34.246994214704195,0.0,0.0,0.0,0.0,0.0,71.33315175803794,0.0,0.0,336.0919773878161
453228,11.120473218906515,0.0,0.0,0.0,109.8975859163627,99.11986641691848,141.57073333639866,0.0,0.0,314.8011278092579,0.0,0.0,0.0,0.0,0.0,0.0,20.003455142251845,0.0,68.3830820255069,0.0,0.0,0.0,27.34344737069967,0.0,0.0,0.0,67.86516548920603,0.0,860.1049367255085
539003,11.120473218906515,0.0,0.0,0.0,0.0,0.0,29.040150427979217,0.0,0.0,0.0,0.0,0.0,0.0,0.0,0.0,0.0,0.0,0.0,34.19154101275345,0.0,0.0,0.0,0.0,0.0,0.0,0.0,0.0,0.0,74.35216465963919
539000,11.120473218906515,0.0,72.85853852395225,169.6277776548591,68.03183890060549,182.99052261584953,175.45090883570776,264.8854082690315,129.20661753226128,328.4881333661821,0.0,0.0,0.0,0.0,0.0,0.0,32.732926596412106,0.0,116.25123944336171,73.38641617436612,0.0,0.0,61.522756584074266,0.0,0.0,142.66630351607589,101.79774823380907,147.74049382260063,2078.7581032880553
3029088,11.120473218906515,0.0,0.0,0.0,0.0,27.956885399643674,33.88017549930909,0.0,0.0,0.0,0.0,0.0,87.08336054688351,0.0,0.0,110.5375440768457,118.20223493148816,0.0,51.287311519130164,139.43419073129564,0.0,0.0,36.457929827599564,0.0,0.0,116.7269756040621,95.01123168488847,0.0,827.6983130400525
3152150,11.120473218906515,0.0,0.0,0.0,0.0,0.0,0.0,0.0,0.0,0.0,0.0,0.0,0.0,0.0,0.0,0.0,0.0,0.0,0.0,0.0,0.0,0.0,0.0,0.0,0.0,0.0,0.0,0.0,11.120473218906515
2501987,11.120473218906515,0.0,0.0,0.0,0.0,0.0,0.0,0.0,0.0,0.0,0.0,0.0,0.0,0.0,0.0,0.0,0.0,0.0,0.0,0.0,118.47830769893584,0.0,0.0,0.0,0.0,0.0,0.0,0.0,129.59878091784236
2842332,11.120473218906515,0.0,0.0,0.0,0.0,0.0,0.0,0.0,0.0,0.0,0.0,0.0,0.0,0.0,0.0,0.0,0.0,0.0,0.0,0.0,0.0,0.0,0.0,0.0,0.0,0.0,0.0,0.0,11.120473218906515
1486721,10.265052202067553,357.67425889893553,185.45809806096935,0.0,0.0,76.2460510899373,202.07104672802205,0.0,64.60330876613064,232.67909446771236,391.316884293776,304.2203661706953,0.0,0.0,0.0,0.0,30.914430674389212,0.0,51.287311519130164,0.0,183.10283917108268,0.0,25.0648267564747,0.0,0.0,0.0,81.43819858704725,0.0,2196.34176738637
2864377,10.265052202067553,0.0,0.0,0.0,0.0,63.53837590828108,83.49043248044025,0.0,0.0,0.0,0.0,0.0,0.0,0.0,0.0,0.0,0.0,0.0,0.0,0.0,0.0,0.0,0.0,0.0,0.0,0.0,0.0,0.0,157.29386059078888
1217100,10.265052202067553,0.0,56.29977976850855,110.62681151403854,57.56540214666617,198.23973283383697,315.811635904274,0.0,96.90496314919595,150.55706112616681,0.0,0.0,0.0,0.0,0.0,320.55887782285254,150.93516152790028,0.0,109.41293124081103,0.0,0.0,0.0,36.457929827599564,0.0,0.0,0.0,0.0,0.0,1613.6353390639179
3436874,10.265052202067553,0.0,0.0,199.1282607252694,88.96471240848409,147.4090321072121,384.78199317072466,0.0,107.6721812768844,218.99208891078808,0.0,179.7665800099563,79.8264138346432,0.0,0.0,110.5375440768457,21.82195106427474,0.0,208.56840017779604,53.81670519453516,0.0,0.0,0.0,0.0,0.0,110.24214362605865,0.0,0.0,1921.79305878554
10508,10.265052202067553,0.0,0.0,0.0,0.0,60.996840871949836,15.730081481822076,0.0,0.0,0.0,0.0,0.0,0.0,0.0,0.0,0.0,0.0,0.0,0.0,0.0,0.0,0.0,0.0,0.0,0.0,0.0,0.0,0.0,86.99197455583948
1883067,10.265052202067553,0.0,0.0,0.0,0.0,0.0,0.0,0.0,0.0,0.0,0.0,0.0,0.0,0.0,0.0,0.0,87.28780425709895,0.0,0.0,0.0,0.0,0.0,0.0,0.0,0.0,0.0,0.0,0.0,97.5528564591665
1980417,10.265052202067553,0.0,0.0,0.0,0.0,0.0,0.0,0.0,0.0,0.0,0.0,0.0,0.0,0.0,0.0,0.0,0.0,0.0,0.0,34.246994214704195,0.0,0.0,0.0,0.0,0.0,0.0,0.0,0.0,44.512046416771746
1285590,10.265052202067553,71.5348517797871,62.923283270686035,0.0,0.0,0.0,0.0,0.0,0.0,0.0,0.0,0.0,0.0,0.0,0.0,0.0,0.0,0.0,0.0,24.46213872478871,0.0,0.0,0.0,0.0,0.0,0.0,0.0,0.0,169.1853259773294
10477,10.265052202067553,0.0,0.0,0.0,0.0,0.0,0.0,0.0,0.0,0.0,0.0,0.0,0.0,0.0,0.0,0.0,0.0,0.0,0.0,0.0,0.0,0.0,0.0,0.0,0.0,0.0,0.0,0.0,10.265052202067553
3149308,9.409631185228589,0.0,82.79379377721845,0.0,0.0,144.86749707088086,108.90056410492207,0.0,53.8360906384422,0.0,0.0,0.0,0.0,0.0,0.0,0.0,0.0,0.0,78.64054432933293,0.0,0.0,0.0,25.0648267564747,0.0,0.0,0.0,0.0,0.0,503.51294786249986
39748,9.409631185228589,0.0,0.0,0.0,0.0,0.0,0.0,0.0,0.0,0.0,0.0,0.0,0.0,0.0,0.0,0.0,0.0,0.0,0.0,0.0,0.0,0.0,0.0,0.0,0.0,0.0,0.0,0.0,9.409631185228589
564644,9.409631185228589,0.0,0.0,0.0,52.33218376969653,0.0,0.0,0.0,0.0,0.0,0.0,0.0,0.0,0.0,0.0,0.0,0.0,0.0,0.0,0.0,0.0,0.0,43.29379167027448,0.0,0.0,0.0,0.0,0.0,105.03560662519959
39724,9.409631185228589,0.0,0.0,0.0,0.0,0.0,0.0,0.0,0.0,0.0,0.0,0.0,0.0,0.0,0.0,0.0,0.0,0.0,0.0,0.0,0.0,0.0,0.0,0.0,0.0,0.0,0.0,0.0,9.409631185228589
2946159,8.554210168389627,0.0,0.0,0.0,0.0,121.99368174389967,0.0,0.0,0.0,0.0,0.0,0.0,0.0,0.0,0.0,0.0,0.0,0.0,0.0,0.0,0.0,0.0,0.0,0.0,0.0,0.0,0.0,0.0,130.5478919122893
3424631,8.554210168389627,0.0,0.0,0.0,0.0,0.0,0.0,0.0,0.0,0.0,0.0,0.0,0.0,0.0,0.0,0.0,0.0,0.0,0.0,0.0,0.0,0.0,0.0,0.0,0.0,0.0,0.0,0.0,8.554210168389627
3044467,8.554210168389627,0.0,0.0,0.0,0.0,0.0,0.0,0.0,0.0,0.0,0.0,0.0,0.0,0.0,0.0,0.0,0.0,0.0,0.0,0.0,0.0,0.0,0.0,0.0,0.0,0.0,0.0,0.0,8.554210168389627
2169567,0.0,171.68364427148907,69.54678677286351,0.0,0.0,0.0,0.0,0.0,0.0,0.0,411.9125097829221,0.0,667.6390975261069,0.0,0.0,0.0,0.0,0.0,0.0,0.0,0.0,0.0,0.0,0.0,0.0,0.0,0.0,0.0,1320.7820383533817
11050,0.0,107.30227766968068,0.0,0.0,0.0,0.0,0.0,0.0,0.0,0.0,0.0,0.0,0.0,0.0,0.0,0.0,0.0,0.0,0.0,0.0,0.0,0.0,0.0,0.0,0.0,0.0,0.0,0.0,107.30227766968068
2843199,0.0,71.5348517797871,0.0,140.12729458444883,0.0,198.23973283383697,303.71157322594934,0.0,0.0,0.0,0.0,0.0,0.0,0.0,0.0,121.59129848453027,29.09593475236632,0.0,133.34700994973844,56.262919067014025,0.0,0.0,25.0648267564747,0.0,0.0,84.30281571404485,0.0,0.0,1163.2782571481907
2829802,0.0,0.0,182.1463463098806,0.0,0.0,144.86749707088086,125.8406518545766,0.0,0.0,0.0,0.0,0.0,0.0,0.0,0.0,0.0,0.0,0.0,0.0,0.0,0.0,0.0,0.0,0.0,0.0,0.0,0.0,0.0,452.8544952353381
2844877,0.0,0.0,132.47007004354953,0.0,0.0,322.7749496140679,181.5009401748701,0.0,64.60330876613064,0.0,0.0,0.0,0.0,0.0,0.0,0.0,38.18841436248079,0.0,37.61069511402879,36.69320808718306,0.0,0.0,0.0,0.0,0.0,0.0,0.0,0.0,813.8415861623108
2690195,0.0,0.0,115.91131128810584,88.50144921123083,104.66436753939306,279.56885399643676,162.14083988955065,0.0,0.0,150.55706112616681,0.0,0.0,0.0,0.0,0.0,0.0,0.0,0.0,34.19154101275345,0.0,0.0,178.3852022613755,104.81654825434875,0.0,0.0,0.0,0.0,0.0,1218.7371745793616
2792775,0.0,0.0,102.66430428375088,0.0,0.0,299.9011342870867,187.55097151403245,0.0,0.0,0.0,0.0,0.0,0.0,0.0,0.0,0.0,0.0,0.0,51.287311519130164,44.031849704619674,0.0,0.0,0.0,0.0,0.0,0.0,0.0,0.0,685.43557130862
3044468,0.0,0.0,82.79379377721845,0.0,0.0,0.0,0.0,0.0,0.0,0.0,0.0,0.0,0.0,0.0,0.0,0.0,0.0,0.0,0.0,0.0,0.0,0.0,0.0,0.0,0.0,0.0,0.0,0.0,82.79379377721845
2172021,0.0,0.0,79.48204202612972,0.0,0.0,274.4857839237743,168.19087122871295,0.0,0.0,0.0,0.0,0.0,0.0,0.0,0.0,0.0,18.18495922022895,0.0,75.22139022805759,0.0,0.0,0.0,70.63723904097415,0.0,0.0,0.0,0.0,0.0,686.2022856678776
3149309,0.0,0.0,52.988028017419815,0.0,0.0,162.65824232519958,124.63064558674414,0.0,0.0,0.0,0.0,0.0,0.0,0.0,0.0,0.0,32.732926596412106,0.0,82.05969843060826,34.246994214704195,0.0,0.0,0.0,0.0,0.0,0.0,0.0,0.0,489.3165351710881
3409819,0.0,0.0,49.67627626633108,0.0,0.0,25.41535036331243,21.780112820984414,0.0,0.0,0.0,0.0,0.0,0.0,0.0,0.0,0.0,92.74329202316764,0.0,0.0,105.18719651659144,0.0,0.0,22.78620614224973,0.0,0.0,324.24159890017245,237.52807921222114,101.57158950303791,980.9297017480682
2758916,0.0,0.0,49.67627626633108,0.0,62.798620523635826,119.45214670756843,281.93146040496487,0.0,59.21969970228642,164.24406668309106,0.0,0.0,0.0,0.0,0.0,0.0,29.09593475236632,0.0,105.99377713953568,0.0,0.0,0.0,41.01517105604951,0.0,0.0,0.0,0.0,0.0,913.4271532358293
3120748,0.0,0.0,46.36452451524234,0.0,0.0,0.0,14.520075213989609,0.0,0.0,0.0,0.0,0.0,0.0,0.0,0.0,0.0,0.0,0.0,0.0,0.0,0.0,0.0,22.78620614224973,0.0,0.0,0.0,0.0,0.0,83.67080587148168
1937962,0.0,0.0,43.052772764153595,0.0,0.0,0.0,0.0,0.0,0.0,0.0,0.0,0.0,0.0,0.0,0.0,0.0,0.0,0.0,0.0,0.0,0.0,0.0,0.0,0.0,0.0,0.0,0.0,0.0,43.052772764153595
3423720,0.0,0.0,39.74102101306486,88.50144921123083,83.73149403151444,185.53205765218078,204.491059263687,195.784866981458,118.43939940457284,260.0531055815608,0.0,0.0,0.0,0.0,0.0,0.0,56.37337358270974,0.0,64.96392792423154,0.0,0.0,0.0,38.736550441824534,0.0,142.45690678569733,0.0,0.0,0.0,1478.8052118737328
3064798,0.0,0.0,39.74102101306486,0.0,0.0,0.0,14.520075213989609,0.0,0.0,0.0,0.0,0.0,0.0,0.0,0.0,0.0,0.0,0.0,0.0,31.80078034222532,0.0,0.0,0.0,0.0,0.0,110.24214362605865,81.43819858704725,0.0,277.7422187823857
3424674,0.0,0.0,36.429269261976124,0.0,0.0,0.0,54.450282052461034,0.0,0.0,0.0,0.0,0.0,0.0,0.0,0.0,0.0,0.0,0.0,0.0,0.0,0.0,0.0,0.0,0.0,0.0,0.0,0.0,0.0,90.87955131443715
3149307,0.0,0.0,33.11751751088738,0.0,0.0,134.7013569255559,123.42063931891167,0.0,0.0,0.0,0.0,0.0,0.0,0.0,0.0,0.0,0.0,0.0,34.19154101275345,24.46213872478871,0.0,0.0,52.40827412717437,0.0,0.0,0.0,0.0,0.0,402.3014676200715
3084969,0.0,0.0,0.0,154.87753611965394,156.99655130908957,91.49526130792476,231.11119715600125,0.0,0.0,0.0,0.0,0.0,0.0,0.0,0.0,0.0,61.828861348778425,0.0,0.0,24.46213872478871,0.0,0.0,0.0,0.0,0.0,0.0,0.0,0.0,720.7715459662367
2946187,0.0,0.0,0.0,154.87753611965394,109.8975859163627,0.0,0.0,0.0,0.0,0.0,0.0,0.0,0.0,0.0,0.0,0.0,27.27743883034342,0.0,0.0,29.354566469746448,0.0,0.0,0.0,0.0,0.0,64.8483197800345,81.43819858704725,0.0,467.6936457031883
1771355,0.0,0.0,0.0,140.12729458444883,78.49827565454478,71.16298101727482,340.0117612609233,0.0,123.82300846841706,0.0,0.0,0.0,0.0,0.0,0.0,0.0,90.92479610114475,0.0,123.0895476459124,176.1273988184787,0.0,0.0,63.80137719829924,0.0,0.0,0.0,0.0,0.0,1207.5664407494437
69973,0.0,0.0,0.0,140.12729458444883,230.2616085866647,58.455305835618596,14.520075213989609,0.0,0.0,0.0,0.0,0.0,0.0,0.0,0.0,121.59129848453027,183.66808812431236,0.0,0.0,68.49398842940839,0.0,0.0,68.35861842674917,0.0,0.0,64.8483197800345,128.94381442949148,92.33780863912538,1171.6062205343735
3381668,0.0,0.0,0.0,118.00193228164112,99.4311491624234,109.28600656224346,307.3415920294467,0.0,0.0,191.6180777969396,0.0,0.0,0.0,0.0,0.0,0.0,0.0,0.0,0.0,0.0,0.0,0.0,0.0,0.0,0.0,0.0,0.0,0.0,825.6787578326943
3399800,0.0,0.0,0.0,81.12632844362827,68.03183890060549,76.2460510899373,26.620137892314283,0.0,0.0,0.0,0.0,0.0,0.0,0.0,0.0,0.0,21.82195106427474,0.0,0.0,46.478063577098546,0.0,0.0,34.17930921337459,0.0,0.0,90.7876476920483,0.0,110.80537036695046,556.0966982402321
543349,0.0,0.0,0.0,81.12632844362827,0.0,71.16298101727482,110.11057037275454,0.0,0.0,273.7401111384851,0.0,0.0,0.0,0.0,0.0,0.0,25.458942908320527,0.0,61.5447738229562,73.38641617436612,0.0,0.0,29.622067984924644,0.0,0.0,116.7269756040621,67.86516548920603,166.20805555042568,1076.952388506404
675072,0.0,0.0,0.0,81.12632844362827,62.798620523635826,0.0,0.0,0.0,0.0,0.0,0.0,0.0,0.0,0.0,0.0,0.0,69.10284503687001,0.0,0.0,0.0,0.0,0.0,45.57241228449946,0.0,0.0,0.0,0.0,0.0,258.60020628863356
92714,0.0,0.0,0.0,73.7512076760257,120.364022670302,55.91377079928735,20.57010655315195,0.0,0.0,0.0,0.0,0.0,0.0,0.0,0.0,0.0,0.0,0.0,0.0,24.46213872478871,0.0,0.0,29.622067984924644,0.0,0.0,0.0,0.0,0.0,324.6833144084803
3143248,0.0,0.0,0.0,73.7512076760257,0.0,0.0,0.0,0.0,0.0,0.0,0.0,0.0,0.0,0.0,0.0,0.0,0.0,0.0,0.0,0.0,0.0,0.0,25.0648267564747,0.0,0.0,0.0,0.0,0.0,98.8160344325004
3029090,0.0,0.0,0.0,73.7512076760257,73.26505727757514,0.0,0.0,0.0,0.0,0.0,0.0,0.0,0.0,0.0,0.0,0.0,0.0,0.0,0.0,0.0,0.0,0.0,0.0,0.0,0.0,0.0,0.0,0.0,147.01626495360085
2975285,0.0,0.0,0.0,0.0,73.26505727757514,27.956885399643674,0.0,0.0,0.0,0.0,0.0,0.0,0.0,0.0,0.0,0.0,70.9213409588929,0.0,0.0,46.478063577098546,0.0,0.0,61.522756584074266,0.0,0.0,0.0,0.0,0.0,280.1441037972845
2968741,0.0,0.0,0.0,0.0,68.03183890060549,0.0,21.780112820984414,357.01946331912933,188.4263172345477,150.55706112616681,0.0,0.0,0.0,547.8146957246635,0.0,0.0,96.38028386721342,0.0,0.0,39.13942195966193,0.0,0.0,93.42344518322388,0.0,0.0,0.0,0.0,0.0,1562.5726401361965
2805426,0.0,0.0,0.0,0.0,68.03183890060549,111.8275415985747,150.04077721122596,0.0,75.37052689381908,0.0,0.0,0.0,0.0,0.0,0.0,0.0,0.0,0.0,44.44900331657948,0.0,0.0,0.0,56.96551535562432,0.0,0.0,0.0,0.0,0.0,506.685203276429
206349,0.0,0.0,0.0,0.0,52.33218376969653,0.0,226.2711720846714,0.0,0.0,0.0,0.0,0.0,0.0,0.0,0.0,0.0,0.0,0.0,0.0,31.80078034222532,0.0,0.0,0.0,0.0,0.0,64.8483197800345,0.0,0.0,375.25245597662774
324901,0.0,0.0,0.0,0.0,52.33218376969653,0.0,0.0,0.0,0.0,0.0,0.0,0.0,0.0,0.0,0.0,0.0,0.0,0.0,0.0,0.0,0.0,0.0,0.0,0.0,0.0,0.0,0.0,0.0,52.33218376969653
1747769,0.0,0.0,0.0,0.0,0.0,134.7013569255559,127.05065812240908,0.0,0.0,0.0,0.0,0.0,0.0,0.0,0.0,0.0,0.0,0.0,0.0,0.0,0.0,0.0,0.0,0.0,0.0,0.0,0.0,0.0,261.75201504796496
2705999,0.0,0.0,0.0,0.0,0.0,116.91061167123719,176.66091510354022,0.0,0.0,0.0,0.0,0.0,0.0,0.0,0.0,0.0,0.0,0.0,58.125619721680856,0.0,0.0,0.0,0.0,0.0,0.0,0.0,0.0,0.0,351.69714649645823
225059,0.0,0.0,0.0,0.0,0.0,76.2460510899373,140.3607270685662,0.0,0.0,0.0,0.0,0.0,0.0,0.0,0.0,0.0,0.0,0.0,0.0,0.0,0.0,0.0,0.0,0.0,0.0,0.0,108.58426478272966,0.0,325.19104294123315
3079741,0.0,0.0,0.0,0.0,0.0,55.91377079928735,22.99011908881688,0.0,53.8360906384422,0.0,0.0,0.0,0.0,0.0,0.0,0.0,49.09938989461816,0.0,0.0,29.354566469746448,0.0,0.0,0.0,274.5881178232651,142.45690678569733,0.0,0.0,0.0,628.2389614998735
622451,0.0,0.0,0.0,0.0,0.0,50.83070072662486,60.50031339162337,0.0,0.0,0.0,0.0,0.0,0.0,0.0,0.0,0.0,0.0,0.0,0.0,0.0,0.0,0.0,27.34344737069967,0.0,0.0,0.0,0.0,0.0,138.6744614889479
1524213,0.0,0.0,0.0,0.0,0.0,45.74763065396238,136.7307082650688,0.0,107.6721812768844,0.0,0.0,0.0,0.0,0.0,0.0,0.0,0.0,0.0,0.0,26.90835259726758,0.0,0.0,0.0,0.0,0.0,0.0,0.0,0.0,317.0588727931832
3366852,0.0,0.0,0.0,0.0,0.0,43.206095617631135,95.59049515876492,0.0,0.0,0.0,0.0,0.0,0.0,0.0,0.0,0.0,0.0,0.0,44.44900331657948,0.0,0.0,0.0,0.0,0.0,0.0,0.0,67.86516548920603,0.0,251.11075958218157
407032,0.0,0.0,0.0,0.0,0.0,40.664560581299895,36.30018803497402,0.0,0.0,0.0,0.0,0.0,0.0,0.0,0.0,132.64505289221484,121.83922677553394,0.0,0.0,122.31069362394354,0.0,0.0,0.0,0.0,0.0,149.15113549407934,0.0,129.2729320947755,732.183789496821
316606,0.0,0.0,0.0,0.0,0.0,40.664560581299895,33.88017549930909,0.0,0.0,0.0,0.0,0.0,0.0,0.0,0.0,0.0,0.0,0.0,0.0,0.0,0.0,0.0,0.0,0.0,0.0,0.0,0.0,0.0,74.54473608060898
1676650,0.0,0.0,0.0,0.0,0.0,35.58149050863741,111.320576640587,0.0,0.0,0.0,0.0,0.0,0.0,0.0,0.0,0.0,0.0,0.0,0.0,0.0,0.0,0.0,0.0,0.0,0.0,0.0,0.0,0.0,146.90206714922442
3056375,0.0,0.0,0.0,0.0,0.0,30.498420435974918,116.16060171191687,0.0,0.0,0.0,0.0,0.0,0.0,0.0,0.0,0.0,29.09593475236632,0.0,0.0,36.69320808718306,0.0,0.0,0.0,0.0,0.0,97.27247967005175,88.22471513596786,0.0,397.9453597934608
3240449,0.0,0.0,0.0,0.0,0.0,30.498420435974918,0.0,0.0,0.0,0.0,0.0,0.0,0.0,0.0,0.0,0.0,0.0,0.0,0.0,0.0,0.0,164.66326362588507,70.63723904097415,0.0,0.0,0.0,0.0,0.0,265.7989231028341
320796,0.0,0.0,0.0,0.0,0.0,27.956885399643674,37.51019430280649,0.0,0.0,0.0,0.0,0.0,0.0,0.0,0.0,0.0,0.0,0.0,0.0,0.0,0.0,0.0,0.0,0.0,0.0,0.0,0.0,0.0,65.46707970245016
2805586,0.0,0.0,0.0,0.0,0.0,0.0,297.66154188678695,0.0,0.0,0.0,0.0,0.0,0.0,0.0,0.0,0.0,0.0,0.0,201.73009197524533,0.0,0.0,0.0,22.78620614224973,0.0,0.0,0.0,0.0,0.0,522.177840004282
2829291,0.0,0.0,0.0,0.0,0.0,0.0,53.240275784628565,0.0,0.0,0.0,0.0,0.0,0.0,0.0,0.0,0.0,0.0,0.0,0.0,41.58563583214081,0.0,0.0,0.0,0.0,0.0,0.0,0.0,0.0,94.82591161676937
449732,0.0,0.0,0.0,0.0,0.0,0.0,38.72020057063896,0.0,0.0,0.0,0.0,0.0,0.0,0.0,0.0,165.80631611526854,152.75365744992317,0.0,0.0,0.0,0.0,0.0,0.0,0.0,0.0,0.0,0.0,0.0,357.28017413583063
3121609,0.0,0.0,0.0,0.0,0.0,0.0,29.040150427979217,0.0,0.0,0.0,0.0,0.0,0.0,0.0,0.0,0.0,0.0,0.0,0.0,0.0,0.0,0.0,0.0,0.0,0.0,0.0,0.0,0.0,29.040150427979217
85032,0.0,0.0,0.0,0.0,0.0,0.0,19.36010028531948,0.0,0.0,0.0,0.0,0.0,0.0,0.0,0.0,0.0,0.0,0.0,0.0,0.0,0.0,0.0,0.0,0.0,0.0,0.0,0.0,0.0,19.36010028531948
3424654,0.0,0.0,0.0,0.0,0.0,0.0,16.940087749654545,391.569733962916,91.52135408535175,0.0,0.0,0.0,0.0,0.0,0.0,0.0,0.0,0.0,0.0,151.66526009369,0.0,0.0,0.0,0.0,0.0,116.7269756040621,162.8763971740945,92.33780863912538,1023.6376173088943
2842333,0.0,0.0,0.0,0.0,0.0,0.0,0.0,368.5362202003916,468.3739885544471,506.41920560619747,0.0,0.0,0.0,381.08848398237467,0.0,0.0,0.0,0.0,0.0,0.0,0.0,260.716834074318,0.0,474.28856714927605,0.0,0.0,0.0,0.0,2459.423299567005
871007,0.0,0.0,0.0,0.0,0.0,0.0,0.0,115.16756881262236,53.8360906384422,0.0,0.0,0.0,0.0,0.0,0.0,0.0,0.0,0.0,0.0,0.0,0.0,0.0,54.68689474139934,0.0,0.0,0.0,0.0,0.0,223.69055419246388
67474,0.0,0.0,0.0,0.0,0.0,0.0,0.0,0.0,96.90496314919595,0.0,0.0,0.0,0.0,0.0,0.0,0.0,0.0,0.0,51.287311519130164,0.0,0.0,0.0,0.0,0.0,0.0,0.0,0.0,0.0,148.19227466832612
3044466,0.0,0.0,0.0,0.0,0.0,0.0,0.0,0.0,0.0,0.0,0.0,0.0,0.0,0.0,0.0,0.0,172.757112592175,0.0,0.0,0.0,0.0,0.0,0.0,0.0,0.0,0.0,0.0,0.0,172.757112592175
3044456,0.0,0.0,0.0,0.0,0.0,0.0,0.0,0.0,0.0,0.0,0.0,0.0,0.0,0.0,0.0,0.0,109.10975532137368,0.0,0.0,63.60156068445064,0.0,0.0,29.622067984924644,0.0,0.0,0.0,81.43819858704725,101.57158950303791,385.34317208083417
88404,0.0,0.0,0.0,0.0,0.0,0.0,0.0,0.0,0.0,0.0,0.0,0.0,0.0,0.0,0.0,0.0,96.38028386721342,0.0,0.0,0.0,0.0,0.0,25.0648267564747,0.0,0.0,0.0,0.0,0.0,121.44511062368812
3044459,0.0,0.0,0.0,0.0,0.0,0.0,0.0,0.0,0.0,0.0,0.0,0.0,0.0,0.0,0.0,0.0,92.74329202316764,0.0,0.0,0.0,172.33208392572487,0.0,241.5337851078471,0.0,0.0,0.0,0.0,0.0,506.60916105673965
2946174,0.0,0.0,0.0,0.0,0.0,0.0,0.0,0.0,0.0,0.0,0.0,0.0,0.0,0.0,0.0,0.0,78.19532464698449,0.0,0.0,0.0,0.0,0.0,0.0,0.0,0.0,0.0,0.0,0.0,78.19532464698449
232795,0.0,0.0,0.0,0.0,0.0,0.0,0.0,0.0,0.0,0.0,0.0,0.0,0.0,0.0,0.0,0.0,60.01036542675553,0.0,0.0,0.0,0.0,0.0,0.0,0.0,0.0,0.0,0.0,0.0,60.01036542675553
3152124,0.0,0.0,0.0,0.0,0.0,0.0,0.0,0.0,0.0,0.0,0.0,0.0,0.0,0.0,0.0,0.0,29.09593475236632,0.0,0.0,0.0,0.0,0.0,0.0,0.0,0.0,0.0,0.0,0.0,29.09593475236632
2842320,0.0,0.0,0.0,0.0,0.0,0.0,0.0,0.0,0.0,0.0,0.0,0.0,0.0,0.0,0.0,0.0,0.0,0.0,0.0,90.50991328171823,0.0,0.0,0.0,0.0,0.0,0.0,0.0,0.0,90.50991328171823
2508209,0.0,0.0,0.0,0.0,0.0,0.0,0.0,0.0,0.0,0.0,0.0,0.0,0.0,0.0,0.0,0.0,0.0,0.0,0.0,51.37049132205629,0.0,0.0,0.0,0.0,0.0,71.33315175803794,0.0,0.0,122.70364308009422
3044481,0.0,0.0,0.0,0.0,0.0,0.0,0.0,0.0,0.0,0.0,0.0,0.0,0.0,0.0,0.0,0.0,0.0,0.0,0.0,46.478063577098546,0.0,0.0,0.0,0.0,0.0,0.0,0.0,0.0,46.478063577098546
3424663,0.0,0.0,0.0,0.0,0.0,0.0,0.0,0.0,0.0,0.0,0.0,0.0,0.0,0.0,0.0,0.0,0.0,0.0,0.0,39.13942195966193,0.0,0.0,0.0,0.0,0.0,0.0,0.0,0.0,39.13942195966193
675071,0.0,0.0,0.0,0.0,0.0,0.0,0.0,0.0,0.0,0.0,0.0,0.0,0.0,0.0,0.0,0.0,0.0,0.0,0.0,31.80078034222532,0.0,0.0,0.0,0.0,0.0,0.0,0.0,129.2729320947755,161.07371243700084
11006,0.0,0.0,0.0,0.0,0.0,0.0,0.0,0.0,0.0,0.0,0.0,0.0,0.0,0.0,0.0,0.0,0.0,0.0,0.0,24.46213872478871,0.0,0.0,0.0,0.0,0.0,0.0,0.0,0.0,24.46213872478871
11974,0.0,0.0,0.0,0.0,0.0,0.0,0.0,0.0,0.0,0.0,0.0,0.0,0.0,0.0,0.0,0.0,0.0,0.0,0.0,0.0,0.0,0.0,22.78620614224973,0.0,0.0,0.0,0.0,0.0,22.78620614224973
2169568,0.0,0.0,0.0,0.0,0.0,0.0,0.0,0.0,0.0,0.0,0.0,0.0,0.0,0.0,0.0,0.0,0.0,0.0,0.0,0.0,0.0,0.0,0.0,0.0,0.0,110.24214362605865,135.73033097841207,0.0,245.97247460447073
151341,0.0,0.0,0.0,0.0,0.0,0.0,0.0,0.0,0.0,0.0,0.0,0.0,0.0,0.0,0.0,0.0,0.0,0.0,0.0,0.0,0.0,0.0,0.0,0.0,0.0,90.7876476920483,0.0,92.33780863912538,183.12545633117367
Total_reads,1169015.0,139792.0,301955.0,135591.0,191087.0,393463.0,826442.0,86830.0,185749.0,73062.0,48554.0,72316.0,137799.0,41985.0,34868.0,90467.0,549905.0,50856.0,292470.0,408795.0,92844.0,72876.0,438862.0,40060.0,84236.0,154206.0,147351.0,108298.0,6369734.0
