,072023_Carolina_2023_Baya_052_DCYL_S9,072023_Carolina_2023_Baya_065_DCYL_S1,072023_Carolina_2023_Baya_066_DCYL_S2,122021_Coralina_2021_Baya_001_DCYL_S24,122021_Coralina_2021_Baya_009_DCYL_S25,122021_Coralina_2021_Baya_010_DCYL_S26
2057741,1127.665628,307.3950465,0,17705.03913,12906.02676,23864.20369
5722,5276.607704,3952.222027,1978.226824,2839.269638,5486.048072,186669.995
562,5064.95354,4552.374261,4412.96753,20267.30685,10695.82034,7089.365951
588596,16885.49163,10934.48094,5021.652707,6047.875164,14405.80969,10683.97404
573,1382.691547,1829.73242,4324.200942,11934.16588,5604.451987,29355.96605
1747,30.36022845,7597.049008,1217.370353,13965.51326,7064.766942,2945.581628
28901,3342.227435,2590.901107,4476.372236,5009.11798,7419.978687,12531.2032
1396,3597.253354,9397.505709,7431.031531,4939.867501,17010.69582,7888.167748
470,2938.002679,2298.143919,1394.90353,6948.131391,5722.855902,6889.665502
1280,4449.942055,2503.07395,1807.034118,3000.854089,3354.777598,3295.057414
492670,1832.022928,2459.160372,1363.201177,6163.292629,4144.137033,13130.30454
1428,2804.417673,2415.246794,1540.734353,7917.638097,4617.752694,4992.511233
2004662,672.2622013,11783.47678,3005.38306,5586.205305,8051.466235,9335.996006
287,1324.573395,3308.156215,2846.871295,10479.90582,3591.585428,3544.682976
3066369,24.28818276,0,87961.34849,0,0,0
1173583,191.7031568,146.3785936,120.4689412,0,0,0
1502,2585.824029,1917.559576,1211.029883,2123.681355,2644.354107,3794.308537
647221,723.4408722,16482.22964,4102.284472,4547.44812,12116.66732,11382.92561
9,2486.068992,2049.30031,1363.201177,1708.178482,3512.649485,4992.511233
1325120,550.8212876,0,0,1108.007664,2407.546276,2845.731403
158836,1033.115202,6074.711634,7976.312002,9579.649593,8682.953783,0
1351,1276.864465,2576.263247,2282.569412,3162.43854,4538.81675,0
5811,863.9653581,1390.596639,684.7708237,1200.341636,5762.323874,4393.409885
1491,2192.008494,2063.93817,1103.241883,1615.84451,3117.969768,3045.431852
208375,484.028785,0,0,1477.343552,1657.654813,3544.682976
1936156,264.567705,673.3415305,1591.458118,4455.114148,907.76335,948.5771343
1219,910.8068534,1683.353826,1464.648706,854.0892408,2802.225994,13130.30454
1405,1505.867331,1668.715967,995.4538826,1500.427045,2525.950191,1847.229156
1795815,832.7376946,1010.012296,1559.755765,6694.212968,1894.462644,2895.656515
1404,1801.6627,2210.316763,1268.094118,1708.178482,3078.501796,1847.229156
1929291,538.6771962,175.6543123,380.4282354,1223.425129,749.8914631,0
27350,1282.069076,2429.884654,1293.456,1546.594031,4499.348778,3245.132302
192812,85.87607475,7919.081913,7209.115061,0,0,0
450367,741.6570092,0,164.8522353,0,0,0
1406,1105.979751,2415.246794,1020.815765,1731.261975,2565.418163,2146.77983
1282,656.6483696,512.3250776,158.5117647,2008.26389,1854.994672,1547.678482
44689,1630.777985,1551.613092,710.132706,831.0057478,2170.738446,1198.202696
3344828,301.8674143,0,0,669.4212968,1578.71887,1098.352471
5825,1225.685794,2459.160372,906.6872943,1385.00958,2565.418163,1847.229156
1653831,1390.498463,1390.596639,868.6444708,992.5901987,2210.206417,3295.057414
587,1579.599314,1478.423795,1084.220471,0,0,0
1496,1040.922118,1566.250951,792.5588237,1338.842594,1815.5267,8037.943085
3021011,15.61383177,0,0,0,0,0
5827,818.858733,2869.020434,1280.775059,2100.597862,2920.629909,2096.854718
546,937.6973415,2210.316763,1585.117647,7409.801251,2920.629909,0
40559,1430.400477,1419.872358,729.1541178,1061.840678,1618.186841,1647.528707
208348,1504.999896,1610.16453,786.2183531,946.4232128,2170.738446,1497.75337
5821,835.3399999,1566.250951,697.4517649,877.1727338,1973.398587,2346.48028
85471,2129.553167,1624.802389,741.835059,623.2543108,3196.905711,1997.004493
587753,200.3775078,395.2222027,405.7901177,2100.597862,0,0
210,1590.008536,1273.493764,634.047059,923.3397198,1657.654813,1347.978033
303,523.0633644,1302.769483,1826.05553,6971.214884,0,2146.77983
28198,1099.907705,512.3250776,228.2569412,0,670.9555196,0
3140245,260.2305296,0,0,969.5067058,1262.975096,898.652022
3140244,253.2910488,0,0,1084.924171,1499.782926,1547.678482
3425945,0,10758.82663,1807.034118,0,0,0
3410088,274.9769262,526.9629369,0,900.2562268,1341.911039,1497.75337
1583098,907.337113,175.6543123,190.2141177,0,552.5516044,0
1358,583.7838213,746.5308273,443.8329413,5309.203389,1144.57118,1497.75337
358,530.8702803,1390.596639,1661.203295,3970.360795,3117.969768,2596.105841
29448,291.4581931,0,0,992.5901987,2802.225994,0
41,143.9942264,0,114.1284706,0,0,0
1267423,78.93659396,658.7036712,240.9378824,230.8349299,0,0
1520,1232.625275,1171.028749,475.5352942,1177.258143,986.6992935,1048.427359
68213,0,3278.880497,2872.233177,7225.133307,4775.624581,6390.414378
2562892,357.3832606,1127.115171,925.7087061,1939.013412,1657.654813,2895.656515
5860,978.4667911,848.9958428,494.556706,577.0873249,1499.782926,1397.903145
1404443,202.112378,0,0,484.7533529,670.9555196,1747.378932
1352,1642.054641,702.6172493,0,0,0,0
5861,773.7521079,1097.839452,615.0256472,1454.260059,1657.654813,1847.229156
2761107,628.8904464,0,0,0,0,0
1492,964.5878295,2254.230341,1052.518118,1708.178482,3078.501796,3045.431852
1117645,1292.478297,2283.50606,729.1541178,1638.928003,2131.270474,2795.806291
2058762,552.5561577,1258.855905,1122.263294,1731.261975,1618.186841,1847.229156
288000,58.1181516,0,0,0,552.5516044,649.0264603
911045,0,0,27149.89507,0,0,0
1071379,1138.074849,1200.304467,538.9400001,831.0057478,1815.5267,1198.202696
1442551,63.32276219,439.1357808,1990.907765,3185.522033,631.4875479,2096.854718
40324,231.6051713,526.9629369,545.2804707,3624.1084,0,0
28031,402.4898857,1419.872358,881.325412,1223.425129,2447.014248,1547.678482
1325100,183.0288058,0,0,669.4212968,710.4234913,798.8017973
145971,812.7866873,1112.477311,640.3875296,623.2543108,1618.186841,1947.079381
238834,996.6829282,1302.769483,748.1755296,646.3378038,1854.994672,1048.427359
1296,603.7348286,2385.971076,1356.860706,1385.00958,3749.457315,2995.50674
197,1351.463883,0,519.9185884,0,0,0
48296,764.2103218,1024.650155,310.6830589,1015.673692,1026.167265,1397.903145
585,919.4812044,512.3250776,298.0021177,0,710.4234913,0
94643,319.2161163,585.5143744,285.3211765,831.0057478,1933.930615,1447.828258
907046,143.9942264,907.5472803,323.3640001,1500.427045,2170.738446,0
2306583,24.28818276,0,0,0,0,0
28197,1027.910592,541.6007963,209.2355295,854.0892408,473.6156609,1447.828258
316,230.7377362,614.7900931,805.2397649,2446.850257,0,1647.528707
27289,1230.02297,585.5143744,329.7044707,461.6698599,1539.250898,1597.603595
83637,166.5475389,0,0,969.5067058,631.4875479,1048.427359
1660078,130.9826999,9338.954271,2054.312471,2400.683271,5604.451987,5591.612581
1505,534.3400207,1771.180982,855.9635296,669.4212968,2447.014248,898.652022
5850,813.6541224,1346.683061,640.3875296,1892.846426,2012.866559,1148.277584
28116,818.858733,1566.250951,1039.837177,2192.931834,4420.412835,3944.083874
5507,934.2276011,1083.201593,519.9185884,346.2523949,1184.039152,1148.277584
1314,264.567705,1024.650155,564.3018825,554.0038319,1184.039152,3344.982526
986,1174.507123,775.8065461,640.3875296,1200.341636,0,0
1624,634.095057,424.4979214,247.278353,530.9203389,670.9555196,698.9515726
5476,1126.798193,600.1522337,412.1305883,669.4212968,1223.507124,698.9515726
35128,359.1181308,365.946484,1490.010589,2631.518201,947.2313218,2446.330504
2653203,320.9509864,5386.732244,3487.258824,0,0,0
1397703,124.9106542,219.5678904,507.2376472,0,0,0
28108,419.8385877,5562.386557,1845.076942,807.9222548,631.4875479,1048.427359
5141,1038.319813,1053.925874,678.4303531,577.0873249,1144.57118,1697.453819
40214,410.2968016,585.5143744,418.4710589,0,1499.782926,948.5771343
2704140,192.5705919,351.3086246,342.3854118,0,670.9555196,0
1307,575.9769054,1654.078108,874.9849414,831.0057478,2210.206417,1298.052921
253,680.9365523,1083.201593,786.2183531,1361.926087,1223.507124,2046.929606
1587,375.5993977,278.1193278,145.8308236,0,0,898.652022
1639,1529.288079,1127.115171,564.3018825,807.9222548,1894.462644,1747.378932
5858,1583.93649,0,0,0,0,0
1197460,124.9106542,0,0,623.2543108,710.4234913,1447.828258
4779,998.4177984,1185.666608,583.3232943,831.0057478,2091.802502,748.876685
644,786.7636343,0,247.278353,854.0892408,0,0
384,685.2737278,0,557.9614119,1915.929919,0,0
42374,1181.446604,878.2715616,450.1734119,554.0038319,1184.039152,549.1762356
208452,837.9423052,395.2222027,272.6402354,507.8368459,552.5516044,599.101348
69781,448.4639459,2034.662451,887.6658826,2423.766764,2486.48222,3394.907639
1931238,85.00863965,468.4114995,894.0063532,3670.275386,3039.033824,1248.127808
1423,717.3688265,0,608.6851766,0,0,0
1775881,37.29970924,2444.522513,3988.156001,992.5901987,0,0
1590,912.5417236,585.5143744,437.4924707,1454.260059,868.2953783,0
615,584.6512564,1624.802389,811.5802355,2262.182313,2525.950191,0
34073,267.1700103,717.2551086,589.6637648,1962.096905,0,0
5854,616.746355,439.1357808,278.9807059,484.7533529,631.4875479,0
446,1130.267933,380.5843433,152.1712942,253.9184229,0,0
913109,182.1613707,0,0,0,0,0
1159556,434.5849844,1273.493764,779.8778825,577.0873249,1973.398587,698.9515726
5127,869.1699687,717.2551086,336.0449413,0,828.8274066,599.101348
1501,966.3226997,497.6872182,240.9378824,323.1689019,394.6797174,898.652022
5855,1532.757819,395.2222027,133.1498824,0,0,948.5771343
64104,552.5561577,1961.473154,894.0063532,715.5882828,2091.802502,1997.004493
34085,413.766542,600.1522337,405.7901177,692.5047898,1262.975096,1397.903145
36914,584.6512564,980.7365771,532.5995295,1061.840678,1499.782926,1647.528707
738,220.328515,1580.888811,1743.629412,3093.188061,5446.5801,4692.960559
1303,220.328515,790.4444054,291.6616471,1869.762933,907.76335,0
680,732.1152231,878.2715616,608.6851766,1431.176566,2012.866559,1298.052921
4896,2130.420602,687.9793899,450.1734119,484.7533529,1341.911039,798.8017973
2268451,13.01152648,4288.892792,1071.53953,1731.261975,3986.265146,3245.132302
2748629,130.9826999,0,0,461.6698599,631.4875479,0
158,1762.62812,453.7736401,259.9592942,0,0,0
1126,520.4610591,0,1306.136941,877.1727338,0,0
3003349,0,1127.115171,5649.359295,0,0,0
2704654,95.41786084,0,0,0,0,0
663,605.4696988,0,259.9592942,1869.762933,0,2596.105841
3139728,137.9221807,0,0,0,0,0
121627,507.4495326,1097.839452,684.7708237,692.5047898,1933.930615,948.5771343
1578925,705.2247351,526.9629369,424.8115295,692.5047898,592.0195761,1347.978033
1069201,769.4149324,951.4608584,228.2569412,738.6717758,0,0
45286,460.6080373,1785.818842,843.2825884,1292.675608,2683.822078,1847.229156
36845,356.5158255,658.7036712,342.3854118,807.9222548,1105.103209,1098.352471
670,579.4466458,951.4608584,405.7901177,946.4232128,1026.167265,1048.427359
1922217,689.6109033,424.4979214,266.2997648,646.3378038,0,0
148305,534.3400207,907.5472803,450.1734119,600.1708178,1539.250898,599.101348
263511,127.5129595,483.0493589,735.4945884,577.0873249,631.4875479,0
1303590,71.99711318,0,0,0,0,0
1898042,42.50431983,0,16852.97083,0,0,0
36050,618.4812252,365.946484,412.1305883,761.7552688,868.2953783,2046.929606
5454,591.5907372,995.3744364,507.2376472,554.0038319,1144.57118,1048.427359
5147,629.7578815,336.6707653,190.2141177,0,0,798.8017973
76857,274.1094911,1419.872358,659.4089413,1223.425129,1973.398587,1148.277584
280754,618.4812252,775.8065461,532.5995295,1038.757185,1815.5267,1148.277584
459526,736.4523986,1010.012296,646.7280002,1292.675608,1657.654813,1847.229156
1404429,127.5129595,0,0,0,0,0
83641,189.1008515,0,76.08564708,415.5028739,513.0836326,748.876685
2916754,292.3256282,761.1686867,653.0684707,415.5028739,1302.443067,649.0264603
29388,422.440893,775.8065461,653.0684707,1892.846426,1854.994672,0
5833,1170.169948,322.0329059,285.3211765,692.5047898,0,748.876685
669,222.9308203,570.876515,494.556706,1292.675608,1065.635237,1248.127808
1892,262.8328348,673.3415305,703.7922355,2700.76868,1341.911039,0
196024,150.066272,717.2551086,488.2162354,854.0892408,1341.911039,0
2321133,480.5590446,336.6707653,152.1712942,346.2523949,0,0
2099387,504.8472273,0,1096.901412,969.5067058,0,0
317,388.6109241,819.7201241,596.0042354,1315.759101,0,0
880535,639.2996676,746.5308273,456.5138825,484.7533529,1144.57118,848.7269096
5691,752.0662304,687.9793899,386.768706,0,907.76335,0
1503041,0,0,0,0,0,0
1355477,360.853001,1361.32092,1464.648706,3070.104568,0,0
1462615,281.916407,995.3744364,621.3661178,346.2523949,1657.654813,748.876685
550,330.4927725,0,0,0,0,0
2743,27.75792315,512.3250776,4489.053178,0,0,0
5807,916.8788991,600.1522337,285.3211765,577.0873249,907.76335,599.101348
5824,898.6627621,0,0,0,0,0
101201,818.858733,614.7900931,304.3425883,600.1708178,0,1397.903145
463800,519.593624,1171.028749,672.0898825,877.1727338,1539.250898,1248.127808
996,319.2161163,0,215.5760001,0,0,0
2721244,559.4956385,0,0,0,0,0
107401,619.3486603,2020.024592,1268.094118,507.8368459,2644.354107,1647.528707
1290,396.41784,336.6707653,209.2355295,600.1708178,1184.039152,798.8017973
2697010,318.3486812,190.2921717,221.9164706,461.6698599,0,0
500148,855.2910071,1332.045202,684.7708237,277.0019159,1894.462644,1797.304044
817,334.829948,0,133.1498824,0,0,0
36745,410.2968016,292.7571872,95.10705885,0,0,0
4952,265.4351401,1610.16453,786.2183531,646.3378038,1894.462644,1298.052921
4975,1265.587809,336.6707653,171.1927059,230.8349299,592.0195761,0
584,467.5475181,424.4979214,329.7044707,0,0,0
367791,2363.760643,175.6543123,0,277.0019159,0,0
28132,538.6771962,790.4444054,367.7472942,1084.924171,1105.103209,848.7269096
36839,737.3198337,761.1686867,431.1520001,715.5882828,828.8274066,1847.229156
2066072,182.1613707,351.3086246,355.066353,669.4212968,394.6797174,649.0264603
181124,516.9913187,541.6007963,247.278353,0,710.4234913,798.8017973
165179,573.3746001,292.7571872,133.1498824,392.4193809,0,848.7269096
132608,133.5850052,468.4114995,849.623059,10087.48644,749.8914631,0
188913,765.945192,395.2222027,234.5974118,438.5863669,394.6797174,1048.427359
38293,496.1728763,585.5143744,317.0235295,1015.673692,947.2313218,798.8017973
101028,386.0086188,687.9793899,380.4282354,253.9184229,0,1048.427359
3240067,0,0,0,0,0,0
181762,868.3025336,805.0822648,412.1305883,323.1689019,1105.103209,499.2511233
2034170,627.1555762,204.930031,152.1712942,253.9184229,0,748.876685
34406,508.3169677,439.1357808,431.1520001,784.8387618,1460.314954,1298.052921
43675,28.62535825,234.2057498,202.8950589,1315.759101,749.8914631,2246.630055
43658,197.7752025,307.3950465,336.0449413,600.1708178,394.6797174,0
1206,225.5331256,219.5678904,646.7280002,600.1708178,552.5516044,2945.581628
195108,464.0777777,907.5472803,494.556706,346.2523949,1262.975096,1198.202696
42260,443.2593353,892.9094209,374.0877648,669.4212968,1697.122785,1547.678482
2764711,338.2996884,0,285.3211765,369.3358879,0,0
76859,699.1526894,0,95.10705885,0,0,0
3133280,57.2507165,1566.250951,830.6016473,1246.508622,1026.167265,0
796027,341.7694288,966.0987177,507.2376472,623.2543108,1026.167265,898.652022
453459,685.2737278,292.7571872,272.6402354,0,434.1476892,0
63577,992.3457527,263.4814685,266.2997648,484.7533529,0,1148.277584
715475,170.0172793,0,114.1284706,0,0,0
1220207,530.0028452,453.7736401,386.768706,415.5028739,1223.507124,1248.127808
1598,594.1930425,600.1522337,443.8329413,692.5047898,986.6992935,998.5022466
1437360,239.4120872,409.8600621,323.3640001,484.7533529,552.5516044,0
1421,204.7146832,805.0822648,481.8757648,784.8387618,1144.57118,0
346,237.677217,0,0,0,0,0
318829,538.6771962,468.4114995,323.3640001,415.5028739,986.6992935,898.652022
851,817.9912979,1083.201593,380.4282354,0,789.3594348,0
45151,680.0691172,395.2222027,380.4282354,461.6698599,907.76335,998.5022466
48095,496.1728763,1010.012296,513.5781178,323.1689019,1026.167265,0
1160,427.6455036,0,1027.156236,1431.176566,0,0
1006,482.2939148,351.3086246,418.4710589,346.2523949,631.4875479,1048.427359
244734,32.09509864,0,0,738.6717758,0,0
1419277,101.4899065,0,0,369.3358879,434.1476892,798.8017973
199306,644.5042782,731.892968,437.4924707,623.2543108,789.3594348,998.5022466
959,326.155597,526.9629369,424.8115295,600.1708178,670.9555196,1098.352471
696485,242.8818276,526.9629369,748.1755296,2908.520117,749.8914631,0
3101277,182.1613707,585.5143744,640.3875296,1592.761017,710.4234913,649.0264603
779,296.6628037,1273.493764,627.7065884,715.5882828,1420.846983,798.8017973
36035,484.028785,790.4444054,355.066353,300.0854089,828.8274066,549.1762356
113608,1121.593582,234.2057498,139.490353,0,0,0
2745196,13.01152648,0,0,415.5028739,0,0
1328300,409.4293665,1200.304467,596.0042354,715.5882828,1223.507124,1497.75337
2663009,517.8587538,1741.905264,805.2397649,923.3397198,2407.546276,0
1573823,372.9970924,614.7900931,500.8971766,577.0873249,789.3594348,748.876685
314275,162.2103634,731.892968,475.5352942,1523.510538,947.2313218,2096.854718
666563,231.6051713,278.1193278,234.5974118,0,2210.206417,3694.458313
28450,334.829948,0,215.5760001,0,0,0
33038,453.6685565,570.876515,488.2162354,554.0038319,1578.71887,0
4924,761.6080165,512.3250776,266.2997648,0,828.8274066,499.2511233
79883,448.4639459,1010.012296,412.1305883,0,1144.57118,0
28985,381.6714433,790.4444054,393.1091766,507.8368459,1420.846983,0
2583452,196.9077674,395.2222027,183.8736471,0,670.9555196,948.5771343
324769,400.7550155,1112.477311,564.3018825,646.3378038,1618.186841,0
2748319,248.9538733,702.6172493,551.6209413,715.5882828,1302.443067,2795.806291
1904463,295.7953686,409.8600621,202.8950589,784.8387618,434.1476892,0
1288,247.2190031,600.1522337,228.2569412,784.8387618,670.9555196,848.7269096
273371,849.2189614,322.0329059,177.5331765,0,1105.103209,0
78579,379.069138,219.5678904,285.3211765,530.9203389,394.6797174,1497.75337
1784714,248.9538733,453.7736401,298.0021177,600.1708178,828.8274066,748.876685
197653,282.7838421,526.9629369,703.7922355,1038.757185,0,0
293387,369.527352,0,0,0,0,0
582,394.6829698,1053.925874,399.4496472,761.7552688,789.3594348,898.652022
1004,345.2391692,248.8436091,234.5974118,0,0,0
37727,474.4869989,570.876515,329.7044707,369.3358879,631.4875479,698.9515726
1714849,346.9740394,0,234.5974118,0,1657.654813,1897.154269
136468,78.06915887,3952.222027,995.4538826,923.3397198,3749.457315,2296.555167
1283,458.005732,336.6707653,285.3211765,0,986.6992935,848.7269096
1460447,320.0835513,234.2057498,196.5545883,0,0,0
2546360,345.2391692,0,583.3232943,900.2562268,0,0
818,515.2564485,307.3950465,278.9807059,0,631.4875479,0
729,358.2506957,878.2715616,298.0021177,1500.427045,1144.57118,1048.427359
1478,409.4293665,409.8600621,133.1498824,1454.260059,0,0
258,464.0777777,234.2057498,152.1712942,0,0,0
1080349,372.1296573,629.4279525,253.6188236,461.6698599,513.0836326,748.876685
630,377.3342679,614.7900931,545.2804707,669.4212968,1460.314954,848.7269096
456999,497.9077465,161.016453,120.4689412,323.1689019,394.6797174,798.8017973
1775926,274.1094911,556.2386557,329.7044707,761.7552688,868.2953783,848.7269096
1685958,65.05763239,0,0,0,0,998.5022466
155978,158.740623,0,1921.162589,0,710.4234913,0
83655,314.8789408,497.6872182,380.4282354,1061.840678,828.8274066,0
40410,221.1959501,526.9629369,266.2997648,692.5047898,1262.975096,998.5022466
76335,109.2968224,0,570.6423531,0,0,1947.079381
548,184.763676,790.4444054,500.8971766,530.9203389,1184.039152,0
172371,26.02305296,526.9629369,2257.20753,0,0,0
324770,386.0086188,644.0658118,418.4710589,0,986.6992935,1098.352471
1517,282.7838421,307.3950465,183.8736471,600.1708178,0,1148.277584
2060973,268.9048805,175.6543123,139.490353,346.2523949,0,1098.352471
1588,116.2363032,0,0,0,0,0
333140,29.49279335,6645.588149,2250.867059,230.8349299,0,0
1507512,221.1959501,556.2386557,234.5974118,623.2543108,513.0836326,698.9515726
2778902,490.1008307,0,63.4047059,323.1689019,0,0
246432,490.9682658,600.1522337,247.278353,507.8368459,907.76335,1248.127808
1335,276.7117964,234.2057498,101.4475294,0,0,0
3239899,76.33428867,0,0,0,0,0
2845819,377.3342679,951.4608584,481.8757648,0,1499.782926,0
5868,275.8443613,234.2057498,120.4689412,230.8349299,1184.039152,898.652022
4909,335.6973831,219.5678904,133.1498824,230.8349299,473.6156609,0
1392,412.8991069,4157.152058,2428.400236,0,0,0
727,690.4783384,336.6707653,247.278353,0,0,0
1714848,229.002866,1829.73242,456.5138825,0,1894.462644,2795.806291
1076,203.8472481,483.0493589,481.8757648,923.3397198,592.0195761,549.1762356
52584,286.2535825,585.5143744,291.6616471,715.5882828,670.9555196,798.8017973
29176,748.59649,395.2222027,158.5117647,0,0,0
104268,195.1728972,0,183.8736471,0,0,0
756892,246.351568,409.8600621,266.2997648,0,0,0
930124,396.41784,336.6707653,196.5545883,461.6698599,552.5516044,599.101348
5665,358.2506957,702.6172493,418.4710589,807.9222548,1026.167265,1397.903145
1561,1782.579127,336.6707653,202.8950589,230.8349299,513.0836326,1797.304044
1912,11.27665628,0,0,0,0,0
169679,2288.29379,702.6172493,481.8757648,346.2523949,1223.507124,599.101348
36651,856.1584422,1053.925874,380.4282354,554.0038319,1460.314954,898.652022
113287,639.2996676,0,0,0,0,0
1509,2057.556054,775.8065461,494.556706,0,1460.314954,0
2608089,314.8789408,0,862.3040002,831.0057478,473.6156609,0
5007,343.504299,629.4279525,247.278353,253.9184229,907.76335,748.876685
1155739,224.6656905,0,1147.625177,784.8387618,0,0
1648,147.4639667,0,0,0,0,8087.868198
1685970,58.1181516,0,0,0,631.4875479,0
4959,396.41784,365.946484,145.8308236,253.9184229,592.0195761,0
553611,312.2766355,731.892968,393.1091766,461.6698599,670.9555196,698.9515726
1534,368.6599169,292.7571872,177.5331765,253.9184229,828.8274066,0
1354,303.6022845,805.0822648,532.5995295,2262.182313,0,3344.982526
1191912,362.5878712,0,481.8757648,600.1708178,1933.930615,0
3139729,144.8616615,0,0,0,0,0
672,350.4437798,234.2057498,278.9807059,530.9203389,473.6156609,0
1054033,420.7060228,204.930031,177.5331765,0,473.6156609,1897.154269
2850,473.6195638,775.8065461,475.5352942,761.7552688,1262.975096,798.8017973
29562,374.7319626,702.6172493,310.6830589,554.0038319,907.76335,0
1393,332.2276427,600.1522337,298.0021177,623.2543108,631.4875479,0
3028315,150.9337071,0,0,0,0,0
5872,287.1210176,219.5678904,152.1712942,0,592.0195761,698.9515726
2576904,456.2708618,161.016453,545.2804707,0,0,2046.929606
28037,235.0749117,483.0493589,183.8736471,923.3397198,0,0
201,345.2391692,570.876515,323.3640001,784.8387618,1262.975096,1697.453819
182096,508.3169677,322.0329059,202.8950589,0,670.9555196,0
856,727.7780476,0,95.10705885,0,0,0
412384,411.1642367,453.7736401,329.7044707,0,0,0
182773,272.3746209,0,0,0,0,0
38304,74.59941847,0,0,2746.935666,0,0
1617448,253.2910488,395.2222027,450.1734119,831.0057478,789.3594348,2046.929606
247,287.1210176,761.1686867,329.7044707,530.9203389,749.8914631,0
5875,407.6944963,307.3950465,304.3425883,0,1026.167265,0
190893,214.2564693,980.7365771,475.5352942,831.0057478,1381.379011,0
654,440.65703,468.4114995,500.8971766,1731.261975,789.3594348,0
1042133,317.4812461,0,0,0,0,0
80884,453.6685565,380.5843433,361.4068236,0,552.5516044,0
419475,124.0432191,0,640.3875296,1177.258143,0,0
228899,587.2535617,0,126.8094118,415.5028739,0,0
2954086,19.08357217,0,0,0,0,11932.10185
823,807.5820767,775.8065461,475.5352942,0,947.2313218,0
2591606,74.59941847,4684.114995,139.490353,0,5486.048072,0
1714860,291.4581931,175.6543123,234.5974118,230.8349299,710.4234913,1397.903145
1463165,369.527352,453.7736401,171.1927059,0,0,0
747,269.7723156,0,0,0,0,0
171437,107.5619522,439.1357808,469.1948236,1569.677524,749.8914631,599.101348
114525,327.0230321,966.0987177,716.4731766,946.4232128,1460.314954,2146.77983
373994,471.8846936,161.016453,640.3875296,369.3358879,0,1847.229156
45972,305.3371547,161.016453,82.42611767,0,670.9555196,898.652022
1286,220.328515,644.0658118,272.6402354,0,749.8914631,0
1547,268.0374454,0,0,484.7533529,0,698.9515726
27288,420.7060228,322.0329059,177.5331765,0,0,0
37326,193.438027,0,120.4689412,831.0057478,0,0
1872427,69.39480788,1595.52667,1807.034118,600.1708178,0,0
5518,468.4149532,644.0658118,323.3640001,0,710.4234913,0
59893,451.9336863,0,0,0,0,0
122368,271.5071858,966.0987177,519.9185884,669.4212968,1539.250898,1248.127808
2795000,379.9365731,468.4114995,221.9164706,0,0,1647.528707
1261031,157.8731879,556.2386557,342.3854118,646.3378038,0,0
2932258,132.7175701,0,0,0,0,0
2320868,330.4927725,629.4279525,285.3211765,623.2543108,947.2313218,798.8017973
2208,337.4322533,380.5843433,177.5331765,0,592.0195761,748.876685
588,366.9250467,0,0,3047.021075,0,0
398743,314.0115057,439.1357808,418.4710589,646.3378038,1618.186841,0
4911,372.1296573,526.9629369,228.2569412,253.9184229,0,0
254839,34.69740394,3761.929855,1122.263294,1177.258143,3591.585428,1597.603595
1404411,71.99711318,0,0,461.6698599,0,0
1304,220.328515,775.8065461,615.0256472,1061.840678,1144.57118,0
1311,969.7924401,0,0,0,0,0
1574161,320.0835513,1024.650155,589.6637648,0,0,0
1465,469.2823883,351.3086246,120.4689412,507.8368459,670.9555196,0
2725666,34.69740394,0,0,831.0057478,0,0
239,285.3861474,365.946484,329.7044707,623.2543108,513.0836326,0
2975289,76.33428867,0,0,0,0,0
2587410,578.5792107,351.3086246,272.6402354,392.4193809,473.6156609,599.101348
254,411.1642367,614.7900931,310.6830589,346.2523949,828.8274066,848.7269096
77097,97.15273103,1097.839452,1192.008471,1038.757185,1341.911039,0
40215,54.64841121,1200.304467,767.1969414,2331.432792,3315.309626,1397.903145
106654,4987.751816,0,285.3211765,0,749.8914631,1098.352471
571177,149.1988369,175.6543123,317.0235295,1708.178482,0,0
1134687,225.5331256,307.3950465,228.2569412,0,0,0
564305,478.8241744,307.3950465,82.42611767,669.4212968,0,0
432096,2367.230384,336.6707653,95.10705885,0,0,0
1942464,351.3112149,146.3785936,202.8950589,300.0854089,473.6156609,698.9515726
343874,256.7607892,0,190.2141177,946.4232128,0,0
348837,431.9826791,336.6707653,209.2355295,0,552.5516044,0
5499,373.8645275,292.7571872,202.8950589,300.0854089,434.1476892,0
2934315,197.7752025,0,0,0,0,0
59779,0,585.5143744,488.2162354,1131.091157,0,0
2994555,385.1411837,453.7736401,450.1734119,461.6698599,552.5516044,0
379064,222.9308203,424.4979214,386.768706,646.3378038,0,599.101348
100886,73.73198337,0,0,0,0,0
199,788.4985045,614.7900931,278.9807059,346.2523949,947.2313218,0
1530123,639.2996676,336.6707653,0,646.3378038,0,0
2759660,15.61383177,0,0,0,0,0
28182,98.02016613,600.1522337,228.2569412,0,1420.846983,0
1399,326.155597,556.2386557,386.768706,0,1184.039152,0
244366,149.1988369,0,0,0,0,0
1218801,353.0460851,0,672.0898825,0,0,0
371601,1161.495597,351.3086246,196.5545883,0,0,0
33045,287.9884527,0,0,0,0,1198.202696
5478,385.1411837,439.1357808,228.2569412,484.7533529,789.3594348,549.1762356
1260,320.0835513,424.4979214,95.10705885,438.5863669,513.0836326,0
2774873,0,2093.213888,1591.458118,0,6985.830998,0
1382466,210.7867289,541.6007963,532.5995295,784.8387618,1539.250898,948.5771343
1408,370.3947871,1097.839452,621.3661178,784.8387618,1539.250898,0
2545709,337.4322533,1010.012296,355.066353,438.5863669,1026.167265,848.7269096
1490,315.7463759,483.0493589,298.0021177,0,0,0
4956,382.5388784,1112.477311,526.2590589,669.4212968,1302.443067,1098.352471
191579,196.0403323,541.6007963,336.0449413,0,394.6797174,0
332186,108.4293873,0,0,3739.525865,0,1697.453819
3034676,118.8386085,0,0,392.4193809,0,898.652022
1196083,437.1872896,365.946484,152.1712942,577.0873249,0,0
1047171,337.4322533,263.4814685,107.788,230.8349299,394.6797174,0
294,260.2305296,0,310.6830589,992.5901987,0,0
2738,234.2074766,439.1357808,202.8950589,392.4193809,631.4875479,649.0264603
173,597.6627829,0,0,0,0,0
655353,78.06915887,0,126.8094118,346.2523949,0,0
283734,266.3025752,190.2921717,196.5545883,484.7533529,552.5516044,649.0264603
38313,229.8703011,0,190.2141177,0,0,0
72144,304.4697196,0,114.1284706,230.8349299,0,649.0264603
360422,273.242056,336.6707653,209.2355295,0,947.2313218,0
43657,182.1613707,263.4814685,234.5974118,346.2523949,592.0195761,0
1615909,190.8357217,204.930031,507.2376472,669.4212968,670.9555196,0
28898,109.2968224,0,69.74517649,0,0,0
2795738,238.5446521,687.9793899,519.9185884,0,1381.379011,0
564,179.5590654,907.5472803,456.5138825,831.0057478,2525.950191,1048.427359
2686362,157.8731879,687.9793899,380.4282354,0,1105.103209,1198.202696
2749052,1132.870239,0,0,0,0,0
163877,456.2708618,497.6872182,278.9807059,415.5028739,907.76335,0
2864201,231.6051713,673.3415305,513.5781178,761.7552688,828.8274066,1098.352471
1550579,268.0374454,0,76.08564708,0,0,0
62322,299.265109,0,0,0,0,0
1979344,186.4985462,1039.288015,596.0042354,807.9222548,1736.590757,0
2686077,222.9308203,365.946484,253.6188236,646.3378038,0,0
98403,431.9826791,263.4814685,171.1927059,323.1689019,394.6797174,549.1762356
2749995,241.1469574,365.946484,443.8329413,1038.757185,0,1248.127808
2921687,171.7521495,0,0,0,0,0
159,432.8501142,380.5843433,183.8736471,507.8368459,670.9555196,0
2027860,616.746355,848.9958428,0,0,0,0
339,210.7867289,0,190.2141177,0,0,0
102116,160.4754932,0,317.0235295,253.9184229,0,1947.079381
1355330,515.2564485,0,285.3211765,0,0,0
33959,235.0749117,0,0,0,0,0
231049,621.0835305,0,0,0,0,3145.282077
2068654,202.112378,0,0,0,0,499.2511233
784,225.5331256,614.7900931,323.3640001,392.4193809,947.2313218,499.2511233
1603555,15.61383177,5372.094385,1204.689412,0,0,0
3140247,0,0,0,0,0,0
5270,264.567705,702.6172493,367.7472942,369.3358879,1578.71887,898.652022
2029677,3151.391713,0,202.8950589,600.1708178,0,0
996801,193.438027,951.4608584,678.4303531,323.1689019,1499.782926,2096.854718
2794344,0,8299.666257,177.5331765,392.4193809,0,0
648,112.7665628,0,0,0,0,0
13502,307.93946,1112.477311,488.2162354,530.9203389,1262.975096,0
4932,436.3198545,395.2222027,190.2141177,0,631.4875479,0
2878255,319.2161163,0,272.6402354,0,0,1547.678482
1305,287.1210176,761.1686867,190.2141177,0,0,998.5022466
569,384.2737486,936.822999,481.8757648,807.9222548,907.76335,0
1742359,212.5215991,190.2921717,120.4689412,0,0,0
2954661,13.87896158,0,0,0,0,0
328812,225.5331256,190.2921717,120.4689412,0,0,0
55601,415.5014122,365.946484,177.5331765,0,868.2953783,0
2282170,329.6253374,570.876515,1096.901412,253.9184229,1223.507124,0
2779359,123.175784,322.0329059,481.8757648,0,1184.039152,0
33035,139.6570509,1024.650155,456.5138825,323.1689019,1815.5267,0
1306274,171.7521495,263.4814685,342.3854118,577.0873249,0,1347.978033
713887,157.8731879,146.3785936,228.2569412,323.1689019,0,5941.088367
71237,551.6887226,161.016453,82.42611767,0,0,0
6039,431.9826791,336.6707653,126.8094118,461.6698599,0,599.101348
1355374,600.2650882,570.876515,272.6402354,0,789.3594348,499.2511233
2516557,999.2852335,0,82.42611767,0,0,0
2231603,317.4812461,541.6007963,405.7901177,0,1184.039152,0
112234,111.0316926,512.3250776,272.6402354,1131.091157,670.9555196,2046.929606
2806551,96.28529593,570.876515,507.2376472,0,1736.590757,0
5664,277.5792315,468.4114995,298.0021177,554.0038319,592.0195761,0
1872629,225.5331256,395.2222027,215.5760001,0,789.3594348,0
2371,280.1815368,307.3950465,139.490353,0,0,0
29384,225.5331256,439.1357808,202.8950589,0,670.9555196,0
285,231.6051713,0,0,0,0,0
1451,764.2103218,1053.925874,285.3211765,1061.840678,828.8274066,0
1080223,218.5936448,322.0329059,152.1712942,0,986.6992935,549.1762356
666,377.3342679,673.3415305,399.4496472,554.0038319,0,0
1908341,249.8213084,702.6172493,640.3875296,831.0057478,828.8274066,0
2494373,463.2103426,541.6007963,298.0021177,0,0,0
826,322.6858566,658.7036712,462.8543531,415.5028739,947.2313218,549.1762356
33033,442.3919002,0,0,0,0,0
3070681,285.3861474,322.0329059,164.8522353,300.0854089,670.9555196,0
255507,208.1844236,365.946484,183.8736471,0,0,0
2768948,59.8530218,658.7036712,754.5160002,415.5028739,1262.975096,0
2808900,255.025919,146.3785936,291.6616471,0,0,0
5874,294.0604984,731.892968,291.6616471,507.8368459,828.8274066,0
1894999,588.9884319,0,88.76658826,277.0019159,0,0
85698,140.524486,0,285.3211765,1638.928003,0,0
746128,502.244922,0,88.76658826,0,0,0
50741,89.34581515,292.7571872,944.7301179,1777.428961,0,0
1185412,288.8558878,307.3950465,190.2141177,0,394.6797174,0
162425,447.5965108,439.1357808,336.0449413,346.2523949,907.76335,499.2511233
280333,72.86454827,0,0,346.2523949,0,0
2686210,0,439.1357808,253.6188236,0,0,0
89586,106.6945171,161.016453,69.74517649,0,0,0
1493872,212.5215991,248.8436091,88.76658826,0,0,0
104270,238.5446521,204.930031,348.7258824,0,552.5516044,1248.127808
44935,78.93659396,0,95.10705885,831.0057478,0,0
1241981,490.9682658,351.3086246,310.6830589,0,0,0
2283160,124.0432191,0,0,0,0,0
1855912,192.5705919,0,158.5117647,277.0019159,0,0
2761500,317.4812461,278.1193278,196.5545883,461.6698599,0,649.0264603
2704465,257.6282243,907.5472803,570.6423531,554.0038319,1105.103209,649.0264603
704125,464.0777777,263.4814685,133.1498824,392.4193809,0,948.5771343
2739062,197.7752025,922.1851396,545.2804707,323.1689019,1618.186841,649.0264603
3093875,223.7982554,0,133.1498824,0,0,0
314281,354.7809553,497.6872182,285.3211765,461.6698599,1302.443067,0
1774273,198.6426376,731.892968,380.4282354,0,710.4234913,0
1050635,19.08357217,0,304.3425883,1385.00958,0,0
70799,917.7463342,0,304.3425883,0,0,1597.603595
280036,385.1411837,497.6872182,183.8736471,438.5863669,0,0
37769,191.7031568,512.3250776,152.1712942,0,0,0
996558,334.829948,1010.012296,462.8543531,0,0,0
224012,147.4639667,644.0658118,1280.775059,946.4232128,1578.71887,0
2847778,124.0432191,0,0,0,0,0
104,344.3717341,600.1522337,412.1305883,600.1708178,749.8914631,698.9515726
2681766,191.7031568,307.3950465,95.10705885,253.9184229,631.4875479,599.101348
76759,66.79250258,0,0,0,0,0
2999116,239.4120872,292.7571872,133.1498824,253.9184229,0,998.5022466
2527964,348.7089096,526.9629369,310.6830589,461.6698599,434.1476892,0
2419841,204.7146832,819.7201241,405.7901177,0,986.6992935,898.652022
651561,376.4668328,717.2551086,253.6188236,0,0,0
3134896,196.9077674,0,424.8115295,0,0,0
4950,165.6801038,717.2551086,342.3854118,369.3358879,749.8914631,1098.352471
1647413,299.265109,0,513.5781178,0,0,0
2420300,0,5503.835119,3576.025413,0,0,0
1313,122.3083489,556.2386557,164.8522353,0,789.3594348,0
2748,136.1873105,907.5472803,367.7472942,0,907.76335,848.7269096
279356,139.6570509,292.7571872,259.9592942,346.2523949,1262.975096,1847.229156
3384157,235.9423468,0,164.8522353,0,0,0
3074109,76.33428867,0,0,0,0,0
3158075,347.8414745,585.5143744,183.8736471,0,631.4875479,0
164546,486.6310903,453.7736401,278.9807059,900.2562268,1302.443067,0
3031997,229.8703011,1053.925874,729.1541178,0,1933.930615,1947.079381
311410,6975.913062,0,107.788,346.2523949,0,0
2770780,107.5619522,0,0,0,0,0
2653681,342.6368639,248.8436091,329.7044707,300.0854089,0,0
55603,108.4293873,0,114.1284706,0,394.6797174,0
3059026,171.7521495,409.8600621,234.5974118,0,592.0195761,1547.678482
1912871,317.4812461,0,0,0,0,0
2897333,250.6887435,878.2715616,456.5138825,715.5882828,1618.186841,1847.229156
1798806,42.50431983,175.6543123,0,0,0,0
750,219.4610799,614.7900931,405.7901177,623.2543108,789.3594348,0
54571,88.47838005,0,247.278353,923.3397198,0,0
1513,400.7550155,395.2222027,298.0021177,0,986.6992935,0
1855336,299.265109,0,177.5331765,0,0,0
2893882,153.5360124,0,0,0,0,0
152268,87.61094495,190.2921717,82.42611767,0,0,0
1870903,307.93946,161.016453,348.7258824,946.4232128,0,0
1363,261.0979647,175.6543123,82.42611767,0,0,0
1402861,370.3947871,219.5678904,158.5117647,0,592.0195761,599.101348
877500,240.2795223,0,0,0,0,0
2005462,153.5360124,395.2222027,710.132706,530.9203389,552.5516044,649.0264603
1452,138.7896158,336.6707653,152.1712942,0,473.6156609,0
166486,634.095057,0,0,738.6717758,0,0
380,191.7031568,0,228.2569412,969.5067058,0,0
2975676,0,0,0,0,0,0
1597,205.5821183,468.4114995,240.9378824,0,749.8914631,0
3447503,98.02016613,819.7201241,665.7494119,946.4232128,907.76335,1847.229156
2763062,105.827082,0,0,0,0,0
51669,412.8991069,322.0329059,158.5117647,0,0,0
294671,143.9942264,775.8065461,494.556706,484.7533529,749.8914631,1098.352471
108980,141.3919211,0,0,0,0,0
2976982,197.7752025,1141.75303,545.2804707,784.8387618,1460.314954,1248.127808
83451,246.351568,204.930031,209.2355295,1038.757185,0,0
687844,328.7579023,424.4979214,342.3854118,554.0038319,710.4234913,1847.229156
56,169.1498442,0,450.1734119,1800.512454,0,0
28131,501.3774869,0,0,0,0,0
668,298.3976739,424.4979214,304.3425883,623.2543108,592.0195761,948.5771343
2961520,139.6570509,0,0,0,0,0
192,85.00863965,0,152.1712942,1131.091157,1657.654813,0
352475,40.76944963,322.0329059,507.2376472,1108.007664,0,0
46234,163.9452336,0,0,0,0,0
379347,65.05763239,336.6707653,703.7922355,784.8387618,0,0
3231550,94.55042574,190.2921717,583.3232943,600.1708178,789.3594348,2096.854718
2975622,14.74639667,0,0,0,0,0
1307839,174.3544548,263.4814685,114.1284706,230.8349299,0,0
1238,248.0864382,0,63.4047059,323.1689019,0,0
2567941,529.1354101,292.7571872,164.8522353,300.0854089,0,0
208199,279.3141017,658.7036712,450.1734119,0,828.8274066,0
1655500,131.850135,0,95.10705885,0,0,0
2500547,186.4985462,292.7571872,190.2141177,0,670.9555196,0
754423,204.7146832,146.3785936,355.066353,392.4193809,592.0195761,0
114524,392.9480996,453.7736401,133.1498824,253.9184229,0,748.876685
2904242,0,424.4979214,247.278353,346.2523949,0,3394.907639
47466,476.2218691,190.2921717,107.788,0,0,0
196,254.1584839,453.7736401,95.10705885,0,0,0
235986,406.8270612,0,0,530.9203389,0,0
373,215.1239044,0,310.6830589,646.3378038,0,0
1492737,353.0460851,380.5843433,291.6616471,507.8368459,513.0836326,0
365349,186.4985462,863.6337022,475.5352942,415.5028739,828.8274066,549.1762356
197482,105.827082,439.1357808,158.5117647,346.2523949,0,649.0264603
549,263.7002699,614.7900931,272.6402354,923.3397198,0,0
2831149,0,1112.477311,1325.158353,0,5722.855902,0
3027472,89.34581515,322.0329059,177.5331765,2908.520117,0,0
79880,410.2968016,380.5843433,196.5545883,0,631.4875479,0
157687,366.0576116,322.0329059,120.4689412,0,0,0
1537215,143.1267913,0,63.4047059,0,0,0
3052091,25.15561786,556.2386557,285.3211765,0,0,0
2545455,149.1988369,658.7036712,317.0235295,484.7533529,868.2953783,0
60550,105.827082,761.1686867,545.2804707,1431.176566,0,0
1915309,726.9106125,0,0,0,0,0
33028,130.1152648,702.6172493,209.2355295,484.7533529,1144.57118,948.5771343
1492771,32.09509864,1668.715967,735.4945884,0,0,0
979,375.5993977,0,145.8308236,0,0,0
209247,83.27376946,790.4444054,456.5138825,530.9203389,1341.911039,1647.528707
3369658,17.34870197,483.0493589,2174.781412,0,0,0
2027857,169.1498442,395.2222027,348.7258824,438.5863669,592.0195761,698.9515726
2961995,0,0,0,0,0,0
2782665,44.23919002,248.8436091,323.3640001,438.5863669,473.6156609,0
58343,213.3890342,439.1357808,443.8329413,1800.512454,0,0
1896175,159.6080581,0,0,0,0,0
1074311,138.7896158,0,145.8308236,3324.022991,0,0
2724135,230.7377362,204.930031,164.8522353,0,0,0
2778370,98.02016613,1610.16453,798.8992943,0,2407.546276,0
308354,141.3919211,380.5843433,202.8950589,530.9203389,394.6797174,0
2049305,219.4610799,0,133.1498824,554.0038319,0,998.5022466
2779362,143.1267913,2634.814685,1065.199059,0,0,0
33011,18.21613707,161.016453,0,507.8368459,710.4234913,0
2907623,104.0922118,468.4114995,336.0449413,1408.093073,434.1476892,748.876685
117187,323.5532917,0,0,0,0,0
2918453,293.1930633,570.876515,412.1305883,369.3358879,1065.635237,798.8017973
2315449,303.6022845,161.016453,69.74517649,0,0,0
947919,78.06915887,204.930031,272.6402354,1315.759101,0,0
28110,117.1037383,0,0,0,552.5516044,1897.154269
1542,490.9682658,0,0,0,0,0
2893884,127.5129595,746.5308273,393.1091766,738.6717758,1223.507124,0
161358,58.9855867,0,88.76658826,369.3358879,0,0
2209,405.9596261,0,0,0,0,0
1604,198.6426376,395.2222027,164.8522353,807.9222548,0,0
3415140,758.1382761,0,0,0,0,0
413889,192.5705919,0,0,0,0,0
106648,65.05763239,0,0,0,0,0
1639133,196.0403323,0,240.9378824,0,0,0
256,145.7290965,614.7900931,317.0235295,0,947.2313218,0
2816357,240.2795223,0,0,0,0,0
754397,145.7290965,0,247.278353,0,0,0
67352,98.02016613,0,234.5974118,1685.094989,0,0
223967,45.97406022,468.4114995,583.3232943,692.5047898,0,0
45285,227.2679958,0,0,346.2523949,0,0
2493639,135.3198754,0,0,0,0,0
2725414,186.4985462,1083.201593,551.6209413,530.9203389,1105.103209,0
2856519,157.8731879,0,0,0,0,0
3101276,143.9942264,0,298.0021177,1084.924171,0,0
570161,347.8414745,204.930031,209.2355295,554.0038319,0,798.8017973
1584,371.2622222,219.5678904,139.490353,0,0,0
1550240,1236.095015,322.0329059,183.8736471,0,631.4875479,0
1890302,306.2045898,614.7900931,361.4068236,0,0,0
1911586,179.5590654,453.7736401,215.5760001,0,0,0
27291,254.1584839,0,0,0,0,0
1265445,255.025919,483.0493589,405.7901177,577.0873249,947.2313218,1048.427359
373672,556.0258981,0,0,0,0,0
260714,111.8991277,292.7571872,177.5331765,0,513.0836326,0
1493,264.567705,746.5308273,329.7044707,461.6698599,986.6992935,0
58346,143.1267913,0,228.2569412,0,1302.443067,0
155322,140.524486,234.2057498,120.4689412,715.5882828,0,0
1734106,325.2881619,673.3415305,304.3425883,277.0019159,670.9555196,0
1287690,486.6310903,0,234.5974118,0,0,0
1379,262.8328348,380.5843433,380.4282354,0,631.4875479,0
1967498,29.49279335,0,399.4496472,1223.425129,0,0
1357545,353.9135202,0,171.1927059,0,0,0
3070677,213.3890342,702.6172493,317.0235295,0,631.4875479,1048.427359
323732,434.5849844,248.8436091,126.8094118,277.0019159,0,0
2913506,316.613811,0,0,0,0,0
2893885,349.5763447,161.016453,114.1284706,0,0,0
218144,73.73198337,453.7736401,272.6402354,1754.345468,552.5516044,1048.427359
685565,85.87607475,0,456.5138825,0,0,0
3349875,227.2679958,292.7571872,608.6851766,0,0,0
46126,238.5446521,0,120.4689412,0,0,0
1871086,36.43227414,380.5843433,215.5760001,1385.00958,0,0
2004710,98.02016613,0,0,0,0,0
446679,216.8587746,0,469.1948236,415.5028739,0,0
2576902,253.2910488,365.946484,481.8757648,0,670.9555196,0
2594004,255.8933541,614.7900931,304.3425883,415.5028739,710.4234913,798.8017973
2706014,58.1181516,0,0,0,0,0
174633,176.089325,0,120.4689412,0,0,0
1622118,152.6685773,0,0,0,0,0
2654325,221.1959501,322.0329059,215.5760001,0,0,0
2736252,227.2679958,219.5678904,190.2141177,253.9184229,631.4875479,1048.427359
2212991,329.6253374,0,0,0,0,0
2546359,183.0288058,0,450.1734119,0,0,0
1397,1040.922118,0,0,0,0,0
2596890,336.5648182,365.946484,164.8522353,369.3358879,710.4234913,0
2917832,336.5648182,0,1306.136941,369.3358879,0,0
1178,167.414974,556.2386557,526.2590589,646.3378038,1223.507124,0
29378,205.5821183,190.2921717,190.2141177,0,0,0
2822846,40.76944963,0,0,854.0892408,0,1947.079381
119219,85.87607475,1053.925874,469.1948236,1015.673692,0,0
2903611,28.62535825,0,0,0,0,0
241425,107.5619522,0,798.8992943,0,0,1547.678482
1850246,270.6397507,248.8436091,221.9164706,0,0,0
45655,166.5475389,0,101.4475294,346.2523949,0,0
1977864,34.69740394,161.016453,69.74517649,277.0019159,0,0
84023,137.9221807,0,0,0,0,0
2487065,292.3256282,204.930031,183.8736471,0,552.5516044,0
5660,274.1094911,0,126.8094118,0,0,0
1234841,299.265109,0,0,0,0,0
2115968,394.6829698,0,0,0,0,0
3158171,26.89048805,0,1883.119765,0,0,0
1917830,143.9942264,468.4114995,215.5760001,877.1727338,0,1298.052921
2594042,353.9135202,585.5143744,164.8522353,230.8349299,552.5516044,649.0264603
1170699,248.0864382,878.2715616,634.047059,554.0038319,1065.635237,549.1762356
2855841,81.53889926,775.8065461,494.556706,0,1618.186841,0
981384,131.850135,0,735.4945884,1015.673692,0,0
39491,327.0230321,717.2551086,367.7472942,0,1065.635237,0
2900152,85.00863965,0,95.10705885,0,0,0
1366,179.5590654,409.8600621,298.0021177,253.9184229,552.5516044,0
437897,281.916407,0,0,0,0,0
1488,227.2679958,322.0329059,139.490353,0,710.4234913,1397.903145
2864206,115.3688681,1697.991686,583.3232943,461.6698599,2368.078304,898.652022
158849,216.8587746,263.4814685,228.2569412,0,1105.103209,0
588726,185.6311111,644.0658118,393.1091766,346.2523949,631.4875479,0
2584122,274.1094911,453.7736401,469.1948236,0,710.4234913,0
2816908,180.4265005,483.0493589,164.8522353,0,0,0
51663,76.33428867,0,0,0,0,0
636,99.75503633,292.7571872,196.5545883,669.4212968,631.4875479,0
3074094,0,0,0,0,0,0
1850252,103.2247767,512.3250776,691.1112943,415.5028739,749.8914631,948.5771343
1836467,287.9884527,248.8436091,209.2355295,0,513.0836326,0
5865,268.9048805,0,0,0,0,0
1168034,158.740623,424.4979214,190.2141177,530.9203389,749.8914631,549.1762356
2962858,157.0057528,0,0,0,0,0
2499688,213.3890342,0,0,0,0,0
39488,208.1844236,526.9629369,101.4475294,0,0,0
1336804,168.2824091,175.6543123,272.6402354,692.5047898,0,0
584609,311.4092004,497.6872182,526.2590589,0,0,0
2898187,150.9337071,278.1193278,190.2141177,0,434.1476892,0
2748320,333.0950778,0,164.8522353,300.0854089,0,698.9515726
467094,41.63688473,0,412.1305883,1200.341636,0,0
42858,623.6858358,278.1193278,202.8950589,0,0,0
2183896,202.9798131,0,158.5117647,0,0,0
250,176.089325,0,0,0,0,0
28035,158.740623,307.3950465,82.42611767,0,0,0
2267275,132.7175701,204.930031,95.10705885,0,0,0
616991,96.28529593,0,177.5331765,0,0,0
76775,155.2708826,175.6543123,0,438.5863669,552.5516044,0
603050,307.93946,292.7571872,120.4689412,346.2523949,0,0
247523,124.0432191,687.9793899,431.1520001,438.5863669,1618.186841,848.7269096
2682810,788.4985045,0,0,0,0,0
34105,165.6801038,278.1193278,82.42611767,0,0,0
3395320,331.3602076,278.1193278,304.3425883,0,947.2313218,0
1637975,184.763676,409.8600621,171.1927059,0,434.1476892,0
29494,268.0374454,0,0,0,0,0
24,63.32276219,0,0,0,0,0
3127472,393.8155347,1010.012296,405.7901177,0,789.3594348,998.5022466
28188,202.9798131,278.1193278,101.4475294,392.4193809,0,0
208479,236.8097819,0,0,0,0,0
999,202.112378,234.2057498,215.5760001,0,670.9555196,0
3064703,225.5331256,1258.855905,653.0684707,600.1708178,1065.635237,1497.75337
28454,268.0374454,424.4979214,551.6209413,0,868.2953783,0
2829569,46.84149532,0,0,0,0,0
2478552,332.2276427,541.6007963,336.0449413,277.0019159,631.4875479,0
246787,543.8818068,497.6872182,323.3640001,0,828.8274066,0
29380,192.5705919,687.9793899,285.3211765,0,828.8274066,0
2812896,90.21325024,161.016453,374.0877648,0,0,0
206,271.5071858,336.6707653,145.8308236,230.8349299,552.5516044,998.5022466
2506420,634.095057,0,0,0,0,0
821,496.1728763,0,0,0,0,0
86664,256.7607892,0,114.1284706,0,0,0
3342247,164.8126687,0,126.8094118,0,631.4875479,1298.052921
1504,364.3227414,204.930031,152.1712942,0,0,0
118163,134.4524403,0,469.1948236,0,0,0
1411316,285.3861474,0,202.8950589,600.1708178,0,0
2986823,196.0403323,731.892968,475.5352942,530.9203389,1144.57118,1397.903145
146819,69.39480788,0,0,0,0,0
138563,98.02016613,351.3086246,164.8522353,0,552.5516044,0
179879,49.44380061,0,0,0,1736.590757,0
3233381,0,2210.316763,1008.134824,1154.17465,0,1198.202696
1855823,358.2506957,0,0,277.0019159,0,649.0264603
2911172,430.2478089,292.7571872,126.8094118,0,0,0
663364,182.1613707,161.016453,88.76658826,0,0,0
1928857,148.3314018,0,145.8308236,0,0,0
2746231,35.56483904,0,0,0,0,0
126385,182.1613707,204.930031,152.1712942,415.5028739,0,1497.75337
57863,220.328515,0,0,0,0,0
83564,58.1181516,0,88.76658826,900.2562268,0,0
252967,238.5446521,263.4814685,196.5545883,0,434.1476892,0
3088895,163.0777985,570.876515,253.6188236,230.8349299,592.0195761,0
2731219,261.0979647,658.7036712,298.0021177,0,592.0195761,0
1359,227.2679958,380.5843433,164.8522353,854.0892408,0,0
199441,301.8674143,790.4444054,310.6830589,0,868.2953783,0
2767188,144.8616615,278.1193278,158.5117647,461.6698599,0,0
2738844,259.3630945,0,285.3211765,0,0,0
54291,199.5100727,0,0,0,0,0
29466,62.45532709,248.8436091,107.788,0,394.6797174,0
2879938,269.7723156,395.2222027,266.2997648,900.2562268,0,0
2921381,296.6628037,0,0,0,0,0
154046,236.8097819,497.6872182,367.7472942,253.9184229,749.8914631,698.9515726
315405,222.0633852,0,0,0,0,0
1124,366.9250467,0,469.1948236,0,0,0
2745560,73.73198337,307.3950465,323.3640001,946.4232128,986.6992935,0
55529,61.58789199,0,95.10705885,0,0,5242.136795
3349876,280.1815368,0,234.5974118,0,0,1947.079381
540747,78.06915887,0,507.2376472,1408.093073,0,0
1677857,130.1152648,0,0,0,0,0
2341117,477.0893042,1273.493764,545.2804707,0,1381.379011,0
342113,263.7002699,0,0,0,0,0
859143,225.5331256,951.4608584,278.9807059,507.8368459,1262.975096,1048.427359
2775246,339.1671235,0,171.1927059,0,0,0
1906,211.654164,0,0,0,0,0
2017483,34.69740394,497.6872182,304.3425883,530.9203389,789.3594348,549.1762356
143232,305.3371547,0,69.74517649,0,0,0
486398,119.7060436,380.5843433,190.2141177,0,0,0
1348613,168.2824091,307.3950465,139.490353,0,513.0836326,0
1063,52.04610591,336.6707653,317.0235295,807.9222548,868.2953783,1847.229156
2764720,76.33428867,248.8436091,177.5331765,0,710.4234913,0
558152,82.40633436,307.3950465,152.1712942,0,0,0
118323,114.501433,0,627.7065884,831.0057478,0,0
2058137,252.4236137,600.1522337,450.1734119,0,868.2953783,0
79329,135.3198754,424.4979214,228.2569412,0,513.0836326,0
561879,226.4005607,380.5843433,215.5760001,831.0057478,0,1248.127808
2102,437.1872896,0,133.1498824,0,0,0
347,102.3573416,263.4814685,152.1712942,0,0,0
2763022,121.4409138,395.2222027,183.8736471,0,710.4234913,0
2070463,201.2449429,0,0,0,0,0
5208,328.7579023,717.2551086,450.1734119,323.1689019,1539.250898,0
460519,219.4610799,453.7736401,221.9164706,277.0019159,749.8914631,0
1813611,569.0374246,878.2715616,494.556706,0,2210.206417,0
259,255.025919,0,0,0,0,0
2249356,117.9711734,0,152.1712942,507.8368459,749.8914631,1597.603595
291645,87.61094495,380.5843433,183.8736471,484.7533529,0,898.652022
2994319,215.9913395,0,152.1712942,0,0,0
2931930,67.65993768,0,944.7301179,0,0,848.7269096
549687,213.3890342,161.016453,88.76658826,0,0,0
831,341.7694288,292.7571872,133.1498824,461.6698599,394.6797174,0
109328,192.5705919,263.4814685,95.10705885,0,0,798.8017973
1241978,122.3083489,0,0,0,0,0
450,93.68299064,0,0,0,0,0
2300,85.00863965,263.4814685,152.1712942,831.0057478,0,0
1532552,236.8097819,292.7571872,126.8094118,484.7533529,0,1148.277584
221822,41.63688473,0,640.3875296,577.0873249,0,0
1397264,431.115244,409.8600621,247.278353,253.9184229,907.76335,798.8017973
2853439,135.3198754,322.0329059,228.2569412,0,0,0
871694,304.4697196,0,0,0,0,0
298657,178.6916303,0,177.5331765,415.5028739,0,0
147645,51.17867081,0,405.7901177,807.9222548,0,0
29348,752.0662304,336.6707653,126.8094118,0,0,499.2511233
2751,753.8011006,307.3950465,126.8094118,0,828.8274066,0
1547283,1263.852939,365.946484,120.4689412,0,0,0
2793010,133.5850052,0,672.0898825,831.0057478,0,0
2906077,268.0374454,219.5678904,177.5331765,0,710.4234913,0
2570561,171.7521495,0,240.9378824,0,0,0
1481914,45.10662512,190.2921717,367.7472942,1592.761017,0,0
28133,129.2478297,1229.580186,576.9828237,0,1460.314954,698.9515726
174,118.8386085,409.8600621,158.5117647,530.9203389,0,0
116090,117.1037383,526.9629369,215.5760001,438.5863669,947.2313218,0
985043,325.2881619,0,266.2997648,0,0,0
2925782,231.6051713,336.6707653,107.788,0,0,1098.352471
184755,111.8991277,0,0,0,0,0
2010992,213.3890342,0,101.4475294,277.0019159,0,0
1556,156.1383177,0,0,0,0,0
67304,0,717.2551086,488.2162354,807.9222548,947.2313218,0
820,172.6195846,0,152.1712942,0,0,0
155894,137.0547456,0,488.2162354,600.1708178,0,0
3344876,214.2564693,365.946484,228.2569412,277.0019159,513.0836326,0
3118084,0,0,0,1915.929919,0,1347.978033
151895,576.8443405,234.2057498,190.2141177,0,0,0
418240,108.4293873,614.7900931,304.3425883,1038.757185,828.8274066,0
498019,261.0979647,351.3086246,190.2141177,0,749.8914631,0
2881428,0,0,253.6188236,831.0057478,0,0
1859096,396.41784,658.7036712,228.2569412,0,434.1476892,0
239935,104.0922118,351.3086246,285.3211765,0,0,0
291644,250.6887435,0,139.490353,738.6717758,0,0
148814,170.0172793,365.946484,171.1927059,253.9184229,0,0
2912824,452.8011214,424.4979214,291.6616471,0,0,649.0264603
2830782,97.15273103,834.3579835,272.6402354,623.2543108,1184.039152,0
46224,85.00863965,204.930031,101.4475294,0,0,0
317936,171.7521495,175.6543123,748.1755296,554.0038319,0,0
1177574,203.8472481,468.4114995,266.2997648,1269.592115,947.2313218,1198.202696
2861765,146.5965316,292.7571872,234.5974118,0,670.9555196,0
2576903,130.9826999,0,412.1305883,0,0,0
669359,77.20172377,219.5678904,253.6188236,415.5028739,0,698.9515726
208226,156.1383177,146.3785936,88.76658826,253.9184229,0,0
202956,283.6512772,0,152.1712942,0,0,0
3374599,67.65993768,365.946484,215.5760001,461.6698599,473.6156609,0
417367,287.1210176,0,101.4475294,0,434.1476892,0
3342246,85.00863965,204.930031,278.9807059,300.0854089,670.9555196,798.8017973
2904246,262.8328348,0,95.10705885,0,0,599.101348
1424294,207.3169885,0,63.4047059,0,0,0
536441,263.7002699,556.2386557,374.0877648,0,868.2953783,0
69966,119.7060436,658.7036712,291.6616471,530.9203389,1105.103209,0
1834189,88.47838005,570.876515,298.0021177,346.2523949,592.0195761,798.8017973
247480,57.2507165,702.6172493,412.1305883,600.1708178,1184.039152,1397.903145
1306519,88.47838005,556.2386557,272.6402354,0,592.0195761,848.7269096
1596,497.9077465,0,317.0235295,0,0,0
69,78.93659396,512.3250776,456.5138825,1385.00958,0,1248.127808
2821559,45.97406022,0,0,0,0,0
1462527,117.1037383,219.5678904,183.8736471,300.0854089,0,0
37919,189.9682866,234.2057498,228.2569412,854.0892408,0,0
1398,194.3054621,1273.493764,551.6209413,0,1499.782926,0
1278232,166.5475389,761.1686867,380.4282354,323.1689019,749.8914631,0
1524260,429.3803738,0,437.4924707,0,0,1697.453819
2187,107.5619522,0,0,0,0,0
1315211,202.112378,175.6543123,183.8736471,0,0,0
155615,158.740623,1244.218046,653.0684707,0,2525.950191,0
580165,157.0057528,541.6007963,437.4924707,415.5028739,1105.103209,0
683124,274.9769262,483.0493589,196.5545883,0,0,898.652022
45656,197.7752025,0,76.08564708,300.0854089,0,0
2879939,177.8241952,0,0,0,0,0
3095367,333.9625129,307.3950465,133.1498824,230.8349299,0,0
2546366,198.6426376,0,183.8736471,300.0854089,0,0
1209493,34.69740394,0,615.0256472,0,0,0
3070996,301.8674143,526.9629369,240.9378824,646.3378038,789.3594348,1397.903145
3034021,11.27665628,0,0,0,0,0
2681265,177.8241952,0,0,0,0,0
1245,187.3659813,278.1193278,139.490353,0,0,0
106590,125.7780893,0,0,900.2562268,0,0
3047875,227.2679958,204.930031,107.788,0,0,0
930972,48.57636552,761.1686867,234.5974118,0,473.6156609,0
3087234,39.90201453,541.6007963,304.3425883,3162.43854,1223.507124,0
2049879,104.0922118,234.2057498,76.08564708,0,0,0
1879050,188.2334164,409.8600621,196.5545883,0,0,0
2782641,65.92506749,0,158.5117647,0,0,0
28251,194.3054621,278.1193278,240.9378824,415.5028739,0,998.5022466
76594,377.3342679,0,164.8522353,323.1689019,0,0
3047343,303.6022845,0,0,0,0,0
783,0,0,0,0,0,0
380021,58.1181516,0,228.2569412,807.9222548,0,0
3040204,102.3573416,0,259.9592942,277.0019159,0,649.0264603
2483110,73.73198337,204.930031,152.1712942,277.0019159,434.1476892,0
3081750,161.3429283,0,0,0,0,0
3440143,216.8587746,0,399.4496472,0,0,0
106592,83.27376946,0,133.1498824,669.4212968,0,0
1736674,262.8328348,234.2057498,215.5760001,0,0,1397.903145
57706,423.3083281,0,0,0,0,0
1813871,128.3803946,0,69.74517649,0,0,0
135569,109.2968224,424.4979214,247.278353,0,749.8914631,0
2835869,146.5965316,1039.288015,475.5352942,0,1539.250898,998.5022466
1178778,128.3803946,278.1193278,393.1091766,0,0,0
2745563,220.328515,0,0,0,0,0
195248,0,570.876515,887.6658826,784.8387618,1341.911039,898.652022
3231911,91.94812044,497.6872182,298.0021177,323.1689019,631.4875479,748.876685
2764325,116.2363032,570.876515,348.7258824,623.2543108,1223.507124,0
221402,124.0432191,878.2715616,323.3640001,323.1689019,1144.57118,0
2663022,192.5705919,292.7571872,82.42611767,0,710.4234913,0
50719,254.1584839,1010.012296,469.1948236,0,0,0
858423,63.32276219,0,101.4475294,0,0,0
3116594,50.31123571,526.9629369,317.0235295,0,0,0
754409,165.6801038,175.6543123,361.4068236,253.9184229,473.6156609,599.101348
1170562,164.8126687,0,596.0042354,253.9184229,0,1347.978033
1286698,358.2506957,322.0329059,145.8308236,0,513.0836326,0
2904247,102.3573416,0,183.8736471,0,0,0
511,329.6253374,292.7571872,317.0235295,0,0,0
129985,301.8674143,204.930031,126.8094118,0,0,0
2744027,139.6570509,161.016453,88.76658826,0,0,798.8017973
195,214.2564693,644.0658118,247.278353,1200.341636,0,0
53345,186.4985462,570.876515,190.2141177,346.2523949,473.6156609,0
1790137,164.8126687,0,145.8308236,0,0,0
2772483,197.7752025,307.3950465,171.1927059,0,552.5516044,0
1740721,105.827082,0,0,0,0,0
3028070,171.7521495,204.930031,145.8308236,346.2523949,0,0
56448,41.63688473,468.4114995,259.9592942,1962.096905,0,0
1216932,229.002866,570.876515,278.9807059,507.8368459,986.6992935,649.0264603
2986829,138.7896158,380.5843433,158.5117647,0,592.0195761,0
332101,134.4524403,424.4979214,202.8950589,0,592.0195761,948.5771343
2979469,45.97406022,0,0,0,0,0
638,201.2449429,175.6543123,0,0,0,0
1482,252.4236137,0,0,0,0,0
119532,137.0547456,0,526.2590589,346.2523949,0,0
33970,141.3919211,161.016453,145.8308236,0,0,0
3243060,65.05763239,673.3415305,424.8115295,1131.091157,1539.250898,0
3059076,153.5360124,512.3250776,240.9378824,230.8349299,473.6156609,0
2490635,0,0,0,0,0,0
121719,45.97406022,336.6707653,355.066353,0,1105.103209,0
488447,112.7665628,0,202.8950589,0,0,0
1979401,27.75792315,0,659.4089413,646.3378038,0,0
2689569,137.9221807,0,0,0,0,0
43662,248.0864382,0,0,0,0,0
3463858,0,0,0,0,0,0
60961,108.4293873,234.2057498,69.74517649,277.0019159,0,0
82633,183.8962409,0,234.5974118,1338.842594,0,0
1620816,434.5849844,0,488.2162354,0,0,1298.052921
3108175,423.3083281,0,139.490353,0,0,0
2713573,216.8587746,409.8600621,247.278353,0,552.5516044,0
85404,143.1267913,146.3785936,63.4047059,0,0,0
81947,181.2939356,746.5308273,507.2376472,1177.258143,1262.975096,0
2488810,215.1239044,600.1522337,253.6188236,392.4193809,749.8914631,0
1969,95.41786084,0,183.8736471,0,0,0
2502784,232.4726064,0,126.8094118,0,0,0
5062,356.5158255,0,0,0,0,0
60552,0,0,0,0,0,0
985,83.27376946,219.5678904,190.2141177,0,394.6797174,0
169760,29.49279335,0,0,0,0,0
2683272,1249.106542,0,107.788,346.2523949,0,0
189381,245.4841329,0,63.4047059,0,0,0
759811,238.5446521,0,0,0,0,0
3387402,149.1988369,0,0,0,0,0
96345,282.7838421,0,82.42611767,0,0,0
433286,150.066272,322.0329059,215.5760001,0,592.0195761,0
2892440,49.44380061,409.8600621,247.278353,600.1708178,1026.167265,998.5022466
334542,0,951.4608584,1033.496706,1985.180397,1341.911039,0
2093779,130.1152648,0,158.5117647,0,0,0
666686,141.3919211,336.6707653,240.9378824,0,868.2953783,0
71452,159.6080581,0,0,0,0,0
2587853,19.08357217,0,691.1112943,923.3397198,0,0
1476025,144.8616615,395.2222027,272.6402354,831.0057478,710.4234913,0
43305,180.4265005,0,0,0,0,0
336810,194.3054621,219.5678904,133.1498824,392.4193809,0,0
1869241,85.00863965,0,361.4068236,0,0,0
3236815,47.70893042,1068.563733,355.066353,0,1776.058728,1148.277584
2818493,205.5821183,556.2386557,481.8757648,0,473.6156609,0
2829187,96.28529593,526.9629369,259.9592942,0,868.2953783,0
1651941,182.1613707,0,88.76658826,0,0,649.0264603
363852,223.7982554,204.930031,145.8308236,415.5028739,0,0
1268659,451.9336863,439.1357808,158.5117647,415.5028739,394.6797174,0
2038776,164.8126687,175.6543123,145.8308236,415.5028739,434.1476892,599.101348
2802991,934.2276011,922.1851396,475.5352942,484.7533529,789.3594348,698.9515726
984207,151.8011422,0,259.9592942,0,0,0
430522,126.6455244,204.930031,171.1927059,0,394.6797174,0
33034,55.5158463,585.5143744,374.0877648,0,1065.635237,998.5022466
373891,364.3227414,234.2057498,152.1712942,0,0,0
44008,274.1094911,0,0,715.5882828,0,0
28199,193.438027,175.6543123,114.1284706,0,749.8914631,0
3458683,136.1873105,687.9793899,500.8971766,0,828.8274066,698.9515726
519450,137.9221807,0,0,0,0,0
2926907,307.0720249,0,107.788,0,0,499.2511233
577489,100.6224714,0,234.5974118,0,0,0
3137852,160.4754932,219.5678904,367.7472942,0,513.0836326,0
1402135,32.96253374,0,532.5995295,923.3397198,0,0
3298610,251.5561786,248.8436091,139.490353,0,0,0
82541,0,0,158.5117647,1361.926087,0,0
3070999,84.14120456,190.2921717,101.4475294,0,0,798.8017973
1736,150.9337071,380.5843433,114.1284706,277.0019159,0,0
649756,272.3746209,0,0,438.5863669,0,0
222819,31.22766355,702.6172493,589.6637648,507.8368459,0,499.2511233
2913495,660.11811,0,0,0,0,0
2424,56.3832814,570.876515,266.2997648,0,2091.802502,0
582475,145.7290965,629.4279525,317.0235295,0,513.0836326,1098.352471
292,103.2247767,0,152.1712942,784.8387618,0,0
2726954,232.4726064,0,69.74517649,323.1689019,0,0
28087,208.1844236,278.1193278,183.8736471,277.0019159,0,0
3034146,117.1037383,556.2386557,323.3640001,0,1105.103209,0
1871076,227.2679958,146.3785936,114.1284706,0,0,0
29552,110.1642575,0,0,0,0,0
60890,55.5158463,0,469.1948236,646.3378038,0,0
1936080,135.3198754,365.946484,431.1520001,346.2523949,631.4875479,898.652022
853,202.112378,497.6872182,259.9592942,0,0,0
2714927,203.8472481,0,0,0,0,0
2597771,71.99711318,0,443.8329413,0,0,0
2024843,153.5360124,0,126.8094118,784.8387618,0,0
1592897,104.9596469,526.9629369,259.9592942,0,552.5516044,0
187304,38.16714433,0,437.4924707,0,0,0
2487063,250.6887435,0,107.788,0,0,0
2951137,47.70893042,1917.559576,1008.134824,0,2131.270474,0
272131,174.3544548,0,462.8543531,0,0,0
3049772,34.69740394,146.3785936,0,392.4193809,0,0
52764,76.33428867,746.5308273,240.9378824,530.9203389,868.2953783,2346.48028
202747,198.6426376,0,0,0,0,0
2875539,112.7665628,1141.75303,621.3661178,0,1184.039152,1098.352471
754417,104.9596469,322.0329059,405.7901177,438.5863669,0,1198.202696
301,11.27665628,0,475.5352942,0,0,0
5207,171.7521495,0,0,0,0,0
29430,1944.789491,0,0,0,0,0
212667,126.6455244,0,114.1284706,600.1708178,0,0
246,162.2103634,395.2222027,139.490353,0,0,0
1191459,172.6195846,717.2551086,450.1734119,992.5901987,1144.57118,0
2605747,156.1383177,0,101.4475294,0,0,0
2904245,167.414974,219.5678904,202.8950589,253.9184229,552.5516044,0
1061,159.6080581,146.3785936,317.0235295,461.6698599,0,0
343,20.81844236,1434.510217,925.7087061,0,1854.994672,0
1416779,179.5590654,395.2222027,228.2569412,230.8349299,592.0195761,0
3051121,51.17867081,234.2057498,266.2997648,277.0019159,670.9555196,0
2151,292.3256282,161.016453,152.1712942,600.1708178,0,0
553239,102.3573416,556.2386557,576.9828237,1223.425129,828.8274066,0
2546356,393.8155347,0,399.4496472,277.0019159,0,0
158822,282.7838421,0,190.2141177,300.0854089,0,0
264023,329.6253374,146.3785936,126.8094118,0,0,0
2705473,302.7348494,0,196.5545883,0,0,0
2148,94.55042574,644.0658118,342.3854118,0,1262.975096,0
2723089,68.52737278,483.0493589,228.2569412,277.0019159,552.5516044,1098.352471
3393449,81.53889926,322.0329059,190.2141177,0,947.2313218,0
2929510,186.4985462,0,209.2355295,0,0,0
263,208.1844236,0,0,0,0,0
1308,86.74350985,0,0,1177.258143,0,0
1705566,311.4092004,380.5843433,228.2569412,0,947.2313218,0
2867020,31.22766355,0,608.6851766,1038.757185,0,0
2921503,238.5446521,0,82.42611767,0,0,0
2841925,134.4524403,0,0,0,0,0
2320140,113.6339979,0,0,0,0,1597.603595
1965231,193.438027,0,0,0,0,0
40545,27.75792315,0,0,0,0,0
29497,198.6426376,0,196.5545883,530.9203389,0,0
983544,145.7290965,0,126.8094118,0,0,0
327575,182.1613707,0,0,0,0,0
39496,250.6887435,0,0,0,0,0
2742683,92.81555554,278.1193278,107.788,0,434.1476892,0
72026,194.3054621,263.4814685,209.2355295,323.1689019,473.6156609,0
2930131,129.2478297,307.3950465,310.6830589,0,670.9555196,0
3350403,149.1988369,453.7736401,215.5760001,323.1689019,710.4234913,649.0264603
200991,220.328515,0,0,0,0,0
421767,224.6656905,0,0,0,0,0
76832,211.654164,0,0,0,0,0
80816,49.44380061,161.016453,190.2141177,992.5901987,0,1647.528707
1648923,348.7089096,0,0,0,0,0
483913,85.00863965,570.876515,285.3211765,0,749.8914631,848.7269096
2740405,73.73198337,204.930031,0,0,0,0
28189,56.3832814,424.4979214,190.2141177,0,513.0836326,698.9515726
2862460,226.4005607,0,0,0,0,0
2954771,52.91354101,0,0,0,0,0
208962,419.8385877,468.4114995,240.9378824,507.8368459,552.5516044,0
95486,163.0777985,0,0,0,0,0
34087,0,775.8065461,0,0,1184.039152,0
28112,84.14120456,1200.304467,500.8971766,0,1026.167265,549.1762356
1580590,160.4754932,0,107.788,0,0,0
76259,89.34581515,0,133.1498824,346.2523949,0,0
2703787,210.7867289,0,76.08564708,369.3358879,0,0
2093780,372.1296573,0,735.4945884,0,0,0
2497879,115.3688681,219.5678904,171.1927059,323.1689019,434.1476892,0
2929800,142.2593562,0,0,0,0,0
2487072,241.1469574,292.7571872,329.7044707,530.9203389,0,0
3418555,28.62535825,0,120.4689412,0,513.0836326,0
2949996,114.501433,0,0,0,552.5516044,0
1970093,159.6080581,673.3415305,304.3425883,323.1689019,947.2313218,898.652022
1390,315.7463759,0,0,0,0,0
1854492,189.1008515,600.1522337,355.066353,0,513.0836326,0
2879427,45.10662512,0,0,0,0,0
2108365,91.08068534,0,76.08564708,0,0,0
264686,130.1152648,409.8600621,462.8543531,392.4193809,907.76335,0
1970738,118.8386085,0,0,0,0,0
2571030,82.40633436,0,101.4475294,0,0,0
563172,277.5792315,483.0493589,285.3211765,392.4193809,592.0195761,599.101348
3075618,143.9942264,0,82.42611767,0,0,0
1263550,88.47838005,0,76.08564708,0,0,4643.035447
180282,128.3803946,0,0,0,0,0
861,306.2045898,175.6543123,0,831.0057478,0,898.652022
571,1116.388972,702.6172493,291.6616471,807.9222548,868.2953783,0
2292766,84.14120456,0,95.10705885,415.5028739,0,0
573570,116.2363032,161.016453,0,0,434.1476892,0
111781,34.69740394,0,710.132706,484.7533529,0,898.652022
1247712,229.002866,0,0,0,0,0
2050967,158.740623,526.9629369,228.2569412,669.4212968,592.0195761,0
28213,4979.077465,0,0,0,0,0
512649,79.80402906,0,0,0,0,0
5866,216.8587746,0,88.76658826,0,0,0
29324,949.8414329,0,0,0,0,0
687,84.14120456,424.4979214,190.2141177,346.2523949,749.8914631,0
2665914,307.0720249,0,63.4047059,0,0,0
641107,291.4581931,248.8436091,126.8094118,0,0,0
1571,324.4207268,526.9629369,278.9807059,0,670.9555196,0
1785996,1207.469657,0,0,0,0,0
2672567,213.3890342,146.3785936,120.4689412,0,0,0
2715131,123.175784,0,88.76658826,0,0,0
2686363,179.5590654,204.930031,234.5974118,300.0854089,0,0
574376,206.4495534,0,0,0,0,0
3080015,25.15561786,0,0,0,0,0
2024849,32.09509864,0,76.08564708,0,0,0
421058,111.8991277,248.8436091,158.5117647,461.6698599,0,848.7269096
371142,182.1613707,0,95.10705885,0,0,1897.154269
1473112,140.524486,0,0,0,0,0
3439050,81.53889926,0,278.9807059,0,0,0
2590012,354.7809553,0,0,0,0,0
2864040,163.9452336,0,0,0,0,0
215813,85.87607475,0,424.8115295,646.3378038,0,0
2976818,141.3919211,1039.288015,500.8971766,0,1341.911039,0
3060758,150.066272,0,0,0,0,549.1762356
1498,517.8587538,234.2057498,221.9164706,0,0,0
1413,51.17867081,409.8600621,272.6402354,0,789.3594348,0
2686304,58.1181516,322.0329059,145.8308236,0,0,0
1826872,190.8357217,278.1193278,177.5331765,392.4193809,592.0195761,0
1310165,45.10662512,380.5843433,431.1520001,969.5067058,670.9555196,898.652022
708186,66.79250258,278.1193278,107.788,0,0,0
745310,68.52737278,0,259.9592942,0,0,0
1859122,168.2824091,0,0,0,0,0
1803846,326.155597,161.016453,177.5331765,0,0,0
3463334,82.40633436,0,1312.477412,300.0854089,0,0
2975697,88.47838005,0,0,0,0,0
28095,66.79250258,0,152.1712942,392.4193809,0,0
2775080,38.16714433,0,0,277.0019159,0,0
29341,378.2017029,0,0,0,0,549.1762356
2758563,98.88760123,365.946484,202.8950589,0,592.0195761,0
195250,18.21613707,263.4814685,951.0705885,0,592.0195761,1148.277584
80866,132.7175701,0,0,0,0,0
2952571,249.8213084,336.6707653,298.0021177,0,0,0
260364,34.69740394,0,0,0,0,0
413402,1145.881765,439.1357808,234.5974118,415.5028739,552.5516044,0
2714924,0,453.7736401,361.4068236,1569.677524,1262.975096,0
2906078,889.120976,0,0,0,0,0
279058,98.02016613,526.9629369,323.3640001,577.0873249,947.2313218,748.876685
279322,143.1267913,0,107.788,0,0,0
92644,52.04610591,0,0,0,0,0
3149230,142.2593562,0,0,0,0,0
2095,188.2334164,644.0658118,196.5545883,507.8368459,473.6156609,0
3230970,127.5129595,161.016453,228.2569412,0,0,698.9515726
72361,141.3919211,790.4444054,462.8543531,507.8368459,1223.507124,599.101348
2908842,164.8126687,0,196.5545883,0,434.1476892,0
2782006,158.740623,0,158.5117647,0,0,0
927083,91.08068534,0,209.2355295,807.9222548,0,0
2164067,35.56483904,0,139.490353,0,552.5516044,0
1176649,48.57636552,0,0,0,0,0
2986835,101.4899065,512.3250776,285.3211765,554.0038319,789.3594348,0
238,317.4812461,526.9629369,215.5760001,0,670.9555196,0
83656,75.46685357,1756.543123,450.1734119,831.0057478,552.5516044,0
2906456,122.3083489,0,0,0,0,0
2937442,177.8241952,0,164.8522353,0,0,0
326329,200.3775078,263.4814685,494.556706,507.8368459,710.4234913,0
1850254,175.2218899,0,0,0,0,0
2059726,62.45532709,0,0,0,0,0
398053,59.8530218,204.930031,152.1712942,277.0019159,0,998.5022466
54299,142.2593562,0,443.8329413,0,0,0
158899,33.82996884,351.3086246,183.8736471,346.2523949,0,0
1816218,195.1728972,248.8436091,183.8736471,0,513.0836326,0
2508722,0,585.5143744,355.066353,1131.091157,789.3594348,1248.127808
1617283,258.4956594,0,0,0,0,0
80842,16.48126687,395.2222027,355.066353,577.0873249,828.8274066,948.5771343
217159,136.1873105,365.946484,209.2355295,715.5882828,394.6797174,0
1805431,67.65993768,0,133.1498824,0,0,0
1965332,309.6743302,0,995.4538826,0,0,0
2325,124.9106542,629.4279525,450.1734119,0,868.2953783,0
86668,157.0057528,175.6543123,139.490353,0,0,0
3447504,142.2593562,292.7571872,348.7258824,623.2543108,0,0
2572090,39.03457943,234.2057498,278.9807059,0,0,0
1336,197.7752025,219.5678904,107.788,0,552.5516044,0
73913,224.6656905,0,0,0,0,0
328515,199.5100727,0,120.4689412,0,0,0
2022740,0,0,164.8522353,415.5028739,592.0195761,0
33923,257.6282243,248.8436091,126.8094118,230.8349299,434.1476892,0
2823693,12.14409138,175.6543123,69.74517649,346.2523949,0,0
3135641,43.37175493,0,0,0,0,0
89152,365.1901765,175.6543123,145.8308236,0,0,0
709883,24.28818276,0,0,923.3397198,0,0
2918526,366.9250467,322.0329059,171.1927059,300.0854089,473.6156609,0
1278212,129.2478297,424.4979214,278.9807059,0,1302.443067,0
3457544,80.67146416,0,526.2590589,230.8349299,0,0
2899121,110.1642575,146.3785936,221.9164706,461.6698599,0,499.2511233
2679963,126.6455244,0,0,0,0,0
161398,189.1008515,0,152.1712942,438.5863669,0,0
1848904,156.1383177,0,139.490353,0,0,798.8017973
446683,97.15273103,453.7736401,240.9378824,0,670.9555196,0
2614441,71.12967808,702.6172493,437.4924707,854.0892408,0,0
1660079,115.3688681,0,95.10705885,0,592.0195761,0
3426221,265.4351401,0,0,0,0,0
1723361,208.1844236,0,158.5117647,0,0,0
137584,104.9596469,0,88.76658826,0,0,0
29498,98.88760123,0,126.8094118,669.4212968,0,0
282676,53.78097611,0,0,0,0,0
3028318,181.2939356,0,139.490353,0,0,0
2698686,283.6512772,570.876515,145.8308236,0,0,0
3070678,201.2449429,0,0,0,0,0
1434103,67.65993768,0,0,0,0,0
544433,74.59941847,439.1357808,190.2141177,0,552.5516044,549.1762356
3158229,71.12967808,0,0,346.2523949,0,0
232259,108.4293873,161.016453,247.278353,392.4193809,0,0
1050638,43.37175493,248.8436091,336.0449413,415.5028739,947.2313218,0
2766984,612.4091795,439.1357808,240.9378824,0,473.6156609,0
2932268,98.88760123,0,196.5545883,323.1689019,0,748.876685
2651167,497.0403114,263.4814685,145.8308236,0,0,0
36746,41.63688473,0,0,0,0,0
28072,143.9942264,190.2921717,317.0235295,0,0,0
2906798,83.27376946,204.930031,1648.522353,0,0,0
82996,100.6224714,0,0,0,0,0
3070997,171.7521495,0,0,0,0,0
575378,203.8472481,204.930031,183.8736471,0,434.1476892,0
2744227,124.0432191,0,0,0,0,0
3080013,41.63688473,409.8600621,209.2355295,0,473.6156609,798.8017973
2975793,27.75792315,0,0,0,0,0
45634,62.45532709,292.7571872,317.0235295,0,0,0
1686,91.08068534,0,82.42611767,0,0,0
2835648,0,2342.057498,557.9614119,0,0,0
33031,66.79250258,0,101.4475294,0,0,0
2058175,139.6570509,278.1193278,133.1498824,392.4193809,552.5516044,948.5771343
2527978,386.8760539,570.876515,278.9807059,346.2523949,710.4234913,0
633807,33.82996884,1478.423795,526.2590589,646.3378038,1341.911039,0
3230981,62.45532709,0,0,0,0,0
2976768,81.53889926,380.5843433,291.6616471,346.2523949,868.2953783,0
930805,14.74639667,161.016453,355.066353,1246.508622,0,0
280473,235.9423468,0,88.76658826,0,0,0
170679,157.0057528,0,126.8094118,0,0,0
1849015,154.4034475,234.2057498,0,0,0,0
2750025,47.70893042,0,0,0,0,0
2529032,143.9942264,263.4814685,380.4282354,0,947.2313218,0
2022749,180.4265005,219.5678904,139.490353,0,0,0
2775420,20.81844236,0,0,0,0,0
357794,136.1873105,146.3785936,114.1284706,0,0,0
2859768,237.677217,0,126.8094118,0,0,0
110321,65.92506749,922.1851396,405.7901177,1015.673692,1420.846983,0
56458,111.8991277,0,0,0,0,0
2708301,8.674350985,0,183.8736471,900.2562268,0,0
381046,215.1239044,190.2921717,139.490353,230.8349299,513.0836326,0
2751178,232.4726064,336.6707653,190.2141177,0,0,0
3009078,55.5158463,351.3086246,177.5331765,0,0,0
1193713,138.7896158,204.930031,190.2141177,0,0,0
1717717,142.2593562,263.4814685,266.2997648,0,670.9555196,0
2785025,169.1498442,483.0493589,278.9807059,0,473.6156609,0
2764326,191.7031568,278.1193278,177.5331765,0,592.0195761,798.8017973
2903657,0,0,0,4501.281134,0,0
165435,205.5821183,322.0329059,202.8950589,0,631.4875479,0
676,111.0316926,0,0,0,0,0
2914041,177.8241952,190.2921717,418.4710589,0,0,0
762954,116.2363032,395.2222027,228.2569412,415.5028739,670.9555196,0
2583851,137.9221807,190.2921717,171.1927059,0,0,0
63186,107.5619522,190.2921717,152.1712942,0,907.76335,1098.352471
168935,19.08357217,0,355.066353,0,0,0
1660076,209.9192938,600.1522337,177.5331765,0,0,0
1080068,19.08357217,0,1933.84353,0,0,0
1494,88.47838005,175.6543123,177.5331765,0,0,599.101348
505249,117.1037383,0,0,0,0,0
2686365,271.5071858,0,221.9164706,0,0,0
2047,0,439.1357808,0,0,0,0
29484,324.4207268,0,0,0,0,0
2665645,211.654164,0,0,0,0,0
387093,398.1527102,483.0493589,228.2569412,761.7552688,592.0195761,998.5022466
36809,13.01152648,0,95.10705885,0,0,0
97084,198.6426376,409.8600621,202.8950589,300.0854089,0,0
2884875,36.43227414,0,0,0,0,0
712362,117.9711734,0,0,0,0,0
1254,87.61094495,439.1357808,164.8522353,0,0,0
40091,114.501433,234.2057498,120.4689412,0,0,0
28229,98.02016613,629.4279525,317.0235295,0,1460.314954,0
2528018,121.4409138,0,202.8950589,600.1708178,0,0
624315,52.91354101,0,0,0,0,0
1610,102.3573416,0,0,0,0,0
2895980,99.75503633,0,63.4047059,0,0,0
1515,219.4610799,190.2921717,139.490353,0,0,0
3137860,174.3544548,336.6707653,500.8971766,0,0,0
2756,145.7290965,190.2921717,88.76658826,346.2523949,0,499.2511233
1775173,89.34581515,570.876515,462.8543531,507.8368459,1539.250898,0
2835531,0,0,0,0,0,0
1936,216.8587746,0,0,0,0,0
1923,341.7694288,0,0,0,0,0
1155388,102.3573416,0,0,0,0,0
3388429,115.3688681,0,0,0,0,0
2779445,287.1210176,175.6543123,120.4689412,0,0,0
436114,76.33428867,585.5143744,234.5974118,277.0019159,828.8274066,798.8017973
3040348,83.27376946,307.3950465,202.8950589,623.2543108,0,0
3453416,171.7521495,0,0,0,0,748.876685
99598,111.8991277,0,405.7901177,623.2543108,0,0
3074124,251.5561786,307.3950465,152.1712942,0,0,0
576610,185.6311111,0,82.42611767,0,0,0
147802,101.4899065,0,0,0,0,0
2821514,19.08357217,0,114.1284706,438.5863669,710.4234913,0
2303529,150.9337071,0,1521.712942,0,0,0
995,120.5734787,0,215.5760001,0,0,0
2731755,169.1498442,922.1851396,583.3232943,0,1065.635237,698.9515726
2893886,82.40633436,0,0,0,0,0
191495,24.28818276,0,101.4475294,0,0,0
1913577,348.7089096,146.3785936,158.5117647,0,0,0
1032072,138.7896158,263.4814685,209.2355295,0,0,0
40137,33.82996884,0,171.1927059,369.3358879,0,0
657419,28.62535825,307.3950465,183.8736471,392.4193809,670.9555196,0
3100173,26.02305296,0,139.490353,554.0038319,0,0
2759528,138.7896158,453.7736401,253.6188236,392.4193809,1065.635237,0
1179672,136.1873105,234.2057498,177.5331765,323.1689019,670.9555196,0
3240913,85.00863965,0,0,0,0,0
260554,141.3919211,0,0,0,0,0
35795,50.31123571,0,0,0,0,0
3109366,210.7867289,0,0,0,0,0
2267699,131.850135,0,0,0,0,0
47770,177.8241952,307.3950465,177.5331765,0,0,0
29394,124.9106542,790.4444054,304.3425883,0,670.9555196,748.876685
2714947,168.2824091,219.5678904,171.1927059,0,0,0
1255,387.743489,0,88.76658826,0,0,0
57029,181.2939356,175.6543123,196.5545883,0,0,0
29329,95.41786084,0,0,0,0,0
477680,157.8731879,512.3250776,342.3854118,0,592.0195761,649.0264603
43263,43.37175493,0,0,854.0892408,0,0
361101,127.5129595,351.3086246,209.2355295,623.2543108,0,0
1519,143.9942264,0,133.1498824,0,394.6797174,0
101571,87.61094495,0,133.1498824,623.2543108,0,0
3058402,93.68299064,0,0,0,0,0
3047871,86.74350985,0,82.42611767,323.1689019,0,0
218284,250.6887435,0,0,0,0,0
2136147,139.6570509,1039.288015,469.1948236,392.4193809,1065.635237,0
3160830,157.0057528,0,0,0,0,0
761,18.21613707,0,0,0,0,0
1653434,89.34581515,204.930031,69.74517649,0,0,0
1737571,219.4610799,161.016453,88.76658826,0,0,0
128785,65.92506749,0,259.9592942,1177.258143,0,0
2937786,99.75503633,190.2921717,171.1927059,484.7533529,0,0
2527995,32.09509864,526.9629369,278.9807059,692.5047898,789.3594348,0
33945,221.1959501,0,0,0,0,0
33169,314.8789408,0,234.5974118,0,0,0
712357,1203.132482,0,0,0,0,0
1164,76.33428867,0,298.0021177,0,0,1397.903145
3100987,90.21325024,190.2921717,69.74517649,0,0,0
1467,151.8011422,248.8436091,152.1712942,0,0,0
484770,164.8126687,424.4979214,209.2355295,0,552.5516044,0
2602769,725.1757424,0,0,0,0,748.876685
43080,252.4236137,0,133.1498824,0,0,0
548579,68.52737278,0,0,0,0,0
728,232.4726064,0,266.2997648,0,0,0
2895796,13.01152648,322.0329059,215.5760001,715.5882828,1026.167265,1248.127808
1548,91.94812044,248.8436091,190.2141177,0,552.5516044,0
2855394,134.4524403,248.8436091,177.5331765,323.1689019,0,0
2714926,151.8011422,0,0,0,0,0
487559,0,0,0,0,0,0
2358187,91.94812044,702.6172493,393.1091766,577.0873249,0,0
1847728,97.15273103,204.930031,139.490353,0,0,0
40542,26.89048805,0,0,507.8368459,0,0
561061,98.02016613,204.930031,88.76658826,0,0,0
3031802,114.501433,292.7571872,361.4068236,0,828.8274066,0
58049,40.76944963,0,120.4689412,461.6698599,0,0
2774694,171.7521495,0,139.490353,0,0,0
1646498,95.41786084,175.6543123,76.08564708,0,0,0
68886,299.265109,146.3785936,114.1284706,0,0,0
665099,260.2305296,0,0,0,0,0
2086471,91.08068534,336.6707653,152.1712942,0,434.1476892,0
1982626,205.5821183,0,0,0,0,0
1855875,215.9913395,0,0,0,0,0
2249476,95.41786084,0,0,0,0,0
2895947,159.6080581,234.2057498,202.8950589,0,0,0
2903809,0,0,0,0,0,0
2905121,481.4264797,0,171.1927059,277.0019159,0,0
1324352,186.4985462,0,171.1927059,346.2523949,0,698.9515726
1247,104.0922118,0,0,0,0,0
2608253,160.4754932,0,76.08564708,0,0,998.5022466
1535204,177.8241952,0,0,0,0,0
218490,433.7175493,0,0,0,0,0
674529,196.0403323,0,0,0,0,0
288965,188.2334164,0,0,0,0,0
3434999,95.41786084,0,0,0,0,0
2874213,46.84149532,0,481.8757648,623.2543108,0,948.5771343
1566379,64.19019729,0,0,0,0,0
156213,56.3832814,190.2921717,526.2590589,392.4193809,0,848.7269096
2010828,122.3083489,248.8436091,171.1927059,438.5863669,434.1476892,549.1762356
849,113.6339979,219.5678904,82.42611767,253.9184229,0,0
1812935,167.414974,248.8436091,272.6402354,0,749.8914631,0
1006576,83.27376946,322.0329059,88.76658826,0,0,0
38875,227.2679958,0,0,0,0,0
702745,386.0086188,0,0,0,0,0
320787,145.7290965,234.2057498,196.5545883,346.2523949,0,549.1762356
5679,217.7262097,0,0,323.1689019,0,0
2813578,45.97406022,0,120.4689412,484.7533529,0,0
39956,42.50431983,0,0,392.4193809,0,0
3070683,82.40633436,380.5843433,171.1927059,0,1065.635237,0
28090,284.5187123,0,164.8522353,0,0,0
2130,99.75503633,263.4814685,0,0,0,0
326544,166.5475389,0,76.08564708,0,0,0
251747,51.17867081,0,0,0,0,0
722472,109.2968224,0,0,346.2523949,0,0
371036,164.8126687,0,82.42611767,346.2523949,0,599.101348
1804986,150.9337071,190.2921717,196.5545883,0,0,0
142650,162.2103634,0,0,0,0,0
213,209.0518587,0,0,0,0,0
1334,272.3746209,0,0,0,0,0
263475,372.1296573,190.2921717,114.1284706,0,0,0
1252,20.81844236,526.9629369,298.0021177,323.1689019,631.4875479,0
2293317,192.5705919,263.4814685,164.8522353,0,434.1476892,599.101348
2528024,22.55331256,0,88.76658826,0,0,0
2547394,264.567705,0,215.5760001,0,0,0
3048005,170.0172793,644.0658118,399.4496472,0,907.76335,0
2920939,150.066272,0,0,0,0,0
291208,230.7377362,0,0,0,0,0
2774656,87.61094495,1024.650155,488.2162354,300.0854089,1341.911039,599.101348
66219,63.32276219,0,0,0,0,0
2731220,56.3832814,614.7900931,259.9592942,438.5863669,986.6992935,748.876685
700220,30.36022845,892.9094209,336.0449413,0,749.8914631,0
578924,75.46685357,0,114.1284706,369.3358879,0,0
1609531,219.4610799,0,0,0,0,0
726,54.64841121,219.5678904,209.2355295,0,828.8274066,0
381,130.9826999,0,0,0,0,0
2977321,102.3573416,336.6707653,221.9164706,0,0,0
2745197,205.5821183,146.3785936,120.4689412,0,0,0
36835,96.28529593,0,0,0,0,0
2974039,35.56483904,0,779.8778825,0,0,0
859,143.9942264,0,0,0,473.6156609,0
1452732,28.62535825,0,0,0,0,0
2760713,170.0172793,0,0,0,0,0
2886352,85.87607475,190.2921717,849.623059,346.2523949,0,0
2268026,130.1152648,0,139.490353,0,0,0
3112573,56.3832814,0,0,0,0,0
2528593,33.82996884,307.3950465,171.1927059,253.9184229,513.0836326,0
84378,67.65993768,936.822999,564.3018825,0,1302.443067,0
1018,49.44380061,439.1357808,412.1305883,0,986.6992935,0
1501662,186.4985462,453.7736401,196.5545883,0,631.4875479,0
1936081,71.12967808,0,88.76658826,0,0,0
3230488,15.61383177,468.4114995,196.5545883,923.3397198,670.9555196,0
86304,124.9106542,248.8436091,183.8736471,0,473.6156609,0
28223,76.33428867,0,0,277.0019159,0,0
200415,205.5821183,146.3785936,0,0,0,499.2511233
1353260,137.9221807,0,88.76658826,0,0,0
3019969,139.6570509,351.3086246,177.5331765,346.2523949,631.4875479,1347.978033
1173032,149.1988369,0,317.0235295,0,0,0
689904,202.9798131,0,0,0,0,0
2735723,357.3832606,0,0,0,0,0
496057,130.9826999,0,69.74517649,0,0,0
1486245,83.27376946,219.5678904,120.4689412,0,0,0
3374196,30.36022845,673.3415305,228.2569412,0,0,998.5022466
171284,135.3198754,0,69.74517649,0,0,0
248906,210.7867289,204.930031,158.5117647,230.8349299,0,0
324079,143.1267913,512.3250776,164.8522353,0,513.0836326,1148.277584
2925845,44.23919002,0,0,0,0,0
394958,244.6166978,234.2057498,0,0,0,0
3243376,0,0,2669.338118,0,0,0
170861,77.20172377,0,0,0,0,0
2954511,19.95100727,0,0,0,0,0
162,150.066272,805.0822648,329.7044707,0,1223.507124,0
3060302,108.4293873,234.2057498,101.4475294,369.3358879,0,898.652022
2219224,54.64841121,322.0329059,228.2569412,715.5882828,592.0195761,0
68569,22.55331256,365.946484,171.1927059,0,0,0
1752063,552.5561577,0,748.1755296,0,0,0
45658,103.2247767,483.0493589,240.9378824,277.0019159,0,0
2984951,95.41786084,0,76.08564708,0,0,0
2795974,39.03457943,0,228.2569412,600.1708178,0,0
75985,158.740623,0,0,0,0,0
837,163.0777985,0,0,0,0,0
158327,85.87607475,0,145.8308236,0,0,0
2026186,369.527352,0,0,0,0,0
2502779,36.43227414,395.2222027,209.2355295,0,473.6156609,0
312279,175.2218899,322.0329059,234.5974118,0,631.4875479,0
1217282,146.5965316,0,0,0,0,0
305,635.8299272,204.930031,126.8094118,438.5863669,0,0
3037479,44.23919002,0,1141.284706,0,0,0
1481672,77.20172377,0,716.4731766,0,0,0
1249,144.8616615,278.1193278,209.2355295,438.5863669,0,0
2892442,105.827082,0,0,0,0,0
1871111,162.2103634,336.6707653,215.5760001,0,0,0
691,217.7262097,0,310.6830589,0,0,0
2885764,38.16714433,0,0,0,0,0
3234137,60.7204569,0,196.5545883,0,0,0
3382641,96.28529593,0,0,0,0,0
2813371,2000.305337,0,0,0,0,0
2293862,36.43227414,0,513.5781178,415.5028739,0,0
2070537,110.1642575,0,0,0,0,0
135577,209.9192938,0,139.490353,0,0,0
3038772,306.2045898,0,228.2569412,0,0,0
2724896,178.6916303,0,126.8094118,0,0,0
1892382,179.5590654,0,133.1498824,646.3378038,0,0
2493630,43.37175493,0,171.1927059,623.2543108,0,0
1396826,78.06915887,307.3950465,355.066353,807.9222548,0,0
2057808,151.8011422,336.6707653,190.2141177,0,0,0
1580,195.1728972,351.3086246,272.6402354,0,473.6156609,0
206042,105.827082,0,0,0,0,0
5059,415.5014122,0,538.9400001,0,0,0
2903876,37.29970924,0,0,0,0,0
2201271,260.2305296,0,0,0,0,0
39152,314.0115057,0,69.74517649,0,0,0
3239929,278.4466666,322.0329059,139.490353,438.5863669,0,0
1337936,102.3573416,0,545.2804707,300.0854089,0,0
2911539,11.27665628,541.6007963,298.0021177,831.0057478,986.6992935,649.0264603
3096220,30.36022845,0,0,0,0,3045.431852
3101350,37.29970924,204.930031,202.8950589,761.7552688,0,0
221066,126.6455244,0,538.9400001,0,0,599.101348
1055487,36.43227414,892.9094209,462.8543531,507.8368459,828.8274066,599.101348
137591,59.8530218,322.0329059,190.2141177,346.2523949,552.5516044,0
29507,70.26224298,0,266.2997648,0,0,0
28080,157.8731879,336.6707653,95.10705885,0,513.0836326,0
1497,235.0749117,0,0,0,0,0
1755241,65.92506749,0,69.74517649,0,1776.058728,0
3065157,183.8962409,0,0,0,0,0
1005962,923.8183799,0,0,0,0,0
2856523,112.7665628,0,0,0,0,0
2497456,123.175784,190.2921717,88.76658826,0,0,0
111844,77.20172377,439.1357808,164.8522353,461.6698599,0,0
3133334,33.82996884,0,0,0,0,0
554880,163.0777985,0,0,0,0,0
2929803,112.7665628,351.3086246,336.0449413,392.4193809,0,0
76761,173.4870197,0,0,0,0,0
1312072,397.2852751,0,278.9807059,0,0,0
3126507,372.1296573,526.9629369,145.8308236,0,1302.443067,0
3045158,199.5100727,0,69.74517649,0,0,0
80850,62.45532709,0,0,0,0,0
2486578,170.0172793,395.2222027,209.2355295,0,552.5516044,0
2878915,31.22766355,292.7571872,196.5545883,392.4193809,0,2146.77983
167642,66.79250258,0,0,0,0,0
2792977,108.4293873,0,0,1038.757185,0,1897.154269
2602015,54.64841121,0,114.1284706,530.9203389,0,948.5771343
29575,92.81555554,497.6872182,228.2569412,0,868.2953783,0
401619,190.8357217,336.6707653,177.5331765,392.4193809,592.0195761,0
435897,78.06915887,0,152.1712942,554.0038319,0,0
1751286,168.2824091,175.6543123,462.8543531,0,0,0
1983719,219.4610799,204.930031,164.8522353,0,0,0
454,209.0518587,248.8436091,152.1712942,0,0,1148.277584
182710,126.6455244,0,0,0,0,599.101348
208224,109.2968224,0,0,0,0,0
221027,172.6195846,0,0,0,0,0
384636,155.2708826,0,107.788,0,0,0
2593672,115.3688681,204.930031,76.08564708,0,0,0
204042,86.74350985,0,139.490353,0,0,0
312277,63.32276219,0,95.10705885,0,0,0
2305508,130.1152648,0,164.8522353,0,0,0
2169540,106.6945171,219.5678904,221.9164706,438.5863669,0,0
2831780,25.15561786,278.1193278,139.490353,0,0,0
216934,192.5705919,190.2921717,120.4689412,253.9184229,0,0
3420668,91.08068534,175.6543123,158.5117647,0,0,0
703,183.0288058,278.1193278,190.2141177,323.1689019,0,0
1031542,46.84149532,0,0,0,0,0
2038411,92.81555554,0,0,0,0,649.0264603
1499683,175.2218899,0,0,0,0,0
386487,42.50431983,556.2386557,367.7472942,507.8368459,828.8274066,0
3036126,187.3659813,0,76.08564708,0,0,0
2487064,68.52737278,0,107.788,0,0,0
3238630,0,0,0,0,0,0
3109030,67.65993768,292.7571872,126.8094118,0,0,0
1933929,190.8357217,351.3086246,881.325412,461.6698599,0,0
2672570,87.61094495,322.0329059,228.2569412,507.8368459,513.0836326,0
1935204,382.5388784,0,0,0,0,0
2107,65.92506749,468.4114995,190.2141177,0,907.76335,0
29581,58.9855867,248.8436091,164.8522353,0,0,0
47478,72.86454827,248.8436091,171.1927059,646.3378038,0,0
180957,165.6801038,0,285.3211765,0,0,0
1608473,26.02305296,453.7736401,253.6188236,1061.840678,1262.975096,0
2907205,102.3573416,0,0,0,0,0
538381,0,0,133.1498824,877.1727338,0,0
150055,102.3573416,0,247.278353,0,0,0
1616788,78.06915887,0,0,0,0,0
3394321,558.6282034,0,0,0,0,0
2862509,125.7780893,322.0329059,202.8950589,323.1689019,0,0
1014,108.4293873,0,0,0,0,0
2267264,26.89048805,1946.835295,164.8522353,0,0,0
2975666,0,0,0,0,0,0
1302,111.0316926,175.6543123,76.08564708,0,0,0
2809031,47.70893042,0,0,0,0,0
1795355,60.7204569,0,88.76658826,0,0,0
2109558,124.9106542,497.6872182,323.3640001,300.0854089,592.0195761,0
2875540,112.7665628,248.8436091,183.8736471,0,0,599.101348
221345,0,0,0,554.0038319,0,0
1882682,0,0,107.788,1869.762933,0,0
2778065,38.16714433,0,0,0,0,0
3136677,804.1123363,219.5678904,158.5117647,0,0,0
1620392,41.63688473,424.4979214,114.1284706,346.2523949,0,0
42444,58.1181516,0,329.7044707,669.4212968,0,0
1617967,0,0,0,0,0,0
1623,189.1008515,0,0,0,0,0
137816,86.74350985,204.930031,443.8329413,0,0,0
3039392,78.93659396,0,88.76658826,0,473.6156609,0
3417654,137.9221807,219.5678904,88.76658826,0,0,0
476,338.2996884,0,0,0,0,0
2728022,54.64841121,0,145.8308236,0,0,0
343403,91.94812044,0,0,0,0,0
1117707,320.9509864,234.2057498,221.9164706,438.5863669,0,0
762210,0,307.3950465,82.42611767,369.3358879,0,0
2946865,54.64841121,439.1357808,228.2569412,530.9203389,789.3594348,599.101348
332158,39.90201453,0,0,0,0,0
2583805,52.91354101,336.6707653,234.5974118,0,0,0
59610,43.37175493,556.2386557,158.5117647,0,749.8914631,0
2605989,178.6916303,0,0,0,0,0
2045,50.31123571,0,317.0235295,577.0873249,0,0
1940789,107.5619522,248.8436091,209.2355295,0,0,0
2563664,72.86454827,1097.839452,570.6423531,0,0,0
1961,68.52737278,0,0,715.5882828,0,0
2746225,132.7175701,0,76.08564708,0,0,0
1402,86.74350985,717.2551086,0,0,0,0
873191,140.524486,717.2551086,386.768706,0,0,0
3132260,85.00863965,161.016453,0,0,0,0
3153519,191.7031568,0,240.9378824,323.1689019,0,0
1124835,58.1181516,439.1357808,228.2569412,461.6698599,868.2953783,0
2885633,27.75792315,322.0329059,386.768706,0,1026.167265,1048.427359
2482728,392.0806645,307.3950465,323.3640001,277.0019159,0,0
3423948,200.3775078,0,0,0,0,0
1784713,149.1988369,292.7571872,240.9378824,0,513.0836326,0
2681549,24.28818276,263.4814685,196.5545883,1385.00958,434.1476892,0
1702097,123.175784,0,0,0,0,0
3135773,147.4639667,483.0493589,272.6402354,507.8368459,0,0
47951,324.4207268,0,0,0,0,0
2202148,0,0,126.8094118,0,0,0
136073,95.41786084,0,196.5545883,0,0,0
320324,118.8386085,0,88.76658826,0,0,1098.352471
2322,74.59941847,0,0,0,0,0
1926,0,0,0,0,0,0
78331,33.82996884,0,0,0,0,0
37734,45.97406022,0,0,0,0,0
2708346,26.89048805,336.6707653,114.1284706,0,394.6797174,0
134537,172.6195846,219.5678904,145.8308236,0,0,0
363952,0,468.4114995,164.8522353,0,0,0
2970906,76.33428867,0,139.490353,877.1727338,0,0
3404064,163.0777985,0,0,0,0,0
1737490,216.8587746,0,76.08564708,0,0,0
375,95.41786084,0,171.1927059,0,0,0
1703338,0,453.7736401,317.0235295,0,1697.122785,0
142864,242.8818276,263.4814685,443.8329413,0,0,0
1190813,142.2593562,0,0,0,0,698.9515726
67824,83.27376946,248.8436091,209.2355295,646.3378038,631.4875479,0
1184,961.1180891,248.8436091,849.623059,0,0,0
1589,152.6685773,0,88.76658826,0,513.0836326,0
1442558,0,0,177.5331765,0,0,0
3298609,192.5705919,365.946484,215.5760001,0,434.1476892,0
3034016,32.09509864,380.5843433,215.5760001,738.6717758,828.8274066,848.7269096
1115758,138.7896158,570.876515,190.2141177,0,592.0195761,0
280147,35.56483904,1390.596639,443.8329413,0,0,0
1917485,26.02305296,0,399.4496472,1108.007664,0,0
2583814,98.88760123,0,120.4689412,0,0,0
2421,370.3947871,468.4114995,171.1927059,300.0854089,434.1476892,0
216946,453.6685565,0,0,0,0,0
538966,117.9711734,570.876515,177.5331765,346.2523949,0,0
3093870,137.9221807,0,336.0449413,0,0,0
656519,222.0633852,204.930031,183.8736471,230.8349299,0,0
143361,78.06915887,0,247.278353,0,631.4875479,0
2840469,85.00863965,0,95.10705885,0,0,0
92172,45.10662512,161.016453,69.74517649,230.8349299,0,0
554,127.5129595,0,0,0,0,0
3442644,99.75503633,0,475.5352942,0,0,0
2954672,216.8587746,0,0,0,0,0
3003262,73.73198337,336.6707653,247.278353,507.8368459,434.1476892,0
67581,85.87607475,0,101.4475294,784.8387618,0,0
3035696,54.64841121,0,944.7301179,369.3358879,0,0
2917790,71.12967808,0,69.74517649,0,0,0
3234142,152.6685773,453.7736401,323.3640001,0,710.4234913,0
882626,220.328515,190.2921717,76.08564708,230.8349299,0,0
1582439,52.91354101,0,0,0,0,0
3231488,155.2708826,248.8436091,190.2141177,300.0854089,394.6797174,0
158847,220.328515,0,0,0,0,0
2666025,243.7492627,526.9629369,215.5760001,253.9184229,513.0836326,0
54910,37.29970924,234.2057498,190.2141177,0,710.4234913,0
61645,131.850135,512.3250776,570.6423531,0,789.3594348,0
3350173,78.93659396,322.0329059,145.8308236,415.5028739,0,798.8017973
146017,107.5619522,0,0,0,0,0
29495,144.8616615,0,0,0,0,0
51365,107.5619522,0,0,0,0,0
1564138,185.6311111,0,63.4047059,0,0,0
2601894,16.48126687,0,247.278353,831.0057478,0,0
51101,39.03457943,0,0,0,0,0
2692425,57.2507165,585.5143744,317.0235295,0,789.3594348,599.101348
1309,163.9452336,146.3785936,69.74517649,0,473.6156609,0
1348114,55.5158463,439.1357808,234.5974118,0,513.0836326,0
1338,93.68299064,0,0,0,0,0
3450747,176.089325,0,0,0,0,0
61624,84.14120456,0,0,0,0,0
2840371,96.28529593,365.946484,202.8950589,0,0,748.876685
2781243,158.740623,0,126.8094118,0,0,0
2552945,59.8530218,0,88.76658826,1084.924171,0,0
38286,0,980.7365771,659.4089413,0,1697.122785,0
40543,140.524486,0,0,0,0,0
2024842,0,0,139.490353,507.8368459,0,0
5661,74.59941847,0,0,0,0,0
631,101.4899065,570.876515,272.6402354,669.4212968,828.8274066,0
156976,93.68299064,0,0,0,0,0
2839759,55.5158463,0,0,0,0,0
3415987,123.175784,0,133.1498824,0,0,0
1263979,39.03457943,336.6707653,101.4475294,0,473.6156609,0
2939494,79.80402906,0,0,0,0,0
3060017,171.7521495,248.8436091,183.8736471,323.1689019,0,0
2962693,172.6195846,0,0,0,0,0
1325095,12.14409138,0,0,0,0,0
271097,101.4899065,336.6707653,215.5760001,369.3358879,0,0
38027,152.6685773,0,63.4047059,0,0,0
2975872,0,0,0,0,0,0
29382,164.8126687,0,0,0,0,0
1324350,318.3486812,0,0,0,0,0
633,141.3919211,409.8600621,221.9164706,0,473.6156609,0
1202712,191.7031568,0,0,0,0,0
2774747,243.7492627,0,152.1712942,461.6698599,0,0
866807,184.763676,0,126.8094118,0,0,0
2915619,76.33428867,0,278.9807059,831.0057478,0,0
3143118,153.5360124,541.6007963,202.8950589,0,789.3594348,0
550542,95.41786084,0,0,0,0,0
1583,181.2939356,190.2921717,120.4689412,0,0,0
1883156,115.3688681,146.3785936,519.9185884,277.0019159,0,0
2528011,36.43227414,0,266.2997648,692.5047898,0,0
1462994,0,0,0,0,0,0
312539,58.9855867,0,0,0,0,0
2662364,111.8991277,292.7571872,126.8094118,0,394.6797174,0
266748,85.00863965,190.2921717,152.1712942,277.0019159,0,0
160453,971.5273103,790.4444054,380.4282354,0,631.4875479,0
2564040,113.6339979,0,0,0,0,0
1529,164.8126687,190.2921717,114.1284706,0,0,0
77022,76.33428867,0,63.4047059,0,0,1497.75337
2871165,68.52737278,0,114.1284706,0,0,0
643214,268.0374454,292.7571872,133.1498824,0,0,0
2742195,171.7521495,380.5843433,183.8736471,0,592.0195761,0
1920034,88.47838005,278.1193278,310.6830589,0,0,0
187145,172.6195846,0,0,0,0,0
40520,184.763676,263.4814685,145.8308236,0,0,0
292566,184.763676,0,469.1948236,0,0,0
2609667,42.50431983,0,494.556706,0,0,0
3137178,216.8587746,0,0,0,0,0
2963431,1378.354372,0,0,0,0,0
5663,131.850135,0,69.74517649,0,0,0
147322,45.10662512,0,0,0,0,2246.630055
65093,18.21613707,0,494.556706,0,0,1148.277584
106649,405.9596261,336.6707653,171.1927059,0,0,0
506591,65.92506749,161.016453,450.1734119,415.5028739,0,0
2587855,0,0,488.2162354,1038.757185,0,0
2507161,565.5676842,0,0,0,0,0
1905730,154.4034475,0,0,0,0,0
115808,32.09509864,0,82.42611767,0,0,0
2806205,88.47838005,0,0,0,0,0
591197,184.763676,161.016453,76.08564708,0,0,0
2686361,160.4754932,878.2715616,412.1305883,0,0,0
2703789,65.92506749,483.0493589,202.8950589,0,434.1476892,0
482564,184.763676,0,437.4924707,0,0,0
3003260,262.8328348,0,0,0,0,0
2740837,55.5158463,0,431.1520001,0,0,0
162156,142.2593562,0,0,0,0,0
40216,143.9942264,0,0,0,0,0
1600,91.94812044,0,0,0,0,0
3039153,19.95100727,0,0,0,0,0
2930219,86.74350985,0,0,323.1689019,0,0
2763023,327.8904672,0,0,0,0,0
3160967,442.3919002,351.3086246,177.5331765,0,0,0
519472,116.2363032,0,0,0,0,0
2843630,0,0,0,0,0,0
946333,25.15561786,0,95.10705885,577.0873249,0,0
3025190,170.0172793,439.1357808,399.4496472,507.8368459,789.3594348,0
718,92.81555554,0,0,0,0,0
1050646,21.68587746,0,209.2355295,0,0,0
1816219,72.86454827,307.3950465,183.8736471,646.3378038,0,0
3036714,54.64841121,380.5843433,177.5331765,0,0,0
1761453,58.9855867,0,139.490353,0,0,0
1912064,66.79250258,0,0,369.3358879,1223.507124,848.7269096
1353,161.3429283,0,0,0,0,0
487316,70.26224298,0,0,0,0,0
1513297,121.4409138,336.6707653,196.5545883,0,0,0
3447508,74.59941847,0,0,0,0,0
3040203,16.48126687,614.7900931,310.6830589,484.7533529,1499.782926,0
392416,213.3890342,307.3950465,120.4689412,0,0,0
1287055,248.9538733,0,0,0,0,0
270918,154.4034475,219.5678904,304.3425883,0,0,0
43,120.5734787,0,120.4689412,507.8368459,0,0
392734,58.9855867,0,69.74517649,0,0,0
2929799,159.6080581,248.8436091,190.2141177,0,0,0
1580596,23.42074766,175.6543123,450.1734119,0,0,0
2909339,69.39480788,0,0,0,0,0
171281,109.2968224,0,0,0,0,0
2896848,88.47838005,0,0,0,0,0
2602016,18.21613707,0,158.5117647,507.8368459,0,0
2986837,148.3314018,1024.650155,386.768706,0,986.6992935,0
1685010,97.15273103,219.5678904,114.1284706,0,0,848.7269096
3395267,91.94812044,0,323.3640001,0,0,0
2824673,66.79250258,0,95.10705885,0,0,0
689,86.74350985,0,317.0235295,0,0,0
528191,78.93659396,0,0,0,0,0
2954055,186.4985462,0,0,0,0,0
2779360,287.9884527,0,196.5545883,0,0,0
2706887,143.1267913,204.930031,164.8522353,0,0,0
336820,280.1815368,0,0,0,0,0
39960,612.4091795,0,0,0,0,0
331648,70.26224298,263.4814685,158.5117647,0,670.9555196,948.5771343
208223,91.08068534,219.5678904,76.08564708,0,0,0
2099788,65.05763239,190.2921717,0,0,0,0
755731,785.8961992,0,88.76658826,0,0,0
2547451,74.59941847,0,944.7301179,0,0,0
252514,11.27665628,0,0,0,0,0
3379707,139.6570509,0,0,0,0,0
3043332,129.2478297,219.5678904,101.4475294,0,0,0
984991,350.4437798,0,0,0,0,0
2714940,275.8443613,585.5143744,285.3211765,230.8349299,592.0195761,0
105841,117.1037383,585.5143744,253.6188236,715.5882828,986.6992935,0
1325112,24.28818276,219.5678904,228.2569412,0,592.0195761,0
2067992,1163.230467,0,133.1498824,669.4212968,0,0
1019,145.7290965,0,0,0,0,0
2769491,14.74639667,0,0,1292.675608,0,748.876685
1879049,26.02305296,0,0,0,0,0
2065378,42.50431983,0,88.76658826,0,0,0
179636,44.23919002,365.946484,0,0,0,0
1340,92.81555554,161.016453,139.490353,0,0,0
2745198,202.112378,409.8600621,291.6616471,0,868.2953783,0
122,63.32276219,204.930031,177.5331765,0,0,0
397260,15.61383177,278.1193278,240.9378824,0,0,0
1008307,127.5129595,0,95.10705885,230.8349299,0,0
2572594,93.68299064,0,139.490353,0,0,0
279359,98.02016613,0,63.4047059,0,0,0
478,764.2103218,0,0,0,0,0
3132284,71.12967808,0,82.42611767,0,0,0
151783,25.15561786,0,0,0,0,0
1756150,139.6570509,292.7571872,177.5331765,0,631.4875479,0
1884634,12.14409138,819.7201241,323.3640001,277.0019159,1223.507124,0
2652177,69.39480788,0,0,0,0,0
2898149,13.87896158,0,63.4047059,0,0,0
152480,184.763676,0,0,0,0,0
2605694,45.10662512,336.6707653,443.8329413,600.1708178,434.1476892,0
645,206.4495534,0,82.42611767,0,0,0
1292,152.6685773,248.8436091,120.4689412,0,0,0
2528010,168.2824091,0,183.8736471,646.3378038,0,0
1930275,12.14409138,483.0493589,399.4496472,369.3358879,1144.57118,0
3442641,144.8616615,278.1193278,247.278353,530.9203389,0,0
2865839,0,322.0329059,234.5974118,0,2052.334531,0
2011099,91.94812044,322.0329059,120.4689412,369.3358879,0,0
2857064,146.5965316,424.4979214,310.6830589,0,434.1476892,0
2799564,0,0,0,0,0,0
1715806,91.08068534,0,0,0,0,0
2286,189.9682866,0,114.1284706,230.8349299,0,0
293371,45.97406022,395.2222027,240.9378824,0,828.8274066,0
1176239,61.58789199,322.0329059,221.9164706,346.2523949,789.3594348,0
2751313,76.33428867,292.7571872,202.8950589,253.9184229,434.1476892,0
2493676,0,0,0,0,0,0
2992805,117.9711734,0,0,0,0,0
1776384,112.7665628,248.8436091,171.1927059,0,473.6156609,0
1844999,140.524486,0,0,0,0,0
2754694,138.7896158,0,0,0,0,0
3051176,134.4524403,0,0,0,0,0
2782654,71.12967808,0,0,0,0,0
1888915,100.6224714,0,291.6616471,0,0,0
3415670,178.6916303,175.6543123,133.1498824,323.1689019,0,0
168169,99.75503633,614.7900931,418.4710589,577.0873249,907.76335,0
2098,130.9826999,0,114.1284706,0,0,0
281120,41.63688473,0,272.6402354,0,0,1048.427359
3404051,76.33428867,409.8600621,278.9807059,346.2523949,670.9555196,0
387638,146.5965316,0,82.42611767,0,0,748.876685
3015168,85.00863965,0,0,0,0,0
198467,57.2507165,292.7571872,221.9164706,300.0854089,710.4234913,1347.978033
1542390,52.04610591,0,0,0,0,1248.127808
94,16.48126687,0,164.8522353,577.0873249,0,0
914153,32.96253374,644.0658118,285.3211765,0,670.9555196,0
69656,104.9596469,848.9958428,367.7472942,0,828.8274066,0
651,295.7953686,0,0,0,0,0
3238594,96.28529593,0,0,0,0,0
1940281,41.63688473,0,164.8522353,323.1689019,0,0
1914871,158.740623,0,735.4945884,0,0,0
3230999,35.56483904,204.930031,145.8308236,0,394.6797174,0
1824,68.52737278,0,95.10705885,600.1708178,0,0
94625,83.27376946,0,0,0,0,0
2420510,99.75503633,0,0,0,0,0
29347,813.6541224,204.930031,107.788,0,394.6797174,0
2004463,45.97406022,761.1686867,361.4068236,0,0,0
2872157,130.1152648,248.8436091,107.788,0,0,0
1401,40.76944963,248.8436091,126.8094118,0,434.1476892,0
308053,177.8241952,424.4979214,215.5760001,507.8368459,0,0
2803181,183.8962409,0,101.4475294,0,0,0
2599308,167.414974,395.2222027,240.9378824,0,434.1476892,0
2875962,67.65993768,322.0329059,221.9164706,0,0,0
75105,47.70893042,0,139.490353,1015.673692,0,0
214473,105.827082,219.5678904,183.8736471,0,0,0
3386644,158.740623,0,82.42611767,0,0,0
44012,26.02305296,0,69.74517649,1431.176566,0,0
1115757,0,0,919.3682355,0,0,0
2886046,19.95100727,336.6707653,659.4089413,0,0,0
51665,139.6570509,0,145.8308236,0,0,0
718192,73.73198337,0,0,0,0,0
2696063,188.2334164,0,0,0,0,0
87883,52.91354101,0,266.2997648,0,0,0
1619308,0,0,202.8950589,0,592.0195761,0
466153,81.53889926,497.6872182,310.6830589,461.6698599,1065.635237,0
1241982,115.3688681,263.4814685,126.8094118,0,0,0
2609844,56.3832814,0,0,0,0,0
2683967,110.1642575,0,0,0,0,0
2969821,1685.426396,0,0,0,0,0
88431,98.88760123,0,114.1284706,0,0,0
3350098,71.12967808,0,152.1712942,0,0,0
2184521,135.3198754,0,101.4475294,230.8349299,0,0
1581557,106.6945171,0,0,0,0,0
52133,84.14120456,834.3579835,247.278353,0,552.5516044,0
731,124.0432191,0,0,0,0,0
1442553,0,0,272.6402354,0,0,0
2954046,0,863.6337022,653.0684707,0,1697.122785,0
3445778,156.1383177,0,0,0,0,0
850,170.0172793,0,0,0,0,0
59600,327.0230321,248.8436091,253.6188236,554.0038319,0,0
49319,32.96253374,307.3950465,190.2141177,484.7533529,0,0
984,204.7146832,0,0,0,0,0
3073563,123.175784,0,107.788,0,0,0
29519,94.55042574,322.0329059,171.1927059,0,0,0
2100,86.74350985,0,0,0,0,0
1638,150.066272,146.3785936,82.42611767,0,0,0
351614,92.81555554,0,196.5545883,0,0,0
2936682,92.81555554,175.6543123,126.8094118,0,0,0
108981,181.2939356,0,0,0,0,0
2916755,345.2391692,395.2222027,171.1927059,0,592.0195761,0
563996,337.4322533,0,259.9592942,0,0,0
2781961,193.438027,351.3086246,221.9164706,0,749.8914631,0
1486034,289.7233229,380.5843433,317.0235295,0,473.6156609,0
2731377,72.86454827,219.5678904,139.490353,0,394.6797174,0
198,220.328515,0,95.10705885,0,0,0
1461582,36.43227414,0,0,0,0,0
83219,0,0,424.8115295,784.8387618,0,0
338192,78.93659396,0,0,392.4193809,0,0
709868,80.67146416,0,0,0,0,0
255247,182.1613707,0,0,0,0,698.9515726
578920,50.31123571,0,69.74517649,0,0,0
1960881,85.87607475,0,88.76658826,0,0,0
243629,63.32276219,0,0,0,0,0
2723088,79.80402906,263.4814685,285.3211765,600.1708178,0,0
2802641,76.33428867,365.946484,285.3211765,577.0873249,710.4234913,0
13690,70.26224298,0,374.0877648,0,0,0
2048654,117.9711734,190.2921717,0,0,0,0
60137,81.53889926,278.1193278,488.2162354,0,0,0
2775159,25.15561786,0,0,0,0,0
359370,58.1181516,0,0,0,0,0
1178825,83.27376946,234.2057498,190.2141177,392.4193809,0,0
1761016,97.15273103,0,183.8736471,0,749.8914631,0
3035452,3153.126583,0,0,0,0,0
1501269,0,0,0,0,0,0
1266052,47.70893042,307.3950465,228.2569412,0,434.1476892,698.9515726
221350,0,0,158.5117647,0,0,0
1111760,61.58789199,570.876515,304.3425883,438.5863669,552.5516044,0
2820661,101.4899065,0,63.4047059,0,0,0
2746230,101.4899065,0,76.08564708,0,0,0
53413,160.4754932,0,114.1284706,0,0,0
1176482,117.9711734,307.3950465,114.1284706,0,592.0195761,0
3039159,117.9711734,0,0,0,0,0
3035694,111.8991277,526.9629369,228.2569412,0,789.3594348,0
254955,334.829948,0,0,0,0,0
3237103,121.4409138,0,0,323.1689019,0,698.9515726
2715164,176.9567601,0,0,0,0,0
40576,52.91354101,819.7201241,367.7472942,0,0,0
659350,14.74639667,0,164.8522353,0,0,0
2745199,9.541786084,0,82.42611767,2654.601694,0,0
1534743,111.0316926,0,0,0,0,0
55206,0,439.1357808,177.5331765,461.6698599,749.8914631,0
2895286,308.8068951,629.4279525,234.5974118,0,592.0195761,0
54005,152.6685773,0,0,0,0,0
1914963,102.3573416,526.9629369,0,0,0,0
3418997,113.6339979,336.6707653,583.3232943,0,0,0
1166,69.39480788,0,0,0,0,0
960,137.9221807,0,0,0,0,499.2511233
3039158,80.67146416,0,0,253.9184229,0,0
574710,73.73198337,0,317.0235295,0,0,0
3140251,150.9337071,0,76.08564708,0,0,0
3026967,79.80402906,0,0,0,0,0
76258,173.4870197,292.7571872,120.4689412,577.0873249,513.0836326,0
382,79.80402906,0,240.9378824,0,0,0
2903866,45.97406022,0,0,0,0,0
2806552,85.87607475,0,0,0,0,0
46124,79.80402906,0,0,0,0,0
1538644,359.9855659,0,0,0,0,0
201828,107.5619522,351.3086246,152.1712942,0,473.6156609,0
3374194,162.2103634,0,0,0,0,0
313598,250.6887435,0,304.3425883,0,0,0
3133282,61.58789199,600.1522337,380.4282354,0,749.8914631,0
2979115,81.53889926,204.930031,114.1284706,0,473.6156609,0
1514074,32.96253374,0,0,0,0,0
56426,12.14409138,644.0658118,329.7044707,577.0873249,749.8914631,0
2844358,174.3544548,146.3785936,82.42611767,0,0,0
3375704,214.2564693,0,0,0,907.76335,0
220684,74.59941847,322.0329059,228.2569412,461.6698599,0,0
1566358,200.3775078,0,0,0,0,0
674,88.47838005,0,82.42611767,0,0,0
2303332,150.066272,1375.95878,0,0,0,0
1679721,54.64841121,0,107.788,0,0,0
48074,51.17867081,0,0,0,0,0
497724,14.74639667,483.0493589,171.1927059,0,1302.443067,0
3415673,64.19019729,0,0,0,0,0
1112103,117.9711734,307.3950465,519.9185884,0,434.1476892,0
1903056,39.03457943,468.4114995,234.5974118,0,552.5516044,0
2854389,913.4091587,0,107.788,0,0,0
1710,84.14120456,0,171.1927059,1015.673692,0,0
1054034,98.02016613,0,0,0,0,0
1714840,134.4524403,0,88.76658826,0,0,0
1612,176.9567601,322.0329059,145.8308236,0,670.9555196,0
5671,325.2881619,0,0,0,0,0
2704463,63.32276219,263.4814685,107.788,0,552.5516044,0
91604,16.48126687,234.2057498,95.10705885,253.9184229,0,0
1749036,166.5475389,0,0,253.9184229,0,0
2003365,57.2507165,322.0329059,317.0235295,461.6698599,828.8274066,0
1980674,181.2939356,0,0,0,0,0
3400631,55.5158463,629.4279525,0,0,0,0
155085,82.40633436,365.946484,183.8736471,438.5863669,513.0836326,0
409322,187.3659813,0,0,0,0,0
3410791,124.9106542,0,0,0,0,0
2520506,202.112378,0,0,0,0,0
188932,176.9567601,0,0,0,0,0
77007,57.2507165,0,88.76658826,415.5028739,0,0
3391574,196.9077674,0,298.0021177,0,0,0
2763672,142.2593562,439.1357808,114.1284706,0,0,1547.678482
1310418,120.5734787,0,0,0,0,0
1965571,117.1037383,0,0,0,0,0
374106,101.4899065,0,0,0,0,0
2029983,129.2478297,204.930031,88.76658826,0,0,0
669041,60.7204569,0,202.8950589,0,0,948.5771343
2944914,88.47838005,0,88.76658826,0,0,0
2041044,457.1382969,0,0,0,0,0
1618022,85.87607475,0,221.9164706,0,0,0
1827580,13.87896158,395.2222027,139.490353,1177.258143,0,1048.427359
2507159,129.2478297,0,0,0,0,0
2991053,76.33428867,263.4814685,158.5117647,392.4193809,513.0836326,499.2511233
447588,20.81844236,0,0,0,0,0
3395317,0,0,145.8308236,0,0,0
3112958,163.0777985,0,0,0,0,0
2294119,67.65993768,0,69.74517649,0,0,0
2931922,169.1498442,0,0,0,0,0
160699,8.674350985,0,0,0,0,0
1378299,35.56483904,0,0,0,0,0
2993456,17.34870197,0,0,0,0,0
954,15.61383177,146.3785936,139.490353,0,552.5516044,848.7269096
3065649,53.78097611,292.7571872,152.1712942,346.2523949,0,0
76760,722.5734371,0,0,0,0,0
2749807,26.02305296,0,0,0,0,0
2715212,155.2708826,234.2057498,158.5117647,623.2543108,0,0
33069,112.7665628,0,107.788,0,0,0
585423,0,0,126.8094118,577.0873249,0,0
435912,64.19019729,0,0,0,0,0
1660,18.21613707,0,0,0,0,0
2590022,123.175784,161.016453,76.08564708,0,0,0
1193095,82.40633436,0,0,0,0,0
2735563,101.4899065,0,0,0,0,0
2880934,0,0,0,2723.852173,0,0
2123,68.52737278,0,0,0,0,0
2942204,145.7290965,0,0,0,0,0
114615,19.95100727,292.7571872,247.278353,253.9184229,0,0
2291,112.7665628,0,76.08564708,0,0,0
46125,56.3832814,0,0,0,0,0
3132300,170.8847144,0,0,0,0,0
628,52.04610591,0,107.788,323.1689019,0,0
178399,91.08068534,0,0,0,0,0
83561,45.10662512,0,0,300.0854089,0,0
3415265,74.59941847,497.6872182,437.4924707,0,986.6992935,0
2012495,112.7665628,0,0,0,0,0
2819096,119.7060436,0,133.1498824,0,0,0
868131,137.0547456,0,0,0,0,0
2015316,56.3832814,292.7571872,266.2997648,946.4232128,513.0836326,0
3133307,0,380.5843433,519.9185884,1269.592115,710.4234913,0
388950,440.65703,0,0,0,0,0
2744479,75.46685357,0,63.4047059,0,0,0
3137857,86.74350985,0,494.556706,0,0,0
33039,298.3976739,0,0,461.6698599,0,0
104663,134.4524403,0,0,0,0,0
3079302,20.81844236,0,82.42611767,323.1689019,0,0
2042961,221.1959501,0,0,0,0,0
270351,27.75792315,0,278.9807059,554.0038319,0,0
3093872,141.3919211,395.2222027,323.3640001,623.2543108,0,0
2686366,187.3659813,687.9793899,0,0,0,0
2115978,84.14120456,0,0,0,0,0
1276936,141.3919211,0,0,0,0,0
1354726,50.31123571,0,259.9592942,0,0,0
1925020,58.9855867,0,76.08564708,0,0,0
1609968,58.1181516,292.7571872,120.4689412,0,513.0836326,0
991904,13.01152648,0,0,530.9203389,0,0
859144,152.6685773,175.6543123,0,0,0,0
3127471,272.3746209,0,0,646.3378038,0,0
1353147,32.09509864,0,114.1284706,0,0,0
39486,203.8472481,0,0,0,0,0
3023715,21.68587746,322.0329059,272.6402354,323.1689019,513.0836326,599.101348
48,107.5619522,0,107.788,369.3358879,0,0
2282849,58.9855867,146.3785936,120.4689412,0,0,0
1506,45.97406022,307.3950465,120.4689412,0,394.6797174,0
1114861,93.68299064,248.8436091,209.2355295,0,0,0
1712261,26.89048805,0,107.788,346.2523949,0,0
2951803,220.328515,0,101.4475294,0,0,0
2836373,0,0,139.490353,0,0,0
1642299,23.42074766,0,88.76658826,0,0,0
1173025,47.70893042,0,722.8136472,0,0,698.9515726
650,22.55331256,0,0,0,0,0
1622,308.8068951,234.2057498,82.42611767,0,0,0
2906443,52.91354101,0,202.8950589,0,0,0
2980108,20.81844236,687.9793899,355.066353,323.1689019,0,0
49338,242.0143925,0,95.10705885,0,0,0
138851,83.27376946,204.930031,114.1284706,0,789.3594348,0
3066149,52.91354101,0,0,0,0,0
256326,181.2939356,0,0,0,0,0
574096,84.14120456,0,145.8308236,0,986.6992935,0
86106,267.1700103,263.4814685,126.8094118,0,0,0
889268,0,0,196.5545883,438.5863669,0,0
143223,181.2939356,0,95.10705885,0,0,0
191026,60.7204569,0,0,0,0,0
220687,143.9942264,292.7571872,126.8094118,0,552.5516044,0
549298,58.9855867,0,0,0,0,1347.978033
715179,63.32276219,365.946484,145.8308236,277.0019159,749.8914631,0
249567,88.47838005,0,0,738.6717758,0,0
3025668,168.2824091,0,0,0,0,0
2426,120.5734787,0,120.4689412,323.1689019,0,0
3115292,315.7463759,0,0,0,0,0
2173,88.47838005,0,0,0,0,0
1076626,24.28818276,731.892968,291.6616471,0,552.5516044,599.101348
2820710,44.23919002,0,88.76658826,0,0,0
2937286,81.53889926,0,0,0,0,0
53461,74.59941847,0,0,0,0,0
35620,39.03457943,0,0,0,0,0
2218628,125.7780893,0,107.788,0,0,0
2803864,144.8616615,0,107.788,0,828.8274066,649.0264603
84377,341.7694288,0,126.8094118,0,0,0
359,98.02016613,483.0493589,196.5545883,0,0,0
2966453,0,0,443.8329413,415.5028739,0,0
3415674,45.10662512,0,0,0,0,0
1715691,26.02305296,0,500.8971766,577.0873249,0,0
1239415,98.88760123,0,0,0,0,0
281093,24.28818276,351.3086246,215.5760001,0,592.0195761,0
157268,54.64841121,234.2057498,76.08564708,0,513.0836326,0
1316596,144.8616615,0,0,0,0,0
2746060,86.74350985,395.2222027,272.6402354,0,0,0
391953,25.15561786,0,0,0,0,998.5022466
2714948,24.28818276,512.3250776,190.2141177,369.3358879,0,898.652022
89059,229.002866,161.016453,120.4689412,0,0,0
2605946,14.74639667,0,247.278353,831.0057478,0,0
2283194,45.10662512,380.5843433,126.8094118,0,631.4875479,0
48254,111.8991277,0,0,0,0,0
797291,39.90201453,322.0329059,177.5331765,0,0,0
2881234,0,0,82.42611767,0,0,0
3379128,112.7665628,878.2715616,304.3425883,0,1105.103209,0
2739058,192.5705919,365.946484,215.5760001,0,513.0836326,0
139438,39.90201453,0,0,0,0,0
1729720,252.4236137,190.2921717,221.9164706,0,0,0
351672,79.80402906,0,0,0,0,0
1721091,192.5705919,0,0,0,0,0
1510,275.8443613,0,95.10705885,0,0,0
3151764,219.4610799,0,82.42611767,0,0,0
2686358,111.8991277,0,114.1284706,0,0,0
3079014,85.87607475,0,0,0,0,0
2909587,0,951.4608584,272.6402354,1546.594031,0,0
2120,26.02305296,204.930031,88.76658826,0,0,0
57975,0,0,82.42611767,0,0,0
89184,14.74639667,0,399.4496472,415.5028739,0,0
85402,64.19019729,0,0,0,0,0
3415683,89.34581515,0,171.1927059,253.9184229,0,0
240139,67.65993768,307.3950465,177.5331765,600.1708178,394.6797174,0
3059777,73.73198337,0,0,0,0,0
132604,0,0,0,0,0,0
1481923,45.10662512,0,215.5760001,0,0,0
2591634,166.5475389,0,88.76658826,0,0,0
860,108.4293873,0,0,0,0,0
3241576,119.7060436,0,88.76658826,300.0854089,0,0
2831148,58.1181516,146.3785936,323.3640001,0,394.6797174,698.9515726
2724150,187.3659813,234.2057498,158.5117647,277.0019159,0,0
1581038,197.7752025,263.4814685,177.5331765,0,0,0
682956,45.97406022,0,0,0,0,0
3016006,29.49279335,0,120.4689412,646.3378038,0,0
3070660,85.00863965,0,95.10705885,415.5028739,0,0
2026188,314.0115057,0,0,0,0,0
3120519,35.56483904,0,0,0,0,0
488,22.55331256,0,0,0,0,0
714,43.37175493,0,0,0,0,0
1760811,100.6224714,0,0,0,0,0
1751056,162.2103634,0,107.788,0,0,0
2789776,14.74639667,0,126.8094118,692.5047898,0,0
1789672,0,0,0,507.8368459,0,0
28118,59.8530218,0,0,0,0,0
3459125,110.1642575,0,101.4475294,253.9184229,0,0
118000,37.29970924,204.930031,82.42611767,0,434.1476892,0
227086,56.3832814,0,82.42611767,0,0,1248.127808
3032586,49.44380061,175.6543123,101.4475294,346.2523949,0,0
311180,16.48126687,175.6543123,145.8308236,369.3358879,0,0
2057025,91.08068534,0,0,0,0,0
388408,30.36022845,0,114.1284706,0,0,0
5888,100.6224714,0,0,0,0,0
141451,100.6224714,204.930031,209.2355295,277.0019159,513.0836326,0
2560057,63.32276219,0,0,0,0,0
290335,196.9077674,0,0,0,0,0
1424653,23.42074766,0,0,0,0,0
2908210,112.7665628,248.8436091,133.1498824,0,0,0
862126,269.7723156,0,0,0,0,0
2352,114.501433,0,0,0,0,0
1281,150.066272,0,0,0,0,0
1807691,195.1728972,219.5678904,221.9164706,0,0,0
279826,196.0403323,0,63.4047059,0,0,0
2954535,56.3832814,0,0,0,0,0
3383026,137.0547456,248.8436091,215.5760001,0,0,0
32046,48.57636552,0,836.9421178,0,0,0
696760,22.55331256,0,114.1284706,0,0,0
357808,54.64841121,0,0,0,0,0
2144,19.95100727,0,0,0,0,0
269259,93.68299064,0,0,0,0,0
1230998,64.19019729,0,0,0,0,0
97138,209.0518587,0,0,0,0,0
589437,26.02305296,424.4979214,209.2355295,0,828.8274066,0
74033,10.40922118,0,272.6402354,0,0,0
3056648,17.34870197,336.6707653,145.8308236,323.1689019,0,0
1521,113.6339979,248.8436091,152.1712942,0,0,0
357276,451.0662512,0,0,0,0,0
3402687,49.44380061,365.946484,272.6402354,0,552.5516044,0
112900,88.47838005,0,0,0,0,0
1641,108.4293873,322.0329059,164.8522353,0,513.0836326,0
1348,112.7665628,0,0,0,0,0
44577,130.9826999,190.2921717,158.5117647,0,0,0
43948,1302.020083,204.930031,164.8522353,0,0,0
35754,60.7204569,0,171.1927059,1569.677524,0,0
3119568,56.3832814,0,0,0,0,0
2714855,52.91354101,0,0,0,0,0
1028416,209.0518587,0,82.42611767,0,0,0
1605,221.1959501,614.7900931,272.6402354,600.1708178,631.4875479,0
197222,32.09509864,146.3785936,133.1498824,0,0,0
410072,119.7060436,0,0,0,0,0
3413133,186.4985462,468.4114995,183.8736471,0,513.0836326,0
144,71.99711318,0,0,0,0,0
1381081,499.6426167,307.3950465,95.10705885,0,0,0
573658,74.59941847,453.7736401,152.1712942,230.8349299,749.8914631,0
94869,159.6080581,146.3785936,69.74517649,0,0,0
2686078,281.916407,0,101.4475294,0,0,0
2919322,0,0,0,0,0,0
61644,46.84149532,0,0,0,0,0
2865673,0,0,240.9378824,461.6698599,0,0
44273,105.827082,0,0,0,0,2546.180729
2789740,280.1815368,0,0,0,0,0
3096992,74.59941847,0,221.9164706,300.0854089,0,0
96241,52.04610591,0,0,0,0,0
3242468,78.06915887,219.5678904,0,0,0,0
1426,167.414974,0,0,0,0,0
408,65.92506749,0,183.8736471,0,0,0
2975965,29.49279335,0,152.1712942,0,710.4234913,0
55197,129.2478297,190.2921717,133.1498824,0,592.0195761,0
3066266,82.40633436,0,0,0,0,0
2810512,158.740623,0,120.4689412,0,0,0
3064705,154.4034475,0,0,0,0,0
2979464,63.32276219,0,171.1927059,0,0,599.101348
37372,140.524486,497.6872182,158.5117647,0,631.4875479,0
3045816,8.674350985,248.8436091,1268.094118,0,0,0
2527963,138.7896158,0,0,0,0,0
412710,40.76944963,0,0,2631.518201,0,0
1917215,95.41786084,0,171.1927059,230.8349299,0,0
29533,200.3775078,263.4814685,215.5760001,0,0,0
1563,336.5648182,0,88.76658826,0,0,0
1137606,52.91354101,0,0,0,0,0
489910,213.3890342,0,0,0,0,0
2921711,26.02305296,175.6543123,177.5331765,0,552.5516044,0
2704655,245.4841329,0,0,0,0,0
3400345,96.28529593,190.2921717,145.8308236,0,0,0
2893202,79.80402906,219.5678904,82.42611767,0,0,0
3382189,99.75503633,0,145.8308236,0,0,0
1612173,31.22766355,497.6872182,126.8094118,0,0,0
1826727,77.20172377,0,196.5545883,0,749.8914631,0
53344,36.43227414,0,0,0,0,0
1522,72.86454827,0,0,0,0,0
2906076,549.9538525,0,0,0,0,0
3017783,0,0,120.4689412,0,0,0
2527979,71.12967808,0,133.1498824,392.4193809,0,0
2956784,150.066272,0,76.08564708,0,0,0
718217,111.0316926,0,69.74517649,0,0,1298.052921
3243057,83.27376946,0,0,0,0,0
68895,50.31123571,0,126.8094118,0,0,0
160826,0,761.1686867,291.6616471,0,1144.57118,0
3374109,162.2103634,0,0,0,0,0
2304606,246.351568,0,0,0,0,0
3072980,37.29970924,0,0,0,0,0
3063533,135.3198754,0,76.08564708,0,0,0
84032,136.1873105,263.4814685,101.4475294,0,552.5516044,0
238836,71.12967808,190.2921717,114.1284706,0,473.6156609,0
33935,65.92506749,0,0,0,0,0
3053613,67.65993768,0,101.4475294,323.1689019,0,0
2900738,53.78097611,0,0,0,0,0
563177,159.6080581,0,63.4047059,0,0,0
2058135,104.0922118,248.8436091,310.6830589,0,789.3594348,0
376,0,0,0,0,0,0
3376682,50.31123571,0,0,0,0,0
2201181,152.6685773,0,190.2141177,0,0,0
293,0,0,259.9592942,0,0,0
1297617,429.3803738,0,0,0,0,0
1678728,176.9567601,307.3950465,114.1284706,0,0,0
2918528,13.87896158,1010.012296,82.42611767,0,0,0
261299,287.9884527,0,0,0,0,0
1229909,79.80402906,0,0,415.5028739,0,0
2093777,310.5417653,0,114.1284706,0,0,0
84030,184.763676,395.2222027,190.2141177,0,0,0
1609966,31.22766355,0,291.6616471,623.2543108,0,0
2590020,0,0,0,0,0,0
1479,85.87607475,0,0,0,0,0
56453,0,0,0,0,0,0
110662,16.48126687,0,0,0,0,0
418699,17.34870197,0,0,0,0,0
150120,122.3083489,0,0,0,0,0
154981,9.541786084,0,259.9592942,392.4193809,0,0
1034889,57.2507165,0,0,0,0,0
1041504,159.6080581,0,0,0,0,0
2739061,21.68587746,204.930031,171.1927059,0,434.1476892,0
326320,0,409.8600621,259.9592942,0,907.76335,649.0264603
55209,46.84149532,0,0,0,0,0
135487,17.34870197,0,0,0,0,0
1580092,98.88760123,0,107.788,369.3358879,0,0
3391823,124.0432191,0,0,0,0,0
1185873,66.79250258,0,545.2804707,0,0,0
2578106,93.68299064,0,0,0,0,0
2069432,104.0922118,263.4814685,164.8522353,0,0,0
168384,111.0316926,0,0,0,0,0
2697030,136.1873105,395.2222027,177.5331765,0,0,0
155892,161.3429283,0,114.1284706,0,0,0
1346319,122.3083489,0,0,0,0,0
2975981,75.46685357,219.5678904,183.8736471,1892.846426,0,0
321985,58.9855867,526.9629369,310.6830589,0,473.6156609,0
3447427,19.08357217,0,259.9592942,0,0,0
28903,96.28529593,0,107.788,0,0,0
115551,0,0,0,0,0,0
592064,744.2593145,0,0,0,0,0
83455,73.73198337,0,95.10705885,0,0,0
112901,20.81844236,629.4279525,158.5117647,0,868.2953783,0
28200,104.0922118,0,0,0,0,0
3138177,91.94812044,175.6543123,88.76658826,0,513.0836326,0
34018,0,0,0,369.3358879,0,0
2259622,50.31123571,0,0,0,0,0
28038,102.3573416,263.4814685,126.8094118,0,0,0
3015999,0,292.7571872,310.6830589,0,1894.462644,0
265606,70.26224298,0,0,323.1689019,0,0
1281486,120.5734787,0,0,0,0,0
56454,65.05763239,0,0,0,0,0
1919,119.7060436,0,0,0,0,0
1391654,25.15561786,0,63.4047059,0,0,0
2576307,130.1152648,0,63.4047059,0,0,0
3034506,111.8991277,0,0,0,0,0
758802,0,0,0,2192.931834,0,0
303541,143.9942264,351.3086246,190.2141177,484.7533529,0,549.1762356
1778678,115.3688681,161.016453,177.5331765,0,552.5516044,499.2511233
2917965,69.39480788,0,0,646.3378038,0,0
3157368,92.81555554,0,0,0,0,0
2838877,107.5619522,0,114.1284706,0,0,0
1435069,54.64841121,0,107.788,0,0,649.0264603
3241603,61.58789199,0,0,0,0,0
3402688,160.4754932,0,0,0,0,0
2749049,78.93659396,0,355.066353,923.3397198,0,0
3398614,163.0777985,307.3950465,190.2141177,0,0,0
261302,71.12967808,278.1193278,164.8522353,0,0,0
2789327,21.68587746,219.5678904,0,0,0,0
2957203,10.40922118,0,126.8094118,461.6698599,0,0
296,0,0,0,0,0,0
877455,48.57636552,0,0,0,0,0
1642646,45.10662512,0,0,0,0,0
217203,93.68299064,0,0,0,0,0
403957,184.763676,365.946484,240.9378824,0,0,0
163,144.8616615,0,0,0,0,0
183417,138.7896158,322.0329059,177.5331765,0,0,0
544645,120.5734787,175.6543123,88.76658826,0,0,0
1441095,346.9740394,175.6543123,95.10705885,0,0,0
34062,55.5158463,0,69.74517649,0,0,0
2903659,0,0,0,0,0,0
1727145,285.3861474,0,82.42611767,0,0,0
1862145,25.15561786,0,139.490353,461.6698599,0,0
516051,58.9855867,0,88.76658826,0,0,0
1315974,148.3314018,1068.563733,443.8329413,0,0,0
84590,40.76944963,0,0,0,0,0
94132,41.63688473,0,139.490353,577.0873249,0,0
1442557,0,365.946484,215.5760001,277.0019159,986.6992935,0
545501,268.9048805,263.4814685,107.788,0,394.6797174,0
90241,0,234.2057498,190.2141177,0,513.0836326,0
1855728,27.75792315,395.2222027,177.5331765,1246.508622,0,0
2782167,11.27665628,0,545.2804707,0,0,0
3082534,11.27665628,0,0,0,0,0
189834,85.00863965,0,0,0,0,0
3233375,45.97406022,0,0,0,0,0
1004159,73.73198337,248.8436091,234.5974118,0,0,0
2884263,20.81844236,0,95.10705885,715.5882828,0,0
2730851,0,0,0,0,0,0
1085644,29.49279335,0,0,0,0,0
2924032,169.1498442,0,0,0,0,0
2880651,150.9337071,0,0,0,0,0
28262,205.5821183,0,76.08564708,0,0,0
1977865,26.02305296,0,114.1284706,0,0,0
274,182.1613707,307.3950465,107.788,0,0,0
81408,282.7838421,190.2921717,133.1498824,0,0,0
1521768,22.55331256,0,88.76658826,0,0,0
42906,54.64841121,0,0,0,0,0
554406,79.80402906,307.3950465,215.5760001,0,1105.103209,0
1503925,119.7060436,0,0,0,0,0
182640,70.26224298,0,0,0,0,0
1197717,123.175784,0,0,0,0,0
2133,113.6339979,0,0,0,0,0
3144925,16.48126687,0,101.4475294,346.2523949,0,0
2980107,91.94812044,0,196.5545883,0,0,0
1642,244.6166978,0,0,0,0,0
291112,186.4985462,278.1193278,0,0,0,0
827,294.0604984,0,0,0,0,0
47885,91.94812044,0,164.8522353,484.7533529,0,0
3236840,139.6570509,0,0,0,0,0
3422590,37.29970924,0,0,0,0,0
39950,57.2507165,439.1357808,228.2569412,0,513.0836326,0
3003261,134.4524403,0,107.788,0,0,0
3096217,53.78097611,146.3785936,101.4475294,253.9184229,0,1347.978033
1699621,95.41786084,0,0,0,0,0
299767,174.3544548,0,139.490353,0,631.4875479,0
526944,71.99711318,0,0,0,0,0
413888,61.58789199,0,291.6616471,0,1065.635237,998.5022466
2976343,60.7204569,219.5678904,475.5352942,0,0,0
1548547,28.62535825,0,240.9378824,692.5047898,0,0
1479524,24.28818276,278.1193278,177.5331765,392.4193809,473.6156609,0
2282419,104.0922118,0,0,0,0,0
912,67.65993768,0,0,0,0,0
1336794,33.82996884,0,0,0,0,0
2022337,156.1383177,629.4279525,576.9828237,0,0,0
1643336,152.6685773,0,0,0,0,0
1318,51.17867081,409.8600621,196.5545883,0,0,0
1280380,0,0,0,392.4193809,0,0
2986831,35.56483904,424.4979214,348.7258824,0,0,0
2350,130.1152648,0,101.4475294,0,0,0
1464,159.6080581,219.5678904,177.5331765,0,0,0
5741,133.5850052,0,69.74517649,0,0,0
2705471,103.2247767,190.2921717,171.1927059,0,0,0
1336796,120.5734787,0,234.5974118,0,0,0
2741701,88.47838005,0,0,0,0,0
1761012,98.88760123,0,0,0,0,0
889453,117.9711734,278.1193278,101.4475294,0,0,0
1522758,0,0,0,0,0,0
3230968,88.47838005,0,158.5117647,0,0,0
1161942,167.414974,0,0,0,0,0
1871053,17.34870197,0,69.74517649,0,0,0
1812115,14.74639667,0,0,0,0,0
386891,58.9855867,0,0,0,0,0
2968490,309.6743302,0,0,0,0,0
2919499,157.0057528,0,0,277.0019159,0,0
2795383,59.8530218,0,0,0,0,0
1792508,31.22766355,0,95.10705885,0,0,0
2859516,146.5965316,0,462.8543531,0,0,0
362787,91.08068534,204.930031,139.490353,0,0,549.1762356
2932257,78.93659396,0,0,0,0,0
2675053,20.81844236,307.3950465,158.5117647,277.0019159,0,0
1971,46.84149532,0,164.8522353,0,0,0
3074111,92.81555554,248.8436091,190.2141177,0,0,499.2511233
487686,103.2247767,600.1522337,221.9164706,0,0,0
3003256,85.87607475,219.5678904,145.8308236,0,0,0
3096994,39.90201453,234.2057498,278.9807059,323.1689019,0,0
2015076,82.40633436,0,0,0,0,0
101070,196.0403323,0,0,0,0,0
3071453,17.34870197,248.8436091,139.490353,0,0,0
2921474,29.49279335,0,0,0,0,0
187101,148.3314018,0,0,0,0,0
3048535,103.2247767,0,0,0,0,0
1871047,91.94812044,0,0,0,0,0
658643,0,1214.942327,1268.094118,0,0,0
83771,66.79250258,0,0,0,0,0
28082,91.94812044,292.7571872,107.788,0,0,0
1179777,167.414974,0,0,0,0,0
2921604,0,0,0,0,0,0
2921443,0,0,266.2997648,0,2210.206417,0
319939,72.86454827,0,133.1498824,0,0,0
1616117,26.89048805,0,177.5331765,600.1708178,0,0
313588,268.0374454,0,82.42611767,0,0,0
767892,16.48126687,0,0,0,0,0
2762320,45.97406022,0,0,0,0,0
171282,28.62535825,0,0,0,0,1547.678482
174587,107.5619522,219.5678904,88.76658826,0,394.6797174,0
675281,65.05763239,0,88.76658826,0,0,0
2321403,157.0057528,0,63.4047059,253.9184229,0,0
2315862,86.74350985,248.8436091,190.2141177,253.9184229,0,0
69710,85.00863965,263.4814685,215.5760001,0,0,0
1602,75.46685357,483.0493589,228.2569412,346.2523949,592.0195761,0
1010,51.17867081,0,0,0,0,0
490095,65.92506749,0,164.8522353,554.0038319,0,0
29555,811.9192522,0,0,0,0,0
49283,160.4754932,0,69.74517649,0,0,0
3445773,52.04610591,0,0,461.6698599,0,0
2653189,143.9942264,0,196.5545883,0,0,0
1471,133.5850052,278.1193278,133.1498824,0,0,0
332999,91.94812044,190.2921717,107.788,0,0,0
2060723,111.0316926,0,0,0,0,0
3065396,81.53889926,0,989.113412,0,0,0
248907,109.2968224,0,139.490353,0,0,0
1114873,130.9826999,0,0,0,0,0
387661,106.6945171,0,0,0,0,0
29385,109.2968224,0,0,0,0,0
2954748,66.79250258,0,101.4475294,0,0,0
2823904,60.7204569,0,0,0,0,0
1267768,20.81844236,0,202.8950589,646.3378038,0,0
545,65.92506749,0,0,0,0,0
2038737,59.8530218,0,69.74517649,0,0,0
1284,189.9682866,0,0,0,0,0
3445772,0,0,0,0,0,0
1930273,43.37175493,0,107.788,346.2523949,0,0
2518645,131.850135,0,0,0,0,0
171279,100.6224714,0,0,0,0,0
1844006,11.27665628,0,152.1712942,0,0,0
1529058,0,468.4114995,310.6830589,323.1689019,631.4875479,0
2528008,11.27665628,0,152.1712942,554.0038319,0,0
2217913,82.40633436,0,0,0,0,0
2664091,1306.357258,0,0,0,0,0
290400,0,336.6707653,247.278353,669.4212968,473.6156609,0
542,166.5475389,0,0,0,0,0
2901381,150.066272,161.016453,120.4689412,0,0,0
39441,199.5100727,0,0,0,0,0
1486281,0,0,266.2997648,577.0873249,0,0
3141542,83.27376946,0,69.74517649,0,0,0
2610896,0,0,0,0,0,0
3115646,85.00863965,0,171.1927059,0,0,0
38284,42.50431983,0,0,0,0,0
1221500,21.68587746,0,0,0,0,0
2975755,0,1171.028749,1255.413177,0,0,0
1318743,54.64841121,0,0,0,0,848.7269096
2054173,80.67146416,0,76.08564708,0,0,0
1789224,70.26224298,0,0,0,0,0
1896196,0,0,0,0,0,0
2096,124.0432191,0,0,0,0,0
3047874,104.0922118,0,0,0,0,0
3045146,248.9538733,0,95.10705885,0,0,0
2249302,0,570.876515,342.3854118,0,1499.782926,0
2732161,85.00863965,0,145.8308236,0,0,0
60217,67.65993768,0,0,0,0,0
748197,36.43227414,0,0,0,0,0
1099853,50.31123571,219.5678904,126.8094118,0,0,848.7269096
3374195,93.68299064,0,0,0,0,0
2775245,102.3573416,0,0,0,0,0
718286,23.42074766,0,0,0,0,0
449520,171.7521495,0,0,0,0,0
467262,85.00863965,146.3785936,0,0,0,0
88688,0,0,0,438.5863669,0,0
3047815,0,0,0,0,0,0
2743000,69.39480788,307.3950465,177.5331765,0,434.1476892,0
2867016,0,0,500.8971766,0,0,0
1813019,157.8731879,0,0,0,0,0
1324864,34.69740394,0,0,0,0,0
84022,160.4754932,292.7571872,139.490353,0,0,0
1789226,35.56483904,0,0,0,0,0
1302308,13.87896158,0,0,0,0,0
1033854,18.21613707,190.2921717,215.5760001,1038.757185,0,0
1328,201.2449429,0,0,0,0,0
83453,34.69740394,190.2921717,101.4475294,507.8368459,0,0
1796616,94.55042574,219.5678904,133.1498824,323.1689019,0,0
3234028,22.55331256,395.2222027,202.8950589,0,749.8914631,0
3082521,84.14120456,453.7736401,95.10705885,0,0,0
1922226,21.68587746,0,107.788,277.0019159,0,0
3022697,163.0777985,0,0,0,0,0
35703,222.0633852,0,0,0,0,0
1561924,36.43227414,322.0329059,228.2569412,692.5047898,473.6156609,0
2594269,124.9106542,0,0,0,0,0
1474,122.3083489,175.6543123,164.8522353,0,0,0
3388424,8.674350985,0,336.0449413,323.1689019,0,0
990268,50.31123571,0,133.1498824,277.0019159,0,0
2789856,0,0,209.2355295,530.9203389,0,0
1892404,171.7521495,0,0,0,0,0
1637831,0,0,0,0,0,0
2126553,196.0403323,248.8436091,126.8094118,0,473.6156609,0
3342096,60.7204569,424.4979214,240.9378824,0,0,0
2590900,100.6224714,0,0,0,0,0
2975888,25.15561786,0,0,0,0,0
29559,105.827082,0,76.08564708,0,0,0
2419773,11.27665628,0,0,0,0,0
1420917,94.55042574,307.3950465,412.1305883,0,0,0
1828,11.27665628,0,0,0,0,0
1628248,56.3832814,0,247.278353,0,0,0
3093871,143.9942264,248.8436091,177.5331765,0,0,0
2774330,325.2881619,0,0,0,0,0
3232307,65.05763239,453.7736401,171.1927059,0,0,0
2997336,142.2593562,0,76.08564708,0,0,0
3459527,83.27376946,395.2222027,221.9164706,300.0854089,0,1298.052921
324767,98.88760123,0,0,0,0,0
1033900,52.04610591,146.3785936,152.1712942,0,0,0
1383885,45.10662512,175.6543123,126.8094118,0,0,0
3239997,59.8530218,0,120.4689412,0,0,0
2921713,81.53889926,322.0329059,145.8308236,0,0,0
2744518,17.34870197,570.876515,824.2611767,0,0,0
1295609,165.6801038,190.2921717,0,323.1689019,0,898.652022
561184,21.68587746,0,171.1927059,530.9203389,0,0
3023713,56.3832814,234.2057498,101.4475294,277.0019159,0,0
1501392,106.6945171,0,0,0,0,0
3239304,63.32276219,0,0,0,0,0
3434352,44.23919002,0,0,0,0,0
2039166,58.9855867,0,76.08564708,0,0,0
2961895,114.501433,0,0,0,0,0
1211326,130.9826999,146.3785936,107.788,0,0,0
2713414,163.0777985,248.8436091,234.5974118,0,0,0
323450,35.56483904,263.4814685,247.278353,346.2523949,0,599.101348
2699395,39.03457943,0,0,0,0,0
1379903,17.34870197,0,177.5331765,415.5028739,0,0
1885344,47.70893042,0,69.74517649,300.0854089,0,0
2494374,19.95100727,0,126.8094118,0,0,0
3118333,65.05763239,0,0,369.3358879,0,0
3080055,116.2363032,190.2921717,171.1927059,0,0,0
438033,85.00863965,0,82.42611767,0,0,0
3003263,76.33428867,0,0,0,0,0
3389972,123.175784,1317.407342,507.2376472,0,0,0
225194,37.29970924,0,0,0,0,0
2745153,116.2363032,0,0,0,0,0
375929,59.8530218,0,76.08564708,0,0,0
29391,79.80402906,0,0,0,0,0
1780362,255.8933541,0,88.76658826,0,0,0
149016,50.31123571,0,0,0,0,0
2740462,173.4870197,0,0,0,0,0
28449,76.33428867,0,0,0,0,0
2880218,88.47838005,0,0,807.9222548,0,0
2735562,32.09509864,190.2921717,133.1498824,0,0,0
45668,118.8386085,0,0,0,0,0
1979527,84.14120456,0,0,0,0,0
1531,88.47838005,234.2057498,0,0,0,0
1640,201.2449429,161.016453,88.76658826,0,0,0
62763,60.7204569,0,0,0,0,0
2587848,38.16714433,0,0,0,0,0
1455,190.8357217,0,0,0,0,0
3348344,0,0,0,0,0,0
45242,123.175784,0,82.42611767,0,0,0
2230867,325.2881619,0,0,0,0,0
2789857,83.27376946,0,291.6616471,0,0,0
2983267,26.02305296,0,0,0,0,0
2819101,35.56483904,0,0,0,0,0
58180,69.39480788,0,0,0,0,0
2983299,113.6339979,0,0,0,0,0
166485,151.8011422,263.4814685,164.8522353,0,0,0
3394358,65.92506749,0,69.74517649,0,0,0
200452,112.7665628,0,0,0,0,0
980254,65.92506749,0,101.4475294,277.0019159,0,0
3138567,21.68587746,0,0,0,0,0
2358,83.27376946,248.8436091,177.5331765,0,0,0
1247023,84.14120456,0,0,0,0,0
455432,19.08357217,0,0,461.6698599,0,0
2903803,44.23919002,0,0,0,0,0
301953,136.1873105,0,0,0,0,0
2058134,76.33428867,0,82.42611767,0,0,0
2763010,0,278.1193278,177.5331765,692.5047898,789.3594348,0
118562,57.2507165,0,602.344706,669.4212968,0,0
2829597,17.34870197,175.6543123,811.5802355,0,0,0
204936,48.57636552,0,0,0,0,0
2975157,75.46685357,190.2921717,183.8736471,0,0,0
2950108,112.7665628,0,0,0,0,499.2511233
1850093,18.21613707,0,88.76658826,0,0,0
70255,132.7175701,0,0,0,0,0
1912091,14.74639667,0,209.2355295,277.0019159,0,0
3023090,240.2795223,0,0,0,0,0
2161872,74.59941847,0,0,0,0,0
913107,129.2478297,0,0,0,0,0
1891926,49.44380061,0,76.08564708,253.9184229,0,0
2052660,296.6628037,0,0,0,0,0
2419842,309.6743302,0,0,0,0,0
3400422,79.80402906,0,107.788,0,394.6797174,549.1762356
931866,78.06915887,292.7571872,177.5331765,0,868.2953783,0
2903098,98.02016613,0,0,0,0,0
254719,39.03457943,512.3250776,507.2376472,0,0,0
2077090,9.541786084,0,0,0,0,0
1443941,173.4870197,0,0,0,0,0
1165090,144.8616615,453.7736401,190.2141177,230.8349299,434.1476892,0
44674,858.7607475,0,0,0,0,0
2741071,75.46685357,0,0,0,0,0
278860,78.93659396,0,0,0,0,0
1734049,119.7060436,0,0,0,0,0
337701,0,0,164.8522353,0,0,0
2975625,0,0,0,0,0,0
551996,47.70893042,0,0,0,0,0
33952,145.7290965,175.6543123,114.1284706,0,0,0
1267021,133.5850052,0,69.74517649,0,0,0
470934,272.3746209,0,0,0,0,0
379547,45.97406022,0,0,0,0,0
1501268,231.6051713,365.946484,291.6616471,300.0854089,0,0
83816,133.5850052,380.5843433,145.8308236,0,0,0
1699411,51.17867081,0,298.0021177,0,0,0
2051553,28.62535825,0,0,646.3378038,0,0
2047966,0,453.7736401,107.788,600.1708178,0,0
1610576,42.50431983,0,0,0,0,0
2725288,17.34870197,336.6707653,171.1927059,461.6698599,473.6156609,0
44255,40.76944963,0,76.08564708,253.9184229,0,0
57487,56.3832814,219.5678904,209.2355295,0,0,0
1561003,44.23919002,263.4814685,139.490353,0,0,0
354356,60.7204569,0,76.08564708,0,0,0
1241979,172.6195846,0,0,0,0,0
157692,56.3832814,307.3950465,196.5545883,0,434.1476892,0
2360,118.8386085,0,0,0,0,0
1413221,39.90201453,0,0,0,0,0
2043170,49.44380061,0,0,0,0,0
3003257,79.80402906,0,126.8094118,0,0,0
2870839,62.45532709,0,139.490353,0,0,0
2478954,255.025919,0,0,0,0,0
39766,233.3400415,146.3785936,69.74517649,0,0,649.0264603
3051614,0,0,355.066353,0,0,0
3101308,78.93659396,0,139.490353,0,0,0
3092665,119.7060436,0,126.8094118,0,0,0
165694,79.80402906,0,0,0,0,0
2026193,205.5821183,0,0,0,0,0
374981,38.16714433,0,494.556706,415.5028739,0,0
2527976,155.2708826,0,0,300.0854089,0,0
3070682,103.2247767,439.1357808,183.8736471,0,473.6156609,0
2875764,127.5129595,0,0,0,0,0
2798577,15.61383177,380.5843433,171.1927059,0,394.6797174,848.7269096
2806443,348.7089096,0,0,0,0,698.9515726
253245,43.37175493,161.016453,95.10705885,369.3358879,0,499.2511233
680279,27.75792315,365.946484,228.2569412,392.4193809,0,0
3408580,142.2593562,278.1193278,190.2141177,0,0,0
2173034,392.9480996,0,0,0,0,0
3092147,0,0,323.3640001,253.9184229,0,0
2879119,154.4034475,0,0,0,0,0
141,0,0,0,0,0,0
1709002,26.02305296,0,69.74517649,0,0,0
151781,57.2507165,292.7571872,114.1284706,0,868.2953783,0
53346,396.41784,0,0,0,0,0
3140744,65.05763239,278.1193278,120.4689412,0,434.1476892,0
3082949,13.01152648,0,684.7708237,0,0,549.1762356
2596913,58.9855867,336.6707653,234.5974118,0,0,0
28097,116.2363032,0,0,0,0,0
1160721,48.57636552,0,0,0,0,0
1913578,21.68587746,0,76.08564708,0,0,0
2921450,20.81844236,0,88.76658826,1108.007664,0,0
33047,495.3054412,0,0,0,0,0
2931400,261.9653997,0,0,0,0,0
3242688,127.5129595,0,0,0,0,0
118060,125.7780893,146.3785936,164.8522353,346.2523949,0,0
2912187,95.41786084,0,76.08564708,0,0,0
1250539,0,0,247.278353,0,0,0
2983606,141.3919211,190.2921717,0,0,0,0
2186,14.74639667,322.0329059,171.1927059,369.3358879,789.3594348,0
2651284,102.3573416,0,69.74517649,0,0,0
477666,67.65993768,0,0,0,0,0
2527984,22.55331256,409.8600621,145.8308236,230.8349299,749.8914631,0
2954691,102.3573416,0,0,0,0,0
3239935,54.64841121,204.930031,183.8736471,0,0,0
3059904,134.4524403,365.946484,202.8950589,0,0,0
2579971,0,175.6543123,158.5117647,461.6698599,0,0
1972431,0,0,0,0,0,0
2003188,32.09509864,0,0,0,0,0
885040,19.95100727,0,0,0,0,0
2488665,26.89048805,161.016453,386.768706,0,0,0
29449,91.94812044,0,0,0,0,0
300825,41.63688473,0,0,0,0,0
2966625,91.94812044,0,0,0,0,0
624,0,0,0,0,0,0
83526,106.6945171,0,0,0,0,0
1812111,9.541786084,600.1522337,317.0235295,900.2562268,0,0
367743,26.89048805,336.6707653,164.8522353,0,0,0
3231032,150.9337071,0,0,0,0,0
2593653,13.87896158,0,114.1284706,323.1689019,0,0
2907827,65.05763239,0,101.4475294,0,0,0
2714928,150.9337071,0,0,0,0,0
774,17.34870197,0,0,0,0,599.101348
271420,57.2507165,0,0,0,0,0
1448857,65.05763239,292.7571872,69.74517649,0,0,0
176102,179.5590654,204.930031,133.1498824,1685.094989,0,0
76758,57.2507165,219.5678904,126.8094118,0,0,0
52692,94.55042574,263.4814685,95.10705885,0,0,0
2020311,0,0,0,0,0,0
2562284,13.01152648,0,0,0,0,0
3231511,80.67146416,0,0,0,0,0
2233999,8.674350985,0,88.76658826,415.5028739,0,0
3082444,66.79250258,146.3785936,88.76658826,0,0,0
1526571,78.93659396,0,164.8522353,323.1689019,0,0
2930213,215.9913395,0,133.1498824,0,0,0
2653858,66.79250258,0,0,253.9184229,0,0
223919,298.3976739,600.1522337,240.9378824,0,0,0
468911,93.68299064,0,69.74517649,0,0,0
2589080,0,0,0,0,0,0
1759089,67.65993768,0,0,300.0854089,0,0
2213226,76.33428867,248.8436091,95.10705885,0,0,0
92933,13.01152648,0,133.1498824,0,0,0
3070679,82.40633436,0,0,0,0,0
2527974,8.674350985,0,88.76658826,461.6698599,0,0
2996035,174.3544548,263.4814685,183.8736471,0,0,0
2903568,0,0,234.5974118,0,0,1797.304044
499229,82.40633436,204.930031,114.1284706,0,0,0
100716,0,453.7736401,221.9164706,253.9184229,907.76335,0
126333,41.63688473,512.3250776,234.5974118,0,473.6156609,0
234828,0,0,0,0,0,0
2654676,144.8616615,0,196.5545883,0,0,0
454155,30.36022845,0,120.4689412,0,0,0
2169400,0,0,0,0,0,0
2161677,51.17867081,0,0,0,0,0
1920809,39.90201453,0,145.8308236,0,0,0
115778,54.64841121,0,0,0,0,0
3160833,51.17867081,263.4814685,221.9164706,0,0,0
3350178,14.74639667,0,0,392.4193809,0,0
2021234,27.75792315,0,63.4047059,277.0019159,0,0
3065648,127.5129595,234.2057498,95.10705885,0,0,0
3454466,43.37175493,0,69.74517649,300.0854089,0,0
2007306,353.9135202,0,69.74517649,0,0,0
138853,52.04610591,0,0,0,0,0
935222,173.4870197,0,114.1284706,0,0,0
2748098,71.99711318,0,126.8094118,577.0873249,0,0
1888890,206.4495534,0,183.8736471,0,0,0
1147,33.82996884,0,526.2590589,0,0,0
2883205,26.02305296,0,0,0,0,0
3064139,21.68587746,204.930031,145.8308236,0,0,0
1870984,57.2507165,0,0,0,0,0
3135640,71.99711318,0,0,0,0,0
195253,41.63688473,0,488.2162354,0,0,0
3440637,109.2968224,0,0,0,0,0
97393,49.44380061,351.3086246,202.8950589,0,434.1476892,0
1959104,118.8386085,278.1193278,114.1284706,0,592.0195761,0
2528964,0,0,0,0,0,0
3031799,345.2391692,0,0,0,0,0
1908198,102.3573416,0,0,0,0,0
3459122,160.4754932,0,0,0,0,0
3126740,21.68587746,0,88.76658826,1038.757185,0,0
1260629,192.5705919,278.1193278,63.4047059,0,0,0
2929509,78.06915887,556.2386557,336.0449413,0,0,0
3397060,64.19019729,424.4979214,221.9164706,346.2523949,394.6797174,0
2675331,120.5734787,0,133.1498824,0,0,0
2906515,45.97406022,0,0,0,0,0
1855616,28.62535825,541.6007963,196.5545883,0,828.8274066,0
754516,55.5158463,0,0,0,0,0
326522,96.28529593,395.2222027,329.7044707,0,828.8274066,0
2992140,18.21613707,0,0,461.6698599,0,0
1727,85.00863965,0,0,0,0,0
648995,60.7204569,0,285.3211765,0,0,0
1229727,0,0,310.6830589,0,0,0
644281,53.78097611,0,0,0,0,0
1776392,95.41786084,0,0,0,0,0
1178516,30.36022845,0,95.10705885,0,0,0
2833628,43.37175493,0,0,646.3378038,0,0
2213194,131.850135,0,63.4047059,0,0,0
433296,147.4639667,0,0,0,0,0
1912855,113.6339979,0,82.42611767,0,0,0
3384444,85.87607475,248.8436091,88.76658826,0,0,0
320912,252.4236137,0,0,0,0,0
59512,39.90201453,556.2386557,665.7494119,0,0,0
2796927,68.52737278,0,0,0,0,0
407164,23.42074766,219.5678904,88.76658826,738.6717758,0,0
1830,0,0,0,0,0,0
2991499,91.94812044,0,0,0,0,898.652022
1389004,14.74639667,0,145.8308236,0,0,0
1628086,104.0922118,0,0,0,0,0
3374600,84.14120456,0,101.4475294,0,0,0
97481,111.8991277,0,0,0,0,0
34,32.09509864,0,0,0,0,0
1442556,25.15561786,0,209.2355295,461.6698599,0,0
2303505,191.7031568,0,0,0,0,0
2709688,69.39480788,0,0,0,0,0
84159,25.15561786,0,0,0,0,0
47678,53.78097611,322.0329059,196.5545883,0,0,0
2780077,58.9855867,0,0,0,0,0
1188228,15.61383177,0,202.8950589,0,0,0
708126,89.34581515,0,63.4047059,0,0,0
59733,69.39480788,278.1193278,107.788,0,0,0
2818388,98.88760123,146.3785936,139.490353,323.1689019,0,0
2852117,0,0,0,0,0,0
2589790,85.87607475,0,0,0,0,0
185300,58.1181516,0,63.4047059,0,0,0
3098297,98.02016613,0,158.5117647,0,0,0
2810514,85.00863965,0,0,0,0,0
1077935,13.01152648,0,95.10705885,0,0,0
2995304,20.81844236,0,215.5760001,346.2523949,0,0
2020875,69.39480788,0,0,277.0019159,0,0
715,153.5360124,0,0,0,0,0
3020883,51.17867081,0,0,0,0,0
3252900,85.87607475,0,0,0,0,0
2984846,31.22766355,0,0,0,0,0
529,54.64841121,0,0,0,0,0
2676868,151.8011422,0,0,0,0,0
383750,57.2507165,0,0,0,0,0
1499687,120.5734787,0,0,0,0,0
2986838,77.20172377,0,0,0,0,0
1761794,23.42074766,0,95.10705885,0,0,0
103816,0,0,0,0,0,0
571256,28.62535825,614.7900931,202.8950589,0,0,0
2952477,240.2795223,0,76.08564708,1038.757185,0,0
78,16.48126687,0,0,0,0,0
2230877,101.4899065,0,0,0,0,0
1817965,24.28818276,0,139.490353,0,0,0
3042300,64.19019729,0,0,0,0,0
2980026,132.7175701,0,0,0,0,0
2782163,51.17867081,365.946484,291.6616471,253.9184229,631.4875479,0
1215089,81.53889926,0,0,0,0,0
159346,16.48126687,0,221.9164706,530.9203389,0,0
2036206,80.67146416,0,0,0,0,0
29486,95.41786084,0,76.08564708,0,0,0
2729421,94.55042574,0,0,0,0,0
553,65.05763239,0,133.1498824,0,0,0
28137,43.37175493,453.7736401,88.76658826,0,0,0
2494550,14.74639667,0,317.0235295,277.0019159,0,0
3028296,370.3947871,0,0,0,0,0
546367,139.6570509,351.3086246,126.8094118,346.2523949,0,0
80860,0,497.6872182,317.0235295,577.0873249,552.5516044,0
3424766,153.5360124,0,63.4047059,0,0,0
1094342,33.82996884,0,171.1927059,484.7533529,0,0
311182,0,0,183.8736471,0,513.0836326,0
1930071,56.3832814,0,0,0,0,0
1008,65.92506749,190.2921717,126.8094118,277.0019159,0,0
3042615,72.86454827,0,0,0,0,0
96344,13.01152648,0,0,0,0,0
2589986,41.63688473,0,0,0,0,0
2597518,47.70893042,0,0,0,0,0
2908843,57.2507165,0,164.8522353,0,0,0
28446,65.05763239,307.3950465,158.5117647,0,0,0
432329,0,0,0,0,0,0
2975482,275.8443613,0,0,0,0,0
2777186,97.15273103,0,69.74517649,0,0,0
2695882,73.73198337,0,0,0,0,0
80867,70.26224298,0,0,0,0,0
1028752,56.3832814,278.1193278,0,0,0,0
2937758,65.92506749,0,0,0,0,0
897,39.03457943,0,0,415.5028739,0,0
2774562,0,0,0,0,0,0
28447,306.2045898,0,0,0,0,0
3296934,35.56483904,0,0,0,0,0
2498451,75.46685357,0,101.4475294,0,0,649.0264603
316068,76.33428867,0,0,0,0,599.101348
1904862,64.19019729,0,0,0,0,0
1845000,45.10662512,248.8436091,171.1927059,0,0,0
2108445,55.5158463,190.2921717,171.1927059,554.0038319,0,0
2073078,43.37175493,0,0,0,0,0
96232,135.3198754,0,0,0,0,0
1636720,111.0316926,0,133.1498824,0,0,0
309805,132.7175701,0,0,0,0,0
2557994,130.1152648,175.6543123,190.2141177,0,0,0
2708350,53.78097611,0,0,0,0,0
1663591,0,0,171.1927059,0,0,0
46503,63.32276219,0,0,0,0,0
1967665,97.15273103,0,0,0,0,0
158500,16.48126687,0,0,0,0,0
3404132,33.82996884,351.3086246,323.3640001,577.0873249,0,0
197162,105.827082,0,0,300.0854089,0,0
52694,178.6916303,0,0,0,0,0
67345,24.28818276,0,0,1038.757185,0,0
1151742,11.27665628,0,88.76658826,0,0,0
1536774,0,0,0,0,0,0
285729,96.28529593,0,0,0,0,0
317658,37.29970924,190.2921717,63.4047059,0,0,0
2921670,95.41786084,0,0,0,0,0
349221,37.29970924,146.3785936,107.788,0,473.6156609,0
2842356,0,380.5843433,133.1498824,0,828.8274066,599.101348
528187,79.80402906,0,0,0,0,0
437900,70.26224298,0,76.08564708,0,0,0
2710596,287.1210176,292.7571872,152.1712942,230.8349299,0,0
3080760,71.99711318,0,0,0,0,0
3145235,14.74639667,0,63.4047059,0,0,0
673862,29.49279335,146.3785936,69.74517649,0,0,0
1109412,317.4812461,0,0,0,0,0
3138254,0,1332.045202,602.344706,0,0,0
516075,69.39480788,0,0,0,0,0
570162,32.09509864,190.2921717,145.8308236,0,0,0
106,63.32276219,263.4814685,190.2141177,0,0,0
907,205.5821183,0,0,0,0,0
2316383,47.70893042,234.2057498,107.788,0,0,0
3242681,29.49279335,0,0,0,0,0
2911520,30.36022845,0,0,0,0,0
47735,77.20172377,0,0,0,0,0
84595,1240.432191,0,0,0,0,0
652716,86.74350985,0,0,0,0,0
675,85.00863965,0,0,0,0,0
313603,129.2478297,0,88.76658826,0,0,0
249188,38.16714433,0,0,0,0,0
3093873,123.175784,0,152.1712942,0,0,0
299262,0,0,228.2569412,300.0854089,0,0
940614,55.5158463,483.0493589,317.0235295,346.2523949,473.6156609,0
3440155,52.04610591,0,0,0,0,0
1650,135.3198754,248.8436091,0,0,0,0
29520,73.73198337,0,0,0,0,0
2115,130.9826999,190.2921717,196.5545883,415.5028739,0,0
3290090,80.67146416,0,63.4047059,300.0854089,0,0
2886510,70.26224298,0,0,0,0,0
411153,130.9826999,0,171.1927059,0,0,0
1712410,44.23919002,234.2057498,101.4475294,0,0,0
3097547,100.6224714,0,139.490353,0,0,0
1333845,65.05763239,0,0,0,0,0
2879618,18.21613707,0,0,0,0,0
1678309,0,0,0,0,0,0
3003258,92.81555554,0,177.5331765,0,0,0
196162,0,204.930031,158.5117647,1084.924171,0,0
54259,0,0,0,0,0,0
1763534,145.7290965,0,69.74517649,0,0,0
1955013,134.4524403,0,0,0,0,0
3418415,19.95100727,0,0,0,0,798.8017973
3067780,2007.244818,0,0,0,0,0
3350167,120.5734787,161.016453,76.08564708,0,0,0
439387,19.08357217,0,0,0,0,0
2202827,40.76944963,0,0,0,0,0
2825845,0,0,0,0,0,0
2918516,130.9826999,0,0,0,0,0
3018314,105.827082,0,0,0,0,0
2518322,23.42074766,0,0,0,0,0
3036359,78.93659396,0,0,0,0,0
929813,23.42074766,409.8600621,209.2355295,277.0019159,710.4234913,0
172,53.78097611,0,0,0,0,0
2528025,40.76944963,395.2222027,278.9807059,392.4193809,0,0
858422,20.81844236,0,0,0,0,0
1312364,27.75792315,0,0,0,0,0
53946,280.1815368,0,114.1284706,0,0,0
33964,500.5100518,0,0,0,0,0
2992802,45.10662512,0,0,0,0,0
944547,68.52737278,0,0,0,0,0
1173026,93.68299064,0,228.2569412,0,0,0
471,140.524486,0,0,0,0,0
2033137,85.87607475,0,69.74517649,323.1689019,0,0
1564506,13.87896158,0,450.1734119,0,0,0
28169,100.6224714,0,0,277.0019159,0,0
3342538,85.00863965,146.3785936,0,0,0,0
3070680,85.87607475,219.5678904,82.42611767,461.6698599,0,0
46867,153.5360124,0,0,0,0,0
2448482,25.15561786,0,0,0,0,0
265668,39.90201453,0,0,738.6717758,0,0
2897332,0,0,0,923.3397198,0,0
3077735,43.37175493,0,310.6830589,0,0,0
1196095,137.0547456,0,0,0,0,0
2666183,46.84149532,0,0,0,0,0
1343,65.92506749,0,0,0,0,0
1301915,135.3198754,0,0,0,0,0
2567896,31.22766355,0,171.1927059,438.5863669,0,0
438856,10.40922118,0,0,0,0,0
143,28.62535825,0,76.08564708,669.4212968,0,0
3097546,65.92506749,146.3785936,0,0,0,0
632773,72.86454827,248.8436091,202.8950589,323.1689019,0,0
406552,0,585.5143744,355.066353,0,710.4234913,0
2708539,0,0,88.76658826,0,0,0
414771,129.2478297,0,88.76658826,0,0,0
3075823,151.8011422,0,76.08564708,0,0,0
1229621,69.39480788,0,0,0,0,0
2060312,54.64841121,0,0,0,0,0
3115297,79.80402906,0,0,0,0,0
2034517,97.15273103,0,126.8094118,0,0,0
2975292,236.8097819,0,0,0,0,0
3231513,17.34870197,0,0,877.1727338,0,0
1176721,39.90201453,0,63.4047059,0,0,0
29556,65.92506749,0,95.10705885,0,0,0
3058398,214.2564693,0,0,0,0,0
2782678,143.9942264,0,0,0,0,0
985762,183.8962409,0,63.4047059,0,0,0
1727164,103.2247767,0,0,0,0,0
2921466,89.34581515,0,0,0,0,0
2801997,151.8011422,307.3950465,107.788,0,394.6797174,0
2017482,43.37175493,0,374.0877648,323.1689019,0,0
1882438,97.15273103,161.016453,196.5545883,0,513.0836326,0
3386277,46.84149532,0,63.4047059,0,0,0
2070761,18.21613707,0,0,0,0,0
3017781,0,0,196.5545883,0,0,0
198832,15.61383177,0,0,0,0,0
351679,33.82996884,380.5843433,234.5974118,0,0,0
1388755,28.62535825,161.016453,63.4047059,0,0,0
1964215,42.50431983,0,107.788,0,0,0
167,31.22766355,146.3785936,139.490353,0,0,0
3058393,50.31123571,0,88.76658826,0,0,0
2528005,35.56483904,0,126.8094118,0,0,0
3374549,30.36022845,0,0,0,0,0
76887,21.68587746,0,95.10705885,0,0,0
1625,50.31123571,0,0,0,0,0
544580,24.28818276,0,0,0,0,0
2898793,41.63688473,0,0,0,0,0
1601,58.9855867,0,88.76658826,0,0,0
3421107,0,365.946484,285.3211765,253.9184229,670.9555196,0
2589903,32.96253374,0,0,0,0,0
256618,642.769408,0,120.4689412,0,0,0
552386,39.90201453,0,0,0,0,0
285983,52.04610591,204.930031,82.42611767,0,0,0
29549,21.68587746,0,171.1927059,369.3358879,0,0
92406,71.99711318,717.2551086,405.7901177,0,473.6156609,0
2705319,85.87607475,0,348.7258824,0,0,0
2897181,182.1613707,0,0,0,0,0
264697,130.1152648,146.3785936,95.10705885,0,0,0
44251,113.6339979,0,0,0,0,0
2746932,70.26224298,175.6543123,133.1498824,369.3358879,0,0
3383314,0,0,0,1823.595947,0,0
423351,133.5850052,0,95.10705885,0,0,0
302167,151.8011422,0,0,0,0,0
3421172,17.34870197,0,183.8736471,669.4212968,0,0
2724,32.96253374,0,0,0,0,0
2170729,22.55331256,0,101.4475294,392.4193809,0,0
394751,25.15561786,234.2057498,202.8950589,0,513.0836326,0
28107,78.93659396,161.016453,0,0,0,0
1050624,0,0,0,300.0854089,0,0
419257,122.3083489,0,0,0,0,0
1492898,154.4034475,0,0,0,0,0
2861782,63.32276219,190.2921717,88.76658826,369.3358879,434.1476892,0
2897773,0,453.7736401,348.7258824,0,1065.635237,0
166501,33.82996884,0,0,0,0,0
28184,168.2824091,0,0,0,0,0
84757,45.10662512,0,177.5331765,577.0873249,0,0
3119977,84.14120456,0,0,0,0,0
104609,56.3832814,0,139.490353,0,0,0
1704499,25.15561786,0,82.42611767,0,0,0
138072,128.3803946,0,0,0,0,0
1208324,30.36022845,0,253.6188236,0,0,0
2864210,19.95100727,0,0,0,0,0
2483033,8.674350985,263.4814685,221.9164706,0,0,0
1449,75.46685357,190.2921717,107.788,0,0,0
2932255,72.86454827,0,0,0,0,0
28068,51.17867081,0,114.1284706,392.4193809,0,0
1929246,66.79250258,0,0,0,0,0
1389005,26.89048805,0,209.2355295,0,0,0
3402159,57.2507165,0,82.42611767,0,0,0
1210884,27.75792315,0,0,0,0,0
2709390,0,1258.855905,665.7494119,0,0,0
29358,100.6224714,0,69.74517649,0,0,0
515256,38.16714433,0,0,0,0,0
2045208,27.75792315,351.3086246,202.8950589,0,0,0
28111,29.49279335,0,0,0,0,0
286727,0,0,0,0,0,0
3412034,97.15273103,0,0,0,0,0
248903,75.46685357,0,0,0,0,0
3039116,124.9106542,0,0,0,0,0
2895352,41.63688473,0,0,0,0,0
28171,77.20172377,0,0,0,0,0
1226968,0,0,0,0,0,0
266749,173.4870197,0,0,0,0,0
357441,198.6426376,0,0,0,0,0
435,97.15273103,0,126.8094118,0,0,0
2921616,29.49279335,497.6872182,0,0,0,0
2127060,24.28818276,0,0,0,0,0
109790,42.50431983,0,0,0,0,0
2895522,12.14409138,234.2057498,164.8522353,0,631.4875479,0
3093923,384.2737486,0,0,0,0,0
2792479,159.6080581,0,0,0,0,0
2681984,54.64841121,248.8436091,101.4475294,0,0,0
423477,108.4293873,0,0,253.9184229,0,0
39791,65.05763239,0,0,0,0,0
45497,291.4581931,0,0,0,0,0
3060757,96.28529593,234.2057498,133.1498824,0,394.6797174,0
3070659,707.8270404,146.3785936,152.1712942,0,0,0
1434102,98.02016613,497.6872182,266.2997648,0,0,948.5771343
357999,141.3919211,0,0,0,0,0
2686359,56.3832814,336.6707653,272.6402354,0,0,0
3239962,0,0,0,0,0,0
1445505,39.90201453,0,0,0,0,0
3020056,24.28818276,0,0,0,0,0
3003623,199.5100727,0,0,0,0,0
1470067,62.45532709,0,0,253.9184229,0,0
1294262,51.17867081,0,114.1284706,0,0,0
3398209,58.9855867,0,0,0,0,0
2774875,38.16714433,0,0,0,0,0
2954078,32.09509864,0,0,0,0,0
596095,201.2449429,0,0,0,0,0
2923283,73.73198337,0,0,0,0,0
399176,17.34870197,0,0,0,0,0
2479546,16.48126687,0,0,0,0,0
40223,13.01152648,0,0,0,0,0
2487742,8.674350985,409.8600621,177.5331765,277.0019159,0,0
70346,124.0432191,0,0,0,0,0
2921460,67.65993768,0,0,0,0,0
126156,80.67146416,0,0,0,0,0
1500254,111.0316926,0,0,0,0,0
399,108.4293873,0,101.4475294,484.7533529,0,0
1755811,170.0172793,0,63.4047059,0,0,0
904039,0,0,0,1592.761017,0,0
3144951,0,0,399.4496472,0,0,0
1233113,0,0,0,0,0,0
50052,58.1181516,146.3785936,0,0,0,0
3374189,62.45532709,0,0,0,0,0
3423439,35.56483904,0,0,0,0,0
52022,189.9682866,0,0,0,0,0
171288,163.0777985,248.8436091,164.8522353,0,0,0
2508708,136.1873105,0,0,0,0,0
46020,0,570.876515,234.5974118,230.8349299,552.5516044,0
3395467,73.73198337,0,0,0,0,0
2497863,25.15561786,0,0,0,0,0
1778540,333.9625129,0,0,0,0,0
717609,57.2507165,0,0,0,0,0
216932,209.0518587,0,0,0,0,0
185007,79.80402906,0,0,0,0,0
3069118,38.16714433,0,196.5545883,0,0,0
3133297,0,0,0,0,0,0
2908839,19.08357217,0,0,0,0,0
2741070,67.65993768,0,0,0,0,0
2068655,91.94812044,687.9793899,215.5760001,0,789.3594348,0
652787,59.8530218,0,0,0,0,0
980251,17.34870197,0,82.42611767,300.0854089,0,0
1658616,98.88760123,0,0,0,0,0
1689834,64.19019729,0,0,0,0,0
3243388,0,0,0,0,0,0
44250,196.0403323,0,76.08564708,0,0,0
41673,97.15273103,351.3086246,247.278353,0,0,0
1250205,110.1642575,0,69.74517649,0,0,0
3016528,63.32276219,0,177.5331765,0,0,0
66969,36.43227414,0,0,0,0,0
3018315,158.740623,248.8436091,342.3854118,0,0,0
2849779,23.42074766,0,82.42611767,0,0,0
2909669,49.44380061,0,95.10705885,0,0,0
1325090,12.14409138,0,0,0,0,0
29423,71.99711318,0,0,0,0,0
2908646,281.0489719,0,0,0,0,0
28183,162.2103634,395.2222027,164.8522353,0,0,0
393657,44.23919002,0,0,0,0,0
123899,0,0,240.9378824,738.6717758,0,0
2766526,46.84149532,0,101.4475294,0,0,0
753,77.20172377,0,152.1712942,0,0,0
1277350,19.08357217,468.4114995,202.8950589,0,473.6156609,0
3057114,0,1229.580186,627.7065884,0,0,0
2598579,41.63688473,0,145.8308236,0,0,0
2682541,61.58789199,0,0,0,0,0
3422597,0,0,0,0,0,0
3076558,64.19019729,0,0,0,0,0
41170,104.9596469,175.6543123,82.42611767,0,0,0
47715,82.40633436,0,0,0,0,0
269673,82.40633436,0,0,0,0,0
2877527,210.7867289,0,234.5974118,0,0,0
1631968,26.02305296,0,621.3661178,0,0,0
3161071,16.48126687,0,0,0,0,0
878220,140.524486,0,0,0,0,0
649161,0,0,0,0,0,0
1504981,36.43227414,0,0,0,0,0
3440154,32.09509864,0,0,0,0,0
1333662,255.025919,0,202.8950589,0,0,0
2763670,78.06915887,0,0,0,0,0
2014,38.16714433,0,0,0,0,0
2986834,109.2968224,190.2921717,177.5331765,0,0,0
1500960,40.76944963,0,0,0,0,0
3058432,65.92506749,234.2057498,114.1284706,0,0,0
33941,0,0,0,0,0,0
47760,0,0,0,0,0,0
41997,56.3832814,0,0,646.3378038,0,0
315358,15.61383177,0,0,0,0,0
36841,59.8530218,0,0,0,0,0
2518973,62.45532709,0,0,0,0,0
204039,50.31123571,614.7900931,0,0,0,0
2921679,91.08068534,0,82.42611767,0,0,0
1234143,114.501433,0,0,0,0,0
434008,0,0,0,0,0,0
3077789,122.3083489,0,0,0,0,599.101348
421,53.78097611,292.7571872,145.8308236,0,434.1476892,0
3092138,51.17867081,0,209.2355295,369.3358879,0,0
592978,49.44380061,0,0,0,0,0
406548,12.14409138,0,107.788,438.5863669,0,0
418008,97.15273103,0,0,0,0,0
2921364,33.82996884,0,0,0,0,0
2732163,8.674350985,395.2222027,0,0,0,0
3156486,35.56483904,234.2057498,82.42611767,0,0,0
1503054,0,351.3086246,177.5331765,0,789.3594348,0
1629,81.53889926,0,0,0,0,0
204,42.50431983,351.3086246,171.1927059,0,552.5516044,0
1293,140.524486,0,0,0,0,0
3241169,24.28818276,526.9629369,240.9378824,0,0,0
935293,39.03457943,0,0,0,0,0
2738883,39.90201453,0,63.4047059,369.3358879,0,0
2864209,34.69740394,0,0,0,0,0
173366,28.62535825,190.2921717,126.8094118,0,473.6156609,0
2153354,51.17867081,0,0,0,0,0
890415,91.08068534,0,336.0449413,0,0,0
1935446,233.3400415,0,0,0,0,0
313985,54.64841121,0,0,0,0,0
2487892,0,248.8436091,126.8094118,0,0,1447.828258
53360,21.68587746,0,0,0,0,0
3123317,48.57636552,146.3785936,0,0,0,0
3034674,96.28529593,0,107.788,300.0854089,0,0
2143,107.5619522,0,120.4689412,0,0,0
2997337,0,0,95.10705885,0,0,0
459472,0,0,0,0,0,0
82688,71.12967808,175.6543123,0,0,0,0
3322121,13.87896158,0,0,923.3397198,0,0
79885,168.2824091,0,0,0,0,0
404386,0,0,145.8308236,784.8387618,0,0
2755338,478.8241744,0,0,0,0,0
3064265,32.09509864,0,0,323.1689019,0,0
682998,0,0,0,600.1708178,0,0
3065647,188.2334164,0,0,0,0,0
2734118,0,0,107.788,300.0854089,0,0
3395462,57.2507165,146.3785936,126.8094118,0,0,0
2006131,143.1267913,0,152.1712942,0,0,0
1993,45.10662512,219.5678904,240.9378824,623.2543108,0,0
53443,96.28529593,219.5678904,202.8950589,0,394.6797174,0
86660,108.4293873,0,0,0,0,0
1541,83.27376946,0,0,0,0,0
69666,9.541786084,453.7736401,139.490353,0,0,0
2509675,263.7002699,161.016453,114.1284706,0,0,0
333962,186.4985462,0,0,0,0,0
3118105,13.87896158,175.6543123,133.1498824,0,0,549.1762356
2921389,73.73198337,0,0,0,0,0
202951,55.5158463,0,0,0,0,0
391036,22.55331256,161.016453,107.788,0,394.6797174,0
393662,0,0,133.1498824,738.6717758,0,0
2755562,146.5965316,234.2057498,196.5545883,0,0,0
1867719,29.49279335,0,69.74517649,0,0,0
3015983,27.75792315,263.4814685,126.8094118,0,434.1476892,0
1834192,47.70893042,0,0,0,0,0
2698672,46.84149532,0,0,0,0,0
2662262,89.34581515,0,0,0,0,0
2975955,13.01152648,0,0,1223.425129,0,0
2731552,0,0,0,0,0,0
1309795,9.541786084,0,0,0,0,0
1904378,58.9855867,0,114.1284706,253.9184229,0,0
2704462,135.3198754,0,0,0,0,0
2259672,34.69740394,497.6872182,247.278353,0,907.76335,0
1166950,47.70893042,0,88.76658826,530.9203389,0,0
3412684,137.0547456,307.3950465,215.5760001,807.9222548,0,0
2006115,122.3083489,0,0,0,0,0
1748242,19.95100727,336.6707653,0,0,0,0
1148196,29.49279335,0,82.42611767,0,0,0
2478663,91.08068534,0,0,0,0,0
1399115,0,424.4979214,139.490353,0,513.0836326,0
692036,0,0,0,0,0,0
39777,41.63688473,541.6007963,145.8308236,0,513.0836326,0
673372,164.8126687,0,107.788,0,0,0
101385,95.41786084,0,88.76658826,0,0,0
2979869,47.70893042,0,120.4689412,0,394.6797174,0
1545044,0,263.4814685,133.1498824,507.8368459,0,0
3153301,45.97406022,0,0,0,0,0
1336802,90.21325024,0,0,0,0,0
291048,134.4524403,0,0,0,0,0
2689109,102.3573416,0,0,0,0,0
2901836,27.75792315,0,0,0,0,0
2233542,51.17867081,0,0,0,0,0
2220096,0,0,126.8094118,0,0,0
2804617,0,0,63.4047059,0,0,0
55212,42.50431983,0,120.4689412,0,0,0
29370,140.524486,0,0,0,0,0
271098,72.86454827,0,0,0,0,0
300231,287.9884527,175.6543123,126.8094118,0,0,0
3077734,163.9452336,863.6337022,615.0256472,0,0,0
47917,107.5619522,292.7571872,114.1284706,0,0,0
1873425,158.740623,0,0,0,0,0
1972867,464.0777777,0,183.8736471,0,0,0
2051959,92.81555554,0,0,0,0,0
1716543,167.414974,161.016453,0,0,0,0
2852098,108.4293873,0,0,0,0,0
3423956,273.242056,0,0,0,0,0
243899,30.36022845,161.016453,107.788,0,0,0
2912315,75.46685357,0,0,0,0,0
876,120.5734787,0,0,0,0,0
1891207,48.57636552,0,0,0,0,0
2994078,71.99711318,0,0,0,0,0
1751095,412.8991069,0,126.8094118,0,0,0
2109,111.0316926,0,0,0,0,0
2723092,46.84149532,146.3785936,63.4047059,0,0,0
36854,24.28818276,0,0,0,0,0
2304600,0,0,88.76658826,300.0854089,0,0
400092,96.28529593,0,0,0,0,0
404011,66.79250258,0,0,0,0,0
2745562,52.91354101,0,0,0,0,0
2787629,221.1959501,0,0,0,0,0
459529,222.0633852,0,0,0,0,0
712368,0,0,0,0,0,0
2219696,157.0057528,556.2386557,221.9164706,0,0,0
1525218,39.03457943,0,0,0,0,0
1798225,112.7665628,0,114.1284706,0,0,0
2778911,105.827082,219.5678904,164.8522353,0,434.1476892,0
2694930,51.17867081,0,0,300.0854089,0,0
2587847,0,0,488.2162354,0,0,0
436663,0,0,0,0,0,0
3115296,63.32276219,0,0,0,0,0
879970,146.5965316,0,101.4475294,0,0,0
28173,113.6339979,0,0,0,0,0
86665,70.26224298,0,0,0,0,0
1244531,85.87607475,0,82.42611767,0,0,0
3093854,53.78097611,0,69.74517649,0,0,0
1795874,46.84149532,0,0,0,0,0
412690,0,0,0,577.0873249,0,0
1128137,58.1181516,0,0,0,0,0
1453352,59.8530218,0,95.10705885,0,0,0
3100176,45.10662512,0,0,0,0,0
3029053,13.87896158,0,0,0,0,0
3128900,22.55331256,0,95.10705885,0,0,0
3059078,101.4899065,146.3785936,114.1284706,0,0,0
95619,37.29970924,0,0,0,0,0
2720720,22.55331256,0,0,0,0,0
61435,207.3169885,0,0,0,0,0
495820,132.7175701,0,0,0,0,0
402384,104.9596469,0,0,0,0,0
2496266,303.6022845,0,0,0,0,0
3073816,122.3083489,0,0,0,0,0
116718,207.3169885,0,76.08564708,0,0,0
2267253,49.44380061,263.4814685,158.5117647,0,434.1476892,0
321662,15.61383177,0,0,0,0,0
255045,55.5158463,0,76.08564708,0,0,0
2608982,39.03457943,0,0,0,0,0
2592382,45.10662512,0,0,0,0,0
2607663,0,0,0,0,0,0
1758374,98.02016613,0,88.76658826,0,0,0
2925838,52.04610591,0,0,0,0,0
3230969,40.76944963,0,76.08564708,0,0,0
746691,211.654164,0,114.1284706,0,0,0
2725558,71.12967808,0,0,0,0,0
2924033,83.27376946,248.8436091,126.8094118,0,0,0
455344,0,409.8600621,177.5331765,0,749.8914631,0
3423955,0,0,95.10705885,900.2562268,0,0
47877,62.45532709,0,0,0,0,0
3445672,0,0,0,0,0,0
1288970,33.82996884,219.5678904,0,253.9184229,0,0
128780,126.6455244,0,0,0,0,0
56455,20.81844236,0,0,0,0,0
1528106,36.43227414,0,0,0,0,0
931531,57.2507165,0,158.5117647,0,0,0
390884,86.74350985,0,88.76658826,0,0,0
1141221,0,0,0,0,0,0
3079861,32.09509864,0,0,0,0,0
2518177,138.7896158,0,0,0,0,0
2946593,38.16714433,380.5843433,177.5331765,0,394.6797174,0
504468,19.95100727,0,63.4047059,253.9184229,0,0
413503,11.27665628,424.4979214,247.278353,0,0,0
1917421,86.74350985,0,0,0,0,0
1735111,55.5158463,0,0,0,0,0
1302659,35.56483904,0,0,0,0,0
680026,48.57636552,0,0,0,0,0
1108595,80.67146416,248.8436091,209.2355295,0,0,0
2739434,32.09509864,0,0,0,0,0
2689107,52.04610591,0,0,0,0,0
401472,0,0,0,0,0,0
3389876,50.31123571,0,209.2355295,0,0,0
52,233.3400415,0,63.4047059,369.3358879,0,0
2572923,67.65993768,0,88.76658826,0,0,0
981385,79.80402906,146.3785936,133.1498824,0,0,0
55518,0,0,69.74517649,277.0019159,0,0
284581,90.21325024,0,0,0,0,0
34004,34.69740394,0,88.76658826,0,0,0
1387353,31.22766355,0,69.74517649,253.9184229,0,0
3050131,57.2507165,0,0,0,0,0
521520,32.96253374,0,95.10705885,277.0019159,0,549.1762356
160791,17.34870197,0,196.5545883,0,0,0
198119,78.06915887,0,0,0,0,0
1872431,13.87896158,0,0,323.1689019,0,0
2106,50.31123571,0,0,0,0,0
3242727,84.14120456,0,0,0,0,0
3080056,69.39480788,0,0,0,0,0
2903661,0,717.2551086,1001.794353,0,0,0
2910158,240.2795223,0,0,0,0,0
158850,104.9596469,0,0,0,0,0
285450,0,468.4114995,285.3211765,0,789.3594348,0
81459,58.1181516,190.2921717,76.08564708,0,394.6797174,649.0264603
2590016,51.17867081,0,139.490353,0,0,0
3395916,26.02305296,0,145.8308236,0,0,0
2528023,16.48126687,0,101.4475294,438.5863669,0,0
216778,26.02305296,0,114.1284706,669.4212968,0,0
164608,41.63688473,0,0,0,0,0
58839,111.8991277,365.946484,164.8522353,0,394.6797174,0
2652274,117.9711734,234.2057498,69.74517649,0,0,0
1246,98.02016613,0,0,0,0,0
2712222,0,190.2921717,158.5117647,277.0019159,0,0
1325358,85.00863965,0,107.788,0,0,0
322019,32.09509864,219.5678904,171.1927059,0,434.1476892,0
2202647,0,0,0,0,0,0
226505,125.7780893,0,145.8308236,0,0,0
169430,306.2045898,0,0,0,0,0
2593652,73.73198337,234.2057498,126.8094118,0,0,0
1825976,33.82996884,0,0,0,0,0
2589987,80.67146416,0,164.8522353,369.3358879,0,0
2847045,0,0,0,0,0,0
1964449,0,204.930031,177.5331765,0,1262.975096,0
69284,17.34870197,0,0,0,0,0
2675797,0,556.2386557,228.2569412,0,670.9555196,0
1404888,54.64841121,0,0,0,0,0
353851,168.2824091,0,0,0,0,0
3342640,195.1728972,234.2057498,158.5117647,530.9203389,0,0
454601,56.3832814,0,88.76658826,0,0,0
861445,52.91354101,439.1357808,228.2569412,530.9203389,0,0
339862,62.45532709,161.016453,145.8308236,0,0,0
1855610,172.6195846,0,0,0,0,0
3053655,69.39480788,0,0,0,0,0
1621989,36.43227414,0,0,0,0,0
3410790,32.09509864,0,0,230.8349299,0,0
2124,83.27376946,0,0,0,0,0
335406,21.68587746,0,139.490353,0,0,0
2785746,51.17867081,0,0,0,0,0
1788301,75.46685357,0,0,0,0,0
198483,58.9855867,0,0,0,0,0
2809707,106.6945171,0,0,0,0,0
2692134,25.15561786,0,0,0,0,0
3092148,10.40922118,0,234.5974118,253.9184229,0,0
1630406,172.6195846,0,0,0,0,0
34090,236.8097819,190.2921717,88.76658826,0,0,0
3029272,52.91354101,0,0,0,0,0
1458461,10.40922118,0,0,0,0,0
2715959,100.6224714,0,0,0,0,0
129338,67.65993768,0,0,0,0,0
2035858,35.56483904,0,0,0,0,0
2735134,8.674350985,0,63.4047059,1108.007664,0,0
2744521,39.03457943,0,0,0,0,0
184064,43.37175493,146.3785936,0,0,0,0
1877,19.95100727,0,0,530.9203389,0,0
2819290,109.2968224,0,0,0,0,0
3454464,33.82996884,0,0,0,0,0
2963940,0,0,0,0,0,0
3416668,46.84149532,0,0,0,0,0
574727,84.14120456,0,0,0,0,0
171523,41.63688473,0,0,0,0,0
3139328,64.19019729,0,0,0,0,0
1763363,139.6570509,234.2057498,126.8094118,0,0,0
2952932,36.43227414,0,0,0,0,0
2878151,0,0,0,0,0,0
66269,226.4005607,0,0,0,0,0
640330,98.02016613,0,0,0,0,0
2722752,37.29970924,0,95.10705885,461.6698599,0,0
938288,74.59941847,0,0,0,0,0
505341,373.8645275,0,0,0,0,0
2259595,109.2968224,0,107.788,0,0,0
2214,57.2507165,0,0,0,0,0
1244,37.29970924,161.016453,152.1712942,0,473.6156609,0
1955412,0,0,0,484.7533529,0,0
1918946,19.08357217,0,0,0,0,0
564064,9.541786084,219.5678904,164.8522353,0,394.6797174,0
1499973,39.03457943,0,0,0,0,0
3406418,143.9942264,0,120.4689412,0,0,0
1027273,71.99711318,0,0,0,0,0
3070815,30.36022845,0,82.42611767,0,0,0
1918945,66.79250258,175.6543123,88.76658826,0,0,0
360911,152.6685773,0,0,0,0,0
3239934,0,278.1193278,202.8950589,461.6698599,0,0
522485,45.10662512,278.1193278,145.8308236,230.8349299,0,0
1472767,98.88760123,0,0,0,0,0
2053287,114.501433,644.0658118,215.5760001,0,0,0
2920382,71.12967808,0,0,0,0,0
3036303,78.93659396,0,0,0,0,0
2040469,85.87607475,0,82.42611767,0,0,0
187493,36.43227414,0,0,0,0,0
3136295,165.6801038,526.9629369,158.5117647,392.4193809,0,0
859058,80.67146416,0,114.1284706,0,0,0
2921573,104.0922118,0,0,0,0,0
3035935,0,0,88.76658826,253.9184229,0,0
686597,26.02305296,0,0,0,0,0
36873,35.56483904,0,0,0,0,0
1261634,51.17867081,907.5472803,418.4710589,0,0,0
539262,121.4409138,0,0,0,0,0
2487118,69.39480788,146.3785936,76.08564708,300.0854089,0,0
2552947,211.654164,0,0,0,0,0
2986827,85.00863965,0,95.10705885,0,0,0
2903669,13.87896158,0,0,0,0,0
2897772,0,0,0,0,0,0
2954094,0,0,0,0,0,0
558537,272.3746209,0,0,0,0,0
2742685,86.74350985,0,0,0,0,0
38323,95.41786084,0,0,0,0,0
2772557,47.70893042,0,0,0,0,0
1529069,60.7204569,0,564.3018825,0,0,0
3072793,0,0,0,300.0854089,0,0
2724528,24.28818276,0,0,831.0057478,0,0
2937788,29.49279335,234.2057498,247.278353,0,0,0
2921563,0,0,0,0,0,0
3121287,13.01152648,0,82.42611767,230.8349299,0,0
2479367,45.97406022,0,0,0,0,0
1524259,12.14409138,0,285.3211765,0,0,0
2918914,88.47838005,161.016453,88.76658826,0,0,0
2094020,17.34870197,0,82.42611767,0,0,0
3378765,0,0,0,0,0,0
3342676,92.81555554,0,0,0,0,0
2942908,0,0,0,0,0,1148.277584
470565,30.36022845,0,0,0,0,0
74109,139.6570509,190.2921717,95.10705885,0,0,0
166314,14.74639667,0,202.8950589,323.1689019,0,0
2600598,33.82996884,0,0,0,0,0
80679,15.61383177,0,101.4475294,461.6698599,0,0
2175619,70.26224298,0,0,0,0,0
1886,397.2852751,0,0,0,0,0
2303538,44.23919002,175.6543123,196.5545883,0,0,0
2913503,0,0,0,0,0,0
216427,135.3198754,0,0,0,0,0
2832500,27.75792315,0,0,0,0,0
3080759,79.80402906,0,76.08564708,0,0,0
2662448,17.34870197,0,0,0,0,0
1138189,0,0,0,0,0,0
1720343,78.06915887,0,0,0,0,0
3070676,65.92506749,0,0,0,0,0
525886,19.08357217,0,0,0,0,0
242600,29.49279335,0,0,0,0,0
1336795,117.9711734,0,95.10705885,0,0,0
248039,74.59941847,0,0,0,0,0
2740404,63.32276219,0,0,0,0,0
3132747,38.16714433,0,0,0,0,0
2819100,14.74639667,0,114.1284706,715.5882828,0,0
1006005,38.16714433,278.1193278,139.490353,0,0,0
2981138,85.87607475,0,88.76658826,0,0,0
471827,0,0,0,369.3358879,0,948.5771343
2946605,26.89048805,600.1522337,0,0,0,0
3391828,81.53889926,0,82.42611767,0,0,0
1532350,55.5158463,307.3950465,95.10705885,0,749.8914631,0
3463854,387.743489,0,63.4047059,0,0,0
337,105.827082,365.946484,190.2141177,415.5028739,0,0
1806508,32.09509864,0,164.8522353,0,0,0
730,17.34870197,0,0,0,0,0
712361,45.10662512,0,0,0,0,0
120959,26.89048805,0,0,0,0,0
1481663,93.68299064,0,82.42611767,0,0,0
2932183,72.86454827,380.5843433,253.6188236,0,670.9555196,0
170573,114.501433,0,0,0,0,0
69896,66.79250258,161.016453,76.08564708,0,0,0
1740262,107.5619522,175.6543123,101.4475294,0,0,0
2839024,167.414974,0,0,0,0,0
2560053,32.09509864,175.6543123,95.10705885,0,0,0
3422307,24.28818276,0,63.4047059,369.3358879,0,0
2175646,0,0,0,0,0,0
83683,104.0922118,0,0,0,0,0
3077926,195.1728972,0,0,0,0,0
395922,1270.792419,0,0,0,0,0
2961941,102.3573416,0,0,0,0,0
2587852,0,0,304.3425883,0,0,0
2995223,79.80402906,0,0,0,0,0
653937,154.4034475,0,0,0,0,0
1273132,36.43227414,0,0,0,0,0
3093867,268.0374454,0,82.42611767,0,0,0
1325115,30.36022845,0,0,0,0,0
52443,104.0922118,0,126.8094118,0,0,0
3429985,13.01152648,0,0,0,0,0
2872754,52.91354101,0,88.76658826,0,0,0
79263,91.94812044,0,0,0,0,0
2913614,54.64841121,190.2921717,69.74517649,0,0,0
186490,65.92506749,0,0,0,0,0
240495,47.70893042,0,0,854.0892408,0,0
428411,32.96253374,0,0,0,0,0
1642819,51.17867081,0,0,0,0,0
1842539,13.87896158,0,0,0,0,0
748280,49.44380061,234.2057498,126.8094118,0,434.1476892,549.1762356
940,58.1181516,0,0,0,0,0
2704651,427.6455036,0,133.1498824,0,0,0
2184161,60.7204569,0,0,0,0,0
985002,140.524486,0,0,0,0,0
45067,63.32276219,0,0,0,0,0
3414511,100.6224714,161.016453,69.74517649,0,0,0
46541,85.87607475,204.930031,145.8308236,0,0,0
2269374,50.31123571,0,0,0,0,0
3069686,52.04610591,146.3785936,88.76658826,0,0,0
107327,115.3688681,0,0,0,0,0
1776742,141.3919211,0,0,0,0,0
29362,93.68299064,0,0,0,0,0
2923362,24.28818276,0,0,0,0,0
1773489,16.48126687,161.016453,114.1284706,230.8349299,0,0
293091,149.1988369,0,0,0,0,599.101348
573501,85.87607475,0,164.8522353,0,0,0
3022250,41.63688473,0,0,0,0,0
481353,115.3688681,292.7571872,164.8522353,0,0,0
102134,85.87607475,0,69.74517649,0,0,0
480520,68.52737278,0,0,0,0,0
690594,18.21613707,204.930031,183.8736471,0,0,798.8017973
1323375,78.06915887,0,0,0,0,0
2331,76.33428867,0,0,0,0,0
2650471,16.48126687,0,0,300.0854089,0,0
1563703,163.0777985,0,0,0,0,0
2781899,33.82996884,0,63.4047059,323.1689019,0,0
2583587,201.2449429,0,0,0,0,0
379097,30.36022845,0,0,0,0,0
2614693,13.01152648,278.1193278,107.788,346.2523949,0,599.101348
2582913,11.27665628,0,76.08564708,0,0,0
2728827,19.95100727,0,114.1284706,530.9203389,0,0
480418,0,263.4814685,266.2997648,0,1065.635237,0
1834193,86.74350985,0,0,0,0,0
2138,44.23919002,0,0,0,0,0
710190,235.0749117,0,0,0,0,0
59814,48.57636552,0,158.5117647,0,552.5516044,0
1316941,135.3198754,0,0,0,0,0
2866808,0,0,0,0,0,0
3349874,17.34870197,0,0,0,0,0
3445777,0,0,0,0,0,0
2675790,17.34870197,0,0,0,0,1198.202696
42422,28.62535825,0,0,346.2523949,0,0
1387555,96.28529593,0,0,0,0,0
87541,65.05763239,0,0,0,0,0
41675,49.44380061,234.2057498,95.10705885,0,473.6156609,0
44009,207.3169885,0,0,0,0,0
414778,62.45532709,0,0,0,0,0
3017782,0,0,0,0,0,0
1071983,32.09509864,0,0,0,0,0
658062,55.5158463,175.6543123,107.788,323.1689019,0,0
351604,37.29970924,0,0,0,0,0
3152361,56.3832814,146.3785936,76.08564708,0,0,0
2202721,130.1152648,0,0,0,0,0
3004093,364.3227414,0,0,0,0,0
225992,27.75792315,0,0,0,0,0
1176536,0,0,0,0,0,0
89014,32.96253374,0,0,0,0,0
570505,56.3832814,0,0,0,0,0
1987580,46.84149532,0,0,0,0,0
138118,36.43227414,278.1193278,145.8308236,369.3358879,552.5516044,0
3234141,332.2276427,0,0,0,0,0
3436242,41.63688473,0,0,0,0,0
552467,116.2363032,0,0,0,0,0
45243,169.1498442,0,0,0,0,0
2676871,10.40922118,0,0,0,0,0
2014887,9.541786084,0,0,0,0,0
2711231,30.36022845,0,95.10705885,0,0,0
2762331,12.14409138,0,0,0,0,0
1410606,16.48126687,0,0,0,0,0
2189,110.1642575,175.6543123,69.74517649,0,0,0
33934,91.08068534,0,0,0,0,0
1125966,86.74350985,0,0,0,0,0
214853,58.9855867,0,0,0,0,0
2583989,19.08357217,322.0329059,0,0,0,0
34002,0,0,152.1712942,0,0,0
1752398,27.75792315,336.6707653,247.278353,0,0,0
160808,20.81844236,248.8436091,133.1498824,392.4193809,0,0
28227,90.21325024,0,0,0,0,0
2998077,83.27376946,673.3415305,272.6402354,0,0,0
1249630,32.96253374,0,0,0,0,0
2904121,25.15561786,0,0,0,0,0
2878680,0,292.7571872,228.2569412,0,0,0
2528026,75.46685357,0,63.4047059,253.9184229,0,0
2704653,58.1181516,0,0,0,0,0
1878942,0,0,0,0,0,0
2785785,29.49279335,0,0,0,0,0
2930200,80.67146416,219.5678904,82.42611767,0,0,0
496056,36.43227414,0,0,0,0,0
3060301,71.12967808,0,76.08564708,0,0,0
2828763,42.50431983,0,0,0,0,0
2750995,94.55042574,0,0,0,0,0
1673428,124.0432191,0,76.08564708,0,0,0
586733,86.74350985,0,0,0,0,0
3117013,17.34870197,365.946484,221.9164706,0,592.0195761,0
518898,19.95100727,0,0,0,0,0
1395624,185.6311111,0,0,0,0,0
3074378,60.7204569,0,0,0,0,0
2903644,0,819.7201241,735.4945884,0,0,0
167964,22.55331256,0,0,0,0,0
491948,66.79250258,0,0,0,0,0
45363,20.81844236,0,0,0,0,0
2317,320.0835513,190.2921717,82.42611767,0,0,0
617123,111.8991277,0,0,0,0,0
1731,35.56483904,395.2222027,190.2141177,0,631.4875479,0
555315,52.04610591,0,0,0,0,0
1848766,55.5158463,0,0,0,0,0
2781774,71.12967808,0,107.788,0,0,0
2708020,92.81555554,234.2057498,145.8308236,277.0019159,0,0
2287,67.65993768,0,0,0,0,0
3132265,49.44380061,0,82.42611767,0,0,0
2996794,110.1642575,0,0,0,0,0
747522,202.9798131,0,348.7258824,0,0,0
2782004,28.62535825,0,0,0,0,0
46506,26.02305296,0,0,0,0,0
3002900,182.1613707,0,0,0,0,0
2303331,39.03457943,0,0,230.8349299,0,0
2723090,93.68299064,0,0,0,0,0
214888,58.1181516,0,0,0,0,0
2912228,231.6051713,204.930031,88.76658826,0,0,0
2893889,70.26224298,336.6707653,278.9807059,323.1689019,0,0
2807101,58.9855867,0,0,507.8368459,0,0
2681552,44.23919002,0,0,0,0,0
2813577,22.55331256,0,209.2355295,669.4212968,0,0
107400,0,0,0,0,0,0
1867846,300.1325441,0,0,0,0,0
861299,21.68587746,0,126.8094118,392.4193809,0,0
2081791,33.82996884,0,0,0,0,0
3118169,13.01152648,0,0,0,0,1497.75337
280145,131.850135,0,88.76658826,0,0,0
472,22.55331256,190.2921717,0,0,0,0
659,189.9682866,0,0,0,0,0
3048609,21.68587746,0,0,0,0,0
484184,121.4409138,0,0,0,0,0
72360,92.81555554,0,0,0,0,0
2528021,91.08068534,0,95.10705885,300.0854089,0,0
2497875,0,307.3950465,171.1927059,0,828.8274066,0
2054282,22.55331256,190.2921717,323.3640001,0,0,0
2953738,17.34870197,0,0,0,0,0
114881,29.49279335,541.6007963,247.278353,0,473.6156609,0
2713501,242.0143925,0,0,0,0,0
544718,40.76944963,0,0,0,0,0
227866,12.14409138,219.5678904,126.8094118,0,513.0836326,0
2921697,69.39480788,1463.785936,0,0,0,0
2714952,0,0,0,0,0,0
1128113,26.02305296,0,900.3468237,0,0,0
3395319,71.99711318,0,0,0,0,0
2603215,43.37175493,0,114.1284706,0,0,0
3235110,0,0,0,0,0,0
3057176,26.89048805,0,120.4689412,831.0057478,0,0
51515,44.23919002,0,0,0,0,0
2495582,26.02305296,0,0,0,0,0
3400420,151.8011422,0,0,0,0,0
964,46.84149532,0,0,0,0,0
1511,71.12967808,204.930031,95.10705885,0,513.0836326,0
1852022,0,0,95.10705885,300.0854089,0,0
570156,0,0,0,0,0,0
2769490,52.04610591,219.5678904,152.1712942,738.6717758,0,0
3025666,52.91354101,0,0,0,0,0
57320,20.81844236,0,0,0,0,0
3120525,71.12967808,0,76.08564708,369.3358879,0,0
2928472,0,0,82.42611767,277.0019159,0,0
1987723,44.23919002,175.6543123,120.4689412,0,0,0
3135644,54.64841121,0,0,0,0,0
1891675,76.33428867,0,0,0,0,0
111501,80.67146416,0,69.74517649,0,0,0
1835721,0,307.3950465,88.76658826,0,473.6156609,649.0264603
290399,13.01152648,0,0,0,0,0
3096987,37.29970924,0,272.6402354,461.6698599,0,0
2950245,31.22766355,0,0,0,0,0
3234145,75.46685357,0,0,0,0,0
411486,63.32276219,0,0,0,0,0
398049,138.7896158,146.3785936,0,0,0,0
875171,57.2507165,0,82.42611767,0,0,0
2880221,136.1873105,0,0,0,0,0
456827,67.65993768,161.016453,101.4475294,0,0,0
3415678,25.15561786,0,82.42611767,646.3378038,0,0
139,130.1152648,0,0,0,0,0
70258,142.2593562,336.6707653,139.490353,0,0,0
1579316,63.32276219,161.016453,114.1284706,0,0,0
284016,53.78097611,0,107.788,0,0,0
885581,180.4265005,0,69.74517649,0,0,0
76517,58.1181516,219.5678904,164.8522353,0,0,0
2029860,78.93659396,0,63.4047059,0,0,0
1903704,51.17867081,175.6543123,88.76658826,0,0,0
511487,65.05763239,161.016453,126.8094118,0,0,948.5771343
1974203,38.16714433,0,0,0,0,0
68286,45.97406022,0,0,0,0,0
3238809,90.21325024,0,0,0,0,0
185008,127.5129595,0,0,0,0,0
1893,28.62535825,0,120.4689412,0,0,0
53558,46.84149532,292.7571872,139.490353,0,513.0836326,0
1158459,27.75792315,161.016453,101.4475294,0,0,0
577,70.26224298,0,0,0,0,0
3029062,12.14409138,0,272.6402354,0,0,0
1639118,73.73198337,0,0,0,0,0
1380675,163.0777985,0,0,0,0,0
3228750,51.17867081,0,88.76658826,0,0,0
171695,152.6685773,161.016453,126.8094118,230.8349299,394.6797174,0
1096243,0,0,0,0,0,0
31909,20.81844236,307.3950465,139.490353,0,394.6797174,0
1836,0,0,107.788,0,0,0
3449832,67.65993768,263.4814685,209.2355295,277.0019159,434.1476892,0
33052,0,0,164.8522353,0,0,0
123841,87.61094495,0,0,0,0,0
2511069,12.14409138,0,114.1284706,392.4193809,0,0
2739,73.73198337,0,69.74517649,0,0,0
2923272,98.02016613,234.2057498,82.42611767,0,0,0
2653857,13.01152648,0,76.08564708,0,0,0
33900,58.1181516,0,0,0,0,0
1173263,124.0432191,0,190.2141177,0,0,0
2756107,0,1200.304467,196.5545883,0,0,0
1763536,35.56483904,0,0,300.0854089,0,0
2908211,161.3429283,0,0,0,0,0
28127,27.75792315,0,0,0,0,0
992289,36.43227414,0,82.42611767,0,0,0
2807096,0,0,95.10705885,484.7533529,0,0
1183377,51.17867081,0,0,0,0,0
2967130,31.22766355,0,0,0,0,0
3073862,162.2103634,0,0,0,0,0
3232308,22.55331256,190.2921717,177.5331765,438.5863669,0,0
3073602,32.09509864,0,0,0,0,0
1930277,0,0,158.5117647,0,0,0
388413,67.65993768,0,120.4689412,0,0,0
2527996,74.59941847,0,0,0,0,0
353852,65.05763239,0,0,0,0,0
3039426,0,0,0,0,0,0
2605943,19.95100727,0,120.4689412,323.1689019,0,0
2748865,55.5158463,0,0,0,0,0
1482074,32.96253374,0,0,0,0,0
83552,58.9855867,0,0,0,0,0
1854498,72.86454827,0,0,0,0,0
2259673,163.0777985,0,0,0,0,0
33025,69.39480788,0,0,0,0,0
2139,78.06915887,0,0,0,0,0
1742358,93.68299064,0,69.74517649,0,0,0
2920935,78.93659396,0,101.4475294,0,0,0
461876,107.5619522,0,0,0,0,0
2995138,9.541786084,0,0,0,0,0
114186,174.3544548,0,0,0,0,0
1332080,0,409.8600621,0,0,0,0
2899122,63.32276219,0,114.1284706,0,0,0
539813,34.69740394,0,88.76658826,0,0,0
3440636,13.01152648,0,0,0,0,0
2745558,65.05763239,512.3250776,310.6830589,507.8368459,0,0
3116479,24.28818276,0,0,0,0,0
3076075,27.75792315,0,0,0,0,0
1201031,172.6195846,0,0,0,0,0
2172098,12.14409138,204.930031,95.10705885,0,473.6156609,0
3457576,51.17867081,0,171.1927059,415.5028739,0,0
2822842,104.9596469,0,0,0,0,0
2843330,0,0,0,253.9184229,0,0
1322,12.14409138,0,196.5545883,0,631.4875479,0
1100,518.7261889,0,0,0,0,0
3238304,51.17867081,0,221.9164706,300.0854089,0,0
2749996,44.23919002,0,114.1284706,0,0,698.9515726
1264,59.8530218,0,0,0,0,0
3064278,0,0,0,0,0,0
3423225,30.36022845,0,0,0,0,0
674703,612.4091795,0,76.08564708,0,0,0
1404864,0,161.016453,152.1712942,0,0,0
3415671,18.21613707,0,126.8094118,461.6698599,0,0
108,109.2968224,0,76.08564708,0,0,0
2942278,95.41786084,0,0,0,0,0
1325114,25.15561786,0,0,0,0,0
3240374,8.674350985,0,0,0,0,0
712036,0,278.1193278,190.2141177,0,0,798.8017973
688,14.74639667,0,0,0,0,0
2562285,83.27376946,0,63.4047059,0,0,0
3070661,16.48126687,0,0,0,0,549.1762356
2898794,71.99711318,146.3785936,101.4475294,253.9184229,0,0
2972478,33.82996884,0,0,0,0,0
2795690,20.81844236,190.2921717,69.74517649,0,0,0
413401,75.46685357,0,101.4475294,484.7533529,0,0
3073092,140.524486,146.3785936,101.4475294,277.0019159,0,0
2479392,0,0,0,0,0,0
1045776,43.37175493,0,0,554.0038319,0,0
2999068,27.75792315,0,0,0,0,499.2511233
3020900,0,0,0,0,0,0
116092,132.7175701,0,0,0,0,0
2975701,43.37175493,0,0,0,0,0
716816,40.76944963,0,0,230.8349299,0,0
171438,70.26224298,0,0,0,0,0
2697371,0,907.5472803,380.4282354,0,0,0
41276,17.34870197,0,0,0,0,0
2211108,0,0,0,0,0,0
225148,40.76944963,0,0,0,0,0
2867015,0,0,0,0,0,0
788,50.31123571,0,0,0,0,649.0264603
28885,45.10662512,190.2921717,139.490353,0,0,0
1891280,41.63688473,0,0,0,0,0
218208,438.9221598,0,0,346.2523949,0,0
3447507,0,0,0,0,0,0
2883100,0,0,298.0021177,0,0,0
2613965,8.674350985,0,63.4047059,253.9184229,0,0
1032243,50.31123571,0,88.76658826,0,0,0
225991,42.50431983,0,183.8736471,0,0,0
2781735,45.97406022,0,0,0,0,0
1705394,0,234.2057498,0,369.3358879,0,0
2024551,51.17867081,0,0,369.3358879,0,0
3096995,0,0,817.9207061,0,0,0
2903901,0,0,0,0,0,0
109472,74.59941847,0,0,0,0,0
2940302,75.46685357,0,0,0,0,0
467976,16.48126687,0,95.10705885,392.4193809,0,0
2903609,0,0,0,0,0,0
2609253,13.87896158,351.3086246,228.2569412,669.4212968,0,0
2774154,32.96253374,0,101.4475294,0,0,0
1675036,37.29970924,0,0,0,0,0
1407071,70.26224298,0,0,0,0,0
1384459,25.15561786,0,0,253.9184229,0,0
3440865,32.09509864,0,0,0,0,0
586239,46.84149532,0,0,0,0,0
1908,35.56483904,0,0,0,0,0
2992926,20.81844236,0,0,392.4193809,0,0
2921554,112.7665628,0,0,0,0,0
3060215,32.96253374,0,101.4475294,0,0,0
2976983,45.10662512,0,0,0,0,0
1826607,49.44380061,0,133.1498824,230.8349299,0,0
216937,91.94812044,0,0,0,0,0
3016000,0,0,0,577.0873249,0,0
2931921,34.69740394,0,0,0,0,0
2763107,25.15561786,0,0,0,0,0
1017270,45.10662512,0,76.08564708,0,0,0
3394320,185.6311111,0,0,0,0,0
1510466,52.04610591,336.6707653,88.76658826,0,0,0
693075,40.76944963,0,0,0,0,0
2829812,76.33428867,0,0,0,0,0
187452,59.8530218,0,0,0,0,0
1744,72.86454827,0,0,0,0,0
2932254,80.67146416,0,0,0,0,0
2831893,0,0,0,0,0,0
2812560,0,0,0,577.0873249,0,0
3349698,27.75792315,0,0,0,0,0
1235990,38.16714433,0,0,0,0,649.0264603
2569540,26.02305296,0,0,0,0,0
182141,0,0,0,0,0,0
193462,56.3832814,0,0,0,0,0
28172,213.3890342,0,0,0,0,0
946435,95.41786084,0,0,0,0,0
442121,0,0,0,0,0,0
2723091,91.08068534,0,190.2141177,0,0,0
3069689,439.7895949,0,0,0,0,0
3050072,72.86454827,263.4814685,95.10705885,0,0,0
1609546,19.95100727,0,0,0,0,649.0264603
3423947,117.9711734,0,0,0,0,0
2774633,109.2968224,0,0,0,0,0
2697032,41.63688473,0,0,0,0,0
2913412,0,0,0,0,0,0
1805933,21.68587746,0,82.42611767,0,0,0
2777185,91.08068534,0,63.4047059,0,0,0
1798205,57.2507165,0,272.6402354,0,0,0
216929,86.74350985,0,0,0,0,0
2831673,131.850135,0,0,0,0,0
3236891,119.7060436,0,0,0,0,0
1042,0,0,221.9164706,0,0,0
3127470,72.86454827,0,291.6616471,0,0,0
3390026,14.74639667,204.930031,0,0,0,0
702114,46.84149532,0,0,0,0,0
2976002,25.15561786,0,152.1712942,461.6698599,0,0
37692,96.28529593,0,0,0,0,0
351671,52.91354101,0,0,0,0,0
1473598,21.68587746,0,114.1284706,392.4193809,0,0
449,137.9221807,0,0,0,0,0
1599,126.6455244,0,0,0,0,0
1912897,199.5100727,0,0,0,0,0
1902580,179.5590654,0,0,0,0,0
930166,58.9855867,0,0,0,0,0
377615,24.28818276,0,0,0,0,0
2799680,16.48126687,0,0,0,0,0
2763667,15.61383177,0,107.788,300.0854089,0,0
89153,54.64841121,161.016453,76.08564708,0,0,0
1084,0,0,95.10705885,0,0,0
2912314,78.06915887,0,0,0,0,0
463192,32.09509864,175.6543123,152.1712942,0,394.6797174,0
2866384,23.42074766,0,0,0,0,0
42094,391.2132294,0,0,0,0,549.1762356
754,117.1037383,0,0,0,0,0
2171755,16.48126687,0,88.76658826,230.8349299,0,0
449461,0,0,114.1284706,0,0,0
2724901,50.31123571,0,0,0,0,0
2528022,20.81844236,0,95.10705885,300.0854089,0,0
2683284,0,0,76.08564708,0,0,0
45663,14.74639667,0,0,0,0,0
298654,111.0316926,0,88.76658826,0,0,0
28151,40.76944963,0,0,0,0,0
190148,70.26224298,0,0,0,0,0
999141,32.09509864,0,0,0,0,0
2564099,28.62535825,0,0,0,0,0
162209,72.86454827,307.3950465,114.1284706,0,0,0
2569541,73.73198337,0,0,0,0,0
556259,43.37175493,0,0,0,0,0
3163026,127.5129595,0,0,0,0,0
3094839,68.52737278,204.930031,202.8950589,0,0,0
2952610,38.16714433,0,0,0,0,0
2220073,83.27376946,0,0,0,0,0
61647,48.57636552,0,0,0,0,0
2226,135.3198754,0,0,0,0,0
43057,0,0,0,0,0,0
942150,30.36022845,468.4114995,101.4475294,0,0,748.876685
79209,106.6945171,175.6543123,158.5117647,0,0,0
3398773,37.29970924,0,0,0,0,0
342950,77.20172377,0,63.4047059,0,0,0
1968839,41.63688473,0,0,0,0,0
64160,81.53889926,0,0,0,0,0
3068989,0,0,0,0,0,0
2810562,31.22766355,0,0,0,0,0
3455945,210.7867289,0,0,0,0,0
1737446,83.27376946,0,0,0,0,0
1163710,25.15561786,146.3785936,76.08564708,0,0,0
3066284,39.90201453,0,0,0,0,0
2819286,71.99711318,0,0,277.0019159,0,0
2527975,94.55042574,0,0,0,0,0
483013,0,0,133.1498824,0,0,0
33008,36.43227414,292.7571872,152.1712942,0,434.1476892,0
1524258,52.04610591,0,82.42611767,0,0,0
68212,0,0,0,0,0,0
1973002,97.15273103,0,0,577.0873249,0,0
2136401,12.14409138,0,0,0,0,0
3400348,96.28529593,0,0,0,0,0
389348,45.10662512,0,0,0,0,0
777,55.5158463,0,0,0,0,0
881,24.28818276,0,0,0,0,0
2883998,48.57636552,0,0,0,0,0
3439063,16.48126687,0,0,461.6698599,0,0
1484118,28.62535825,0,0,0,0,0
3143534,15.61383177,0,0,0,0,0
664683,0,0,0,0,0,0
594679,56.3832814,0,0,0,0,0
1325107,34.69740394,234.2057498,171.1927059,0,592.0195761,0
2601122,39.90201453,0,0,0,0,0
2508726,53.78097611,0,0,0,0,0
2835041,71.99711318,0,0,0,0,0
3236844,12.14409138,0,107.788,253.9184229,0,0
2782662,37.29970924,0,0,0,0,0
3411797,13.87896158,0,69.74517649,392.4193809,0,0
2601898,39.03457943,219.5678904,139.490353,0,0,0
3445781,56.3832814,0,0,0,0,0
2571749,67.65993768,0,0,0,0,0
2039724,36.43227414,0,69.74517649,0,0,0
2768068,0,0,0,0,0,0
37329,205.5821183,219.5678904,0,0,0,0
512763,92.81555554,0,107.788,253.9184229,0,0
133539,64.19019729,0,0,0,0,0
2651974,31.22766355,0,158.5117647,923.3397198,0,0
3459034,0,365.946484,221.9164706,0,749.8914631,0
44001,71.99711318,0,0,0,0,0
2907534,56.3832814,0,88.76658826,0,0,0
285574,27.75792315,0,0,0,0,0
3030011,0,0,0,0,0,0
2058152,141.3919211,0,0,0,0,0
2935863,148.3314018,0,0,0,0,0
649196,46.84149532,0,0,0,0,0
2878534,52.04610591,0,0,0,0,0
2913620,64.19019729,0,0,0,0,0
3048007,0,0,0,0,0,0
346911,65.92506749,0,95.10705885,0,0,0
153151,305.3371547,0,0,0,0,0
273136,29.49279335,0,0,0,0,0
1549850,0,0,0,0,0,0
216816,89.34581515,0,158.5117647,0,0,0
2599296,141.3919211,0,259.9592942,300.0854089,0,0
43767,89.34581515,0,0,0,0,0
2004650,78.93659396,0,0,0,0,0
911092,162.2103634,0,0,0,0,0
553814,15.61383177,0,0,0,0,0
2903717,0,0,0,0,0,0
1927128,103.2247767,0,0,0,0,0
1824638,60.7204569,0,0,0,0,0
2883127,0,483.0493589,329.7044707,0,0,0
2894082,152.6685773,146.3785936,63.4047059,0,0,0
1448059,40.76944963,0,0,0,0,0
2932259,83.27376946,0,0,0,0,0
562959,105.827082,0,76.08564708,0,0,0
1353976,88.47838005,0,76.08564708,0,0,0
61015,94.55042574,161.016453,107.788,0,0,0
1470434,57.2507165,190.2921717,114.1284706,0,0,0
2862870,0,497.6872182,317.0235295,0,513.0836326,0
1861,45.97406022,0,158.5117647,0,0,0
82380,43.37175493,0,0,0,0,0
1741,83.27376946,0,0,0,0,0
299308,0,0,0,0,0,0
2039455,32.96253374,0,0,0,0,0
2762576,28.62535825,0,0,0,0,0
3240853,65.92506749,263.4814685,69.74517649,0,0,0
2903570,0,0,0,0,0,0
2714036,76.33428867,175.6543123,82.42611767,0,0,0
537596,47.70893042,0,0,0,0,0
329854,136.1873105,0,0,0,0,0
3385991,11.27665628,365.946484,266.2997648,369.3358879,0,0
3096260,39.03457943,0,0,300.0854089,0,0
2892541,74.59941847,0,0,623.2543108,0,0
2493669,21.68587746,0,0,0,0,0
3239996,0,0,126.8094118,577.0873249,0,0
396,49.44380061,0,0,0,0,0
216935,153.5360124,0,0,0,0,0
485447,126.6455244,0,95.10705885,0,0,0
465721,44.23919002,146.3785936,152.1712942,623.2543108,0,0
2861282,0,0,0,0,0,0
1850526,59.8530218,0,0,0,0,0
517719,0,0,215.5760001,0,0,0
349094,88.47838005,0,0,0,0,0
50338,17.34870197,0,82.42611767,0,0,0
2030797,36.43227414,0,0,0,0,0
46507,94.55042574,0,0,0,0,0
159743,24.28818276,0,0,0,0,0
2496865,62.45532709,0,88.76658826,0,0,0
37487,0,0,95.10705885,623.2543108,0,0
1848900,13.01152648,204.930031,114.1284706,0,0,0
2856823,0,146.3785936,139.490353,0,0,0
2918170,13.87896158,0,0,577.0873249,0,0
3450128,124.0432191,0,0,0,0,0
3067653,62.45532709,0,69.74517649,415.5028739,0,0
3230977,30.36022845,0,82.42611767,346.2523949,0,0
2823043,0,0,177.5331765,0,0,0
2111,19.08357217,234.2057498,139.490353,346.2523949,0,0
53442,21.68587746,0,0,0,0,0
45495,57.2507165,0,0,0,0,0
2044521,33.82996884,0,0,0,0,0
150829,96.28529593,0,0,0,0,0
2867011,0,0,164.8522353,346.2523949,0,0
3239887,0,0,0,484.7533529,0,0
376805,146.5965316,0,0,0,0,0
2774151,26.02305296,0,101.4475294,323.1689019,0,0
2886935,34.69740394,0,0,0,0,0
2898725,0,0,0,0,0,0
251542,0,483.0493589,164.8522353,0,631.4875479,0
1632864,21.68587746,0,69.74517649,253.9184229,0,0
2855434,28.62535825,0,0,0,0,0
312306,162.2103634,0,114.1284706,346.2523949,0,0
307121,19.08357217,161.016453,215.5760001,577.0873249,0,0
2806210,42.50431983,146.3785936,101.4475294,323.1689019,0,0
1654388,103.2247767,0,0,0,0,0
1649184,0,0,0,0,0,0
237258,66.79250258,0,0,0,0,0
28141,15.61383177,0,0,0,0,0
2838157,100.6224714,0,63.4047059,0,0,0
2829795,88.47838005,161.016453,164.8522353,0,0,0
3047873,135.3198754,0,0,0,0,0
291403,124.0432191,0,95.10705885,0,0,0
1858656,45.97406022,0,69.74517649,0,0,0
1632866,19.08357217,322.0329059,240.9378824,0,0,0
273251,52.91354101,0,0,0,0,0
3166644,0,0,0,0,0,0
3423952,106.6945171,0,0,0,0,0
1660063,40.76944963,0,0,0,0,0
2954099,0,0,0,0,0,0
2202249,47.70893042,0,0,0,0,0
944,52.91354101,0,0,0,0,0
3118173,864.8327932,0,0,0,0,0
2029164,0,907.5472803,418.4710589,0,0,0
168471,39.90201453,0,0,0,0,0
3081200,20.81844236,146.3785936,88.76658826,507.8368459,0,0
2909673,0,0,0,0,0,0
282217,0,0,0,0,0,0
2840474,19.95100727,0,126.8094118,415.5028739,0,0
2975737,20.81844236,0,0,0,0,0
453842,0,0,0,0,0,0
3114537,0,0,114.1284706,323.1689019,0,0
3229863,71.99711318,0,0,0,0,0
28129,104.0922118,0,0,0,0,0
2897334,0,0,0,392.4193809,0,0
3063957,94.55042574,0,145.8308236,0,0,0
2488639,48.57636552,0,0,0,0,0
2940299,28.62535825,0,0,0,0,0
273376,19.95100727,0,0,0,0,0
1297121,15.61383177,0,69.74517649,0,0,0
171404,77.20172377,0,0,0,0,0
33943,32.96253374,380.5843433,171.1927059,300.0854089,434.1476892,0
1505757,14.74639667,0,0,0,0,0
2608631,105.827082,0,259.9592942,0,0,0
547188,36.43227414,0,0,300.0854089,0,0
60520,97.15273103,0,0,0,0,0
33996,0,0,0,0,0,0
2903723,97.15273103,0,0,0,0,0
2562282,194.3054621,0,0,0,0,0
1572645,0,0,0,0,0,0
86102,11.27665628,0,0,0,0,0
82348,131.850135,0,0,0,0,0
1123043,53.78097611,0,0,0,0,0
2995161,214.2564693,0,183.8736471,0,0,0
1925548,28.62535825,0,0,0,0,0
2486272,21.68587746,0,0,0,0,0
3095343,0,0,0,1108.007664,0,0
375175,39.03457943,0,139.490353,0,0,0
3238806,31.22766355,0,95.10705885,0,0,0
2010183,59.8530218,0,0,0,0,0
1620421,0,0,63.4047059,0,0,0
485448,49.44380061,0,114.1284706,277.0019159,0,0
1300039,19.95100727,0,0,0,0,0
2828340,21.68587746,0,0,0,0,0
3088255,0,307.3950465,139.490353,577.0873249,0,0
3447380,53.78097611,0,0,0,0,0
44252,28.62535825,0,0,0,0,0
3399565,239.4120872,0,0,0,0,0
112331,70.26224298,0,0,0,0,0
2496265,28.62535825,0,0,0,0,0
92758,50.31123571,0,63.4047059,0,0,0
2494375,163.9452336,0,0,0,0,0
2795293,24.28818276,0,0,0,0,0
76947,52.04610591,0,158.5117647,0,0,0
3242415,92.81555554,0,0,323.1689019,0,0
480391,42.50431983,0,0,0,0,0
1592106,45.10662512,0,82.42611767,0,0,0
2968500,0,0,101.4475294,0,0,0
3098914,37.29970924,0,0,0,0,0
2811425,0,0,0,0,0,0
2663019,67.65993768,0,0,0,0,0
2950605,36.43227414,219.5678904,190.2141177,0,0,0
1932669,171.7521495,0,0,0,0,0
106370,41.63688473,234.2057498,209.2355295,0,592.0195761,0
70348,131.850135,307.3950465,101.4475294,0,0,0
2979727,108.4293873,0,0,0,0,0
2983215,44.23919002,0,0,0,0,0
2172099,144.8616615,0,0,0,0,0
3141541,35.56483904,0,304.3425883,669.4212968,0,0
2838156,61.58789199,0,88.76658826,0,0,0
54913,84.14120456,278.1193278,152.1712942,0,434.1476892,0
2528009,13.87896158,0,69.74517649,300.0854089,0,0
2293,122.3083489,0,0,0,0,0
3425950,101.4899065,0,107.788,0,0,0
92647,37.29970924,0,101.4475294,530.9203389,0,0
3048335,15.61383177,424.4979214,177.5331765,0,513.0836326,0
1920422,81.53889926,0,0,0,0,0
121428,26.02305296,0,183.8736471,0,0,0
2252,0,0,0,0,0,0
1611422,125.7780893,0,0,0,0,0
1905847,0,0,0,0,0,0
747548,74.59941847,0,272.6402354,0,0,0
2834768,55.5158463,0,0,0,0,0
69823,74.59941847,0,0,0,0,0
2497860,159.6080581,0,0,0,0,0
1796652,144.8616615,0,0,0,0,0
42879,85.00863965,175.6543123,101.4475294,0,0,549.1762356
412034,27.75792315,0,120.4689412,0,0,0
2594003,22.55331256,0,0,0,0,0
98672,14.74639667,0,0,0,0,0
3349434,191.7031568,0,126.8094118,0,0,0
33987,87.61094495,190.2921717,82.42611767,0,0,0
91844,100.6224714,0,0,0,0,0
916,40.76944963,0,0,0,0,0
2527973,60.7204569,0,0,0,0,0
183759,49.44380061,0,0,0,0,0
54062,129.2478297,0,0,0,0,0
202950,108.4293873,0,0,0,0,0
92645,27.75792315,0,0,0,0,0
2867022,350.4437798,0,209.2355295,0,0,0
172045,289.7233229,0,0,0,0,0
3416742,94.55042574,0,0,0,0,0
2182432,0,0,120.4689412,392.4193809,0,0
3243383,0,0,0,0,0,0
1884914,55.5158463,0,0,0,0,0
93944,19.08357217,0,0,0,0,0
413882,10.40922118,234.2057498,107.788,300.0854089,0,0
2903597,0,0,0,0,0,0
405212,28.62535825,0,0,0,0,0
2963283,0,0,0,0,0,0
3058420,15.61383177,0,101.4475294,346.2523949,0,0
80878,16.48126687,0,253.6188236,0,0,0
513050,130.9826999,0,0,0,0,0
2803751,0,0,114.1284706,0,0,0
3025667,310.5417653,0,0,0,0,0
2016196,138.7896158,0,0,0,0,0
782,45.97406022,161.016453,107.788,0,0,0
2496847,28.62535825,0,0,0,0,0
84135,84.14120456,0,0,0,0,0
1508420,30.36022845,0,0,0,0,0
1176587,93.68299064,204.930031,76.08564708,0,0,0
2796470,167.414974,0,0,0,0,0
2749046,0,0,0,0,0,0
1483604,13.01152648,0,0,0,0,0
1162633,57.2507165,0,0,0,0,0
1660080,144.8616615,0,0,0,0,0
66821,150.066272,0,0,0,0,0
1235591,19.95100727,0,0,0,0,0
1404367,55.5158463,0,0,0,0,0
259059,31.22766355,0,0,0,0,0
2562451,40.76944963,190.2921717,107.788,369.3358879,0,0
2094025,38.16714433,0,0,0,0,0
1470088,68.52737278,0,0,0,0,0
3149048,33.82996884,0,0,0,0,0
1852017,0,0,95.10705885,0,0,0
3242416,57.2507165,351.3086246,133.1498824,392.4193809,0,0
1249480,119.7060436,0,0,0,0,698.9515726
1930274,0,0,0,0,0,0
1881,24.28818276,0,0,0,0,0
3374191,52.91354101,0,0,0,0,0
227945,91.94812044,0,82.42611767,0,0,0
863372,38.16714433,0,88.76658826,507.8368459,0,0
2912675,53.78097611,0,0,0,0,0
2505970,71.12967808,0,69.74517649,0,0,0
3406626,30.36022845,0,114.1284706,507.8368459,0,0
2527994,83.27376946,0,82.42611767,0,0,0
83626,21.68587746,0,0,0,0,0
1526927,170.8847144,0,0,0,0,0
1619311,13.87896158,190.2921717,95.10705885,0,0,0
39645,45.10662512,0,0,0,0,0
1385591,18.21613707,0,95.10705885,0,0,0
236753,198.6426376,0,0,0,0,0
53431,0,0,0,0,0,0
41899,10.40922118,0,158.5117647,0,0,0
3137369,0,0,120.4689412,0,0,0
103733,23.42074766,0,0,0,0,0
254246,69.39480788,278.1193278,215.5760001,0,434.1476892,0
146919,19.95100727,0,0,369.3358879,0,0
1459637,15.61383177,307.3950465,164.8522353,0,0,0
1407,110.1642575,175.6543123,133.1498824,0,0,0
474953,45.97406022,146.3785936,0,0,0,0
2083051,0,0,0,0,0,0
1987584,458.005732,0,285.3211765,0,0,0
2731681,45.97406022,0,0,0,0,0
2893883,80.67146416,0,120.4689412,0,0,0
539,0,0,0,0,0,0
1579979,0,0,0,507.8368459,0,0
190895,71.12967808,0,107.788,0,0,0
3391145,38.16714433,0,0,0,0,0
2954021,0,0,0,0,0,0
3043734,0,0,0,0,0,0
1219491,12.14409138,0,0,0,0,0
426703,35.56483904,219.5678904,139.490353,0,0,0
2033016,11.27665628,0,0,230.8349299,0,0
233316,0,731.892968,0,0,0,0
74969,86.74350985,0,0,0,0,0
474394,58.9855867,0,0,0,0,0
1898749,92.81555554,0,0,0,0,0
46127,157.8731879,0,0,0,0,0
3096219,0,0,0,0,0,0
1126833,56.3832814,0,107.788,0,0,0
2594005,164.8126687,0,0,0,0,0
3115650,71.99711318,0,164.8522353,0,0,0
74315,32.96253374,0,0,0,0,0
1009682,13.01152648,0,0,0,0,0
2315,71.12967808,0,0,0,0,0
3100175,10.40922118,0,82.42611767,0,0,0
3408576,55.5158463,0,0,0,0,0
1296540,31.22766355,0,0,0,0,0
2116,58.9855867,0,0,0,0,0
51367,52.91354101,0,0,0,0,0
1400387,88.47838005,190.2921717,114.1284706,0,0,0
2014076,52.91354101,0,0,0,0,0
661481,122.3083489,0,0,0,0,0
533,110.1642575,0,0,0,0,0
1763538,130.1152648,0,0,0,0,0
2914159,14.74639667,0,0,0,0,0
157688,134.4524403,204.930031,0,0,0,0
413497,143.1267913,0,0,0,0,0
1871048,19.08357217,0,139.490353,392.4193809,0,0
225848,130.1152648,0,0,0,0,0
2763021,26.89048805,0,0,0,0,0
3234852,32.09509864,0,0,0,0,0
575112,54.64841121,0,0,0,0,0
37448,8.674350985,248.8436091,0,369.3358879,434.1476892,0
3368557,16.48126687,0,82.42611767,277.0019159,0,0
1008305,444.1267704,0,0,0,0,0
2777983,90.21325024,0,0,0,0,0
3384241,0,0,0,484.7533529,0,0
3015149,0,0,0,0,0,0
288436,15.61383177,0,69.74517649,0,0,0
223786,69.39480788,0,0,0,0,0
3243389,114.501433,0,0,0,0,0
2717374,0,0,557.9614119,0,0,0
2603817,85.00863965,0,0,0,0,0
300181,21.68587746,0,253.6188236,0,0,0
2976127,121.4409138,0,120.4689412,0,0,0
2975739,13.87896158,278.1193278,171.1927059,0,552.5516044,0
2575872,17.34870197,0,0,300.0854089,0,0
2175091,130.9826999,0,63.4047059,0,0,0
300876,88.47838005,0,0,0,0,0
46228,17.34870197,0,0,0,0,0
3015177,9.541786084,175.6543123,95.10705885,0,0,0
2434,20.81844236,0,285.3211765,0,0,0
599,0,0,0,0,0,0
2933872,73.73198337,0,0,0,0,0
184924,60.7204569,0,0,0,0,0
428,0,0,0,0,0,0
169176,20.81844236,0,0,0,0,0
2937801,0,307.3950465,114.1284706,277.0019159,0,0
2829596,235.9423468,0,697.4517649,0,0,0
63612,15.61383177,0,0,0,0,0
1411902,98.88760123,0,133.1498824,0,0,0
2597515,0,453.7736401,0,0,0,0
419476,0,0,0,0,0,0
56730,39.90201453,0,0,0,0,0
754476,30.36022845,219.5678904,152.1712942,0,0,0
87162,109.2968224,0,0,0,0,0
181663,19.95100727,0,0,0,0,0
2586965,75.46685357,0,0,0,0,0
2508687,52.04610591,0,0,0,0,0
3070656,40.76944963,0,76.08564708,0,0,0
304895,26.89048805,0,0,392.4193809,0,0
3048589,27.75792315,219.5678904,107.788,0,0,0
2881052,34.69740394,0,0,0,0,0
1758196,0,0,0,0,0,0
359408,154.4034475,0,0,0,0,0
3228953,58.9855867,0,0,0,0,0
2870563,47.70893042,0,0,0,0,0
55504,81.53889926,0,0,0,0,0
2743772,26.89048805,278.1193278,139.490353,323.1689019,0,0
3019544,19.95100727,0,0,0,0,0
1785128,63.32276219,0,240.9378824,0,0,0
2083786,0,234.2057498,177.5331765,0,473.6156609,0
3230980,101.4899065,0,0,0,0,0
2700081,61.58789199,0,76.08564708,0,0,0
1725,23.42074766,0,0,0,0,0
2546128,48.57636552,0,0,0,0,0
2712223,0,0,0,761.7552688,0,0
137722,0,0,0,0,0,0
114,17.34870197,263.4814685,158.5117647,392.4193809,0,0
3416081,37.29970924,175.6543123,63.4047059,0,0,0
2834276,83.27376946,0,0,0,0,0
1756149,117.9711734,0,133.1498824,0,0,0
2929481,78.93659396,0,0,0,0,0
3067902,48.57636552,0,0,0,0,0
1052257,46.84149532,0,126.8094118,0,0,0
3066251,170.8847144,0,0,0,0,649.0264603
332249,50.31123571,424.4979214,82.42611767,0,473.6156609,0
2496866,96.28529593,0,0,0,0,0
2081052,31.22766355,307.3950465,158.5117647,0,552.5516044,0
364199,38.16714433,0,88.76658826,0,0,0
3077941,46.84149532,0,0,0,0,0
37482,356.5158255,0,0,0,0,0
2976007,0,0,126.8094118,623.2543108,0,0
3402279,0,0,0,0,0,0
2558360,8.674350985,0,0,0,0,0
591154,32.96253374,0,0,0,0,0
481146,28.62535825,0,0,0,0,0
994695,38.16714433,219.5678904,152.1712942,323.1689019,0,0
475937,11.27665628,0,101.4475294,0,0,0
2563668,56.3832814,0,0,0,0,0
3344875,15.61383177,0,158.5117647,0,0,0
230361,124.0432191,0,120.4689412,0,0,0
1940610,31.22766355,0,0,323.1689019,0,0
2747268,37.29970924,0,76.08564708,0,0,0
1385664,22.55331256,0,0,0,0,0
3416605,143.1267913,0,0,0,0,0
3398775,0,0,0,0,0,0
2890321,23.42074766,190.2921717,120.4689412,0,0,0
28092,0,0,0,0,0,0
93466,130.1152648,0,0,0,0,0
1306787,12.14409138,0,0,415.5028739,0,0
1745854,15.61383177,0,0,0,0,0
28135,196.9077674,0,0,0,0,0
2976822,10.40922118,0,0,0,0,0
216931,77.20172377,0,0,0,0,0
2850441,153.5360124,234.2057498,82.42611767,0,0,0
3062449,25.15561786,0,0,0,0,0
40269,92.81555554,0,0,0,0,0
78327,150.9337071,0,0,669.4212968,0,0
2744474,8.674350985,0,0,0,0,0
3078428,12.14409138,0,202.8950589,0,0,0
2930199,48.57636552,0,259.9592942,0,0,0
1940790,67.65993768,0,0,0,0,0
1177216,73.73198337,0,0,0,0,0
192421,161.3429283,0,95.10705885,0,0,0
96230,101.4899065,0,0,0,0,0
463,8.674350985,0,76.08564708,0,0,0
38300,9.541786084,0,0,0,0,0
3108483,41.63688473,0,0,0,0,0
1434099,0,307.3950465,126.8094118,0,0,0
947516,19.95100727,0,88.76658826,0,0,0
1767,85.87607475,0,0,0,0,0
1476901,79.80402906,0,0,0,0,0
3239807,89.34581515,0,0,0,0,0
207340,0,0,0,0,0,0
215691,0,336.6707653,234.5974118,0,513.0836326,0
1239307,19.08357217,0,152.1712942,0,0,0
3009077,25.15561786,0,0,0,0,0
2980554,25.15561786,0,69.74517649,0,0,0
1868793,45.10662512,0,0,0,0,0
3427230,15.61383177,0,0,0,0,0
1789762,60.7204569,0,0,0,0,0
3233574,57.2507165,322.0329059,139.490353,253.9184229,0,0
2851540,0,0,0,0,0,0
2951805,102.3573416,234.2057498,95.10705885,0,0,0
2018025,0,0,0,0,0,0
1190508,53.78097611,0,0,0,0,0
2725268,67.65993768,263.4814685,95.10705885,0,0,0
3158548,0,0,684.7708237,0,0,0
1798223,0,0,0,0,0,0
33060,33.82996884,0,0,0,0,0
1134405,45.10662512,0,0,0,0,0
153496,66.79250258,0,0,0,0,0
3066146,57.2507165,0,0,0,0,0
53407,35.56483904,0,69.74517649,0,0,0
290110,198.6426376,0,0,0,0,0
1236046,51.17867081,175.6543123,0,0,0,0
3395315,45.10662512,0,0,0,0,0
44754,40.76944963,0,0,0,0,0
3035453,99.75503633,0,0,0,0,0
1795,39.03457943,453.7736401,114.1284706,0,0,0
251540,39.90201453,0,0,0,0,0
1348774,11.27665628,0,0,0,0,0
3423914,117.1037383,0,107.788,0,0,0
2320858,108.4293873,0,0,0,0,0
2908840,79.80402906,0,0,0,0,0
1872114,41.63688473,336.6707653,158.5117647,0,0,0
2963128,69.39480788,0,0,0,0,0
3038773,0,0,145.8308236,253.9184229,0,0
75289,14.74639667,0,0,438.5863669,0,0
458197,0,0,0,1177.258143,0,0
2864212,154.4034475,0,0,0,0,0
1218494,23.42074766,0,0,0,0,0
2820270,136.1873105,0,114.1284706,0,0,0
180,56.3832814,0,0,0,0,0
1930276,72.86454827,161.016453,114.1284706,277.0019159,0,0
29303,66.79250258,0,0,0,0,0
2589818,144.8616615,0,0,0,0,0
3400421,88.47838005,0,126.8094118,0,0,0
3342349,423.3083281,0,0,0,0,0
1145276,39.90201453,0,0,0,0,0
59845,0,0,152.1712942,0,592.0195761,0
2995170,42.50431983,0,76.08564708,230.8349299,0,0
1054,13.01152648,0,95.10705885,438.5863669,0,0
2703885,47.70893042,0,0,0,0,0
2738979,68.52737278,0,0,0,0,0
3120518,58.1181516,0,0,0,0,0
2587862,25.15561786,0,114.1284706,0,0,0
865,53.78097611,0,0,0,0,0
3160834,180.4265005,0,101.4475294,0,0,0
3230988,33.82996884,0,0,0,0,0
2110,119.7060436,0,95.10705885,0,0,0
328813,61.58789199,0,0,669.4212968,0,0
1563479,77.20172377,0,88.76658826,369.3358879,0,0
2715679,45.97406022,0,0,0,0,0
1404768,18.21613707,0,0,0,0,0
2895946,57.2507165,0,0,0,0,0
3003259,72.86454827,0,0,0,0,0
1867715,0,0,0,0,0,0
1144748,61.58789199,0,0,0,0,0
1855883,45.10662512,146.3785936,88.76658826,577.0873249,0,0
2904253,52.04610591,0,0,0,0,0
2112,85.87607475,204.930031,88.76658826,0,394.6797174,0
1750527,13.87896158,0,101.4475294,369.3358879,0,0
66883,0,0,0,0,0,0
103731,91.08068534,0,152.1712942,0,0,0
155863,81.53889926,0,0,0,0,0
28187,35.56483904,0,0,0,0,0
2736,31.22766355,0,0,277.0019159,0,0
71190,32.96253374,0,272.6402354,0,0,0
2003316,0,0,0,0,0,0
94624,58.1181516,0,196.5545883,0,0,0
3082546,0,0,0,0,0,0
758793,73.73198337,0,0,0,0,0
215578,24.28818276,0,0,0,0,0
3125783,56.3832814,0,0,0,0,0
2739063,104.9596469,0,0,0,0,0
3039851,0,0,63.4047059,0,0,0
413502,37.29970924,0,95.10705885,0,0,0
116188,27.75792315,0,0,0,0,0
29558,57.2507165,146.3785936,101.4475294,0,0,0
3029174,116.2363032,0,82.42611767,0,0,0
693153,53.78097611,0,0,0,0,0
199596,79.80402906,0,0,0,0,0
186931,29.49279335,0,0,253.9184229,0,0
1286181,0,0,0,0,0,0
1613,189.9682866,0,76.08564708,0,0,0
3435775,0,0,0,323.1689019,0,0
2493671,19.08357217,0,0,0,0,0
2711221,19.95100727,146.3785936,95.10705885,0,0,0
2527968,19.95100727,0,0,0,0,0
1921421,17.34870197,0,0,0,0,0
434010,0,0,0,0,0,0
2983210,21.68587746,0,0,0,0,0
2055,19.95100727,0,152.1712942,0,0,0
90244,26.89048805,0,0,0,0,0
2664436,300.1325441,0,101.4475294,0,0,0
3158582,0,0,0,0,0,0
3048494,21.68587746,0,0,0,0,0
38986,122.3083489,0,0,0,0,0
3439547,137.9221807,0,69.74517649,0,0,0
2588536,143.1267913,0,0,0,0,0
1275,0,834.3579835,0,0,0,0
48076,38.16714433,0,0,0,0,0
3074107,99.75503633,0,0,0,0,0
1218493,98.02016613,0,0,0,0,0
434014,75.46685357,0,0,0,0,0
3077946,0,0,0,0,0,0
2907156,43.37175493,0,0,0,0,0
3056107,0,0,0,0,0,0
113562,0,0,0,0,0,0
2810347,40.76944963,0,63.4047059,0,0,0
2921549,90.21325024,0,0,0,0,0
390989,0,248.8436091,101.4475294,0,0,0
487,54.64841121,0,0,0,0,0
1702325,13.87896158,0,0,0,0,0
3448123,0,190.2921717,69.74517649,0,0,0
839,49.44380061,0,0,0,0,0
1719132,84.14120456,0,0,715.5882828,0,0
2599927,76.33428867,0,0,0,0,0
1921699,0,0,0,0,631.4875479,0
90736,104.9596469,146.3785936,63.4047059,0,0,0
2072642,70.26224298,0,0,0,0,0
564137,57.2507165,0,0,0,0,0
87,20.81844236,0,139.490353,0,0,0
107709,9.541786084,0,0,0,0,0
154,0,0,0,0,0,0
374606,16.48126687,0,0,0,0,0
3014784,65.05763239,0,107.788,0,0,0
3439062,14.74639667,0,0,0,0,0
2527990,82.40633436,0,158.5117647,0,0,0
130049,67.65993768,0,0,0,0,0
2292255,28.62535825,146.3785936,107.788,0,0,0
1643,38.16714433,204.930031,234.5974118,392.4193809,0,0
1306526,178.6916303,0,107.788,0,0,0
2296,33.82996884,0,0,0,0,0
2926709,0,336.6707653,164.8522353,300.0854089,0,0
158841,63.32276219,0,0,0,0,0
68231,0,0,0,0,0,0
2588711,0,0,69.74517649,0,0,0
2954618,53.78097611,0,0,0,0,0
1920,0,0,0,0,0,0
2358479,80.67146416,0,120.4689412,0,0,0
267818,47.70893042,351.3086246,126.8094118,0,0,0
216936,51.17867081,0,0,0,0,0
393765,19.95100727,0,0,0,0,0
2911527,137.0547456,0,0,0,0,0
61646,24.28818276,0,0,0,0,0
119394,90.21325024,0,0,0,0,0
253703,14.74639667,0,120.4689412,0,0,0
1766,36.43227414,0,95.10705885,0,0,0
1505907,0,204.930031,139.490353,0,789.3594348,0
555791,67.65993768,453.7736401,272.6402354,0,0,0
3400218,0,322.0329059,145.8308236,0,434.1476892,0
3039384,33.82996884,0,0,0,0,0
2802971,0,0,69.74517649,0,0,0
3133290,17.34870197,0,0,0,0,0
82981,52.04610591,0,0,0,0,0
2651334,13.87896158,0,0,0,0,0
3030210,18.21613707,0,0,0,0,0
1390185,32.96253374,0,0,0,0,0
2026199,86.74350985,0,0,0,0,0
34094,65.05763239,0,0,0,0,0
3035692,31.22766355,0,0,0,0,0
398736,78.93659396,0,0,0,0,0
3425129,0,0,0,0,0,0
3383027,63.32276219,0,0,0,0,0
207949,31.22766355,0,0,0,0,0
2976003,26.02305296,0,0,0,0,0
192389,229.002866,0,95.10705885,0,0,0
2866162,100.6224714,0,63.4047059,300.0854089,0,0
2975959,12.14409138,0,0,438.5863669,0,0
1176533,0,0,0,0,0,0
3447453,27.75792315,0,95.10705885,0,0,0
3138498,14.74639667,0,139.490353,0,0,0
2921515,0,980.7365771,0,0,0,0
454148,0,0,82.42611767,0,0,0
470931,26.89048805,0,107.788,0,0,748.876685
3234139,0,0,798.8992943,0,0,0
1581,73.73198337,0,120.4689412,0,0,0
267363,1025.308286,0,0,0,0,0
3156079,26.89048805,497.6872182,298.0021177,0,0,0
54911,106.6945171,278.1193278,101.4475294,0,0,0
472181,41.63688473,161.016453,63.4047059,0,0,0
538949,175.2218899,0,107.788,346.2523949,0,0
3395321,13.87896158,0,0,0,0,0
1514904,13.01152648,0,88.76658826,0,0,0
77095,107.5619522,0,0,253.9184229,0,0
3034020,33.82996884,0,0,0,0,0
3112003,23.42074766,0,0,0,0,0
301302,60.7204569,0,0,0,0,0
2895495,8.674350985,0,0,0,0,0
47679,92.81555554,0,158.5117647,0,0,0
2005262,24.28818276,0,0,0,0,0
2743470,0,0,139.490353,0,0,0
577386,51.17867081,0,69.74517649,0,0,0
3157343,118.8386085,234.2057498,101.4475294,0,0,0
2770788,291.4581931,0,0,0,0,0
1338368,24.28818276,0,0,0,0,0
3070658,0,0,0,0,0,0
2778876,11.27665628,351.3086246,152.1712942,0,434.1476892,0
1833,184.763676,0,0,0,0,0
1644130,32.96253374,0,202.8950589,0,0,0
3413030,134.4524403,0,0,0,0,0
3413936,16.48126687,0,0,0,0,0
338645,15.61383177,161.016453,114.1284706,0,0,0
3160607,41.63688473,0,0,0,0,0
633404,32.96253374,0,0,0,0,0
664643,57.2507165,0,0,0,0,0
3028082,64.19019729,0,0,0,0,0
3065865,22.55331256,0,0,300.0854089,0,0
1085647,26.89048805,0,101.4475294,0,0,0
152331,122.3083489,292.7571872,139.490353,0,0,0
488732,0,0,0,0,0,0
47880,65.05763239,0,418.4710589,0,0,0
2770772,0,0,0,0,0,0
2903645,0,0,0,0,0,0
2898442,0,0,0,0,0,0
67385,27.75792315,0,114.1284706,0,0,0
2512235,0,687.9793899,0,0,0,0
1547898,26.02305296,0,0,0,0,0
3121295,0,0,0,0,0,0
1642647,86.74350985,0,0,0,0,0
1305740,16.48126687,0,76.08564708,0,0,0
57043,0,0,0,0,0,0
1038928,0,0,0,669.4212968,0,0
388640,41.63688473,0,0,0,0,0
2137,91.94812044,0,0,0,0,0
3243368,0,0,0,0,0,0
3002962,0,0,0,0,0,0
185951,66.79250258,0,120.4689412,0,0,0
2219225,133.5850052,0,0,0,0,0
1921698,8.674350985,0,0,0,552.5516044,0
3144874,39.03457943,0,0,0,0,0
29379,69.39480788,0,0,0,0,0
3151487,67.65993768,0,0,0,0,0
2563896,57.2507165,0,0,0,0,0
520,133.5850052,0,0,0,0,0
1365176,10.40922118,0,0,0,0,0
2507538,0,0,0,0,0,0
2684113,25.15561786,0,0,0,0,0
453816,21.68587746,0,0,0,0,0
45254,47.70893042,0,76.08564708,0,0,0
3435883,0,0,107.788,0,0,0
2518989,9.541786084,0,0,0,0,0
161879,11.27665628,0,0,0,0,0
40577,78.93659396,0,0,0,0,0
2828656,13.01152648,0,0,0,0,0
171865,13.87896158,0,114.1284706,0,0,898.652022
2883236,0,0,0,0,0,0
2903562,13.87896158,0,126.8094118,0,0,0
2745947,9.541786084,0,0,0,0,0
3064829,18.21613707,0,88.76658826,0,0,0
2661630,27.75792315,175.6543123,133.1498824,0,0,0
120962,36.43227414,0,0,0,0,0
339617,45.97406022,0,126.8094118,0,0,0
2066,20.81844236,190.2921717,190.2141177,0,0,0
3424717,52.04610591,161.016453,133.1498824,0,513.0836326,0
521689,37.29970924,0,69.74517649,484.7533529,0,0
3350174,19.95100727,0,0,0,0,0
2749999,40.76944963,0,0,0,0,0
392011,44.23919002,0,0,0,0,0
1874630,85.00863965,0,0,0,0,0
2267891,84.14120456,0,69.74517649,0,0,0
2107999,0,0,0,0,0,0
178214,63.32276219,0,0,0,0,0
2675378,42.50431983,161.016453,253.6188236,0,0,0
585425,0,0,0,277.0019159,0,0
865757,19.08357217,0,0,0,0,0
300,67.65993768,0,0,0,0,0
1931275,117.1037383,0,0,0,0,0
3138066,0,0,0,0,0,0
2099786,29.49279335,0,0,0,0,0
1178515,58.9855867,0,0,0,0,0
98668,0,0,0,0,0,0
556533,0,0,0,0,0,0
983548,14.74639667,0,0,0,0,0
3435409,265.4351401,0,0,0,0,0
2058625,58.1181516,0,0,0,0,0
1705,19.95100727,0,0,0,0,0
3161138,46.84149532,0,0,0,0,0
786,42.50431983,0,0,0,0,0
2448483,0,365.946484,164.8522353,0,552.5516044,0
230089,46.84149532,0,0,0,0,0
470076,14.74639667,0,0,0,0,0
1145106,59.8530218,322.0329059,145.8308236,0,0,0
3050270,0,278.1193278,177.5331765,230.8349299,394.6797174,0
55205,46.84149532,0,0,0,0,0
1553431,33.82996884,0,0,0,0,0
29405,11.27665628,0,0,0,0,0
2944933,18.21613707,0,0,0,0,0
264636,45.97406022,0,0,0,0,0
2817477,56.3832814,0,0,0,0,0
2830998,0,0,0,0,0,0
1749074,35.56483904,0,69.74517649,0,0,0
273384,27.75792315,0,0,0,0,0
2884022,46.84149532,0,107.788,0,0,0
42684,14.74639667,0,107.788,0,0,0
3396405,0,0,0,0,0,0
2866807,38.16714433,0,0,0,0,0
3230973,11.27665628,0,0,0,0,0
1850238,52.04610591,0,209.2355295,0,0,0
3131995,40.76944963,380.5843433,253.6188236,0,0,0
82987,107.5619522,0,0,0,0,0
3381777,115.3688681,0,0,0,0,0
2921465,0,0,0,0,0,0
3066237,15.61383177,0,0,0,0,0
3379131,59.8530218,0,0,0,0,0
237609,40.76944963,0,0,0,0,0
311230,84.14120456,0,164.8522353,0,0,0
861533,33.82996884,0,0,0,0,0
2928154,0,234.2057498,177.5331765,0,0,0
2725494,33.82996884,0,0,0,0,0
1130723,19.08357217,0,107.788,0,0,0
3060737,71.99711318,0,0,0,0,0
178899,19.95100727,0,82.42611767,0,0,0
622488,122.3083489,0,0,0,0,0
29459,0,0,0,0,0,0
3243766,42.50431983,0,0,0,0,0
2814292,13.87896158,468.4114995,266.2997648,0,0,0
37930,42.50431983,0,0,0,0,0
3240024,64.19019729,0,0,0,0,0
1882662,39.03457943,0,0,0,0,0
291594,0,0,0,0,0,0
1924940,0,0,152.1712942,0,0,0
1284658,0,146.3785936,107.788,0,0,0
2789216,86.74350985,175.6543123,158.5117647,0,0,0
3112165,20.81844236,0,0,0,0,0
37330,17.34870197,0,0,0,0,0
3133968,34.69740394,0,88.76658826,0,0,0
3239982,14.74639667,0,0,0,0,0
45398,32.96253374,0,0,0,0,0
3048338,0,322.0329059,228.2569412,0,513.0836326,0
2005884,21.68587746,0,0,0,0,0
1834167,46.84149532,0,0,0,0,0
2973512,0,161.016453,82.42611767,323.1689019,0,0
3115291,32.96253374,0,0,0,0,0
367477,20.81844236,0,0,0,0,0
420402,8.674350985,0,88.76658826,369.3358879,0,0
72556,53.78097611,0,0,0,0,0
1270,0,0,0,0,0,0
39687,31.22766355,0,0,0,0,0
3366810,104.0922118,0,76.08564708,0,0,0
1461694,23.42074766,0,139.490353,0,0,0
2906072,0,0,69.74517649,0,0,0
3137182,14.74639667,0,0,0,0,0
154288,65.05763239,0,101.4475294,0,0,0
2734618,0,0,0,0,0,0
2589990,40.76944963,0,0,0,0,0
3059716,0,395.2222027,114.1284706,0,0,549.1762356
214856,39.90201453,0,0,0,0,0
1915078,25.15561786,0,171.1927059,0,0,0
1274631,148.3314018,0,0,0,0,0
3047463,23.42074766,0,0,0,0,0
93064,29.49279335,0,0,0,0,0
2903821,39.03457943,0,0,0,0,0
1329,20.81844236,248.8436091,139.490353,0,0,0
3079304,0,0,95.10705885,0,0,0
3241602,0,0,0,0,0,0
257708,0,0,0,0,0,0
565033,37.29970924,0,0,0,0,0
2004515,0,219.5678904,95.10705885,0,0,0
3418557,0,0,0,0,0,0
1775910,0,0,0,0,0,0
3133306,33.82996884,0,0,0,0,0
1769779,0,0,76.08564708,577.0873249,0,0
319706,31.22766355,0,0,0,0,0
151081,0,0,0,0,0,0
3409691,0,0,0,0,0,0
3117012,90.21325024,0,88.76658826,0,0,0
2377,47.70893042,0,0,0,0,0
2903857,0,0,0,0,0,0
404589,35.56483904,0,145.8308236,0,0,0
3080976,0,0,247.278353,0,0,0
1335048,0,0,0,0,0,0
1963026,0,0,0,0,0,0
2597358,135.3198754,0,183.8736471,0,0,0
83262,45.10662512,307.3950465,221.9164706,0,0,0
1619313,26.89048805,263.4814685,171.1927059,0,0,0
2793009,79.80402906,483.0493589,336.0449413,0,0,0
744515,169.1498442,0,0,0,0,0
2662363,0,0,0,0,0,0
2903850,17.34870197,0,0,0,0,0
1646377,26.89048805,0,0,0,0,0
2924034,50.31123571,190.2921717,101.4475294,0,0,0
1496080,307.0720249,0,0,0,0,0
3042299,0,0,82.42611767,0,0,0
391586,109.2968224,0,0,0,0,0
356302,0,0,0,323.1689019,0,0
2795386,85.00863965,0,0,0,0,0
53336,0,0,0,0,0,0
2570586,52.91354101,0,82.42611767,0,0,0
3077944,0,0,0,0,0,0
32025,36.43227414,0,0,0,0,0
68239,33.82996884,0,0,0,0,0
216945,14.74639667,0,0,0,0,0
202,0,0,0,0,0,0
2954679,52.04610591,0,0,0,0,0
298596,76.33428867,0,0,0,0,0
658446,13.01152648,0,152.1712942,0,0,0
162426,71.99711318,0,0,0,0,0
714067,17.34870197,234.2057498,126.8094118,0,434.1476892,0
1297742,37.29970924,0,0,0,0,0
2008440,0,0,0,438.5863669,0,0
1232430,30.36022845,365.946484,145.8308236,0,434.1476892,0
2969597,20.81844236,0,0,0,0,0
1945512,30.36022845,468.4114995,0,0,0,0
56142,151.8011422,146.3785936,88.76658826,0,0,0
3423959,59.8530218,0,0,0,0,0
2708053,78.93659396,0,63.4047059,0,0,0
3133315,0,0,0,0,0,0
2691918,58.9855867,0,0,0,0,0
2681987,98.02016613,0,0,0,0,0
1230533,53.78097611,146.3785936,0,0,0,0
1814128,109.2968224,0,0,0,0,0
1689272,59.8530218,0,0,0,0,0
412965,90.21325024,0,0,0,0,0
2233851,32.09509864,0,0,0,0,0
109232,90.21325024,0,0,0,0,0
2585716,68.52737278,0,0,0,0,0
3394361,70.26224298,0,0,0,0,0
62088,107.5619522,0,0,0,0,0
82801,34.69740394,0,0,0,0,0
2125,23.42074766,0,0,0,0,0
576611,86.74350985,161.016453,177.5331765,0,0,0
1566351,26.02305296,0,0,0,0,0
29291,45.10662512,0,0,0,0,0
453304,17.34870197,0,0,0,0,0
333367,0,0,0,0,0,0
453783,22.55331256,0,69.74517649,0,0,0
3415750,8.674350985,0,0,323.1689019,0,0
1004279,17.34870197,0,0,0,0,0
2903557,48.57636552,0,0,0,0,0
1017,9.541786084,0,0,0,0,0
1867,21.68587746,0,0,0,0,0
2020412,9.541786084,0,0,0,0,0
3119007,0,0,0,323.1689019,0,0
2716812,95.41786084,0,0,0,0,0
2575440,0,0,0,0,0,0
2117,327.8904672,0,76.08564708,0,0,0
28119,82.40633436,0,0,0,0,0
2806347,76.33428867,0,0,0,0,0
3093864,8.674350985,526.9629369,278.9807059,0,0,0
1841249,11.27665628,0,0,0,0,0
683292,12.14409138,0,0,0,0,0
2721545,36.43227414,0,0,0,0,0
3117746,63.32276219,175.6543123,88.76658826,0,0,0
2594883,163.0777985,0,88.76658826,0,0,0
3410268,61.58789199,0,164.8522353,0,0,0
3402864,0,746.5308273,272.6402354,0,0,0
2903580,43.37175493,0,0,0,0,0
3070215,33.82996884,0,0,0,0,0
2819098,173.4870197,0,0,0,0,0
132920,65.05763239,190.2921717,120.4689412,0,0,0
1806670,56.3832814,0,0,0,0,0
70775,40.76944963,0,0,0,0,0
1720344,0,0,0,0,0,0
290053,58.9855867,0,0,0,0,0
1986204,65.05763239,0,0,0,0,0
3060621,101.4899065,0,0,0,0,0
188144,21.68587746,0,0,0,0,0
2932256,85.87607475,146.3785936,95.10705885,0,0,0
83556,0,0,0,0,0,0
294699,29.49279335,0,0,0,0,0
2215,132.7175701,0,0,0,0,0
171291,29.49279335,0,0,669.4212968,0,0
2975963,24.28818276,0,0,0,0,0
2843640,0,365.946484,88.76658826,0,434.1476892,0
1943633,0,0,95.10705885,0,0,0
3026418,0,161.016453,152.1712942,0,0,0
1685,26.02305296,234.2057498,88.76658826,0,0,0
2954647,30.36022845,0,0,0,0,0
1468449,26.89048805,0,0,0,0,0
410332,9.541786084,0,0,0,0,0
148813,87.61094495,0,0,0,0,0
2817656,38.16714433,0,82.42611767,0,0,0
73780,19.95100727,0,107.788,300.0854089,0,0
52690,185.6311111,0,0,300.0854089,0,0
504,31.22766355,0,0,0,0,0
131318,0,0,0,0,0,0
571949,118.8386085,0,0,0,0,0
2975777,0,0,0,0,0,0
74031,11.27665628,0,202.8950589,0,0,0
1859475,33.82996884,0,0,0,0,0
69499,54.64841121,146.3785936,101.4475294,0,0,0
2758573,935.0950362,0,0,0,0,0
200,38.16714433,0,0,0,0,0
215743,0,0,0,0,0,0
262076,35.56483904,0,342.3854118,0,0,0
656366,54.64841121,0,0,0,0,0
55802,176.089325,0,0,0,0,0
189425,104.9596469,0,0,0,0,0
2903797,40.76944963,0,0,0,0,0
2993543,20.81844236,219.5678904,0,0,0,0
1884905,83.27376946,0,0,0,0,0
2732593,13.01152648,0,95.10705885,0,0,0
3387407,208.1844236,0,0,0,0,0
2866311,50.31123571,0,76.08564708,0,0,0
288,0,556.2386557,196.5545883,0,0,0
69362,51.17867081,0,0,0,0,0
2744516,0,0,0,0,0,0
2051906,99.75503633,0,0,0,0,0
3448124,13.87896158,175.6543123,120.4689412,0,0,0
191302,56.3832814,190.2921717,120.4689412,438.5863669,0,0
3366809,60.7204569,0,0,0,0,0
879969,51.17867081,0,0,0,0,0
3066289,8.674350985,219.5678904,0,0,0,0
3041619,287.1210176,0,0,0,0,0
1803177,12.14409138,0,0,0,0,0
2599305,62.45532709,0,0,0,0,0
3073902,14.74639667,248.8436091,139.490353,415.5028739,0,0
264739,15.61383177,0,0,0,0,0
56459,0,0,0,0,0,0
748247,0,0,0,0,0,0
1064539,0,322.0329059,247.278353,0,0,0
430679,52.91354101,234.2057498,247.278353,0,0,0
3064001,29.49279335,0,0,0,0,0
319653,110.1642575,0,0,484.7533529,0,0
2796928,101.4899065,0,76.08564708,0,0,0
1547922,37.29970924,0,0,0,0,0
1223566,19.95100727,0,0,0,0,0
1945658,196.9077674,0,259.9592942,0,0,0
2824561,33.82996884,0,0,253.9184229,0,0
2763068,671.3947662,0,0,0,0,0
1961362,55.5158463,0,247.278353,0,0,0
1199245,16.48126687,0,0,0,0,0
864828,11.27665628,0,88.76658826,0,0,0
1653480,45.97406022,0,0,0,0,0
29375,277.5792315,0,0,0,0,0
229155,43.37175493,0,0,0,0,0
1397108,36.43227414,204.930031,158.5117647,0,0,0
3383025,157.0057528,0,0,0,0,0
2744523,0,0,0,0,0,0
216963,42.50431983,0,0,0,0,0
84980,45.97406022,0,0,0,0,0
1675686,20.81844236,0,0,369.3358879,0,0
3131936,39.90201453,0,0,0,0,0
2004646,58.9855867,0,0,0,0,0
2518971,56.3832814,0,0,0,0,0
2908645,91.94812044,0,0,0,0,0
2517362,26.02305296,0,0,0,0,0
1325102,143.1267913,0,0,0,0,0
2861775,15.61383177,0,0,0,0,0
204038,45.10662512,0,126.8094118,0,0,0
70863,108.4293873,0,0,0,0,0
2865833,40.76944963,0,0,0,0,0
3273802,29.49279335,0,0,0,0,0
344163,0,0,0,0,0,0
47883,31.22766355,0,114.1284706,0,0,0
73141,31.22766355,0,0,277.0019159,0,0
2740163,32.96253374,0,0,392.4193809,0,0
3439042,40.76944963,0,0,0,0,0
500610,0,0,0,0,0,0
58138,68.52737278,219.5678904,76.08564708,0,0,0
1759399,44.23919002,0,0,0,0,0
2745561,78.93659396,0,0,0,0,0
680248,30.36022845,0,0,0,0,0
3447013,0,0,0,0,0,0
3239898,0,0,0,600.1708178,0,0
2829501,13.87896158,0,164.8522353,0,0,0
515393,15.61383177,0,145.8308236,0,0,0
2970818,0,0,0,0,0,0
404405,0,0,0,692.5047898,0,0
1536773,51.17867081,0,0,0,0,0
3390033,0,0,0,0,0,0
1874361,39.90201453,0,101.4475294,0,0,0
2921401,59.8530218,0,0,0,0,0
2190,26.02305296,0,0,0,0,0
1590041,52.04610591,0,95.10705885,0,0,0
224719,115.3688681,0,0,0,0,0
3077948,47.70893042,0,82.42611767,0,0,698.9515726
1699622,75.46685357,0,0,0,0,0
2547970,59.8530218,0,0,0,0,0
2119,130.9826999,0,0,0,0,0
1524460,222.0633852,0,0,0,0,0
2490855,67.65993768,0,0,0,0,0
108486,13.87896158,0,0,0,0,0
3103144,69.39480788,0,0,0,0,0
1267217,0,307.3950465,0,0,0,0
1124597,13.01152648,0,0,0,0,0
1328770,132.7175701,0,0,0,0,0
1903686,133.5850052,0,152.1712942,0,0,0
36740,0,0,0,0,0,0
3077930,0,0,0,0,0,0
3036945,15.61383177,0,0,0,0,0
2589076,29.49279335,0,0,0,0,0
1583100,156.1383177,0,0,0,0,0
2740807,32.09509864,0,69.74517649,0,0,0
1523415,73.73198337,0,209.2355295,0,0,0
40834,96.28529593,0,437.4924707,0,0,0
94254,111.8991277,0,126.8094118,346.2523949,0,0
2943192,112.7665628,0,63.4047059,0,0,0
1048205,27.75792315,0,88.76658826,0,0,0
211114,13.01152648,0,158.5117647,0,0,0
447689,94.55042574,0,177.5331765,0,0,0
3413029,67.65993768,0,0,0,0,0
419479,0,0,0,0,0,0
3387397,0,0,0,0,0,0
1712516,117.1037383,0,0,0,0,0
2121,90.21325024,0,0,0,0,0
1637853,0,0,0,0,0,0
408783,32.96253374,0,0,0,0,0
47960,22.55331256,0,114.1284706,369.3358879,0,0
671077,0,0,0,323.1689019,0,0
2819104,0,0,0,0,0,0
3240042,46.84149532,0,0,346.2523949,0,0
1886670,45.10662512,0,0,0,0,0
2758440,737.3198337,0,0,0,0,0
417574,12.14409138,0,69.74517649,0,0,0
2807512,0,0,88.76658826,0,0,0
71433,32.96253374,0,0,0,0,0
1908224,11.27665628,0,107.788,0,0,0
2921702,0,0,0,0,0,0
2745511,0,0,0,0,0,0
2779518,60.7204569,0,0,0,0,0
171632,34.69740394,0,0,0,0,0
3033392,0,0,0,0,0,0
1523392,145.7290965,0,0,277.0019159,0,0
2231053,50.31123571,0,0,0,0,0
43765,119.7060436,0,0,0,0,0
113267,80.67146416,0,0,0,0,0
367190,25.15561786,234.2057498,69.74517649,0,0,0
1166078,0,0,0,0,0,0
1514105,166.5475389,0,0,0,0,0
2109914,0,0,0,0,0,0
2864217,35.56483904,0,0,0,0,0
3118085,26.02305296,0,101.4475294,0,0,0
430914,0,0,0,0,0,0
1233873,0,629.4279525,329.7044707,0,0,0
2926399,45.97406022,161.016453,76.08564708,0,0,0
3458682,96.28529593,0,63.4047059,0,0,0
3234954,102.3573416,0,0,0,0,0
2009329,0,0,291.6616471,0,0,0
323284,0,0,0,0,0,0
1138194,71.12967808,0,0,0,0,0
1639108,78.06915887,0,0,0,0,0
232346,11.27665628,0,0,0,0,0
157592,30.36022845,0,0,0,0,0
2815167,0,0,253.6188236,0,0,0
35806,0,0,107.788,0,0,0
1792,16.48126687,0,0,0,0,0
2305987,268.0374454,0,0,0,0,0
3400846,44.23919002,0,0,0,0,0
198620,34.69740394,0,0,0,0,0
2545798,0,278.1193278,114.1284706,0,513.0836326,0
2914710,19.95100727,0,114.1284706,0,0,0
76116,28.62535825,0,0,392.4193809,0,0
914150,33.82996884,0,0,0,0,0
28125,34.69740394,0,0,0,0,0
137732,86.74350985,0,101.4475294,0,0,0
3015170,80.67146416,0,0,0,0,0
191390,38.16714433,0,133.1498824,369.3358879,0,0
2054227,0,248.8436091,120.4689412,0,0,0
2949994,25.15561786,0,0,0,0,0
3230990,120.5734787,0,0,0,0,0
56146,205.5821183,0,0,0,0,0
2773454,99.75503633,190.2921717,101.4475294,0,0,0
2971606,0,0,754.5160002,0,0,0
3391822,132.7175701,0,76.08564708,0,0,0
2587163,0,0,95.10705885,0,0,0
2528007,114.501433,0,0,0,0,0
3066271,29.49279335,0,0,0,0,0
3240027,0,0,0,507.8368459,0,0
2498135,0,0,0,0,0,0
1636152,8.674350985,0,63.4047059,0,0,0
882104,0,0,0,0,0,0
3075198,31.22766355,0,0,0,0,0
3240071,27.75792315,0,0,0,0,0
2984843,8.674350985,0,0,0,0,0
1758194,0,0,0,0,0,0
2020962,48.57636552,0,0,0,0,0
197614,52.04610591,0,0,0,0,0
2996782,65.05763239,0,0,0,0,0
536,55.5158463,0,0,0,0,0
1406512,59.8530218,204.930031,183.8736471,0,0,0
833,87.61094495,0,0,0,0,0
103855,0,0,0,0,0,0
2507582,0,263.4814685,158.5117647,0,0,0
906888,30.36022845,0,0,0,0,0
2571747,26.89048805,0,0,0,0,0
84531,15.61383177,0,0,0,0,0
2817408,0,0,0,0,0,0
204525,0,0,0,507.8368459,0,0
198618,54.64841121,0,0,0,0,0
3034233,23.42074766,175.6543123,145.8308236,0,0,0
452,84.14120456,0,0,0,0,0
2527691,0,0,0,0,0,0
2954506,75.46685357,0,0,0,0,0
3242193,29.49279335,0,0,0,0,0
2100116,43.37175493,0,0,0,0,0
3003348,69.39480788,0,107.788,0,0,0
2745510,11.27665628,0,0,0,0,0
240427,0,263.4814685,133.1498824,0,0,0
2857077,0,0,63.4047059,0,0,0
3341829,26.89048805,0,0,0,0,0
710705,0,0,0,0,0,0
2983246,15.61383177,0,0,0,0,0
3130166,26.89048805,278.1193278,0,0,0,0
1002546,20.81844236,0,120.4689412,0,0,0
1928,98.88760123,0,653.0684707,0,0,0
1714373,20.81844236,0,0,0,0,0
2675792,90.21325024,0,0,0,0,0
2817413,0,0,0,0,0,0
1006155,48.57636552,0,0,0,0,0
111955,65.92506749,0,0,0,0,0
2774835,0,0,0,0,0,0
2493668,47.70893042,0,0,0,0,0
2003551,0,0,0,0,0,0
53408,15.61383177,0,0,0,0,0
732,88.47838005,0,0,0,0,0
3030492,91.94812044,0,69.74517649,0,0,0
3445355,30.36022845,0,0,0,0,0
537,53.78097611,0,101.4475294,0,0,0
375489,28.62535825,0,0,0,0,0
36738,432.8501142,175.6543123,69.74517649,0,0,0
3034648,65.92506749,0,0,0,0,0
2919921,48.57636552,0,0,0,0,0
184914,26.02305296,0,0,0,0,0
2916397,24.28818276,0,196.5545883,0,0,0
1054041,22.55331256,0,0,0,0,0
3372858,0,0,0,0,0,0
82983,36.43227414,234.2057498,120.4689412,0,434.1476892,0
3160831,57.2507165,0,0,0,0,0
2026191,0,0,164.8522353,0,0,0
3395316,0,278.1193278,114.1284706,0,473.6156609,0
54261,22.55331256,0,0,0,0,0
3394146,97.15273103,0,152.1712942,0,0,0
1714845,76.33428867,0,0,0,0,0
1173101,89.34581515,0,0,0,0,0
39669,41.63688473,0,0,0,0,0
3385202,43.37175493,0,0,0,0,0
3240072,0,0,0,0,0,0
1664069,63.32276219,0,0,0,0,0
189691,67.65993768,0,0,0,0,0
1188319,24.28818276,0,114.1284706,0,0,0
3242682,50.31123571,248.8436091,0,0,0,0
1302235,8.674350985,0,0,300.0854089,0,0
2975870,9.541786084,190.2921717,202.8950589,0,0,0
3118332,37.29970924,0,0,0,0,0
208216,0,0,0,0,0,0
1981510,87.61094495,0,0,0,0,0
37929,0,0,0,0,0,0
2005703,49.44380061,0,63.4047059,0,0,0
3230987,0,0,0,0,0,0
33940,163.9452336,0,0,0,0,0
1874317,32.09509864,161.016453,164.8522353,0,0,0
3032282,11.27665628,0,0,0,0,0
2184053,40.76944963,0,76.08564708,484.7533529,0,0
340146,46.84149532,0,0,0,0,0
57372,26.02305296,0,0,0,0,0
2925841,54.64841121,175.6543123,177.5331765,0,0,0
2726189,29.49279335,0,0,0,0,0
2175864,12.14409138,0,0,554.0038319,0,0
2058624,143.9942264,219.5678904,164.8522353,0,0,0
102862,36.43227414,0,0,0,0,0
1005039,281.0489719,0,0,0,0,0
120963,32.96253374,0,0,0,0,0
3240783,0,0,0,0,0,0
3398231,40.76944963,0,0,0,0,0
2604832,24.28818276,0,0,0,0,0
212403,65.92506749,0,133.1498824,0,0,0
2728835,0,190.2921717,82.42611767,230.8349299,0,0
936476,118.8386085,0,0,0,0,0
1562720,24.28818276,0,152.1712942,323.1689019,0,0
34007,91.08068534,0,0,0,0,0
267128,65.05763239,0,158.5117647,0,0,0
2584094,0,0,0,0,0,0
2751171,46.84149532,0,133.1498824,0,0,0
60893,34.69740394,0,0,0,0,0
2026187,21.68587746,0,0,0,0,0
3080014,29.49279335,0,0,0,0,0
1608957,27.75792315,0,0,346.2523949,0,0
76936,21.68587746,0,0,0,0,0
2714925,8.674350985,0,0,0,0,0
114885,125.7780893,0,0,0,0,0
948519,22.55331256,0,0,0,0,0
476157,23.42074766,0,0,0,0,0
68246,32.09509864,0,0,0,0,0
3139408,27.75792315,0,0,0,0,0
410,170.0172793,0,0,0,0,0
2996034,61.58789199,0,0,0,0,0
2815577,50.31123571,0,0,0,0,0
3078083,39.90201453,0,0,0,0,0
1549858,44.23919002,234.2057498,101.4475294,0,0,0
3077928,0,0,0,0,0,0
2163011,15.61383177,0,0,0,0,0
401471,64.19019729,0,0,0,0,0
1681,26.89048805,0,0,0,0,0
1891644,83.27376946,0,0,0,0,0
879274,0,0,0,0,0,0
414,13.01152648,0,0,0,0,0
280236,24.28818276,0,0,0,0,0
3386553,13.01152648,0,0,0,0,0
281362,75.46685357,0,0,0,0,0
93220,150.9337071,0,0,0,0,0
2211212,78.93659396,175.6543123,76.08564708,0,0,0
261964,9.541786084,0,0,0,0,0
3157618,51.17867081,0,0,0,0,0
2047744,0,0,0,461.6698599,0,0
593909,38.16714433,0,0,0,0,0
556287,324.4207268,0,0,230.8349299,0,0
3019892,189.9682866,0,0,0,0,0
685,88.47838005,0,76.08564708,0,0,0
661488,153.5360124,0,0,0,0,0
3237371,89.34581515,0,0,0,0,0
2898581,74.59941847,0,0,0,0,0
2916816,19.08357217,0,0,0,0,0
33037,42.50431983,0,0,0,0,0
1801,0,0,114.1284706,0,0,0
351052,0,0,88.76658826,323.1689019,0,0
2750812,10.40922118,0,101.4475294,0,0,0
28099,24.28818276,0,0,0,0,0
29561,26.02305296,0,0,0,0,0
3071567,31.22766355,219.5678904,0,0,0,0
3067904,8.674350985,0,76.08564708,230.8349299,0,0
37637,65.92506749,0,0,0,0,0
2890318,33.82996884,0,0,0,0,0
2038636,0,0,69.74517649,0,0,0
114054,27.75792315,263.4814685,196.5545883,0,0,0
283686,62.45532709,0,0,0,0,0
3160832,12.14409138,0,95.10705885,0,0,0
3072790,136.1873105,0,0,0,0,0
3151599,0,0,0,0,0,0
358220,0,468.4114995,0,0,0,0
292414,46.84149532,0,0,0,0,0
2202141,0,0,0,0,0,0
47872,234.2074766,0,0,0,0,0
2663857,15.61383177,0,0,0,0,0
3231716,17.34870197,0,0,0,0,0
2970464,0,0,0,0,0,0
43768,0,190.2921717,0,0,0,0
1842727,28.62535825,0,0,0,0,0
2709380,19.08357217,0,0,300.0854089,0,0
1774216,0,0,0,0,0,0
1349410,33.82996884,336.6707653,76.08564708,300.0854089,0,0
1979954,13.87896158,0,63.4047059,0,0,0
1872122,39.90201453,0,171.1927059,0,0,0
3418417,221.1959501,0,0,0,0,0
2710758,41.63688473,0,0,0,0,0
183795,19.95100727,0,0,0,0,0
1128151,51.17867081,0,0,0,0,0
1639348,0,0,0,0,0,0
55211,90.21325024,322.0329059,145.8308236,0,0,0
3349878,21.68587746,0,95.10705885,415.5028739,0,0
2485124,37.29970924,731.892968,126.8094118,0,0,0
3028375,0,0,0,0,0,0
2231721,0,0,88.76658826,253.9184229,0,0
3237105,137.9221807,0,0,0,0,0
2058136,0,0,0,0,0,0
3166643,8.674350985,234.2057498,164.8522353,0,473.6156609,0
2579250,85.00863965,146.3785936,0,0,0,0
3016339,14.74639667,0,0,0,0,0
3236892,31.22766355,0,0,0,0,0
33990,83.27376946,0,0,0,0,0
2585771,72.86454827,0,120.4689412,0,0,0
2725994,153.5360124,0,0,0,0,0
1970157,40.76944963,190.2921717,266.2997648,0,0,0
58169,62.45532709,0,0,0,0,0
227942,8.674350985,0,0,0,0,0
2975743,36.43227414,0,0,0,0,0
2067065,95.41786084,0,0,0,0,0
1817405,226.4005607,0,0,0,0,0
269660,21.68587746,0,221.9164706,0,0,0
3438965,0,0,0,0,0,0
2528017,13.87896158,0,120.4689412,0,0,0
2173169,89.34581515,0,0,0,0,0
1248727,22.55331256,0,0,369.3358879,0,0
2975953,46.84149532,0,0,0,0,0
2698458,32.09509864,0,0,0,0,0
1618,136.1873105,0,0,0,0,0
2576891,39.03457943,0,0,0,0,0
2921557,81.53889926,0,0,0,0,0
2903591,11.27665628,0,0,0,0,0
3039386,0,0,0,0,0,0
386911,19.95100727,0,0,0,0,0
2675878,27.75792315,0,0,692.5047898,0,0
31958,31.22766355,0,0,0,0,0
1632865,146.5965316,0,0,0,0,0
2735436,71.99711318,0,0,0,0,0
47884,12.14409138,204.930031,95.10705885,0,0,0
2740529,15.61383177,0,0,0,0,0
155177,0,0,0,0,0,0
2754725,514.3890134,0,126.8094118,0,0,0
29553,76.33428867,0,0,0,0,0
3133277,0,0,0,0,0,0
240521,43.37175493,0,0,0,0,0
161360,39.03457943,0,0,0,0,0
2530200,99.75503633,0,101.4475294,0,0,0
1798193,610.6743093,0,120.4689412,0,0,0
1456591,26.02305296,0,69.74517649,0,0,0
1804,45.10662512,0,0,0,0,0
133924,0,0,107.788,0,0,0
2758038,12.14409138,0,76.08564708,0,0,0
2527983,13.87896158,0,114.1284706,230.8349299,0,0
33059,39.90201453,0,0,0,0,0
2592049,0,0,0,0,0,0
1965282,79.80402906,0,0,0,0,0
1349,140.524486,0,0,0,0,0
2857059,119.7060436,0,0,0,0,0
2951806,0,0,0,0,0,0
170651,86.74350985,0,69.74517649,0,0,0
3144975,78.93659396,0,0,0,0,0
2507160,72.86454827,0,0,0,0,0
2093856,106.6945171,0,0,0,0,0
2109915,0,0,139.490353,554.0038319,0,0
2511995,19.08357217,0,0,323.1689019,0,0
3243332,0,0,76.08564708,0,0,0
1050370,16.48126687,0,0,0,0,0
1737424,50.31123571,0,0,0,0,0
2099,99.75503633,0,76.08564708,0,0,0
81028,32.96253374,0,0,0,0,0
566,0,0,0,0,0,0
225084,105.827082,0,0,0,0,0
496014,0,0,0,0,0,0
1874061,0,263.4814685,139.490353,0,0,0
2210,47.70893042,0,0,0,0,0
2483404,81.53889926,0,0,0,0,0
495,21.68587746,0,0,0,0,0
2978973,0,0,177.5331765,0,0,0
3031124,0,878.2715616,0,0,0,0
2024580,0,175.6543123,164.8522353,0,0,0
2796143,24.28818276,0,0,0,0,0
1591088,46.84149532,0,0,0,0,0
293552,79.80402906,0,0,0,0,0
2956798,38.16714433,175.6543123,158.5117647,0,0,0
370524,0,0,0,0,0,0
2982692,9.541786084,0,336.0449413,0,0,0
483937,62.45532709,0,0,0,0,0
3447451,18.21613707,0,95.10705885,0,0,0
3039154,0,0,0,0,0,0
3382150,0,0,0,0,0,0
2558931,38.16714433,0,0,323.1689019,0,0
3100174,0,0,0,0,0,0
2909671,66.79250258,0,0,0,0,0
184748,9.541786084,0,95.10705885,0,0,0
1848903,0,0,0,0,0,0
34003,50.31123571,0,76.08564708,0,0,0
2571116,78.93659396,190.2921717,120.4689412,0,0,0
3242158,32.96253374,0,0,0,0,0
2010972,65.05763239,0,0,0,0,0
1323948,0,0,0,0,0,0
2590772,16.48126687,0,0,0,0,0
173858,36.43227414,0,0,0,0,0
58231,11.27665628,0,0,0,0,0
2975710,10.40922118,0,0,0,0,0
52603,32.96253374,0,183.8736471,0,0,0
134821,23.42074766,0,63.4047059,230.8349299,0,0
2967301,27.75792315,0,0,0,0,0
293089,13.87896158,0,0,0,0,0
2753607,0,0,0,323.1689019,0,0
2815358,20.81844236,0,0,0,0,0
3141581,201.2449429,0,0,0,0,0
3230487,27.75792315,0,88.76658826,0,0,0
2975990,0,0,152.1712942,0,0,0
3037797,0,0,0,0,0,0
3241170,126.6455244,0,0,0,0,0
754517,123.175784,0,0,0,0,0
3238631,54.64841121,0,0,0,0,0
3115649,71.99711318,0,0,0,0,0
155077,67.65993768,248.8436091,0,0,0,0
1810504,22.55331256,0,63.4047059,0,0,0
2963092,39.90201453,0,139.490353,0,0,0
397865,51.17867081,0,0,0,0,0
2903619,24.28818276,0,0,0,0,0
3129297,80.67146416,0,0,0,0,0
2055160,49.44380061,0,0,0,0,0
2083300,12.14409138,0,0,0,0,0
1353891,75.46685357,0,0,0,0,0
1758178,0,0,120.4689412,0,0,0
260552,27.75792315,0,0,346.2523949,0,0
673,20.81844236,0,0,0,0,0
2594496,419.8385877,0,0,0,0,0
1743162,43.37175493,0,0,0,0,0
2903577,45.10662512,0,0,0,0,0
3085177,57.2507165,0,0,0,0,0
575,53.78097611,0,0,0,0,0
1702103,19.95100727,0,0,0,0,0
1364,190.8357217,0,0,0,0,0
53417,84.14120456,0,0,0,0,0
2039234,76.33428867,0,0,0,0,0
3118174,49.44380061,0,0,0,0,0
279113,40.76944963,0,82.42611767,0,0,0
3419765,0,395.2222027,228.2569412,0,0,0
2291597,58.9855867,0,0,0,0,0
1870819,45.97406022,161.016453,0,0,0,0
3157666,23.42074766,0,0,0,0,0
1869339,27.75792315,0,0,0,0,0
2685869,16.48126687,0,0,0,0,0
1699623,0,263.4814685,0,0,0,0
83380,25.15561786,0,0,0,0,0
1448929,0,0,0,0,0,0
3239903,37.29970924,0,76.08564708,0,0,0
3372856,60.7204569,0,0,0,0,0
2975801,52.91354101,175.6543123,120.4689412,0,0,0
2865837,0,0,0,0,0,0
53635,58.9855867,0,0,0,0,0
1560345,20.81844236,0,88.76658826,0,0,0
3120278,25.15561786,0,133.1498824,0,0,0
1811193,143.1267913,0,0,0,0,0
2590015,10.40922118,0,0,0,0,0
2986951,13.87896158,204.930031,133.1498824,0,434.1476892,0
2726117,98.02016613,0,0,0,0,0
2591463,0,0,0,0,0,0
2903700,11.27665628,0,0,0,0,0
2975796,0,0,0,0,0,0
2559928,11.27665628,0,101.4475294,0,0,0
1131703,85.00863965,0,0,0,0,0
152682,210.7867289,0,0,0,0,0
2724914,9.541786084,0,0,0,0,0
1796613,95.41786084,0,0,0,0,0
433659,0,0,0,0,0,0
1806667,15.61383177,0,0,0,0,0
39485,51.17867081,146.3785936,0,0,0,0
1891186,57.2507165,0,0,0,0,0
2480087,18.21613707,0,0,253.9184229,0,0
2975797,0,0,0,0,0,0
568844,0,0,0,0,0,0
2872591,12.14409138,0,95.10705885,0,0,0
2993455,32.09509864,0,0,0,0,0
195913,25.15561786,0,69.74517649,0,0,0
1813468,29.49279335,380.5843433,0,0,0,0
2572577,48.57636552,0,183.8736471,0,0,0
538382,147.4639667,0,88.76658826,0,0,0
2782659,0,0,0,0,0,0
249402,61.58789199,0,0,0,0,0
2512240,71.99711318,0,0,0,0,0
712150,45.97406022,0,0,0,0,0
357278,43.37175493,0,0,0,0,0
3042315,66.79250258,0,76.08564708,0,0,0
1077945,0,0,0,0,0,0
446692,115.3688681,0,0,0,0,0
2021862,19.95100727,0,0,0,0,0
2599297,20.81844236,0,0,0,0,0
452627,0,0,0,0,0,0
2903679,17.34870197,0,0,0,0,0
2775403,0,0,69.74517649,0,0,0
2794089,0,0,0,0,0,0
465797,0,0,0,0,0,0
2527971,157.0057528,0,0,0,0,0
668570,35.56483904,0,0,0,0,0
123824,48.57636552,0,0,0,0,0
142,134.4524403,0,0,0,0,0
244566,39.03457943,0,0,0,0,0
208596,169.1498442,0,0,0,0,0
2760083,19.95100727,0,0,0,0,0
1249553,65.92506749,0,0,0,0,0
2731756,52.91354101,0,0,0,0,0
2136,105.827082,278.1193278,126.8094118,300.0854089,0,0
3040764,48.57636552,0,0,0,0,0
2975717,0,0,0,0,0,0
3162562,0,0,0,0,0,0
83554,478.8241744,0,0,0,0,0
2588534,18.21613707,0,0,0,0,0
1972068,0,0,0,0,0,0
38012,0,0,0,0,0,0
1884263,44.23919002,0,0,0,0,0
3018036,17.34870197,0,120.4689412,0,0,0
1085,0,0,0,0,0,0
34103,25.15561786,0,0,0,0,0
648794,12.14409138,0,0,0,0,0
2267521,99.75503633,0,0,0,0,0
1635327,120.5734787,0,0,0,0,0
1597781,42.50431983,0,0,0,0,0
2268461,0,0,0,0,0,0
2943848,15.61383177,0,0,0,0,0
2792008,20.81844236,0,0,0,0,0
1709477,13.87896158,0,107.788,0,0,0
2005166,46.84149532,0,0,0,0,0
1078471,0,0,0,0,0,0
151528,18.21613707,0,0,0,0,0
536979,63.32276219,0,0,0,0,0
1697053,84.14120456,0,0,0,0,0
2983842,135.3198754,0,0,0,0,0
1715720,21.68587746,0,0,0,0,0
3451555,91.08068534,0,0,0,0,0
1236179,126.6455244,351.3086246,120.4689412,0,0,0
3082538,0,0,0,831.0057478,0,0
2149,38.16714433,204.930031,114.1284706,392.4193809,0,0
3028878,24.28818276,0,0,277.0019159,0,0
142877,32.96253374,0,0,0,0,0
2583532,0,204.930031,0,0,0,0
436,39.90201453,0,0,0,0,0
3412683,16.48126687,278.1193278,0,0,0,0
1071078,82.40633436,0,0,0,0,0
127893,59.8530218,395.2222027,374.0877648,0,0,0
356837,0,0,0,0,0,0
551760,33.82996884,0,0,0,0,0
114686,34.69740394,0,0,0,0,0
356322,16.48126687,0,82.42611767,0,592.0195761,0
2685834,31.22766355,0,0,0,0,0
754477,40.76944963,0,0,0,0,0
2921447,47.70893042,161.016453,82.42611767,0,473.6156609,0
3050071,163.9452336,0,0,0,0,0
1917441,124.0432191,0,0,0,0,0
945,113.6339979,146.3785936,63.4047059,0,0,0
228602,12.14409138,0,0,300.0854089,0,0
172713,16.48126687,0,0,0,0,0
2792603,0,0,0,300.0854089,0,0
1070130,31.22766355,0,0,0,0,0
2697033,17.34870197,0,0,0,0,0
438,34.69740394,0,164.8522353,0,0,0
3388665,105.827082,0,0,0,0,0
2721173,17.34870197,0,304.3425883,0,0,0
3415677,0,0,0,0,0,0
1176257,104.9596469,0,0,0,0,0
2785331,48.57636552,0,0,0,0,0
2145,69.39480788,0,0,0,0,0
3025669,85.00863965,0,0,0,0,0
2999062,0,0,500.8971766,0,0,0
2603277,11.27665628,0,0,0,0,0
3345148,25.15561786,0,0,0,0,0
2975808,22.55331256,0,0,530.9203389,0,0
580,61.58789199,0,0,0,0,0
3463852,21.68587746,0,107.788,0,0,0
207809,138.7896158,0,0,0,0,0
2916802,256.7607892,0,0,0,0,0
3071082,89.34581515,0,0,0,0,0
3243051,38.16714433,0,0,0,0,0
2141,30.36022845,0,0,0,0,0
528244,65.05763239,0,0,0,0,0
3414510,103.2247767,0,82.42611767,0,0,0
2697363,0,0,0,0,0,0
1656159,264.567705,0,0,0,0,0
3122075,0,0,0,0,0,0
43770,26.02305296,0,0,0,0,0
61648,49.44380061,0,0,0,0,0
3242677,723.4408722,0,0,0,0,0
3398776,0,0,0,0,0,0
1333996,11.27665628,190.2921717,69.74517649,253.9184229,0,0
3449278,0,0,0,0,0,0
146826,31.22766355,0,0,0,0,0
2976015,0,0,0,0,0,0
2817411,0,0,0,0,0,0
184917,15.61383177,0,114.1284706,0,0,0
1814290,33.82996884,0,0,0,0,0
2608247,50.31123571,0,120.4689412,0,0,0
2606717,0,0,0,0,0,0
2816454,0,0,0,0,0,0
134287,13.01152648,0,0,0,0,0
51201,79.80402906,175.6543123,190.2141177,0,0,0
1867834,20.81844236,175.6543123,177.5331765,0,0,0
1859121,104.9596469,0,0,0,0,0
93218,10.40922118,0,0,0,0,0
2719912,199.5100727,0,0,0,0,0
531813,22.55331256,0,95.10705885,0,0,0
1434072,30.36022845,0,0,0,0,0
2954699,0,0,0,0,0,0
46680,0,0,0,0,0,0
74318,38.16714433,0,101.4475294,0,0,0
58290,22.55331256,0,0,0,0,0
72,108.4293873,0,0,0,0,0
33050,18.21613707,0,0,0,0,0
3133324,60.7204569,0,0,0,0,0
626932,0,0,0,0,0,0
2849865,283.6512772,0,0,0,0,0
3239936,0,0,88.76658826,0,0,0
1891787,0,0,164.8522353,0,0,0
2715209,102.3573416,234.2057498,82.42611767,0,0,0
2912855,46.84149532,0,0,0,0,0
251538,13.01152648,0,0,0,0,0
933262,55.5158463,0,0,323.1689019,0,0
29311,16.48126687,0,0,0,0,0
2714946,24.28818276,0,0,0,0,0
86265,18.21613707,0,0,0,0,0
1182444,132.7175701,0,0,0,0,0
2921510,159.6080581,204.930031,177.5331765,0,0,0
875932,68.52737278,219.5678904,126.8094118,0,0,0
102148,133.5850052,0,0,0,0,0
3077585,176.089325,0,0,0,0,0
2979861,0,0,0,0,0,0
225999,40.76944963,0,0,0,0,0
2708340,19.08357217,0,0,0,0,0
2917725,0,0,0,0,0,0
266,30.36022845,0,0,0,0,0
2950604,35.56483904,0,0,0,0,0
3233343,42.50431983,0,0,0,0,0
3231000,0,0,0,0,0,0
2602067,0,0,247.278353,0,0,0
328839,0,0,0,0,0,0
1415568,33.82996884,0,82.42611767,0,0,0
3075825,0,0,0,0,0,0
653931,0,161.016453,95.10705885,0,0,0
74829,42.50431983,0,145.8308236,0,0,0
373543,0,0,0,0,0,0
84156,12.14409138,0,0,0,0,0
2736757,363.4553063,0,0,0,0,0
67760,40.76944963,0,0,0,0,0
2975324,0,0,0,0,0,0
2211140,95.41786084,0,0,0,0,0
857252,0,0,0,0,0,0
53501,0,0,171.1927059,0,0,0
3239927,26.89048805,0,0,0,0,0
879567,9.541786084,0,0,0,0,0
169480,26.02305296,351.3086246,342.3854118,0,0,0
2980027,59.8530218,0,0,0,0,0
2956824,0,0,0,0,0,0
2844289,452.8011214,0,0,0,0,0
28025,51.17867081,0,158.5117647,0,0,0
2903891,0,351.3086246,190.2141177,0,0,0
3081765,0,0,0,0,0,0
1748,49.44380061,0,0,0,0,0
2714929,49.44380061,0,0,0,0,0
2867024,0,0,0,0,0,0
1678128,22.55331256,0,0,0,0,0
81468,0,0,0,0,0,0
75612,799.7751608,0,0,0,0,0
296591,60.7204569,190.2921717,101.4475294,0,0,0
1772,0,0,202.8950589,0,0,0
3239975,19.95100727,0,0,0,0,0
2946699,151.8011422,0,0,0,0,0
2607911,0,0,798.8992943,0,0,0
2498113,53.78097611,0,63.4047059,300.0854089,0,0
34021,30.36022845,0,0,0,0,0
216933,99.75503633,0,0,0,0,0
1310,11.27665628,146.3785936,107.788,0,0,0
2599600,32.96253374,0,0,0,0,0
1674146,25.15561786,0,0,0,0,0
169402,172.6195846,0,88.76658826,0,0,0
2082949,0,0,114.1284706,300.0854089,0,0
423605,20.81844236,0,95.10705885,0,394.6797174,0
316279,9.541786084,0,0,0,0,0
1435348,137.0547456,0,69.74517649,0,0,0
2750929,26.89048805,0,82.42611767,0,0,0
2041385,18.21613707,0,0,577.0873249,0,0
452529,18.21613707,0,0,0,0,0
2975960,32.09509864,0,0,0,0,0
61652,24.28818276,0,0,0,0,0
223390,20.81844236,0,0,0,0,0
3101265,11.27665628,0,88.76658826,253.9184229,0,0
3125785,0,0,0,0,0,0
1586287,26.89048805,0,0,0,0,0
2812648,37.29970924,0,0,0,0,0
1076588,16.48126687,0,114.1284706,0,0,0
1028989,26.89048805,0,0,0,0,0
1855617,0,0,0,0,0,0
1138822,70.26224298,0,0,0,0,0
2728023,109.2968224,0,133.1498824,0,0,0
126157,98.02016613,0,0,0,0,0
1850250,0,0,158.5117647,0,0,0
1031538,65.92506749,0,0,0,0,0
3412685,16.48126687,190.2921717,196.5545883,0,0,0
3239892,62.45532709,0,0,0,0,0
3386552,11.27665628,0,0,0,0,0
1291556,34.69740394,0,0,0,0,0
3066290,118.8386085,0,0,0,0,0
135740,13.01152648,0,196.5545883,0,0,0
2968969,39.03457943,0,0,0,0,0
2234,0,0,0,0,0,0
111831,0,0,0,0,0,0
1529068,0,0,101.4475294,0,0,0
1541959,98.02016613,0,0,0,0,0
1858609,24.28818276,0,0,0,0,0
408139,47.70893042,0,0,0,0,0
3138568,26.89048805,0,0,0,0,0
901,45.10662512,0,114.1284706,0,0,0
2597702,42.50431983,0,0,0,0,0
146922,91.94812044,0,0,0,0,0
515361,8.674350985,0,0,0,0,0
67827,74.59941847,0,0,0,0,0
3388653,21.68587746,0,0,0,0,0
2708348,0,0,0,0,0,0
3052000,48.57636552,204.930031,82.42611767,0,0,0
1461000,38.16714433,0,0,0,0,0
1416803,39.03457943,0,0,0,0,0
192073,72.86454827,0,0,0,0,0
1400866,0,0,126.8094118,0,0,0
2816248,19.95100727,0,0,0,0,0
3394356,0,0,0,0,0,0
73010,53.78097611,0,101.4475294,0,0,0
1917219,85.87607475,0,0,0,0,0
1415574,54.64841121,0,0,0,0,0
2746232,39.90201453,0,152.1712942,0,0,0
2763669,69.39480788,0,0,0,0,0
214,19.08357217,0,0,323.1689019,0,0
2921704,13.01152648,0,0,0,0,0
1890,0,263.4814685,164.8522353,0,0,0
3044187,46.84149532,0,0,0,0,0
507626,0,0,0,0,0,0
2268024,102.3573416,0,0,0,0,0
47886,20.81844236,0,0,0,0,0
3050112,62.45532709,0,69.74517649,0,0,0
3055847,0,0,196.5545883,0,0,0
51161,55.5158463,0,0,0,0,0
14,52.04610591,0,0,0,0,0
2829502,91.08068534,0,0,0,0,0
133453,19.95100727,0,0,0,0,0
2592334,0,0,0,0,0,0
85991,0,0,0,0,0,0
3116653,9.541786084,0,0,0,0,0
1852027,0,0,221.9164706,0,0,0
1705399,180.4265005,0,0,0,0,0
55508,89.34581515,0,63.4047059,0,0,0
2840457,0,0,0,0,0,0
83291,17.34870197,0,114.1284706,300.0854089,0,0
2877939,24.28818276,0,0,0,0,0
3080532,73.73198337,0,0,0,0,0
2172103,0,0,0,0,0,0
3077589,22.55331256,0,0,0,0,0
2530390,49.44380061,0,0,0,0,0
2854036,30.36022845,0,0,0,0,0
2921420,51.17867081,0,0,0,0,0
2675754,75.46685357,278.1193278,101.4475294,0,0,0
86188,0,0,0,0,0,0
32013,14.74639667,0,0,0,0,0
709810,0,0,0,0,0,0
1871066,16.48126687,0,0,0,0,0
2826993,13.01152648,0,88.76658826,0,0,0
1349409,0,0,0,0,0,0
3230992,0,0,0,0,0,0
1341549,9.541786084,0,0,0,0,0
172049,50.31123571,0,0,0,0,0
2975902,0,0,0,0,0,0
2603276,0,0,221.9164706,0,0,0
589873,45.97406022,0,0,0,0,0
2771361,15.61383177,0,0,0,0,0
285070,41.63688473,307.3950465,221.9164706,0,0,0
2735528,105.827082,0,101.4475294,253.9184229,0,0
2770776,0,0,0,0,0,0
2675298,128.3803946,0,0,0,0,0
2921714,32.09509864,0,0,0,0,0
2894201,99.75503633,0,0,0,0,0
68173,52.04610591,351.3086246,272.6402354,0,0,0
1536772,72.86454827,0,0,0,0,0
472693,33.82996884,219.5678904,139.490353,0,0,0
3240046,10.40922118,0,0,0,0,0
42881,10.40922118,0,0,577.0873249,0,0
1902136,78.06915887,0,0,0,0,0
43348,19.08357217,0,0,0,0,0
133926,8.674350985,190.2921717,120.4689412,0,434.1476892,0
3017784,14.74639667,0,0,0,0,0
2952158,52.04610591,0,0,0,0,0
69967,59.8530218,0,0,0,0,0
1408281,146.5965316,0,0,0,0,0
1926868,0,0,0,438.5863669,0,0
1898955,16.48126687,0,82.42611767,300.0854089,0,0
2991418,11.27665628,0,0,0,0,0
436516,122.3083489,0,0,0,0,0
3426554,0,263.4814685,107.788,0,394.6797174,0
200451,45.10662512,0,0,369.3358879,0,0
501572,0,0,0,0,0,0
1736675,0,0,0,0,0,0
1549949,35.56483904,0,0,0,0,0
2886040,42.50431983,0,0,0,0,0
3235088,9.541786084,190.2921717,107.788,0,0,0
208602,133.5850052,0,0,0,0,0
2953752,32.09509864,0,0,0,0,0
2663020,74.59941847,0,0,0,0,0
2528020,101.4899065,0,88.76658826,0,0,0
2705012,0,0,0,0,0,0
2830983,0,0,0,0,0,0
76629,67.65993768,161.016453,107.788,0,0,0
2768162,11.27665628,0,0,300.0854089,0,0
1512,40.76944963,0,0,0,0,0
51049,221.1959501,0,0,0,0,0
3398393,19.95100727,0,0,415.5028739,0,0
3396619,0,0,0,0,0,0
1630141,63.32276219,0,0,0,0,0
40516,14.74639667,0,0,0,0,0
1670800,134.4524403,0,0,0,0,0
941907,19.08357217,0,0,0,0,0
2066070,51.17867081,0,0,0,0,0
2864208,13.87896158,0,69.74517649,253.9184229,0,0
512349,16.48126687,161.016453,107.788,0,0,0
472183,83.27376946,0,0,0,0,0
511435,111.0316926,190.2921717,0,0,0,0
2565368,78.06915887,0,120.4689412,0,0,0
2851598,0,0,0,0,0,0
3003393,0,0,0,0,0,0
128574,64.19019729,0,0,0,0,0
1615494,27.75792315,278.1193278,139.490353,0,0,0
3239906,13.87896158,0,0,0,0,0
710191,57.2507165,0,0,0,0,0
3152363,0,0,0,0,0,0
82985,170.8847144,0,0,0,0,0
35791,0,0,0,0,0,0
2961619,52.91354101,0,0,0,0,0
2545632,52.04610591,0,0,0,0,0
2897342,13.87896158,0,0,0,0,0
2841257,23.42074766,0,0,0,0,0
338584,13.87896158,161.016453,126.8094118,0,0,0
3028735,8.674350985,0,0,0,0,0
3082387,30.36022845,0,0,0,0,0
1579,110.1642575,0,0,0,0,0
1443036,16.48126687,0,0,0,0,0
3391614,0,0,114.1284706,0,0,0
3430278,13.01152648,0,0,0,0,0
3066288,0,0,0,0,0,0
2867025,0,0,374.0877648,0,0,0
29471,0,0,0,0,0,0
1306992,12.14409138,0,0,0,0,0
1543721,14.74639667,0,63.4047059,253.9184229,0,0
1892855,0,0,0,438.5863669,0,0
223818,133.5850052,0,0,0,0,0
1907,46.84149532,0,0,0,0,0
1931241,12.14409138,0,133.1498824,0,0,0
2518176,84.14120456,0,69.74517649,0,0,0
3238801,0,0,164.8522353,0,0,0
2162,88.47838005,0,0,0,0,0
2975734,39.90201453,0,0,0,0,0
40519,43.37175493,0,0,0,0,0
2382161,40.76944963,0,0,0,0,0
1679497,13.87896158,0,95.10705885,0,0,0
2500548,0,0,0,0,0,0
2782213,0,0,0,0,0,0
1636603,54.64841121,0,0,0,0,0
2508306,0,0,0,0,0,0
1581011,42.50431983,0,0,0,0,0
362837,63.32276219,0,0,0,0,0
2726122,29.49279335,0,0,0,0,0
3239306,0,0,0,0,0,0
2201350,0,0,69.74517649,0,0,0
225971,0,0,139.490353,0,0,0
2827233,196.9077674,0,0,0,0,0
3080827,0,0,266.2997648,0,0,0
2742128,33.82996884,0,0,0,0,0
2976237,0,0,0,0,0,0
2604941,10.40922118,0,0,0,0,0
2650158,40.76944963,0,0,0,0,0
342948,10.40922118,0,0,0,0,0
27973,20.81844236,0,0,0,0,0
3111011,39.90201453,0,0,0,0,0
2924031,176.9567601,0,82.42611767,230.8349299,0,0
3367156,97.15273103,0,0,0,0,0
3423946,0,0,0,0,0,0
454171,167.414974,0,0,0,0,0
1177213,29.49279335,0,0,0,0,0
2599640,39.90201453,0,126.8094118,0,0,0
502,158.740623,0,0,0,0,0
46354,33.82996884,0,0,0,0,0
3020899,44.23919002,0,0,0,0,0
1872567,0,0,0,0,0,0
3391575,53.78097611,0,0,0,0,0
2593655,21.68587746,0,0,0,0,0
380749,65.05763239,0,0,0,0,0
47763,49.44380061,0,0,0,0,0
2954530,0,0,0,0,0,0
3133335,19.95100727,0,0,277.0019159,0,0
1868589,19.08357217,0,88.76658826,0,0,0
2697027,83.27376946,0,0,0,0,0
147268,13.01152648,0,0,0,0,0
3133332,0,0,0,0,0,0
2596828,12.14409138,0,0,0,0,0
1751071,30.36022845,0,0,0,0,0
1079,0,0,0,277.0019159,0,0
2742676,53.78097611,0,0,0,0,0
2065312,66.79250258,248.8436091,114.1284706,0,0,0
195498,0,204.930031,234.5974118,0,0,0
153233,0,0,0,0,0,0
51364,157.0057528,0,120.4689412,0,0,0
3149229,0,0,0,0,0,0
2734088,0,0,0,0,0,0
420336,82.40633436,146.3785936,88.76658826,0,0,0
33010,30.36022845,0,0,0,0,0
28104,0,0,259.9592942,0,0,0
3096000,46.84149532,0,95.10705885,0,0,0
330922,0,0,0,0,0,0
2493633,13.01152648,0,0,0,0,0
3162530,0,0,0,0,0,0
400061,17.34870197,0,0,0,0,0
37331,0,0,0,507.8368459,0,0
3230993,49.44380061,0,133.1498824,0,0,0
2954814,34.69740394,0,0,0,0,0
153491,66.79250258,0,0,0,0,0
42443,26.02305296,0,101.4475294,0,0,0
1619153,76.33428867,0,0,0,0,0
1211807,0,0,0,0,0,0
216942,27.75792315,175.6543123,101.4475294,0,0,0
1380685,45.97406022,0,0,0,0,0
3239968,0,0,285.3211765,0,0,0
2745519,20.81844236,0,0,0,0,0
2759692,26.02305296,0,0,0,0,0
2806609,35.56483904,0,0,0,0,499.2511233
283699,0,322.0329059,164.8522353,0,0,0
1217274,9.541786084,0,0,0,0,0
33962,119.7060436,0,0,0,0,0
710111,19.95100727,0,0,0,0,0
288004,124.9106542,0,0,0,0,0
3066313,13.01152648,453.7736401,266.2997648,0,0,0
3394605,36.43227414,0,298.0021177,0,0,0
225422,14.74639667,0,183.8736471,0,0,0
1129264,58.9855867,0,0,0,0,0
1603606,26.02305296,0,0,0,0,0
424188,0,0,0,0,0,0
3159496,0,0,0,0,0,0
2136182,118.8386085,0,0,0,0,0
3092120,0,0,82.42611767,0,0,0
2979467,0,336.6707653,291.6616471,0,0,0
3110110,26.02305296,204.930031,0,0,0,0
2507935,77.20172377,0,0,0,0,0
2035,0,0,0,0,0,0
1768242,0,234.2057498,158.5117647,0,0,0
3239940,52.91354101,0,0,0,0,0
3028084,13.87896158,0,0,0,0,0
556548,13.87896158,0,0,0,0,0
51664,103.2247767,190.2921717,82.42611767,0,0,0
421115,0,0,0,0,0,0
1535768,31.22766355,0,0,0,0,0
1727163,51.17867081,0,95.10705885,0,0,0
2044912,26.89048805,0,158.5117647,0,394.6797174,0
173860,0,190.2921717,95.10705885,0,0,0
1408191,29.49279335,0,0,0,0,0
2728024,82.40633436,0,0,323.1689019,0,0
1874826,0,0,126.8094118,0,0,0
3239974,66.79250258,0,0,0,0,0
3024837,70.26224298,0,0,0,0,0
1537242,13.87896158,0,101.4475294,0,0,0
2736640,0,0,133.1498824,0,0,0
2949758,144.8616615,0,0,0,0,0
2665646,30.36022845,0,0,0,0,0
547987,0,161.016453,76.08564708,253.9184229,0,0
3134142,70.26224298,0,0,0,0,0
3043848,10.40922118,0,0,0,0,0
1218495,60.7204569,0,0,0,0,0
1777491,0,0,0,0,0,0
2565554,0,0,0,0,0,0
2976241,18.21613707,0,69.74517649,369.3358879,0,0
304378,0,0,0,0,0,0
3068640,0,336.6707653,164.8522353,0,0,0
1816680,56.3832814,0,272.6402354,0,0,0
2969308,0,0,0,0,0,0
29401,10.40922118,0,0,0,0,0
860235,0,0,69.74517649,0,0,0
1263728,39.90201453,0,0,0,0,0
3094884,48.57636552,0,0,0,0,0
153493,0,234.2057498,114.1284706,0,0,0
1086632,25.15561786,0,221.9164706,0,0,0
2202828,19.08357217,0,101.4475294,0,0,0
38288,0,0,0,0,0,0
3117747,83.27376946,0,139.490353,0,0,0
159450,76.33428867,0,0,0,0,0
1032623,25.15561786,0,0,0,0,0
3036704,54.64841121,0,0,0,0,0
68270,52.91354101,0,0,0,0,0
2867012,13.01152648,0,101.4475294,0,0,0
299583,97.15273103,0,0,0,0,0
2696560,32.09509864,204.930031,107.788,0,0,0
36814,0,0,0,0,0,0
1981174,69.39480788,0,0,0,0,0
1882757,45.10662512,0,0,0,0,0
59405,248.0864382,0,0,0,0,0
46163,198.6426376,0,0,0,0,0
2493672,0,0,0,0,0,0
3050360,0,219.5678904,101.4475294,0,394.6797174,0
2878388,0,0,0,0,0,0
2798861,15.61383177,0,0,0,0,0
45056,45.97406022,0,120.4689412,0,0,0
3405120,44.23919002,0,0,0,0,0
298653,14.74639667,0,0,0,0,0
364317,26.89048805,161.016453,69.74517649,0,0,0
2921707,106.6945171,0,0,0,0,0
536044,13.01152648,0,0,0,0,0
2752316,19.08357217,0,0,0,0,0
2997333,77.20172377,0,76.08564708,0,0,0
3133966,15.61383177,0,0,0,0,0
2527972,13.01152648,0,0,0,0,0
1156431,67.65993768,0,0,0,0,0
2202826,0,0,0,0,0,0
2682456,17.34870197,0,0,0,0,0
3074822,17.34870197,0,0,0,0,0
216938,32.96253374,0,0,0,0,0
664962,0,0,0,0,0,0
1792307,20.81844236,0,0,0,0,0
33046,30.36022845,0,0,0,0,0
3074437,31.22766355,0,0,0,0,0
699433,314.0115057,0,0,0,0,0
589436,26.89048805,0,95.10705885,0,0,0
195105,13.87896158,0,0,0,0,0
565,0,0,0,0,0,0
160386,13.87896158,0,0,0,0,0
2777577,31.22766355,0,0,0,0,0
1470066,54.64841121,0,0,323.1689019,0,0
938155,13.01152648,0,0,0,0,0
1609977,41.63688473,0,82.42611767,0,0,0
3142977,0,0,0,0,0,0
2838237,0,0,0,0,0,0
387090,101.4899065,0,0,0,0,0
2975769,0,175.6543123,0,0,0,0
2066133,82.40633436,0,0,0,0,0
1033846,28.62535825,0,215.5760001,0,0,0
3238686,120.5734787,0,82.42611767,0,0,0
1002672,56.3832814,204.930031,69.74517649,0,0,0
446372,58.1181516,0,0,0,0,0
35,45.97406022,0,0,0,0,0
450734,9.541786084,0,0,0,0,0
391290,0,0,0,0,0,0
3132707,45.97406022,0,0,0,0,0
3140246,0,0,0,0,0,0
451,34.69740394,0,0,0,0,0
971,45.97406022,0,0,0,0,0
252966,88.47838005,0,63.4047059,0,0,0
3239970,107.5619522,0,0,0,0,0
3398817,115.3688681,0,107.788,0,0,0
437505,50.31123571,0,95.10705885,0,0,0
1050657,80.67146416,0,0,0,0,0
1631871,13.87896158,0,0,0,0,0
134602,55.5158463,0,114.1284706,0,0,0
3079768,0,0,0,0,0,0
3058603,0,0,0,0,0,0
3096993,12.14409138,0,88.76658826,230.8349299,0,0
2954512,0,0,0,0,0,0
2867010,17.34870197,0,145.8308236,0,0,0
1416627,235.0749117,0,0,0,0,0
2761580,31.22766355,0,0,0,0,0
515350,16.48126687,0,0,0,0,0
3066275,30.36022845,0,0,0,0,0
3035702,32.96253374,0,0,0,0,0
2729997,0,0,0,0,0,0
3073066,0,0,107.788,0,0,0
2921375,11.27665628,0,0,0,0,0
751585,100.6224714,0,0,0,0,0
1965590,17.34870197,161.016453,0,0,0,0
2763540,0,0,0,0,0,0
39490,15.61383177,0,0,0,0,0
3096221,26.02305296,0,63.4047059,461.6698599,0,0
2234087,98.88760123,0,0,0,0,0
936456,39.03457943,0,76.08564708,0,434.1476892,0
1903258,62.45532709,0,0,0,0,0
3116481,13.01152648,0,0,0,0,0
3075927,28.62535825,0,0,0,0,0
1750719,0,0,0,0,0,0
2654249,10.40922118,0,76.08564708,346.2523949,0,0
1570,47.70893042,0,0,0,0,0
2894081,0,0,196.5545883,0,0,0
2707005,59.8530218,0,0,0,0,0
108015,0,0,0,0,0,0
3239953,0,0,0,0,0,0
296199,70.26224298,0,0,0,0,0
3458298,30.36022845,0,0,0,0,0
2607656,57.2507165,0,0,0,0,0
2587850,0,0,0,0,0,0
2864218,66.79250258,0,0,0,0,0
2010829,0,0,0,0,0,0
3373541,20.81844236,0,0,0,0,0
1182263,39.90201453,0,0,0,0,0
341220,17.34870197,234.2057498,107.788,0,0,0
1294,19.08357217,161.016453,126.8094118,0,0,0
3075121,0,0,0,0,0,0
261284,21.68587746,0,0,0,0,0
231455,0,0,0,0,0,0
3133318,158.740623,0,190.2141177,0,0,0
1743168,54.64841121,0,0,0,0,0
3391146,27.75792315,0,0,0,0,0
3129112,9.541786084,0,0,0,0,0
2810563,31.22766355,0,0,0,0,0
2922729,130.9826999,0,0,0,0,0
1484109,9.541786084,0,69.74517649,0,0,0
2738886,96.28529593,0,0,0,0,0
374982,26.89048805,0,126.8094118,0,0,0
2520507,33.82996884,0,69.74517649,0,0,0
2487276,74.59941847,0,76.08564708,0,0,0
245188,82.40633436,0,0,0,0,0
1903276,11.27665628,0,0,0,0,0
1379909,52.04610591,0,0,0,0,0
2282420,19.08357217,0,0,0,0,0
2493674,0,0,0,0,0,0
931074,17.34870197,0,0,0,0,0
3366806,23.42074766,0,0,0,0,0
502366,65.92506749,0,0,0,0,499.2511233
1377,85.00863965,0,0,0,0,0
2054316,159.6080581,0,0,0,0,0
2986949,12.14409138,0,0,0,0,0
2842346,17.34870197,0,0,0,0,0
1984801,0,322.0329059,367.7472942,0,0,0
2771012,14.74639667,0,0,415.5028739,0,0
2607662,82.40633436,0,76.08564708,0,0,0
32002,15.61383177,0,0,0,0,0
1379910,18.21613707,0,69.74517649,0,0,0
1285901,9.541786084,0,0,0,0,0
3031803,536.0748909,0,0,0,0,0
1695218,40.76944963,219.5678904,76.08564708,0,0,0
2921411,35.56483904,0,0,0,0,0
2662455,62.45532709,0,0,0,0,0
53359,0,0,0,0,0,0
65553,54.64841121,175.6543123,95.10705885,0,0,0
3235173,42.50431983,0,0,0,0,0
2949997,25.15561786,0,0,0,0,0
522262,44.23919002,0,0,0,0,0
3058426,0,0,0,0,0,0
3133288,0,0,0,0,0,0
3074898,23.42074766,0,76.08564708,0,0,0
1737425,0,0,0,0,0,0
3068893,9.541786084,0,0,438.5863669,0,0
2937787,40.76944963,161.016453,133.1498824,0,0,0
659012,0,0,0,0,0,0
158823,0,0,0,0,0,0
2983232,10.40922118,0,0,0,0,0
2716225,0,380.5843433,190.2141177,0,0,0
524884,0,0,0,392.4193809,0,0
169435,50.31123571,0,0,0,0,0
290,0,0,0,0,0,0
1904254,0,0,0,0,0,0
3028622,0,0,0,0,0,0
40001,0,395.2222027,152.1712942,0,0,0
2724191,16.48126687,0,0,0,0,0
2571750,31.22766355,0,0,0,0,0
310783,0,0,0,0,0,0
1353886,14.74639667,0,101.4475294,0,0,0
592316,15.61383177,307.3950465,0,0,0,0
2023866,20.81844236,0,0,0,0,0
1758395,69.39480788,0,0,0,0,0
656178,0,0,0,0,0,0
32049,0,0,196.5545883,0,0,0
2708117,205.5821183,0,0,0,0,0
1944646,191.7031568,0,0,0,0,0
2841528,143.1267913,0,69.74517649,0,0,0
3042318,27.75792315,0,63.4047059,0,0,0
1849581,0,0,0,0,0,0
2879113,680.0691172,0,0,0,0,0
3057550,0,0,0,0,0,0
2856608,45.97406022,0,0,0,0,0
1808001,56.3832814,0,0,0,0,0
453162,75.46685357,0,0,0,0,0
1076331,0,0,0,0,0,0
2842456,11.27665628,0,0,0,0,0
3095609,10.40922118,0,0,0,0,0
2903882,19.08357217,0,0,0,0,0
83617,0,0,0,0,0,0
3390025,0,0,0,0,0,0
1207504,9.541786084,0,0,0,0,0
3069691,31.22766355,0,0,0,0,0
2506452,37.29970924,0,0,0,0,0
1160784,30.36022845,0,0,0,0,0
2865832,0,0,0,0,0,0
2921698,282.7838421,0,0,0,0,0
13769,17.34870197,0,0,0,0,0
211146,8.674350985,0,0,0,0,0
323415,0,0,82.42611767,0,0,0
2906514,64.19019729,0,0,0,0,0
450378,11.27665628,0,145.8308236,0,0,0
2903668,0,0,0,0,0,0
3062598,87.61094495,175.6543123,114.1284706,0,0,0
1812112,28.62535825,0,0,0,0,0
553151,48.57636552,248.8436091,202.8950589,0,0,0
62099,24.28818276,0,0,0,0,0
1408204,70.26224298,0,0,0,0,0
172042,16.48126687,0,0,0,0,0
2975961,0,0,0,0,0,0
2903764,0,0,0,0,0,0
1394889,0,0,532.5995295,0,0,0
13689,269.7723156,0,0,0,0,0
3240383,145.7290965,0,88.76658826,0,0,0
190146,20.81844236,248.8436091,209.2355295,0,0,0
2041,0,0,0,369.3358879,0,0
881260,106.6945171,0,0,0,0,0
3121289,118.8386085,0,0,0,0,0
2571748,0,0,0,0,0,0
2820278,0,0,114.1284706,0,0,0
3133272,12.14409138,0,0,0,0,0
2811424,0,0,0,0,0,0
216964,45.10662512,0,0,0,0,0
1074467,63.32276219,0,0,0,0,0
913,15.61383177,234.2057498,183.8736471,0,0,0
1534349,0,0,0,0,0,0
3039180,42.50431983,0,0,0,0,0
163164,0,0,0,0,0,0
2728020,0,0,95.10705885,0,0,0
2080419,0,0,0,0,0,0
3404052,0,0,0,0,0,0
2766537,76.33428867,0,0,0,0,0
1758390,0,0,0,0,0,0
1756993,0,0,0,0,0,0
34038,234.2074766,0,0,0,0,0
3139327,118.8386085,0,0,0,0,0
45462,0,0,0,0,0,0
1909699,95.41786084,0,0,0,0,0
42109,0,0,0,0,0,0
292461,33.82996884,0,0,0,0,0
327277,71.99711318,0,0,0,0,0
266951,0,0,0,0,0,0
2732864,0,0,82.42611767,0,0,0
2779363,333.9625129,0,0,0,0,0
45361,48.57636552,0,0,0,0,0
2116657,0,219.5678904,133.1498824,0,0,0
1538553,31.22766355,0,0,0,0,0
31998,0,0,0,0,0,0
53412,26.89048805,0,0,0,0,0
1452353,19.08357217,0,0,0,0,0
3023936,83.27376946,0,139.490353,0,0,0
1400864,20.81844236,0,0,0,0,0
2984146,64.19019729,0,0,0,0,0
110322,19.08357217,190.2921717,133.1498824,0,0,0
652,0,234.2057498,202.8950589,0,0,0
356851,23.42074766,0,0,0,0,0
2494702,34.69740394,0,107.788,0,0,0
3458297,25.15561786,0,120.4689412,0,0,0
2975735,10.40922118,0,0,0,0,0
2259620,0,0,0,0,0,0
2001,102.3573416,0,0,0,0,0
150123,32.09509864,0,0,0,0,0
88233,30.36022845,0,0,0,0,0
2918171,19.08357217,0,0,0,0,0
3002436,39.03457943,0,0,0,0,0
2991545,42.50431983,0,0,0,0,0
2027290,161.3429283,0,0,0,0,0
2246,32.96253374,0,0,0,0,0
1442554,28.62535825,0,82.42611767,0,0,0
3402689,17.34870197,0,0,0,0,0
2563669,265.4351401,0,0,0,0,0
92757,41.63688473,0,0,0,0,0
70864,19.95100727,0,0,0,0,0
1510570,16.48126687,0,0,0,0,0
1764,21.68587746,0,0,0,0,0
33936,189.9682866,0,0,0,0,0
39768,31.22766355,0,0,0,0,0
1007676,109.2968224,0,0,300.0854089,0,0
3394355,26.89048805,0,0,0,0,0
1472417,62.45532709,322.0329059,202.8950589,0,0,0
1746199,83.27376946,0,0,0,0,0
86663,78.06915887,146.3785936,120.4689412,0,0,0
3050637,28.62535825,0,0,0,0,0
2893471,90.21325024,0,0,0,0,0
2600596,48.57636552,0,0,0,0,0
3082520,38.16714433,0,0,0,0,0
295596,70.26224298,0,0,0,0,0
29518,116.2363032,0,0,0,0,0
2899133,23.42074766,263.4814685,0,0,0,0
3374193,26.02305296,0,0,0,0,0
1041159,0,0,0,0,0,0
58344,13.01152648,0,0,0,0,0
1353246,21.68587746,0,0,0,0,0
1585976,40.76944963,0,0,0,0,0
3233341,44.23919002,0,0,300.0854089,0,0
2878542,0,0,0,0,0,0
2589888,216.8587746,292.7571872,0,0,0,0
2899123,17.34870197,0,152.1712942,0,0,0
1447062,0,0,0,300.0854089,0,0
2074,10.40922118,0,0,0,0,0
3133291,0,0,0,0,0,0
715451,74.59941847,0,0,0,0,0
74700,14.74639667,0,0,0,0,0
2315729,32.09509864,234.2057498,158.5117647,0,0,0
1911685,0,278.1193278,0,0,0,0
54262,12.14409138,0,0,0,0,0
2177,13.01152648,0,0,0,0,0
1508404,36.43227414,0,0,0,0,0
1217908,34.69740394,0,76.08564708,0,0,0
47858,0,248.8436091,221.9164706,0,0,0
219572,48.57636552,0,0,0,0,0
1398493,19.08357217,0,0,0,0,0
349064,26.89048805,146.3785936,76.08564708,0,0,0
370038,0,0,120.4689412,0,0,0
3026423,19.08357217,0,0,0,0,0
207745,0,0,0,0,0,0
586416,46.84149532,0,88.76658826,0,0,0
67350,0,0,158.5117647,0,0,0
684066,0,0,95.10705885,0,0,0
1509244,0,0,0,0,0,0
62140,0,190.2921717,145.8308236,0,0,0
3061989,55.5158463,0,0,0,0,0
1750,28.62535825,0,0,0,0,0
1564,59.8530218,0,0,0,0,0
2683590,0,0,0,0,0,0
1476,184.763676,0,0,0,0,0
2903862,20.81844236,0,0,0,0,0
190897,39.03457943,0,0,0,0,0
3231173,0,190.2921717,221.9164706,0,0,0
993502,10.40922118,0,0,0,0,0
1914471,23.42074766,0,0,0,0,0
33932,234.2074766,0,0,0,0,0
3384767,55.5158463,248.8436091,107.788,0,0,0
196914,216.8587746,0,76.08564708,0,0,0
246167,87.61094495,0,0,0,0,0
72557,0,0,0,0,0,0
321327,17.34870197,0,120.4689412,0,0,0
82367,0,0,0,0,0,0
2576840,22.55331256,0,0,0,0,0
2762729,38.16714433,0,0,0,0,0
2817385,0,0,0,0,0,0
2754044,11.27665628,0,0,0,0,0
3133721,0,0,76.08564708,0,0,0
47989,0,0,0,0,0,0
3137370,0,0,158.5117647,0,0,0
3119830,0,0,0,0,0,0
29510,11.27665628,0,0,0,0,0
2653851,0,0,152.1712942,0,0,0
2711215,0,0,69.74517649,0,0,0
1949085,8.674350985,190.2921717,145.8308236,0,0,0
3066221,38.16714433,0,0,0,0,0
402884,0,0,69.74517649,0,0,0
2793103,0,600.1522337,0,0,0,0
1548548,13.01152648,0,0,0,0,0
3374551,0,0,164.8522353,0,0,0
2911537,0,0,0,0,0,0
3073143,28.62535825,0,0,0,0,0
2975988,15.61383177,0,0,0,0,0
1427364,76.33428867,0,0,0,0,0
1671721,0,0,272.6402354,0,0,0
3160966,14.74639667,0,0,0,0,0
1104324,15.61383177,0,0,253.9184229,0,0
2912268,320.0835513,0,0,0,0,0
2898433,0,234.2057498,0,0,0,0
310300,91.94812044,0,0,0,0,0
277988,17.34870197,439.1357808,183.8736471,0,0,0
1450,0,0,0,0,0,0
3125784,35.56483904,0,0,0,0,0
2903872,37.29970924,0,0,0,0,0
3459121,0,0,0,0,0,0
2527989,0,0,76.08564708,0,0,0
2135430,0,0,0,0,0,0
2867023,38.16714433,0,76.08564708,0,0,0
1316444,157.8731879,0,107.788,0,0,0
99807,29.49279335,0,0,0,0,0
1949083,18.21613707,0,0,0,0,0
3137368,19.95100727,0,133.1498824,0,0,0
1516159,0,0,0,0,0,0
2502781,36.43227414,0,0,0,0,0
2871826,88.47838005,0,0,0,0,0
1945634,75.46685357,0,76.08564708,0,0,0
3241167,13.01152648,0,158.5117647,0,0,0
1738770,21.68587746,0,101.4475294,0,0,0
3074855,0,0,0,0,0,0
2976809,0,0,133.1498824,0,0,0
3066276,19.95100727,0,0,0,0,0
1389713,8.674350985,0,0,0,0,0
47835,50.31123571,0,0,0,0,0
2775081,24.28818276,0,139.490353,0,0,0
3161974,12.14409138,0,317.0235295,0,0,0
2976005,0,0,0,0,0,0
2749077,0,0,0,0,0,0
1882747,22.55331256,0,0,0,0,0
48003,88.47838005,0,0,0,0,0
1883414,54.64841121,0,0,0,0,0
3243375,0,0,0,0,0,0
33070,18.21613707,0,298.0021177,0,0,0
2576919,15.61383177,0,0,0,0,0
1967501,34.69740394,0,0,0,0,0
68214,28.62535825,0,0,392.4193809,0,0
103232,17.34870197,0,0,0,0,0
3239897,17.34870197,0,0,0,0,0
1785995,632.3601868,0,0,0,0,0
3058374,27.75792315,0,0,0,0,0
3077956,82.40633436,0,0,0,0,0
2675776,0,0,0,0,0,0
3114359,111.8991277,0,0,0,0,0
2077182,0,204.930031,152.1712942,0,0,0
261292,0,0,69.74517649,0,0,0
2768069,18.21613707,0,0,0,0,0
1921565,0,0,0,0,0,0
1214604,60.7204569,0,0,0,0,0
2749040,10.40922118,0,0,0,0,0
116085,144.8616615,0,0,0,0,0
1481665,19.08357217,0,0,0,0,0
2736875,11.27665628,0,0,0,0,0
3388426,26.02305296,0,0,0,0,0
3075616,0,0,386.768706,0,0,0
3240787,0,0,0,0,0,0
680247,61.58789199,0,0,0,0,0
3031330,109.2968224,248.8436091,202.8950589,0,0,0
194424,157.8731879,0,0,0,0,0
2811482,0,0,0,0,0,0
3377108,0,0,0,0,0,0
1432792,0,0,0,0,0,0
56460,13.87896158,0,0,0,0,0
2861283,0,0,190.2141177,0,0,0
1791,0,204.930031,196.5545883,0,0,0
497727,63.32276219,0,0,0,0,0
2815343,0,0,0,0,0,0
265426,66.79250258,0,0,0,0,0
3242679,137.9221807,0,0,0,0,0
252130,0,365.946484,95.10705885,0,0,0
405559,0,0,126.8094118,0,0,0
3015154,14.74639667,0,0,0,0,0
114616,0,0,76.08564708,0,0,0
2527980,24.28818276,0,0,230.8349299,0,0
1330330,180.4265005,0,0,0,0,0
2980099,85.87607475,0,0,0,0,0
2954547,74.59941847,0,0,0,0,0
119484,17.34870197,0,0,0,0,0
3449740,0,0,0,0,0,0
285665,572.507165,0,0,0,0,0
114883,18.21613707,0,0,0,0,0
75697,0,0,0,0,0,0
1435036,58.1181516,0,0,0,0,0
2982531,0,0,0,0,0,0
1552759,0,0,0,0,0,0
2653200,0,0,95.10705885,0,0,0
1277351,77.20172377,0,0,0,0,0
256701,67.65993768,0,0,0,0,0
485,0,0,0,0,0,0
1149953,0,0,0,0,0,0
2066483,17.34870197,0,0,0,0,0
3151850,59.8530218,0,0,0,0,0
2570229,10.40922118,0,0,0,0,0
1986146,62.45532709,0,0,0,0,0
2809020,38.16714433,0,0,0,0,0
3243033,0,0,0,0,0,0
455364,78.93659396,0,0,0,0,0
1593482,81.53889926,0,0,0,0,0
2768066,19.08357217,0,0,369.3358879,0,0
2755385,41.63688473,0,0,0,0,0
2890317,85.87607475,0,0,0,0,0
471189,32.09509864,0,0,0,0,0
2921709,41.63688473,0,0,0,0,0
3234199,0,0,107.788,0,0,0
2932251,124.9106542,0,0,0,0,0
576131,45.97406022,0,69.74517649,0,0,0
2903595,190.8357217,0,0,0,0,0
2718938,39.03457943,0,0,0,0,0
571124,0,0,0,0,0,0
556288,21.68587746,0,0,0,0,0
2870346,0,0,0,0,0,0
2768161,0,0,0,0,0,0
3033390,0,0,0,0,0,0
2183911,8.674350985,0,114.1284706,253.9184229,0,0
1050655,43.37175493,0,0,0,0,0
2065379,0,0,0,0,0,0
152335,78.93659396,0,0,0,0,0
535744,59.8530218,0,0,0,0,0
3041766,0,292.7571872,259.9592942,0,0,0
2528027,12.14409138,0,0,0,0,0
2907154,0,0,0,0,0,0
573569,109.2968224,0,0,0,0,0
121616,0,219.5678904,164.8522353,0,0,0
2867231,21.68587746,0,0,0,0,0
3133696,9.541786084,0,0,0,0,0
1920883,12.14409138,0,88.76658826,0,0,0
348826,38.16714433,0,0,0,0,0
2938695,70.26224298,0,0,0,0,0
2950874,0,0,0,0,0,0
1092,31.22766355,0,0,0,0,0
652764,0,0,0,0,0,0
2003315,77.20172377,0,0,0,0,0
2954056,0,0,0,0,0,0
2605945,0,0,0,0,0,0
2923279,84.14120456,0,101.4475294,230.8349299,0,0
675864,32.96253374,0,0,0,0,0
168695,16.48126687,0,82.42611767,0,0,0
2749994,141.3919211,0,0,0,0,0
340268,0,0,0,0,0,0
3421650,15.61383177,0,0,0,0,0
2834459,46.84149532,0,0,0,0,0
762,64.19019729,0,0,0,0,0
2915130,19.95100727,0,0,0,0,0
2719987,19.95100727,146.3785936,0,0,0,0
2921658,113.6339979,0,0,0,0,0
2967302,48.57636552,0,0,0,0,0
3402862,15.61383177,0,0,0,0,0
1936003,70.26224298,278.1193278,171.1927059,0,0,0
215591,49.44380061,0,0,0,0,0
2906062,30.36022845,0,0,0,0,0
2997354,17.34870197,161.016453,114.1284706,0,0,0
1276,0,0,133.1498824,0,0,0
3374192,80.67146416,0,0,0,0,0
2773709,65.05763239,0,0,0,0,0
193,0,0,145.8308236,0,0,0
3031993,53.78097611,146.3785936,0,0,0,0
158877,206.4495534,0,0,0,0,0
2954507,15.61383177,0,0,0,0,0
3064277,41.63688473,0,0,0,0,0
2903789,134.4524403,365.946484,0,0,0,0
2975947,0,0,0,0,0,0
2033,17.34870197,0,0,0,0,0
334852,0,0,0,0,0,0
309806,68.52737278,0,0,0,0,0
2972485,61.58789199,0,63.4047059,0,0,0
252307,87.61094495,0,133.1498824,0,0,0
2743090,59.8530218,0,0,0,0,0
218822,38.16714433,0,0,0,0,0
639313,32.09509864,0,0,0,0,0
1933912,181.2939356,0,0,0,0,0
3230301,36.43227414,0,0,0,0,0
1760988,12.14409138,0,63.4047059,0,0,0
2586909,61.58789199,204.930031,76.08564708,0,0,0
2011159,8.674350985,0,0,0,0,0
2038343,18.21613707,0,0,0,0,0
1699624,55.5158463,0,0,0,0,0
50718,45.97406022,0,63.4047059,0,0,0
3243076,103.2247767,0,0,0,0,0
2144175,116.2363032,0,0,0,0,0
3416808,70.26224298,0,107.788,0,0,0
745369,26.02305296,0,0,0,0,0
251699,14.74639667,0,0,415.5028739,0,0
2843215,0,0,0,0,0,0
1981880,0,0,0,0,0,0
1385663,13.01152648,0,0,0,0,0
2782176,32.09509864,0,0,0,0,0
712623,38.16714433,292.7571872,0,0,0,0
3230736,19.08357217,0,0,0,0,0
1312741,12.14409138,0,0,0,0,0
624186,9.541786084,204.930031,107.788,0,0,0
3377707,46.84149532,0,0,0,0,0
1497681,19.95100727,0,101.4475294,0,0,0
2744522,0,0,0,0,0,0
2025949,19.08357217,0,0,0,0,0
95301,0,0,0,0,0,0
2791037,37.29970924,0,0,0,0,0
2698682,0,0,0,0,0,0
2282397,39.03457943,0,0,0,0,0
2927975,0,0,0,0,0,0
2933293,37.29970924,0,0,0,0,0
12917,43.37175493,0,0,0,0,0
2975730,15.61383177,0,0,0,0,0
328814,45.10662512,0,0,0,0,0
2748316,0,380.5843433,0,0,0,0
395599,32.96253374,0,0,0,0,0
2975776,0,0,0,0,0,0
2829809,0,0,0,0,0,0
1881061,13.01152648,0,69.74517649,0,0,0
2933797,27.75792315,0,101.4475294,0,0,0
2604421,54.64841121,0,0,0,0,0
1855519,19.95100727,0,0,0,0,0
3403152,25.15561786,0,164.8522353,0,0,0
2590551,39.90201453,0,63.4047059,0,0,0
1901,69.39480788,146.3785936,158.5117647,0,0,0
3435889,0,0,0,0,0,0
3427931,54.64841121,0,0,0,0,0
3398208,0,0,0,0,0,0
3239972,0,0,0,0,0,0
83558,33.82996884,0,0,0,0,0
354351,37.29970924,0,164.8522353,0,0,0
221341,41.63688473,0,88.76658826,0,0,0
2202825,91.08068534,0,69.74517649,0,0,0
2546350,13.01152648,0,0,0,0,0
3035471,0,0,0,0,0,0
2420306,12.14409138,219.5678904,126.8094118,0,0,0
1851148,159.6080581,0,0,0,0,0
2979870,0,0,0,0,0,0
314282,53.78097611,0,0,0,0,0
2921417,15.61383177,0,0,0,0,0
331696,0,0,0,0,0,0
2027405,13.01152648,0,0,0,0,0
1749,0,0,0,0,0,0
45610,45.97406022,0,0,0,0,0
1796635,105.827082,0,0,0,0,0
1763998,0,0,0,0,0,0
2975641,77.20172377,0,82.42611767,0,0,0
3447509,15.61383177,0,0,0,0,0
3239922,35.56483904,0,139.490353,0,0,0
2931390,0,0,0,0,0,0
2806348,0,0,82.42611767,0,0,0
2569862,0,0,0,300.0854089,0,0
2681986,29.49279335,0,0,0,0,0
3230972,14.74639667,0,69.74517649,0,0,0
204891,19.95100727,204.930031,0,0,0,0
2761579,0,307.3950465,158.5117647,0,0,0
2940297,18.21613707,0,0,0,0,0
1260955,15.61383177,0,0,0,0,0
2975705,0,0,0,0,0,0
2954659,71.12967808,0,519.9185884,0,0,0
1979950,0,0,69.74517649,0,0,0
2320270,63.32276219,0,0,0,0,0
2857058,18.21613707,0,0,0,0,0
505,159.6080581,0,0,0,0,0
3458296,8.674350985,0,0,0,0,0
2594495,37.29970924,0,0,0,0,0
51288,26.89048805,0,0,0,0,0
3061240,24.28818276,0,0,0,0,0
1784719,13.01152648,0,0,0,0,0
2952228,22.55331256,0,0,0,0,0
33910,0,0,0,0,0,0
151416,15.61383177,0,0,0,0,0
74313,15.61383177,0,0,0,0,0
7,0,0,0,0,0,0
222136,56.3832814,0,0,0,0,0
2751176,77.20172377,0,0,0,0,0
3416654,294.0604984,0,0,0,0,0
2600177,173.4870197,0,0,0,0,0
1511761,0,0,0,0,0,0
2961599,0,0,0,0,0,0
2932184,20.81844236,0,0,0,0,0
3028805,34.69740394,336.6707653,0,0,0,0
1108,15.61383177,0,0,0,0,0
3108485,0,0,0,0,0,0
1441386,132.7175701,0,0,0,0,0
1368430,51.17867081,0,0,0,0,0
2992143,0,0,0,0,0,0
1105380,0,0,0,0,0,0
221126,282.7838421,0,0,0,0,0
2903881,45.97406022,0,158.5117647,0,0,0
3126690,0,0,0,0,0,0
1442555,13.87896158,0,0,0,0,0
3136736,0,0,0,0,0,0
662858,35.56483904,0,0,0,0,0
3125779,0,0,0,0,0,0
2718,0,0,0,0,0,0
3391839,46.84149532,0,0,0,0,0
556,98.88760123,0,0,0,0,0
598660,17.34870197,0,0,0,0,0
2878391,0,0,0,0,0,0
296745,170.0172793,0,0,0,0,0
3366266,0,0,0,0,0,0
2094,58.9855867,0,0,0,0,0
2518605,57.2507165,0,0,0,0,0
1690221,12.14409138,0,0,0,0,0
2692624,0,0,0,0,0,0
463014,15.61383177,0,0,0,0,0
3121288,85.00863965,0,0,0,0,0
2583377,33.82996884,0,0,0,0,0
206403,18.21613707,0,0,0,0,0
1517551,32.09509864,0,101.4475294,0,0,0
2792015,74.59941847,0,0,0,0,0
29360,141.3919211,0,0,0,0,0
3392115,15.61383177,0,0,0,0,0
1526658,23.42074766,0,0,0,0,0
1609559,15.61383177,0,0,0,0,0
2735868,0,0,0,0,0,0
2818390,56.3832814,0,0,0,0,0
2654190,0,0,0,0,0,0
2903584,0,0,0,0,0,0
2587842,0,0,0,0,0,0
361277,78.06915887,204.930031,88.76658826,0,0,0
2769486,16.48126687,0,114.1284706,0,0,0
13688,31.22766355,0,0,0,0,0
3243765,17.34870197,0,0,0,0,0
2447890,0,0,0,0,0,0
2762277,121.4409138,190.2921717,0,0,0,0
3416058,0,0,0,0,0,0
2559804,32.96253374,0,0,0,0,0
2502791,25.15561786,0,0,0,0,0
55602,67.65993768,0,0,0,0,0
163604,10.40922118,0,0,0,0,0
2822138,22.55331256,0,0,0,0,0
2940300,0,0,0,0,0,0
1768011,350.4437798,0,0,0,0,0
2738142,131.850135,0,0,0,0,0
3450237,32.09509864,0,0,0,0,0
2182384,0,0,114.1284706,0,0,0
2697019,14.74639667,0,0,0,0,0
3422216,0,0,0,0,0,0
2892996,42.50431983,0,0,0,0,0
3111921,13.87896158,0,0,0,0,0
2692802,43.37175493,0,0,0,0,0
2217832,0,0,0,0,0,0
2774693,0,0,0,0,0,0
313590,0,0,0,0,0,0
376175,0,0,0,0,0,0
33968,42.50431983,0,0,0,0,0
3398205,0,263.4814685,215.5760001,0,0,0
234827,0,0,0,0,0,0
53953,83.27376946,0,0,0,0,0
3115295,24.28818276,0,0,0,0,0
95641,268.9048805,0,0,0,0,0
407020,0,0,234.5974118,0,0,0
2949635,54.64841121,0,0,0,0,0
3242491,39.03457943,0,0,0,0,0
3242492,0,0,69.74517649,0,0,0
2987701,17.34870197,0,0,0,0,0
1053,0,0,76.08564708,0,0,0
3003617,0,0,0,0,0,0
2675523,0,0,0,0,0,0
311231,19.95100727,0,0,0,0,0
2133944,108.4293873,0,0,0,0,0
2692330,15.61383177,0,88.76658826,0,0,0
568768,8.674350985,0,0,0,0,0
3445780,36.43227414,0,0,0,0,0
3341726,41.63688473,0,0,0,0,0
2779361,13.87896158,0,107.788,0,0,0
3073270,13.87896158,0,0,0,0,0
324078,85.00863965,0,0,0,0,0
105219,19.08357217,0,0,0,0,0
3079555,23.42074766,0,0,0,0,0
2497861,0,0,0,0,0,0
3416711,42.50431983,0,0,0,0,0
2033869,28.62535825,0,0,0,0,0
2584467,13.87896158,0,0,0,0,0
3394359,12.14409138,0,0,0,0,0
129921,70.26224298,0,133.1498824,0,0,0
3070814,133.5850052,0,0,0,0,0
1259973,118.8386085,0,0,0,0,0
864069,0,0,0,0,0,0
19,58.9855867,0,0,0,0,0
3367288,201.2449429,0,0,0,0,0
199592,0,0,0,0,0,0
2974552,16.48126687,0,0,0,0,0
1852390,31.22766355,0,107.788,0,0,0
3066216,0,0,0,0,0,0
3133331,26.02305296,0,0,0,0,0
244787,63.32276219,0,0,0,0,0
2054,15.61383177,0,0,0,0,0
1096,48.57636552,0,0,0,0,0
101192,78.93659396,0,0,0,0,0
1915,0,175.6543123,0,0,0,0
2742131,32.96253374,0,0,0,0,0
2904122,15.61383177,0,0,0,0,0
1618207,48.57636552,0,0,0,0,0
159612,0,0,0,0,0,0
189540,13.01152648,0,0,0,0,0
921,0,0,0,0,0,0
69539,137.0547456,0,0,0,0,0
2499213,147.4639667,0,0,0,0,0
75906,13.01152648,0,82.42611767,0,0,0
2584466,35.56483904,0,0,0,0,0
2762563,72.86454827,0,0,0,0,0
3400908,0,0,0,0,0,0
65555,31.22766355,0,0,0,0,0
1516059,0,0,177.5331765,0,0,0
111769,28.62535825,0,0,0,0,0
656,71.12967808,0,0,0,0,0
2109913,13.87896158,0,0,0,0,0
2561924,0,0,0,0,0,0
3051171,13.01152648,0,69.74517649,0,0,0
233181,18.21613707,161.016453,82.42611767,0,0,0
255984,29.49279335,0,0,0,0,0
134,19.95100727,0,0,0,0,0
3421645,0,0,0,0,0,0
2598453,63.32276219,0,0,0,0,0
3447454,0,0,0,0,0,0
35554,0,0,0,0,0,0
3156489,0,0,0,0,0,0
453230,0,0,0,438.5863669,0,0
1203471,27.75792315,0,88.76658826,0,0,0
3054939,86.74350985,0,0,0,0,0
658629,39.03457943,0,0,0,0,0
2265,32.09509864,0,0,0,0,0
103817,19.95100727,0,0,0,0,0
3028312,0,0,0,0,0,0
3016090,21.68587746,0,0,0,0,0
486,32.09509864,0,0,0,0,0
2419772,42.50431983,0,0,0,0,0
3038077,0,0,0,0,0,0
126569,87.61094495,0,0,0,0,0
472834,36.43227414,0,0,0,0,0
3111414,0,161.016453,133.1498824,0,0,0
990078,70.26224298,0,0,0,0,0
1150371,0,0,0,0,0,0
2984322,0,0,0,0,0,0
2203724,10.40922118,234.2057498,139.490353,0,0,0
1763883,14.74639667,0,0,0,0,0
2925411,22.55331256,0,0,0,0,0
2589974,29.49279335,0,0,0,0,0
92945,0,0,76.08564708,0,0,0
1545728,19.08357217,0,0,0,0,0
3133287,0,234.2057498,0,0,0,0
2903571,0,0,0,0,0,0
824,86.74350985,0,0,0,0,0
3430798,0,0,0,0,0,0
273677,0,0,0,0,0,0
221352,0,0,88.76658826,0,0,0
2802975,8.674350985,0,69.74517649,0,0,0
35799,34.69740394,0,0,0,0,0
1575,35.56483904,0,0,0,0,0
2903563,28.62535825,0,0,0,0,0
3088362,143.9942264,0,0,0,0,0
2750011,0,0,0,0,0,0
3156396,30.36022845,0,0,0,0,0
53399,20.81844236,0,0,0,0,0
2681547,0,0,0,0,0,0
2072413,0,0,0,0,0,0
2339259,117.9711734,0,0,0,0,0
2100729,165.6801038,0,0,0,0,0
651143,36.43227414,0,0,0,0,0
2071621,0,0,0,0,0,0
2547600,160.4754932,0,0,0,0,0
83171,50.31123571,0,0,0,0,0
3367691,87.61094495,0,0,0,0,0
3438963,0,0,0,0,0,0
1179767,21.68587746,0,0,0,0,0
3056445,19.08357217,0,0,0,0,0
1805827,0,0,0,0,0,0
3349635,0,0,126.8094118,0,0,0
1881017,0,0,0,0,0,0
3060697,0,0,0,0,0,549.1762356
97478,31.22766355,0,0,0,0,0
3376687,0,0,0,0,0,0
1209220,22.55331256,0,0,0,0,0
3038653,18.21613707,0,0,0,0,0
60480,27.75792315,0,0,0,0,0
2976459,30.36022845,0,0,0,0,0
128944,30.36022845,278.1193278,126.8094118,0,0,0
1873716,13.01152648,0,0,0,0,0
2945587,70.26224298,0,0,0,0,0
2162713,67.65993768,0,0,0,0,0
1594731,33.82996884,0,0,0,0,0
3065955,17.34870197,0,0,0,0,0
3068305,56.3832814,0,0,0,0,0
2819280,35.56483904,175.6543123,158.5117647,0,0,0
2742145,35.56483904,0,0,0,0,0
3403077,546.4841121,0,0,0,0,0
3039156,0,0,0,0,0,0
3069264,9.541786084,0,63.4047059,0,0,0
356852,32.96253374,0,0,0,0,0
2588449,20.81844236,0,0,0,0,0
3065298,50.31123571,0,0,0,0,0
2921636,26.02305296,292.7571872,126.8094118,0,0,0
266809,0,0,0,0,0,0
108150,175.2218899,0,0,0,0,0
3436240,161.3429283,0,336.0449413,0,0,0
2817392,90.21325024,0,0,0,0,0
1564681,45.10662512,0,0,0,0,0
1881069,25.15561786,190.2921717,171.1927059,0,0,0
1386941,0,0,0,0,0,0
84110,0,0,0,0,0,0
1333528,15.61383177,0,0,0,0,0
2879846,26.89048805,0,0,0,0,0
3077937,36.43227414,0,0,0,0,0
2176,10.40922118,0,0,0,0,0
393921,19.08357217,0,0,0,0,0
894,0,0,0,323.1689019,0,0
205844,0,0,196.5545883,0,0,0
2865838,12.14409138,0,0,0,0,0
2656760,78.93659396,0,0,0,0,0
2741301,12.14409138,0,0,0,0,0
2015348,89.34581515,0,0,0,0,0
451514,0,0,0,0,0,0
2487074,86.74350985,0,0,0,0,0
265959,28.62535825,0,0,0,0,0
444444,14.74639667,0,0,0,0,0
3003601,45.97406022,0,88.76658826,0,0,0
157691,23.42074766,0,0,0,0,0
1829,51.17867081,0,0,0,0,0
246786,69.39480788,0,0,0,0,0
2923363,72.86454827,0,0,0,0,0
2840468,0,0,0,0,0,0
3046593,0,322.0329059,215.5760001,0,0,0
1962908,26.02305296,204.930031,145.8308236,0,0,0
41202,41.63688473,0,0,0,0,0
1442136,13.01152648,0,0,0,0,0
2571746,33.82996884,0,0,0,0,0
53362,38.16714433,0,0,0,0,0
2518370,0,0,0,0,0,0
251535,38.16714433,0,0,0,0,0
2499145,0,0,0,0,0,0
2587854,0,0,0,0,0,0
64002,0,0,0,0,0,0
2975942,0,0,0,0,0,0
2762322,0,0,329.7044707,0,0,0
2592653,144.8616615,0,0,0,0,0
2591633,0,219.5678904,152.1712942,0,0,0
480035,21.68587746,0,0,0,0,0
949,10.40922118,0,0,0,0,0
3239388,0,0,0,0,0,0
2898441,0,0,0,0,0,0
3125786,51.17867081,0,0,0,0,0
2678688,26.02305296,0,0,0,0,0
3243395,0,0,0,0,0,0
1531429,0,0,399.4496472,0,0,0
1896164,19.95100727,0,0,0,0,0
155866,55.5158463,0,0,0,0,0
3071408,111.8991277,0,0,0,0,0
3114300,0,0,0,0,0,0
2494234,0,0,0,0,0,0
3135646,8.674350985,0,82.42611767,277.0019159,0,0
454154,26.89048805,204.930031,158.5117647,0,0,0
3018929,0,0,0,0,0,0
2981137,0,0,88.76658826,0,0,0
1437009,0,0,0,0,0,0
1034015,0,0,0,0,0,0
1927,16.48126687,0,0,0,0,0
31899,66.79250258,0,0,0,0,0
984307,59.8530218,0,0,0,0,0
2975842,0,0,0,0,0,0
83627,31.22766355,0,0,0,0,0
3029055,10.40922118,0,63.4047059,323.1689019,0,0
1458307,0,0,133.1498824,0,0,0
2913616,28.62535825,0,0,0,0,0
399025,332.2276427,0,0,0,0,0
1295,15.61383177,0,0,0,0,0
45851,78.93659396,0,95.10705885,0,0,0
1136497,20.81844236,0,0,0,0,0
2651972,0,0,0,0,0,0
293958,13.01152648,0,63.4047059,0,0,0
3082533,526.5331048,0,0,0,0,0
434009,26.02305296,0,0,0,0,0
1605838,9.541786084,0,0,0,0,0
3421658,43.37175493,0,0,0,0,0
1718,0,0,0,0,0,0
299152,0,0,0,0,0,0
2020716,23.42074766,0,0,0,0,0
74326,16.48126687,0,0,0,0,0
1796646,8.674350985,0,0,0,0,0
3070220,0,0,177.5331765,0,0,0
2652721,93.68299064,0,0,0,0,0
319017,43.37175493,0,0,0,0,0
1963025,11.27665628,0,0,0,0,0
35755,132.7175701,0,0,0,0,0
3100113,53.78097611,0,0,0,0,0
2709396,32.09509864,0,0,0,0,0
3012344,12.14409138,0,126.8094118,0,0,0
321332,19.08357217,0,76.08564708,0,0,0
2865112,0,0,0,0,0,0
1505597,127.5129595,0,0,0,0,0
2163644,82.40633436,0,0,0,0,0
2072590,18.21613707,190.2921717,183.8736471,0,0,0
2837956,27.75792315,0,0,0,0,0
1349819,13.87896158,0,0,0,0,0
2921399,132.7175701,0,0,0,0,0
3025671,59.8530218,0,0,0,0,0
374432,36.43227414,0,0,0,0,0
2775404,9.541786084,0,0,0,0,0
2732487,80.67146416,0,0,230.8349299,0,0
3160989,0,0,0,0,0,0
2760307,26.02305296,0,63.4047059,0,0,0
35818,59.8530218,0,76.08564708,0,0,0
2107709,21.68587746,0,101.4475294,0,0,0
3004092,17.34870197,0,0,0,0,0
871742,10.40922118,0,0,0,0,0
244596,0,0,82.42611767,0,0,0
1897729,15.61383177,0,0,0,0,0
3046670,19.08357217,0,0,0,0,0
170673,26.02305296,0,0,0,0,0
1922669,13.01152648,0,0,0,0,0
3392036,21.68587746,0,0,0,0,0
2660641,13.87896158,0,0,0,0,0
2846075,0,0,0,0,0,0
3031919,13.87896158,161.016453,145.8308236,0,0,0
2698679,16.48126687,0,0,0,0,0
2933959,27.75792315,0,266.2997648,0,0,0
3414739,0,0,0,0,0,0
2829816,0,0,0,0,0,0
3374187,92.81555554,0,0,0,0,0
3054208,48.57636552,0,0,0,0,0
3367513,0,0,126.8094118,0,0,0
2378,39.90201453,0,0,0,0,0
1888195,32.09509864,0,0,0,0,0
2728021,34.69740394,0,0,0,0,0
1510225,20.81844236,0,0,0,0,0
3020843,32.96253374,0,0,0,0,0
588932,0,0,0,0,0,0
2045451,27.75792315,0,0,0,0,0
2921699,0,0,0,0,0,0
1069220,21.68587746,0,0,0,0,0
1868794,144.8616615,0,0,0,0,0
3072978,28.62535825,146.3785936,114.1284706,0,0,0
1945662,0,0,0,0,0,0
3034024,73.73198337,0,0,0,0,0
1851544,0,0,0,0,0,0
2763008,11.27665628,0,0,0,0,0
551989,8.674350985,0,69.74517649,0,0,0
2975921,30.36022845,0,0,0,0,0
341027,0,0,0,0,0,0
988779,12.14409138,0,0,0,0,0
2561898,26.89048805,0,0,0,0,0
3242680,19.95100727,0,0,0,0,0
2029849,0,0,0,0,0,0
1374,64.19019729,0,0,0,0,0
1971364,0,0,0,0,0,0
1794699,65.92506749,0,0,0,0,0
1537400,0,0,0,0,0,0
3093922,33.82996884,0,0,0,0,0
418719,0,0,374.0877648,0,0,0
158627,0,234.2057498,107.788,0,0,0
3080019,17.34870197,0,171.1927059,0,0,0
2806346,59.8530218,0,0,0,0,0
2582905,8.674350985,0,0,0,0,0
2285,16.48126687,0,0,0,0,0
3161137,0,0,0,0,0,0
2565782,43.37175493,0,0,0,0,0
2880008,140.524486,0,0,0,0,0
34061,0,0,0,0,0,0
879,0,0,0,0,0,0
847,16.48126687,0,0,0,0,0
3079766,33.82996884,0,0,0,0,0
480,38.16714433,0,0,0,0,0
2920380,22.55331256,0,0,0,0,0
254247,61.58789199,0,0,0,0,0
546874,18.21613707,0,0,0,0,0
2762591,0,0,82.42611767,0,0,0
2742624,20.81844236,0,0,0,0,0
53419,98.02016613,0,0,0,0,0
353,65.92506749,0,139.490353,0,0,0
3028804,0,0,0,0,0,0
1923130,0,0,0,507.8368459,0,0
614,149.1988369,0,0,0,0,0
1933220,165.6801038,0,0,0,0,0
1674923,43.37175493,0,0,0,0,0
194963,17.34870197,0,88.76658826,0,0,0
2898796,0,0,0,0,0,0
2903767,0,0,0,0,0,0
2749962,26.89048805,278.1193278,114.1284706,0,0,0
2976812,30.36022845,0,101.4475294,0,0,0
2829500,0,0,0,0,0,0
3239973,18.21613707,278.1193278,114.1284706,0,0,0
3141543,23.42074766,175.6543123,0,0,0,0
3027796,32.96253374,0,0,0,0,0
3242369,91.08068534,0,0,0,0,0
56438,0,0,101.4475294,0,0,0
282402,43.37175493,0,0,0,0,0
2975049,0,0,0,0,0,0
1410383,32.96253374,0,0,0,0,0
3414030,19.95100727,0,0,0,0,0
2894310,0,0,0,0,0,0
33072,16.48126687,0,0,0,0,0
406020,26.02305296,0,0,0,0,0
231439,27.75792315,0,0,0,0,0
3043441,0,0,0,0,0,0
2527982,27.75792315,0,69.74517649,0,0,0
2969621,0,0,0,0,0,0
271881,26.89048805,0,0,0,0,0
2734211,0,0,0,323.1689019,0,0
2903788,0,0,0,0,0,0
114090,249.8213084,0,0,0,0,0
212765,26.02305296,0,0,0,0,0
2684405,34.69740394,0,0,0,0,0
556054,0,0,0,0,0,0
3239893,0,0,0,0,0,0
2766982,31.22766355,0,0,0,0,0
702115,22.55331256,0,0,0,0,0
2682968,35.56483904,0,0,0,0,0
632569,0,0,0,0,0,0
665913,21.68587746,0,0,0,0,0
3136731,81.53889926,0,0,0,0,0
2855441,0,0,0,0,0,0
1353136,8.674350985,0,82.42611767,0,0,0
87458,41.63688473,0,101.4475294,0,0,0
3104321,0,0,0,0,0,0
103810,26.89048805,0,0,0,0,0
1178537,0,219.5678904,228.2569412,0,0,0
3026424,22.55331256,0,0,0,0,0
2728853,68.52737278,0,0,0,0,0
60894,0,0,0,0,0,0
2742136,0,0,0,0,0,0
1138190,0,0,0,0,0,0
2893881,0,0,0,0,0,0
3149231,11.27665628,0,0,300.0854089,0,0
2918765,40.76944963,0,0,0,0,0
3427599,0,0,0,0,0,0
2983214,0,0,0,0,0,0
3028314,0,0,0,0,0,0
3141539,0,234.2057498,139.490353,0,0,0
85401,0,0,0,0,0,0
2903896,0,0,88.76658826,0,0,0
285091,10.40922118,0,0,0,0,0
583357,0,0,0,0,0,0
3421432,130.9826999,0,0,0,0,0
930802,37.29970924,0,69.74517649,0,0,0
381751,34.69740394,0,0,0,0,0
104628,21.68587746,0,0,0,0,0
1942,91.94812044,0,0,0,0,0
3019602,21.68587746,0,0,0,0,0
3039389,13.87896158,0,0,0,0,0
1458716,8.674350985,0,0,0,0,0
2694929,125.7780893,0,0,0,0,0
2913621,161.3429283,0,0,0,0,0
994692,84.14120456,0,0,0,0,0
2587856,115.3688681,0,0,0,0,0
631220,0,278.1193278,0,0,0,0
1592790,0,0,145.8308236,0,0,0
3036374,28.62535825,0,0,0,0,0
3115294,85.87607475,0,0,0,0,0
1811807,29.49279335,0,145.8308236,0,0,0
3116654,69.39480788,0,0,0,0,0
2986767,192.5705919,0,0,0,0,0
28448,0,0,120.4689412,0,0,0
1457365,59.8530218,0,0,0,0,0
1379870,54.64841121,0,0,0,0,0
1858,22.55331256,0,0,0,0,0
2943497,101.4899065,0,0,0,0,0
398,101.4899065,0,0,0,0,0
2954585,49.44380061,0,0,0,0,0
1287640,146.5965316,0,0,0,0,0
2846777,0,0,0,0,0,0
3398357,9.541786084,0,0,0,0,0
3388337,0,0,0,0,0,0
3122079,0,0,0,0,0,0
2698673,0,0,0,0,0,0
1634516,0,0,82.42611767,0,0,0
41977,39.03457943,0,0,0,0,0
3111456,68.52737278,0,0,0,0,0
340145,10.40922118,204.930031,126.8094118,0,0,0
3065910,36.43227414,0,0,0,0,0
2113,69.39480788,0,0,0,0,0
2795216,76.33428867,0,114.1284706,0,0,0
160799,38.16714433,0,0,0,0,0
521,10.40922118,0,0,0,0,0
2920387,0,0,0,0,0,0
2866570,0,0,0,0,0,0
1763535,10.40922118,0,0,0,0,0
119,36.43227414,0,0,0,0,0
1302376,26.89048805,0,0,0,0,0
1799667,0,0,0,0,0,0
2860286,0,0,0,0,0,0
2689110,9.541786084,0,0,0,0,0
3082549,39.90201453,0,0,0,0,0
2714358,13.87896158,0,0,0,0,0
2719911,40.76944963,0,120.4689412,0,0,0
870903,10.40922118,0,0,0,0,0
2028343,47.70893042,0,0,0,0,0
1176240,14.74639667,0,0,0,0,0
664426,16.48126687,0,88.76658826,0,0,0
3393757,0,0,0,0,0,0
2203204,16.48126687,0,0,0,0,0
2107713,41.63688473,0,95.10705885,0,0,0
28084,107.5619522,0,0,0,0,0
2769024,62.45532709,0,0,0,0,0
2902624,10.40922118,248.8436091,0,0,0,0
2742204,0,0,0,0,0,0
2804529,8.674350985,0,0,0,0,0
43357,10.40922118,0,0,0,0,0
102886,164.8126687,0,0,0,0,0
1774,22.55331256,0,196.5545883,0,0,0
1758689,27.75792315,0,0,0,0,0
2743001,42.50431983,0,0,0,0,0
2665643,11.27665628,365.946484,0,0,0,0
1032851,14.74639667,0,0,0,0,0
941986,14.74639667,0,0,0,0,0
3036300,80.67146416,0,0,0,0,0
1564165,0,0,0,0,0,0
99653,0,0,0,0,0,0
36821,32.09509864,0,0,0,0,0
412689,30.36022845,0,0,0,0,0
2825844,30.36022845,0,0,0,0,0
2082387,0,0,69.74517649,0,0,0
327160,0,0,0,0,0,0
1538,92.81555554,0,0,0,0,0
3388845,70.26224298,0,0,0,0,0
1940612,13.01152648,0,0,0,0,0
33043,24.28818276,0,0,0,0,0
470932,0,0,0,0,0,0
2903828,58.1181516,0,0,0,0,0
2565558,14.74639667,0,0,0,0,0
2758041,71.12967808,0,0,0,0,0
1030157,0,0,88.76658826,0,0,0
42253,0,0,0,0,0,0
212767,0,0,0,0,0,0
1796644,52.04610591,0,0,0,0,0
46632,141.3919211,175.6543123,88.76658826,0,0,0
487184,0,0,0,415.5028739,0,0
1148157,62.45532709,0,0,0,0,0
415217,37.29970924,0,0,0,0,0
3425693,43.37175493,0,0,0,0,0
2929492,15.61383177,0,0,0,0,0
1528104,40.76944963,0,0,0,0,0
787,47.70893042,0,0,0,0,0
1985873,49.44380061,0,0,0,0,0
3133300,15.61383177,0,0,0,0,0
76115,0,0,0,0,0,0
2496028,53.78097611,0,0,0,0,0
2048283,24.28818276,0,0,0,0,0
2774767,0,0,0,0,0,0
3400182,0,0,0,0,0,0
702113,27.75792315,0,0,0,0,0
1295612,78.93659396,0,0,0,0,0
318424,0,0,114.1284706,0,0,0
2754726,9.541786084,0,0,0,0,0
1312183,32.96253374,0,0,0,0,0
3050384,9.541786084,0,0,0,0,0
47871,12.14409138,0,183.8736471,0,0,0
461393,0,0,0,0,0,0
2495579,18.21613707,0,0,0,0,0
2707525,19.08357217,0,0,0,0,0
1855352,49.44380061,0,0,0,0,0
2656761,0,0,0,0,0,0
39775,75.46685357,0,0,0,0,0
60035,20.81844236,0,0,0,0,0
379684,104.9596469,0,0,0,0,0
3004096,57.2507165,0,0,0,0,0
2934158,0,0,0,0,0,0
161493,0,0,0,0,0,0
2675225,0,0,63.4047059,0,0,0
1842534,0,0,0,0,0,0
248551,0,0,0,0,0,0
95300,65.92506749,0,0,0,0,0
2830842,10.40922118,0,0,0,0,0
570278,115.3688681,0,0,0,0,0
2174846,0,0,0,0,0,0
3374553,19.95100727,0,0,0,0,0
164330,0,0,0,0,0,0
375549,17.34870197,0,0,0,0,0
2175650,0,0,0,0,0,0
2908650,25.15561786,0,0,0,0,0
2609257,26.89048805,0,0,0,0,0
2903818,19.08357217,0,0,0,0,0
1680,61.58789199,219.5678904,76.08564708,0,0,0
2921653,14.74639667,0,0,0,0,0
508451,89.34581515,0,0,0,0,0
2069367,0,0,0,0,0,0
2161673,25.15561786,0,0,0,0,0
3082543,15.61383177,0,126.8094118,0,0,0
1855652,91.94812044,0,0,0,0,0
1335043,0,0,0,0,0,0
92400,73.73198337,0,0,0,0,0
131111,0,0,0,0,0,0
2994971,13.87896158,0,0,0,0,0
3395318,46.84149532,0,0,0,0,0
28124,16.48126687,0,0,0,0,0
2259340,20.81844236,0,0,0,0,0
1716143,26.89048805,0,0,0,0,0
463040,0,0,0,0,0,0
781,195.1728972,0,0,0,0,0
218673,0,0,0,0,0,0
2745495,0,0,0,0,0,0
336203,0,0,0,0,0,0
2606450,82.40633436,0,0,0,0,0
1177211,44.23919002,0,0,0,0,0
3413147,19.08357217,0,0,0,0,0
3068314,0,0,0,0,0,0
2811778,66.79250258,0,120.4689412,0,0,0
435905,23.42074766,0,0,0,0,0
53376,0,0,0,0,0,0
1678078,32.09509864,0,0,0,0,0
2560628,21.68587746,0,0,0,0,0
1411621,11.27665628,0,0,0,0,0
2903874,0,0,0,0,0,0
394733,13.01152648,0,0,0,0,0
1451454,102.3573416,0,0,0,0,0
2976834,0,0,0,0,0,0
3066312,0,0,0,0,0,0
3394354,49.44380061,0,0,323.1689019,0,0
2861800,0,0,0,0,0,0
3045147,22.55331256,0,0,0,0,0
2128,68.52737278,0,0,0,0,0
3079339,23.42074766,0,0,0,0,0
1796606,28.62535825,0,0,0,0,0
2814293,238.5446521,0,0,0,0,0
86185,21.68587746,0,0,0,0,0
2975620,34.69740394,0,0,0,0,0
47850,0,0,0,0,0,0
2070777,0,0,0,0,0,0
124798,0,0,0,0,0,0
3036926,0,0,101.4475294,0,0,0
3427924,0,0,0,0,0,0
857417,51.17867081,0,0,0,0,0
2787751,37.29970924,0,0,0,0,0
524,0,0,0,0,0,0
863643,71.12967808,0,0,0,0,0
2765360,65.05763239,0,0,0,0,0
28258,31.22766355,0,0,0,0,0
1261,0,0,0,0,0,0
2995154,0,0,0,0,0,0
2903787,0,0,0,0,0,0
2714942,68.52737278,0,0,0,0,0
2203,19.95100727,190.2921717,63.4047059,0,0,0
79601,74.59941847,0,0,0,0,0
2315464,88.47838005,0,0,0,0,0
1814,0,0,0,0,0,0
2518371,28.62535825,0,0,0,0,0
3066260,29.49279335,0,0,0,0,0
2598861,0,0,0,0,0,0
2598458,87.61094495,0,101.4475294,0,0,0
3080537,45.10662512,0,0,0,0,0
2872652,24.28818276,0,63.4047059,0,0,0
1240404,71.12967808,0,0,0,0,0
1069,16.48126687,0,0,0,0,0
3439530,0,0,0,0,0,0
33051,138.7896158,0,139.490353,0,0,0
1075,0,0,0,0,0,0
491893,0,292.7571872,164.8522353,0,0,0
662548,17.34870197,0,0,0,0,0
483547,101.4899065,0,0,0,0,0
1921510,11.27665628,0,0,0,0,0
117157,72.86454827,146.3785936,107.788,0,0,0
47421,0,0,0,0,0,0
298,30.36022845,0,0,0,0,0
148447,20.81844236,0,0,0,0,0
1799,11.27665628,0,0,0,0,0
2975952,11.27665628,0,0,0,0,0
2060726,32.96253374,0,0,0,0,0
3416666,0,0,0,0,0,0
2980100,19.08357217,219.5678904,95.10705885,0,0,0
241244,25.15561786,0,0,0,0,0
29546,20.81844236,0,0,0,0,0
216944,56.3832814,0,0,0,0,0
1921086,8.674350985,0,0,0,0,0
324057,87.61094495,0,0,0,0,0
1795043,44.23919002,0,0,0,0,0
2814294,63.32276219,0,76.08564708,0,0,0
60548,0,0,0,0,0,0
135719,17.34870197,0,0,0,0,0
1302411,0,204.930031,76.08564708,0,0,0
2898431,0,0,0,0,0,0
134601,24.28818276,0,0,0,0,0
3376990,0,0,0,0,0,0
1184387,39.90201453,0,0,0,0,0
3052729,43.37175493,0,0,0,0,0
3421652,39.03457943,0,0,0,0,0
1813595,57.2507165,0,0,0,0,0
1926494,31.22766355,0,0,0,0,0
456,94.55042574,0,0,0,0,0
2975671,41.63688473,0,0,0,0,0
2686360,20.81844236,0,0,0,0,0
199591,0,0,0,0,0,0
869886,34.69740394,0,0,0,0,0
431057,45.97406022,0,158.5117647,0,0,0
473531,10.40922118,0,0,0,0,0
347534,0,0,0,0,0,0
2878098,80.67146416,0,0,0,0,0
119864,47.70893042,0,0,0,0,0
1933880,13.01152648,0,0,0,0,0
1801629,0,0,82.42611767,0,0,0
1497974,19.95100727,0,234.5974118,0,0,0
813,17.34870197,0,0,0,0,0
370622,0,0,0,0,0,0
74706,71.12967808,0,0,0,0,0
1528099,0,0,0,0,0,0
2797636,31.22766355,0,0,0,0,0
82995,26.89048805,0,0,0,0,0
2908837,32.09509864,0,0,0,0,0
2975948,0,0,0,0,0,0
55213,23.42074766,0,0,0,0,0
340345,13.87896158,0,0,0,0,0
86332,28.62535825,0,0,0,0,0
2355,38.16714433,0,0,0,0,0
2582831,25.15561786,0,0,0,0,0
2219043,90.21325024,0,0,0,0,0
1920749,34.69740394,0,0,0,0,0
104087,21.68587746,0,0,0,0,0
2774461,0,0,0,0,0,0
3238802,13.01152648,0,95.10705885,0,0,0
3393744,94.55042574,0,0,0,0,0
43774,0,0,0,0,0,0
1765967,0,0,0,230.8349299,0,0
106634,19.95100727,0,0,0,0,0
867595,28.62535825,0,0,0,0,0
3080828,18.21613707,0,0,0,0,0
912630,12.14409138,0,0,0,0,0
104102,0,0,0,0,0,0
1985254,13.01152648,0,0,0,0,0
1525,85.00863965,0,0,0,0,0
1632018,19.08357217,0,0,0,0,0
2905871,15.61383177,0,0,0,0,0
1149133,44.23919002,0,0,0,0,0
120107,20.81844236,0,0,0,0,0
1957,0,0,0,0,0,0
147709,158.740623,0,0,0,0,0
2903867,0,0,0,0,0,0
3081749,0,0,0,0,0,0
2903833,13.87896158,0,0,0,0,0
1488356,72.86454827,0,0,0,0,0
2283195,0,0,0,0,0,0
3421643,10.40922118,0,0,0,0,0
2730848,13.01152648,0,0,0,0,0
3422304,98.88760123,146.3785936,114.1284706,0,0,0
57704,12.14409138,0,0,0,0,0
2589967,11.27665628,0,0,0,0,0
39765,49.44380061,0,0,0,0,0
2918900,37.29970924,0,0,0,0,0
2937985,52.91354101,0,0,0,0,0
146827,0,0,0,0,0,0
118062,69.39480788,0,0,0,0,0
2742675,0,0,0,0,0,0
1703,19.08357217,0,0,0,0,0
1800,34.69740394,0,0,0,0,0
2931382,140.524486,0,0,0,0,0
1697043,117.1037383,0,0,0,0,0
1775,0,0,0,0,0,0
1355015,18.21613707,0,0,0,0,0
1678129,56.3832814,0,0,0,0,0
3160863,17.34870197,0,0,0,0,0
2861285,0,0,0,0,0,0
1038856,30.36022845,0,0,0,0,0
2966192,0,0,0,0,0,0
3055805,117.1037383,0,0,0,0,0
3234198,0,0,0,0,0,0
2064,15.61383177,0,0,0,0,0
40567,0,0,0,0,0,0
2975967,12.14409138,0,0,0,0,0
3135776,0,0,0,0,0,0
248315,27.75792315,0,0,0,0,0
192843,43.37175493,0,0,0,0,0
3144973,17.34870197,0,0,0,0,0
2770636,26.89048805,0,0,0,0,0
33056,31.22766355,0,0,0,0,0
2493680,15.61383177,0,253.6188236,0,0,0
2898438,12.14409138,0,0,0,0,0
69395,9.541786084,0,0,0,0,0
2596915,39.90201453,0,0,0,0,0
164514,56.3832814,0,0,0,0,0
2303,0,0,0,0,0,0
2093824,179.5590654,0,0,0,0,0
217204,28.62535825,0,0,0,0,0
94138,52.04610591,0,0,0,0,0
3055080,14.74639667,0,0,0,0,0
3111767,30.36022845,0,0,0,0,0
2975995,17.34870197,0,0,0,0,0
1987356,8.674350985,0,0,0,0,0
2684406,0,0,0,0,0,0
2780922,16.48126687,0,0,0,0,0
487174,0,0,0,0,0,0
3403464,0,0,0,0,0,0
683737,69.39480788,0,0,0,0,0
83450,26.89048805,0,0,0,0,0
2819999,0,0,0,0,0,0
2970925,14.74639667,0,0,0,0,0
293050,0,219.5678904,120.4689412,0,0,0
3066287,0,0,0,0,0,0
2589976,0,0,0,0,0,0
1550241,45.97406022,0,0,0,0,0
2781734,24.28818276,0,0,0,0,0
36863,56.3832814,0,0,0,0,0
3064531,0,0,0,0,0,0
2590869,0,0,126.8094118,0,0,0
3239977,24.28818276,0,0,0,0,0
1231,34.69740394,0,0,0,0,0
3457765,12.14409138,0,0,0,0,0
1032242,127.5129595,0,0,0,0,0
2956679,0,292.7571872,139.490353,0,0,0
1486262,12.14409138,0,114.1284706,0,0,0
69665,0,0,0,0,0,0
2061,0,0,0,0,0,0
60478,19.08357217,0,0,0,0,0
82989,42.50431983,0,0,0,0,0
2973976,134.4524403,0,0,0,0,0
1081631,57.2507165,0,0,0,0,0
460384,36.43227414,0,0,0,0,0
1082704,18.21613707,0,0,0,0,0
1225128,0,0,0,0,0,0
3289775,0,0,0,0,0,0
2921645,0,0,0,0,0,0
2983208,10.40922118,0,0,0,0,0
655015,22.55331256,0,0,0,0,0
1921087,27.75792315,0,0,0,0,0
1327635,10.40922118,0,63.4047059,0,0,0
1967,21.68587746,0,0,0,0,0
754515,46.84149532,0,0,0,0,0
1708,12.14409138,0,0,0,0,0
3092156,39.90201453,0,63.4047059,0,0,0
2662362,19.08357217,0,0,0,0,0
3425125,18.21613707,0,0,0,0,0
1708783,0,0,0,0,0,0
152142,0,0,0,0,0,0
2591108,0,0,0,0,0,0
1743165,20.81844236,0,0,0,0,0
262209,0,0,0,0,0,0
3066262,33.82996884,0,0,0,0,0
2571115,27.75792315,0,0,0,0,0
2975968,23.42074766,0,114.1284706,0,0,0
39778,96.28529593,0,0,0,0,0
2712698,0,0,0,0,0,0
2509456,46.84149532,0,0,0,0,0
2099789,32.09509864,0,0,0,0,0
1655,46.84149532,0,0,0,0,0
3243379,0,0,0,0,0,0
2785918,27.75792315,0,69.74517649,0,0,0
1572644,33.82996884,0,0,0,0,0
2759526,70.26224298,0,76.08564708,0,0,0
715472,19.95100727,0,0,0,0,0
2508882,13.87896158,0,0,0,0,0
292800,16.48126687,0,0,0,0,0
1604004,0,0,0,0,0,0
2800818,8.674350985,0,0,0,0,0
1978566,0,0,0,0,0,0
2801030,0,0,0,0,0,0
74426,74.59941847,0,0,0,0,0
2986763,91.08068534,0,0,0,0,0
2152891,23.42074766,0,63.4047059,0,0,0
2878390,87.61094495,0,0,0,0,0
3070995,76.33428867,0,0,0,0,0
3398215,22.55331256,0,0,0,0,0
3015997,0,0,0,0,0,0
3448125,44.23919002,0,0,0,0,0
3127639,26.89048805,0,0,0,0,0
2946555,54.64841121,0,0,0,0,0
1912599,0,0,0,0,0,0
1805714,22.55331256,0,0,0,0,0
1285192,12.14409138,0,0,0,0,0
2732591,0,0,0,0,0,0
3073561,135.3198754,0,0,0,0,0
139021,0,0,0,0,0,0
3067903,37.29970924,0,133.1498824,0,0,0
35760,0,0,0,0,0,0
512749,38.16714433,0,0,0,0,0
3015161,9.541786084,0,0,0,0,0
1293412,31.22766355,204.930031,0,0,0,0
3095364,9.541786084,0,0,0,0,0
2996826,16.48126687,0,0,0,0,0
3398770,0,0,0,0,0,0
3243004,11.27665628,0,0,0,0,0
3133325,110.1642575,0,0,0,0,0
3028294,139.6570509,0,0,0,0,0
29554,35.56483904,0,0,0,0,0
3410269,58.9855867,219.5678904,0,0,0,0
3377110,0,0,0,0,0,0
3066133,19.08357217,0,0,0,0,0
3160606,0,0,0,0,0,0
2588299,0,0,0,0,0,0
140,38.16714433,0,88.76658826,0,0,0
2862866,40.76944963,0,183.8736471,0,0,0
310581,27.75792315,0,0,0,0,0
2815309,54.64841121,0,0,0,0,0
3134807,48.57636552,0,114.1284706,0,0,0
2741953,0,0,0,0,0,0
2987688,19.95100727,0,0,0,0,0
2903572,25.15561786,0,120.4689412,0,0,0
136992,0,0,0,0,0,0
400946,11.27665628,0,0,0,0,0
3434465,0,0,0,0,0,0
2975957,0,0,0,0,0,0
2518994,19.95100727,0,82.42611767,0,0,0
3378073,0,0,0,0,0,0
48935,10.40922118,0,0,0,0,0
215580,19.95100727,0,0,0,0,0
1184151,35.56483904,0,95.10705885,0,0,0
2904790,11.27665628,0,177.5331765,0,0,0
3078805,12.14409138,0,0,0,0,0
2774646,17.34870197,0,0,0,0,0
716925,0,0,0,0,0,0
2896849,63.32276219,0,0,0,0,0
2722756,29.49279335,0,133.1498824,0,0,0
2242,0,0,0,0,0,0
2183582,67.65993768,0,101.4475294,0,0,0
1889013,33.82996884,0,0,0,0,0
2851567,0,0,0,0,0,0
1798224,0,0,88.76658826,0,0,0
1808979,88.47838005,0,0,0,0,0
2560286,8.674350985,0,0,0,0,0
3035472,14.74639667,0,76.08564708,0,0,0
604330,0,0,0,0,0,0
3229854,72.86454827,0,0,0,0,0
1335757,22.55331256,0,0,0,0,0
3143936,0,0,0,0,0,0
1871050,30.36022845,0,0,0,0,0
1896961,0,0,0,0,0,0
1630693,23.42074766,0,0,0,0,0
149017,23.42074766,0,0,0,0,0
321661,0,0,0,0,0,0
2746233,57.2507165,0,0,0,0,0
2840456,78.06915887,0,0,0,0,0
51197,23.42074766,0,0,0,0,0
1307763,73.73198337,0,0,0,0,0
3388267,15.61383177,0,0,0,0,0
54736,119.7060436,0,0,0,0,0
3003618,0,0,0,0,0,0
3060381,0,0,0,0,0,0
35841,125.7780893,0,0,0,0,0
56812,38.16714433,0,0,0,0,0
866790,104.0922118,0,95.10705885,0,0,0
1690815,0,0,0,0,0,0
417203,13.01152648,0,0,0,0,0
334543,40.76944963,0,101.4475294,0,0,0
28113,13.87896158,0,0,0,0,0
2843216,0,0,0,0,0,0
2944810,0,0,0,0,0,0
2277,0,0,0,0,0,0
37332,65.05763239,0,0,0,0,0
3158365,105.827082,0,0,0,0,0
2703794,65.92506749,0,0,0,0,0
3060432,0,0,0,0,0,0
29442,0,0,0,0,0,0
431306,18.21613707,0,0,0,0,0
163359,0,0,0,0,0,0
2283,22.55331256,0,0,0,0,0
1472416,33.82996884,0,0,0,0,0
34071,16.48126687,0,0,0,0,0
3239967,18.21613707,0,0,0,0,0
712624,0,0,0,0,0,0
3140649,10.40922118,0,0,0,0,0
3127640,41.63688473,0,0,0,0,0
3240052,0,0,0,0,0,0
457921,0,0,76.08564708,0,0,0
52226,0,0,0,0,0,0
297,0,0,0,0,0,0
1796,0,0,0,0,0,0
3058963,38.16714433,0,0,0,0,0
319501,0,0,0,0,0,0
2903774,0,0,0,0,0,0
65058,209.9192938,0,0,0,0,0
1541170,19.08357217,0,95.10705885,0,0,0
65656,0,0,101.4475294,0,0,0
424800,20.81844236,0,0,0,0,0
1433403,38.16714433,0,0,0,0,0
53462,41.63688473,0,0,0,0,0
3133975,11.27665628,0,69.74517649,0,0,0
1773,0,0,0,0,0,0
35833,0,204.930031,82.42611767,0,0,0
3040509,28.62535825,0,0,0,0,0
407035,31.22766355,0,0,0,0,0
1249552,14.74639667,0,0,0,0,0
2777556,14.74639667,0,0,0,0,0
394964,0,0,0,369.3358879,0,0
301301,52.04610591,0,0,0,0,0
3017325,0,0,0,0,0,0
2954701,21.68587746,190.2921717,82.42611767,0,0,0
138336,15.61383177,0,0,0,0,0
2527775,61.58789199,0,0,0,0,0
47834,48.57636552,0,0,0,0,0
53358,0,0,101.4475294,0,0,0
1118379,21.68587746,0,0,0,0,0
3239948,38.16714433,0,0,0,0,0
33938,14.74639667,0,0,0,0,0
3032592,0,0,0,0,0,0
3423910,0,0,0,0,0,0
2778058,0,0,0,0,0,0
2703788,15.61383177,0,0,0,0,0
2213202,28.62535825,146.3785936,120.4689412,0,0,0
3239942,19.95100727,0,0,0,0,0
3093869,22.55331256,0,0,0,0,0
3141545,85.87607475,0,0,0,0,0
373687,28.62535825,0,0,0,0,0
355243,36.43227414,0,0,0,0,0
93222,36.43227414,0,0,0,0,0
2904120,16.48126687,263.4814685,0,0,0,0
309868,41.63688473,0,0,0,0,0
2849641,0,0,0,0,0,0
3018446,57.2507165,0,0,0,0,0
28202,104.0922118,0,0,0,0,0
2238,85.00863965,0,152.1712942,0,0,0
1701758,0,0,0,0,0,0
3133311,80.67146416,0,0,0,0,0
2975719,0,0,0,0,0,0
3230974,20.81844236,0,0,0,0,0
3385968,27.75792315,248.8436091,101.4475294,0,0,0
28114,18.21613707,248.8436091,0,0,0,0
2118,45.10662512,0,0,0,0,0
522259,24.28818276,0,0,0,0,0
493781,47.70893042,0,0,0,0,0
3230117,59.8530218,0,0,0,0,0
2082188,13.01152648,0,0,0,0,0
365617,19.08357217,0,0,0,0,0
2903718,12.14409138,0,107.788,0,0,0
3049084,0,0,0,0,0,0
3415141,0,0,101.4475294,0,0,0
1532905,48.57636552,0,95.10705885,0,0,0
2921550,66.79250258,0,0,0,0,0
1261635,0,0,0,0,0,0
715473,27.75792315,0,0,0,0,0
2886377,16.48126687,0,0,0,0,0
2843793,0,0,0,0,0,0
2994035,71.99711318,0,0,0,0,0
110319,0,0,0,0,0,0
3132797,0,0,0,0,0,0
3080057,28.62535825,0,0,0,0,0
463025,0,0,0,0,0,0
66425,58.9855867,0,0,0,0,0
2500532,0,0,0,0,0,0
3448126,11.27665628,0,63.4047059,0,0,0
3066252,0,0,0,0,0,0
2706126,0,0,0,0,0,0
571915,20.81844236,0,0,0,0,0
2772254,56.3832814,0,0,0,0,0
3128980,0,0,0,0,0,0
226910,13.01152648,0,0,0,0,0
37927,0,0,0,0,0,0
2483798,0,0,0,0,0,0
2807626,81.53889926,0,0,0,0,0
68217,0,0,0,0,0,0
2903673,0,0,0,0,0,0
2029986,104.9596469,0,0,0,0,0
2995169,0,0,0,0,0,0
1648404,25.15561786,0,0,0,0,0
2025808,18.21613707,219.5678904,0,0,0,0
3384771,12.14409138,0,0,0,0,0
29543,44.23919002,0,0,0,0,0
3231719,36.43227414,0,361.4068236,0,0,0
3068633,22.55331256,0,0,0,0,0
2708082,0,0,0,0,0,0
89093,49.44380061,0,0,0,0,0
1850374,0,0,0,0,0,0
980427,62.45532709,0,0,0,0,0
2853432,52.04610591,0,0,0,0,0
51362,42.50431983,0,0,0,0,0
3062169,26.89048805,0,88.76658826,0,0,0
2801918,31.22766355,0,0,0,0,0
2025360,0,0,69.74517649,0,0,0
1805478,9.541786084,0,0,0,0,0
3066279,40.76944963,0,0,0,0,0
2859228,0,0,0,0,0,0
1703969,0,0,0,0,0,0
48664,13.87896158,0,0,0,0,0
2835787,0,0,0,0,0,0
1288121,124.9106542,0,0,0,0,0
84599,0,0,0,0,0,0
3144168,13.87896158,0,0,0,0,0
59505,45.97406022,0,0,0,0,0
755175,0,0,317.0235295,0,0,0
3458546,23.42074766,0,0,0,0,0
61635,106.6945171,0,0,0,0,0
2799326,10.40922118,0,0,0,0,0
2779352,21.68587746,0,0,0,0,0
3066267,64.19019729,0,0,0,0,0
3342097,0,0,0,0,0,0
3240053,64.19019729,0,0,0,0,0
1691904,0,0,0,0,0,0
3350166,0,0,0,0,0,0
943830,0,175.6543123,0,0,0,0
44933,15.61383177,0,0,0,0,0
3068632,52.04610591,0,0,0,0,0
2993563,11.27665628,0,0,0,0,0
2893469,13.01152648,0,0,0,0,0
2975982,19.95100727,0,0,0,0,0
203,13.87896158,0,0,0,0,0
3041439,0,0,0,0,0,0
2921383,0,0,0,0,0,0
2923364,80.67146416,0,0,0,0,0
2953978,0,0,0,0,0,0
1612150,28.62535825,0,0,0,0,0
1827300,0,0,0,0,0,0
2053832,0,0,0,0,0,0
85683,76.33428867,0,0,0,0,0
2528642,0,0,0,0,0,0
2587861,55.5158463,0,120.4689412,0,0,0
68892,90.21325024,0,0,0,0,0
2925830,32.96253374,0,0,0,0,0
111504,0,0,120.4689412,0,0,0
2566013,0,0,0,0,0,0
1719,22.55331256,0,0,0,0,0
2675791,45.10662512,0,0,0,0,0
3367525,52.04610591,0,0,0,0,0
2976810,0,0,0,0,0,0
2758442,0,0,0,0,0,0
1503053,25.15561786,0,0,0,0,0
3160608,0,0,0,0,0,0
1821621,28.62535825,0,0,0,0,0
3077590,13.87896158,0,0,0,0,0
187137,0,0,0,230.8349299,0,0
3409857,0,0,76.08564708,0,0,0
388459,313.1440706,0,0,0,0,0
2715678,14.74639667,0,0,0,0,0
2834819,0,0,0,0,0,0
2975984,0,0,0,0,0,0
2594795,0,0,0,0,0,0
444103,0,0,0,0,0,0
2580412,25.15561786,0,0,0,0,0
2792979,236.8097819,0,0,0,0,0
1682113,0,0,0,0,0,0
43663,9.541786084,0,0,0,0,0
164452,15.61383177,0,0,0,0,0
3433706,9.541786084,219.5678904,126.8094118,0,0,0
1434100,14.74639667,0,0,0,0,0
3131927,25.15561786,0,0,0,0,0
2714930,21.68587746,0,0,0,0,0
285578,0,0,0,0,0,0
2583823,18.21613707,0,0,0,0,0
488546,45.10662512,0,0,0,0,0
2760089,24.28818276,0,0,0,0,0
2742129,0,0,0,0,0,0
2975623,0,0,107.788,0,0,0
2601668,61.58789199,0,0,0,0,0
67825,9.541786084,190.2921717,0,0,0,0
3076039,45.97406022,0,278.9807059,0,0,0
2732067,0,0,0,0,0,0
3077335,13.87896158,0,0,0,0,0
2766470,0,0,0,0,0,0
89053,0,0,0,0,0,0
2843197,0,0,0,0,0,0
1777866,39.90201453,0,0,0,0,0
3015996,0,0,0,0,0,0
2975684,0,0,88.76658826,0,0,0
2775909,0,0,0,0,0,0
2697565,0,0,0,0,0,0
3132291,0,0,0,0,0,0
3039155,0,0,0,0,0,0
2903806,0,0,0,0,0,0
3031408,15.61383177,0,0,0,0,0
1843368,18.21613707,0,0,0,0,0
3051119,0,0,0,0,0,0
1446467,13.01152648,0,0,0,0,0
131080,13.01152648,0,0,0,0,0
341045,57.2507165,0,0,0,0,0
2606626,0,0,0,0,0,0
35621,23.42074766,0,0,0,0,0
1337,14.74639667,0,0,0,0,0
2903883,0,0,0,0,0,0
2921495,51.17867081,0,0,0,0,0
1463158,0,175.6543123,107.788,0,0,0
2592345,128.3803946,0,0,0,0,0
3022126,33.82996884,0,0,0,0,0
2903817,37.29970924,0,0,0,0,0
3400627,49.44380061,0,0,0,0,0
71999,0,0,0,0,0,0
283811,93.68299064,0,88.76658826,0,0,0
1084719,20.81844236,0,0,0,0,0
2690837,0,0,0,0,0,0
3454626,379.9365731,0,0,0,0,0
3349877,14.74639667,0,82.42611767,0,0,0
1885,0,0,0,0,0,0
1357916,0,0,82.42611767,0,0,0
1118202,177.8241952,0,0,0,0,0
483,0,0,0,0,0,0
1853130,81.53889926,0,0,0,0,0
3144843,17.34870197,0,0,0,0,0
1888,20.81844236,0,0,0,0,0
3231906,69.39480788,0,0,0,0,0
2903641,0,0,0,0,0,0
1125847,23.42074766,0,0,0,0,0
164451,22.55331256,0,0,0,0,0
2975969,16.48126687,0,0,0,0,0
69218,76.33428867,0,133.1498824,0,0,0
2500533,15.61383177,0,82.42611767,0,0,0
3066292,0,0,0,0,0,0
2796169,0,0,0,0,0,0
582419,121.4409138,0,0,0,0,0
3230991,0,0,0,0,0,0
1916956,17.34870197,0,114.1284706,0,0,0
149715,0,0,139.490353,0,0,0
2962065,0,0,0,0,0,0
659352,73.73198337,0,0,0,0,0
2991051,12.14409138,0,0,0,0,0
1932662,11.27665628,0,0,0,0,0
72000,0,0,0,0,0,0
3126698,26.89048805,0,0,0,0,0
1813879,0,0,69.74517649,0,0,0
641148,12.14409138,0,0,0,0,0
1345117,41.63688473,0,0,0,0,0
2733866,0,0,0,0,0,0
2921657,52.04610591,0,0,0,0,0
2801029,93.68299064,0,0,0,0,0
3421106,0,0,0,0,0,0
3026426,88.47838005,0,0,0,0,0
2735870,71.99711318,0,0,0,0,0
3141537,13.87896158,0,0,0,0,0
2583243,33.82996884,219.5678904,0,0,0,0
708113,9.541786084,0,0,0,0,0
2483402,0,0,0,0,0,0
2072412,0,0,0,0,0,0
445709,0,0,0,0,0,0
1694,32.96253374,0,0,0,0,0
2699430,0,0,0,230.8349299,0,0
112002,0,0,0,0,0,0
39664,197.7752025,0,0,0,0,0
2183934,0,0,0,0,0,0
71667,0,0,0,0,0,0
3402289,19.08357217,0,0,0,0,0
1536769,22.55331256,0,0,0,0,0
595468,0,0,0,0,0,0
712528,42.50431983,0,0,0,0,0
1882831,27.75792315,0,0,0,0,0
2921631,0,0,0,0,0,0
1656,0,0,0,0,0,0
28214,19.08357217,0,0,0,0,0
3133974,0,0,0,0,0,0
1758189,146.5965316,0,0,0,0,0
189426,45.97406022,0,0,0,0,0
2995155,0,0,0,0,0,0
33907,0,0,0,0,0,0
447471,44.23919002,0,101.4475294,0,0,0
3059856,0,0,0,0,0,0
496,0,0,0,0,0,0
2894187,15.61383177,0,0,0,0,0
1522312,65.05763239,0,0,0,0,0
3435229,0,0,0,0,0,0
580459,0,0,0,0,0,0
1637837,35.56483904,0,0,0,0,0
2939437,26.89048805,0,0,0,0,0
2745482,22.55331256,0,0,0,0,0
2045200,0,0,0,0,0,0
1114970,17.34870197,0,0,0,0,0
1184720,17.34870197,0,0,0,0,0
2268449,0,0,82.42611767,0,0,0
642780,18.21613707,0,0,0,0,0
3240033,0,0,88.76658826,0,0,0
315953,28.62535825,0,0,0,0,0
66871,37.29970924,0,0,0,0,0
2682455,0,0,0,0,0,0
3078263,89.34581515,0,0,0,0,0
2681861,0,248.8436091,88.76658826,0,0,0
39692,71.99711318,0,0,0,0,0
3390038,0,0,0,0,0,0
37928,27.75792315,0,0,0,0,0
83462,0,0,0,0,0,0
929,0,0,0,0,0,0
3066291,37.29970924,0,0,0,0,0
399497,36.43227414,0,0,0,0,0
2921462,367.7924818,0,0,0,0,0
1411117,0,0,0,0,0,0
2817398,13.01152648,0,0,0,0,0
169427,0,0,0,0,0,0
2682091,55.5158463,0,0,0,0,0
2709400,90.21325024,0,0,0,0,0
1335613,32.96253374,0,0,0,0,0
1783515,38.16714433,0,0,0,0,0
2975650,0,0,0,0,0,0
1513468,47.70893042,0,76.08564708,0,0,0
370777,11.27665628,0,101.4475294,0,0,0
1387557,172.6195846,0,0,0,0,0
3400226,16.48126687,0,0,0,0,0
69328,0,0,0,0,0,0
871203,104.0922118,0,0,0,0,0
2778070,25.15561786,0,0,0,0,0
477697,0,0,0,0,0,0
2909285,40.76944963,0,0,0,0,0
2987689,38.16714433,0,82.42611767,0,0,0
233055,0,0,0,0,0,0
1855909,23.42074766,0,0,0,0,0
2584944,10.40922118,0,0,0,0,0
2777475,20.81844236,0,0,0,0,0
3397211,14.74639667,0,0,0,0,0
1839785,43.37175493,0,0,0,0,0
2758037,34.69740394,0,0,0,0,0
1906272,0,0,0,0,0,0
443156,0,0,0,0,0,0
3397245,54.64841121,0,0,0,0,0
258505,14.74639667,0,0,0,0,0
582680,0,0,0,0,0,0
2681469,38.16714433,0,0,0,0,0
34059,26.89048805,0,0,0,0,0
114527,45.10662512,0,0,0,0,0
2921556,31.22766355,0,0,0,0,0
1178482,21.68587746,0,0,0,0,0
173480,11.27665628,0,0,0,0,0
3447506,15.61383177,0,69.74517649,0,0,0
2650926,11.27665628,0,0,0,0,0
2865840,43.37175493,0,0,0,0,0
2769485,54.64841121,0,0,0,0,0
3028710,0,0,0,0,0,0
420952,46.84149532,0,0,0,0,0
1549855,0,0,0,0,0,0
659243,88.47838005,0,0,0,0,0
2975974,13.01152648,0,0,0,0,0
330734,0,219.5678904,120.4689412,0,0,0
3238634,0,0,0,0,0,0
3052846,0,0,0,0,0,0
441501,0,0,0,0,0,0
2231055,14.74639667,0,0,0,0,0
3239303,113.6339979,0,0,0,0,0
2976533,13.01152648,0,133.1498824,0,0,0
33040,0,0,0,0,0,0
2966586,201.2449429,0,0,0,0,0
2494701,48.57636552,0,0,0,0,0
256839,40.76944963,0,0,0,0,0
2662397,0,0,0,0,0,0
1077946,13.87896158,0,0,0,0,0
376149,85.87607475,0,0,0,0,0
639200,8.674350985,0,0,0,0,0
1517554,44.23919002,0,88.76658826,0,0,0
122358,0,0,0,0,0,0
2714949,43.37175493,0,0,0,0,0
3235037,0,0,0,0,0,0
35769,58.9855867,0,0,0,0,0
3394235,12.14409138,0,0,0,0,0
3111540,74.59941847,0,0,0,0,0
3444112,0,0,0,0,0,0
376489,34.69740394,0,0,0,0,0
2768165,0,0,0,0,0,0
93378,48.57636552,0,0,0,0,0
321983,42.50431983,0,0,0,0,0
112009,89.34581515,0,0,0,0,0
2675773,19.08357217,0,0,0,0,0
1707785,0,0,0,0,0,0
2079792,0,0,76.08564708,0,0,0
59277,168.2824091,0,0,0,0,0
485880,73.73198337,0,0,0,0,0
2592333,48.57636552,0,0,0,0,0
2822137,133.5850052,0,0,0,0,0
1494960,12.14409138,0,0,0,0,0
660522,0,0,0,0,0,0
254758,93.68299064,0,0,0,0,0
2714923,0,0,0,0,0,0
552,13.87896158,0,0,0,0,0
3118470,332.2276427,0,0,0,0,0
1636423,0,0,0,0,0,0
1655277,34.69740394,146.3785936,82.42611767,0,0,0
2812658,0,0,0,0,0,0
2978473,52.91354101,0,0,0,0,0
86174,0,0,0,0,0,0
1336806,34.69740394,0,0,0,0,0
2975898,49.44380061,0,0,0,0,0
2576930,0,0,0,0,0,0
2903686,11.27665628,0,0,0,0,0
1833852,0,0,0,0,0,0
3424133,43.37175493,0,0,0,0,0
1857215,61.58789199,0,0,0,0,0
3158549,0,0,355.066353,0,0,0
2763006,0,0,0,0,0,0
55583,16.48126687,0,0,0,0,0
2975900,35.56483904,0,0,0,0,0
2576841,354.7809553,0,0,0,0,0
1813182,0,0,0,0,0,0
1823,25.15561786,0,95.10705885,0,0,0
298656,45.10662512,0,0,0,0,0
844,12.14409138,0,0,0,0,0
2921393,57.2507165,0,0,0,0,0
233100,0,0,0,0,0,0
2708110,170.8847144,0,0,0,0,0
318683,0,0,0,0,0,0
82135,17.34870197,0,0,0,0,0
478807,0,146.3785936,107.788,0,0,0
2493675,16.48126687,0,0,0,0,0
75658,24.28818276,0,0,0,0,0
75385,53.78097611,0,0,0,0,0
2780091,13.01152648,0,0,0,0,0
2744517,0,0,0,0,0,0
3240375,0,0,0,0,0,0
263819,45.97406022,0,0,0,0,0
2836161,0,0,0,0,0,0
261965,12.14409138,0,0,0,0,0
2708338,0,0,0,0,0,0
490,31.22766355,0,0,0,0,0
1732569,0,0,0,0,0,0
67282,0,0,0,0,0,0
2675788,352.17865,0,0,0,0,0
78587,31.22766355,0,95.10705885,0,0,0
296842,34.69740394,0,0,0,0,0
2903710,17.34870197,0,0,0,0,0
82977,58.1181516,0,0,0,0,0
2903760,0,0,0,0,0,0
1343899,0,0,0,0,0,0
1427356,0,0,0,0,0,0
2895559,23.42074766,0,0,0,0,0
3039385,0,0,0,0,0,0
3045156,32.09509864,0,0,0,0,0
2866573,122.3083489,0,0,0,0,0
1582259,59.8530218,0,0,0,0,0
712710,24.28818276,0,0,0,0,0
2609417,40.76944963,0,0,0,0,0
2782674,30.36022845,0,0,0,0,0
762833,38.16714433,0,0,0,0,0
2017685,24.28818276,0,0,0,0,0
2883106,17.34870197,0,0,0,0,0
2785909,0,0,0,0,0,0
120576,0,0,0,0,0,0
3399573,0,0,0,0,0,0
2822844,39.03457943,0,0,0,0,0
2613770,0,0,0,0,0,0
3349333,13.01152648,0,0,0,0,0
187303,13.01152648,146.3785936,0,0,0,0
1771,70.26224298,0,0,0,0,0
445710,0,0,0,0,0,0
863,33.82996884,0,0,0,0,0
364410,14.74639667,0,0,0,0,0
2916633,256.7607892,0,0,0,0,0
2894079,0,0,0,0,0,0
2840467,18.21613707,0,0,0,0,0
2650157,72.86454827,0,0,0,0,0
2903640,0,0,0,0,0,0
3022676,16.48126687,0,0,0,0,0
2921427,0,0,0,0,0,0
42353,36.43227414,0,0,0,0,0
57037,18.21613707,0,0,0,0,0
1889,20.81844236,0,0,0,0,0
2954093,21.68587746,0,0,0,0,0
2488560,0,0,0,0,0,0
2792084,23.42074766,0,0,0,0,0
1882749,132.7175701,0,0,0,0,0
1573718,17.34870197,0,0,0,0,0
2811111,33.82996884,0,0,0,0,0
2597660,0,0,0,0,0,0
413712,60.7204569,0,0,0,0,0
2917727,78.93659396,0,0,0,0,0
1646340,91.08068534,0,0,0,0,0
2516559,20.81844236,0,0,0,0,0
3114296,91.94812044,0,0,0,0,0
2821543,16.48126687,0,0,0,0,0
116598,0,0,0,0,0,0
3049047,0,0,0,0,0,0
1891279,9.541786084,0,0,0,0,0
2047724,26.02305296,0,0,0,0,0
56689,0,0,0,0,0,0
2684468,11.27665628,0,0,0,0,0
1391653,0,0,126.8094118,0,0,0
2918901,17.34870197,0,0,0,0,0
2494525,15.61383177,0,0,0,0,0
880,61.58789199,0,0,0,0,0
3394203,31.22766355,0,0,0,0,0
2937774,0,0,0,0,0,0
3039801,0,0,0,0,0,0
2921497,32.96253374,0,0,0,0,0
200450,32.96253374,0,0,0,0,0
415229,0,0,0,0,0,0
3066286,31.22766355,0,76.08564708,0,0,0
3238481,66.79250258,0,0,0,0,0
47671,0,0,0,0,0,0
3144103,45.97406022,0,0,0,0,0
1630135,43.37175493,0,0,0,0,0
2820808,8.674350985,0,0,0,0,0
191493,0,0,0,0,0,0
442,45.10662512,0,0,0,0,0
59930,0,0,0,0,0,0
413403,132.7175701,0,0,0,0,0
3047872,26.89048805,0,0,0,0,0
2911514,21.68587746,0,0,0,0,0
2709784,55.5158463,0,0,0,0,0
3117552,78.93659396,0,0,0,0,0
915099,48.57636552,0,0,0,0,0
3418716,26.89048805,0,120.4689412,0,0,0
416169,16.48126687,0,0,0,0,0
2894202,0,190.2921717,152.1712942,0,0,0
3096218,20.81844236,0,0,0,0,0
2810348,18.21613707,0,0,0,0,0
3156397,0,0,0,0,0,0
657387,40.76944963,0,0,0,0,0
3133312,0,0,0,0,0,0
2653852,26.89048805,0,0,0,0,0
1886786,17.34870197,0,0,0,0,0
2953988,0,0,0,0,0,0
399736,21.68587746,0,0,0,0,0
2814576,10.40922118,0,0,0,0,0
1827285,38.16714433,0,0,0,0,0
2116510,0,0,0,0,0,0
2839623,13.87896158,0,0,0,0,0
3031126,0,0,0,0,0,0
2718876,21.68587746,0,0,0,0,0
1295382,30.36022845,0,0,0,0,0
3391429,0,0,0,0,0,0
321265,0,0,0,0,0,0
2020312,0,0,0,0,0,0
146786,0,0,0,0,0,0
3036127,155.2708826,0,0,0,0,0
60847,34.69740394,0,0,0,0,0
2933562,0,0,0,0,0,0
1294143,30.36022845,0,0,0,0,0
1652495,24.28818276,0,0,0,0,0
1922222,53.78097611,0,0,0,0,0
3144104,0,0,0,0,0,0
1867749,20.81844236,0,0,0,0,0
3095607,24.28818276,0,0,0,0,0
2905690,58.1181516,0,0,0,0,0
2997339,0,0,0,0,0,0
2705439,0,0,0,0,0,0
2692234,0,0,0,0,0,0
1416614,28.62535825,0,0,0,0,0
2678260,0,0,0,0,0,0
93219,87.61094495,0,0,0,0,0
2929795,0,0,0,0,0,0
1679096,18.21613707,0,0,0,0,0
2653853,70.26224298,0,0,0,0,0
1076124,13.01152648,0,0,0,0,0
3058373,22.55331256,0,0,0,0,0
1969806,0,0,0,0,0,0
2975956,0,0,0,0,0,0
46158,0,0,0,0,0,0
2604047,28.62535825,0,0,0,0,0
1967288,0,0,133.1498824,0,0,0
3404122,0,0,0,0,0,0
13160,0,0,0,0,0,0
2283318,65.05763239,146.3785936,107.788,0,0,0
141390,92.81555554,0,0,0,0,0
29483,14.74639667,0,0,0,0,0
638269,0,0,69.74517649,0,0,0
2917991,0,0,0,0,0,0
1592323,0,0,0,0,0,0
69223,9.541786084,0,0,0,0,0
3231715,13.87896158,0,0,0,0,0
3115648,71.99711318,0,0,0,0,0
488730,44.23919002,0,0,0,0,0
1420889,0,0,0,0,0,0
1670,29.49279335,0,0,0,0,0
227,51.17867081,0,0,0,0,0
1510150,33.82996884,0,171.1927059,0,0,0
68249,0,0,0,0,0,0
482957,46.84149532,0,0,0,0,0
1245436,65.05763239,0,0,0,0,0
1922330,0,0,0,0,0,0
3394330,0,0,0,0,0,0
1866326,19.95100727,0,0,0,0,0
247481,19.95100727,0,0,0,0,0
3350165,0,0,0,0,0,0
3342751,76.33428867,0,126.8094118,0,0,0
2837624,134.4524403,0,0,0,0,0
2796139,0,0,0,0,0,0
1827526,58.1181516,0,0,0,0,0
1950,25.15561786,0,0,0,0,0
2599401,84.14120456,0,0,0,0,0
67280,45.97406022,0,0,0,0,0
3039681,0,0,0,0,0,0
2903642,16.48126687,0,0,0,0,0
69968,49.44380061,0,0,0,0,0
553982,9.541786084,0,0,0,0,0
1003110,0,0,0,0,0,0
3166645,0,0,0,0,0,0
2565555,0,0,120.4689412,0,0,0
1392877,9.541786084,0,0,0,0,0
950,46.84149532,0,0,0,0,0
2675795,31.22766355,0,0,0,0,0
3024246,0,0,0,0,0,0
2813777,40.76944963,0,0,0,0,0
2004647,0,0,0,0,0,0
39647,46.84149532,0,0,0,0,0
1941349,21.68587746,0,0,0,0,0
3002903,19.95100727,0,0,0,0,0
2891570,20.81844236,0,0,0,0,0
3423954,0,0,0,0,0,0
3458239,43.37175493,0,0,0,0,0
446374,43.37175493,0,0,0,0,0
2509455,20.81844236,0,0,0,0,0
2126319,0,0,0,0,0,0
2849501,0,0,0,0,0,0
179637,0,204.930031,88.76658826,0,0,0
2420313,0,0,0,0,0,0
98228,14.74639667,0,0,0,0,0
1324217,50.31123571,0,0,0,0,0
2956833,0,0,0,0,0,0
712116,17.34870197,0,0,0,0,0
1921187,0,0,0,0,0,0
252970,17.34870197,0,0,0,0,0
1134435,13.87896158,0,0,0,0,0
2901869,8.674350985,0,0,0,0,0
198252,23.42074766,0,0,0,0,0
2714936,33.82996884,190.2921717,82.42611767,0,0,0
2842453,51.17867081,0,0,0,0,0
2953750,43.37175493,0,0,0,0,0
2885079,28.62535825,0,0,0,0,0
171286,117.9711734,0,0,0,0,0
108080,58.1181516,0,0,0,0,0
3374190,42.50431983,0,0,0,0,0
107637,13.01152648,0,0,0,0,0
1605891,0,0,0,0,0,0
171285,66.79250258,0,0,0,0,0
627192,0,0,0,0,0,0
78448,82.40633436,0,0,0,0,0
2992244,10.40922118,0,0,0,0,0
2861802,0,0,0,0,0,0
2968057,124.0432191,0,0,0,0,0
2798724,0,0,0,0,0,0
2749961,34.69740394,0,0,0,0,0
213231,26.89048805,0,0,0,0,0
1148509,38.16714433,0,0,0,0,0
2023772,108.4293873,0,0,0,0,0
2763338,74.59941847,0,0,0,0,0
3375356,83.27376946,0,0,0,0,0
692370,0,0,0,0,0,0
2782660,0,0,0,0,0,0
3135257,20.81844236,0,0,0,0,0
3141459,0,0,0,0,0,0
2975703,0,0,0,0,0,0
500,37.29970924,0,0,0,0,0
92402,65.92506749,0,0,0,0,0
2929490,0,0,0,0,0,0
3066294,326.155597,0,0,0,0,0
105560,0,0,0,0,0,0
3239825,19.08357217,0,0,0,0,0
3126689,13.01152648,0,0,0,0,0
3381356,108.4293873,0,0,0,0,0
481743,0,0,0,0,0,0
216465,0,0,0,0,0,0
3366815,0,0,139.490353,0,0,0
2872154,0,0,82.42611767,0,0,0
3029061,39.03457943,0,0,0,0,0
2025351,102.3573416,0,0,0,0,0
1332264,0,0,0,0,0,0
1346,32.96253374,0,0,0,0,0
3059028,0,0,0,0,0,0
34029,0,0,0,0,0,0
649831,0,0,0,0,0,0
2846100,324.4207268,0,0,0,0,0
106412,26.02305296,0,0,0,0,0
2911538,0,0,0,0,0,0
1325111,53.78097611,0,0,0,0,0
497967,58.1181516,0,0,0,0,0
172044,117.9711734,0,0,0,0,0
3048582,0,0,0,0,0,0
1915209,0,0,0,0,0,0
2831000,0,0,0,0,0,0
155976,0,0,0,0,0,0
29419,20.81844236,0,0,0,0,0
2954608,0,0,0,0,0,0
3404055,27.75792315,0,0,0,0,0
3376061,52.04610591,0,0,0,0,0
2056258,87.61094495,0,0,0,0,0
1457153,0,0,0,0,0,0
2921386,103.2247767,0,0,0,0,0
1220542,0,322.0329059,0,0,0,0
2729135,14.74639667,0,0,0,0,0
795665,0,0,0,0,0,0
1922225,32.96253374,0,133.1498824,0,0,0
3446116,0,0,0,0,0,0
82803,38.16714433,0,0,0,0,0
2950074,90.21325024,0,0,0,0,0
75588,0,0,0,0,0,0
3133330,0,0,0,0,0,0
657323,0,0,0,0,0,0
2971912,0,0,0,0,0,0
3242979,54.64841121,0,0,0,0,0
401562,0,0,0,0,0,0
2759707,0,0,0,0,0,0
3132743,20.81844236,0,0,0,0,0
1914,57.2507165,0,0,0,0,0
185642,13.87896158,0,126.8094118,0,0,0
1852,0,0,0,0,0,0
2026189,0,0,0,0,0,0
3066316,0,0,0,0,0,0
3376685,0,0,0,0,0,0
1008152,19.95100727,0,0,0,0,0
2760705,47.70893042,0,0,0,0,0
55404,19.08357217,0,0,0,0,0
172043,0,0,0,0,0,0
803,26.89048805,0,88.76658826,0,0,0
2662361,0,0,0,0,0,0
3228789,0,0,0,0,0,0
3038546,20.81844236,0,0,0,0,0
1691903,64.19019729,0,0,0,0,0
2026624,0,0,0,0,0,0
2899220,0,0,0,0,0,0
3049774,0,0,82.42611767,0,0,0
3394751,0,0,0,0,0,0
698828,0,0,0,0,0,0
940615,60.7204569,0,0,0,0,0
2819994,316.613811,0,0,0,0,0
3398703,0,0,0,0,0,0
1935379,0,0,0,0,0,0
1882918,45.97406022,0,0,0,0,0
2715163,24.28818276,0,0,0,0,0
3421656,11.27665628,0,0,0,0,0
679318,25.15561786,0,0,0,0,0
1112,9.541786084,0,0,0,0,0
396015,0,0,0,0,0,0
43306,26.02305296,0,0,0,0,0
3025665,57.2507165,0,0,0,0,0
342949,115.3688681,0,0,0,0,0
370111,0,0,0,0,0,0
386874,9.541786084,0,0,0,0,0
1576550,37.29970924,0,0,0,0,0
1912795,15.61383177,0,0,0,0,0
2479928,22.55331256,0,0,0,0,0
95485,0,0,0,0,0,0
1288495,29.49279335,0,0,0,0,0
3342386,47.70893042,0,0,0,0,0
63,15.61383177,0,0,0,0,0
77608,19.08357217,0,171.1927059,0,0,0
2903536,0,0,139.490353,0,0,0
3120158,0,0,0,0,0,0
67854,151.8011422,0,0,0,0,0
2305220,0,0,0,0,0,0
2921647,0,0,209.2355295,0,0,0
338644,0,0,0,0,0,0
2975751,0,0,0,0,0,0
3068990,0,0,88.76658826,0,0,0
45498,26.89048805,0,0,0,0,0
304207,56.3832814,0,0,0,0,0
47865,0,0,0,0,0,0
2338073,32.09509864,0,0,0,0,0
1620385,0,0,0,0,0,0
1551649,0,0,95.10705885,0,0,0
2975349,0,0,0,0,0,0
1046043,120.5734787,0,0,0,0,0
2777984,0,0,0,0,0,0
3423949,35.56483904,0,0,0,0,0
3239955,0,0,0,0,0,0
43661,53.78097611,0,0,0,0,0
66374,30.36022845,0,0,0,0,0
285557,19.08357217,0,0,0,0,0
28152,19.95100727,0,0,0,0,0
1857890,0,0,0,0,0,0
1987921,81.53889926,0,0,0,0,0
2962671,0,0,0,0,0,0
182210,68.52737278,0,0,0,0,0
717785,39.03457943,0,0,0,0,0
2921721,310.5417653,0,0,0,0,0
1652028,19.95100727,0,0,0,0,0
3239980,62.45532709,0,0,0,0,0
1823759,13.87896158,0,0,0,0,0
1838286,0,0,0,0,0,0
2963939,11.27665628,0,0,0,0,0
2126352,281.0489719,0,0,0,0,0
887462,0,0,0,0,0,0
104336,13.87896158,0,0,0,0,0
2791991,0,0,0,0,0,0
2576756,99.75503633,0,0,0,0,0
1911175,0,0,88.76658826,0,0,0
2785908,16.48126687,0,0,0,0,0
2171623,0,0,0,0,0,0
2820817,19.08357217,0,0,0,0,0
1982291,0,0,0,0,0,0
2049589,10.40922118,0,0,0,0,0
81475,0,0,139.490353,0,0,0
349096,147.4639667,0,69.74517649,0,0,0
2878535,0,0,88.76658826,0,0,0
1179675,0,0,0,0,0,0
2077101,69.39480788,0,95.10705885,0,0,0
2883246,22.55331256,0,0,0,0,0
53458,14.74639667,0,0,0,0,0
2017486,0,0,0,0,0,0
194196,111.0316926,0,0,0,0,0
2316736,26.02305296,0,0,0,0,0
3096605,0,0,0,0,0,0
2854260,17.34870197,0,69.74517649,0,0,0
2502979,0,0,0,0,0,0
2903878,22.55331256,0,0,0,0,0
3081199,24.28818276,0,0,0,0,0
1494466,98.88760123,0,0,0,0,0
421628,0,0,0,0,0,0
2909283,89.34581515,0,63.4047059,0,0,0
2757,0,0,0,0,0,0
2884876,0,0,0,0,0,0
3019553,13.87896158,0,0,0,0,0
2975714,13.01152648,0,95.10705885,0,0,0
2666100,82.40633436,0,0,0,0,0
3383698,0,0,0,0,0,0
931537,9.541786084,0,69.74517649,0,0,0
2810479,41.63688473,0,63.4047059,0,0,0
2989684,0,0,0,0,0,0
3031727,15.61383177,0,158.5117647,0,0,0
2735795,0,0,0,0,0,0
2744574,0,0,0,0,0,0
2787628,89.34581515,0,0,0,0,0
228229,110.1642575,0,0,0,0,0
2813827,0,0,0,0,0,0
3133316,0,0,0,0,0,0
2919598,0,0,0,0,0,0
2726118,0,0,0,0,0,0
2054410,20.81844236,0,0,0,0,0
2976000,47.70893042,0,0,0,0,0
1870820,62.45532709,0,0,0,0,0
310575,17.34870197,0,0,0,0,0
171287,183.8962409,0,63.4047059,0,0,0
2594474,66.79250258,0,0,0,0,0
3403460,8.674350985,0,0,0,0,0
2650975,0,0,0,0,0,0
1172565,52.04610591,0,0,0,0,0
3239917,0,0,0,0,0,0
3015951,0,0,0,0,0,0
2975723,0,0,0,0,0,0
3139392,145.7290965,0,0,0,0,0
1280948,0,0,120.4689412,0,0,0
3349638,0,0,0,0,0,0
2903716,9.541786084,0,0,0,0,0
314722,24.28818276,0,0,0,0,0
2903863,0,0,0,0,0,0
2866628,0,0,0,0,0,0
68174,0,0,0,0,0,0
3078812,0,0,0,0,0,0
582702,13.01152648,0,0,0,0,0
234831,0,0,0,0,0,0
2929515,0,0,0,0,0,0
3131993,0,0,0,0,0,0
2763071,26.02305296,0,0,0,0,0
103621,34.69740394,0,0,0,0,0
2763317,18.21613707,0,0,0,0,0
1295642,64.19019729,0,0,0,0,0
2921416,163.9452336,0,0,0,0,0
2903824,0,0,0,0,0,0
513223,0,0,0,0,0,0
493,24.28818276,278.1193278,0,0,0,0
2211210,0,0,0,0,0,0
37931,25.15561786,0,0,0,0,0
3400909,9.541786084,0,76.08564708,0,0,0
638849,9.541786084,0,0,0,0,0
2057,47.70893042,0,69.74517649,0,0,0
47759,0,0,0,0,0,0
2944234,0,0,0,0,0,0
3389070,40.76944963,0,0,0,0,0
3060806,0,0,0,0,0,0
3132938,0,0,0,0,0,0
3136564,16.48126687,0,0,0,0,0
1660073,9.541786084,0,0,0,0,0
2755382,0,0,0,0,0,0
679663,18.21613707,0,0,0,0,0
2025349,37.29970924,0,0,0,0,0
2746,0,0,0,0,0,0
673860,38.16714433,0,0,0,0,0
292913,0,0,101.4475294,0,0,0
1222016,67.65993768,0,0,0,0,0
1141657,13.01152648,0,152.1712942,0,0,0
65741,0,0,0,0,0,0
946334,18.21613707,0,0,0,0,0
1608628,26.02305296,0,0,0,0,0
2961893,9.541786084,0,0,0,0,0
271065,38.16714433,204.930031,0,0,0,0
2903890,0,0,0,0,0,0
2976680,8.674350985,0,0,0,0,0
3078265,26.89048805,0,0,0,0,0
2733904,0,0,0,0,0,0
119542,26.89048805,0,0,0,0,0
3004095,0,0,0,0,0,0
3142262,0,0,0,0,0,0
2653850,0,0,0,0,0,0
2528019,34.69740394,0,69.74517649,0,0,0
2781021,0,0,0,0,0,0
2830992,17.34870197,0,0,0,0,0
85874,25.15561786,0,0,0,0,0
2981789,66.79250258,0,0,0,0,0
1005665,35.56483904,0,0,0,0,0
470868,41.63688473,0,0,0,0,0
2419844,30.36022845,0,0,0,0,0
2921619,101.4899065,0,0,0,0,0
1702221,11.27665628,0,0,0,0,0
34070,16.48126687,0,0,0,0,0
93973,39.90201453,0,0,0,0,0
2929514,26.02305296,0,0,0,0,0
2720714,22.55331256,0,0,0,0,0
3073064,0,0,0,0,0,0
3435412,19.08357217,0,0,0,0,0
550984,53.78097611,0,0,0,0,0
1967783,26.89048805,0,0,0,0,0
2778082,0,0,0,0,0,0
1420916,41.63688473,0,0,0,0,0
3402778,0,0,0,0,0,0
944492,31.22766355,0,0,0,0,0
555317,13.01152648,0,0,0,0,0
2762611,0,0,0,0,0,0
61858,0,0,0,0,0,0
86183,0,0,0,0,0,0
2822760,26.89048805,0,0,0,0,0
2921587,295.7953686,0,0,0,0,0
2903578,32.09509864,0,0,0,0,0
46165,11.27665628,0,0,0,0,0
1967666,28.62535825,0,0,0,0,0
3421654,18.21613707,0,0,0,0,0
3060183,9.541786084,0,0,0,0,0
2571148,23.42074766,0,0,0,0,0
3428204,0,0,0,0,0,0
2748871,50.31123571,0,0,0,0,0
1851505,14.74639667,0,0,0,0,0
256325,51.17867081,0,0,0,0,0
2609668,51.17867081,0,0,0,0,0
2879620,0,0,0,0,0,0
683846,63.32276219,0,0,0,0,0
35790,0,0,0,0,0,0
656179,11.27665628,0,0,0,0,0
3415679,0,0,0,0,0,0
573600,77.20172377,0,0,0,0,0
2983836,0,0,0,0,0,0
33918,0,0,0,0,0,0
2942997,0,0,0,0,0,0
2949664,0,0,0,0,0,0
1521117,0,0,0,0,0,0
2613773,0,0,0,0,0,0
2911208,0,0,259.9592942,0,0,0
2831662,18.21613707,0,0,0,0,0
59310,91.94812044,0,0,0,0,0
543877,22.55331256,0,0,0,0,0
2975700,20.81844236,0,0,0,0,0
1667239,25.15561786,0,0,0,0,0
3075199,0,0,0,0,0,0
2903808,11.27665628,0,0,0,0,0
1895,0,0,0,0,0,0
1267766,0,0,0,0,0,0
3016093,24.28818276,0,0,0,0,0
2903680,53.78097611,0,0,0,0,0
2977320,45.10662512,0,247.278353,0,0,0
2903879,56.3832814,0,0,0,0,0
650378,147.4639667,0,0,0,0,0
129817,16.48126687,0,0,0,0,0
2776706,0,0,0,0,0,0
1855880,38.16714433,0,0,0,0,0
2903682,0,0,0,0,0,0
3073562,22.55331256,0,0,0,0,0
3237298,11.27665628,0,0,0,0,0
1470176,36.43227414,0,0,0,0,0
1776741,82.40633436,0,0,0,0,0
1585697,18.21613707,0,0,0,0,0
3240102,0,0,0,0,0,0
889300,32.96253374,0,0,0,0,0
1969821,34.69740394,0,0,0,0,0
1778675,0,0,0,0,0,0
1813451,57.2507165,0,0,0,0,0
2770234,29.49279335,0,0,0,0,0
3404065,67.65993768,0,0,0,0,0
13076,66.79250258,0,0,0,0,0
2565531,290.590758,0,0,0,0,0
2954532,45.10662512,0,0,0,0,0
3434353,0,0,0,0,0,0
3077923,0,0,0,0,0,0
3234144,28.62535825,0,0,0,0,0
2975720,92.81555554,0,0,0,0,0
2842348,0,0,0,0,0,0
2758710,0,0,0,0,0,0
1292359,0,0,0,0,0,0
2860336,19.95100727,0,0,0,0,0
135079,17.34870197,0,0,0,0,0
1725411,0,0,0,0,0,0
1971397,42.50431983,0,0,0,0,0
2740464,0,0,0,0,0,0
3094835,45.10662512,0,0,0,0,0
905,21.68587746,0,0,0,0,0
1234606,0,0,0,0,0,0
67351,78.06915887,0,0,0,0,0
29389,16.48126687,0,0,0,0,0
2994492,95.41786084,0,0,0,0,0
1702238,141.3919211,0,0,0,0,0
2714932,126.6455244,0,0,0,0,0
2293571,90.21325024,0,0,0,0,0
1658665,23.42074766,0,0,0,0,0
2854261,0,0,0,0,0,0
2954726,0,0,0,0,0,0
3048353,10.40922118,0,0,0,0,0
2975866,0,0,0,0,0,0
1552990,0,0,0,0,0,0
81032,24.28818276,0,76.08564708,0,0,0
3047825,0,0,101.4475294,0,0,0
3230971,54.64841121,0,0,0,0,0
2724469,0,0,0,0,0,0
3237706,27.75792315,0,0,0,0,0
1858653,0,0,0,0,0,0
1082851,23.42074766,0,0,0,0,0
2714939,0,0,0,0,0,0
2742132,0,0,0,0,0,0
322509,0,0,0,0,0,0
630515,27.75792315,0,0,0,0,0
3411354,0,0,0,0,0,0
3416606,150.9337071,0,0,0,0,0
359110,0,0,0,0,0,0
2724151,0,0,0,0,0,0
2743575,0,0,0,0,0,0
3114394,13.87896158,0,0,0,0,0
302406,16.48126687,0,0,0,0,0
2060066,43.37175493,0,0,0,0,0
1938606,12.14409138,0,0,0,0,0
2067958,32.09509864,0,0,0,0,0
3151598,0,0,0,0,0,0
1670830,24.28818276,0,0,0,0,0
2014920,21.68587746,0,0,0,0,0
2883107,0,0,0,0,0,0
3028298,0,0,0,0,0,0
517398,40.76944963,0,0,0,0,0
1076596,0,0,0,0,0,0
2839983,29.49279335,0,0,0,0,0
2867233,0,0,0,0,0,0
2916410,0,0,0,0,0,0
3081768,0,0,0,0,0,0
2734103,0,0,0,0,0,0
1446794,32.09509864,0,0,0,0,0
2583231,20.81844236,0,0,0,0,0
2364787,25.15561786,0,0,0,0,0
3131938,18.21613707,0,0,0,0,0
291990,23.42074766,0,0,0,0,0
1472345,0,0,0,0,0,0
3416710,0,0,133.1498824,0,0,0
2867021,0,0,0,0,0,0
1002689,48.57636552,0,69.74517649,0,0,0
2588535,25.15561786,0,0,0,0,0
2108399,25.15561786,0,0,0,0,0
2921385,149.1988369,0,0,0,0,0
2027919,48.57636552,0,234.5974118,0,0,0
3021710,0,0,234.5974118,0,0,0
1274,14.74639667,0,0,0,0,0
2587849,76.33428867,0,0,0,0,0
3256999,0,0,0,0,0,0
1296669,83.27376946,0,0,0,0,0
2903564,9.541786084,0,0,0,0,0
2823317,31.22766355,0,0,0,0,0
931099,42.50431983,0,0,0,0,0
3077584,43.37175493,0,0,0,0,0
2264,19.95100727,0,0,0,0,0
3095606,35.56483904,0,133.1498824,0,0,0
538220,43.37175493,0,0,0,0,0
3082531,281.916407,0,0,0,0,0
40988,24.28818276,0,101.4475294,0,0,0
418701,0,0,0,0,0,0
187327,103.2247767,0,0,0,0,0
1608996,11.27665628,0,0,0,0,0
1796921,11.27665628,0,0,0,0,0
2950872,0,0,0,0,0,0
1852374,69.39480788,0,0,0,0,0
2907159,18.21613707,0,69.74517649,0,0,0
2810513,0,0,0,0,0,0
2726434,31.22766355,0,0,0,0,0
2547399,44.23919002,0,0,0,0,0
2702,104.9596469,0,0,0,0,0
2587851,0,0,0,0,0,0
2975672,0,0,0,0,0,0
2942449,0,0,0,0,0,0
1464011,0,0,0,0,0,0
2678261,53.78097611,0,0,0,0,0
485898,27.75792315,0,0,0,0,0
2714941,13.87896158,0,0,0,0,0
3049543,26.89048805,0,0,0,0,0
3382192,0,0,0,0,0,0
2739433,0,0,0,0,0,0
2978392,137.0547456,0,0,0,0,0
187491,13.87896158,0,133.1498824,0,0,0
945844,0,0,0,0,0,0
3238798,0,0,0,0,0,0
3058394,106.6945171,0,0,0,0,0
2903643,24.28818276,0,82.42611767,0,0,0
3133285,0,0,0,0,0,0
2004644,74.59941847,0,0,0,0,0
1819725,0,0,0,0,0,0
3233335,44.23919002,0,0,0,0,0
2575923,0,0,0,0,0,0
2698684,0,0,0,0,0,0
54297,90.21325024,0,0,0,0,0
1849967,0,0,0,0,0,0
699041,0,0,0,0,0,0
1670831,0,0,0,0,0,0
1792846,0,0,0,0,0,0
475662,0,0,0,0,0,0
2678259,12.14409138,0,0,0,0,0
2937800,0,0,0,0,0,0
35768,11.27665628,0,0,0,0,0
1432056,59.8530218,0,0,0,0,0
47878,0,0,0,0,0,0
2921379,276.7117964,0,0,0,0,0
1854057,0,0,0,0,0,0
2587844,0,0,0,0,0,0
1216297,40.76944963,0,0,0,0,0
1690220,21.68587746,0,0,0,0,0
50339,16.48126687,0,0,0,0,0
2509457,0,0,0,0,0,0
2567934,35.56483904,0,0,0,0,0
68278,0,0,0,0,0,0
1429914,10.40922118,0,0,0,0,0
2058133,76.33428867,0,0,0,0,0
2675772,13.01152648,0,0,0,0,0
1938607,26.02305296,0,0,0,0,0
3236805,0,0,0,0,0,0
129958,173.4870197,0,0,0,0,0
618,54.64841121,0,0,0,0,0
370405,0,0,0,0,0,0
2714937,15.61383177,0,0,0,0,0
1325564,20.81844236,0,0,0,0,0
2742602,0,0,0,0,0,0
3139329,0,0,0,0,0,0
3427229,0,0,0,0,0,0
76862,43.37175493,0,0,0,0,0
134536,0,0,0,0,0,0
1545835,97.15273103,0,0,0,0,0
1704044,41.63688473,0,0,0,0,0
2734193,0,0,0,0,0,0
2903704,10.40922118,0,0,0,0,0
391905,29.49279335,0,0,0,0,0
3040201,0,0,82.42611767,0,0,0
29468,14.74639667,0,0,0,0,0
3096079,0,0,0,0,0,0
1884907,14.74639667,0,0,0,0,0
886343,27.75792315,0,101.4475294,0,0,0
1756988,0,0,0,0,0,0
47879,0,0,0,0,0,0
2026194,0,0,0,0,0,0
700274,0,0,0,0,0,0
3108822,18.21613707,0,0,0,0,0
631362,11.27665628,0,0,0,0,0
2710756,0,0,0,0,0,0
2493681,31.22766355,0,0,0,0,0
2857060,0,0,0,0,0,0
2952527,0,0,0,0,0,0
2985511,0,161.016453,88.76658826,0,0,0
2994495,0,0,0,0,0,0
1056807,150.066272,0,0,0,0,0
1982042,11.27665628,0,0,0,0,0
83555,0,0,0,0,0,0
3046383,51.17867081,0,0,0,0,0
2867410,76.33428867,0,0,0,0,0
682798,0,161.016453,0,0,0,0
2860237,22.55331256,0,0,0,0,0
3406419,0,0,0,0,0,0
2715735,20.81844236,0,0,0,0,0
2999067,27.75792315,0,0,0,0,0
1911,0,0,0,0,0,0
312285,74.59941847,0,0,0,0,0
75294,0,0,0,0,0,0
36822,27.75792315,0,0,0,0,0
2560058,0,0,0,0,0,0
3417741,0,0,0,0,0,0
241368,26.02305296,0,0,0,0,0
2736649,15.61383177,0,0,0,0,0
3056733,21.68587746,0,0,0,0,0
3050126,22.55331256,0,0,0,0,0
35701,50.31123571,0,0,0,0,0
3158972,42.50431983,0,0,0,0,0
525917,114.501433,0,0,0,0,0
39691,66.79250258,0,0,0,0,0
2995166,0,0,0,0,0,0
754429,0,0,0,0,0,0
3073271,141.3919211,0,0,0,0,0
3089814,22.55331256,0,0,0,0,0
40318,8.674350985,0,0,0,0,0
1763828,9.541786084,0,0,0,0,0
2280,26.02305296,0,0,0,0,0
2774190,0,0,0,0,0,0
2923375,107.5619522,0,0,0,0,0
29288,36.43227414,0,0,0,0,0
142649,68.52737278,0,0,0,0,0
1505596,36.43227414,0,133.1498824,0,0,0
3058419,0,0,0,0,0,0
2820002,268.9048805,0,0,0,0,0
3060313,268.9048805,0,0,0,0,0
3036128,0,0,0,0,0,0
1544730,11.27665628,0,0,0,0,0
1643322,0,0,0,0,0,0
1436133,0,0,0,0,0,0
1198456,9.541786084,0,0,0,0,0
2057791,0,0,0,0,0,0
3452799,20.81844236,0,107.788,0,0,0
1849580,0,0,0,0,0,0
53409,24.28818276,0,202.8950589,0,0,0
48221,0,204.930031,63.4047059,0,0,0
1679444,21.68587746,0,0,0,0,0
2903651,66.79250258,0,0,0,0,0
2978974,26.02305296,0,0,0,0,0
337191,13.01152648,0,190.2141177,0,0,0
1385715,44.23919002,0,0,0,0,0
3432289,0,0,0,0,0,0
116759,0,0,0,0,0,0
84405,106.6945171,0,0,0,0,0
345370,0,0,0,0,0,0
3402868,0,0,0,0,0,0
446860,0,0,0,0,0,0
33914,16.48126687,0,0,0,0,0
2591109,0,0,0,0,0,0
348043,110.1642575,0,0,0,0,0
3403457,19.95100727,0,0,0,0,0
2674997,19.08357217,0,0,0,0,0
3035514,0,0,0,0,0,0
1286180,15.61383177,0,0,0,0,0
2676077,0,0,0,0,0,0
237612,266.3025752,0,0,0,0,0
2764186,0,0,0,0,0,0
546871,0,0,0,0,0,0
3061286,0,0,234.5974118,0,0,0
2966552,9.541786084,0,0,0,0,0
2654218,0,0,0,0,0,0
3062783,0,146.3785936,69.74517649,0,0,0
381829,15.61383177,0,0,0,0,0
1416806,0,0,0,0,0,0
3051092,41.63688473,0,0,0,0,0
307486,13.01152648,0,0,0,0,0
3389872,0,0,0,0,0,0
2709403,0,0,0,0,0,0
33865,40.76944963,0,0,0,0,0
1620215,0,0,0,0,0,0
3435000,49.44380061,0,0,0,0,0
521720,29.49279335,0,0,0,0,0
1903186,29.49279335,0,0,0,0,0
43771,0,0,0,0,0,0
491950,48.57636552,0,0,0,0,0
2654248,0,0,0,0,0,0
3456954,0,0,0,0,0,0
180400,0,0,0,0,0,0
2975809,27.75792315,0,0,0,0,0
1141883,0,0,0,0,0,0
1404799,0,0,0,0,0,0
2998080,75.46685357,0,0,0,0,0
1664560,91.08068534,0,0,0,0,0
712633,13.87896158,0,0,0,0,0
362257,31.22766355,0,0,0,0,0
39689,0,0,0,0,0,0
2493678,0,0,0,0,0,0
3457357,12.14409138,146.3785936,0,0,0,0
2806442,55.5158463,0,0,0,0,0
68192,0,0,0,0,0,0
1376,97.15273103,0,0,0,0,0
3069105,27.75792315,0,0,0,0,0
1821625,0,0,0,0,0,0
3064349,13.87896158,0,0,0,0,0
3239931,16.48126687,0,0,0,0,0
2482769,0,0,0,0,0,0
1016987,52.91354101,0,0,0,0,0
3341793,91.08068534,0,0,0,0,0
2939413,15.61383177,0,0,0,0,0
1045317,0,0,0,0,0,0
1076550,52.91354101,0,0,0,0,0
665007,0,0,133.1498824,0,0,0
3069708,0,0,0,0,0,0
92404,29.49279335,0,0,0,0,0
166935,124.9106542,0,0,0,0,0
2811227,0,0,0,0,0,0
3430558,13.87896158,0,0,0,0,0
712122,0,0,0,0,0,0
1653478,200.3775078,0,0,0,0,0
3344655,0,0,0,0,0,0
3110539,77.20172377,0,0,0,0,0
2991715,16.48126687,0,133.1498824,0,0,0
1944,0,0,0,0,0,0
3003483,95.41786084,0,0,0,0,0
3073268,17.34870197,0,0,0,0,0
2975987,29.49279335,0,0,0,0,0
3016103,65.92506749,0,0,0,0,0
338188,28.62535825,0,0,0,0,0
2840180,36.43227414,0,0,0,0,0
649841,95.41786084,0,0,0,0,0
3040605,0,0,0,0,0,0
3388492,16.48126687,0,0,0,0,0
2733867,0,0,0,0,0,0
870,47.70893042,0,0,0,0,0
2903574,58.1181516,0,0,0,0,0
3040935,0,0,0,0,0,0
28091,0,0,0,0,0,0
607711,9.541786084,0,139.490353,0,0,0
278153,25.15561786,0,0,0,0,0
28047,53.78097611,0,0,0,0,0
1470200,0,0,0,0,0,0
955,73.73198337,0,0,0,0,0
3047737,0,0,0,0,0,0
100225,16.48126687,0,0,0,0,0
2011015,0,0,0,0,0,0
1936990,28.62535825,0,0,0,0,0
3120520,0,0,0,0,0,0
2949637,0,0,0,0,0,0
357233,23.42074766,0,0,0,0,0
1562974,80.67146416,0,0,0,0,0
3062779,11.27665628,0,0,0,0,0
3453405,10.40922118,0,0,0,0,0
1806891,21.68587746,0,0,0,0,0
3133329,18.21613707,0,0,0,0,0
2714938,19.08357217,0,0,0,0,0
2831895,0,0,0,0,0,0
3240934,18.21613707,0,0,0,0,0
416273,0,0,0,0,0,0
3400272,0,0,0,0,0,0
80852,0,0,0,0,0,0
511746,80.67146416,0,0,0,0,0
2493673,28.62535825,0,0,0,0,0
1607,53.78097611,0,0,0,0,0
3110231,9.541786084,0,0,0,0,0
575200,31.22766355,0,0,0,0,0
1803865,0,0,0,0,0,0
2975896,0,0,0,0,0,0
86173,0,0,0,0,0,0
3042152,48.57636552,0,0,0,0,0
301585,106.6945171,0,0,0,0,0
2006110,0,0,0,0,0,0
2059672,0,0,0,0,0,0
2806553,46.84149532,0,69.74517649,0,0,0
2724527,26.89048805,0,0,0,0,0
3101273,50.31123571,0,0,0,0,0
3395918,0,0,0,0,0,0
3424769,0,0,0,0,0,0
2742603,0,0,0,0,0,0
2497989,42.50431983,0,0,0,0,0
2903652,55.5158463,0,0,0,0,0
1415657,19.95100727,0,0,230.8349299,0,0
2980557,0,0,0,0,0,0
1389020,12.14409138,0,0,0,0,0
1930622,0,0,0,0,0,0
2819979,15.61383177,0,0,0,0,0
1565,12.14409138,0,0,0,0,0
3391424,0,0,0,0,0,0
2898276,19.08357217,0,0,0,0,0
2584940,22.55331256,0,0,0,0,0
1192162,0,0,0,0,0,0
65700,29.49279335,0,0,0,0,0
1578165,0,0,0,0,0,0
3024400,0,0,0,0,0,0
1871025,0,0,0,0,0,0
3081984,0,0,0,0,0,0
767452,0,0,0,0,0,0
623,0,0,0,0,0,0
2954025,0,0,0,0,0,0
3028374,0,0,0,0,0,0
2138101,32.96253374,0,0,0,0,0
1967782,39.03457943,0,0,0,0,0
370324,11.27665628,0,0,0,0,0
299146,0,0,0,0,0,0
3133089,17.34870197,0,0,0,0,0
3137398,15.61383177,0,0,0,0,0
220927,0,0,0,0,0,0
553510,15.61383177,0,0,0,0,0
2293567,45.97406022,0,0,0,0,0
428712,0,0,0,0,0,0
2126346,0,0,0,0,0,0
2954012,0,0,247.278353,0,0,0
1266771,0,0,0,0,0,0
2885078,0,0,0,0,0,0
2034769,87.61094495,0,0,0,0,0
152500,14.74639667,0,0,0,0,0
3404048,45.10662512,0,0,0,0,0
3238807,39.03457943,0,0,0,0,0
2487887,29.49279335,0,0,0,0,0
2758572,0,146.3785936,82.42611767,0,0,0
3023518,10.40922118,0,126.8094118,0,0,0
2963406,18.21613707,0,0,0,0,0
1526572,16.48126687,0,0,0,0,0
3230989,74.59941847,0,171.1927059,0,0,0
3389970,0,0,0,0,0,0
2942909,0,0,0,0,0,0
1641402,0,0,0,0,0,0
85693,18.21613707,0,0,0,0,0
2872646,11.27665628,0,0,0,0,0
3075837,9.541786084,0,0,0,0,0
3445771,20.81844236,0,0,0,0,0
2978127,0,0,0,0,0,0
3076764,19.08357217,0,0,0,0,0
1924941,26.89048805,0,0,0,0,0
2016596,11.27665628,0,0,0,0,0
2879149,0,0,0,0,0,0
2729725,13.01152648,0,0,0,0,0
2962064,0,0,0,0,0,0
769,0,0,0,0,0,0
3239891,0,0,0,0,0,0
2994951,0,0,0,0,0,0
1515595,13.01152648,0,0,0,0,0
67332,0,0,0,0,0,0
2905879,0,0,0,0,0,0
2487928,0,0,0,0,0,0
75659,0,0,0,0,0,0
3114999,0,0,0,0,0,0
2547601,0,0,0,0,0,0
28094,39.03457943,0,0,0,0,0
2884264,26.89048805,0,0,0,0,0
90245,39.03457943,0,0,0,0,0
2953881,68.52737278,0,0,0,0,0
3405419,0,0,0,0,0,0
55510,11.27665628,161.016453,69.74517649,0,0,0
3459196,0,0,0,0,0,0
2903822,120.5734787,0,0,0,0,0
57497,0,0,0,0,0,0
2705472,0,0,0,0,0,0
164393,26.02305296,0,0,0,0,0
454662,0,0,0,0,0,0
212663,130.1152648,0,0,0,0,0
68909,0,0,0,0,0,0
2850562,17.34870197,0,0,0,0,0
2811415,24.28818276,0,0,0,0,0
487698,59.8530218,0,0,0,0,0
2989732,0,0,0,0,0,0
451876,0,0,0,0,0,0
1176646,0,0,0,0,0,0
2851959,41.63688473,0,0,0,0,0
2871688,239.4120872,0,0,0,0,0
1586233,0,0,0,0,0,0
3133336,27.75792315,0,0,0,0,0
2930091,51.17867081,0,0,0,0,0
3384159,0,0,0,0,0,0
2964606,75.46685357,0,0,0,0,0
1804990,0,0,0,0,0,0
1534348,0,0,0,0,0,0
2971264,0,0,0,0,0,0
2109328,45.97406022,0,0,0,0,0
3060064,154.4034475,0,0,0,0,0
1536775,0,0,0,0,0,0
2903663,0,0,0,0,0,0
2675794,70.26224298,0,0,0,0,0
2597769,14.74639667,0,0,0,0,0
2078691,19.95100727,0,0,0,0,0
2382165,0,0,0,0,0,0
402297,0,0,0,0,0,0
2819978,0,0,0,0,0,0
3409994,237.677217,0,0,0,0,0
3131933,83.27376946,0,0,0,0,0
391613,0,0,0,0,0,0
2870339,0,0,0,0,0,0
2055892,20.81844236,0,0,0,0,0
2921677,27.75792315,0,0,0,0,0
2657486,0,0,0,0,0,0
1069221,17.34870197,0,0,0,0,0
2822847,179.5590654,0,0,0,0,0
2587808,0,0,0,0,0,0
1472,63.32276219,0,0,0,0,0
3042028,0,0,0,0,0,0
2742135,31.22766355,0,0,0,0,0
1670455,96.28529593,0,0,0,0,0
3108176,0,0,0,0,0,0
710648,31.22766355,0,0,0,0,0
622,0,0,0,0,0,0
2759954,50.31123571,0,0,0,0,0
2912242,9.541786084,0,0,0,0,0
128,14.74639667,0,0,0,0,0
136857,0,0,0,0,0,0
1071679,0,0,0,0,0,0
1914461,22.55331256,0,0,0,0,0
3243373,0,0,0,0,0,0
1545702,79.80402906,0,0,0,0,0
265960,19.08357217,0,0,0,0,0
74329,85.00863965,0,0,0,0,0
1795032,26.89048805,0,183.8736471,0,0,0
63561,28.62535825,0,0,0,0,0
1173586,31.22766355,0,0,0,0,0
2903747,0,0,0,0,0,0
2590021,65.92506749,0,0,0,0,0
3239963,0,0,0,0,0,0
2829499,0,0,0,0,0,0
1859,0,0,0,0,0,0
3057122,0,0,0,0,0,0
3056444,32.96253374,0,0,0,0,0
219314,0,0,0,0,0,0
2954741,0,0,0,0,0,0
29489,45.10662512,0,0,0,0,0
2975903,12.14409138,0,0,0,0,0
2548456,11.27665628,0,0,0,0,0
2742137,0,0,0,0,0,0
2917724,0,0,0,0,0,0
2867264,30.36022845,0,0,0,0,0
2812647,17.34870197,0,0,0,0,0
666685,0,0,0,0,0,0
2483403,17.34870197,0,0,0,0,0
2563897,11.27665628,0,0,0,0,0
3394334,0,0,0,0,0,0
321984,0,0,0,0,0,0
563,87.61094495,0,0,0,0,0
3123041,0,0,0,0,0,0
3042320,9.541786084,0,0,0,0,0
3388843,0,0,0,0,0,0
882824,0,0,0,0,0,0
2051957,0,0,0,0,0,0
1653839,0,0,0,0,0,0
285562,0,0,0,0,0,0
271865,55.5158463,0,69.74517649,0,0,0
61592,43.37175493,0,0,0,0,0
2903769,17.34870197,0,0,0,0,0
2675781,23.42074766,0,0,0,0,0
1268041,92.81555554,0,0,0,0,0
2964610,0,0,0,0,0,0
1743174,0,0,0,0,0,0
3113984,0,0,0,0,0,0
2994661,71.12967808,0,0,0,0,0
2903589,0,0,0,0,0,0
3004094,0,0,0,0,0,0
2185142,0,0,0,0,0,0
36818,0,0,0,0,0,0
2100821,32.96253374,0,0,0,0,0
3057057,0,0,158.5117647,0,0,0
3453032,0,0,0,0,0,0
1985176,0,0,0,0,0,0
67258,0,0,0,0,0,0
2675877,32.09509864,0,0,0,0,0
2230878,62.45532709,0,0,0,0,0
1796620,55.5158463,0,0,0,0,0
188770,0,0,0,0,0,0
3421955,0,0,0,0,0,0
34095,57.2507165,0,0,0,0,0
44742,33.82996884,0,0,0,0,0
251701,113.6339979,0,0,0,0,0
3072977,22.55331256,0,0,0,0,0
2020,0,0,0,0,0,0
217,49.44380061,0,0,0,0,0
2755400,38.16714433,0,0,0,0,0
1907575,61.58789199,0,0,0,0,0
3415676,11.27665628,0,0,0,0,0
255519,8.674350985,0,0,0,0,0
3060070,0,0,0,0,0,0
2932249,32.09509864,0,0,0,0,0
3446363,0,0,0,0,0,0
2796140,0,0,0,0,0,0
3122054,0,0,0,0,0,0
3040076,0,0,0,0,0,0
486698,15.61383177,0,0,0,0,0
2579791,0,0,114.1284706,0,0,0
227605,12.14409138,0,0,0,0,0
3039157,90.21325024,0,0,0,0,0
1094,225.5331256,0,0,0,0,0
1047172,97.15273103,0,0,0,0,0
1353889,12.14409138,0,0,0,0,0
2942996,11.27665628,0,0,0,0,0
2482763,0,0,0,0,0,0
873,32.96253374,0,0,0,0,0
2711156,0,0,0,0,0,0
2903960,13.87896158,0,63.4047059,0,0,0
3385497,58.1181516,0,0,0,0,0
720,0,0,0,0,0,0
2565926,25.15561786,0,0,0,0,0
120,14.74639667,0,0,0,0,0
3453033,9.541786084,0,0,0,0,0
2967972,19.95100727,0,0,0,0,0
2059264,61.58789199,0,0,0,0,0
2903790,10.40922118,0,0,0,0,0
664662,133.5850052,0,0,0,0,0
3096006,62.45532709,0,0,0,0,0
1307761,22.55331256,0,0,0,0,0
1230341,21.68587746,0,0,0,0,0
2026,84.14120456,0,0,0,0,0
2874846,29.49279335,0,0,0,0,0
3239979,32.09509864,0,0,0,0,0
2844242,19.08357217,0,0,0,0,0
38322,0,0,0,0,0,0
2975964,0,0,0,0,0,0
2878150,29.49279335,0,0,0,0,0
3240036,0,0,0,0,0,0
1232428,13.01152648,0,0,0,0,0
2592655,16.48126687,0,0,0,0,0
1389223,0,0,0,0,0,0
3420932,36.43227414,0,0,0,0,0
1102,71.99711318,0,0,0,0,0
2867005,0,0,0,0,0,0
2975642,13.01152648,0,0,0,0,0
280,0,0,0,0,0,0
63363,189.1008515,0,0,0,0,0
589382,0,0,114.1284706,0,0,0
2341112,0,0,0,0,0,0
3373598,19.08357217,0,0,0,0,0
370526,0,0,0,0,0,0
2975940,43.37175493,0,0,0,0,0
3133697,0,0,0,0,0,0
1395951,13.87896158,0,0,0,0,0
1071080,43.37175493,0,0,0,0,0
1894969,0,0,0,0,0,0
2994496,62.45532709,0,0,0,0,0
3144669,0,0,0,0,0,0
3241166,45.97406022,0,0,0,0,0
3066239,14.74639667,0,0,0,0,0
2903582,22.55331256,0,0,0,0,0
3366811,0,0,0,0,0,0
2714844,28.62535825,0,0,0,0,0
2493677,17.34870197,0,0,0,0,0
2654282,17.34870197,0,0,0,0,0
3019934,0,0,0,0,0,0
2903649,27.75792315,0,0,0,0,0
2919917,23.42074766,0,0,0,0,0
2975985,0,0,0,0,0,0
2219057,0,0,0,0,0,0
1224749,0,0,145.8308236,0,0,0
214851,91.08068534,0,0,0,0,0
415996,0,0,0,0,0,0
2975923,0,0,0,0,0,0
477976,43.37175493,0,0,0,0,0
2029117,30.36022845,0,0,0,0,0
3133279,36.43227414,0,0,0,0,0
3400273,0,0,0,0,0,0
1866,0,0,0,0,0,0
169292,38.16714433,0,0,0,0,0
33995,0,0,0,0,0,0
3243370,0,0,0,0,0,0
3404117,0,0,0,0,0,0
83265,26.02305296,0,0,0,0,0
2975972,0,0,0,0,0,0
29485,58.9855867,0,0,0,0,0
1652545,0,0,0,0,0,0
3048622,0,0,0,0,0,0
68274,22.55331256,0,0,0,0,0
53522,16.48126687,0,0,0,0,0
2986947,0,0,0,0,0,0
400770,13.01152648,0,0,0,0,0
152260,13.87896158,0,0,0,0,0
372663,0,0,0,0,0,0
2831894,79.80402906,0,0,0,0,0
2937433,0,0,0,0,0,0
3079556,0,0,0,0,0,0
2726989,55.5158463,0,0,0,0,0
2738867,23.42074766,0,139.490353,0,0,0
785,83.27376946,0,0,0,0,0
3378087,0,0,0,0,0,0
1606,111.0316926,0,0,0,0,0
1027966,18.21613707,0,0,0,0,0
2949093,0,0,0,0,0,0
2057800,40.76944963,0,0,0,0,0
1004901,0,0,0,0,0,0
2979324,0,0,0,0,0,0
3388313,34.69740394,0,0,0,0,0
2499144,0,0,0,0,0,0
2508307,0,0,0,0,0,0
163011,78.06915887,0,0,0,0,0
568869,30.36022845,0,0,0,0,0
1751046,23.42074766,0,0,0,0,0
1968775,26.02305296,0,0,0,0,0
2806262,0,0,0,0,0,0
3384452,0,0,0,0,0,0
49118,42.50431983,0,0,0,0,0
3052810,18.21613707,0,0,0,0,0
2931976,0,0,0,0,0,0
948,74.59941847,0,0,0,0,0
2614538,53.78097611,0,0,0,0,0
2752475,42.50431983,0,0,0,0,0
47854,0,0,0,0,0,0
2975712,9.541786084,0,0,0,0,0
1720083,8.674350985,0,0,0,0,0
1049,0,0,0,0,0,0
108010,0,0,0,0,0,0
2052484,42.50431983,0,0,0,0,0
2420509,0,0,0,0,0,0
447217,0,0,0,0,0,0
2003121,54.64841121,0,0,0,0,0
1400865,13.87896158,0,69.74517649,0,0,0
55208,14.74639667,0,0,0,0,0
46677,54.64841121,0,0,0,0,0
518,0,0,0,0,0,0
2714934,0,0,0,0,0,0
2304190,0,0,76.08564708,0,0,0
3417757,61.58789199,0,0,0,0,0
81479,13.87896158,0,0,0,0,0
2498704,35.56483904,0,0,0,0,0
2789425,0,0,0,0,0,0
2683193,92.81555554,0,0,0,0,0
436397,0,0,0,0,0,0
1736306,0,0,82.42611767,0,0,0
3133304,0,0,0,0,0,0
3177515,0,0,0,0,0,0
2798804,24.28818276,0,0,0,0,0
2917691,19.08357217,0,101.4475294,0,0,0
1891094,30.36022845,0,82.42611767,0,0,0
2955235,0,0,0,0,0,0
2871820,0,0,0,0,0,0
2864205,0,0,0,0,0,0
3433152,0,0,0,0,0,0
2975783,0,0,0,0,0,0
3066314,23.42074766,0,0,0,0,0
2591145,0,0,0,0,0,0
2867014,40.76944963,0,0,0,0,0
3110772,0,0,0,0,0,0
3064529,11.27665628,0,0,0,0,0
2005885,26.89048805,0,0,0,0,0
2975991,11.27665628,0,0,0,0,0
412963,13.01152648,0,0,0,0,0
187880,0,0,0,0,0,0
2067960,0,0,0,0,0,0
3457761,0,0,0,0,0,0
2740185,0,0,0,0,0,0
3240070,17.34870197,0,0,0,0,0
2752515,0,0,95.10705885,0,0,0
2173853,22.55331256,0,0,0,0,0
2692125,0,0,0,0,0,0
2975784,39.90201453,0,0,0,0,0
3015152,23.42074766,0,0,0,0,0
3426242,26.02305296,0,0,0,0,0
87791,212.5215991,0,0,0,0,0
3078441,9.541786084,0,0,0,0,0
3239995,19.95100727,0,0,0,0,0
3075430,0,0,0,0,0,0
1331682,0,0,0,0,0,0
2282738,24.28818276,0,0,0,0,0
256821,0,0,0,0,0,0
2903835,12.14409138,0,0,0,0,0
2758724,0,0,0,0,0,0
3141462,211.654164,0,0,0,0,0
2716226,42.50431983,0,0,0,0,0
2962047,0,0,0,0,0,0
686309,22.55331256,0,0,0,0,0
77125,11.27665628,0,0,0,0,0
2795387,20.81844236,0,0,0,0,0
3377529,36.43227414,0,0,0,0,0
165096,41.63688473,0,0,0,0,0
2493093,0,0,0,0,0,0
3026161,0,0,0,0,0,0
117567,0,0,0,0,0,0
2668067,26.89048805,0,0,0,0,0
2907343,16.48126687,0,82.42611767,0,0,0
3410987,110.1642575,0,0,0,0,0
6035,86.74350985,0,0,0,0,0
322095,20.81844236,0,0,0,0,0
136996,0,0,0,0,0,0
3015167,0,0,0,0,0,0
2973977,44.23919002,0,0,0,0,0
1842537,52.04610591,0,0,0,0,0
3020906,0,0,0,0,0,0
3153928,10.40922118,0,0,0,0,0
2498452,11.27665628,0,0,0,0,0
3133302,0,0,0,0,0,0
1735038,20.81844236,0,0,0,0,0
2589074,0,0,0,0,0,0
1628392,42.50431983,0,0,0,0,0
2028345,26.02305296,0,0,0,0,0
483545,93.68299064,0,0,0,0,0
2849093,41.63688473,0,0,0,0,0
3019889,92.81555554,0,0,0,0,0
2704468,0,0,0,0,0,0
3133976,38.16714433,0,171.1927059,0,0,0
1331258,0,0,0,0,0,0
676208,35.56483904,0,0,0,0,0
2842355,132.7175701,0,0,0,0,0
2982615,18.21613707,0,0,0,0,0
2903885,0,0,0,0,0,0
2952525,12.14409138,0,0,0,0,0
76021,0,0,126.8094118,0,0,0
2918527,0,0,0,0,0,0
2864211,45.10662512,0,0,0,0,0
2751170,0,0,0,0,0,0
2996004,0,0,0,0,0,0
2202000,18.21613707,0,0,0,0,0
1962974,0,0,0,0,0,0
1860122,25.15561786,0,0,0,0,0
3428176,0,0,0,0,0,0
2762323,44.23919002,0,0,0,0,0
2576928,0,0,0,0,0,0
59748,16.48126687,0,0,0,0,0
33992,0,0,0,0,0,0
1612435,13.87896158,0,0,0,0,0
3080983,0,0,0,0,0,0
1842532,31.22766355,0,0,0,0,0
2587846,0,0,0,0,0,0
3084920,0,0,0,0,0,0
2820884,26.89048805,0,0,0,0,0
3342249,37.29970924,0,0,0,0,0
39688,21.68587746,0,0,0,0,0
2654189,0,0,0,0,0,0
2898,33.82996884,0,0,0,0,0
2486855,9.541786084,0,0,0,0,0
227318,0,0,0,0,0,0
28117,22.55331256,0,0,0,0,0
3240912,25.15561786,0,0,0,0,0
1046114,0,0,0,0,0,0
546114,12.14409138,0,0,0,0,0
3404063,0,0,0,0,0,0
2975702,15.61383177,0,0,0,0,0
3120264,65.92506749,0,0,0,0,0
2975934,206.4495534,0,0,0,0,0
3158143,0,0,0,0,0,0
2949090,0,0,0,0,0,0
2708079,9.541786084,0,101.4475294,0,0,0
3394234,94.55042574,0,0,0,0,0
3229851,68.52737278,0,0,0,0,0
76853,125.7780893,0,0,0,0,0
797277,0,0,0,0,0,0
1867408,0,0,0,0,0,0
2567881,0,0,0,0,0,0
604088,0,0,0,0,0,0
2975756,0,0,0,0,0,0
76731,0,0,0,0,0,0
3095075,0,0,0,0,0,0
46189,22.55331256,0,0,0,0,0
1911587,81.53889926,0,0,0,0,0
2903889,205.5821183,0,0,0,0,0
2816956,16.48126687,0,0,0,0,0
1582356,0,0,0,0,0,0
3078264,0,0,0,0,0,0
2674991,8.674350985,0,0,0,0,0
2756133,0,0,0,0,0,0
1175444,177.8241952,0,0,0,0,0
67367,0,0,95.10705885,0,0,0
3060047,0,0,0,0,0,0
329,0,0,0,0,0,0
1703340,10.40922118,0,0,0,0,0
3350175,0,0,0,0,0,0
1561005,86.74350985,0,0,0,0,0
1961713,53.78097611,0,0,0,0,0
3003272,0,0,0,0,0,0
637971,110.1642575,0,0,0,0,0
569860,0,0,0,0,0,0
302484,13.87896158,0,0,0,0,0
2845508,202.9798131,0,0,0,0,0
2762325,26.89048805,0,0,0,0,0
332657,30.36022845,0,0,0,0,0
92947,0,0,0,0,0,0
712471,59.8530218,0,0,0,0,0
1907662,32.96253374,0,0,0,0,0
3034025,0,0,0,0,0,0
2921437,0,0,0,0,0,0
1249101,12.14409138,0,0,0,0,0
2020377,0,0,0,0,0,0
3344656,19.08357217,0,0,0,0,0
2811423,10.40922118,0,0,0,0,0
2766701,39.03457943,0,0,0,0,0
284035,0,0,0,0,0,0
3108391,0,0,0,0,0,0
190721,10.40922118,0,0,0,0,0
400065,18.21613707,0,0,0,0,0
1906741,0,0,0,0,0,0
1434191,0,0,0,0,0,0
2714944,0,0,0,0,0,0
68334,0,0,0,0,0,0
3415675,0,0,0,0,0,0
2975752,0,0,0,0,0,0
2603206,0,0,0,0,0,0
3131937,47.70893042,0,0,0,0,0
3092262,0,0,133.1498824,0,0,0
3136632,0,0,0,0,0,0
1736226,0,0,0,0,0,0
203192,34.69740394,0,0,0,0,0
3064286,14.74639667,0,0,0,0,0
119206,32.09509864,0,0,0,0,0
2878152,78.93659396,0,0,0,0,0
1960,19.08357217,0,0,0,0,0
396595,0,0,0,0,0,0
2697043,30.36022845,0,0,0,0,0
3108543,0,0,0,0,0,0
2774933,0,0,0,0,0,0
2587843,0,0,0,0,0,0
1223565,0,0,0,0,0,0
3414029,24.28818276,0,0,0,0,0
3035454,0,0,0,0,0,0
3075605,0,0,0,0,0,0
340320,0,0,0,0,0,0
251749,17.34870197,0,0,0,0,0
2904523,14.74639667,0,0,0,0,0
404385,25.15561786,0,0,0,0,0
69964,0,0,0,0,0,0
3385967,39.03457943,0,0,0,0,0
3035275,0,0,0,0,0,0
3372854,0,0,0,0,0,0
3403079,0,0,0,0,0,0
1894,24.28818276,0,0,0,0,0
2968085,0,0,0,0,0,0
436515,25.15561786,0,0,0,0,0
2975728,12.14409138,0,0,0,0,0
2529381,56.3832814,0,0,0,0,0
2903665,19.08357217,0,0,0,0,0
363835,0,0,0,0,0,0
948107,20.81844236,0,0,0,0,0
2749991,57.2507165,0,0,0,0,0
2984338,27.75792315,0,0,0,0,0
2903583,19.08357217,0,0,0,0,0
3383502,0,0,0,0,0,0
93221,16.48126687,0,0,0,0,0
2814275,33.82996884,0,0,0,0,0
2954560,0,0,0,0,0,0
558541,52.04610591,0,0,0,0,0
3038927,0,0,0,0,0,0
2486273,0,0,0,0,0,0
2509614,0,0,0,0,0,0
2744515,28.62535825,0,0,0,0,0
2080742,0,0,0,0,0,0
3140381,0,0,0,0,0,0
200618,19.95100727,0,0,0,0,0
2675784,0,0,196.5545883,0,0,0
2886936,22.55331256,0,0,0,0,0
319707,27.75792315,0,0,0,0,0
81425,20.81844236,0,0,0,0,0
1527523,0,0,0,0,0,0
96773,0,0,0,0,0,0
2175655,0,0,0,0,0,0
3238625,71.12967808,0,0,0,0,0
1689,0,0,0,0,0,0
3153927,41.63688473,0,0,0,0,0
364197,0,0,0,0,0,0
1661,9.541786084,0,0,0,0,0
3065954,135.3198754,0,0,0,0,0
759620,52.91354101,0,0,0,0,0
2903837,0,0,0,0,0,0
3066282,0,0,0,0,0,0
1795631,10.40922118,0,0,0,0,0
198107,16.48126687,0,0,0,0,0
1609758,21.68587746,0,0,0,0,0
2778550,109.2968224,0,0,0,0,0
2795687,0,0,0,0,0,0
53444,39.03457943,0,0,0,0,0
2108470,0,0,0,0,0,0
684552,0,0,0,0,0,0
2721245,0,0,0,0,0,0
2609256,14.74639667,0,0,0,0,0
3139324,0,0,0,0,0,0
2778078,0,0,0,0,0,0
2953749,11.27665628,0,0,0,0,0
3429999,0,0,0,0,0,0
2903590,0,0,0,0,0,0
2903832,0,0,0,0,0,0
92407,34.69740394,0,0,0,0,0
2509458,28.62535825,0,0,0,0,0
3385496,12.14409138,0,0,0,0,0
121292,35.56483904,0,0,0,0,0
33888,0,0,158.5117647,0,0,0
2803858,0,0,0,0,0,0
2878153,24.28818276,0,0,0,0,0
3133308,0,0,0,0,0,0
2932773,0,0,0,0,0,0
2903667,0,0,0,0,0,0
3426342,0,0,0,0,0,0
232348,0,0,0,0,0,0
2853257,49.44380061,0,88.76658826,0,0,0
2775498,0,0,0,0,0,0
1225769,59.8530218,0,0,0,0,0
234612,0,0,0,0,0,0
399726,65.92506749,0,0,0,0,0
67287,19.08357217,0,0,0,0,0
3427843,31.22766355,0,0,0,0,0
2867238,0,0,0,0,0,0
3158264,0,0,0,0,0,0
3037654,137.0547456,0,0,0,0,0
3081651,0,0,0,0,0,0
2802577,46.84149532,0,0,0,0,0
353800,0,0,0,0,0,0
1708715,0,0,0,0,0,0
2991500,0,0,0,0,0,0
2741720,16.48126687,0,0,0,0,0
640205,18.21613707,0,0,0,0,0
621374,15.61383177,0,0,0,0,0
3394231,0,0,0,0,0,0
2847992,39.03457943,0,0,0,0,0
36861,26.02305296,0,0,0,0,0
1853278,39.03457943,0,0,0,0,0
257438,51.17867081,0,0,0,0,0
28894,10.40922118,0,0,0,0,0
2862869,0,0,0,0,0,0
2984530,15.61383177,0,0,0,0,0
1537274,26.89048805,0,0,0,0,0
1871022,0,0,190.2141177,0,0,0
2781599,35.56483904,0,0,0,0,0
2903585,0,0,0,0,0,0
1166323,9.541786084,0,0,0,0,0
357240,0,0,0,0,0,0
65958,0,0,0,0,0,0
3133333,19.08357217,0,0,0,0,0
1678028,0,0,0,0,0,0
2921652,0,0,0,0,0,0
3098669,36.43227414,0,0,0,0,0
3372850,0,0,0,0,0,0
1520670,0,0,0,0,0,0
2732364,0,0,0,0,0,0
3052209,10.40922118,0,0,0,0,0
1042156,26.02305296,0,0,0,0,0
3404056,39.03457943,0,0,0,0,0
47312,17.34870197,0,0,0,0,0
3273430,0,0,0,0,0,0
2213200,24.28818276,0,0,0,0,0
2975669,11.27665628,0,0,0,0,0
3434395,15.61383177,0,0,0,0,0
3401635,50.31123571,0,0,0,0,0
1226757,19.95100727,0,0,0,0,0
2203895,26.02305296,0,0,0,0,0
39695,21.68587746,0,0,0,0,0
494,71.12967808,0,0,0,0,0
1881016,0,0,0,0,0,0
169184,0,0,0,0,0,0
2041036,0,0,0,0,0,0
592378,11.27665628,0,0,0,0,0
2991496,0,0,0,0,0,0
2572921,21.68587746,0,0,0,0,0
2044467,40.76944963,0,107.788,0,0,0
2614639,0,0,0,0,0,0
748811,32.09509864,0,0,0,0,0
446660,12.14409138,0,0,0,0,0
2203210,0,0,0,0,0,0
3142975,0,0,0,0,0,0
1460244,0,0,0,0,0,0
2983233,15.61383177,0,0,0,0,0
1508419,0,0,0,0,0,0
317577,0,0,0,0,0,0
3075627,50.31123571,0,0,0,0,0
80868,0,0,0,0,0,0
2275,0,0,0,0,0,0
1940690,29.49279335,0,0,0,0,0
71997,9.541786084,0,0,0,0,0
138074,32.96253374,0,0,0,0,0
3108224,0,0,0,0,0,0
2975795,16.48126687,0,0,0,0,0
3093856,27.75792315,0,0,0,0,0
78398,0,0,0,0,0,0
1561023,75.46685357,0,0,0,0,0
2903900,0,0,0,0,0,0
3228804,0,0,0,0,0,0
1903694,36.43227414,0,0,0,0,0
1904944,0,0,0,0,0,0
2006,0,0,0,0,0,0
482462,38.16714433,0,0,0,0,0
92401,0,0,0,0,0,0
2509459,75.46685357,0,0,0,0,0
1836198,25.15561786,0,0,0,0,0
3103139,13.01152648,0,0,0,0,0
2203205,9.541786084,0,0,0,0,0
2072503,0,0,0,0,0,0
273528,0,146.3785936,0,0,0,0
1797,36.43227414,0,0,0,0,0
186189,14.74639667,0,0,0,0,0
11,0,0,0,0,0,0
1200300,0,0,0,0,0,0
1897060,0,0,0,0,0,0
2735434,24.28818276,0,0,0,0,0
2919506,0,0,0,0,0,0
3420380,21.68587746,0,0,0,0,0
1917158,0,0,0,0,0,0
3133319,31.22766355,0,0,0,0,0
3104013,28.62535825,0,0,0,0,0
1353277,0,0,0,0,0,0
3401633,0,0,0,0,0,0
2954742,14.74639667,0,0,0,0,0
2975699,0,0,0,0,0,0
3240029,12.14409138,0,0,0,0,0
2740817,18.21613707,0,0,0,0,0
146474,0,0,82.42611767,0,0,0
2672569,0,0,82.42611767,0,0,0
2071710,23.42074766,0,0,0,0,0
2654982,58.9855867,0,0,0,0,0
3094916,0,0,0,0,0,0
2587865,32.09509864,0,0,0,0,0
2717324,0,0,0,0,0,0
1288636,0,0,0,0,0,0
994696,0,0,0,0,0,0
129789,25.15561786,0,0,0,0,0
2866381,0,0,0,0,0,0
1436290,20.81844236,0,63.4047059,0,0,0
1938605,0,0,0,0,0,0
1761891,78.93659396,0,0,0,0,0
3377215,0,0,0,0,0,0
146939,0,0,0,0,0,0
182262,37.29970924,0,0,0,0,0
2782655,0,0,0,0,0,0
1273,69.39480788,0,0,0,0,0
3049086,0,0,0,0,0,0
3166650,0,0,0,0,0,0
3391399,0,0,0,0,0,0
2895480,0,0,0,0,0,0
2903778,0,0,0,0,0,0
2954526,13.87896158,0,0,0,0,0
3230979,40.76944963,0,0,0,0,0
2909588,0,0,0,0,0,0
142651,78.93659396,0,0,0,0,0
2979862,0,0,0,0,0,0
1902408,0,0,0,0,0,0
641491,0,0,0,0,0,0
242606,27.75792315,0,0,0,0,0
2081042,16.48126687,0,0,0,0,0
338565,39.03457943,0,0,0,0,0
3231487,0,0,0,0,0,0
1815583,11.27665628,0,0,0,0,0
2501295,0,0,0,0,0,0
2954084,10.40922118,0,0,0,0,0
2961596,19.95100727,0,0,0,0,0
2764705,0,0,88.76658826,0,0,0
3015151,0,0,0,0,0,0
3135255,25.15561786,0,0,0,0,0
3035470,0,0,0,0,0,0
2734149,0,0,0,0,0,0
3059961,0,0,0,0,0,0
1430326,12.14409138,0,0,0,0,0
3140788,13.87896158,0,0,0,0,0
1326,31.22766355,0,0,0,0,0
2751189,17.34870197,0,0,0,0,0
2880260,25.15561786,0,0,0,0,0
3239941,57.2507165,0,0,0,0,0
3056937,0,0,0,0,0,0
3239302,85.87607475,0,0,0,0,0
2879114,0,0,0,0,0,0
2576917,40.76944963,0,0,0,0,0
3430494,16.48126687,0,0,0,0,0
300560,0,0,0,0,0,0
1923149,14.74639667,0,0,0,0,0
2901142,134.4524403,0,0,0,0,0
1914525,10.40922118,0,0,0,0,0
1536771,0,0,0,0,0,0
2962676,0,0,0,0,0,0
323273,0,0,0,0,0,0
3133314,16.48126687,0,0,0,0,0
2728851,0,0,0,0,0,0
1421430,19.08357217,0,0,0,0,0
2895818,0,0,0,0,0,0
342942,53.78097611,0,0,0,0,0
1663209,10.40922118,0,0,0,0,0
3060193,19.95100727,0,0,0,0,0
2816950,0,0,0,0,0,0
3415223,0,0,0,0,0,0
2862331,0,0,0,0,0,0
2575361,20.81844236,0,0,0,0,0
2079536,0,0,0,0,0,0
2594007,179.5590654,0,0,0,0,0
2953746,30.36022845,0,0,0,0,0
2931399,0,0,0,0,0,0
2819238,0,0,0,0,0,0
2665642,0,0,0,0,0,0
1788,0,0,0,0,0,0
2929802,0,0,0,0,0,0
1914329,0,0,0,0,0,0
2774189,0,0,0,0,0,0
3376152,0,0,0,0,0,0
3141544,0,0,0,0,0,0
3392295,0,0,0,0,0,0
416213,64.19019729,0,0,0,0,0
64471,9.541786084,0,0,0,0,0
2801335,20.81844236,0,0,0,0,0
2935861,0,0,0,0,0,0
2925844,77.20172377,0,0,0,0,0
2938948,15.61383177,0,0,0,0,0
2490858,12.14409138,0,0,0,0,0
2660554,65.92506749,0,0,0,0,0
2883238,19.95100727,0,0,0,0,0
2983220,17.34870197,0,82.42611767,0,0,0
553981,19.08357217,0,0,0,0,0
322009,38.16714433,0,0,0,0,0
2072505,0,0,0,0,0,0
2562449,45.97406022,0,0,0,0,0
2072414,0,0,0,0,0,0
3241168,27.75792315,0,76.08564708,0,0,0
319970,0,0,0,0,0,0
3122375,25.15561786,0,0,0,0,0
3238627,0,0,0,0,0,0
3419766,9.541786084,0,0,0,0,0
1327037,0,0,0,0,0,0
206506,35.56483904,0,0,0,0,0
1872084,0,0,0,0,0,0
3060801,0,0,0,0,0,0
218936,0,0,0,0,0,0
2047767,0,0,0,0,0,0
2734128,25.15561786,0,0,0,0,0
3457764,16.48126687,0,0,0,0,0
1813880,0,0,0,0,0,0
90239,0,0,0,0,0,0
3133972,9.541786084,0,0,0,0,0
2975763,0,0,0,0,0,0
3243378,176.089325,0,0,0,0,0
68188,41.63688473,0,0,0,0,0
2320,0,0,0,0,0,0
1486246,17.34870197,0,0,0,0,0
2687299,28.62535825,0,0,0,0,0
3427737,0,0,0,0,0,0
2596916,0,0,0,0,0,0
2840183,0,0,0,0,0,0
2593973,0,0,0,0,0,0
3412035,43.37175493,0,0,0,0,0
458639,0,175.6543123,0,0,0,0
2806615,0,0,0,0,0,0
2944250,15.61383177,0,0,0,0,0
2843653,0,0,0,0,0,0
3138240,0,0,0,0,0,0
2976431,19.08357217,0,0,0,0,0
2781023,0,0,0,0,0,0
45362,38.16714433,0,0,0,0,0
2993564,0,0,0,0,0,0
3110111,21.68587746,0,0,0,0,0
3395915,64.19019729,0,0,0,0,0
530584,0,0,0,0,0,0
2975847,0,0,0,0,0,0
1603,41.63688473,0,0,0,0,0
2599641,36.43227414,0,0,0,0,0
2807631,50.31123571,0,0,0,0,0
117207,0,0,0,0,0,0
3016086,0,0,0,0,0,0
2761578,29.49279335,0,0,0,0,0
1751150,27.75792315,0,0,0,0,0
2601646,18.21613707,0,0,0,0,0
3118768,174.3544548,0,0,0,0,0
3416276,14.74639667,0,0,0,0,0
2995413,58.1181516,0,0,0,0,0
2048897,0,0,0,0,0,0
3024245,0,0,0,0,0,0
2857014,0,0,0,0,0,0
2108523,0,0,0,0,0,0
2774055,0,0,0,0,0,0
73098,0,0,0,0,0,0
2738410,0,0,0,0,0,0
3457578,13.87896158,0,0,0,0,0
665914,0,0,0,0,0,0
89065,15.61383177,0,0,0,0,0
2601575,122.3083489,0,0,0,0,0
3082547,0,0,0,0,0,0
2844071,0,0,0,0,0,0
1577685,0,146.3785936,0,0,0,0
2683234,30.36022845,0,0,0,0,0
1904616,0,0,0,0,0,0
2981134,0,0,0,0,0,0
1687,19.95100727,0,0,0,0,0
89154,8.674350985,0,0,0,0,0
2099693,39.03457943,0,0,0,0,0
2898152,13.87896158,0,0,0,0,0
1245526,0,0,0,0,0,0
2973072,26.02305296,0,0,0,0,0
706438,12.14409138,0,0,0,0,0
1930,0,0,0,0,0,0
3243030,30.36022845,0,0,0,0,0
3038642,21.68587746,0,0,0,0,0
2126321,71.99711318,0,0,0,0,0
3139142,0,0,0,0,0,0
67476,0,0,114.1284706,0,0,0
2815360,0,0,0,0,0,0
3151385,171.7521495,0,0,0,0,0
42817,0,0,0,0,0,0
2822761,8.674350985,0,0,0,0,0
3345111,0,0,0,0,0,0
1635171,23.42074766,0,0,0,0,0
1717,30.36022845,0,0,0,0,0
924,0,0,88.76658826,0,0,0
2662028,0,0,0,0,0,0
3133309,0,0,0,0,0,0
2071607,0,0,0,0,0,0
42197,0,0,0,0,0,0
2987533,0,0,0,0,0,0
57480,25.15561786,0,0,0,0,0
1433415,17.34870197,0,0,0,0,0
3031131,34.69740394,0,0,0,0,0
3344666,39.90201453,0,0,0,0,0
3239958,0,0,0,0,0,0
938289,21.68587746,0,63.4047059,0,0,0
3422227,14.74639667,0,0,0,0,0
2932247,0,0,0,0,0,0
3059038,0,0,0,0,0,0
2903678,0,0,0,0,0,0
2559597,100.6224714,0,0,0,0,0
2798799,45.97406022,0,0,0,0,0
3418717,22.55331256,0,0,0,0,0
320778,112.7665628,0,0,0,0,0
2954611,0,0,0,0,0,0
3436241,22.55331256,0,0,0,0,0
3238584,16.48126687,0,0,0,0,0
2070337,0,0,0,0,0,0
1320552,0,0,0,0,0,0
1868325,0,0,0,0,0,0
35814,0,0,0,0,0,0
3060418,0,0,0,0,0,0
1598147,14.74639667,0,0,0,0,0
2975689,0,0,0,0,0,0
2875706,13.01152648,0,0,0,0,0
2943498,0,0,0,0,0,0
2560484,21.68587746,0,0,0,0,0
31963,21.68587746,0,0,0,0,0
1771309,0,0,0,0,0,0
126734,22.55331256,0,0,0,0,0
2201998,0,0,0,0,0,0
379895,0,0,0,0,0,0
2508168,8.674350985,0,0,0,0,0
3052086,19.95100727,0,0,0,0,0
3047864,19.95100727,0,0,0,0,0
2773308,0,0,0,0,0,0
3092086,85.87607475,0,0,0,0,0
2792480,0,0,0,0,0,0
2681310,10.40922118,0,0,0,0,0
2861750,0,0,0,0,0,0
55395,0,0,0,0,0,0
2781024,0,0,0,0,0,0
110937,0,0,0,0,0,0
157783,52.91354101,0,0,0,0,0
2898795,115.3688681,0,0,0,0,0
3049070,10.40922118,0,0,0,0,0
2909249,0,0,0,0,0,0
627624,18.21613707,0,0,0,0,0
2949993,15.61383177,0,0,0,0,0
2742796,10.40922118,0,0,0,0,0
2780074,0,0,0,0,0,0
2070347,17.34870197,0,0,0,0,0
3032283,17.34870197,0,0,0,0,0
1712654,0,0,0,0,0,0
3426474,43.37175493,0,0,0,0,0
307249,28.62535825,0,0,0,0,0
418702,0,0,0,0,0,0
3142976,0,0,0,0,0,0
1469144,10.40922118,0,0,0,0,0
2871095,36.43227414,0,0,0,0,0
1166130,0,0,0,0,0,0
2184083,0,0,0,0,0,0
28232,0,0,0,0,0,0
419015,0,0,0,0,0,0
3431485,19.95100727,0,0,0,0,0
3399679,28.62535825,0,0,0,0,0
2846436,0,0,0,0,0,0
3419764,0,0,0,0,0,0
2203219,21.68587746,0,0,0,0,0
2975680,27.75792315,0,0,0,0,0
2161747,13.01152648,0,0,0,0,0
3153754,0,0,0,0,0,0
3137778,31.22766355,0,0,0,0,0
926,0,0,0,0,0,0
3077936,39.03457943,0,0,0,0,0
715471,0,0,0,0,0,0
58117,13.87896158,0,0,0,0,0
2774137,0,0,0,0,0,0
1331910,28.62535825,0,0,0,0,0
3108389,0,0,0,0,0,0
1283076,0,0,0,0,0,0
3034675,0,0,0,0,0,0
2419774,0,0,0,0,0,0
387092,103.2247767,0,0,0,0,0
2751177,0,0,0,0,0,0
163202,0,0,0,0,0,0
319947,12.14409138,0,0,0,0,0
3433755,79.80402906,0,0,0,0,0
2493670,58.9855867,0,0,0,0,0
671990,10.40922118,0,0,0,0,0
76123,16.48126687,0,0,0,0,0
2954082,0,0,107.788,0,0,0
2597701,17.34870197,0,0,0,0,0
3133322,17.34870197,0,0,0,0,0
3002640,0,0,0,0,0,0
2975736,0,0,0,0,0,0
3149228,0,0,0,0,0,0
2748080,12.14409138,0,0,0,0,0
69527,0,0,0,0,0,0
1515612,0,0,0,0,0,0
1543852,0,0,95.10705885,0,0,0
676200,142.2593562,0,0,0,0,0
1433513,0,0,0,0,0,0
2009266,0,0,0,0,0,0
2049881,15.61383177,0,0,0,0,0
2903713,0,0,0,0,0,0
215221,0,0,0,0,0,0
1643512,0,0,0,0,0,0
2871170,0,0,0,0,0,0
862751,0,0,0,0,0,0
2079575,9.541786084,0,0,0,0,0
2785124,0,0,0,0,0,0
3050267,0,0,0,0,0,0
42234,0,0,0,0,0,0
2974023,26.02305296,0,0,0,0,0
2294034,19.95100727,0,0,0,0,0
1765049,0,0,0,0,0,0
247333,0,0,0,0,0,0
2871694,10.40922118,0,0,0,0,0
1050174,0,0,0,0,0,0
3454628,26.02305296,0,0,0,0,0
3074379,30.36022845,0,0,0,0,0
3075432,21.68587746,0,0,0,0,0
3430368,0,0,0,0,0,0
2886940,0,0,0,0,0,0
1977088,0,0,0,0,0,0
1909290,0,0,0,0,0,0
3026192,0,0,0,0,0,0
2211211,47.70893042,0,0,0,0,0
2921562,0,0,0,0,0,0
1353138,0,0,0,0,0,0
2496836,0,0,0,0,0,0
1812480,0,0,0,0,0,0
3160841,20.81844236,0,0,0,0,0
261654,0,0,0,0,0,0
2729175,0,0,0,0,0,0
181486,0,0,0,0,0,0
1097,0,0,0,0,0,0
3350168,44.23919002,0,0,0,0,0
2483799,0,0,0,0,0,0
3388266,0,0,0,0,0,0
2099695,0,0,0,0,0,0
3098762,0,0,0,0,0,0
68200,0,0,0,0,0,0
2590884,41.63688473,0,0,0,0,0
110505,8.674350985,0,0,0,0,0
3133299,0,0,0,0,0,0
2725560,28.62535825,0,0,0,0,0
2560029,0,0,0,0,0,0
1920114,0,0,0,0,0,0
3034029,13.87896158,0,0,0,0,0
3074854,22.55331256,0,0,0,0,0
46351,10.40922118,0,0,0,0,0
2886375,0,0,0,0,0,0
1848580,0,0,0,0,0,0
2602070,15.61383177,0,0,0,0,0
2059884,15.61383177,0,0,0,0,0
2290923,0,0,0,0,0,0
671211,52.91354101,0,0,0,0,0
220752,0,0,0,0,0,0
44449,159.6080581,0,0,0,0,0
2940488,42.50431983,0,0,0,0,0
3139409,10.40922118,0,0,0,0,0
3157631,0,0,0,0,0,0
2817969,120.5734787,0,0,0,0,0
1810,10.40922118,0,0,0,0,0
1444770,73.73198337,0,0,0,0,0
3081201,26.89048805,0,0,0,0,0
2903752,0,0,0,0,0,0
187878,20.81844236,0,0,0,0,0
2070369,0,0,0,0,0,0
1471761,19.95100727,0,0,0,0,0
1802984,26.89048805,0,0,0,0,0
3241601,13.01152648,0,0,0,0,0
131568,0,0,0,0,0,0
3414159,0,0,0,0,0,0
2927980,0,0,0,0,0,0
2903748,0,0,0,0,0,0
3041435,19.08357217,0,0,0,0,0
3238629,40.76944963,0,0,0,0,0
2772253,0,0,0,0,0,0
1131707,67.65993768,0,0,0,0,0
67780,0,0,0,0,0,0
43769,11.27665628,0,0,0,0,0
2932248,25.15561786,0,0,0,0,0
2782168,0,0,0,0,0,0
1457,45.10662512,0,0,0,0,0
3033811,10.40922118,0,0,0,0,0
502682,0,0,0,0,0,0
3028319,0,0,0,0,0,0
2819619,0,0,0,0,0,0
3428560,27.75792315,0,0,0,0,0
2903776,157.8731879,0,0,0,0,0
2730915,0,0,0,0,0,0
68223,0,0,0,0,0,0
2731096,0,0,0,0,0,0
2978047,0,0,0,0,0,0
161899,19.08357217,0,0,0,0,0
249586,0,0,0,0,0,0
3446364,106.6945171,0,0,0,0,0
2589797,0,0,0,0,0,0
2785627,0,0,0,0,0,0
3404058,0,0,0,0,0,0
2934161,0,0,0,0,0,0
96468,0,0,0,0,0,0
3059962,10.40922118,0,0,0,0,0
2662261,55.5158463,0,0,0,0,0
2846775,0,0,0,0,0,0
3062599,16.48126687,0,0,0,0,0
2975055,32.09509864,0,0,0,0,0
88058,45.10662512,0,0,0,0,0
2558361,15.61383177,0,0,0,0,0
2867013,0,0,0,0,0,0
3093845,13.01152648,0,0,0,0,0
298708,0,0,0,0,0,0
2908642,0,0,0,0,0,0
2903897,0,0,0,0,0,0
60706,21.68587746,0,0,0,0,0
3447018,0,0,0,0,0,0
2608402,0,0,0,0,0,0
2903627,0,0,0,0,0,0
200254,9.541786084,0,0,0,0,0
3131928,13.01152648,0,0,0,0,0
3135260,0,0,0,0,0,0
1324796,0,0,0,0,0,0
3376989,0,0,0,0,0,0
3411322,16.48126687,0,0,0,0,0
2601677,16.48126687,0,69.74517649,0,0,0
2975724,27.75792315,0,0,0,0,0
93929,75.46685357,0,0,0,0,0
28321,0,0,0,0,0,0
3243393,59.8530218,0,0,0,0,0
2774749,0,0,0,0,0,0
73044,0,0,0,0,0,0
2732249,11.27665628,0,0,0,0,0
2054641,23.42074766,0,0,0,0,0
2881056,0,0,0,0,0,0
2675774,0,0,0,0,0,0
1329899,0,0,0,0,0,0
2585118,73.73198337,0,0,0,0,0
3377113,0,0,0,0,0,0
651666,27.75792315,0,0,0,0,0
2975918,24.28818276,0,0,0,0,0
265175,26.02305296,0,0,0,0,0
2815720,0,0,0,0,0,0
3372855,0,0,0,0,0,0
577492,36.43227414,0,0,0,0,0
3004109,74.59941847,0,0,0,0,0
2495594,24.28818276,0,0,0,0,0
2654547,0,0,0,0,0,0
2903802,0,0,0,0,0,0
2804761,0,0,0,0,0,0
2975962,0,0,0,0,0,0
2986279,0,0,0,0,0,0
1487865,0,0,0,0,0,0
904291,0,0,0,0,0,0
3026433,34.69740394,0,69.74517649,0,0,0
3448653,0,0,0,0,0,0
2903596,45.10662512,0,0,0,0,0
2997793,153.5360124,0,0,0,0,0
2932244,0,0,0,0,0,0
1211322,34.69740394,0,0,0,0,0
2847989,56.3832814,0,0,0,0,0
3041175,0,0,0,0,0,0
2817409,0,0,0,0,0,0
3127706,22.55331256,0,0,0,0,0
2714943,0,0,0,0,0,0
1793,0,0,0,0,0,0
2712970,0,0,0,0,0,0
1842533,14.74639667,0,0,0,0,0
158787,0,0,0,0,0,0
2493679,0,0,0,0,0,0
2830667,0,0,0,0,0,0
2903588,0,0,0,0,0,0
1309411,0,0,0,0,0,0
2903655,152.6685773,0,0,0,0,0
2979868,25.15561786,0,0,0,0,0
3374554,44.23919002,0,0,0,0,0
2975997,16.48126687,0,0,0,0,0
3067275,18.21613707,0,0,0,0,0
2733487,35.56483904,0,0,0,0,0
2929512,48.57636552,0,0,0,0,0
2725477,16.48126687,0,0,0,0,0
2929489,117.9711734,0,0,0,0,0
1952,0,0,0,0,0,0
248026,0,0,0,0,0,0
3156398,0,0,0,0,0,0
2733985,0,0,0,0,0,0
84112,39.03457943,0,0,0,0,0
1968541,0,0,0,0,0,0
564369,0,0,0,0,0,0
1216886,29.49279335,0,0,0,0,0
3095341,39.90201453,0,0,0,0,0
2903844,29.49279335,0,0,0,0,0
2020486,20.81844236,0,0,0,0,0
75692,8.674350985,0,0,0,0,0
388357,0,0,0,0,0,0
285558,0,0,0,0,0,0
2575374,0,0,0,0,0,0
2971235,18.21613707,0,0,0,0,0
2072936,36.43227414,0,0,0,0,0
3138181,0,0,0,0,0,0
3032579,17.34870197,0,0,0,0,0
1802,0,0,0,0,0,0
3033387,0,0,0,0,0,0
1871031,21.68587746,0,0,0,0,0
2904243,0,0,0,0,0,0
930,59.8530218,0,0,0,0,0
67305,87.61094495,0,0,0,0,0
104623,79.80402906,0,0,0,0,0
376490,52.91354101,0,0,0,0,0
2995141,59.8530218,0,0,0,0,0
1351702,0,0,0,0,0,0
1511895,0,0,0,0,0,0
3402865,26.02305296,0,0,0,0,0
3121290,0,0,0,0,0,0
38308,0,0,0,0,0,0
1842540,36.43227414,0,0,0,0,0
755307,83.27376946,0,0,0,0,0
2879116,0,0,0,0,0,0
2903884,0,0,0,0,0,0
2686094,32.09509864,0,0,0,0,0
2976011,13.01152648,0,0,0,0,0
113107,0,0,0,0,0,0
78543,19.08357217,0,0,0,0,0
3129111,0,0,0,0,0,0
2614638,54.64841121,0,0,0,0,0
2319844,26.02305296,0,0,0,0,0
3434346,0,0,0,0,0,0
2883126,0,0,0,0,0,0
2559073,0,0,0,0,0,0
37923,0,0,0,0,0,0
2903638,0,0,0,0,0,0
3048452,0,0,0,0,0,0
2867516,11.27665628,0,0,0,0,0
2961896,0,0,0,0,0,0
3238632,19.95100727,0,0,0,0,0
3025670,18.21613707,0,0,0,0,0
2934937,8.674350985,0,0,0,0,0
2609252,0,0,0,0,0,0
2975989,11.27665628,0,0,0,0,0
3240930,148.3314018,0,0,0,0,0
96472,29.49279335,0,0,0,0,0
2903558,0,0,0,0,0,0
150026,0,0,0,0,0,0
1334193,48.57636552,0,0,0,0,0
2775496,0,0,0,0,0,0
3367743,147.4639667,0,0,0,0,0
2932182,0,0,0,0,0,0
2202149,0,0,0,0,0,0
1196056,0,0,0,0,0,0
3137451,0,0,0,0,0,0
2968083,0,0,0,0,0,0
1809410,0,0,0,0,0,0
387343,12.14409138,0,0,0,0,0
722731,8.674350985,0,0,0,0,0
3066134,0,0,0,0,0,0
2964669,0,0,0,0,0,0
2751179,32.96253374,0,0,0,0,0
2954092,9.541786084,0,0,0,0,0
1852373,22.55331256,0,0,0,0,0
2976001,15.61383177,0,0,0,0,0
3046274,0,0,0,0,0,0
3059713,0,0,0,0,0,0
2903772,32.09509864,0,0,0,0,0
2604537,0,0,0,0,0,0
53952,0,0,0,0,0,0
3142973,14.74639667,0,0,0,0,0
3095076,0,0,0,0,0,0
2975930,0,0,0,0,0,0
2823902,0,0,0,0,0,0
1573676,72.86454827,0,0,0,0,0
1316412,83.27376946,0,0,0,0,0
576926,27.75792315,0,0,0,0,0
414996,0,0,0,0,0,0
1974213,22.55331256,0,0,0,0,0
3081231,11.27665628,0,0,0,0,0
246273,69.39480788,0,0,0,0,0
2806989,145.7290965,0,0,0,0,0
1972134,0,0,0,0,0,0
2831967,0,0,0,0,0,0
2738125,0,0,0,0,0,0
3034022,0,0,0,0,0,0
3041497,0,0,0,0,0,0
3141789,86.74350985,0,0,0,0,0
3074108,45.10662512,0,0,0,0,0
709879,0,0,0,0,0,0
1871034,19.08357217,0,0,0,0,0
1407499,0,0,0,0,0,0
2026239,0,0,0,0,0,0
3019968,0,0,0,0,0,0
747656,18.21613707,0,0,0,0,0
3149179,10.40922118,0,0,0,0,0
1697,8.674350985,0,0,0,0,0
3415006,0,0,0,0,0,0
3160839,46.84149532,0,0,0,0,0
395598,67.65993768,0,0,0,0,0
2921504,45.97406022,0,0,0,0,0
2954607,143.9942264,0,0,0,0,0
2749078,15.61383177,0,0,0,0,0
2867236,0,0,0,0,0,0
3030830,14.74639667,0,0,0,0,0
2903865,28.62535825,0,0,0,0,0
3231270,13.87896158,0,0,0,0,0
47857,0,0,0,0,0,0
2903639,28.62535825,0,0,0,0,0
145458,13.01152648,0,0,0,0,0
3035476,51.17867081,0,0,0,0,0
3344550,28.62535825,0,0,0,0,0
2904123,143.1267913,0,0,0,0,0
1282863,0,0,0,0,0,0
2907241,0,0,0,0,0,0
2726185,26.89048805,0,0,0,0,0
3143496,65.92506749,0,0,0,0,0
3068634,0,0,0,0,0,0
85701,65.05763239,0,0,0,0,0
2856555,0,0,0,0,0,0
556325,18.21613707,0,0,0,0,0
2293838,0,0,0,0,0,0
1144307,0,0,0,0,0,0
3238303,0,0,0,0,0,0
58135,0,0,0,0,0,0
29571,45.97406022,0,0,0,0,0
2903599,39.03457943,0,0,0,0,0
392610,57.2507165,0,0,0,0,0
2781978,0,0,0,0,0,0
2053611,25.15561786,0,0,0,0,0
2541726,20.81844236,0,0,0,0,0
321846,0,0,0,0,0,0
2903755,0,0,0,0,0,0
2105,66.79250258,0,0,0,0,0
2954686,46.84149532,0,95.10705885,0,0,0
47493,32.96253374,0,0,0,0,0
2975740,0,0,0,0,0,0
3369522,0,0,0,0,0,0
3034028,0,0,0,0,0,0
2975996,11.27665628,0,0,0,0,0
651822,0,0,0,0,0,0
2975640,141.3919211,0,0,0,0,0
1179673,18.21613707,0,0,0,0,0
2290922,0,0,0,0,0,0
42256,0,0,0,0,0,0
229731,17.34870197,0,0,0,0,0
2996785,0,0,0,0,0,0
3438232,0,0,0,0,0,0
2969247,0,0,0,0,0,0
59750,0,0,0,0,0,0
2954685,34.69740394,0,0,0,0,0
2991074,0,0,0,0,0,0
111015,0,0,0,0,0,0
2709690,31.22766355,0,0,0,0,0
2891210,0,0,0,0,0,0
2822368,0,0,0,0,0,0
2866810,52.91354101,0,0,0,0,0
33903,0,0,0,0,0,0
1938604,0,0,0,0,0,0
1007105,0,0,0,0,0,0
2771436,0,0,0,0,0,0
2845949,0,0,0,0,0,0
3066305,0,0,0,0,0,0
1736691,15.61383177,0,0,0,0,0
2861284,17.34870197,0,0,0,0,0
3048607,10.40922118,0,0,0,0,0
3376142,0,0,0,0,0,0
571913,9.541786084,0,0,0,0,0
2704467,0,0,0,0,0,0
1920763,0,0,0,0,0,0
161895,0,0,0,0,0,0
2844309,0,0,0,0,0,0
2921648,0,0,139.490353,0,0,0
86170,13.01152648,0,0,0,0,0
1759059,13.01152648,0,0,0,0,0
3066278,10.40922118,0,0,0,0,0
2695266,0,0,0,0,0,0
333966,0,0,0,0,0,0
2763498,23.42074766,0,0,0,0,0
3160842,0,0,95.10705885,0,0,0
1658671,0,0,0,0,0,0
626937,31.22766355,0,0,0,0,0
2045452,0,0,0,0,0,0
1658672,0,0,0,0,0,0
1133546,0,0,0,0,0,0
308754,0,0,0,0,0,0
1072463,22.55331256,0,0,0,0,0
915,137.9221807,0,0,0,0,0
3066224,0,0,0,0,0,0
2774015,78.06915887,0,0,0,0,0
2929494,0,0,0,0,0,0
3402691,8.674350985,0,0,0,0,0
887464,0,0,0,0,0,0
2874628,44.23919002,0,0,0,0,0
3115647,36.43227414,0,0,0,0,0
2975804,0,0,0,0,0,0
2615214,20.81844236,0,0,0,0,0
1705310,0,0,0,0,0,0
2921378,0,0,0,0,0,0
2975749,22.55331256,0,0,0,0,0
536018,0,0,0,0,0,0
2749844,0,0,0,0,0,0
2594473,15.61383177,0,0,0,0,0
1379270,20.81844236,0,0,0,0,0
316277,41.63688473,0,0,0,0,0
933080,9.541786084,0,0,0,0,0
296544,0,0,0,0,0,0
766224,58.9855867,0,0,0,0,0
2921610,32.96253374,0,0,0,0,0
2979468,0,0,0,0,0,0
2903593,0,0,0,0,0,0
3050258,63.32276219,0,0,0,0,0
2567884,0,0,0,0,0,0
3139326,102.3573416,0,0,0,0,0
2664893,0,0,0,0,0,0
1542730,0,0,0,0,0,0
1653476,62.45532709,0,0,0,0,0
3436238,136.1873105,0,0,0,0,0
475088,37.29970924,0,0,0,0,0
68219,0,0,0,0,0,0
1851514,13.01152648,0,0,0,0,0
131110,0,0,0,0,0,0
1605721,14.74639667,0,0,0,0,0
3063951,0,0,0,0,0,0
80869,16.48126687,0,0,0,0,0
2267833,0,0,0,0,0,0
585455,0,0,0,0,0,0
2497325,8.674350985,0,0,0,0,0
2661583,0,0,0,0,0,0
2590774,13.87896158,0,0,0,0,0
3081204,0,0,0,0,0,0
55148,0,0,0,0,0,0
36813,0,0,0,0,0,0
3077916,135.3198754,0,0,0,0,0
1921001,29.49279335,0,0,0,0,0
516702,0,0,0,0,0,0
3028808,15.61383177,0,0,0,0,0
3133326,66.79250258,0,0,0,0,0
2876939,0,0,0,0,0,0
2730359,0,0,0,0,0,0
2675218,0,0,0,0,0,0
305719,42.50431983,0,0,0,0,0
2903674,0,0,0,0,0,0
2767222,27.75792315,0,0,0,0,0
33922,19.08357217,0,0,0,0,0
2804917,0,0,0,0,0,0
3115209,0,0,0,0,0,0
37921,30.36022845,0,0,0,0,0
2759943,0,0,0,0,0,0
3136634,22.55331256,0,0,0,0,0
213419,0,0,0,0,0,0
2886361,0,0,0,0,0,0
2913502,0,0,0,0,0,0
2903705,0,0,0,0,0,0
2789739,13.87896158,0,0,0,0,0
2987751,34.69740394,0,0,0,0,0
2921639,45.97406022,0,0,0,0,0
2224,17.34870197,0,0,0,0,0
3051832,0,0,0,0,0,0
1781,0,0,0,0,0,0
511062,20.81844236,0,0,0,0,0
2997335,0,0,0,0,0,0
3114367,9.541786084,0,0,0,0,0
3136561,13.87896158,0,0,0,0,0
3141461,9.541786084,0,0,0,0,0
1933044,63.32276219,0,0,0,0,0
2995142,27.75792315,0,0,0,0,0
1884904,0,0,0,0,0,0
3127120,0,0,0,0,0,0
2893890,0,0,0,0,0,0
2478662,0,0,0,0,0,0
1479019,0,0,0,0,0,0
3228751,0,0,0,0,0,0
3445768,0,0,0,0,0,0
3133323,0,0,0,0,0,0
1678237,13.01152648,0,0,0,0,0
379893,11.27665628,0,0,0,0,0
1805840,19.08357217,0,0,0,0,0
2918899,0,0,0,0,0,0
169669,0,0,0,0,0,0
2364649,0,0,0,0,0,0
869889,0,0,0,0,0,0
267212,132.7175701,0,0,0,0,0
860353,30.36022845,0,0,0,0,0
3401630,81.53889926,0,0,0,0,0
2480810,0,0,0,0,0,0
40989,0,0,0,0,0,0
56957,14.74639667,0,0,0,0,0
2956797,19.08357217,0,0,0,0,0
3342488,0,0,0,0,0,0
32062,0,0,0,0,0,0
274537,0,0,0,0,0,0
2599293,21.68587746,0,0,0,0,0
2558918,0,0,0,0,0,0
3066321,0,0,0,0,0,0
1457141,0,0,0,0,0,0
2964670,0,0,0,0,0,0
3093862,0,0,0,0,0,0
3110288,92.81555554,0,0,0,0,0
2975999,0,0,0,0,0,0
3066322,57.2507165,0,0,0,0,0
1431246,0,0,0,0,0,0
3082544,55.5158463,0,0,0,0,0
1793872,0,0,0,0,0,0
3023370,15.61383177,0,0,0,0,0
3349631,13.01152648,0,0,0,0,0
2054919,14.74639667,0,0,0,0,0
468916,12.14409138,0,0,0,0,0
578923,0,0,0,0,0,0
2968084,0,0,0,0,0,0
2576922,12.14409138,0,0,0,0,0
176292,32.96253374,0,0,0,0,0
110163,0,0,0,0,0,0
59406,0,0,0,0,0,0
441500,0,0,0,0,0,0
33889,0,0,0,0,0,0
3048606,17.34870197,0,0,0,0,0
392593,11.27665628,0,0,0,0,0
3239957,0,0,0,0,0,0
2904129,0,0,0,0,0,0
2949307,0,0,0,0,0,0
574964,13.01152648,0,0,0,0,0
2021971,15.61383177,0,0,0,0,0
2954703,130.1152648,0,0,0,0,0
3050197,0,0,0,0,0,0
39694,0,0,0,0,0,0
29542,27.75792315,0,0,0,0,0
1930764,62.45532709,0,0,0,0,0
3061627,0,0,0,0,0,0
2975992,0,0,0,0,0,0
1136941,25.15561786,0,0,0,0,0
3049072,0,0,0,0,0,0
2732594,72.86454827,0,0,0,0,0
3436237,23.42074766,0,0,0,0,0
2902623,36.43227414,0,0,0,0,0
3447510,0,0,0,0,0,0
2730360,0,0,0,0,0,0
266061,0,0,0,0,0,0
3463359,55.5158463,0,0,0,0,0
1364945,58.1181516,0,0,0,0,0
3034023,0,0,0,0,0,0
208439,0,0,0,0,0,0
1508644,0,0,0,0,0,0
3004105,0,0,0,0,0,0
2760308,0,0,0,0,0,0
2759167,0,0,0,0,0,0
3093660,0,0,0,0,0,0
3016419,0,0,0,0,0,0
1242174,0,0,0,0,0,0
2975946,0,0,0,0,0,0
2840373,0,0,0,0,0,0
2903762,0,0,0,0,0,0
2749086,0,0,0,0,0,0
1711,0,0,0,0,0,0
3231492,17.34870197,0,0,0,0,0
3238633,0,0,0,0,0,0
2742639,0,0,0,0,0,0
2773299,17.34870197,0,0,0,0,0
2930198,60.7204569,0,0,0,0,0
2654191,0,0,0,0,0,0
1765219,0,0,0,0,0,0
2707299,11.27665628,0,0,0,0,0
1229,46.84149532,0,0,0,0,0
83984,0,0,0,0,0,0
2903671,0,0,0,0,0,0
3396310,0,0,0,0,0,0
45065,26.89048805,0,0,0,0,0
3133695,0,0,0,0,0,0
3097255,0,0,0,0,0,0
1356852,0,0,0,0,0,0
2975993,0,0,0,0,0,0
576784,9.541786084,0,0,0,0,0
3025315,0,0,0,0,0,0
1072256,36.43227414,0,0,0,0,0
67296,0,0,0,0,0,0
269261,59.8530218,0,0,0,0,0
59932,0,0,0,0,0,0
1050,20.81844236,0,0,0,0,0
2487929,10.40922118,0,82.42611767,0,0,0
2976236,0,0,0,0,0,0
2975914,0,0,0,0,0,0
1938841,0,0,0,0,0,0
3394331,0,0,0,0,0,0
502821,15.61383177,0,0,0,0,0
2199,62.45532709,0,0,0,0,0
3025663,11.27665628,0,0,0,0,0
2023229,0,0,0,0,0,0
2927979,0,0,0,0,0,0
1550024,81.53889926,0,0,0,0,0
1920171,15.61383177,0,0,0,0,0
33887,0,0,0,0,0,0
3428192,0,0,0,0,0,0
3052626,0,0,0,0,0,0
2082386,0,0,0,0,0,0
351745,125.7780893,0,0,0,0,0
3157334,0,0,0,0,0,0
3234200,10.40922118,0,0,0,0,0
1287523,0,0,0,0,0,0
2565556,10.40922118,0,0,0,0,0
2961571,52.04610591,0,0,0,0,0
2502843,0,0,0,0,0,0
3033386,10.40922118,0,0,0,0,0
2866279,0,0,0,0,0,0
17,34.69740394,0,0,0,0,0
2975917,11.27665628,0,0,0,0,0
3404050,0,0,0,0,0,0
2880932,0,0,0,0,0,0
590652,17.34870197,0,0,0,0,0
3053610,0,0,0,0,0,0
3058602,0,0,0,0,0,0
2321394,81.53889926,0,0,0,0,0
3243021,64.19019729,0,0,0,0,0
3127701,30.36022845,0,0,0,0,0
2995658,16.48126687,0,0,0,0,0
84109,0,0,0,0,0,0
3066285,41.63688473,0,0,0,0,0
1794,0,0,0,0,0,0
2774834,0,0,0,0,0,0
1783348,0,0,0,0,0,0
36808,45.10662512,0,0,0,0,0
2734095,39.03457943,0,0,0,0,0
2816475,0,0,0,0,0,0
678601,0,0,0,0,0,0
2508880,0,0,0,0,0,0
3350177,0,0,0,0,0,0
2981135,0,0,0,0,0,0
2762748,0,0,0,0,0,0
1273541,13.87896158,0,82.42611767,0,0,0
3383024,0,0,0,0,0,0
320497,0,0,0,0,0,0
1856685,0,0,0,0,0,0
2742601,69.39480788,0,0,0,0,0
3383589,0,0,0,0,0,0
47920,0,0,0,0,0,0
2953657,0,0,0,0,0,0
1389922,0,0,0,0,0,0
2903895,0,0,0,0,0,0
2995143,0,0,0,0,0,0
60920,9.541786084,0,0,0,0,0
3028295,65.05763239,0,0,0,0,0
1223514,0,0,0,0,0,0
1404244,0,0,0,0,0,0
2662033,23.42074766,0,0,0,0,0
3023517,0,0,0,0,0,0
2975853,12.14409138,0,0,0,0,0
2719023,21.68587746,0,0,0,0,0
2903779,0,0,0,0,0,0
3411355,13.87896158,0,0,0,0,0
1335746,27.75792315,0,0,0,0,0
3243381,122.3083489,0,0,0,0,0
2986424,122.3083489,0,0,0,0,0
430531,122.3083489,0,0,0,0,0
2716717,0,0,0,0,0,0
2815936,24.28818276,0,0,0,0,0
2675793,78.06915887,0,0,0,0,0
3061626,0,0,0,0,0,0
1837283,18.21613707,0,0,0,0,0
2975674,0,0,0,0,0,0
3240774,0,0,0,0,0,0
2585135,17.34870197,0,0,0,0,0
3077925,0,0,0,0,0,0
3078084,0,0,0,0,0,0
709878,22.55331256,0,0,0,0,0
487173,22.55331256,0,0,0,0,0
1727196,0,0,0,0,0,0
2895565,0,0,0,0,0,0
3026425,121.4409138,0,0,0,0,0
2782568,19.08357217,0,0,0,0,0
54120,18.21613707,0,0,0,0,0
3038979,0,0,0,0,0,0
1218492,0,0,0,0,0,0
2983230,0,0,69.74517649,0,0,0
1866325,0,0,0,0,0,0
1506334,0,0,0,0,0,0
3238623,120.5734787,0,0,0,0,0
2382163,0,0,0,0,0,0
2591003,52.04610591,0,0,0,0,0
2675524,43.37175493,0,0,0,0,0
3404127,11.27665628,0,0,0,0,0
2170403,0,0,0,0,0,0
1050714,39.03457943,0,0,0,0,0
98671,23.42074766,0,0,0,0,0
3158173,11.27665628,0,0,0,0,0
2944128,0,0,0,0,0,0
3027808,12.14409138,0,0,0,0,0
1604335,0,0,0,0,0,0
3133294,0,0,0,0,0,0
2903834,0,0,0,0,0,0
1933904,39.03457943,0,0,0,0,0
35787,60.7204569,0,0,0,0,0
141349,11.27665628,0,0,0,0,0
266062,14.74639667,0,0,0,0,0
971279,13.87896158,0,0,0,0,0
1659192,0,0,0,0,0,0
2981139,0,0,0,0,0,0
3136601,29.49279335,0,0,0,0,0
1341,34.69740394,0,0,0,0,0
2972479,8.674350985,0,0,0,0,0
114880,87.61094495,0,0,0,0,0
2014537,29.49279335,0,0,0,0,0
3239976,12.14409138,0,0,0,0,0
1930058,0,0,0,0,0,0
875808,19.95100727,0,0,0,0,0
2975322,0,0,0,0,0,0
3135264,19.08357217,0,0,0,0,0
2954236,28.62535825,0,0,0,0,0
1442032,0,0,0,0,0,0
658666,117.9711734,0,0,0,0,0
1357074,0,0,0,0,0,0
1183413,0,0,0,0,0,0
2904252,9.541786084,0,0,0,0,0
2828286,20.81844236,0,0,0,0,0
2133959,52.91354101,0,0,0,0,0
2730847,24.28818276,0,0,0,0,0
3027225,0,0,0,0,0,0
3239420,0,0,0,0,0,0
1632772,24.28818276,0,0,0,0,0
38305,0,0,0,0,0,0
3409687,0,0,0,0,0,0
2956013,117.1037383,0,0,0,0,0
2903581,39.90201453,0,0,0,0,0
2320867,0,0,0,0,0,0
257758,37.29970924,0,0,0,0,0
2813744,0,0,0,0,0,0
69221,8.674350985,0,0,0,0,0
2856522,0,0,0,0,0,0
2975859,0,0,0,0,0,0
2774663,0,0,0,0,0,0
2692233,0,0,0,0,0,0
3142634,0,0,0,0,0,0
3108484,0,0,0,0,0,0
84025,76.33428867,0,0,0,0,0
3048365,0,0,0,0,0,0
56464,0,0,0,0,0,0
2953998,116.2363032,0,0,0,0,0
2485784,116.2363032,0,0,0,0,0
1737515,17.34870197,0,0,0,0,0
3062461,0,0,0,0,0,0
2921720,0,0,0,0,0,0
408015,0,0,0,0,0,0
2956579,0,0,0,0,0,0
3066248,41.63688473,0,0,0,0,0
1930532,0,0,76.08564708,0,0,0
2675219,51.17867081,0,0,0,0,0
1795630,0,0,0,0,0,0
2923366,30.36022845,0,0,0,0,0
3029274,69.39480788,0,0,0,0,0
3051218,17.34870197,0,0,0,0,0
2505977,0,0,0,0,0,0
3066139,115.3688681,0,0,0,0,0
2975800,115.3688681,0,0,0,0,0
3035280,115.3688681,0,0,0,0,0
1232427,19.08357217,0,0,0,0,0
2886821,0,0,0,0,0,0
1938353,0,0,0,0,0,0
545619,13.01152648,0,0,0,0,0
405,21.68587746,0,0,0,0,0
2903702,10.40922118,0,0,0,0,0
2781962,0,0,0,0,0,0
2903587,14.74639667,0,0,0,0,0
2911970,0,0,0,0,0,0
3432425,114.501433,0,0,0,0,0
2962632,0,0,0,0,0,0
3064284,0,0,0,0,0,0
2879107,58.9855867,0,0,0,0,0
3390729,0,0,0,0,0,0
2827099,0,0,0,0,0,0
2954613,0,0,114.1284706,0,0,0
2733571,53.78097611,0,0,0,0,0
2907242,0,0,0,0,0,0
1636610,0,0,0,0,0,0
293388,0,0,0,0,0,0
3003351,0,0,0,0,0,0
1778,35.56483904,0,0,0,0,0
3053466,0,0,0,0,0,0
3050324,0,0,0,0,0,0
2773266,19.08357217,0,0,0,0,0
2921673,113.6339979,0,0,0,0,0
3430559,87.61094495,0,0,0,0,0
2666185,0,0,0,0,0,0
2099694,0,0,0,0,0,0
3463856,34.69740394,0,0,0,0,0
1898738,0,0,0,0,0,0
2953753,17.34870197,0,0,0,0,0
51229,31.22766355,0,0,0,0,0
1632019,34.69740394,0,0,0,0,0
3028316,0,0,0,0,0,0
884684,112.7665628,0,0,0,0,0
2903560,55.5158463,0,0,0,0,0
169177,43.37175493,0,0,0,0,0
3133305,41.63688473,0,0,0,0,0
107445,47.70893042,0,0,0,0,0
3153752,19.95100727,0,0,0,0,0
2364647,32.96253374,0,0,0,0,0
3395917,0,0,0,0,0,0
2956255,29.49279335,0,82.42611767,0,0,0
3141540,111.8991277,0,0,0,0,0
2903830,0,0,0,0,0,0
2654193,32.09509864,0,0,0,0,0
2811788,0,0,0,0,0,0
2742133,0,0,0,0,0,0
3111325,0,0,0,0,0,0
2849039,11.27665628,0,0,0,0,0
1550733,23.42074766,0,0,0,0,0
1281578,52.91354101,0,0,0,0,0
3003271,20.81844236,0,0,0,0,0
2202254,0,0,0,0,0,0
161154,22.55331256,0,0,0,0,0
1789,23.42074766,0,0,0,0,0
246969,15.61383177,0,0,0,0,0
3140789,9.541786084,0,0,0,0,0
2962672,0,0,0,0,0,0
3243382,0,0,0,0,0,0
2844213,0,0,0,0,0,0
1089444,17.34870197,0,0,0,0,0
2998079,0,0,0,0,0,0
2571029,0,0,0,0,0,0
70856,0,0,0,0,0,0
1555112,0,0,0,0,0,0
1853276,23.42074766,0,0,0,0,0
2866382,32.96253374,0,0,0,0,0
3122055,0,0,0,0,0,0
2489213,32.96253374,0,0,0,0,0
574650,0,0,0,0,0,0
519081,0,0,0,0,0,0
261291,0,0,0,0,0,0
2734195,0,0,0,0,0,0
735,73.73198337,0,0,0,0,0
67348,13.87896158,0,0,0,0,0
2733654,0,0,0,0,0,0
2932250,23.42074766,0,0,0,0,0
3026420,0,0,0,0,0,0
253239,0,0,0,0,0,0
335476,0,0,0,0,0,0
2654192,0,0,0,0,0,0
3442642,0,0,0,0,0,0
3145017,0,0,0,0,0,0
3374555,0,0,0,0,0,0
3444503,0,0,0,0,0,0
29320,0,0,0,0,0,0
114528,0,0,0,0,0,0
67081,0,0,0,0,0,0
3038539,0,0,0,0,0,0
3388844,0,0,0,0,0,0
2955294,0,0,0,0,0,0
2864203,0,0,0,0,0,0
3242725,108.4293873,0,0,0,0,0
2072025,108.4293873,0,0,0,0,0
3053982,20.81844236,0,0,0,0,0
1274359,31.22766355,0,0,0,0,0
3406645,38.16714433,0,0,0,0,0
2878545,0,0,0,0,0,0
2975894,0,0,0,0,0,0
3135258,0,0,0,0,0,0
2083284,0,0,0,0,0,0
2716227,41.63688473,0,0,0,0,0
2993714,0,0,0,0,0,0
883811,0,0,0,0,0,0
2975986,9.541786084,0,0,0,0,0
3373610,26.89048805,0,0,0,0,0
498846,21.68587746,0,0,0,0,0
3047810,42.50431983,0,0,0,0,0
35789,107.5619522,0,0,0,0,0
2874282,107.5619522,0,0,0,0,0
47875,0,0,0,0,0,0
44010,31.22766355,0,0,0,0,0
2678518,20.81844236,0,0,0,0,0
2698828,23.42074766,0,0,0,0,0
2897774,14.74639667,0,0,0,0,0
499555,0,0,0,0,0,0
2809036,0,0,0,0,0,0
2903746,0,0,0,0,0,0
985052,45.10662512,0,0,0,0,0
2956010,106.6945171,0,0,0,0,0
2597659,30.36022845,0,0,0,0,0
2921361,0,0,0,0,0,0
560555,0,0,0,0,0,0
2599595,0,0,0,0,0,0
761804,0,0,0,0,0,0
2954079,39.90201453,0,0,0,0,0
3041098,0,0,0,0,0,0
3034358,39.90201453,0,0,0,0,0
512402,8.674350985,0,0,0,0,0
310037,16.48126687,0,0,0,0,0
3003265,0,0,0,0,0,0
367299,0,0,0,0,0,0
2505979,41.63688473,0,0,0,0,0
3392035,0,0,0,0,0,0
2681470,26.02305296,0,0,0,0,0
2903812,0,0,0,0,0,0
3404053,25.15561786,0,0,0,0,0
2562582,44.23919002,0,0,0,0,0
2954684,43.37175493,0,0,0,0,0
999183,0,0,0,0,0,0
2975976,27.75792315,0,0,0,0,0
3439061,65.92506749,0,0,0,0,0
3158172,53.78097611,0,0,0,0,0
1963862,50.31123571,0,0,0,0,0
1382,0,0,0,0,0,0
155194,11.27665628,0,0,0,0,0
925818,10.40922118,0,0,0,0,0
3149044,0,0,0,0,0,0
140098,0,0,0,0,0,0
3015150,0,0,0,0,0,0
47853,0,0,0,0,0,0
2903561,0,0,0,0,0,0
2067415,0,0,0,0,0,0
83559,36.43227414,0,0,0,0,0
2955861,0,0,0,0,0,0
571800,65.92506749,0,0,0,0,0
2675713,104.0922118,0,0,0,0,0
3243360,104.0922118,0,0,0,0,0
1390395,104.0922118,0,0,0,0,0
1768,0,0,0,0,0,0
1345,15.61383177,0,0,0,0,0
420953,64.19019729,0,0,0,0,0
3047866,0,0,0,0,0,0
2956308,0,0,0,0,0,0
3398213,0,0,0,0,0,0
10685,0,0,0,0,0,0
1664265,27.75792315,0,0,0,0,0
3433590,0,0,0,0,0,0
2880933,0,0,0,0,0,0
2782169,12.14409138,0,0,0,0,0
2842457,103.2247767,0,0,0,0,0
42237,0,0,0,0,0,0
2042057,73.73198337,0,0,0,0,0
249058,0,0,0,0,0,0
3243367,102.3573416,0,0,0,0,0
2903801,102.3573416,0,0,0,0,0
2811422,0,0,0,0,0,0
28128,0,0,0,0,0,0
283878,0,0,0,0,0,0
3032287,0,0,0,0,0,0
33883,0,0,0,0,0,0
2744520,0,0,0,0,0,0
1535208,0,0,0,0,0,0
3384787,0,0,0,0,0,0
1827742,0,0,0,0,0,0
1475485,28.62535825,0,0,0,0,0
132132,0,0,0,0,0,0
2989766,101.4899065,0,0,0,0,0
1843581,0,0,0,0,0,0
1871002,26.89048805,0,0,0,0,0
2925842,0,0,0,0,0,0
28264,28.62535825,0,0,0,0,0
1441723,0,0,0,0,0,0
2872648,19.08357217,0,0,0,0,0
3409688,0,0,0,0,0,0
2419771,0,0,0,0,0,0
3442646,0,0,0,0,0,0
2907545,33.82996884,0,0,0,0,0
1138587,0,0,0,0,0,0
2842345,0,0,0,0,0,0
225326,0,0,0,0,0,0
139208,0,0,0,0,0,0
235559,36.43227414,0,0,0,0,0
2955554,100.6224714,0,0,0,0,0
404941,0,0,0,0,0,0
2257,9.541786084,0,0,0,0,0
2940492,24.28818276,0,0,0,0,0
2853163,0,0,0,0,0,0
39122,0,0,0,0,0,0
1162966,0,0,0,0,0,0
2738409,0,0,0,0,0,0
1234680,0,0,0,0,0,0
413810,13.87896158,0,0,0,0,0
67362,53.78097611,0,0,0,0,0
361183,8.674350985,0,0,0,0,0
3375707,38.16714433,0,0,0,0,0
3344667,26.02305296,0,0,0,0,0
2903794,99.75503633,0,0,0,0,0
1090615,0,0,0,0,0,0
63745,23.42074766,0,0,0,0,0
38310,0,0,0,0,0,0
29573,0,0,0,0,0,0
3060698,0,0,0,0,0,0
1775880,0,0,0,0,0,0
2982691,43.37175493,0,0,0,0,0
165,17.34870197,0,0,0,0,0
427923,66.79250258,0,0,0,0,0
1659,0,0,0,0,0,0
2615203,15.61383177,0,0,0,0,0
3016050,0,0,0,0,0,0
132473,0,0,0,0,0,0
29314,13.01152648,0,0,0,0,0
3457358,0,0,0,0,0,0
2903814,0,0,0,0,0,0
182337,59.8530218,0,0,0,0,0
1853682,28.62535825,0,0,0,0,0
2962673,74.59941847,0,0,0,0,0
261936,10.40922118,0,0,0,0,0
645517,0,0,0,0,0,0
2656746,0,0,0,0,0,0
3093895,0,0,0,0,0,0
53437,23.42074766,0,0,0,0,0
2925837,98.02016613,0,0,0,0,0
1835254,98.02016613,0,0,0,0,0
1972846,0,0,0,0,0,0
202462,0,0,0,0,0,0
1532023,0,0,0,0,0,0
1648182,0,0,0,0,0,0
2033438,51.17867081,0,0,0,0,0
546160,0,0,0,0,0,0
3048337,0,0,0,0,0,0
676965,30.36022845,0,0,0,0,0
46429,0,0,0,0,0,0
3140242,0,0,0,0,0,0
2768834,18.21613707,0,0,0,0,0
2925843,0,0,0,0,0,0
3064901,0,0,0,0,0,0
2903798,10.40922118,0,0,0,0,0
2953890,0,0,0,0,0,0
334715,0,0,0,0,0,0
867076,0,0,0,0,0,0
2956338,0,0,0,0,0,0
1930593,0,0,0,0,0,0
3066300,0,0,0,0,0,0
29284,25.15561786,0,0,0,0,0
2975998,0,0,0,0,0,0
3448587,97.15273103,0,0,0,0,0
3138497,0,0,0,0,0,0
2903629,0,0,0,0,0,0
574649,0,0,0,0,0,0
100177,42.50431983,0,0,0,0,0
426114,0,0,0,0,0,0
2991728,0,0,0,0,0,0
2066479,29.49279335,0,0,0,0,0
2903887,26.89048805,0,0,0,0,0
2955383,0,0,0,0,0,0
2926850,19.08357217,0,0,0,0,0
413501,19.95100727,0,0,0,0,0
1851167,0,0,0,0,0,0
53406,19.95100727,0,0,0,0,0
3061628,12.14409138,0,0,0,0,0
1757,0,0,0,0,0,0
2652443,14.74639667,0,0,0,0,0
3451558,0,0,0,0,0,0
3055079,0,0,0,0,0,0
3243390,0,0,0,0,0,0
3068324,0,0,0,0,0,0
3074145,0,0,0,0,0,0
3059743,0,0,0,0,0,0
1964448,95.41786084,0,0,0,0,0
2917715,29.49279335,0,0,0,0,0
2921651,40.76944963,0,0,0,0,0
2079596,22.55331256,0,0,0,0,0
2175648,0,0,0,0,0,0
570267,21.68587746,0,0,0,0,0
2903838,0,0,0,0,0,0
2048898,0,0,0,0,0,0
1126236,25.15561786,0,0,0,0,0
3131999,36.43227414,0,0,0,0,0
993414,0,0,0,0,0,0
2895470,94.55042574,0,0,0,0,0
2921369,94.55042574,0,0,0,0,0
102684,94.55042574,0,0,0,0,0
3383591,94.55042574,0,0,0,0,0
1940555,94.55042574,0,0,0,0,0
2497162,19.95100727,0,0,0,0,0
1632,26.89048805,0,0,0,0,0
3398704,0,0,0,0,0,0
1232575,0,0,0,0,0,0
1565605,0,0,0,0,0,0
28123,0,0,0,0,0,0
3046382,33.82996884,0,0,0,0,0
1484693,0,0,0,0,0,0
3131926,9.541786084,0,0,0,0,0
3366808,13.01152648,0,0,0,0,0
3060460,24.28818276,0,69.74517649,0,0,0
2319843,19.95100727,0,0,0,0,0
2100422,0,0,0,0,0,0
2785912,93.68299064,0,0,0,0,0
2811108,21.68587746,0,0,0,0,0
1522174,0,0,0,0,0,0
1740264,0,0,0,0,0,0
1920424,0,0,0,0,0,0
2921435,0,0,0,0,0,0
1073996,23.42074766,0,0,0,0,0
2760310,0,0,0,0,0,0
2975317,0,0,0,0,0,0
2233998,0,0,0,0,0,0
758782,0,0,0,0,0,0
2975745,0,0,0,0,0,0
2220095,0,0,0,0,0,0
3384240,15.61383177,0,0,0,0,0
2528037,16.48126687,0,0,0,0,0
2592654,0,0,0,0,0,0
2057246,0,0,0,0,0,0
3373674,0,0,0,0,0,0
2017484,15.61383177,0,0,0,0,0
3066293,92.81555554,0,0,0,0,0
2745230,31.22766355,0,0,0,0,0
28026,64.19019729,0,0,0,0,0
2170044,8.674350985,0,0,0,0,0
2583822,13.01152648,0,0,0,0,0
2737050,15.61383177,0,0,0,0,0
1932,0,0,0,0,0,0
283877,16.48126687,0,0,0,0,0
1454753,13.01152648,0,0,0,0,0
1743159,19.08357217,0,0,0,0,0
85968,0,0,0,0,0,0
3402707,0,0,0,0,0,0
3350244,0,0,0,0,0,0
2663847,11.27665628,0,0,0,0,0
29447,13.01152648,0,0,0,0,0
2027911,0,0,0,0,0,0
2903871,0,0,0,0,0,0
456163,0,0,0,0,0,0
2518644,0,0,0,0,0,0
869888,37.29970924,0,0,0,0,0
3080012,0,0,0,0,0,0
2963433,0,0,0,0,0,0
2282309,45.10662512,0,0,0,0,0
1299,66.79250258,0,0,0,0,0
219745,20.81844236,0,0,0,0,0
2843870,0,0,0,0,0,0
2812000,0,0,0,0,0,0
1198301,18.21613707,0,0,0,0,0
80880,0,0,0,0,0,0
2594265,0,0,0,0,0,0
1538159,0,0,0,0,0,0
1344094,0,0,0,0,0,0
2743089,13.87896158,0,0,0,0,0
69220,91.08068534,0,0,0,0,0
212,91.08068534,0,0,0,0,0
2975753,91.08068534,0,0,0,0,0
3234853,20.81844236,0,0,0,0,0
367282,0,0,0,0,0,0
2734,0,0,0,0,0,0
2845939,0,0,0,0,0,0
1132417,0,0,0,0,0,0
3378074,0,0,0,0,0,0
2993430,0,0,0,0,0,0
2903594,8.674350985,0,0,0,0,0
2876713,0,0,0,0,0,0
642926,0,0,0,0,0,0
2003368,0,0,0,0,0,0
2796141,0,0,0,0,0,0
1724,20.81844236,0,69.74517649,0,0,0
79967,31.22766355,0,0,0,0,0
309891,0,0,0,0,0,0
2903815,26.89048805,0,0,0,0,0
1874539,0,0,0,0,0,0
2846672,0,0,0,0,0,0
412593,0,0,0,0,0,0
2831968,26.02305296,0,0,0,0,0
3423201,0,0,0,0,0,0
2560335,0,0,0,0,0,0
3047478,0,0,0,0,0,0
3079935,0,0,0,0,0,0
2982694,0,0,0,0,0,0
2057743,0,0,0,0,0,0
3373596,89.34581515,0,0,0,0,0
3059027,40.76944963,0,0,0,0,0
1784,12.14409138,0,0,0,0,0
3420950,0,0,0,0,0,0
3016089,26.89048805,0,0,0,0,0
309887,0,0,0,0,0,0
52227,0,0,0,0,0,0
640030,0,0,88.76658826,0,0,0
3418418,0,0,0,0,0,0
1603258,0,0,0,0,0,0
2733924,0,0,0,0,0,0
3044399,88.47838005,0,0,0,0,0
2975656,88.47838005,0,0,0,0,0
1380432,59.8530218,0,0,0,0,0
1105204,0,0,0,0,0,0
3133321,0,0,0,0,0,0
1644131,8.674350985,0,0,0,0,0
1662285,45.97406022,0,0,0,0,0
3066310,0,0,0,0,0,0
3066299,0,0,0,0,0,0
2970891,25.15561786,0,0,0,0,0
31964,0,0,0,0,0,0
2492396,29.49279335,0,0,0,0,0
3043445,0,0,0,0,0,0
121872,50.31123571,0,0,0,0,0
2936799,87.61094495,0,0,0,0,0
2759705,87.61094495,0,0,0,0,0
2968086,0,0,0,0,0,0
2908648,0,0,0,0,0,0
3034026,0,0,0,0,0,0
743699,45.10662512,0,0,0,0,0
2586643,32.96253374,0,0,0,0,0
2985506,16.48126687,0,0,0,0,0
267375,21.68587746,0,0,0,0,0
3049073,0,0,0,0,0,0
1458492,0,0,0,0,0,0
347209,0,0,0,0,0,0
1796469,14.74639667,0,0,0,0,0
281739,0,0,0,0,0,0
2161803,0,0,0,0,0,0
152297,86.74350985,0,0,0,0,0
3230984,86.74350985,0,0,0,0,0
3233380,86.74350985,0,0,0,0,0
3404047,9.541786084,0,0,0,0,0
2675216,42.50431983,0,0,0,0,0
69370,0,0,0,0,0,0
2715232,19.08357217,0,0,0,0,0
3049801,0,0,0,0,0,0
1646,16.48126687,0,69.74517649,0,0,0
3051998,8.674350985,0,0,0,0,0
345632,0,0,0,0,0,0
2962597,0,0,0,0,0,0
67267,0,0,0,0,0,0
62319,20.81844236,0,0,0,0,0
2856338,22.55331256,0,0,0,0,0
747457,0,0,0,0,0,0
871584,0,0,0,0,0,0
3426936,0,0,0,0,0,0
3050298,18.21613707,0,0,0,0,0
2879619,0,0,0,0,0,0
2961570,13.01152648,0,0,0,0,0
2931983,13.01152648,0,0,0,0,0
2933777,0,0,0,0,0,0
3059822,0,0,0,0,0,0
3064287,0,0,0,0,0,0
2508289,21.68587746,0,0,0,0,0
468914,24.28818276,0,0,0,0,0
2911853,85.00863965,0,0,0,0,0
3133286,19.08357217,0,0,0,0,0
1048396,0,0,0,0,0,0
122355,0,0,0,0,0,0
2247,0,0,0,0,0,0
2961939,0,0,0,0,0,0
186192,18.21613707,0,0,0,0,0
1871049,22.55331256,0,0,0,0,0
1853699,0,0,0,0,0,0
3445779,0,0,0,0,0,0
3115848,0,0,0,0,0,0
3423221,0,0,0,0,0,0
1701090,0,0,0,0,0,0
1769,11.27665628,0,0,0,0,0
3418421,0,0,0,0,0,0
3374550,54.64841121,0,0,0,0,0
2052056,15.61383177,0,0,0,0,0
301375,40.76944963,0,0,0,0,0
2921718,84.14120456,0,0,0,0,0
2986803,84.14120456,0,0,0,0,0
1884916,33.82996884,0,0,0,0,0
3032584,0,0,0,0,0,0
3127459,11.27665628,0,0,0,0,0
38290,28.62535825,0,0,0,0,0
3023076,10.40922118,0,0,0,0,0
203263,10.40922118,0,0,0,0,0
300028,31.22766355,0,0,0,0,0
3115001,0,0,0,0,0,0
3096010,0,0,0,0,0,0
2606451,0,0,0,0,0,0
3383590,21.68587746,0,0,0,0,0
328692,0,0,0,0,0,0
2316085,39.03457943,0,0,0,0,0
1955814,20.81844236,0,0,0,0,0
2961598,27.75792315,0,0,0,0,0
1982577,0,0,0,0,0,0
46679,13.87896158,0,0,0,0,0
3138179,0,0,0,0,0,0
3381355,0,0,0,0,0,0
3066130,0,0,0,0,0,0
238800,0,0,0,0,0,0
2734141,0,0,0,0,0,0
2884455,26.89048805,0,0,0,0,0
712411,32.96253374,0,0,0,0,0
3237372,15.61383177,0,0,0,0,0
1795888,0,0,0,0,0,0
1982225,0,0,0,0,0,0
3061632,13.01152648,0,0,0,0,0
114707,0,0,0,0,0,0
1947037,27.75792315,0,0,0,0,0
1495650,47.70893042,0,0,0,0,0
2080740,13.87896158,0,0,0,0,0
279828,0,0,0,0,0,0
3446693,82.40633436,0,0,0,0,0
1229164,10.40922118,0,0,0,0,0
153731,0,0,0,0,0,0
2879617,0,0,0,0,0,0
899,36.43227414,0,0,0,0,0
56450,22.55331256,0,0,0,0,0
1629550,14.74639667,0,0,0,0,0
2887345,9.541786084,0,0,0,0,0
2933290,0,0,0,0,0,0
1573711,30.36022845,0,0,0,0,0
373540,0,0,0,0,0,0
2956300,0,0,0,0,0,0
2771430,0,0,0,0,0,0
683150,0,0,0,0,0,0
141389,9.541786084,0,0,0,0,0
683047,0,0,0,0,0,0
3095608,11.27665628,0,0,0,0,0
266805,81.53889926,0,0,0,0,0
2975692,81.53889926,0,0,0,0,0
1231063,0,0,0,0,0,0
3374103,0,0,0,0,0,0
3068506,0,0,0,0,0,0
1902245,0,0,0,0,0,0
3060540,0,0,0,0,0,0
1340801,0,0,0,0,0,0
1936029,0,0,0,0,0,0
200252,0,0,0,0,0,0
2259638,58.9855867,0,0,0,0,0
2732590,0,0,0,0,0,0
1499686,0,0,0,0,0,0
490759,23.42074766,0,0,0,0,0
157779,0,0,0,0,0,0
2931975,0,0,0,0,0,0
2201356,45.97406022,0,0,0,0,0
3066173,80.67146416,0,0,0,0,0
3388490,19.08357217,0,0,0,0,0
739,18.21613707,0,0,0,0,0
409290,0,0,0,0,0,0
634,0,0,0,0,0,0
2843753,0,0,0,0,0,0
3416181,61.58789199,0,0,0,0,0
3412482,0,0,0,0,0,0
2714355,16.48126687,0,0,0,0,0
2903856,0,0,0,0,0,0
2866627,11.27665628,0,0,0,0,0
3418416,0,0,0,0,0,0
286802,0,0,0,0,0,0
2975624,0,0,0,0,0,0
479978,0,0,0,0,0,0
156978,12.14409138,0,0,0,0,0
2911495,0,0,0,0,0,0
2755559,0,0,0,0,0,0
1852377,0,0,0,0,0,0
1871019,0,0,0,0,0,0
2079793,9.541786084,0,0,0,0,0
1785145,0,0,0,0,0,0
1806885,0,0,0,0,0,0
2711328,26.89048805,0,0,0,0,0
199136,0,0,0,0,0,0
2201,10.40922118,0,0,0,0,0
651457,52.04610591,0,0,0,0,0
1750535,19.08357217,0,0,0,0,0
2604158,0,0,0,0,0,0
2866201,11.27665628,0,0,0,0,0
3239978,0,0,0,0,0,0
2596912,11.27665628,0,0,0,0,0
712435,0,0,0,0,0,0
131112,0,0,0,0,0,0
2518599,0,0,0,0,0,0
2903579,0,0,0,0,0,0
162393,0,0,0,0,0,0
2841594,0,0,0,0,0,0
2058657,0,0,0,0,0,0
2714931,0,0,0,0,0,0
2903670,0,0,0,0,0,0
3156399,14.74639667,0,0,0,0,0
2609255,23.42074766,0,0,0,0,0
2026240,32.09509864,0,0,0,0,0
2560010,0,0,0,0,0,0
3391182,78.06915887,0,0,0,0,0
35786,78.06915887,0,0,0,0,0
2107708,44.23919002,0,0,0,0,0
2675054,13.01152648,0,0,0,0,0
122420,41.63688473,0,0,0,0,0
3066238,18.21613707,0,0,0,0,0
2608867,0,0,0,0,0,0
2954064,0,0,0,0,0,0
2813727,0,0,0,0,0,0
69963,21.68587746,0,0,0,0,0
2976676,0,0,0,0,0,0
75291,0,0,0,0,0,0
2722751,0,0,0,0,0,0
229980,0,0,0,0,0,0
2991729,42.50431983,0,0,0,0,0
3373597,13.87896158,0,0,0,0,0
2496867,11.27665628,0,0,0,0,0
2282475,0,0,0,0,0,0
2975855,0,0,0,0,0,0
59299,0,0,0,0,0,0
3074146,37.29970924,0,0,0,0,0
1573719,40.76944963,0,0,0,0,0
3239961,46.84149532,0,0,0,0,0
3004129,35.56483904,0,0,0,0,0
1897061,0,0,0,0,0,0
1682490,41.63688473,0,0,0,0,0
3060212,0,0,0,0,0,0
2983222,0,0,0,0,0,0
2895493,39.03457943,0,0,0,0,0
2997426,76.33428867,0,0,0,0,0
3445784,76.33428867,0,0,0,0,0
3028711,27.75792315,0,0,0,0,0
2745504,11.27665628,0,0,0,0,0
2830995,0,0,0,0,0,0
743836,0,0,0,0,0,0
2811781,33.82996884,0,0,0,0,0
1884913,38.16714433,0,0,0,0,0
370764,25.15561786,0,0,0,0,0
2955344,0,0,0,0,0,0
3230994,0,0,0,0,0,0
3239904,0,0,76.08564708,0,0,0
164516,0,0,0,0,0,0
52771,0,0,0,0,0,0
1003114,0,0,0,0,0,0
2903672,0,0,0,0,0,0
3434457,0,0,0,0,0,0
3029060,18.21613707,0,0,0,0,0
1610493,14.74639667,0,0,0,0,0
2843645,27.75792315,0,0,0,0,0
2965074,75.46685357,0,0,0,0,0
2775920,75.46685357,0,0,0,0,0
2072409,0,0,0,0,0,0
2850561,0,0,0,0,0,0
3439066,0,0,0,0,0,0
362457,13.01152648,0,0,0,0,0
2763257,19.08357217,0,0,0,0,0
35773,31.22766355,0,0,0,0,0
3064161,23.42074766,0,0,0,0,0
657642,0,0,0,0,0,0
1795832,0,0,0,0,0,0
2691580,10.40922118,0,0,0,0,0
262324,0,0,0,0,0,0
2184519,0,0,0,0,0,0
712270,0,0,0,0,0,0
2201999,0,0,0,0,0,0
2081051,74.59941847,0,0,0,0,0
1804624,0,0,0,0,0,0
2689102,27.75792315,0,0,0,0,0
2683680,25.15561786,0,0,0,0,0
2949614,19.95100727,0,0,0,0,0
2558174,22.55331256,0,0,0,0,0
3048583,8.674350985,0,0,0,0,0
2778055,73.73198337,0,0,0,0,0
1844971,8.674350985,0,0,0,0,0
3016342,0,0,0,0,0,0
92490,0,0,0,0,0,0
3014995,28.62535825,0,0,0,0,0
3133274,0,0,0,0,0,0
3133301,0,0,0,0,0,0
2903586,0,0,0,0,0,0
73919,0,0,0,0,0,0
55779,15.61383177,0,0,0,0,0
163003,0,0,0,0,0,0
3433539,0,0,0,0,0,0
1674922,0,0,0,0,0,0
2610902,0,0,0,0,0,0
1486991,0,0,0,0,0,0
339268,26.89048805,0,0,0,0,0
3461144,72.86454827,0,0,0,0,0
33053,72.86454827,0,0,0,0,0
1633,72.86454827,0,0,0,0,0
3398356,18.21613707,0,0,0,0,0
1715989,0,0,0,0,0,0
3351346,0,0,0,0,0,0
2718620,17.34870197,0,0,0,0,0
68280,25.15561786,0,0,0,0,0
2992837,0,0,0,0,0,0
2975634,22.55331256,0,0,0,0,0
3049799,0,0,0,0,0,0
2770551,0,0,0,0,0,0
1710539,0,0,0,0,0,0
3445774,0,0,0,0,0,0
1780,0,0,0,0,0,0
3133296,0,0,0,0,0,0
59561,0,0,0,0,0,0
56956,0,0,0,0,0,0
3117733,17.34870197,0,0,0,0,0
71998,40.76944963,0,0,0,0,0
1177712,12.14409138,0,0,0,0,0
10683,36.43227414,0,0,0,0,0
2719119,27.75792315,0,0,0,0,0
126673,0,0,0,0,0,0
3388491,44.23919002,0,0,0,0,0
2094151,20.81844236,0,0,0,0,0
91915,14.74639667,0,0,0,0,0
216142,0,0,0,0,0,0
2861288,39.03457943,0,0,0,0,0
2714945,0,0,0,0,0,0
2895486,14.74639667,0,0,0,0,0
3374281,71.12967808,0,0,0,0,0
1684483,71.12967808,0,0,0,0,0
2772401,0,0,0,0,0,0
2876194,15.61383177,0,0,0,0,0
2173831,0,0,0,0,0,0
675090,0,0,0,0,0,0
3229275,0,0,0,0,0,0
2932253,0,0,0,0,0,0
2903869,0,0,0,0,0,0
3458249,0,0,0,0,0,0
326523,15.61383177,0,0,0,0,0
445930,0,0,0,0,0,0
3066214,0,0,0,0,0,0
3411633,0,0,0,0,0,0
1366055,0,0,0,0,0,0
2483360,0,0,0,0,0,0
3093767,25.15561786,0,0,0,0,0
3090665,0,0,0,0,0,0
3429804,0,0,0,0,0,0
3451557,0,0,0,0,0,0
3395314,26.89048805,0,0,0,0,0
1458425,0,0,0,0,0,0
1868734,70.26224298,0,0,0,0,0
1671680,0,0,0,0,0,0
2922394,0,0,0,0,0,0
2969672,31.22766355,0,0,0,0,0
68233,27.75792315,0,0,0,0,0
927614,28.62535825,0,0,0,0,0
3133295,0,0,0,0,0,0
2842349,23.42074766,0,0,0,0,0
119981,0,0,0,0,0,0
578928,0,0,0,0,0,0
43617,0,0,0,0,0,0
2968968,0,0,0,0,0,0
1761789,0,0,0,0,0,0
2796366,0,0,0,0,0,0
2483401,0,0,0,0,0,0
2785056,23.42074766,0,0,0,0,0
61,69.39480788,0,0,0,0,0
2774706,69.39480788,0,0,0,0,0
2846098,69.39480788,0,0,0,0,0
1503055,20.81844236,0,0,0,0,0
2925318,0,0,0,0,0,0
40990,18.21613707,0,0,0,0,0
1494608,8.674350985,0,0,0,0,0
2585119,44.23919002,0,0,0,0,0
3022769,0,0,0,0,0,0
35746,52.91354101,0,0,0,0,0
359303,0,0,0,0,0,0
3140252,0,0,0,0,0,0
3433538,0,0,0,0,0,0
2774460,0,0,0,0,0,0
866786,0,0,0,0,0,0
3066297,0,0,0,0,0,0
3398358,13.87896158,0,0,0,0,0
274539,0,0,0,0,0,0
3096996,68.52737278,0,0,0,0,0
2750620,68.52737278,0,0,0,0,0
29539,0,0,0,0,0,0
178339,11.27665628,0,0,0,0,0
2608999,0,0,0,0,0,0
2903893,0,0,0,0,0,0
2903660,0,0,0,0,0,0
2903714,0,0,0,0,0,0
3111768,0,0,0,0,0,0
3016097,0,0,0,0,0,0
3002742,13.01152648,0,0,0,0,0
2864207,24.28818276,0,0,0,0,0
487529,0,0,0,0,0,0
1705617,0,0,0,0,0,0
415421,0,0,0,0,0,0
2961994,50.31123571,0,0,0,0,0
2716879,67.65993768,0,0,0,0,0
3230998,67.65993768,0,0,0,0,0
3433200,21.68587746,0,0,0,0,0
118126,0,0,0,0,0,0
1586232,0,0,0,0,0,0
78258,0,0,0,0,0,0
3240766,0,0,0,0,0,0
2903820,0,0,0,0,0,0
1169025,0,0,0,0,0,0
2851649,0,0,0,0,0,0
3435230,0,0,0,0,0,0
2795215,0,0,0,0,0,0
2071627,0,0,0,0,0,0
1288494,0,0,0,0,0,0
2992242,18.21613707,0,0,0,0,0
230709,0,0,0,0,0,0
1806216,0,0,0,0,0,0
2499157,0,0,0,0,0,0
2895485,66.79250258,0,0,0,0,0
2903766,66.79250258,0,0,0,0,0
3066281,20.81844236,0,0,0,0,0
2784880,23.42074766,0,0,0,0,0
629680,0,0,0,0,0,0
2675099,0,0,0,0,0,0
1462996,12.14409138,0,0,0,0,0
3098076,0,0,0,0,0,0
3122488,65.92506749,0,0,0,0,0
3066319,65.92506749,0,0,0,0,0
2560831,65.92506749,0,0,0,0,0
1499308,0,0,0,0,0,0
2992573,0,0,0,0,0,0
2161816,0,0,0,0,0,0
31965,0,0,0,0,0,0
2316359,0,0,0,0,0,0
2652803,34.69740394,0,0,0,0,0
1323731,0,0,0,0,0,0
2211106,10.40922118,0,0,0,0,0
2781952,0,0,0,0,0,0
2886505,0,0,0,0,0,0
2734369,0,0,0,0,0,0
289370,12.14409138,0,0,0,0,0
376620,0,0,0,0,0,0
177758,0,0,0,0,0,0
38302,30.36022845,0,0,0,0,0
3398212,65.05763239,0,0,0,0,0
3003619,65.05763239,0,0,0,0,0
3038545,65.05763239,0,0,0,0,0
266009,65.05763239,0,0,0,0,0
1720526,0,0,0,0,0,0
1922544,0,0,0,0,0,0
653940,0,0,0,0,0,0
3379815,0,0,0,0,0,0
2771362,0,0,0,0,0,0
43990,0,0,0,0,0,0
54914,64.19019729,0,0,0,0,0
3404115,64.19019729,0,0,0,0,0
3388566,64.19019729,0,0,0,0,0
2170045,64.19019729,0,0,0,0,0
1715285,30.36022845,0,0,0,0,0
3020716,22.55331256,0,0,0,0,0
2055947,11.27665628,0,0,0,0,0
1611770,10.40922118,0,0,0,0,0
56877,21.68587746,0,0,0,0,0
368607,13.01152648,0,0,0,0,0
3131931,0,0,0,0,0,0
3045157,0,0,0,0,0,0
2870860,0,0,0,0,0,0
1478019,0,0,0,0,0,0
3238624,0,0,0,0,0,0
3074897,0,0,0,0,0,0
67326,0,0,0,0,0,0
2500546,0,0,0,0,0,0
2592652,0,0,0,0,0,0
273678,0,0,0,0,0,0
1394,63.32276219,0,0,0,0,0
1938334,63.32276219,0,0,0,0,0
2864102,29.49279335,0,0,0,0,0
2060092,0,0,0,0,0,0
1926968,0,0,0,0,0,0
3050269,9.541786084,0,0,0,0,0
52774,0,0,0,0,0,0
2861279,13.01152648,0,0,0,0,0
83986,8.674350985,0,0,0,0,0
3090699,0,0,0,0,0,0
3016091,16.48126687,0,0,0,0,0
2813778,25.15561786,0,0,0,0,0
453836,62.45532709,0,0,0,0,0
2055893,0,0,0,0,0,0
3047786,31.22766355,0,0,0,0,0
35817,28.62535825,0,0,0,0,0
1017351,0,0,0,0,0,0
2681308,0,0,0,0,0,0
3009083,0,0,0,0,0,0
3140250,0,0,0,0,0,0
83456,0,0,0,0,0,0
3341830,0,0,0,0,0,0
3404049,0,0,0,0,0,0
1414719,0,0,0,0,0,0
3230978,37.29970924,0,0,0,0,0
502394,14.74639667,0,0,0,0,0
2025658,0,0,0,0,0,0
2979331,61.58789199,0,0,0,0,0
1667,61.58789199,0,0,0,0,0
3426548,34.69740394,0,0,0,0,0
1971485,0,0,0,0,0,0
762660,22.55331256,0,0,0,0,0
2903646,22.55331256,0,0,0,0,0
2745518,0,0,0,0,0,0
2025659,0,0,0,0,0,0
658401,0,0,0,0,0,0
52773,0,0,0,0,0,0
1984781,0,0,0,0,0,0
3430779,0,0,0,0,0,0
3432517,0,0,0,0,0,0
3052803,0,0,0,0,0,0
3428771,0,0,0,0,0,0
167957,13.87896158,0,0,0,0,0
2975980,0,0,0,0,0,0
794846,0,0,0,0,0,0
2814653,0,0,0,0,0,0
3238628,0,0,0,0,0,0
2967224,0,0,0,0,0,0
67255,0,0,0,0,0,0
2975966,0,0,0,0,0,0
444597,0,0,0,0,0,0
2975979,0,0,0,0,0,0
1282737,0,0,0,0,0,0
3026162,0,0,0,0,0,0
2734120,0,0,0,0,0,0
3066184,60.7204569,0,0,0,0,0
38303,60.7204569,0,0,0,0,0
3048149,60.7204569,0,0,0,0,0
1704076,21.68587746,0,0,0,0,0
3116482,18.21613707,0,0,0,0,0
1661694,26.89048805,0,0,0,0,0
44752,26.89048805,0,0,0,0,0
1849032,0,0,0,0,0,0
194197,14.74639667,0,0,0,0,0
35757,19.08357217,0,0,0,0,0
3155932,0,0,0,0,0,0
3394855,59.8530218,0,0,0,0,0
3115152,59.8530218,0,0,0,0,0
2921432,59.8530218,0,0,0,0,0
1131462,59.8530218,0,0,0,0,0
3114695,59.8530218,0,0,0,0,0
3051617,59.8530218,0,0,0,0,0
2762577,0,0,0,0,0,0
3068275,0,0,0,0,0,0
2843303,0,0,0,0,0,0
1040979,0,0,0,0,0,0
3448171,0,0,0,0,0,0
743009,0,0,0,0,0,0
3132259,0,0,0,0,0,0
3459136,0,0,0,0,0,0
2995145,0,0,0,0,0,0
3109564,0,0,0,0,0,0
211502,12.14409138,0,0,0,0,0
555573,18.21613707,0,0,0,0,0
3136739,0,0,0,0,0,0
3031998,13.01152648,0,0,0,0,0
260149,58.9855867,0,0,0,0,0
3047383,58.9855867,0,0,0,0,0
512298,19.08357217,0,0,0,0,0
3112558,16.48126687,0,0,0,0,0
2338327,0,0,0,0,0,0
1909299,0,0,0,0,0,0
2746321,0,0,0,0,0,0
2975849,0,0,0,0,0,0
1437453,0,0,0,0,0,0
2746961,0,0,0,0,0,0
67294,0,0,0,0,0,0
2663859,0,0,0,0,0,0
1906274,0,0,0,0,0,0
2994664,0,0,0,0,0,0
745408,0,0,0,0,0,0
3066235,0,0,0,0,0,0
2709394,0,0,0,0,0,0
2914983,17.34870197,0,0,0,0,0
1807141,58.1181516,0,0,0,0,0
132919,58.1181516,0,0,0,0,0
2841303,0,0,0,0,0,0
472569,11.27665628,0,0,0,0,0
3423951,24.28818276,0,0,0,0,0
2104,0,0,0,0,0,0
2583374,0,0,0,0,0,0
191610,0,0,0,0,0,0
2560269,0,0,0,0,0,0
277,0,0,0,0,0,0
3428186,13.87896158,0,0,0,0,0
1871043,13.87896158,0,0,0,0,0
588898,0,0,0,0,0,0
3234138,57.2507165,0,0,0,0,0
2576356,57.2507165,0,0,0,0,0
459858,0,0,0,0,0,0
1550728,0,0,0,0,0,0
2661553,0,0,0,0,0,0
3020055,0,0,0,0,0,0
1577075,0,0,0,0,0,0
3015156,0,0,0,0,0,0
59737,0,0,0,0,0,0
2675787,23.42074766,0,0,0,0,0
2006980,0,0,0,0,0,0
3230995,0,0,0,0,0,0
3430721,0,0,0,0,0,0
2903831,12.14409138,0,0,0,0,0
28028,0,0,0,0,0,0
2684212,0,0,0,0,0,0
101534,56.3832814,0,0,0,0,0
1839798,56.3832814,0,0,0,0,0
2921415,56.3832814,0,0,0,0,0
3024576,56.3832814,0,0,0,0,0
2903898,56.3832814,0,0,0,0,0
3427283,56.3832814,0,0,0,0,0
2614442,16.48126687,0,0,0,0,0
3053904,33.82996884,0,0,0,0,0
54006,9.541786084,0,0,0,0,0
1435347,26.89048805,0,0,0,0,0
2867026,0,0,0,0,0,0
515415,0,0,0,0,0,0
1272,0,0,0,0,0,0
2785123,0,0,0,0,0,0
2779519,0,0,0,0,0,0
1283291,14.74639667,0,0,0,0,0
3051615,8.674350985,0,0,0,0,0
2069255,55.5158463,0,0,0,0,0
492,0,0,0,0,0,0
2489212,15.61383177,0,0,0,0,0
1855613,24.28818276,0,0,0,0,0
1825069,19.08357217,0,0,0,0,0
3066168,0,0,0,0,0,0
2751478,13.01152648,0,0,0,0,0
54077,0,0,0,0,0,0
2986280,27.75792315,0,0,0,0,0
85085,0,0,0,0,0,0
2956108,8.674350985,0,0,0,0,0
3048493,0,0,0,0,0,0
3075222,0,0,0,0,0,0
2927875,0,0,0,0,0,0
3140248,0,0,0,0,0,0
2609258,0,0,0,0,0,0
3163031,0,0,0,0,0,0
3016092,0,0,0,0,0,0
2033033,0,0,0,0,0,0
2952152,54.64841121,0,0,0,0,0
2813780,54.64841121,0,0,0,0,0
1884915,14.74639667,0,0,0,0,0
2282148,26.02305296,0,0,0,0,0
2570351,0,0,0,0,0,0
2895487,0,0,0,0,0,0
46355,0,0,0,0,0,0
488729,21.68587746,0,0,0,0,0
223392,10.40922118,0,0,0,0,0
2956223,0,0,0,0,0,0
2733930,0,0,0,0,0,0
753084,0,0,0,0,0,0
3116480,53.78097611,0,0,0,0,0
876364,53.78097611,0,0,0,0,0
2563662,53.78097611,0,0,0,0,0
3047695,53.78097611,0,0,0,0,0
3052630,13.87896158,0,0,0,0,0
2953747,0,0,0,0,0,0
2570468,27.75792315,0,0,0,0,0
2849642,19.95100727,0,0,0,0,0
1428684,17.34870197,0,0,0,0,0
2067959,0,0,0,0,0,0
3410924,0,0,0,0,0,0
1175445,0,0,0,0,0,0
3424718,0,0,0,0,0,0
2799325,0,0,0,0,0,0
3239284,0,0,0,0,0,0
202862,0,0,0,0,0,0
2875948,0,0,0,0,0,0
156977,0,0,0,0,0,0
2739057,0,0,0,0,0,0
1855377,0,0,0,0,0,0
3052510,9.541786084,0,0,0,0,0
3047353,9.541786084,0,0,0,0,0
2864213,26.89048805,0,0,0,0,0
33075,0,0,0,0,0,0
2518343,15.61383177,0,0,0,0,0
3391579,52.91354101,0,0,0,0,0
2979330,52.91354101,0,0,0,0,0
2769078,52.91354101,0,0,0,0,0
2859227,52.91354101,0,0,0,0,0
3003247,0,0,0,0,0,0
754514,26.02305296,0,0,0,0,0
3430773,16.48126687,0,0,0,0,0
361111,22.55331256,0,0,0,0,0
3048629,11.27665628,0,0,0,0,0
3050266,18.21613707,0,0,0,0,0
3425947,0,0,0,0,0,0
2724122,0,0,0,0,0,0
3133310,0,0,0,0,0,0
556499,0,0,0,0,0,0
3135263,0,0,0,0,0,0
3050069,0,0,0,0,0,0
1913979,0,0,0,0,0,0
3230986,52.04610591,0,0,0,0,0
307580,52.04610591,0,0,0,0,0
3077723,52.04610591,0,0,0,0,0
2929493,0,0,0,0,0,0
2754727,0,0,0,0,0,0
2972775,0,0,0,0,0,0
548913,0,0,0,0,0,0
361575,13.01152648,0,0,0,0,0
3344879,0,0,0,0,0,0
2951138,0,0,0,0,0,0
2175621,0,0,0,0,0,0
3075124,13.87896158,0,0,0,0,0
3043447,51.17867081,0,0,0,0,0
195522,51.17867081,0,0,0,0,0
1889240,0,0,0,0,0,0
3235106,0,0,0,0,0,0
1206777,19.95100727,0,0,0,0,0
2781022,0,0,0,0,0,0
3068889,0,0,0,0,0,0
2975733,0,0,0,0,0,0
2975747,0,0,0,0,0,0
36805,0,0,0,0,0,0
2761047,0,0,0,0,0,0
71254,0,0,0,0,0,0
3047947,0,0,0,0,0,0
2565366,20.81844236,0,0,0,0,0
3235111,0,0,0,0,0,0
2976335,0,0,0,0,0,0
807,50.31123571,0,0,0,0,0
2824910,50.31123571,0,0,0,0,0
2875729,30.36022845,0,0,0,0,0
349751,0,0,0,0,0,0
62320,13.87896158,0,0,0,0,0
2072407,0,0,0,0,0,0
2903757,0,0,0,0,0,0
3231942,0,0,0,0,0,0
3078227,0,0,0,0,0,0
1176198,0,0,0,0,0,0
3140787,0,0,0,0,0,0
2811421,0,0,0,0,0,0
1644129,0,0,0,0,0,0
2949630,0,0,0,0,0,0
3139315,0,0,0,0,0,0
3060756,0,0,0,0,0,0
1507808,13.87896158,0,0,0,0,0
497725,0,0,0,0,0,0
3432031,0,0,0,0,0,0
2876193,0,0,0,0,0,0
1603886,0,0,0,0,0,0
464988,14.74639667,0,0,0,0,0
2204145,0,0,0,0,0,0
3418365,0,0,0,0,0,0
56636,0,0,0,0,0,0
1667168,48.57636552,0,0,0,0,0
2169883,48.57636552,0,0,0,0,0
1380362,0,0,0,0,0,0
554344,0,0,0,0,0,0
2797167,0,0,0,0,0,0
3049069,0,0,0,0,0,0
3019890,0,0,0,0,0,0
2175620,0,0,0,0,0,0
2768071,0,0,0,0,0,0
2600159,0,0,0,0,0,0
3162566,0,0,0,0,0,0
3033388,0,0,0,0,0,0
634121,9.541786084,0,0,0,0,0
3066217,12.14409138,0,0,0,0,0
496857,15.61383177,0,0,0,0,0
110933,13.01152648,0,0,0,0,0
44930,0,0,0,0,0,0
1932360,21.68587746,0,0,0,0,0
358766,0,0,0,0,0,0
3113369,47.70893042,0,0,0,0,0
2879621,47.70893042,0,0,0,0,0
2560545,47.70893042,0,0,0,0,0
2883169,19.08357217,0,0,0,0,0
2940301,8.674350985,0,0,0,0,0
2094119,11.27665628,0,0,0,0,0
2842357,0,0,0,0,0,0
157782,0,0,0,0,0,0
2884874,0,0,0,0,0,0
2903827,0,0,0,0,0,0
114687,0,0,0,0,0,0
3242192,0,0,0,0,0,0
2175645,0,0,0,0,0,0
2862880,0,0,0,0,0,0
2585717,0,0,0,0,0,0
3415672,0,0,0,0,0,0
2779775,0,0,0,0,0,0
3018339,0,0,0,0,0,0
155537,0,0,0,0,0,0
3059911,0,0,0,0,0,0
951,22.55331256,0,0,0,0,0
2992843,46.84149532,0,0,0,0,0
2490633,46.84149532,0,0,0,0,0
285676,46.84149532,0,0,0,0,0
3033389,18.21613707,0,0,0,0,0
3431241,20.81844236,0,0,0,0,0
142058,0,0,0,0,0,0
2734115,0,0,0,0,0,0
3377125,16.48126687,0,0,0,0,0
2650745,0,0,0,0,0,0
326927,0,0,0,0,0,0
3051120,0,0,0,0,0,0
157339,0,0,0,0,0,0
34020,0,0,0,0,0,0
2734158,0,0,0,0,0,0
94694,12.14409138,0,0,0,0,0
2610895,31.22766355,0,0,0,0,0
3095337,0,0,0,0,0,0
3032281,11.27665628,0,0,0,0,0
2726956,0,0,0,0,0,0
488446,0,0,0,0,0,0
2918299,0,0,0,0,0,0
1458426,0,0,0,0,0,0
3075197,0,0,0,0,0,0
2975765,0,0,0,0,0,0
1736046,0,0,0,0,0,0
3093850,0,0,0,0,0,0
3075620,0,0,0,0,0,0
2663121,0,0,0,0,0,0
1490225,0,0,0,0,0,0
2949995,0,0,0,0,0,0
88724,0,0,0,0,0,0
28109,45.97406022,0,0,0,0,0
2879622,45.97406022,0,0,0,0,0
230143,45.97406022,0,0,0,0,0
2496837,26.02305296,0,0,0,0,0
3138178,14.74639667,0,0,0,0,0
2580515,0,0,0,0,0,0
36874,0,0,0,0,0,0
2740515,0,0,0,0,0,0
3047677,0,0,0,0,0,0
172827,30.36022845,0,0,0,0,0
3142537,45.10662512,0,0,0,0,0
2056231,45.10662512,0,0,0,0,0
2903780,45.10662512,0,0,0,0,0
84163,45.10662512,0,0,0,0,0
2955844,45.10662512,0,0,0,0,0
2560336,45.10662512,0,0,0,0,0
33871,0,0,0,0,0,0
2053930,16.48126687,0,0,0,0,0
3024399,0,0,0,0,0,0
3130163,0,0,0,0,0,0
321318,0,0,0,0,0,0
2994493,19.95100727,0,0,0,0,0
3414495,44.23919002,0,0,0,0,0
2903781,44.23919002,0,0,0,0,0
2903749,44.23919002,0,0,0,0,0
2817475,44.23919002,0,0,0,0,0
638619,44.23919002,0,0,0,0,0
3139323,44.23919002,0,0,0,0,0
674079,15.61383177,0,0,0,0,0
2955292,10.40922118,0,0,0,0,0
2996261,21.68587746,0,0,0,0,0
43665,21.68587746,0,0,0,0,0
2478464,0,0,0,0,0,0
1921710,0,0,0,0,0,0
3230997,0,0,0,0,0,0
3450718,0,0,0,0,0,0
2949629,0,0,0,0,0,0
2609415,0,0,0,0,0,0
66892,0,0,0,0,0,0
2708084,8.674350985,0,0,0,0,0
1605379,0,0,0,0,0,0
1702170,43.37175493,0,0,0,0,0
1194427,43.37175493,0,0,0,0,0
529884,43.37175493,0,0,0,0,0
3433523,43.37175493,0,0,0,0,0
712310,16.48126687,0,0,0,0,0
337243,12.14409138,0,0,0,0,0
2937524,29.49279335,0,0,0,0,0
3381348,10.40922118,0,0,0,0,0
1870985,10.40922118,0,0,0,0,0
105751,19.08357217,0,0,0,0,0
3016343,18.21613707,0,0,0,0,0
712157,18.21613707,0,0,0,0,0
2996112,42.50431983,0,0,0,0,0
2921430,42.50431983,0,0,0,0,0
2749058,42.50431983,0,0,0,0,0
2745490,11.27665628,0,0,0,0,0
2903675,11.27665628,0,0,0,0,0
53374,0,0,0,0,0,0
3060828,0,0,0,0,0,0
2962888,0,0,0,0,0,0
2055955,0,0,0,0,0,0
758826,0,0,0,0,0,0
2969820,0,0,0,0,0,0
3041765,0,0,0,0,0,0
2795488,0,0,0,0,0,0
1734031,0,0,0,0,0,0
863575,0,0,0,0,0,0
3055869,0,0,0,0,0,0
1121358,0,0,0,0,0,0
2968475,13.01152648,0,0,0,0,0
2734111,13.01152648,0,0,0,0,0
2955969,0,0,0,0,0,0
3059995,0,0,0,0,0,0
3426937,0,0,0,0,0,0
3043847,20.81844236,0,0,0,0,0
1758398,18.21613707,0,0,0,0,0
661191,0,0,0,0,0,0
1231049,41.63688473,0,0,0,0,0
2761623,41.63688473,0,0,0,0,0
1561022,41.63688473,0,0,0,0,0
2967300,41.63688473,0,0,0,0,0
1068590,0,0,0,0,0,0
2929495,0,0,0,0,0,0
3418422,0,0,0,0,0,0
1844051,0,0,0,0,0,0
2560334,0,0,0,0,0,0
3060397,0,0,0,0,0,0
3426175,0,0,0,0,0,0
2828862,13.87896158,0,0,0,0,0
1684,28.62535825,0,0,0,0,0
2975645,0,0,0,0,0,0
3120157,0,0,0,0,0,0
2652444,0,0,0,0,0,0
1710540,0,0,0,0,0,0
2490851,40.76944963,0,0,0,0,0
178606,40.76944963,0,0,0,0,0
3015166,40.76944963,0,0,0,0,0
310769,40.76944963,0,0,0,0,0
1547448,9.541786084,0,0,0,0,0
3119004,13.01152648,0,0,0,0,0
83560,0,0,0,0,0,0
3047860,0,0,0,0,0,0
2975977,13.87896158,0,0,0,0,0
1048758,39.90201453,0,0,0,0,0
2725684,39.90201453,0,0,0,0,0
2867408,39.90201453,0,0,0,0,0
3139336,39.90201453,0,0,0,0,0
67384,39.90201453,0,0,0,0,0
2044576,39.90201453,0,0,0,0,0
3066315,39.90201453,0,0,0,0,0
2955989,39.90201453,0,0,0,0,0
2956469,0,0,0,0,0,0
2956112,0,0,0,0,0,0
927,0,0,0,0,0,0
3366817,0,0,0,0,0,0
3074430,0,0,0,0,0,0
2932245,0,0,0,0,0,0
3136676,0,0,0,0,0,0
701042,0,0,0,0,0,0
1564114,0,0,0,0,0,0
38301,0,0,0,0,0,0
3239959,0,0,0,0,0,0
1750598,13.87896158,0,0,0,0,0
607712,13.01152648,0,0,0,0,0
3136737,14.74639667,0,0,0,0,0
227319,0,0,0,0,0,0
2603292,13.01152648,0,0,0,0,0
2785913,39.03457943,0,0,0,0,0
2014541,39.03457943,0,0,0,0,0
92245,39.03457943,0,0,0,0,0
1868655,39.03457943,0,0,0,0,0
135735,39.03457943,0,0,0,0,0
254785,39.03457943,0,0,0,0,0
2733906,39.03457943,0,0,0,0,0
2845399,39.03457943,0,0,0,0,0
2282206,39.03457943,0,0,0,0,0
2738852,13.01152648,0,0,0,0,0
2066049,0,0,0,0,0,0
1936021,0,0,0,0,0,0
2590775,0,0,0,0,0,0
2097,0,0,0,0,0,0
3060524,0,0,0,0,0,0
2843760,0,0,0,0,0,0
3050308,0,0,0,0,0,0
2850559,10.40922118,0,0,0,0,0
2853159,0,0,0,0,0,0
3042029,0,0,0,0,0,0
3230996,0,0,0,0,0,0
2934340,0,0,0,0,0,0
3047765,0,0,0,0,0,0
2678257,11.27665628,0,0,0,0,0
2979461,0,0,0,0,0,0
2954091,0,0,0,0,0,0
2760084,0,0,0,0,0,0
2778064,0,0,0,0,0,0
3132289,0,0,0,0,0,0
2175660,0,0,0,0,0,0
3016094,0,0,0,0,0,0
2175149,0,0,0,0,0,0
2250,0,0,0,0,0,0
1333523,0,0,0,0,0,0
2733943,0,0,0,0,0,0
3428500,0,0,0,0,0,0
1880678,14.74639667,0,0,0,0,0
1637869,12.14409138,0,0,0,0,0
3066283,0,0,0,0,0,0
2734135,0,0,0,0,0,0
2303750,38.16714433,0,0,0,0,0
2975778,38.16714433,0,0,0,0,0
3056647,38.16714433,0,0,0,0,0
3058903,38.16714433,0,0,0,0,0
1918723,0,0,0,0,0,0
3241450,0,0,0,0,0,0
2894156,12.14409138,0,0,0,0,0
2908651,10.40922118,0,0,0,0,0
2886938,19.08357217,0,0,0,0,0
3068341,16.48126687,0,0,0,0,0
2961597,16.48126687,0,0,0,0,0
366522,13.01152648,0,0,0,0,0
2895494,0,0,0,0,0,0
2903783,0,0,0,0,0,0
1546107,0,0,0,0,0,0
1924,0,0,0,0,0,0
2851646,0,0,0,0,0,0
2175641,0,0,0,0,0,0
619291,0,0,0,0,0,0
2017485,0,0,0,0,0,0
3109565,0,0,0,0,0,0
2978474,0,0,0,0,0,0
3117459,0,0,0,0,0,0
3069269,18.21613707,0,0,0,0,0
2675775,37.29970924,0,0,0,0,0
2282124,37.29970924,0,0,0,0,0
2954752,37.29970924,0,0,0,0,0
1316411,37.29970924,0,0,0,0,0
3066307,37.29970924,0,0,0,0,0
29292,37.29970924,0,0,0,0,0
2560476,37.29970924,0,0,0,0,0
1470347,12.14409138,0,0,0,0,0
3048630,13.01152648,0,0,0,0,0
1336740,13.01152648,0,0,0,0,0
2984142,0,0,0,0,0,0
3060716,0,0,0,0,0,0
1586712,0,0,0,0,0,0
3428816,0,0,0,0,0,0
3066296,36.43227414,0,0,0,0,0
1932881,36.43227414,0,0,0,0,0
2971236,16.48126687,0,0,0,0,0
2316720,0,0,0,0,0,0
2560631,0,0,0,0,0,0
417280,0,0,0,0,0,0
2956139,0,0,0,0,0,0
2955996,0,0,0,0,0,0
2271,0,0,0,0,0,0
3060804,0,0,0,0,0,0
3414496,0,0,0,0,0,0
2774459,0,0,0,0,0,0
2201355,0,0,0,0,0,0
1163398,0,0,0,0,0,0
1052,0,0,0,0,0,0
3398229,0,0,0,0,0,0
2565934,0,0,0,0,0,0
2816859,0,0,0,0,0,0
3385969,0,0,0,0,0,0
169765,0,0,0,0,0,0
134034,0,0,0,0,0,0
2982699,0,0,0,0,0,0
1839799,0,0,0,0,0,0
3031996,0,0,0,0,0,0
3032001,0,0,0,0,0,0
1852381,17.34870197,0,0,0,0,0
2954101,20.81844236,0,0,0,0,0
1862358,11.27665628,0,0,0,0,0
2755386,35.56483904,0,0,0,0,0
43659,35.56483904,0,0,0,0,0
2937790,35.56483904,0,0,0,0,0
220697,35.56483904,0,0,0,0,0
3384451,35.56483904,0,0,0,0,0
411483,35.56483904,0,0,0,0,0
2749071,35.56483904,0,0,0,0,0
3059030,11.27665628,0,0,0,0,0
2954096,0,0,0,0,0,0
3458058,0,0,0,0,0,0
3022791,0,0,0,0,0,0
1637862,0,0,0,0,0,0
573737,0,0,0,0,0,0
728066,0,0,0,0,0,0
1768108,0,0,0,0,0,0
81412,0,0,0,0,0,0
2909672,8.674350985,0,0,0,0,0
1182568,17.34870197,0,0,0,0,0
2935858,34.69740394,0,0,0,0,0
3398214,34.69740394,0,0,0,0,0
2975857,34.69740394,0,0,0,0,0
2955533,34.69740394,0,0,0,0,0
2733372,0,0,0,0,0,0
651740,15.61383177,0,0,0,0,0
2741499,0,0,0,0,0,0
2018052,0,0,0,0,0,0
54252,0,0,0,0,0,0
2964616,14.74639667,0,0,0,0,0
2921489,33.82996884,0,0,0,0,0
228574,33.82996884,0,0,0,0,0
3436239,0,0,0,0,0,0
931100,0,0,0,0,0,0
1863,0,0,0,0,0,0
1846278,0,0,0,0,0,0
2734134,0,0,0,0,0,0
2955562,0,0,0,0,0,0
3050350,0,0,0,0,0,0
3427847,0,0,0,0,0,0
3240497,0,0,0,0,0,0
1923706,0,0,0,0,0,0
1923698,0,0,0,0,0,0
2724121,0,0,0,0,0,0
3404059,0,0,0,0,0,0
1382803,0,0,0,0,0,0
920,0,0,0,0,0,0
194673,0,0,0,0,0,0
2995140,0,0,0,0,0,0
3042517,0,0,0,0,0,0
1357915,14.74639667,0,0,0,0,0
487568,32.96253374,0,0,0,0,0
2704652,32.96253374,0,0,0,0,0
2927224,32.96253374,0,0,0,0,0
2789208,32.96253374,0,0,0,0,0
307643,32.96253374,0,0,0,0,0
2956181,32.96253374,0,0,0,0,0
3031916,10.40922118,0,0,0,0,0
77635,16.48126687,0,0,0,0,0
3132096,0,0,0,0,0,0
70771,0,0,0,0,0,0
2978046,0,0,0,0,0,0
2734106,0,0,0,0,0,0
3388343,0,0,0,0,0,0
463024,0,0,0,0,0,0
3160749,0,0,0,0,0,0
2578107,0,0,0,0,0,0
156980,0,0,0,0,0,0
2722820,0,0,0,0,0,0
1500687,32.09509864,0,0,0,0,0
2066024,32.09509864,0,0,0,0,0
489,32.09509864,0,0,0,0,0
3435187,32.09509864,0,0,0,0,0
1987727,32.09509864,0,0,0,0,0
548914,32.09509864,0,0,0,0,0
10484,32.09509864,0,0,0,0,0
147206,9.541786084,0,0,0,0,0
1885674,13.01152648,0,0,0,0,0
2842350,0,0,0,0,0,0
1920990,0,0,0,0,0,0
67307,0,0,0,0,0,0
35780,0,0,0,0,0,0
2993314,0,0,0,0,0,0
113653,0,0,0,0,0,0
242703,0,0,0,0,0,0
2045011,0,0,0,0,0,0
2955765,0,0,0,0,0,0
2560554,0,0,0,0,0,0
2956556,0,0,0,0,0,0
2734008,0,0,0,0,0,0
2651199,10.40922118,0,0,0,0,0
3025782,31.22766355,0,0,0,0,0
2954587,31.22766355,0,0,0,0,0
232537,31.22766355,0,0,0,0,0
3060402,31.22766355,0,0,0,0,0
2501954,31.22766355,0,0,0,0,0
155925,11.27665628,0,0,0,0,0
2576923,0,0,0,0,0,0
2016373,0,0,0,0,0,0
1981173,0,0,0,0,0,0
1785161,0,0,0,0,0,0
3111774,0,0,0,0,0,0
3143537,0,0,0,0,0,0
2830997,0,0,0,0,0,0
2697563,0,0,0,0,0,0
3059080,0,0,0,0,0,0
3450454,0,0,0,0,0,0
2021,0,0,0,0,0,0
2953748,0,0,0,0,0,0
508460,12.14409138,0,0,0,0,0
2714951,0,0,0,0,0,0
3059730,0,0,0,0,0,0
3429958,0,0,0,0,0,0
2921370,30.36022845,0,0,0,0,0
3060323,30.36022845,0,0,0,0,0
3060634,0,0,0,0,0,0
3431515,0,0,0,0,0,0
3047759,0,0,0,0,0,0
3020907,0,0,0,0,0,0
2895491,0,0,0,0,0,0
2864204,0,0,0,0,0,0
686831,0,0,0,0,0,0
2782166,0,0,0,0,0,0
2873270,0,0,0,0,0,0
123320,0,0,0,0,0,0
745377,0,0,0,0,0,0
2931977,0,0,0,0,0,0
2873269,29.49279335,0,0,0,0,0
2864202,29.49279335,0,0,0,0,0
2058328,29.49279335,0,0,0,0,0
44822,29.49279335,0,0,0,0,0
3066306,29.49279335,0,0,0,0,0
2080449,29.49279335,0,0,0,0,0
1699371,9.541786084,0,0,0,0,0
1725232,0,0,0,0,0,0
2488819,0,0,0,0,0,0
1536648,0,0,0,0,0,0
121277,0,0,0,0,0,0
2955958,0,0,0,0,0,0
2955429,0,0,0,0,0,0
1173297,0,0,0,0,0,0
3427055,0,0,0,0,0,0
3428769,0,0,0,0,0,0
33074,28.62535825,0,0,0,0,0
3122489,28.62535825,0,0,0,0,0
2921710,28.62535825,0,0,0,0,0
3427970,28.62535825,0,0,0,0,0
3349632,0,0,0,0,0,0
2742613,0,0,0,0,0,0
2717697,0,0,0,0,0,0
332411,0,0,0,0,0,0
3446480,0,0,0,0,0,0
3049071,0,0,0,0,0,0
1793722,0,0,0,0,0,0
162496,0,0,0,0,0,0
43667,0,0,0,0,0,0
2782567,0,0,0,0,0,0
3064288,0,0,0,0,0,0
292462,0,0,0,0,0,0
2014528,0,0,0,0,0,0
1683,0,0,0,0,0,0
2872158,0,0,0,0,0,0
1853690,0,0,0,0,0,0
1453760,0,0,0,0,0,0
2675785,0,0,0,0,0,0
3394854,0,0,0,0,0,0
79604,0,0,0,0,0,0
184117,0,0,0,0,0,0
754058,0,0,0,0,0,0
2956698,0,0,0,0,0,0
3428200,0,0,0,0,0,0
3433814,0,0,0,0,0,0
224402,15.61383177,0,0,0,0,0
2576932,10.40922118,0,0,0,0,0
3141322,27.75792315,0,0,0,0,0
3028807,27.75792315,0,0,0,0,0
3075650,27.75792315,0,0,0,0,0
1186051,27.75792315,0,0,0,0,0
88916,27.75792315,0,0,0,0,0
2975748,27.75792315,0,0,0,0,0
68179,27.75792315,0,0,0,0,0
3077933,27.75792315,0,0,0,0,0
387341,11.27665628,0,0,0,0,0
3104265,0,0,0,0,0,0
2745494,0,0,0,0,0,0
2764185,0,0,0,0,0,0
1981031,0,0,0,0,0,0
1401995,0,0,0,0,0,0
85336,0,0,0,0,0,0
2894192,0,0,0,0,0,0
398694,0,0,0,0,0,0
3061629,0,0,0,0,0,0
3068310,0,0,0,0,0,0
2079535,8.674350985,0,0,0,0,0
2714935,0,0,0,0,0,0
2955711,0,0,0,0,0,0
2956060,0,0,0,0,0,0
53988,0,0,0,0,0,0
3240578,0,0,0,0,0,0
2842354,26.89048805,0,0,0,0,0
385025,26.89048805,0,0,0,0,0
3240788,26.89048805,0,0,0,0,0
2719989,26.89048805,0,0,0,0,0
3133281,26.89048805,0,0,0,0,0
228745,26.89048805,0,0,0,0,0
2733907,26.89048805,0,0,0,0,0
3059705,26.89048805,0,0,0,0,0
2955583,0,0,0,0,0,0
2734235,0,0,0,0,0,0
3043284,0,0,0,0,0,0
3161136,0,0,0,0,0,0
3418175,0,0,0,0,0,0
44750,0,0,0,0,0,0
3111776,0,0,0,0,0,0
223182,0,0,0,0,0,0
137545,26.02305296,0,0,0,0,0
3071081,26.02305296,0,0,0,0,0
3240095,26.02305296,0,0,0,0,0
258224,26.02305296,0,0,0,0,0
2830990,26.02305296,0,0,0,0,0
3400219,26.02305296,0,0,0,0,0
2423,26.02305296,0,0,0,0,0
2016361,26.02305296,0,0,0,0,0
2845137,0,0,0,0,0,0
2955986,0,0,0,0,0,0
2843993,0,0,0,0,0,0
3050251,0,0,0,0,0,0
1931371,0,0,0,0,0,0
1497848,0,0,0,0,0,0
1922892,0,0,0,0,0,0
362830,0,0,0,0,0,0
3003620,25.15561786,0,0,0,0,0
1819736,25.15561786,0,0,0,0,0
3073452,25.15561786,0,0,0,0,0
76860,25.15561786,0,0,0,0,0
2800128,25.15561786,0,0,0,0,0
2903811,25.15561786,0,0,0,0,0
708131,25.15561786,0,0,0,0,0
1332188,25.15561786,0,0,0,0,0
3047716,25.15561786,0,0,0,0,0
1053551,0,0,0,0,0,0
574987,0,0,0,0,0,0
3447363,0,0,0,0,0,0
3374104,0,0,0,0,0,0
670052,0,0,0,0,0,0
521392,0,0,0,0,0,0
2909229,0,0,0,0,0,0
3457577,0,0,0,0,0,0
712538,0,0,0,0,0,0
37636,0,0,0,0,0,0
2963434,0,0,0,0,0,0
2961574,0,0,0,0,0,0
90426,0,0,0,0,0,0
2845858,0,0,0,0,0,0
2955208,0,0,0,0,0,0
131081,0,0,0,0,0,0
65123,0,0,0,0,0,0
2956014,0,0,0,0,0,0
2841283,0,0,0,0,0,0
2956210,0,0,0,0,0,0
3048436,0,0,0,0,0,0
3047858,0,0,0,0,0,0
3234143,24.28818276,0,0,0,0,0
3455201,24.28818276,0,0,0,0,0
42862,24.28818276,0,0,0,0,0
355249,24.28818276,0,0,0,0,0
2955687,24.28818276,0,0,0,0,0
1147042,24.28818276,0,0,0,0,0
1649877,0,0,0,0,0,0
2993566,0,0,0,0,0,0
57664,0,0,0,0,0,0
2982524,0,0,0,0,0,0
2961595,0,0,0,0,0,0
2870840,23.42074766,0,0,0,0,0
2939415,23.42074766,0,0,0,0,0
2109687,23.42074766,0,0,0,0,0
42838,23.42074766,0,0,0,0,0
186171,23.42074766,0,0,0,0,0
160233,23.42074766,0,0,0,0,0
1980955,23.42074766,0,0,0,0,0
1663208,23.42074766,0,0,0,0,0
572290,23.42074766,0,0,0,0,0
2560706,0,0,0,0,0,0
1923378,0,0,0,0,0,0
3078442,0,0,0,0,0,0
1391455,0,0,0,0,0,0
3138237,10.40922118,0,0,0,0,0
721785,22.55331256,0,0,0,0,0
655307,22.55331256,0,0,0,0,0
2734126,22.55331256,0,0,0,0,0
2956343,22.55331256,0,0,0,0,0
3048221,22.55331256,0,0,0,0,0
267,0,0,0,0,0,0
38307,0,0,0,0,0,0
2745514,0,0,0,0,0,0
462710,0,0,0,0,0,0
2175666,0,0,0,0,0,0
358099,0,0,0,0,0,0
1960083,0,0,0,0,0,0
2951804,0,0,0,0,0,0
2675789,21.68587746,0,0,0,0,0
3131929,21.68587746,0,0,0,0,0
2953971,21.68587746,0,0,0,0,0
2975345,21.68587746,0,0,0,0,0
1548602,21.68587746,0,0,0,0,0
2983212,21.68587746,0,0,0,0,0
3448583,21.68587746,0,0,0,0,0
2956144,21.68587746,0,0,0,0,0
2955232,21.68587746,0,0,0,0,0
2955762,21.68587746,0,0,0,0,0
3060748,21.68587746,0,0,0,0,0
2126929,21.68587746,0,0,0,0,0
1923634,21.68587746,0,0,0,0,0
484,0,0,0,0,0,0
2853258,0,0,0,0,0,0
1231000,0,0,0,0,0,0
2709392,0,0,0,0,0,0
634157,0,0,0,0,0,0
2747817,0,0,0,0,0,0
2734052,0,0,0,0,0,0
2755398,20.81844236,0,0,0,0,0
3414707,20.81844236,0,0,0,0,0
3228746,20.81844236,0,0,0,0,0
3081770,20.81844236,0,0,0,0,0
3438964,20.81844236,0,0,0,0,0
3421173,20.81844236,0,0,0,0,0
3366812,20.81844236,0,0,0,0,0
2955726,20.81844236,0,0,0,0,0
2845178,20.81844236,0,0,0,0,0
1813599,20.81844236,0,0,0,0,0
933845,20.81844236,0,0,0,0,0
2565304,20.81844236,0,0,0,0,0
53410,19.95100727,0,0,0,0,0
2005046,19.95100727,0,0,0,0,0
3066143,19.95100727,0,0,0,0,0
2081049,19.95100727,0,0,0,0,0
2698900,19.95100727,0,0,0,0,0
2749050,19.95100727,0,0,0,0,0
3059035,19.95100727,0,0,0,0,0
680118,19.95100727,0,0,0,0,0
2956266,19.95100727,0,0,0,0,0
3060051,19.95100727,0,0,0,0,0
2845079,19.95100727,0,0,0,0,0
3050246,19.95100727,0,0,0,0,0
3050331,19.95100727,0,0,0,0,0
3241176,19.95100727,0,0,0,0,0
3051417,19.95100727,0,0,0,0,0
3133271,0,0,0,0,0,0
936337,0,0,0,0,0,0
1259258,0,0,0,0,0,0
2487344,0,0,0,0,0,0
152794,0,0,0,0,0,0
1851395,0,0,0,0,0,0
28049,0,0,0,0,0,0
2527867,0,0,0,0,0,0
869892,0,0,0,0,0,0
49899,0,0,0,0,0,0
1008460,0,0,0,0,0,0
2734371,0,0,0,0,0,0
768528,19.08357217,0,0,0,0,0
29433,19.08357217,0,0,0,0,0
2825975,19.08357217,0,0,0,0,0
265883,19.08357217,0,0,0,0,0
2039,19.08357217,0,0,0,0,0
2155,19.08357217,0,0,0,0,0
2560679,19.08357217,0,0,0,0,0
3427928,19.08357217,0,0,0,0,0
185588,0,0,0,0,0,0
2973088,0,0,0,0,0,0
556053,0,0,0,0,0,0
2859226,0,0,0,0,0,0
2057798,0,0,0,0,0,0
1111069,0,0,0,0,0,0
88190,0,0,0,0,0,0
35745,0,0,0,0,0,0
2876190,0,0,0,0,0,0
2875961,18.21613707,0,0,0,0,0
33994,18.21613707,0,0,0,0,0
742013,18.21613707,0,0,0,0,0
1721,18.21613707,0,0,0,0,0
2173174,18.21613707,0,0,0,0,0
3016096,18.21613707,0,0,0,0,0
311400,18.21613707,0,0,0,0,0
3427844,18.21613707,0,0,0,0,0
2733635,18.21613707,0,0,0,0,0
3068353,18.21613707,0,0,0,0,0
1980946,18.21613707,0,0,0,0,0
307466,18.21613707,0,0,0,0,0
342409,18.21613707,0,0,0,0,0
2170255,18.21613707,0,0,0,0,0
2730425,0,0,0,0,0,0
2986281,0,0,0,0,0,0
2079791,0,0,0,0,0,0
3447965,0,0,0,0,0,0
33905,0,0,0,0,0,0
2734634,0,0,0,0,0,0
2682776,0,0,0,0,0,0
2026885,0,0,0,0,0,0
1457250,0,0,0,0,0,0
3144666,17.34870197,0,0,0,0,0
647,17.34870197,0,0,0,0,0
931101,17.34870197,0,0,0,0,0
287948,17.34870197,0,0,0,0,0
2983213,17.34870197,0,0,0,0,0
78259,17.34870197,0,0,0,0,0
3031114,17.34870197,0,0,0,0,0
2956048,17.34870197,0,0,0,0,0
3060305,17.34870197,0,0,0,0,0
3430497,17.34870197,0,0,0,0,0
3060653,17.34870197,0,0,0,0,0
1655646,17.34870197,0,0,0,0,0
399742,16.48126687,0,0,0,0,0
2817414,16.48126687,0,0,0,0,0
2605424,16.48126687,0,0,0,0,0
83557,16.48126687,0,0,0,0,0
2921382,16.48126687,0,0,0,0,0
2025492,16.48126687,0,0,0,0,0
2594494,16.48126687,0,0,0,0,0
2890314,16.48126687,0,0,0,0,0
1671,16.48126687,0,0,0,0,0
3022127,16.48126687,0,0,0,0,0
108007,16.48126687,0,0,0,0,0
2269,16.48126687,0,0,0,0,0
2734145,16.48126687,0,0,0,0,0
3431480,16.48126687,0,0,0,0,0
3052670,16.48126687,0,0,0,0,0
3052684,16.48126687,0,0,0,0,0
1922860,16.48126687,0,0,0,0,0
1923643,16.48126687,0,0,0,0,0
3427966,16.48126687,0,0,0,0,0
3048408,16.48126687,0,0,0,0,0
278132,0,0,0,0,0,0
2737173,0,0,0,0,0,0
271,0,0,0,0,0,0
1602166,15.61383177,0,0,0,0,0
136094,15.61383177,0,0,0,0,0
3402017,15.61383177,0,0,0,0,0
3062275,15.61383177,0,0,0,0,0
43674,15.61383177,0,0,0,0,0
1816183,15.61383177,0,0,0,0,0
2560496,15.61383177,0,0,0,0,0
1985693,15.61383177,0,0,0,0,0
1980429,15.61383177,0,0,0,0,0
3047697,15.61383177,0,0,0,0,0
3047704,15.61383177,0,0,0,0,0
3047352,15.61383177,0,0,0,0,0
3047953,15.61383177,0,0,0,0,0
3052219,15.61383177,0,0,0,0,0
3342641,0,0,0,0,0,0
3017361,0,0,0,0,0,0
2495645,0,0,0,0,0,0
3079930,0,0,0,0,0,0
2763056,0,0,0,0,0,0
2836432,0,0,0,0,0,0
1873524,0,0,0,0,0,0
1982371,0,0,0,0,0,0
1821960,14.74639667,0,0,0,0,0
3416667,14.74639667,0,0,0,0,0
3398207,14.74639667,0,0,0,0,0
3399689,14.74639667,0,0,0,0,0
2709410,14.74639667,0,0,0,0,0
2023260,14.74639667,0,0,0,0,0
69525,14.74639667,0,0,0,0,0
2955511,14.74639667,0,0,0,0,0
2846180,14.74639667,0,0,0,0,0
2846435,14.74639667,0,0,0,0,0
3050140,14.74639667,0,0,0,0,0
3427923,14.74639667,0,0,0,0,0
1917232,14.74639667,0,0,0,0,0
3426550,14.74639667,0,0,0,0,0
3418654,14.74639667,0,0,0,0,0
3051421,14.74639667,0,0,0,0,0
3388489,13.87896158,0,0,0,0,0
3016341,13.87896158,0,0,0,0,0
2745503,13.87896158,0,0,0,0,0
716,13.87896158,0,0,0,0,0
713030,13.87896158,0,0,0,0,0
1436085,13.87896158,0,0,0,0,0
3059852,13.87896158,0,0,0,0,0
2733994,13.87896158,0,0,0,0,0
2560455,13.87896158,0,0,0,0,0
2843770,13.87896158,0,0,0,0,0
1406788,13.87896158,0,0,0,0,0
2845523,13.87896158,0,0,0,0,0
2734390,13.87896158,0,0,0,0,0
3060785,13.87896158,0,0,0,0,0
3048195,13.87896158,0,0,0,0,0
2955431,13.87896158,0,0,0,0,0
3426832,13.87896158,0,0,0,0,0
54254,0,0,0,0,0,0
1987150,0,0,0,0,0,0
3432133,0,0,0,0,0,0
3048435,0,0,0,0,0,0
1914861,13.01152648,0,0,0,0,0
3461145,13.01152648,0,0,0,0,0
2895490,13.01152648,0,0,0,0,0
96495,13.01152648,0,0,0,0,0
2686014,13.01152648,0,0,0,0,0
1614,13.01152648,0,0,0,0,0
1852379,13.01152648,0,0,0,0,0
299422,13.01152648,0,0,0,0,0
2734102,13.01152648,0,0,0,0,0
2955907,13.01152648,0,0,0,0,0
3433337,13.01152648,0,0,0,0,0
3050281,13.01152648,0,0,0,0,0
3431616,13.01152648,0,0,0,0,0
2116599,13.01152648,0,0,0,0,0
1100043,13.01152648,0,0,0,0,0
181487,0,0,0,0,0,0
3158571,12.14409138,0,0,0,0,0
1258,12.14409138,0,0,0,0,0
3059703,12.14409138,0,0,0,0,0
2844144,12.14409138,0,0,0,0,0
3060803,12.14409138,0,0,0,0,0
3060630,12.14409138,0,0,0,0,0
880161,12.14409138,0,0,0,0,0
3052448,12.14409138,0,0,0,0,0
3052587,12.14409138,0,0,0,0,0
2654238,11.27665628,0,0,0,0,0
2867409,11.27665628,0,0,0,0,0
2769067,11.27665628,0,0,0,0,0
1985716,11.27665628,0,0,0,0,0
2846183,11.27665628,0,0,0,0,0
2845410,11.27665628,0,0,0,0,0
3052596,11.27665628,0,0,0,0,0
1027468,11.27665628,0,0,0,0,0
1965238,11.27665628,0,0,0,0,0
3418653,11.27665628,0,0,0,0,0
3047831,11.27665628,0,0,0,0,0
3052207,11.27665628,0,0,0,0,0
1603038,10.40922118,0,0,0,0,0
2871493,10.40922118,0,0,0,0,0
2805427,10.40922118,0,0,0,0,0
2560423,10.40922118,0,0,0,0,0
3060027,10.40922118,0,0,0,0,0
3048333,10.40922118,0,0,0,0,0
3432138,10.40922118,0,0,0,0,0
3250174,10.40922118,0,0,0,0,0
219584,10.40922118,0,0,0,0,0
1503293,10.40922118,0,0,0,0,0
2843810,10.40922118,0,0,0,0,0
1746064,10.40922118,0,0,0,0,0
346881,10.40922118,0,0,0,0,0
3399680,9.541786084,0,0,0,0,0
104955,9.541786084,0,0,0,0,0
2572088,9.541786084,0,0,0,0,0
3429984,9.541786084,0,0,0,0,0
2846159,9.541786084,0,0,0,0,0
3052549,9.541786084,0,0,0,0,0
2956521,9.541786084,0,0,0,0,0
3240513,9.541786084,0,0,0,0,0
3427221,9.541786084,0,0,0,0,0
3431239,9.541786084,0,0,0,0,0
40050,9.541786084,0,0,0,0,0
3051418,9.541786084,0,0,0,0,0
2955240,9.541786084,0,0,0,0,0
1959845,9.541786084,0,0,0,0,0
3345112,8.674350985,0,0,0,0,0
2968831,8.674350985,0,0,0,0,0
2051,8.674350985,0,0,0,0,0
3127115,8.674350985,0,0,0,0,0
1980959,8.674350985,0,0,0,0,0
2560434,8.674350985,0,0,0,0,0
1357714,8.674350985,0,0,0,0,0
148943,8.674350985,0,0,0,0,0
3050268,8.674350985,0,0,0,0,0
2845680,8.674350985,0,0,0,0,0
1923622,8.674350985,0,0,0,0,0
3048237,8.674350985,0,0,0,0,0
3060633,8.674350985,0,0,0,0,0
2049444,8.674350985,0,0,0,0,0