,122021_Coralina_2021_Baya_013_DLAB_S43,122021_Coralina_2021_Baya_015_DLAB_S44
2057741,82659.0219,42496.8219
5722,2789.722723,3323.16596
562,22410.25878,6279.848367
588596,5841.463603,6289.39221
573,5163.298963,3941.606954
1747,8107.150013,5142.222341
28901,6273.022919,1460.207903
1396,4022.749341,2092.010277
470,4331.005996,2431.77107
1280,3082.566545,2468.037671
492670,2527.704567,2071.013823
1428,4331.005996,2000.389389
2004662,2481.466069,1675.898744
287,4531.372821,1305.597655
3066369,0,70.62443453
1173583,0,22.90522201
1502,2404.401905,1813.330076
647221,493.2106472,4979.977018
9,2805.135556,1937.400028
1325120,16522.55668,8264.967608
158836,1895.778425,687.1566603
1351,2851.374054,1819.056381
5811,1541.283272,1603.365541
1491,1402.567778,1236.881988
208375,12237.78918,5701.491512
1936156,924.7699635,412.2939962
1219,2835.961221,1087.998045
1405,2404.401905,996.3771574
1795815,3884.033847,664.2514383
1404,1957.429756,1471.660514
1929291,508.6234799,118.343647
27350,1094.311123,1654.90229
192812,0,0
450367,847.7057998,1217.794303
1406,1063.485458,345.4870986
1282,3930.272345,1194.889081
44689,1618.347436,1217.794303
3344828,10419.07492,4701.296817
5825,693.5774726,933.3877969
1653831,1510.457607,1261.695979
587,1911.191258,1446.846524
1496,801.4673017,723.4232618
3021011,0,0
5827,631.9261417,545.9077912
546,2573.943065,2405.048311
40559,1433.393443,1267.422284
208348,739.8159708,1007.829768
5821,647.3389744,339.7607931
85471,1325.503614,1242.608294
587753,863.1186326,536.3639487
210,1787.888596,1412.488691
303,1448.806276,774.9600113
28198,493.2106472,433.2904497
3140245,8492.470831,3508.316504
3140244,7953.021686,4033.227842
3425945,0,0
3410088,7629.352199,3712.554734
1583098,0,40.08413852
1358,1279.265116,780.6863168
358,2481.466069,975.3807039
29448,5194.124628,3361.34133
41,0,0
1267423,14318.5216,6096.606591
1520,1495.044774,1233.064451
68213,0,0
2562892,893.944298,608.8971517
5860,601.1004763,782.5950853
1404443,7459.811039,3325.074728
1352,1602.934603,721.5144933
5861,601.1004763,377.9361631
2761107,0,0
1492,262.0181563,419.9290702
1117645,940.1827962,467.6482827
2058762,1433.393443,713.8794193
288000,8399.993835,9414.046246
911045,0,255.7749791
1071379,1186.78812,708.1531138
1442551,4115.226337,190.8768501
40324,1171.375287,708.1531138
28031,1248.439451,742.5109468
1325100,6026.417595,3050.212064
145971,863.1186326,341.6695616
238834,539.4491454,484.8271992
1296,493.2106472,635.6199107
197,0,662.3426698
48296,1078.898291,429.4729127
585,508.6234799,158.4277856
94643,940.1827962,503.9148842
907046,493.2106472,68.71566603
2306583,0,0
28197,554.8619781,395.1150797
316,1417.980611,355.0309411
27289,770.6416362,1000.194694
83637,5147.88613,2708.542503
1660078,0,0
1505,1602.934603,1263.604747
5850,385.3208181,341.6695616
28116,0,0
5507,1048.072625,1559.463865
1314,0,280.5889696
986,1464.219109,450.4693662
1624,1741.650098,175.6067021
5476,1125.136789,1210.159229
35128,601.1004763,824.5879923
2653203,0,0
1397703,878.5314653,1223.520609
28108,446.972149,347.3958671
5141,292.8438218,257.6837476
40214,2466.053236,2002.298157
2704140,277.430989,55.35428652
1307,493.2106472,908.5738064
253,508.6234799,612.7146887
1587,878.5314653,939.1141024
1639,446.972149,379.8449316
5858,1664.585934,843.6756773
1197460,5132.473297,2513.848115
4779,662.7518072,761.5986318
644,400.7336508,498.1885787
384,1171.375287,530.6376432
42374,1310.090782,669.9777438
208452,924.7699635,1128.082184
69781,524.0363126,423.7466072
1931238,1340.916447,41.99290702
1423,0,1399.127311
1775881,0,0
1590,431.5593163,217.5996091
615,1202.200953,244.3223681
34073,786.054469,370.3010891
5854,0,864.6721308
446,446.972149,469.5570512
913109,0,70.62443453
1159556,369.9079854,732.9671043
5127,708.9903053,458.1044402
1501,385.3208181,284.4065066
5855,708.9903053,410.3852277
64104,339.0823199,406.5676907
34085,400.7336508,782.5950853
36914,354.4951527,292.0415806
738,184.9539927,334.0344876
1303,277.430989,313.0380341
680,416.1464836,454.2869032
4896,739.8159708,257.6837476
2268451,2990.089549,160.3365541
2748629,4269.354665,2393.5957
158,0,272.9538956
1126,1094.311123,698.6092713
3003349,0,0
2704654,0,0
663,893.944298,349.3046356
3139728,5194.124628,2494.76043
121627,292.8438218,547.8165597
1578925,462.3849817,599.3533092
1069201,662.7518072,612.7146887
45286,354.4951527,146.9751746
36845,308.2566545,393.2063112
670,262.0181563,568.8130132
1922217,554.8619781,429.4729127
148305,539.4491454,526.8201062
263511,493.2106472,290.1328121
1303590,200.3668254,137.4313321
1898042,0,0
36050,493.2106472,536.3639487
5454,292.8438218,282.4977381
5147,801.4673017,1107.08573
76857,477.7978145,425.6553757
280754,308.2566545,479.1008937
459526,277.430989,213.7820721
1404429,4192.290501,2101.554119
83641,4392.657326,1987.028009
2916754,200.3668254,152.7014801
29388,416.1464836,404.6589222
5833,662.7518072,742.5109468
669,1001.834127,274.8626641
1892,0,62.98936052
196024,416.1464836,334.0344876
2321133,354.4951527,265.3188216
2099387,724.4031381,828.4055293
317,1340.916447,517.2762637
880535,431.5593163,221.4171461
5691,323.6694872,290.1328121
1503041,0,20.99645351
1355477,1695.4116,874.2159733
1462615,184.9539927,532.5464117
550,0,78.25950853
2743,0,0
5807,786.054469,240.5048311
5824,0,603.1708462
101201,262.0181563,265.3188216
463800,524.0363126,616.5322257
996,323.6694872,208.0557666
2721244,0,942.9316394
107401,0,87.80335103
1290,354.4951527,183.2417761
2697010,2404.401905,4865.450908
500148,262.0181563,332.1257191
817,0,274.8626641
36745,539.4491454,353.1221726
4952,416.1464836,763.5074003
4975,385.3208181,297.7678861
584,832.2929671,515.3674952
367791,3776.144018,4096.217203
28132,1109.723956,788.3213908
36839,539.4491454,481.0096622
2066072,1695.4116,1156.713711
181124,231.1924909,547.8165597
165179,446.972149,509.6411897
132608,169.54116,82.07704553
188913,215.7796581,240.5048311
38293,246.6053236,209.9645351
101028,416.1464836,498.1885787
3240067,0,0
181762,354.4951527,425.6553757
2034170,323.6694872,322.5818766
34406,262.0181563,620.3497627
43675,2142.383749,1464.02544
43658,277.430989,131.7050266
1206,323.6694872,566.9042447
195108,601.1004763,658.5251328
42260,616.513309,376.0273946
2764711,585.6876435,95.43842504
76859,477.7978145,931.4790284
3133280,0,0
796027,231.1924909,225.2346831
453459,369.9079854,82.07704553
63577,616.513309,612.7146887
715475,0,0
1220207,477.7978145,349.3046356
1598,416.1464836,820.7704553
1437360,1063.485458,519.1850322
1421,755.2288035,456.1956717
346,0,0
318829,616.513309,652.7988273
851,400.7336508,259.5925161
45151,631.9261417,715.7881878
48095,539.4491454,528.7288747
1160,400.7336508,295.8591176
1006,585.6876435,461.9219772
244734,2851.374054,1383.857163
1419277,3483.300196,1715.982882
199306,416.1464836,398.9326167
959,369.9079854,292.0415806
696485,647.3389744,104.9822675
3101277,524.0363126,192.7856186
779,0,202.3294611
36035,323.6694872,188.9680816
113608,863.1186326,944.8404079
2745196,0,40.08413852
1328300,416.1464836,192.7856186
2663009,323.6694872,106.891036
1573823,739.8159708,864.6721308
314275,354.4951527,372.2098576
666563,0,685.2478918
28450,816.8801344,240.5048311
33038,400.7336508,513.4587267
4924,940.1827962,507.7324212
79883,508.6234799,530.6376432
28985,323.6694872,276.7714326
2583452,385.3208181,255.7749791
324769,554.8619781,505.8236527
2748319,0,108.7998045
1904463,477.7978145,496.2798102
1288,246.6053236,181.3330076
273371,0,160.3365541
78579,215.7796581,425.6553757
1784714,0,47.71921252
197653,940.1827962,582.1743927
293387,0,91.62088804
582,339.0823199,322.5818766
1004,262.0181563,106.891036
37727,292.8438218,213.7820721
1714849,154.1283272,757.7810948
136468,0,0
1283,292.8438218,261.5012846
1460447,0,127.8874895
2546360,477.7978145,160.3365541
818,292.8438218,627.9848367
729,801.4673017,421.8378387
1478,0,206.1469981
258,354.4951527,332.1257191
1080349,385.3208181,540.1814857
630,0,866.5808993
456999,724.4031381,832.2230663
1775926,323.6694872,381.7537001
1685958,3144.217876,1156.713711
155978,662.7518072,1500.292042
83655,0,362.6660151
40410,385.3208181,469.5570512
76335,1202.200953,1744.61441
548,308.2566545,124.0699525
172371,0,36.26660151
324770,246.6053236,545.9077912
1517,416.1464836,414.2027647
2060973,200.3668254,219.5083776
1588,1525.87044,1954.578945
333140,215.7796581,150.7927116
1507512,2527.704567,3996.961241
2778902,0,40.08413852
246432,0,278.6802011
1335,0,110.708573
3239899,0,36.26660151
2845819,0,26.72275901
5868,200.3668254,148.8839431
4909,277.430989,412.2939962
1392,0,2782.984474
727,369.9079854,557.3604022
1714848,0,206.1469981
1076,539.4491454,179.4242391
52584,231.1924909,169.8803966
29176,446.972149,685.2478918
104268,0,41.99290702
756892,693.5774726,66.80689753
930124,446.972149,187.0593131
5665,354.4951527,481.0096622
1561,339.0823199,788.3213908
1912,0,0
169679,585.6876435,322.5818766
36651,585.6876435,439.0167552
113287,0,0
1509,0,51.53674952
2608089,354.4951527,349.3046356
5007,431.5593163,280.5889696
1155739,616.513309,503.9148842
1648,0,366.4835521
1685970,2234.860745,1248.334599
4959,524.0363126,272.9538956
553611,323.6694872,314.9468026
1534,262.0181563,217.5996091
1354,0,57.26305502
1191912,0,425.6553757
3139729,3976.510843,1901.133427
672,493.2106472,421.8378387
1054033,354.4951527,418.0203017
2850,477.7978145,700.5180398
29562,462.3849817,150.7927116
1393,184.9539927,238.5960626
3028315,0,66.80689753
5872,184.9539927,425.6553757
2576904,0,160.3365541
28037,1094.311123,763.5074003
201,277.430989,299.6766546
182096,570.2748108,460.0132087
856,277.430989,316.8555711
412384,708.9903053,408.4764592
182773,0,95.43842504
38304,1741.650098,652.7988273
1617448,262.0181563,53.44551802
247,477.7978145,337.8520246
5875,246.6053236,91.62088804
190893,1340.916447,811.2266128
654,262.0181563,255.7749791
1042133,1155.962454,2905.145658
80884,246.6053236,259.5925161
419475,0,0
228899,0,66.80689753
2954086,0,0
823,0,61.08059202
2591606,0,99.25596204
1714860,662.7518072,637.5286792
1463165,0,70.62443453
747,0,124.0699525
171437,323.6694872,62.98936052
114525,246.6053236,152.7014801
373994,262.0181563,150.7927116
45972,0,152.7014801
1286,0,114.52611
1547,262.0181563,187.0593131
27288,0,198.5119241
37326,524.0363126,101.1647305
1872427,400.7336508,305.4029601
5518,631.9261417,668.0689753
59893,0,137.4313321
122368,184.9539927,167.9716281
2795000,616.513309,303.4941916
1261031,0,101.1647305
2932258,0,112.6173415
2320868,323.6694872,78.25950853
2208,308.2566545,473.3745882
588,1202.200953,196.6031556
398743,354.4951527,259.5925161
4911,462.3849817,269.1363586
254839,0,0
1404411,2142.383749,1441.120218
1304,878.5314653,799.7740018
1311,2928.438218,1826.691455
1574161,0,93.52965654
1465,0,250.0486736
2725666,1310.090782,801.6827703
239,308.2566545,387.4800056
2975289,0,0
2587410,246.6053236,198.5119241
254,400.7336508,423.7466072
77097,570.2748108,316.8555711
40215,0,240.5048311
106654,277.430989,370.3010891
571177,693.5774726,185.1505446
1134687,0,53.44551802
564305,462.3849817,519.1850322
432096,292.8438218,507.7324212
1942464,0,20.99645351
343874,339.0823199,74.44197153
348837,585.6876435,605.0796147
5499,539.4491454,503.9148842
2934315,169.54116,51.53674952
59779,0,36.26660151
2994555,308.2566545,267.2275901
379064,678.1646399,652.7988273
100886,0,356.9397096
199,416.1464836,448.5605977
1530123,0,458.1044402
2759660,0,162.2453226
28182,0,34.35783301
1399,724.4031381,689.0654288
244366,0,458.1044402
1218801,0,343.5783301
371601,400.7336508,0
33045,0,22.90522201
5478,308.2566545,484.8271992
1260,231.1924909,78.25950853
2774873,0,0
1382466,292.8438218,219.5083776
1408,0,68.71566603
2545709,0,194.6943871
1490,231.1924909,328.3081821
4956,262.0181563,146.9751746
191579,0,0
332186,1279.265116,1183.43647
3034676,1464.219109,862.7633623
1196083,400.7336508,299.6766546
1047171,154.1283272,385.5712371
294,678.1646399,795.9564648
2738,0,162.2453226
173,3699.079854,255.7749791
655353,446.972149,820.7704553
283734,462.3849817,269.1363586
38313,0,66.80689753
72144,400.7336508,244.3223681
360422,184.9539927,240.5048311
43657,277.430989,389.3887742
1615909,0,116.4348785
28898,0,0
2795738,477.7978145,103.073499
564,354.4951527,251.9574421
2686362,570.2748108,387.4800056
2749052,0,0
163877,0,133.6137951
2864201,0,89.71211953
1550579,308.2566545,397.0238482
62322,354.4951527,225.2346831
1979344,262.0181563,292.0415806
2686077,215.7796581,311.1292656
98403,184.9539927,624.1672997
2749995,847.7057998,603.1708462
2921687,0,0
159,431.5593163,353.1221726
2027860,339.0823199,347.3958671
339,1417.980611,885.6685843
102116,539.4491454,372.2098576
1355330,0,204.2382296
33959,169.54116,145.0664061
231049,0,108.7998045
2068654,0,221.4171461
784,215.7796581,349.3046356
1603555,0,0
3140247,3745.318352,1920.221112
5270,154.1283272,185.1505446
2029677,0,30.54029601
996801,323.6694872,272.9538956
2794344,0,62.98936052
648,1217.613785,618.4409942
13502,231.1924909,82.07704553
4932,631.9261417,585.9919297
2878255,0,47.71921252
1305,369.9079854,414.2027647
569,570.2748108,311.1292656
1742359,200.3668254,156.5190171
2954661,0,64.89812903
328812,292.8438218,55.35428652
55601,0,0
2282170,0,40.08413852
2779359,0,143.1576376
33035,339.0823199,288.2240436
1306274,0,135.5225636
713887,200.3668254,217.5996091
71237,169.54116,240.5048311
6039,154.1283272,219.5083776
1355374,400.7336508,419.9290702
2516557,0,110.708573
2231603,308.2566545,173.6979336
112234,0,64.89812903
2806551,0,133.6137951
5664,0,78.25950853
1872629,277.430989,139.3401006
2371,246.6053236,152.7014801
29384,0,452.3781347
285,647.3389744,139.3401006
1451,292.8438218,0
1080223,554.8619781,479.1008937
666,0,418.0203017
1908341,323.6694872,70.62443453
2494373,631.9261417,225.2346831
826,601.1004763,213.7820721
33033,369.9079854,122.161184
3070681,1587.521771,1883.95451
255507,385.3208181,465.7395142
2768948,385.3208181,295.8591176
2808900,416.1464836,362.6660151
5874,400.7336508,236.6872941
1894999,0,0
85698,1417.980611,591.7182352
746128,169.54116,335.9432561
50741,0,356.9397096
1185412,200.3668254,162.2453226
162425,708.9903053,152.7014801
280333,1757.062931,1116.629573
2686210,0,146.9751746
89586,0,64.89812903
1493872,277.430989,288.2240436
104270,385.3208181,366.4835521
44935,601.1004763,229.0522201
1241981,0,412.2939962
2283160,200.3668254,122.161184
1855912,0,49.62798102
2761500,0,257.6837476
2704465,0,70.62443453
704125,477.7978145,269.1363586
2739062,292.8438218,127.8874895
3093875,0,34.35783301
314281,0,62.98936052
1774273,184.9539927,89.71211953
1050635,1202.200953,263.4100531
70799,0,129.7962581
280036,524.0363126,406.5676907
37769,786.054469,408.4764592
996558,0,108.7998045
224012,369.9079854,227.1434516
2847778,0,0
104,154.1283272,108.7998045
2681766,154.1283272,368.3923206
76759,0,324.4906451
2999116,786.054469,103.073499
2527964,262.0181563,183.2417761
2419841,323.6694872,137.4313321
651561,385.3208181,490.5535047
3134896,0,49.62798102
4950,0,74.44197153
1647413,0,64.89812903
2420300,0,0
1313,462.3849817,173.6979336
2748,200.3668254,74.44197153
279356,0,444.7430607
3384157,601.1004763,465.7395142
3074109,816.8801344,1299.871349
3158075,154.1283272,76.35074003
164546,508.6234799,143.1576376
3031997,0,339.7607931
311410,0,0
2770780,0,574.5393187
2653681,0,187.0593131
55603,200.3668254,213.7820721
3059026,601.1004763,259.5925161
1912871,0,104.9822675
2897333,0,440.9255237
1798806,0,0
750,308.2566545,412.2939962
54571,0,62.98936052
1513,462.3849817,416.1115332
1855336,2003.668254,1985.119241
2893882,0,41.99290702
152268,0,53.44551802
1870903,631.9261417,299.6766546
1363,0,213.7820721
1402861,200.3668254,320.6731081
877500,154.1283272,72.53320303
2005462,0,282.4977381
1452,416.1464836,324.4906451
166486,0,104.9822675
380,308.2566545,106.891036
2975676,0,0
1597,0,116.4348785
3447503,647.3389744,505.8236527
2763062,0,0
51669,0,175.6067021
294671,0,0
108980,0,246.2311366
2976982,0,74.44197153
83451,323.6694872,200.4206926
687844,0,351.2134041
56,0,244.3223681
28131,0,173.6979336
668,0,267.2275901
2961520,200.3668254,150.7927116
192,0,76.35074003
352475,786.054469,101.1647305
46234,0,230.9609886
379347,0,53.44551802
3231550,200.3668254,780.6863168
2975622,0,0
1307839,0,137.4313321
1238,292.8438218,148.8839431
2567941,493.2106472,78.25950853
208199,801.4673017,406.5676907
1655500,0,135.5225636
2500547,169.54116,57.26305502
754423,369.9079854,511.5499582
114524,524.0363126,221.4171461
2904242,616.513309,290.1328121
47466,0,55.35428652
196,739.8159708,538.2727172
235986,0,28.63152751
373,0,103.073499
1492737,0,106.891036
365349,154.1283272,259.5925161
197482,0,272.9538956
549,0,97.34719354
2831149,0,0
3027472,231.1924909,0
79880,0,164.1540911
157687,0,229.0522201
1537215,0,0
3052091,0,99.25596204
2545455,585.6876435,269.1363586
60550,0,120.2524155
1915309,0,131.7050266
33028,570.2748108,313.0380341
1492771,0,0
979,0,219.5083776
209247,215.7796581,66.80689753
3369658,0,0
2027857,0,202.3294611
2961995,0,0
2782665,1186.78812,528.7288747
58343,678.1646399,53.44551802
1896175,0,0
1074311,0,169.8803966
2724135,0,347.3958671
2778370,0,0
308354,323.6694872,500.0973472
2049305,200.3668254,208.0557666
2779362,0,177.5154706
33011,0,164.1540911
2907623,0,175.6067021
117187,0,532.5464117
2918453,200.3668254,221.4171461
2315449,385.3208181,219.5083776
947919,493.2106472,49.62798102
28110,955.5956289,257.6837476
1542,200.3668254,49.62798102
2893884,292.8438218,397.0238482
161358,292.8438218,47.71921252
2209,184.9539927,129.7962581
1604,0,0
3415140,385.3208181,101.1647305
413889,0,0
106648,2250.273578,794.0476963
1639133,0,0
256,724.4031381,439.0167552
2816357,0,188.9680816
754397,0,152.7014801
67352,570.2748108,53.44551802
223967,631.9261417,299.6766546
45285,184.9539927,28.63152751
2493639,0,4491.332282
2725414,308.2566545,131.7050266
2856519,2419.814738,2805.889696
3101276,246.6053236,34.35783301
570161,0,108.7998045
1584,0,20.99645351
1550240,277.430989,183.2417761
1890302,0,68.71566603
1911586,446.972149,313.0380341
27291,477.7978145,368.3923206
1265445,0,223.3259146
373672,431.5593163,175.6067021
260714,0,19.08768501
1493,739.8159708,507.7324212
58346,616.513309,3103.657582
155322,524.0363126,822.6792238
1734106,184.9539927,280.5889696
1287690,262.0181563,83.98581403
1379,246.6053236,135.5225636
1967498,539.4491454,30.54029601
1357545,0,0
3070677,0,0
323732,0,146.9751746
2913506,0,162.2453226
2893885,0,41.99290702
218144,678.1646399,429.4729127
685565,246.6053236,509.6411897
3349875,0,32.44906451
46126,554.8619781,490.5535047
1871086,446.972149,131.7050266
2004710,570.2748108,545.9077912
446679,292.8438218,439.0167552
2576902,277.430989,28.63152751
2594004,0,24.81399051
2706014,0,34.35783301
174633,0,122.161184
1622118,0,146.9751746
2654325,246.6053236,223.3259146
2736252,354.4951527,448.5605977
2212991,0,127.8874895
2546359,246.6053236,183.2417761
1397,262.0181563,242.4135996
2596890,385.3208181,324.4906451
2917832,0,372.2098576
1178,0,28.63152751
29378,369.9079854,297.7678861
2822846,940.1827962,225.2346831
119219,0,61.08059202
2903611,0,0
241425,369.9079854,303.4941916
1850246,462.3849817,364.5747836
45655,0,190.8768501
1977864,1726.237265,238.5960626
84023,0,0
2487065,0,110.708573
5660,0,166.0628596
1234841,308.2566545,253.8662106
2115968,0,836.0406033
3158171,0,0
1917830,0,49.62798102
2594042,0,30.54029601
1170699,0,330.2169506
2855841,0,221.4171461
981384,262.0181563,124.0699525
39491,0,104.9822675
2900152,0,0
1366,400.7336508,292.0415806
437897,200.3668254,32.44906451
1488,231.1924909,66.80689753
2864206,0,0
158849,0,179.4242391
588726,431.5593163,240.5048311
2584122,262.0181563,78.25950853
2816908,262.0181563,561.1779392
51663,0,0
636,446.972149,370.3010891
3074094,0,0
1850252,0,26.72275901
1836467,0,156.5190171
5865,0,47.71921252
1168034,0,217.5996091
2962858,0,41.99290702
2499688,246.6053236,187.0593131
39488,0,87.80335103
1336804,292.8438218,242.4135996
584609,246.6053236,318.7643396
2898187,154.1283272,259.5925161
2748320,0,32.44906451
467094,416.1464836,22.90522201
42858,200.3668254,99.25596204
2183896,0,34.35783301
250,1525.87044,311.1292656
28035,0,78.25950853
2267275,0,110.708573
616991,0,227.1434516
76775,369.9079854,246.2311366
603050,0,34.35783301
247523,369.9079854,278.6802011
2682810,0,64.89812903
34105,0,66.80689753
3395320,200.3668254,257.6837476
1637975,184.9539927,223.3259146
29494,0,530.6376432
24,786.054469,874.2159733
3127472,400.7336508,183.2417761
28188,0,82.07704553
208479,0,45.81044402
999,0,400.8413852
3064703,0,217.5996091
28454,0,53.44551802
2829569,0,43.90167552
2478552,0,183.2417761
246787,277.430989,53.44551802
29380,0,24.81399051
2812896,616.513309,49.62798102
206,169.54116,87.80335103
2506420,0,106.891036
821,0,120.2524155
86664,400.7336508,511.5499582
3342247,0,263.4100531
1504,200.3668254,106.891036
118163,0,70.62443453
1411316,570.2748108,435.1992182
2986823,0,471.4658197
146819,323.6694872,118.343647
138563,0,38.17537001
179879,0,36.26660151
3233381,0,334.0344876
1855823,184.9539927,452.3781347
2911172,0,49.62798102
663364,0,51.53674952
1928857,0,137.4313321
2746231,0,0
126385,462.3849817,305.4029601
57863,0,0
83564,246.6053236,72.53320303
252967,0,379.8449316
3088895,0,103.073499
2731219,215.7796581,91.62088804
1359,0,53.44551802
199441,0,93.52965654
2767188,0,28.63152751
2738844,0,0
54291,0,0
29466,0,101.1647305
2879938,231.1924909,253.8662106
2921381,0,0
154046,0,59.17182352
315405,0,0
1124,601.1004763,259.5925161
2745560,431.5593163,395.1150797
55529,0,53.44551802
3349876,0,0
540747,508.6234799,24.81399051
1677857,0,0
2341117,462.3849817,532.5464117
342113,0,0
859143,0,40.08413852
2775246,0,76.35074003
1906,0,146.9751746
2017483,0,40.08413852
143232,0,114.52611
486398,0,89.71211953
1348613,339.0823199,328.3081821
1063,0,36.26660151
2764720,0,198.5119241
558152,0,62.98936052
118323,0,280.5889696
2058137,0,70.62443453
79329,154.1283272,40.08413852
561879,0,61.08059202
2102,0,269.1363586
347,493.2106472,146.9751746
2763022,2311.924909,1941.217565
2070463,400.7336508,104.9822675
5208,0,167.9716281
460519,154.1283272,30.54029601
1813611,0,393.2063112
259,801.4673017,767.3249373
2249356,262.0181563,173.6979336
291645,0,43.90167552
2994319,585.6876435,196.6031556
2931930,277.430989,391.2975427
549687,354.4951527,662.3426698
831,292.8438218,286.3152751
109328,0,53.44551802
1241978,0,131.7050266
450,0,108.7998045
2300,277.430989,64.89812903
1532552,169.54116,192.7856186
221822,585.6876435,62.98936052
1397264,292.8438218,566.9042447
2853439,0,183.2417761
871694,0,154.6102486
298657,0,127.8874895
147645,0,53.44551802
29348,0,72.53320303
2751,0,118.343647
1547283,508.6234799,85.89458253
2793010,570.2748108,0
2906077,493.2106472,857.0370568
2570561,0,265.3188216
1481914,400.7336508,34.35783301
28133,246.6053236,213.7820721
174,0,62.98936052
116090,277.430989,154.6102486
985043,462.3849817,494.3710417
2925782,0,76.35074003
184755,0,0
2010992,246.6053236,479.1008937
1556,416.1464836,274.8626641
67304,323.6694872,1332.320414
820,524.0363126,154.6102486
155894,0,114.52611
3344876,0,38.17537001
3118084,0,51.53674952
151895,0,91.62088804
418240,323.6694872,196.6031556
498019,354.4951527,389.3887742
2881428,832.2929671,278.6802011
1859096,277.430989,450.4693662
239935,601.1004763,332.1257191
291644,0,0
148814,0,38.17537001
2912824,0,49.62798102
2830782,0,257.6837476
46224,508.6234799,141.2488691
317936,431.5593163,339.7607931
1177574,215.7796581,160.3365541
2861765,262.0181563,314.9468026
2576903,0,62.98936052
669359,0,118.343647
208226,184.9539927,53.44551802
202956,0,51.53674952
3374599,0,89.71211953
417367,0,194.6943871
3342246,200.3668254,242.4135996
2904246,231.1924909,124.0699525
1424294,0,22.90522201
536441,0,20.99645351
69966,0,282.4977381
1834189,169.54116,55.35428652
247480,385.3208181,250.0486736
1306519,200.3668254,202.3294611
1596,0,0
69,0,22.90522201
2821559,0,0
1462527,0,99.25596204
37919,0,200.4206926
1398,0,0
1278232,0,0
1524260,0,59.17182352
2187,0,133.6137951
1315211,0,30.54029601
155615,0,328.3081821
580165,493.2106472,269.1363586
683124,308.2566545,503.9148842
45656,0,146.9751746
2879939,369.9079854,314.9468026
3095367,0,242.4135996
2546366,354.4951527,360.7572466
1209493,0,0
3070996,0,124.0699525
3034021,2049.906752,3806.08439
2681265,1556.696105,1315.141497
1245,508.6234799,309.2204971
106590,369.9079854,32.44906451
3047875,354.4951527,314.9468026
930972,0,64.89812903
3087234,0,0
2049879,0,74.44197153
1879050,323.6694872,278.6802011
2782641,786.054469,559.2691707
28251,0,61.08059202
76594,0,68.71566603
3047343,0,41.99290702
783,2049.906752,3943.515723
380021,0,127.8874895
3040204,231.1924909,127.8874895
2483110,0,62.98936052
3081750,154.1283272,288.2240436
3440143,231.1924909,301.5854231
106592,554.8619781,377.9361631
1736674,385.3208181,263.4100531
57706,631.9261417,141.2488691
1813871,0,150.7927116
135569,0,0
2835869,0,188.9680816
1178778,0,74.44197153
2745563,0,0
195248,0,0
3231911,0,45.81044402
2764325,246.6053236,158.4277856
221402,0,0
2663022,215.7796581,290.1328121
50719,0,66.80689753
858423,1078.898291,564.9954762
3116594,0,0
754409,0,206.1469981
1170562,154.1283272,146.9751746
1286698,0,347.3958671
2904247,231.1924909,313.0380341
511,0,106.891036
129985,154.1283272,95.43842504
2744027,0,179.4242391
195,662.7518072,103.073499
53345,231.1924909,38.17537001
1790137,292.8438218,103.073499
2772483,0,53.44551802
1740721,0,36.26660151
3028070,231.1924909,219.5083776
56448,0,206.1469981
1216932,0,59.17182352
2986829,184.9539927,217.5996091
332101,0,41.99290702
2979469,0,0
638,1618.347436,1076.545434
1482,200.3668254,502.0061157
119532,0,36.26660151
33970,200.3668254,416.1115332
3243060,154.1283272,62.98936052
3059076,200.3668254,148.8839431
2490635,0,482.9184307
121719,446.972149,250.0486736
488447,0,135.5225636
1979401,246.6053236,28.63152751
2689569,292.8438218,64.89812903
43662,0,47.71921252
3463858,0,0
60961,0,158.4277856
82633,400.7336508,118.343647
1620816,0,0
3108175,0,0
2713573,0,19.08768501
85404,0,143.1576376
81947,0,34.35783301
2488810,0,32.44906451
1969,0,45.81044402
2502784,0,66.80689753
5062,0,0
60552,0,240.5048311
985,0,47.71921252
169760,0,122.161184
2683272,200.3668254,339.7607931
189381,0,145.0664061
759811,0,110.708573
3387402,184.9539927,259.5925161
96345,416.1464836,795.9564648
433286,0,19.08768501
2892440,0,225.2346831
334542,0,0
2093779,0,55.35428652
666686,0,0
71452,169.54116,414.2027647
2587853,0,0
1476025,0,95.43842504
43305,184.9539927,116.4348785
336810,231.1924909,87.80335103
1869241,0,78.25950853
3236815,215.7796581,89.71211953
2818493,0,263.4100531
2829187,292.8438218,187.0593131
1651941,0,89.71211953
363852,0,26.72275901
1268659,0,484.8271992
2038776,431.5593163,595.5357722
2802991,0,125.978721
984207,0,22.90522201
430522,292.8438218,43.90167552
33034,0,26.72275901
373891,323.6694872,248.1399051
44008,277.430989,364.5747836
28199,0,129.7962581
3458683,246.6053236,465.7395142
519450,524.0363126,564.9954762
2926907,184.9539927,167.9716281
577489,215.7796581,43.90167552
3137852,200.3668254,175.6067021
1402135,0,57.26305502
3298610,0,62.98936052
82541,0,32.44906451
3070999,231.1924909,263.4100531
1736,431.5593163,473.3745882
649756,0,32.44906451
222819,0,32.44906451
2913495,0,0
2424,0,0
582475,0,85.89458253
292,0,112.6173415
2726954,0,1303.688886
28087,154.1283272,200.4206926
3034146,446.972149,414.2027647
1871076,215.7796581,114.52611
29552,693.5774726,259.5925161
60890,662.7518072,41.99290702
1936080,323.6694872,143.1576376
853,0,269.1363586
2714927,0,263.4100531
2597771,0,162.2453226
2024843,570.2748108,313.0380341
1592897,0,133.6137951
187304,0,0
2487063,0,0
2951137,0,0
272131,0,57.26305502
3049772,1001.834127,484.8271992
52764,0,61.08059202
202747,0,122.161184
2875539,0,103.073499
754417,446.972149,208.0557666
301,554.8619781,209.9645351
5207,1109.723956,536.3639487
29430,0,24.81399051
212667,816.8801344,1028.826222
246,0,40.08413852
1191459,184.9539927,101.1647305
2605747,0,192.7856186
2904245,0,125.978721
1061,0,59.17182352
343,0,0
1416779,0,22.90522201
3051121,339.0823199,219.5083776
2151,0,30.54029601
553239,0,22.90522201
2546356,215.7796581,45.81044402
158822,0,30.54029601
264023,0,64.89812903
2705473,524.0363126,156.5190171
2148,0,181.3330076
2723089,0,45.81044402
3393449,0,0
2929510,385.3208181,519.1850322
263,1155.962454,211.8733036
1308,200.3668254,324.4906451
1705566,246.6053236,234.7785256
2867020,416.1464836,0
2921503,0,0
2841925,0,0
2320140,0,0
1965231,154.1283272,124.0699525
40545,0,0
29497,369.9079854,238.5960626
983544,323.6694872,225.2346831
327575,0,0
39496,292.8438218,265.3188216
2742683,0,61.08059202
72026,0,82.07704553
2930131,0,36.26660151
3350403,0,70.62443453
200991,0,95.43842504
421767,0,0
76832,0,471.4658197
80816,0,118.343647
1648923,0,68.71566603
483913,0,0
2740405,0,372.2098576
28189,0,398.9326167
2862460,0,40.08413852
2954771,1155.962454,606.9883832
208962,0,125.978721
95486,0,116.4348785
34087,0,146.9751746
28112,493.2106472,232.8697571
1580590,0,229.0522201
76259,277.430989,40.08413852
2703787,385.3208181,608.8971517
2093780,0,158.4277856
2497879,0,0
2929800,0,0
2487072,0,49.62798102
3418555,0,127.8874895
2949996,0,221.4171461
1970093,0,64.89812903
1390,1109.723956,753.9635578
1854492,462.3849817,471.4658197
2879427,0,118.343647
2108365,0,59.17182352
264686,200.3668254,177.5154706
1970738,0,72.53320303
2571030,215.7796581,502.0061157
563172,0,99.25596204
3075618,0,20.99645351
1263550,0,0
180282,0,599.3533092
861,0,139.3401006
571,0,59.17182352
2292766,0,0
573570,292.8438218,0
111781,246.6053236,78.25950853
1247712,462.3849817,513.4587267
2050967,0,0
28213,0,0
512649,0,22.90522201
5866,0,51.53674952
29324,0,49.62798102
687,0,26.72275901
2665914,215.7796581,286.3152751
641107,601.1004763,599.3533092
1571,0,116.4348785
1785996,0,0
2672567,215.7796581,87.80335103
2715131,200.3668254,263.4100531
2686363,585.6876435,129.7962581
574376,0,0
3080015,1248.439451,719.6057248
2024849,2388.989072,166.0628596
421058,0,0
371142,0,19.08768501
1473112,0,169.8803966
3439050,0,41.99290702
2590012,0,32.44906451
2864040,0,124.0699525
215813,0,0
2976818,0,45.81044402
3060758,0,0
1498,231.1924909,166.0628596
1413,493.2106472,179.4242391
2686304,0,110.708573
1826872,0,0
1310165,0,116.4348785
708186,0,213.7820721
745310,0,0
1859122,308.2566545,278.6802011
1803846,292.8438218,330.2169506
3463334,446.972149,866.5808993
2975697,0,0
28095,292.8438218,70.62443453
2775080,0,0
29341,154.1283272,101.1647305
2758563,0,61.08059202
195250,0,34.35783301
80866,0,93.52965654
2952571,0,83.98581403
260364,0,0
413402,0,0
2714924,0,53.44551802
2906078,215.7796581,146.9751746
279058,0,19.08768501
279322,292.8438218,166.0628596
92644,0,0
3149230,246.6053236,355.0309411
2095,0,97.34719354
3230970,0,0
72361,0,0
2908842,200.3668254,169.8803966
2782006,0,34.35783301
927083,385.3208181,32.44906451
2164067,308.2566545,0
1176649,601.1004763,133.6137951
2986835,0,187.0593131
238,0,114.52611
83656,0,24.81399051
2906456,0,171.7891651
2937442,431.5593163,309.2204971
326329,354.4951527,213.7820721
1850254,0,0
2059726,0,99.25596204
398053,0,150.7927116
54299,0,965.8368614
158899,940.1827962,2492.851662
1816218,0,24.81399051
2508722,400.7336508,99.25596204
1617283,0,188.9680816
80842,0,91.62088804
217159,0,188.9680816
1805431,0,0
1965332,0,148.8839431
2325,0,0
86668,0,416.1115332
3447504,0,36.26660151
2572090,554.8619781,358.8484781
1336,0,91.62088804
73913,0,2552.023485
328515,262.0181563,190.8768501
2022740,215.7796581,0
33923,0,61.08059202
2823693,570.2748108,494.3710417
3135641,1371.742112,2735.265262
89152,0,70.62443453
709883,0,0
2918526,0,169.8803966
1278212,0,125.978721
3457544,169.54116,183.2417761
2899121,154.1283272,137.4313321
2679963,184.9539927,131.7050266
161398,184.9539927,118.343647
1848904,647.3389744,61.08059202
446683,0,188.9680816
2614441,0,406.5676907
1660079,0,61.08059202
3426221,0,0
1723361,184.9539927,95.43842504
137584,262.0181563,271.0451271
29498,323.6694872,150.7927116
282676,446.972149,311.1292656
3028318,0,38.17537001
2698686,0,45.81044402
3070678,0,57.26305502
1434103,0,0
544433,200.3668254,246.2311366
3158229,0,80.16827703
232259,169.54116,272.9538956
1050638,446.972149,83.98581403
2766984,0,292.0415806
2932268,0,26.72275901
2651167,277.430989,236.6872941
36746,0,0
28072,0,167.9716281
2906798,0,51.53674952
82996,0,82.07704553
3070997,0,135.5225636
575378,169.54116,167.9716281
2744227,431.5593163,807.4090758
3080013,678.1646399,328.3081821
2975793,0,0
45634,0,108.7998045
1686,0,120.2524155
2835648,0,0
33031,0,80.16827703
2058175,215.7796581,213.7820721
2527978,400.7336508,234.7785256
633807,0,0
3230981,0,20.99645351
2976768,200.3668254,311.1292656
930805,416.1464836,38.17537001
280473,246.6053236,223.3259146
170679,292.8438218,227.1434516
1849015,0,91.62088804
2750025,0,0
2529032,0,0
2022749,0,124.0699525
2775420,477.7978145,0
357794,0,0
2859768,215.7796581,505.8236527
110321,0,34.35783301
56458,0,120.2524155
2708301,184.9539927,22.90522201
381046,200.3668254,62.98936052
2751178,200.3668254,269.1363586
3009078,0,26.72275901
1193713,184.9539927,154.6102486
1717717,308.2566545,227.1434516
2785025,231.1924909,305.4029601
2764326,277.430989,274.8626641
2903657,0,0
165435,0,89.71211953
676,0,206.1469981
2914041,323.6694872,51.53674952
762954,0,181.3330076
2583851,0,141.2488691
63186,0,141.2488691
168935,339.0823199,116.4348785
1660076,0,0
1080068,0,0
1494,0,124.0699525
505249,616.513309,437.1079867
2686365,339.0823199,150.7927116
2047,631.9261417,274.8626641
29484,462.3849817,85.89458253
2665645,0,59.17182352
387093,0,0
36809,477.7978145,30.54029601
97084,431.5593163,311.1292656
2884875,0,0
712362,1356.32928,251.9574421
1254,0,278.6802011
40091,0,253.8662106
28229,0,22.90522201
2528018,184.9539927,20.99645351
624315,231.1924909,188.9680816
1610,215.7796581,47.71921252
2895980,0,24.81399051
1515,184.9539927,129.7962581
3137860,184.9539927,158.4277856
2756,369.9079854,450.4693662
1775173,0,0
2835531,0,93.52965654
1936,0,0
1923,0,0
1155388,0,610.8059202
3388429,0,0
2779445,154.1283272,185.1505446
436114,0,24.81399051
3040348,0,395.1150797
3453416,0,379.8449316
99598,0,274.8626641
3074124,0,74.44197153
576610,0,211.8733036
147802,215.7796581,22.90522201
2821514,0,19.08768501
2303529,0,0
995,0,181.3330076
2731755,0,30.54029601
2893886,215.7796581,355.0309411
191495,462.3849817,360.7572466
1913577,0,49.62798102
1032072,0,34.35783301
40137,308.2566545,221.4171461
657419,0,154.6102486
3100173,277.430989,30.54029601
2759528,0,85.89458253
1179672,0,137.4313321
3240913,0,425.6553757
260554,292.8438218,219.5083776
35795,0,542.0902542
3109366,524.0363126,167.9716281
2267699,0,47.71921252
47770,184.9539927,360.7572466
29394,0,244.3223681
2714947,0,192.7856186
1255,0,38.17537001
57029,154.1283272,236.6872941
29329,0,78.25950853
477680,0,167.9716281
43263,231.1924909,53.44551802
361101,0,0
1519,0,230.9609886
101571,0,0
3058402,0,36.26660151
3047871,0,80.16827703
218284,0,0
2136147,354.4951527,99.25596204
3160830,0,167.9716281
761,0,0
1653434,0,103.073499
1737571,0,0
128785,493.2106472,271.0451271
2937786,215.7796581,99.25596204
2527995,0,0
33945,493.2106472,406.5676907
33169,0,57.26305502
712357,0,177.5154706
1164,0,103.073499
3100987,0,0
1467,0,0
484770,0,57.26305502
2602769,0,103.073499
43080,477.7978145,194.6943871
548579,0,0
728,308.2566545,148.8839431
2895796,0,0
1548,262.0181563,284.4065066
2855394,0,64.89812903
2714926,0,55.35428652
487559,0,0
2358187,0,164.1540911
1847728,0,0
40542,2589.355898,0
561061,184.9539927,91.62088804
3031802,0,0
58049,0,24.81399051
2774694,0,95.43842504
1646498,0,0
68886,0,83.98581403
665099,0,0
2086471,0,57.26305502
1982626,339.0823199,442.8342922
1855875,0,0
2249476,0,0
2895947,184.9539927,297.7678861
2903809,0,0
2905121,339.0823199,374.1186261
1324352,0,20.99645351
1247,0,40.08413852
2608253,0,72.53320303
1535204,0,139.3401006
218490,0,0
674529,0,0
288965,323.6694872,465.7395142
3434999,739.8159708,744.4197153
2874213,0,0
1566379,1495.044774,711.9706508
156213,0,0
2010828,0,108.7998045
849,231.1924909,188.9680816
1812935,0,87.80335103
1006576,0,83.98581403
38875,0,694.7917343
702745,0,0
320787,0,234.7785256
5679,369.9079854,408.4764592
2813578,0,51.53674952
39956,0,28.63152751
3070683,0,0
28090,616.513309,108.7998045
2130,0,0
326544,0,393.2063112
251747,0,0
722472,308.2566545,309.2204971
371036,200.3668254,209.9645351
1804986,0,51.53674952
142650,246.6053236,0
213,0,57.26305502
1334,0,129.7962581
263475,262.0181563,232.8697571
1252,0,0
2293317,0,82.07704553
2528024,0,0
2547394,0,286.3152751
3048005,262.0181563,95.43842504
2920939,0,167.9716281
291208,0,80.16827703
2774656,0,45.81044402
66219,0,95.43842504
2731220,292.8438218,91.62088804
700220,400.7336508,265.3188216
578924,893.944298,458.1044402
1609531,0,0
726,262.0181563,0
381,0,0
2977321,0,322.5818766
2745197,0,190.8768501
36835,0,150.7927116
2974039,0,0
859,0,150.7927116
1452732,0,0
2760713,169.54116,118.343647
2886352,0,0
2268026,231.1924909,190.8768501
3112573,0,0
2528593,0,22.90522201
84378,262.0181563,74.44197153
1018,0,349.3046356
1501662,262.0181563,225.2346831
1936081,0,192.7856186
3230488,0,0
86304,0,152.7014801
28223,0,190.8768501
200415,863.1186326,1168.166322
1353260,0,49.62798102
3019969,200.3668254,22.90522201
1173032,508.6234799,150.7927116
689904,154.1283272,215.6908406
2735723,0,0
496057,184.9539927,206.1469981
1486245,231.1924909,66.80689753
3374196,0,34.35783301
171284,369.9079854,120.2524155
248906,0,185.1505446
324079,0,196.6031556
2925845,0,303.4941916
394958,169.54116,158.4277856
3243376,0,0
170861,339.0823199,53.44551802
2954511,0,3401.425468
162,0,0
3060302,0,57.26305502
2219224,0,47.71921252
68569,0,0
1752063,0,221.4171461
45658,200.3668254,131.7050266
2984951,0,85.89458253
2795974,0,34.35783301
75985,0,0
837,0,171.7891651
158327,0,0
2026186,0,72.53320303
2502779,0,24.81399051
312279,0,45.81044402
1217282,0,286.3152751
305,0,215.6908406
3037479,0,91.62088804
1481672,0,0
1249,0,112.6173415
2892442,0,0
1871111,323.6694872,127.8874895
691,0,301.5854231
2885764,0,0
3234137,0,0
3382641,215.7796581,124.0699525
2813371,0,0
2293862,0,36.26660151
2070537,0,208.0557666
135577,292.8438218,177.5154706
3038772,184.9539927,185.1505446
2724896,0,72.53320303
1892382,0,0
2493630,0,143.1576376
1396826,277.430989,0
2057808,215.7796581,238.5960626
1580,0,30.54029601
206042,0,78.25950853
5059,0,0
2903876,0,0
2201271,0,97.34719354
39152,0,74.44197153
3239929,0,28.63152751
1337936,292.8438218,106.891036
2911539,0,0
3096220,231.1924909,143.1576376
3101350,369.9079854,28.63152751
221066,292.8438218,255.7749791
1055487,0,0
137591,0,30.54029601
29507,0,34.35783301
28080,231.1924909,82.07704553
1497,231.1924909,343.5783301
1755241,277.430989,116.4348785
3065157,0,30.54029601
1005962,169.54116,257.6837476
2856523,0,38.17537001
2497456,0,0
111844,0,0
3133334,0,0
554880,0,0
2929803,262.0181563,242.4135996
76761,0,0
1312072,0,78.25950853
3126507,0,0
3045158,0,89.71211953
80850,0,0
2486578,277.430989,282.4977381
2878915,0,0
167642,0,36.26660151
2792977,0,80.16827703
2602015,0,26.72275901
29575,431.5593163,305.4029601
401619,200.3668254,263.4100531
435897,446.972149,114.52611
1751286,308.2566545,70.62443453
1983719,246.6053236,38.17537001
454,0,164.1540911
182710,215.7796581,179.4242391
208224,0,0
221027,0,38.17537001
384636,0,232.8697571
2593672,184.9539927,236.6872941
204042,631.9261417,395.1150797
312277,154.1283272,53.44551802
2305508,0,146.9751746
2169540,0,61.08059202
2831780,631.9261417,376.0273946
216934,0,122.161184
3420668,0,83.98581403
703,0,112.6173415
1031542,0,154.6102486
2038411,0,22.90522201
1499683,416.1464836,576.4480872
386487,0,139.3401006
3036126,0,271.0451271
2487064,0,127.8874895
3238630,3421.648865,173.6979336
3109030,231.1924909,139.3401006
1933929,0,0
2672570,0,24.81399051
1935204,0,139.3401006
2107,0,129.7962581
29581,0,0
47478,0,55.35428652
180957,0,408.4764592
1608473,0,24.81399051
2907205,0,104.9822675
538381,0,36.26660151
150055,0,0
1616788,262.0181563,601.2620777
3394321,0,0
2862509,0,45.81044402
1014,0,41.99290702
2267264,0,179.4242391
2975666,0,0
1302,0,217.5996091
2809031,431.5593163,240.5048311
1795355,0,166.0628596
2109558,246.6053236,135.5225636
2875540,154.1283272,250.0486736
221345,1371.742112,507.7324212
1882682,0,0
2778065,0,0
3136677,200.3668254,188.9680816
1620392,0,36.26660151
42444,524.0363126,0
1617967,0,0
1623,0,133.6137951
137816,0,43.90167552
3039392,0,32.44906451
3417654,0,0
476,0,64.89812903
2728022,169.54116,118.343647
343403,231.1924909,154.6102486
1117707,0,38.17537001
762210,0,208.0557666
2946865,0,0
332158,0,19.08768501
2583805,292.8438218,179.4242391
59610,0,103.073499
2605989,0,80.16827703
2045,0,30.54029601
1940789,0,0
2563664,0,0
1961,986.4212944,292.0415806
2746225,339.0823199,223.3259146
1402,0,114.52611
873191,0,0
3132260,0,85.89458253
3153519,0,230.9609886
1124835,0,108.7998045
2885633,0,0
2482728,0,22.90522201
3423948,215.7796581,34.35783301
1784713,0,20.99645351
2681549,0,106.891036
1702097,0,133.6137951
3135773,0,41.99290702
47951,0,0
2202148,1032.659793,36.26660151
136073,0,78.25950853
320324,0,45.81044402
2322,0,80.16827703
1926,0,0
78331,0,280.5889696
37734,0,97.34719354
2708346,431.5593163,156.5190171
134537,0,40.08413852
363952,724.4031381,675.7040493
2970906,0,55.35428652
3404064,0,238.5960626
1737490,292.8438218,171.7891651
375,739.8159708,339.7607931
1703338,0,0
142864,0,36.26660151
1190813,354.4951527,158.4277856
67824,0,28.63152751
1184,0,0
1589,0,28.63152751
1442558,1525.87044,32.44906451
3298609,0,24.81399051
3034016,169.54116,223.3259146
1115758,0,53.44551802
280147,0,0
1917485,0,62.98936052
2583814,0,76.35074003
2421,215.7796581,162.2453226
216946,200.3668254,28.63152751
538966,0,20.99645351
3093870,0,82.07704553
656519,0,43.90167552
143361,385.3208181,309.2204971
2840469,554.8619781,282.4977381
92172,0,108.7998045
554,0,0
3442644,0,43.90167552
2954672,0,97.34719354
3003262,215.7796581,156.5190171
67581,0,0
3035696,0,177.5154706
2917790,0,47.71921252
3234142,0,61.08059202
882626,154.1283272,55.35428652
1582439,0,276.7714326
3231488,0,0
158847,262.0181563,131.7050266
2666025,339.0823199,400.8413852
54910,0,30.54029601
61645,416.1464836,200.4206926
3350173,154.1283272,104.9822675
146017,0,0
29495,0,55.35428652
51365,215.7796581,0
1564138,0,0
2601894,200.3668254,0
51101,0,83.98581403
2692425,0,24.81399051
1309,169.54116,20.99645351
1348114,246.6053236,83.98581403
1338,0,97.34719354
3450747,0,43.90167552
61624,0,68.71566603
2840371,0,38.17537001
2781243,0,28.63152751
2552945,0,234.7785256
38286,0,0
40543,0,0
2024842,0,40.08413852
5661,0,167.9716281
631,0,83.98581403
156976,0,0
2839759,0,194.6943871
3415987,0,122.161184
1263979,215.7796581,288.2240436
2939494,0,0
3060017,0,139.3401006
2962693,231.1924909,0
1325095,169.54116,93.52965654
271097,0,97.34719354
38027,292.8438218,230.9609886
2975872,0,0
29382,292.8438218,335.9432561
1324350,0,72.53320303
633,0,711.9706508
1202712,0,62.98936052
2774747,0,91.62088804
866807,0,188.9680816
2915619,0,20.99645351
3143118,0,125.978721
550542,0,0
1583,0,255.7749791
1883156,400.7336508,221.4171461
2528011,231.1924909,30.54029601
1462994,0,0
312539,0,225.2346831
2662364,0,143.1576376
266748,0,114.52611
160453,0,0
2564040,262.0181563,158.4277856
1529,0,127.8874895
77022,0,74.44197153
2871165,570.2748108,555.4516337
643214,154.1283272,406.5676907
2742195,0,19.08768501
1920034,0,0
187145,200.3668254,104.9822675
40520,231.1924909,66.80689753
292566,0,229.0522201
2609667,0,0
3137178,0,143.1576376
2963431,0,122.161184
5663,0,307.3117286
147322,0,0
65093,0,82.07704553
106649,323.6694872,145.0664061
506591,0,41.99290702
2587855,0,0
2507161,200.3668254,211.8733036
1905730,570.2748108,0
115808,339.0823199,272.9538956
2806205,0,0
591197,0,154.6102486
2686361,0,45.81044402
2703789,0,269.1363586
482564,215.7796581,187.0593131
3003260,0,87.80335103
2740837,0,0
162156,231.1924909,127.8874895
40216,0,40.08413852
1600,0,97.34719354
3039153,662.7518072,261.5012846
2930219,277.430989,334.0344876
2763023,0,0
3160967,0,225.2346831
519472,0,0
2843630,662.7518072,765.4161688
946333,0,34.35783301
3025190,0,0
718,0,74.44197153
1050646,1125.136789,36.26660151
1816219,0,112.6173415
3036714,0,28.63152751
1761453,246.6053236,122.161184
1912064,0,0
1353,0,183.2417761
487316,0,64.89812903
1513297,184.9539927,0
3447508,0,30.54029601
3040203,246.6053236,20.99645351
392416,308.2566545,374.1186261
1287055,0,190.8768501
270918,0,55.35428652
43,323.6694872,30.54029601
392734,0,0
2929799,524.0363126,129.7962581
1580596,0,0
2909339,323.6694872,376.0273946
171281,0,0
2896848,0,82.07704553
2602016,292.8438218,43.90167552
2986837,0,0
1685010,184.9539927,43.90167552
3395267,0,106.891036
2824673,154.1283272,74.44197153
689,0,116.4348785
528191,0,28.63152751
2954055,0,0
2779360,339.0823199,370.3010891
2706887,215.7796581,158.4277856
336820,0,24.81399051
39960,0,0
331648,0,177.5154706
208223,323.6694872,55.35428652
2099788,0,0
755731,0,274.8626641
2547451,0,51.53674952
252514,0,64.89812903
3379707,200.3668254,209.9645351
3043332,215.7796581,0
984991,0,0
2714940,0,34.35783301
105841,0,26.72275901
1325112,416.1464836,215.6908406
2067992,0,57.26305502
1019,339.0823199,521.0938007
2769491,215.7796581,122.161184
1879049,0,0
2065378,215.7796581,34.35783301
179636,0,41.99290702
1340,0,188.9680816
2745198,0,89.71211953
122,0,173.6979336
397260,0,41.99290702
1008307,0,57.26305502
2572594,0,20.99645351
279359,0,61.08059202
478,0,0
3132284,0,145.0664061
151783,431.5593163,154.6102486
1756150,0,36.26660151
1884634,0,0
2652177,0,0
2898149,246.6053236,145.0664061
152480,0,305.4029601
2605694,0,0
645,0,34.35783301
1292,0,221.4171461
2528010,277.430989,19.08768501
1930275,0,55.35428652
3442641,0,122.161184
2865839,0,0
2011099,0,133.6137951
2857064,0,0
2799564,0,188.9680816
1715806,0,51.53674952
2286,0,227.1434516
293371,0,20.99645351
1176239,0,0
2751313,339.0823199,377.9361631
2493676,0,0
2992805,323.6694872,362.6660151
1776384,0,103.073499
1844999,0,85.89458253
2754694,0,133.6137951
3051176,308.2566545,57.26305502
2782654,292.8438218,364.5747836
1888915,508.6234799,635.6199107
3415670,0,38.17537001
168169,0,0
2098,416.1464836,103.073499
281120,585.6876435,337.8520246
3404051,0,74.44197153
387638,154.1283272,40.08413852
3015168,0,540.1814857
198467,0,55.35428652
1542390,431.5593163,80.16827703
94,0,20.99645351
914153,308.2566545,206.1469981
69656,0,0
651,863.1186326,339.7607931
3238594,0,20.99645351
1940281,292.8438218,141.2488691
1914871,0,0
3230999,231.1924909,248.1399051
1824,416.1464836,156.5190171
94625,0,72.53320303
2420510,0,120.2524155
29347,0,34.35783301
2004463,0,0
2872157,0,26.72275901
1401,308.2566545,307.3117286
308053,0,41.99290702
2803181,0,589.8094667
2599308,0,61.08059202
2875962,0,152.7014801
75105,354.4951527,265.3188216
214473,200.3668254,34.35783301
3386644,0,28.63152751
44012,0,76.35074003
1115757,0,355.0309411
2886046,0,24.81399051
51665,0,34.35783301
718192,339.0823199,731.0583358
2696063,0,395.1150797
87883,0,0
1619308,0,0
466153,0,19.08768501
1241982,0,177.5154706
2609844,0,404.6589222
2683967,0,0
2969821,0,30.54029601
88431,446.972149,120.2524155
3350098,0,30.54029601
2184521,0,87.80335103
1581557,0,120.2524155
52133,0,179.4242391
731,0,36.26660151
1442553,1448.806276,32.44906451
2954046,0,0
3445778,0,175.6067021
850,0,24.81399051
59600,0,169.8803966
49319,0,30.54029601
984,0,66.80689753
3073563,184.9539927,24.81399051
29519,0,0
2100,0,0
1638,154.1283272,196.6031556
351614,0,0
2936682,0,64.89812903
108981,246.6053236,68.71566603
2916755,0,78.25950853
563996,0,0
2781961,0,154.6102486
1486034,0,68.71566603
2731377,0,188.9680816
198,0,152.7014801
1461582,0,0
83219,0,83.98581403
338192,308.2566545,57.26305502
709868,0,0
255247,0,122.161184
578920,693.5774726,393.2063112
1960881,215.7796581,166.0628596
243629,246.6053236,265.3188216
2723088,0,20.99645351
2802641,0,26.72275901
13690,0,93.52965654
2048654,0,59.17182352
60137,0,0
2775159,0,0
359370,0,0
1178825,0,122.161184
1761016,0,34.35783301
3035452,0,0
1501269,0,120.2524155
1266052,0,0
221350,878.5314653,34.35783301
1111760,0,0
2820661,0,91.62088804
2746230,0,41.99290702
53413,0,103.073499
1176482,308.2566545,0
3039159,585.6876435,324.4906451
3035694,0,28.63152751
254955,0,208.0557666
3237103,0,360.7572466
2715164,323.6694872,263.4100531
40576,0,68.71566603
659350,0,0
2745199,0,0
1534743,0,110.708573
55206,0,0
2895286,0,112.6173415
54005,277.430989,122.161184
1914963,0,49.62798102
3418997,0,82.07704553
1166,0,408.4764592
960,0,49.62798102
3039158,940.1827962,482.9184307
574710,323.6694872,76.35074003
3140251,0,143.1576376
3026967,0,51.53674952
76258,0,208.0557666
382,0,328.3081821
2903866,1880.365592,154.6102486
2806552,0,55.35428652
46124,0,250.0486736
1538644,0,173.6979336
201828,0,0
3374194,0,57.26305502
313598,0,248.1399051
3133282,0,20.99645351
2979115,0,0
1514074,0,0
56426,0,36.26660151
2844358,0,24.81399051
3375704,0,0
220684,0,0
1566358,0,208.0557666
674,0,61.08059202
2303332,0,62.98936052
1679721,184.9539927,89.71211953
48074,0,26.72275901
497724,0,0
3415673,739.8159708,345.4870986
1112103,0,0
1903056,0,40.08413852
2854389,277.430989,164.1540911
1710,724.4031381,0
1054034,354.4951527,158.4277856
1714840,0,309.2204971
1612,154.1283272,131.7050266
5671,0,0
2704463,0,28.63152751
91604,0,158.4277856
1749036,0,0
2003365,0,20.99645351
1980674,693.5774726,521.0938007
3400631,0,0
155085,0,0
409322,308.2566545,133.6137951
3410791,0,112.6173415
2520506,231.1924909,272.9538956
188932,0,32.44906451
77007,231.1924909,28.63152751
3391574,0,53.44551802
2763672,0,171.7891651
1310418,0,307.3117286
1965571,0,78.25950853
374106,446.972149,368.3923206
2029983,0,45.81044402
669041,0,0
2944914,0,85.89458253
2041044,755.2288035,652.7988273
1618022,0,196.6031556
1827580,0,0
2507159,0,0
2991053,0,0
447588,0,0
3395317,0,0
3112958,0,215.6908406
2294119,0,36.26660151
2931922,169.54116,290.1328121
160699,0,68.71566603
1378299,508.6234799,282.4977381
2993456,0,41.99290702
954,231.1924909,91.62088804
3065649,0,20.99645351
76760,292.8438218,217.5996091
2749807,0,0
2715212,0,93.52965654
33069,570.2748108,22.90522201
585423,416.1464836,22.90522201
435912,0,41.99290702
1660,262.0181563,1763.702095
2590022,0,150.7927116
1193095,0,0
2735563,0,34.35783301
2880934,0,0
2123,0,0
2942204,0,0
114615,462.3849817,219.5083776
2291,0,62.98936052
46125,0,177.5154706
3132300,0,240.5048311
628,0,28.63152751
178399,0,59.17182352
83561,246.6053236,141.2488691
3415265,0,55.35428652
2012495,0,43.90167552
2819096,0,19.08768501
868131,0,0
2015316,200.3668254,95.43842504
3133307,0,0
388950,0,0
2744479,0,22.90522201
3137857,231.1924909,145.0664061
33039,369.9079854,265.3188216
104663,0,40.08413852
3079302,400.7336508,227.1434516
2042961,0,19.08768501
270351,0,36.26660151
3093872,0,158.4277856
2686366,0,150.7927116
2115978,601.1004763,0
1276936,0,381.7537001
1354726,0,51.53674952
1925020,0,0
1609968,0,26.72275901
991904,0,34.35783301
859144,0,0
3127471,0,0
1353147,0,0
39486,354.4951527,240.5048311
3023715,0,83.98581403
48,0,22.90522201
2282849,292.8438218,101.1647305
1506,0,68.71566603
1114861,0,209.9645351
1712261,246.6053236,110.708573
2951803,0,74.44197153
2836373,0,0
1642299,0,0
1173025,0,22.90522201
650,0,263.4100531
1622,0,232.8697571
2906443,215.7796581,482.9184307
2980108,0,0
49338,0,95.43842504
138851,0,0
3066149,0,0
256326,0,112.6173415
574096,0,49.62798102
86106,0,179.4242391
889268,262.0181563,74.44197153
143223,385.3208181,217.5996091
191026,0,364.5747836
220687,0,175.6067021
549298,277.430989,0
715179,0,0
249567,0,38.17537001
3025668,0,0
2426,0,66.80689753
3115292,0,38.17537001
2173,0,101.1647305
1076626,0,40.08413852
2820710,0,122.161184
2937286,0,66.80689753
53461,0,0
35620,0,0
2218628,0,152.7014801
2803864,0,95.43842504
84377,308.2566545,267.2275901
359,0,223.3259146
2966453,0,0
3415674,601.1004763,366.4835521
1715691,215.7796581,19.08768501
1239415,0,0
281093,0,0
157268,0,0
1316596,0,26.72275901
2746060,169.54116,59.17182352
391953,524.0363126,45.81044402
2714948,0,103.073499
89059,0,20.99645351
2605946,0,0
2283194,0,24.81399051
48254,231.1924909,225.2346831
797291,0,0
2881234,0,91.62088804
3379128,0,0
2739058,0,225.2346831
139438,262.0181563,209.9645351
1729720,0,259.5925161
351672,0,0
1721091,0,41.99290702
1510,0,187.0593131
3151764,0,223.3259146
2686358,0,124.0699525
3079014,0,166.0628596
2909587,0,0
2120,277.430989,358.8484781
57975,0,0
89184,0,19.08768501
85402,369.9079854,316.8555711
3415683,0,30.54029601
240139,0,53.44551802
3059777,0,0
132604,0,435.1992182
1481923,184.9539927,34.35783301
2591634,184.9539927,232.8697571
860,0,307.3117286
3241576,0,106.891036
2831148,0,38.17537001
2724150,0,112.6173415
1581038,0,22.90522201
682956,0,416.1115332
3016006,416.1464836,32.44906451
3070660,508.6234799,547.8165597
2026188,0,221.4171461
3120519,169.54116,125.978721
488,0,150.7927116
714,0,99.25596204
1760811,0,72.53320303
1751056,462.3849817,295.8591176
2789776,0,40.08413852
1789672,0,47.71921252
28118,277.430989,135.5225636
3459125,0,0
118000,0,61.08059202
227086,0,55.35428652
3032586,0,213.7820721
311180,0,0
2057025,184.9539927,175.6067021
388408,0,38.17537001
5888,0,0
141451,184.9539927,211.8733036
2560057,0,0
290335,385.3208181,515.3674952
1424653,0,202.3294611
2908210,0,271.0451271
862126,262.0181563,166.0628596
2352,169.54116,129.7962581
1281,0,103.073499
1807691,0,164.1540911
279826,0,0
2954535,0,0
3383026,184.9539927,328.3081821
32046,0,30.54029601
696760,0,0
357808,0,0
2144,385.3208181,219.5083776
269259,0,22.90522201
1230998,0,0
97138,0,99.25596204
589437,0,40.08413852
74033,0,0
3056648,246.6053236,158.4277856
1521,277.430989,179.4242391
357276,0,95.43842504
3402687,169.54116,51.53674952
112900,246.6053236,145.0664061
1641,0,0
1348,0,192.7856186
44577,0,64.89812903
43948,0,0
35754,0,62.98936052
3119568,0,57.26305502
2714855,0,290.1328121
1028416,0,0
1605,0,32.44906451
197222,0,76.35074003
410072,0,87.80335103
3413133,0,0
144,0,211.8733036
1381081,0,137.4313321
573658,0,0
94869,0,110.708573
2686078,0,93.52965654
2919322,1017.24696,127.8874895
61644,0,0
2865673,0,0
44273,0,89.71211953
2789740,0,106.891036
3096992,0,0
96241,400.7336508,95.43842504
3242468,200.3668254,0
1426,0,0
408,0,177.5154706
2975965,0,0
55197,0,64.89812903
3066266,0,0
2810512,0,133.6137951
3064705,0,40.08413852
2979464,0,103.073499
37372,0,225.2346831
3045816,0,0
2527963,0,30.54029601
412710,0,0
1917215,308.2566545,30.54029601
29533,184.9539927,38.17537001
1563,0,93.52965654
1137606,446.972149,272.9538956
489910,231.1924909,221.4171461
2921711,0,82.07704553
2704655,0,125.978721
3400345,0,51.53674952
2893202,0,148.8839431
3382189,0,93.52965654
1612173,0,30.54029601
1826727,0,0
53344,184.9539927,114.52611
1522,339.0823199,137.4313321
2906076,0,0
3017783,1294.677949,345.4870986
2527979,308.2566545,202.3294611
2956784,0,196.6031556
718217,0,20.99645351
3243057,0,0
68895,0,74.44197153
160826,0,0
3374109,0,0
2304606,0,80.16827703
3072980,0,0
3063533,0,106.891036
84032,200.3668254,97.34719354
238836,0,0
33935,0,0
3053613,0,34.35783301
2900738,184.9539927,185.1505446
563177,0,0
2058135,0,0
376,662.7518072,355.0309411
3376682,0,297.7678861
2201181,0,208.0557666
293,662.7518072,211.8733036
1297617,0,24.81399051
1678728,0,106.891036
2918528,0,26.72275901
261299,0,112.6173415
1229909,200.3668254,49.62798102
2093777,0,145.0664061
84030,231.1924909,0
1609966,0,202.3294611
2590020,0,0
1479,0,0
56453,0,0
110662,184.9539927,0
418699,0,20.99645351
150120,0,49.62798102
154981,0,30.54029601
1034889,0,0
1041504,0,297.7678861
2739061,0,0
326320,0,0
55209,0,263.4100531
135487,0,24.81399051
1580092,0,106.891036
3391823,246.6053236,240.5048311
1185873,0,49.62798102
2578106,0,0
2069432,0,70.62443453
168384,0,40.08413852
2697030,169.54116,347.3958671
155892,369.9079854,211.8733036
1346319,0,40.08413852
2975981,0,0
321985,0,20.99645351
3447427,354.4951527,458.1044402
28903,0,0
115551,0,0
592064,277.430989,114.52611
83455,0,158.4277856
112901,0,34.35783301
28200,231.1924909,347.3958671
3138177,0,32.44906451
34018,0,32.44906451
2259622,1464.219109,998.2859259
28038,0,101.1647305
3015999,0,41.99290702
265606,0,99.25596204
1281486,0,93.52965654
56454,0,0
1919,0,0
1391654,0,0
2576307,0,263.4100531
3034506,0,20.99645351
758802,0,28.63152751
303541,0,120.2524155
1778678,0,150.7927116
2917965,0,116.4348785
3157368,0,0
2838877,0,108.7998045
1435069,0,26.72275901
3241603,0,0
3402688,0,108.7998045
2749049,0,0
3398614,0,19.08768501
261302,0,30.54029601
2789327,0,141.2488691
2957203,184.9539927,22.90522201
296,369.9079854,187.0593131
877455,0,227.1434516
1642646,0,154.6102486
217203,0,38.17537001
403957,231.1924909,150.7927116
163,231.1924909,206.1469981
183417,0,288.2240436
544645,0,0
1441095,0,0
34062,262.0181563,156.5190171
2903659,0,0
1727145,0,85.89458253
1862145,339.0823199,41.99290702
516051,446.972149,215.6908406
1315974,0,284.4065066
84590,0,0
94132,308.2566545,70.62443453
1442557,0,87.80335103
545501,0,152.7014801
90241,0,217.5996091
1855728,0,28.63152751
2782167,1048.072625,473.3745882
3082534,1094.311123,0
189834,0,148.8839431
3233375,0,0
1004159,0,0
2884263,0,0
2730851,0,0
1085644,0,95.43842504
2924032,0,355.0309411
2880651,0,0
28262,0,34.35783301
1977865,971.0084616,34.35783301
274,0,0
81408,0,61.08059202
1521768,554.8619781,213.7820721
42906,0,24.81399051
554406,0,91.62088804
1503925,154.1283272,253.8662106
182640,0,0
1197717,0,0
2133,0,112.6173415
3144925,0,36.26660151
2980107,246.6053236,83.98581403
1642,0,104.9822675
291112,277.430989,104.9822675
827,169.54116,125.978721
47885,0,26.72275901
3236840,169.54116,87.80335103
3422590,0,41.99290702
39950,0,0
3003261,0,95.43842504
3096217,0,431.3816812
1699621,0,34.35783301
299767,0,0
526944,0,0
413888,0,0
2976343,0,0
1548547,169.54116,26.72275901
1479524,0,30.54029601
2282419,0,24.81399051
912,431.5593163,250.0486736
1336794,0,62.98936052
2022337,0,187.0593131
1643336,200.3668254,311.1292656
1318,0,91.62088804
1280380,385.3208181,32.44906451
2986831,0,40.08413852
2350,262.0181563,135.5225636
1464,323.6694872,196.6031556
5741,0,70.62443453
2705471,0,53.44551802
1336796,0,53.44551802
2741701,0,66.80689753
1761012,154.1283272,99.25596204
889453,0,32.44906451
1522758,1433.393443,920.0264174
3230968,0,57.26305502
1161942,0,156.5190171
1871053,246.6053236,133.6137951
1812115,369.9079854,381.7537001
386891,0,0
2968490,0,145.0664061
2919499,246.6053236,74.44197153
2795383,169.54116,112.6173415
1792508,0,19.08768501
2859516,0,0
362787,169.54116,158.4277856
2932257,0,19.08768501
2675053,0,0
1971,0,57.26305502
3074111,246.6053236,200.4206926
487686,0,0
3003256,0,57.26305502
3096994,0,30.54029601
2015076,231.1924909,53.44551802
101070,0,0
3071453,0,78.25950853
2921474,0,0
187101,154.1283272,116.4348785
3048535,0,95.43842504
1871047,262.0181563,145.0664061
658643,0,0
83771,0,53.44551802
28082,0,49.62798102
1179777,0,125.978721
2921604,0,0
2921443,0,0
319939,0,34.35783301
1616117,0,20.99645351
313588,0,133.6137951
767892,0,74.44197153
2762320,0,0
171282,0,0
174587,0,66.80689753
675281,0,49.62798102
2321403,0,76.35074003
2315862,0,99.25596204
69710,0,0
1602,0,219.5083776
1010,0,28.63152751
490095,0,0
29555,0,40.08413852
49283,0,64.89812903
3445773,0,66.80689753
2653189,0,0
1471,0,74.44197153
332999,0,22.90522201
2060723,0,49.62798102
3065396,0,36.26660151
248907,585.6876435,158.4277856
1114873,0,70.62443453
387661,0,0
29385,0,368.3923206
2954748,0,51.53674952
2823904,0,0
1267768,0,0
545,0,80.16827703
2038737,231.1924909,53.44551802
1284,184.9539927,259.5925161
3445772,1479.631942,19.08768501
1930273,0,45.81044402
2518645,0,0
171279,0,0
1844006,0,0
1529058,0,0
2528008,0,19.08768501
2217913,0,0
2664091,0,0
290400,0,0
542,493.2106472,190.8768501
2901381,154.1283272,89.71211953
39441,184.9539927,40.08413852
1486281,0,0
3141542,0,83.98581403
2610896,0,0
3115646,0,20.99645351
38284,0,0
1221500,0,72.53320303
2975755,0,0
1318743,200.3668254,59.17182352
2054173,0,0
1789224,339.0823199,561.1779392
1896196,0,0
2096,354.4951527,190.8768501
3047874,354.4951527,244.3223681
3045146,0,95.43842504
2249302,0,0
2732161,0,59.17182352
60217,0,185.1505446
748197,0,0
1099853,0,93.52965654
3374195,0,133.6137951
2775245,0,0
718286,0,57.26305502
449520,0,131.7050266
467262,277.430989,106.891036
88688,308.2566545,250.0486736
3047815,0,0
2743000,0,122.161184
2867016,0,0
1813019,0,64.89812903
1324864,0,0
84022,184.9539927,223.3259146
1789226,0,0
1302308,0,0
1033854,0,40.08413852
1328,0,0
83453,292.8438218,89.71211953
1796616,0,108.7998045
3234028,0,40.08413852
3082521,0,0
1922226,0,22.90522201
3022697,0,32.44906451
35703,493.2106472,347.3958671
1561924,0,0
2594269,0,80.16827703
1474,0,43.90167552
3388424,0,0
990268,0,26.72275901
2789856,0,0
1892404,0,0
1637831,0,0
2126553,0,110.708573
3342096,184.9539927,351.2134041
2590900,0,45.81044402
2975888,0,24.81399051
29559,0,91.62088804
2419773,0,0
1420917,0,141.2488691
1828,539.4491454,251.9574421
1628248,0,95.43842504
3093871,0,19.08768501
2774330,0,22.90522201
3232307,0,20.99645351
2997336,308.2566545,171.7891651
3459527,0,0
324767,0,173.6979336
1033900,0,116.4348785
1383885,0,93.52965654
3239997,0,0
2921713,0,234.7785256
2744518,0,0
1295609,0,89.71211953
561184,0,61.08059202
3023713,0,26.72275901
1501392,0,22.90522201
3239304,0,0
3434352,0,187.0593131
2039166,0,19.08768501
2961895,0,0
1211326,0,173.6979336
2713414,0,187.0593131
323450,0,19.08768501
2699395,0,0
1379903,385.3208181,0
1885344,0,0
2494374,0,34.35783301
3118333,0,0
3080055,0,41.99290702
438033,431.5593163,828.4055293
3003263,0,45.81044402
3389972,0,0
225194,0,0
2745153,246.6053236,125.978721
375929,0,221.4171461
29391,0,20.99645351
1780362,0,534.4551802
149016,0,0
2740462,0,72.53320303
28449,0,118.343647
2880218,0,62.98936052
2735562,0,0
45668,0,112.6173415
1979527,0,0
1531,0,0
1640,0,0
62763,0,0
2587848,0,202.3294611
1455,0,106.891036
3348344,0,0
45242,0,22.90522201
2230867,0,45.81044402
2789857,0,32.44906451
2983267,0,213.7820721
2819101,0,19.08768501
58180,0,0
2983299,493.2106472,0
166485,0,47.71921252
3394358,0,62.98936052
200452,323.6694872,181.3330076
980254,0,36.26660151
3138567,0,290.1328121
2358,0,19.08768501
1247023,0,0
455432,0,229.0522201
2903803,0,59.17182352
301953,369.9079854,280.5889696
2058134,0,139.3401006
2763010,0,0
118562,0,106.891036
2829597,0,0
204936,0,230.9609886
2975157,231.1924909,190.8768501
2950108,0,19.08768501
1850093,0,38.17537001
70255,0,41.99290702
1912091,0,0
3023090,0,135.5225636
2161872,0,103.073499
913107,0,53.44551802
1891926,184.9539927,22.90522201
2052660,0,154.6102486
2419842,0,0
3400422,0,106.891036
931866,0,108.7998045
2903098,446.972149,127.8874895
254719,0,0
2077090,0,0
1443941,0,28.63152751
1165090,0,30.54029601
44674,0,0
2741071,215.7796581,22.90522201
278860,0,38.17537001
1734049,169.54116,133.6137951
337701,369.9079854,166.0628596
2975625,0,0
551996,0,0
33952,0,26.72275901
1267021,0,0
470934,0,404.6589222
379547,0,0
1501268,724.4031381,167.9716281
83816,0,62.98936052
1699411,0,61.08059202
2051553,0,49.62798102
2047966,0,141.2488691
1610576,0,0
2725288,0,0
44255,400.7336508,158.4277856
57487,0,0
1561003,0,76.35074003
354356,0,74.44197153
1241979,462.3849817,255.7749791
157692,0,108.7998045
2360,262.0181563,64.89812903
1413221,0,0
2043170,0,0
3003257,262.0181563,82.07704553
2870839,0,24.81399051
2478954,0,190.8768501
39766,0,34.35783301
3051614,0,0
3101308,184.9539927,108.7998045
3092665,431.5593163,158.4277856
165694,0,20.99645351
2026193,0,0
374981,0,89.71211953
2527976,0,51.53674952
3070682,169.54116,200.4206926
2875764,0,28.63152751
2798577,0,26.72275901
2806443,0,80.16827703
253245,0,32.44906451
680279,0,187.0593131
3408580,0,167.9716281
2173034,0,91.62088804
3092147,215.7796581,173.6979336
2879119,0,232.8697571
141,0,135.5225636
1709002,0,51.53674952
151781,0,143.1576376
53346,215.7796581,83.98581403
3140744,0,19.08768501
3082949,0,0
2596913,0,0
28097,0,64.89812903
1160721,0,0
1913578,0,72.53320303
2921450,0,32.44906451
33047,0,129.7962581
2931400,878.5314653,95.43842504
3242688,0,0
118060,0,141.2488691
2912187,0,32.44906451
1250539,0,0
2983606,0,20.99645351
2186,0,0
2651284,354.4951527,19.08768501
477666,200.3668254,200.4206926
2527984,0,26.72275901
2954691,0,0
3239935,308.2566545,0
3059904,0,0
2579971,0,0
1972431,0,0
2003188,0,101.1647305
885040,0,246.2311366
2488665,0,202.3294611
29449,0,0
300825,0,95.43842504
2966625,416.1464836,80.16827703
624,0,347.3958671
83526,0,0
1812111,0,0
367743,0,106.891036
3231032,0,30.54029601
2593653,0,40.08413852
2907827,0,0
2714928,0,0
774,0,0
271420,0,0
1448857,0,26.72275901
176102,0,0
76758,0,116.4348785
52692,0,0
2020311,0,0
2562284,0,22.90522201
3231511,0,0
2233999,0,0
3082444,0,28.63152751
1526571,154.1283272,0
2930213,0,91.62088804
2653858,231.1924909,139.3401006
223919,339.0823199,169.8803966
468911,184.9539927,230.9609886
2589080,0,158.4277856
1759089,0,0
2213226,0,158.4277856
92933,0,108.7998045
3070679,0,76.35074003
2527974,231.1924909,0
2996035,0,0
2903568,0,0
499229,0,124.0699525
100716,0,101.1647305
126333,154.1283272,20.99645351
234828,0,0
2654676,0,131.7050266
454155,477.7978145,858.9458253
2169400,0,0
2161677,0,36.26660151
1920809,0,150.7927116
115778,231.1924909,272.9538956
3160833,477.7978145,156.5190171
3350178,0,173.6979336
2021234,0,0
3065648,539.4491454,166.0628596
3454466,0,0
2007306,0,0
138853,0,0
935222,0,0
2748098,0,85.89458253
1888890,308.2566545,166.0628596
1147,277.430989,173.6979336
2883205,0,0
3064139,0,0
1870984,262.0181563,148.8839431
3135640,0,0
195253,0,40.08413852
3440637,0,0
97393,231.1924909,324.4906451
1959104,0,22.90522201
2528964,493.2106472,152.7014801
3031799,0,0
1908198,0,38.17537001
3459122,0,0
3126740,0,0
1260629,0,83.98581403
2929509,0,0
3397060,246.6053236,82.07704553
2675331,0,76.35074003
2906515,0,85.89458253
1855616,0,76.35074003
754516,0,0
326522,0,30.54029601
2992140,292.8438218,215.6908406
1727,0,0
648995,0,83.98581403
1229727,0,30.54029601
644281,0,112.6173415
1776392,0,0
1178516,0,41.99290702
2833628,262.0181563,143.1576376
2213194,0,0
433296,169.54116,91.62088804
1912855,0,61.08059202
3384444,154.1283272,190.8768501
320912,0,209.9645351
59512,0,0
2796927,0,0
407164,0,45.81044402
1830,0,0
2991499,0,303.4941916
1389004,0,0
1628086,0,0
3374600,0,101.1647305
97481,200.3668254,110.708573
34,0,0
1442556,539.4491454,0
2303505,262.0181563,267.2275901
2709688,0,0
84159,0,0
47678,0,0
2780077,416.1464836,612.7146887
1188228,0,0
708126,0,59.17182352
59733,0,127.8874895
2818388,215.7796581,55.35428652
2852117,0,0
2589790,0,0
185300,231.1924909,110.708573
3098297,0,30.54029601
2810514,0,76.35074003
1077935,0,0
2995304,0,148.8839431
2020875,200.3668254,91.62088804
715,0,0
3020883,154.1283272,116.4348785
3252900,200.3668254,59.17182352
2984846,0,103.073499
529,0,0
2676868,0,89.71211953
383750,0,0
1499687,0,0
2986838,631.9261417,387.4800056
1761794,0,74.44197153
103816,0,0
571256,0,0
2952477,0,0
78,539.4491454,162.2453226
2230877,0,0
1817965,0,0
3042300,0,0
2980026,0,0
2782163,0,0
1215089,0,55.35428652
159346,0,0
2036206,0,0
29486,0,124.0699525
2729421,0,59.17182352
553,662.7518072,0
28137,0,20.99645351
2494550,0,0
3028296,0,0
546367,0,0
80860,0,0
3424766,246.6053236,32.44906451
1094342,277.430989,57.26305502
311182,0,19.08768501
1930071,231.1924909,89.71211953
1008,0,45.81044402
3042615,0,0
96344,0,0
2589986,0,51.53674952
2597518,0,0
2908843,0,99.25596204
28446,0,0
432329,0,0
2975482,0,158.4277856
2777186,0,40.08413852
2695882,184.9539927,230.9609886
80867,0,177.5154706
1028752,0,0
2937758,184.9539927,229.0522201
897,0,0
2774562,0,0
28447,369.9079854,368.3923206
3296934,986.4212944,0
2498451,231.1924909,47.71921252
316068,0,59.17182352
1904862,0,0
1845000,0,0
2108445,0,20.99645351
2073078,0,0
96232,0,24.81399051
1636720,0,0
309805,0,0
2557994,0,32.44906451
2708350,0,91.62088804
1663591,0,0
46503,0,47.71921252
1967665,0,104.9822675
158500,0,146.9751746
3404132,0,0
197162,0,43.90167552
52694,416.1464836,169.8803966
67345,0,0
1151742,0,19.08768501
1536774,0,106.891036
285729,231.1924909,240.5048311
317658,0,0
2921670,0,0
349221,0,322.5818766
2842356,0,0
528187,0,61.08059202
437900,0,28.63152751
2710596,0,22.90522201
3080760,0,0
3145235,354.4951527,196.6031556
673862,200.3668254,24.81399051
1109412,0,0
3138254,0,0
516075,0,51.53674952
570162,0,0
106,0,114.52611
907,0,0
2316383,231.1924909,59.17182352
3242681,0,0
2911520,0,0
47735,0,120.2524155
84595,0,0
652716,169.54116,156.5190171
675,0,49.62798102
313603,0,53.44551802
249188,0,122.161184
3093873,0,118.343647
299262,0,139.3401006
940614,0,22.90522201
3440155,0,0
1650,0,145.0664061
29520,0,0
2115,0,24.81399051
3290090,0,0
2886510,0,261.5012846
411153,0,82.07704553
1712410,0,135.5225636
3097547,0,0
1333845,0,0
2879618,0,0
1678309,0,0
3003258,0,108.7998045
196162,0,38.17537001
54259,215.7796581,183.2417761
1763534,0,51.53674952
1955013,0,0
3418415,0,0
3067780,0,0
3350167,215.7796581,194.6943871
439387,477.7978145,328.3081821
2202827,0,0
2825845,0,0
2918516,0,40.08413852
3018314,277.430989,91.62088804
2518322,0,0
3036359,0,49.62798102
929813,0,110.708573
172,0,93.52965654
2528025,231.1924909,91.62088804
858422,631.9261417,303.4941916
1312364,1048.072625,74.44197153
53946,0,0
33964,0,0
2992802,0,68.71566603
944547,0,72.53320303
1173026,0,175.6067021
471,0,114.52611
2033137,0,43.90167552
1564506,0,0
28169,0,0
3342538,0,99.25596204
3070680,0,0
46867,0,20.99645351
2448482,0,22.90522201
265668,0,0
2897332,0,0
3077735,0,0
1196095,0,40.08413852
2666183,0,0
1343,0,0
1301915,0,30.54029601
2567896,0,0
438856,0,22.90522201
143,0,112.6173415
3097546,0,61.08059202
632773,0,234.7785256
406552,0,0
2708539,262.0181563,114.52611
414771,246.6053236,225.2346831
3075823,0,141.2488691
1229621,0,124.0699525
2060312,0,0
3115297,0,146.9751746
2034517,0,57.26305502
2975292,0,0
3231513,0,0
1176721,246.6053236,169.8803966
29556,0,0
3058398,0,0
2782678,416.1464836,141.2488691
985762,0,97.34719354
1727164,0,112.6173415
2921466,0,127.8874895
2801997,246.6053236,0
2017482,0,0
1882438,0,32.44906451
3386277,0,28.63152751
2070761,0,19.08768501
3017781,0,0
198832,0,240.5048311
351679,0,36.26660151
1388755,431.5593163,24.81399051
1964215,339.0823199,229.0522201
167,0,125.978721
3058393,0,0
2528005,0,196.6031556
3374549,0,72.53320303
76887,0,0
1625,0,0
544580,0,196.6031556
2898793,0,68.71566603
1601,0,131.7050266
3421107,0,0
2589903,0,61.08059202
256618,0,34.35783301
552386,0,43.90167552
285983,0,137.4313321
29549,323.6694872,230.9609886
92406,0,0
2705319,0,116.4348785
2897181,416.1464836,68.71566603
264697,0,55.35428652
44251,0,0
2746932,154.1283272,162.2453226
3383314,0,0
423351,262.0181563,70.62443453
302167,0,341.6695616
3421172,0,0
2724,154.1283272,167.9716281
2170729,0,0
394751,0,0
28107,369.9079854,200.4206926
1050624,369.9079854,55.35428652
419257,0,0
1492898,0,70.62443453
2861782,0,0
2897773,0,0
166501,0,0
28184,0,93.52965654
84757,0,0
3119977,0,55.35428652
104609,0,110.708573
1704499,0,19.08768501
138072,0,0
1208324,0,0
2864210,0,0
2483033,0,0
1449,0,150.7927116
2932255,0,255.7749791
28068,231.1924909,26.72275901
1929246,0,0
1389005,0,0
3402159,184.9539927,145.0664061
1210884,0,0
2709390,0,0
29358,0,22.90522201
515256,0,97.34719354
2045208,0,118.343647
28111,0,150.7927116
286727,0,0
3412034,0,0
248903,0,0
3039116,0,131.7050266
2895352,246.6053236,118.343647
28171,0,85.89458253
1226968,0,0
266749,262.0181563,177.5154706
357441,0,0
435,0,0
2921616,0,381.7537001
2127060,0,55.35428652
109790,0,169.8803966
2895522,0,0
3093923,0,0
2792479,0,0
2681984,0,0
423477,323.6694872,278.6802011
39791,0,99.25596204
45497,169.54116,192.7856186
3060757,169.54116,78.25950853
3070659,0,30.54029601
1434102,0,0
357999,339.0823199,32.44906451
2686359,0,0
3239962,0,0
1445505,0,148.8839431
3020056,0,0
3003623,0,0
1470067,0,171.7891651
1294262,0,0
3398209,0,0
2774875,0,0
2954078,0,0
596095,0,0
2923283,0,0
399176,0,0
2479546,0,0
40223,0,242.4135996
2487742,0,38.17537001
70346,755.2288035,486.7359677
2921460,0,364.5747836
126156,0,124.0699525
1500254,0,82.07704553
399,0,22.90522201
1755811,154.1283272,106.891036
904039,0,0
3144951,0,141.2488691
1233113,0,0
50052,0,0
3374189,801.4673017,76.35074003
3423439,0,0
52022,0,0
171288,0,0
2508708,0,0
46020,0,164.1540911
3395467,0,26.72275901
2497863,0,0
1778540,0,40.08413852
717609,0,0
216932,0,127.8874895
185007,0,145.0664061
3069118,0,76.35074003
3133297,0,0
2908839,0,38.17537001
2741070,154.1283272,561.1779392
2068655,0,0
652787,169.54116,158.4277856
980251,0,0
1658616,0,26.72275901
1689834,0,0
3243388,0,0
44250,0,40.08413852
41673,0,57.26305502
1250205,0,299.6766546
3016528,0,0
66969,0,19.08768501
3018315,0,74.44197153
2849779,0,49.62798102
2909669,0,133.6137951
1325090,169.54116,104.9822675
29423,0,91.62088804
2908646,0,19.08768501
28183,0,40.08413852
393657,0,0
123899,0,0
2766526,184.9539927,24.81399051
753,0,49.62798102
1277350,0,0
3057114,0,0
2598579,0,0
2682541,0,55.35428652
3422597,0,118.343647
3076558,0,137.4313321
41170,0,309.2204971
47715,0,0
269673,0,0
2877527,0,0
1631968,0,20.99645351
3161071,0,0
878220,0,135.5225636
649161,1371.742112,276.7714326
1504981,0,0
3440154,262.0181563,232.8697571
1333662,0,74.44197153
2763670,0,158.4277856
2014,0,49.62798102
2986834,0,43.90167552
1500960,246.6053236,93.52965654
3058432,292.8438218,72.53320303
33941,0,393.2063112
47760,323.6694872,118.343647
41997,0,32.44906451
315358,0,255.7749791
36841,0,175.6067021
2518973,0,0
204039,0,0
2921679,0,106.891036
1234143,0,0
434008,0,0
3077789,0,0
421,0,0
3092138,0,64.89812903
592978,0,0
406548,0,68.71566603
418008,0,76.35074003
2921364,0,53.44551802
2732163,0,112.6173415
3156486,0,0
1503054,0,0
1629,0,103.073499
204,0,152.7014801
1293,154.1283272,20.99645351
3241169,0,0
935293,0,0
2738883,154.1283272,99.25596204
2864209,0,0
173366,184.9539927,146.9751746
2153354,246.6053236,221.4171461
890415,0,0
1935446,0,26.72275901
313985,0,328.3081821
2487892,0,0
53360,0,0
3123317,0,57.26305502
3034674,0,0
2143,0,43.90167552
2997337,0,40.08413852
459472,0,215.6908406
82688,0,19.08768501
3322121,0,70.62443453
79885,0,41.99290702
404386,323.6694872,0
2755338,0,45.81044402
3064265,184.9539927,0
682998,0,47.71921252
3065647,0,68.71566603
2734118,246.6053236,0
3395462,0,32.44906451
2006131,400.7336508,20.99645351
1993,0,0
53443,0,36.26660151
86660,0,85.89458253
1541,0,24.81399051
69666,0,183.2417761
2509675,0,106.891036
333962,0,62.98936052
3118105,0,22.90522201
2921389,0,24.81399051
202951,0,167.9716281
391036,0,0
393662,0,0
2755562,0,217.5996091
1867719,0,120.2524155
3015983,0,28.63152751
1834192,184.9539927,28.63152751
2698672,0,215.6908406
2662262,0,0
2975955,0,80.16827703
2731552,0,0
1309795,416.1464836,194.6943871
1904378,0,0
2704462,0,185.1505446
2259672,0,45.81044402
1166950,200.3668254,0
3412684,0,0
2006115,262.0181563,402.7501537
1748242,0,19.08768501
1148196,0,0
2478663,0,124.0699525
1399115,0,251.9574421
692036,0,103.073499
39777,0,38.17537001
673372,0,229.0522201
101385,184.9539927,137.4313321
2979869,0,104.9822675
1545044,0,53.44551802
3153301,0,28.63152751
1336802,0,45.81044402
291048,0,47.71921252
2689109,0,0
2901836,0,85.89458253
2233542,0,0
2220096,0,0
2804617,0,0
55212,0,173.6979336
29370,0,68.71566603
271098,0,26.72275901
300231,246.6053236,108.7998045
3077734,0,139.3401006
47917,0,108.7998045
1873425,0,59.17182352
1972867,215.7796581,131.7050266
2051959,0,0
1716543,0,0
2852098,0,93.52965654
3423956,0,0
243899,0,89.71211953
2912315,0,0
876,0,85.89458253
1891207,0,47.71921252
2994078,0,0
1751095,0,72.53320303
2109,0,47.71921252
2723092,184.9539927,89.71211953
36854,0,0
2304600,0,85.89458253
400092,0,43.90167552
404011,0,0
2745562,0,351.2134041
2787629,0,0
459529,0,0
712368,0,0
2219696,0,0
1525218,0,0
1798225,277.430989,328.3081821
2778911,0,24.81399051
2694930,0,43.90167552
2587847,0,0
436663,0,0
3115296,0,104.9822675
879970,0,0
28173,0,108.7998045
86665,0,139.3401006
1244531,277.430989,190.8768501
3093854,0,70.62443453
1795874,0,0
412690,308.2566545,164.1540911
1128137,0,61.08059202
1453352,0,59.17182352
3100176,184.9539927,116.4348785
3029053,0,87.80335103
3128900,0,156.5190171
3059078,215.7796581,34.35783301
95619,0,0
2720720,184.9539927,95.43842504
61435,0,36.26660151
495820,0,22.90522201
402384,154.1283272,0
2496266,0,0
3073816,0,127.8874895
116718,0,64.89812903
2267253,0,0
321662,786.054469,849.4019828
255045,231.1924909,314.9468026
2608982,0,0
2592382,0,0
2607663,308.2566545,391.2975427
1758374,0,0
2925838,154.1283272,112.6173415
3230969,0,116.4348785
746691,0,26.72275901
2725558,0,0
2924033,0,43.90167552
455344,0,0
3423955,0,62.98936052
47877,0,104.9822675
3445672,0,0
1288970,0,22.90522201
128780,0,62.98936052
56455,0,372.2098576
1528106,0,145.0664061
931531,184.9539927,85.89458253
390884,0,232.8697571
1141221,0,0
3079861,0,30.54029601
2518177,0,0
2946593,0,133.6137951
504468,0,62.98936052
413503,0,0
1917421,0,91.62088804
1735111,539.4491454,286.3152751
1302659,0,34.35783301
680026,0,211.8733036
1108595,0,0
2739434,0,0
2689107,0,0
401472,0,53.44551802
3389876,0,22.90522201
52,0,131.7050266
2572923,0,0
981385,0,0
55518,0,28.63152751
284581,0,26.72275901
34004,0,0
1387353,0,0
3050131,0,70.62443453
521520,0,0
160791,0,38.17537001
198119,0,112.6173415
1872431,154.1283272,61.08059202
2106,0,0
3242727,215.7796581,49.62798102
3080056,0,0
2903661,0,0
2910158,0,80.16827703
158850,0,91.62088804
285450,0,20.99645351
81459,0,0
2590016,0,80.16827703
3395916,416.1464836,232.8697571
2528023,231.1924909,28.63152751
216778,0,211.8733036
164608,755.2288035,557.3604022
58839,0,0
2652274,0,137.4313321
1246,0,194.6943871
2712222,0,26.72275901
1325358,0,26.72275901
322019,0,53.44551802
2202647,0,0
226505,0,32.44906451
169430,0,0
2593652,0,49.62798102
1825976,0,0
2589987,0,0
2847045,0,22.90522201
1964449,0,0
69284,0,0
2675797,0,32.44906451
1404888,246.6053236,162.2453226
353851,0,38.17537001
3342640,0,0
454601,231.1924909,89.71211953
861445,0,70.62443453
339862,0,112.6173415
1855610,631.9261417,143.1576376
3053655,416.1464836,70.62443453
1621989,0,137.4313321
3410790,0,55.35428652
2124,0,0
335406,0,51.53674952
2785746,0,125.978721
1788301,0,0
198483,0,137.4313321
2809707,0,34.35783301
2692134,0,28.63152751
3092148,0,0
1630406,0,108.7998045
34090,0,22.90522201
3029272,0,0
1458461,0,38.17537001
2715959,0,316.8555711
129338,0,114.52611
2035858,0,0
2735134,0,30.54029601
2744521,0,51.53674952
184064,0,53.44551802
1877,0,0
2819290,0,30.54029601
3454464,0,26.72275901
2963940,0,0
3416668,385.3208181,232.8697571
574727,508.6234799,135.5225636
171523,0,0
3139328,0,83.98581403
1763363,0,177.5154706
2952932,0,0
2878151,0,0
66269,0,332.1257191
640330,323.6694872,284.4065066
2722752,0,0
938288,0,0
505341,169.54116,22.90522201
2259595,154.1283272,99.25596204
2214,0,76.35074003
1244,0,0
1955412,0,0
1918946,200.3668254,353.1221726
564064,0,95.43842504
1499973,0,103.073499
3406418,0,0
1027273,0,139.3401006
3070815,246.6053236,152.7014801
1918945,0,0
360911,0,0
3239934,0,0
522485,0,103.073499
1472767,0,0
2053287,0,0
2920382,0,61.08059202
3036303,0,0
2040469,0,95.43842504
187493,0,0
3136295,0,0
859058,0,20.99645351
2921573,0,0
3035935,0,20.99645351
686597,0,0
36873,616.513309,112.6173415
1261634,0,76.35074003
539262,0,0
2487118,0,38.17537001
2552947,0,0
2986827,0,55.35428652
2903669,0,89.71211953
2897772,477.7978145,0
2954094,0,0
558537,0,0
2742685,0,318.7643396
38323,308.2566545,68.71566603
2772557,0,93.52965654
1529069,0,0
3072793,0,290.1328121
2724528,0,0
2937788,0,0
2921563,0,0
3121287,262.0181563,0
2479367,292.8438218,288.2240436
1524259,246.6053236,0
2918914,0,66.80689753
2094020,0,34.35783301
3378765,416.1464836,311.1292656
3342676,0,0
2942908,0,0
470565,0,64.89812903
74109,184.9539927,0
166314,431.5593163,284.4065066
2600598,0,0
80679,0,32.44906451
2175619,0,0
1886,0,108.7998045
2303538,0,0
2913503,0,74.44197153
216427,0,0
2832500,0,0
3080759,169.54116,0
2662448,0,34.35783301
1138189,0,0
1720343,0,0
3070676,0,101.1647305
525886,0,0
242600,154.1283272,0
1336795,246.6053236,345.4870986
248039,154.1283272,97.34719354
2740404,0,0
3132747,0,0
2819100,0,0
1006005,292.8438218,204.2382296
2981138,0,0
471827,0,0
2946605,0,0
3391828,277.430989,0
1532350,0,0
3463854,231.1924909,221.4171461
337,0,36.26660151
1806508,0,124.0699525
730,0,0
712361,0,0
120959,0,0
1481663,0,124.0699525
2932183,0,0
170573,0,0
69896,0,192.7856186
1740262,0,32.44906451
2839024,0,55.35428652
2560053,0,19.08768501
3422307,0,0
2175646,0,0
83683,0,0
3077926,0,194.6943871
395922,0,0
2961941,0,0
2587852,0,0
2995223,0,0
653937,477.7978145,215.6908406
1273132,0,34.35783301
3093867,0,55.35428652
1325115,0,66.80689753
52443,0,0
3429985,0,0
2872754,0,36.26660151
79263,0,211.8733036
2913614,0,83.98581403
186490,200.3668254,28.63152751
240495,0,0
428411,200.3668254,133.6137951
1642819,0,0
1842539,0,0
748280,0,19.08768501
940,215.7796581,274.8626641
2704651,0,0
2184161,0,0
985002,0,19.08768501
45067,0,0
3414511,0,0
46541,0,137.4313321
2269374,0,265.3188216
3069686,0,22.90522201
107327,262.0181563,188.9680816
1776742,0,19.08768501
29362,0,427.5641442
2923362,0,49.62798102
1773489,0,20.99645351
293091,0,103.073499
573501,0,557.3604022
3022250,0,20.99645351
481353,0,19.08768501
102134,0,0
480520,0,24.81399051
690594,0,0
1323375,0,169.8803966
2331,0,32.44906451
2650471,0,0
1563703,0,38.17537001
2781899,0,0
2583587,0,133.6137951
379097,0,0
2614693,0,40.08413852
2582913,0,19.08768501
2728827,0,0
480418,0,0
1834193,0,0
2138,0,0
710190,0,110.708573
59814,0,152.7014801
1316941,0,22.90522201
2866808,0,62.98936052
3349874,0,0
3445777,0,66.80689753
2675790,0,91.62088804
42422,0,64.89812903
1387555,0,36.26660151
87541,0,0
41675,0,24.81399051
44009,0,0
414778,184.9539927,124.0699525
3017782,0,0
1071983,0,148.8839431
658062,0,145.0664061
351604,0,143.1576376
3152361,0,99.25596204
2202721,0,173.6979336
3004093,0,0
225992,0,0
1176536,0,28.63152751
89014,0,26.72275901
570505,0,112.6173415
1987580,0,427.5641442
138118,0,0
3234141,0,0
3436242,0,0
552467,0,61.08059202
45243,0,158.4277856
2676871,0,0
2014887,0,0
2711231,0,129.7962581
2762331,0,0
1410606,0,47.71921252
2189,0,0
33934,0,286.3152751
1125966,0,101.1647305
214853,354.4951527,110.708573
2583989,0,89.71211953
34002,0,0
1752398,231.1924909,167.9716281
160808,0,32.44906451
28227,0,72.53320303
2998077,0,64.89812903
1249630,0,0
2904121,0,20.99645351
2878680,0,0
2528026,0,28.63152751
2704653,0,45.81044402
1878942,0,0
2785785,0,93.52965654
2930200,0,26.72275901
496056,277.430989,129.7962581
3060301,0,0
2828763,0,36.26660151
2750995,200.3668254,183.2417761
1673428,0,78.25950853
586733,0,0
3117013,0,0
518898,0,0
1395624,493.2106472,0
3074378,0,0
2903644,0,0
167964,0,0
491948,0,24.81399051
45363,231.1924909,183.2417761
2317,184.9539927,0
617123,0,0
1731,0,19.08768501
555315,0,93.52965654
1848766,0,0
2781774,0,234.7785256
2708020,0,22.90522201
2287,0,45.81044402
3132265,246.6053236,97.34719354
2996794,0,0
747522,0,47.71921252
2782004,0,0
46506,0,271.0451271
3002900,0,0
2303331,246.6053236,30.54029601
2723090,0,70.62443453
214888,0,101.1647305
2912228,0,20.99645351
2893889,0,40.08413852
2807101,0,32.44906451
2681552,0,0
2813577,0,0
107400,0,204.2382296
1867846,0,145.0664061
861299,0,0
2081791,0,28.63152751
3118169,0,30.54029601
280145,262.0181563,0
472,0,0
659,0,208.0557666
3048609,0,122.161184
484184,354.4951527,332.1257191
72360,0,0
2528021,0,19.08768501
2497875,0,162.2453226
2054282,0,166.0628596
2953738,0,238.5960626
114881,0,61.08059202
2713501,0,24.81399051
544718,0,70.62443453
227866,0,202.3294611
2921697,0,0
2714952,0,47.71921252
1128113,0,0
3395319,354.4951527,227.1434516
2603215,0,0
3235110,0,0
3057176,0,116.4348785
51515,0,227.1434516
2495582,0,311.1292656
3400420,215.7796581,139.3401006
964,0,51.53674952
1511,0,0
1852022,0,20.99645351
570156,0,0
2769490,0,0
3025666,0,0
57320,0,0
3120525,0,34.35783301
2928472,0,0
1987723,0,148.8839431
3135644,0,217.5996091
1891675,184.9539927,76.35074003
111501,0,91.62088804
1835721,0,0
290399,662.7518072,353.1221726
3096987,0,28.63152751
2950245,292.8438218,150.7927116
3234145,0,41.99290702
411486,0,0
398049,0,30.54029601
875171,431.5593163,148.8839431
2880221,0,227.1434516
456827,0,0
3415678,0,68.71566603
139,0,0
70258,0,0
1579316,0,66.80689753
284016,308.2566545,190.8768501
885581,0,51.53674952
76517,0,57.26305502
2029860,0,0
1903704,0,74.44197153
511487,0,0
1974203,262.0181563,229.0522201
68286,0,70.62443453
3238809,184.9539927,28.63152751
185008,0,127.8874895
1893,0,43.90167552
53558,0,0
1158459,369.9079854,223.3259146
577,0,0
3029062,0,26.72275901
1639118,0,30.54029601
1380675,184.9539927,219.5083776
3228750,0,34.35783301
171695,0,101.1647305
1096243,0,0
31909,0,0
1836,308.2566545,89.71211953
3449832,0,20.99645351
33052,0,0
123841,0,20.99645351
2511069,0,0
2739,0,59.17182352
2923272,0,28.63152751
2653857,0,0
33900,0,53.44551802
1173263,0,38.17537001
2756107,0,0
1763536,0,93.52965654
2908211,0,36.26660151
28127,0,76.35074003
992289,246.6053236,0
2807096,0,0
1183377,0,202.3294611
2967130,0,0
3073862,0,0
3232308,0,221.4171461
3073602,0,0
1930277,0,125.978721
388413,246.6053236,129.7962581
2527996,0,0
353852,0,34.35783301
3039426,0,200.4206926
2605943,200.3668254,0
2748865,0,167.9716281
1482074,0,0
83552,0,0
1854498,0,0
2259673,154.1283272,211.8733036
33025,0,0
2139,0,91.62088804
1742358,0,0
2920935,0,131.7050266
461876,0,175.6067021
2995138,0,0
114186,0,66.80689753
1332080,0,185.1505446
2899122,246.6053236,110.708573
539813,339.0823199,200.4206926
3440636,0,0
2745558,0,0
3116479,0,0
3076075,0,0
1201031,0,0
2172098,0,19.08768501
3457576,0,70.62443453
2822842,0,114.52611
2843330,0,0
1322,0,64.89812903
1100,0,0
3238304,0,19.08768501
2749996,0,0
1264,0,87.80335103
3064278,0,0
3423225,0,0
674703,0,0
1404864,385.3208181,259.5925161
3415671,0,32.44906451
108,0,24.81399051
2942278,0,0
1325114,369.9079854,143.1576376
3240374,570.2748108,208.0557666
712036,0,0
688,0,179.4242391
2562285,0,139.3401006
3070661,0,0
2898794,0,0
2972478,0,171.7891651
2795690,0,0
413401,0,66.80689753
3073092,215.7796581,0
2479392,1464.219109,0
1045776,246.6053236,97.34719354
2999068,0,40.08413852
3020900,0,0
116092,0,0
2975701,0,36.26660151
716816,0,32.44906451
171438,292.8438218,152.7014801
2697371,0,0
41276,0,141.2488691
2211108,0,38.17537001
225148,0,49.62798102
2867015,0,0
788,0,97.34719354
28885,0,45.81044402
1891280,0,32.44906451
218208,0,0
3447507,708.9903053,282.4977381
2883100,0,41.99290702
2613965,0,0
1032243,0,53.44551802
225991,0,47.71921252
2781735,0,51.53674952
1705394,0,103.073499
2024551,292.8438218,55.35428652
3096995,0,0
2903901,200.3668254,192.7856186
109472,0,0
2940302,0,66.80689753
467976,0,0
2903609,0,0
2609253,0,0
2774154,0,34.35783301
1675036,0,0
1407071,0,82.07704553
1384459,0,0
3440865,0,22.90522201
586239,0,0
1908,0,0
2992926,0,0
2921554,0,104.9822675
3060215,0,78.25950853
2976983,0,0
1826607,0,0
216937,0,68.71566603
3016000,277.430989,145.0664061
2931921,0,41.99290702
2763107,0,0
1017270,169.54116,40.08413852
3394320,0,26.72275901
1510466,0,104.9822675
693075,0,160.3365541
2829812,0,175.6067021
187452,0,0
1744,0,146.9751746
2932254,708.9903053,32.44906451
2831893,0,0
2812560,0,0
3349698,0,36.26660151
1235990,0,0
2569540,0,0
182141,0,0
193462,0,30.54029601
28172,0,22.90522201
946435,385.3208181,68.71566603
442121,0,0
2723091,184.9539927,150.7927116
3069689,0,0
3050072,0,43.90167552
1609546,0,158.4277856
3423947,708.9903053,606.9883832
2774633,0,0
2697032,0,19.08768501
2913412,0,0
1805933,0,0
2777185,0,82.07704553
1798205,0,0
216929,0,0
2831673,0,41.99290702
3236891,0,103.073499
1042,0,0
3127470,0,253.8662106
3390026,0,341.6695616
702114,0,125.978721
2976002,0,0
37692,0,0
351671,0,49.62798102
1473598,0,40.08413852
449,184.9539927,274.8626641
1599,0,70.62443453
1912897,0,0
1902580,0,0
930166,0,0
377615,0,0
2799680,0,0
2763667,0,64.89812903
89153,0,28.63152751
1084,0,0
2912314,0,80.16827703
463192,231.1924909,164.1540911
2866384,0,85.89458253
42094,0,68.71566603
754,0,0
2171755,0,0
449461,0,0
2724901,0,152.7014801
2528022,0,150.7927116
2683284,0,0
45663,0,0
298654,0,24.81399051
28151,0,41.99290702
190148,215.7796581,169.8803966
999141,0,0
2564099,0,124.0699525
162209,0,49.62798102
2569541,0,26.72275901
556259,0,0
3163026,169.54116,0
3094839,277.430989,166.0628596
2952610,0,36.26660151
2220073,0,41.99290702
61647,0,99.25596204
2226,0,234.7785256
43057,0,0
942150,0,0
79209,0,38.17537001
3398773,0,0
342950,0,0
1968839,0,19.08768501
64160,354.4951527,97.34719354
3068989,0,0
2810562,0,19.08768501
3455945,0,0
1737446,0,0
1163710,0,0
3066284,0,0
2819286,0,57.26305502
2527975,0,0
483013,0,83.98581403
33008,0,297.7678861
1524258,0,32.44906451
68212,431.5593163,330.2169506
1973002,0,28.63152751
2136401,0,66.80689753
3400348,0,0
389348,0,32.44906451
777,0,208.0557666
881,0,34.35783301
2883998,0,0
3439063,0,232.8697571
1484118,0,57.26305502
3143534,262.0181563,141.2488691
664683,0,0
594679,277.430989,28.63152751
1325107,0,72.53320303
2601122,0,0
2508726,0,0
2835041,0,76.35074003
3236844,0,0
2782662,339.0823199,146.9751746
3411797,0,0
2601898,0,0
3445781,0,53.44551802
2571749,0,0
2039724,0,187.0593131
2768068,0,24.81399051
37329,0,0
512763,231.1924909,282.4977381
133539,0,0
2651974,0,28.63152751
3459034,0,0
44001,0,0
2907534,0,22.90522201
285574,0,0
3030011,0,64.89812903
2058152,0,0
2935863,0,28.63152751
649196,0,20.99645351
2878534,0,38.17537001
2913620,0,66.80689753
3048007,0,0
346911,446.972149,209.9645351
153151,0,0
273136,0,41.99290702
1549850,0,0
216816,0,91.62088804
2599296,0,0
43767,0,145.0664061
2004650,0,49.62798102
911092,0,20.99645351
553814,0,89.71211953
2903717,0,26.72275901
1927128,0,0
1824638,0,0
2883127,0,0
2894082,0,110.708573
1448059,0,0
2932259,169.54116,87.80335103
562959,0,68.71566603
1353976,0,20.99645351
61015,0,112.6173415
1470434,354.4951527,139.3401006
2862870,0,0
1861,231.1924909,0
82380,0,0
1741,0,0
299308,0,0
2039455,0,0
2762576,0,0
3240853,184.9539927,36.26660151
2903570,0,0
2714036,0,43.90167552
537596,0,0
329854,277.430989,238.5960626
3385991,0,66.80689753
3096260,0,40.08413852
2892541,0,0
2493669,0,93.52965654
3239996,0,131.7050266
396,277.430989,139.3401006
216935,169.54116,173.6979336
485447,0,0
465721,0,0
2861282,631.9261417,0
1850526,0,0
517719,0,0
349094,0,0
50338,262.0181563,624.1672997
2030797,0,0
46507,0,0
159743,0,89.71211953
2496865,0,53.44551802
37487,0,20.99645351
1848900,0,0
2856823,0,0
2918170,0,32.44906451
3450128,0,114.52611
3067653,0,47.71921252
3230977,0,112.6173415
2823043,0,0
2111,0,0
53442,0,0
45495,0,0
2044521,0,0
150829,169.54116,183.2417761
2867011,0,0
3239887,0,82.07704553
376805,0,261.5012846
2774151,0,59.17182352
2886935,0,0
2898725,0,0
251542,0,0
1632864,169.54116,0
2855434,0,215.6908406
312306,0,34.35783301
307121,0,99.25596204
2806210,0,0
1654388,0,167.9716281
1649184,0,0
237258,0,49.62798102
28141,0,70.62443453
2838157,339.0823199,122.161184
2829795,0,22.90522201
3047873,0,66.80689753
291403,0,40.08413852
1858656,0,0
1632866,0,30.54029601
273251,354.4951527,164.1540911
3166644,0,40.08413852
3423952,0,141.2488691
1660063,0,146.9751746
2954099,0,0
2202249,0,0
944,0,169.8803966
3118173,0,0
2029164,0,0
168471,0,0
3081200,0,215.6908406
2909673,1171.375287,0
282217,0,0
2840474,0,0
2975737,0,26.72275901
453842,0,232.8697571
3114537,0,24.81399051
3229863,0,0
28129,0,57.26305502
2897334,308.2566545,70.62443453
3063957,215.7796581,154.6102486
2488639,0,0
2940299,184.9539927,143.1576376
273376,0,0
1297121,292.8438218,280.5889696
171404,184.9539927,238.5960626
33943,0,0
1505757,0,70.62443453
2608631,0,20.99645351
547188,0,19.08768501
60520,0,49.62798102
33996,0,0
2903723,0,0
2562282,0,0
1572645,0,124.0699525
86102,0,0
82348,0,30.54029601
1123043,0,0
2995161,0,158.4277856
1925548,0,0
2486272,0,34.35783301
3095343,0,0
375175,262.0181563,175.6067021
3238806,0,0
2010183,154.1283272,204.2382296
1620421,0,666.1602068
485448,0,22.90522201
1300039,231.1924909,49.62798102
2828340,184.9539927,95.43842504
3088255,0,0
3447380,0,0
44252,262.0181563,177.5154706
3399565,0,135.5225636
112331,200.3668254,167.9716281
2496265,0,83.98581403
92758,0,0
2494375,0,38.17537001
2795293,0,0
76947,0,0
3242415,0,26.72275901
480391,0,0
1592106,0,53.44551802
2968500,570.2748108,202.3294611
3098914,0,20.99645351
2811425,0,0
2663019,0,156.5190171
2950605,0,47.71921252
1932669,0,0
106370,0,0
70348,0,64.89812903
2979727,0,0
2983215,0,0
2172099,0,152.7014801
3141541,0,106.891036
2838156,0,129.7962581
54913,0,0
2528009,0,0
2293,0,129.7962581
3425950,0,171.7891651
92647,0,0
3048335,0,0
1920422,0,0
121428,0,30.54029601
2252,0,62.98936052
1611422,0,49.62798102
1905847,416.1464836,202.3294611
747548,0,166.0628596
2834768,0,116.4348785
69823,200.3668254,41.99290702
2497860,0,0
1796652,0,40.08413852
42879,0,0
412034,308.2566545,143.1576376
2594003,154.1283272,89.71211953
98672,0,112.6173415
3349434,0,43.90167552
33987,0,66.80689753
91844,0,49.62798102
916,0,0
2527973,0,66.80689753
183759,0,0
54062,0,41.99290702
202950,0,0
92645,0,22.90522201
2867022,0,24.81399051
172045,0,0
3416742,0,0
2182432,0,26.72275901
3243383,0,0
1884914,0,85.89458253
93944,0,59.17182352
413882,0,22.90522201
2903597,0,0
405212,0,0
2963283,0,0
3058420,0,0
80878,0,288.2240436
513050,0,22.90522201
2803751,0,0
3025667,0,0
2016196,0,0
782,0,28.63152751
2496847,0,0
84135,0,127.8874895
1508420,0,0
1176587,0,135.5225636
2796470,200.3668254,26.72275901
2749046,0,0
1483604,0,47.71921252
1162633,0,0
1660080,0,0
66821,0,66.80689753
1235591,0,118.343647
1404367,215.7796581,93.52965654
259059,277.430989,290.1328121
2562451,0,40.08413852
2094025,0,118.343647
1470088,0,0
3149048,0,0
1852017,0,0
3242416,0,47.71921252
1249480,0,0
1930274,0,0
1881,0,0
3374191,0,0
227945,0,36.26660151
863372,0,43.90167552
2912675,0,0
2505970,0,0
3406626,0,26.72275901
2527994,0,555.4516337
83626,416.1464836,160.3365541
1526927,0,278.6802011
1619311,0,72.53320303
39645,0,0
1385591,0,99.25596204
236753,0,0
53431,0,0
41899,0,0
3137369,0,0
103733,0,55.35428652
254246,0,146.9751746
146919,0,51.53674952
1459637,0,0
1407,0,64.89812903
474953,0,135.5225636
2083051,0,0
1987584,0,141.2488691
2731681,554.8619781,570.7217817
2893883,0,80.16827703
539,0,30.54029601
1579979,0,20.99645351
190895,0,36.26660151
3391145,0,91.62088804
2954021,1171.375287,80.16827703
3043734,0,0
1219491,0,93.52965654
426703,0,0
2033016,0,22.90522201
233316,0,0
74969,0,0
474394,0,0
1898749,0,160.3365541
46127,154.1283272,0
3096219,0,0
1126833,0,19.08768501
2594005,0,41.99290702
3115650,0,0
74315,231.1924909,236.6872941
1009682,0,0
2315,0,110.708573
3100175,0,0
3408576,0,0
1296540,200.3668254,177.5154706
2116,0,89.71211953
51367,0,0
1400387,0,99.25596204
2014076,0,0
661481,0,194.6943871
533,0,0
1763538,0,87.80335103
2914159,0,209.9645351
157688,0,213.7820721
413497,0,158.4277856
1871048,0,0
225848,0,38.17537001
2763021,0,0
3234852,0,0
575112,0,0
37448,0,0
3368557,0,0
1008305,0,0
2777983,0,47.71921252
3384241,0,28.63152751
3015149,0,0
288436,0,0
223786,0,152.7014801
3243389,0,0
2717374,0,0
2603817,0,57.26305502
300181,0,114.52611
2976127,0,24.81399051
2975739,0,0
2575872,0,0
2175091,0,0
300876,0,0
46228,0,41.99290702
3015177,262.0181563,146.9751746
2434,0,26.72275901
599,0,0
2933872,0,125.978721
184924,0,0
428,292.8438218,78.25950853
169176,0,55.35428652
2937801,0,26.72275901
2829596,0,0
63612,0,0
1411902,0,0
2597515,0,133.6137951
419476,431.5593163,0
56730,0,0
754476,0,59.17182352
87162,0,146.9751746
181663,154.1283272,20.99645351
2586965,0,0
2508687,200.3668254,112.6173415
3070656,0,20.99645351
304895,0,0
3048589,0,108.7998045
2881052,0,164.1540911
1758196,0,0
359408,0,0
3228953,0,0
2870563,0,156.5190171
55504,0,162.2453226
2743772,0,0
3019544,0,183.2417761
1785128,0,55.35428652
2083786,0,0
3230980,0,0
2700081,0,32.44906451
1725,0,0
2546128,0,19.08768501
2712223,0,0
137722,0,24.81399051
114,0,0
3416081,0,0
2834276,0,97.34719354
1756149,0,322.5818766
2929481,0,62.98936052
3067902,0,0
1052257,0,0
3066251,0,0
332249,0,64.89812903
2496866,0,41.99290702
2081052,0,0
364199,0,41.99290702
3077941,169.54116,198.5119241
37482,0,0
2976007,0,40.08413852
3402279,0,255.7749791
2558360,0,0
591154,0,66.80689753
481146,0,316.8555711
994695,0,0
475937,169.54116,101.1647305
2563668,0,0
3344875,0,0
230361,0,24.81399051
1940610,0,45.81044402
2747268,0,246.2311366
1385664,0,0
3416605,0,30.54029601
3398775,0,0
2890321,0,0
28092,0,0
93466,0,0
1306787,0,0
1745854,184.9539927,225.2346831
28135,0,26.72275901
2976822,323.6694872,122.161184
216931,0,38.17537001
2850441,0,179.4242391
3062449,0,0
40269,0,45.81044402
78327,0,0
2744474,0,0
3078428,0,0
2930199,0,0
1940790,0,0
1177216,0,0
192421,0,0
96230,0,0
463,308.2566545,188.9680816
38300,0,0
3108483,0,0
1434099,231.1924909,95.43842504
947516,262.0181563,22.90522201
1767,0,0
1476901,0,303.4941916
3239807,0,0
207340,0,0
215691,0,0
1239307,262.0181563,188.9680816
3009077,0,0
2980554,231.1924909,112.6173415
1868793,0,143.1576376
3427230,0,0
1789762,0,0
3233574,0,28.63152751
2851540,0,0
2951805,0,0
2018025,431.5593163,251.9574421
1190508,0,141.2488691
2725268,0,82.07704553
3158548,0,0
1798223,0,0
33060,0,51.53674952
1134405,0,0
153496,0,99.25596204
3066146,0,0
53407,0,38.17537001
290110,0,38.17537001
1236046,0,99.25596204
3395315,0,0
44754,0,0
3035453,0,106.891036
1795,0,76.35074003
251540,0,0
1348774,0,0
3423914,0,114.52611
2320858,0,80.16827703
2908840,0,0
1872114,0,0
2963128,0,206.1469981
3038773,0,0
75289,0,55.35428652
458197,0,0
2864212,0,51.53674952
1218494,0,38.17537001
2820270,0,70.62443453
180,0,0
1930276,0,66.80689753
29303,0,26.72275901
2589818,0,85.89458253
3400421,0,0
3342349,0,26.72275901
1145276,0,0
59845,0,28.63152751
2995170,0,0
1054,0,0
2703885,308.2566545,200.4206926
2738979,339.0823199,0
3120518,0,24.81399051
2587862,0,0
865,0,160.3365541
3160834,0,59.17182352
3230988,0,0
2110,0,61.08059202
328813,0,57.26305502
1563479,0,181.3330076
2715679,0,40.08413852
1404768,446.972149,238.5960626
2895946,0,0
3003259,0,47.71921252
1867715,292.8438218,118.343647
1144748,0,26.72275901
1855883,0,0
2904253,0,0
2112,0,74.44197153
1750527,0,0
66883,0,43.90167552
103731,0,0
155863,0,150.7927116
28187,0,0
2736,0,45.81044402
71190,0,0
2003316,0,40.08413852
94624,0,0
3082546,354.4951527,0
758793,0,0
215578,0,26.72275901
3125783,0,0
2739063,0,89.71211953
3039851,0,0
413502,0,89.71211953
116188,0,0
29558,0,34.35783301
3029174,0,0
693153,0,0
199596,0,24.81399051
186931,0,26.72275901
1286181,369.9079854,103.073499
1613,0,0
3435775,0,0
2493671,0,0
2711221,0,0
2527968,0,47.71921252
1921421,0,0
434010,631.9261417,108.7998045
2983210,0,0
2055,0,0
90244,231.1924909,160.3365541
2664436,0,0
3158582,0,34.35783301
3048494,0,156.5190171
38986,0,30.54029601
3439547,0,0
2588536,0,322.5818766
1275,0,26.72275901
48076,0,0
3074107,0,0
1218493,0,66.80689753
434014,0,0
3077946,215.7796581,89.71211953
2907156,0,40.08413852
3056107,0,0
113562,0,0
2810347,0,0
2921549,0,0
390989,0,0
487,0,0
1702325,0,0
3448123,0,19.08768501
839,323.6694872,154.6102486
1719132,0,70.62443453
2599927,0,0
1921699,0,0
90736,0,0
2072642,0,0
564137,0,139.3401006
87,0,36.26660151
107709,0,0
154,0,97.34719354
374606,0,0
3014784,0,24.81399051
3439062,0,72.53320303
2527990,0,51.53674952
130049,0,0
2292255,0,0
1643,0,26.72275901
1306526,0,70.62443453
2296,169.54116,95.43842504
2926709,0,0
158841,0,122.161184
68231,0,30.54029601
2588711,0,0
2954618,0,78.25950853
1920,0,0
2358479,0,53.44551802
267818,0,0
216936,0,0
393765,0,34.35783301
2911527,0,0
61646,292.8438218,173.6979336
119394,231.1924909,131.7050266
253703,0,51.53674952
1766,739.8159708,91.62088804
1505907,0,0
555791,0,208.0557666
3400218,0,0
3039384,0,0
2802971,0,34.35783301
3133290,0,0
82981,184.9539927,137.4313321
2651334,0,20.99645351
3030210,0,0
1390185,0,0
2026199,0,95.43842504
34094,0,32.44906451
3035692,0,0
398736,0,0
3425129,0,64.89812903
3383027,0,221.4171461
207949,0,26.72275901
2976003,369.9079854,202.3294611
192389,0,20.99645351
2866162,0,40.08413852
2975959,0,62.98936052
1176533,0,0
3447453,0,0
3138498,0,0
2921515,0,143.1576376
454148,292.8438218,0
470931,0,0
3234139,0,0
1581,0,0
267363,0,0
3156079,0,0
54911,0,0
472181,0,0
538949,0,0
3395321,0,118.343647
1514904,0,0
77095,0,0
3034020,0,0
3112003,0,78.25950853
301302,0,24.81399051
2895495,0,0
47679,0,0
2005262,0,154.6102486
2743470,0,0
577386,0,38.17537001
3157343,0,66.80689753
2770788,0,0
1338368,231.1924909,32.44906451
3070658,0,0
2778876,0,0
1833,0,0
1644130,0,0
3413030,0,0
3413936,0,0
338645,0,74.44197153
3160607,0,0
633404,0,19.08768501
664643,0,0
3028082,0,0
3065865,0,89.71211953
1085647,323.6694872,177.5154706
152331,0,110.708573
488732,0,0
47880,0,0
2770772,0,0
2903645,0,0
2898442,416.1464836,103.073499
67385,0,66.80689753
2512235,0,0
1547898,0,0
3121295,0,183.2417761
1642647,0,22.90522201
1305740,0,53.44551802
57043,0,24.81399051
1038928,0,20.99645351
388640,231.1924909,0
2137,0,209.9645351
3243368,0,0
3002962,0,0
185951,0,66.80689753
2219225,0,0
1921698,0,0
3144874,0,80.16827703
29379,0,26.72275901
3151487,0,0
2563896,0,103.073499
520,0,0
1365176,0,28.63152751
2507538,0,53.44551802
2684113,0,0
453816,0,41.99290702
45254,0,173.6979336
3435883,0,152.7014801
2518989,0,0
161879,0,0
40577,0,40.08413852
2828656,0,0
171865,0,0
2883236,0,0
2903562,0,0
2745947,0,120.2524155
3064829,169.54116,162.2453226
2661630,0,24.81399051
120962,0,0
339617,0,55.35428652
2066,0,0
3424717,0,74.44197153
521689,0,0
3350174,0,127.8874895
2749999,0,0
392011,0,175.6067021
1874630,0,0
2267891,292.8438218,0
2107999,0,93.52965654
178214,0,22.90522201
2675378,0,0
585425,231.1924909,112.6173415
865757,0,0
300,0,131.7050266
1931275,0,26.72275901
3138066,0,0
2099786,0,0
1178515,0,0
98668,0,89.71211953
556533,354.4951527,238.5960626
983548,0,72.53320303
3435409,184.9539927,135.5225636
2058625,0,20.99645351
1705,0,20.99645351
3161138,0,0
786,0,112.6173415
2448483,0,0
230089,0,62.98936052
470076,0,20.99645351
1145106,0,59.17182352
3050270,0,0
55205,0,0
1553431,0,0
29405,0,0
2944933,0,26.72275901
264636,0,66.80689753
2817477,0,179.4242391
2830998,0,0
1749074,0,0
273384,0,0
2884022,0,148.8839431
42684,0,0
3396405,0,0
2866807,0,0
3230973,0,22.90522201
1850238,0,43.90167552
3131995,0,24.81399051
82987,0,95.43842504
3381777,0,0
2921465,0,0
3066237,0,0
3379131,0,0
237609,0,0
311230,0,0
861533,0,0
2928154,0,169.8803966
2725494,0,0
1130723,0,0
3060737,0,0
178899,0,26.72275901
622488,369.9079854,0
29459,0,0
3243766,0,0
2814292,0,0
37930,0,0
3240024,0,0
1882662,0,66.80689753
291594,755.2288035,215.6908406
1924940,0,0
1284658,0,76.35074003
2789216,0,61.08059202
3112165,0,0
37330,0,0
3133968,0,0
3239982,0,0
45398,339.0823199,110.708573
3048338,0,0
2005884,0,61.08059202
1834167,0,30.54029601
2973512,0,0
3115291,0,112.6173415
367477,539.4491454,261.5012846
420402,0,74.44197153
72556,0,0
1270,0,0
39687,0,0
3366810,0,0
1461694,0,0
2906072,0,0
3137182,431.5593163,364.5747836
154288,0,20.99645351
2734618,0,773.0512428
2589990,0,0
3059716,0,0
214856,0,22.90522201
1915078,0,0
1274631,262.0181563,139.3401006
3047463,0,0
93064,0,0
2903821,0,103.073499
1329,0,45.81044402
3079304,0,0
3241602,0,0
257708,0,0
565033,200.3668254,229.0522201
2004515,0,74.44197153
3418557,0,0
1775910,0,34.35783301
3133306,0,223.3259146
1769779,0,24.81399051
319706,0,0
151081,0,0
3409691,0,0
3117012,0,78.25950853
2377,0,0
2903857,0,0
404589,0,0
3080976,0,0
1335048,0,0
1963026,0,0
2597358,0,55.35428652
83262,0,0
1619313,0,0
2793009,0,61.08059202
744515,0,0
2662363,0,0
2903850,354.4951527,20.99645351
1646377,0,41.99290702
2924034,0,0
1496080,0,0
3042299,0,0
391586,0,0
356302,231.1924909,20.99645351
2795386,0,62.98936052
53336,0,62.98936052
2570586,0,0
3077944,0,0
32025,0,41.99290702
68239,0,0
216945,0,0
202,0,0
2954679,0,0
298596,0,0
658446,0,0
162426,0,0
714067,0,0
1297742,0,0
2008440,0,145.0664061
1232430,0,0
2969597,0,0
1945512,0,30.54029601
56142,0,0
3423959,0,0
2708053,0,22.90522201
3133315,0,0
2691918,0,0
2681987,0,0
1230533,0,133.6137951
1814128,0,0
1689272,0,0
412965,0,0
2233851,0,19.08768501
109232,200.3668254,320.6731081
2585716,0,30.54029601
3394361,0,0
62088,0,0
82801,0,0
2125,0,40.08413852
576611,0,22.90522201
1566351,0,0
29291,0,26.72275901
453304,0,0
333367,446.972149,364.5747836
453783,0,32.44906451
3415750,0,38.17537001
1004279,0,0
2903557,0,64.89812903
1017,0,108.7998045
1867,0,0
2020412,0,24.81399051
3119007,0,0
2716812,385.3208181,263.4100531
2575440,0,0
2117,0,0
28119,0,0
2806347,0,0
3093864,0,22.90522201
1841249,0,47.71921252
683292,0,0
2721545,0,248.1399051
3117746,0,85.89458253
2594883,0,118.343647
3410268,0,0
3402864,0,0
2903580,0,57.26305502
3070215,0,51.53674952
2819098,0,0
132920,0,20.99645351
1806670,0,49.62798102
70775,0,30.54029601
1720344,0,0
290053,0,0
1986204,0,0
3060621,0,108.7998045
188144,0,120.2524155
2932256,0,114.52611
83556,0,0
294699,431.5593163,263.4100531
2215,0,0
171291,0,19.08768501
2975963,0,0
2843640,0,99.25596204
1943633,0,0
3026418,0,0
1685,0,0
2954647,0,0
1468449,0,181.3330076
410332,0,0
148813,0,0
2817656,0,59.17182352
73780,0,200.4206926
52690,0,64.89812903
504,0,112.6173415
131318,0,0
571949,0,68.71566603
2975777,0,1009.738537
74031,0,0
1859475,0,0
69499,0,57.26305502
2758573,0,0
200,0,137.4313321
215743,0,0
262076,0,0
656366,0,131.7050266
55802,0,51.53674952
189425,0,0
2903797,0,0
2993543,0,0
1884905,0,0
2732593,0,0
3387407,200.3668254,38.17537001
2866311,0,263.4100531
288,0,250.0486736
69362,0,0
2744516,0,0
2051906,0,26.72275901
3448124,0,78.25950853
191302,0,0
3366809,0,173.6979336
879969,0,19.08768501
3066289,493.2106472,208.0557666
3041619,0,116.4348785
1803177,0,0
2599305,0,0
3073902,0,0
264739,0,70.62443453
56459,0,0
748247,0,0
1064539,0,129.7962581
430679,0,0
3064001,0,0
319653,277.430989,82.07704553
2796928,0,0
1547922,0,19.08768501
1223566,339.0823199,162.2453226
1945658,0,0
2824561,0,36.26660151
2763068,0,0
1961362,0,0
1199245,0,24.81399051
864828,0,0
1653480,0,0
29375,0,66.80689753
229155,369.9079854,0
1397108,0,0
3383025,0,0
2744523,0,0
216963,0,0
84980,0,0
1675686,0,0
3131936,0,95.43842504
2004646,0,34.35783301
2518971,0,22.90522201
2908645,0,57.26305502
2517362,184.9539927,206.1469981
1325102,292.8438218,82.07704553
2861775,0,0
204038,0,24.81399051
70863,0,66.80689753
2865833,0,22.90522201
3273802,0,0
344163,0,0
47883,0,72.53320303
73141,0,32.44906451
2740163,0,32.44906451
3439042,0,26.72275901
500610,0,32.44906451
58138,0,80.16827703
1759399,431.5593163,364.5747836
2745561,0,0
680248,0,0
3447013,0,68.71566603
3239898,0,34.35783301
2829501,0,0
515393,0,0
2970818,0,0
404405,0,0
1536773,0,0
3390033,0,0
1874361,0,114.52611
2921401,200.3668254,229.0522201
2190,0,26.72275901
1590041,308.2566545,124.0699525
224719,0,32.44906451
3077948,0,55.35428652
1699622,0,0
2547970,0,41.99290702
2119,0,0
1524460,0,70.62443453
2490855,169.54116,28.63152751
108486,0,0
3103144,0,82.07704553
1267217,0,0
1124597,0,51.53674952
1328770,0,22.90522201
1903686,0,0
36740,816.8801344,154.6102486
3077930,0,0
3036945,0,0
2589076,0,0
1583100,0,0
2740807,0,19.08768501
1523415,0,0
40834,0,0
94254,0,24.81399051
2943192,0,0
1048205,0,24.81399051
211114,0,0
447689,0,135.5225636
3413029,0,28.63152751
419479,477.7978145,152.7014801
3387397,0,0
1712516,0,162.2453226
2121,0,72.53320303
1637853,0,0
408783,585.6876435,114.52611
47960,0,0
671077,0,0
2819104,0,0
3240042,0,0
1886670,0,0
2758440,0,0
417574,0,87.80335103
2807512,0,76.35074003
71433,0,0
1908224,0,89.71211953
2921702,0,101.1647305
2745511,0,295.8591176
2779518,0,0
171632,0,0
3033392,0,0
1523392,0,104.9822675
2231053,215.7796581,82.07704553
43765,0,0
113267,0,32.44906451
367190,0,297.7678861
1166078,0,0
1514105,0,0
2109914,0,20.99645351
2864217,0,0
3118085,0,0
430914,0,0
1233873,0,0
2926399,0,51.53674952
3458682,0,156.5190171
3234954,0,0
2009329,0,0
323284,0,152.7014801
1138194,0,211.8733036
1639108,0,78.25950853
232346,0,38.17537001
157592,0,0
2815167,0,28.63152751
35806,0,32.44906451
1792,0,0
2305987,0,0
3400846,0,137.4313321
198620,0,0
2545798,0,0
2914710,0,0
76116,0,0
914150,292.8438218,362.6660151
28125,0,89.71211953
137732,0,0
3015170,0,158.4277856
191390,0,164.1540911
2054227,0,0
2949994,0,0
3230990,0,40.08413852
56146,0,0
2773454,0,26.72275901
2971606,0,0
3391822,0,0
2587163,169.54116,0
2528007,0,0
3066271,0,0
3240027,0,0
2498135,0,74.44197153
1636152,369.9079854,20.99645351
882104,0,0
3075198,0,0
3240071,0,0
2984843,0,475.2833567
1758194,0,166.0628596
2020962,0,26.72275901
197614,0,0
2996782,0,141.2488691
536,339.0823199,219.5083776
1406512,0,0
833,0,49.62798102
103855,0,112.6173415
2507582,0,0
906888,0,45.81044402
2571747,0,57.26305502
84531,0,295.8591176
2817408,0,467.6482827
204525,0,0
198618,0,0
3034233,0,0
452,0,20.99645351
2527691,0,198.5119241
2954506,0,0
3242193,0,0
2100116,339.0823199,148.8839431
3003348,0,45.81044402
2745510,0,0
240427,0,34.35783301
2857077,0,51.53674952
3341829,246.6053236,122.161184
710705,0,0
2983246,0,78.25950853
3130166,0,78.25950853
1002546,0,118.343647
1928,0,0
1714373,0,36.26660151
2675792,0,0
2817413,0,0
1006155,0,24.81399051
111955,0,26.72275901
2774835,0,0
2493668,0,0
2003551,0,0
53408,0,0
732,0,28.63152751
3030492,0,43.90167552
3445355,0,0
537,0,0
375489,0,24.81399051
36738,0,0
3034648,0,0
2919921,0,64.89812903
184914,0,0
2916397,0,0
1054041,0,0
3372858,631.9261417,118.343647
82983,0,64.89812903
3160831,0,0
2026191,231.1924909,68.71566603
3395316,0,0
54261,0,0
3394146,0,51.53674952
1714845,0,0
1173101,0,391.2975427
39669,0,43.90167552
3385202,0,22.90522201
3240072,493.2106472,200.4206926
1664069,416.1464836,0
189691,0,28.63152751
1188319,0,0
3242682,0,114.52611
1302235,0,0
2975870,0,0
3118332,0,0
208216,0,80.16827703
1981510,0,62.98936052
37929,0,0
2005703,0,133.6137951
3230987,0,0
33940,0,0
1874317,0,19.08768501
3032282,0,0
2184053,0,32.44906451
340146,0,64.89812903
57372,0,41.99290702
2925841,0,164.1540911
2726189,0,0
2175864,0,0
2058624,0,38.17537001
102862,0,122.161184
1005039,0,0
120963,0,0
3240783,0,106.891036
3398231,0,49.62798102
2604832,323.6694872,433.2904497
212403,0,0
2728835,0,0
936476,0,0
1562720,0,0
34007,0,0
267128,0,0
2584094,0,0
2751171,184.9539927,0
60893,0,89.71211953
2026187,0,0
3080014,277.430989,122.161184
1608957,0,32.44906451
76936,0,0
2714925,0,0
114885,0,0
948519,0,0
476157,0,0
68246,0,160.3365541
3139408,154.1283272,192.7856186
410,0,47.71921252
2996034,0,83.98581403
2815577,0,20.99645351
3078083,169.54116,70.62443453
1549858,0,64.89812903
3077928,0,0
2163011,0,0
401471,0,20.99645351
1681,0,0
1891644,0,74.44197153
879274,0,0
414,0,59.17182352
280236,0,0
3386553,0,110.708573
281362,0,78.25950853
93220,0,32.44906451
2211212,0,83.98581403
261964,0,0
3157618,0,209.9645351
2047744,0,62.98936052
593909,0,28.63152751
556287,0,20.99645351
3019892,0,0
685,231.1924909,141.2488691
661488,0,169.8803966
3237371,0,0
2898581,184.9539927,0
2916816,0,0
33037,215.7796581,51.53674952
1801,0,0
351052,0,0
2750812,0,0
28099,0,36.26660151
29561,0,0
3071567,0,38.17537001
3067904,0,0
37637,0,0
2890318,0,0
2038636,184.9539927,93.52965654
114054,0,0
283686,0,0
3160832,154.1283272,188.9680816
3072790,0,22.90522201
3151599,0,0
358220,0,0
292414,0,0
2202141,0,0
47872,0,0
2663857,0,0
3231716,0,0
2970464,0,0
43768,231.1924909,53.44551802
1842727,0,22.90522201
2709380,0,19.08768501
1774216,0,49.62798102
1349410,0,0
1979954,0,30.54029601
1872122,0,116.4348785
3418417,0,36.26660151
2710758,0,118.343647
183795,0,0
1128151,0,0
1639348,0,0
55211,277.430989,0
3349878,0,0
2485124,0,0
3028375,0,0
2231721,0,0
3237105,0,236.6872941
2058136,0,0
3166643,0,0
2579250,0,118.343647
3016339,0,106.891036
3236892,0,0
33990,0,0
2585771,0,139.3401006
2725994,0,171.7891651
1970157,0,26.72275901
58169,0,0
227942,0,0
2975743,0,0
2067065,0,19.08768501
1817405,0,164.1540911
269660,0,66.80689753
3438965,0,0
2528017,0,0
2173169,0,57.26305502
1248727,0,24.81399051
2975953,0,0
2698458,0,41.99290702
1618,0,61.08059202
2576891,0,0
2921557,0,95.43842504
2903591,0,227.1434516
3039386,0,0
386911,431.5593163,362.6660151
2675878,0,62.98936052
31958,0,0
1632865,0,78.25950853
2735436,0,0
47884,0,20.99645351
2740529,0,0
155177,0,0
2754725,0,0
29553,0,0
3133277,0,0
240521,0,0
161360,262.0181563,76.35074003
2530200,0,19.08768501
1798193,0,0
1456591,0,0
1804,0,0
133924,0,0
2758038,0,0
2527983,0,85.89458253
33059,215.7796581,160.3365541
2592049,169.54116,76.35074003
1965282,0,57.26305502
1349,0,0
2857059,0,0
2951806,0,0
170651,0,20.99645351
3144975,0,24.81399051
2507160,169.54116,187.0593131
2093856,0,34.35783301
2109915,0,0
2511995,0,0
3243332,0,40.08413852
1050370,0,0
1737424,0,0
2099,0,0
81028,0,0
566,0,0
225084,0,137.4313321
496014,0,0
1874061,0,0
2210,385.3208181,85.89458253
2483404,0,0
495,0,156.5190171
2978973,0,0
3031124,0,0
2024580,0,211.8733036
2796143,0,0
1591088,0,59.17182352
293552,231.1924909,204.2382296
2956798,0,30.54029601
370524,0,0
2982692,0,0
483937,0,0
3447451,0,0
3039154,308.2566545,99.25596204
3382150,0,376.0273946
2558931,0,28.63152751
3100174,0,0
2909671,0,0
184748,0,0
1848903,0,0
34003,0,0
2571116,0,169.8803966
3242158,0,0
2010972,323.6694872,145.0664061
1323948,184.9539927,127.8874895
2590772,292.8438218,120.2524155
173858,0,41.99290702
58231,0,70.62443453
2975710,0,0
52603,0,0
134821,0,0
2967301,0,0
293089,0,0
2753607,0,0
2815358,0,59.17182352
3141581,0,0
3230487,0,0
2975990,0,64.89812903
3037797,277.430989,194.6943871
3241170,0,141.2488691
754517,0,0
3238631,0,26.72275901
3115649,0,32.44906451
155077,0,240.5048311
1810504,0,0
2963092,0,0
397865,0,137.4313321
2903619,0,0
3129297,0,22.90522201
2055160,0,0
2083300,0,0
1353891,0,41.99290702
1758178,0,188.9680816
260552,0,108.7998045
673,0,24.81399051
2594496,0,0
1743162,0,97.34719354
2903577,0,0
3085177,0,0
575,0,0
1702103,0,0
1364,0,0
53417,200.3668254,118.343647
2039234,0,0
3118174,308.2566545,223.3259146
279113,0,0
3419765,0,0
2291597,0,0
1870819,0,0
3157666,0,206.1469981
1869339,369.9079854,0
2685869,0,0
1699623,0,125.978721
83380,0,0
1448929,0,0
3239903,0,0
3372856,0,20.99645351
2975801,0,0
2865837,0,158.4277856
53635,0,0
1560345,0,38.17537001
3120278,0,32.44906451
1811193,0,0
2590015,0,156.5190171
2986951,0,28.63152751
2726117,0,0
2591463,0,36.26660151
2903700,0,0
2975796,0,278.6802011
2559928,493.2106472,135.5225636
1131703,0,0
152682,0,0
2724914,0,51.53674952
1796613,0,0
433659,292.8438218,80.16827703
1806667,0,0
39485,0,0
1891186,0,47.71921252
2480087,0,0
2975797,0,0
568844,0,28.63152751
2872591,0,0
2993455,0,0
195913,0,0
1813468,0,0
2572577,0,0
538382,0,0
2782659,0,152.7014801
249402,0,146.9751746
2512240,0,0
712150,0,43.90167552
357278,0,0
3042315,0,22.90522201
1077945,0,297.7678861
446692,0,0
2021862,0,0
2599297,0,0
452627,0,0
2903679,0,43.90167552
2775403,0,0
2794089,0,0
465797,0,0
2527971,0,51.53674952
668570,0,0
123824,0,0
142,0,0
244566,0,22.90522201
208596,0,179.4242391
2760083,0,587.9006982
1249553,0,0
2731756,0,30.54029601
2136,0,0
3040764,0,0
2975717,0,0
3162562,0,0
83554,0,0
2588534,0,19.08768501
1972068,0,64.89812903
38012,0,0
1884263,0,0
3018036,0,0
1085,0,0
34103,0,0
648794,0,93.52965654
2267521,184.9539927,246.2311366
1635327,0,0
1597781,0,19.08768501
2268461,0,0
2943848,0,0
2792008,0,0
1709477,0,156.5190171
2005166,0,95.43842504
1078471,0,0
151528,154.1283272,0
536979,200.3668254,34.35783301
1697053,0,150.7927116
2983842,0,0
1715720,0,0
3451555,0,83.98581403
1236179,0,0
3082538,0,0
2149,0,22.90522201
3028878,0,0
142877,0,0
2583532,0,0
436,0,66.80689753
3412683,0,0
1071078,0,0
127893,0,0
356837,0,0
551760,0,0
114686,0,0
356322,0,0
2685834,0,0
754477,0,0
2921447,0,0
3050071,0,30.54029601
1917441,0,0
945,0,0
228602,0,57.26305502
172713,0,0
2792603,0,0
1070130,0,30.54029601
2697033,0,0
438,0,0
3388665,0,185.1505446
2721173,0,0
3415677,0,20.99645351
1176257,0,45.81044402
2785331,184.9539927,55.35428652
2145,0,0
3025669,0,45.81044402
2999062,0,0
2603277,0,0
3345148,0,0
2975808,0,0
580,0,125.978721
3463852,0,0
207809,200.3668254,51.53674952
2916802,0,101.1647305
3071082,0,0
3243051,0,0
2141,0,0
528244,0,82.07704553
3414510,0,104.9822675
2697363,0,74.44197153
1656159,0,0
3122075,0,0
43770,0,0
61648,0,22.90522201
3242677,0,0
3398776,0,116.4348785
1333996,0,36.26660151
3449278,0,286.3152751
146826,601.1004763,185.1505446
2976015,0,0
2817411,0,0
184917,0,0
1814290,0,0
2608247,0,265.3188216
2606717,0,19.08768501
2816454,0,0
134287,0,0
51201,0,0
1867834,0,68.71566603
1859121,0,0
93218,0,0
2719912,0,227.1434516
531813,0,34.35783301
1434072,0,26.72275901
2954699,0,0
46680,0,0
74318,215.7796581,72.53320303
58290,215.7796581,204.2382296
72,262.0181563,244.3223681
33050,0,0
3133324,0,0
626932,0,20.99645351
2849865,0,0
3239936,385.3208181,0
1891787,0,0
2715209,0,0
2912855,0,32.44906451
251538,0,0
933262,0,72.53320303
29311,0,0
2714946,292.8438218,150.7927116
86265,0,0
1182444,0,51.53674952
2921510,0,49.62798102
875932,0,0
102148,0,238.5960626
3077585,0,70.62443453
2979861,601.1004763,206.1469981
225999,0,150.7927116
2708340,0,72.53320303
2917725,0,0
266,0,26.72275901
2950604,0,230.9609886
3233343,0,0
3231000,0,0
2602067,0,0
328839,0,0
1415568,0,0
3075825,0,0
653931,0,0
74829,0,0
373543,0,0
84156,0,0
2736757,0,0
67760,0,30.54029601
2975324,0,0
2211140,0,0
857252,0,0
53501,0,0
3239927,0,0
879567,169.54116,114.52611
169480,0,0
2980027,0,0
2956824,0,0
2844289,0,0
28025,0,0
2903891,0,198.5119241
3081765,0,248.1399051
1748,0,0
2714929,0,0
2867024,0,0
1678128,0,0
81468,0,335.9432561
75612,0,0
296591,0,108.7998045
1772,0,0
3239975,0,166.0628596
2946699,0,32.44906451
2607911,0,0
2498113,0,110.708573
34021,0,156.5190171
216933,0,91.62088804
1310,0,0
2599600,0,66.80689753
1674146,0,0
169402,0,0
2082949,0,0
423605,0,0
316279,0,141.2488691
1435348,0,0
2750929,0,22.90522201
2041385,0,20.99645351
452529,0,131.7050266
2975960,0,24.81399051
61652,0,0
223390,0,108.7998045
3101265,0,0
3125785,0,244.3223681
1586287,0,0
2812648,0,0
1076588,0,22.90522201
1028989,0,89.71211953
1855617,0,0
1138822,0,0
2728023,0,0
126157,0,0
1850250,0,0
1031538,154.1283272,0
3412685,0,19.08768501
3239892,0,49.62798102
3386552,416.1464836,131.7050266
1291556,0,150.7927116
3066290,0,0
135740,0,0
2968969,0,34.35783301
2234,0,53.44551802
111831,0,38.17537001
1529068,0,0
1541959,184.9539927,93.52965654
1858609,0,0
408139,0,160.3365541
3138568,0,0
901,0,0
2597702,0,0
146922,0,0
515361,0,34.35783301
67827,0,0
3388653,0,91.62088804
2708348,0,0
3052000,0,0
1461000,0,47.71921252
1416803,0,0
192073,0,0
1400866,277.430989,32.44906451
2816248,0,103.073499
3394356,0,0
73010,0,0
1917219,0,22.90522201
1415574,0,20.99645351
2746232,0,0
2763669,0,28.63152751
214,0,0
2921704,0,0
1890,0,0
3044187,308.2566545,57.26305502
507626,0,0
2268024,169.54116,104.9822675
47886,0,173.6979336
3050112,0,30.54029601
3055847,0,0
51161,308.2566545,112.6173415
14,0,0
2829502,0,28.63152751
133453,0,32.44906451
2592334,0,0
85991,246.6053236,0
3116653,0,26.72275901
1852027,0,118.343647
1705399,0,0
55508,0,0
2840457,0,0
83291,0,72.53320303
2877939,0,0
3080532,0,19.08768501
2172103,0,55.35428652
3077589,277.430989,22.90522201
2530390,0,59.17182352
2854036,0,0
2921420,0,0
2675754,0,0
86188,0,0
32013,0,0
709810,0,0
1871066,0,19.08768501
2826993,0,45.81044402
1349409,0,0
3230992,385.3208181,250.0486736
1341549,0,47.71921252
172049,0,0
2975902,0,773.0512428
2603276,0,49.62798102
589873,0,0
2771361,0,20.99645351
285070,0,152.7014801
2735528,0,0
2770776,0,0
2675298,0,112.6173415
2921714,0,32.44906451
2894201,0,36.26660151
68173,0,0
1536772,308.2566545,82.07704553
472693,0,0
3240046,262.0181563,95.43842504
42881,0,0
1902136,0,250.0486736
43348,431.5593163,20.99645351
133926,0,0
3017784,0,0
2952158,0,0
69967,0,0
1408281,0,276.7714326
1926868,0,76.35074003
1898955,0,19.08768501
2991418,0,51.53674952
436516,0,38.17537001
3426554,0,0
200451,0,24.81399051
501572,0,0
1736675,0,0
1549949,0,0
2886040,339.0823199,91.62088804
3235088,0,0
208602,0,0
2953752,0,0
2663020,0,0
2528020,0,0
2705012,0,0
2830983,0,0
76629,0,43.90167552
2768162,0,36.26660151
1512,0,89.71211953
51049,0,0
3398393,0,22.90522201
3396619,0,0
1630141,0,0
40516,0,0
1670800,0,22.90522201
941907,0,0
2066070,0,28.63152751
2864208,0,0
512349,0,0
472183,0,0
511435,0,0
2565368,0,0
2851598,0,0
3003393,0,0
128574,0,0
1615494,0,97.34719354
3239906,0,30.54029601
710191,0,72.53320303
3152363,0,0
82985,0,0
35791,0,0
2961619,0,72.53320303
2545632,0,0
2897342,0,0
2841257,0,0
338584,0,72.53320303
3028735,184.9539927,24.81399051
3082387,0,0
1579,0,89.71211953
1443036,0,0
3391614,0,24.81399051
3430278,0,0
3066288,0,0
2867025,0,0
29471,0,55.35428652
1306992,0,34.35783301
1543721,0,43.90167552
1892855,0,22.90522201
223818,0,32.44906451
1907,0,24.81399051
1931241,0,0
2518176,0,32.44906451
3238801,0,0
2162,0,0
2975734,0,0
40519,0,190.8768501
2382161,0,0
1679497,0,160.3365541
2500548,0,0
2782213,0,0
1636603,0,0
2508306,0,0
1581011,0,22.90522201
362837,0,183.2417761
2726122,0,0
3239306,0,0
2201350,215.7796581,125.978721
225971,0,0
2827233,0,0
3080827,0,0
2742128,0,146.9751746
2976237,0,0
2604941,0,0
2650158,0,171.7891651
342948,0,137.4313321
27973,0,0
3111011,0,0
2924031,0,0
3367156,0,0
3423946,0,122.161184
454171,0,0
1177213,0,70.62443453
2599640,0,20.99645351
502,231.1924909,229.0522201
46354,0,238.5960626
3020899,0,0
1872567,0,0
3391575,0,40.08413852
2593655,0,188.9680816
380749,184.9539927,110.708573
47763,0,0
2954530,0,0
3133335,0,0
1868589,0,0
2697027,0,0
147268,184.9539927,85.89458253
3133332,0,0
2596828,0,0
1751071,0,0
1079,0,0
2742676,0,188.9680816
2065312,0,28.63152751
195498,0,0
153233,0,0
51364,0,61.08059202
3149229,0,0
2734088,0,0
420336,0,40.08413852
33010,0,26.72275901
28104,0,0
3096000,0,0
330922,0,0
2493633,0,0
3162530,0,19.08768501
400061,0,108.7998045
37331,0,0
3230993,0,0
2954814,0,0
153491,0,0
42443,0,19.08768501
1619153,0,0
1211807,0,0
216942,0,181.3330076
1380685,0,248.1399051
3239968,0,244.3223681
2745519,0,0
2759692,0,68.71566603
2806609,0,22.90522201
283699,0,0
1217274,0,104.9822675
33962,0,0
710111,0,0
288004,0,64.89812903
3066313,0,0
3394605,0,0
225422,0,0
1129264,200.3668254,229.0522201
1603606,0,0
424188,462.3849817,30.54029601
3159496,0,0
2136182,0,0
3092120,200.3668254,20.99645351
2979467,0,0
3110110,0,0
2507935,0,122.161184
2035,0,0
1768242,0,36.26660151
3239940,0,0
3028084,0,0
556548,0,0
51664,0,0
421115,0,209.9645351
1535768,0,0
1727163,0,120.2524155
2044912,0,51.53674952
173860,0,0
1408191,0,0
2728024,0,0
1874826,0,0
3239974,0,0
3024837,0,0
1537242,0,22.90522201
2736640,0,45.81044402
2949758,0,0
2665646,0,146.9751746
547987,0,118.343647
3134142,0,0
3043848,0,0
1218495,0,0
1777491,724.4031381,0
2565554,0,0
2976241,0,32.44906451
304378,0,64.89812903
3068640,0,70.62443453
1816680,0,40.08413852
2969308,246.6053236,179.4242391
29401,0,0
860235,0,20.99645351
1263728,0,0
3094884,0,0
153493,0,0
1086632,0,0
2202828,0,53.44551802
38288,0,0
3117747,0,0
159450,0,55.35428652
1032623,0,135.5225636
3036704,0,0
68270,0,0
2867012,0,0
299583,0,0
2696560,184.9539927,0
36814,0,101.1647305
1981174,0,22.90522201
1882757,0,0
59405,0,0
46163,0,0
2493672,0,0
3050360,0,0
2878388,0,0
2798861,0,0
45056,0,20.99645351
3405120,0,0
298653,0,0
364317,0,0
2921707,0,0
536044,0,45.81044402
2752316,0,0
2997333,0,55.35428652
3133966,0,49.62798102
2527972,215.7796581,80.16827703
1156431,0,30.54029601
2202826,0,211.8733036
2682456,0,47.71921252
3074822,0,0
216938,0,34.35783301
664962,0,0
1792307,0,0
33046,0,0
3074437,0,0
699433,0,0
589436,0,0
195105,0,0
565,246.6053236,120.2524155
160386,0,0
2777577,0,103.073499
1470066,0,0
938155,0,28.63152751
1609977,0,0
3142977,0,0
2838237,0,0
387090,0,59.17182352
2975769,0,0
2066133,0,0
1033846,0,0
3238686,0,28.63152751
1002672,0,41.99290702
446372,0,0
35,0,45.81044402
450734,0,0
391290,0,0
3132707,0,248.1399051
3140246,385.3208181,61.08059202
451,0,32.44906451
971,0,125.978721
252966,0,20.99645351
3239970,0,0
3398817,0,0
437505,0,30.54029601
1050657,308.2566545,0
1631871,292.8438218,101.1647305
134602,0,0
3079768,0,0
3058603,0,145.0664061
3096993,169.54116,0
2954512,0,0
2867010,0,87.80335103
1416627,0,0
2761580,0,28.63152751
515350,0,19.08768501
3066275,0,0
3035702,0,0
2729997,292.8438218,236.6872941
3073066,0,0
2921375,0,0
751585,0,175.6067021
1965590,0,19.08768501
2763540,0,0
39490,0,43.90167552
3096221,0,0
2234087,0,76.35074003
936456,0,0
1903258,0,129.7962581
3116481,0,0
3075927,0,0
1750719,0,0
2654249,0,0
1570,231.1924909,135.5225636
2894081,0,0
2707005,0,0
108015,215.7796581,95.43842504
3239953,0,0
296199,0,24.81399051
3458298,0,314.9468026
2607656,0,0
2587850,0,0
2864218,0,64.89812903
2010829,0,118.343647
3373541,0,49.62798102
1182263,0,229.0522201
341220,0,0
1294,0,70.62443453
3075121,0,0
261284,154.1283272,64.89812903
231455,0,190.8768501
3133318,0,0
1743168,0,293.9503491
3391146,0,41.99290702
3129112,0,0
2810563,0,0
2922729,0,0
1484109,0,19.08768501
2738886,0,49.62798102
374982,0,0
2520507,0,0
2487276,0,0
245188,0,43.90167552
1903276,0,339.7607931
1379909,0,0
2282420,0,0
2493674,0,0
931074,246.6053236,87.80335103
3366806,154.1283272,22.90522201
502366,0,0
1377,0,49.62798102
2054316,0,91.62088804
2986949,0,0
2842346,570.2748108,0
1984801,0,0
2771012,0,0
2607662,169.54116,0
32002,0,36.26660151
1379910,0,24.81399051
1285901,0,0
3031803,0,0
1695218,169.54116,0
2921411,0,74.44197153
2662455,0,0
53359,0,0
65553,0,0
3235173,0,34.35783301
2949997,0,45.81044402
522262,246.6053236,80.16827703
3058426,0,0
3133288,0,0
3074898,0,20.99645351
1737425,0,0
3068893,0,0
2937787,0,0
659012,262.0181563,248.1399051
158823,169.54116,0
2983232,0,0
2716225,0,0
524884,0,0
169435,0,34.35783301
290,0,20.99645351
1904254,0,26.72275901
3028622,0,0
40001,0,0
2724191,0,143.1576376
2571750,0,0
310783,0,0
1353886,262.0181563,49.62798102
592316,0,124.0699525
2023866,0,0
1758395,0,0
656178,0,0
32049,0,55.35428652
2708117,0,68.71566603
1944646,0,122.161184
2841528,0,19.08768501
3042318,0,133.6137951
1849581,0,0
2879113,0,0
3057550,0,22.90522201
2856608,184.9539927,49.62798102
1808001,0,177.5154706
453162,0,0
1076331,0,0
2842456,0,0
3095609,0,0
2903882,0,200.4206926
83617,0,0
3390025,0,40.08413852
1207504,0,66.80689753
3069691,0,43.90167552
2506452,0,89.71211953
1160784,0,78.25950853
2865832,0,97.34719354
2921698,0,0
13769,0,0
211146,0,0
323415,0,28.63152751
2906514,0,110.708573
450378,0,26.72275901
2903668,0,0
3062598,0,0
1812112,200.3668254,43.90167552
553151,0,0
62099,0,40.08413852
1408204,0,19.08768501
172042,246.6053236,51.53674952
2975961,0,26.72275901
2903764,0,0
1394889,0,0
13689,0,0
3240383,0,0
190146,0,0
2041,0,127.8874895
881260,0,0
3121289,0,38.17537001
2571748,0,20.99645351
2820278,0,76.35074003
3133272,0,0
2811424,0,0
216964,0,93.52965654
1074467,0,20.99645351
913,0,0
1534349,385.3208181,127.8874895
3039180,0,0
163164,0,669.9777438
2728020,0,0
2080419,0,0
3404052,0,0
2766537,0,57.26305502
1758390,0,0
1756993,0,45.81044402
34038,0,190.8768501
3139327,0,19.08768501
45462,0,0
1909699,0,0
42109,0,0
292461,0,97.34719354
327277,0,0
266951,184.9539927,103.073499
2732864,0,0
2779363,0,0
45361,154.1283272,0
2116657,0,0
1538553,0,34.35783301
31998,0,78.25950853
53412,0,0
1452353,0,28.63152751
3023936,0,103.073499
1400864,0,34.35783301
2984146,0,108.7998045
110322,0,166.0628596
652,0,0
356851,0,0
2494702,0,0
3458297,0,0
2975735,0,0
2259620,0,0
2001,0,0
150123,0,0
88233,0,0
2918171,0,24.81399051
3002436,0,0
2991545,0,0
2027290,0,0
2246,0,162.2453226
1442554,0,38.17537001
3402689,0,0
2563669,0,0
92757,0,0
70864,0,74.44197153
1510570,0,108.7998045
1764,0,0
33936,0,309.2204971
39768,0,0
1007676,0,0
3394355,0,0
1472417,0,0
1746199,0,26.72275901
86663,0,0
3050637,0,26.72275901
2893471,0,0
2600596,0,0
3082520,0,0
295596,0,0
29518,0,181.3330076
2899133,0,146.9751746
3374193,0,0
1041159,0,124.0699525
58344,292.8438218,167.9716281
1353246,0,0
1585976,0,156.5190171
3233341,0,0
2878542,0,339.7607931
2589888,0,0
2899123,0,32.44906451
1447062,0,0
2074,0,0
3133291,0,80.16827703
715451,0,0
74700,0,0
2315729,0,0
1911685,0,173.6979336
54262,0,0
2177,0,0
1508404,0,83.98581403
1217908,0,0
47858,0,0
219572,0,0
1398493,169.54116,232.8697571
349064,0,0
370038,0,0
3026423,0,0
207745,0,72.53320303
586416,0,0
67350,0,0
684066,0,0
1509244,0,22.90522201
62140,0,0
3061989,0,0
1750,0,118.343647
1564,0,0
2683590,0,0
1476,0,0
2903862,0,22.90522201
190897,0,0
3231173,0,0
993502,0,51.53674952
1914471,0,0
33932,0,0
3384767,0,0
196914,0,0
246167,0,0
72557,0,0
321327,0,0
82367,0,0
2576840,0,0
2762729,0,0
2817385,0,0
2754044,0,19.08768501
3133721,0,47.71921252
47989,0,0
3137370,0,0
3119830,231.1924909,87.80335103
29510,0,0
2653851,154.1283272,0
2711215,0,0
1949085,0,24.81399051
3066221,0,51.53674952
402884,0,0
2793103,0,0
1548548,0,19.08768501
3374551,0,120.2524155
2911537,354.4951527,114.52611
3073143,0,38.17537001
2975988,0,0
1427364,0,36.26660151
1671721,0,0
3160966,0,0
1104324,0,0
2912268,0,0
2898433,0,0
310300,0,43.90167552
277988,0,0
1450,0,0
3125784,0,259.5925161
2903872,0,0
3459121,0,103.073499
2527989,0,0
2135430,0,24.81399051
2867023,0,87.80335103
1316444,0,0
99807,0,0
1949083,0,0
3137368,0,0
1516159,0,30.54029601
2502781,0,0
2871826,0,72.53320303
1945634,0,179.4242391
3241167,0,104.9822675
1738770,0,28.63152751
3074855,0,19.08768501
2976809,0,0
3066276,0,0
1389713,0,26.72275901
47835,0,0
2775081,0,0
3161974,0,0
2976005,0,0
2749077,0,0
1882747,0,34.35783301
48003,0,0
1883414,0,0
3243375,0,633.7111422
33070,0,0
2576919,0,125.978721
1967501,0,194.6943871
68214,0,26.72275901
103232,0,0
3239897,0,22.90522201
1785995,0,0
3058374,0,0
3077956,0,0
2675776,0,0
3114359,0,24.81399051
2077182,0,0
261292,0,0
2768069,0,0
1921565,0,0
1214604,0,0
2749040,0,129.7962581
116085,0,0
1481665,0,152.7014801
2736875,184.9539927,85.89458253
3388426,0,22.90522201
3075616,0,0
3240787,0,0
680247,0,41.99290702
3031330,0,0
194424,0,66.80689753
2811482,0,0
3377108,0,38.17537001
1432792,262.0181563,22.90522201
56460,0,0
2861283,0,0
1791,0,0
497727,0,104.9822675
2815343,0,24.81399051
265426,0,0
3242679,0,194.6943871
252130,0,0
405559,0,41.99290702
3015154,0,0
114616,0,47.71921252
2527980,0,118.343647
1330330,0,83.98581403
2980099,0,118.343647
2954547,0,47.71921252
119484,0,0
3449740,0,0
285665,0,0
114883,0,0
75697,0,0
1435036,0,70.62443453
2982531,0,0
1552759,0,0
2653200,0,0
1277351,0,0
256701,0,0
485,0,0
1149953,0,622.2585312
2066483,231.1924909,219.5083776
3151850,0,0
2570229,0,0
1986146,0,0
2809020,0,36.26660151
3243033,0,24.81399051
455364,0,129.7962581
1593482,0,0
2768066,0,68.71566603
2755385,0,0
2890317,0,0
471189,0,0
2921709,0,30.54029601
3234199,0,0
2932251,0,293.9503491
576131,0,0
2903595,0,0
2718938,0,0
571124,0,0
556288,200.3668254,0
2870346,0,0
2768161,0,30.54029601
3033390,0,0
2183911,0,0
1050655,0,0
2065379,0,0
152335,0,0
535744,0,0
3041766,0,0
2528027,0,32.44906451
2907154,0,0
573569,0,0
121616,0,0
2867231,0,0
3133696,200.3668254,162.2453226
1920883,0,0
348826,0,43.90167552
2938695,0,0
2950874,0,0
1092,0,61.08059202
652764,0,0
2003315,0,0
2954056,0,337.8520246
2605945,0,34.35783301
2923279,0,47.71921252
675864,0,0
168695,0,41.99290702
2749994,0,143.1576376
340268,0,0
3421650,0,0
2834459,0,0
762,0,0
2915130,0,0
2719987,0,175.6067021
2921658,0,0
2967302,0,0
3402862,0,0
1936003,0,0
215591,0,0
2906062,0,0
2997354,0,0
1276,0,0
3374192,0,89.71211953
2773709,0,0
193,0,0
3031993,0,0
158877,200.3668254,95.43842504
2954507,0,108.7998045
3064277,0,0
2903789,0,0
2975947,0,0
2033,0,0
334852,0,158.4277856
309806,0,0
2972485,0,0
252307,0,78.25950853
2743090,0,0
218822,0,0
639313,0,0
1933912,0,0
3230301,0,0
1760988,0,20.99645351
2586909,0,104.9822675
2011159,0,0
2038343,215.7796581,34.35783301
1699624,0,139.3401006
50718,0,0
3243076,0,24.81399051
2144175,0,0
3416808,0,28.63152751
745369,0,24.81399051
251699,0,0
2843215,0,22.90522201
1981880,0,353.1221726
1385663,0,62.98936052
2782176,0,0
712623,0,103.073499
3230736,0,0
1312741,0,0
624186,0,22.90522201
3377707,0,72.53320303
1497681,0,101.1647305
2744522,0,0
2025949,0,0
95301,292.8438218,196.6031556
2791037,0,202.3294611
2698682,0,91.62088804
2282397,0,0
2927975,0,120.2524155
2933293,0,28.63152751
12917,0,38.17537001
2975730,0,271.0451271
328814,0,0
2748316,0,0
395599,0,0
2975776,0,0
2829809,0,127.8874895
1881061,0,0
2933797,0,0
2604421,0,0
1855519,0,0
3403152,0,101.1647305
2590551,0,0
1901,0,0
3435889,0,89.71211953
3427931,0,0
3398208,0,0
3239972,0,118.343647
83558,0,0
354351,0,0
221341,184.9539927,0
2202825,0,57.26305502
2546350,0,0
3035471,0,0
2420306,0,0
1851148,0,0
2979870,0,0
314282,0,202.3294611
2921417,0,0
331696,0,0
2027405,0,0
1749,0,0
45610,0,19.08768501
1796635,0,83.98581403
1763998,0,0
2975641,0,0
3447509,0,0
3239922,0,0
2931390,0,22.90522201
2806348,0,78.25950853
2569862,0,0
2681986,0,30.54029601
3230972,0,0
204891,0,0
2761579,0,0
2940297,0,0
1260955,0,0
2975705,0,0
2954659,0,0
1979950,0,0
2320270,0,0
2857058,0,91.62088804
505,0,91.62088804
3458296,231.1924909,85.89458253
2594495,0,0
51288,0,0
3061240,0,45.81044402
1784719,0,82.07704553
2952228,0,0
33910,0,24.81399051
151416,0,24.81399051
74313,0,61.08059202
7,0,22.90522201
222136,0,0
2751176,0,0
3416654,0,0
2600177,0,124.0699525
1511761,0,0
2961599,0,0
2932184,0,0
3028805,0,0
1108,0,114.52611
3108485,0,87.80335103
1441386,0,0
1368430,0,0
2992143,0,0
1105380,0,0
221126,0,22.90522201
2903881,0,0
3126690,0,0
1442555,0,0
3136736,215.7796581,200.4206926
662858,0,150.7927116
3125779,0,0
2718,0,0
3391839,0,0
556,0,45.81044402
598660,0,0
2878391,0,0
296745,0,0
3366266,0,580.2656242
2094,0,47.71921252
2518605,0,49.62798102
1690221,0,99.25596204
2692624,0,0
463014,0,0
3121288,0,0
2583377,0,0
206403,0,0
1517551,0,0
2792015,0,57.26305502
29360,0,0
3392115,0,0
1526658,0,38.17537001
1609559,0,28.63152751
2735868,0,0
2818390,0,154.6102486
2654190,0,0
2903584,0,0
2587842,0,22.90522201
361277,0,0
2769486,0,0
13688,0,0
3243765,0,0
2447890,0,0
2762277,0,0
3416058,0,0
2559804,0,0
2502791,0,0
55602,0,0
163604,0,0
2822138,0,0
2940300,0,0
1768011,0,0
2738142,0,0
3450237,0,0
2182384,0,164.1540911
2697019,0,272.9538956
3422216,0,0
2892996,0,0
3111921,0,0
2692802,0,0
2217832,0,0
2774693,0,0
313590,0,146.9751746
376175,0,59.17182352
33968,0,0
3398205,0,0
234827,0,0
53953,0,53.44551802
3115295,0,0
95641,0,43.90167552
407020,0,53.44551802
2949635,0,83.98581403
3242491,0,292.0415806
3242492,0,0
2987701,385.3208181,152.7014801
1053,0,0
3003617,0,215.6908406
2675523,0,0
311231,0,0
2133944,0,187.0593131
2692330,0,0
568768,0,20.99645351
3445780,0,30.54029601
3341726,0,0
2779361,0,0
3073270,0,20.99645351
324078,0,74.44197153
105219,0,0
3079555,0,45.81044402
2497861,0,0
3416711,0,43.90167552
2033869,0,19.08768501
2584467,0,0
3394359,0,0
129921,0,0
3070814,169.54116,0
1259973,0,206.1469981
864069,0,0
19,0,26.72275901
3367288,0,0
199592,0,0
2974552,0,0
1852390,0,0
3066216,0,307.3117286
3133331,0,280.5889696
244787,0,34.35783301
2054,0,64.89812903
1096,0,112.6173415
101192,0,112.6173415
1915,0,0
2742131,0,103.073499
2904122,184.9539927,0
1618207,0,0
159612,0,0
189540,0,0
921,0,26.72275901
69539,0,0
2499213,0,0
75906,292.8438218,125.978721
2584466,0,0
2762563,0,225.2346831
3400908,0,22.90522201
65555,0,26.72275901
1516059,0,78.25950853
111769,0,55.35428652
656,0,0
2109913,0,0
2561924,0,68.71566603
3051171,0,0
233181,0,49.62798102
255984,0,0
134,0,45.81044402
3421645,0,0
2598453,0,0
3447454,0,0
35554,277.430989,89.71211953
3156489,0,45.81044402
453230,0,0
1203471,0,45.81044402
3054939,0,24.81399051
658629,0,0
2265,0,0
103817,0,0
3028312,385.3208181,70.62443453
3016090,0,127.8874895
486,0,110.708573
2419772,0,0
3038077,0,0
126569,0,26.72275901
472834,0,0
3111414,0,0
990078,0,30.54029601
1150371,0,0
2984322,0,0
2203724,0,51.53674952
1763883,0,0
2925411,0,53.44551802
2589974,0,0
92945,0,0
1545728,0,47.71921252
3133287,0,0
2903571,0,127.8874895
824,0,0
3430798,0,0
273677,0,0
221352,0,0
2802975,0,20.99645351
35799,0,0
1575,0,47.71921252
2903563,0,0
3088362,0,0
2750011,0,99.25596204
3156396,0,0
53399,0,34.35783301
2681547,0,0
2072413,0,0
2339259,0,280.5889696
2100729,0,120.2524155
651143,0,32.44906451
2071621,339.0823199,103.073499
2547600,0,0
83171,0,87.80335103
3367691,0,0
3438963,0,0
1179767,0,146.9751746
3056445,0,0
1805827,0,95.43842504
3349635,0,24.81399051
1881017,0,0
3060697,0,0
97478,0,43.90167552
3376687,0,232.8697571
1209220,0,0
3038653,0,125.978721
60480,0,0
2976459,0,0
128944,0,0
1873716,0,0
2945587,0,0
2162713,0,82.07704553
1594731,0,0
3065955,0,0
3068305,0,454.2869032
2819280,0,45.81044402
2742145,0,32.44906451
3403077,0,0
3039156,0,20.99645351
3069264,0,0
356852,0,0
2588449,0,0
3065298,0,26.72275901
2921636,0,38.17537001
266809,0,0
108150,0,0
3436240,0,0
2817392,0,0
1564681,0,0
1881069,0,0
1386941,0,0
84110,0,0
1333528,0,0
2879846,0,0
3077937,0,171.7891651
2176,0,76.35074003
393921,0,0
894,0,0
205844,0,0
2865838,0,0
2656760,0,0
2741301,0,0
2015348,0,53.44551802
451514,0,0
2487074,0,181.3330076
265959,0,0
444444,0,175.6067021
3003601,0,0
157691,0,76.35074003
1829,0,0
246786,0,0
2923363,0,0
2840468,0,215.6908406
3046593,0,0
1962908,0,0
41202,0,0
1442136,0,36.26660151
2571746,0,34.35783301
53362,0,0
2518370,0,267.2275901
251535,0,0
2499145,0,0
2587854,0,154.6102486
64002,0,0
2975942,0,0
2762322,0,0
2592653,0,177.5154706
2591633,0,0
480035,0,0
949,0,248.1399051
3239388,0,143.1576376
2898441,0,124.0699525
3125786,0,0
2678688,0,0
3243395,0,0
1531429,0,0
1896164,0,0
155866,0,0
3071408,0,0
3114300,0,0
2494234,0,0
3135646,0,0
454154,0,0
3018929,0,0
2981137,0,225.2346831
1437009,0,34.35783301
1034015,0,0
1927,0,19.08768501
31899,0,0
984307,0,0
2975842,0,0
83627,0,82.07704553
3029055,0,0
1458307,0,127.8874895
2913616,0,26.72275901
399025,0,0
1295,0,0
45851,0,0
1136497,0,0
2651972,0,0
293958,0,0
3082533,0,0
434009,0,0
1605838,0,0
3421658,0,28.63152751
1718,0,0
299152,0,0
2020716,0,0
74326,0,80.16827703
1796646,0,0
3070220,0,30.54029601
2652721,0,112.6173415
319017,0,116.4348785
1963025,0,355.0309411
35755,0,0
3100113,0,36.26660151
2709396,0,0
3012344,0,0
321332,0,0
2865112,231.1924909,143.1576376
1505597,0,0
2163644,0,0
2072590,0,0
2837956,0,0
1349819,0,0
2921399,0,106.891036
3025671,0,0
374432,0,32.44906451
2775404,0,0
2732487,0,0
3160989,0,72.53320303
2760307,0,0
35818,0,0
2107709,0,0
3004092,0,0
871742,0,24.81399051
244596,0,0
1897729,0,24.81399051
3046670,0,110.708573
170673,0,0
1922669,0,0
3392036,0,41.99290702
2660641,0,0
2846075,0,0
3031919,0,0
2698679,0,0
2933959,0,0
3414739,0,0
2829816,0,0
3374187,0,0
3054208,0,36.26660151
3367513,0,22.90522201
2378,0,72.53320303
1888195,0,127.8874895
2728021,0,19.08768501
1510225,0,76.35074003
3020843,0,24.81399051
588932,0,118.343647
2045451,0,0
2921699,0,0
1069220,0,0
1868794,0,76.35074003
3072978,0,0
1945662,0,0
3034024,0,0
1851544,0,0
2763008,277.430989,85.89458253
551989,0,101.1647305
2975921,0,0
341027,0,158.4277856
988779,0,0
2561898,200.3668254,51.53674952
3242680,0,45.81044402
2029849,0,22.90522201
1374,323.6694872,66.80689753
1971364,0,87.80335103
1794699,0,0
1537400,215.7796581,0
3093922,0,0
418719,0,0
158627,0,0
3080019,0,0
2806346,0,0
2582905,0,0
2285,0,47.71921252
3161137,0,196.6031556
2565782,0,0
2880008,0,0
34061,0,40.08413852
879,0,0
847,0,0
3079766,0,0
480,0,28.63152751
2920380,0,0
254247,0,0
546874,0,141.2488691
2762591,0,0
2742624,0,0
53419,0,78.25950853
353,0,0
3028804,0,0
1923130,0,0
614,0,0
1933220,0,0
1674923,0,32.44906451
194963,0,0
2898796,0,0
2903767,0,0
2749962,0,0
2976812,0,0
2829500,0,22.90522201
3239973,0,0
3141543,0,0
3027796,0,0
3242369,0,43.90167552
56438,0,0
282402,0,57.26305502
2975049,0,62.98936052
1410383,0,24.81399051
3414030,0,152.7014801
2894310,0,0
33072,0,0
406020,0,93.52965654
231439,0,0
3043441,0,137.4313321
2527982,0,26.72275901
2969621,0,0
271881,0,0
2734211,0,24.81399051
2903788,0,49.62798102
114090,0,0
212765,0,0
2684405,0,104.9822675
556054,0,272.9538956
3239893,0,40.08413852
2766982,0,0
702115,184.9539927,124.0699525
2682968,0,0
632569,0,0
665913,0,106.891036
3136731,0,0
2855441,0,0
1353136,0,0
87458,0,0
3104321,0,0
103810,0,40.08413852
1178537,0,0
3026424,0,47.71921252
2728853,154.1283272,122.161184
60894,0,124.0699525
2742136,0,0
1138190,0,0
2893881,0,0
3149231,0,0
2918765,0,0
3427599,339.0823199,158.4277856
2983214,323.6694872,173.6979336
3028314,0,22.90522201
3141539,0,22.90522201
85401,0,0
2903896,0,30.54029601
285091,0,20.99645351
583357,0,0
3421432,0,0
930802,0,114.52611
381751,0,30.54029601
104628,0,0
1942,0,248.1399051
3019602,0,0
3039389,0,0
1458716,0,0
2694929,0,78.25950853
2913621,0,0
994692,0,141.2488691
2587856,0,99.25596204
631220,0,0
1592790,0,0
3036374,0,22.90522201
3115294,0,0
1811807,0,43.90167552
3116654,0,0
2986767,0,0
28448,0,0
1457365,0,30.54029601
1379870,0,112.6173415
1858,0,0
2943497,0,64.89812903
398,0,108.7998045
2954585,0,0
1287640,0,0
2846777,0,0
3398357,0,0
3388337,0,0
3122079,0,0
2698673,0,51.53674952
1634516,0,20.99645351
41977,0,24.81399051
3111456,0,0
340145,0,0
3065910,0,0
2113,0,47.71921252
2795216,0,30.54029601
160799,0,0
521,215.7796581,133.6137951
2920387,0,0
2866570,0,0
1763535,200.3668254,0
119,0,0
1302376,184.9539927,97.34719354
1799667,0,0
2860286,0,0
2689110,0,0
3082549,0,0
2714358,0,0
2719911,0,0
870903,0,0
2028343,0,0
1176240,0,57.26305502
664426,0,0
3393757,0,0
2203204,0,41.99290702
2107713,0,0
28084,0,26.72275901
2769024,0,0
2902624,0,45.81044402
2742204,0,0
2804529,0,0
43357,0,0
102886,0,0
1774,0,0
1758689,0,0
2743001,0,0
2665643,0,0
1032851,215.7796581,101.1647305
941986,0,0
3036300,0,82.07704553
1564165,0,0
99653,0,0
36821,0,0
412689,0,0
2825844,0,101.1647305
2082387,0,72.53320303
327160,0,0
1538,0,122.161184
3388845,0,129.7962581
1940612,0,0
33043,0,0
470932,0,0
2903828,0,30.54029601
2565558,0,26.72275901
2758041,0,0
1030157,0,0
42253,0,49.62798102
212767,0,0
1796644,0,215.6908406
46632,0,0
487184,0,0
1148157,0,0
415217,0,0
3425693,0,0
2929492,0,0
1528104,0,38.17537001
787,0,0
1985873,0,0
3133300,0,0
76115,0,0
2496028,0,0
2048283,0,0
2774767,0,0
3400182,0,145.0664061
702113,0,0
1295612,0,0
318424,0,0
2754726,0,0
1312183,0,99.25596204
3050384,0,0
47871,0,0
461393,0,57.26305502
2495579,0,0
2707525,0,59.17182352
1855352,0,0
2656761,0,246.2311366
39775,0,20.99645351
60035,0,0
379684,0,0
3004096,0,0
2934158,0,0
161493,0,0
2675225,0,0
1842534,0,41.99290702
248551,262.0181563,78.25950853
95300,0,0
2830842,0,0
570278,0,120.2524155
2174846,0,0
3374553,0,131.7050266
164330,0,0
375549,0,0
2175650,0,49.62798102
2908650,0,0
2609257,0,0
2903818,0,0
1680,0,0
2921653,0,0
508451,0,0
2069367,0,0
2161673,0,0
3082543,169.54116,0
1855652,0,0
1335043,0,0
92400,169.54116,164.1540911
131111,0,0
2994971,0,0
3395318,0,26.72275901
28124,0,38.17537001
2259340,0,0
1716143,0,0
463040,0,0
781,0,0
218673,0,0
2745495,277.430989,83.98581403
336203,0,0
2606450,0,24.81399051
1177211,0,0
3413147,0,125.978721
3068314,0,68.71566603
2811778,0,41.99290702
435905,0,0
53376,0,0
1678078,0,0
2560628,0,0
1411621,0,0
2903874,0,465.7395142
394733,0,0
1451454,0,0
2976834,0,0
3066312,0,0
3394354,0,0
2861800,0,0
3045147,0,53.44551802
2128,0,91.62088804
3079339,0,57.26305502
1796606,0,0
2814293,0,0
86185,0,0
2975620,0,0
47850,0,0
2070777,0,0
124798,0,0
3036926,0,0
3427924,0,124.0699525
857417,0,0
2787751,0,0
524,0,0
863643,0,19.08768501
2765360,0,0
28258,0,0
1261,0,0
2995154,0,0
2903787,0,0
2714942,0,0
2203,0,0
79601,0,0
2315464,0,24.81399051
1814,0,45.81044402
2518371,0,30.54029601
3066260,0,0
2598861,0,0
2598458,0,0
3080537,0,0
2872652,0,0
1240404,0,0
1069,0,38.17537001
3439530,0,0
33051,0,0
1075,0,0
491893,0,0
662548,0,0
483547,0,0
1921510,0,0
117157,0,0
47421,0,0
298,0,0
148447,0,122.161184
1799,0,36.26660151
2975952,0,76.35074003
2060726,0,0
3416666,0,0
2980100,0,0
241244,0,40.08413852
29546,0,0
216944,0,49.62798102
1921086,0,0
324057,0,24.81399051
1795043,0,0
2814294,0,78.25950853
60548,0,0
135719,0,0
1302411,0,0
2898431,0,36.26660151
134601,0,0
3376990,369.9079854,49.62798102
1184387,0,0
3052729,0,0
3421652,0,30.54029601
1813595,0,38.17537001
1926494,215.7796581,0
456,0,0
2975671,0,288.2240436
2686360,0,0
199591,0,0
869886,0,45.81044402
431057,0,66.80689753
473531,0,61.08059202
347534,0,0
2878098,0,0
119864,0,0
1933880,0,0
1801629,0,0
1497974,0,0
813,0,82.07704553
370622,0,152.7014801
74706,0,0
1528099,0,0
2797636,0,145.0664061
82995,0,95.43842504
2908837,0,104.9822675
2975948,0,0
55213,0,276.7714326
340345,0,41.99290702
86332,0,0
2355,0,0
2582831,0,0
2219043,0,0
1920749,0,0
104087,0,82.07704553
2774461,0,0
3238802,0,0
3393744,0,0
43774,0,0
1765967,0,28.63152751
106634,215.7796581,0
867595,0,0
3080828,0,83.98581403
912630,0,0
104102,0,0
1985254,0,0
1525,0,0
1632018,184.9539927,0
2905871,0,0
1149133,0,0
120107,0,0
1957,0,0
147709,0,0
2903867,0,0
3081749,0,30.54029601
2903833,0,0
1488356,0,303.4941916
2283195,0,0
3421643,0,0
2730848,0,139.3401006
3422304,0,41.99290702
57704,0,0
2589967,0,43.90167552
39765,0,20.99645351
2918900,0,0
2937985,0,0
146827,0,0
118062,0,36.26660151
2742675,0,440.9255237
1703,0,0
1800,0,0
2931382,0,0
1697043,0,0
1775,184.9539927,129.7962581
1355015,0,0
1678129,0,0
3160863,0,0
2861285,231.1924909,36.26660151
1038856,0,0
2966192,0,0
3055805,0,0
3234198,0,0
2064,0,0
40567,0,177.5154706
2975967,0,0
3135776,0,0
248315,0,0
192843,0,20.99645351
3144973,0,0
2770636,0,284.4065066
33056,0,0
2493680,0,0
2898438,0,0
69395,0,89.71211953
2596915,0,0
164514,0,131.7050266
2303,0,0
2093824,0,0
217204,0,19.08768501
94138,0,0
3055080,0,376.0273946
3111767,0,0
2975995,0,0
1987356,0,227.1434516
2684406,0,19.08768501
2780922,0,0
487174,0,0
3403464,0,0
683737,169.54116,0
83450,0,0
2819999,0,435.1992182
2970925,0,227.1434516
293050,0,28.63152751
3066287,0,20.99645351
2589976,0,32.44906451
1550241,0,0
2781734,0,83.98581403
36863,0,30.54029601
3064531,0,0
2590869,0,0
3239977,0,0
1231,0,276.7714326
3457765,0,0
1032242,0,305.4029601
2956679,0,0
1486262,0,0
69665,0,99.25596204
2061,0,127.8874895
60478,0,0
82989,0,0
2973976,0,0
1081631,0,0
460384,0,0
1082704,169.54116,166.0628596
1225128,0,0
3289775,0,0
2921645,0,0
2983208,0,143.1576376
655015,0,0
1921087,0,26.72275901
1327635,0,0
1967,0,22.90522201
754515,0,41.99290702
1708,0,0
3092156,0,0
2662362,0,129.7962581
3425125,0,0
1708783,0,0
152142,0,0
2591108,0,0
1743165,0,0
262209,0,0
3066262,0,49.62798102
2571115,0,0
2975968,0,53.44551802
39778,0,0
2712698,0,0
2509456,0,0
2099789,0,0
1655,0,0
3243379,0,0
2785918,0,0
1572644,0,0
2759526,0,0
715472,0,28.63152751
2508882,0,0
292800,0,0
1604004,0,0
2800818,169.54116,47.71921252
1978566,215.7796581,103.073499
2801030,0,0
74426,0,0
2986763,0,0
2152891,0,0
2878390,0,0
3070995,0,0
3398215,0,0
3015997,0,26.72275901
3448125,0,0
3127639,0,0
2946555,0,0
1912599,0,217.5996091
1805714,0,0
1285192,0,0
2732591,0,108.7998045
3073561,0,0
139021,0,0
3067903,0,0
35760,0,0
512749,0,0
3015161,0,0
1293412,0,0
3095364,0,0
2996826,0,0
3398770,0,421.8378387
3243004,0,0
3133325,0,0
3028294,0,87.80335103
29554,0,0
3410269,0,0
3377110,0,0
3066133,0,0
3160606,0,0
2588299,0,0
140,0,0
2862866,0,0
310581,0,0
2815309,0,78.25950853
3134807,0,0
2741953,0,0
2987688,0,26.72275901
2903572,0,24.81399051
136992,0,38.17537001
400946,0,0
3434465,0,0
2975957,0,0
2518994,0,20.99645351
3378073,0,0
48935,0,0
215580,0,0
1184151,0,0
2904790,0,0
3078805,0,0
2774646,0,0
716925,0,0
2896849,0,38.17537001
2722756,0,0
2242,0,0
2183582,0,19.08768501
1889013,0,0
2851567,0,0
1798224,0,0
1808979,0,26.72275901
2560286,0,0
3035472,0,26.72275901
604330,0,104.9822675
3229854,0,34.35783301
1335757,0,26.72275901
3143936,0,0
1871050,0,0
1896961,0,118.343647
1630693,0,0
149017,0,0
321661,0,66.80689753
2746233,0,32.44906451
2840456,0,0
51197,0,19.08768501
1307763,0,0
3388267,231.1924909,0
54736,0,0
3003618,0,0
3060381,0,0
35841,0,0
56812,0,64.89812903
866790,0,0
1690815,0,0
417203,0,0
334543,0,0
28113,0,41.99290702
2843216,0,0
2944810,0,0
2277,200.3668254,24.81399051
37332,0,95.43842504
3158365,0,0
2703794,0,0
3060432,0,114.52611
29442,0,0
431306,0,0
163359,0,0
2283,0,36.26660151
1472416,0,93.52965654
34071,0,0
3239967,0,0
712624,0,0
3140649,0,0
3127640,0,64.89812903
3240052,0,0
457921,0,30.54029601
52226,0,0
297,0,0
1796,0,0
3058963,0,28.63152751
319501,0,0
2903774,0,0
65058,0,0
1541170,0,0
65656,0,0
424800,0,0
1433403,0,0
53462,0,0
3133975,0,0
1773,0,0
35833,0,0
3040509,0,34.35783301
407035,0,0
1249552,0,34.35783301
2777556,0,0
394964,0,0
301301,0,0
3017325,0,0
2954701,0,36.26660151
138336,0,0
2527775,0,0
47834,0,0
53358,0,0
1118379,0,0
3239948,0,0
33938,0,0
3032592,0,0
3423910,0,0
2778058,0,0
2703788,0,0
2213202,0,0
3239942,0,0
3093869,0,0
3141545,0,0
373687,0,62.98936052
355243,0,34.35783301
93222,0,152.7014801
2904120,0,0
309868,0,43.90167552
2849641,0,0
3018446,0,0
28202,0,0
2238,0,0
1701758,0,0
3133311,0,211.8733036
2975719,0,0
3230974,0,0
3385968,0,0
28114,0,0
2118,0,0
522259,0,0
493781,0,0
3230117,0,108.7998045
2082188,0,0
365617,0,0
2903718,0,20.99645351
3049084,0,0
3415141,0,0
1532905,0,30.54029601
2921550,0,34.35783301
1261635,0,20.99645351
715473,0,20.99645351
2886377,0,0
2843793,0,0
2994035,0,110.708573
110319,0,0
3132797,0,0
3080057,0,0
463025,0,28.63152751
66425,0,20.99645351
2500532,0,0
3448126,0,101.1647305
3066252,0,0
2706126,0,57.26305502
571915,323.6694872,0
2772254,0,0
3128980,0,0
226910,0,0
37927,0,0
2483798,0,0
2807626,0,122.161184
68217,0,85.89458253
2903673,0,0
2029986,0,0
2995169,0,36.26660151
1648404,0,0
2025808,0,0
3384771,0,0
29543,0,0
3231719,0,0
3068633,0,0
2708082,0,0
89093,0,0
1850374,0,0
980427,0,0
2853432,0,30.54029601
51362,0,0
3062169,0,0
2801918,0,53.44551802
2025360,0,0
1805478,0,0
3066279,0,0
2859228,154.1283272,139.3401006
1703969,0,395.1150797
48664,0,20.99645351
2835787,200.3668254,76.35074003
1288121,0,0
84599,0,0
3144168,169.54116,91.62088804
59505,0,0
755175,0,30.54029601
3458546,0,70.62443453
61635,0,0
2799326,0,0
2779352,0,110.708573
3066267,0,0
3342097,0,0
3240053,0,87.80335103
1691904,0,0
3350166,0,0
943830,0,0
44933,0,22.90522201
3068632,0,0
2993563,0,0
2893469,0,38.17537001
2975982,0,196.6031556
203,0,0
3041439,0,391.2975427
2921383,0,391.2975427
2923364,0,0
2953978,0,41.99290702
1612150,0,0
1827300,0,0
2053832,0,0
85683,0,0
2528642,0,0
2587861,0,0
68892,0,19.08768501
2925830,0,0
111504,0,0
2566013,0,0
1719,0,167.9716281
2675791,0,0
3367525,0,45.81044402
2976810,0,55.35428652
2758442,0,0
1503053,0,0
3160608,0,0
1821621,0,30.54029601
3077590,0,80.16827703
187137,0,0
3409857,0,0
388459,0,0
2715678,0,19.08768501
2834819,0,0
2975984,0,124.0699525
2594795,0,70.62443453
444103,0,0
2580412,0,0
2792979,0,0
1682113,0,0
43663,0,83.98581403
164452,0,0
3433706,0,0
1434100,0,28.63152751
3131927,0,0
2714930,0,171.7891651
285578,0,43.90167552
2583823,0,30.54029601
488546,0,19.08768501
2760089,0,0
2742129,0,0
2975623,0,0
2601668,0,251.9574421
67825,184.9539927,0
3076039,0,0
2732067,0,0
3077335,0,0
2766470,0,282.4977381
89053,0,0
2843197,0,32.44906451
1777866,0,0
3015996,0,166.0628596
2975684,0,26.72275901
2775909,0,383.6624686
2697565,0,0
3132291,0,0
3039155,0,61.08059202
2903806,0,164.1540911
3031408,0,183.2417761
1843368,0,43.90167552
3051119,0,246.2311366
1446467,0,103.073499
131080,0,0
341045,0,0
2606626,0,0
35621,0,0
1337,0,0
2903883,0,0
2921495,0,34.35783301
1463158,0,0
2592345,0,0
3022126,0,0
2903817,0,0
3400627,0,0
71999,0,38.17537001
283811,0,0
1084719,0,0
2690837,0,0
3454626,0,0
3349877,0,0
1885,0,0
1357916,0,0
1118202,0,55.35428652
483,0,0
1853130,0,0
3144843,0,0
1888,0,0
3231906,0,0
2903641,0,188.9680816
1125847,0,0
164451,0,0
2975969,0,0
69218,0,0
2500533,0,0
3066292,0,0
2796169,0,297.7678861
582419,0,0
3230991,0,0
1916956,0,0
149715,0,0
2962065,0,34.35783301
659352,0,20.99645351
2991051,0,82.07704553
1932662,0,0
72000,0,0
3126698,0,0
1813879,0,0
641148,0,0
1345117,0,0
2733866,0,0
2921657,0,0
2801029,0,89.71211953
3421106,0,0
3026426,0,0
2735870,0,19.08768501
3141537,0,0
2583243,0,51.53674952
708113,0,0
2483402,0,374.1186261
2072412,0,0
445709,0,118.343647
1694,0,0
2699430,0,26.72275901
112002,0,0
39664,0,131.7050266
2183934,0,28.63152751
71667,0,0
3402289,0,0
1536769,0,106.891036
595468,0,116.4348785
712528,0,36.26660151
1882831,0,30.54029601
2921631,0,0
1656,0,0
28214,0,51.53674952
3133974,0,64.89812903
1758189,0,0
189426,0,104.9822675
2995155,0,0
33907,0,43.90167552
447471,0,40.08413852
3059856,0,0
496,0,0
2894187,0,0
1522312,0,0
3435229,0,0
580459,0,0
1637837,0,0
2939437,0,0
2745482,0,0
2045200,0,0
1114970,0,0
1184720,0,0
2268449,0,32.44906451
642780,0,0
3240033,0,108.7998045
315953,0,0
66871,0,0
2682455,169.54116,125.978721
3078263,0,0
2681861,0,0
39692,0,26.72275901
3390038,0,0
37928,0,0
83462,0,0
929,0,0
3066291,0,124.0699525
399497,0,0
2921462,0,0
1411117,0,0
2817398,0,0
169427,0,0
2682091,0,53.44551802
2709400,154.1283272,0
1335613,0,0
1783515,0,0
2975650,0,0
1513468,0,0
370777,0,0
1387557,0,53.44551802
3400226,0,28.63152751
69328,0,0
871203,0,0
2778070,0,0
477697,0,0
2909285,0,0
2987689,0,0
233055,0,0
1855909,0,0
2584944,0,0
2777475,0,0
3397211,0,0
1839785,0,0
2758037,0,0
1906272,0,74.44197153
443156,0,0
3397245,0,20.99645351
258505,0,0
582680,0,0
2681469,0,97.34719354
34059,0,93.52965654
114527,0,0
2921556,0,146.9751746
1178482,0,0
173480,0,206.1469981
3447506,154.1283272,0
2650926,0,0
2865840,0,19.08768501
2769485,0,103.073499
3028710,0,20.99645351
420952,0,0
1549855,0,0
659243,0,59.17182352
2975974,0,0
330734,0,0
3238634,0,0
3052846,0,32.44906451
441501,0,0
2231055,0,0
3239303,0,0
2976533,0,0
33040,0,0
2966586,0,0
2494701,0,0
256839,0,0
2662397,0,0
1077946,0,0
376149,0,0
639200,0,0
1517554,0,0
122358,0,22.90522201
2714949,0,85.89458253
3235037,0,0
35769,0,30.54029601
3394235,0,103.073499
3111540,0,0
3444112,0,0
376489,0,0
2768165,0,0
93378,0,0
321983,0,104.9822675
112009,0,116.4348785
2675773,339.0823199,0
1707785,0,51.53674952
2079792,0,0
59277,0,0
485880,0,146.9751746
2592333,0,45.81044402
2822137,0,0
1494960,0,61.08059202
660522,0,0
254758,0,0
2714923,0,0
552,0,0
3118470,0,24.81399051
1636423,0,313.0380341
1655277,0,0
2812658,0,0
2978473,0,36.26660151
86174,0,0
1336806,0,0
2975898,0,0
2576930,0,0
2903686,0,55.35428652
1833852,0,61.08059202
3424133,0,0
1857215,0,167.9716281
3158549,0,0
2763006,0,0
55583,0,0
2975900,0,0
2576841,0,0
1813182,0,0
1823,0,0
298656,0,0
844,0,0
2921393,0,0
233100,0,0
2708110,0,0
318683,0,0
82135,0,72.53320303
478807,0,0
2493675,0,0
75658,0,0
75385,0,0
2780091,0,0
2744517,0,146.9751746
3240375,0,118.343647
263819,0,0
2836161,0,0
261965,0,0
2708338,0,49.62798102
490,0,0
1732569,0,32.44906451
67282,0,0
2675788,0,0
78587,0,66.80689753
296842,0,30.54029601
2903710,0,22.90522201
82977,0,0
2903760,0,0
1343899,0,0
1427356,0,0
2895559,0,0
3039385,0,0
3045156,0,0
2866573,0,41.99290702
1582259,0,0
712710,0,64.89812903
2609417,0,112.6173415
2782674,0,49.62798102
762833,0,162.2453226
2017685,0,83.98581403
2883106,0,190.8768501
2785909,0,30.54029601
120576,0,0
3399573,0,0
2822844,0,30.54029601
2613770,0,0
3349333,0,38.17537001
187303,0,0
1771,0,0
445710,0,51.53674952
863,0,103.073499
364410,0,38.17537001
2916633,0,0
2894079,0,0
2840467,0,0
2650157,0,227.1434516
2903640,0,22.90522201
3022676,0,64.89812903
2921427,0,0
42353,0,59.17182352
57037,0,330.2169506
1889,0,0
2954093,0,0
2488560,0,0
2792084,0,0
1882749,0,45.81044402
1573718,0,0
2811111,0,0
2597660,0,70.62443453
413712,0,0
2917727,0,51.53674952
1646340,0,0
2516559,0,0
3114296,0,0
2821543,0,0
116598,0,0
3049047,0,0
1891279,0,0
2047724,0,0
56689,0,0
2684468,0,0
1391653,0,0
2918901,0,32.44906451
2494525,0,0
880,0,0
3394203,0,28.63152751
2937774,0,118.343647
3039801,0,0
2921497,0,112.6173415
200450,0,0
415229,0,0
3066286,0,0
3238481,0,0
47671,0,49.62798102
3144103,0,0
1630135,0,0
2820808,0,0
191493,0,0
442,0,110.708573
59930,0,0
413403,0,28.63152751
3047872,0,0
2911514,0,0
2709784,0,0
3117552,0,22.90522201
915099,0,0
3418716,0,0
416169,0,0
2894202,0,0
3096218,0,171.7891651
2810348,0,0
3156397,0,0
657387,0,179.4242391
3133312,0,0
2653852,0,0
1886786,0,24.81399051
2953988,0,0
399736,0,49.62798102
2814576,0,0
1827285,0,303.4941916
2116510,0,0
2839623,0,0
3031126,0,55.35428652
2718876,0,0
1295382,0,32.44906451
3391429,0,0
321265,0,0
2020312,0,156.5190171
146786,0,0
3036127,0,20.99645351
60847,0,76.35074003
2933562,0,0
1294143,0,0
1652495,0,0
1922222,0,0
3144104,0,0
1867749,0,0
3095607,0,0
2905690,0,0
2997339,0,0
2705439,0,112.6173415
2692234,0,53.44551802
1416614,0,0
2678260,0,0
93219,0,0
2929795,0,118.343647
1679096,0,0
2653853,0,0
1076124,0,0
3058373,0,0
1969806,0,0
2975956,0,0
46158,0,24.81399051
2604047,0,45.81044402
1967288,0,0
3404122,0,72.53320303
13160,0,43.90167552
2283318,0,0
141390,0,0
29483,184.9539927,0
638269,0,28.63152751
2917991,0,0
1592323,0,0
69223,0,0
3231715,0,124.0699525
3115648,0,0
488730,0,20.99645351
1420889,0,0
1670,0,0
227,0,0
1510150,0,0
68249,0,0
482957,0,0
1245436,0,0
1922330,0,0
3394330,0,334.0344876
1866326,0,0
247481,0,141.2488691
3350165,0,0
3342751,0,0
2837624,0,0
2796139,0,0
1827526,0,40.08413852
1950,0,26.72275901
2599401,0,0
67280,0,0
3039681,0,0
2903642,0,0
69968,0,28.63152751
553982,0,0
1003110,0,0
3166645,0,0
2565555,0,0
1392877,0,0
950,0,0
2675795,0,240.5048311
3024246,0,0
2813777,0,0
2004647,0,131.7050266
39647,0,0
1941349,0,127.8874895
3002903,0,0
2891570,0,24.81399051
3423954,0,0
3458239,0,0
446374,0,0
2509455,0,0
2126319,0,330.2169506
2849501,0,0
179637,0,36.26660151
2420313,0,0
98228,0,20.99645351
1324217,0,0
2956833,0,0
712116,0,36.26660151
1921187,0,0
252970,0,0
1134435,0,0
2901869,0,26.72275901
198252,0,0
2714936,0,0
2842453,0,0
2953750,0,0
2885079,0,26.72275901
171286,0,156.5190171
108080,0,0
3374190,0,47.71921252
107637,0,0
1605891,0,0
171285,0,74.44197153
627192,0,0
78448,0,0
2992244,0,0
2861802,0,328.3081821
2968057,0,0
2798724,0,0
2749961,0,68.71566603
213231,0,0
1148509,0,26.72275901
2023772,0,0
2763338,0,0
3375356,0,34.35783301
692370,184.9539927,0
2782660,0,43.90167552
3135257,0,0
3141459,0,0
2975703,0,24.81399051
500,0,0
92402,0,41.99290702
2929490,0,0
3066294,0,0
105560,0,0
3239825,0,78.25950853
3126689,0,0
3381356,0,0
481743,0,0
216465,0,0
3366815,0,0
2872154,0,0
3029061,0,0
2025351,0,68.71566603
1332264,0,106.891036
1346,0,0
3059028,0,221.4171461
34029,0,0
649831,0,0
2846100,0,0
106412,0,0
2911538,0,41.99290702
1325111,0,53.44551802
497967,0,68.71566603
172044,0,0
3048582,0,0
1915209,184.9539927,106.891036
2831000,0,0
155976,0,0
29419,0,190.8768501
2954608,0,0
3404055,0,0
3376061,0,0
2056258,0,0
1457153,0,99.25596204
2921386,0,0
1220542,0,0
2729135,0,0
795665,0,0
1922225,0,40.08413852
3446116,0,0
82803,0,0
2950074,0,32.44906451
75588,0,0
3133330,0,0
657323,0,0
2971912,0,125.978721
3242979,169.54116,0
401562,0,32.44906451
2759707,0,0
3132743,0,0
1914,0,0
185642,0,26.72275901
1852,0,0
2026189,0,318.7643396
3066316,0,318.7643396
3376685,0,0
1008152,0,51.53674952
2760705,0,0
55404,0,0
172043,0,43.90167552
803,0,0
2662361,0,0
3228789,0,0
3038546,0,0
1691903,0,34.35783301
2026624,0,0
2899220,0,0
3049774,0,0
3394751,0,0
698828,0,0
940615,0,0
2819994,0,0
3398703,0,34.35783301
1935379,0,0
1882918,0,0
2715163,0,24.81399051
3421656,0,43.90167552
679318,0,0
1112,0,0
396015,0,0
43306,0,0
3025665,0,34.35783301
342949,0,68.71566603
370111,0,0
386874,0,0
1576550,0,53.44551802
1912795,0,0
2479928,0,0
95485,0,0
1288495,0,0
3342386,0,57.26305502
63,0,0
77608,0,0
2903536,0,0
3120158,0,0
67854,0,0
2305220,0,0
2921647,0,0
338644,0,0
2975751,0,0
3068990,0,0
45498,0,57.26305502
304207,0,0
47865,0,0
2338073,0,53.44551802
1620385,0,0
1551649,0,30.54029601
2975349,0,0
1046043,0,164.1540911
2777984,0,68.71566603
3423949,0,0
3239955,0,267.2275901
43661,0,0
66374,0,0
285557,0,0
28152,0,61.08059202
1857890,0,0
1987921,0,30.54029601
2962671,0,0
182210,0,0
717785,0,0
2921721,0,0
1652028,0,0
3239980,0,0
1823759,0,0
1838286,0,40.08413852
2963939,0,0
2126352,0,0
887462,0,0
104336,0,0
2791991,0,0
2576756,0,0
1911175,0,0
2785908,0,154.6102486
2171623,0,0
2820817,0,0
1982291,0,108.7998045
2049589,0,0
81475,0,22.90522201
349096,0,20.99645351
2878535,0,0
1179675,0,0
2077101,0,26.72275901
2883246,0,0
53458,0,0
2017486,0,0
194196,0,26.72275901
2316736,0,0
3096605,0,51.53674952
2854260,0,0
2502979,0,0
2903878,0,19.08768501
3081199,0,0
1494466,0,49.62798102
421628,0,0
2909283,0,0
2757,0,0
2884876,0,0
3019553,0,51.53674952
2975714,0,0
2666100,0,0
3383698,0,0
931537,0,0
2810479,0,0
2989684,0,19.08768501
3031727,0,0
2735795,0,0
2744574,0,0
2787628,0,0
228229,0,0
2813827,0,0
3133316,0,0
2919598,0,74.44197153
2726118,0,0
2054410,0,0
2976000,0,0
1870820,0,0
310575,0,97.34719354
171287,0,0
2594474,0,0
3403460,0,0
2650975,0,0
1172565,0,22.90522201
3239917,0,0
3015951,0,0
2975723,0,0
3139392,0,0
1280948,0,0
3349638,0,0
2903716,0,0
314722,0,0
2903863,0,0
2866628,0,0
68174,0,0
3078812,0,0
582702,0,0
234831,0,0
2929515,0,0
3131993,0,0
2763071,0,49.62798102
103621,0,0
2763317,0,19.08768501
1295642,0,148.8839431
2921416,0,0
2903824,0,118.343647
513223,0,0
493,0,0
2211210,0,0
37931,0,0
3400909,0,0
638849,0,103.073499
2057,0,0
47759,0,20.99645351
2944234,0,0
3389070,0,0
3060806,0,49.62798102
3132938,0,0
3136564,0,22.90522201
1660073,0,0
2755382,0,0
679663,0,0
2025349,0,0
2746,0,0
673860,0,20.99645351
292913,0,0
1222016,0,0
1141657,0,57.26305502
65741,0,61.08059202
946334,0,0
1608628,0,0
2961893,0,66.80689753
271065,0,0
2903890,0,0
2976680,0,0
3078265,0,0
2733904,0,0
119542,0,0
3004095,0,0
3142262,0,0
2653850,0,0
2528019,0,0
2781021,0,0
2830992,0,146.9751746
85874,0,0
2981789,0,30.54029601
1005665,0,0
470868,0,0
2419844,0,34.35783301
2921619,0,0
1702221,0,137.4313321
34070,0,36.26660151
93973,0,0
2929514,0,0
2720714,0,0
3073064,0,0
3435412,0,30.54029601
550984,0,152.7014801
1967783,0,0
2778082,0,0
1420916,0,0
3402778,0,62.98936052
944492,0,20.99645351
555317,0,0
2762611,0,0
61858,0,0
86183,0,0
2822760,0,0
2921587,0,0
2903578,0,30.54029601
46165,0,24.81399051
1967666,0,0
3421654,0,0
3060183,0,0
2571148,0,0
3428204,0,0
2748871,0,0
1851505,0,0
256325,0,0
2609668,0,0
2879620,0,0
683846,0,0
35790,0,0
656179,0,0
3415679,0,0
573600,0,0
2983836,0,97.34719354
33918,0,0
2942997,0,0
2949664,0,0
1521117,0,0
2613773,0,38.17537001
2911208,0,0
2831662,0,0
59310,0,0
543877,0,0
2975700,0,0
1667239,0,0
3075199,0,0
2903808,0,20.99645351
1895,0,0
1267766,0,0
3016093,0,0
2903680,0,0
2977320,0,0
2903879,0,0
650378,0,0
129817,0,0
2776706,0,0
1855880,0,0
2903682,0,0
3073562,0,0
3237298,0,0
1470176,0,0
1776741,0,68.71566603
1585697,0,0
3240102,0,0
889300,0,0
1969821,0,0
1778675,0,0
1813451,0,91.62088804
2770234,0,61.08059202
3404065,0,0
13076,0,0
2565531,0,0
2954532,0,0
3434353,0,34.35783301
3077923,0,290.1328121
3234144,0,0
2975720,0,78.25950853
2842348,0,0
2758710,0,0
1292359,0,0
2860336,0,0
135079,0,0
1725411,0,0
1971397,0,34.35783301
2740464,0,0
3094835,0,68.71566603
905,0,64.89812903
1234606,0,0
67351,0,0
29389,215.7796581,0
2994492,0,0
1702238,0,0
2714932,0,0
2293571,0,0
1658665,0,0
2854261,0,0
2954726,0,0
3048353,0,0
2975866,0,38.17537001
1552990,0,0
81032,0,0
3047825,0,0
3230971,0,0
2724469,0,0
3237706,0,64.89812903
1858653,0,0
1082851,0,20.99645351
2714939,0,0
2742132,0,70.62443453
322509,0,0
630515,0,0
3411354,0,0
3416606,0,0
359110,0,40.08413852
2724151,0,0
2743575,0,0
3114394,0,0
302406,0,217.5996091
2060066,0,125.978721
1938606,0,0
2067958,0,185.1505446
3151598,0,0
1670830,0,0
2014920,0,0
2883107,0,0
3028298,0,30.54029601
517398,0,0
1076596,0,0
2839983,0,0
2867233,0,0
2916410,0,19.08768501
3081768,0,82.07704553
2734103,0,284.4065066
1446794,0,0
2583231,0,0
2364787,0,99.25596204
3131938,0,0
291990,0,24.81399051
1472345,0,0
3416710,0,0
2867021,0,0
1002689,0,32.44906451
2588535,0,0
2108399,0,0
2921385,0,0
2027919,0,0
3021710,0,0
1274,0,0
2587849,0,0
3256999,0,116.4348785
1296669,0,0
2903564,0,0
2823317,0,0
931099,0,20.99645351
3077584,0,0
2264,0,0
3095606,0,19.08768501
538220,0,112.6173415
3082531,0,0
40988,0,0
418701,154.1283272,87.80335103
187327,0,0
1608996,0,0
1796921,0,0
2950872,0,93.52965654
1852374,0,0
2907159,0,30.54029601
2810513,0,0
2726434,0,0
2547399,0,45.81044402
2702,0,175.6067021
2587851,0,0
2975672,0,0
2942449,0,0
1464011,0,0
2678261,0,0
485898,0,30.54029601
2714941,0,0
3049543,0,0
3382192,0,0
2739433,0,0
2978392,0,0
187491,0,0
945844,0,76.35074003
3238798,0,0
3058394,0,0
2903643,0,0
3133285,0,0
2004644,0,0
1819725,0,99.25596204
3233335,0,0
2575923,0,0
2698684,0,0
54297,0,0
1849967,0,22.90522201
699041,0,0
1670831,0,0
1792846,0,0
475662,0,26.72275901
2678259,0,0
2937800,0,0
35768,0,0
1432056,0,0
47878,0,0
2921379,0,0
1854057,0,0
2587844,0,0
1216297,0,87.80335103
1690220,0,0
50339,0,47.71921252
2509457,0,0
2567934,0,0
68278,0,0
1429914,0,0
2058133,0,0
2675772,0,32.44906451
1938607,0,0
3236805,0,26.72275901
129958,0,0
618,0,0
370405,0,0
2714937,0,0
1325564,0,0
2742602,0,0
3139329,0,0
3427229,0,0
76862,0,0
134536,0,196.6031556
1545835,0,0
1704044,0,0
2734193,0,0
2903704,0,0
391905,0,20.99645351
3040201,0,0
29468,0,0
3096079,0,0
1884907,169.54116,0
886343,0,0
1756988,0,0
47879,0,0
2026194,0,0
700274,0,0
3108822,0,0
631362,0,55.35428652
2710756,0,0
2493681,0,0
2857060,0,0
2952527,0,0
2985511,0,0
2994495,0,0
1056807,0,0
1982042,0,22.90522201
83555,0,143.1576376
3046383,0,0
2867410,0,32.44906451
682798,0,24.81399051
2860237,0,0
3406419,0,0
2715735,0,30.54029601
2999067,0,0
1911,0,0
312285,0,0
75294,0,0
36822,0,0
2560058,0,129.7962581
3417741,0,0
241368,0,0
2736649,0,101.1647305
3056733,0,0
3050126,0,0
35701,0,0
3158972,0,0
525917,0,36.26660151
39691,0,20.99645351
2995166,0,20.99645351
754429,0,0
3073271,0,49.62798102
3089814,0,0
40318,0,55.35428652
1763828,0,0
2280,0,53.44551802
2774190,0,34.35783301
2923375,0,0
29288,0,0
142649,0,0
1505596,0,0
3058419,0,0
2820002,0,0
3060313,0,0
3036128,0,0
1544730,0,59.17182352
1643322,0,0
1436133,0,93.52965654
1198456,0,82.07704553
2057791,0,0
3452799,0,0
1849580,0,93.52965654
53409,0,0
48221,0,0
1679444,0,68.71566603
2903651,0,0
2978974,0,0
337191,0,0
1385715,0,0
3432289,0,0
116759,0,0
84405,0,20.99645351
345370,0,0
3402868,0,61.08059202
446860,0,0
33914,0,24.81399051
2591109,0,0
348043,0,0
3403457,0,26.72275901
2674997,0,40.08413852
3035514,0,0
1286180,0,34.35783301
2676077,0,0
237612,0,0
2764186,0,0
546871,0,0
3061286,0,0
2966552,0,0
2654218,0,20.99645351
3062783,0,0
381829,0,0
1416806,0,20.99645351
3051092,0,0
307486,0,0
3389872,0,0
2709403,0,0
33865,0,0
1620215,0,26.72275901
3435000,0,0
521720,0,20.99645351
1903186,0,0
43771,0,0
491950,0,0
2654248,0,0
3456954,0,64.89812903
180400,0,0
2975809,0,0
1141883,0,32.44906451
1404799,0,0
2998080,0,0
1664560,0,0
712633,0,28.63152751
362257,0,0
39689,0,103.073499
2493678,0,32.44906451
3457357,0,0
2806442,0,0
68192,0,0
1376,0,0
3069105,0,66.80689753
1821625,0,0
3064349,0,0
3239931,0,0
2482769,0,261.5012846
1016987,0,0
3341793,0,0
2939413,0,175.6067021
1045317,0,0
1076550,0,41.99290702
665007,0,0
3069708,0,0
92404,0,70.62443453
166935,0,91.62088804
2811227,0,43.90167552
3430558,246.6053236,0
712122,0,19.08768501
1653478,0,0
3344655,0,0
3110539,0,0
2991715,0,0
1944,0,0
3003483,0,0
3073268,0,167.9716281
2975987,0,0
3016103,0,0
338188,0,173.6979336
2840180,0,36.26660151
649841,0,0
3040605,0,0
3388492,0,0
2733867,0,0
870,0,0
2903574,0,0
3040935,0,0
28091,0,62.98936052
607711,0,20.99645351
278153,0,0
28047,0,0
1470200,0,0
955,0,0
3047737,0,59.17182352
100225,0,0
2011015,0,78.25950853
1936990,0,0
3120520,0,0
2949637,0,41.99290702
357233,0,0
1562974,0,0
3062779,0,0
3453405,0,24.81399051
1806891,0,0
3133329,0,0
2714938,0,0
2831895,0,253.8662106
3240934,0,0
416273,0,0
3400272,0,0
80852,0,0
511746,0,0
2493673,0,0
1607,0,0
3110231,0,0
575200,0,0
1803865,0,76.35074003
2975896,0,0
86173,0,47.71921252
3042152,0,0
301585,0,0
2006110,0,0
2059672,0,0
2806553,0,20.99645351
2724527,0,0
3101273,0,0
3395918,0,0
3424769,0,0
2742603,0,0
2497989,0,49.62798102
2903652,0,0
1415657,0,0
2980557,0,0
1389020,0,0
1930622,0,0
2819979,0,0
1565,0,41.99290702
3391424,0,0
2898276,0,0
2584940,0,0
1192162,0,0
65700,0,0
1578165,0,0
3024400,0,0
1871025,0,0
3081984,0,0
767452,0,0
623,0,0
2954025,0,0
3028374,0,0
2138101,0,87.80335103
1967782,0,0
370324,0,68.71566603
299146,0,43.90167552
3133089,0,0
3137398,0,0
220927,0,49.62798102
553510,0,0
2293567,0,0
428712,154.1283272,0
2126346,0,0
2954012,0,0
1266771,0,0
2885078,0,0
2034769,0,0
152500,0,97.34719354
3404048,0,0
3238807,0,0
2487887,0,36.26660151
2758572,0,0
3023518,0,0
2963406,0,0
1526572,0,0
3230989,0,0
3389970,0,0
2942909,0,0
1641402,0,0
85693,0,0
2872646,0,0
3075837,0,59.17182352
3445771,0,32.44906451
2978127,0,0
3076764,0,0
1924941,0,0
2016596,0,0
2879149,0,0
2729725,0,0
2962064,0,64.89812903
769,0,0
3239891,0,0
2994951,0,0
1515595,0,0
67332,0,152.7014801
2905879,0,242.4135996
2487928,0,242.4135996
75659,0,0
3114999,0,0
2547601,0,0
28094,0,0
2884264,0,0
90245,0,0
2953881,0,0
3405419,0,0
55510,0,0
3459196,0,108.7998045
2903822,0,0
57497,0,55.35428652
2705472,0,82.07704553
164393,0,36.26660151
454662,0,141.2488691
212663,0,0
68909,0,0
2850562,0,223.3259146
2811415,0,0
487698,0,0
2989732,0,0
451876,0,26.72275901
1176646,0,148.8839431
2851959,0,0
2871688,0,0
1586233,0,0
3133336,0,0
2930091,0,0
3384159,0,0
2964606,0,0
1804990,0,0
1534348,0,0
2971264,0,0
2109328,0,0
3060064,0,0
1536775,0,0
2903663,0,0
2675794,0,30.54029601
2597769,0,0
2078691,0,0
2382165,0,0
402297,0,0
2819978,0,0
3409994,0,0
3131933,0,57.26305502
391613,0,0
2870339,0,0
2055892,0,125.978721
2921677,0,0
2657486,0,0
1069221,0,0
2822847,0,57.26305502
2587808,0,0
1472,0,0
3042028,0,0
2742135,0,0
1670455,0,0
3108176,0,0
710648,0,204.2382296
622,0,0
2759954,0,0
2912242,0,0
128,0,0
136857,0,0
1071679,0,0
1914461,0,0
3243373,0,0
1545702,0,0
265960,0,40.08413852
74329,0,24.81399051
1795032,0,0
63561,0,0
1173586,0,0
2903747,0,0
2590021,0,0
3239963,0,0
2829499,0,30.54029601
1859,0,0
3057122,0,26.72275901
3056444,0,40.08413852
219314,0,124.0699525
2954741,0,0
29489,0,0
2975903,0,0
2548456,0,0
2742137,0,0
2917724,0,0
2867264,0,0
2812647,0,0
666685,0,36.26660151
2483403,0,0
2563897,0,0
3394334,0,0
321984,0,0
563,0,0
3123041,0,0
3042320,0,68.71566603
3388843,0,0
882824,0,0
2051957,0,0
1653839,0,230.9609886
285562,0,173.6979336
271865,0,0
61592,0,0
2903769,0,0
2675781,0,0
1268041,0,0
2964610,0,0
1743174,0,26.72275901
3113984,0,0
2994661,0,0
2903589,0,185.1505446
3004094,0,0
2185142,0,0
36818,0,82.07704553
2100821,0,0
3057057,0,0
3453032,0,229.0522201
1985176,0,0
67258,0,0
2675877,0,0
2230878,0,0
1796620,0,0
188770,0,0
3421955,0,0
34095,0,0
44742,0,78.25950853
251701,0,114.52611
3072977,0,0
2020,0,24.81399051
217,0,124.0699525
2755400,0,133.6137951
1907575,0,0
3415676,0,0
255519,0,0
3060070,0,20.99645351
2932249,0,95.43842504
3446363,0,0
2796140,0,0
3122054,0,0
3040076,0,0
486698,0,0
2579791,0,0
227605,0,19.08768501
3039157,0,0
1094,0,0
1047172,0,0
1353889,0,0
2942996,0,0
2482763,0,0
873,0,20.99645351
2711156,0,0
2903960,0,0
3385497,0,0
720,0,166.0628596
2565926,0,0
120,0,76.35074003
3453033,0,0
2967972,0,0
2059264,0,55.35428652
2903790,0,0
664662,0,0
3096006,0,0
1307761,0,0
1230341,0,0
2026,0,0
2874846,0,30.54029601
3239979,0,0
2844242,0,0
38322,0,0
2975964,0,0
2878150,0,0
3240036,0,0
1232428,0,45.81044402
2592655,0,0
1389223,0,0
3420932,0,0
1102,0,78.25950853
2867005,0,0
2975642,0,0
280,0,49.62798102
63363,0,0
589382,0,0
2341112,0,34.35783301
3373598,0,0
370526,0,0
2975940,0,28.63152751
3133697,0,0
1395951,0,0
1071080,0,0
1894969,0,0
2994496,0,20.99645351
3144669,0,0
3241166,0,0
3066239,0,82.07704553
2903582,0,0
3366811,0,0
2714844,0,0
2493677,0,0
2654282,0,32.44906451
3019934,0,0
2903649,0,0
2919917,0,0
2975985,0,0
2219057,0,0
1224749,0,0
214851,0,129.7962581
415996,0,0
2975923,0,0
477976,0,28.63152751
2029117,0,0
3133279,0,0
3400273,0,104.9822675
1866,0,22.90522201
169292,0,0
33995,0,0
3243370,0,0
3404117,0,0
83265,0,110.708573
2975972,0,0
29485,0,0
1652545,0,0
3048622,0,0
68274,0,133.6137951
53522,0,0
2986947,0,0
400770,0,0
152260,0,0
372663,0,0
2831894,0,0
2937433,0,0
3079556,0,0
2726989,0,0
2738867,0,0
785,0,43.90167552
3378087,0,0
1606,0,0
1027966,0,0
2949093,0,0
2057800,0,0
1004901,0,0
2979324,0,0
3388313,0,0
2499144,0,0
2508307,0,0
163011,0,0
568869,0,0
1751046,0,0
1968775,0,0
2806262,0,43.90167552
3384452,0,0
49118,0,0
3052810,0,0
2931976,0,0
948,0,0
2614538,0,93.52965654
2752475,0,173.6979336
47854,0,0
2975712,0,0
1720083,0,0
1049,0,19.08768501
108010,0,0
2052484,0,0
2420509,0,0
447217,0,0
2003121,0,0
1400865,0,0
55208,0,120.2524155
46677,0,0
518,0,0
2714934,0,0
2304190,0,0
3417757,0,0
81479,0,0
2498704,0,0
2789425,0,38.17537001
2683193,0,0
436397,0,0
1736306,0,0
3133304,0,0
3177515,0,112.6173415
2798804,0,26.72275901
2917691,0,36.26660151
1891094,0,0
2955235,0,0
2871820,0,0
2864205,0,150.7927116
3433152,0,0
2975783,0,0
3066314,0,0
2591145,0,0
2867014,0,0
3110772,184.9539927,0
3064529,0,0
2005885,0,30.54029601
2975991,0,0
412963,0,0
187880,0,0
2067960,0,0
3457761,0,0
2740185,0,0
3240070,0,0
2752515,0,26.72275901
2173853,0,0
2692125,0,0
2975784,0,24.81399051
3015152,0,0
3426242,0,0
87791,0,0
3078441,0,0
3239995,0,0
3075430,0,0
1331682,0,0
2282738,0,0
256821,0,0
2903835,0,0
2758724,0,175.6067021
3141462,0,0
2716226,0,0
2962047,0,0
686309,0,0
77125,0,0
2795387,0,0
3377529,0,120.2524155
165096,0,0
2493093,0,87.80335103
3026161,0,0
117567,0,0
2668067,0,0
2907343,0,0
3410987,0,41.99290702
6035,0,0
322095,0,0
136996,0,51.53674952
3015167,0,0
2973977,0,0
1842537,0,0
3020906,0,0
3153928,0,0
2498452,0,0
3133302,0,0
1735038,0,26.72275901
2589074,0,0
1628392,0,0
2028345,0,22.90522201
483545,0,0
2849093,0,0
3019889,0,0
2704468,0,0
3133976,0,0
1331258,0,0
676208,0,0
2842355,0,0
2982615,0,190.8768501
2903885,0,41.99290702
2952525,0,0
76021,0,0
2918527,0,0
2864211,0,0
2751170,0,0
2996004,0,0
2202000,0,0
1962974,0,0
1860122,0,0
3428176,0,0
2762323,0,26.72275901
2576928,0,0
59748,0,0
33992,0,208.0557666
1612435,0,80.16827703
3080983,0,0
1842532,0,26.72275901
2587846,0,0
3084920,0,83.98581403
2820884,0,0
3342249,0,0
39688,0,0
2654189,0,0
2898,0,0
2486855,0,0
227318,0,0
28117,0,0
3240912,0,38.17537001
1046114,0,0
546114,0,32.44906451
3404063,0,0
2975702,0,0
3120264,0,116.4348785
2975934,0,0
3158143,0,0
2949090,0,0
2708079,0,38.17537001
3394234,0,0
3229851,0,0
76853,0,0
797277,0,43.90167552
1867408,0,0
2567881,0,0
604088,0,0
2975756,0,0
76731,0,34.35783301
3095075,0,26.72275901
46189,0,0
1911587,0,0
2903889,0,0
2816956,0,0
1582356,0,20.99645351
3078264,0,122.161184
2674991,0,0
2756133,0,0
1175444,0,0
67367,0,0
3060047,0,0
329,0,0
1703340,0,0
3350175,0,0
1561005,0,80.16827703
1961713,0,0
3003272,0,0
637971,0,59.17182352
569860,0,0
302484,0,0
2845508,0,0
2762325,0,0
332657,0,0
92947,0,0
712471,0,0
1907662,0,0
3034025,0,32.44906451
2921437,0,202.3294611
1249101,0,0
2020377,0,0
3344656,0,0
2811423,0,0
2766701,0,124.0699525
284035,0,0
3108391,0,68.71566603
190721,0,41.99290702
400065,0,76.35074003
1906741,0,0
1434191,0,0
2714944,0,0
68334,0,0
3415675,0,0
2975752,0,93.52965654
2603206,0,20.99645351
3131937,0,0
3092262,0,0
3136632,0,0
1736226,0,72.53320303
203192,0,0
3064286,0,0
119206,0,0
2878152,0,0
1960,0,0
396595,0,0
2697043,0,41.99290702
3108543,0,57.26305502
2774933,0,0
2587843,0,24.81399051
1223565,0,0
3414029,0,62.98936052
3035454,0,20.99645351
3075605,0,19.08768501
340320,0,0
251749,0,20.99645351
2904523,0,36.26660151
404385,0,0
69964,0,0
3385967,0,0
3035275,0,0
3372854,0,59.17182352
3403079,0,0
1894,0,0
2968085,0,0
436515,0,0
2975728,0,61.08059202
2529381,0,0
2903665,0,0
363835,0,0
948107,0,0
2749991,0,0
2984338,0,62.98936052
2903583,0,0
3383502,0,0
93221,0,22.90522201
2814275,0,0
2954560,0,0
558541,0,0
3038927,0,0
2486273,0,0
2509614,0,19.08768501
2744515,0,0
2080742,0,0
3140381,0,0
200618,0,0
2675784,0,0
2886936,0,0
319707,0,0
81425,0,0
1527523,0,0
96773,0,0
2175655,0,0
3238625,0,0
1689,0,45.81044402
3153927,0,20.99645351
364197,0,24.81399051
1661,0,0
3065954,0,0
759620,0,0
2903837,0,0
3066282,0,0
1795631,0,0
198107,0,0
1609758,0,30.54029601
2778550,0,0
2795687,0,0
53444,0,0
2108470,0,0
684552,0,0
2721245,0,0
2609256,0,0
3139324,0,53.44551802
2778078,0,0
2953749,0,0
3429999,0,0
2903590,0,0
2903832,0,0
92407,0,0
2509458,0,28.63152751
3385496,0,0
121292,0,0
33888,0,0
2803858,0,20.99645351
2878153,0,83.98581403
3133308,0,0
2932773,0,0
2903667,0,51.53674952
3426342,0,192.7856186
232348,0,0
2853257,0,0
2775498,0,103.073499
1225769,0,0
234612,0,0
399726,0,0
67287,0,0
3427843,0,0
2867238,0,0
3158264,0,0
3037654,0,0
3081651,0,0
2802577,0,0
353800,0,0
1708715,0,53.44551802
2991500,0,0
2741720,0,0
640205,0,0
621374,0,0
3394231,0,0
2847992,0,0
36861,0,0
1853278,0,0
257438,0,0
28894,0,0
2862869,0,0
2984530,0,0
1537274,0,93.52965654
1871022,0,0
2781599,0,38.17537001
2903585,0,0
1166323,0,0
357240,0,0
65958,0,0
3133333,0,0
1678028,0,0
2921652,0,0
3098669,0,87.80335103
3372850,0,0
1520670,0,0
2732364,0,0
3052209,0,0
1042156,0,0
3404056,0,0
47312,0,0
3273430,0,40.08413852
2213200,0,0
2975669,0,0
3434395,0,0
3401635,0,0
1226757,0,0
2203895,0,162.2453226
39695,0,22.90522201
494,0,0
1881016,0,49.62798102
169184,0,0
2041036,0,0
592378,0,0
2991496,0,0
2572921,0,0
2044467,0,0
2614639,0,0
748811,0,0
446660,0,78.25950853
2203210,0,0
3142975,0,0
1460244,0,0
2983233,0,0
1508419,0,187.0593131
317577,0,0
3075627,0,0
80868,0,0
2275,0,0
1940690,0,20.99645351
71997,0,0
138074,0,0
3108224,0,0
2975795,0,72.53320303
3093856,0,0
78398,0,0
1561023,0,0
2903900,0,0
3228804,0,0
1903694,0,26.72275901
1904944,0,0
2006,0,0
482462,0,0
92401,0,62.98936052
2509459,0,0
1836198,0,0
3103139,0,0
2203205,0,0
2072503,0,0
273528,0,0
1797,0,0
186189,0,0
11,0,0
1200300,184.9539927,0
1897060,0,148.8839431
2735434,0,0
2919506,0,0
3420380,0,122.161184
1917158,0,0
3133319,0,0
3104013,0,0
1353277,0,0
3401633,0,0
2954742,0,0
2975699,0,0
3240029,0,0
2740817,0,0
146474,0,0
2672569,0,0
2071710,0,0
2654982,0,0
3094916,0,0
2587865,0,0
2717324,0,0
1288636,0,0
994696,0,36.26660151
129789,0,137.4313321
2866381,0,0
1436290,0,45.81044402
1938605,0,36.26660151
1761891,0,0
3377215,0,40.08413852
146939,0,0
182262,0,0
2782655,0,183.2417761
1273,0,0
3049086,0,0
3166650,0,0
3391399,0,0
2895480,0,49.62798102
2903778,0,0
2954526,0,0
3230979,0,0
2909588,0,0
142651,0,0
2979862,0,135.5225636
1902408,0,0
641491,0,64.89812903
242606,0,0
2081042,0,0
338565,0,0
3231487,0,0
1815583,0,0
2501295,0,0
2954084,0,0
2961596,0,0
2764705,0,0
3015151,0,26.72275901
3135255,0,0
3035470,0,0
2734149,0,181.3330076
3059961,0,181.3330076
1430326,0,0
3140788,0,68.71566603
1326,0,0
2751189,0,0
2880260,0,26.72275901
3239941,0,0
3056937,0,0
3239302,0,0
2879114,0,0
2576917,0,0
3430494,0,57.26305502
300560,0,22.90522201
1923149,0,0
2901142,0,0
1914525,0,0
1536771,0,30.54029601
2962676,0,0
323273,0,0
3133314,0,0
2728851,0,0
1421430,0,0
2895818,0,0
342942,0,0
1663209,0,0
3060193,0,0
2816950,0,20.99645351
3415223,0,0
2862331,0,38.17537001
2575361,0,0
2079536,0,0
2594007,0,0
2953746,0,106.891036
2931399,0,0
2819238,0,0
2665642,0,0
1788,0,87.80335103
2929802,0,0
1914329,0,0
2774189,0,26.72275901
3376152,0,0
3141544,0,0
3392295,0,62.98936052
416213,0,0
64471,0,0
2801335,0,0
2935861,0,0
2925844,0,0
2938948,0,0
2490858,0,0
2660554,0,0
2883238,0,0
2983220,0,0
553981,0,0
322009,0,0
2072505,0,0
2562449,0,0
2072414,0,0
3241168,0,28.63152751
319970,0,0
3122375,0,85.89458253
3238627,0,0
3419766,0,0
1327037,0,91.62088804
206506,0,0
1872084,0,143.1576376
3060801,0,0
218936,0,0
2047767,0,127.8874895
2734128,0,0
3457764,0,0
1813880,0,85.89458253
90239,0,34.35783301
3133972,0,0
2975763,0,36.26660151
3243378,0,0
68188,0,0
2320,0,78.25950853
1486246,0,0
2687299,0,0
3427737,0,0
2596916,0,0
2840183,0,0
2593973,0,0
3412035,0,36.26660151
458639,0,0
2806615,0,0
2944250,0,0
2843653,0,175.6067021
3138240,0,0
2976431,0,0
2781023,0,0
45362,0,40.08413852
2993564,0,0
3110111,0,51.53674952
3395915,0,110.708573
530584,0,0
2975847,0,0
1603,0,0
2599641,0,0
2807631,0,0
117207,0,0
3016086,0,40.08413852
2761578,0,0
1751150,0,0
2601646,0,0
3118768,0,0
3416276,0,0
2995413,0,0
2048897,0,0
3024245,0,0
2857014,0,0
2108523,0,0
2774055,0,0
73098,0,173.6979336
2738410,0,173.6979336
3457578,0,0
665914,0,0
89065,0,53.44551802
2601575,0,0
3082547,0,0
2844071,0,0
1577685,0,0
2683234,0,0
1904616,0,0
2981134,0,0
1687,0,0
89154,0,0
2099693,0,0
2898152,0,0
1245526,0,0
2973072,0,124.0699525
706438,0,0
1930,0,0
3243030,0,0
3038642,0,85.89458253
2126321,0,0
3139142,0,0
67476,0,0
2815360,0,0
3151385,0,0
42817,0,104.9822675
2822761,0,41.99290702
3345111,0,22.90522201
1635171,0,0
1717,0,0
924,0,26.72275901
2662028,0,0
3133309,0,70.62443453
2071607,0,0
42197,0,0
2987533,0,0
57480,0,0
1433415,0,0
3031131,0,0
3344666,0,76.35074003
3239958,0,0
938289,0,0
3422227,0,51.53674952
2932247,0,26.72275901
3059038,0,82.07704553
2903678,0,0
2559597,0,0
2798799,0,0
3418717,0,0
320778,0,0
2954611,0,169.8803966
3436241,0,0
3238584,0,97.34719354
2070337,0,133.6137951
1320552,0,76.35074003
1868325,0,101.1647305
35814,0,0
3060418,169.54116,0
1598147,0,0
2975689,0,0
2875706,0,19.08768501
2943498,0,0
2560484,0,0
31963,0,0
1771309,0,24.81399051
126734,0,0
2201998,0,0
379895,0,24.81399051
2508168,0,0
3052086,0,0
3047864,0,148.8839431
2773308,0,0
3092086,0,0
2792480,0,0
2681310,0,0
2861750,0,0
55395,0,85.89458253
2781024,0,0
110937,0,0
157783,0,0
2898795,0,36.26660151
3049070,0,0
2909249,0,103.073499
627624,0,0
2949993,0,0
2742796,0,0
2780074,0,0
2070347,0,0
3032283,0,0
1712654,0,0
3426474,0,61.08059202
307249,0,0
418702,0,0
3142976,0,0
1469144,0,0
2871095,0,0
1166130,0,93.52965654
2184083,0,0
28232,0,0
419015,0,70.62443453
3431485,0,0
3399679,0,0
2846436,0,0
3419764,0,0
2203219,0,0
2975680,0,101.1647305
2161747,0,0
3153754,0,0
3137778,0,0
926,0,0
3077936,0,0
715471,0,0
58117,0,0
2774137,0,0
1331910,0,0
3108389,0,0
1283076,0,0
3034675,0,68.71566603
2419774,0,0
387092,0,0
2751177,0,0
163202,0,0
319947,0,0
3433755,0,0
2493670,0,0
671990,0,0
76123,0,0
2954082,0,0
2597701,0,0
3133322,0,0
3002640,0,0
2975736,0,0
3149228,0,0
2748080,0,0
69527,0,137.4313321
1515612,0,0
1543852,0,0
676200,0,0
1433513,0,0
2009266,0,0
2049881,0,0
2903713,0,0
215221,0,0
1643512,0,0
2871170,0,0
862751,0,0
2079575,0,0
2785124,0,0
3050267,0,0
42234,0,0
2974023,0,0
2294034,0,0
1765049,0,0
247333,0,0
2871694,0,0
1050174,0,99.25596204
3454628,0,24.81399051
3074379,0,0
3075432,0,0
3430368,0,0
2886940,0,0
1977088,0,0
1909290,0,0
3026192,0,0
2211211,0,0
2921562,0,0
1353138,0,0
2496836,0,0
1812480,0,0
3160841,0,0
261654,0,0
2729175,0,0
181486,0,0
1097,0,0
3350168,0,0
2483799,0,0
3388266,0,0
2099695,0,0
3098762,0,0
68200,0,0
2590884,0,0
110505,0,26.72275901
3133299,0,0
2725560,0,0
2560029,0,0
1920114,0,0
3034029,0,0
3074854,0,0
46351,0,0
2886375,0,0
1848580,0,160.3365541
2602070,0,0
2059884,0,93.52965654
2290923,0,0
671211,0,0
220752,0,0
44449,0,0
2940488,0,0
3139409,0,0
3157631,0,0
2817969,0,0
1810,0,0
1444770,0,0
3081201,0,0
2903752,0,114.52611
187878,0,0
2070369,0,0
1471761,0,57.26305502
1802984,0,101.1647305
3241601,0,0
131568,0,0
3414159,0,0
2927980,0,0
2903748,0,0
3041435,0,0
3238629,0,0
2772253,0,0
1131707,0,0
67780,0,0
43769,0,0
2932248,0,43.90167552
2782168,0,0
1457,0,0
3033811,0,0
502682,0,0
3028319,0,0
2819619,0,0
3428560,0,0
2903776,0,0
2730915,0,0
68223,0,0
2731096,0,0
2978047,0,0
161899,0,0
249586,0,0
3446364,0,0
2589797,0,0
2785627,0,0
3404058,0,0
2934161,0,0
96468,0,0
3059962,0,0
2662261,0,0
2846775,0,0
3062599,0,0
2975055,0,45.81044402
88058,0,0
2558361,0,20.99645351
2867013,0,0
3093845,0,30.54029601
298708,0,0
2908642,0,0
2903897,0,0
60706,0,0
3447018,0,0
2608402,0,0
2903627,0,0
200254,0,0
3131928,0,0
3135260,0,0
1324796,0,0
3376989,0,0
3411322,0,89.71211953
2601677,0,0
2975724,0,0
93929,0,0
28321,0,0
3243393,0,0
2774749,0,0
73044,0,0
2732249,0,0
2054641,0,0
2881056,0,124.0699525
2675774,0,0
1329899,0,89.71211953
2585118,0,0
3377113,0,0
651666,0,22.90522201
2975918,0,0
265175,0,0
2815720,0,154.6102486
3372855,0,0
577492,0,0
3004109,0,28.63152751
2495594,0,0
2654547,0,0
2903802,0,0
2804761,0,135.5225636
2975962,0,0
2986279,0,0
1487865,0,0
904291,0,0
3026433,0,0
3448653,0,0
2903596,0,0
2997793,0,0
2932244,0,0
1211322,0,0
2847989,0,24.81399051
3041175,0,0
2817409,0,0
3127706,0,0
2714943,0,32.44906451
1793,0,0
2712970,0,0
1842533,0,0
158787,0,70.62443453
2493679,0,0
2830667,0,0
2903588,0,0
1309411,0,152.7014801
2903655,0,0
2979868,0,0
3374554,0,0
2975997,0,0
3067275,0,0
2733487,0,0
2929512,0,0
2725477,0,0
2929489,0,0
1952,0,0
248026,0,0
3156398,0,0
2733985,0,97.34719354
84112,0,62.98936052
1968541,0,0
564369,0,0
1216886,0,0
3095341,0,24.81399051
2903844,0,0
2020486,0,0
75692,0,99.25596204
388357,0,22.90522201
285558,0,0
2575374,0,36.26660151
2971235,0,38.17537001
2072936,0,26.72275901
3138181,0,0
3032579,0,0
1802,0,0
3033387,0,0
1871031,0,22.90522201
2904243,0,0
930,0,0
67305,0,0
104623,0,0
376490,0,0
2995141,0,0
1351702,0,0
1511895,0,0
3402865,0,0
3121290,0,0
38308,0,0
1842540,0,0
755307,0,30.54029601
2879116,0,0
2903884,0,0
2686094,0,0
2976011,0,0
113107,0,89.71211953
78543,0,0
3129111,0,0
2614638,0,32.44906451
2319844,0,0
3434346,0,0
2883126,0,0
2559073,0,34.35783301
37923,0,0
2903638,0,0
3048452,0,0
2867516,0,68.71566603
2961896,0,0
3238632,0,0
3025670,0,0
2934937,0,108.7998045
2609252,0,0
2975989,0,0
3240930,0,0
96472,0,0
2903558,0,0
150026,0,0
1334193,0,0
2775496,0,24.81399051
3367743,0,0
2932182,0,0
2202149,0,0
1196056,0,0
3137451,0,0
2968083,0,0
1809410,0,47.71921252
387343,0,0
722731,0,59.17182352
3066134,0,146.9751746
2964669,0,28.63152751
2751179,0,0
2954092,0,0
1852373,0,0
2976001,0,0
3046274,0,131.7050266
3059713,0,0
2903772,0,0
2604537,0,0
53952,0,0
3142973,0,0
3095076,0,0
2975930,0,0
2823902,0,0
1573676,0,0
1316412,0,0
576926,0,0
414996,0,0
1974213,0,0
3081231,0,0
246273,0,76.35074003
2806989,0,0
1972134,0,0
2831967,0,0
2738125,0,0
3034022,0,0
3041497,0,0
3141789,0,0
3074108,0,0
709879,0,0
1871034,0,0
1407499,0,0
2026239,0,0
3019968,0,36.26660151
747656,0,0
3149179,0,0
1697,0,0
3415006,0,0
3160839,0,0
395598,0,0
2921504,0,0
2954607,0,0
2749078,0,0
2867236,0,0
3030830,0,0
2903865,0,0
3231270,0,68.71566603
47857,0,0
2903639,0,0
145458,0,0
3035476,0,0
3344550,0,0
2904123,0,0
1282863,0,0
2907241,0,0
2726185,0,0
3143496,0,0
3068634,0,0
85701,0,0
2856555,0,0
556325,0,26.72275901
2293838,0,0
1144307,0,0
3238303,0,0
58135,0,0
29571,0,0
2903599,0,0
392610,0,0
2781978,0,0
2053611,0,0
2541726,0,0
321846,0,0
2903755,0,38.17537001
2105,0,0
2954686,0,0
47493,0,0
2975740,0,0
3369522,0,0
3034028,0,0
2975996,0,38.17537001
651822,0,0
2975640,0,0
1179673,0,0
2290922,0,0
42256,0,0
229731,0,83.98581403
2996785,0,0
3438232,0,0
2969247,0,0
59750,0,0
2954685,0,0
2991074,0,0
111015,0,0
2709690,0,0
2891210,0,0
2822368,0,0
2866810,0,0
33903,0,0
1938604,0,0
1007105,0,0
2771436,0,0
2845949,0,0
3066305,0,55.35428652
1736691,0,0
2861284,0,45.81044402
3048607,0,0
3376142,0,0
571913,0,0
2704467,0,0
1920763,0,0
161895,0,68.71566603
2844309,0,0
2921648,0,0
86170,0,0
1759059,0,0
3066278,0,0
2695266,0,0
333966,0,0
2763498,0,0
3160842,0,0
1658671,0,0
626937,0,0
2045452,0,0
1658672,0,24.81399051
1133546,0,0
308754,0,0
1072463,0,0
915,0,0
3066224,0,0
2774015,0,0
2929494,0,0
3402691,0,0
887464,0,0
2874628,0,0
3115647,0,0
2975804,0,0
2615214,0,0
1705310,0,0
2921378,0,0
2975749,0,43.90167552
536018,0,0
2749844,0,0
2594473,0,0
1379270,0,47.71921252
316277,0,34.35783301
933080,0,0
296544,0,0
766224,0,0
2921610,0,0
2979468,0,0
2903593,0,0
3050258,0,0
2567884,0,0
3139326,0,0
2664893,0,0
1542730,0,0
1653476,0,40.08413852
3436238,0,0
475088,0,0
68219,0,0
1851514,0,0
131110,0,0
1605721,0,0
3063951,0,0
80869,0,0
2267833,0,0
585455,0,0
2497325,0,0
2661583,0,135.5225636
2590774,0,0
3081204,0,0
55148,0,0
36813,0,0
3077916,0,0
1921001,0,20.99645351
516702,0,0
3028808,0,0
3133326,0,0
2876939,0,0
2730359,0,64.89812903
2675218,0,0
305719,0,0
2903674,0,0
2767222,0,0
33922,0,0
2804917,0,0
3115209,0,0
37921,0,0
2759943,0,0
3136634,0,0
213419,0,0
2886361,0,0
2913502,0,0
2903705,0,0
2789739,0,0
2987751,0,0
2921639,0,0
2224,0,80.16827703
3051832,0,0
1781,0,0
511062,0,0
2997335,0,0
3114367,0,0
3136561,0,0
3141461,0,0
1933044,0,0
2995142,0,0
1884904,0,0
3127120,0,0
2893890,0,0
2478662,0,20.99645351
1479019,0,0
3228751,0,0
3445768,0,0
3133323,0,0
1678237,0,0
379893,0,0
1805840,0,0
2918899,0,78.25950853
169669,0,64.89812903
2364649,0,19.08768501
869889,0,0
267212,0,0
860353,0,0
3401630,0,0
2480810,0,0
40989,0,0
56957,0,24.81399051
2956797,0,0
3342488,0,0
32062,0,0
274537,0,0
2599293,0,0
2558918,0,0
3066321,0,0
1457141,0,0
2964670,0,0
3093862,0,0
3110288,0,0
2975999,0,0
3066322,0,74.44197153
1431246,0,0
3082544,0,0
1793872,0,0
3023370,0,0
3349631,0,0
2054919,0,0
468916,0,51.53674952
578923,0,0
2968084,0,0
2576922,0,0
176292,0,0
110163,0,0
59406,0,0
441500,0,110.708573
33889,0,0
3048606,0,28.63152751
392593,0,0
3239957,0,0
2904129,0,0
2949307,0,0
574964,0,0
2021971,0,0
2954703,0,0
3050197,0,0
39694,0,0
29542,0,0
1930764,0,0
3061627,0,0
2975992,0,0
1136941,0,0
3049072,0,0
2732594,0,0
3436237,0,22.90522201
2902623,0,0
3447510,0,0
2730360,0,0
266061,0,0
3463359,0,0
1364945,0,0
3034023,0,0
208439,0,0
1508644,0,0
3004105,0,43.90167552
2760308,0,0
2759167,0,51.53674952
3093660,0,0
3016419,0,0
1242174,0,0
2975946,0,0
2840373,0,0
2903762,0,0
2749086,0,0
1711,0,0
3231492,0,0
3238633,0,0
2742639,0,0
2773299,0,28.63152751
2930198,0,0
2654191,0,0
1765219,0,0
2707299,0,0
1229,0,0
83984,0,101.1647305
2903671,0,0
3396310,0,0
45065,0,19.08768501
3133695,0,0
3097255,0,0
1356852,0,0
2975993,0,0
576784,0,0
3025315,0,0
1072256,0,0
67296,0,0
269261,0,0
59932,0,0
1050,0,0
2487929,0,0
2976236,0,0
2975914,0,0
1938841,0,0
3394331,0,0
502821,0,0
2199,0,0
3025663,0,0
2023229,0,0
2927979,0,0
1550024,0,0
1920171,0,0
33887,0,101.1647305
3428192,0,0
3052626,0,0
2082386,0,0
351745,0,0
3157334,0,0
3234200,0,0
1287523,0,0
2565556,0,0
2961571,0,0
2502843,0,0
3033386,0,0
2866279,0,0
17,0,20.99645351
2975917,0,0
3404050,0,0
2880932,0,0
590652,0,0
3053610,0,0
3058602,0,0
2321394,0,30.54029601
3243021,0,0
3127701,0,0
2995658,0,19.08768501
84109,0,59.17182352
3066285,0,0
1794,0,0
2774834,0,0
1783348,0,0
36808,0,0
2734095,0,0
2816475,0,0
678601,0,0
2508880,0,0
3350177,0,0
2981135,0,0
2762748,0,0
1273541,0,0
3383024,0,0
320497,0,0
1856685,0,28.63152751
2742601,0,0
3383589,0,0
47920,0,0
2953657,0,0
1389922,0,0
2903895,0,0
2995143,0,26.72275901
60920,0,0
3028295,0,0
1223514,0,0
1404244,0,0
2662033,0,49.62798102
3023517,0,0
2975853,0,0
2719023,0,0
2903779,0,0
3411355,0,0
1335746,0,0
3243381,0,0
2986424,0,0
430531,0,0
2716717,0,0
2815936,0,0
2675793,0,0
3061626,0,0
1837283,0,0
2975674,0,0
3240774,0,0
2585135,0,0
3077925,0,0
3078084,0,0
709878,0,0
487173,0,0
1727196,0,0
2895565,0,0
3026425,0,0
2782568,0,0
54120,0,0
3038979,0,0
1218492,0,0
2983230,0,0
1866325,0,0
1506334,0,22.90522201
3238623,0,0
2382163,0,55.35428652
2591003,0,0
2675524,0,0
3404127,0,0
2170403,0,0
1050714,0,0
98671,0,0
3158173,0,0
2944128,0,0
3027808,0,0
1604335,0,0
3133294,0,0
2903834,0,0
1933904,0,0
35787,0,0
141349,0,0
266062,0,0
971279,0,0
1659192,0,0
2981139,0,0
3136601,0,0
1341,0,0
2972479,0,0
114880,0,0
2014537,0,41.99290702
3239976,0,0
1930058,0,0
875808,0,0
2975322,0,118.343647
3135264,0,0
2954236,0,0
1442032,0,0
658666,0,0
1357074,0,0
1183413,0,0
2904252,0,0
2828286,0,0
2133959,0,0
2730847,0,0
3027225,0,0
3239420,0,0
1632772,0,24.81399051
38305,0,0
3409687,0,0
2956013,0,0
2903581,0,0
2320867,0,22.90522201
257758,0,0
2813744,0,45.81044402
69221,0,0
2856522,0,0
2975859,0,28.63152751
2774663,0,0
2692233,0,0
3142634,0,62.98936052
3108484,0,116.4348785
84025,0,40.08413852
3048365,0,19.08768501
56464,0,0
2953998,0,0
2485784,0,0
1737515,0,0
3062461,0,70.62443453
2921720,0,0
408015,0,0
2956579,0,0
3066248,0,0
1930532,0,0
2675219,0,0
1795630,0,0
2923366,0,0
3029274,0,0
3051218,0,0
2505977,0,0
3066139,0,0
2975800,0,0
3035280,0,0
1232427,0,0
2886821,0,0
1938353,0,0
545619,0,0
405,0,0
2903702,0,0
2781962,0,0
2903587,0,0
2911970,0,114.52611
3432425,0,0
2962632,0,0
3064284,0,0
2879107,0,55.35428652
3390729,0,0
2827099,0,0
2954613,0,0
2733571,0,26.72275901
2907242,0,0
1636610,0,0
293388,0,0
3003351,0,0
1778,0,0
3053466,0,0
3050324,0,0
2773266,0,0
2921673,0,0
3430559,0,0
2666185,0,0
2099694,0,0
3463856,0,0
1898738,0,0
2953753,0,0
51229,0,0
1632019,0,0
3028316,0,0
884684,0,0
2903560,0,0
169177,0,40.08413852
3133305,0,0
107445,0,0
3153752,0,0
2364647,0,0
3395917,0,0
2956255,0,0
3141540,0,0
2903830,0,0
2654193,0,0
2811788,0,0
2742133,0,0
3111325,0,0
2849039,0,0
1550733,0,19.08768501
1281578,0,0
3003271,0,0
2202254,0,0
161154,0,0
1789,0,0
246969,0,34.35783301
3140789,0,0
2962672,0,0
3243382,0,110.708573
2844213,0,110.708573
1089444,0,0
2998079,0,0
2571029,0,0
70856,0,0
1555112,0,0
1853276,0,0
2866382,0,0
3122055,0,24.81399051
2489213,0,0
574650,0,0
519081,0,0
261291,0,0
2734195,0,0
735,0,0
67348,0,0
2733654,0,0
2932250,0,0
3026420,0,0
253239,0,0
335476,0,0
2654192,0,0
3442642,0,49.62798102
3145017,0,0
3374555,0,0
3444503,0,0
29320,0,0
114528,0,108.7998045
67081,0,0
3038539,0,0
3388844,0,0
2955294,0,0
2864203,0,0
3242725,0,0
2072025,0,0
3053982,0,0
1274359,0,0
3406645,0,28.63152751
2878545,0,0
2975894,0,0
3135258,0,0
2083284,0,0
2716227,0,0
2993714,0,0
883811,0,32.44906451
2975986,0,0
3373610,0,0
498846,0,0
3047810,0,0
35789,0,0
2874282,0,0
47875,0,0
44010,0,0
2678518,0,0
2698828,0,0
2897774,0,0
499555,0,0
2809036,0,106.891036
2903746,0,0
985052,0,32.44906451
2956010,0,0
2597659,0,0
2921361,0,0
560555,0,0
2599595,0,0
761804,0,40.08413852
2954079,0,0
3041098,0,32.44906451
3034358,0,0
512402,0,0
310037,0,0
3003265,0,0
367299,0,20.99645351
2505979,0,0
3392035,0,0
2681470,0,0
2903812,0,0
3404053,0,0
2562582,0,0
2954684,0,0
999183,0,104.9822675
2975976,0,0
3439061,0,0
3158172,0,0
1963862,0,41.99290702
1382,0,0
155194,0,0
925818,0,38.17537001
3149044,0,0
140098,0,0
3015150,0,0
47853,0,0
2903561,0,0
2067415,0,0
83559,0,0
2955861,0,0
571800,0,38.17537001
2675713,0,0
3243360,0,0
1390395,0,0
1768,0,28.63152751
1345,0,0
420953,0,0
3047866,0,0
2956308,0,0
3398213,0,0
10685,0,0
1664265,0,34.35783301
3433590,0,0
2880933,0,0
2782169,0,22.90522201
2842457,0,0
42237,0,0
2042057,0,0
249058,0,0
3243367,0,0
2903801,0,0
2811422,0,0
28128,0,22.90522201
283878,0,0
3032287,0,0
33883,0,0
2744520,0,0
1535208,0,0
3384787,0,49.62798102
1827742,0,20.99645351
1475485,0,0
132132,0,0
2989766,0,0
1843581,0,0
1871002,0,47.71921252
2925842,0,0
28264,0,0
1441723,0,101.1647305
2872648,0,0
3409688,0,0
2419771,0,0
3442646,0,0
2907545,0,0
1138587,0,32.44906451
2842345,0,0
225326,0,0
139208,0,0
235559,0,30.54029601
2955554,0,0
404941,0,0
2257,0,78.25950853
2940492,0,0
2853163,0,0
39122,0,0
1162966,0,0
2738409,0,45.81044402
1234680,0,0
413810,0,0
67362,0,0
361183,0,0
3375707,0,0
3344667,0,0
2903794,0,0
1090615,0,0
63745,0,0
38310,0,0
29573,0,0
3060698,0,0
1775880,0,34.35783301
2982691,0,0
165,0,19.08768501
427923,0,0
1659,0,0
2615203,0,0
3016050,0,0
132473,0,22.90522201
29314,0,0
3457358,0,0
2903814,0,0
182337,0,0
1853682,0,0
2962673,0,0
261936,0,0
645517,0,0
2656746,0,0
3093895,0,0
53437,0,0
2925837,0,0
1835254,0,0
1972846,0,0
202462,0,0
1532023,0,0
1648182,0,0
2033438,0,0
546160,0,0
3048337,0,0
676965,0,0
46429,0,0
3140242,0,30.54029601
2768834,0,0
2925843,0,0
3064901,0,0
2903798,0,0
2953890,0,0
334715,0,97.34719354
867076,0,97.34719354
2956338,0,97.34719354
1930593,0,0
3066300,0,0
29284,0,0
2975998,0,0
3448587,0,0
3138497,0,0
2903629,0,0
574649,0,0
100177,0,0
426114,0,49.62798102
2991728,0,0
2066479,0,0
2903887,0,0
2955383,0,0
2926850,0,22.90522201
413501,0,76.35074003
1851167,0,0
53406,0,0
3061628,0,0
1757,0,0
2652443,0,64.89812903
3451558,0,0
3055079,0,0
3243390,0,0
3068324,0,0
3074145,0,95.43842504
3059743,0,95.43842504
1964448,0,0
2917715,0,0
2921651,0,0
2079596,0,0
2175648,0,0
570267,0,0
2903838,0,0
2048898,0,0
1126236,0,0
3131999,0,0
993414,0,0
2895470,0,0
2921369,0,0
102684,0,0
3383591,0,0
1940555,0,0
2497162,0,0
1632,0,0
3398704,0,0
1232575,0,0
1565605,0,0
28123,0,0
3046382,0,0
1484693,0,36.26660151
3131926,0,53.44551802
3366808,0,0
3060460,0,0
2319843,0,51.53674952
2100422,0,0
2785912,0,0
2811108,0,0
1522174,0,36.26660151
1740264,0,93.52965654
1920424,0,93.52965654
2921435,0,93.52965654
1073996,0,22.90522201
2760310,0,0
2975317,0,0
2233998,0,0
758782,0,0
2975745,0,0
2220095,0,0
3384240,0,0
2528037,0,0
2592654,0,0
2057246,0,0
3373674,0,0
2017484,0,0
3066293,0,0
2745230,0,0
28026,0,0
2170044,0,0
2583822,0,0
2737050,0,0
1932,0,0
283877,0,0
1454753,0,0
1743159,0,0
85968,0,0
3402707,0,0
3350244,0,61.08059202
2663847,0,0
29447,0,0
2027911,0,0
2903871,0,0
456163,0,0
2518644,0,20.99645351
869888,0,0
3080012,0,45.81044402
2963433,0,0
2282309,0,0
1299,0,0
219745,0,0
2843870,0,91.62088804
2812000,0,0
1198301,0,0
80880,0,0
2594265,0,0
1538159,0,0
1344094,0,0
2743089,0,0
69220,0,0
212,0,0
2975753,0,0
3234853,0,0
367282,0,0
2734,0,0
2845939,0,0
1132417,0,0
3378074,0,0
2993430,0,0
2903594,0,0
2876713,0,0
642926,0,0
2003368,0,74.44197153
2796141,0,0
1724,0,0
79967,0,0
309891,0,0
2903815,0,0
1874539,0,0
2846672,0,30.54029601
412593,0,0
2831968,0,0
3423201,0,0
2560335,0,89.71211953
3047478,0,0
3079935,0,0
2982694,0,0
2057743,0,0
3373596,0,0
3059027,0,0
1784,0,0
3420950,0,41.99290702
3016089,0,0
309887,0,0
52227,0,24.81399051
640030,0,0
3418418,0,0
1603258,0,0
2733924,0,0
3044399,0,0
2975656,0,0
1380432,0,0
1105204,0,57.26305502
3133321,0,0
1644131,0,0
1662285,0,0
3066310,0,0
3066299,0,0
2970891,0,0
31964,0,0
2492396,0,0
3043445,0,20.99645351
121872,0,0
2936799,0,0
2759705,0,0
2968086,0,22.90522201
2908648,0,0
3034026,0,0
743699,0,0
2586643,0,0
2985506,0,0
267375,0,0
3049073,0,0
1458492,0,0
347209,0,0
1796469,0,0
281739,0,0
2161803,0,0
152297,0,0
3230984,0,0
3233380,0,0
3404047,0,0
2675216,0,26.72275901
69370,0,0
2715232,0,0
3049801,0,0
1646,0,0
3051998,0,0
345632,0,0
2962597,0,0
67267,0,0
62319,0,0
2856338,0,0
747457,0,0
871584,0,0
3426936,0,0
3050298,0,0
2879619,0,0
2961570,0,0
2931983,0,0
2933777,0,0
3059822,0,0
3064287,0,0
2508289,0,0
468914,0,0
2911853,0,0
3133286,0,0
1048396,0,0
122355,0,0
2247,0,0
2961939,0,0
186192,0,0
1871049,0,0
1853699,0,0
3445779,0,28.63152751
3115848,0,0
3423221,0,0
1701090,0,0
1769,0,0
3418421,0,0
3374550,0,0
2052056,0,0
301375,0,0
2921718,0,0
2986803,0,0
1884916,0,19.08768501
3032584,0,55.35428652
3127459,0,72.53320303
38290,0,0
3023076,0,0
203263,0,0
300028,0,0
3115001,0,0
3096010,0,0
2606451,0,0
3383590,0,0
328692,0,24.81399051
2316085,0,0
1955814,0,0
2961598,0,0
1982577,0,0
46679,0,0
3138179,0,66.80689753
3381355,0,0
3066130,0,0
238800,0,0
2734141,0,0
2884455,0,0
712411,0,0
3237372,0,0
1795888,0,0
1982225,0,0
3061632,0,0
114707,0,0
1947037,0,0
1495650,0,0
2080740,0,0
279828,0,0
3446693,0,0
1229164,0,0
153731,0,0
2879617,0,0
899,0,20.99645351
56450,0,0
1629550,0,36.26660151
2887345,0,0
2933290,0,0
1573711,0,0
373540,0,82.07704553
2956300,0,82.07704553
2771430,0,0
683150,0,0
141389,0,0
683047,0,0
3095608,0,30.54029601
266805,0,0
2975692,0,0
1231063,0,0
3374103,0,0
3068506,0,0
1902245,0,0
3060540,0,0
1340801,0,0
1936029,0,0
200252,0,0
2259638,0,0
2732590,0,0
1499686,0,0
490759,0,0
157779,0,0
2931975,0,0
2201356,0,0
3066173,0,0
3388490,0,0
739,0,0
409290,0,0
634,0,0
2843753,0,0
3416181,0,0
3412482,0,80.16827703
2714355,0,0
2903856,0,0
2866627,0,0
3418416,0,0
286802,0,0
2975624,0,0
479978,0,0
156978,0,0
2911495,0,20.99645351
2755559,0,0
1852377,0,0
1871019,0,22.90522201
2079793,0,0
1785145,0,0
1806885,0,0
2711328,0,28.63152751
199136,0,0
2201,0,0
651457,0,0
1750535,0,0
2604158,0,0
2866201,0,0
3239978,0,0
2596912,0,0
712435,0,0
131112,0,41.99290702
2518599,0,0
2903579,0,0
162393,0,0
2841594,0,0
2058657,0,0
2714931,0,0
2903670,0,24.81399051
3156399,0,0
2609255,0,0
2026240,0,0
2560010,0,0
3391182,0,0
35786,0,0
2107708,0,0
2675054,0,0
122420,0,0
3066238,0,0
2608867,0,0
2954064,0,0
2813727,0,0
69963,0,0
2976676,0,0
75291,0,0
2722751,0,0
229980,0,0
2991729,0,0
3373597,0,0
2496867,0,0
2282475,0,0
2975855,0,0
59299,0,0
3074146,0,0
1573719,0,0
3239961,0,0
3004129,0,28.63152751
1897061,0,0
1682490,0,0
3060212,0,0
2983222,0,76.35074003
2895493,0,0
2997426,0,0
3445784,0,0
3028711,0,0
2745504,0,0
2830995,0,0
743836,0,0
2811781,0,0
1884913,0,0
370764,0,0
2955344,0,0
3230994,0,0
3239904,0,0
164516,0,26.72275901
52771,0,0
1003114,0,0
2903672,0,0
3434457,0,0
3029060,0,19.08768501
1610493,0,0
2843645,0,47.71921252
2965074,0,0
2775920,0,0
2072409,0,0
2850561,0,0
3439066,0,0
362457,0,0
2763257,0,0
35773,0,0
3064161,0,51.53674952
657642,0,32.44906451
1795832,0,0
2691580,0,34.35783301
262324,0,0
2184519,0,0
712270,0,0
2201999,0,0
2081051,0,0
1804624,0,0
2689102,0,0
2683680,0,0
2949614,0,0
2558174,0,0
3048583,0,0
2778055,0,0
1844971,0,0
3016342,0,36.26660151
92490,0,0
3014995,0,0
3133274,0,0
3133301,0,0
2903586,0,0
73919,0,0
55779,0,0
163003,0,0
3433539,0,0
1674922,0,0
2610902,0,0
1486991,0,0
339268,0,0
3461144,0,0
33053,0,0
1633,0,0
3398356,0,0
1715989,0,0
3351346,0,72.53320303
2718620,0,0
68280,0,0
2992837,0,0
2975634,0,0
3049799,0,0
2770551,0,0
1710539,0,0
3445774,0,0
1780,0,0
3133296,0,0
59561,0,0
56956,0,0
3117733,0,0
71998,0,0
1177712,0,0
10683,0,0
2719119,0,0
126673,0,0
3388491,0,0
2094151,0,0
91915,0,0
216142,0,0
2861288,0,0
2714945,0,0
2895486,0,0
3374281,0,0
1684483,0,0
2772401,0,0
2876194,0,0
2173831,0,0
675090,0,0
3229275,0,0
2932253,0,0
2903869,0,0
3458249,0,0
326523,0,0
445930,0,0
3066214,0,70.62443453
3411633,0,70.62443453
1366055,0,70.62443453
2483360,0,0
3093767,0,0
3090665,0,0
3429804,0,0
3451557,0,0
3395314,0,0
1458425,0,30.54029601
1868734,0,0
1671680,0,0
2922394,0,0
2969672,0,0
68233,0,0
927614,0,0
3133295,0,0
2842349,0,0
119981,0,0
578928,0,0
43617,0,0
2968968,0,0
1761789,0,0
2796366,0,0
2483401,0,0
2785056,0,0
61,0,0
2774706,0,0
2846098,0,0
1503055,0,0
2925318,0,0
40990,0,0
1494608,0,0
2585119,0,0
3022769,0,0
35746,0,0
359303,0,0
3140252,0,26.72275901
3433538,0,41.99290702
2774460,0,68.71566603
866786,0,68.71566603
3066297,0,68.71566603
3398358,0,0
274539,0,0
3096996,0,0
2750620,0,0
29539,0,0
178339,0,0
2608999,0,0
2903893,0,0
2903660,0,0
2903714,0,0
3111768,0,0
3016097,0,0
3002742,0,55.35428652
2864207,0,0
487529,0,0
1705617,0,0
415421,0,26.72275901
2961994,0,0
2716879,0,0
3230998,0,0
3433200,0,45.81044402
118126,0,0
1586232,0,0
78258,0,0
3240766,0,0
2903820,0,0
1169025,0,0
2851649,0,0
3435230,0,0
2795215,0,0
2071627,0,0
1288494,0,22.90522201
2992242,0,0
230709,0,66.80689753
1806216,0,66.80689753
2499157,0,66.80689753
2895485,0,0
2903766,0,0
3066281,0,45.81044402
2784880,0,0
629680,0,43.90167552
2675099,0,0
1462996,0,0
3098076,0,32.44906451
3122488,0,0
3066319,0,0
2560831,0,0
1499308,0,0
2992573,0,0
2161816,0,0
31965,0,0
2316359,0,0
2652803,0,0
1323731,0,20.99645351
2211106,0,0
2781952,0,0
2886505,0,0
2734369,0,0
289370,0,0
376620,0,0
177758,0,0
38302,0,0
3398212,0,0
3003619,0,0
3038545,0,0
266009,0,0
1720526,0,64.89812903
1922544,0,64.89812903
653940,0,0
3379815,0,0
2771362,0,0
43990,0,0
54914,0,0
3404115,0,0
3388566,0,0
2170045,0,0
1715285,0,0
3020716,0,0
2055947,0,0
1611770,0,0
56877,0,0
368607,0,0
3131931,0,0
3045157,0,0
2870860,0,0
1478019,0,0
3238624,0,0
3074897,0,0
67326,0,0
2500546,0,0
2592652,0,0
273678,0,0
1394,0,0
1938334,0,0
2864102,0,0
2060092,0,62.98936052
1926968,0,62.98936052
3050269,0,53.44551802
52774,0,0
2861279,0,0
83986,0,0
3090699,0,0
3016091,0,0
2813778,0,0
453836,0,0
2055893,0,0
3047786,0,0
35817,0,0
1017351,0,0
2681308,0,0
3009083,0,0
3140250,0,0
83456,0,0
3341830,0,0
3404049,0,0
1414719,0,0
3230978,0,0
502394,0,0
2025658,0,0
2979331,0,0
1667,0,0
3426548,0,0
1971485,0,19.08768501
762660,0,0
2903646,0,0
2745518,0,24.81399051
2025659,0,61.08059202
658401,0,61.08059202
52773,0,0
1984781,0,0
3430779,0,0
3432517,0,0
3052803,0,0
3428771,0,0
167957,0,0
2975980,0,28.63152751
794846,0,0
2814653,0,0
3238628,0,0
2967224,0,0
67255,0,0
2975966,0,0
444597,0,0
2975979,0,0
1282737,0,0
3026162,0,0
2734120,0,0
3066184,0,0
38303,0,0
3048149,0,0
1704076,0,0
3116482,0,0
1661694,0,0
44752,0,0
1849032,0,0
194197,0,0
35757,0,0
3155932,0,0
3394855,0,0
3115152,0,0
2921432,0,0
1131462,0,0
3114695,0,0
3051617,0,0
2762577,0,0
3068275,0,0
2843303,0,0
1040979,0,0
3448171,0,0
743009,0,0
3132259,0,0
3459136,0,0
2995145,0,0
3109564,0,0
211502,0,0
555573,0,0
3136739,0,0
3031998,0,0
260149,0,0
3047383,0,0
512298,0,0
3112558,0,0
2338327,0,0
1909299,0,0
2746321,0,0
2975849,0,0
1437453,0,0
2746961,0,0
67294,0,0
2663859,0,0
1906274,0,0
2994664,0,0
745408,0,0
3066235,0,0
2709394,0,0
2914983,0,0
1807141,0,0
132919,0,0
2841303,0,0
472569,0,0
3423951,0,0
2104,0,0
2583374,0,0
191610,0,0
2560269,0,0
277,0,0
3428186,0,0
1871043,0,0
588898,0,0
3234138,0,0
2576356,0,0
459858,0,0
1550728,0,0
2661553,0,0
3020055,0,0
1577075,0,0
3015156,0,0
59737,0,24.81399051
2675787,0,0
2006980,0,0
3230995,0,0
3430721,0,0
2903831,0,0
28028,0,0
2684212,0,0
101534,0,0
1839798,0,0
2921415,0,0
3024576,0,0
2903898,0,0
3427283,0,0
2614442,0,0
3053904,0,0
54006,0,0
1435347,0,0
2867026,0,0
515415,0,0
1272,0,0
2785123,0,0
2779519,0,0
1283291,0,0
3051615,0,0
2069255,0,0
492,0,0
2489212,0,0
1855613,0,0
1825069,0,0
3066168,0,55.35428652
2751478,0,0
54077,0,26.72275901
2986280,0,0
85085,0,0
2956108,0,0
3048493,0,0
3075222,0,0
2927875,0,0
3140248,0,0
2609258,0,0
3163031,0,0
3016092,0,0
2033033,0,24.81399051
2952152,0,0
2813780,0,0
1884915,0,0
2282148,0,0
2570351,0,0
2895487,0,0
46355,0,30.54029601
488729,0,0
223392,0,0
2956223,0,0
2733930,0,0
753084,0,0
3116480,0,0
876364,0,0
2563662,0,0
3047695,0,0
3052630,0,0
2953747,0,0
2570468,0,0
2849642,0,0
1428684,0,0
2067959,0,0
3410924,0,0
1175445,0,0
3424718,0,0
2799325,0,0
3239284,0,0
202862,0,0
2875948,0,0
156977,0,0
2739057,0,0
1855377,0,53.44551802
3052510,0,43.90167552
3047353,0,0
2864213,0,0
33075,0,0
2518343,0,0
3391579,0,0
2979330,0,0
2769078,0,0
2859227,0,0
3003247,0,0
754514,0,0
3430773,0,36.26660151
361111,0,0
3048629,0,0
3050266,0,0
3425947,0,0
2724122,0,0
3133310,0,0
556499,0,0
3135263,0,0
3050069,0,0
1913979,0,0
3230986,0,0
307580,0,0
3077723,0,0
2929493,0,0
2754727,0,0
2972775,0,0
548913,0,0
361575,0,0
3344879,0,51.53674952
2951138,0,51.53674952
2175621,0,51.53674952
3075124,0,0
3043447,0,0
195522,0,0
1889240,0,0
3235106,0,0
1206777,0,0
2781022,0,0
3068889,0,0
2975733,0,0
2975747,0,0
36805,0,0
2761047,0,0
71254,0,0
3047947,0,0
2565366,0,0
3235111,0,0
2976335,0,0
807,0,0
2824910,0,0
2875729,0,0
349751,0,0
62320,0,0
2072407,0,0
2903757,0,0
3231942,0,0
3078227,0,0
1176198,0,0
3140787,0,0
2811421,0,0
1644129,0,0
2949630,0,49.62798102
3139315,0,49.62798102
3060756,0,49.62798102
1507808,0,0
497725,0,0
3432031,0,0
2876193,0,0
1603886,0,0
464988,0,0
2204145,0,0
3418365,0,0
56636,0,0
1667168,0,0
2169883,0,0
1380362,0,28.63152751
554344,0,0
2797167,0,0
3049069,0,0
3019890,0,0
2175620,0,0
2768071,0,0
2600159,0,0
3162566,0,0
3033388,0,0
634121,0,0
3066217,0,36.26660151
496857,0,0
110933,0,0
44930,0,0
1932360,0,0
358766,0,47.71921252
3113369,0,0
2879621,0,0
2560545,0,0
2883169,0,0
2940301,0,0
2094119,0,0
2842357,0,0
157782,0,0
2884874,0,0
2903827,0,0
114687,0,0
3242192,0,0
2175645,0,0
2862880,0,0
2585717,0,0
3415672,0,0
2779775,0,0
3018339,0,0
155537,0,0
3059911,0,0
951,0,0
2992843,0,0
2490633,0,0
285676,0,0
3033389,0,0
3431241,0,0
142058,0,0
2734115,0,0
3377125,0,0
2650745,0,0
326927,0,0
3051120,0,0
157339,0,0
34020,0,0
2734158,0,0
94694,0,0
2610895,0,0
3095337,0,0
3032281,0,0
2726956,0,0
488446,0,0
2918299,0,0
1458426,0,0
3075197,0,0
2975765,0,0
1736046,0,0
3093850,0,0
3075620,0,0
2663121,0,0
1490225,0,0
2949995,0,0
88724,0,0
28109,0,0
2879622,0,0
230143,0,0
2496837,0,0
3138178,0,0
2580515,0,45.81044402
36874,0,45.81044402
2740515,0,45.81044402
3047677,0,45.81044402
172827,0,0
3142537,0,0
2056231,0,0
2903780,0,0
84163,0,0
2955844,0,0
2560336,0,0
33871,0,0
2053930,0,0
3024399,0,0
3130163,0,0
321318,0,0
2994493,0,24.81399051
3414495,0,0
2903781,0,0
2903749,0,0
2817475,0,0
638619,0,0
3139323,0,0
674079,0,0
2955292,0,0
2996261,0,0
43665,0,0
2478464,0,0
1921710,0,0
3230997,0,43.90167552
3450718,0,0
2949629,0,0
2609415,0,0
66892,0,0
2708084,0,0
1605379,0,0
1702170,0,0
1194427,0,0
529884,0,0
3433523,0,0
712310,0,0
337243,0,0
2937524,0,0
3381348,0,32.44906451
1870985,0,0
105751,0,0
3016343,0,0
712157,0,0
2996112,0,0
2921430,0,0
2749058,0,0
2745490,0,0
2903675,0,0
53374,0,0
3060828,0,0
2962888,0,0
2055955,0,0
758826,0,0
2969820,0,0
3041765,0,0
2795488,0,0
1734031,0,0
863575,0,0
3055869,0,0
1121358,0,0
2968475,0,0
2734111,0,0
2955969,0,41.99290702
3059995,0,41.99290702
3426937,0,41.99290702
3043847,0,0
1758398,0,0
661191,0,0
1231049,0,0
2761623,0,0
1561022,0,0
2967300,0,0
1068590,0,0
2929495,0,0
3418422,0,0
1844051,0,0
2560334,0,0
3060397,0,0
3426175,0,0
2828862,0,0
1684,0,0
2975645,0,0
3120157,0,0
2652444,0,0
1710540,0,0
2490851,0,0
178606,0,0
3015166,0,0
310769,0,0
1547448,0,0
3119004,0,0
83560,0,40.08413852
3047860,0,40.08413852
2975977,0,0
1048758,0,0
2725684,0,0
2867408,0,0
3139336,0,0
67384,0,0
2044576,0,0
3066315,0,0
2955989,0,0
2956469,0,0
2956112,0,0
927,0,0
3366817,0,0
3074430,0,0
2932245,0,0
3136676,0,0
701042,0,0
1564114,0,0
38301,0,0
3239959,0,0
1750598,0,0
607712,0,0
3136737,0,0
227319,0,0
2603292,0,0
2785913,0,0
2014541,0,0
92245,0,0
1868655,0,0
135735,0,0
254785,0,0
2733906,0,0
2845399,0,0
2282206,0,0
2738852,0,0
2066049,0,0
1936021,0,0
2590775,0,0
2097,0,0
3060524,0,0
2843760,0,0
3050308,0,0
2850559,0,0
2853159,0,0
3042029,0,0
3230996,0,0
2934340,0,0
3047765,0,0
2678257,0,0
2979461,0,0
2954091,0,0
2760084,0,0
2778064,0,0
3132289,0,0
2175660,0,0
3016094,0,0
2175149,0,0
2250,0,0
1333523,0,0
2733943,0,0
3428500,0,0
1880678,0,0
1637869,0,0
3066283,0,38.17537001
2734135,0,38.17537001
2303750,0,0
2975778,0,0
3056647,0,0
3058903,0,0
1918723,0,0
3241450,0,0
2894156,0,0
2908651,0,0
2886938,0,0
3068341,0,0
2961597,0,0
366522,0,0
2895494,0,0
2903783,0,0
1546107,0,0
1924,0,0
2851646,0,0
2175641,0,0
619291,0,0
2017485,0,0
3109565,0,0
2978474,0,0
3117459,0,0
3069269,0,19.08768501
2675775,0,0
2282124,0,0
2954752,0,0
1316411,0,0
3066307,0,0
29292,0,0
2560476,0,0
1470347,0,0
3048630,0,0
1336740,0,0
2984142,0,0
3060716,0,0
1586712,0,0
3428816,0,0
3066296,0,0
1932881,0,0
2971236,0,0
2316720,0,0
2560631,0,0
417280,0,0
2956139,0,0
2955996,0,36.26660151
2271,0,0
3060804,0,0
3414496,0,0
2774459,0,0
2201355,0,0
1163398,0,0
1052,0,0
3398229,0,0
2565934,0,0
2816859,0,0
3385969,0,0
169765,0,0
134034,0,0
2982699,0,0
1839799,0,0
3031996,0,0
3032001,0,0
1852381,0,0
2954101,0,0
1862358,0,0
2755386,0,0
43659,0,0
2937790,0,0
220697,0,0
3384451,0,0
411483,0,0
2749071,0,0
3059030,0,0
2954096,0,0
3458058,0,0
3022791,0,0
1637862,0,0
573737,0,0
728066,0,0
1768108,0,0
81412,0,0
2909672,0,0
1182568,0,0
2935858,0,0
3398214,0,0
2975857,0,0
2955533,0,0
2733372,0,34.35783301
651740,0,0
2741499,0,0
2018052,0,0
54252,0,0
2964616,0,19.08768501
2921489,0,0
228574,0,0
3436239,0,0
931100,0,0
1863,0,0
1846278,0,0
2734134,0,0
2955562,0,0
3050350,0,0
3427847,0,0
3240497,0,0
1923706,0,0
1923698,0,0
2724121,0,0
3404059,0,0
1382803,0,0
920,0,0
194673,0,0
2995140,0,0
3042517,0,0
1357915,0,0
487568,0,0
2704652,0,0
2927224,0,0
2789208,0,0
307643,0,0
2956181,0,0
3031916,0,0
77635,0,0
3132096,0,32.44906451
70771,0,32.44906451
2978046,0,32.44906451
2734106,0,32.44906451
3388343,0,0
463024,0,0
3160749,0,0
2578107,0,0
156980,0,0
2722820,0,0
1500687,0,0
2066024,0,0
489,0,0
3435187,0,0
1987727,0,0
548914,0,0
10484,0,0
147206,0,0
1885674,0,0
2842350,0,0
1920990,0,0
67307,0,0
35780,0,0
2993314,0,0
113653,0,0
242703,0,0
2045011,0,0
2955765,0,0
2560554,0,0
2956556,0,0
2734008,0,0
2651199,0,0
3025782,0,0
2954587,0,0
232537,0,0
3060402,0,0
2501954,0,0
155925,0,0
2576923,0,0
2016373,0,0
1981173,0,0
1785161,0,0
3111774,0,0
3143537,0,0
2830997,0,0
2697563,0,0
3059080,0,0
3450454,0,0
2021,0,0
2953748,0,0
508460,0,0
2714951,0,30.54029601
3059730,0,30.54029601
3429958,0,30.54029601
2921370,0,0
3060323,0,0
3060634,0,0
3431515,0,0
3047759,0,0
3020907,0,0
2895491,0,0
2864204,0,0
686831,0,0
2782166,0,0
2873270,0,0
123320,0,0
745377,0,0
2931977,0,0
2873269,0,0
2864202,0,0
2058328,0,0
44822,0,0
3066306,0,0
2080449,0,0
1699371,0,0
1725232,0,0
2488819,0,0
1536648,0,0
121277,0,0
2955958,0,0
2955429,0,0
1173297,0,0
3427055,0,0
3428769,0,28.63152751
33074,0,0
3122489,0,0
2921710,0,0
3427970,0,0
3349632,0,0
2742613,0,0
2717697,0,0
332411,0,0
3446480,0,0
3049071,0,0
1793722,0,0
162496,0,0
43667,0,0
2782567,0,0
3064288,0,0
292462,0,0
2014528,0,0
1683,0,0
2872158,0,0
1853690,0,0
1453760,0,0
2675785,0,0
3394854,0,0
79604,0,0
184117,0,0
754058,0,0
2956698,0,0
3428200,0,0
3433814,0,0
224402,0,0
2576932,0,0
3141322,0,0
3028807,0,0
3075650,0,0
1186051,0,0
88916,0,0
2975748,0,0
68179,0,0
3077933,0,0
387341,0,0
3104265,0,0
2745494,0,0
2764185,0,0
1981031,0,0
1401995,0,0
85336,0,0
2894192,0,0
398694,0,0
3061629,0,0
3068310,0,0
2079535,0,0
2714935,0,0
2955711,0,0
2956060,0,0
53988,0,0
3240578,0,0
2842354,0,0
385025,0,0
3240788,0,0
2719989,0,0
3133281,0,0
228745,0,0
2733907,0,0
3059705,0,0
2955583,0,0
2734235,0,0
3043284,0,26.72275901
3161136,0,0
3418175,0,0
44750,0,0
3111776,0,0
223182,0,0
137545,0,0
3071081,0,0
3240095,0,0
258224,0,0
2830990,0,0
3400219,0,0
2423,0,0
2016361,0,0
2845137,0,0
2955986,0,0
2843993,0,0
3050251,0,0
1931371,0,0
1497848,0,0
1922892,0,0
362830,0,0
3003620,0,0
1819736,0,0
3073452,0,0
76860,0,0
2800128,0,0
2903811,0,0
708131,0,0
1332188,0,0
3047716,0,0
1053551,0,0
574987,0,0
3447363,0,0
3374104,0,0
670052,0,0
521392,0,0
2909229,0,0
3457577,0,0
712538,0,0
37636,0,0
2963434,0,0
2961574,0,0
90426,0,24.81399051
2845858,0,24.81399051
2955208,0,0
131081,0,0
65123,0,0
2956014,0,0
2841283,0,0
2956210,0,0
3048436,0,0
3047858,0,0
3234143,0,0
3455201,0,0
42862,0,0
355249,0,0
2955687,0,0
1147042,0,0
1649877,0,0
2993566,0,0
57664,0,0
2982524,0,0
2961595,0,0
2870840,0,0
2939415,0,0
2109687,0,0
42838,0,0
186171,0,0
160233,0,0
1980955,0,0
1663208,0,0
572290,0,0
2560706,0,22.90522201
1923378,0,22.90522201
3078442,0,22.90522201
1391455,0,22.90522201
3138237,0,0
721785,0,0
655307,0,0
2734126,0,0
2956343,0,0
3048221,0,0
267,0,0
38307,0,0
2745514,0,0
462710,0,0
2175666,0,0
358099,0,0
1960083,0,0
2951804,0,0
2675789,0,0
3131929,0,0
2953971,0,0
2975345,0,0
1548602,0,0
2983212,0,0
3448583,0,0
2956144,0,0
2955232,0,0
2955762,0,0
3060748,0,0
2126929,0,0
1923634,0,0
484,0,0
2853258,0,0
1231000,0,0
2709392,0,0
634157,0,0
2747817,0,0
2734052,0,20.99645351
2755398,0,0
3414707,0,0
3228746,0,0
3081770,0,0
3438964,0,0
3421173,0,0
3366812,0,0
2955726,0,0
2845178,0,0
1813599,0,0
933845,0,0
2565304,0,0
53410,0,0
2005046,0,0
3066143,0,0
2081049,0,0
2698900,0,0
2749050,0,0
3059035,0,0
680118,0,0
2956266,0,0
3060051,0,0
2845079,0,0
3050246,0,0
3050331,0,0
3241176,0,0
3051417,0,0
3133271,0,0
936337,0,0
1259258,0,0
2487344,0,0
152794,0,0
1851395,0,0
28049,0,0
2527867,0,0
869892,0,0
49899,0,0
1008460,0,19.08768501
2734371,0,19.08768501
768528,0,0
29433,0,0
2825975,0,0
265883,0,0
2039,0,0
2155,0,0
2560679,0,0
3427928,0,0
185588,0,0
2973088,0,0
556053,0,0
2859226,0,0
2057798,0,0
1111069,0,0
88190,0,0
35745,0,0
2876190,0,0
2875961,0,0
33994,0,0
742013,0,0
1721,0,0
2173174,0,0
3016096,0,0
311400,0,0
3427844,0,0
2733635,0,0
3068353,0,0
1980946,0,0
307466,0,0
342409,0,0
2170255,0,0
2730425,0,0
2986281,0,0
2079791,0,0
3447965,0,0
33905,0,0
2734634,0,0
2682776,0,0
2026885,0,0
1457250,0,0
3144666,0,0
647,0,0
931101,0,0
287948,0,0
2983213,0,0
78259,0,0
3031114,0,0
2956048,0,0
3060305,0,0
3430497,0,0
3060653,0,0
1655646,0,0
399742,0,0
2817414,0,0
2605424,0,0
83557,0,0
2921382,0,0
2025492,0,0
2594494,0,0
2890314,0,0
1671,0,0
3022127,0,0
108007,0,0
2269,0,0
2734145,0,0
3431480,0,0
3052670,0,0
3052684,0,0
1922860,0,0
1923643,0,0
3427966,0,0
3048408,0,0
278132,0,0
2737173,0,0
271,0,0
1602166,0,0
136094,0,0
3402017,0,0
3062275,0,0
43674,0,0
1816183,0,0
2560496,0,0
1985693,0,0
1980429,0,0
3047697,0,0
3047704,0,0
3047352,0,0
3047953,0,0
3052219,0,0
3342641,0,0
3017361,0,0
2495645,0,0
3079930,0,0
2763056,0,0
2836432,0,0
1873524,0,0
1982371,0,0
1821960,0,0
3416667,0,0
3398207,0,0
3399689,0,0
2709410,0,0
2023260,0,0
69525,0,0
2955511,0,0
2846180,0,0
2846435,0,0
3050140,0,0
3427923,0,0
1917232,0,0
3426550,0,0
3418654,0,0
3051421,0,0
3388489,0,0
3016341,0,0
2745503,0,0
716,0,0
713030,0,0
1436085,0,0
3059852,0,0
2733994,0,0
2560455,0,0
2843770,0,0
1406788,0,0
2845523,0,0
2734390,0,0
3060785,0,0
3048195,0,0
2955431,0,0
3426832,0,0
54254,0,0
1987150,0,0
3432133,0,0
3048435,0,0
1914861,0,0
3461145,0,0
2895490,0,0
96495,0,0
2686014,0,0
1614,0,0
1852379,0,0
299422,0,0
2734102,0,0
2955907,0,0
3433337,0,0
3050281,0,0
3431616,0,0
2116599,0,0
1100043,0,0
181487,0,0
3158571,0,0
1258,0,0
3059703,0,0
2844144,0,0
3060803,0,0
3060630,0,0
880161,0,0
3052448,0,0
3052587,0,0
2654238,0,0
2867409,0,0
2769067,0,0
1985716,0,0
2846183,0,0
2845410,0,0
3052596,0,0
1027468,0,0
1965238,0,0
3418653,0,0
3047831,0,0
3052207,0,0
1603038,0,0
2871493,0,0
2805427,0,0
2560423,0,0
3060027,0,0
3048333,0,0
3432138,0,0
3250174,0,0
219584,0,0
1503293,0,0
2843810,0,0
1746064,0,0
346881,0,0
3399680,0,0
104955,0,0
2572088,0,0
3429984,0,0
2846159,0,0
3052549,0,0
2956521,0,0
3240513,0,0
3427221,0,0
3431239,0,0
40050,0,0
3051418,0,0
2955240,0,0
1959845,0,0
3345112,0,0
2968831,0,0
2051,0,0
3127115,0,0
1980959,0,0
2560434,0,0
1357714,0,0
148943,0,0
3050268,0,0
2845680,0,0
1923622,0,0
3048237,0,0
3060633,0,0
2049444,0,0