,072023_Carolina_2023_Baya_053_MCAV_S3,072023_Carolina_2023_Baya_055_MCAV_S4,122021_Coralina_2021_Baya_003_MCAV_S27,122021_Coralina_2021_Baya_005_MCAV_S28,122021_Coralina_2021_Baya_007_MCAV_S29,122021_Coralina_2021_Baya_017_MCAV_S30,122021_Coralina_2021_Baya_023_MCAV_S31
2057741,319.2177485,148.5717185,11577.23991,7348.37286,6405.415961,11993.32991,6941.298729
5722,4830.268563,2648.925029,6710.982475,5334.533068,4556.698347,6509.748589,4822.936929
562,6233.146563,6877.783455,6551.954454,16667.73786,9764.3536,14687.01898,10605.13203
588596,9593.333389,5576.874993,13326.54814,10176.3181,11257.21477,14751.15444,11511.09808
573,5023.479305,7305.380108,10813.90541,14054.03089,3818.947186,10614.41765,6501.638733
1747,226.8126108,137.7006171,15584.74603,1178.310517,1067.569327,1314.776809,1398.91817
28901,3368.587293,2960.563268,4802.646226,3727.745999,3619.320401,10838.89174,2597.990887
1396,3965.020455,3167.114194,7283.48335,5120.294792,3818.947186,8690.354028,4223.40057
470,2805.756,2214.080975,5025.285455,5248.837757,5146.899275,5483.581324,3370.726638
1280,3444.191497,2373.523795,5375.147101,5870.128757,4192.162479,8016.93176,3797.063604
492670,7115.195605,4011.436399,7283.48335,10733.33762,7160.525973,5355.310416,6088.624797
1428,2394.133114,1478.469784,3466.810852,3770.593654,3957.817992,4136.736788,3104.266034
2004662,352.8196168,206.5509257,1145.001749,1349.701138,225.665061,0,226.4915132
287,2217.723305,1583.557097,7728.761808,5655.890481,1041.531051,8016.93176,959.2581737
3066369,92.40513773,4939.103714,0,0,112.8325305,0,133.2303019
1173583,352.8196168,159.4428198,0,257.085931,156.2296576,416.8804515,239.8145434
1502,4267.43727,2482.234809,3435.005248,3856.288965,2725.339583,4713.955875,3597.218151
647221,361.2200838,199.3035248,1017.779333,407.052724,0,833.760903,279.783634
9,2923.362539,1714.010313,3371.39404,2870.792896,2890.248666,3751.924064,2518.052706
1325120,0,134.0769167,4293.75656,1049.767551,546.8038016,1795.792714,559.567268
158836,2091.716299,2340.910491,5184.313476,6362.876792,2187.215206,3655.720883,1758.639985
1351,2864.559269,1971.293045,4166.534143,3363.54093,1458.143471,4200.872242,3650.510272
5811,7300.00588,3330.180714,10877.51662,4370.460827,4131.406501,1603.386352,4383.276933
1491,2419.334515,1532.825291,2798.893165,2056.687448,2395.521416,3527.449974,2851.128461
208375,0,0,2671.670748,1413.97262,564.1626524,2308.876347,786.0587812
1936156,680.4378323,721.1163896,540.6952705,1435.396448,859.2631168,1250.641355,639.5054491
1219,1486.882671,862.4407072,2449.031519,2249.501896,2048.3444,2308.876347,1825.255136
1405,3175.376551,1565.438595,3307.782831,3920.560447,2039.664974,2148.537712,2131.68483
1795815,1150.863988,1079.862734,3085.143602,4413.308482,1727.205659,3719.856337,2504.729676
1404,2083.315832,1380.629872,1940.141853,2056.687448,2117.779803,2308.876347,3024.327853
1929291,336.0186826,663.1371824,0,642.7148274,225.665061,0,226.4915132
27350,2469.737317,1315.403264,3307.782831,2206.654241,1874.755891,3367.111339,2384.822404
192812,4393.444276,3359.170318,0,0,0,0,0
450367,940.8523114,496.4469617,1876.530645,1114.039034,364.5358677,1058.234992,386.3678755
1406,2990.566275,1558.191194,1431.252187,3342.117103,1050.210476,2405.079528,1092.488476
1282,814.8453054,413.1018513,2449.031519,1028.343724,668.3157575,1795.792714,759.4127208
44689,2553.741988,1431.361678,3435.005248,2335.197206,2187.215206,3302.975885,2491.406646
3344828,0,0,2035.558665,835.5292757,477.3683982,929.9640841,373.0448453
5825,1293.671928,637.7712793,2957.921186,1392.548793,1189.081283,1218.573628,1385.59514
1653831,1671.692946,1050.873131,2003.753061,2485.163999,1640.411405,1795.792714,1505.502411
587,2066.514898,1967.669345,3116.949206,4756.089723,2525.712798,4553.61724,1279.010898
1496,1713.695281,659.513482,2480.837124,921.224586,1137.00473,2148.537712,2011.777559
3021011,0,45060.7151,0,0,0,0,0
5827,1663.292479,804.4615,4357.367768,2035.26362,2352.124289,3302.975885,1771.963015
546,1058.45885,982.0228221,0,1992.415965,564.1626524,0,1518.825442
40559,1318.873329,739.2348919,3435.005248,1349.701138,2074.382676,2148.537712,1705.347864
208348,2688.149461,1319.026964,3657.644477,2785.097586,1631.731979,2950.230888,2704.575129
5821,3418.990096,1688.64441,4420.978976,3492.083896,2369.48314,3527.449974,2597.990887
85471,1780.899018,786.3429977,2449.031519,1328.27731,1284.554962,1378.912263,1745.316955
587753,268.8149461,246.4116306,0,942.6484136,1110.966454,0,0
210,1730.496216,982.0228221,2226.39229,2292.349551,1423.425769,2020.266803,1052.519385
303,302.4168144,587.039473,0,1799.601517,1041.531051,1924.063622,1092.488476
28198,630.0350299,1891.571635,795.1401037,664.138655,512.0860999,962.0318112,452.9830265
3140245,478.8266228,384.1122477,1876.530645,856.9531032,486.0478236,1346.844536,413.0139359
3140244,294.0163473,0,1908.336249,449.9003792,303.7798898,673.4222678,346.3987849
3425945,1814.500886,3004.047673,0,0,0,0,0
3410088,0,0,1908.336249,599.8671723,243.0239118,673.4222678,506.2751472
1583098,2604.14479,1348.016568,3880.283706,2570.85931,9859.827279,3399.179066,10471.90173
1358,772.8429701,539.9313671,1526.668999,792.6816205,798.5071388,1154.438173,0
358,940.8523114,992.8939234,0,1778.177689,598.8803541,0,586.2133284
29448,0,199.3035248,2671.670748,0,676.9951829,0,0
41,285.6158802,0,922.3625203,942.6484136,468.6889728,2148.537712,146.5533321
1267423,134.4074731,159.4428198,349.8616456,214.2382758,130.1913813,0,173.1993925
1520,1083.660252,779.0955968,890.5569161,1199.734345,1397.387493,2469.214982,1292.333928
68213,0,0,0,0,0,0,0
2562892,562.8312934,405.8544504,1749.308228,1071.191379,1631.731979,994.0995382,2264.915132
5860,1755.697617,1112.476038,2957.921186,1671.058551,2109.100378,1827.860441,2864.451491
1404443,0,0,1113.196145,492.7480344,295.1004643,769.6254489,0
1352,890.449509,1145.089342,2321.809103,1863.873,1154.363581,2340.944074,1305.656959
5861,1386.077066,884.1829099,922.3625203,1478.244103,1024.1722,1250.641355,1025.873325
2761107,243.6135449,112.334714,0,449.9003792,512.0860999,352.7449974,1332.303019
1492,1125.662587,982.0228221,2417.225915,1413.97262,659.6363321,2244.740893,1798.609076
1117645,1276.870994,786.3429977,1653.891416,1499.667931,1015.492774,1507.183171,1239.041808
2058762,798.0443713,847.9459054,954.1681244,1221.158172,893.9808185,801.693176,1185.749687
288000,0,61.60290766,1844.725041,321.3574137,164.909083,929.9640841,159.8763623
911045,0,137.7006171,0,0,0,0,0
1071379,1612.889677,858.8170068,1971.947457,1499.667931,1475.502322,1763.724987,1598.763623
1442551,453.6252216,423.9729527,0,1585.363241,1241.157835,833.760903,0
40324,991.2551138,630.5238784,1049.584937,2163.806586,546.8038016,2180.605439,919.2890831
28031,949.2527785,601.5342748,2035.558665,1842.449172,1232.47841,2148.537712,932.6121133
1325100,0,50.73180631,1526.668999,257.085931,303.7798898,384.8127245,0
145971,1932.107425,880.5592095,2258.197894,1713.906206,1015.492774,2052.334531,1518.825442
238834,865.2481078,771.8481959,1176.807353,1371.124965,1640.411405,1443.047717,972.5812039
1296,949.2527785,674.0082838,985.9737286,1156.886689,789.8277134,1314.776809,826.0278718
197,2494.938719,1358.887669,2798.893165,1885.296827,2004.947272,0,1345.626049
48296,873.6485749,405.8544504,954.1681244,1006.919896,1006.813349,897.8963571,519.5981774
585,1444.880335,1076.239034,1399.446582,2099.535103,902.6602439,2565.418163,692.7975699
94643,3024.168144,1416.866876,4420.978976,1671.058551,946.057371,833.760903,1265.687868
907046,0,90.59251126,954.1681244,0,642.2774812,0,319.7527246
2306583,2637.746659,1529.20159,4802.646226,3085.031172,1267.196112,6189.071319,6315.11631
28197,1344.074731,2750.388642,2767.087561,2163.806586,1518.899449,3495.382247,1718.670895
316,470.4261557,413.1018513,445.2784581,1521.091758,633.5980558,962.0318112,426.3369661
27289,1260.07006,731.987491,1844.725041,1156.886689,1336.631515,1667.521806,1638.732713
83637,0,0,1081.390541,321.3574137,182.2679339,513.0836326,239.8145434
1660078,151.2084072,115.9584144,349.8616456,0,312.4593152,352.7449974,266.4606038
1505,940.8523114,565.2972703,1367.640978,1049.767551,1215.119559,1539.250898,1025.873325
5850,470.4261557,177.5613221,508.8896664,385.6288965,286.4210389,737.5577219,599.5363585
28116,361.2200838,300.7671374,0,792.6816205,616.239205,1507.183171,479.6290868
5507,890.449509,539.9313671,1208.612958,985.4960687,746.4305863,2180.605439,1079.165445
1314,218.4121437,318.8856396,0,0,355.8564423,994.0995382,386.3678755
986,1100.461186,804.4615,1335.835374,1649.634724,1371.349217,1218.573628,652.8284793
1624,697.2387665,420.3492522,1367.640978,942.6484136,477.3683982,897.8963571,492.952117
5476,856.8476407,518.1891644,1272.224166,1371.124965,1128.325305,1924.063622,999.2272642
35128,554.4308264,337.0041419,604.3064788,1478.244103,807.1865642,737.5577219,626.1824189
2653203,1974.109761,1855.334631,0,0,0,0,0
1397703,100.8056048,86.96881081,0,235.6621034,364.5358677,577.2190867,386.3678755
28108,747.6415689,3101.887586,540.6952705,899.8007584,225.665061,1218.573628,466.3060566
5141,1990.910695,862.4407072,2162.781082,1821.025344,1084.928178,1763.724987,1785.286045
40214,604.8336287,355.1226441,985.9737286,835.5292757,598.8803541,1090.302719,626.1824189
2704140,100.8056048,97.83991216,0,0,130.1913813,0,146.5533321
1307,520.8289581,329.756741,1367.640978,514.1718619,876.6219676,2533.350436,1372.27211
253,470.4261557,427.5966532,1335.835374,985.4960687,1084.928178,1891.995895,1079.165445
1587,991.2551138,387.7359482,604.3064788,1628.210896,1362.669791,1218.573628,1851.901196
1639,445.2247545,431.2203536,699.7232912,749.8339653,885.301393,1122.370446,1518.825442
5858,2226.123772,905.9251126,0,3363.54093,937.3779456,0,746.0896906
1197460,0,0,1176.807353,0,0,0,359.7218151
4779,991.2551138,543.5550676,1240.418562,1306.853482,824.5454151,1635.454079,1025.873325
644,1982.510228,1858.958331,2226.39229,3577.779206,2482.315671,3110.569523,1239.041808
384,1167.664922,866.0644077,1590.280207,1756.753862,1006.813349,1956.131349,706.1206001
42374,1243.269126,771.8481959,954.1681244,1863.873,1709.846808,1314.776809,1918.516347
208452,1066.859317,626.9001779,1590.280207,1328.27731,1327.95209,1956.131349,2105.03877
69781,520.8289581,344.2515428,0,664.138655,251.7033372,673.4222678,479.6290868
1931238,898.8499761,2728.646439,0,985.4960687,104.1531051,0,293.1066642
1423,0,242.7879302,0,0,616.239205,0,732.7666604
1775881,2520.14012,2565.579919,0,0,0,0,0
1590,974.4541797,561.6735698,1431.252187,1242.582,980.7750727,1378.912263,959.2581737
615,579.6322276,489.1995608,0,1092.615207,1032.851625,1378.912263,892.6430227
34073,562.8312934,423.9729527,890.5569161,1585.363241,564.1626524,0,479.6290868
5854,1512.084072,760.9770946,1081.390541,1435.396448,1180.401857,2052.334531,466.3060566
446,1478.482204,873.3118086,2035.558665,1842.449172,1215.119559,2276.80862,1425.56423
913109,0,1532.825291,0,0,0,0,159.8763623
1159556,1260.07006,739.2348919,795.1401037,1456.820276,590.2009287,897.8963571,732.7666604
5127,1486.882671,851.5696059,2449.031519,1456.820276,972.0956473,2212.673166,1825.255136
1501,1159.264455,728.3637905,1463.057791,1221.158172,1805.320488,1827.860441,2731.221189
5855,982.8546467,420.3492522,1971.947457,814.1054481,1735.885084,1507.183171,1132.457566
64104,1100.461186,597.9105743,1176.807353,1071.191379,867.9425422,1282.709082,812.7048416
34085,1024.856982,677.6319842,1208.612958,1563.939413,1284.554962,1603.386352,1225.718777
36914,999.6555809,645.0186802,2480.837124,1135.462862,703.0334592,1154.438173,639.5054491
738,226.8126108,159.4428198,0,364.2050689,0,0,0
1303,403.2224192,199.3035248,0,0,295.1004643,0,253.1375736
680,722.4401677,742.8585923,1558.474603,835.5292757,607.5597795,962.0318112,852.6739322
4896,1092.060719,507.3180631,1590.280207,921.224586,529.4449507,962.0318112,639.5054491
2268451,0,54.35550676,0,0,182.2679339,833.760903,0
2748629,0,0,1272.224166,385.6288965,216.9856356,448.9481786,239.8145434
158,949.2527785,539.9313671,1304.02977,1178.310517,885.301393,1924.063622,666.1515095
1126,445.2247545,311.6382387,731.5288954,1285.429655,607.5597795,1378.912263,932.6121133
3003349,512.428491,8816.463196,0,0,0,0,0
2704654,193.2107425,144.948018,0,364.2050689,0,0,173.1993925
663,0,438.4677545,0,0,381.8947186,1122.370446,826.0278718
3139728,0,0,1717.502624,0,0,0,0
121627,714.0397006,413.1018513,922.3625203,685.5624826,251.7033372,929.9640841,373.0448453
1578925,1142.463521,645.0186802,1590.280207,1049.767551,546.8038016,1122.370446,786.0587812
1069201,596.4331617,369.6174459,858.751312,514.1718619,555.483227,1859.928168,413.0139359
45286,646.8359641,333.3804414,922.3625203,835.5292757,1189.081283,1346.844536,1065.842415
36845,428.4238204,246.4116306,795.1401037,557.0195171,312.4593152,1891.995895,506.2751472
670,546.0303593,847.9459054,699.7232912,599.8671723,685.6746083,737.5577219,706.1206001
1922217,1251.669593,855.1933063,2067.36427,1328.27731,1032.851625,2501.282709,1172.426657
148305,1318.873329,597.9105743,1208.612958,1156.886689,720.39231,737.5577219,1212.395747
263511,462.0256886,188.4324234,445.2784581,1199.734345,112.8325305,1026.167265,386.3678755
1303590,0,0,0,0,0,0,0
1898042,0,119.5821149,0,0,0,0,0
36050,840.0467066,521.8128649,2353.614707,728.4101378,512.0860999,545.1513597,1505.502411
5454,806.4448383,409.4781509,1081.390541,899.8007584,928.6985202,1539.250898,865.9969623
5147,831.6462395,431.2203536,1717.502624,878.3769308,694.3540338,1218.573628,1545.471502
76857,411.6228862,271.7775338,0,685.5624826,216.9856356,448.9481786,0
280754,428.4238204,297.1434369,477.0840622,492.7480344,694.3540338,962.0318112,559.567268
459526,865.2481078,518.1891644,1272.224166,964.0722411,841.9042659,2052.334531,826.0278718
1404429,0,0,1367.640978,0,0,0,0
83641,0,43.48440541,604.3064788,0,156.2296576,352.7449974,146.5533321
2916754,478.8266228,413.1018513,985.9737286,706.9863102,503.4066745,609.2868138,359.7218151
29388,420.0233533,329.756741,1908.336249,0,460.0095474,0,466.3060566
5833,865.2481078,496.4469617,1367.640978,1114.039034,1154.363581,1282.709082,1265.687868
669,0,521.8128649,0,1006.919896,572.8420779,929.9640841,546.2442378
1892,411.6228862,376.8648468,0,1821.025344,850.5836914,3078.501796,426.3369661
196024,176.4098084,152.1954189,667.9176871,0,286.4210389,0,146.5533321
2321133,126.007006,10827.61695,0,299.9335861,277.7416135,0,0
2099387,554.4308264,405.8544504,1049.584937,1049.767551,607.5597795,609.2868138,932.6121133
317,504.028024,391.3596486,0,985.4960687,251.7033372,1827.860441,599.5363585
880535,554.4308264,289.896036,1431.252187,449.9003792,1241.157835,962.0318112,1505.502411
5691,789.6439042,460.2099572,1717.502624,835.5292757,1258.516686,737.5577219,1065.842415
1503041,0,0,0,0,0,0,0
1355477,0,1065.367932,0,0,0,0,0
1462615,243.6135449,6634.995525,604.3064788,407.052724,433.9712711,929.9640841,386.3678755
550,218.4121437,268.1538333,0,0,182.2679339,0,253.1375736
2743,0,8667.891477,0,0,0,0,0
5807,915.6509102,478.3284595,1240.418562,899.8007584,598.8803541,929.9640841,746.0896906
5824,781.2434371,793.5903986,0,0,1840.038189,3078.501796,1572.117562
101201,1201.26679,597.9105743,1399.446582,1242.582,486.0478236,737.5577219,826.0278718
463800,1083.660252,626.9001779,1145.001749,1135.462862,763.7894371,1026.167265,732.7666604
996,898.8499761,637.7712793,1940.141853,1499.667931,581.5215033,1443.047717,199.8454528
2721244,0,315.2619392,0,0,3341.578787,0,1505.502411
107401,294.0163473,373.2411464,540.6952705,449.9003792,390.574144,577.2190867,466.3060566
1290,336.0186826,159.4428198,1049.584937,364.2050689,355.8564423,962.0318112,466.3060566
2697010,403.2224192,358.7463446,922.3625203,685.5624826,1484.181747,1154.438173,666.1515095
500148,840.0467066,445.7151554,699.7232912,642.7148274,928.6985202,994.0995382,1279.010898
817,579.6322276,416.7255518,1081.390541,599.8671723,503.4066745,0,572.8902982
36745,554.4308264,297.1434369,604.3064788,449.9003792,781.148288,865.8286301,532.9212076
4952,0,68.85030856,0,0,234.3444864,737.5577219,0
4975,772.8429701,362.370045,1685.69702,856.9531032,642.2774812,1282.709082,399.6909057
584,294.0163473,358.7463446,445.2784581,449.9003792,277.7416135,513.0836326,266.4606038
367791,0,177.5613221,858.751312,0,703.0334592,1026.167265,399.6909057
28132,882.0490419,463.8336577,826.9457078,728.4101378,399.2535694,929.9640841,386.3678755
36839,638.435497,460.2099572,890.5569161,749.8339653,850.5836914,865.8286301,865.9969623
2066072,0,1000.141324,0,0,0,0,0
181124,470.4261557,282.6486351,508.8896664,471.3242068,1232.47841,1154.438173,719.4436303
165179,428.4238204,235.5405293,890.5569161,471.3242068,763.7894371,1378.912263,786.0587812
132608,100.8056048,90.59251126,0,257.085931,147.5502322,448.9481786,266.4606038
188913,285.6158802,289.896036,667.9176871,449.9003792,390.574144,833.760903,239.8145434
38293,865.2481078,782.7192973,1272.224166,1285.429655,1102.287029,1218.573628,1012.550294
101028,436.8242874,362.370045,795.1401037,385.6288965,824.5454151,1282.709082,1412.2412
3240067,2452.936383,1565.438595,2767.087561,5441.652206,0,0,4636.414506
181762,411.6228862,173.9376216,763.3344995,771.2577929,173.5885084,513.0836326,293.1066642
2034170,1066.859317,500.0706622,985.9737286,878.3769308,1145.684156,1763.724987,1532.148472
34406,403.2224192,300.7671374,1113.196145,599.8671723,225.665061,545.1513597,319.7527246
43675,92.40513773,65.22660811,1208.612958,407.052724,0,448.9481786,359.7218151
43658,285.6158802,286.2723356,1049.584937,449.9003792,95.47367964,1090.302719,0
1206,672.0373653,398.6070495,858.751312,792.6816205,737.7511609,705.4899949,652.8284793
195108,504.028024,192.0561239,1017.779333,321.3574137,364.5358677,609.2868138,772.735751
42260,882.0490419,387.7359482,985.9737286,621.2909999,807.1865642,962.0318112,706.1206001
2764711,1159.264455,460.2099572,2576.253936,1242.582,920.0190947,1218.573628,1585.440593
76859,1066.859317,605.1579752,699.7232912,1199.734345,1189.081283,1058.234992,1025.873325
3133280,319.2177485,148.5717185,0,0,0,0,0
796027,504.028024,297.1434369,763.3344995,364.2050689,503.4066745,609.2868138,479.6290868
453459,630.0350299,413.1018513,699.7232912,728.4101378,1518.899449,1378.912263,452.9830265
63577,579.6322276,300.7671374,0,385.6288965,781.148288,769.6254489,1025.873325
715475,92.40513773,0,0,0,928.6985202,0,0
1220207,991.2551138,438.4677545,858.751312,685.5624826,668.3157575,994.0995382,839.350902
1598,386.421485,253.6590315,540.6952705,449.9003792,789.8277134,1026.167265,1212.395747
1437360,453.6252216,268.1538333,922.3625203,407.052724,1110.966454,962.0318112,3224.173306
1421,420.0233533,297.1434369,0,0,546.8038016,801.693176,732.7666604
346,814.8453054,641.3949797,0,2056.687448,451.3301219,0,0
318829,588.0326946,344.2515428,731.5288954,428.4765516,980.7750727,705.4899949,945.9351435
851,403.2224192,271.7775338,508.8896664,621.2909999,711.7128846,1058.234992,799.3818114
45151,898.8499761,485.5758604,699.7232912,792.6816205,520.7655253,1090.302719,586.2133284
48095,772.8429701,293.5197365,1176.807353,535.5956895,529.4449507,737.5577219,692.7975699
1160,747.6415689,449.3388559,1526.668999,1264.005827,399.2535694,1026.167265,865.9969623
1006,714.0397006,587.039473,1176.807353,921.224586,963.4162218,1218.573628,1105.811506
244734,0,105.0873131,0,878.3769308,243.0239118,0,0
1419277,0,0,699.7232912,0,112.8325305,0,0
199306,453.6252216,257.282732,667.9176871,471.3242068,538.1243762,673.4222678,333.0757547
959,957.6532455,514.565464,1431.252187,921.224586,954.7367964,1314.776809,905.9660529
696485,562.8312934,659.513482,0,2099.535103,546.8038016,0,399.6909057
3101277,176.4098084,148.5717185,0,985.4960687,425.2918457,545.1513597,173.1993925
779,0,61.60290766,0,0,486.0478236,352.7449974,652.8284793
36035,890.449509,427.5966532,1081.390541,985.4960687,607.5597795,897.8963571,719.4436303
113608,831.6462395,547.178768,1176.807353,921.224586,876.6219676,1250.641355,639.5054491
2745196,2646.147126,1434.985378,0,8762.345481,0,0,0
1328300,428.4238204,166.6902207,0,321.3574137,607.5597795,769.6254489,972.5812039
2663009,428.4238204,199.3035248,318.0560415,364.2050689,442.6506965,577.2190867,572.8902982
1573823,504.028024,289.896036,604.3064788,835.5292757,407.9329948,737.5577219,386.3678755
314275,0,148.5717185,0,0,0,0,0
666563,772.8429701,1391.500973,0,278.5097586,407.9329948,0,532.9212076
28450,529.2294252,308.0145383,2067.36427,1049.767551,2681.942455,2052.334531,426.3369661
33038,722.4401677,485.5758604,1017.779333,1028.343724,1076.248752,1378.912263,999.2272642
4924,924.0513773,452.9625563,1145.001749,814.1054481,720.39231,705.4899949,746.0896906
79883,646.8359641,380.4885473,1017.779333,664.138655,772.4688626,1250.641355,839.350902
28985,873.6485749,445.7151554,1240.418562,942.6484136,564.1626524,1314.776809,1625.409683
2583452,294.0163473,217.422027,413.4728539,0,147.5502322,609.2868138,213.168483
324769,336.0186826,217.422027,413.4728539,342.7812413,260.3827627,320.6772704,413.0139359
2748319,470.4261557,365.9937455,795.1401037,578.4433447,607.5597795,0,586.2133284
1904463,411.6228862,4344.81684,540.6952705,578.4433447,451.3301219,1026.167265,213.168483
1288,1276.870994,500.0706622,1399.446582,1499.667931,399.2535694,801.693176,879.3199925
273371,772.8429701,460.2099572,699.7232912,1092.615207,876.6219676,865.8286301,999.2272642
78579,705.6392335,311.6382387,890.5569161,749.8339653,486.0478236,641.3545408,652.8284793
1784714,0,101.4636126,0,0,0,0,0
197653,0,0,0,0,512.0860999,0,0
293387,386.421485,275.4012342,0,599.8671723,364.5358677,897.8963571,293.1066642
582,268.8149461,199.3035248,572.5008747,278.5097586,494.7272491,1026.167265,599.5363585
1004,327.6182156,202.9272252,0,364.2050689,0,577.2190867,0
37727,420.0233533,224.6694279,890.5569161,557.0195171,225.665061,448.9481786,359.7218151
1714849,1058.45885,1250.176655,540.6952705,1199.734345,503.4066745,352.7449974,612.8593887
136468,0,90.59251126,0,0,0,0,0
1283,336.0186826,275.4012342,1081.390541,492.7480344,503.4066745,833.760903,373.0448453
1460447,974.4541797,728.3637905,1113.196145,1049.767551,468.6889728,994.0995382,626.1824189
2546360,336.0186826,54.35550676,0,942.6484136,494.7272491,1154.438173,426.3369661
818,663.6368982,474.704759,1272.224166,1092.615207,572.8420779,737.5577219,759.4127208
729,268.8149461,228.2931284,699.7232912,364.2050689,225.665061,0,279.783634
1478,562.8312934,275.4012342,1304.02977,578.4433447,676.9951829,865.8286301,652.8284793
258,907.2504431,793.5903986,667.9176871,1628.210896,659.6363321,929.9640841,892.6430227
1080349,831.6462395,373.2411464,858.751312,985.4960687,581.5215033,705.4899949,746.0896906
630,142.8079401,170.3139212,954.1681244,0,1293.234388,897.8963571,639.5054491
456999,352.8196168,184.808723,572.5008747,0,173.5885084,737.5577219,279.783634
1775926,352.8196168,184.808723,0,235.6621034,468.6889728,384.8127245,359.7218151
1685958,0,0,413.4728539,0,0,0,253.1375736
155978,294.0163473,304.3908378,349.8616456,557.0195171,251.7033372,609.2868138,239.8145434
83655,378.021018,431.2203536,795.1401037,985.4960687,867.9425422,1250.641355,1132.457566
40410,403.2224192,228.2931284,1049.584937,471.3242068,190.9473593,0,479.6290868
76335,646.8359641,583.4157725,0,1349.701138,789.8277134,994.0995382,572.8902982
548,243.6135449,123.2058153,0,257.085931,156.2296576,448.9481786,199.8454528
172371,512.428491,822.5800022,0,0,0,0,0
324770,1024.856982,467.4573581,1367.640978,856.9531032,147.5502322,1250.641355,186.5224227
1517,504.028024,394.9833491,890.5569161,1071.191379,1293.234388,1314.776809,1065.842415
2060973,982.8546467,478.3284595,731.5288954,814.1054481,451.3301219,1122.370446,879.3199925
1588,0,47.10810586,0,0,0,0,0
333140,0,166.6902207,0,0,0,0,0
1507512,142.8079401,231.9168288,318.0560415,0,164.909083,0,0
2778902,1058.45885,373.2411464,3466.810852,1799.601517,277.7416135,4361.210877,452.9830265
246432,0,170.3139212,0,0,156.2296576,0,532.9212076
1335,1159.264455,692.126786,2130.975478,1328.27731,546.8038016,1956.131349,999.2272642
3239899,529.2294252,221.0457275,413.4728539,856.9531032,0,513.0836326,9552.612646
2845819,1159.264455,681.2556847,1590.280207,2078.111275,546.8038016,1314.776809,346.3987849
5868,1545.68594,739.2348919,1908.336249,535.5956895,859.2631168,545.1513597,452.9830265
4909,823.2457725,427.5966532,667.9176871,642.7148274,208.3062101,801.693176,586.2133284
1392,0,0,0,0,0,0,0
727,512.428491,394.9833491,890.5569161,642.7148274,529.4449507,1058.234992,306.4296944
1714848,495.6275569,510.9417635,1208.612958,407.052724,442.6506965,0,373.0448453
1076,445.2247545,478.3284595,349.8616456,642.7148274,407.9329948,320.6772704,199.8454528
52584,420.0233533,242.7879302,2258.197894,385.6288965,512.0860999,1218.573628,346.3987849
29176,512.428491,297.1434369,890.5569161,685.5624826,364.5358677,1154.438173,266.4606038
104268,579.6322276,329.756741,667.9176871,514.1718619,416.6124203,0,479.6290868
756892,462.0256886,452.9625563,858.751312,1285.429655,590.2009287,705.4899949,945.9351435
930124,520.8289581,333.3804414,1145.001749,964.0722411,911.3396693,1250.641355,1318.979989
5665,310.8172814,137.7006171,1049.584937,257.085931,147.5502322,769.6254489,253.1375736
1561,403.2224192,326.1330405,604.3064788,471.3242068,416.6124203,673.4222678,293.1066642
1912,0,0,0,0,0,0,0
169679,168.0093413,170.3139212,0,214.2382758,364.5358677,0,0
36651,495.6275569,337.0041419,636.1120829,664.138655,303.7798898,513.0836326,572.8902982
113287,1671.692946,895.0540113,2767.087561,1842.449172,867.9425422,2854.027707,1292.333928
1509,0,0,2162.781082,0,1692.487957,0,0
2608089,453.6252216,460.2099572,413.4728539,449.9003792,164.909083,481.0159056,266.4606038
5007,579.6322276,173.9376216,604.3064788,364.2050689,199.6267847,641.3545408,133.2303019
1155739,378.021018,202.9272252,477.0840622,835.5292757,1388.708068,641.3545408,159.8763623
1648,445.2247545,423.9729527,0,599.8671723,0,0,679.4745397
1685970,0,0,795.1401037,0,130.1913813,0,0
4959,1108.861653,558.0498694,922.3625203,1156.886689,433.9712711,1026.167265,666.1515095
553611,436.8242874,485.5758604,763.3344995,471.3242068,433.9712711,994.0995382,639.5054491
1534,361.2200838,260.9064324,604.3064788,471.3242068,338.4975915,384.8127245,173.1993925
1354,0,0,0,0,0,0,0
1191912,831.6462395,663.1371824,604.3064788,792.6816205,486.0478236,1058.234992,666.1515095
3139729,0,0,0,0,0,0,0
672,294.0163473,960.2806194,540.6952705,428.4765516,269.0621881,448.9481786,359.7218151
1054033,411.6228862,1706.762912,1081.390541,642.7148274,546.8038016,705.4899949,373.0448453
2850,478.8266228,231.9168288,540.6952705,535.5956895,295.1004643,384.8127245,213.168483
29562,109.2060719,130.4532162,604.3064788,428.4765516,433.9712711,513.0836326,466.3060566
1393,277.2154132,195.6798243,540.6952705,449.9003792,173.5885084,865.8286301,639.5054491
3028315,0,50.73180631,0,0,0,0,0
5872,898.8499761,514.565464,1304.02977,771.2577929,2725.339583,769.6254489,386.3678755
2576904,193.2107425,72.47400901,1208.612958,364.2050689,416.6124203,897.8963571,1185.749687
28037,151.2084072,86.96881081,0,0,0,1154.438173,759.4127208
201,344.4191497,253.6590315,413.4728539,321.3574137,451.3301219,609.2868138,399.6909057
182096,789.6439042,416.7255518,1113.196145,921.224586,251.7033372,1154.438173,293.1066642
856,546.0303593,344.2515428,1208.612958,599.8671723,911.3396693,1571.318625,492.952117
412384,932.4518443,652.2660811,1335.835374,1456.820276,0,1859.928168,826.0278718
182773,495.6275569,340.6278423,604.3064788,449.9003792,798.5071388,545.1513597,786.0587812
38304,268.8149461,130.4532162,922.3625203,1199.734345,0,1378.912263,0
1617448,403.2224192,148.5717185,540.6952705,535.5956895,312.4593152,962.0318112,626.1824189
247,168.0093413,126.8295158,890.5569161,299.9335861,486.0478236,962.0318112,186.5224227
5875,714.0397006,445.7151554,1304.02977,557.0195171,650.9569067,577.2190867,706.1206001
190893,134.4074731,706.6215878,0,706.9863102,225.665061,0,0
654,285.6158802,365.9937455,0,599.8671723,390.574144,769.6254489,346.3987849
1042133,655.2364311,282.6486351,1622.085812,514.1718619,0,0,0
80884,613.2340958,268.1538333,0,664.138655,911.3396693,994.0995382,1585.440593
419475,0,224.6694279,0,0,0,0,0
228899,924.0513773,579.7920721,1017.779333,1221.158172,755.1100117,1250.641355,879.3199925
2954086,0,0,0,0,0,0,0
823,504.028024,500.0706622,699.7232912,685.5624826,477.3683982,1026.167265,346.3987849
2591606,0,0,0,0,0,0,0
1714860,436.8242874,887.8066104,477.0840622,664.138655,486.0478236,448.9481786,879.3199925
1463165,310.8172814,355.1226441,1463.057791,407.052724,286.4210389,0,0
747,378.021018,308.0145383,795.1401037,706.9863102,295.1004643,897.8963571,239.8145434
171437,201.6112096,782.7192973,0,792.6816205,0,0,239.8145434
114525,176.4098084,126.8295158,349.8616456,0,0,448.9481786,133.2303019
373994,512.428491,347.8752432,572.5008747,728.4101378,303.7798898,865.8286301,306.4296944
45972,520.8289581,347.8752432,731.5288954,771.2577929,928.6985202,801.693176,1665.378774
1286,294.0163473,293.5197365,636.1120829,578.4433447,0,416.8804515,213.168483
1547,285.6158802,322.5093401,922.3625203,321.3574137,720.39231,1122.370446,1012.550294
27288,579.6322276,257.282732,413.4728539,706.9863102,477.3683982,801.693176,532.9212076
37326,705.6392335,547.178768,1081.390541,1413.97262,650.9569067,1282.709082,1185.749687
1872427,310.8172814,311.6382387,0,0,0,0,0
5518,663.6368982,344.2515428,667.9176871,985.4960687,295.1004643,0,492.952117
59893,1369.276132,612.4053761,1526.668999,1713.906206,1145.684156,0,1012.550294
122368,302.4168144,188.4324234,349.8616456,278.5097586,86.79425422,448.9481786,173.1993925
2795000,268.8149461,275.4012342,731.5288954,0,746.4305863,1635.454079,919.2890831
1261031,142.8079401,83.34511036,0,0,225.665061,0,466.3060566
2932258,949.2527785,539.9313671,1017.779333,814.1054481,685.6746083,609.2868138,786.0587812
2320868,571.2317605,351.4989437,795.1401037,514.1718619,416.6124203,833.760903,572.8902982
2208,655.2364311,318.8856396,604.3064788,471.3242068,355.8564423,545.1513597,226.4915132
588,722.4401677,724.7400901,1717.502624,0,972.0956473,0,892.6430227
398743,243.6135449,384.1122477,508.8896664,0,138.8708068,0,0
4911,562.8312934,351.4989437,826.9457078,1049.767551,329.818166,737.5577219,546.2442378
254839,126.007006,0,0,0,0,0,0
1404411,0,0,1081.390541,0,0,0,0
1304,243.6135449,177.5613221,0,578.4433447,772.4688626,0,386.3678755
1311,0,0,0,0,0,0,0
1574161,0,0,0,0,0,0,0
1465,537.6298922,311.6382387,1463.057791,985.4960687,546.8038016,1250.641355,586.2133284
2725666,0,86.96881081,1653.891416,0,95.47367964,0,0
239,529.2294252,355.1226441,572.5008747,535.5956895,381.8947186,737.5577219,599.5363585
2975289,0,50.73180631,0,0,0,0,0
2587410,856.8476407,358.7463446,667.9176871,685.5624826,295.1004643,769.6254489,293.1066642
254,142.8079401,130.4532162,0,0,503.4066745,384.8127245,599.5363585
77097,453.6252216,369.6174459,0,0,0,0,0
40215,0,0,0,0,0,0,0
106654,0,0,0,0,104.1531051,0,319.7527246
571177,495.6275569,308.0145383,508.8896664,878.3769308,477.3683982,4489.481786,0
1134687,739.2411018,550.8024685,890.5569161,856.9531032,781.148288,737.5577219,666.1515095
564305,193.2107425,112.334714,0,342.7812413,182.2679339,448.9481786,159.8763623
432096,487.2270898,271.7775338,349.8616456,471.3242068,711.7128846,545.1513597,519.5981774
1942464,714.0397006,612.4053761,1749.308228,1114.039034,1050.210476,1731.65726,945.9351435
343874,369.6205509,206.5509257,890.5569161,642.7148274,364.5358677,0,319.7527246
348837,243.6135449,228.2931284,445.2784581,407.052724,338.4975915,641.3545408,492.952117
5499,462.0256886,286.2723356,572.5008747,621.2909999,321.1387406,545.1513597,319.7527246
2934315,176.4098084,163.0665203,572.5008747,299.9335861,338.4975915,481.0159056,0
59779,0,119.5821149,0,0,0,0,0
2994555,260.414479,213.7983266,318.0560415,278.5097586,590.2009287,801.693176,413.0139359
379064,201.6112096,155.8191194,731.5288954,471.3242068,425.2918457,609.2868138,386.3678755
100886,0,0,445.2784581,0,0,0,0
199,126.007006,177.5613221,318.0560415,278.5097586,373.2152931,609.2868138,346.3987849
1530123,470.4261557,322.5093401,1208.612958,407.052724,607.5597795,1026.167265,786.0587812
2759660,0,0,0,0,0,0,0
28182,512.428491,282.6486351,636.1120829,1114.039034,269.0621881,0,186.5224227
1399,268.8149461,130.4532162,0,0,225.665061,0,426.3369661
244366,386.421485,337.0041419,667.9176871,899.8007584,650.9569067,1378.912263,599.5363585
1218801,865.2481078,753.7296937,1367.640978,814.1054481,607.5597795,865.8286301,799.3818114
371601,764.442503,355.1226441,0,814.1054481,1267.196112,1250.641355,839.350902
33045,562.8312934,326.1330405,540.6952705,492.7480344,1015.492774,929.9640841,826.0278718
5478,420.0233533,235.5405293,763.3344995,278.5097586,416.6124203,609.2868138,519.5981774
1260,520.8289581,308.0145383,858.751312,449.9003792,390.574144,865.8286301,572.8902982
2774873,0,0,0,0,0,0,0
1382466,394.8219521,304.3908378,477.0840622,557.0195171,616.239205,577.2190867,692.7975699
1408,361.2200838,250.0353311,0,557.0195171,286.4210389,448.9481786,1372.27211
2545709,252.014012,101.4636126,699.7232912,364.2050689,86.79425422,641.3545408,639.5054491
1490,756.0420359,514.565464,1558.474603,1135.462862,486.0478236,1186.5059,306.4296944
4956,403.2224192,213.7983266,0,449.9003792,104.1531051,0,0
191579,1251.669593,695.7504865,1145.001749,1713.906206,607.5597795,1795.792714,333.0757547
332186,0,126.8295158,0,0,0,0,0
3034676,0,86.96881081,0,0,190.9473593,0,199.8454528
1196083,285.6158802,152.1954189,540.6952705,0,329.818166,641.3545408,452.9830265
1047171,537.6298922,246.4116306,0,407.052724,364.5358677,673.4222678,532.9212076
294,411.6228862,239.1642297,413.4728539,514.1718619,486.0478236,545.1513597,413.0139359
2738,462.0256886,304.3908378,954.1681244,771.2577929,407.9329948,929.9640841,266.4606038
173,0,402.23075,0,0,0,0,612.8593887
655353,134.4074731,337.0041419,318.0560415,0,182.2679339,0,0
283734,319.2177485,239.1642297,826.9457078,471.3242068,199.6267847,609.2868138,506.2751472
38313,529.2294252,289.896036,2130.975478,985.4960687,486.0478236,1026.167265,1105.811506
72144,512.428491,289.896036,667.9176871,535.5956895,650.9569067,513.0836326,612.8593887
360422,453.6252216,318.8856396,699.7232912,364.2050689,1067.569327,1026.167265,1425.56423
43657,319.2177485,282.6486351,795.1401037,471.3242068,104.1531051,577.2190867,0
1615909,428.4238204,257.282732,540.6952705,771.2577929,312.4593152,865.8286301,346.3987849
28898,226.8126108,206.5509257,477.0840622,342.7812413,737.7511609,929.9640841,706.1206001
2795738,781.2434371,387.7359482,731.5288954,578.4433447,642.2774812,1026.167265,1239.041808
564,327.6182156,239.1642297,0,364.2050689,407.9329948,673.4222678,359.7218151
2686362,394.8219521,293.5197365,0,0,0,0,0
2749052,1562.486874,833.4511036,2258.197894,1585.363241,694.3540338,1988.199076,0
163877,386.421485,166.6902207,540.6952705,364.2050689,399.2535694,641.3545408,546.2442378
2864201,285.6158802,166.6902207,0,321.3574137,225.665061,384.8127245,452.9830265
1550579,772.8429701,394.9833491,2130.975478,1006.919896,928.6985202,1475.115444,546.2442378
62322,697.2387665,616.0290766,0,1521.091758,486.0478236,994.0995382,439.6599963
1979344,117.6065389,170.3139212,0,0,243.0239118,448.9481786,319.7527246
2686077,84.00467066,206.5509257,477.0840622,0,381.8947186,0,213.168483
98403,747.6415689,376.8648468,1081.390541,706.9863102,130.1913813,673.4222678,173.1993925
2749995,327.6182156,304.3908378,477.0840622,342.7812413,729.0717355,801.693176,373.0448453
2921687,1318.873329,847.9459054,1558.474603,1863.873,0,2340.944074,1052.519385
159,126.007006,130.4532162,0,257.085931,433.9712711,641.3545408,333.0757547
2027860,0,431.2203536,0,0,0,0,0
339,168.0093413,148.5717185,0,0,0,0,0
102116,100.8056048,47.10810586,0,578.4433447,95.47367964,705.4899949,0
1355330,571.2317605,376.8648468,540.6952705,578.4433447,807.1865642,705.4899949,532.9212076
33959,285.6158802,173.9376216,667.9176871,257.085931,338.4975915,0,346.3987849
231049,722.4401677,409.4781509,572.5008747,814.1054481,668.3157575,352.7449974,812.7048416
2068654,117.6065389,90.59251126,0,0,260.3827627,0,0
784,369.6205509,217.422027,0,449.9003792,95.47367964,481.0159056,346.3987849
1603555,0,0,0,0,130.1913813,0,0
3140247,0,0,0,0,0,0,0
5270,310.8172814,155.8191194,667.9176871,449.9003792,381.8947186,0,293.1066642
2029677,394.8219521,387.7359482,795.1401037,407.052724,564.1626524,481.0159056,826.0278718
996801,193.2107425,170.3139212,0,0,295.1004643,0,266.4606038
2794344,0,43.48440541,0,0,112.8325305,0,133.2303019
648,0,0,0,0,329.818166,0,439.6599963
13502,319.2177485,144.948018,890.5569161,449.9003792,433.9712711,448.9481786,426.3369661
4932,546.0303593,275.4012342,890.5569161,471.3242068,433.9712711,769.6254489,826.0278718
2878255,756.0420359,337.0041419,922.3625203,706.9863102,668.3157575,1122.370446,1052.519385
1305,260.414479,188.4324234,0,492.7480344,399.2535694,801.693176,0
569,537.6298922,333.3804414,0,535.5956895,277.7416135,865.8286301,199.8454528
1742359,260.414479,152.1954189,1049.584937,278.5097586,1284.554962,1282.709082,199.8454528
2954661,0,0,0,0,0,0,0
328812,604.8336287,452.9625563,1272.224166,771.2577929,729.0717355,1475.115444,1199.072717
55601,1033.257449,674.0082838,1272.224166,835.5292757,303.7798898,2052.334531,1212.395747
2282170,512.428491,427.5966532,349.8616456,428.4765516,381.8947186,320.6772704,546.2442378
2779359,260.414479,355.1226441,731.5288954,0,329.818166,545.1513597,386.3678755
33035,201.6112096,134.0769167,0,299.9335861,286.4210389,448.9481786,293.1066642
1306274,302.4168144,213.7983266,349.8616456,364.2050689,147.5502322,929.9640841,319.7527246
713887,0,57.97920721,0,0,147.5502322,0,133.2303019
71237,445.2247545,304.3908378,954.1681244,578.4433447,1380.028642,1282.709082,1412.2412
6039,369.6205509,181.1850225,0,449.9003792,433.9712711,609.2868138,546.2442378
1355374,277.2154132,1072.615333,349.8616456,235.6621034,269.0621881,545.1513597,333.0757547
2516557,1327.273796,587.039473,1590.280207,771.2577929,711.7128846,1443.047717,1385.59514
2231603,436.8242874,228.2931284,572.5008747,428.4765516,538.1243762,416.8804515,719.4436303
112234,0,57.97920721,699.7232912,0,546.8038016,0,0
2806551,243.6135449,257.282732,0,364.2050689,121.5119559,0,0
5664,285.6158802,126.8295158,0,342.7812413,833.2248405,416.8804515,852.6739322
1872629,176.4098084,2873.594457,540.6952705,257.085931,399.2535694,0,239.8145434
2371,109.2060719,61.60290766,0,0,251.7033372,416.8804515,0
29384,604.8336287,413.1018513,954.1681244,1006.919896,902.6602439,1410.97999,1079.165445
285,680.4378323,391.3596486,763.3344995,1092.615207,442.6506965,1410.97999,0
1451,151.2084072,112.334714,0,0,251.7033372,0,293.1066642
1080223,109.2060719,2754.012342,0,0,0,0,173.1993925
666,142.8079401,568.9209707,0,0,0,0,0
1908341,327.6182156,257.282732,0,299.9335861,182.2679339,0,133.2303019
2494373,772.8429701,268.1538333,540.6952705,664.138655,729.0717355,801.693176,759.4127208
826,344.4191497,228.2931284,445.2784581,299.9335861,303.7798898,384.8127245,746.0896906
33033,848.4471737,489.1995608,922.3625203,1114.039034,729.0717355,1410.97999,732.7666604
3070681,134.4074731,235.5405293,731.5288954,0,156.2296576,384.8127245,0
255507,0,833.4511036,0,0,173.5885084,0,186.5224227
2768948,109.2060719,86.96881081,0,407.052724,95.47367964,481.0159056,266.4606038
2808900,260.414479,308.0145383,540.6952705,299.9335861,355.8564423,352.7449974,226.4915132
5874,554.4308264,279.0249347,0,492.7480344,433.9712711,0,532.9212076
1894999,109.2060719,173.9376216,0,0,0,0,0
85698,327.6182156,275.4012342,0,1028.343724,312.4593152,1154.438173,0
746128,361.2200838,246.4116306,572.5008747,492.7480344,407.9329948,897.8963571,279.783634
50741,697.2387665,460.2099572,0,985.4960687,364.5358677,962.0318112,479.6290868
1185412,109.2060719,224.6694279,0,0,0,0,359.7218151
162425,193.2107425,130.4532162,0,278.5097586,130.1913813,0,0
280333,0,119.5821149,890.5569161,0,0,641.3545408,0
2686210,613.2340958,391.3596486,3148.754811,878.3769308,564.1626524,0,2145.007861
89586,126.007006,79.72140991,349.8616456,0,347.1770169,0,253.1375736
1493872,798.0443713,173.9376216,0,2635.130792,668.3157575,481.0159056,572.8902982
104270,319.2177485,405.8544504,636.1120829,428.4765516,312.4593152,545.1513597,306.4296944
44935,142.8079401,148.5717185,0,0,0,0,199.8454528
1241981,680.4378323,373.2411464,445.2784581,835.5292757,251.7033372,641.3545408,0
2283160,176.4098084,86.96881081,0,0,0,0,159.8763623
1855912,142.8079401,112.334714,1049.584937,321.3574137,277.7416135,609.2868138,306.4296944
2761500,554.4308264,297.1434369,636.1120829,385.6288965,399.2535694,0,413.0139359
2704465,260.414479,192.0561239,381.6672498,342.7812413,295.1004643,577.2190867,346.3987849
704125,277.2154132,177.5613221,508.8896664,321.3574137,321.1387406,0,306.4296944
2739062,403.2224192,253.6590315,445.2784581,385.6288965,138.8708068,384.8127245,159.8763623
3093875,126.007006,79.72140991,0,0,0,0,0
314281,226.8126108,250.0353311,954.1681244,342.7812413,138.8708068,1410.97999,213.168483
1774273,529.2294252,373.2411464,667.9176871,557.0195171,815.8659897,1122.370446,732.7666604
1050635,0,115.9584144,0,385.6288965,1067.569327,513.0836326,0
70799,235.2130778,181.1850225,413.4728539,471.3242068,156.2296576,897.8963571,386.3678755
280036,294.0163473,148.5717185,413.4728539,535.5956895,329.818166,352.7449974,346.3987849
37769,428.4238204,308.0145383,0,557.0195171,0,1058.234992,0
996558,201.6112096,206.5509257,0,0,755.1100117,1026.167265,612.8593887
224012,260.414479,228.2931284,0,621.2909999,138.8708068,0,359.7218151
2847778,596.4331617,221.0457275,795.1401037,557.0195171,277.7416135,673.4222678,186.5224227
104,403.2224192,304.3908378,0,535.5956895,347.1770169,0,266.4606038
2681766,428.4238204,311.6382387,413.4728539,514.1718619,468.6889728,545.1513597,266.4606038
76759,0,0,0,0,0,0,0
2999116,193.2107425,148.5717185,0,235.6621034,130.1913813,320.6772704,146.5533321
2527964,504.028024,376.8648468,572.5008747,471.3242068,338.4975915,545.1513597,146.5533321
2419841,344.4191497,293.5197365,731.5288954,835.5292757,564.1626524,416.8804515,919.2890831
651561,386.421485,246.4116306,763.3344995,535.5956895,225.665061,769.6254489,0
3134896,554.4308264,224.6694279,826.9457078,578.4433447,720.39231,1250.641355,1052.519385
4950,327.6182156,148.5717185,0,385.6288965,0,0,319.7527246
1647413,252.014012,130.4532162,0,792.6816205,0,2276.80862,1039.196355
2420300,0,0,0,0,0,0,0
1313,1318.873329,134.0769167,0,0,0,0,0
2748,386.421485,217.422027,572.5008747,257.085931,512.0860999,352.7449974,333.0757547
279356,411.6228862,786.3429977,0,321.3574137,164.909083,320.6772704,0
3384157,495.6275569,358.7463446,604.3064788,599.8671723,399.2535694,609.2868138,546.2442378
3074109,0,57.97920721,445.2784581,0,121.5119559,0,186.5224227
3158075,613.2340958,333.3804414,826.9457078,535.5956895,355.8564423,769.6254489,546.2442378
164546,176.4098084,155.8191194,0,535.5956895,0,0,0
3031997,0,119.5821149,0,0,286.4210389,0,173.1993925
311410,0,83.34511036,0,235.6621034,112.8325305,0,0
2770780,873.6485749,416.7255518,0,792.6816205,407.9329948,0,359.7218151
2653681,756.0420359,779.0955968,826.9457078,1178.310517,746.4305863,481.0159056,399.6909057
55603,336.0186826,221.0457275,445.2784581,299.9335861,598.8803541,513.0836326,759.4127208
3059026,319.2177485,199.3035248,540.6952705,535.5956895,729.0717355,1090.302719,719.4436303
1912871,604.8336287,2007.53005,1494.863395,642.7148274,763.7894371,929.9640841,666.1515095
2897333,0,0,0,0,156.2296576,0,0
1798806,0,0,0,0,0,0,146.5533321
750,0,57.97920721,0,0,269.0621881,0,146.5533321
54571,546.0303593,250.0353311,890.5569161,985.4960687,347.1770169,865.8286301,239.8145434
1513,243.6135449,141.3243176,0,299.9335861,156.2296576,0,253.1375736
1855336,285.6158802,275.4012342,0,321.3574137,86.79425422,929.9640841,586.2133284
2893882,378.021018,329.756741,922.3625203,942.6484136,1744.56451,1410.97999,1132.457566
152268,319.2177485,217.422027,0,0,460.0095474,0,919.2890831
1870903,378.021018,674.0082838,0,792.6816205,199.6267847,0,0
1363,445.2247545,297.1434369,667.9176871,664.138655,512.0860999,705.4899949,692.7975699
1402861,168.0093413,97.83991216,0,0,347.1770169,0,333.0757547
877500,411.6228862,2311.920887,795.1401037,235.6621034,433.9712711,609.2868138,959.2581737
2005462,378.021018,188.4324234,445.2784581,578.4433447,286.4210389,673.4222678,452.9830265
1452,386.421485,242.7879302,381.6672498,471.3242068,564.1626524,448.9481786,732.7666604
166486,579.6322276,413.1018513,795.1401037,1006.919896,538.1243762,769.6254489,546.2442378
380,487.2270898,293.5197365,0,749.8339653,0,0,199.8454528
2975676,0,0,0,0,0,0,0
1597,344.4191497,112.334714,0,321.3574137,381.8947186,0,386.3678755
3447503,0,141.3243176,0,0,0,0,0
2763062,294.0163473,134.0769167,318.0560415,0,555.483227,641.3545408,506.2751472
51669,478.8266228,250.0353311,667.9176871,792.6816205,338.4975915,705.4899949,559.567268
294671,546.0303593,264.5301329,667.9176871,535.5956895,0,769.6254489,253.1375736
108980,352.8196168,282.6486351,731.5288954,0,138.8708068,769.6254489,852.6739322
2976982,386.421485,170.3139212,0,385.6288965,86.79425422,0,373.0448453
83451,268.8149461,199.3035248,0,385.6288965,182.2679339,416.8804515,146.5533321
687844,218.4121437,173.9376216,0,0,156.2296576,448.9481786,479.6290868
56,0,268.1538333,0,1178.310517,0,0,0
28131,403.2224192,315.2619392,1017.779333,0,243.0239118,513.0836326,199.8454528
668,126.007006,311.6382387,572.5008747,321.3574137,590.2009287,0,359.7218151
2961520,0,5022.448824,0,0,0,0,0
192,462.0256886,558.0498694,0,942.6484136,0,0,0
352475,0,365.9937455,0,0,208.3062101,0,279.783634
46234,764.442503,365.9937455,0,1178.310517,659.6363321,0,719.4436303
379347,285.6158802,456.5862568,0,1306.853482,581.5215033,0,253.1375736
3231550,176.4098084,108.7110135,0,278.5097586,86.79425422,0,0
2975622,0,0,0,0,0,0,0
1307839,319.2177485,210.1746261,0,428.4765516,130.1913813,0,452.9830265
1238,806.4448383,358.7463446,636.1120829,535.5956895,373.2152931,994.0995382,293.1066642
2567941,453.6252216,217.422027,667.9176871,856.9531032,451.3301219,673.4222678,359.7218151
208199,193.2107425,134.0769167,0,257.085931,130.1913813,641.3545408,0
1655500,655.2364311,583.4157725,763.3344995,664.138655,234.3444864,1282.709082,346.3987849
2500547,0,83.34511036,445.2784581,214.2382758,121.5119559,0,133.2303019
754423,588.0326946,456.5862568,699.7232912,642.7148274,373.2152931,513.0836326,333.0757547
114524,260.414479,108.7110135,0,0,130.1913813,416.8804515,186.5224227
2904242,0,0,0,792.6816205,0,0,0
47466,268.8149461,112.334714,0,257.085931,182.2679339,0,826.0278718
196,117.6065389,163.0665203,381.6672498,0,633.5980558,737.5577219,639.5054491
235986,714.0397006,431.2203536,922.3625203,1285.429655,399.2535694,1186.5059,639.5054491
373,394.8219521,293.5197365,0,428.4765516,190.9473593,0,253.1375736
1492737,512.428491,239.1642297,0,492.7480344,555.483227,737.5577219,399.6909057
365349,327.6182156,202.9272252,318.0560415,278.5097586,199.6267847,0,186.5224227
197482,613.2340958,2406.137099,604.3064788,664.138655,0,737.5577219,0
549,268.8149461,210.1746261,0,856.9531032,269.0621881,0,399.6909057
2831149,0,0,0,0,0,0,0
3027472,285.6158802,202.9272252,0,1413.97262,269.0621881,448.9481786,146.5533321
79880,604.8336287,326.1330405,0,685.5624826,512.0860999,0,559.567268
157687,436.8242874,184.808723,1049.584937,514.1718619,407.9329948,0,319.7527246
1537215,1016.456515,576.1683716,1463.057791,1392.548793,668.3157575,1571.318625,772.735751
3052091,0,50.73180631,0,0,0,0,0
2545455,336.0186826,141.3243176,477.0840622,257.085931,225.665061,609.2868138,373.0448453
60550,168.0093413,119.5821149,0,0,2898.928091,0,692.7975699
1915309,394.8219521,279.0249347,1304.02977,557.0195171,564.1626524,481.0159056,506.2751472
33028,226.8126108,108.7110135,0,385.6288965,121.5119559,0,173.1993925
1492771,630.0350299,616.0290766,0,0,0,0,0
979,613.2340958,340.6278423,604.3064788,1349.701138,477.3683982,1026.167265,346.3987849
209247,0,0,0,0,0,0,0
3369658,0,3598.334547,0,0,0,0,0
2027857,562.8312934,402.23075,636.1120829,535.5956895,260.3827627,481.0159056,293.1066642
2961995,0,0,0,0,0,0,0
2782665,176.4098084,181.1850225,667.9176871,364.2050689,95.47367964,352.7449974,0
58343,310.8172814,170.3139212,0,749.8339653,303.7798898,0,239.8145434
1896175,378.021018,257.282732,0,0,2603.827627,897.8963571,1292.333928
1074311,0,97.83991216,0,0,0,0,0
2724135,445.2247545,253.6590315,1145.001749,428.4765516,937.3779456,384.8127245,639.5054491
2778370,403.2224192,293.5197365,0,985.4960687,520.7655253,0,812.7048416
308354,126.007006,115.9584144,445.2784581,257.085931,433.9712711,352.7449974,519.5981774
2049305,369.6205509,344.2515428,0,492.7480344,746.4305863,481.0159056,586.2133284
2779362,0,409.4781509,0,0,0,0,0
33011,0,0,1812.919436,0,0,0,0
2907623,134.4074731,170.3139212,508.8896664,299.9335861,546.8038016,384.8127245,812.7048416
117187,663.6368982,286.2723356,0,471.3242068,399.2535694,1186.5059,0
2918453,193.2107425,177.5613221,413.4728539,214.2382758,381.8947186,0,599.5363585
2315449,285.6158802,224.6694279,604.3064788,535.5956895,581.5215033,962.0318112,266.4606038
947919,0,0,0,685.5624826,130.1913813,3142.63725,0
28110,0,155.8191194,1017.779333,0,407.9329948,0,612.8593887
1542,907.2504431,543.5550676,954.1681244,1242.582,659.6363321,737.5577219,426.3369661
2893884,109.2060719,54.35550676,0,0,0,0,0
161358,201.6112096,152.1954189,477.0840622,385.6288965,182.2679339,0,0
2209,688.8382994,231.9168288,477.0840622,749.8339653,277.7416135,352.7449974,479.6290868
1604,210.0116766,250.0353311,858.751312,557.0195171,416.6124203,1250.641355,0
3415140,268.8149461,192.0561239,0,278.5097586,468.6889728,481.0159056,706.1206001
413889,420.0233533,326.1330405,540.6952705,599.8671723,95.47367964,833.760903,186.5224227
106648,0,76.09770946,0,0,303.7798898,0,0
1639133,277.2154132,365.9937455,0,1006.919896,199.6267847,0,0
256,327.6182156,148.5717185,445.2784581,235.6621034,130.1913813,448.9481786,279.783634
2816357,193.2107425,224.6694279,699.7232912,599.8671723,1180.401857,1186.5059,652.8284793
754397,646.8359641,329.756741,858.751312,514.1718619,373.2152931,0,652.8284793
67352,168.0093413,163.0665203,0,814.1054481,746.4305863,0,639.5054491
223967,319.2177485,315.2619392,0,0,112.8325305,0,0
45285,252.014012,123.2058153,477.0840622,385.6288965,312.4593152,320.6772704,319.7527246
2493639,319.2177485,192.0561239,477.0840622,0,86.79425422,0,226.4915132
2725414,159.6088743,177.5613221,508.8896664,299.9335861,199.6267847,352.7449974,253.1375736
2856519,134.4074731,130.4532162,413.4728539,0,208.3062101,384.8127245,266.4606038
3101276,260.414479,155.8191194,477.0840622,599.8671723,347.1770169,448.9481786,226.4915132
570161,168.0093413,144.948018,381.6672498,299.9335861,512.0860999,481.0159056,253.1375736
1584,680.4378323,322.5093401,1240.418562,814.1054481,555.483227,1154.438173,746.0896906
1550240,243.6135449,228.2931284,0,0,321.1387406,384.8127245,213.168483
1890302,268.8149461,119.5821149,540.6952705,792.6816205,347.1770169,0,439.6599963
1911586,646.8359641,318.8856396,349.8616456,749.8339653,598.8803541,673.4222678,439.6599963
27291,226.8126108,152.1954189,477.0840622,471.3242068,190.9473593,0,306.4296944
1265445,352.8196168,206.5509257,0,342.7812413,86.79425422,0,213.168483
373672,210.0116766,192.0561239,0,299.9335861,920.0190947,641.3545408,213.168483
260714,470.4261557,275.4012342,604.3064788,642.7148274,503.4066745,481.0159056,1505.502411
1493,134.4074731,72.47400901,0,0,0,0,0
58346,445.2247545,362.370045,0,621.2909999,147.5502322,0,0
155322,0,0,0,0,182.2679339,0,213.168483
1734106,193.2107425,79.72140991,636.1120829,0,173.5885084,545.1513597,492.952117
1287690,436.8242874,376.8648468,0,621.2909999,946.057371,0,1185.749687
1379,302.4168144,199.3035248,0,449.9003792,216.9856356,448.9481786,386.3678755
1967498,0,0,0,878.3769308,416.6124203,0,0
1357545,453.6252216,293.5197365,731.5288954,814.1054481,373.2152931,673.4222678,173.1993925
3070677,226.8126108,163.0665203,349.8616456,0,468.6889728,448.9481786,572.8902982
323732,655.2364311,405.8544504,1113.196145,814.1054481,703.0334592,577.2190867,506.2751472
2913506,0,0,0,0,0,0,0
2893885,688.8382994,376.8648468,731.5288954,792.6816205,598.8803541,1026.167265,732.7666604
218144,0,65.22660811,0,0,0,0,0
685565,277.2154132,177.5613221,0,0,95.47367964,673.4222678,173.1993925
3349875,0,0,0,0,138.8708068,0,0
46126,168.0093413,79.72140991,0,0,390.574144,481.0159056,333.0757547
1871086,537.6298922,199.3035248,795.1401037,621.2909999,164.909083,0,666.1515095
2004710,361.2200838,409.4781509,572.5008747,1006.919896,277.7416135,0,293.1066642
446679,310.8172814,173.9376216,445.2784581,535.5956895,121.5119559,448.9481786,0
2576902,193.2107425,105.0873131,477.0840622,385.6288965,208.3062101,1218.573628,333.0757547
2594004,100.8056048,86.96881081,0,0,0,0,226.4915132
2706014,218.4121437,166.6902207,0,0,312.4593152,0,413.0139359
174633,655.2364311,416.7255518,826.9457078,535.5956895,798.5071388,994.0995382,826.0278718
1622118,428.4238204,304.3908378,318.0560415,535.5956895,451.3301219,481.0159056,719.4436303
2654325,529.2294252,260.9064324,699.7232912,621.2909999,260.3827627,545.1513597,226.4915132
2736252,495.6275569,681.2556847,0,364.2050689,0,0,0
2212991,411.6228862,159.4428198,667.9176871,364.2050689,642.2774812,769.6254489,852.6739322
2546359,184.8102755,144.948018,413.4728539,299.9335861,0,897.8963571,173.1993925
1397,445.2247545,300.7671374,0,449.9003792,381.8947186,0,226.4915132
2596890,352.8196168,181.1850225,0,0,468.6889728,320.6772704,333.0757547
2917832,470.4261557,181.1850225,0,621.2909999,303.7798898,801.693176,346.3987849
1178,210.0116766,126.8295158,349.8616456,0,581.5215033,0,359.7218151
29378,378.021018,376.8648468,890.5569161,685.5624826,1024.1722,833.760903,746.0896906
2822846,0,97.83991216,0,0,0,0,253.1375736
119219,260.414479,250.0353311,508.8896664,706.9863102,0,577.2190867,0
2903611,0,0,0,0,243.0239118,0,0
241425,285.6158802,199.3035248,0,428.4765516,121.5119559,609.2868138,0
1850246,260.414479,246.4116306,349.8616456,321.3574137,95.47367964,481.0159056,0
45655,520.8289581,304.3908378,699.7232912,664.138655,251.7033372,384.8127245,652.8284793
1977864,84.00467066,65.22660811,0,0,112.8325305,577.2190867,0
84023,0,0,0,0,0,0,0
2487065,260.414479,199.3035248,477.0840622,449.9003792,138.8708068,0,0
5660,0,268.1538333,1463.057791,0,520.7655253,1667.521806,546.2442378
1234841,1083.660252,442.091455,1208.612958,942.6484136,373.2152931,737.5577219,373.0448453
2115968,0,0,0,0,0,0,0
3158171,0,3536.73164,0,0,0,0,0
1917830,0,0,0,0,0,0,0
2594042,411.6228862,170.3139212,508.8896664,0,147.5502322,545.1513597,279.783634
1170699,428.4238204,213.7983266,0,299.9335861,86.79425422,481.0159056,0
2855841,159.6088743,166.6902207,572.5008747,0,0,0,0
981384,84.00467066,315.2619392,0,364.2050689,130.1913813,0,0
39491,260.414479,177.5613221,477.0840622,0,234.3444864,929.9640841,293.1066642
2900152,378.021018,159.4428198,508.8896664,706.9863102,277.7416135,3559.517701,173.1993925
1366,747.6415689,337.0041419,349.8616456,599.8671723,208.3062101,0,0
437897,462.0256886,340.6278423,604.3064788,385.6288965,616.239205,448.9481786,759.4127208
1488,294.0163473,192.0561239,0,385.6288965,164.909083,448.9481786,199.8454528
2864206,0,39.86070495,0,0,0,0,0
158849,487.2270898,380.4885473,604.3064788,792.6816205,303.7798898,0,586.2133284
588726,302.4168144,181.1850225,763.3344995,0,164.909083,320.6772704,133.2303019
2584122,554.4308264,308.0145383,381.6672498,557.0195171,329.818166,481.0159056,373.0448453
2816908,386.421485,315.2619392,540.6952705,578.4433447,433.9712711,352.7449974,492.952117
51663,0,105.0873131,0,0,0,0,0
636,134.4074731,130.4532162,0,0,164.909083,545.1513597,0
3074094,0,0,0,0,0,0,0
1850252,193.2107425,199.3035248,540.6952705,0,381.8947186,0,306.4296944
1836467,336.0186826,271.7775338,477.0840622,535.5956895,451.3301219,513.0836326,612.8593887
5865,495.6275569,257.282732,985.9737286,385.6288965,303.7798898,865.8286301,186.5224227
1168034,487.2270898,260.9064324,0,578.4433447,208.3062101,448.9481786,146.5533321
2962858,218.4121437,148.5717185,477.0840622,0,451.3301219,0,426.3369661
2499688,462.0256886,210.1746261,699.7232912,364.2050689,781.148288,833.760903,466.3060566
39488,604.8336287,438.4677545,0,0,329.818166,0,639.5054491
1336804,352.8196168,231.9168288,0,449.9003792,729.0717355,352.7449974,466.3060566
584609,252.014012,239.1642297,381.6672498,385.6288965,182.2679339,0,146.5533321
2898187,512.428491,268.1538333,826.9457078,492.7480344,529.4449507,609.2868138,1012.550294
2748320,504.028024,239.1642297,636.1120829,535.5956895,373.2152931,513.0836326,519.5981774
467094,100.8056048,57.97920721,0,814.1054481,260.3827627,0,0
42858,134.4074731,79.72140991,445.2784581,0,303.7798898,0,466.3060566
2183896,159.6088743,148.5717185,1081.390541,0,564.1626524,801.693176,626.1824189
250,369.6205509,308.0145383,0,621.2909999,312.4593152,0,239.8145434
28035,336.0186826,137.7006171,795.1401037,621.2909999,312.4593152,384.8127245,612.8593887
2267275,621.6345629,340.6278423,381.6672498,942.6484136,694.3540338,0,706.1206001
616991,411.6228862,471.0810586,604.3064788,492.7480344,251.7033372,545.1513597,612.8593887
76775,92.40513773,54.35550676,954.1681244,0,0,0,0
603050,252.014012,2290.178685,381.6672498,321.3574137,321.1387406,545.1513597,239.8145434
247523,0,119.5821149,0,0,0,0,0
2682810,378.021018,268.1538333,0,578.4433447,1466.822896,1154.438173,1438.887261
34105,344.4191497,134.0769167,667.9176871,492.7480344,676.9951829,1058.234992,639.5054491
3395320,268.8149461,199.3035248,0,407.052724,468.6889728,0,439.6599963
1637975,336.0186826,221.0457275,795.1401037,449.9003792,407.9329948,513.0836326,306.4296944
29494,588.0326946,536.3076667,699.7232912,899.8007584,173.5885084,1186.5059,0
24,0,166.6902207,0,0,0,0,0
3127472,235.2130778,123.2058153,0,0,138.8708068,0,0
28188,252.014012,188.4324234,0,0,156.2296576,609.2868138,133.2303019
208479,806.4448383,376.8648468,763.3344995,749.8339653,286.4210389,641.3545408,373.0448453
999,420.0233533,221.0457275,0,257.085931,190.9473593,0,213.168483
3064703,151.2084072,86.96881081,318.0560415,0,130.1913813,0,199.8454528
28454,453.6252216,347.8752432,1399.446582,449.9003792,295.1004643,0,786.0587812
2829569,0,6203.775171,0,0,0,0,0
2478552,184.8102755,137.7006171,636.1120829,0,104.1531051,0,346.3987849
246787,201.6112096,112.334714,763.3344995,0,277.7416135,0,306.4296944
29380,579.6322276,297.1434369,445.2784581,471.3242068,295.1004643,1090.302719,226.4915132
2812896,378.021018,518.1891644,477.0840622,535.5956895,633.5980558,1250.641355,226.4915132
206,0,86.96881081,0,0,182.2679339,0,639.5054491
2506420,873.6485749,358.7463446,1049.584937,856.9531032,347.1770169,705.4899949,452.9830265
821,235.2130778,166.6902207,922.3625203,0,598.8803541,1026.167265,399.6909057
86664,0,68.85030856,0,0,355.8564423,0,452.9830265
3342247,663.6368982,840.6985045,413.4728539,535.5956895,190.9473593,481.0159056,213.168483
1504,453.6252216,318.8856396,477.0840622,599.8671723,303.7798898,609.2868138,399.6909057
118163,319.2177485,188.4324234,477.0840622,878.3769308,659.6363321,1282.709082,386.3678755
1411316,310.8172814,184.808723,0,407.052724,329.818166,416.8804515,0
2986823,168.0093413,137.7006171,0,235.6621034,234.3444864,0,226.4915132
146819,134.4074731,130.4532162,0,0,0,0,0
138563,420.0233533,326.1330405,477.0840622,685.5624826,815.8659897,577.2190867,1105.811506
179879,0,0,0,0,0,0,0
3233381,327.6182156,134.0769167,0,0,0,0,0
1855823,260.414479,159.4428198,540.6952705,0,381.8947186,0,213.168483
2911172,453.6252216,231.9168288,699.7232912,535.5956895,364.5358677,481.0159056,133.2303019
663364,0,4544.120365,0,214.2382758,0,352.7449974,199.8454528
1928857,697.2387665,402.23075,826.9457078,814.1054481,451.3301219,929.9640841,346.3987849
2746231,0,0,0,0,0,0,0
126385,201.6112096,177.5613221,0,0,364.5358677,0,0
57863,932.4518443,387.7359482,1399.446582,814.1054481,668.3157575,1443.047717,732.7666604
83564,0,47.10810586,0,342.7812413,95.47367964,3110.569523,0
252967,445.2247545,315.2619392,540.6952705,535.5956895,486.0478236,448.9481786,572.8902982
3088895,260.414479,250.0353311,826.9457078,278.5097586,460.0095474,769.6254489,279.783634
2731219,478.8266228,347.8752432,636.1120829,428.4765516,312.4593152,577.2190867,213.168483
1359,210.0116766,173.9376216,0,0,0,448.9481786,559.567268
199441,218.4121437,166.6902207,667.9176871,257.085931,477.3683982,448.9481786,519.5981774
2767188,100.8056048,105.0873131,0,0,0,0,159.8763623
2738844,495.6275569,311.6382387,890.5569161,642.7148274,199.6267847,0,159.8763623
54291,621.6345629,409.4781509,795.1401037,0,425.2918457,0,506.2751472
29466,630.0350299,402.23075,731.5288954,471.3242068,503.4066745,416.8804515,426.3369661
2879938,218.4121437,192.0561239,604.3064788,428.4765516,286.4210389,0,572.8902982
2921381,1218.067725,529.0602658,1558.474603,1156.886689,668.3157575,0,1199.072717
154046,420.0233533,177.5613221,445.2784581,299.9335861,182.2679339,384.8127245,279.783634
315405,806.4448383,793.5903986,0,2142.382758,0,0,1225.718777
1124,0,76.09770946,477.0840622,0,0,0,239.8145434
2745560,277.2154132,347.8752432,0,0,581.5215033,0,293.1066642
55529,0,0,0,0,0,0,0
3349876,285.6158802,163.0665203,1335.835374,0,0,1475.115444,306.4296944
540747,168.0093413,402.23075,0,835.5292757,0,0,0
1677857,604.8336287,376.8648468,763.3344995,621.2909999,303.7798898,897.8963571,293.1066642
2341117,84.00467066,50.73180631,0,0,86.79425422,0,0
342113,814.8453054,572.5446712,922.3625203,1264.005827,954.7367964,865.8286301,879.3199925
859143,0,0,0,0,0,0,0
2775246,462.0256886,434.8440541,477.0840622,557.0195171,798.5071388,865.8286301,839.350902
1906,579.6322276,300.7671374,1304.02977,1585.363241,581.5215033,0,532.9212076
2017483,126.007006,76.09770946,0,321.3574137,156.2296576,0,333.0757547
143232,327.6182156,152.1954189,445.2784581,299.9335861,373.2152931,769.6254489,333.0757547
486398,201.6112096,123.2058153,0,385.6288965,251.7033372,0,359.7218151
1348613,218.4121437,304.3908378,540.6952705,0,173.5885084,320.6772704,133.2303019
1063,126.007006,123.2058153,0,449.9003792,173.5885084,0,159.8763623
2764720,0,39.86070495,0,0,0,0,0
558152,0,47.10810586,0,0,147.5502322,0,0
118323,126.007006,123.2058153,318.0560415,364.2050689,286.4210389,448.9481786,239.8145434
2058137,210.0116766,112.334714,318.0560415,278.5097586,0,0,173.1993925
79329,168.0093413,134.0769167,795.1401037,0,260.3827627,0,293.1066642
561879,159.6088743,101.4636126,0,0,0,0,0
2102,462.0256886,206.5509257,0,492.7480344,277.7416135,641.3545408,0
347,688.8382994,358.7463446,604.3064788,557.0195171,138.8708068,0,2411.468464
2763022,403.2224192,228.2931284,0,0,0,0,0
2070463,302.4168144,159.4428198,540.6952705,321.3574137,95.47367964,0,0
5208,210.0116766,86.96881081,0,0,173.5885084,0,359.7218151
460519,210.0116766,94.21621171,445.2784581,0,156.2296576,609.2868138,159.8763623
1813611,0,0,0,0,0,0,0
259,0,97.83991216,0,0,303.7798898,0,0
2249356,0,61.60290766,0,0,486.0478236,0,146.5533321
291645,193.2107425,144.948018,0,278.5097586,416.6124203,0,0
2994319,487.2270898,322.5093401,540.6952705,642.7148274,182.2679339,737.5577219,319.7527246
2931930,0,65.22660811,0,0,0,0,0
549687,260.414479,253.6590315,0,342.7812413,329.818166,577.2190867,293.1066642
831,100.8056048,68.85030856,0,0,312.4593152,0,0
109328,546.0303593,275.4012342,1049.584937,706.9863102,338.4975915,545.1513597,146.5533321
1241978,0,0,0,0,920.0190947,0,439.6599963
450,252.014012,152.1954189,413.4728539,428.4765516,199.6267847,0,306.4296944
2300,0,61.60290766,0,407.052724,0,2725.756798,0
1532552,126.007006,115.9584144,349.8616456,0,0,0,279.783634
221822,0,724.7400901,0,642.7148274,216.9856356,0,0
1397264,84.00467066,134.0769167,0,0,95.47367964,0,213.168483
2853439,352.8196168,257.282732,0,492.7480344,711.7128846,2148.537712,319.7527246
871694,730.8406347,460.2099572,954.1681244,749.8339653,347.1770169,577.2190867,159.8763623
298657,176.4098084,177.5613221,1272.224166,514.1718619,173.5885084,0,0
147645,310.8172814,373.2411464,0,0,0,0,0
29348,411.6228862,210.1746261,0,299.9335861,416.6124203,0,479.6290868
2751,336.0186826,184.808723,0,0,277.7416135,384.8127245,586.2133284
1547283,285.6158802,181.1850225,445.2784581,471.3242068,130.1913813,320.6772704,279.783634
2793010,0,329.756741,0,0,0,0,0
2906077,210.0116766,144.948018,0,0,0,0,266.4606038
2570561,294.0163473,293.5197365,540.6952705,0,225.665061,0,386.3678755
1481914,0,134.0769167,318.0560415,1071.191379,234.3444864,0,506.2751472
28133,117.6065389,72.47400901,0,0,0,737.5577219,0
174,210.0116766,76.09770946,922.3625203,0,208.3062101,1603.386352,413.0139359
116090,184.8102755,253.6590315,0,0,260.3827627,448.9481786,253.1375736
985043,462.0256886,402.23075,0,706.9863102,112.8325305,416.8804515,413.0139359
2925782,302.4168144,413.1018513,318.0560415,342.7812413,433.9712711,320.6772704,426.3369661
184755,0,115.9584144,0,0,0,0,0
2010992,285.6158802,260.9064324,413.4728539,257.085931,303.7798898,1507.183171,519.5981774
1556,193.2107425,192.0561239,0,257.085931,199.6267847,320.6772704,133.2303019
67304,0,0,0,0,0,0,0
820,588.0326946,376.8648468,572.5008747,878.3769308,364.5358677,513.0836326,346.3987849
155894,151.2084072,144.948018,636.1120829,621.2909999,338.4975915,994.0995382,0
3344876,352.8196168,224.6694279,636.1120829,557.0195171,295.1004643,0,466.3060566
3118084,0,0,0,0,607.5597795,0,0
151895,344.4191497,282.6486351,349.8616456,364.2050689,781.148288,352.7449974,1052.519385
418240,134.4074731,0,0,0,0,0,359.7218151
498019,126.007006,126.8295158,954.1681244,235.6621034,112.8325305,0,253.1375736
2881428,0,97.83991216,0,0,867.9425422,609.2868138,0
1859096,0,72.47400901,985.9737286,0,164.909083,0,626.1824189
239935,134.4074731,108.7110135,0,235.6621034,0,0,0
291644,352.8196168,329.756741,413.4728539,664.138655,425.2918457,705.4899949,306.4296944
148814,411.6228862,231.9168288,540.6952705,428.4765516,416.6124203,416.8804515,586.2133284
2912824,252.014012,199.3035248,0,278.5097586,460.0095474,0,492.952117
2830782,92.40513773,94.21621171,0,0,0,0,0
46224,630.0350299,369.6174459,1081.390541,814.1054481,520.7655253,0,399.6909057
317936,252.014012,188.4324234,349.8616456,771.2577929,86.79425422,545.1513597,266.4606038
1177574,159.6088743,90.59251126,0,0,138.8708068,0,0
2861765,235.2130778,144.948018,0,278.5097586,581.5215033,0,439.6599963
2576903,0,0,0,0,0,0,0
669359,142.8079401,155.8191194,445.2784581,0,138.8708068,416.8804515,173.1993925
208226,613.2340958,376.8648468,572.5008747,685.5624826,295.1004643,352.7449974,226.4915132
202956,537.6298922,362.370045,826.9457078,642.7148274,303.7798898,801.693176,413.0139359
3374599,268.8149461,279.0249347,763.3344995,428.4765516,598.8803541,673.4222678,599.5363585
417367,470.4261557,329.756741,604.3064788,685.5624826,755.1100117,384.8127245,506.2751472
3342246,361.2200838,471.0810586,381.6672498,407.052724,251.7033372,0,479.6290868
2904246,327.6182156,217.422027,763.3344995,492.7480344,338.4975915,320.6772704,319.7527246
1424294,201.6112096,202.9272252,0,0,321.1387406,0,346.3987849
536441,327.6182156,206.5509257,413.4728539,278.5097586,260.3827627,0,293.1066642
69966,184.8102755,112.334714,0,0,260.3827627,0,266.4606038
1834189,285.6158802,202.9272252,508.8896664,235.6621034,546.8038016,384.8127245,413.0139359
247480,84.00467066,0,0,0,0,0,0
1306519,142.8079401,159.4428198,0,0,173.5885084,0,186.5224227
1596,562.8312934,326.1330405,0,0,0,0,0
69,134.4074731,97.83991216,0,0,0,0,0
2821559,1209.667257,702.9978874,0,4156.222551,0,0,0
1462527,504.028024,155.8191194,636.1120829,471.3242068,277.7416135,641.3545408,692.7975699
37919,0,558.0498694,0,1328.27731,260.3827627,0,266.4606038
1398,0,0,0,0,0,0,0
1278232,252.014012,195.6798243,667.9176871,428.4765516,373.2152931,513.0836326,373.0448453
1524260,352.8196168,300.7671374,667.9176871,235.6621034,303.7798898,609.2868138,373.0448453
2187,218.4121437,188.4324234,318.0560415,0,147.5502322,0,186.5224227
1315211,285.6158802,1261.047757,477.0840622,535.5956895,208.3062101,929.9640841,306.4296944
155615,0,217.422027,731.5288954,0,0,0,0
580165,159.6088743,112.334714,0,0,0,0,0
683124,151.2084072,83.34511036,0,0,286.4210389,481.0159056,253.1375736
45656,478.8266228,340.6278423,540.6952705,449.9003792,269.0621881,641.3545408,293.1066642
2879939,151.2084072,130.4532162,381.6672498,407.052724,156.2296576,0,213.168483
3095367,142.8079401,177.5613221,0,342.7812413,138.8708068,0,346.3987849
2546366,361.2200838,141.3243176,0,685.5624826,95.47367964,737.5577219,0
1209493,126.007006,188.4324234,0,0,138.8708068,0,279.783634
3070996,0,94.21621171,0,0,286.4210389,0,0
3034021,0,0,0,0,0,0,0
2681265,0,0,0,0,0,0,0
1245,0,163.0665203,0,0,824.5454151,801.693176,932.6121133
106590,336.0186826,163.0665203,0,449.9003792,225.665061,705.4899949,1132.457566
3047875,336.0186826,300.7671374,699.7232912,642.7148274,555.483227,513.0836326,452.9830265
930972,218.4121437,833.4511036,0,0,104.1531051,0,0
3087234,0,0,0,0,0,0,0
2049879,84.00467066,61.60290766,0,0,182.2679339,320.6772704,0
1879050,562.8312934,318.8856396,413.4728539,471.3242068,416.6124203,0,226.4915132
2782641,268.8149461,217.422027,445.2784581,0,0,0,159.8763623
28251,201.6112096,170.3139212,0,0,303.7798898,0,319.7527246
76594,504.028024,318.8856396,540.6952705,428.4765516,555.483227,865.8286301,506.2751472
3047343,0,54.35550676,0,0,0,0,0
783,0,0,0,0,0,0,0
380021,0,0,0,0,0,0,0
3040204,0,39.86070495,0,428.4765516,0,673.4222678,159.8763623
2483110,218.4121437,221.0457275,413.4728539,321.3574137,503.4066745,481.0159056,865.9969623
3081750,243.6135449,126.8295158,445.2784581,299.9335861,347.1770169,448.9481786,519.5981774
3440143,109.2060719,148.5717185,413.4728539,235.6621034,156.2296576,833.760903,173.1993925
106592,218.4121437,192.0561239,0,492.7480344,182.2679339,0,279.783634
1736674,92.40513773,105.0873131,0,0,286.4210389,0,359.7218151
57706,0,0,0,0,841.9042659,0,0
1813871,470.4261557,242.7879302,445.2784581,621.2909999,399.2535694,769.6254489,639.5054491
135569,470.4261557,221.0457275,477.0840622,492.7480344,104.1531051,416.8804515,706.1206001
2835869,92.40513773,90.59251126,318.0560415,0,0,0,0
1178778,436.8242874,525.4365653,0,599.8671723,0,0,213.168483
2745563,730.8406347,452.9625563,1399.446582,706.9863102,321.1387406,1122.370446,639.5054491
195248,0,0,0,0,0,0,0
3231911,386.421485,126.8295158,381.6672498,278.5097586,269.0621881,705.4899949,266.4606038
2764325,487.2270898,253.6590315,0,299.9335861,277.7416135,0,0
221402,277.2154132,130.4532162,508.8896664,214.2382758,364.5358677,481.0159056,0
2663022,218.4121437,173.9376216,0,257.085931,0,0,173.1993925
50719,277.2154132,463.8336577,0,0,520.7655253,0,679.4745397
858423,0,134.0769167,0,0,0,0,0
3116594,579.6322276,213.7983266,0,0,216.9856356,2982.298615,399.6909057
754409,285.6158802,221.0457275,604.3064788,535.5956895,269.0621881,0,199.8454528
1170562,0,0,0,321.3574137,0,0,0
1286698,84.00467066,275.4012342,0,0,0,0,279.783634
2904247,344.4191497,228.2931284,795.1401037,321.3574137,182.2679339,320.6772704,279.783634
511,0,79.72140991,0,0,0,0,0
129985,134.4074731,141.3243176,508.8896664,471.3242068,503.4066745,0,199.8454528
2744027,260.414479,163.0665203,572.5008747,278.5097586,381.8947186,416.8804515,373.0448453
195,0,0,0,0,0,0,0
53345,319.2177485,231.9168288,477.0840622,257.085931,0,0,0
1790137,184.8102755,474.704759,604.3064788,235.6621034,303.7798898,513.0836326,373.0448453
2772483,210.0116766,213.7983266,604.3064788,0,277.7416135,320.6772704,452.9830265
1740721,0,50.73180631,0,0,0,0,0
3028070,201.6112096,126.8295158,572.5008747,407.052724,885.301393,481.0159056,666.1515095
56448,235.2130778,105.0873131,0,0,199.6267847,0,1065.842415
1216932,0,57.97920721,636.1120829,0,416.6124203,0,479.6290868
2986829,462.0256886,253.6590315,604.3064788,449.9003792,147.5502322,0,0
332101,302.4168144,166.6902207,508.8896664,0,295.1004643,0,306.4296944
2979469,168.0093413,137.7006171,0,299.9335861,138.8708068,0,0
638,0,83.34511036,731.5288954,0,0,0,173.1993925
1482,151.2084072,105.0873131,0,0,112.8325305,352.7449974,359.7218151
119532,0,47.10810586,0,407.052724,0,481.0159056,199.8454528
33970,764.442503,308.0145383,445.2784581,621.2909999,216.9856356,833.760903,173.1993925
3243060,109.2060719,0,0,0,0,0,0
3059076,319.2177485,184.808723,318.0560415,321.3574137,190.9473593,0,213.168483
2490635,0,0,0,0,0,0,0
121719,0,279.0249347,0,0,312.4593152,0,0
488447,495.6275569,210.1746261,0,1028.343724,1544.937725,673.4222678,466.3060566
1979401,0,1688.64441,0,299.9335861,329.818166,0,173.1993925
2689569,436.8242874,282.6486351,890.5569161,407.052724,407.9329948,481.0159056,452.9830265
43662,151.2084072,221.0457275,0,0,885.301393,0,746.0896906
3463858,0,0,0,0,0,0,5715.579952
60961,126.007006,173.9376216,0,214.2382758,433.9712711,1090.302719,266.4606038
82633,151.2084072,90.59251126,0,0,234.3444864,0,0
1620816,0,36.2370045,0,0,164.909083,0,133.2303019
3108175,621.6345629,279.0249347,0,1092.615207,269.0621881,2565.418163,0
2713573,126.007006,50.73180631,0,0,121.5119559,0,399.6909057
85404,0,0,0,0,3463.090743,0,0
81947,0,65.22660811,0,0,0,0,0
2488810,0,130.4532162,0,0,277.7416135,0,0
1969,688.8382994,333.3804414,0,1028.343724,0,0,0
2502784,730.8406347,529.0602658,540.6952705,771.2577929,642.2774812,513.0836326,652.8284793
5062,621.6345629,318.8856396,1304.02977,0,720.39231,0,1039.196355
60552,0,253.6590315,0,0,4912.554789,0,0
985,386.421485,231.9168288,381.6672498,407.052724,416.6124203,352.7449974,253.1375736
169760,0,0,0,0,0,0,146.5533321
2683272,134.4074731,112.334714,318.0560415,0,243.0239118,384.8127245,359.7218151
189381,453.6252216,170.3139212,604.3064788,321.3574137,329.818166,481.0159056,133.2303019
759811,554.4308264,286.2723356,667.9176871,814.1054481,425.2918457,0,226.4915132
3387402,260.414479,119.5821149,0,0,147.5502322,1218.573628,226.4915132
96345,193.2107425,159.4428198,0,214.2382758,564.1626524,0,159.8763623
433286,226.8126108,123.2058153,349.8616456,299.9335861,199.6267847,0,612.8593887
2892440,0,0,0,0,0,0,0
334542,0,0,0,0,0,0,0
2093779,999.6555809,471.0810586,0,921.224586,295.1004643,0,359.7218151
666686,142.8079401,76.09770946,604.3064788,0,130.1913813,0,133.2303019
71452,352.8196168,181.1850225,604.3064788,407.052724,529.4449507,384.8127245,293.1066642
2587853,0,235.5405293,0,621.2909999,0,0,0
1476025,0,199.3035248,0,0,0,0,293.1066642
43305,0,50.73180631,0,0,0,0,0
336810,84.00467066,0,0,0,0,1667.521806,319.7527246
1869241,92.40513773,61.60290766,0,257.085931,0,577.2190867,173.1993925
3236815,142.8079401,47.10810586,0,0,112.8325305,0,0
2818493,445.2247545,333.3804414,0,428.4765516,303.7798898,0,213.168483
2829187,117.6065389,163.0665203,0,0,173.5885084,0,306.4296944
1651941,193.2107425,148.5717185,445.2784581,0,0,0,173.1993925
363852,428.4238204,192.0561239,636.1120829,321.3574137,633.5980558,769.6254489,306.4296944
1268659,361.2200838,206.5509257,0,278.5097586,0,0,386.3678755
2038776,109.2060719,94.21621171,0,0,269.0621881,0,199.8454528
2802991,134.4074731,43.48440541,0,0,0,0,0
984207,176.4098084,90.59251126,699.7232912,278.5097586,138.8708068,352.7449974,146.5533321
430522,226.8126108,231.9168288,954.1681244,299.9335861,199.6267847,545.1513597,173.1993925
33034,142.8079401,108.7110135,0,0,121.5119559,0,186.5224227
373891,252.014012,173.9376216,0,492.7480344,121.5119559,0,279.783634
44008,201.6112096,228.2931284,0,299.9335861,199.6267847,416.8804515,0
28199,0,1097.981236,0,0,0,0,0
3458683,0,39.86070495,0,0,0,0,133.2303019
519450,126.007006,61.60290766,0,0,277.7416135,0,306.4296944
2926907,243.6135449,217.422027,477.0840622,278.5097586,295.1004643,0,0
577489,0,39.86070495,0,0,0,0,0
3137852,260.414479,231.9168288,349.8616456,0,321.1387406,384.8127245,413.0139359
1402135,0,561.6735698,0,0,0,0,0
3298610,226.8126108,148.5717185,604.3064788,0,355.8564423,737.5577219,426.3369661
82541,0,0,0,0,0,0,0
3070999,302.4168144,231.9168288,795.1401037,364.2050689,286.4210389,352.7449974,239.8145434
1736,184.8102755,94.21621171,0,0,295.1004643,384.8127245,133.2303019
649756,218.4121437,130.4532162,636.1120829,385.6288965,104.1531051,384.8127245,0
222819,176.4098084,50.73180631,0,299.9335861,243.0239118,0,146.5533321
2913495,546.0303593,308.0145383,0,1392.548793,373.2152931,1763.724987,359.7218151
2424,235.2130778,155.8191194,0,0,295.1004643,513.0836326,186.5224227
582475,0,112.334714,0,0,199.6267847,0,319.7527246
292,210.0116766,137.7006171,0,449.9003792,0,673.4222678,999.2272642
2726954,260.414479,181.1850225,381.6672498,278.5097586,173.5885084,545.1513597,173.1993925
28087,285.6158802,126.8295158,477.0840622,492.7480344,321.1387406,0,359.7218151
3034146,176.4098084,76.09770946,0,0,0,0,0
1871076,117.6065389,79.72140991,381.6672498,0,269.0621881,0,173.1993925
29552,445.2247545,210.1746261,445.2784581,342.7812413,277.7416135,641.3545408,386.3678755
60890,0,641.3949797,0,0,0,0,0
1936080,117.6065389,123.2058153,0,0,164.909083,0,0
853,495.6275569,297.1434369,0,578.4433447,0,0,0
2714927,294.0163473,231.9168288,604.3064788,299.9335861,946.057371,545.1513597,1092.488476
2597771,268.8149461,130.4532162,508.8896664,342.7812413,416.6124203,513.0836326,426.3369661
2024843,193.2107425,94.21621171,0,0,425.2918457,0,452.9830265
1592897,142.8079401,57.97920721,0,0,0,0,0
187304,294.0163473,340.6278423,0,749.8339653,0,0,0
2487063,268.8149461,79.72140991,0,0,460.0095474,0,213.168483
2951137,0,148.5717185,0,0,0,0,0
272131,168.0093413,97.83991216,413.4728539,0,225.665061,0,146.5533321
3049772,0,54.35550676,0,0,182.2679339,0,253.1375736
52764,0,43.48440541,0,0,260.3827627,0,0
202747,487.2270898,257.282732,890.5569161,449.9003792,460.0095474,1026.167265,413.0139359
2875539,0,0,0,0,0,0,0
754417,235.2130778,144.948018,0,0,121.5119559,352.7449974,146.5533321
301,184.8102755,264.5301329,0,0,381.8947186,0,226.4915132
5207,0,0,0,0,95.47367964,0,0
29430,218.4121437,130.4532162,0,0,234.3444864,416.8804515,333.0757547
212667,0,242.7879302,0,706.9863102,0,0,0
246,193.2107425,173.9376216,604.3064788,578.4433447,251.7033372,0,306.4296944
1191459,0,170.3139212,0,0,0,0,0
2605747,336.0186826,213.7983266,445.2784581,385.6288965,312.4593152,0,266.4606038
2904245,159.6088743,289.896036,445.2784581,235.6621034,156.2296576,0,146.5533321
1061,302.4168144,300.7671374,0,685.5624826,433.9712711,0,266.4606038
343,0,0,0,0,0,0,0
1416779,117.6065389,97.83991216,0,214.2382758,121.5119559,320.6772704,213.168483
3051121,0,97.83991216,0,0,0,0,0
2151,394.8219521,242.7879302,349.8616456,514.1718619,269.0621881,0,812.7048416
553239,168.0093413,206.5509257,349.8616456,342.7812413,138.8708068,0,0
2546356,117.6065389,79.72140991,0,407.052724,251.7033372,448.9481786,199.8454528
158822,310.8172814,228.2931284,445.2784581,235.6621034,225.665061,448.9481786,239.8145434
264023,403.2224192,235.5405293,318.0560415,278.5097586,607.5597795,0,519.5981774
2705473,226.8126108,181.1850225,572.5008747,407.052724,460.0095474,0,466.3060566
2148,0,43.48440541,0,0,0,0,0
2723089,218.4121437,119.5821149,795.1401037,0,138.8708068,0,0
3393449,260.414479,192.0561239,477.0840622,407.052724,694.3540338,384.8127245,479.6290868
2929510,344.4191497,173.9376216,667.9176871,0,130.1913813,577.2190867,253.1375736
263,0,0,0,0,0,0,0
1308,0,0,445.2784581,0,164.909083,0,266.4606038
1705566,193.2107425,112.334714,0,0,130.1913813,0,386.3678755
2867020,0,250.0353311,0,0,0,0,0
2921503,210.0116766,152.1954189,0,364.2050689,338.4975915,545.1513597,466.3060566
2841925,823.2457725,391.3596486,1240.418562,771.2577929,390.574144,1154.438173,333.0757547
2320140,0,2996.800273,0,0,0,0,0
1965231,0,72.47400901,0,0,208.3062101,0,0
40545,0,0,2258.197894,0,2152.497505,0,0
29497,0,170.3139212,0,0,0,0,0
983544,142.8079401,112.334714,0,214.2382758,208.3062101,673.4222678,239.8145434
327575,319.2177485,431.2203536,508.8896664,749.8339653,468.6889728,1218.573628,892.6430227
39496,210.0116766,188.4324234,445.2784581,235.6621034,433.9712711,609.2868138,266.4606038
2742683,546.0303593,250.0353311,572.5008747,685.5624826,468.6889728,481.0159056,0
72026,0,152.1954189,0,0,303.7798898,673.4222678,253.1375736
2930131,327.6182156,195.6798243,763.3344995,342.7812413,295.1004643,1058.234992,159.8763623
3350403,277.2154132,130.4532162,0,0,104.1531051,448.9481786,0
200991,579.6322276,398.6070495,1176.807353,578.4433447,329.818166,1026.167265,612.8593887
421767,428.4238204,253.6590315,1081.390541,0,989.4544981,737.5577219,879.3199925
76832,420.0233533,224.6694279,731.5288954,0,720.39231,0,0
80816,109.2060719,65.22660811,0,0,121.5119559,0,0
1648923,688.8382994,351.4989437,826.9457078,835.5292757,0,962.0318112,0
483913,0,0,0,0,0,0,0
2740405,0,86.96881081,0,0,225.665061,0,0
28189,0,61.60290766,0,0,121.5119559,0,0
2862460,394.8219521,217.422027,1017.779333,942.6484136,251.7033372,673.4222678,466.3060566
2954771,0,79.72140991,0,0,0,0,0
208962,0,86.96881081,0,0,0,0,186.5224227
95486,344.4191497,293.5197365,0,0,0,0,0
34087,0,0,0,0,0,0,0
28112,142.8079401,94.21621171,0,0,0,0,0
1580590,504.028024,235.5405293,477.0840622,514.1718619,95.47367964,352.7449974,0
76259,285.6158802,108.7110135,1081.390541,299.9335861,772.4688626,0,359.7218151
2703787,268.8149461,195.6798243,0,428.4765516,442.6506965,801.693176,386.3678755
2093780,0,0,0,0,642.2774812,0,532.9212076
2497879,268.8149461,224.6694279,0,428.4765516,138.8708068,0,333.0757547
2929800,0,0,508.8896664,0,329.818166,0,626.1824189
2487072,201.6112096,173.9376216,0,0,260.3827627,0,0
3418555,201.6112096,86.96881081,349.8616456,214.2382758,321.1387406,0,293.1066642
2949996,369.6205509,380.4885473,0,235.6621034,86.79425422,0,0
1970093,0,39.86070495,0,0,0,0,0
1390,277.2154132,123.2058153,0,0,0,0,519.5981774
1854492,201.6112096,202.9272252,349.8616456,0,0,641.3545408,0
2879427,0,0,0,0,0,0,0
2108365,478.8266228,311.6382387,0,449.9003792,546.8038016,0,373.0448453
264686,159.6088743,72.47400901,0,0,86.79425422,0,0
1970738,84.00467066,79.72140991,0,0,0,0,0
2571030,386.421485,304.3908378,0,728.4101378,147.5502322,0,479.6290868
563172,277.2154132,235.5405293,0,299.9335861,243.0239118,352.7449974,519.5981774
3075618,470.4261557,275.4012342,477.0840622,578.4433447,373.2152931,0,599.5363585
1263550,0,50.73180631,0,0,0,0,0
180282,445.2247545,289.896036,0,0,0,0,0
861,0,115.9584144,0,0,555.483227,0,146.5533321
571,0,0,0,0,0,0,0
2292766,512.428491,239.1642297,413.4728539,407.052724,650.9569067,513.0836326,572.8902982
573570,109.2060719,94.21621171,0,0,0,0,0
111781,84.00467066,144.948018,0,0,0,0,0
1247712,0,50.73180631,0,0,0,0,0
2050967,0,0,0,0,182.2679339,448.9481786,466.3060566
28213,0,0,0,0,0,0,0
512649,436.8242874,293.5197365,572.5008747,364.2050689,460.0095474,1250.641355,319.7527246
5866,478.8266228,329.756741,699.7232912,342.7812413,833.2248405,481.0159056,146.5533321
29324,327.6182156,228.2931284,477.0840622,449.9003792,616.239205,481.0159056,945.9351435
687,109.2060719,166.6902207,0,0,0,0,0
2665914,487.2270898,329.756741,667.9176871,599.8671723,251.7033372,352.7449974,293.1066642
641107,235.2130778,144.948018,0,0,130.1913813,0,239.8145434
1571,92.40513773,83.34511036,0,0,156.2296576,0,0
1785996,134.4074731,83.34511036,0,235.6621034,121.5119559,0,159.8763623
2672567,235.2130778,137.7006171,0,342.7812413,243.0239118,0,319.7527246
2715131,403.2224192,210.1746261,445.2784581,364.2050689,147.5502322,609.2868138,146.5533321
2686363,310.8172814,192.0561239,0,214.2382758,225.665061,962.0318112,199.8454528
574376,294.0163473,231.9168288,477.0840622,557.0195171,234.3444864,929.9640841,319.7527246
3080015,0,0,0,0,0,0,0
2024849,0,94.21621171,0,0,112.8325305,609.2868138,0
421058,142.8079401,68.85030856,349.8616456,0,364.5358677,0,319.7527246
371142,117.6065389,115.9584144,0,0,0,0,706.1206001
1473112,714.0397006,409.4781509,1749.308228,685.5624826,112.8325305,577.2190867,133.2303019
3439050,126.007006,72.47400901,0,0,0,0,253.1375736
2590012,361.2200838,199.3035248,1208.612958,321.3574137,225.665061,737.5577219,239.8145434
2864040,554.4308264,394.9833491,731.5288954,535.5956895,755.1100117,416.8804515,692.7975699
215813,0,391.3596486,0,856.9531032,0,0,0
2976818,0,0,0,0,112.8325305,0,492.952117
3060758,344.4191497,271.7775338,540.6952705,299.9335861,286.4210389,545.1513597,466.3060566
1498,151.2084072,163.0665203,0,0,364.5358677,0,306.4296944
1413,243.6135449,155.8191194,318.0560415,428.4765516,234.3444864,0,266.4606038
2686304,697.2387665,282.6486351,0,706.9863102,0,0,333.0757547
1826872,285.6158802,177.5613221,508.8896664,0,86.79425422,609.2868138,492.952117
1310165,0,54.35550676,0,0,0,0,0
708186,142.8079401,514.565464,0,278.5097586,486.0478236,416.8804515,306.4296944
745310,554.4308264,300.7671374,0,1199.734345,321.1387406,1186.5059,0
1859122,0,0,0,0,0,0,0
1803846,336.0186826,308.0145383,0,0,277.7416135,416.8804515,359.7218151
3463334,0,86.96881081,0,0,0,0,0
2975697,1629.690611,724.7400901,0,0,1284.554962,0,1239.041808
28095,134.4074731,130.4532162,0,278.5097586,269.0621881,0,0
2775080,243.6135449,195.6798243,0,0,312.4593152,0,679.4745397
29341,310.8172814,224.6694279,381.6672498,214.2382758,95.47367964,352.7449974,0
2758563,260.414479,134.0769167,0,235.6621034,112.8325305,0,186.5224227
195250,0,47.10810586,0,0,0,0,0
80866,0,0,954.1681244,0,433.9712711,1122.370446,466.3060566
2952571,168.0093413,115.9584144,0,321.3574137,243.0239118,0,0
260364,168.0093413,144.948018,0,0,659.6363321,0,1372.27211
413402,126.007006,155.8191194,0,449.9003792,286.4210389,0,692.7975699
2714924,0,0,0,0,0,0,0
2906078,260.414479,173.9376216,0,342.7812413,0,384.8127245,173.1993925
279058,100.8056048,115.9584144,0,299.9335861,0,0,186.5224227
279322,176.4098084,61.60290766,604.3064788,321.3574137,208.3062101,0,173.1993925
92644,0,257.282732,0,0,0,0,0
3149230,134.4074731,105.0873131,0,321.3574137,225.665061,0,253.1375736
2095,327.6182156,144.948018,0,0,269.0621881,0,359.7218151
3230970,310.8172814,279.0249347,445.2784581,342.7812413,329.818166,673.4222678,386.3678755
72361,0,0,0,0,0,0,306.4296944
2908842,201.6112096,337.0041419,604.3064788,407.052724,173.5885084,352.7449974,346.3987849
2782006,462.0256886,228.2931284,604.3064788,385.6288965,598.8803541,320.6772704,466.3060566
927083,0,0,0,471.3242068,147.5502322,0,0
2164067,126.007006,797.2140991,0,278.5097586,0,0,0
1176649,940.8523114,702.9978874,0,1392.548793,0,0,0
2986835,0,36.2370045,0,0,112.8325305,0,519.5981774
238,0,36.2370045,0,0,468.6889728,0,333.0757547
83656,176.4098084,86.96881081,0,0,0,0,293.1066642
2906456,436.8242874,293.5197365,477.0840622,449.9003792,694.3540338,673.4222678,599.5363585
2937442,0,0,0,0,269.0621881,0,0
326329,142.8079401,130.4532162,0,342.7812413,0,0,0
1850254,352.8196168,2696.033135,0,0,0,0,0
2059726,260.414479,137.7006171,667.9176871,0,755.1100117,609.2868138,706.1206001
398053,378.021018,199.3035248,508.8896664,299.9335861,199.6267847,0,213.168483
54299,0,0,0,0,0,0,0
158899,0,50.73180631,0,0,0,0,0
1816218,142.8079401,94.21621171,0,0,0,0,0
2508722,0,0,0,0,0,0,0
1617283,184.8102755,188.4324234,0,0,0,0,0
80842,0,0,0,0,0,0,0
217159,0,43.48440541,0,0,0,0,0
1805431,268.8149461,184.808723,0,0,0,0,319.7527246
1965332,109.2060719,369.6174459,0,257.085931,381.8947186,0,0
2325,579.6322276,369.6174459,0,706.9863102,225.665061,0,0
86668,126.007006,105.0873131,381.6672498,0,225.665061,0,413.0139359
3447504,268.8149461,184.808723,0,257.085931,0,0,173.1993925
2572090,285.6158802,101.4636126,445.2784581,471.3242068,112.8325305,0,0
1336,319.2177485,202.9272252,0,514.1718619,243.0239118,0,373.0448453
73913,243.6135449,159.4428198,0,214.2382758,130.1913813,320.6772704,266.4606038
328515,0,43.48440541,0,0,156.2296576,0,506.2751472
2022740,319.2177485,576.1683716,0,364.2050689,0,0,0
33923,218.4121437,181.1850225,381.6672498,278.5097586,425.2918457,0,413.0139359
2823693,134.4074731,115.9584144,0,0,112.8325305,0,0
3135641,0,0,0,0,0,0,0
89152,109.2060719,126.8295158,0,0,0,0,199.8454528
709883,352.8196168,195.6798243,604.3064788,728.4101378,381.8947186,0,839.350902
2918526,134.4074731,97.83991216,0,0,0,0,0
1278212,0,1040.002029,0,0,0,0,0
3457544,193.2107425,173.9376216,699.7232912,364.2050689,260.3827627,352.7449974,399.6909057
2899121,0,0,0,0,251.7033372,352.7449974,466.3060566
2679963,529.2294252,297.1434369,0,814.1054481,572.8420779,577.2190867,466.3060566
161398,92.40513773,282.6486351,0,364.2050689,112.8325305,673.4222678,519.5981774
1848904,0,112.334714,0,0,0,0,0
446683,319.2177485,221.0457275,0,257.085931,711.7128846,384.8127245,799.3818114
2614441,0,76.09770946,826.9457078,0,0,0,0
1660079,302.4168144,195.6798243,413.4728539,385.6288965,277.7416135,352.7449974,452.9830265
3426221,588.0326946,268.1538333,604.3064788,557.0195171,607.5597795,609.2868138,706.1206001
1723361,302.4168144,413.1018513,858.751312,278.5097586,260.3827627,0,532.9212076
137584,117.6065389,137.7006171,922.3625203,0,876.6219676,384.8127245,479.6290868
29498,243.6135449,587.039473,0,514.1718619,147.5502322,0,213.168483
282676,92.40513773,79.72140991,0,0,234.3444864,0,146.5533321
3028318,277.2154132,112.334714,1240.418562,0,199.6267847,1058.234992,306.4296944
2698686,0,83.34511036,0,0,112.8325305,0,226.4915132
3070678,184.8102755,155.8191194,318.0560415,535.5956895,312.4593152,833.760903,559.567268
1434103,319.2177485,108.7110135,0,364.2050689,225.665061,0,239.8145434
544433,109.2060719,79.72140991,0,0,0,0,0
3158229,529.2294252,300.7671374,508.8896664,428.4765516,321.1387406,0,1159.103627
232259,352.8196168,192.0561239,0,0,86.79425422,0,133.2303019
1050638,0,0,0,0,468.6889728,0,0
2766984,159.6088743,137.7006171,0,0,112.8325305,0,186.5224227
2932268,117.6065389,159.4428198,0,0,104.1531051,0,213.168483
2651167,134.4074731,68.85030856,0,0,156.2296576,0,133.2303019
36746,0,0,0,0,0,0,0
28072,0,57.97920721,381.6672498,0,433.9712711,0,133.2303019
2906798,0,68.85030856,0,0,0,0,0
82996,520.8289581,289.896036,1049.584937,407.052724,486.0478236,0,479.6290868
3070997,327.6182156,257.282732,381.6672498,321.3574137,260.3827627,320.6772704,293.1066642
575378,277.2154132,188.4324234,0,214.2382758,312.4593152,416.8804515,399.6909057
2744227,92.40513773,57.97920721,0,0,0,0,0
3080013,0,0,0,0,0,0,0
2975793,0,0,0,0,0,0,0
45634,0,0,0,0,121.5119559,0,199.8454528
1686,369.6205509,210.1746261,667.9176871,706.9863102,312.4593152,737.5577219,492.952117
2835648,0,0,0,0,0,0,0
33031,117.6065389,101.4636126,0,0,0,0,0
2058175,92.40513773,108.7110135,0,0,0,0,159.8763623
2527978,0,0,0,0,182.2679339,416.8804515,0
633807,0,0,0,0,0,0,0
3230981,487.2270898,181.1850225,1272.224166,685.5624826,859.2631168,0,1039.196355
2976768,109.2060719,130.4532162,0,0,286.4210389,0,279.783634
930805,0,0,0,621.2909999,104.1531051,0,0
280473,268.8149461,202.9272252,0,321.3574137,130.1913813,0,359.7218151
170679,0,231.9168288,0,0,0,0,0
1849015,84.00467066,1685.020709,0,0,104.1531051,0,0
2750025,1512.084072,648.6423806,0,2399.468689,0,0,0
2529032,142.8079401,184.808723,381.6672498,0,243.0239118,0,0
2022749,0,159.4428198,0,0,0,0,0
2775420,520.8289581,895.0540113,0,0,0,0,0
357794,470.4261557,427.5966532,445.2784581,514.1718619,234.3444864,577.2190867,186.5224227
2859768,218.4121437,224.6694279,0,449.9003792,199.6267847,0,306.4296944
110321,0,119.5821149,0,0,0,0,0
56458,193.2107425,199.3035248,636.1120829,342.7812413,138.8708068,0,559.567268
2708301,0,0,0,557.0195171,0,0,0
381046,201.6112096,177.5613221,0,0,251.7033372,448.9481786,279.783634
2751178,0,228.2931284,0,0,121.5119559,0,0
3009078,0,0,0,0,0,0,0
1193713,0,170.3139212,0,0,86.79425422,801.693176,186.5224227
1717717,126.007006,86.96881081,0,0,104.1531051,0,0
2785025,134.4074731,144.948018,0,0,251.7033372,0,133.2303019
2764326,0,76.09770946,0,0,0,0,0
2903657,0,0,0,0,0,0,0
165435,411.6228862,144.948018,0,407.052724,0,0,0
676,252.014012,561.6735698,0,0,303.7798898,0,532.9212076
2914041,142.8079401,72.47400901,0,0,0,513.0836326,0
762954,168.0093413,141.3243176,0,0,173.5885084,481.0159056,426.3369661
2583851,201.6112096,144.948018,667.9176871,257.085931,390.574144,577.2190867,373.0448453
63186,201.6112096,387.7359482,0,0,407.9329948,0,159.8763623
168935,0,105.0873131,0,0,0,0,0
1660076,470.4261557,311.6382387,540.6952705,578.4433447,112.8325305,513.0836326,159.8763623
1080068,0,0,0,0,295.1004643,0,0
1494,285.6158802,181.1850225,477.0840622,214.2382758,538.1243762,0,532.9212076
505249,0,1402.372074,0,0,0,0,0
2686365,0,79.72140991,445.2784581,0,164.909083,0,0
2047,0,0,0,0,0,0,0
29484,646.8359641,322.5093401,0,0,303.7798898,769.6254489,399.6909057
2665645,352.8196168,213.7983266,540.6952705,385.6288965,642.2774812,481.0159056,133.2303019
387093,0,0,0,0,0,0,0
36809,0,0,0,0,0,0,0
97084,117.6065389,97.83991216,0,235.6621034,121.5119559,0,186.5224227
2884875,210.0116766,79.72140991,0,235.6621034,3280.82281,0,0
712362,0,65.22660811,0,0,0,545.1513597,279.783634
1254,260.414479,152.1954189,0,0,156.2296576,0,279.783634
40091,159.6088743,94.21621171,381.6672498,407.052724,364.5358677,481.0159056,546.2442378
28229,0,134.0769167,0,0,251.7033372,513.0836326,466.3060566
2528018,176.4098084,105.0873131,477.0840622,364.2050689,321.1387406,0,266.4606038
624315,302.4168144,181.1850225,636.1120829,492.7480344,234.3444864,545.1513597,226.4915132
1610,453.6252216,206.5509257,445.2784581,492.7480344,234.3444864,0,333.0757547
2895980,630.0350299,384.1122477,413.4728539,664.138655,381.8947186,769.6254489,373.0448453
1515,151.2084072,115.9584144,508.8896664,0,251.7033372,0,253.1375736
3137860,134.4074731,362.370045,413.4728539,0,0,0,0
2756,117.6065389,57.97920721,0,0,277.7416135,0,0
1775173,277.2154132,228.2931284,0,257.085931,234.3444864,0,0
2835531,0,0,0,0,0,0,0
1936,478.8266228,130.4532162,1304.02977,1071.191379,0,1154.438173,0
1923,302.4168144,195.6798243,0,706.9863102,572.8420779,641.3545408,506.2751472
1155388,0,0,0,0,0,0,0
3388429,588.0326946,420.3492522,763.3344995,471.3242068,407.9329948,673.4222678,439.6599963
2779445,184.8102755,181.1850225,604.3064788,0,199.6267847,609.2868138,386.3678755
436114,0,0,0,0,0,0,0
3040348,0,97.83991216,0,0,0,0,0
3453416,159.6088743,152.1954189,349.8616456,235.6621034,355.8564423,0,479.6290868
99598,126.007006,65.22660811,0,299.9335861,138.8708068,448.9481786,133.2303019
3074124,193.2107425,192.0561239,0,0,494.7272491,384.8127245,386.3678755
576610,142.8079401,86.96881081,445.2784581,0,199.6267847,0,266.4606038
147802,201.6112096,134.0769167,477.0840622,0,572.8420779,0,732.7666604
2821514,109.2060719,554.4261689,0,0,182.2679339,0,0
2303529,0,0,0,0,0,0,0
995,0,57.97920721,0,0,104.1531051,0,266.4606038
2731755,0,65.22660811,0,0,269.0621881,0,0
2893886,0,195.6798243,413.4728539,278.5097586,468.6889728,384.8127245,186.5224227
191495,0,0,0,0,0,0,0
1913577,798.0443713,318.8856396,667.9176871,385.6288965,329.818166,801.693176,279.783634
1032072,0,1587.180797,0,0,251.7033372,0,213.168483
40137,386.421485,228.2931284,0,299.9335861,182.2679339,609.2868138,0
657419,268.8149461,369.6174459,0,0,0,0,0
3100173,226.8126108,496.4469617,0,449.9003792,243.0239118,0,452.9830265
2759528,268.8149461,170.3139212,0,0,156.2296576,0,173.1993925
1179672,319.2177485,148.5717185,0,342.7812413,147.5502322,0,199.8454528
3240913,319.2177485,315.2619392,763.3344995,578.4433447,295.1004643,0,652.8284793
260554,495.6275569,217.422027,0,685.5624826,321.1387406,801.693176,293.1066642
35795,0,0,0,0,0,0,0
3109366,277.2154132,300.7671374,0,321.3574137,373.2152931,416.8804515,306.4296944
2267699,663.6368982,351.4989437,0,1135.462862,251.7033372,705.4899949,226.4915132
47770,243.6135449,105.0873131,0,0,147.5502322,0,359.7218151
29394,0,0,0,0,0,0,0
2714947,310.8172814,148.5717185,381.6672498,299.9335861,234.3444864,545.1513597,173.1993925
1255,210.0116766,119.5821149,0,407.052724,112.8325305,481.0159056,479.6290868
57029,243.6135449,119.5821149,572.5008747,0,104.1531051,448.9481786,439.6599963
29329,428.4238204,304.3908378,572.5008747,557.0195171,199.6267847,641.3545408,772.735751
477680,0,50.73180631,0,0,0,0,0
43263,327.6182156,221.0457275,826.9457078,685.5624826,269.0621881,0,186.5224227
361101,201.6112096,246.4116306,572.5008747,428.4765516,312.4593152,0,266.4606038
1519,134.4074731,79.72140991,572.5008747,214.2382758,0,0,0
101571,352.8196168,217.422027,0,664.138655,581.5215033,0,0
3058402,243.6135449,141.3243176,667.9176871,471.3242068,529.4449507,384.8127245,626.1824189
3047871,134.4074731,199.3035248,381.6672498,407.052724,164.909083,416.8804515,159.8763623
218284,184.8102755,155.8191194,477.0840622,428.4765516,642.2774812,448.9481786,799.3818114
2136147,126.007006,76.09770946,0,0,0,0,0
3160830,226.8126108,297.1434369,0,0,0,0,386.3678755
761,0,36.2370045,0,0,0,0,0
1653434,428.4238204,250.0353311,0,642.7148274,243.0239118,577.2190867,519.5981774
1737571,151.2084072,159.4428198,318.0560415,0,130.1913813,320.6772704,213.168483
128785,151.2084072,177.5613221,0,0,0,0,0
2937786,0,101.4636126,0,0,0,0,0
2527995,0,0,0,0,0,0,0
33945,319.2177485,297.1434369,0,492.7480344,182.2679339,577.2190867,0
33169,302.4168144,144.948018,0,0,295.1004643,0,0
712357,184.8102755,137.7006171,0,0,407.9329948,0,626.1824189
1164,260.414479,119.5821149,0,0,0,0,0
3100987,126.007006,434.8440541,381.6672498,235.6621034,243.0239118,0,0
1467,100.8056048,213.7983266,922.3625203,364.2050689,364.5358677,577.2190867,452.9830265
484770,184.8102755,137.7006171,0,0,312.4593152,513.0836326,146.5533321
2602769,252.014012,170.3139212,445.2784581,278.5097586,104.1531051,416.8804515,266.4606038
43080,268.8149461,192.0561239,0,385.6288965,0,0,0
548579,495.6275569,434.8440541,0,0,0,0,586.2133284
728,0,61.60290766,0,0,112.8325305,481.0159056,0
2895796,0,134.0769167,0,0,0,0,0
1548,117.6065389,101.4636126,0,0,0,0,0
2855394,210.0116766,384.1122477,318.0560415,235.6621034,199.6267847,0,213.168483
2714926,512.428491,333.3804414,1145.001749,342.7812413,381.8947186,577.2190867,266.4606038
487559,0,0,0,0,0,0,0
2358187,0,112.334714,826.9457078,0,112.8325305,769.6254489,0
1847728,84.00467066,57.97920721,0,0,86.79425422,0,0
40542,134.4074731,72.47400901,0,0,95.47367964,0,0
561061,352.8196168,210.1746261,477.0840622,235.6621034,182.2679339,545.1513597,319.7527246
3031802,0,0,0,0,0,0,0
58049,184.8102755,90.59251126,0,0,0,0,159.8763623
2774694,352.8196168,213.7983266,699.7232912,0,460.0095474,0,1012.550294
1646498,428.4238204,260.9064324,0,621.2909999,286.4210389,577.2190867,199.8454528
68886,126.007006,83.34511036,0,0,373.2152931,416.8804515,319.7527246
665099,579.6322276,445.7151554,0,0,0,0,0
2086471,100.8056048,79.72140991,0,0,190.9473593,0,186.5224227
1982626,378.021018,235.5405293,0,428.4765516,0,0,266.4606038
1855875,428.4238204,184.808723,667.9176871,449.9003792,798.5071388,481.0159056,905.9660529
2249476,369.6205509,192.0561239,699.7232912,492.7480344,216.9856356,641.3545408,293.1066642
2895947,210.0116766,76.09770946,0,0,0,0,0
2903809,0,0,0,0,0,0,0
2905121,268.8149461,177.5613221,445.2784581,235.6621034,156.2296576,0,279.783634
1324352,226.8126108,76.09770946,0,235.6621034,277.7416135,0,359.7218151
1247,0,0,0,0,182.2679339,0,0
2608253,176.4098084,126.8295158,0,342.7812413,112.8325305,545.1513597,266.4606038
1535204,336.0186826,206.5509257,1208.612958,0,199.6267847,0,426.3369661
218490,252.014012,337.0041419,1081.390541,0,0,705.4899949,612.8593887
674529,285.6158802,192.0561239,604.3064788,0,0,513.0836326,439.6599963
288965,117.6065389,141.3243176,0,0,0,0,0
3434999,0,0,0,0,0,0,0
2874213,0,57.97920721,0,0,0,0,0
1566379,0,0,0,0,0,0,0
156213,226.8126108,141.3243176,0,321.3574137,277.7416135,0,186.5224227
2010828,142.8079401,130.4532162,0,0,112.8325305,0,0
849,193.2107425,152.1954189,477.0840622,385.6288965,668.3157575,384.8127245,559.567268
1812935,260.414479,166.6902207,508.8896664,428.4765516,0,737.5577219,0
1006576,126.007006,61.60290766,0,0,0,994.0995382,0
38875,0,0,0,0,0,0,0
702745,352.8196168,239.1642297,349.8616456,0,121.5119559,0,346.3987849
320787,84.00467066,105.0873131,0,0,112.8325305,0,0
5679,0,0,0,0,0,0,0
2813578,0,65.22660811,0,0,0,0,0
39956,302.4168144,192.0561239,572.5008747,557.0195171,321.1387406,769.6254489,466.3060566
3070683,394.8219521,253.6590315,0,449.9003792,0,0,0
28090,294.0163473,166.6902207,0,578.4433447,0,0,0
2130,336.0186826,144.948018,445.2784581,278.5097586,633.5980558,545.1513597,599.5363585
326544,0,61.60290766,0,0,0,0,0
251747,184.8102755,115.9584144,0,706.9863102,1110.966454,481.0159056,1252.364838
722472,0,101.4636126,0,0,0,0,0
371036,184.8102755,166.6902207,0,0,95.47367964,0,0
1804986,176.4098084,148.5717185,0,0,0,0,0
142650,0,0,0,0,0,0,0
213,168.0093413,112.334714,0,235.6621034,243.0239118,384.8127245,146.5533321
1334,352.8196168,0,0,0,0,0,0
263475,470.4261557,304.3908378,0,492.7480344,0,0,0
1252,0,0,0,0,0,0,0
2293317,0,97.83991216,0,0,130.1913813,416.8804515,146.5533321
2528024,0,0,0,278.5097586,0,0,0
2547394,201.6112096,181.1850225,413.4728539,407.052724,138.8708068,0,306.4296944
3048005,243.6135449,231.9168288,0,0,0,0,0
2920939,403.2224192,322.5093401,604.3064788,514.1718619,104.1531051,577.2190867,0
291208,260.414479,97.83991216,763.3344995,278.5097586,260.3827627,0,253.1375736
2774656,0,0,0,0,0,0,0
66219,193.2107425,152.1954189,381.6672498,0,364.5358677,0,226.4915132
2731220,0,0,0,0,86.79425422,0,0
700220,151.2084072,72.47400901,0,0,0,0,0
578924,0,57.97920721,0,0,0,0,0
1609531,0,351.4989437,0,0,1050.210476,0,1385.59514
726,84.00467066,123.2058153,0,0,216.9856356,0,199.8454528
381,0,340.6278423,0,0,0,0,0
2977321,445.2247545,329.756741,0,385.6288965,286.4210389,0,0
2745197,277.2154132,199.3035248,445.2784581,0,555.483227,481.0159056,399.6909057
36835,184.8102755,134.0769167,381.6672498,0,451.3301219,320.6772704,692.7975699
2974039,0,68.85030856,381.6672498,0,156.2296576,545.1513597,0
859,268.8149461,155.8191194,604.3064788,364.2050689,355.8564423,0,519.5981774
1452732,176.4098084,126.8295158,0,0,112.8325305,0,0
2760713,226.8126108,144.948018,826.9457078,342.7812413,260.3827627,384.8127245,146.5533321
2886352,0,0,0,0,0,352.7449974,0
2268026,168.0093413,188.4324234,0,257.085931,147.5502322,352.7449974,0
3112573,0,0,0,0,0,0,0
2528593,142.8079401,79.72140991,381.6672498,235.6621034,173.5885084,0,146.5533321
84378,0,39.86070495,0,0,95.47367964,0,0
1018,0,0,0,0,0,0,0
1501662,0,47.10810586,0,0,0,0,0
1936081,168.0093413,115.9584144,0,299.9335861,112.8325305,448.9481786,0
3230488,0,47.10810586,0,0,0,0,0
86304,218.4121437,177.5613221,0,257.085931,147.5502322,0,199.8454528
28223,159.6088743,105.0873131,0,235.6621034,182.2679339,352.7449974,239.8145434
200415,0,0,0,0,104.1531051,0,133.2303019
1353260,268.8149461,181.1850225,477.0840622,278.5097586,286.4210389,513.0836326,319.7527246
3019969,0,0,0,0,0,0,0
1173032,0,101.4636126,0,235.6621034,164.909083,0,173.1993925
689904,151.2084072,148.5717185,667.9176871,235.6621034,460.0095474,352.7449974,439.6599963
2735723,336.0186826,308.0145383,604.3064788,599.8671723,598.8803541,0,839.350902
496057,378.021018,210.1746261,318.0560415,342.7812413,355.8564423,0,466.3060566
1486245,411.6228862,213.7983266,0,492.7480344,147.5502322,0,266.4606038
3374196,0,115.9584144,0,0,295.1004643,0,0
171284,201.6112096,134.0769167,349.8616456,0,321.1387406,0,226.4915132
248906,394.8219521,192.0561239,318.0560415,407.052724,86.79425422,609.2868138,0
324079,0,0,0,0,0,0,0
2925845,109.2060719,39.86070495,0,0,0,0,0
394958,252.014012,257.282732,604.3064788,321.3574137,112.8325305,0,0
3243376,0,0,0,0,0,0,0
170861,92.40513773,79.72140991,477.0840622,0,225.665061,0,0
2954511,0,0,0,0,0,0,0
162,0,0,0,0,0,0,0
3060302,134.4074731,65.22660811,0,0,173.5885084,0,173.1993925
2219224,327.6182156,188.4324234,0,921.224586,164.909083,0,0
68569,504.028024,318.8856396,0,771.2577929,0,737.5577219,0
1752063,142.8079401,65.22660811,0,0,95.47367964,0,0
45658,0,253.6590315,0,0,86.79425422,0,0
2984951,92.40513773,61.60290766,413.4728539,0,0,0,0
2795974,0,0,0,407.052724,199.6267847,0,0
75985,0,170.3139212,0,0,0,0,0
837,327.6182156,141.3243176,508.8896664,235.6621034,303.7798898,384.8127245,213.168483
158327,966.0537126,384.1122477,667.9176871,685.5624826,190.9473593,416.8804515,373.0448453
2026186,739.2411018,152.1954189,0,0,0,0,0
2502779,126.007006,86.96881081,0,0,0,0,0
312279,100.8056048,57.97920721,0,0,0,0,173.1993925
1217282,285.6158802,170.3139212,0,342.7812413,381.8947186,1058.234992,359.7218151
305,0,68.85030856,0,0,260.3827627,0,0
3037479,0,68.85030856,0,0,0,0,0
1481672,243.6135449,181.1850225,604.3064788,299.9335861,243.0239118,0,0
1249,0,54.35550676,0,0,0,0,0
2892442,924.0513773,753.7296937,0,0,1440.78462,0,786.0587812
1871111,0,61.60290766,0,0,260.3827627,0,0
691,142.8079401,376.8648468,0,0,164.909083,0,0
2885764,302.4168144,141.3243176,540.6952705,385.6288965,572.8420779,448.9481786,532.9212076
3234137,0,65.22660811,0,0,0,0,0
3382641,243.6135449,206.5509257,381.6672498,299.9335861,295.1004643,0,452.9830265
2813371,235.2130778,0,0,0,0,865.8286301,692.7975699
2293862,0,130.4532162,0,471.3242068,0,0,719.4436303
2070537,436.8242874,188.4324234,0,557.0195171,303.7798898,577.2190867,319.7527246
135577,369.6205509,333.3804414,0,407.052724,251.7033372,641.3545408,0
3038772,0,112.334714,0,0,0,0,0
2724896,134.4074731,108.7110135,0,0,182.2679339,448.9481786,0
1892382,0,0,0,0,147.5502322,0,0
2493630,151.2084072,365.9937455,0,0,0,0,0
1396826,0,311.6382387,0,0,0,0,0
2057808,336.0186826,210.1746261,0,321.3574137,277.7416135,0,186.5224227
1580,0,43.48440541,0,0,0,0,0
206042,100.8056048,119.5821149,0,0,130.1913813,0,0
5059,462.0256886,163.0665203,0,921.224586,0,0,0
2903876,361.2200838,376.8648468,3053.337998,0,0,0,0
2201271,394.8219521,195.6798243,0,321.3574137,416.6124203,0,532.9212076
39152,92.40513773,86.96881081,413.4728539,0,130.1913813,384.8127245,0
3239929,159.6088743,72.47400901,0,342.7812413,112.8325305,513.0836326,226.4915132
1337936,0,72.47400901,0,342.7812413,0,0,159.8763623
2911539,0,0,0,0,0,0,0
3096220,0,0,0,0,0,0,0
3101350,0,141.3243176,0,321.3574137,0,0,0
221066,84.00467066,213.7983266,0,0,0,0,0
1055487,0,0,0,0,0,0,0
137591,0,0,0,0,0,0,0
29507,672.0373653,115.9584144,0,0,763.7894371,0,239.8145434
28080,0,90.59251126,0,0,295.1004643,0,173.1993925
1497,210.0116766,250.0353311,0,214.2382758,234.3444864,416.8804515,173.1993925
1755241,117.6065389,130.4532162,0,0,95.47367964,0,0
3065157,344.4191497,630.5238784,699.7232912,299.9335861,286.4210389,320.6772704,0
1005962,92.40513773,65.22660811,0,0,130.1913813,0,439.6599963
2856523,294.0163473,231.9168288,0,0,164.909083,513.0836326,0
2497456,344.4191497,192.0561239,413.4728539,514.1718619,746.4305863,0,452.9830265
111844,0,0,795.1401037,0,798.5071388,0,1012.550294
3133334,352.8196168,184.808723,1081.390541,0,269.0621881,0,639.5054491
554880,445.2247545,293.5197365,477.0840622,792.6816205,173.5885084,609.2868138,186.5224227
2929803,0,57.97920721,0,0,225.665061,0,0
76761,386.421485,235.5405293,0,1156.886689,581.5215033,0,426.3369661
1312072,126.007006,115.9584144,0,0,0,0,0
3126507,201.6112096,105.0873131,0,557.0195171,199.6267847,0,133.2303019
3045158,134.4074731,184.808723,349.8616456,321.3574137,269.0621881,384.8127245,0
80850,176.4098084,137.7006171,0,471.3242068,269.0621881,1443.047717,199.8454528
2486578,0,0,0,0,0,0,0
2878915,176.4098084,72.47400901,0,0,0,320.6772704,173.1993925
167642,159.6088743,148.5717185,318.0560415,278.5097586,581.5215033,0,479.6290868
2792977,168.0093413,0,0,0,0,0,0
2602015,193.2107425,365.9937455,0,0,0,0,0
29575,0,0,0,0,0,0,0
401619,218.4121437,119.5821149,413.4728539,257.085931,121.5119559,0,186.5224227
435897,159.6088743,86.96881081,0,0,338.4975915,0,0
1751286,0,86.96881081,0,0,130.1913813,0,173.1993925
1983719,344.4191497,188.4324234,0,257.085931,173.5885084,0,319.7527246
454,134.4074731,83.34511036,0,257.085931,147.5502322,0,0
182710,193.2107425,126.8295158,445.2784581,0,295.1004643,0,373.0448453
208224,310.8172814,387.7359482,0,0,0,0,0
221027,352.8196168,333.3804414,0,728.4101378,164.909083,416.8804515,506.2751472
384636,260.414479,173.9376216,318.0560415,257.085931,147.5502322,0,226.4915132
2593672,0,413.1018513,318.0560415,0,347.1770169,673.4222678,0
204042,0,394.9833491,0,0,0,0,413.0139359
312277,0,36.2370045,381.6672498,0,364.5358677,416.8804515,133.2303019
2305508,336.0186826,119.5821149,0,321.3574137,390.574144,0,719.4436303
2169540,420.0233533,141.3243176,413.4728539,428.4765516,338.4975915,0,612.8593887
2831780,0,76.09770946,0,0,0,0,0
216934,268.8149461,206.5509257,890.5569161,364.2050689,0,0,0
3420668,142.8079401,152.1954189,0,749.8339653,0,0,0
703,218.4121437,206.5509257,0,257.085931,0,513.0836326,0
1031542,319.2177485,119.5821149,636.1120829,214.2382758,286.4210389,545.1513597,279.783634
2038411,210.0116766,166.6902207,636.1120829,278.5097586,277.7416135,0,0
1499683,386.421485,221.0457275,0,321.3574137,0,0,239.8145434
386487,92.40513773,0,0,0,0,0,0
3036126,319.2177485,246.4116306,0,257.085931,95.47367964,0,439.6599963
2487064,327.6182156,188.4324234,763.3344995,428.4765516,190.9473593,0,359.7218151
3238630,0,0,0,0,0,0,0
3109030,243.6135449,148.5717185,826.9457078,278.5097586,95.47367964,481.0159056,0
1933929,0,0,0,0,0,0,399.6909057
2672570,201.6112096,112.334714,0,385.6288965,0,0,159.8763623
1935204,201.6112096,637.7712793,0,0,216.9856356,0,266.4606038
2107,0,0,604.3064788,0,0,0,0
29581,252.014012,137.7006171,0,514.1718619,216.9856356,0,266.4606038
47478,310.8172814,271.7775338,0,385.6288965,0,0,373.0448453
180957,0,166.6902207,0,0,0,0,0
1608473,0,0,0,0,0,0,0
2907205,0,0,699.7232912,0,0,0,466.3060566
538381,260.414479,409.4781509,0,0,0,0,0
150055,302.4168144,181.1850225,0,428.4765516,755.1100117,1058.234992,0
1616788,285.6158802,235.5405293,477.0840622,278.5097586,251.7033372,320.6772704,253.1375736
3394321,504.028024,253.6590315,572.5008747,557.0195171,321.1387406,416.8804515,413.0139359
2862509,327.6182156,159.4428198,0,428.4765516,95.47367964,0,146.5533321
1014,0,97.83991216,0,0,260.3827627,0,0
2267264,0,94.21621171,0,0,0,0,0
2975666,0,0,0,0,0,0,0
1302,134.4074731,47.10810586,0,278.5097586,243.0239118,0,199.8454528
2809031,0,68.85030856,0,0,0,0,0
1795355,184.8102755,188.4324234,540.6952705,0,277.7416135,0,0
2109558,126.007006,61.60290766,0,0,0,0,0
2875540,0,97.83991216,0,0,199.6267847,0,0
221345,0,50.73180631,0,0,216.9856356,0,0
1882682,151.2084072,86.96881081,0,0,95.47367964,0,0
2778065,260.414479,126.8295158,0,0,234.3444864,0,213.168483
3136677,0,86.96881081,0,0,130.1913813,0,186.5224227
1620392,218.4121437,152.1954189,0,364.2050689,216.9856356,384.8127245,346.3987849
42444,100.8056048,275.4012342,0,0,199.6267847,0,0
1617967,0,0,0,0,0,0,0
1623,235.2130778,163.0665203,349.8616456,0,581.5215033,737.5577219,719.4436303
137816,344.4191497,202.9272252,0,642.7148274,0,0,159.8763623
3039392,210.0116766,105.0873131,413.4728539,235.6621034,321.1387406,0,626.1824189
3417654,126.007006,68.85030856,0,0,0,0,0
476,201.6112096,86.96881081,0,0,347.1770169,448.9481786,159.8763623
2728022,252.014012,86.96881081,0,621.2909999,0,865.8286301,199.8454528
343403,0,54.35550676,0,0,0,0,173.1993925
1117707,109.2060719,315.2619392,0,235.6621034,130.1913813,0,0
762210,0,0,0,0,0,0,0
2946865,117.6065389,206.5509257,0,0,130.1913813,0,199.8454528
332158,92.40513773,68.85030856,0,0,147.5502322,0,186.5224227
2583805,0,83.34511036,0,0,0,0,0
59610,235.2130778,224.6694279,0,321.3574137,0,0,159.8763623
2605989,117.6065389,68.85030856,572.5008747,321.3574137,104.1531051,0,0
2045,0,97.83991216,0,471.3242068,0,0,0
1940789,0,0,0,0,0,0,0
2563664,487.2270898,286.2723356,540.6952705,0,156.2296576,0,0
1961,151.2084072,108.7110135,0,685.5624826,0,0,0
2746225,0,50.73180631,0,0,130.1913813,0,199.8454528
1402,0,0,0,0,0,0,0
873191,294.0163473,1420.490577,0,492.7480344,0,0,0
3132260,159.6088743,119.5821149,445.2784581,299.9335861,876.6219676,0,439.6599963
3153519,394.8219521,257.282732,318.0560415,364.2050689,182.2679339,0,146.5533321
1124835,0,0,0,0,164.909083,0,159.8763623
2885633,0,57.97920721,0,0,0,0,0
2482728,0,61.60290766,0,0,0,0,359.7218151
3423948,0,54.35550676,0,0,0,0,0
1784713,184.8102755,115.9584144,318.0560415,0,156.2296576,0,173.1993925
2681549,151.2084072,141.3243176,540.6952705,0,0,0,173.1993925
1702097,268.8149461,199.3035248,477.0840622,385.6288965,442.6506965,384.8127245,572.8902982
3135773,193.2107425,126.8295158,0,214.2382758,130.1913813,545.1513597,0
47951,210.0116766,413.1018513,0,0,121.5119559,384.8127245,0
2202148,336.0186826,384.1122477,0,0,0,0,0
136073,277.2154132,134.0769167,0,299.9335861,0,609.2868138,0
320324,0,50.73180631,0,0,216.9856356,0,0
2322,428.4238204,144.948018,508.8896664,342.7812413,251.7033372,609.2868138,306.4296944
1926,0,0,0,0,0,0,0
78331,168.0093413,43.48440541,985.9737286,578.4433447,251.7033372,0,319.7527246
37734,226.8126108,173.9376216,0,0,0,0,413.0139359
2708346,0,0,0,0,0,0,0
134537,184.8102755,119.5821149,1081.390541,0,0,737.5577219,159.8763623
363952,0,0,0,0,295.1004643,0,306.4296944
2970906,420.0233533,376.8648468,0,0,0,0,0
3404064,201.6112096,68.85030856,604.3064788,299.9335861,190.9473593,641.3545408,213.168483
1737490,0,79.72140991,0,0,0,0,266.4606038
375,0,0,0,0,0,0,0
1703338,0,0,0,0,0,0,0
142864,294.0163473,199.3035248,0,407.052724,104.1531051,0,199.8454528
1190813,109.2060719,83.34511036,0,0,0,0,0
67824,226.8126108,126.8295158,0,449.9003792,216.9856356,0,213.168483
1184,0,0,0,0,0,0,0
1589,327.6182156,221.0457275,381.6672498,342.7812413,0,481.0159056,0
1442558,0,112.334714,0,0,390.574144,0,0
3298609,0,65.22660811,0,0,147.5502322,0,146.5533321
3034016,0,0,0,0,0,0,0
1115758,0,72.47400901,0,0,0,0,133.2303019
280147,0,0,0,0,0,0,0
1917485,0,250.0353311,0,0,0,0,0
2583814,235.2130778,148.5717185,445.2784581,214.2382758,269.0621881,0,373.0448453
2421,0,76.09770946,0,0,95.47367964,0,146.5533321
216946,327.6182156,184.808723,699.7232912,364.2050689,251.7033372,577.2190867,159.8763623
538966,84.00467066,86.96881081,0,0,121.5119559,320.6772704,359.7218151
3093870,218.4121437,126.8295158,0,0,138.8708068,448.9481786,279.783634
656519,0,47.10810586,413.4728539,0,251.7033372,0,319.7527246
143361,159.6088743,152.1954189,0,385.6288965,121.5119559,0,0
2840469,109.2060719,101.4636126,0,0,0,0,0
92172,268.8149461,351.4989437,445.2784581,364.2050689,0,0,199.8454528
554,0,0,0,0,295.1004643,0,0
3442644,193.2107425,322.5093401,0,0,0,1026.167265,213.168483
2954672,0,47.10810586,0,0,0,0,0
3003262,0,0,0,0,95.47367964,0,0
67581,0,65.22660811,0,0,156.2296576,897.8963571,0
3035696,126.007006,101.4636126,0,0,225.665061,0,0
2917790,109.2060719,72.47400901,0,0,329.818166,0,0
3234142,512.428491,279.0249347,0,557.0195171,0,0,253.1375736
882626,142.8079401,141.3243176,477.0840622,0,147.5502322,416.8804515,226.4915132
1582439,193.2107425,76.09770946,922.3625203,385.6288965,225.665061,416.8804515,466.3060566
3231488,0,36.2370045,0,0,0,0,0
158847,277.2154132,221.0457275,0,257.085931,312.4593152,0,0
2666025,168.0093413,115.9584144,0,0,147.5502322,0,0
54910,109.2060719,79.72140991,0,0,0,0,0
61645,0,0,0,0,0,0,0
3350173,0,0,858.751312,0,243.0239118,0,266.4606038
146017,361.2200838,188.4324234,0,1156.886689,251.7033372,737.5577219,626.1824189
29495,210.0116766,293.5197365,0,321.3574137,156.2296576,513.0836326,0
51365,285.6158802,224.6694279,540.6952705,471.3242068,442.6506965,416.8804515,612.8593887
1564138,294.0163473,898.6777117,0,257.085931,225.665061,545.1513597,199.8454528
2601894,0,0,636.1120829,321.3574137,95.47367964,0,199.8454528
51101,226.8126108,144.948018,0,0,451.3301219,0,1025.873325
2692425,126.007006,36.2370045,0,0,0,0,186.5224227
1309,159.6088743,0,0,0,147.5502322,0,253.1375736
1348114,92.40513773,123.2058153,0,0,0,0,0
1338,512.428491,308.0145383,0,449.9003792,216.9856356,1090.302719,479.6290868
3450747,0,0,0,0,208.3062101,0,373.0448453
61624,176.4098084,94.21621171,540.6952705,364.2050689,312.4593152,320.6772704,479.6290868
2840371,428.4238204,177.5613221,0,428.4765516,0,0,0
2781243,504.028024,337.0041419,445.2784581,514.1718619,0,0,173.1993925
2552945,0,126.8295158,0,214.2382758,243.0239118,0,0
38286,0,0,0,0,0,0,0
40543,344.4191497,177.5613221,381.6672498,385.6288965,555.483227,609.2868138,519.5981774
2024842,176.4098084,460.2099572,0,0,0,0,0
5661,0,0,0,0,694.3540338,0,0
631,0,112.334714,0,0,0,0,0
156976,436.8242874,264.5301329,349.8616456,1285.429655,0,833.760903,266.4606038
2839759,344.4191497,94.21621171,0,428.4765516,772.4688626,994.0995382,692.7975699
3415987,369.6205509,217.422027,0,449.9003792,650.9569067,0,359.7218151
1263979,0,0,0,0,86.79425422,0,0
2939494,352.8196168,108.7110135,731.5288954,299.9335861,225.665061,481.0159056,0
3060017,176.4098084,144.948018,477.0840622,407.052724,0,0,0
2962693,252.014012,210.1746261,349.8616456,342.7812413,216.9856356,0,466.3060566
1325095,0,0,0,0,0,0,0
271097,0,130.4532162,0,0,130.1913813,0,253.1375736
38027,126.007006,68.85030856,0,0,0,0,199.8454528
2975872,764.442503,351.4989437,0,1906.720655,0,0,532.9212076
29382,0,79.72140991,0,0,234.3444864,0,0
1324350,226.8126108,108.7110135,0,214.2382758,555.483227,0,452.9830265
633,235.2130778,166.6902207,0,0,416.6124203,0,0
1202712,327.6182156,271.7775338,0,471.3242068,0,0,279.783634
2774747,445.2247545,257.282732,0,535.5956895,173.5885084,577.2190867,0
866807,159.6088743,173.9376216,636.1120829,0,0,0,266.4606038
2915619,0,148.5717185,0,321.3574137,156.2296576,0,0
3143118,0,0,0,0,0,0,0
550542,193.2107425,224.6694279,0,599.8671723,581.5215033,0,666.1515095
1583,84.00467066,65.22660811,0,0,277.7416135,0,146.5533321
1883156,0,119.5821149,0,0,147.5502322,0,0
2528011,117.6065389,0,0,449.9003792,147.5502322,0,0
1462994,142.8079401,47.10810586,0,0,0,0,0
312539,0,36.2370045,0,0,0,0,133.2303019
2662364,277.2154132,173.9376216,349.8616456,257.085931,138.8708068,0,146.5533321
266748,0,0,0,0,0,0,0
160453,0,47.10810586,0,0,0,0,0
2564040,176.4098084,119.5821149,0,0,225.665061,0,519.5981774
1529,352.8196168,271.7775338,349.8616456,299.9335861,164.909083,0,0
77022,0,0,0,0,0,0,0
2871165,285.6158802,159.4428198,0,0,0,0,0
643214,151.2084072,43.48440541,349.8616456,0,95.47367964,0,266.4606038
2742195,184.8102755,101.4636126,0,235.6621034,0,0,0
1920034,151.2084072,108.7110135,508.8896664,0,216.9856356,0,146.5533321
187145,243.6135449,177.5613221,508.8896664,364.2050689,555.483227,0,293.1066642
40520,252.014012,97.83991216,0,0,138.8708068,0,0
292566,176.4098084,112.334714,636.1120829,492.7480344,173.5885084,0,159.8763623
2609667,0,590.6631734,0,0,0,0,0
3137178,260.414479,105.0873131,0,0,460.0095474,0,439.6599963
2963431,0,0,0,0,0,1956.131349,0
5663,126.007006,57.97920721,0,0,0,0,0
147322,0,0,0,0,0,0,0
65093,0,0,0,0,0,0,0
106649,0,0,0,0,0,0,266.4606038
506591,151.2084072,322.5093401,0,342.7812413,0,0,0
2587855,0,398.6070495,0,0,0,0,0
2507161,184.8102755,94.21621171,0,0,0,0,159.8763623
1905730,403.2224192,282.6486351,0,471.3242068,199.6267847,0,466.3060566
115808,100.8056048,57.97920721,0,0,0,0,0
2806205,0,0,0,0,182.2679339,0,0
591197,134.4074731,72.47400901,349.8616456,0,260.3827627,0,213.168483
2686361,193.2107425,130.4532162,0,0,0,0,359.7218151
2703789,117.6065389,105.0873131,413.4728539,0,381.8947186,0,413.0139359
482564,0,65.22660811,0,0,0,609.2868138,0
3003260,92.40513773,0,0,0,260.3827627,0,173.1993925
2740837,117.6065389,126.8295158,0,342.7812413,182.2679339,0,359.7218151
162156,310.8172814,213.7983266,0,235.6621034,364.5358677,448.9481786,186.5224227
40216,168.0093413,141.3243176,0,342.7812413,529.4449507,737.5577219,399.6909057
1600,151.2084072,43.48440541,0,0,347.1770169,929.9640841,159.8763623
3039153,0,0,0,0,0,0,0
2930219,151.2084072,141.3243176,0,235.6621034,416.6124203,0,279.783634
2763023,0,0,0,0,0,0,0
3160967,218.4121437,119.5821149,349.8616456,0,112.8325305,0,0
519472,218.4121437,101.4636126,0,364.2050689,460.0095474,577.2190867,572.8902982
2843630,0,0,0,0,0,0,0
946333,184.8102755,159.4428198,0,471.3242068,156.2296576,0,0
3025190,92.40513773,0,0,0,164.909083,352.7449974,0
718,0,126.8295158,0,0,225.665061,0,626.1824189
1050646,0,50.73180631,0,0,303.7798898,0,0
1816219,92.40513773,94.21621171,0,0,0,0,146.5533321
3036714,495.6275569,221.0457275,0,1606.787069,199.6267847,0,226.4915132
1761453,92.40513773,86.96881081,0,0,182.2679339,0,159.8763623
1912064,0,0,0,0,0,0,0
1353,478.8266228,239.1642297,1081.390541,0,538.1243762,0,0
487316,294.0163473,188.4324234,349.8616456,278.5097586,190.9473593,0,0
1513297,84.00467066,57.97920721,0,0,182.2679339,352.7449974,0
3447508,134.4074731,68.85030856,0,0,121.5119559,2565.418163,226.4915132
3040203,0,0,0,0,0,0,0
392416,226.8126108,108.7110135,0,514.1718619,0,513.0836326,186.5224227
1287055,126.007006,101.4636126,0,0,95.47367964,352.7449974,146.5533321
270918,226.8126108,478.3284595,0,0,199.6267847,0,186.5224227
43,0,0,0,342.7812413,0,0,0
392734,470.4261557,264.5301329,540.6952705,492.7480344,529.4449507,0,679.4745397
2929799,218.4121437,159.4428198,0,364.2050689,156.2296576,0,0
1580596,0,347.8752432,0,0,0,0,0
2909339,0,57.97920721,0,0,295.1004643,0,239.8145434
171281,235.2130778,119.5821149,667.9176871,278.5097586,173.5885084,481.0159056,266.4606038
2896848,495.6275569,202.9272252,0,449.9003792,0,0,146.5533321
2602016,193.2107425,416.7255518,0,0,0,0,0
2986837,100.8056048,94.21621171,0,0,286.4210389,0,0
1685010,92.40513773,68.85030856,0,0,0,0,0
3395267,537.6298922,297.1434369,0,835.5292757,0,0,226.4915132
2824673,285.6158802,184.808723,0,257.085931,216.9856356,0,239.8145434
689,210.0116766,137.7006171,0,449.9003792,0,0,0
528191,378.021018,148.5717185,636.1120829,0,0,1443.047717,319.7527246
2954055,403.2224192,94.21621171,0,0,1336.631515,0,1385.59514
2779360,168.0093413,202.9272252,0,0,433.9712711,0,0
2706887,109.2060719,94.21621171,0,235.6621034,0,0,0
336820,420.0233533,213.7983266,0,0,208.3062101,0,0
39960,302.4168144,188.4324234,0,814.1054481,477.3683982,0,386.3678755
331648,0,170.3139212,0,0,0,0,0
208223,0,112.334714,0,257.085931,451.3301219,0,413.0139359
2099788,445.2247545,329.756741,763.3344995,342.7812413,243.0239118,801.693176,133.2303019
755731,210.0116766,170.3139212,0,278.5097586,520.7655253,0,0
2547451,0,57.97920721,0,0,0,0,0
252514,0,72.47400901,0,0,0,0,0
3379707,0,47.10810586,0,0,0,0,0
3043332,327.6182156,184.808723,381.6672498,278.5097586,286.4210389,769.6254489,199.8454528
984991,562.8312934,279.0249347,477.0840622,685.5624826,295.1004643,416.8804515,279.783634
2714940,0,76.09770946,0,0,0,0,0
105841,92.40513773,0,0,0,112.8325305,0,0
1325112,0,72.47400901,0,0,0,0,0
2067992,168.0093413,119.5821149,0,0,347.1770169,0,186.5224227
1019,0,54.35550676,0,0,0,0,0
2769491,0,43.48440541,0,0,0,0,0
1879049,0,0,0,0,0,0,0
2065378,142.8079401,210.1746261,318.0560415,342.7812413,0,0,239.8145434
179636,176.4098084,239.1642297,0,642.7148274,0,0,0
1340,134.4074731,144.948018,667.9176871,364.2050689,277.7416135,448.9481786,213.168483
2745198,369.6205509,239.1642297,0,0,564.1626524,0,0
122,109.2060719,83.34511036,0,278.5097586,0,0,0
397260,235.2130778,126.8295158,0,0,0,0,0
1008307,327.6182156,242.7879302,0,449.9003792,0,641.3545408,333.0757547
2572594,184.8102755,137.7006171,572.5008747,0,407.9329948,801.693176,266.4606038
279359,243.6135449,97.83991216,0,321.3574137,486.0478236,0,652.8284793
478,285.6158802,188.4324234,0,407.052724,0,481.0159056,1119.134536
3132284,184.8102755,94.21621171,795.1401037,0,208.3062101,833.760903,0
151783,100.8056048,126.8295158,0,0,0,0,1092.488476
1756150,0,94.21621171,0,235.6621034,381.8947186,0,413.0139359
1884634,0,94.21621171,0,0,0,0,0
2652177,235.2130778,148.5717185,0,321.3574137,147.5502322,384.8127245,133.2303019
2898149,142.8079401,126.8295158,0,278.5097586,0,0,226.4915132
152480,184.8102755,101.4636126,0,0,1319.272664,0,0
2605694,0,0,0,0,0,0,0
645,0,112.334714,0,0,0,0,0
1292,336.0186826,271.7775338,0,492.7480344,0,0,0
2528010,100.8056048,115.9584144,0,492.7480344,0,0,0
1930275,0,0,0,0,0,0,0
3442641,277.2154132,134.0769167,0,235.6621034,173.5885084,0,0
2865839,0,0,0,0,0,0,426.3369661
2011099,0,387.7359482,0,0,0,0,0
2857064,168.0093413,119.5821149,0,235.6621034,0,0,199.8454528
2799564,0,0,0,0,0,0,0
1715806,201.6112096,126.8295158,0,407.052724,251.7033372,513.0836326,0
2286,336.0186826,188.4324234,0,321.3574137,286.4210389,801.693176,173.1993925
293371,92.40513773,79.72140991,0,235.6621034,260.3827627,0,359.7218151
1176239,168.0093413,43.48440541,0,278.5097586,190.9473593,0,133.2303019
2751313,0,50.73180631,0,0,0,0,0
2493676,218.4121437,134.0769167,1908.336249,0,642.2774812,0,0
2992805,0,413.1018513,0,0,720.39231,0,1385.59514
1776384,0,90.59251126,381.6672498,0,86.79425422,705.4899949,213.168483
1844999,84.00467066,43.48440541,0,0,156.2296576,0,133.2303019
2754694,168.0093413,152.1954189,0,278.5097586,295.1004643,641.3545408,359.7218151
3051176,336.0186826,242.7879302,0,321.3574137,269.0621881,0,279.783634
2782654,0,61.60290766,0,0,0,0,0
1888915,0,54.35550676,0,0,104.1531051,0,173.1993925
3415670,352.8196168,155.8191194,413.4728539,278.5097586,216.9856356,481.0159056,279.783634
168169,142.8079401,61.60290766,0,214.2382758,130.1913813,0,0
2098,210.0116766,97.83991216,0,514.1718619,112.8325305,0,0
281120,0,137.7006171,0,235.6621034,0,0,0
3404051,0,0,0,0,0,0,0
387638,168.0093413,141.3243176,445.2784581,257.085931,208.3062101,0,346.3987849
3015168,184.8102755,144.948018,0,0,451.3301219,0,413.0139359
198467,0,0,0,0,0,0,0
1542390,142.8079401,83.34511036,0,0,104.1531051,0,199.8454528
94,201.6112096,297.1434369,0,214.2382758,95.47367964,0,0
914153,0,105.0873131,0,0,0,0,0
69656,100.8056048,65.22660811,0,0,138.8708068,0,0
651,117.6065389,155.8191194,0,0,0,0,0
3238594,0,57.97920721,0,0,0,0,0
1940281,210.0116766,239.1642297,0,299.9335861,243.0239118,0,146.5533321
1914871,0,0,1081.390541,0,0,0,0
3230999,0,0,0,0,0,0,0
1824,0,54.35550676,0,0,0,0,199.8454528
94625,176.4098084,170.3139212,0,706.9863102,251.7033372,0,639.5054491
2420510,453.6252216,213.7983266,0,428.4765516,234.3444864,769.6254489,359.7218151
29347,0,83.34511036,0,0,121.5119559,0,146.5533321
2004463,168.0093413,188.4324234,0,0,364.5358677,641.3545408,0
2872157,260.414479,199.3035248,0,0,156.2296576,705.4899949,346.3987849
1401,0,0,0,0,0,0,0
308053,0,86.96881081,0,0,0,0,0
2803181,294.0163473,112.334714,0,0,0,0,173.1993925
2599308,0,279.0249347,0,0,164.909083,0,0
2875962,210.0116766,199.3035248,0,0,0,0,173.1993925
75105,142.8079401,83.34511036,0,0,164.909083,0,0
214473,117.6065389,112.334714,0,0,104.1531051,0,0
3386644,327.6182156,217.422027,381.6672498,0,95.47367964,481.0159056,199.8454528
44012,0,54.35550676,318.0560415,0,216.9856356,0,133.2303019
1115757,0,97.83991216,0,0,0,0,0
2886046,151.2084072,257.282732,0,0,0,0,0
51665,285.6158802,260.9064324,0,0,0,641.3545408,0
718192,84.00467066,97.83991216,0,0,0,0,0
2696063,0,65.22660811,0,0,216.9856356,0,333.0757547
87883,319.2177485,144.948018,0,471.3242068,243.0239118,352.7449974,0
1619308,352.8196168,188.4324234,0,1006.919896,373.2152931,0,373.0448453
466153,0,0,0,0,130.1913813,0,0
1241982,210.0116766,101.4636126,0,0,0,0,0
2609844,0,0,0,0,0,0,0
2683967,193.2107425,163.0665203,667.9176871,514.1718619,312.4593152,384.8127245,213.168483
2969821,268.8149461,192.0561239,0,214.2382758,156.2296576,0,239.8145434
88431,0,72.47400901,0,0,234.3444864,0,0
3350098,285.6158802,221.0457275,0,0,138.8708068,0,532.9212076
2184521,0,68.85030856,540.6952705,0,364.5358677,384.8127245,359.7218151
1581557,554.4308264,337.0041419,0,0,130.1913813,0,199.8454528
52133,0,0,0,0,0,0,239.8145434
731,554.4308264,308.0145383,381.6672498,321.3574137,251.7033372,448.9481786,0
1442553,151.2084072,79.72140991,0,0,355.8564423,0,0
2954046,0,0,0,0,0,0,0
3445778,285.6158802,152.1954189,318.0560415,299.9335861,364.5358677,320.6772704,0
850,277.2154132,199.3035248,349.8616456,299.9335861,364.5358677,0,333.0757547
59600,109.2060719,76.09770946,349.8616456,0,0,0,0
49319,0,50.73180631,0,0,0,0,0
984,302.4168144,177.5613221,0,449.9003792,0,0,0
3073563,445.2247545,260.9064324,381.6672498,299.9335861,329.818166,352.7449974,266.4606038
29519,487.2270898,257.282732,0,407.052724,0,0,0
2100,0,76.09770946,508.8896664,0,0,0,0
1638,0,47.10810586,0,0,216.9856356,0,173.1993925
351614,252.014012,166.6902207,0,342.7812413,121.5119559,0,0
2936682,0,43.48440541,0,0,0,0,0
108981,0,79.72140991,381.6672498,0,0,0,0
2916755,0,97.83991216,0,0,147.5502322,0,133.2303019
563996,0,217.422027,0,0,0,0,0
2781961,0,137.7006171,0,0,0,0,0
1486034,84.00467066,97.83991216,0,0,0,0,0
2731377,0,105.0873131,0,0,138.8708068,0,293.1066642
198,0,61.60290766,0,0,0,0,0
1461582,378.021018,188.4324234,413.4728539,407.052724,234.3444864,448.9481786,266.4606038
83219,0,221.0457275,0,0,0,0,0
338192,117.6065389,86.96881081,0,257.085931,433.9712711,448.9481786,159.8763623
709868,520.8289581,340.6278423,731.5288954,1028.343724,0,0,0
255247,210.0116766,94.21621171,0,0,147.5502322,0,0
578920,0,65.22660811,0,0,0,0,0
1960881,142.8079401,192.0561239,0,299.9335861,225.665061,0,266.4606038
243629,319.2177485,170.3139212,477.0840622,299.9335861,225.665061,0,186.5224227
2723088,344.4191497,72.47400901,0,0,190.9473593,994.0995382,0
2802641,176.4098084,123.2058153,0,0,130.1913813,0,0
13690,529.2294252,460.2099572,0,0,277.7416135,0,0
2048654,0,65.22660811,0,0,0,737.5577219,0
60137,0,217.422027,0,0,0,0,0
2775159,134.4074731,68.85030856,0,0,0,2501.282709,0
359370,218.4121437,181.1850225,0,0,0,1410.97999,0
1178825,176.4098084,148.5717185,0,0,0,0,0
1761016,0,0,0,0,0,0,0
3035452,0,0,0,0,0,0,0
1501269,0,0,0,0,0,0,0
1266052,0,239.1642297,0,0,86.79425422,0,0
221350,142.8079401,83.34511036,0,0,303.7798898,833.760903,0
1111760,0,39.86070495,0,0,0,545.1513597,0
2820661,378.021018,192.0561239,413.4728539,321.3574137,260.3827627,416.8804515,306.4296944
2746230,0,202.9272252,0,0,0,0,0
53413,0,105.0873131,0,0,807.1865642,0,0
1176482,100.8056048,101.4636126,477.0840622,0,0,0,146.5533321
3039159,0,155.8191194,0,0,0,0,0
3035694,0,105.0873131,0,0,95.47367964,0,0
254955,210.0116766,275.4012342,0,0,642.2774812,0,399.6909057
3237103,0,0,0,0,0,0,0
2715164,134.4074731,72.47400901,0,0,269.0621881,384.8127245,0
40576,168.0093413,159.4428198,0,0,0,0,0
659350,210.0116766,199.3035248,0,0,0,0,0
2745199,0,0,0,0,0,0,0
1534743,336.0186826,173.9376216,826.9457078,364.2050689,0,0,226.4915132
55206,310.8172814,173.9376216,0,385.6288965,0,0,186.5224227
2895286,0,43.48440541,0,0,0,0,0
54005,268.8149461,286.2723356,0,299.9335861,225.665061,0,279.783634
1914963,319.2177485,184.808723,0,235.6621034,277.7416135,0,186.5224227
3418997,0,0,0,0,0,0,0
1166,226.8126108,206.5509257,0,0,312.4593152,0,0
960,0,57.97920721,0,0,355.8564423,320.6772704,186.5224227
3039158,0,0,0,0,0,0,0
574710,0,72.47400901,0,0,0,0,0
3140251,243.6135449,188.4324234,0,599.8671723,347.1770169,0,0
3026967,378.021018,166.6902207,0,621.2909999,390.574144,994.0995382,253.1375736
76258,0,199.3035248,0,0,173.5885084,0,0
382,0,206.5509257,0,0,190.9473593,0,0
2903866,193.2107425,112.334714,0,0,0,0,0
2806552,453.6252216,351.4989437,477.0840622,471.3242068,269.0621881,545.1513597,266.4606038
46124,159.6088743,94.21621171,445.2784581,0,0,0,0
1538644,0,0,0,0,0,0,0
201828,0,68.85030856,0,257.085931,199.6267847,384.8127245,173.1993925
3374194,420.0233533,199.3035248,0,814.1054481,199.6267847,0,1052.519385
313598,193.2107425,202.9272252,318.0560415,278.5097586,234.3444864,0,373.0448453
3133282,0,0,413.4728539,0,0,0,373.0448453
2979115,0,50.73180631,0,0,0,0,186.5224227
1514074,520.8289581,619.652777,0,0,703.0334592,0,1225.718777
56426,0,0,0,0,0,0,0
2844358,302.4168144,246.4116306,318.0560415,321.3574137,312.4593152,448.9481786,173.1993925
3375704,302.4168144,224.6694279,0,299.9335861,234.3444864,0,0
220684,0,76.09770946,0,0,95.47367964,0,0
1566358,193.2107425,105.0873131,413.4728539,0,104.1531051,320.6772704,146.5533321
674,369.6205509,398.6070495,0,492.7480344,243.0239118,545.1513597,199.8454528
2303332,0,130.4532162,0,0,130.1913813,0,0
1679721,210.0116766,250.0353311,0,364.2050689,251.7033372,0,0
48074,268.8149461,155.8191194,699.7232912,664.138655,130.1913813,0,0
497724,0,0,0,0,564.1626524,0,0
3415673,0,0,0,0,0,0,0
1112103,0,0,477.0840622,0,0,0,0
1903056,126.007006,0,0,0,0,0,0
2854389,134.4074731,101.4636126,0,0,0,0,0
1710,0,90.59251126,0,0,0,0,0
1054034,0,1159.584144,0,0,0,0,226.4915132
1714840,117.6065389,86.96881081,0,0,0,0,639.5054491
1612,0,0,0,0,164.909083,0,346.3987849
5671,0,0,0,0,0,0,0
2704463,0,47.10810586,0,0,0,0,0
91604,0,0,0,0,86.79425422,0,0
1749036,327.6182156,289.896036,0,664.138655,130.1913813,320.6772704,239.8145434
2003365,0,144.948018,0,0,86.79425422,0,159.8763623
1980674,277.2154132,246.4116306,0,0,0,0,0
3400631,294.0163473,242.7879302,636.1120829,0,234.3444864,0,0
155085,0,36.2370045,0,0,0,0,0
409322,218.4121437,137.7006171,0,428.4765516,164.909083,0,133.2303019
3410791,260.414479,206.5509257,0,299.9335861,225.665061,0,226.4915132
2520506,0,61.60290766,0,0,251.7033372,0,373.0448453
188932,201.6112096,126.8295158,1272.224166,0,243.0239118,0,0
77007,420.0233533,264.5301329,0,514.1718619,112.8325305,0,479.6290868
3391574,84.00467066,126.8295158,0,0,95.47367964,320.6772704,213.168483
2763672,235.2130778,177.5613221,0,0,0,0,0
1310418,0,0,0,0,0,0,213.168483
1965571,0,39.86070495,0,0,173.5885084,0,359.7218151
374106,0,0,0,0,164.909083,0,226.4915132
2029983,226.8126108,112.334714,0,299.9335861,303.7798898,0,413.0139359
669041,0,65.22660811,0,0,0,0,0
2944914,310.8172814,210.1746261,349.8616456,214.2382758,243.0239118,0,306.4296944
2041044,0,0,0,0,0,0,0
1618022,151.2084072,76.09770946,0,0,0,0,133.2303019
1827580,0,0,0,0,0,0,0
2507159,268.8149461,188.4324234,445.2784581,235.6621034,138.8708068,320.6772704,413.0139359
2991053,218.4121437,123.2058153,0,0,95.47367964,0,199.8454528
447588,0,0,0,0,0,0,0
3395317,0,0,0,0,0,0,0
3112958,0,0,0,0,138.8708068,0,0
2294119,201.6112096,123.2058153,0,235.6621034,112.8325305,0,133.2303019
2931922,168.0093413,112.334714,0,0,0,320.6772704,333.0757547
160699,176.4098084,123.2058153,604.3064788,0,0,0,0
1378299,0,86.96881081,0,0,0,0,0
2993456,0,47.10810586,0,0,0,0,0
954,84.00467066,101.4636126,0,0,0,0,186.5224227
3065649,193.2107425,119.5821149,349.8616456,235.6621034,156.2296576,0,413.0139359
76760,210.0116766,101.4636126,0,321.3574137,407.9329948,0,239.8145434
2749807,470.4261557,481.9521599,0,0,1006.813349,0,519.5981774
2715212,0,47.10810586,0,0,147.5502322,0,199.8454528
33069,403.2224192,235.5405293,0,407.052724,190.9473593,0,346.3987849
585423,0,0,0,0,607.5597795,0,0
435912,0,2007.53005,0,0,0,0,0
1660,0,50.73180631,0,0,0,0,146.5533321
2590022,235.2130778,184.808723,0,257.085931,321.1387406,352.7449974,559.567268
1193095,319.2177485,231.9168288,349.8616456,278.5097586,425.2918457,448.9481786,253.1375736
2735563,218.4121437,195.6798243,0,299.9335861,173.5885084,352.7449974,0
2880934,0,39.86070495,0,0,0,0,0
2123,428.4238204,199.3035248,540.6952705,385.6288965,486.0478236,352.7449974,186.5224227
2942204,310.8172814,130.4532162,0,257.085931,0,0,0
114615,0,0,0,0,0,0,0
2291,327.6182156,173.9376216,0,278.5097586,243.0239118,705.4899949,133.2303019
46125,369.6205509,202.9272252,0,0,0,0,186.5224227
3132300,327.6182156,170.3139212,0,321.3574137,112.8325305,0,239.8145434
628,100.8056048,90.59251126,0,0,112.8325305,0,0
178399,92.40513773,79.72140991,349.8616456,0,164.909083,0,0
83561,92.40513773,83.34511036,0,257.085931,234.3444864,513.0836326,586.2133284
3415265,0,0,0,0,104.1531051,0,146.5533321
2012495,109.2060719,36.2370045,0,0,138.8708068,0,173.1993925
2819096,100.8056048,217.422027,0,342.7812413,225.665061,0,0
868131,0,50.73180631,0,0,199.6267847,0,279.783634
2015316,0,76.09770946,0,0,0,0,0
3133307,0,0,0,0,0,0,0
388950,210.0116766,195.6798243,0,0,295.1004643,0,0
2744479,0,72.47400901,0,0,0,0,0
3137857,134.4074731,239.1642297,0,321.3574137,0,0,346.3987849
33039,0,0,0,0,0,0,0
104663,193.2107425,119.5821149,477.0840622,299.9335861,286.4210389,320.6772704,346.3987849
3079302,0,83.34511036,0,0,399.2535694,0,519.5981774
2042961,420.0233533,202.9272252,0,214.2382758,581.5215033,352.7449974,0
270351,159.6088743,134.0769167,0,0,147.5502322,0,186.5224227
3093872,0,61.60290766,0,0,0,0,253.1375736
2686366,210.0116766,260.9064324,0,0,407.9329948,0,0
2115978,226.8126108,115.9584144,445.2784581,257.085931,173.5885084,513.0836326,386.3678755
1276936,109.2060719,50.73180631,0,0,0,0,146.5533321
1354726,378.021018,228.2931284,0,299.9335861,199.6267847,0,306.4296944
1925020,268.8149461,235.5405293,0,514.1718619,156.2296576,0,279.783634
1609968,134.4074731,54.35550676,0,0,0,0,439.6599963
991904,151.2084072,228.2931284,0,0,0,0,0
859144,344.4191497,159.4428198,540.6952705,257.085931,164.909083,416.8804515,253.1375736
3127471,0,0,0,0,0,0,0
1353147,453.6252216,239.1642297,318.0560415,557.0195171,0,481.0159056,146.5533321
39486,134.4074731,105.0873131,0,0,0,0,0
3023715,92.40513773,152.1954189,0,0,0,0,452.9830265
48,0,0,0,0,0,0,0
2282849,176.4098084,76.09770946,349.8616456,0,468.6889728,481.0159056,0
1506,117.6065389,105.0873131,0,0,0,0,0
1114861,210.0116766,101.4636126,0,0,190.9473593,0,0
1712261,0,195.6798243,0,0,0,0,0
2951803,168.0093413,141.3243176,0,0,182.2679339,0,0
2836373,226.8126108,97.83991216,413.4728539,385.6288965,555.483227,0,0
1642299,336.0186826,250.0353311,572.5008747,407.052724,303.7798898,0,279.783634
1173025,0,0,0,0,0,0,0
650,0,79.72140991,0,0,0,0,0
1622,92.40513773,90.59251126,0,0,0,0,0
2906443,0,36.2370045,0,0,0,0,426.3369661
2980108,0,76.09770946,0,0,0,0,0
49338,151.2084072,155.8191194,0,257.085931,216.9856356,320.6772704,159.8763623
138851,117.6065389,97.83991216,0,235.6621034,190.9473593,0,199.8454528
3066149,126.007006,101.4636126,890.5569161,428.4765516,130.1913813,0,0
256326,243.6135449,130.4532162,381.6672498,214.2382758,243.0239118,352.7449974,293.1066642
574096,159.6088743,155.8191194,0,0,130.1913813,0,319.7527246
86106,92.40513773,61.60290766,0,0,86.79425422,0,266.4606038
889268,210.0116766,90.59251126,0,428.4765516,0,0,0
143223,84.00467066,94.21621171,0,0,0,0,0
191026,0,0,0,0,0,0,0
220687,0,36.2370045,0,0,0,0,0
549298,0,65.22660811,0,0,95.47367964,0,226.4915132
715179,109.2060719,83.34511036,0,0,138.8708068,416.8804515,0
249567,0,0,0,0,0,0,0
3025668,0,86.96881081,0,492.7480344,0,0,0
2426,159.6088743,105.0873131,0,0,86.79425422,0,239.8145434
3115292,193.2107425,86.96881081,1240.418562,299.9335861,164.909083,352.7449974,0
2173,0,134.0769167,477.0840622,342.7812413,581.5215033,352.7449974,333.0757547
1076626,0,39.86070495,0,0,86.79425422,0,0
2820710,243.6135449,536.3076667,0,0,199.6267847,0,239.8145434
2937286,151.2084072,101.4636126,0,0,772.4688626,0,439.6599963
53461,134.4074731,0,0,856.9531032,0,1090.302719,226.4915132
35620,0,177.5613221,0,0,1570.976001,0,959.2581737
2218628,0,61.60290766,0,0,156.2296576,0,199.8454528
2803864,0,54.35550676,0,0,164.909083,0,0
84377,201.6112096,134.0769167,0,0,243.0239118,0,133.2303019
359,0,115.9584144,0,0,0,0,0
2966453,0,228.2931284,0,0,0,0,0
3415674,0,0,0,0,0,0,0
1715691,0,235.5405293,0,0,156.2296576,0,0
1239415,0,83.34511036,0,0,0,0,426.3369661
281093,0,79.72140991,0,0,164.909083,0,0
157268,411.6228862,235.5405293,0,321.3574137,173.5885084,0,173.1993925
1316596,369.6205509,170.3139212,572.5008747,407.052724,0,0,0
2746060,109.2060719,50.73180631,0,0,182.2679339,0,0
391953,151.2084072,79.72140991,381.6672498,0,260.3827627,0,0
2714948,0,61.60290766,0,0,0,0,0
89059,184.8102755,137.7006171,413.4728539,0,104.1531051,448.9481786,466.3060566
2605946,142.8079401,293.5197365,0,0,0,0,0
2283194,201.6112096,112.334714,0,0,121.5119559,416.8804515,159.8763623
48254,100.8056048,50.73180631,0,0,0,0,0
797291,151.2084072,83.34511036,0,0,130.1913813,0,0
2881234,0,65.22660811,0,0,0,0,0
3379128,0,0,0,0,0,0,0
2739058,151.2084072,90.59251126,0,0,95.47367964,0,0
139438,126.007006,68.85030856,572.5008747,214.2382758,147.5502322,0,0
1729720,378.021018,394.9833491,0,0,121.5119559,0,0
351672,352.8196168,231.9168288,0,0,763.7894371,0,599.5363585
1721091,0,0,445.2784581,0,0,0,266.4606038
1510,201.6112096,123.2058153,0,278.5097586,0,0,239.8145434
3151764,151.2084072,192.0561239,0,385.6288965,295.1004643,416.8804515,279.783634
2686358,92.40513773,94.21621171,349.8616456,0,121.5119559,0,146.5533321
3079014,226.8126108,170.3139212,0,535.5956895,182.2679339,769.6254489,333.0757547
2909587,0,0,0,0,0,0,0
2120,0,0,0,0,216.9856356,0,0
57975,0,0,0,0,0,0,0
89184,0,289.896036,0,342.7812413,0,0,0
85402,0,126.8295158,0,0,0,0,146.5533321
3415683,126.007006,90.59251126,349.8616456,321.3574137,390.574144,0,439.6599963
240139,0,39.86070495,0,0,0,609.2868138,0
3059777,235.2130778,105.0873131,540.6952705,0,138.8708068,641.3545408,186.5224227
132604,0,0,0,0,460.0095474,0,0
1481923,0,148.5717185,0,599.8671723,121.5119559,0,173.1993925
2591634,319.2177485,166.6902207,0,0,130.1913813,545.1513597,0
860,0,0,0,0,0,0,0
3241576,84.00467066,65.22660811,0,0,164.909083,0,0
2831148,0,72.47400901,0,0,0,0,0
2724150,109.2060719,141.3243176,0,0,269.0621881,0,199.8454528
1581038,134.4074731,101.4636126,0,0,381.8947186,0,226.4915132
682956,142.8079401,68.85030856,0,0,104.1531051,0,253.1375736
3016006,0,235.5405293,0,0,0,0,0
3070660,0,61.60290766,0,0,0,0,0
2026188,0,0,0,0,0,0,0
3120519,218.4121437,137.7006171,477.0840622,0,312.4593152,0,532.9212076
488,0,0,0,0,0,0,0
714,159.6088743,192.0561239,0,385.6288965,190.9473593,0,186.5224227
1760811,252.014012,141.3243176,0,364.2050689,164.909083,1026.167265,373.0448453
1751056,0,79.72140991,0,0,0,0,0
2789776,0,90.59251126,0,407.052724,147.5502322,0,0
1789672,176.4098084,282.6486351,0,0,0,0,0
28118,218.4121437,97.83991216,508.8896664,364.2050689,225.665061,0,359.7218151
3459125,252.014012,141.3243176,0,299.9335861,182.2679339,320.6772704,319.7527246
118000,159.6088743,101.4636126,0,235.6621034,260.3827627,0,333.0757547
227086,0,43.48440541,0,0,0,0,0
3032586,117.6065389,105.0873131,0,0,0,577.2190867,0
311180,168.0093413,188.4324234,0,0,147.5502322,0,0
2057025,84.00467066,54.35550676,0,0,0,0,0
388408,109.2060719,112.334714,0,0,95.47367964,0,0
5888,302.4168144,239.1642297,318.0560415,557.0195171,295.1004643,352.7449974,0
141451,0,43.48440541,0,0,0,0,133.2303019
2560057,176.4098084,126.8295158,0,0,407.9329948,0,173.1993925
290335,0,36.2370045,0,0,0,0,0
1424653,0,0,0,0,0,0,0
2908210,134.4074731,159.4428198,0,0,0,0,426.3369661
862126,159.6088743,94.21621171,0,0,251.7033372,0,186.5224227
2352,159.6088743,90.59251126,0,0,147.5502322,0,0
1281,277.2154132,115.9584144,0,235.6621034,199.6267847,0,279.783634
1807691,151.2084072,112.334714,0,0,112.8325305,384.8127245,0
279826,310.8172814,119.5821149,318.0560415,278.5097586,208.3062101,0,146.5533321
2954535,344.4191497,159.4428198,413.4728539,428.4765516,0,384.8127245,239.8145434
3383026,0,0,0,0,0,0,0
32046,0,0,0,0,0,0,0
696760,0,97.83991216,0,0,0,0,0
357808,92.40513773,76.09770946,0,0,138.8708068,0,133.2303019
2144,142.8079401,86.96881081,826.9457078,342.7812413,277.7416135,0,173.1993925
269259,268.8149461,210.1746261,0,407.052724,243.0239118,0,279.783634
1230998,159.6088743,155.8191194,604.3064788,278.5097586,416.6124203,801.693176,239.8145434
97138,0,112.334714,0,0,208.3062101,0,293.1066642
589437,361.2200838,170.3139212,0,471.3242068,0,0,0
74033,0,148.5717185,0,0,0,0,0
3056648,235.2130778,152.1954189,0,0,0,0,0
1521,0,0,0,0,0,0,346.3987849
357276,184.8102755,155.8191194,0,0,225.665061,0,0
3402687,0,61.60290766,0,0,0,0,0
112900,260.414479,163.0665203,0,321.3574137,190.9473593,384.8127245,426.3369661
1641,0,0,0,0,138.8708068,416.8804515,0
1348,0,76.09770946,0,0,243.0239118,0,133.2303019
44577,0,0,0,0,0,0,0
43948,168.0093413,105.0873131,0,0,0,352.7449974,0
35754,0,50.73180631,0,0,0,0,0
3119568,327.6182156,137.7006171,413.4728539,321.3574137,312.4593152,0,346.3987849
2714855,126.007006,119.5821149,477.0840622,278.5097586,329.818166,0,399.6909057
1028416,218.4121437,115.9584144,0,492.7480344,121.5119559,384.8127245,173.1993925
1605,235.2130778,101.4636126,0,0,0,0,0
197222,252.014012,217.422027,0,0,112.8325305,0,0
410072,184.8102755,115.9584144,508.8896664,0,746.4305863,0,293.1066642
3413133,109.2060719,72.47400901,0,0,0,0,0
144,126.007006,47.10810586,540.6952705,0,329.818166,0,0
1381081,0,1424.114277,0,0,104.1531051,0,0
573658,0,0,0,0,0,0,0
94869,176.4098084,108.7110135,0,0,0,0,0
2686078,310.8172814,159.4428198,0,385.6288965,0,0,186.5224227
2919322,0,0,0,0,0,0,0
61644,537.6298922,293.5197365,508.8896664,492.7480344,164.909083,513.0836326,186.5224227
2865673,0,65.22660811,0,0,0,0,0
44273,0,0,0,0,0,0,0
2789740,201.6112096,155.8191194,445.2784581,0,208.3062101,0,306.4296944
3096992,0,275.4012342,0,0,225.665061,801.693176,266.4606038
96241,0,0,0,0,0,0,0
3242468,0,83.34511036,381.6672498,0,208.3062101,0,253.1375736
1426,0,0,0,0,0,0,0
408,176.4098084,184.808723,0,0,277.7416135,0,0
2975965,0,0,0,0,0,0,0
55197,0,36.2370045,0,0,121.5119559,0,0
3066266,285.6158802,228.2931284,0,471.3242068,0,801.693176,732.7666604
2810512,151.2084072,184.808723,0,0,0,0,133.2303019
3064705,0,0,0,0,156.2296576,0,279.783634
2979464,117.6065389,72.47400901,0,0,164.909083,0,266.4606038
37372,151.2084072,65.22660811,0,0,0,0,0
3045816,0,0,0,0,0,0,0
2527963,218.4121437,83.34511036,0,599.8671723,104.1531051,0,0
412710,0,0,0,0,0,0,0
1917215,210.0116766,235.5405293,0,0,0,0,0
29533,0,0,0,0,0,0,0
1563,176.4098084,119.5821149,0,299.9335861,173.5885084,481.0159056,0
1137606,159.6088743,101.4636126,0,428.4765516,303.7798898,0,133.2303019
489910,201.6112096,72.47400901,0,0,156.2296576,0,0
2921711,310.8172814,134.0769167,0,364.2050689,234.3444864,0,159.8763623
2704655,327.6182156,166.6902207,0,0,216.9856356,384.8127245,0
3400345,126.007006,112.334714,0,0,390.574144,0,359.7218151
2893202,142.8079401,119.5821149,445.2784581,0,0,384.8127245,0
3382189,0,47.10810586,0,0,0,0,0
1612173,0,108.7110135,0,0,0,0,0
1826727,117.6065389,134.0769167,0,0,321.1387406,0,306.4296944
53344,176.4098084,101.4636126,0,235.6621034,182.2679339,0,346.3987849
1522,0,0,0,599.8671723,225.665061,0,319.7527246
2906076,0,0,0,0,0,0,0
3017783,0,72.47400901,0,0,0,0,0
2527979,0,47.10810586,0,0,138.8708068,0,0
2956784,126.007006,72.47400901,0,0,0,0,0
718217,0,0,0,0,0,0,0
3243057,294.0163473,279.0249347,0,0,659.6363321,0,0
68895,0,115.9584144,0,0,0,0,0
160826,0,0,0,0,0,0,0
3374109,210.0116766,789.9666982,0,0,0,0,0
2304606,0,39.86070495,699.7232912,0,164.909083,0,626.1824189
3072980,168.0093413,177.5613221,604.3064788,685.5624826,0,0,0
3063533,277.2154132,260.9064324,349.8616456,299.9335861,225.665061,0,133.2303019
84032,0,0,0,0,0,0,0
238836,151.2084072,86.96881081,0,0,251.7033372,0,239.8145434
33935,0,0,0,0,0,0,0
3053613,109.2060719,163.0665203,0,407.052724,173.5885084,0,0
2900738,210.0116766,213.7983266,0,321.3574137,112.8325305,0,133.2303019
563177,176.4098084,144.948018,318.0560415,471.3242068,104.1531051,0,466.3060566
2058135,0,0,0,0,0,0,0
376,0,0,0,0,0,0,0
3376682,126.007006,83.34511036,0,278.5097586,104.1531051,0,0
2201181,201.6112096,152.1954189,0,0,0,0,0
293,0,152.1954189,0,0,0,0,0
1297617,201.6112096,144.948018,318.0560415,514.1718619,486.0478236,0,492.952117
1678728,117.6065389,177.5613221,0,407.052724,138.8708068,0,0
2918528,0,0,0,0,0,0,0
261299,210.0116766,188.4324234,0,0,0,0,0
1229909,193.2107425,101.4636126,0,364.2050689,286.4210389,0,0
2093777,0,134.0769167,0,0,0,0,0
84030,0,43.48440541,0,0,295.1004643,320.6772704,293.1066642
1609966,0,260.9064324,0,0,0,0,0
2590020,0,0,0,0,0,0,0
1479,0,90.59251126,0,0,269.0621881,0,346.3987849
56453,0,0,2576.253936,0,0,0,0
110662,117.6065389,170.3139212,318.0560415,0,859.2631168,0,746.0896906
418699,235.2130778,141.3243176,477.0840622,407.052724,147.5502322,0,199.8454528
150120,0,39.86070495,0,0,0,0,0
154981,0,213.7983266,0,0,0,0,0
1034889,184.8102755,112.334714,699.7232912,0,0,1154.438173,0
1041504,0,112.334714,0,0,269.0621881,0,652.8284793
2739061,0,0,0,0,0,0,0
326320,0,0,0,0,0,0,0
55209,268.8149461,155.8191194,0,257.085931,260.3827627,801.693176,559.567268
135487,369.6205509,173.9376216,381.6672498,921.224586,0,0,0
1580092,126.007006,94.21621171,0,235.6621034,286.4210389,0,279.783634
3391823,0,57.97920721,0,0,112.8325305,0,293.1066642
1185873,0,0,0,0,234.3444864,0,0
2578106,0,105.0873131,0,0,251.7033372,0,905.9660529
2069432,319.2177485,221.0457275,0,0,260.3827627,0,266.4606038
168384,193.2107425,126.8295158,954.1681244,257.085931,0,0,666.1515095
2697030,0,0,0,0,0,0,0
155892,277.2154132,326.1330405,0,0,208.3062101,0,159.8763623
1346319,0,72.47400901,0,0,0,0,0
2975981,0,0,0,0,0,0,0
321985,0,0,0,0,0,0,0
3447427,0,0,0,0,0,0,0
28903,0,57.97920721,445.2784581,0,0,0,266.4606038
115551,0,0,0,0,0,0,0
592064,495.6275569,115.9584144,0,0,234.3444864,0,306.4296944
83455,294.0163473,177.5613221,0,407.052724,138.8708068,0,0
112901,0,43.48440541,0,0,0,0,0
28200,201.6112096,717.4926892,0,0,0,0,0
3138177,0,0,0,0,0,0,0
34018,327.6182156,416.7255518,0,0,0,0,0
2259622,0,0,0,0,0,0,0
28038,235.2130778,112.334714,0,0,182.2679339,0,239.8145434
3015999,0,0,0,0,0,0,0
265606,142.8079401,86.96881081,318.0560415,342.7812413,0,0,0
1281486,0,65.22660811,0,0,190.9473593,513.0836326,0
56454,336.0186826,152.1954189,508.8896664,492.7480344,243.0239118,0,306.4296944
1919,478.8266228,260.9064324,0,0,0,0,0
1391654,260.414479,141.3243176,0,471.3242068,138.8708068,0,146.5533321
2576307,260.414479,177.5613221,0,257.085931,355.8564423,0,213.168483
3034506,294.0163473,192.0561239,540.6952705,364.2050689,138.8708068,416.8804515,226.4915132
758802,0,0,0,0,0,0,0
303541,176.4098084,144.948018,0,214.2382758,0,0,0
1778678,0,43.48440541,0,0,95.47367964,0,0
2917965,184.8102755,123.2058153,0,428.4765516,0,0,0
3157368,789.6439042,326.1330405,0,0,616.239205,0,572.8902982
2838877,0,68.85030856,1367.640978,0,0,0,226.4915132
1435069,117.6065389,210.1746261,0,0,0,0,0
3241603,378.021018,235.5405293,413.4728539,706.9863102,199.6267847,0,279.783634
3402688,134.4074731,43.48440541,0,0,0,0,452.9830265
2749049,126.007006,97.83991216,0,0,0,0,0
3398614,0,50.73180631,0,0,86.79425422,0,159.8763623
261302,302.4168144,144.948018,0,0,425.2918457,0,479.6290868
2789327,235.2130778,90.59251126,0,0,0,0,0
2957203,0,0,0,321.3574137,95.47367964,0,0
296,0,0,0,0,0,0,0
877455,134.4074731,72.47400901,0,0,0,0,146.5533321
1642646,0,0,0,0,225.665061,577.2190867,0
217203,168.0093413,166.6902207,0,0,503.4066745,0,0
403957,0,0,0,0,0,0,0
163,0,0,0,0,0,0,0
183417,126.007006,126.8295158,0,0,173.5885084,320.6772704,0
544645,487.2270898,86.96881081,0,0,190.9473593,0,0
1441095,109.2060719,76.09770946,349.8616456,0,0,0,0
34062,0,39.86070495,0,0,0,0,0
2903659,0,0,0,0,0,0,0
1727145,168.0093413,97.83991216,0,257.085931,0,0,0
1862145,126.007006,340.6278423,0,0,0,0,0
516051,0,72.47400901,0,0,0,0,0
1315974,0,144.948018,0,0,0,0,0
84590,344.4191497,221.0457275,445.2784581,428.4765516,312.4593152,320.6772704,226.4915132
94132,134.4074731,119.5821149,0,0,0,0,0
1442557,0,0,0,0,0,0,0
545501,193.2107425,130.4532162,0,0,0,0,0
90241,84.00467066,115.9584144,0,235.6621034,130.1913813,0,146.5533321
1855728,0,0,0,0,0,0,0
2782167,0,119.5821149,0,0,0,0,0
3082534,781.2434371,452.9625563,0,0,0,0,0
189834,0,0,0,0,0,0,0
3233375,604.8336287,514.565464,0,0,0,0,852.6739322
1004159,294.0163473,130.4532162,1049.584937,0,0,0,0
2884263,0,0,0,364.2050689,0,0,0
2730851,0,0,0,0,0,0,0
1085644,176.4098084,68.85030856,0,278.5097586,86.79425422,0,173.1993925
2924032,0,50.73180631,0,0,138.8708068,0,199.8454528
2880651,0,108.7110135,0,557.0195171,208.3062101,673.4222678,0
28262,117.6065389,83.34511036,0,257.085931,329.818166,448.9481786,426.3369661
1977865,0,0,0,0,0,0,0
274,285.6158802,155.8191194,0,385.6288965,216.9856356,0,0
81408,126.007006,43.48440541,0,0,216.9856356,705.4899949,0
1521768,0,79.72140991,0,0,0,0,0
42906,0,0,0,0,0,0,0
554406,0,0,0,0,182.2679339,0,0
1503925,243.6135449,148.5717185,0,0,0,0,0
182640,344.4191497,181.1850225,0,492.7480344,633.5980558,384.8127245,226.4915132
1197717,159.6088743,148.5717185,0,449.9003792,390.574144,577.2190867,413.0139359
2133,210.0116766,94.21621171,0,0,0,994.0995382,492.952117
3144925,159.6088743,235.5405293,0,0,0,0,0
2980107,126.007006,210.1746261,0,0,199.6267847,0,0
1642,352.8196168,184.808723,0,0,0,0,0
291112,142.8079401,90.59251126,0,0,147.5502322,0,186.5224227
827,252.014012,152.1954189,0,0,130.1913813,0,0
47885,0,115.9584144,0,0,0,0,0
3236840,92.40513773,47.10810586,0,0,0,0,0
3422590,277.2154132,166.6902207,540.6952705,449.9003792,121.5119559,384.8127245,0
39950,0,0,0,0,95.47367964,0,346.3987849
3003261,235.2130778,173.9376216,0,0,381.8947186,0,186.5224227
3096217,0,57.97920721,0,0,0,0,0
1699621,184.8102755,137.7006171,795.1401037,0,121.5119559,929.9640841,173.1993925
299767,0,0,0,0,0,0,0
526944,235.2130778,148.5717185,604.3064788,0,260.3827627,0,0
413888,0,0,0,0,0,0,0
2976343,327.6182156,213.7983266,0,385.6288965,0,0,319.7527246
1548547,0,0,0,257.085931,147.5502322,0,0
1479524,117.6065389,108.7110135,0,0,95.47367964,0,0
2282419,0,130.4532162,0,0,0,0,0
912,0,0,0,0,0,0,0
1336794,168.0093413,76.09770946,413.4728539,0,173.5885084,0,133.2303019
2022337,0,163.0665203,0,0,0,0,0
1643336,0,94.21621171,0,0,0,0,0
1318,210.0116766,112.334714,0,364.2050689,0,0,0
1280380,0,0,0,0,329.818166,0,0
2986831,0,50.73180631,0,0,0,0,0
2350,0,83.34511036,0,0,0,0,0
1464,0,61.60290766,0,235.6621034,0,0,0
5741,252.014012,65.22660811,0,214.2382758,86.79425422,0,0
2705471,126.007006,123.2058153,0,0,295.1004643,0,0
1336796,0,119.5821149,0,0,0,0,0
2741701,0,0,0,0,0,0,0
1761012,0,47.10810586,0,0,0,0,0
889453,0,36.2370045,0,0,121.5119559,0,213.168483
1522758,0,0,0,0,0,0,0
3230968,142.8079401,123.2058153,0,0,173.5885084,0,253.1375736
1161942,344.4191497,210.1746261,0,407.052724,112.8325305,448.9481786,0
1871053,0,83.34511036,0,0,0,0,0
1812115,117.6065389,57.97920721,445.2784581,342.7812413,0,0,0
386891,0,0,0,0,0,0,0
2968490,0,0,0,0,0,0,0
2919499,126.007006,83.34511036,0,0,0,0,0
2795383,84.00467066,54.35550676,0,278.5097586,156.2296576,0,199.8454528
1792508,0,112.334714,0,0,0,0,0
2859516,126.007006,79.72140991,0,0,0,0,266.4606038
362787,0,36.2370045,0,0,0,0,0
2932257,327.6182156,188.4324234,0,321.3574137,225.665061,384.8127245,333.0757547
2675053,0,0,0,0,0,0,0
1971,0,72.47400901,0,514.1718619,173.5885084,0,0
3074111,151.2084072,50.73180631,0,0,260.3827627,0,0
487686,0,0,381.6672498,0,0,609.2868138,0
3003256,0,65.22660811,0,0,0,0,0
3096994,0,840.6985045,0,0,0,0,0
2015076,0,0,349.8616456,0,0,0,0
101070,100.8056048,105.0873131,0,0,0,0,0
3071453,184.8102755,746.4822928,0,0,0,0,0
2921474,520.8289581,297.1434369,0,0,494.7272491,0,0
187101,260.414479,115.9584144,0,0,347.1770169,320.6772704,239.8145434
3048535,117.6065389,119.5821149,0,0,121.5119559,0,0
1871047,344.4191497,177.5613221,0,728.4101378,0,0,159.8763623
658643,0,0,0,0,0,0,0
83771,134.4074731,83.34511036,477.0840622,0,199.6267847,0,0
28082,109.2060719,76.09770946,0,0,312.4593152,0,479.6290868
1179777,168.0093413,108.7110135,0,0,208.3062101,0,226.4915132
2921604,0,0,1049.584937,0,0,0,772.735751
2921443,0,0,0,0,0,0,0
319939,294.0163473,195.6798243,0,578.4433447,164.909083,0,253.1375736
1616117,0,65.22660811,0,0,0,0,226.4915132
313588,184.8102755,199.3035248,318.0560415,0,225.665061,0,0
767892,0,0,0,0,0,0,0
2762320,201.6112096,130.4532162,349.8616456,278.5097586,381.8947186,384.8127245,492.952117
171282,0,0,0,0,112.8325305,0,186.5224227
174587,134.4074731,101.4636126,349.8616456,0,112.8325305,0,0
675281,0,144.948018,0,0,0,0,0
2321403,142.8079401,152.1954189,0,214.2382758,190.9473593,0,173.1993925
2315862,0,0,0,0,86.79425422,0,0
69710,344.4191497,152.1954189,0,0,0,0,0
1602,0,0,0,0,0,0,0
1010,168.0093413,54.35550676,0,0,95.47367964,0,199.8454528
490095,92.40513773,101.4636126,0,364.2050689,130.1913813,0,0
29555,0,123.2058153,0,0,164.909083,0,239.8145434
49283,184.8102755,72.47400901,0,0,182.2679339,0,333.0757547
3445773,0,0,0,0,173.5885084,0,0
2653189,117.6065389,0,0,0,0,0,0
1471,0,0,0,0,95.47367964,0,0
332999,159.6088743,83.34511036,0,0,164.909083,0,0
2060723,134.4074731,97.83991216,0,278.5097586,277.7416135,0,359.7218151
3065396,0,47.10810586,0,0,147.5502322,0,173.1993925
248907,193.2107425,108.7110135,318.0560415,257.085931,0,0,0
1114873,0,79.72140991,0,0,0,0,0
387661,327.6182156,192.0561239,572.5008747,0,243.0239118,481.0159056,346.3987849
29385,0,0,0,0,0,0,0
2954748,0,0,0,0,0,0,0
2823904,0,0,0,0,0,0,0
1267768,260.414479,213.7983266,0,0,0,0,0
545,142.8079401,134.0769167,826.9457078,0,182.2679339,0,0
2038737,0,47.10810586,0,0,0,0,0
1284,100.8056048,0,0,0,0,513.0836326,0
3445772,0,83.34511036,0,0,0,0,0
1930273,0,43.48440541,0,299.9335861,0,0,0
2518645,243.6135449,206.5509257,508.8896664,342.7812413,112.8325305,0,0
171279,151.2084072,79.72140991,0,0,0,0,0
1844006,0,108.7110135,0,0,0,0,0
1529058,0,0,0,0,0,0,0
2528008,0,0,0,278.5097586,0,0,0
2217913,126.007006,76.09770946,0,0,1102.287029,673.4222678,213.168483
2664091,201.6112096,166.6902207,0,235.6621034,243.0239118,0,279.783634
290400,0,54.35550676,0,0,0,0,0
542,352.8196168,239.1642297,0,0,199.6267847,0,0
2901381,134.4074731,76.09770946,349.8616456,0,0,0,0
39441,168.0093413,134.0769167,0,0,173.5885084,320.6772704,173.1993925
1486281,0,123.2058153,0,0,0,0,0
3141542,243.6135449,105.0873131,0,278.5097586,208.3062101,0,333.0757547
2610896,504.028024,297.1434369,0,835.5292757,546.8038016,0,0
3115646,0,39.86070495,0,0,138.8708068,0,0
38284,201.6112096,0,0,0,390.574144,0,0
1221500,0,0,0,0,0,0,0
2975755,0,0,0,0,0,0,0
1318743,142.8079401,61.60290766,318.0560415,0,0,0,213.168483
2054173,252.014012,68.85030856,0,257.085931,347.1770169,0,146.5533321
1789224,159.6088743,90.59251126,0,0,0,0,0
1896196,0,0,0,0,0,0,0
2096,0,0,0,0,138.8708068,673.4222678,253.1375736
3047874,0,43.48440541,0,0,0,0,0
3045146,151.2084072,177.5613221,318.0560415,278.5097586,86.79425422,0,0
2249302,0,0,0,0,0,0,0
2732161,0,39.86070495,0,0,0,0,0
60217,184.8102755,170.3139212,0,278.5097586,104.1531051,513.0836326,0
748197,453.6252216,250.0353311,0,578.4433447,173.5885084,673.4222678,213.168483
1099853,0,54.35550676,0,0,216.9856356,0,0
3374195,302.4168144,184.808723,0,0,347.1770169,1346.844536,0
2775245,0,76.09770946,0,0,0,0,0
718286,0,54.35550676,0,0,0,0,0
449520,134.4074731,54.35550676,0,0,381.8947186,705.4899949,373.0448453
467262,176.4098084,137.7006171,604.3064788,449.9003792,0,0,133.2303019
88688,0,112.334714,0,0,0,0,0
3047815,0,0,0,0,0,0,0
2743000,159.6088743,101.4636126,0,0,347.1770169,0,0
2867016,361.2200838,250.0353311,0,642.7148274,0,0,0
1813019,268.8149461,130.4532162,0,364.2050689,269.0621881,0,186.5224227
1324864,193.2107425,134.0769167,0,407.052724,121.5119559,0,0
84022,0,83.34511036,0,0,0,0,0
1789226,260.414479,213.7983266,636.1120829,407.052724,147.5502322,0,572.8902982
1302308,966.0537126,101.4636126,0,0,390.574144,0,612.8593887
1033854,0,0,0,0,0,0,0
1328,0,0,0,0,0,0,0
83453,0,0,0,0,0,0,0
1796616,218.4121437,79.72140991,0,0,95.47367964,352.7449974,199.8454528
3234028,0,50.73180631,0,0,138.8708068,0,213.168483
3082521,386.421485,195.6798243,0,0,460.0095474,0,0
1922226,0,68.85030856,0,0,0,0,0
3022697,142.8079401,123.2058153,0,407.052724,0,0,0
35703,562.8312934,279.0249347,0,0,0,0,0
1561924,0,0,0,0,0,0,0
2594269,0,0,0,0,0,0,0
1474,193.2107425,192.0561239,0,257.085931,0,0,146.5533321
3388424,0,231.9168288,0,0,0,0,0
990268,151.2084072,108.7110135,0,471.3242068,121.5119559,0,0
2789856,0,112.334714,0,0,86.79425422,0,0
1892404,0,0,1049.584937,0,0,1154.438173,0
1637831,0,0,0,0,0,0,0
2126553,126.007006,90.59251126,0,0,156.2296576,0,0
3342096,0,0,0,0,0,0,0
2590900,226.8126108,192.0561239,349.8616456,214.2382758,121.5119559,513.0836326,173.1993925
2975888,0,0,0,0,0,0,0
29559,277.2154132,97.83991216,0,257.085931,303.7798898,320.6772704,333.0757547
2419773,285.6158802,279.0249347,0,557.0195171,633.5980558,0,386.3678755
1420917,0,213.7983266,0,0,0,0,0
1828,176.4098084,72.47400901,0,0,0,0,0
1628248,0,119.5821149,0,0,0,0,0
3093871,0,47.10810586,0,0,0,0,0
2774330,210.0116766,173.9376216,0,257.085931,0,0,146.5533321
3232307,117.6065389,152.1954189,667.9176871,0,295.1004643,0,0
2997336,0,0,0,0,121.5119559,0,0
3459527,0,0,0,0,0,0,0
324767,193.2107425,94.21621171,381.6672498,0,0,0,293.1066642
1033900,0,47.10810586,0,0,112.8325305,0,199.8454528
1383885,159.6088743,206.5509257,0,214.2382758,0,0,0
3239997,0,0,0,0,0,0,186.5224227
2921713,0,83.34511036,0,0,0,0,0
2744518,0,152.1954189,0,0,0,0,399.6909057
1295609,92.40513773,39.86070495,0,0,95.47367964,0,213.168483
561184,0,159.4428198,0,0,225.665061,0,0
3023713,0,39.86070495,0,0,407.9329948,0,439.6599963
1501392,302.4168144,141.3243176,0,299.9335861,0,0,146.5533321
3239304,117.6065389,112.334714,0,257.085931,173.5885084,513.0836326,0
3434352,420.0233533,213.7983266,0,0,0,0,439.6599963
2039166,277.2154132,199.3035248,0,235.6621034,0,0,413.0139359
2961895,176.4098084,112.334714,0,0,0,0,0
1211326,0,57.97920721,413.4728539,0,112.8325305,0,0
2713414,0,57.97920721,0,0,182.2679339,0,0
323450,0,0,0,0,0,0,0
2699395,319.2177485,195.6798243,318.0560415,342.7812413,121.5119559,416.8804515,306.4296944
1379903,0,159.4428198,0,0,0,0,0
1885344,344.4191497,199.3035248,0,364.2050689,0,0,0
2494374,310.8172814,202.9272252,699.7232912,0,0,0,213.168483
3118333,235.2130778,115.9584144,445.2784581,0,138.8708068,0,159.8763623
3080055,168.0093413,112.334714,0,0,269.0621881,352.7449974,0
438033,100.8056048,94.21621171,0,0,0,0,0
3003263,126.007006,76.09770946,0,214.2382758,503.4066745,0,679.4745397
3389972,0,0,0,0,0,0,0
225194,260.414479,221.0457275,890.5569161,578.4433447,0,0,199.8454528
2745153,369.6205509,105.0873131,0,0,112.8325305,0,359.7218151
375929,201.6112096,134.0769167,0,214.2382758,269.0621881,0,159.8763623
29391,0,57.97920721,381.6672498,0,225.665061,0,0
1780362,193.2107425,166.6902207,0,0,130.1913813,0,0
149016,0,0,0,0,0,0,0
2740462,0,0,0,0,0,0,0
28449,0,0,0,0,156.2296576,0,0
2880218,0,0,0,0,0,0,0
2735562,184.8102755,83.34511036,0,214.2382758,277.7416135,0,386.3678755
45668,0,36.2370045,0,0,0,0,0
1979527,0,0,0,0,0,0,0
1531,134.4074731,94.21621171,413.4728539,0,234.3444864,0,0
1640,142.8079401,105.0873131,0,257.085931,138.8708068,0,426.3369661
62763,0,163.0665203,0,0,0,0,0
2587848,0,0,0,0,0,0,0
1455,327.6182156,239.1642297,349.8616456,299.9335861,104.1531051,0,199.8454528
3348344,0,0,0,0,0,0,0
45242,344.4191497,177.5613221,413.4728539,278.5097586,104.1531051,384.8127245,133.2303019
2230867,252.014012,192.0561239,445.2784581,449.9003792,199.6267847,0,226.4915132
2789857,0,0,0,0,277.7416135,0,0
2983267,436.8242874,141.3243176,0,0,390.574144,0,279.783634
2819101,126.007006,173.9376216,0,278.5097586,451.3301219,0,266.4606038
58180,168.0093413,79.72140991,795.1401037,0,182.2679339,737.5577219,0
2983299,336.0186826,177.5613221,0,0,512.0860999,0,572.8902982
166485,218.4121437,293.5197365,0,0,138.8708068,384.8127245,159.8763623
3394358,302.4168144,119.5821149,318.0560415,235.6621034,112.8325305,352.7449974,0
200452,0,0,0,0,0,0,0
980254,100.8056048,0,0,385.6288965,0,0,0
3138567,588.0326946,166.6902207,0,557.0195171,234.3444864,0,0
2358,319.2177485,123.2058153,0,0,199.6267847,481.0159056,199.8454528
1247023,588.0326946,322.5093401,0,0,607.5597795,0,439.6599963
455432,0,0,0,0,0,0,0
2903803,210.0116766,123.2058153,381.6672498,0,243.0239118,0,306.4296944
301953,0,0,0,0,0,0,0
2058134,134.4074731,141.3243176,0,0,303.7798898,0,226.4915132
2763010,0,0,0,0,0,0,0
118562,0,148.5717185,0,0,286.4210389,0,0
2829597,0,173.9376216,0,0,0,0,0
204936,378.021018,181.1850225,0,578.4433447,0,0,0
2975157,226.8126108,115.9584144,0,0,0,0,0
2950108,0,0,0,0,0,0,0
1850093,142.8079401,79.72140991,0,214.2382758,104.1531051,0,0
70255,159.6088743,90.59251126,0,0,130.1913813,384.8127245,186.5224227
1912091,142.8079401,163.0665203,0,0,0,0,0
3023090,193.2107425,94.21621171,445.2784581,0,156.2296576,0,0
2161872,0,50.73180631,0,0,138.8708068,0,186.5224227
913107,226.8126108,130.4532162,0,214.2382758,0,320.6772704,239.8145434
1891926,0,39.86070495,0,214.2382758,121.5119559,0,213.168483
2052660,252.014012,188.4324234,0,299.9335861,95.47367964,0,266.4606038
2419842,210.0116766,210.1746261,0,0,355.8564423,0,0
3400422,92.40513773,0,0,0,0,0,0
931866,0,195.6798243,0,0,0,0,0
2903098,0,76.09770946,0,0,0,0,0
254719,0,380.4885473,0,0,0,0,0
2077090,159.6088743,206.5509257,0,0,0,0,0
1443941,0,50.73180631,0,0,0,0,0
1165090,0,43.48440541,318.0560415,0,104.1531051,0,173.1993925
44674,0,61.60290766,0,0,0,0,0
2741071,0,0,0,0,0,0,0
278860,0,148.5717185,0,0,112.8325305,0,0
1734049,0,148.5717185,0,0,0,0,0
337701,151.2084072,148.5717185,0,0,0,0,0
2975625,0,0,0,0,0,0,0
551996,0,0,0,0,0,0,0
33952,109.2060719,105.0873131,0,0,190.9473593,0,186.5224227
1267021,243.6135449,123.2058153,0,321.3574137,355.8564423,320.6772704,279.783634
470934,151.2084072,105.0873131,0,0,0,0,0
379547,0,83.34511036,318.0560415,0,156.2296576,0,133.2303019
1501268,0,0,0,0,0,0,0
83816,168.0093413,166.6902207,0,257.085931,95.47367964,320.6772704,0
1699411,0,152.1954189,0,0,0,0,133.2303019
2051553,361.2200838,217.422027,0,0,130.1913813,0,0
2047966,0,50.73180631,0,0,0,0,0
1610576,495.6275569,318.8856396,0,1135.462862,95.47367964,0,146.5533321
2725288,0,43.48440541,0,0,0,0,0
44255,0,72.47400901,0,0,0,0,0
57487,428.4238204,195.6798243,0,299.9335861,182.2679339,416.8804515,186.5224227
1561003,176.4098084,86.96881081,0,214.2382758,0,0,0
354356,100.8056048,57.97920721,0,0,0,0,0
1241979,117.6065389,57.97920721,0,0,112.8325305,0,186.5224227
157692,0,0,0,0,0,0,0
2360,117.6065389,134.0769167,0,0,95.47367964,448.9481786,186.5224227
1413221,310.8172814,217.422027,572.5008747,0,303.7798898,0,546.2442378
2043170,226.8126108,65.22660811,318.0560415,214.2382758,0,0,0
3003257,100.8056048,112.334714,0,0,0,0,146.5533321
2870839,201.6112096,101.4636126,318.0560415,214.2382758,0,352.7449974,0
2478954,0,0,0,0,121.5119559,0,226.4915132
39766,0,54.35550676,0,0,0,0,0
3051614,0,0,0,0,0,0,0
3101308,0,68.85030856,0,0,147.5502322,0,0
3092665,193.2107425,105.0873131,0,0,260.3827627,0,173.1993925
165694,0,94.21621171,985.9737286,0,269.0621881,0,279.783634
2026193,302.4168144,170.3139212,0,342.7812413,112.8325305,416.8804515,0
374981,0,0,0,0,0,0,159.8763623
2527976,210.0116766,83.34511036,0,299.9335861,182.2679339,0,159.8763623
3070682,0,50.73180631,0,0,0,416.8804515,0
2875764,0,43.48440541,0,0,0,0,0
2798577,0,54.35550676,0,0,0,0,159.8763623
2806443,134.4074731,112.334714,0,0,182.2679339,0,279.783634
253245,117.6065389,90.59251126,0,0,0,0,0
680279,0,65.22660811,0,0,0,0,0
3408580,92.40513773,50.73180631,0,0,243.0239118,0,0
2173034,92.40513773,101.4636126,0,0,0,0,0
3092147,0,144.948018,0,0,130.1913813,0,0
2879119,0,0,0,0,0,0,0
141,0,0,0,0,0,0,0
1709002,218.4121437,242.7879302,0,0,0,0,0
151781,0,0,0,0,0,0,0
53346,268.8149461,130.4532162,0,0,216.9856356,0,0
3140744,0,0,0,0,0,0,0
3082949,0,0,0,0,0,0,0
2596913,142.8079401,188.4324234,0,0,0,0,0
28097,310.8172814,181.1850225,0,471.3242068,182.2679339,545.1513597,199.8454528
1160721,218.4121437,126.8295158,0,214.2382758,338.4975915,0,306.4296944
1913578,0,0,0,0,0,0,0
2921450,0,0,0,0,0,0,0
33047,159.6088743,65.22660811,0,0,130.1913813,833.760903,186.5224227
2931400,0,0,0,0,529.4449507,0,0
3242688,352.8196168,213.7983266,0,214.2382758,190.9473593,320.6772704,266.4606038
118060,0,0,0,0,0,0,0
2912187,151.2084072,94.21621171,0,0,112.8325305,609.2868138,0
1250539,0,387.7359482,0,0,0,0,0
2983606,201.6112096,112.334714,0,278.5097586,234.3444864,0,306.4296944
2186,0,0,0,0,0,0,0
2651284,159.6088743,57.97920721,0,0,208.3062101,0,266.4606038
477666,243.6135449,90.59251126,413.4728539,0,338.4975915,0,0
2527984,0,0,0,0,0,0,0
2954691,226.8126108,134.0769167,349.8616456,235.6621034,104.1531051,352.7449974,0
3239935,151.2084072,86.96881081,0,449.9003792,0,481.0159056,0
3059904,151.2084072,79.72140991,0,0,0,0,0
2579971,109.2060719,159.4428198,0,0,0,0,0
1972431,117.6065389,181.1850225,0,428.4765516,216.9856356,0,0
2003188,0,0,572.5008747,0,650.9569067,0,772.735751
885040,0,94.21621171,0,0,407.9329948,0,386.3678755
2488665,176.4098084,355.1226441,0,0,0,0,0
29449,117.6065389,68.85030856,0,0,0,0,0
300825,201.6112096,68.85030856,0,0,0,0,199.8454528
2966625,0,0,0,0,0,0,0
624,0,0,0,0,0,0,1865.224227
83526,126.007006,65.22660811,508.8896664,0,121.5119559,0,0
1812111,134.4074731,61.60290766,0,0,95.47367964,0,0
367743,0,0,0,0,0,0,0
3231032,168.0093413,97.83991216,0,235.6621034,364.5358677,0,199.8454528
2593653,302.4168144,380.4885473,0,0,0,0,0
2907827,277.2154132,213.7983266,0,385.6288965,0,0,199.8454528
2714928,0,43.48440541,604.3064788,0,0,737.5577219,159.8763623
774,100.8056048,54.35550676,0,0,138.8708068,0,0
271420,0,0,699.7232912,0,0,545.1513597,826.0278718
1448857,176.4098084,123.2058153,0,214.2382758,564.1626524,0,186.5224227
176102,0,0,0,0,0,0,0
76758,0,47.10810586,381.6672498,0,0,0,0
52692,243.6135449,159.4428198,477.0840622,0,0,0,226.4915132
2020311,0,0,0,0,0,0,0
2562284,453.6252216,318.8856396,0,578.4433447,138.8708068,0,0
3231511,0,61.60290766,0,0,251.7033372,705.4899949,0
2233999,226.8126108,315.2619392,0,0,0,0,0
3082444,0,50.73180631,0,0,0,0,0
1526571,0,43.48440541,0,0,0,0,0
2930213,100.8056048,47.10810586,0,0,433.9712711,0,426.3369661
2653858,0,0,0,0,0,0,0
223919,0,0,0,0,0,0,0
468911,0,57.97920721,0,0,0,0,0
2589080,0,0,0,0,0,0,0
1759089,151.2084072,112.334714,318.0560415,235.6621034,95.47367964,0,199.8454528
2213226,0,54.35550676,0,0,86.79425422,0,0
92933,235.2130778,398.6070495,0,0,0,0,146.5533321
3070679,0,47.10810586,0,0,95.47367964,0,0
2527974,0,39.86070495,0,214.2382758,0,0,0
2996035,0,0,0,0,0,0,0
2903568,0,0,0,0,0,0,0
499229,0,0,0,0,121.5119559,0,0
100716,0,0,0,0,0,0,0
126333,142.8079401,105.0873131,0,0,121.5119559,0,173.1993925
234828,0,0,0,0,0,0,0
2654676,0,72.47400901,0,0,173.5885084,0,293.1066642
454155,0,0,0,0,0,0,0
2169400,0,101.4636126,0,0,0,0,0
2161677,0,0,0,0,0,0,0
1920809,0,105.0873131,0,0,0,0,0
115778,0,79.72140991,0,0,486.0478236,0,0
3160833,0,159.4428198,0,0,0,0,0
3350178,0,39.86070495,0,0,0,0,0
2021234,268.8149461,144.948018,0,257.085931,312.4593152,416.8804515,173.1993925
3065648,0,54.35550676,0,0,0,0,0
3454466,159.6088743,97.83991216,0,299.9335861,0,0,239.8145434
2007306,226.8126108,123.2058153,0,385.6288965,0,0,0
138853,0,0,0,0,0,0,0
935222,134.4074731,57.97920721,0,0,147.5502322,0,146.5533321
2748098,0,79.72140991,0,0,0,0,0
1888890,0,50.73180631,0,0,164.909083,0,0
1147,0,0,0,0,529.4449507,0,0
2883205,235.2130778,181.1850225,699.7232912,299.9335861,0,352.7449974,239.8145434
3064139,92.40513773,105.0873131,381.6672498,0,321.1387406,0,293.1066642
1870984,0,0,0,0,0,0,0
3135640,613.2340958,373.2411464,0,814.1054481,286.4210389,0,0
195253,201.6112096,115.9584144,349.8616456,0,0,0,0
3440637,302.4168144,163.0665203,0,642.7148274,104.1531051,577.2190867,226.4915132
97393,0,0,0,0,0,0,0
1959104,0,0,0,0,0,0,0
2528964,0,170.3139212,0,0,0,0,0
3031799,0,0,0,0,0,0,0
1908198,201.6112096,250.0353311,477.0840622,321.3574137,199.6267847,0,0
3459122,327.6182156,253.6590315,0,578.4433447,0,0,0
3126740,285.6158802,148.5717185,0,278.5097586,0,0,0
1260629,176.4098084,115.9584144,0,0,0,0,0
2929509,0,0,0,0,0,0,0
3397060,0,0,0,0,0,0,0
2675331,0,54.35550676,0,0,0,0,0
2906515,0,876.935509,0,0,0,0,0
1855616,159.6088743,112.334714,0,0,0,0,199.8454528
754516,260.414479,173.9376216,349.8616456,235.6621034,112.8325305,0,306.4296944
326522,235.2130778,108.7110135,0,0,0,0,0
2992140,0,0,0,0,0,0,0
1727,210.0116766,202.9272252,0,0,260.3827627,1314.776809,0
648995,0,0,0,0,286.4210389,0,0
1229727,0,250.0353311,0,0,0,0,0
644281,302.4168144,170.3139212,0,257.085931,0,0,0
1776392,0,0,0,0,0,0,0
1178516,243.6135449,159.4428198,0,342.7812413,208.3062101,0,173.1993925
2833628,0,43.48440541,0,0,0,0,0
2213194,109.2060719,90.59251126,0,257.085931,138.8708068,0,239.8145434
433296,0,76.09770946,0,0,0,0,0
1912855,134.4074731,134.0769167,604.3064788,364.2050689,208.3062101,0,279.783634
3384444,0,0,0,0,156.2296576,0,0
320912,0,155.8191194,0,0,0,0,0
59512,184.8102755,126.8295158,0,0,243.0239118,0,0
2796927,285.6158802,144.948018,349.8616456,299.9335861,130.1913813,513.0836326,226.4915132
407164,0,0,0,0,0,0,0
1830,0,0,0,0,1058.889901,0,865.9969623
2991499,0,68.85030856,0,0,0,0,0
1389004,0,83.34511036,0,0,0,0,0
1628086,0,0,0,0,0,0,0
3374600,0,123.2058153,0,0,208.3062101,0,266.4606038
97481,109.2060719,68.85030856,381.6672498,0,0,0,0
34,0,0,0,0,0,0,0
1442556,0,50.73180631,0,0,182.2679339,0,0
2303505,0,0,381.6672498,0,0,448.9481786,186.5224227
2709688,252.014012,112.334714,0,0,0,0,0
84159,0,402.23075,0,0,0,0,0
47678,126.007006,86.96881081,0,0,0,0,0
2780077,201.6112096,134.0769167,0,0,0,0,0
1188228,0,0,0,0,0,0,0
708126,285.6158802,97.83991216,0,214.2382758,260.3827627,0,186.5224227
59733,0,0,0,0,0,0,0
2818388,0,105.0873131,0,0,0,0,0
2852117,0,39.86070495,0,0,0,0,0
2589790,898.8499761,532.6839662,0,0,590.2009287,0,0
185300,0,39.86070495,0,0,0,0,0
3098297,109.2060719,137.7006171,0,0,338.4975915,0,532.9212076
2810514,0,0,0,0,0,0,0
1077935,0,130.4532162,0,0,0,0,0
2995304,0,54.35550676,0,278.5097586,0,0,0
2020875,0,54.35550676,0,0,0,0,0
715,260.414479,101.4636126,0,0,208.3062101,0,159.8763623
3020883,201.6112096,163.0665203,0,0,95.47367964,0,0
3252900,134.4074731,137.7006171,349.8616456,0,112.8325305,0,0
2984846,134.4074731,83.34511036,0,0,0,0,0
529,772.8429701,587.039473,0,0,0,0,0
2676868,302.4168144,163.0665203,0,257.085931,208.3062101,0,173.1993925
383750,352.8196168,246.4116306,0,235.6621034,225.665061,320.6772704,173.1993925
1499687,218.4121437,159.4428198,0,407.052724,364.5358677,0,572.8902982
2986838,0,65.22660811,0,0,0,0,0
1761794,0,76.09770946,0,0,0,0,0
103816,0,0,0,0,0,0,0
571256,0,0,0,0,0,0,0
2952477,0,0,0,0,0,0,0
78,0,0,0,0,0,0,0
2230877,310.8172814,123.2058153,0,214.2382758,243.0239118,609.2868138,146.5533321
1817965,235.2130778,297.1434369,0,0,0,0,0
3042300,285.6158802,344.2515428,0,257.085931,338.4975915,0,306.4296944
2980026,0,47.10810586,0,0,164.909083,352.7449974,146.5533321
2782163,0,36.2370045,0,0,0,0,0
1215089,218.4121437,148.5717185,0,407.052724,112.8325305,416.8804515,186.5224227
159346,126.007006,97.83991216,0,0,0,0,0
2036206,126.007006,112.334714,0,0,269.0621881,416.8804515,253.1375736
29486,0,0,0,0,0,0,0
2729421,260.414479,119.5821149,0,321.3574137,199.6267847,0,239.8145434
553,0,0,0,0,0,0,0
28137,0,0,0,0,460.0095474,0,319.7527246
2494550,0,170.3139212,0,0,0,0,0
3028296,92.40513773,79.72140991,0,0,433.9712711,352.7449974,359.7218151
546367,260.414479,202.9272252,0,0,0,0,0
80860,0,0,0,0,0,0,0
3424766,0,54.35550676,0,0,0,0,0
1094342,0,119.5821149,0,0,0,0,0
311182,0,83.34511036,0,0,104.1531051,0,0
1930071,168.0093413,105.0873131,0,0,199.6267847,0,199.8454528
1008,252.014012,115.9584144,318.0560415,0,104.1531051,0,159.8763623
3042615,0,86.96881081,0,428.4765516,0,545.1513597,279.783634
96344,0,0,0,0,0,0,0
2589986,0,0,0,0,0,0,0
2597518,126.007006,86.96881081,0,0,0,0,0
2908843,151.2084072,119.5821149,0,0,0,0,0
28446,260.414479,177.5613221,0,214.2382758,243.0239118,0,306.4296944
432329,445.2247545,195.6798243,763.3344995,492.7480344,0,0,0
2975482,92.40513773,0,0,0,0,384.8127245,0
2777186,201.6112096,137.7006171,0,299.9335861,130.1913813,0,0
2695882,327.6182156,134.0769167,0,0,199.6267847,0,213.168483
80867,134.4074731,152.1954189,0,492.7480344,312.4593152,0,0
1028752,302.4168144,141.3243176,0,278.5097586,277.7416135,0,346.3987849
2937758,0,43.48440541,381.6672498,0,0,0,226.4915132
897,0,0,0,278.5097586,0,833.760903,0
2774562,0,608.7816757,0,0,581.5215033,0,666.1515095
28447,0,192.0561239,0,0,0,0,0
3296934,0,0,0,0,0,0,586.2133284
2498451,84.00467066,72.47400901,0,0,0,0,0
316068,134.4074731,90.59251126,0,0,234.3444864,0,0
1904862,0,101.4636126,349.8616456,0,243.0239118,0,159.8763623
1845000,193.2107425,94.21621171,0,749.8339653,225.665061,0,0
2108445,92.40513773,50.73180631,0,0,0,0,0
2073078,168.0093413,148.5717185,731.5288954,299.9335861,0,416.8804515,173.1993925
96232,327.6182156,152.1954189,0,235.6621034,147.5502322,0,439.6599963
1636720,302.4168144,188.4324234,572.5008747,0,190.9473593,0,0
309805,428.4238204,221.0457275,0,428.4765516,0,320.6772704,0
2557994,0,79.72140991,0,0,390.574144,0,599.5363585
2708350,0,97.83991216,0,0,0,0,0
1663591,327.6182156,409.4781509,0,0,0,0,0
46503,0,0,0,0,0,0,0
1967665,0,0,0,0,0,0,0
158500,0,123.2058153,0,0,0,0,0
3404132,0,159.4428198,0,0,0,0,0
197162,126.007006,43.48440541,0,0,0,0,0
52694,0,57.97920721,0,0,0,0,239.8145434
67345,0,0,0,0,0,0,0
1151742,0,0,0,0,0,0,0
1536774,0,0,0,0,0,0,0
285729,0,0,0,0,0,0,0
317658,193.2107425,221.0457275,0,342.7812413,0,0,426.3369661
2921670,168.0093413,76.09770946,0,0,0,641.3545408,359.7218151
349221,0,47.10810586,0,0,0,0,0
2842356,0,0,0,0,0,0,0
528187,218.4121437,188.4324234,0,342.7812413,251.7033372,513.0836326,279.783634
437900,0,57.97920721,0,0,0,0,0
2710596,126.007006,112.334714,0,0,156.2296576,0,0
3080760,0,39.86070495,0,0,95.47367964,0,0
3145235,0,76.09770946,0,749.8339653,130.1913813,0,0
673862,0,0,0,0,0,0,0
1109412,285.6158802,152.1954189,349.8616456,0,425.2918457,0,0
3138254,0,0,0,0,0,0,0
516075,252.014012,231.9168288,0,321.3574137,130.1913813,352.7449974,186.5224227
570162,0,0,0,0,0,0,0
106,0,0,0,0,0,0,0
907,562.8312934,257.282732,0,0,138.8708068,384.8127245,0
2316383,0,54.35550676,0,235.6621034,112.8325305,0,0
3242681,0,0,0,0,885.301393,0,0
2911520,0,0,0,0,0,0,0
47735,151.2084072,130.4532162,0,0,0,0,146.5533321
84595,0,170.3139212,0,0,0,0,0
652716,210.0116766,130.4532162,0,0,269.0621881,0,239.8145434
675,0,199.3035248,0,0,0,0,0
313603,226.8126108,148.5717185,0,0,234.3444864,0,359.7218151
249188,319.2177485,144.948018,0,214.2382758,173.5885084,705.4899949,159.8763623
3093873,0,54.35550676,0,0,86.79425422,0,0
299262,0,170.3139212,0,0,95.47367964,0,0
940614,0,54.35550676,0,0,0,0,0
3440155,327.6182156,159.4428198,413.4728539,214.2382758,104.1531051,384.8127245,319.7527246
1650,0,0,0,0,0,0,426.3369661
29520,386.421485,195.6798243,0,621.2909999,381.8947186,0,0
2115,0,50.73180631,0,0,104.1531051,0,293.1066642
3290090,0,0,0,0,104.1531051,0,253.1375736
2886510,403.2224192,271.7775338,0,1006.919896,0,0,0
411153,109.2060719,119.5821149,0,0,0,0,0
1712410,0,0,0,0,0,0,0
3097547,84.00467066,130.4532162,477.0840622,0,0,0,0
1333845,302.4168144,123.2058153,349.8616456,257.085931,130.1913813,352.7449974,159.8763623
2879618,462.0256886,221.0457275,0,599.8671723,390.574144,0,319.7527246
1678309,0,0,0,0,0,0,0
3003258,0,65.22660811,0,0,0,0,0
196162,0,76.09770946,0,0,0,0,0
54259,0,0,0,0,0,0,0
1763534,0,0,0,0,0,0,0
1955013,277.2154132,155.8191194,381.6672498,0,164.909083,0,266.4606038
3418415,0,0,0,0,0,0,0
3067780,0,0,0,0,0,0,0
3350167,0,0,0,0,0,0,0
439387,0,0,0,0,0,0,0
2202827,235.2130778,126.8295158,0,685.5624826,156.2296576,0,239.8145434
2825845,0,0,0,0,0,0,0
2918516,0,0,0,0,0,0,0
3018314,168.0093413,144.948018,0,0,112.8325305,0,0
2518322,176.4098084,119.5821149,1240.418562,257.085931,104.1531051,0,0
3036359,226.8126108,159.4428198,0,257.085931,86.79425422,0,0
929813,0,0,0,0,0,0,0
172,109.2060719,43.48440541,381.6672498,0,0,0,239.8145434
2528025,0,0,0,0,0,0,0
858422,0,47.10810586,0,0,0,0,0
1312364,0,65.22660811,0,0,0,0,0
53946,0,47.10810586,0,0,0,0,0
33964,0,0,0,0,0,0,0
2992802,218.4121437,141.3243176,0,235.6621034,295.1004643,416.8804515,319.7527246
944547,0,659.513482,0,0,0,0,0
1173026,0,54.35550676,0,0,0,0,0
471,243.6135449,144.948018,0,257.085931,0,0,0
2033137,184.8102755,105.0873131,0,0,95.47367964,0,0
1564506,0,213.7983266,0,0,0,0,0
28169,0,257.282732,0,0,0,448.9481786,0
3342538,0,0,0,0,321.1387406,0,0
3070680,0,0,0,0,0,0,0
46867,92.40513773,94.21621171,0,0,0,0,0
2448482,260.414479,173.9376216,445.2784581,214.2382758,173.5885084,352.7449974,159.8763623
265668,0,97.83991216,0,0,0,0,0
2897332,0,199.3035248,0,0,0,0,0
3077735,285.6158802,202.9272252,0,321.3574137,147.5502322,0,0
1196095,0,65.22660811,0,0,138.8708068,0,0
2666183,478.8266228,260.9064324,0,0,0,0,1025.873325
1343,168.0093413,97.83991216,0,0,182.2679339,0,213.168483
1301915,117.6065389,65.22660811,0,0,0,0,293.1066642
2567896,0,47.10810586,0,407.052724,0,0,0
438856,411.6228862,195.6798243,604.3064788,428.4765516,0,0,213.168483
143,168.0093413,79.72140991,0,0,86.79425422,0,0
3097546,0,65.22660811,0,0,329.818166,0,0
632773,0,0,0,0,0,0,0
406552,0,0,0,0,0,0,0
2708539,0,50.73180631,0,0,0,0,0
414771,142.8079401,101.4636126,0,0,156.2296576,384.8127245,0
3075823,184.8102755,177.5613221,0,0,112.8325305,0,0
1229621,100.8056048,86.96881081,445.2784581,0,164.909083,0,0
2060312,168.0093413,119.5821149,0,0,199.6267847,833.760903,266.4606038
3115297,109.2060719,57.97920721,477.0840622,0,0,0,492.952117
2034517,327.6182156,126.8295158,0,278.5097586,0,352.7449974,0
2975292,336.0186826,115.9584144,0,0,0,1282.709082,0
3231513,0,0,0,0,312.4593152,0,0
1176721,0,39.86070495,0,0,0,0,0
29556,201.6112096,90.59251126,0,0,182.2679339,0,213.168483
3058398,235.2130778,123.2058153,0,278.5097586,216.9856356,0,226.4915132
2782678,0,0,0,0,867.9425422,0,0
985762,193.2107425,141.3243176,0,257.085931,373.2152931,0,0
1727164,0,0,0,0,0,0,253.1375736
2921466,285.6158802,144.948018,0,257.085931,0,577.2190867,0
2801997,0,0,0,0,0,0,0
2017482,0,159.4428198,0,0,86.79425422,0,0
1882438,117.6065389,50.73180631,0,0,104.1531051,0,0
3386277,117.6065389,105.0873131,604.3064788,0,156.2296576,0,133.2303019
2070761,117.6065389,94.21621171,0,342.7812413,460.0095474,0,786.0587812
3017781,0,0,0,0,0,0,0
198832,0,90.59251126,0,0,0,0,0
351679,0,0,0,0,0,0,0
1388755,100.8056048,47.10810586,0,0,373.2152931,0,0
1964215,0,0,0,0,104.1531051,0,0
167,151.2084072,76.09770946,0,0,121.5119559,0,466.3060566
3058393,0,0,0,0,0,0,0
2528005,0,0,0,0,0,0,0
3374549,109.2060719,43.48440541,0,0,0,0,0
76887,0,0,0,0,0,0,319.7527246
1625,302.4168144,134.0769167,0,0,451.3301219,352.7449974,333.0757547
544580,0,0,0,0,0,0,0
2898793,0,0,0,0,0,0,0
1601,184.8102755,57.97920721,0,0,0,0,0
3421107,0,72.47400901,0,0,0,0,0
2589903,243.6135449,115.9584144,0,0,147.5502322,0,319.7527246
256618,218.4121437,112.334714,0,0,0,0,0
552386,0,130.4532162,0,0,0,0,0
285983,0,0,763.3344995,0,0,0,532.9212076
29549,109.2060719,57.97920721,0,0,0,0,0
92406,126.007006,61.60290766,0,0,0,0,0
2705319,0,0,0,0,0,0,0
2897181,0,126.8295158,0,0,468.6889728,0,359.7218151
264697,226.8126108,101.4636126,0,214.2382758,130.1913813,0,239.8145434
44251,126.007006,72.47400901,0,0,234.3444864,0,0
2746932,100.8056048,105.0873131,0,0,104.1531051,0,159.8763623
3383314,0,0,0,0,0,0,0
423351,210.0116766,126.8295158,0,0,0,0,0
302167,0,0,0,0,0,0,0
3421172,0,86.96881081,0,0,0,0,0
2724,0,47.10810586,0,0,164.909083,0,0
2170729,0,54.35550676,0,0,0,0,0
394751,0,65.22660811,0,0,0,0,0
28107,193.2107425,130.4532162,0,0,234.3444864,0,0
1050624,0,0,0,0,494.7272491,0,0
419257,0,0,0,0,0,0,0
1492898,109.2060719,119.5821149,318.0560415,0,277.7416135,0,0
2861782,0,0,0,0,0,384.8127245,173.1993925
2897773,0,0,0,0,0,0,0
166501,109.2060719,0,0,0,86.79425422,416.8804515,173.1993925
28184,0,0,0,0,156.2296576,0,266.4606038
84757,92.40513773,43.48440541,0,0,0,513.0836326,293.1066642
3119977,193.2107425,181.1850225,0,278.5097586,95.47367964,513.0836326,0
104609,0,108.7110135,0,0,0,0,0
1704499,243.6135449,134.0769167,0,235.6621034,295.1004643,0,213.168483
138072,226.8126108,86.96881081,0,0,0,0,199.8454528
1208324,0,199.3035248,0,0,0,0,0
2864210,0,0,0,0,0,0,0
2483033,0,119.5821149,0,0,0,0,0
1449,0,0,0,0,104.1531051,0,0
2932255,109.2060719,36.2370045,0,0,0,0,133.2303019
28068,134.4074731,123.2058153,0,0,0,0,0
1929246,109.2060719,43.48440541,0,364.2050689,234.3444864,0,626.1824189
1389005,126.007006,134.0769167,0,706.9863102,0,0,0
3402159,252.014012,108.7110135,0,0,0,0,0
1210884,0,50.73180631,0,0,0,0,0
2709390,0,0,0,0,0,0,0
29358,0,90.59251126,0,0,199.6267847,0,0
515256,0,0,0,0,0,0,0
2045208,0,0,0,0,0,0,0
28111,0,65.22660811,0,0,0,0,0
286727,0,105.0873131,0,0,0,769.6254489,373.0448453
3412034,0,0,0,0,407.9329948,0,0
248903,159.6088743,130.4532162,0,385.6288965,503.4066745,0,319.7527246
3039116,142.8079401,83.34511036,349.8616456,0,0,0,0
2895352,0,170.3139212,0,0,104.1531051,0,0
28171,0,148.5717185,0,0,0,0,0
1226968,210.0116766,264.5301329,0,0,216.9856356,0,0
266749,0,0,0,0,182.2679339,0,0
357441,0,0,0,0,0,0,0
435,285.6158802,173.9376216,0,0,112.8325305,0,413.0139359
2921616,0,39.86070495,0,0,0,0,0
2127060,0,36.2370045,0,342.7812413,0,0,399.6909057
109790,0,39.86070495,0,0,0,0,146.5533321
2895522,109.2060719,105.0873131,0,0,0,0,0
3093923,84.00467066,0,0,0,0,0,0
2792479,520.8289581,137.7006171,0,0,989.4544981,0,0
2681984,386.421485,177.5613221,0,0,208.3062101,481.0159056,199.8454528
423477,0,47.10810586,0,0,0,0,0
39791,302.4168144,152.1954189,0,749.8339653,0,0,199.8454528
45497,0,57.97920721,0,0,0,0,0
3060757,193.2107425,123.2058153,0,0,0,0,0
3070659,0,39.86070495,349.8616456,0,112.8325305,0,0
1434102,0,0,0,0,0,0,0
357999,168.0093413,72.47400901,0,0,0,0,133.2303019
2686359,0,76.09770946,0,0,0,0,0
3239962,0,0,0,0,0,0,0
1445505,151.2084072,108.7110135,0,0,0,0,373.0448453
3020056,210.0116766,108.7110135,477.0840622,0,0,513.0836326,199.8454528
3003623,0,210.1746261,0,0,0,0,0
1470067,0,0,0,0,0,0,0
1294262,168.0093413,134.0769167,0,299.9335861,460.0095474,0,0
3398209,428.4238204,369.6174459,699.7232912,0,347.1770169,0,0
2774875,411.6228862,250.0353311,0,0,347.1770169,0,746.0896906
2954078,218.4121437,181.1850225,0,0,0,1218.573628,253.1375736
596095,252.014012,112.334714,0,0,338.4975915,352.7449974,599.5363585
2923283,0,0,0,0,0,0,0
399176,462.0256886,246.4116306,0,664.138655,216.9856356,0,0
2479546,0,90.59251126,0,0,112.8325305,0,0
40223,0,47.10810586,0,0,0,0,0
2487742,109.2060719,72.47400901,0,0,0,0,0
70346,0,0,0,0,0,0,0
2921460,92.40513773,0,0,0,190.9473593,320.6772704,266.4606038
126156,126.007006,79.72140991,349.8616456,0,0,0,466.3060566
1500254,294.0163473,170.3139212,0,0,0,0,0
399,0,199.3035248,0,0,112.8325305,0,0
1755811,84.00467066,86.96881081,0,0,156.2296576,352.7449974,253.1375736
904039,0,0,0,0,0,0,0
3144951,201.6112096,108.7110135,0,0,0,0,0
1233113,260.414479,268.1538333,0,321.3574137,0,0,0
50052,184.8102755,137.7006171,349.8616456,214.2382758,286.4210389,0,173.1993925
3374189,495.6275569,115.9584144,0,0,0,0,0
3423439,0,90.59251126,0,0,0,0,0
52022,302.4168144,119.5821149,381.6672498,0,156.2296576,737.5577219,0
171288,235.2130778,181.1850225,0,364.2050689,0,0,0
2508708,0,0,0,0,0,0,0
46020,0,0,0,0,0,0,0
3395467,176.4098084,130.4532162,0,299.9335861,312.4593152,0,133.2303019
2497863,252.014012,79.72140991,0,0,277.7416135,0,0
1778540,0,0,0,0,0,0,0
717609,134.4074731,72.47400901,0,0,130.1913813,0,0
216932,0,39.86070495,0,0,234.3444864,0,0
185007,142.8079401,86.96881081,0,257.085931,0,0,159.8763623
3069118,0,47.10810586,0,0,0,0,0
3133297,0,0,0,0,0,0,0
2908839,0,0,0,0,0,0,1492.179381
2741070,0,0,0,0,0,0,0
2068655,0,0,0,0,0,0,0
652787,210.0116766,115.9584144,0,0,251.7033372,0,0
980251,0,61.60290766,0,321.3574137,251.7033372,0,239.8145434
1658616,176.4098084,123.2058153,0,278.5097586,156.2296576,0,146.5533321
1689834,226.8126108,61.60290766,0,364.2050689,225.665061,609.2868138,199.8454528
3243388,890.449509,616.0290766,0,0,364.5358677,0,0
44250,0,0,0,0,711.7128846,0,0
41673,0,0,0,0,0,0,0
1250205,92.40513773,105.0873131,0,0,0,0,0
3016528,92.40513773,192.0561239,0,0,0,0,0
66969,117.6065389,90.59251126,0,0,104.1531051,0,0
3018315,0,54.35550676,0,0,0,0,0
2849779,0,0,0,428.4765516,0,0,0
2909669,109.2060719,108.7110135,0,0,0,0,0
1325090,0,54.35550676,0,0,0,0,306.4296944
29423,117.6065389,47.10810586,0,0,104.1531051,352.7449974,373.0448453
2908646,168.0093413,199.3035248,0,214.2382758,0,0,0
28183,109.2060719,54.35550676,0,0,0,0,0
393657,218.4121437,166.6902207,0,0,260.3827627,0,213.168483
123899,0,0,0,0,0,0,0
2766526,0,112.334714,0,257.085931,0,0,0
753,0,57.97920721,0,0,0,0,0
1277350,0,0,0,0,0,609.2868138,0
3057114,0,0,0,0,0,0,0
2598579,109.2060719,86.96881081,0,0,147.5502322,0,279.783634
2682541,0,0,0,0,0,0,0
3422597,0,0,0,0,0,0,0
3076558,0,36.2370045,0,0,95.47367964,0,0
41170,0,0,0,0,0,0,0
47715,0,0,0,0,164.909083,0,186.5224227
269673,252.014012,126.8295158,0,257.085931,0,320.6772704,0
2877527,0,0,0,0,138.8708068,0,0
1631968,0,61.60290766,0,0,0,0,0
3161071,403.2224192,231.9168288,0,535.5956895,598.8803541,0,0
878220,92.40513773,65.22660811,0,0,0,0,0
649161,0,0,0,0,0,0,0
1504981,386.421485,173.9376216,0,0,720.39231,0,532.9212076
3440154,235.2130778,112.334714,0,0,0,0,0
1333662,294.0163473,134.0769167,0,0,112.8325305,0,173.1993925
2763670,193.2107425,188.4324234,413.4728539,0,104.1531051,0,186.5224227
2014,0,0,0,0,0,0,0
2986834,134.4074731,144.948018,0,0,0,0,0
1500960,0,0,0,0,0,0,0
3058432,0,108.7110135,0,0,164.909083,0,0
33941,0,0,0,0,0,0,0
47760,0,0,0,0,0,0,0
41997,0,0,0,0,0,0,0
315358,151.2084072,112.334714,0,0,216.9856356,0,0
36841,109.2060719,43.48440541,0,0,112.8325305,0,0
2518973,92.40513773,108.7110135,0,0,564.1626524,0,373.0448453
204039,0,0,0,0,0,0,0
2921679,252.014012,94.21621171,318.0560415,299.9335861,199.6267847,0,359.7218151
1234143,92.40513773,50.73180631,0,257.085931,147.5502322,0,186.5224227
434008,0,0,0,0,0,0,0
3077789,109.2060719,86.96881081,0,0,121.5119559,0,0
421,0,0,0,407.052724,234.3444864,0,0
3092138,0,112.334714,0,0,0,0,0
592978,344.4191497,224.6694279,0,407.052724,156.2296576,0,253.1375736
406548,0,65.22660811,0,0,130.1913813,0,0
418008,0,0,0,0,95.47367964,0,199.8454528
2921364,92.40513773,43.48440541,0,0,86.79425422,0,0
2732163,0,0,0,0,0,0,0
3156486,0,0,0,0,0,0,0
1503054,0,0,0,0,0,0,0
1629,184.8102755,166.6902207,0,0,216.9856356,384.8127245,159.8763623
204,0,0,0,0,0,0,0
1293,92.40513773,134.0769167,0,0,0,0,159.8763623
3241169,0,0,0,0,312.4593152,0,186.5224227
935293,159.6088743,108.7110135,0,664.138655,0,0,0
2738883,117.6065389,72.47400901,318.0560415,0,112.8325305,320.6772704,0
2864209,268.8149461,210.1746261,0,621.2909999,0,0,0
173366,0,0,0,0,0,0,0
2153354,184.8102755,123.2058153,0,0,581.5215033,0,306.4296944
890415,117.6065389,54.35550676,0,0,0,0,0
1935446,0,65.22660811,0,0,130.1913813,0,452.9830265
313985,0,0,0,0,0,0,0
2487892,0,0,0,0,0,0,0
53360,0,105.0873131,0,0,477.3683982,416.8804515,559.567268
3123317,0,0,0,0,0,0,0
3034674,0,0,0,0,0,0,0
2143,201.6112096,141.3243176,0,364.2050689,0,0,279.783634
2997337,0,141.3243176,0,0,0,0,0
459472,0,0,0,0,0,0,0
82688,0,36.2370045,0,0,156.2296576,0,0
3322121,0,0,0,0,0,0,0
79885,0,39.86070495,0,0,225.665061,0,0
404386,0,0,0,0,0,0,0
2755338,0,0,0,0,0,0,0
3064265,0,0,0,0,0,0,0
682998,294.0163473,206.5509257,0,0,0,0,0
3065647,243.6135449,141.3243176,0,385.6288965,104.1531051,0,0
2734118,0,112.334714,0,0,104.1531051,0,0
3395462,84.00467066,43.48440541,0,0,0,0,0
2006131,0,65.22660811,0,0,0,0,0
1993,0,0,0,0,0,0,0
53443,0,134.0769167,0,0,208.3062101,0,0
86660,226.8126108,126.8295158,349.8616456,214.2382758,156.2296576,320.6772704,133.2303019
1541,0,0,0,0,0,0,439.6599963
69666,0,54.35550676,0,0,0,0,0
2509675,168.0093413,72.47400901,0,0,173.5885084,0,0
333962,0,72.47400901,0,0,0,0,0
3118105,0,0,0,0,0,0,0
2921389,0,86.96881081,0,0,0,0,0
202951,0,152.1954189,0,0,269.0621881,0,373.0448453
391036,0,0,0,0,0,0,0
393662,0,57.97920721,0,0,0,0,0
2755562,0,43.48440541,0,0,0,0,0
1867719,134.4074731,90.59251126,0,0,138.8708068,0,133.2303019
3015983,0,0,0,0,0,0,0
1834192,193.2107425,76.09770946,0,214.2382758,121.5119559,0,0
2698672,100.8056048,148.5717185,0,0,0,0,0
2662262,0,141.3243176,0,0,0,0,0
2975955,0,54.35550676,0,0,0,0,0
2731552,0,0,0,0,0,0,0
1309795,0,0,0,0,0,0,0
1904378,92.40513773,148.5717185,0,0,147.5502322,0,186.5224227
2704462,0,36.2370045,0,0,121.5119559,0,146.5533321
2259672,0,0,0,0,0,0,0
1166950,0,0,0,0,0,0,0
3412684,142.8079401,43.48440541,0,0,0,0,0
2006115,109.2060719,94.21621171,0,299.9335861,0,0,0
1748242,117.6065389,65.22660811,0,0,277.7416135,0,226.4915132
1148196,0,79.72140991,0,0,269.0621881,0,0
2478663,0,0,0,0,0,0,0
1399115,0,0,0,0,0,0,0
692036,84.00467066,72.47400901,699.7232912,0,234.3444864,0,293.1066642
39777,184.8102755,54.35550676,0,0,0,0,0
673372,117.6065389,123.2058153,0,0,0,0,0
101385,0,57.97920721,0,0,0,0,0
2979869,0,97.83991216,0,0,104.1531051,0,0
1545044,0,108.7110135,0,0,0,0,0
3153301,0,0,0,0,737.7511609,0,0
1336802,142.8079401,177.5613221,477.0840622,235.6621034,0,0,359.7218151
291048,0,105.0873131,0,0,0,0,0
2689109,0,0,0,0,0,0,0
2901836,0,0,0,0,0,0,0
2233542,0,47.10810586,0,0,503.4066745,0,626.1824189
2220096,184.8102755,297.1434369,0,0,0,0,0
2804617,0,0,0,0,0,0,0
55212,0,0,0,0,0,0,0
29370,0,0,0,0,112.8325305,320.6772704,159.8763623
271098,84.00467066,108.7110135,0,257.085931,0,0,0
300231,117.6065389,119.5821149,0,364.2050689,0,0,0
3077734,0,0,0,0,0,0,0
47917,117.6065389,105.0873131,0,0,156.2296576,0,0
1873425,142.8079401,50.73180631,0,214.2382758,0,384.8127245,346.3987849
1972867,176.4098084,166.6902207,0,0,0,0,0
2051959,0,0,0,0,0,0,0
1716543,134.4074731,76.09770946,0,0,190.9473593,0,186.5224227
2852098,0,0,0,0,0,0,0
3423956,554.4308264,163.0665203,0,0,251.7033372,0,0
243899,0,36.2370045,0,0,0,0,0
2912315,84.00467066,206.5509257,0,0,0,0,146.5533321
876,0,61.60290766,0,235.6621034,86.79425422,0,0
1891207,0,76.09770946,0,0,0,0,0
2994078,0,0,540.6952705,0,0,448.9481786,0
1751095,92.40513773,86.96881081,0,278.5097586,0,0,0
2109,344.4191497,155.8191194,413.4728539,0,138.8708068,0,173.1993925
2723092,0,57.97920721,0,0,0,0,0
36854,84.00467066,0,0,0,0,0,0
2304600,0,155.8191194,0,257.085931,0,0,0
400092,0,47.10810586,0,0,138.8708068,0,0
404011,117.6065389,130.4532162,0,0,338.4975915,0,479.6290868
2745562,0,105.0873131,0,0,190.9473593,0,0
2787629,0,206.5509257,0,0,685.6746083,0,652.8284793
459529,0,0,0,0,0,0,0
712368,0,0,0,0,633.5980558,0,652.8284793
2219696,0,112.334714,0,0,0,0,0
1525218,394.8219521,445.7151554,0,0,512.0860999,0,373.0448453
1798225,0,68.85030856,0,0,0,0,0
2778911,0,0,0,0,0,0,0
2694930,151.2084072,94.21621171,0,0,0,0,0
2587847,0,188.4324234,0,0,0,0,0
436663,0,79.72140991,0,0,0,0,0
3115296,126.007006,97.83991216,0,0,286.4210389,0,506.2751472
879970,84.00467066,94.21621171,0,0,321.1387406,0,146.5533321
28173,0,221.0457275,0,0,0,0,0
86665,0,0,0,0,104.1531051,0,0
1244531,0,43.48440541,0,0,0,0,0
3093854,0,0,0,0,0,0,0
1795874,403.2224192,123.2058153,0,492.7480344,121.5119559,0,0
412690,0,0,0,0,0,0,0
1128137,218.4121437,141.3243176,0,321.3574137,190.9473593,0,186.5224227
1453352,0,0,0,0,0,0,0
3100176,411.6228862,235.5405293,0,0,0,513.0836326,0
3029053,0,43.48440541,0,0,0,0,413.0139359
3128900,0,90.59251126,0,0,0,0,0
3059078,109.2060719,112.334714,0,0,104.1531051,0,0
95619,0,0,0,0,0,0,0
2720720,159.6088743,141.3243176,0,321.3574137,216.9856356,0,373.0448453
61435,142.8079401,137.7006171,445.2784581,299.9335861,138.8708068,0,186.5224227
495820,0,0,0,0,216.9856356,0,0
402384,0,0,0,0,0,0,0
2496266,0,47.10810586,0,0,0,448.9481786,0
3073816,126.007006,79.72140991,0,0,190.9473593,0,133.2303019
116718,92.40513773,36.2370045,0,0,0,0,0
2267253,142.8079401,159.4428198,0,0,0,0,0
321662,0,0,0,0,0,0,0
255045,0,36.2370045,0,0,0,0,0
2608982,126.007006,68.85030856,0,0,208.3062101,0,0
2592382,84.00467066,61.60290766,0,0,0,0,0
2607663,0,68.85030856,0,0,0,0,0
1758374,226.8126108,115.9584144,381.6672498,0,147.5502322,641.3545408,0
2925838,210.0116766,144.948018,0,0,425.2918457,0,359.7218151
3230969,151.2084072,97.83991216,0,0,0,448.9481786,186.5224227
746691,126.007006,39.86070495,0,0,0,0,0
2725558,319.2177485,181.1850225,0,342.7812413,381.8947186,0,359.7218151
2924033,92.40513773,54.35550676,0,0,121.5119559,0,0
455344,0,0,0,0,0,0,0
3423955,0,112.334714,0,0,0,0,0
47877,0,0,0,0,0,0,0
3445672,0,0,0,0,0,0,0
1288970,184.8102755,123.2058153,0,0,0,0,0
128780,0,0,0,0,0,0,0
56455,0,0,0,0,0,0,0
1528106,285.6158802,108.7110135,0,0,277.7416135,0,532.9212076
931531,0,94.21621171,0,0,0,0,0
390884,0,130.4532162,0,0,86.79425422,0,159.8763623
1141221,0,0,0,0,0,0,0
3079861,302.4168144,54.35550676,0,0,0,0,0
2518177,0,68.85030856,0,0,0,0,159.8763623
2946593,0,0,0,0,0,0,0
504468,0,97.83991216,0,0,0,0,0
413503,0,0,0,0,0,0,0
1917421,117.6065389,101.4636126,0,0,0,0,133.2303019
1735111,0,0,0,0,0,0,0
1302659,0,50.73180631,0,0,138.8708068,0,133.2303019
680026,159.6088743,177.5613221,0,0,0,0,146.5533321
1108595,0,83.34511036,0,0,138.8708068,0,0
2739434,0,61.60290766,0,0,0,0,199.8454528
2689107,201.6112096,141.3243176,349.8616456,0,295.1004643,0,439.6599963
401472,0,0,0,0,0,0,0
3389876,0,108.7110135,0,0,0,0,0
52,0,61.60290766,0,0,0,0,133.2303019
2572923,100.8056048,166.6902207,0,257.085931,138.8708068,0,146.5533321
981385,193.2107425,72.47400901,0,0,112.8325305,0,213.168483
55518,151.2084072,170.3139212,0,0,0,0,0
284581,84.00467066,0,0,0,164.909083,0,199.8454528
34004,0,123.2058153,0,0,0,0,0
1387353,151.2084072,86.96881081,0,385.6288965,138.8708068,0,0
3050131,159.6088743,86.96881081,0,342.7812413,216.9856356,0,213.168483
521520,0,0,0,0,95.47367964,0,0
160791,126.007006,130.4532162,0,0,0,0,0
198119,210.0116766,108.7110135,0,0,269.0621881,0,226.4915132
1872431,84.00467066,54.35550676,0,0,0,0,0
2106,100.8056048,54.35550676,318.0560415,0,373.2152931,545.1513597,213.168483
3242727,134.4074731,61.60290766,0,0,86.79425422,384.8127245,159.8763623
3080056,0,217.422027,0,0,0,0,0
2903661,0,0,0,0,0,0,0
2910158,0,43.48440541,0,0,164.909083,0,133.2303019
158850,176.4098084,115.9584144,413.4728539,0,347.1770169,0,133.2303019
285450,0,0,0,0,0,0,0
81459,0,0,0,0,0,0,0
2590016,168.0093413,148.5717185,0,342.7812413,156.2296576,0,319.7527246
3395916,176.4098084,108.7110135,0,0,0,0,0
2528023,100.8056048,39.86070495,0,0,0,0,0
216778,0,0,0,0,0,0,0
164608,0,0,0,0,0,0,0
58839,0,0,0,0,0,0,0
2652274,184.8102755,137.7006171,0,0,104.1531051,0,0
1246,0,0,0,0,0,0,0
2712222,100.8056048,83.34511036,0,235.6621034,0,0,0
1325358,176.4098084,76.09770946,0,235.6621034,147.5502322,0,213.168483
322019,0,0,0,0,0,0,0
2202647,201.6112096,76.09770946,636.1120829,0,798.5071388,0,0
226505,0,47.10810586,0,0,0,0,133.2303019
169430,302.4168144,119.5821149,0,0,251.7033372,0,532.9212076
2593652,0,0,0,0,112.8325305,0,0
1825976,0,137.7006171,0,0,147.5502322,0,0
2589987,0,152.1954189,0,0,0,0,0
2847045,0,0,0,0,0,0,0
1964449,0,0,0,0,0,0,0
69284,0,0,0,0,0,0,0
2675797,0,54.35550676,0,0,0,0,0
1404888,260.414479,163.0665203,0,0,0,0,0
353851,218.4121437,130.4532162,0,0,312.4593152,513.0836326,239.8145434
3342640,0,108.7110135,0,0,0,0,0
454601,151.2084072,152.1954189,0,214.2382758,199.6267847,0,199.8454528
861445,0,0,0,0,0,0,0
339862,0,0,0,0,0,0,0
1855610,0,39.86070495,0,364.2050689,182.2679339,0,0
3053655,0,57.97920721,0,0,0,0,0
1621989,0,0,0,0,0,0,0
3410790,0,72.47400901,0,0,0,0,0
2124,361.2200838,134.0769167,0,342.7812413,182.2679339,384.8127245,159.8763623
335406,0,115.9584144,0,0,0,0,0
2785746,142.8079401,402.23075,0,0,138.8708068,0,0
1788301,294.0163473,181.1850225,318.0560415,0,164.909083,352.7449974,213.168483
198483,134.4074731,97.83991216,0,0,95.47367964,0,0
2809707,142.8079401,148.5717185,0,0,104.1531051,384.8127245,226.4915132
2692134,0,57.97920721,0,0,0,0,0
3092148,0,141.3243176,0,0,0,0,0
1630406,0,76.09770946,0,0,199.6267847,0,0
34090,0,0,0,0,0,0,0
3029272,142.8079401,119.5821149,0,342.7812413,0,0,0
1458461,0,54.35550676,0,0,0,0,0
2715959,0,108.7110135,0,0,0,0,0
129338,0,0,0,0,0,0,0
2035858,193.2107425,210.1746261,0,535.5956895,147.5502322,320.6772704,173.1993925
2735134,0,36.2370045,0,0,0,0,0
2744521,0,0,0,0,0,0,0
184064,0,0,0,0,0,0,0
1877,0,0,0,0,0,0,0
2819290,0,43.48440541,0,0,138.8708068,0,146.5533321
3454464,109.2060719,43.48440541,0,235.6621034,0,481.0159056,0
2963940,0,0,0,0,0,0,0
3416668,0,0,0,0,0,0,0
574727,0,0,0,0,0,0,0
171523,0,0,0,0,286.4210389,0,0
3139328,0,0,0,0,1189.081283,0,0
1763363,0,90.59251126,0,0,199.6267847,0,0
2952932,168.0093413,97.83991216,0,492.7480344,338.4975915,0,253.1375736
2878151,0,0,0,0,0,0,0
66269,470.4261557,173.9376216,0,0,0,0,0
640330,126.007006,68.85030856,0,0,112.8325305,0,159.8763623
2722752,0,0,0,0,0,0,0
938288,277.2154132,159.4428198,0,385.6288965,190.9473593,0,0
505341,159.6088743,90.59251126,0,0,303.7798898,0,0
2259595,0,0,0,0,0,0,0
2214,0,36.2370045,0,0,86.79425422,0,0
1244,0,210.1746261,0,0,0,0,0
1955412,0,50.73180631,0,0,0,0,0
1918946,0,90.59251126,0,0,173.5885084,0,0
564064,184.8102755,105.0873131,0,0,0,0,0
1499973,0,0,0,0,0,0,0
3406418,126.007006,57.97920721,349.8616456,0,182.2679339,0,173.1993925
1027273,184.8102755,144.948018,0,0,0,0,0
3070815,0,36.2370045,0,0,0,0,0
1918945,0,112.334714,0,0,0,0,0
360911,235.2130778,126.8295158,0,0,0,0,0
3239934,0,68.85030856,0,0,0,0,0
522485,0,0,0,0,0,0,0
1472767,235.2130778,134.0769167,349.8616456,0,182.2679339,0,186.5224227
2053287,0,0,0,0,216.9856356,0,0
2920382,151.2084072,101.4636126,0,0,147.5502322,0,213.168483
3036303,0,57.97920721,0,0,112.8325305,0,173.1993925
2040469,184.8102755,126.8295158,0,342.7812413,0,0,0
187493,126.007006,141.3243176,318.0560415,0,216.9856356,0,159.8763623
3136295,327.6182156,0,0,0,0,0,0
859058,126.007006,246.4116306,0,0,0,0,0
2921573,0,0,0,0,0,0,0
3035935,84.00467066,228.2931284,0,0,112.8325305,0,0
686597,0,217.422027,445.2784581,0,138.8708068,0,0
36873,268.8149461,166.6902207,0,0,0,0,0
1261634,0,0,0,0,0,0,0
539262,0,43.48440541,0,0,0,320.6772704,0
2487118,84.00467066,61.60290766,0,0,112.8325305,0,173.1993925
2552947,117.6065389,119.5821149,0,0,373.2152931,0,399.6909057
2986827,134.4074731,119.5821149,0,0,190.9473593,0,0
2903669,0,0,0,0,0,0,0
2897772,0,0,0,0,0,0,0
2954094,0,0,0,0,0,0,0
558537,0,0,0,0,0,0,0
2742685,84.00467066,76.09770946,0,0,0,0,0
38323,0,0,0,0,0,0,0
2772557,0,0,0,0,0,0,0
1529069,0,0,0,0,0,0,0
3072793,0,50.73180631,0,0,0,0,0
2724528,0,0,0,0,0,0,0
2937788,84.00467066,94.21621171,0,0,0,0,0
2921563,0,1656.031106,0,0,0,0,0
3121287,0,83.34511036,0,0,0,0,0
2479367,210.0116766,199.3035248,0,0,199.6267847,0,346.3987849
1524259,0,148.5717185,0,0,182.2679339,0,0
2918914,0,68.85030856,0,0,0,0,0
2094020,0,0,0,0,0,0,0
3378765,0,0,0,0,425.2918457,0,0
3342676,0,0,0,0,0,0,0
2942908,0,0,0,0,0,0,0
470565,319.2177485,195.6798243,0,257.085931,164.909083,0,239.8145434
74109,0,90.59251126,0,0,112.8325305,0,0
166314,0,54.35550676,0,0,121.5119559,0,0
2600598,168.0093413,123.2058153,0,299.9335861,208.3062101,384.8127245,373.0448453
80679,0,0,0,0,0,0,0
2175619,445.2247545,257.282732,0,0,347.1770169,0,373.0448453
1886,0,0,0,0,0,0,0
2303538,109.2060719,184.808723,0,0,112.8325305,0,0
2913503,0,0,0,0,0,0,0
216427,159.6088743,115.9584144,318.0560415,257.085931,312.4593152,0,253.1375736
2832500,0,0,0,0,0,0,0
3080759,210.0116766,57.97920721,0,235.6621034,0,0,0
2662448,0,0,0,0,0,0,0
1138189,100.8056048,47.10810586,0,0,0,0,0
1720343,0,0,0,0,0,0,0
3070676,0,0,508.8896664,0,0,0,0
525886,126.007006,137.7006171,0,342.7812413,104.1531051,352.7449974,133.2303019
242600,0,83.34511036,0,0,295.1004643,352.7449974,279.783634
1336795,0,68.85030856,0,0,0,0,0
248039,117.6065389,68.85030856,0,0,121.5119559,0,0
2740404,0,94.21621171,0,0,130.1913813,0,0
3132747,168.0093413,72.47400901,413.4728539,214.2382758,190.9473593,513.0836326,0
2819100,0,79.72140991,0,0,95.47367964,0,0
1006005,0,0,0,0,0,0,0
2981138,100.8056048,61.60290766,0,0,0,0,0
471827,0,0,0,0,0,0,0
2946605,0,0,0,0,0,0,0
3391828,0,250.0353311,0,0,0,0,253.1375736
1532350,0,47.10810586,0,0,95.47367964,0,0
3463854,0,50.73180631,0,0,0,0,0
337,0,0,0,0,0,0,0
1806508,0,43.48440541,0,0,121.5119559,0,266.4606038
730,0,54.35550676,0,0,0,0,0
712361,109.2060719,54.35550676,0,0,0,0,0
120959,243.6135449,141.3243176,0,0,433.9712711,0,0
1481663,0,152.1954189,0,0,130.1913813,0,0
2932183,0,0,0,0,0,0,0
170573,0,0,0,0,0,0,239.8145434
69896,0,57.97920721,0,0,156.2296576,0,319.7527246
1740262,0,47.10810586,0,0,0,0,0
2839024,243.6135449,155.8191194,0,385.6288965,234.3444864,0,0
2560053,0,137.7006171,0,0,0,0,0
3422307,168.0093413,173.9376216,318.0560415,0,0,0,0
2175646,0,0,0,0,0,0,0
83683,84.00467066,36.2370045,0,0,286.4210389,0,306.4296944
3077926,0,0,0,0,0,0,0
395922,0,39.86070495,0,0,0,0,0
2961941,0,72.47400901,0,0,0,0,0
2587852,0,242.7879302,0,0,0,0,0
2995223,176.4098084,72.47400901,445.2784581,492.7480344,164.909083,0,0
653937,0,65.22660811,0,0,130.1913813,0,0
1273132,109.2060719,97.83991216,0,0,0,0,173.1993925
3093867,0,65.22660811,0,0,0,0,0
1325115,554.4308264,54.35550676,0,385.6288965,0,0,0
52443,84.00467066,224.6694279,381.6672498,0,0,0,0
3429985,218.4121437,163.0665203,445.2784581,407.052724,147.5502322,0,226.4915132
2872754,142.8079401,141.3243176,318.0560415,0,0,0,0
79263,84.00467066,50.73180631,0,0,0,0,0
2913614,0,43.48440541,381.6672498,0,112.8325305,0,0
186490,0,0,0,0,0,0,0
240495,0,0,0,0,0,0,0
428411,0,0,0,0,0,0,0
1642819,0,0,0,0,0,0,0
1842539,0,0,0,0,0,0,0
748280,0,0,0,0,0,0,0
940,0,0,0,0,0,0,0
2704651,176.4098084,79.72140991,0,0,0,0,186.5224227
2184161,193.2107425,134.0769167,0,0,0,0,0
985002,0,0,0,0,0,0,0
45067,0,65.22660811,0,0,373.2152931,0,253.1375736
3414511,0,36.2370045,0,0,0,0,0
46541,0,50.73180631,0,0,0,0,0
2269374,117.6065389,108.7110135,349.8616456,0,0,0,0
3069686,184.8102755,61.60290766,0,0,0,0,0
107327,0,86.96881081,0,0,0,0,0
1776742,92.40513773,57.97920721,604.3064788,0,182.2679339,0,0
29362,117.6065389,68.85030856,0,0,182.2679339,0,0
2923362,0,50.73180631,0,0,0,0,0
1773489,0,86.96881081,381.6672498,0,0,320.6772704,0
293091,0,39.86070495,0,0,147.5502322,0,0
573501,0,170.3139212,0,0,0,0,0
3022250,126.007006,126.8295158,0,0,0,352.7449974,0
481353,218.4121437,119.5821149,0,0,0,0,0
102134,193.2107425,94.21621171,0,235.6621034,303.7798898,0,239.8145434
480520,218.4121437,159.4428198,572.5008747,0,0,0,0
690594,0,0,0,0,0,0,0
1323375,0,0,0,0,0,0,0
2331,117.6065389,57.97920721,0,0,156.2296576,0,159.8763623
2650471,0,43.48440541,0,0,112.8325305,0,319.7527246
1563703,260.414479,213.7983266,0,0,0,0,519.5981774
2781899,0,83.34511036,0,0,0,0,0
2583587,218.4121437,166.6902207,0,342.7812413,234.3444864,0,0
379097,201.6112096,210.1746261,0,0,0,609.2868138,0
2614693,0,0,0,0,0,0,0
2582913,0,39.86070495,0,0,0,0,0
2728827,0,61.60290766,0,0,0,0,0
480418,0,0,0,0,0,0,0
1834193,168.0093413,97.83991216,0,0,407.9329948,0,359.7218151
2138,0,0,0,0,0,0,1252.364838
710190,0,65.22660811,0,0,0,0,0
59814,0,43.48440541,0,0,0,0,0
1316941,243.6135449,141.3243176,0,278.5097586,0,448.9481786,173.1993925
2866808,0,0,0,0,0,0,0
3349874,0,0,0,0,0,0,0
3445777,235.2130778,126.8295158,0,1049.767551,0,0,0
2675790,0,0,0,0,0,0,0
42422,0,57.97920721,0,0,104.1531051,0,0
1387555,0,0,0,0,0,0,0
87541,0,57.97920721,0,0,0,0,0
41675,126.007006,61.60290766,0,0,86.79425422,0,173.1993925
44009,235.2130778,144.948018,0,0,381.8947186,384.8127245,173.1993925
414778,126.007006,61.60290766,0,0,0,0,0
3017782,0,152.1954189,0,0,0,0,0
1071983,109.2060719,57.97920721,0,0,0,0,186.5224227
658062,92.40513773,0,0,0,0,416.8804515,146.5533321
351604,0,0,0,0,0,0,0
3152361,100.8056048,94.21621171,0,0,0,320.6772704,0
2202721,0,119.5821149,0,0,0,0,0
3004093,0,43.48440541,0,0,0,0,186.5224227
225992,0,0,0,0,0,0,0
1176536,0,0,0,0,0,0,0
89014,0,47.10810586,0,0,0,0,0
570505,117.6065389,83.34511036,318.0560415,0,216.9856356,0,0
1987580,0,0,0,0,0,0,0
138118,0,0,0,0,0,0,0
3234141,756.0420359,485.5758604,0,0,0,0,0
3436242,176.4098084,141.3243176,0,0,130.1913813,673.4222678,319.7527246
552467,0,0,0,0,512.0860999,0,0
45243,0,0,0,0,104.1531051,0,0
2676871,210.0116766,163.0665203,0,621.2909999,199.6267847,0,213.168483
2014887,0,0,0,0,0,0,0
2711231,0,0,0,0,208.3062101,0,199.8454528
2762331,159.6088743,119.5821149,0,921.224586,164.909083,0,0
1410606,243.6135449,159.4428198,413.4728539,278.5097586,0,0,0
2189,0,0,0,0,0,0,0
33934,0,0,0,0,0,0,333.0757547
1125966,0,36.2370045,0,0,0,0,0
214853,0,39.86070495,0,0,0,0,0
2583989,0,0,0,0,0,0,0
34002,0,126.8295158,0,0,0,0,0
1752398,168.0093413,86.96881081,0,0,0,0,0
160808,0,0,0,0,0,0,0
28227,0,65.22660811,0,0,0,0,0
2998077,0,0,0,0,0,0,0
1249630,184.8102755,177.5613221,0,0,338.4975915,320.6772704,386.3678755
2904121,109.2060719,50.73180631,413.4728539,0,86.79425422,0,199.8454528
2878680,0,43.48440541,0,235.6621034,112.8325305,0,306.4296944
2528026,0,0,0,0,0,0,0
2704653,0,0,0,0,0,0,146.5533321
1878942,0,0,0,0,0,0,0
2785785,0,134.0769167,0,0,0,0,0
2930200,0,65.22660811,0,0,0,0,0
496056,84.00467066,83.34511036,0,0,243.0239118,0,199.8454528
3060301,0,0,0,0,0,0,0
2828763,0,0,0,0,0,0,0
2750995,0,0,0,0,0,0,0
1673428,100.8056048,0,0,0,0,0,0
586733,252.014012,90.59251126,0,0,0,0,0
3117013,0,65.22660811,0,0,0,0,0
518898,92.40513773,134.0769167,0,235.6621034,0,320.6772704,0
1395624,100.8056048,47.10810586,0,0,0,0,0
3074378,0,0,1494.863395,0,0,0,0
2903644,0,0,0,0,0,0,0
167964,0,0,0,0,0,0,0
491948,0,0,0,0,0,0,0
45363,0,0,0,0,0,0,0
2317,0,0,0,0,86.79425422,0,133.2303019
617123,0,54.35550676,0,0,0,0,0
1731,0,0,0,0,0,0,226.4915132
555315,0,61.60290766,0,0,190.9473593,0,173.1993925
1848766,92.40513773,61.60290766,0,235.6621034,0,0,492.952117
2781774,0,43.48440541,0,0,0,0,0
2708020,0,0,0,0,0,0,0
2287,92.40513773,61.60290766,445.2784581,0,0,0,293.1066642
3132265,0,0,0,0,0,0,0
2996794,0,47.10810586,381.6672498,0,0,0,0
747522,0,0,0,0,0,0,0
2782004,0,0,0,0,0,0,0
46506,0,79.72140991,0,0,208.3062101,0,253.1375736
3002900,436.8242874,213.7983266,0,0,0,0,0
2303331,0,0,0,0,0,0,0
2723090,92.40513773,105.0873131,0,0,225.665061,0,333.0757547
214888,193.2107425,54.35550676,0,0,0,0,0
2912228,142.8079401,126.8295158,0,0,0,0,0
2893889,0,0,0,0,0,0,239.8145434
2807101,92.40513773,57.97920721,0,0,0,0,0
2681552,0,0,0,642.7148274,0,0,0
2813577,0,0,0,0,286.4210389,0,293.1066642
107400,0,0,0,0,0,0,0
1867846,0,0,0,0,0,0,0
861299,0,0,0,278.5097586,0,0,0
2081791,361.2200838,206.5509257,0,0,0,0,0
3118169,0,0,0,0,0,0,0
280145,0,0,0,0,0,0,0
472,0,0,0,0,0,0,0
659,0,134.0769167,0,0,0,0,0
3048609,126.007006,36.2370045,349.8616456,0,234.3444864,0,266.4606038
484184,0,68.85030856,0,0,0,0,0
72360,336.0186826,155.8191194,0,492.7480344,182.2679339,0,239.8145434
2528021,109.2060719,47.10810586,0,0,199.6267847,0,0
2497875,0,0,0,0,0,0,0
2054282,0,0,0,0,0,0,0
2953738,0,0,0,0,0,0,0
114881,0,0,0,0,0,0,0
2713501,277.2154132,68.85030856,0,0,0,0,306.4296944
544718,0,369.6174459,0,0,0,0,0
227866,0,0,0,0,0,0,0
2921697,0,0,0,0,0,0,0
2714952,0,39.86070495,0,0,0,0,0
1128113,0,79.72140991,0,0,0,384.8127245,0
3395319,0,79.72140991,0,0,0,0,0
2603215,0,47.10810586,0,0,0,0,0
3235110,0,0,0,0,0,0,0
3057176,0,0,0,0,0,0,0
51515,0,0,0,0,0,0,0
2495582,0,0,0,0,0,0,0
3400420,0,0,0,0,0,0,0
964,0,43.48440541,0,0,130.1913813,0,0
1511,0,177.5613221,0,0,121.5119559,0,0
1852022,0,101.4636126,0,0,0,0,0
570156,453.6252216,648.6423806,0,0,0,0,0
2769490,0,126.8295158,0,0,86.79425422,0,0
3025666,0,0,0,0,0,0,0
57320,336.0186826,173.9376216,318.0560415,407.052724,0,0,0
3120525,0,90.59251126,0,0,0,0,0
2928472,109.2060719,123.2058153,0,0,0,0,0
1987723,0,50.73180631,0,0,86.79425422,0,146.5533321
3135644,184.8102755,159.4428198,0,0,112.8325305,0,0
1891675,0,47.10810586,0,0,0,0,0
111501,0,50.73180631,0,0,164.909083,0,0
1835721,0,0,0,0,0,0,0
290399,0,0,0,0,173.5885084,0,0
3096987,0,304.3908378,0,0,0,0,0
2950245,0,65.22660811,0,0,0,0,0
3234145,100.8056048,57.97920721,0,0,269.0621881,0,359.7218151
411486,210.0116766,90.59251126,477.0840622,0,286.4210389,0,253.1375736
398049,100.8056048,65.22660811,0,0,190.9473593,0,186.5224227
875171,0,97.83991216,0,0,329.818166,0,0
2880221,159.6088743,148.5717185,0,257.085931,182.2679339,0,0
456827,0,0,0,0,0,0,0
3415678,0,61.60290766,0,0,0,0,0
139,0,0,0,0,0,0,0
70258,0,0,0,0,0,0,0
1579316,0,54.35550676,0,0,0,0,0
284016,0,72.47400901,0,0,173.5885084,0,0
885581,0,83.34511036,349.8616456,0,0,0,0
76517,0,0,0,0,147.5502322,0,306.4296944
2029860,168.0093413,97.83991216,0,535.5956895,95.47367964,0,213.168483
1903704,0,47.10810586,0,0,190.9473593,0,199.8454528
511487,0,0,0,0,0,0,0
1974203,109.2060719,79.72140991,0,0,0,0,0
68286,0,0,0,0,0,0,0
3238809,0,83.34511036,0,0,0,0,0
185008,0,0,508.8896664,0,0,0,0
1893,193.2107425,105.0873131,0,599.8671723,0,0,0
53558,0,0,0,0,0,0,133.2303019
1158459,0,0,0,0,0,0,0
577,0,0,0,0,0,0,0
3029062,0,119.5821149,0,0,0,0,0
1639118,210.0116766,112.334714,349.8616456,0,208.3062101,0,186.5224227
1380675,0,0,0,0,86.79425422,0,0
3228750,0,65.22660811,0,0,86.79425422,0,0
171695,0,0,0,0,0,0,0
1096243,0,65.22660811,0,0,0,0,0
31909,0,36.2370045,0,0,0,0,0
1836,0,86.96881081,0,0,0,0,0
3449832,0,0,0,0,0,0,0
33052,0,0,0,0,0,0,0
123841,0,43.48440541,0,0,0,0,0
2511069,0,0,0,235.6621034,0,0,0
2739,176.4098084,39.86070495,0,214.2382758,130.1913813,320.6772704,0
2923272,126.007006,68.85030856,0,0,303.7798898,0,359.7218151
2653857,0,57.97920721,0,0,364.5358677,0,0
33900,0,0,0,0,0,0,746.0896906
1173263,151.2084072,79.72140991,0,0,86.79425422,0,359.7218151
2756107,0,0,0,0,0,0,0
1763536,0,94.21621171,0,0,0,0,0
2908211,0,47.10810586,0,0,104.1531051,0,0
28127,0,0,0,0,0,0,0
992289,0,50.73180631,0,0,95.47367964,0,0
2807096,0,97.83991216,0,0,0,0,0
1183377,218.4121437,130.4532162,0,0,0,0,146.5533321
2967130,369.6205509,311.6382387,0,535.5956895,0,0,0
3073862,151.2084072,134.0769167,0,385.6288965,0,641.3545408,0
3232308,0,0,0,0,0,0,0
3073602,260.414479,119.5821149,318.0560415,214.2382758,0,416.8804515,0
1930277,0,39.86070495,0,0,0,0,0
388413,134.4074731,76.09770946,0,0,121.5119559,0,266.4606038
2527996,0,0,0,0,0,0,173.1993925
353852,109.2060719,76.09770946,0,214.2382758,338.4975915,0,186.5224227
3039426,0,0,0,0,0,0,0
2605943,0,137.7006171,0,0,0,0,0
2748865,168.0093413,68.85030856,0,0,112.8325305,0,0
1482074,0,57.97920721,0,0,0,0,0
83552,0,0,0,0,0,0,0
1854498,361.2200838,264.5301329,0,0,329.818166,0,346.3987849
2259673,0,0,0,0,0,0,0
33025,0,0,0,0,0,0,0
2139,159.6088743,83.34511036,0,0,216.9856356,0,213.168483
1742358,0,76.09770946,0,0,0,0,0
2920935,0,90.59251126,0,0,0,0,0
461876,126.007006,119.5821149,0,0,0,0,0
2995138,0,39.86070495,0,0,0,0,226.4915132
114186,0,0,0,0,0,0,186.5224227
1332080,0,0,0,0,0,0,0
2899122,0,94.21621171,0,0,0,0,0
539813,0,0,0,0,0,0,0
3440636,0,0,0,0,0,0,0
2745558,0,0,0,0,0,0,0
3116479,151.2084072,68.85030856,349.8616456,0,338.4975915,0,213.168483
3076075,0,47.10810586,0,0,0,0,0
1201031,0,0,0,0,0,0,0
2172098,0,39.86070495,0,0,0,0,0
3457576,0,181.1850225,0,0,0,0,0
2822842,0,65.22660811,0,0,0,0,0
2843330,0,126.8295158,0,0,0,0,0
1322,0,0,0,0,0,0,0
1100,0,0,0,0,0,929.9640841,0
3238304,0,126.8295158,0,0,0,0,0
2749996,117.6065389,94.21621171,0,0,130.1913813,0,199.8454528
1264,134.4074731,94.21621171,0,0,303.7798898,0,159.8763623
3064278,0,0,0,0,0,0,0
3423225,159.6088743,159.4428198,0,257.085931,86.79425422,0,333.0757547
674703,0,79.72140991,0,0,121.5119559,0,0
1404864,0,0,0,0,0,0,0
3415671,0,0,0,0,0,0,0
108,0,101.4636126,0,0,0,0,0
2942278,252.014012,130.4532162,318.0560415,0,173.5885084,0,173.1993925
1325114,0,0,0,0,0,0,0
3240374,0,0,0,0,0,0,0
712036,0,0,0,0,0,0,0
688,0,94.21621171,0,0,0,0,0
2562285,134.4074731,65.22660811,0,0,0,0,0
3070661,151.2084072,108.7110135,0,235.6621034,0,0,0
2898794,151.2084072,72.47400901,0,0,0,0,0
2972478,176.4098084,76.09770946,0,278.5097586,164.909083,0,0
2795690,0,76.09770946,0,0,0,0,0
413401,0,94.21621171,0,0,0,0,186.5224227
3073092,0,36.2370045,0,0,0,0,0
2479392,0,0,0,0,0,0,0
1045776,0,0,0,0,0,0,0
2999068,0,0,0,0,138.8708068,0,186.5224227
3020900,0,0,0,0,0,0,0
116092,277.2154132,159.4428198,0,0,138.8708068,0,0
2975701,378.021018,170.3139212,0,407.052724,156.2296576,0,0
716816,0,0,0,0,0,0,0
171438,0,79.72140991,0,0,0,0,0
2697371,0,0,0,0,0,0,0
41276,0,97.83991216,0,0,0,0,0
2211108,0,0,0,0,0,0,0
225148,100.8056048,57.97920721,0,214.2382758,0,416.8804515,293.1066642
2867015,0,181.1850225,0,0,0,0,0
788,0,39.86070495,0,0,0,0,0
28885,0,0,0,0,164.909083,0,0
1891280,0,0,0,0,0,0,0
218208,0,43.48440541,0,278.5097586,0,0,0
3447507,0,50.73180631,0,0,138.8708068,0,0
2883100,0,224.6694279,0,0,0,0,0
2613965,0,68.85030856,0,0,0,0,253.1375736
1032243,0,47.10810586,0,0,0,0,319.7527246
225991,201.6112096,163.0665203,0,0,269.0621881,0,0
2781735,159.6088743,83.34511036,0,0,138.8708068,0,0
1705394,0,76.09770946,0,0,0,0,0
2024551,0,43.48440541,0,0,0,0,0
3096995,0,329.756741,0,0,0,0,0
2903901,0,50.73180631,0,0,95.47367964,0,0
109472,0,83.34511036,0,0,0,0,226.4915132
2940302,126.007006,65.22660811,381.6672498,0,355.8564423,0,146.5533321
467976,0,0,0,0,0,0,0
2903609,0,0,0,0,0,0,0
2609253,0,0,0,0,0,0,0
2774154,100.8056048,105.0873131,0,0,269.0621881,0,253.1375736
1675036,0,0,0,0,642.2774812,0,666.1515095
1407071,0,43.48440541,0,0,0,0,0
1384459,0,0,0,0,0,0,0
3440865,109.2060719,57.97920721,0,0,164.909083,352.7449974,0
586239,243.6135449,144.948018,731.5288954,0,0,0,173.1993925
1908,243.6135449,195.6798243,0,0,0,0,0
2992926,0,0,0,342.7812413,0,0,0
2921554,117.6065389,36.2370045,0,0,0,0,373.0448453
3060215,100.8056048,90.59251126,0,0,0,0,0
2976983,201.6112096,123.2058153,0,0,138.8708068,577.2190867,306.4296944
1826607,0,94.21621171,0,0,0,0,0
216937,0,0,0,0,260.3827627,0,159.8763623
3016000,0,76.09770946,0,0,0,0,0
2931921,117.6065389,0,0,0,0,0,0
2763107,109.2060719,61.60290766,0,0,147.5502322,0,0
1017270,0,47.10810586,0,0,0,0,0
3394320,0,0,0,0,0,0,186.5224227
1510466,0,0,0,0,164.909083,0,0
693075,109.2060719,65.22660811,0,214.2382758,0,0,0
2829812,0,50.73180631,0,0,338.4975915,0,279.783634
187452,0,0,0,0,0,0,0
1744,193.2107425,0,0,0,321.1387406,0,452.9830265
2932254,0,39.86070495,0,0,0,0,0
2831893,0,0,0,0,0,0,0
2812560,0,0,0,342.7812413,0,0,0
3349698,0,0,0,0,0,0,0
1235990,84.00467066,39.86070495,0,0,0,0,0
2569540,0,50.73180631,0,0,130.1913813,0,0
182141,0,0,0,0,0,0,0
193462,0,97.83991216,0,0,0,0,0
28172,0,144.948018,0,0,0,0,0
946435,0,0,0,0,0,0,0
442121,252.014012,155.8191194,0,0,0,0,0
2723091,126.007006,83.34511036,0,0,0,0,0
3069689,100.8056048,43.48440541,0,0,0,0,199.8454528
3050072,184.8102755,141.3243176,0,0,0,0,0
1609546,0,47.10810586,0,0,0,0,173.1993925
3423947,0,0,0,0,0,0,0
2774633,0,0,0,0,0,0,0
2697032,0,54.35550676,0,0,381.8947186,705.4899949,0
2913412,0,0,0,0,1432.105195,0,0
1805933,176.4098084,134.0769167,0,299.9335861,243.0239118,0,373.0448453
2777185,0,0,0,0,0,0,173.1993925
1798205,134.4074731,322.5093401,0,0,0,0,0
216929,0,0,0,0,607.5597795,0,0
2831673,0,0,0,0,0,0,0
3236891,210.0116766,68.85030856,0,0,164.909083,0,0
1042,0,86.96881081,0,0,0,0,0
3127470,0,94.21621171,0,0,0,0,0
3390026,134.4074731,50.73180631,0,0,0,0,0
702114,0,0,0,0,0,0,0
2976002,0,50.73180631,0,0,234.3444864,0,0
37692,268.8149461,188.4324234,0,299.9335861,130.1913813,0,293.1066642
351671,218.4121437,173.9376216,0,385.6288965,173.5885084,0,199.8454528
1473598,134.4074731,43.48440541,0,0,0,0,0
449,0,0,0,0,0,0,0
1599,0,0,0,0,0,0,0
1912897,0,72.47400901,0,0,121.5119559,0,159.8763623
1902580,0,0,699.7232912,0,147.5502322,0,0
930166,0,0,0,0,0,0,0
377615,0,0,445.2784581,0,208.3062101,0,386.3678755
2799680,0,181.1850225,0,514.1718619,0,0,559.567268
2763667,0,0,0,0,0,0,0
89153,92.40513773,39.86070495,0,0,121.5119559,0,279.783634
1084,201.6112096,217.422027,0,0,0,0,0
2912314,0,934.9147162,0,0,0,0,0
463192,0,36.2370045,0,0,0,0,0
2866384,0,50.73180631,0,0,0,0,0
42094,0,0,0,0,0,0,0
754,218.4121437,213.7983266,0,235.6621034,156.2296576,0,0
2171755,0,79.72140991,0,0,0,0,0
449461,0,0,0,0,0,0,0
2724901,0,0,0,0,0,0,0
2528022,0,0,0,0,0,0,0
2683284,0,54.35550676,0,0,0,0,0
45663,0,0,0,0,0,0,0
298654,0,50.73180631,0,278.5097586,0,0,0
28151,0,57.97920721,0,0,112.8325305,0,0
190148,184.8102755,68.85030856,0,0,0,0,0
999141,193.2107425,119.5821149,0,364.2050689,147.5502322,0,0
2564099,0,50.73180631,0,0,0,0,0
162209,0,0,0,0,0,0,0
2569541,0,0,0,0,243.0239118,0,426.3369661
556259,0,0,0,0,0,0,0
3163026,84.00467066,68.85030856,318.0560415,0,0,0,0
3094839,0,0,0,0,0,0,0
2952610,0,141.3243176,318.0560415,0,0,0,199.8454528
2220073,210.0116766,108.7110135,0,278.5097586,0,0,0
61647,0,0,0,0,0,0,0
2226,0,0,0,0,86.79425422,0,0
43057,0,166.6902207,0,0,0,0,0
942150,0,0,0,0,0,0,0
79209,0,57.97920721,0,0,0,0,0
3398773,0,83.34511036,0,0,0,0,306.4296944
342950,0,50.73180631,0,0,104.1531051,0,0
1968839,151.2084072,126.8295158,0,278.5097586,243.0239118,0,186.5224227
64160,109.2060719,94.21621171,0,0,112.8325305,0,0
3068989,0,0,0,0,0,0,0
2810562,0,0,0,0,0,416.8804515,0
3455945,0,0,0,0,0,0,0
1737446,226.8126108,195.6798243,0,492.7480344,303.7798898,0,0
1163710,100.8056048,86.96881081,0,0,0,0,0
3066284,184.8102755,130.4532162,0,471.3242068,277.7416135,0,226.4915132
2819286,0,50.73180631,0,0,130.1913813,0,0
2527975,0,0,0,0,0,0,0
483013,0,130.4532162,0,0,112.8325305,0,0
33008,0,0,0,0,0,0,0
1524258,92.40513773,155.8191194,0,214.2382758,130.1913813,0,199.8454528
68212,0,0,0,0,0,0,0
1973002,0,39.86070495,0,0,0,0,0
2136401,142.8079401,108.7110135,0,0,0,0,0
3400348,0,54.35550676,0,0,0,0,0
389348,184.8102755,90.59251126,0,321.3574137,182.2679339,0,239.8145434
777,0,0,0,0,295.1004643,0,213.168483
881,0,0,0,0,0,0,0
2883998,176.4098084,108.7110135,0,0,0,0,0
3439063,0,0,0,0,0,0,0
1484118,210.0116766,72.47400901,0,214.2382758,121.5119559,0,159.8763623
3143534,134.4074731,79.72140991,0,0,121.5119559,320.6772704,0
664683,0,0,0,0,0,0,0
594679,92.40513773,57.97920721,0,0,138.8708068,0,0
1325107,0,86.96881081,0,0,0,0,0
2601122,0,0,0,0,0,0,0
2508726,0,0,0,0,0,0,0
2835041,193.2107425,90.59251126,0,257.085931,138.8708068,0,133.2303019
3236844,0,39.86070495,0,0,104.1531051,0,0
2782662,0,0,0,0,0,0,0
3411797,0,0,0,0,0,0,0
2601898,84.00467066,0,0,0,0,0,0
3445781,109.2060719,76.09770946,0,0,173.5885084,0,0
2571749,0,0,890.5569161,0,0,0,0
2039724,0,0,0,0,0,0,0
2768068,168.0093413,90.59251126,0,385.6288965,338.4975915,0,213.168483
37329,0,0,0,0,0,0,0
512763,0,0,0,0,86.79425422,0,0
133539,117.6065389,50.73180631,0,0,286.4210389,448.9481786,0
2651974,0,0,0,0,0,0,0
3459034,0,0,0,0,0,0,0
44001,0,0,0,0,138.8708068,0,0
2907534,0,119.5821149,0,0,0,0,0
285574,0,0,0,0,0,0,0
3030011,0,119.5821149,0,0,0,0,0
2058152,285.6158802,253.6590315,0,0,277.7416135,0,0
2935863,0,61.60290766,0,0,138.8708068,0,0
649196,109.2060719,115.9584144,0,0,138.8708068,0,359.7218151
2878534,0,57.97920721,0,0,0,0,0
2913620,117.6065389,39.86070495,0,0,0,0,173.1993925
3048007,0,192.0561239,0,0,0,0,0
346911,0,68.85030856,0,0,0,0,0
153151,184.8102755,188.4324234,0,0,208.3062101,0,333.0757547
273136,0,47.10810586,445.2784581,0,156.2296576,0,492.952117
1549850,0,57.97920721,0,0,0,0,0
216816,0,0,0,0,0,0,0
2599296,0,119.5821149,0,0,173.5885084,0,0
43767,100.8056048,101.4636126,0,0,0,0,293.1066642
2004650,226.8126108,119.5821149,381.6672498,299.9335861,0,0,0
911092,109.2060719,43.48440541,0,0,95.47367964,0,0
553814,0,0,0,0,0,0,0
2903717,285.6158802,152.1954189,0,492.7480344,138.8708068,0,173.1993925
1927128,0,68.85030856,0,0,269.0621881,0,186.5224227
1824638,117.6065389,213.7983266,0,0,130.1913813,481.0159056,146.5533321
2883127,0,61.60290766,0,0,0,0,0
2894082,0,57.97920721,0,0,0,0,173.1993925
1448059,0,54.35550676,0,0,0,0,0
2932259,0,0,0,0,0,0,0
562959,243.6135449,184.808723,0,0,234.3444864,0,306.4296944
1353976,0,0,0,0,312.4593152,0,173.1993925
61015,0,0,0,0,0,0,0
1470434,0,72.47400901,0,0,0,0,0
2862870,0,0,0,0,0,0,0
1861,159.6088743,50.73180631,318.0560415,0,0,0,0
82380,0,0,0,0,0,0,0
1741,184.8102755,65.22660811,0,214.2382758,173.5885084,0,0
299308,0,0,0,0,0,0,0
2039455,168.0093413,79.72140991,318.0560415,0,138.8708068,0,159.8763623
2762576,176.4098084,137.7006171,0,235.6621034,199.6267847,0,439.6599963
3240853,0,0,0,0,451.3301219,0,0
2903570,0,105.0873131,0,0,0,0,0
2714036,0,50.73180631,0,0,0,0,0
537596,0,0,0,0,173.5885084,0,0
329854,0,0,0,0,104.1531051,0,0
3385991,0,0,0,0,0,0,0
3096260,193.2107425,119.5821149,0,299.9335861,121.5119559,0,0
2892541,0,322.5093401,0,0,0,0,0
2493669,562.8312934,152.1954189,0,0,0,0,0
3239996,0,47.10810586,0,0,0,0,0
396,0,119.5821149,0,0,0,0,0
216935,0,0,0,0,121.5119559,0,0
485447,243.6135449,115.9584144,318.0560415,0,0,0,0
465721,0,0,0,0,0,0,0
2861282,0,72.47400901,0,0,0,0,0
1850526,92.40513773,54.35550676,0,0,269.0621881,0,0
517719,0,177.5613221,0,0,0,0,0
349094,0,0,0,0,0,0,0
50338,0,0,0,0,0,0,0
2030797,0,0,349.8616456,0,0,0,173.1993925
46507,193.2107425,86.96881081,0,0,190.9473593,0,0
159743,0,0,0,0,0,0,0
2496865,0,130.4532162,0,0,0,0,0
37487,0,43.48440541,0,0,0,0,0
1848900,0,0,0,0,581.5215033,0,213.168483
2856823,0,94.21621171,0,0,0,0,0
2918170,0,0,0,0,0,0,0
3450128,0,144.948018,0,0,0,0,0
3067653,319.2177485,181.1850225,0,0,0,0,0
3230977,0,0,0,0,0,0,0
2823043,0,112.334714,0,0,0,0,0
2111,0,0,0,0,0,0,0
53442,0,0,0,0,0,0,0
45495,0,97.83991216,0,0,173.5885084,0,226.4915132
2044521,310.8172814,115.9584144,0,278.5097586,0,481.0159056,0
150829,117.6065389,94.21621171,0,0,173.5885084,0,0
2867011,0,97.83991216,0,0,0,0,0
3239887,0,61.60290766,0,0,0,0,0
376805,117.6065389,39.86070495,381.6672498,0,0,0,173.1993925
2774151,0,54.35550676,0,0,0,0,0
2886935,394.8219521,134.0769167,0,557.0195171,0,0,0
2898725,428.4238204,181.1850225,0,728.4101378,0,0,0
251542,0,0,0,0,0,0,0
1632864,0,0,0,0,86.79425422,0,0
2855434,0,0,0,0,0,0,0
312306,0,0,0,0,0,0,0
307121,0,0,0,0,0,0,0
2806210,0,0,0,0,0,0,0
1654388,0,0,0,0,130.1913813,0,0
1649184,0,0,0,0,0,0,0
237258,134.4074731,83.34511036,0,0,0,0,0
28141,0,0,0,0,0,0,0
2838157,0,0,0,0,0,0,0
2829795,0,76.09770946,0,0,0,0,133.2303019
3047873,84.00467066,137.7006171,0,0,0,0,0
291403,0,97.83991216,0,0,0,0,0
1858656,176.4098084,112.334714,0,0,0,0,146.5533321
1632866,0,0,0,0,0,0,0
273251,0,47.10810586,0,0,0,0,0
3166644,0,83.34511036,0,0,0,0,0
3423952,218.4121437,105.0873131,0,0,121.5119559,0,173.1993925
1660063,176.4098084,68.85030856,0,0,130.1913813,0,0
2954099,0,0,0,0,0,0,0
2202249,0,0,0,0,0,0,0
944,168.0093413,61.60290766,0,0,0,0,0
3118173,0,47.10810586,0,0,130.1913813,0,0
2029164,0,0,0,0,0,0,0
168471,210.0116766,144.948018,0,664.138655,0,0,0
3081200,0,0,0,0,0,0,0
2909673,0,0,0,0,0,0,0
282217,0,0,0,0,0,0,0
2840474,0,144.948018,0,0,0,0,0
2975737,0,90.59251126,0,0,312.4593152,0,213.168483
453842,0,115.9584144,0,0,0,0,0
3114537,151.2084072,137.7006171,0,0,0,0,0
3229863,260.414479,115.9584144,0,0,0,0,133.2303019
28129,0,0,0,0,286.4210389,0,306.4296944
2897334,0,65.22660811,0,0,0,0,0
3063957,0,76.09770946,0,0,0,0,0
2488639,520.8289581,250.0353311,0,0,216.9856356,0,0
2940299,0,0,0,0,156.2296576,0,199.8454528
273376,176.4098084,97.83991216,0,257.085931,147.5502322,0,159.8763623
1297121,0,61.60290766,0,0,0,0,0
171404,0,0,0,0,0,0,0
33943,0,0,0,0,0,0,0
1505757,0,0,0,0,0,0,0
2608631,0,65.22660811,0,0,0,0,0
547188,0,0,0,0,0,0,0
60520,0,0,0,0,0,0,0
33996,0,39.86070495,0,0,0,0,0
2903723,0,0,0,0,0,0,0
2562282,0,54.35550676,0,0,0,352.7449974,0
1572645,0,65.22660811,0,0,0,0,0
86102,193.2107425,54.35550676,0,0,0,0,0
82348,0,47.10810586,0,0,0,0,0
1123043,226.8126108,61.60290766,0,257.085931,0,0,226.4915132
2995161,0,57.97920721,0,0,0,0,0
1925548,210.0116766,130.4532162,0,0,190.9473593,0,213.168483
2486272,126.007006,57.97920721,0,535.5956895,0,0,0
3095343,0,0,0,0,0,0,0
375175,0,0,0,0,104.1531051,0,0
3238806,176.4098084,76.09770946,0,257.085931,173.5885084,0,186.5224227
2010183,0,119.5821149,0,0,0,0,0
1620421,0,0,0,214.2382758,0,0,0
485448,0,43.48440541,0,0,0,0,0
1300039,0,0,0,0,0,0,0
2828340,0,115.9584144,0,0,173.5885084,0,0
3088255,0,43.48440541,0,0,0,0,0
3447380,126.007006,79.72140991,0,299.9335861,0,448.9481786,0
44252,0,0,0,0,0,0,0
3399565,0,68.85030856,0,0,112.8325305,0,0
112331,0,0,0,0,0,0,0
2496265,0,0,0,0,0,0,0
92758,268.8149461,115.9584144,0,214.2382758,164.909083,0,0
2494375,0,79.72140991,0,0,0,0,0
2795293,0,0,0,0,0,0,0
76947,0,0,0,0,0,0,0
3242415,0,94.21621171,0,0,95.47367964,0,0
480391,0,0,0,0,0,0,0
1592106,0,0,0,0,0,0,0
2968500,0,0,0,0,0,0,0
3098914,0,775.4718964,0,214.2382758,0,0,0
2811425,0,0,0,0,0,0,0
2663019,0,148.5717185,0,0,0,545.1513597,0
2950605,0,86.96881081,0,0,0,0,0
1932669,0,0,0,0,0,0,0
106370,0,0,0,0,0,0,0
70348,159.6088743,76.09770946,0,278.5097586,0,0,0
2979727,184.8102755,57.97920721,0,0,164.909083,0,0
2983215,92.40513773,57.97920721,0,0,121.5119559,0,0
2172099,0,97.83991216,0,0,86.79425422,0,0
3141541,0,0,0,0,0,0,0
2838156,0,39.86070495,0,0,0,0,0
54913,0,0,0,0,0,0,0
2528009,0,0,0,0,0,0,0
2293,210.0116766,83.34511036,0,0,0,0,0
3425950,134.4074731,134.0769167,0,0,0,0,0
92647,0,0,0,0,0,0,0
3048335,0,0,0,0,0,0,0
1920422,0,0,0,0,0,0,133.2303019
121428,0,101.4636126,0,0,0,0,0
2252,193.2107425,224.6694279,0,385.6288965,190.9473593,0,173.1993925
1611422,142.8079401,79.72140991,0,0,182.2679339,0,173.1993925
1905847,0,0,0,0,0,0,0
747548,0,0,0,0,0,0,0
2834768,0,90.59251126,0,0,624.9186304,0,373.0448453
69823,0,43.48440541,0,0,0,0,346.3987849
2497860,268.8149461,250.0353311,0,0,0,0,0
1796652,0,0,0,0,0,0,0
42879,0,0,0,0,0,0,0
412034,0,119.5821149,0,0,0,0,173.1993925
2594003,201.6112096,144.948018,0,0,112.8325305,0,0
98672,0,0,0,0,381.8947186,513.0836326,173.1993925
3349434,92.40513773,72.47400901,0,0,0,0,186.5224227
33987,0,0,0,0,0,0,0
91844,168.0093413,90.59251126,0,0,0,0,0
916,310.8172814,126.8295158,0,0,173.5885084,0,239.8145434
2527973,0,65.22660811,0,0,407.9329948,0,266.4606038
183759,193.2107425,76.09770946,349.8616456,257.085931,0,0,0
54062,159.6088743,68.85030856,0,0,156.2296576,0,199.8454528
202950,0,0,0,0,0,0,0
92645,109.2060719,119.5821149,0,0,0,0,213.168483
2867022,0,83.34511036,0,0,0,0,0
172045,0,61.60290766,0,0,216.9856356,0,226.4915132
3416742,0,0,0,0,0,0,0
2182432,126.007006,83.34511036,0,0,0,0,0
3243383,0,0,0,0,0,0,0
1884914,0,101.4636126,0,0,312.4593152,0,266.4606038
93944,0,0,0,0,0,0,0
413882,0,61.60290766,0,0,0,0,0
2903597,0,0,0,0,0,0,0
405212,109.2060719,97.83991216,318.0560415,235.6621034,138.8708068,320.6772704,0
2963283,0,0,0,0,650.9569067,0,626.1824189
3058420,0,170.3139212,0,0,0,0,0
80878,0,326.1330405,0,0,0,0,0
513050,151.2084072,57.97920721,0,0,0,0,0
2803751,0,0,0,0,0,0,0
3025667,327.6182156,192.0561239,0,0,0,0,0
2016196,176.4098084,148.5717185,0,385.6288965,0,0,0
782,0,0,0,0,0,0,0
2496847,0,0,667.9176871,0,112.8325305,0,306.4296944
84135,218.4121437,108.7110135,0,0,199.6267847,0,0
1508420,0,0,0,0,0,0,0
1176587,0,0,0,0,0,0,0
2796470,126.007006,97.83991216,0,0,0,0,0
2749046,0,0,0,0,0,0,0
1483604,176.4098084,76.09770946,0,0,0,0,0
1162633,0,0,0,0,407.9329948,0,439.6599963
1660080,0,0,0,0,138.8708068,0,506.2751472
66821,184.8102755,137.7006171,0,0,234.3444864,0,0
1235591,0,36.2370045,0,0,0,0,0
1404367,0,72.47400901,0,0,0,0,0
259059,0,0,0,0,0,0,0
2562451,0,0,0,0,0,0,0
2094025,126.007006,166.6902207,0,0,0,0,0
1470088,176.4098084,134.0769167,0,0,0,384.8127245,0
3149048,142.8079401,123.2058153,0,0,260.3827627,0,0
1852017,0,130.4532162,0,0,0,0,0
3242416,100.8056048,97.83991216,0,0,0,0,0
1249480,0,0,0,0,0,0,0
1930274,0,0,0,0,0,0,0
1881,142.8079401,126.8295158,0,535.5956895,0,0,0
3374191,0,0,0,0,0,0,0
227945,0,54.35550676,0,0,0,0,0
863372,0,0,0,0,0,0,0
2912675,302.4168144,184.808723,0,0,225.665061,0,0
2505970,0,0,0,0,0,0,0
3406626,0,47.10810586,0,0,0,0,0
2527994,0,0,0,0,0,0,146.5533321
83626,0,0,0,0,0,0,0
1526927,142.8079401,76.09770946,0,0,277.7416135,0,173.1993925
1619311,92.40513773,39.86070495,0,0,0,0,0
39645,554.4308264,268.1538333,0,0,0,0,0
1385591,109.2060719,68.85030856,381.6672498,0,0,0,0
236753,0,65.22660811,0,0,0,0,146.5533321
53431,0,0,0,0,0,0,0
41899,0,83.34511036,0,0,633.5980558,0,0
3137369,0,39.86070495,0,0,0,0,0
103733,168.0093413,101.4636126,0,0,0,0,253.1375736
254246,0,0,0,0,0,0,0
146919,0,97.83991216,0,0,156.2296576,0,0
1459637,0,0,0,0,0,0,239.8145434
1407,0,0,0,0,0,0,0
474953,117.6065389,57.97920721,0,342.7812413,130.1913813,0,0
2083051,0,0,0,0,0,0,0
1987584,109.2060719,76.09770946,0,0,164.909083,0,0
2731681,0,0,0,0,0,0,0
2893883,0,50.73180631,0,0,0,0,0
539,0,0,0,0,0,0,0
1579979,0,36.2370045,0,214.2382758,0,0,0
190895,302.4168144,253.6590315,0,0,0,0,226.4915132
3391145,109.2060719,79.72140991,0,0,0,0,0
2954021,0,0,0,0,0,0,0
3043734,0,0,0,0,0,0,0
1219491,0,0,0,0,0,0,0
426703,0,0,0,0,0,0,0
2033016,0,61.60290766,0,321.3574137,0,0,0
233316,0,0,0,0,0,0,0
74969,0,0,0,0,0,0,0
474394,0,329.756741,0,0,0,0,0
1898749,210.0116766,0,0,0,0,0,0
46127,0,0,0,0,0,0,0
3096219,0,0,0,0,0,0,226.4915132
1126833,159.6088743,90.59251126,0,0,355.8564423,0,306.4296944
2594005,0,0,0,0,0,0,0
3115650,0,0,477.0840622,0,0,0,0
74315,0,0,0,0,0,0,0
1009682,0,0,0,0,0,0,0
2315,117.6065389,83.34511036,0,0,0,0,0
3100175,0,279.0249347,0,0,0,0,0
3408576,0,0,508.8896664,0,0,0,0
1296540,0,115.9584144,0,0,112.8325305,0,0
2116,159.6088743,50.73180631,0,0,0,0,0
51367,117.6065389,188.4324234,0,342.7812413,0,0,0
1400387,0,0,318.0560415,0,0,0,0
2014076,168.0093413,72.47400901,318.0560415,0,0,0,0
661481,100.8056048,0,0,299.9335861,0,0,173.1993925
533,151.2084072,101.4636126,0,0,156.2296576,320.6772704,0
1763538,117.6065389,83.34511036,0,0,0,0,0
2914159,0,76.09770946,0,0,0,0,0
157688,126.007006,101.4636126,0,0,95.47367964,0,173.1993925
413497,0,68.85030856,0,0,0,0,0
1871048,117.6065389,83.34511036,0,0,0,0,0
225848,0,76.09770946,0,257.085931,130.1913813,0,0
2763021,193.2107425,228.2931284,0,449.9003792,0,0,0
3234852,0,57.97920721,0,0,286.4210389,513.0836326,213.168483
575112,126.007006,0,0,0,234.3444864,0,0
37448,0,0,0,0,0,0,0
3368557,0,54.35550676,0,0,0,0,0
1008305,0,0,0,0,130.1913813,0,306.4296944
2777983,0,0,0,0,0,0,0
3384241,0,72.47400901,0,0,95.47367964,0,0
3015149,0,0,0,0,0,0,0
288436,0,76.09770946,381.6672498,0,0,0,0
223786,117.6065389,57.97920721,0,0,95.47367964,0,199.8454528
3243389,0,0,0,0,303.7798898,0,812.7048416
2717374,0,181.1850225,0,0,0,0,0
2603817,0,0,0,0,0,0,0
300181,277.2154132,268.1538333,0,0,0,0,0
2976127,0,39.86070495,0,0,0,0,0
2975739,0,0,0,0,0,0,0
2575872,0,90.59251126,0,0,0,0,0
2175091,0,0,0,0,0,0,0
300876,0,166.6902207,0,0,0,0,0
46228,0,105.0873131,0,0,0,0,0
3015177,0,72.47400901,0,0,0,0,0
2434,0,137.7006171,0,0,0,0,0
599,0,0,0,0,0,0,0
2933872,0,39.86070495,0,0,0,0,0
184924,327.6182156,308.0145383,0,0,529.4449507,0,0
428,0,43.48440541,0,0,0,0,0
169176,0,61.60290766,0,0,390.574144,416.8804515,0
2937801,0,0,0,0,0,0,0
2829596,0,54.35550676,0,0,0,0,0
63612,0,0,0,0,0,0,373.0448453
1411902,0,170.3139212,0,0,0,0,0
2597515,0,0,0,0,0,0,0
419476,0,0,0,0,0,0,0
56730,0,0,0,0,0,0,0
754476,0,57.97920721,0,0,0,0,0
87162,142.8079401,47.10810586,445.2784581,0,0,0,159.8763623
181663,0,0,0,214.2382758,0,545.1513597,0
2586965,252.014012,184.808723,318.0560415,0,182.2679339,0,146.5533321
2508687,0,0,0,0,156.2296576,0,0
3070656,117.6065389,83.34511036,0,0,112.8325305,0,0
304895,0,0,0,0,0,0,0
3048589,0,0,0,0,0,0,0
2881052,0,0,0,0,0,0,0
1758196,0,0,0,0,0,0,0
359408,0,0,0,0,190.9473593,0,359.7218151
3228953,252.014012,83.34511036,0,0,156.2296576,448.9481786,159.8763623
2870563,0,0,0,0,0,0,266.4606038
55504,0,0,0,0,0,0,0
2743772,0,47.10810586,0,0,0,0,0
3019544,0,79.72140991,0,0,0,0,0
1785128,117.6065389,0,0,0,0,0,0
2083786,0,0,0,0,0,0,0
3230980,0,0,0,0,0,0,0
2700081,0,0,0,0,0,0,0
1725,310.8172814,202.9272252,0,557.0195171,0,0,0
2546128,134.4074731,61.60290766,318.0560415,235.6621034,0,0,0
2712223,0,47.10810586,0,0,0,0,0
137722,184.8102755,221.0457275,0,0,0,0,0
114,0,0,0,0,0,0,0
3416081,134.4074731,126.8295158,0,342.7812413,0,0,0
2834276,0,39.86070495,0,0,0,0,159.8763623
1756149,0,50.73180631,0,0,138.8708068,0,173.1993925
2929481,84.00467066,0,0,0,0,0,253.1375736
3067902,210.0116766,83.34511036,0,235.6621034,0,0,0
1052257,0,0,0,0,156.2296576,0,0
3066251,0,0,0,0,0,0,0
332249,0,0,0,0,0,0,0
2496866,0,0,0,0,0,0,0
2081052,117.6065389,43.48440541,0,0,0,0,0
364199,0,65.22660811,0,0,0,0,0
3077941,0,0,0,0,0,0,0
37482,0,0,0,0,0,0,0
2976007,0,0,0,0,0,0,0
3402279,0,0,0,0,0,0,0
2558360,109.2060719,123.2058153,0,0,0,0,0
591154,226.8126108,83.34511036,0,0,0,0,0
481146,0,0,0,0,0,0,0
994695,0,0,0,0,0,0,0
475937,0,0,0,0,0,0,0
2563668,0,0,0,0,269.0621881,0,0
3344875,0,163.0665203,0,0,0,0,0
230361,0,0,0,0,0,0,0
1940610,0,119.5821149,0,0,0,0,0
2747268,126.007006,54.35550676,0,0,0,0,0
1385664,0,0,0,0,0,0,0
3416605,0,0,0,0,0,0,0
3398775,0,0,0,0,0,0,0
2890321,100.8056048,86.96881081,0,0,0,0,0
28092,235.2130778,90.59251126,349.8616456,0,112.8325305,0,0
93466,235.2130778,199.3035248,0,0,277.7416135,0,146.5533321
1306787,0,130.4532162,0,278.5097586,0,0,0
1745854,0,47.10810586,0,0,0,0,0
28135,235.2130778,86.96881081,0,0,0,0,186.5224227
2976822,0,0,0,0,0,0,0
216931,0,0,0,0,156.2296576,0,0
2850441,0,0,0,0,0,0,0
3062449,0,0,0,0,0,0,0
40269,168.0093413,177.5613221,0,0,234.3444864,0,0
78327,0,0,0,0,0,0,0
2744474,0,0,508.8896664,0,0,0,506.2751472
3078428,0,0,0,0,0,0,0
2930199,0,231.9168288,0,0,0,0,0
1940790,109.2060719,79.72140991,0,321.3574137,104.1531051,0,146.5533321
1177216,0,43.48440541,0,0,0,0,0
192421,0,0,0,0,0,0,0
96230,0,72.47400901,0,0,0,0,0
463,0,0,0,0,0,0,0
38300,0,0,0,0,0,0,0
3108483,0,0,0,0,0,0,0
1434099,0,0,0,0,0,0,0
947516,0,105.0873131,0,0,0,0,213.168483
1767,0,199.3035248,0,0,0,0,0
1476901,302.4168144,217.422027,0,0,0,0,0
3239807,0,0,0,0,0,0,0
207340,0,0,0,0,0,0,0
215691,0,0,0,0,0,0,0
1239307,0,94.21621171,0,0,0,0,0
3009077,0,0,0,0,0,0,0
2980554,0,54.35550676,0,0,0,0,0
1868793,0,0,0,0,0,0,0
3427230,478.8266228,221.0457275,0,471.3242068,0,0,0
1789762,0,0,0,0,373.2152931,0,0
3233574,0,0,0,0,104.1531051,0,0
2851540,0,0,0,0,0,0,1185.749687
2951805,168.0093413,72.47400901,0,0,321.1387406,0,0
2018025,0,0,0,0,0,0,0
1190508,0,76.09770946,0,0,0,0,0
2725268,159.6088743,141.3243176,318.0560415,0,0,0,0
3158548,0,188.4324234,0,0,0,0,0
1798223,277.2154132,170.3139212,0,621.2909999,0,0,0
33060,0,0,0,0,0,0,213.168483
1134405,0,0,0,0,0,0,0
153496,92.40513773,79.72140991,0,0,112.8325305,0,0
3066146,730.8406347,394.9833491,0,0,0,0,0
53407,0,0,0,0,0,0,0
290110,0,94.21621171,0,0,0,0,0
1236046,92.40513773,43.48440541,413.4728539,0,86.79425422,0,0
3395315,193.2107425,76.09770946,0,0,355.8564423,0,479.6290868
44754,226.8126108,68.85030856,0,0,0,0,0
3035453,184.8102755,181.1850225,0,0,364.5358677,0,186.5224227
1795,0,0,0,0,0,0,0
251540,218.4121437,72.47400901,0,0,269.0621881,0,279.783634
1348774,0,0,0,0,0,0,0
3423914,0,90.59251126,0,0,0,0,186.5224227
2320858,134.4074731,101.4636126,381.6672498,0,112.8325305,0,0
2908840,142.8079401,83.34511036,0,0,0,0,0
1872114,0,0,0,0,0,0,519.5981774
2963128,0,0,0,0,0,0,0
3038773,0,119.5821149,0,0,0,0,0
75289,0,0,0,0,0,0,0
458197,0,0,0,0,0,0,0
2864212,100.8056048,137.7006171,0,0,121.5119559,320.6772704,133.2303019
1218494,0,0,0,0,0,0,0
2820270,0,0,0,0,0,0,0
180,302.4168144,159.4428198,0,0,286.4210389,0,293.1066642
1930276,0,0,0,0,0,0,0
29303,151.2084072,112.334714,0,342.7812413,0,0,0
2589818,92.40513773,86.96881081,445.2784581,0,0,0,133.2303019
3400421,0,0,0,0,0,0,0
3342349,0,0,0,0,0,0,0
1145276,823.2457725,308.0145383,0,0,0,0,0
59845,0,0,0,0,0,0,0
2995170,0,0,0,0,86.79425422,0,0
1054,218.4121437,101.4636126,0,0,0,0,0
2703885,0,54.35550676,0,0,0,0,0
2738979,0,0,0,0,572.8420779,0,0
3120518,176.4098084,134.0769167,0,0,182.2679339,0,0
2587862,0,163.0665203,0,0,0,0,0
865,0,0,0,0,0,0,0
3160834,0,101.4636126,0,0,0,0,0
3230988,0,0,0,0,0,0,572.8902982
2110,0,0,0,0,0,0,0
328813,0,79.72140991,0,0,0,0,0
1563479,0,0,0,0,0,0,0
2715679,151.2084072,126.8295158,318.0560415,0,0,0,293.1066642
1404768,0,0,0,0,0,0,0
2895946,134.4074731,50.73180631,0,214.2382758,0,384.8127245,0
3003259,344.4191497,119.5821149,0,0,225.665061,0,0
1867715,0,112.334714,0,0,0,0,0
1144748,0,79.72140991,318.0560415,0,164.909083,0,253.1375736
1855883,100.8056048,90.59251126,0,0,0,0,0
2904253,84.00467066,57.97920721,0,749.8339653,121.5119559,0,0
2112,0,61.60290766,0,0,0,0,159.8763623
1750527,134.4074731,119.5821149,0,0,0,0,0
66883,0,0,0,0,0,0,0
103731,0,0,0,0,0,0,0
155863,0,72.47400901,0,0,156.2296576,0,0
28187,0,0,0,0,0,0,0
2736,92.40513773,0,0,0,269.0621881,0,159.8763623
71190,0,0,0,0,0,0,0
2003316,0,0,0,0,0,0,0
94624,0,0,572.5008747,0,0,0,0
3082546,0,0,0,0,0,0,0
758793,0,47.10810586,0,0,468.6889728,0,239.8145434
215578,176.4098084,108.7110135,0,0,277.7416135,0,0
3125783,176.4098084,0,0,0,486.0478236,0,0
2739063,0,0,0,0,0,0,0
3039851,0,47.10810586,0,0,86.79425422,0,0
413502,0,0,0,0,0,0,0
116188,176.4098084,61.60290766,0,471.3242068,0,0,0
29558,235.2130778,119.5821149,0,0,234.3444864,0,146.5533321
3029174,0,72.47400901,0,0,86.79425422,0,0
693153,134.4074731,101.4636126,0,0,0,0,0
199596,0,0,0,0,0,0,0
186931,0,0,0,0,0,0,0
1286181,0,0,0,0,0,0,0
1613,92.40513773,61.60290766,0,0,156.2296576,0,0
3435775,0,0,0,0,0,0,0
2493671,0,123.2058153,0,0,0,0,0
2711221,0,152.1954189,0,0,0,0,0
2527968,84.00467066,68.85030856,0,342.7812413,0,0,0
1921421,0,0,0,0,0,0,0
434010,0,0,0,0,0,0,0
2983210,0,0,0,0,0,0,0
2055,0,119.5821149,0,0,390.574144,0,0
90244,0,0,0,0,0,0,0
2664436,0,54.35550676,0,235.6621034,95.47367964,0,199.8454528
3158582,0,94.21621171,0,0,0,0,0
3048494,0,57.97920721,0,0,0,0,0
38986,100.8056048,36.2370045,0,0,0,0,0
3439547,0,68.85030856,0,0,104.1531051,0,0
2588536,0,0,0,0,0,0,253.1375736
1275,0,0,0,0,0,0,0
48076,117.6065389,123.2058153,318.0560415,257.085931,0,0,0
3074107,159.6088743,76.09770946,0,235.6621034,86.79425422,0,253.1375736
1218493,109.2060719,43.48440541,0,0,0,0,186.5224227
434014,0,0,0,0,520.7655253,0,0
3077946,0,0,0,0,0,0,0
2907156,0,0,0,0,0,0,0
3056107,0,0,0,0,0,0,0
113562,168.0093413,108.7110135,0,0,0,0,0
2810347,0,50.73180631,0,0,164.909083,0,0
2921549,0,105.0873131,0,0,364.5358677,0,293.1066642
390989,0,0,0,0,0,0,0
487,0,0,0,0,373.2152931,0,0
1702325,0,137.7006171,0,0,0,0,0
3448123,0,0,0,0,0,0,0
839,0,61.60290766,0,0,0,0,0
1719132,0,0,0,0,0,0,0
2599927,0,0,0,0,0,0,0
1921699,109.2060719,0,0,0,0,0,0
90736,0,65.22660811,0,0,0,0,0
2072642,0,0,0,0,0,352.7449974,159.8763623
564137,0,57.97920721,0,0,0,0,0
87,0,94.21621171,0,0,112.8325305,0,0
107709,151.2084072,108.7110135,0,0,0,0,0
154,0,54.35550676,0,0,0,0,0
374606,302.4168144,115.9584144,0,0,0,0,0
3014784,193.2107425,65.22660811,0,0,0,0,0
3439062,0,0,0,0,0,0,0
2527990,0,0,0,0,0,0,0
130049,142.8079401,152.1954189,0,235.6621034,112.8325305,0,0
2292255,0,36.2370045,349.8616456,0,130.1913813,0,279.783634
1643,0,0,0,0,0,0,0
1306526,126.007006,76.09770946,0,0,0,0,0
2296,0,47.10810586,0,0,0,0,0
2926709,0,0,0,0,0,0,0
158841,92.40513773,68.85030856,0,0,112.8325305,0,0
68231,0,0,0,407.052724,0,0,0
2588711,0,50.73180631,0,0,0,0,0
2954618,0,0,0,0,0,0,0
1920,0,0,0,0,0,0,0
2358479,0,170.3139212,0,0,173.5885084,0,0
267818,0,0,0,0,0,0,0
216936,226.8126108,101.4636126,0,0,433.9712711,0,0
393765,0,0,0,257.085931,0,0,0
2911527,0,0,0,0,0,0,0
61646,0,0,0,0,0,0,0
119394,0,0,0,0,0,0,0
253703,0,50.73180631,0,0,295.1004643,0,0
1766,0,0,0,0,0,0,0
1505907,0,0,0,0,0,0,0
555791,0,47.10810586,0,0,0,0,0
3400218,0,0,0,0,0,0,0
3039384,268.8149461,86.96881081,0,0,156.2296576,0,439.6599963
2802971,0,0,0,278.5097586,0,0,0
3133290,0,0,0,0,1006.813349,0,0
82981,0,47.10810586,0,0,0,0,0
2651334,176.4098084,148.5717185,0,278.5097586,0,0,133.2303019
3030210,142.8079401,94.21621171,0,471.3242068,0,0,0
1390185,0,0,0,0,269.0621881,0,0
2026199,0,0,0,0,0,0,0
34094,0,0,0,0,0,0,0
3035692,0,72.47400901,0,0,0,0,0
398736,84.00467066,217.422027,0,0,0,0,0
3425129,0,0,0,0,0,0,0
3383027,0,0,0,0,0,0,0
207949,0,0,0,0,112.8325305,0,0
2976003,0,0,0,0,0,0,0
192389,0,0,0,0,0,0,0
2866162,0,0,0,0,182.2679339,0,0
2975959,0,0,0,0,0,0,0
1176533,0,54.35550676,0,278.5097586,190.9473593,0,253.1375736
3447453,0,65.22660811,0,0,130.1913813,0,0
3138498,0,65.22660811,0,0,0,0,0
2921515,0,0,0,0,0,0,0
454148,0,0,0,0,0,0,0
470931,0,0,0,0,0,0,0
3234139,0,0,0,0,0,0,0
1581,0,0,0,0,0,0,146.5533321
267363,0,0,0,0,0,0,0
3156079,0,0,0,0,0,0,0
54911,0,79.72140991,0,0,0,0,0
472181,0,36.2370045,0,0,0,0,0
538949,0,0,0,0,0,0,0
3395321,0,86.96881081,0,0,208.3062101,0,0
1514904,176.4098084,90.59251126,0,214.2382758,104.1531051,0,0
77095,201.6112096,83.34511036,0,0,182.2679339,0,0
3034020,0,0,0,0,0,0,213.168483
3112003,0,0,0,0,95.47367964,0,173.1993925
301302,0,0,0,0,95.47367964,0,0
2895495,0,65.22660811,636.1120829,0,0,0,0
47679,0,0,0,0,0,0,0
2005262,0,0,0,0,0,0,0
2743470,0,0,0,0,0,0,0
577386,0,50.73180631,0,0,156.2296576,0,0
3157343,0,36.2370045,0,0,225.665061,0,0
2770788,0,0,0,0,0,0,0
1338368,126.007006,54.35550676,0,0,104.1531051,0,213.168483
3070658,0,217.422027,0,0,0,0,199.8454528
2778876,0,0,0,0,0,0,0
1833,0,0,0,0,0,0,0
1644130,0,0,0,0,0,0,0
3413030,0,47.10810586,0,0,0,0,0
3413936,243.6135449,97.83991216,0,235.6621034,182.2679339,0,0
338645,92.40513773,65.22660811,0,0,0,0,0
3160607,327.6182156,181.1850225,0,0,0,0,253.1375736
633404,84.00467066,68.85030856,572.5008747,0,104.1531051,0,146.5533321
664643,0,68.85030856,0,0,0,0,0
3028082,151.2084072,68.85030856,0,0,303.7798898,0,173.1993925
3065865,100.8056048,57.97920721,0,0,130.1913813,0,0
1085647,0,0,0,0,130.1913813,0,0
152331,0,0,0,0,0,0,0
488732,0,0,0,0,0,0,0
47880,0,0,0,0,0,0,0
2770772,0,0,0,0,0,0,0
2903645,0,0,0,0,0,0,0
2898442,0,0,0,0,0,0,0
67385,100.8056048,50.73180631,0,0,130.1913813,0,0
2512235,0,0,0,0,0,0,0
1547898,210.0116766,115.9584144,0,0,277.7416135,0,213.168483
3121295,0,0,0,0,0,0,0
1642647,0,54.35550676,0,0,0,0,186.5224227
1305740,168.0093413,166.6902207,0,321.3574137,0,0,0
57043,0,0,0,0,0,0,0
1038928,0,0,0,0,0,0,0
388640,0,68.85030856,0,0,104.1531051,0,0
2137,0,0,0,0,121.5119559,0,0
3243368,0,0,0,0,0,0,0
3002962,0,0,0,0,0,0,0
185951,0,0,0,0,121.5119559,0,213.168483
2219225,0,250.0353311,0,0,0,0,519.5981774
1921698,100.8056048,0,0,0,0,0,0
3144874,0,0,0,0,0,0,0
29379,151.2084072,79.72140991,0,0,0,0,0
3151487,151.2084072,90.59251126,0,0,95.47367964,0,173.1993925
2563896,0,0,0,0,0,0,0
520,0,0,0,0,0,0,0
1365176,92.40513773,39.86070495,349.8616456,0,0,0,0
2507538,0,86.96881081,0,0,0,0,0
2684113,243.6135449,163.0665203,0,321.3574137,0,0,0
453816,176.4098084,94.21621171,0,235.6621034,147.5502322,0,0
45254,0,0,0,0,0,0,0
3435883,0,0,0,0,0,0,0
2518989,0,0,0,0,156.2296576,0,0
161879,0,0,0,0,0,0,0
40577,0,0,0,0,0,0,0
2828656,109.2060719,65.22660811,0,0,156.2296576,0,0
171865,0,0,0,0,0,0,0
2883236,0,0,0,0,0,0,0
2903562,0,0,0,0,0,0,0
2745947,0,0,0,0,0,0,0
3064829,0,94.21621171,0,0,0,0,0
2661630,0,0,0,0,0,0,373.0448453
120962,0,68.85030856,381.6672498,0,0,0,159.8763623
339617,84.00467066,123.2058153,0,0,208.3062101,0,0
2066,142.8079401,79.72140991,0,0,121.5119559,0,0
3424717,0,0,0,0,0,0,0
521689,0,47.10810586,0,0,0,0,0
3350174,0,0,0,0,0,0,0
2749999,260.414479,163.0665203,0,342.7812413,251.7033372,0,0
392011,0,0,0,0,0,0,0
1874630,0,0,0,0,0,0,0
2267891,0,0,0,0,0,0,0
2107999,0,0,0,0,0,0,0
178214,142.8079401,105.0873131,0,0,0,0,0
2675378,0,0,0,0,0,0,0
585425,0,47.10810586,0,0,112.8325305,0,0
865757,0,57.97920721,0,0,0,0,0
300,0,72.47400901,0,0,0,0,0
1931275,0,0,0,0,147.5502322,0,692.7975699
3138066,0,105.0873131,0,0,0,0,0
2099786,0,0,0,0,0,0,0
1178515,0,39.86070495,0,0,0,0,0
98668,0,0,0,0,0,0,0
556533,0,0,0,0,0,0,0
983548,0,0,0,0,0,0,0
3435409,0,0,0,0,104.1531051,0,0
2058625,193.2107425,130.4532162,0,0,260.3827627,0,279.783634
1705,126.007006,50.73180631,0,0,112.8325305,0,359.7218151
3161138,151.2084072,173.9376216,0,0,286.4210389,0,293.1066642
786,0,0,0,0,0,0,0
2448483,0,0,0,0,0,0,0
230089,159.6088743,61.60290766,0,0,0,0,0
470076,159.6088743,79.72140991,0,0,260.3827627,0,253.1375736
1145106,0,43.48440541,0,0,0,0,279.783634
3050270,0,0,0,0,0,0,0
55205,0,0,0,0,0,0,0
1553431,0,0,0,0,0,0,0
29405,126.007006,76.09770946,0,0,0,0,0
2944933,0,0,0,0,0,0,0
264636,151.2084072,105.0873131,0,0,104.1531051,0,213.168483
2817477,0,0,0,0,0,0,0
2830998,201.6112096,126.8295158,0,557.0195171,112.8325305,0,0
1749074,0,0,0,0,0,0,0
273384,277.2154132,0,0,0,0,0,0
2884022,168.0093413,68.85030856,0,0,0,0,0
42684,0,0,0,0,0,0,0
3396405,0,0,0,0,0,0,0
2866807,0,0,0,0,0,0,0
3230973,151.2084072,112.334714,0,0,121.5119559,0,0
1850238,0,94.21621171,0,0,0,0,0
3131995,0,36.2370045,0,0,86.79425422,0,0
82987,184.8102755,141.3243176,0,0,0,0,0
3381777,302.4168144,141.3243176,0,299.9335861,86.79425422,0,0
2921465,0,0,0,0,0,0,0
3066237,0,0,0,0,0,0,0
3379131,310.8172814,202.9272252,0,0,260.3827627,0,239.8145434
237609,0,61.60290766,0,0,0,0,0
311230,0,0,0,0,0,0,0
861533,0,119.5821149,0,0,0,0,0
2928154,0,0,0,0,0,0,0
2725494,0,50.73180631,0,0,0,0,0
1130723,0,90.59251126,0,0,0,0,0
3060737,151.2084072,112.334714,0,278.5097586,182.2679339,0,0
178899,0,0,0,0,0,0,0
622488,0,0,0,0,0,0,186.5224227
29459,0,0,0,0,0,0,0
3243766,0,0,0,0,0,0,0
2814292,193.2107425,47.10810586,0,0,0,0,0
37930,0,79.72140991,0,0,303.7798898,0,439.6599963
3240024,0,0,0,0,468.6889728,0,0
1882662,0,0,0,0,0,0,0
291594,0,0,0,0,0,0,0
1924940,0,166.6902207,0,0,0,0,0
1284658,0,57.97920721,0,0,0,0,0
2789216,0,101.4636126,0,0,0,0,0
3112165,168.0093413,148.5717185,0,664.138655,0,0,0
37330,243.6135449,181.1850225,0,0,0,448.9481786,0
3133968,0,0,0,0,0,0,0
3239982,226.8126108,123.2058153,0,0,0,0,186.5224227
45398,0,57.97920721,0,0,0,0,0
3048338,0,0,0,0,0,0,0
2005884,0,79.72140991,0,0,0,0,0
1834167,0,43.48440541,0,257.085931,0,0,0
2973512,0,0,0,0,0,0,0
3115291,0,0,413.4728539,0,0,0,133.2303019
367477,109.2060719,61.60290766,0,0,0,0,0
420402,0,43.48440541,0,0,0,0,0
72556,210.0116766,97.83991216,0,321.3574137,269.0621881,0,0
1270,0,0,0,0,0,0,0
39687,428.4238204,192.0561239,0,0,0,0,0
3366810,109.2060719,47.10810586,0,0,0,0,159.8763623
1461694,0,155.8191194,0,0,121.5119559,0,133.2303019
2906072,100.8056048,148.5717185,0,278.5097586,0,0,0
3137182,0,0,0,0,0,0,0
154288,0,0,0,0,0,0,0
2734618,0,0,0,0,0,0,0
2589990,210.0116766,130.4532162,0,514.1718619,0,0,0
3059716,0,0,0,0,0,0,0
214856,109.2060719,97.83991216,0,0,0,0,0
1915078,0,134.0769167,0,0,0,0,0
1274631,0,0,0,0,0,0,0
3047463,184.8102755,86.96881081,0,0,0,481.0159056,0
93064,0,105.0873131,0,0,0,0,0
2903821,142.8079401,105.0873131,0,0,0,0,0
1329,0,0,0,0,0,0,0
3079304,0,36.2370045,0,0,0,0,0
3241602,0,0,0,0,0,0,0
257708,159.6088743,271.7775338,0,0,0,0,0
565033,0,0,0,0,0,0,0
2004515,0,0,0,0,0,0,0
3418557,0,0,0,0,0,0,0
1775910,0,0,0,0,0,0,0
3133306,0,0,0,0,0,0,0
1769779,0,0,0,0,0,0,0
319706,0,0,0,0,0,0,0
151081,0,0,0,0,355.8564423,0,279.783634
3409691,0,0,0,0,0,0,0
3117012,0,101.4636126,0,0,0,0,0
2377,0,50.73180631,0,0,0,0,0
2903857,0,0,0,0,0,0,0
404589,0,43.48440541,0,385.6288965,0,0,0
3080976,0,108.7110135,0,0,0,0,0
1335048,0,134.0769167,0,0,0,0,0
1963026,529.2294252,0,0,0,0,0,519.5981774
2597358,0,50.73180631,0,0,0,0,0
83262,0,0,0,0,0,0,0
1619313,0,0,0,0,0,0,0
2793009,0,86.96881081,0,0,0,0,0
744515,0,50.73180631,0,0,0,0,0
2662363,0,0,0,0,0,0,0
2903850,0,68.85030856,0,364.2050689,0,0,0
1646377,0,0,0,0,0,0,0
2924034,0,0,0,0,0,0,0
1496080,310.8172814,184.808723,0,0,182.2679339,0,0
3042299,0,50.73180631,0,0,0,0,0
391586,310.8172814,250.0353311,0,342.7812413,0,0,0
356302,0,43.48440541,0,0,0,0,0
2795386,142.8079401,54.35550676,0,0,199.6267847,0,0
53336,0,0,0,0,138.8708068,0,0
2570586,0,0,0,0,0,0,0
3077944,0,0,0,0,0,0,0
32025,0,0,0,0,121.5119559,0,0
68239,0,159.4428198,0,0,0,0,0
216945,151.2084072,68.85030856,0,342.7812413,0,0,319.7527246
202,151.2084072,0,0,0,0,0,0
2954679,151.2084072,83.34511036,0,214.2382758,95.47367964,0,0
298596,268.8149461,126.8295158,0,0,0,0,266.4606038
658446,0,170.3139212,0,0,0,0,0
162426,0,0,0,0,0,0,239.8145434
714067,0,0,0,0,0,0,0
1297742,0,0,0,0,0,0,0
2008440,0,0,0,0,0,0,346.3987849
1232430,0,0,0,0,0,0,0
2969597,168.0093413,101.4636126,0,342.7812413,121.5119559,0,279.783634
1945512,235.2130778,72.47400901,0,0,0,0,0
56142,109.2060719,54.35550676,0,0,0,0,0
3423959,0,0,0,0,0,0,0
2708053,0,47.10810586,0,0,164.909083,0,0
3133315,0,0,0,0,0,0,0
2691918,0,43.48440541,0,0,251.7033372,0,333.0757547
2681987,0,0,0,0,0,0,0
1230533,0,0,0,0,0,0,0
1814128,193.2107425,79.72140991,0,0,190.9473593,0,146.5533321
1689272,0,0,0,0,0,0,0
412965,0,57.97920721,0,0,0,0,0
2233851,0,105.0873131,0,0,0,0,0
109232,126.007006,94.21621171,0,0,199.6267847,0,0
2585716,0,0,0,0,0,0,0
3394361,159.6088743,68.85030856,318.0560415,0,0,0,279.783634
62088,0,0,0,0,0,0,0
82801,142.8079401,123.2058153,0,278.5097586,173.5885084,0,0
2125,218.4121437,72.47400901,413.4728539,0,0,0,0
576611,0,0,0,0,0,0,0
1566351,117.6065389,54.35550676,0,0,0,448.9481786,0
29291,0,0,0,0,0,0,0
453304,159.6088743,61.60290766,0,0,355.8564423,0,226.4915132
333367,0,0,0,0,0,0,0
453783,0,0,0,0,0,0,0
3415750,0,76.09770946,0,0,0,0,0
1004279,0,0,0,0,0,0,0
2903557,0,0,0,0,0,0,0
1017,0,0,0,0,0,0,0
1867,277.2154132,155.8191194,0,0,0,0,0
2020412,0,112.334714,0,0,0,0,0
3119007,0,0,0,0,0,0,0
2716812,0,0,0,0,0,0,0
2575440,0,0,0,0,190.9473593,0,0
2117,0,0,0,0,138.8708068,0,159.8763623
28119,0,0,0,0,156.2296576,0,0
2806347,0,0,0,0,0,0,0
3093864,0,0,0,0,0,0,0
1841249,0,0,0,0,0,0,0
683292,0,0,0,0,0,0,0
2721545,0,65.22660811,0,0,0,0,0
3117746,0,83.34511036,0,0,0,0,0
2594883,100.8056048,50.73180631,0,0,0,0,0
3410268,184.8102755,101.4636126,0,0,156.2296576,0,239.8145434
3402864,0,0,0,0,0,0,0
2903580,126.007006,86.96881081,0,0,0,0,0
3070215,168.0093413,54.35550676,0,0,0,0,0
2819098,0,315.2619392,0,0,529.4449507,0,0
132920,0,0,0,0,208.3062101,0,413.0139359
1806670,0,61.60290766,0,0,0,0,0
70775,0,0,0,0,0,0,0
1720344,0,0,0,0,0,0,0
290053,0,97.83991216,0,0,156.2296576,0,0
1986204,0,0,0,0,0,416.8804515,199.8454528
3060621,0,47.10810586,0,0,0,0,0
188144,0,39.86070495,0,0,0,0,0
2932256,0,0,0,0,0,0,0
83556,0,0,0,0,0,0,386.3678755
294699,0,0,0,0,0,0,0
2215,0,0,0,0,0,0,0
171291,84.00467066,76.09770946,0,0,86.79425422,0,0
2975963,201.6112096,97.83991216,0,0,0,0,506.2751472
2843640,0,0,0,0,0,0,0
1943633,0,188.4324234,0,0,0,0,0
3026418,0,43.48440541,0,0,0,0,0
1685,151.2084072,83.34511036,0,0,0,0,133.2303019
2954647,0,0,0,0,0,0,0
1468449,92.40513773,0,0,0,0,0,0
410332,420.0233533,101.4636126,0,0,0,0,373.0448453
148813,0,0,0,0,156.2296576,577.2190867,0
2817656,142.8079401,130.4532162,0,0,0,0,0
73780,0,0,0,0,0,0,0
52690,0,0,0,0,0,0,0
504,126.007006,61.60290766,0,0,0,0,0
131318,0,0,0,0,0,0,0
571949,0,68.85030856,0,0,112.8325305,0,0
2975777,0,0,0,0,0,0,0
74031,109.2060719,144.948018,0,0,0,0,0
1859475,0,0,0,0,190.9473593,0,0
69499,0,0,0,0,0,0,0
2758573,0,0,0,0,0,0,0
200,0,0,0,0,0,0,0
215743,0,177.5613221,0,0,0,0,0
262076,0,235.5405293,0,0,0,0,0
656366,0,119.5821149,0,0,234.3444864,0,146.5533321
55802,0,39.86070495,0,0,312.4593152,0,146.5533321
189425,0,0,0,0,0,0,0
2903797,0,0,0,0,243.0239118,0,0
2993543,142.8079401,86.96881081,0,0,0,0,186.5224227
1884905,210.0116766,61.60290766,0,0,190.9473593,0,279.783634
2732593,109.2060719,43.48440541,0,0,0,0,0
3387407,0,39.86070495,0,0,86.79425422,0,133.2303019
2866311,0,0,0,0,0,0,0
288,0,0,0,0,0,0,0
69362,310.8172814,217.422027,0,0,0,0,0
2744516,0,0,0,0,0,0,0
2051906,117.6065389,61.60290766,0,0,173.5885084,0,0
3448124,0,0,0,0,0,0,0
191302,0,50.73180631,0,0,0,0,0
3366809,134.4074731,123.2058153,0,0,86.79425422,0,0
879969,0,0,0,0,0,0,0
3066289,0,0,0,0,0,0,0
3041619,193.2107425,72.47400901,0,0,0,0,0
1803177,0,0,0,0,442.6506965,0,506.2751472
2599305,0,0,0,0,138.8708068,0,0
3073902,0,0,0,0,0,0,0
264739,84.00467066,72.47400901,0,0,260.3827627,0,133.2303019
56459,0,0,0,0,95.47367964,0,0
748247,0,0,0,0,0,0,0
1064539,0,0,0,0,0,0,0
430679,0,0,0,0,0,0,0
3064001,0,61.60290766,0,0,0,0,0
319653,0,0,0,0,0,0,0
2796928,0,0,0,0,104.1531051,0,0
1547922,0,36.2370045,0,0,0,0,0
1223566,0,0,0,0,0,0,0
1945658,0,0,0,0,0,0,0
2824561,0,0,0,0,173.5885084,0,133.2303019
2763068,0,0,0,0,0,0,0
1961362,0,141.3243176,0,0,0,0,0
1199245,0,0,0,0,0,0,0
864828,0,0,0,0,0,0,0
1653480,0,0,0,0,0,0,0
29375,0,0,0,0,0,0,0
229155,92.40513773,0,0,0,0,0,0
1397108,0,0,0,0,0,0,0
3383025,0,105.0873131,0,0,277.7416135,0,0
2744523,0,532.6839662,0,0,0,0,0
216963,0,0,0,0,104.1531051,0,0
84980,252.014012,115.9584144,0,257.085931,190.9473593,0,0
1675686,0,50.73180631,0,0,0,0,0
3131936,0,39.86070495,0,0,112.8325305,0,0
2004646,285.6158802,163.0665203,0,0,173.5885084,0,239.8145434
2518971,168.0093413,86.96881081,0,0,0,0,0
2908645,268.8149461,90.59251126,0,0,0,0,0
2517362,0,0,0,0,0,0,0
1325102,0,0,0,0,0,0,0
2861775,663.6368982,311.6382387,0,0,0,0,0
204038,0,0,0,0,0,0,373.0448453
70863,84.00467066,72.47400901,0,0,0,0,186.5224227
2865833,0,0,0,0,0,0,0
3273802,168.0093413,119.5821149,0,0,225.665061,0,173.1993925
344163,0,0,0,0,0,0,0
47883,0,0,0,0,0,0,0
73141,0,0,0,0,0,0,0
2740163,0,0,0,214.2382758,0,0,0
3439042,0,0,0,0,0,0,0
500610,0,57.97920721,0,0,0,0,0
58138,0,0,0,0,0,0,0
1759399,0,0,0,0,0,0,0
2745561,0,0,0,0,0,0,0
680248,109.2060719,61.60290766,0,278.5097586,0,0,0
3447013,201.6112096,112.334714,0,321.3574137,0,0,0
3239898,0,0,0,0,0,0,0
2829501,0,119.5821149,0,0,0,0,0
515393,0,54.35550676,0,0,0,384.8127245,0
2970818,0,0,0,0,381.8947186,0,599.5363585
404405,0,0,0,0,0,0,0
1536773,0,0,0,0,0,448.9481786,0
3390033,0,0,763.3344995,0,216.9856356,0,0
1874361,0,0,0,0,0,0,0
2921401,0,57.97920721,0,0,0,0,0
2190,0,0,0,0,0,0,0
1590041,109.2060719,108.7110135,0,0,0,0,0
224719,0,0,349.8616456,0,0,0,0
3077948,0,0,0,0,0,0,0
1699622,0,0,477.0840622,0,0,0,0
2547970,151.2084072,166.6902207,0,214.2382758,0,0,0
2119,134.4074731,79.72140991,0,0,121.5119559,0,213.168483
1524460,92.40513773,83.34511036,0,0,0,0,0
2490855,0,0,0,0,0,0,0
108486,168.0093413,76.09770946,0,0,243.0239118,0,439.6599963
3103144,243.6135449,148.5717185,0,0,0,0,0
1267217,0,0,0,0,0,0,0
1124597,252.014012,137.7006171,0,235.6621034,0,0,0
1328770,0,173.9376216,0,0,121.5119559,0,0
1903686,0,0,0,0,0,481.0159056,0
36740,0,0,0,0,0,0,0
3077930,0,0,0,0,0,0,0
3036945,0,0,0,0,0,0,0
2589076,0,90.59251126,0,0,0,0,0
1583100,0,206.5509257,0,0,0,0,0
2740807,218.4121437,94.21621171,0,257.085931,0,0,0
1523415,0,105.0873131,0,0,0,0,0
40834,0,0,0,0,0,0,0
94254,0,47.10810586,0,0,0,0,0
2943192,100.8056048,0,0,0,0,0,133.2303019
1048205,0,0,0,0,0,0,0
211114,0,0,0,0,0,0,0
447689,0,101.4636126,0,0,0,0,0
3413029,0,0,0,0,121.5119559,0,0
419479,0,0,0,0,0,0,0
3387397,0,0,0,0,0,0,0
1712516,134.4074731,79.72140991,0,0,95.47367964,0,0
2121,285.6158802,119.5821149,0,235.6621034,0,0,0
1637853,0,0,0,0,0,0,0
408783,0,0,0,0,0,0,0
47960,0,50.73180631,0,0,0,0,0
671077,0,0,0,0,0,0,0
2819104,0,963.9043198,0,0,0,0,0
3240042,0,72.47400901,0,0,0,0,0
1886670,0,0,0,0,0,0,0
2758440,0,0,0,0,0,0,0
417574,0,94.21621171,0,0,0,0,0
2807512,0,0,0,0,0,0,0
71433,0,0,0,0,0,0,0
1908224,0,65.22660811,0,0,0,0,0
2921702,344.4191497,163.0665203,0,0,0,0,0
2745511,0,0,0,0,0,0,0
2779518,0,36.2370045,0,0,138.8708068,0,0
171632,268.8149461,224.6694279,0,407.052724,0,0,0
3033392,0,0,0,0,0,0,0
1523392,0,76.09770946,0,0,0,0,0
2231053,0,0,0,0,0,0,0
43765,470.4261557,192.0561239,0,0,0,0,0
113267,0,0,0,0,156.2296576,0,133.2303019
367190,0,0,0,0,0,0,0
1166078,0,90.59251126,0,0,0,0,0
1514105,0,43.48440541,0,0,173.5885084,0,173.1993925
2109914,0,0,0,0,0,0,0
2864217,134.4074731,123.2058153,0,235.6621034,0,384.8127245,0
3118085,0,0,0,0,0,0,0
430914,0,0,0,0,0,0,0
1233873,0,0,0,0,0,0,0
2926399,0,0,0,0,0,0,0
3458682,0,68.85030856,0,0,104.1531051,0,0
3234954,0,152.1954189,0,0,0,0,0
2009329,0,0,0,0,0,0,0
323284,0,0,0,0,0,0,0
1138194,0,65.22660811,0,0,0,0,279.783634
1639108,84.00467066,65.22660811,0,0,0,0,0
232346,0,0,0,0,0,0,0
157592,0,0,0,0,0,0,0
2815167,0,184.808723,0,0,0,0,0
35806,0,101.4636126,0,0,0,0,0
1792,0,0,0,0,0,0,0
2305987,193.2107425,130.4532162,0,0,95.47367964,0,0
3400846,0,0,0,0,0,0,0
198620,294.0163473,94.21621171,0,0,0,0,319.7527246
2545798,0,0,0,0,0,0,0
2914710,0,0,0,0,0,0,0
76116,0,0,0,0,0,0,0
914150,0,39.86070495,0,0,0,0,0
28125,100.8056048,72.47400901,0,0,190.9473593,0,293.1066642
137732,0,0,0,0,225.665061,0,0
3015170,302.4168144,188.4324234,0,0,0,0,0
191390,0,0,0,0,0,0,0
2054227,0,0,0,0,0,0,0
2949994,109.2060719,105.0873131,0,0,86.79425422,0,146.5533321
3230990,0,0,0,0,0,0,0
56146,0,39.86070495,0,0,0,0,0
2773454,0,50.73180631,0,0,0,0,0
2971606,0,155.8191194,0,0,0,0,0
3391822,92.40513773,86.96881081,0,0,225.665061,0,199.8454528
2587163,0,105.0873131,0,0,0,0,0
2528007,176.4098084,159.4428198,0,0,147.5502322,0,0
3066271,420.0233533,152.1954189,0,0,286.4210389,0,0
3240027,0,0,0,0,0,0,0
2498135,0,0,0,0,0,0,0
1636152,0,0,0,0,0,0,0
882104,0,0,0,0,0,0,0
3075198,201.6112096,134.0769167,0,428.4765516,0,0,0
3240071,0,0,0,0,0,0,0
2984843,0,97.83991216,0,0,0,0,0
1758194,0,0,0,0,0,0,0
2020962,84.00467066,57.97920721,413.4728539,0,0,0,0
197614,0,0,0,0,0,0,0
2996782,168.0093413,123.2058153,0,0,0,0,306.4296944
536,0,0,0,0,0,0,0
1406512,0,39.86070495,0,0,260.3827627,0,0
833,0,0,0,0,0,0,0
103855,0,112.334714,0,0,0,0,0
2507582,0,0,0,0,0,0,0
906888,0,76.09770946,0,0,130.1913813,0,0
2571747,151.2084072,50.73180631,0,0,0,513.0836326,0
84531,0,0,0,0,0,0,0
2817408,0,0,0,0,0,0,0
204525,0,115.9584144,0,0,0,0,0
198618,0,0,0,0,0,0,0
3034233,0,0,0,0,0,0,0
452,0,0,0,0,0,0,0
2527691,0,0,0,0,0,0,0
2954506,117.6065389,83.34511036,0,0,0,352.7449974,0
3242193,142.8079401,68.85030856,0,0,104.1531051,0,279.783634
2100116,134.4074731,144.948018,0,0,0,0,0
3003348,0,0,0,0,0,0,0
2745510,0,0,0,0,0,0,0
240427,0,0,0,0,156.2296576,0,0
2857077,0,0,0,0,0,0,0
3341829,0,0,0,0,0,0,0
710705,0,0,0,0,0,0,0
2983246,0,54.35550676,0,257.085931,234.3444864,0,0
3130166,0,112.334714,0,0,0,0,0
1002546,0,228.2931284,0,0,0,0,0
1928,0,0,0,0,0,0,0
1714373,210.0116766,94.21621171,0,0,0,0,0
2675792,0,0,0,0,373.2152931,0,426.3369661
2817413,0,0,0,0,0,0,0
1006155,100.8056048,47.10810586,0,0,147.5502322,0,0
111955,327.6182156,105.0873131,0,342.7812413,0,0,0
2774835,0,0,0,0,0,0,0
2493668,0,0,0,0,0,0,0
2003551,0,0,0,0,0,0,0
53408,0,0,0,0,156.2296576,0,199.8454528
732,0,0,0,0,0,0,0
3030492,126.007006,170.3139212,0,0,0,0,0
3445355,0,43.48440541,0,0,503.4066745,0,266.4606038
537,0,0,0,0,121.5119559,448.9481786,0
375489,0,0,0,0,0,0,0
36738,151.2084072,76.09770946,0,0,0,0,0
3034648,0,0,0,0,451.3301219,0,0
2919921,0,0,0,0,0,0,0
184914,0,0,0,0,0,0,0
2916397,0,112.334714,0,0,0,0,0
1054041,134.4074731,47.10810586,0,0,121.5119559,0,146.5533321
3372858,0,0,0,0,0,0,0
82983,0,0,0,0,0,0,0
3160831,193.2107425,188.4324234,0,0,164.909083,0,186.5224227
2026191,0,0,0,0,0,0,0
3395316,0,0,0,0,0,0,0
54261,159.6088743,0,0,235.6621034,190.9473593,0,253.1375736
3394146,0,0,0,0,0,0,0
1714845,0,54.35550676,0,0,269.0621881,0,0
1173101,0,0,0,0,0,0,0
39669,134.4074731,72.47400901,0,0,260.3827627,0,266.4606038
3385202,0,0,0,0,0,0,0
3240072,0,0,0,0,0,0,0
1664069,0,0,0,0,0,0,0
189691,0,54.35550676,0,0,121.5119559,0,0
1188319,0,0,0,0,0,0,0
3242682,0,0,0,0,0,0,0
1302235,0,0,0,0,0,0,0
2975870,0,0,0,0,0,0,0
3118332,0,0,0,0,0,0,0
208216,0,0,0,0,0,0,0
1981510,0,0,0,0,0,0,173.1993925
37929,0,0,0,0,0,0,0
2005703,100.8056048,57.97920721,0,0,0,0,0
3230987,0,0,0,0,0,0,0
33940,0,0,0,0,251.7033372,0,506.2751472
1874317,0,94.21621171,0,0,0,0,0
3032282,0,0,0,0,0,0,0
2184053,0,0,0,0,0,0,0
340146,0,0,0,0,0,0,0
57372,0,0,0,0,0,0,0
2925841,0,0,0,0,0,0,0
2726189,117.6065389,68.85030856,0,0,156.2296576,0,226.4915132
2175864,0,94.21621171,0,0,0,0,0
2058624,117.6065389,0,0,0,0,0,0
102862,0,0,0,0,433.9712711,0,0
1005039,0,65.22660811,0,0,0,0,0
120963,0,0,0,0,0,0,0
3240783,0,152.1954189,0,0,0,0,0
3398231,176.4098084,86.96881081,0,0,173.5885084,0,0
2604832,0,50.73180631,0,0,0,0,0
212403,0,0,0,0,0,0,0
2728835,0,0,0,0,0,0,0
936476,0,39.86070495,0,0,0,0,0
1562720,0,39.86070495,0,0,0,0,0
34007,0,152.1954189,0,0,0,0,0
267128,0,253.6590315,0,0,0,0,0
2584094,0,0,0,0,0,0,0
2751171,0,0,0,0,104.1531051,0,0
60893,0,0,0,0,0,320.6772704,0
2026187,0,76.09770946,0,0,0,0,0
3080014,0,0,0,0,0,0,0
1608957,0,0,0,0,86.79425422,0,0
76936,0,76.09770946,0,0,0,0,0
2714925,0,0,0,0,0,0,0
114885,0,65.22660811,0,0,0,0,0
948519,168.0093413,123.2058153,0,0,243.0239118,0,293.1066642
476157,134.4074731,68.85030856,381.6672498,0,0,0,0
68246,0,0,0,0,0,0,0
3139408,0,0,0,0,0,0,0
410,0,123.2058153,0,0,0,0,0
2996034,0,0,0,0,0,0,173.1993925
2815577,92.40513773,86.96881081,0,0,190.9473593,0,199.8454528
3078083,0,0,0,0,0,0,0
1549858,0,0,0,0,0,0,0
3077928,0,0,0,0,0,0,0
2163011,84.00467066,47.10810586,0,0,0,0,0
401471,0,0,0,0,0,0,0
1681,0,0,0,0,0,0,0
1891644,210.0116766,181.1850225,0,0,0,0,0
879274,0,221.0457275,0,0,0,0,0
414,0,79.72140991,0,0,0,0,0
280236,0,0,0,0,0,0,0
3386553,0,0,0,0,0,0,0
281362,109.2060719,43.48440541,0,0,0,0,0
93220,0,0,0,0,0,0,0
2211212,0,0,0,0,0,0,0
261964,0,47.10810586,0,0,104.1531051,0,0
3157618,0,123.2058153,0,0,147.5502322,0,0
2047744,0,47.10810586,0,0,0,0,0
593909,0,0,0,0,0,0,0
556287,0,0,0,0,0,0,0
3019892,260.414479,239.1642297,0,0,216.9856356,0,0
685,117.6065389,123.2058153,0,0,86.79425422,0,0
661488,0,86.96881081,0,0,0,0,0
3237371,159.6088743,108.7110135,0,0,286.4210389,0,213.168483
2898581,252.014012,94.21621171,0,299.9335861,0,0,0
2916816,0,0,0,0,0,0,0
33037,0,0,0,0,0,0,0
1801,0,0,0,0,0,0,0
351052,0,39.86070495,0,0,0,0,0
2750812,0,0,413.4728539,0,0,0,0
28099,0,0,0,0,0,0,0
29561,0,50.73180631,0,0,138.8708068,0,146.5533321
3071567,109.2060719,68.85030856,0,0,0,0,0
3067904,0,79.72140991,0,0,0,0,0
37637,0,0,0,0,0,641.3545408,0
2890318,0,0,0,0,0,0,0
2038636,0,47.10810586,0,0,0,0,0
114054,0,213.7983266,0,0,0,0,0
283686,0,47.10810586,0,0,0,0,0
3160832,0,152.1954189,0,0,0,0,0
3072790,100.8056048,79.72140991,0,0,0,0,0
3151599,0,0,0,0,0,0,0
358220,0,0,0,0,0,0,0
292414,0,0,0,0,0,0,0
2202141,0,0,0,0,0,0,0
47872,0,0,604.3064788,0,0,0,0
2663857,0,0,0,0,0,0,0
3231716,0,0,0,0,0,0,0
2970464,0,0,0,0,321.1387406,0,426.3369661
43768,0,0,0,0,0,0,0
1842727,0,90.59251126,0,364.2050689,0,0,0
2709380,0,86.96881081,0,0,0,0,0
1774216,0,0,0,0,0,0,0
1349410,0,0,0,0,0,0,0
1979954,0,0,0,0,0,0,0
1872122,0,0,0,0,0,0,0
3418417,352.8196168,105.0873131,0,0,0,0,0
2710758,142.8079401,43.48440541,0,0,138.8708068,0,0
183795,0,47.10810586,0,0,0,0,413.0139359
1128151,159.6088743,76.09770946,381.6672498,0,0,0,0
1639348,0,239.1642297,0,0,0,0,0
55211,0,0,0,0,0,0,0
3349878,0,47.10810586,0,0,0,0,0
2485124,0,0,0,0,0,0,0
3028375,277.2154132,188.4324234,0,0,0,0,0
2231721,0,101.4636126,0,0,0,0,0
3237105,0,36.2370045,0,0,0,0,0
2058136,0,0,0,0,0,0,0
3166643,0,0,0,0,0,0,0
2579250,0,0,0,0,0,0,0
3016339,0,0,0,0,0,0,0
3236892,0,0,0,0,0,0,0
33990,0,0,0,0,0,0,0
2585771,109.2060719,79.72140991,0,0,0,0,0
2725994,168.0093413,76.09770946,0,0,0,0,0
1970157,0,72.47400901,0,0,0,0,0
58169,117.6065389,79.72140991,445.2784581,0,112.8325305,0,0
227942,0,0,0,0,0,0,0
2975743,0,0,0,0,442.6506965,0,359.7218151
2067065,0,0,0,0,0,0,0
1817405,134.4074731,105.0873131,0,0,104.1531051,0,0
269660,0,0,0,0,0,0,0
3438965,0,90.59251126,0,0,295.1004643,0,506.2751472
2528017,0,0,0,0,0,0,0
2173169,126.007006,144.948018,0,0,104.1531051,0,133.2303019
1248727,0,0,0,0,0,0,0
2975953,0,57.97920721,0,0,138.8708068,0,0
2698458,0,39.86070495,0,0,0,0,0
1618,0,61.60290766,0,0,0,0,0
2576891,142.8079401,50.73180631,0,0,0,0,0
2921557,92.40513773,57.97920721,0,0,0,0,173.1993925
2903591,0,0,0,0,0,0,0
3039386,0,0,0,0,0,0,0
386911,0,0,0,0,0,0,0
2675878,0,0,0,0,0,0,0
31958,0,0,0,0,0,0,0
1632865,0,0,0,0,121.5119559,0,0
2735436,0,0,0,0,0,0,0
47884,0,39.86070495,0,0,0,0,359.7218151
2740529,0,86.96881081,0,0,0,0,0
155177,0,0,0,0,0,0,0
2754725,159.6088743,86.96881081,0,0,0,0,0
29553,0,72.47400901,0,0,95.47367964,0,133.2303019
3133277,0,0,0,0,0,0,626.1824189
240521,176.4098084,152.1954189,0,0,164.909083,0,0
161360,0,0,0,0,0,0,0
2530200,0,0,0,0,0,0,0
1798193,0,0,0,0,0,0,0
1456591,0,0,0,0,0,0,0
1804,0,0,0,0,0,0,0
133924,0,141.3243176,0,0,0,0,0
2758038,142.8079401,177.5613221,0,0,0,0,0
2527983,0,36.2370045,0,0,0,0,0
33059,0,0,0,0,0,0,0
2592049,0,0,0,0,0,0,0
1965282,0,47.10810586,0,0,0,0,0
1349,0,0,0,0,0,0,0
2857059,285.6158802,206.5509257,0,0,0,0,0
2951806,0,0,445.2784581,0,0,0,0
170651,109.2060719,308.0145383,0,0,0,0,0
3144975,218.4121437,105.0873131,0,0,0,0,0
2507160,0,47.10810586,0,0,0,0,0
2093856,0,94.21621171,0,0,0,0,0
2109915,0,0,0,0,0,0,0
2511995,0,0,0,0,0,0,0
3243332,0,148.5717185,0,0,0,0,0
1050370,0,0,0,0,0,0,0
1737424,201.6112096,376.8648468,0,0,251.7033372,0,0
2099,0,0,0,0,0,0,0
81028,277.2154132,148.5717185,0,278.5097586,112.8325305,0,0
566,0,0,0,0,0,0,0
225084,0,54.35550676,0,0,0,0,0
496014,0,43.48440541,0,0,0,0,0
1874061,0,0,0,0,0,0,0
2210,134.4074731,119.5821149,0,0,0,0,0
2483404,0,0,0,0,0,0,0
495,0,0,0,0,0,0,0
2978973,0,76.09770946,0,0,0,0,0
3031124,0,0,0,0,0,0,0
2024580,0,0,0,0,0,0,0
2796143,0,0,0,0,0,0,0
1591088,109.2060719,54.35550676,0,0,251.7033372,0,146.5533321
293552,0,86.96881081,0,0,0,0,0
2956798,0,0,0,0,0,0,0
370524,0,0,0,0,0,0,0
2982692,0,0,0,0,0,0,0
483937,0,0,0,0,0,0,0
3447451,0,0,0,0,0,0,0
3039154,0,0,0,0,0,0,0
3382150,0,0,0,0,0,0,0
2558931,0,0,0,0,0,0,0
3100174,0,0,0,0,0,0,0
2909671,92.40513773,39.86070495,0,0,0,0,0
184748,0,94.21621171,0,0,0,0,0
1848903,235.2130778,141.3243176,0,0,329.818166,0,0
34003,117.6065389,108.7110135,0,0,0,0,0
2571116,84.00467066,0,0,0,0,0,0
3242158,327.6182156,163.0665203,0,0,347.1770169,0,0
2010972,0,76.09770946,0,0,0,0,0
1323948,0,0,0,0,0,0,0
2590772,0,0,0,0,0,0,0
173858,0,0,0,0,0,0,0
58231,0,0,0,0,269.0621881,0,279.783634
2975710,134.4074731,0,0,0,0,0,572.8902982
52603,0,123.2058153,0,0,0,0,0
134821,0,0,0,0,0,0,0
2967301,126.007006,90.59251126,0,0,199.6267847,0,266.4606038
293089,0,94.21621171,0,0,0,0,0
2753607,0,0,0,0,0,0,0
2815358,0,50.73180631,0,278.5097586,164.909083,0,133.2303019
3141581,436.8242874,228.2931284,0,0,0,0,0
3230487,0,0,0,299.9335861,0,0,0
2975990,0,0,0,0,0,0,0
3037797,84.00467066,57.97920721,0,0,0,0,0
3241170,0,36.2370045,0,0,0,0,0
754517,0,0,0,0,0,0,0
3238631,0,86.96881081,0,0,0,0,0
3115649,0,0,0,0,0,0,0
155077,0,0,0,0,0,0,0
1810504,0,54.35550676,0,0,0,352.7449974,0
2963092,0,0,0,0,0,0,0
397865,0,0,0,0,0,0,0
2903619,0,0,0,0,0,0,0
3129297,0,0,0,0,0,0,0
2055160,0,0,0,0,0,0,0
2083300,0,0,0,0,234.3444864,0,146.5533321
1353891,0,0,0,0,0,0,0
1758178,0,137.7006171,0,0,0,0,0
260552,0,0,0,0,0,0,0
673,0,76.09770946,0,0,0,0,0
2594496,0,0,0,0,0,0,439.6599963
1743162,0,0,0,0,0,0,0
2903577,0,68.85030856,0,0,0,0,0
3085177,218.4121437,126.8295158,0,0,338.4975915,0,0
575,134.4074731,0,0,0,0,0,0
1702103,142.8079401,39.86070495,477.0840622,0,0,0,0
1364,386.421485,134.0769167,0,0,0,0,0
53417,0,0,0,0,0,0,173.1993925
2039234,109.2060719,72.47400901,0,0,260.3827627,0,226.4915132
3118174,0,61.60290766,0,0,0,0,0
279113,142.8079401,57.97920721,0,0,112.8325305,0,199.8454528
3419765,0,0,0,0,0,0,0
2291597,109.2060719,134.0769167,0,0,243.0239118,0,213.168483
1870819,0,57.97920721,0,0,147.5502322,0,0
3157666,0,0,0,0,0,0,0
1869339,0,0,0,0,0,0,0
2685869,0,0,0,0,0,0,0
1699623,0,0,0,0,173.5885084,0,199.8454528
83380,537.6298922,231.9168288,0,0,0,0,0
1448929,0,0,0,0,0,0,0
3239903,0,0,0,0,0,0,0
3372856,117.6065389,57.97920721,0,0,190.9473593,0,0
2975801,0,61.60290766,0,0,0,0,0
2865837,0,0,0,0,0,0,0
53635,0,57.97920721,0,0,0,0,0
1560345,84.00467066,65.22660811,0,0,0,0,0
3120278,151.2084072,90.59251126,0,0,0,0,0
1811193,0,36.2370045,0,0,0,0,0
2590015,0,123.2058153,0,0,0,0,0
2986951,0,39.86070495,0,0,0,0,0
2726117,100.8056048,50.73180631,0,257.085931,0,0,0
2591463,0,47.10810586,0,0,0,0,0
2903700,0,108.7110135,0,599.8671723,0,0,0
2975796,0,0,0,0,0,0,0
2559928,0,0,0,0,0,0,0
1131703,277.2154132,76.09770946,0,0,0,0,0
152682,0,0,0,0,0,0,0
2724914,193.2107425,61.60290766,0,364.2050689,0,0,0
1796613,0,0,0,0,0,0,0
433659,0,0,0,0,0,0,0
1806667,0,0,0,0,0,0,0
39485,0,119.5821149,0,0,112.8325305,0,0
1891186,100.8056048,134.0769167,0,0,147.5502322,0,0
2480087,0,0,0,0,0,0,0
2975797,0,0,0,0,789.8277134,0,0
568844,142.8079401,115.9584144,0,342.7812413,0,0,0
2872591,0,57.97920721,0,0,0,0,0
2993455,0,0,0,0,0,0,0
195913,0,94.21621171,0,0,0,0,0
1813468,0,72.47400901,0,0,0,0,0
2572577,92.40513773,137.7006171,0,0,199.6267847,0,0
538382,0,0,0,0,0,0,0
2782659,0,0,0,0,0,0,0
249402,336.0186826,159.4428198,0,0,0,0,0
2512240,151.2084072,61.60290766,0,0,0,0,293.1066642
712150,0,0,0,0,0,0,0
357278,142.8079401,112.334714,0,0,0,320.6772704,0
3042315,0,0,0,0,0,0,186.5224227
1077945,0,0,0,0,0,0,0
446692,0,130.4532162,0,0,130.1913813,0,0
2021862,0,50.73180631,0,0,0,0,0
2599297,0,0,0,0,0,0,0
452627,0,137.7006171,0,0,0,0,213.168483
2903679,0,0,0,0,0,0,0
2775403,0,0,0,0,0,0,0
2794089,0,0,0,0,0,0,0
465797,0,0,0,0,0,0,0
2527971,0,43.48440541,0,0,0,0,239.8145434
668570,0,0,0,0,0,0,0
123824,0,0,0,0,0,0,0
142,0,152.1954189,0,0,0,0,0
244566,0,0,0,0,0,0,0
208596,0,0,0,0,0,0,0
2760083,0,0,0,0,0,0,0
1249553,0,0,0,0,0,0,0
2731756,0,0,0,0,0,0,0
2136,0,0,0,0,0,0,0
3040764,0,0,0,0,0,0,0
2975717,0,0,0,0,0,0,0
3162562,0,0,0,514.1718619,0,0,0
83554,0,141.3243176,0,0,0,0,0
2588534,0,97.83991216,0,0,0,0,0
1972068,0,0,0,0,0,0,0
38012,0,0,0,0,0,0,0
1884263,0,0,0,0,0,0,0
3018036,0,57.97920721,0,0,0,0,0
1085,0,119.5821149,0,0,0,0,0
34103,151.2084072,83.34511036,0,0,112.8325305,0,279.783634
648794,0,0,0,0,0,0,0
2267521,0,0,0,0,0,0,0
1635327,0,36.2370045,0,0,0,0,0
1597781,0,54.35550676,0,0,0,0,0
2268461,0,0,0,0,0,0,0
2943848,0,0,0,0,0,0,0
2792008,0,0,0,0,0,0,173.1993925
1709477,126.007006,105.0873131,0,0,95.47367964,0,0
2005166,100.8056048,105.0873131,0,0,112.8325305,0,0
1078471,0,0,0,0,338.4975915,0,0
151528,0,0,0,0,0,0,0
536979,0,0,0,0,0,0,0
1697053,0,50.73180631,0,0,0,0,0
2983842,0,0,0,0,0,0,0
1715720,0,0,0,0,0,0,0
3451555,0,94.21621171,0,0,0,0,0
1236179,0,0,0,0,0,0,0
3082538,0,0,0,0,0,0,0
2149,0,0,0,0,0,0,0
3028878,0,54.35550676,0,0,0,0,0
142877,0,0,0,0,0,0,0
2583532,0,0,0,0,0,0,0
436,168.0093413,126.8295158,0,235.6621034,0,0,0
3412683,0,76.09770946,0,0,0,0,0
1071078,0,57.97920721,0,0,355.8564423,0,333.0757547
127893,0,0,0,0,0,0,0
356837,0,0,0,0,0,0,0
551760,0,57.97920721,0,0,86.79425422,0,146.5533321
114686,0,0,0,0,0,0,0
356322,0,0,0,0,0,0,0
2685834,0,0,0,0,0,0,0
754477,100.8056048,126.8295158,0,0,0,0,0
2921447,0,0,0,0,0,0,0
3050071,159.6088743,86.96881081,0,0,130.1913813,0,0
1917441,235.2130778,213.7983266,0,0,0,0,0
945,0,39.86070495,0,0,138.8708068,0,173.1993925
228602,0,0,0,0,173.5885084,0,0
172713,151.2084072,39.86070495,0,0,190.9473593,0,0
2792603,0,0,0,0,0,0,0
1070130,0,0,0,0,0,0,0
2697033,0,0,0,0,0,0,0
438,0,65.22660811,0,0,208.3062101,0,0
3388665,0,0,0,0,0,0,0
2721173,0,0,0,0,0,0,0
3415677,0,0,0,0,0,0,0
1176257,142.8079401,94.21621171,0,0,0,0,0
2785331,0,0,0,0,0,0,0
2145,0,0,0,0,0,0,0
3025669,0,0,0,0,0,0,0
2999062,0,137.7006171,0,0,0,0,0
2603277,126.007006,126.8295158,0,0,95.47367964,0,253.1375736
3345148,218.4121437,90.59251126,0,0,0,0,0
2975808,0,0,0,0,0,0,0
580,0,0,0,0,0,0,0
3463852,0,47.10810586,0,0,0,0,0
207809,0,36.2370045,0,0,286.4210389,0,0
2916802,84.00467066,47.10810586,0,0,112.8325305,0,133.2303019
3071082,512.428491,0,0,0,0,0,0
3243051,134.4074731,57.97920721,0,0,173.5885084,0,0
2141,319.2177485,137.7006171,0,0,0,0,0
528244,0,119.5821149,0,0,0,0,0
3414510,0,0,0,0,0,0,0
2697363,0,76.09770946,0,0,0,0,0
1656159,0,0,0,0,0,0,0
3122075,0,0,0,0,0,0,0
43770,0,0,0,0,0,0,0
61648,0,0,0,0,0,0,0
3242677,0,0,0,0,0,0,0
3398776,0,0,0,0,0,0,0
1333996,0,0,0,0,0,0,0
3449278,0,0,0,0,0,0,0
146826,0,0,0,0,0,0,0
2976015,0,0,0,0,0,0,0
2817411,126.007006,123.2058153,0,0,407.9329948,0,159.8763623
184917,0,0,413.4728539,0,0,0,133.2303019
1814290,142.8079401,47.10810586,0,235.6621034,0,0,0
2608247,0,0,0,0,0,0,0
2606717,0,61.60290766,0,0,0,0,0
2816454,0,137.7006171,0,0,0,0,0
134287,0,0,0,0,0,0,0
51201,0,94.21621171,0,0,0,0,0
1867834,0,54.35550676,0,0,0,0,239.8145434
1859121,184.8102755,72.47400901,0,0,0,0,0
93218,0,0,0,0,173.5885084,0,146.5533321
2719912,0,184.808723,0,0,0,0,0
531813,126.007006,97.83991216,0,0,0,0,0
1434072,0,0,0,0,0,0,0
2954699,0,0,0,0,0,0,0
46680,0,0,0,0,243.0239118,0,239.8145434
74318,0,72.47400901,0,0,0,0,0
58290,0,0,0,0,0,0,0
72,0,0,0,0,0,0,0
33050,260.414479,188.4324234,0,0,0,0,0
3133324,0,0,0,0,0,0,0
626932,0,0,0,0,0,0,0
2849865,0,192.0561239,0,0,0,0,0
3239936,0,0,0,0,0,0,0
1891787,0,68.85030856,0,0,0,0,0
2715209,134.4074731,130.4532162,0,0,95.47367964,0,0
2912855,84.00467066,83.34511036,0,0,0,0,0
251538,0,0,0,0,0,0,0
933262,84.00467066,0,0,0,0,0,0
29311,0,0,0,0,0,0,0
2714946,0,0,0,0,147.5502322,0,0
86265,134.4074731,97.83991216,0,0,138.8708068,0,226.4915132
1182444,0,83.34511036,0,0,0,0,0
2921510,0,0,0,0,0,0,0
875932,0,54.35550676,0,0,0,0,0
102148,0,0,0,0,0,0,0
3077585,0,0,0,0,0,0,0
2979861,0,0,0,0,0,0,0
225999,0,0,0,0,0,0,0
2708340,0,0,0,0,0,0,0
2917725,0,0,0,0,0,0,0
266,0,115.9584144,0,0,0,0,0
2950604,0,0,0,0,0,0,0
3233343,0,61.60290766,0,0,0,0,0
3231000,92.40513773,97.83991216,0,0,0,0,0
2602067,0,141.3243176,0,0,0,0,0
328839,0,275.4012342,0,0,0,0,0
1415568,0,50.73180631,0,0,0,0,0
3075825,0,0,0,0,0,0,0
653931,109.2060719,57.97920721,0,0,0,0,0
74829,0,0,0,0,138.8708068,0,159.8763623
373543,0,0,0,0,0,0,0
84156,0,0,0,0,0,0,0
2736757,159.6088743,50.73180631,0,0,0,0,0
67760,0,0,0,0,0,0,253.1375736
2975324,0,0,0,0,0,0,0
2211140,0,0,0,0,0,0,0
857252,0,0,0,0,0,0,0
53501,84.00467066,170.3139212,0,0,0,0,0
3239927,277.2154132,108.7110135,0,0,0,0,146.5533321
879567,0,0,0,0,0,0,0
169480,0,0,0,0,0,0,0
2980027,0,0,0,0,0,0,0
2956824,0,0,0,0,0,0,0
2844289,117.6065389,39.86070495,0,0,190.9473593,0,0
28025,0,0,0,0,0,0,0
2903891,0,0,0,0,0,0,0
3081765,0,0,0,0,0,0,0
1748,0,0,0,0,0,0,0
2714929,0,65.22660811,0,214.2382758,121.5119559,0,0
2867024,0,144.948018,0,0,0,0,0
1678128,84.00467066,57.97920721,0,0,156.2296576,0,266.4606038
81468,0,0,0,0,0,0,0
75612,0,0,0,0,0,0,0
296591,0,0,0,0,0,0,0
1772,0,0,0,0,0,0,0
3239975,0,0,0,0,104.1531051,0,0
2946699,0,0,0,0,0,0,0
2607911,0,0,0,0,0,0,0
2498113,0,57.97920721,0,0,0,0,0
34021,0,0,0,0,0,0,0
216933,168.0093413,76.09770946,0,0,164.909083,0,0
1310,0,43.48440541,0,0,0,0,159.8763623
2599600,117.6065389,68.85030856,0,0,0,0,0
1674146,0,0,0,0,390.574144,0,306.4296944
169402,0,0,0,0,0,0,0
2082949,0,54.35550676,0,0,0,0,0
423605,0,0,0,0,0,0,0
316279,0,79.72140991,0,0,182.2679339,0,173.1993925
1435348,0,76.09770946,0,0,0,0,266.4606038
2750929,0,50.73180631,0,0,0,0,0
2041385,0,0,0,0,0,0,0
452529,0,0,0,0,0,0,0
2975960,0,39.86070495,0,0,156.2296576,0,0
61652,0,0,0,0,0,0,0
223390,0,112.334714,0,0,0,0,0
3101265,0,0,0,0,0,0,0
3125785,0,0,0,0,0,0,0
1586287,0,0,0,0,0,0,0
2812648,0,0,0,0,0,0,0
1076588,0,0,0,0,0,0,0
1028989,0,0,0,0,0,0,0
1855617,0,0,0,0,0,0,0
1138822,126.007006,86.96881081,0,0,234.3444864,0,186.5224227
2728023,0,0,0,0,0,0,0
126157,0,0,0,0,0,0,0
1850250,0,83.34511036,0,0,0,0,0
1031538,0,0,0,0,86.79425422,0,0
3412685,0,0,0,0,0,0,0
3239892,0,0,0,0,0,0,0
3386552,0,0,0,0,0,0,0
1291556,0,54.35550676,0,0,0,0,0
3066290,0,0,0,0,0,0,0
135740,0,123.2058153,0,0,0,0,0
2968969,0,0,0,0,0,0,0
2234,260.414479,68.85030856,0,214.2382758,0,0,0
111831,0,108.7110135,0,0,0,0,0
1529068,0,61.60290766,0,0,0,0,0
1541959,0,0,0,0,0,0,0
1858609,344.4191497,181.1850225,0,0,0,0,0
408139,0,0,0,0,0,0,0
3138568,0,115.9584144,0,0,0,0,0
901,0,61.60290766,445.2784581,0,0,0,0
2597702,0,50.73180631,0,0,0,0,0
146922,0,0,0,0,0,0,0
515361,0,76.09770946,0,0,0,0,0
67827,0,137.7006171,0,0,0,0,0
3388653,0,72.47400901,0,0,0,0,0
2708348,0,0,0,0,0,0,0
3052000,0,0,0,0,0,0,0
1461000,0,0,0,0,0,0,0
1416803,0,0,0,0,269.0621881,0,266.4606038
192073,0,105.0873131,0,0,104.1531051,0,133.2303019
1400866,0,0,0,0,104.1531051,0,0
2816248,0,0,0,0,0,0,0
3394356,0,0,0,0,0,0,0
73010,0,115.9584144,0,0,251.7033372,0,159.8763623
1917219,0,47.10810586,0,0,0,0,0
1415574,0,0,0,0,86.79425422,0,0
2746232,0,0,0,0,0,0,0
2763669,0,0,0,0,0,0,0
214,302.4168144,137.7006171,0,0,0,0,0
2921704,109.2060719,130.4532162,0,235.6621034,173.5885084,0,0
1890,0,0,0,0,216.9856356,0,0
3044187,0,0,0,0,0,0,0
507626,0,0,0,0,0,0,0
2268024,151.2084072,36.2370045,0,0,0,0,0
47886,0,0,0,0,0,0,0
3050112,0,36.2370045,0,0,0,0,0
3055847,0,68.85030856,0,0,0,0,0
51161,0,0,0,0,0,0,0
14,0,0,0,0,130.1913813,0,0
2829502,109.2060719,202.9272252,0,278.5097586,0,0,0
133453,0,47.10810586,0,0,0,0,0
2592334,0,47.10810586,0,0,0,0,0
85991,0,0,0,0,0,0,0
3116653,159.6088743,68.85030856,0,0,95.47367964,0,0
1852027,0,76.09770946,0,0,0,0,0
1705399,193.2107425,94.21621171,0,0,0,0,0
55508,0,0,0,0,0,0,0
2840457,0,0,0,0,0,0,0
83291,0,0,0,0,0,0,0
2877939,0,61.60290766,0,0,0,0,159.8763623
3080532,0,68.85030856,0,0,138.8708068,0,0
2172103,0,57.97920721,0,0,0,0,0
3077589,84.00467066,50.73180631,0,0,0,0,0
2530390,0,0,0,0,0,0,0
2854036,0,68.85030856,0,0,0,0,0
2921420,168.0093413,97.83991216,0,0,0,0,0
2675754,92.40513773,54.35550676,0,0,0,0,0
86188,0,0,0,0,0,0,0
32013,84.00467066,43.48440541,0,0,147.5502322,0,253.1375736
709810,0,163.0665203,0,0,0,0,0
1871066,0,47.10810586,0,0,0,0,0
2826993,0,65.22660811,0,0,0,0,0
1349409,0,0,0,0,0,0,0
3230992,0,0,0,0,0,0,0
1341549,100.8056048,39.86070495,318.0560415,0,0,0,0
172049,0,0,0,0,0,0,0
2975902,0,0,0,0,0,0,0
2603276,0,68.85030856,0,0,0,0,0
589873,0,123.2058153,0,0,216.9856356,0,386.3678755
2771361,0,123.2058153,0,0,0,0,0
285070,0,0,0,0,0,0,0
2735528,0,0,0,0,0,0,0
2770776,0,0,0,0,0,0,0
2675298,0,0,0,0,0,0,0
2921714,0,0,0,0,0,0,0
2894201,142.8079401,61.60290766,0,0,0,0,213.168483
68173,0,0,0,0,0,0,0
1536772,0,0,0,0,0,0,0
472693,0,0,0,0,0,0,0
3240046,0,0,0,0,0,0,0
42881,0,0,0,0,0,0,0
1902136,0,0,0,0,0,0,0
43348,117.6065389,39.86070495,0,0,0,0,0
133926,0,0,0,0,0,0,0
3017784,0,54.35550676,0,0,0,0,0
2952158,117.6065389,115.9584144,0,0,182.2679339,0,266.4606038
69967,0,0,0,0,0,0,0
1408281,0,0,0,0,0,0,0
1926868,0,0,0,0,0,0,0
1898955,0,76.09770946,0,0,0,0,0
2991418,0,0,0,0,0,0,0
436516,0,0,0,0,0,0,0
3426554,0,0,0,0,0,0,0
200451,0,61.60290766,0,0,0,0,0
501572,0,47.10810586,0,0,0,0,0
1736675,0,43.48440541,0,0,0,0,0
1549949,0,0,0,0,0,0,0
2886040,0,0,0,0,0,0,0
3235088,0,47.10810586,0,0,130.1913813,0,186.5224227
208602,260.414479,72.47400901,0,0,121.5119559,0,0
2953752,0,0,0,0,199.6267847,0,532.9212076
2663020,0,0,0,0,0,0,0
2528020,0,0,0,0,199.6267847,0,0
2705012,0,0,0,0,0,0,0
2830983,0,0,0,0,0,0,0
76629,0,0,0,0,0,0,0
2768162,0,76.09770946,0,0,0,0,0
1512,0,0,0,0,199.6267847,0,0
51049,0,0,0,0,0,0,0
3398393,0,0,0,0,0,0,0
3396619,0,0,0,0,0,0,0
1630141,134.4074731,76.09770946,0,0,156.2296576,0,213.168483
40516,0,0,0,0,0,0,0
1670800,0,148.5717185,0,0,0,0,0
941907,0,47.10810586,0,0,0,0,0
2066070,0,0,0,0,0,0,0
2864208,0,0,0,0,0,0,0
512349,0,0,0,0,0,0,0
472183,0,50.73180631,0,0,0,0,0
511435,0,0,0,0,0,0,0
2565368,0,57.97920721,0,0,0,0,0
2851598,0,0,0,0,0,0,0
3003393,0,0,0,0,0,0,0
128574,0,0,0,0,0,0,0
1615494,0,0,0,0,0,0,0
3239906,0,0,0,0,0,0,0
710191,0,0,0,0,0,0,0
3152363,0,0,0,0,0,0,0
82985,0,72.47400901,0,0,0,0,0
35791,0,0,0,0,0,0,0
2961619,0,72.47400901,0,0,0,0,0
2545632,0,90.59251126,0,0,0,0,0
2897342,0,0,0,0,0,0,0
2841257,0,0,0,0,0,0,0
338584,100.8056048,0,0,0,0,0,0
3028735,0,83.34511036,0,0,0,0,0
3082387,546.0303593,181.1850225,0,0,0,0,0
1579,0,0,0,0,0,0,0
1443036,0,0,0,0,0,0,0
3391614,0,0,0,0,0,0,0
3430278,84.00467066,0,0,0,312.4593152,0,346.3987849
3066288,0,0,0,0,0,0,0
2867025,0,108.7110135,0,0,0,0,0
29471,0,0,0,0,0,0,0
1306992,0,86.96881081,0,0,0,0,0
1543721,0,0,0,0,0,0,0
1892855,0,36.2370045,0,0,0,0,0
223818,0,0,0,0,0,0,0
1907,193.2107425,115.9584144,0,0,0,0,0
1931241,0,0,0,0,0,0,0
2518176,193.2107425,61.60290766,0,0,0,0,0
3238801,0,0,0,0,0,0,0
2162,0,0,0,0,0,0,0
2975734,378.021018,231.9168288,0,0,0,0,0
40519,0,39.86070495,0,0,0,0,0
2382161,0,0,0,0,0,0,0
1679497,0,108.7110135,0,0,0,0,0
2500548,537.6298922,213.7983266,0,0,0,0,0
2782213,0,0,0,0,0,0,0
1636603,0,0,0,0,0,0,0
2508306,0,231.9168288,0,0,0,0,0
1581011,126.007006,43.48440541,0,0,164.909083,0,0
362837,0,57.97920721,0,0,0,0,0
2726122,0,0,0,0,0,0,0
3239306,0,0,0,0,0,0,0
2201350,0,0,0,0,0,0,0
225971,0,126.8295158,0,0,0,0,0
2827233,0,0,0,0,104.1531051,0,0
3080827,0,105.0873131,0,0,0,0,0
2742128,0,72.47400901,0,0,147.5502322,0,0
2976237,0,0,0,0,0,0,0
2604941,0,0,0,0,0,0,0
2650158,0,0,0,0,0,0,0
342948,0,43.48440541,0,0,225.665061,0,0
27973,142.8079401,83.34511036,0,0,164.909083,0,133.2303019
3111011,92.40513773,61.60290766,0,0,460.0095474,0,0
2924031,0,0,0,0,0,0,0
3367156,0,0,0,0,0,0,0
3423946,0,0,0,0,130.1913813,0,0
454171,0,36.2370045,0,0,182.2679339,0,319.7527246
1177213,109.2060719,79.72140991,0,235.6621034,0,0,0
2599640,0,61.60290766,0,0,0,0,0
502,0,0,0,0,0,0,0
46354,0,0,0,0,0,0,0
3020899,151.2084072,83.34511036,0,0,0,384.8127245,0
1872567,0,83.34511036,0,0,0,0,0
3391575,0,101.4636126,0,0,0,0,0
2593655,0,57.97920721,0,0,0,0,0
380749,134.4074731,86.96881081,0,0,0,0,0
47763,0,0,0,0,0,0,0
2954530,0,0,0,0,0,0,0
3133335,0,54.35550676,0,0,0,0,0
1868589,0,86.96881081,0,0,0,0,0
2697027,0,0,0,0,0,0,0
147268,0,0,0,0,0,0,0
3133332,0,0,0,0,0,0,0
2596828,0,0,0,0,0,0,0
1751071,0,50.73180631,0,0,0,0,0
1079,0,108.7110135,0,0,0,0,0
2742676,176.4098084,123.2058153,0,0,0,0,0
2065312,0,0,0,0,0,0,0
195498,0,0,0,0,0,0,0
153233,0,68.85030856,0,0,0,0,0
51364,0,57.97920721,0,0,0,0,0
3149229,0,112.334714,0,0,0,0,0
2734088,0,0,0,0,0,0,0
420336,0,0,0,0,0,0,0
33010,0,0,0,0,0,0,0
28104,0,0,0,0,0,0,0
3096000,0,0,0,0,0,0,0
330922,0,0,0,0,0,0,0
2493633,0,0,0,0,225.665061,0,0
3162530,0,86.96881081,0,0,0,0,0
400061,168.0093413,108.7110135,0,0,0,0,199.8454528
37331,0,0,0,0,0,0,0
3230993,0,68.85030856,0,0,407.9329948,0,0
2954814,0,0,0,0,0,0,0
153491,0,47.10810586,0,0,0,0,0
42443,0,57.97920721,0,0,0,0,0
1619153,0,0,0,0,0,0,0
1211807,0,0,0,0,0,0,0
216942,0,0,0,0,0,0,0
1380685,0,0,0,0,0,0,0
3239968,0,0,0,0,0,0,0
2745519,403.2224192,311.6382387,0,0,0,0,0
2759692,159.6088743,68.85030856,0,0,0,0,213.168483
2806609,0,0,0,0,0,0,0
283699,0,0,0,0,0,0,0
1217274,0,0,0,0,0,0,146.5533321
33962,151.2084072,83.34511036,0,0,0,0,0
710111,0,0,0,0,0,0,133.2303019
288004,142.8079401,76.09770946,0,0,0,0,0
3066313,0,0,0,0,0,0,0
3394605,0,0,0,0,0,0,0
225422,0,90.59251126,0,0,0,0,0
1129264,0,0,0,0,0,0,0
1603606,134.4074731,72.47400901,0,214.2382758,0,0,0
424188,0,0,0,0,0,0,0
3159496,0,108.7110135,0,0,0,0,0
2136182,0,0,0,0,112.8325305,0,0
3092120,0,90.59251126,0,0,0,0,0
2979467,0,0,0,0,0,0,0
3110110,260.414479,141.3243176,0,0,0,0,0
2507935,0,0,0,0,0,0,0
2035,0,0,0,0,0,0,0
1768242,109.2060719,94.21621171,0,0,0,0,0
3239940,0,54.35550676,0,0,0,0,0
3028084,0,0,0,0,0,0,0
556548,134.4074731,39.86070495,0,0,0,0,146.5533321
51664,0,0,0,0,95.47367964,0,0
421115,0,0,0,0,0,0,0
1535768,126.007006,65.22660811,0,0,190.9473593,0,159.8763623
1727163,0,0,0,0,0,0,0
2044912,0,0,0,0,0,0,0
173860,0,47.10810586,0,0,0,0,0
1408191,0,0,0,0,0,0,0
2728024,0,0,0,0,156.2296576,0,0
1874826,0,54.35550676,0,0,104.1531051,0,0
3239974,0,0,0,0,0,0,0
3024837,260.414479,163.0665203,0,0,0,0,0
1537242,0,68.85030856,0,0,0,0,0
2736640,0,0,0,0,0,0,0
2949758,0,0,0,0,0,0,0
2665646,0,0,0,0,86.79425422,0,213.168483
547987,0,0,0,0,0,0,0
3134142,0,0,0,0,0,0,0
3043848,0,68.85030856,0,0,0,0,0
1218495,100.8056048,0,0,0,0,0,0
1777491,0,0,0,0,0,0,0
2565554,0,0,0,0,0,0,0
2976241,0,0,0,0,0,0,0
304378,0,0,0,0,0,0,0
3068640,0,43.48440541,0,0,0,0,0
1816680,0,0,0,0,0,0,0
2969308,0,0,0,0,0,0,0
29401,0,57.97920721,0,0,0,0,0
860235,0,0,0,0,0,0,0
1263728,0,126.8295158,0,0,0,0,0
3094884,0,0,0,0,0,0,0
153493,0,0,0,0,0,0,0
1086632,0,101.4636126,0,0,0,0,0
2202828,0,0,0,0,0,0,0
38288,0,68.85030856,0,0,164.909083,0,279.783634
3117747,0,0,0,0,0,0,0
159450,0,94.21621171,0,0,216.9856356,0,173.1993925
1032623,0,0,0,0,0,0,0
3036704,0,0,0,0,95.47367964,0,0
68270,0,0,0,0,0,0,0
2867012,0,57.97920721,0,0,0,0,0
299583,117.6065389,68.85030856,0,0,182.2679339,0,0
2696560,0,0,0,0,86.79425422,0,0
36814,0,57.97920721,0,0,0,0,0
1981174,0,43.48440541,0,0,0,0,0
1882757,0,0,0,0,0,0,0
59405,0,0,0,0,0,0,0
46163,0,0,0,0,251.7033372,0,0
2493672,0,0,0,0,0,0,0
3050360,0,0,0,0,0,0,0
2878388,0,0,0,0,0,0,0
2798861,0,0,0,0,182.2679339,0,346.3987849
45056,0,0,0,0,0,0,0
3405120,0,0,0,0,0,0,0
298653,0,72.47400901,0,0,0,0,0
364317,0,0,0,0,0,0,0
2921707,0,0,0,0,0,0,0
536044,0,0,0,0,0,0,0
2752316,0,0,0,0,0,0,0
2997333,0,0,0,0,0,0,0
3133966,0,0,0,0,0,0,0
2527972,0,0,0,0,0,0,0
1156431,0,0,0,0,0,0,572.8902982
2202826,0,90.59251126,0,0,0,0,0
2682456,0,0,0,0,0,0,0
3074822,0,61.60290766,0,0,0,0,0
216938,0,0,0,0,0,0,0
664962,0,159.4428198,0,0,0,0,0
1792307,0,39.86070495,0,0,0,0,0
33046,0,0,0,0,0,0,0
3074437,0,0,0,0,0,0,0
699433,117.6065389,86.96881081,0,0,0,0,173.1993925
589436,117.6065389,57.97920721,0,0,0,0,0
195105,0,155.8191194,0,0,0,0,0
565,0,57.97920721,0,0,0,0,0
160386,0,0,0,0,0,0,0
2777577,0,76.09770946,0,0,0,0,0
1470066,0,0,0,0,0,0,0
938155,201.6112096,83.34511036,0,0,0,0,0
1609977,92.40513773,50.73180631,0,0,164.909083,0,0
3142977,0,0,0,0,0,0,0
2838237,0,0,0,0,0,0,0
387090,0,83.34511036,0,0,104.1531051,0,0
2975769,0,0,0,0,0,0,0
2066133,0,61.60290766,0,0,0,0,0
1033846,0,90.59251126,0,0,0,0,0
3238686,0,94.21621171,0,0,0,0,0
1002672,0,0,0,0,0,0,0
446372,0,83.34511036,0,0,234.3444864,0,293.1066642
35,0,105.0873131,0,0,0,0,0
450734,0,0,0,0,0,0,0
391290,0,0,0,0,0,0,0
3132707,0,0,0,0,0,0,0
3140246,0,0,0,0,0,0,0
451,84.00467066,50.73180631,0,0,0,0,0
971,0,36.2370045,0,0,0,0,0
252966,0,57.97920721,0,0,86.79425422,0,0
3239970,0,0,0,0,0,0,0
3398817,0,90.59251126,0,0,0,0,0
437505,0,0,0,0,0,0,0
1050657,0,0,0,0,130.1913813,0,0
1631871,0,0,0,0,0,0,0
134602,0,105.0873131,0,0,0,0,0
3079768,0,0,0,0,0,0,0
3058603,0,0,0,0,0,384.8127245,0
3096993,0,0,0,0,0,0,0
2954512,0,0,0,0,703.0334592,0,0
2867010,0,101.4636126,0,0,0,0,0
1416627,0,0,0,0,0,0,0
2761580,0,0,0,0,0,0,0
515350,210.0116766,72.47400901,0,0,243.0239118,0,0
3066275,0,130.4532162,0,0,0,0,466.3060566
3035702,0,0,0,0,0,0,0
2729997,0,0,0,0,0,0,0
3073066,0,0,0,0,0,0,0
2921375,0,0,0,0,0,0,0
751585,0,0,0,0,0,0,0
1965590,0,0,0,0,0,0,0
2763540,109.2060719,39.86070495,0,0,138.8708068,0,413.0139359
39490,0,0,0,0,0,0,0
3096221,0,0,0,0,0,0,0
2234087,0,0,0,0,0,0,0
936456,0,0,0,0,0,0,0
1903258,0,0,0,0,0,0,0
3116481,0,0,0,0,0,0,0
3075927,0,43.48440541,0,0,130.1913813,0,0
1750719,243.6135449,0,0,0,0,0,0
2654249,0,0,0,0,0,0,0
1570,0,0,0,0,86.79425422,0,0
2894081,0,0,0,0,0,0,0
2707005,0,0,0,0,0,0,173.1993925
108015,0,0,0,0,0,0,0
3239953,0,94.21621171,0,0,0,0,0
296199,176.4098084,144.948018,0,0,0,0,0
3458298,0,0,0,0,0,0,0
2607656,0,57.97920721,0,0,0,384.8127245,0
2587850,0,163.0665203,0,0,0,0,0
2864218,0,0,318.0560415,0,0,0,0
2010829,0,0,0,0,0,0,0
3373541,0,0,0,0,0,0,0
1182263,0,0,0,0,0,0,0
341220,0,65.22660811,0,0,138.8708068,0,0
1294,0,0,0,0,0,0,0
3075121,210.0116766,86.96881081,0,342.7812413,0,0,0
261284,0,50.73180631,0,0,0,0,0
231455,0,0,0,0,0,0,0
3133318,0,0,0,0,0,0,0
1743168,0,0,0,0,0,0,0
3391146,0,0,0,0,0,0,0
3129112,0,0,477.0840622,0,0,0,0
2810563,0,72.47400901,0,0,0,320.6772704,0
2922729,319.2177485,242.7879302,0,0,0,0,0
1484109,0,61.60290766,0,0,0,0,0
2738886,0,0,0,0,104.1531051,0,133.2303019
374982,0,0,0,0,0,0,0
2520507,142.8079401,155.8191194,0,0,0,0,0
2487276,0,0,0,0,0,0,0
245188,0,115.9584144,0,0,0,0,0
1903276,0,0,0,0,0,0,0
1379909,0,0,0,0,0,0,0
2282420,0,0,0,0,0,0,0
2493674,0,0,0,0,399.2535694,0,0
931074,0,43.48440541,0,0,0,0,0
3366806,0,0,0,0,156.2296576,0,0
502366,0,43.48440541,0,0,0,0,0
1377,168.0093413,0,0,0,312.4593152,0,0
2054316,0,57.97920721,0,0,0,0,0
2986949,0,86.96881081,0,0,0,0,0
2842346,0,0,0,0,0,0,0
1984801,0,0,0,0,0,0,0
2771012,0,0,0,0,0,0,0
2607662,92.40513773,57.97920721,0,0,147.5502322,0,0
32002,0,94.21621171,0,0,0,0,0
1379910,0,65.22660811,0,0,0,0,0
1285901,0,0,0,0,0,0,0
3031803,0,0,0,0,0,0,0
1695218,0,0,0,0,0,0,0
2921411,0,0,0,0,0,0,0
2662455,218.4121437,152.1954189,0,0,0,0,0
53359,0,0,0,0,0,0,0
65553,0,86.96881081,0,0,0,0,0
3235173,0,0,0,0,0,0,133.2303019
2949997,0,0,0,0,0,0,0
522262,0,0,0,0,0,0,0
3058426,0,0,0,0,243.0239118,0,373.0448453
3133288,0,0,0,0,0,0,0
3074898,0,61.60290766,0,0,0,0,0
1737425,0,0,0,0,0,0,0
3068893,0,0,0,0,0,0,0
2937787,0,0,0,0,0,0,0
659012,0,0,0,0,0,0,0
158823,0,0,0,0,0,0,0
2983232,0,0,0,0,0,0,0
2716225,0,0,0,0,0,0,0
524884,0,0,0,0,0,0,0
169435,0,0,0,0,0,0,0
290,0,50.73180631,0,0,0,0,0
1904254,0,0,0,0,0,0,0
3028622,0,0,0,0,0,0,0
40001,0,0,0,0,0,0,0
2724191,0,39.86070495,0,0,0,0,0
2571750,0,0,0,0,95.47367964,0,0
310783,0,0,0,0,0,0,0
1353886,0,0,0,0,0,0,0
592316,0,50.73180631,0,0,0,0,0
2023866,0,0,0,0,0,0,0
1758395,0,0,0,0,0,0,0
656178,0,0,0,0,0,0,0
32049,0,0,0,0,0,0,0
2708117,0,0,0,0,0,0,0
1944646,168.0093413,137.7006171,0,0,0,0,0
2841528,0,0,0,0,0,0,0
3042318,0,50.73180631,0,0,0,0,0
1849581,0,0,0,0,0,0,0
2879113,0,0,0,0,0,0,0
3057550,0,0,0,0,0,0,0
2856608,0,0,0,0,0,0,0
1808001,0,0,0,0,0,0,0
453162,92.40513773,86.96881081,0,278.5097586,0,0,0
1076331,0,0,0,0,234.3444864,0,199.8454528
2842456,0,0,0,0,0,0,0
3095609,126.007006,79.72140991,0,364.2050689,0,0,0
2903882,0,0,0,0,0,0,0
83617,0,0,0,0,0,0,0
3390025,92.40513773,61.60290766,0,0,0,0,199.8454528
1207504,0,0,0,0,147.5502322,0,0
3069691,0,0,0,0,0,0,0
2506452,0,0,0,0,0,0,0
1160784,310.8172814,105.0873131,0,0,112.8325305,0,0
2865832,0,0,0,0,0,0,0
2921698,0,0,0,0,0,0,0
13769,0,0,0,0,0,0,0
211146,0,0,0,0,0,0,0
323415,0,0,0,0,0,0,0
2906514,184.8102755,112.334714,0,0,0,0,0
450378,0,0,0,0,0,0,0
2903668,0,0,0,0,0,0,0
3062598,0,0,0,0,0,0,0
1812112,0,0,0,0,0,0,0
553151,0,0,0,0,0,0,0
62099,134.4074731,68.85030856,0,0,190.9473593,0,186.5224227
1408204,0,0,0,0,0,0,0
172042,0,0,0,0,0,0,0
2975961,84.00467066,0,0,0,0,0,0
2903764,0,0,0,0,0,0,0
1394889,0,0,0,0,0,0,0
13689,0,0,0,0,0,0,0
3240383,193.2107425,115.9584144,0,0,0,0,0
190146,0,0,0,0,0,0,0
2041,0,0,0,0,0,0,0
881260,117.6065389,79.72140991,0,0,0,0,0
3121289,0,61.60290766,0,0,0,0,133.2303019
2571748,0,0,0,0,0,0,0
2820278,0,43.48440541,0,0,0,0,0
3133272,0,39.86070495,0,0,0,0,0
2811424,0,0,0,0,0,0,0
216964,0,0,0,0,0,0,0
1074467,109.2060719,39.86070495,0,0,164.909083,0,0
913,0,54.35550676,0,0,121.5119559,0,0
1534349,0,0,0,0,0,0,0
3039180,0,43.48440541,0,0,182.2679339,0,0
163164,0,0,0,0,0,0,0
2728020,0,61.60290766,0,0,0,0,0
2080419,0,0,0,0,0,0,0
3404052,0,0,0,0,0,0,0
2766537,0,0,0,0,0,0,0
1758390,0,0,0,0,0,0,0
1756993,0,0,0,0,0,0,0
34038,0,0,0,0,0,0,0
3139327,0,0,0,0,130.1913813,0,0
45462,436.8242874,231.9168288,0,0,0,0,0
1909699,92.40513773,83.34511036,0,0,0,0,0
42109,0,0,0,0,0,0,0
292461,0,0,0,0,0,0,0
327277,0,0,0,0,0,0,0
266951,0,0,0,0,0,0,0
2732864,0,0,0,0,0,0,0
2779363,0,97.83991216,0,0,199.6267847,0,0
45361,0,0,0,0,0,0,0
2116657,0,0,0,0,0,0,0
1538553,0,0,0,0,0,0,0
31998,0,0,0,0,0,0,0
53412,0,0,0,0,0,0,0
1452353,0,43.48440541,0,0,130.1913813,0,0
3023936,0,0,0,0,0,0,0
1400864,0,0,0,0,0,0,0
2984146,117.6065389,76.09770946,0,0,0,0,0
110322,0,0,0,0,0,0,0
652,0,0,0,0,0,0,0
356851,0,0,0,0,0,0,0
2494702,0,0,0,0,0,0,0
3458297,142.8079401,61.60290766,0,0,0,0,0
2975735,0,0,0,0,0,0,0
2259620,0,47.10810586,0,0,0,0,0
2001,0,0,0,0,0,0,0
150123,0,0,0,0,164.909083,0,426.3369661
88233,134.4074731,108.7110135,0,0,0,0,0
2918171,0,0,0,235.6621034,0,0,0
3002436,151.2084072,86.96881081,0,0,138.8708068,0,0
2991545,0,0,0,0,0,0,0
2027290,0,0,0,0,0,0,0
2246,0,0,0,0,0,0,0
1442554,0,0,0,0,104.1531051,0,0
3402689,0,0,0,0,0,0,0
2563669,260.414479,137.7006171,0,0,0,0,0
92757,100.8056048,57.97920721,0,0,86.79425422,0,0
70864,0,68.85030856,0,0,0,0,0
1510570,176.4098084,72.47400901,0,214.2382758,0,0,0
1764,159.6088743,0,0,0,0,0,0
33936,0,0,0,0,0,0,0
39768,117.6065389,79.72140991,0,0,216.9856356,0,146.5533321
1007676,0,0,0,0,156.2296576,0,0
3394355,0,0,0,0,0,0,0
1472417,0,0,0,0,0,0,0
1746199,226.8126108,101.4636126,0,0,0,0,0
86663,0,47.10810586,0,0,86.79425422,0,0
3050637,0,57.97920721,0,0,0,0,0
2893471,0,54.35550676,0,0,0,0,0
2600596,0,0,0,0,0,0,0
3082520,0,0,0,0,0,0,0
295596,0,0,0,0,0,0,0
29518,109.2060719,0,0,0,0,0,253.1375736
2899133,0,0,0,0,0,0,0
3374193,168.0093413,0,0,0,0,0,0
1041159,0,47.10810586,0,0,0,0,0
58344,0,0,0,0,0,0,0
1353246,0,0,0,0,0,0,0
1585976,0,0,349.8616456,0,0,0,0
3233341,0,47.10810586,0,0,0,0,0
2878542,0,0,0,0,0,0,0
2589888,0,0,0,0,0,0,0
2899123,0,50.73180631,0,0,0,0,0
1447062,0,43.48440541,0,0,0,0,0
2074,0,65.22660811,0,0,0,0,0
3133291,0,0,0,0,0,0,0
715451,193.2107425,155.8191194,0,0,173.5885084,0,0
74700,0,0,0,0,0,0,0
2315729,0,0,0,0,0,0,0
1911685,0,0,0,0,0,0,0
54262,168.0093413,90.59251126,0,0,121.5119559,0,133.2303019
2177,210.0116766,112.334714,0,235.6621034,0,0,0
1508404,0,0,0,0,173.5885084,0,0
1217908,0,86.96881081,0,0,0,0,0
47858,0,0,0,0,0,0,0
219572,134.4074731,47.10810586,0,0,0,0,0
1398493,0,39.86070495,0,0,121.5119559,0,0
349064,0,86.96881081,0,0,0,0,0
370038,0,0,0,0,0,0,0
3026423,0,0,0,0,0,0,0
207745,0,0,0,0,0,0,0
586416,0,0,0,0,0,0,0
67350,0,61.60290766,0,0,0,0,0
684066,0,0,0,0,0,0,0
1509244,0,0,0,0,0,0,0
62140,0,112.334714,0,0,0,0,0
3061989,0,0,0,0,286.4210389,0,0
1750,0,0,0,0,0,0,0
1564,0,0,0,0,0,0,0
2683590,0,0,0,0,0,0,0
1476,0,0,0,0,0,0,0
2903862,0,0,0,0,0,0,0
190897,142.8079401,159.4428198,0,0,0,0,0
3231173,0,0,0,0,0,0,0
993502,0,0,0,0,295.1004643,0,0
1914471,0,0,0,0,0,0,0
33932,0,0,0,0,0,0,0
3384767,0,36.2370045,0,0,0,0,0
196914,0,0,0,0,0,0,0
246167,117.6065389,159.4428198,0,0,0,0,0
72557,327.6182156,257.282732,0,0,0,0,0
321327,100.8056048,65.22660811,0,0,0,0,0
82367,0,0,0,0,0,0,0
2576840,0,0,0,0,460.0095474,0,0
2762729,0,0,0,0,0,0,0
2817385,0,101.4636126,0,0,0,0,0
2754044,176.4098084,76.09770946,0,0,164.909083,0,199.8454528
3133721,0,54.35550676,0,0,0,0,0
47989,0,0,0,0,0,0,0
3137370,0,97.83991216,0,0,0,0,0
3119830,0,0,0,0,0,0,0
29510,0,0,0,0,0,0,0
2653851,0,0,0,0,0,0,0
2711215,134.4074731,54.35550676,0,0,0,0,0
1949085,0,0,0,0,0,0,0
3066221,0,50.73180631,0,0,260.3827627,0,186.5224227
402884,0,61.60290766,0,0,0,0,0
2793103,0,0,0,0,0,0,0
1548548,0,0,0,0,0,0,0
3374551,0,0,0,0,0,0,0
2911537,0,0,0,0,0,0,0
3073143,100.8056048,39.86070495,0,0,104.1531051,0,133.2303019
2975988,126.007006,0,0,0,0,0,0
1427364,0,68.85030856,0,0,0,0,0
1671721,0,148.5717185,0,0,0,0,0
3160966,0,0,0,0,0,0,0
1104324,159.6088743,43.48440541,0,0,0,0,0
2912268,0,0,0,0,0,0,0
2898433,117.6065389,54.35550676,0,0,0,0,0
310300,0,0,0,0,0,0,0
277988,0,0,0,0,0,0,0
1450,0,0,0,0,0,0,0
3125784,0,0,0,0,0,0,0
2903872,109.2060719,94.21621171,0,0,130.1913813,0,0
3459121,0,0,0,0,390.574144,0,0
2527989,0,0,0,0,0,0,0
2135430,0,0,0,0,0,0,0
2867023,0,50.73180631,0,0,0,0,0
1316444,0,0,0,0,0,0,0
99807,0,0,0,0,147.5502322,0,0
1949083,0,0,0,0,0,0,0
3137368,0,57.97920721,0,0,0,0,0
1516159,0,0,0,0,0,0,0
2502781,159.6088743,94.21621171,0,0,0,0,0
2871826,0,0,0,0,0,0,159.8763623
1945634,0,0,0,0,0,0,0
3241167,0,57.97920721,0,0,0,0,0
1738770,0,50.73180631,0,0,112.8325305,0,0
3074855,84.00467066,97.83991216,0,0,0,0,0
2976809,0,0,0,0,0,0,0
3066276,0,0,0,0,0,0,0
1389713,0,0,0,0,0,0,0
47835,235.2130778,173.9376216,0,0,0,0,0
2775081,0,76.09770946,0,0,0,0,0
3161974,0,0,0,0,0,0,0
2976005,0,0,0,0,0,0,0
2749077,0,0,0,0,0,0,0
1882747,0,79.72140991,0,0,0,0,0
48003,151.2084072,50.73180631,0,257.085931,86.79425422,0,0
1883414,0,83.34511036,0,0,0,0,0
3243375,0,0,0,0,0,0,0
33070,0,0,0,0,0,0,0
2576919,0,0,0,0,0,0,0
1967501,0,0,0,0,0,0,0
68214,0,0,0,0,0,0,0
103232,0,39.86070495,0,0,0,0,0
3239897,0,0,0,0,0,0,0
1785995,0,0,0,0,0,0,0
3058374,0,0,0,0,0,0,0
3077956,0,0,0,0,0,0,0
2675776,0,0,0,0,0,0,0
3114359,0,0,0,0,0,0,0
2077182,0,47.10810586,0,0,0,0,0
261292,0,0,0,0,0,0,0
2768069,243.6135449,163.0665203,0,0,0,0,0
1921565,0,0,0,0,0,0,0
1214604,0,0,0,0,0,0,0
2749040,0,0,0,0,0,0,0
116085,0,0,0,0,0,0,0
1481665,0,0,0,0,0,0,0
2736875,0,0,0,0,0,0,0
3388426,0,0,0,0,0,0,0
3075616,0,134.0769167,0,0,0,0,0
3240787,0,0,0,0,0,0,0
680247,151.2084072,54.35550676,0,0,86.79425422,0,0
3031330,0,0,0,0,0,0,0
194424,0,57.97920721,0,0,0,0,0
2811482,0,0,0,0,0,0,0
3377108,0,57.97920721,0,0,0,0,0
1432792,92.40513773,0,0,0,0,0,0
56460,0,0,0,0,0,0,0
2861283,0,0,0,0,0,0,0
1791,0,0,0,0,0,0,0
497727,100.8056048,94.21621171,0,0,104.1531051,0,159.8763623
2815343,0,0,0,0,0,0,0
265426,100.8056048,54.35550676,0,0,0,0,0
3242679,0,0,0,0,0,0,0
252130,0,0,0,0,0,0,0
405559,0,39.86070495,0,0,0,0,0
3015154,0,0,0,0,0,0,0
114616,0,65.22660811,0,0,0,0,0
2527980,0,0,0,0,0,0,0
1330330,0,0,0,0,0,0,0
2980099,0,0,0,0,0,0,0
2954547,0,0,0,0,0,0,0
119484,0,0,0,0,0,384.8127245,0
3449740,0,0,0,0,624.9186304,0,0
285665,0,0,0,0,0,0,0
114883,0,61.60290766,0,0,0,0,0
75697,0,0,0,0,0,0,0
1435036,0,65.22660811,0,0,138.8708068,0,0
2982531,159.6088743,112.334714,0,0,138.8708068,0,0
1552759,0,0,0,0,0,0,0
2653200,0,0,0,0,0,0,0
1277351,126.007006,76.09770946,0,0,86.79425422,0,0
256701,0,0,0,0,0,0,0
485,0,0,0,0,0,0,0
1149953,0,0,0,0,0,0,0
2066483,0,36.2370045,0,0,0,0,0
3151850,0,0,0,0,0,320.6772704,0
2570229,0,57.97920721,0,0,0,0,146.5533321
1986146,0,0,0,0,0,0,0
2809020,0,0,0,0,0,0,0
3243033,0,0,0,0,0,0,0
455364,109.2060719,83.34511036,0,0,0,0,0
1593482,168.0093413,97.83991216,0,0,0,0,0
2768066,0,0,0,0,0,0,0
2755385,201.6112096,144.948018,0,0,0,0,0
2890317,0,0,0,0,0,0,0
471189,0,0,0,0,0,0,0
2921709,0,0,0,0,0,0,0
3234199,0,72.47400901,0,0,0,0,0
2932251,0,68.85030856,0,0,0,0,0
576131,92.40513773,86.96881081,0,0,0,0,0
2903595,0,0,0,0,0,0,0
2718938,0,47.10810586,0,0,0,0,0
571124,0,0,0,0,0,0,0
556288,193.2107425,94.21621171,0,0,0,0,0
2870346,0,0,0,0,156.2296576,0,0
2768161,117.6065389,105.0873131,0,0,0,0,0
3033390,0,0,0,0,0,0,0
2183911,0,39.86070495,0,0,0,0,0
1050655,411.6228862,163.0665203,0,0,0,0,0
2065379,117.6065389,152.1954189,0,0,0,0,0
152335,0,0,0,0,121.5119559,0,213.168483
535744,0,0,0,0,0,0,0
3041766,0,0,0,0,0,0,0
2528027,0,0,0,0,0,0,0
2907154,0,39.86070495,0,0,0,0,373.0448453
573569,268.8149461,155.8191194,0,0,0,0,0
121616,0,0,0,0,0,0,0
2867231,226.8126108,115.9584144,0,0,0,0,0
3133696,0,0,0,0,0,0,0
1920883,126.007006,65.22660811,0,0,0,0,0
348826,0,47.10810586,0,0,0,0,0
2938695,84.00467066,0,0,0,0,0,373.0448453
2950874,0,0,0,0,0,0,0
1092,226.8126108,72.47400901,0,0,112.8325305,0,0
652764,0,177.5613221,0,0,0,0,0
2003315,0,61.60290766,0,0,0,0,0
2954056,0,0,0,0,0,0,0
2605945,0,0,0,0,0,0,0
2923279,0,0,0,0,0,0,0
675864,0,0,0,0,0,0,0
168695,0,0,0,0,0,0,133.2303019
2749994,0,0,0,0,0,0,0
340268,0,0,0,0,0,0,0
3421650,0,0,0,0,0,0,0
2834459,84.00467066,57.97920721,0,0,138.8708068,0,159.8763623
762,0,47.10810586,0,0,0,0,0
2915130,0,0,0,0,0,0,319.7527246
2719987,0,0,0,0,0,0,0
2921658,0,0,0,0,0,0,0
2967302,126.007006,47.10810586,0,0,0,0,0
3402862,100.8056048,90.59251126,0,0,0,0,0
1936003,0,0,0,0,0,0,0
215591,126.007006,90.59251126,0,0,138.8708068,0,146.5533321
2906062,0,0,0,0,0,0,0
2997354,0,50.73180631,0,0,0,0,0
1276,0,0,0,0,0,0,0
3374192,0,170.3139212,0,0,0,0,0
2773709,0,0,0,0,0,545.1513597,0
193,0,108.7110135,0,0,0,0,0
3031993,0,0,0,0,0,0,0
158877,0,0,0,0,0,0,0
2954507,0,0,0,0,0,0,0
3064277,117.6065389,0,0,0,104.1531051,0,0
2903789,0,0,0,0,0,0,0
2975947,0,0,0,0,0,0,0
2033,126.007006,68.85030856,0,0,0,0,0
334852,0,166.6902207,0,0,0,0,0
309806,0,0,0,0,0,0,0
2972485,151.2084072,94.21621171,0,0,0,0,0
252307,0,47.10810586,0,0,0,0,0
2743090,0,36.2370045,0,0,121.5119559,352.7449974,0
218822,0,0,0,0,0,0,266.4606038
639313,134.4074731,72.47400901,0,0,121.5119559,0,213.168483
1933912,0,0,0,0,425.2918457,0,0
3230301,0,0,0,0,0,0,0
1760988,0,0,0,0,0,0,0
2586909,0,0,0,0,0,0,0
2011159,100.8056048,130.4532162,0,0,121.5119559,0,0
2038343,0,0,0,0,0,0,0
1699624,0,0,0,0,0,0,0
50718,0,108.7110135,0,0,0,0,0
3243076,109.2060719,97.83991216,0,0,0,0,0
2144175,0,68.85030856,0,0,0,0,0
3416808,0,54.35550676,0,0,0,0,0
745369,0,0,0,0,0,0,0
251699,0,0,0,0,0,0,0
2843215,0,0,0,0,0,0,0
1981880,0,0,0,0,0,0,0
1385663,0,0,0,0,0,0,0
2782176,352.8196168,112.334714,0,0,0,0,0
712623,0,0,0,0,0,0,0
3230736,0,0,0,0,0,0,0
1312741,0,0,0,0,0,0,0
624186,0,0,0,0,190.9473593,0,0
3377707,201.6112096,126.8295158,0,0,0,0,0
1497681,0,0,0,0,95.47367964,0,0
2744522,0,0,0,0,0,0,0
2025949,100.8056048,83.34511036,0,0,156.2296576,0,186.5224227
95301,0,0,0,0,0,0,0
2791037,0,36.2370045,0,0,0,0,0
2698682,0,0,0,0,0,0,0
2282397,0,0,0,0,147.5502322,0,0
2927975,0,0,0,0,0,0,0
2933293,0,0,0,0,0,0,0
12917,0,0,0,0,0,0,253.1375736
2975730,0,0,0,0,0,0,0
328814,159.6088743,68.85030856,0,0,286.4210389,0,0
2748316,0,0,0,0,0,0,0
395599,100.8056048,47.10810586,0,0,173.5885084,0,133.2303019
2975776,0,79.72140991,0,0,0,0,0
2829809,0,36.2370045,0,0,0,0,0
1881061,0,108.7110135,0,0,0,0,0
2933797,0,0,0,0,0,0,0
2604421,0,57.97920721,0,0,0,0,0
1855519,126.007006,83.34511036,0,0,121.5119559,0,0
3403152,0,0,0,0,0,0,0
2590551,0,72.47400901,0,0,0,0,0
1901,0,0,0,0,0,0,0
3435889,0,0,0,0,121.5119559,0,0
3427931,0,0,413.4728539,0,130.1913813,0,0
3398208,0,0,0,0,0,0,0
3239972,0,0,0,0,0,0,0
83558,0,54.35550676,0,0,0,0,0
354351,134.4074731,86.96881081,0,0,0,0,0
221341,0,0,0,0,0,0,0
2202825,0,54.35550676,0,0,0,0,0
2546350,0,0,0,0,0,0,0
3035471,0,39.86070495,0,0,0,0,0
2420306,0,0,0,0,0,0,0
1851148,151.2084072,65.22660811,0,0,86.79425422,0,0
2979870,0,416.7255518,0,0,0,0,0
314282,0,43.48440541,0,0,0,0,0
2921417,0,0,445.2784581,0,0,0,0
331696,0,76.09770946,0,0,0,0,0
2027405,109.2060719,112.334714,0,0,0,0,0
1749,0,0,0,0,0,0,0
45610,92.40513773,39.86070495,0,0,0,0,0
1796635,134.4074731,97.83991216,0,0,0,0,0
1763998,0,0,0,0,0,0,0
2975641,0,83.34511036,0,0,0,0,146.5533321
3447509,0,0,0,0,0,0,0
3239922,0,0,0,0,0,0,0
2931390,0,0,0,0,0,0,0
2806348,0,72.47400901,0,0,0,0,0
2569862,0,0,0,0,0,0,0
2681986,0,47.10810586,0,0,486.0478236,0,0
3230972,0,0,0,0,0,0,0
204891,0,50.73180631,0,0,164.909083,0,0
2761579,0,0,0,0,0,0,0
2940297,0,47.10810586,0,0,216.9856356,0,146.5533321
1260955,117.6065389,68.85030856,0,0,0,0,0
2975705,0,0,0,0,0,0,0
2954659,0,0,0,0,0,0,0
1979950,0,65.22660811,0,0,0,0,0
2320270,0,47.10810586,0,0,0,0,0
2857058,0,0,0,0,0,0,0
505,0,0,0,0,0,0,0
3458296,0,0,0,0,0,0,0
2594495,92.40513773,0,0,0,0,0,0
51288,0,0,0,0,0,0,0
3061240,0,0,0,0,0,0,0
1784719,0,0,0,0,0,0,0
2952228,0,0,0,0,0,0,0
33910,0,0,0,0,0,0,0
151416,0,68.85030856,0,0,0,0,0
74313,0,0,0,0,0,0,0
7,0,79.72140991,0,0,0,0,0
222136,0,0,0,0,173.5885084,0,213.168483
2751176,0,0,0,0,0,0,0
3416654,117.6065389,76.09770946,0,0,0,0,0
2600177,0,39.86070495,0,0,0,0,0
1511761,0,0,0,0,0,0,0
2961599,0,0,0,0,0,0,0
2932184,0,0,0,0,0,0,0
3028805,0,43.48440541,0,0,0,0,0
1108,134.4074731,61.60290766,0,0,0,0,0
3108485,0,0,0,0,0,0,0
1441386,193.2107425,123.2058153,0,0,0,0,0
1368430,0,0,0,0,0,0,0
2992143,0,0,0,0,0,0,0
1105380,0,0,0,0,0,0,0
221126,0,0,0,0,0,0,0
2903881,0,47.10810586,0,0,0,0,0
3126690,277.2154132,170.3139212,0,0,0,0,0
1442555,0,0,0,0,112.8325305,0,0
3136736,0,0,0,0,0,0,0
662858,0,0,0,0,0,0,0
3125779,0,0,0,0,0,0,0
2718,0,0,0,0,0,0,0
3391839,0,0,0,0,451.3301219,0,0
556,0,65.22660811,0,0,0,0,0
598660,0,0,0,0,0,0,0
2878391,0,0,0,0,0,0,0
296745,0,0,0,0,0,0,0
3366266,0,0,0,0,0,0,0
2094,0,0,0,0,0,0,0
2518605,0,0,0,0,0,0,0
1690221,193.2107425,47.10810586,0,0,0,0,0
2692624,0,0,0,0,0,0,0
463014,0,0,0,0,0,0,0
3121288,0,0,0,0,0,0,0
2583377,0,36.2370045,0,0,0,0,0
206403,0,0,0,0,0,0,0
1517551,134.4074731,61.60290766,0,0,0,0,0
2792015,0,0,0,0,0,0,0
29360,0,0,0,0,0,0,0
3392115,0,0,0,0,286.4210389,0,173.1993925
1526658,0,0,0,0,0,0,0
1609559,0,0,318.0560415,0,0,0,0
2735868,0,0,0,0,0,0,0
2818390,0,57.97920721,0,0,0,0,0
2654190,0,0,0,0,0,0,0
2903584,0,0,0,0,0,0,0
2587842,0,47.10810586,0,0,0,0,0
361277,0,36.2370045,0,0,0,0,0
2769486,0,101.4636126,0,0,0,0,0
13688,0,0,0,0,0,0,0
3243765,184.8102755,90.59251126,0,0,0,0,0
2447890,0,0,0,0,0,0,0
2762277,0,0,0,0,0,0,0
3416058,117.6065389,76.09770946,0,0,138.8708068,0,0
2559804,0,0,0,0,0,0,0
2502791,0,0,0,0,0,0,0
55602,134.4074731,97.83991216,0,0,0,0,133.2303019
163604,0,166.6902207,0,0,0,0,0
2822138,0,0,0,0,0,0,0
2940300,0,0,0,0,0,0,0
1768011,0,0,0,0,0,0,0
2738142,0,0,0,0,0,0,0
3450237,0,0,0,0,0,0,0
2182384,0,0,0,0,0,0,0
2697019,0,0,0,0,0,0,0
3422216,0,0,0,0,0,0,0
2892996,0,0,0,0,0,0,0
3111921,0,0,0,0,0,0,0
2692802,0,0,0,0,0,0,0
2217832,0,0,0,0,0,0,0
2774693,0,0,0,0,572.8420779,0,0
313590,0,0,0,0,0,0,0
376175,0,0,0,0,0,0,0
33968,0,0,0,0,0,0,0
3398205,0,0,0,0,0,0,0
234827,0,0,0,0,0,0,0
53953,0,0,0,0,112.8325305,0,146.5533321
3115295,0,101.4636126,0,0,0,0,0
95641,0,0,0,0,0,0,0
407020,0,0,0,0,0,0,0
2949635,0,108.7110135,0,0,0,0,0
3242491,0,0,0,0,0,0,0
3242492,0,123.2058153,0,0,0,0,0
2987701,0,0,0,0,0,0,0
1053,0,0,0,0,0,0,0
3003617,0,0,0,0,0,0,0
2675523,0,0,0,0,0,0,0
311231,0,0,0,0,0,0,0
2133944,0,0,0,0,0,0,0
2692330,0,50.73180631,0,0,0,0,0
568768,0,0,0,0,0,0,0
3445780,0,137.7006171,0,0,0,0,0
3341726,0,43.48440541,0,0,173.5885084,0,0
2779361,0,57.97920721,0,0,0,0,0
3073270,0,50.73180631,0,0,0,0,0
324078,134.4074731,76.09770946,0,0,0,0,0
105219,0,0,0,0,0,0,0
3079555,243.6135449,177.5613221,0,0,0,0,0
2497861,0,0,0,0,130.1913813,0,266.4606038
3416711,0,0,0,0,0,0,0
2033869,0,50.73180631,0,0,0,0,0
2584467,126.007006,68.85030856,0,0,121.5119559,0,186.5224227
3394359,176.4098084,0,0,0,138.8708068,0,0
129921,0,0,0,0,0,0,0
3070814,0,0,0,0,0,0,0
1259973,0,0,0,0,0,0,0
864069,0,54.35550676,0,0,0,0,0
19,0,0,0,0,0,0,0
3367288,117.6065389,47.10810586,0,0,112.8325305,0,0
199592,0,0,0,0,0,0,0
2974552,134.4074731,90.59251126,0,0,0,0,159.8763623
1852390,0,0,381.6672498,0,0,0,0
3066216,0,43.48440541,0,0,0,0,0
3133331,0,97.83991216,0,0,0,0,0
244787,0,54.35550676,0,0,0,0,0
2054,0,0,0,0,0,0,0
1096,0,0,0,0,0,0,0
101192,0,0,0,0,0,0,0
1915,0,0,0,0,0,0,0
2742131,0,54.35550676,0,0,0,0,0
2904122,0,0,0,0,0,0,0
1618207,84.00467066,65.22660811,349.8616456,0,0,0,0
159612,0,0,0,0,564.1626524,0,0
189540,0,0,0,0,0,0,0
921,0,83.34511036,0,0,0,0,0
69539,0,72.47400901,0,0,0,0,0
2499213,0,65.22660811,0,0,0,0,0
75906,0,0,0,0,0,0,0
2584466,126.007006,97.83991216,0,0,0,0,0
2762563,0,0,0,0,0,0,0
3400908,0,0,0,0,0,0,0
65555,0,36.2370045,0,0,0,0,0
1516059,0,43.48440541,0,0,0,0,0
111769,0,0,0,0,0,0,0
656,0,68.85030856,0,0,0,0,0
2109913,0,0,0,0,0,0,0
2561924,0,0,0,0,0,0,0
3051171,0,43.48440541,0,0,0,0,0
233181,0,0,0,0,0,0,0
255984,0,0,0,0,0,0,0
134,0,54.35550676,0,0,0,0,0
3421645,0,561.6735698,0,0,0,0,0
2598453,0,101.4636126,0,0,0,0,0
3447454,0,39.86070495,0,0,0,0,0
35554,0,0,0,0,0,0,0
3156489,0,0,0,0,0,0,0
453230,0,0,0,0,0,0,0
1203471,0,83.34511036,0,0,0,0,0
3054939,100.8056048,54.35550676,0,0,208.3062101,0,0
658629,0,0,0,0,0,0,0
2265,0,0,0,0,0,0,0
103817,0,0,0,0,0,0,0
3028312,0,0,0,0,0,0,0
3016090,0,0,0,0,0,0,0
486,0,0,0,0,0,0,0
2419772,0,0,0,0,0,0,0
3038077,0,0,0,0,0,0,0
126569,142.8079401,105.0873131,0,0,112.8325305,0,0
472834,84.00467066,0,0,0,0,0,0
3111414,193.2107425,54.35550676,0,0,0,0,0
990078,0,0,0,0,0,0,0
1150371,0,0,0,0,0,0,0
2984322,0,0,0,0,0,0,0
2203724,0,36.2370045,0,0,0,0,0
1763883,0,54.35550676,0,0,0,0,0
2925411,0,0,0,0,0,0,0
2589974,0,0,0,0,0,0,0
92945,0,115.9584144,0,0,0,0,0
1545728,0,0,0,0,0,0,0
3133287,0,0,0,0,0,0,0
2903571,0,0,0,0,0,0,0
824,134.4074731,54.35550676,0,0,104.1531051,0,0
3430798,0,0,0,0,0,0,0
273677,0,0,0,0,0,0,0
221352,0,0,0,0,0,0,0
2802975,0,0,0,0,164.909083,0,0
35799,168.0093413,94.21621171,0,0,0,0,0
1575,0,72.47400901,0,0,0,0,0
2903563,0,0,0,0,0,0,0
3088362,0,0,0,0,0,0,0
2750011,0,90.59251126,0,0,0,0,0
3156396,294.0163473,188.4324234,0,0,0,0,0
53399,0,50.73180631,0,0,0,0,0
2681547,0,0,0,0,0,0,0
2072413,0,0,0,0,0,0,0
2339259,0,0,0,0,0,0,0
2100729,0,0,0,0,86.79425422,0,0
651143,0,50.73180631,0,0,0,0,0
2071621,0,0,0,0,0,0,0
2547600,109.2060719,119.5821149,0,0,0,0,0
83171,0,0,0,0,0,0,0
3367691,0,47.10810586,0,0,95.47367964,0,159.8763623
3438963,0,0,0,0,0,0,0
1179767,0,0,0,0,0,0,0
3056445,168.0093413,86.96881081,0,0,0,0,0
1805827,0,76.09770946,0,0,0,0,0
3349635,0,68.85030856,0,0,0,0,0
1881017,0,0,0,0,0,0,0
3060697,0,0,0,0,0,0,0
97478,0,0,0,0,130.1913813,0,0
3376687,0,0,0,0,0,0,0
1209220,0,47.10810586,0,0,0,0,0
3038653,142.8079401,61.60290766,0,0,199.6267847,0,0
60480,0,0,0,0,0,0,0
2976459,193.2107425,101.4636126,0,0,0,0,0
128944,0,0,0,0,112.8325305,0,0
1873716,0,79.72140991,0,0,0,0,0
2945587,0,0,0,0,0,0,0
2162713,0,68.85030856,0,0,0,0,0
1594731,0,0,0,0,0,0,0
3065955,151.2084072,76.09770946,0,0,112.8325305,0,0
3068305,0,0,0,0,0,0,0
2819280,0,0,0,0,0,0,0
2742145,0,72.47400901,0,0,0,0,0
3403077,0,0,0,0,0,0,0
3039156,0,0,0,0,0,0,0
3069264,0,90.59251126,0,0,0,0,0
356852,117.6065389,170.3139212,0,0,0,0,0
2588449,0,0,0,0,0,0,0
3065298,184.8102755,97.83991216,0,0,0,0,0
2921636,0,0,0,0,0,0,0
266809,0,50.73180631,0,0,0,0,0
108150,0,0,0,0,138.8708068,0,0
3436240,0,0,0,0,0,0,0
2817392,0,0,0,0,0,0,452.9830265
1564681,0,0,0,0,156.2296576,0,0
1881069,0,61.60290766,0,0,0,0,0
1386941,0,0,0,0,0,0,0
84110,0,0,0,0,0,0,0
1333528,0,0,0,0,0,0,0
2879846,0,39.86070495,0,0,0,0,0
3077937,0,36.2370045,0,0,0,0,253.1375736
2176,0,50.73180631,0,0,0,0,333.0757547
393921,0,0,0,0,0,0,0
894,0,50.73180631,0,0,0,0,0
205844,0,0,0,0,0,0,0
2865838,0,0,0,0,0,0,0
2656760,0,50.73180631,0,0,0,0,0
2741301,0,0,0,0,0,0,0
2015348,0,0,0,0,0,0,0
451514,0,0,0,0,0,0,0
2487074,109.2060719,0,0,0,0,0,0
265959,0,0,0,0,199.6267847,0,0
444444,0,61.60290766,0,0,0,0,0
3003601,0,39.86070495,0,0,0,0,0
157691,0,0,0,0,0,0,0
1829,0,0,0,0,0,0,0
246786,0,0,0,0,0,0,0
2923363,0,36.2370045,0,0,112.8325305,0,0
2840468,0,0,0,0,0,0,0
3046593,0,0,0,0,0,0,0
1962908,0,0,0,0,0,0,0
41202,0,36.2370045,0,0,0,0,0
1442136,0,0,0,0,95.47367964,0,0
2571746,0,0,0,0,0,0,0
53362,0,0,0,0,0,0,0
2518370,0,0,0,0,0,0,0
251535,0,0,0,0,164.909083,0,133.2303019
2499145,0,0,0,0,0,0,0
2587854,0,0,0,0,0,0,0
64002,0,36.2370045,0,0,0,0,0
2975942,0,0,0,0,0,0,0
2762322,0,0,0,0,0,0,0
2592653,100.8056048,50.73180631,0,0,0,0,0
2591633,0,0,0,0,0,0,0
480035,0,0,0,0,0,0,0
949,184.8102755,90.59251126,0,0,0,0,0
3239388,0,0,0,0,0,0,0
2898441,0,0,0,0,0,0,0
3125786,0,0,0,0,104.1531051,0,0
2678688,109.2060719,83.34511036,0,0,138.8708068,0,0
3243395,0,0,0,0,0,0,0
1531429,0,0,0,0,0,0,0
1896164,0,0,0,0,0,0,0
155866,0,57.97920721,0,0,0,0,0
3071408,201.6112096,119.5821149,0,0,0,0,0
3114300,0,47.10810586,0,0,0,0,0
2494234,0,0,0,0,0,0,0
3135646,0,0,0,0,0,0,0
454154,0,0,0,0,0,0,0
3018929,0,0,0,0,0,0,0
2981137,0,0,0,0,0,0,0
1437009,0,61.60290766,0,0,0,0,0
1034015,0,0,0,0,0,0,0
1927,0,0,0,0,0,0,0
31899,0,0,0,0,0,0,0
984307,0,0,0,0,0,0,0
2975842,0,0,0,0,0,0,0
83627,126.007006,61.60290766,0,0,0,0,0
3029055,0,0,0,0,0,0,0
1458307,0,47.10810586,0,0,0,0,0
2913616,0,0,0,0,0,0,0
399025,0,0,0,0,0,0,0
1295,0,0,0,0,0,0,0
45851,0,0,0,0,0,0,0
1136497,159.6088743,86.96881081,0,0,260.3827627,0,0
2651972,0,0,0,0,0,0,0
293958,0,0,0,0,0,0,0
3082533,0,0,0,0,0,0,0
434009,0,0,0,0,0,0,0
1605838,0,0,0,0,0,0,0
3421658,0,0,0,0,0,0,0
1718,0,0,0,0,0,0,0
299152,0,0,0,0,0,0,0
2020716,0,0,0,0,0,0,0
74326,0,47.10810586,0,0,147.5502322,0,0
1796646,0,0,0,0,0,0,0
3070220,0,0,0,0,0,0,0
2652721,0,0,0,0,0,0,0
319017,0,0,0,0,0,0,0
1963025,0,0,0,0,0,0,0
35755,0,0,0,0,0,0,0
3100113,0,0,0,0,104.1531051,0,0
2709396,0,0,0,0,104.1531051,0,0
3012344,0,39.86070495,0,0,0,0,0
321332,0,0,0,0,0,0,0
2865112,0,0,0,0,0,0,0
1505597,0,43.48440541,0,0,0,0,0
2163644,0,57.97920721,0,0,0,0,146.5533321
2072590,0,0,0,0,0,0,0
2837956,0,0,0,0,0,0,0
1349819,0,72.47400901,0,0,0,0,0
2921399,0,0,0,0,0,0,0
3025671,0,0,0,0,0,0,0
374432,0,61.60290766,0,0,0,0,0
2775404,134.4074731,57.97920721,0,0,0,0,0
2732487,0,0,0,0,0,0,0
3160989,0,0,0,0,0,0,0
2760307,0,0,0,0,0,0,0
35818,0,0,0,0,0,0,0
2107709,0,0,0,0,0,0,0
3004092,0,61.60290766,0,0,156.2296576,0,0
871742,0,83.34511036,0,0,0,0,0
244596,0,68.85030856,0,0,0,0,0
1897729,0,0,0,0,0,0,0
3046670,117.6065389,79.72140991,0,0,0,0,0
170673,0,126.8295158,0,0,0,0,0
1922669,218.4121437,72.47400901,0,0,216.9856356,0,0
3392036,210.0116766,141.3243176,0,0,0,0,0
2660641,0,0,0,0,0,0,0
2846075,117.6065389,61.60290766,0,0,112.8325305,0,226.4915132
3031919,0,0,0,0,0,0,0
2698679,201.6112096,112.334714,0,0,0,0,0
2933959,0,0,0,0,0,0,0
3414739,142.8079401,54.35550676,0,0,199.6267847,0,0
2829816,0,0,0,0,0,0,0
3374187,0,0,0,0,0,0,0
3054208,151.2084072,65.22660811,0,0,0,0,0
3367513,0,0,0,0,0,0,0
2378,0,0,0,0,0,0,0
1888195,0,0,0,0,0,0,0
2728021,109.2060719,61.60290766,0,0,0,0,0
1510225,0,0,0,0,0,0,0
3020843,151.2084072,68.85030856,0,0,0,0,0
588932,0,0,0,0,0,0,0
2045451,235.2130778,199.3035248,0,0,0,0,0
2921699,0,0,0,0,0,0,0
1069220,0,0,0,0,0,0,0
1868794,0,0,0,0,0,0,0
3072978,0,36.2370045,0,0,0,0,146.5533321
1945662,0,97.83991216,0,0,0,0,0
3034024,0,0,0,0,0,0,0
1851544,0,0,0,0,0,0,0
2763008,0,0,0,0,0,0,0
551989,0,0,0,0,0,0,0
2975921,0,61.60290766,0,0,0,0,0
341027,0,0,0,0,0,0,0
988779,0,0,0,0,0,0,0
2561898,0,0,0,0,130.1913813,0,0
3242680,0,101.4636126,0,0,0,0,346.3987849
2029849,0,57.97920721,0,0,0,0,0
1374,0,0,0,0,0,0,0
1971364,0,0,0,0,0,0,0
1794699,0,0,0,0,0,0,0
1537400,0,0,0,0,0,0,0
3093922,92.40513773,54.35550676,0,0,0,0,0
418719,0,97.83991216,0,0,0,0,0
158627,0,0,0,0,0,0,0
3080019,0,43.48440541,0,0,0,0,0
2806346,151.2084072,108.7110135,0,0,0,0,0
2582905,0,0,0,0,0,0,0
2285,0,0,0,0,0,0,0
3161137,0,61.60290766,0,0,0,0,0
2565782,0,50.73180631,0,0,95.47367964,0,133.2303019
2880008,0,0,0,0,0,0,0
34061,0,0,0,0,0,0,0
879,0,0,0,0,0,0,0
847,0,0,0,0,0,0,0
3079766,0,184.808723,0,0,0,0,0
480,0,0,0,0,0,0,0
2920380,0,0,0,0,138.8708068,0,0
254247,0,0,0,0,156.2296576,0,0
546874,0,0,0,0,0,0,0
2762591,0,0,0,0,0,0,0
2742624,0,0,0,0,0,0,0
53419,0,36.2370045,0,0,0,0,0
353,0,0,0,0,0,0,0
3028804,0,0,0,0,0,0,0
1923130,0,0,0,0,0,0,0
614,0,0,0,0,0,0,0
1933220,0,0,0,0,0,0,0
1674923,0,0,0,0,0,0,0
194963,0,0,0,0,0,0,0
2898796,0,0,0,0,0,0,0
2903767,0,54.35550676,0,0,0,0,0
2749962,0,0,0,0,0,0,0
2976812,0,0,0,0,0,0,0
2829500,0,0,0,0,0,0,0
3239973,0,0,0,0,0,0,0
3141543,0,0,0,0,0,0,0
3027796,0,105.0873131,0,0,0,0,0
3242369,0,0,0,0,0,0,0
56438,0,47.10810586,0,0,0,0,0
282402,0,0,0,0,0,0,0
2975049,0,0,0,0,0,0,0
1410383,0,0,0,0,0,0,146.5533321
3414030,0,57.97920721,0,0,0,0,0
2894310,0,0,0,0,0,0,0
33072,117.6065389,68.85030856,0,0,0,0,0
406020,0,0,0,0,0,0,0
231439,0,0,0,0,0,0,0
3043441,0,0,0,0,0,0,0
2527982,0,0,0,0,0,0,0
2969621,0,79.72140991,0,0,0,0,0
271881,0,0,0,0,0,0,0
2734211,92.40513773,61.60290766,0,0,0,0,0
2903788,0,0,0,0,0,0,0
114090,0,0,0,0,251.7033372,0,0
212765,0,61.60290766,0,0,138.8708068,0,0
2684405,0,0,0,0,0,0,0
556054,0,47.10810586,0,0,0,0,0
3239893,0,0,0,0,0,0,0
2766982,0,0,0,0,0,0,0
702115,0,47.10810586,0,0,0,0,0
2682968,84.00467066,76.09770946,0,0,0,0,0
632569,151.2084072,123.2058153,0,0,0,0,0
665913,0,0,0,0,0,0,133.2303019
3136731,0,0,0,0,0,0,0
2855441,0,0,0,0,0,0,0
1353136,0,0,0,0,0,0,0
87458,0,54.35550676,0,0,0,0,0
3104321,0,0,0,0,0,0,0
103810,0,97.83991216,0,0,0,0,173.1993925
1178537,0,0,0,0,0,0,0
3026424,0,0,0,0,0,0,0
2728853,0,43.48440541,0,0,0,0,0
60894,0,0,0,0,121.5119559,0,0
2742136,0,0,0,0,0,0,0
1138190,117.6065389,61.60290766,0,0,0,0,0
2893881,0,0,0,0,0,0,0
3149231,0,0,0,0,0,0,0
2918765,0,0,0,0,0,0,0
3427599,0,0,0,0,0,0,0
2983214,0,0,0,0,0,0,0
3028314,0,0,0,0,0,0,0
3141539,0,0,0,0,0,0,0
85401,0,0,0,0,0,0,0
2903896,0,0,0,0,0,0,0
285091,0,54.35550676,0,0,0,0,0
583357,0,0,0,0,190.9473593,0,0
3421432,0,217.422027,0,0,0,0,0
930802,0,0,0,0,0,0,0
381751,0,0,0,0,0,0,0
104628,0,0,0,0,0,0,0
1942,0,0,0,0,0,0,0
3019602,0,43.48440541,0,0,0,0,0
3039389,0,0,0,0,0,0,0
1458716,134.4074731,83.34511036,0,0,269.0621881,0,0
2694929,0,65.22660811,0,0,0,0,0
2913621,0,0,0,0,0,0,0
994692,0,0,0,0,0,0,0
2587856,0,0,0,0,0,0,0
631220,0,0,0,0,0,0,0
1592790,0,54.35550676,0,0,0,0,0
3036374,0,0,0,0,0,0,0
3115294,126.007006,0,0,0,0,0,0
1811807,0,50.73180631,0,0,0,0,0
3116654,100.8056048,86.96881081,0,0,0,0,0
2986767,0,0,0,0,0,0,0
28448,0,68.85030856,0,0,95.47367964,0,0
1457365,0,50.73180631,0,0,0,0,0
1379870,0,50.73180631,0,0,0,0,0
1858,0,86.96881081,0,0,147.5502322,0,0
2943497,0,0,0,0,0,0,0
398,0,0,0,0,0,0,0
2954585,319.2177485,123.2058153,0,0,0,0,0
1287640,0,0,0,0,0,0,0
2846777,0,65.22660811,0,0,0,0,0
3398357,184.8102755,0,0,0,0,0,0
3388337,0,202.9272252,0,0,0,0,0
3122079,0,0,0,0,0,0,0
2698673,0,0,0,0,0,0,0
1634516,0,68.85030856,0,0,0,0,0
41977,0,0,0,0,0,0,0
3111456,0,0,0,0,0,0,0
340145,0,61.60290766,0,0,0,0,0
3065910,0,0,0,0,0,0,0
2113,0,0,0,0,0,0,0
2795216,0,0,0,0,0,0,0
160799,0,0,0,0,0,0,0
521,0,0,0,0,0,0,0
2920387,0,0,0,0,0,0,0
2866570,0,0,0,0,0,0,0
1763535,0,0,0,0,0,0,0
119,0,0,0,0,0,0,0
1302376,0,0,0,0,0,0,0
1799667,0,0,0,0,0,0,0
2860286,0,0,0,0,0,0,0
2689110,0,0,413.4728539,0,0,0,0
3082549,126.007006,50.73180631,0,0,0,0,0
2714358,0,86.96881081,0,0,0,0,0
2719911,159.6088743,166.6902207,0,0,0,0,0
870903,134.4074731,61.60290766,0,0,0,0,0
2028343,0,0,0,0,0,0,0
1176240,0,0,0,0,0,0,133.2303019
664426,0,97.83991216,0,0,0,0,0
3393757,352.8196168,134.0769167,0,0,0,0,0
2203204,126.007006,57.97920721,0,0,0,0,0
2107713,0,0,0,0,0,0,0
28084,0,36.2370045,0,0,0,0,0
2769024,0,0,0,0,156.2296576,0,0
2902624,0,0,0,0,0,0,0
2742204,0,68.85030856,0,0,0,0,0
2804529,0,61.60290766,0,0,0,0,0
43357,0,0,0,0,0,0,0
102886,0,0,0,0,0,0,0
1774,0,0,0,0,0,0,0
1758689,151.2084072,112.334714,0,0,0,0,0
2743001,0,0,0,0,0,0,0
2665643,0,0,0,0,0,0,0
1032851,0,0,0,0,0,0,0
941986,0,65.22660811,0,0,0,0,0
3036300,0,115.9584144,0,0,0,0,0
1564165,0,0,0,0,0,0,0
99653,0,0,0,0,0,0,0
36821,0,0,0,0,0,0,0
412689,142.8079401,50.73180631,0,0,182.2679339,0,0
2825844,0,0,0,0,0,0,173.1993925
2082387,0,0,0,0,0,0,0
327160,0,0,0,0,0,0,0
1538,0,0,0,0,0,0,0
3388845,0,83.34511036,0,0,0,0,0
1940612,0,0,0,0,0,0,0
33043,0,0,0,0,0,0,0
470932,0,50.73180631,0,299.9335861,130.1913813,0,0
2903828,0,0,0,0,0,0,0
2565558,0,0,0,0,0,0,0
2758041,0,0,0,0,0,0,0
1030157,0,68.85030856,0,0,0,0,0
42253,0,0,0,0,0,0,0
212767,0,0,0,0,0,0,0
1796644,0,0,0,0,0,0,0
46632,0,0,0,0,0,0,0
487184,0,0,0,0,0,0,0
1148157,0,0,0,0,0,0,0
415217,151.2084072,65.22660811,0,0,147.5502322,0,0
3425693,0,0,0,0,0,0,0
2929492,0,0,0,0,0,0,0
1528104,0,50.73180631,0,0,0,0,0
787,0,0,0,0,0,0,0
1985873,0,0,0,0,0,384.8127245,0
3133300,0,0,0,0,0,0,0
76115,0,0,0,0,0,0,0
2496028,0,0,0,0,0,0,0
2048283,0,43.48440541,0,0,156.2296576,0,0
2774767,0,0,0,0,0,0,0
3400182,0,0,0,0,0,0,0
702113,0,0,0,0,0,0,0
1295612,0,0,0,0,0,0,0
318424,0,0,0,0,0,0,0
2754726,0,0,0,0,0,0,0
1312183,0,0,0,0,0,0,0
3050384,0,0,0,0,425.2918457,0,0
47871,0,0,0,0,0,0,0
461393,0,0,0,0,0,0,0
2495579,100.8056048,50.73180631,0,0,156.2296576,0,0
2707525,0,0,0,0,0,0,0
1855352,0,0,0,0,0,0,0
2656761,0,0,0,0,0,0,0
39775,0,0,0,0,173.5885084,0,0
60035,0,43.48440541,0,0,329.818166,0,0
379684,0,57.97920721,0,0,0,0,0
3004096,0,119.5821149,0,0,0,0,0
2934158,0,0,0,0,0,0,0
161493,0,0,0,0,0,0,0
2675225,0,36.2370045,0,0,0,0,0
1842534,0,76.09770946,0,0,0,0,0
248551,0,0,0,0,0,0,0
95300,0,0,0,0,0,0,0
2830842,0,57.97920721,0,0,0,0,0
570278,84.00467066,79.72140991,0,0,0,0,0
2174846,0,0,0,0,112.8325305,0,0
3374553,0,0,0,0,0,0,0
164330,0,83.34511036,0,0,0,0,0
375549,0,65.22660811,0,0,0,0,0
2175650,0,0,0,0,0,0,0
2908650,0,54.35550676,0,0,86.79425422,0,0
2609257,142.8079401,152.1954189,0,0,0,0,0
2903818,0,54.35550676,0,0,0,0,0
1680,0,0,0,0,0,0,0
2921653,0,0,0,0,0,0,0
508451,0,36.2370045,0,0,0,0,0
2069367,0,0,0,0,0,0,0
2161673,0,105.0873131,0,0,0,0,0
3082543,0,0,0,0,0,0,0
1855652,0,0,0,0,104.1531051,0,0
1335043,0,76.09770946,0,0,0,0,0
92400,0,0,0,0,0,0,0
131111,159.6088743,57.97920721,0,0,0,0,173.1993925
2994971,0,0,0,0,0,0,0
3395318,0,0,0,0,0,0,0
28124,243.6135449,155.8191194,0,0,0,0,0
2259340,0,65.22660811,0,0,0,0,0
1716143,0,0,0,0,347.1770169,0,0
463040,0,0,0,0,0,0,0
781,168.0093413,105.0873131,0,0,0,0,0
218673,0,0,0,0,0,0,333.0757547
2745495,0,36.2370045,0,0,0,0,0
336203,0,0,0,0,0,0,0
2606450,0,0,0,0,0,0,0
1177211,184.8102755,65.22660811,0,0,0,0,173.1993925
3413147,235.2130778,0,0,0,0,0,0
3068314,0,315.2619392,0,0,0,0,0
2811778,0,0,0,0,0,0,0
435905,117.6065389,43.48440541,0,0,0,0,0
53376,0,0,0,0,0,0,0
1678078,126.007006,0,0,0,0,0,226.4915132
2560628,0,0,0,0,0,0,0
1411621,0,0,0,0,0,0,0
2903874,0,0,0,0,0,0,0
394733,0,0,0,0,0,0,0
1451454,0,0,0,0,0,0,0
2976834,0,0,0,0,0,0,0
3066312,0,0,0,0,0,0,0
3394354,0,0,0,0,0,0,0
2861800,0,0,0,0,0,0,0
3045147,0,0,0,0,0,0,0
2128,0,0,0,0,0,0,0
3079339,0,123.2058153,0,0,0,0,0
1796606,0,0,0,0,0,0,0
2814293,92.40513773,54.35550676,0,0,0,0,0
86185,0,57.97920721,0,0,95.47367964,0,146.5533321
2975620,168.0093413,126.8295158,0,0,0,0,0
47850,0,0,0,0,0,0,0
2070777,0,79.72140991,0,0,0,0,293.1066642
124798,0,0,0,0,0,0,0
3036926,0,0,0,0,0,0,0
3427924,0,0,0,0,0,0,0
857417,193.2107425,148.5717185,0,0,0,0,0
2787751,100.8056048,50.73180631,0,0,0,0,0
524,0,0,0,0,0,0,0
863643,0,0,0,0,0,0,0
2765360,0,0,0,0,0,0,0
28258,0,0,0,0,0,0,0
1261,0,61.60290766,0,0,95.47367964,0,0
2995154,0,0,0,0,0,0,0
2903787,0,0,0,0,0,0,0
2714942,100.8056048,68.85030856,0,0,138.8708068,0,0
2203,0,0,0,0,0,0,0
79601,84.00467066,47.10810586,0,0,0,0,0
2315464,0,0,0,0,0,0,0
1814,0,0,0,0,0,0,0
2518371,0,0,0,0,0,0,0
3066260,0,0,0,0,0,0,0
2598861,0,0,0,0,0,0,0
2598458,0,0,0,0,0,0,0
3080537,0,0,0,0,0,0,0
2872652,0,54.35550676,0,0,0,0,0
1240404,0,0,0,0,0,0,0
1069,0,0,0,0,208.3062101,0,0
3439530,0,0,0,0,0,0,0
33051,0,0,0,0,0,0,0
1075,0,79.72140991,0,0,0,0,0
491893,0,0,0,0,0,0,0
662548,0,0,0,0,0,0,0
483547,0,0,0,0,0,0,0
1921510,0,0,0,0,0,0,0
117157,0,0,0,0,0,0,0
47421,0,0,0,0,0,0,0
298,184.8102755,119.5821149,0,0,0,0,0
148447,0,0,0,0,0,0,0
1799,0,0,0,0,0,0,0
2975952,0,0,0,0,0,0,0
2060726,0,47.10810586,0,0,0,0,173.1993925
3416666,0,0,0,0,0,0,0
2980100,0,0,0,0,0,0,0
241244,0,0,0,0,0,0,0
29546,0,0,0,0,0,0,0
216944,0,0,0,0,0,0,0
1921086,0,90.59251126,0,0,156.2296576,0,146.5533321
324057,0,47.10810586,0,0,0,0,0
1795043,134.4074731,94.21621171,0,0,130.1913813,0,0
2814294,0,61.60290766,0,0,0,0,0
60548,0,0,0,0,0,0,0
135719,0,0,0,0,0,0,0
1302411,0,0,0,0,0,0,146.5533321
2898431,0,50.73180631,0,0,0,0,0
134601,0,65.22660811,0,0,0,0,0
3376990,0,0,0,0,0,0,0
1184387,117.6065389,72.47400901,0,0,0,0,186.5224227
3052729,0,0,0,0,156.2296576,0,253.1375736
3421652,0,253.6590315,0,0,0,0,0
1813595,0,0,0,0,0,0,0
1926494,0,36.2370045,0,0,0,0,0
456,0,43.48440541,0,0,190.9473593,0,0
2975671,0,0,0,0,0,0,0
2686360,0,0,0,0,0,0,0
199591,0,0,0,0,0,0,0
869886,109.2060719,65.22660811,0,0,0,0,0
431057,0,0,0,0,0,0,0
473531,0,0,0,0,0,0,0
347534,0,0,0,0,0,0,0
2878098,0,0,0,0,0,0,0
119864,0,39.86070495,0,0,0,0,0
1933880,268.8149461,105.0873131,0,0,0,0,0
1801629,0,0,0,0,0,0,0
1497974,0,0,0,0,0,0,0
813,0,0,0,0,0,0,0
370622,0,50.73180631,0,0,0,0,0
74706,0,0,0,0,0,0,0
1528099,0,0,0,0,0,0,0
2797636,0,0,0,0,0,0,0
82995,0,0,0,0,0,0,0
2908837,0,0,0,0,0,0,0
2975948,0,0,0,0,0,0,0
55213,0,0,0,0,0,0,0
340345,210.0116766,0,0,0,0,0,0
86332,0,0,0,0,0,0,0
2355,0,0,0,0,0,0,0
2582831,151.2084072,123.2058153,0,0,0,0,0
2219043,0,0,0,0,0,0,0
1920749,252.014012,119.5821149,0,0,0,0,0
104087,0,50.73180631,0,0,0,0,0
2774461,0,54.35550676,0,278.5097586,112.8325305,0,0
3238802,0,0,0,0,0,0,0
3393744,0,0,0,0,0,0,0
43774,0,0,0,0,0,0,0
1765967,0,0,0,0,0,0,0
106634,0,0,0,0,0,0,0
867595,0,39.86070495,0,0,0,0,186.5224227
3080828,0,0,0,0,0,0,0
912630,235.2130778,173.9376216,0,0,0,0,0
104102,0,0,0,0,0,0,0
1985254,0,0,0,0,0,0,0
1525,0,0,0,0,0,0,0
1632018,0,0,0,0,0,0,0
2905871,176.4098084,86.96881081,0,0,0,0,0
1149133,0,43.48440541,0,0,0,0,0
120107,0,0,0,0,0,0,0
1957,0,0,0,0,0,0,0
147709,0,65.22660811,0,0,0,0,0
2903867,0,0,0,0,0,0,0
3081749,0,0,0,0,0,0,0
2903833,0,0,0,0,0,0,0
1488356,0,0,0,0,0,0,0
2283195,0,0,0,0,0,0,0
3421643,0,0,0,0,0,0,0
2730848,0,0,0,0,0,0,0
3422304,0,0,0,0,0,0,0
57704,142.8079401,86.96881081,0,0,0,0,0
2589967,0,65.22660811,0,0,0,0,0
39765,0,0,0,0,0,0,0
2918900,0,0,0,0,0,0,0
2937985,0,0,0,0,0,0,0
146827,0,0,0,0,0,0,0
118062,0,0,0,0,104.1531051,0,0
2742675,0,0,0,0,0,0,0
1703,0,0,0,0,0,0,0
1800,0,0,0,0,0,0,0
2931382,134.4074731,57.97920721,0,0,0,0,0
1697043,0,0,0,0,0,0,0
1775,0,0,0,0,0,0,0
1355015,0,0,0,0,0,0,0
1678129,0,0,0,0,95.47367964,0,159.8763623
3160863,92.40513773,83.34511036,0,0,0,0,0
2861285,0,0,0,0,0,0,0
1038856,0,0,0,0,0,0,0
2966192,0,0,0,0,0,0,0
3055805,0,0,0,0,0,0,0
3234198,0,0,0,0,0,0,0
2064,126.007006,65.22660811,0,0,0,0,0
40567,0,0,0,0,0,0,0
2975967,0,0,0,0,0,0,0
3135776,0,0,0,0,0,0,0
248315,0,0,0,0,0,0,0
192843,0,0,0,0,0,0,0
3144973,0,0,0,0,0,0,0
2770636,0,0,0,0,0,0,0
33056,0,39.86070495,0,0,0,0,0
2493680,0,0,0,0,0,0,0
2898438,0,0,0,0,0,0,0
69395,0,68.85030856,0,0,0,0,0
2596915,0,72.47400901,0,0,0,0,0
164514,0,0,0,0,0,0,0
2303,0,0,0,0,0,0,0
2093824,0,0,0,0,0,0,0
217204,0,0,0,0,0,0,0
94138,201.6112096,79.72140991,0,0,0,0,0
3055080,0,0,0,0,0,0,0
3111767,151.2084072,166.6902207,0,0,0,0,0
2975995,0,0,0,0,0,0,0
1987356,0,47.10810586,0,0,0,0,0
2684406,0,0,0,0,0,416.8804515,0
2780922,0,0,0,0,0,0,0
487174,0,0,0,0,0,0,0
3403464,0,0,0,0,0,0,0
683737,0,0,0,0,0,0,0
83450,100.8056048,50.73180631,0,0,173.5885084,0,0
2819999,0,0,0,0,0,0,0
2970925,0,0,0,0,0,0,0
293050,0,0,0,0,0,0,0
3066287,0,0,0,0,0,0,0
2589976,0,126.8295158,0,0,0,0,0
1550241,142.8079401,54.35550676,0,0,0,0,0
2781734,0,0,0,0,0,0,0
36863,0,0,0,0,0,0,0
3064531,0,57.97920721,0,0,0,0,0
2590869,0,0,0,0,0,0,0
3239977,0,76.09770946,0,0,260.3827627,0,0
1231,0,0,0,0,95.47367964,0,0
3457765,0,0,0,0,0,0,0
1032242,0,0,0,0,0,0,0
2956679,0,0,0,0,0,0,0
1486262,0,0,0,0,0,0,0
69665,0,0,0,0,0,0,0
2061,0,0,0,0,0,0,0
60478,0,0,0,0,0,0,0
82989,0,0,0,0,0,0,0
2973976,0,188.4324234,0,0,0,0,0
1081631,126.007006,57.97920721,0,0,130.1913813,0,0
460384,117.6065389,65.22660811,0,0,0,0,0
1082704,0,0,0,0,0,0,0
1225128,0,61.60290766,0,0,0,0,0
3289775,0,0,0,0,0,0,0
2921645,0,0,0,0,0,0,0
2983208,0,0,0,0,0,0,0
655015,0,0,0,0,0,0,0
1921087,0,0,0,0,0,0,0
1327635,0,79.72140991,0,0,0,0,0
1967,0,0,0,0,0,0,0
754515,0,0,0,0,0,0,0
1708,0,0,0,0,0,0,0
3092156,0,0,0,0,0,0,0
2662362,0,0,0,0,0,0,0
3425125,0,101.4636126,0,0,0,0,0
1708783,0,72.47400901,0,0,0,0,0
152142,0,0,0,0,0,0,0
2591108,0,0,0,0,0,0,0
1743165,0,0,0,0,0,0,0
262209,0,0,0,0,0,0,0
3066262,0,0,0,0,112.8325305,0,0
2571115,0,0,0,0,0,0,0
2975968,0,0,0,0,0,0,0
39778,0,47.10810586,0,0,0,0,199.8454528
2712698,0,36.2370045,0,0,0,0,0
2509456,0,36.2370045,0,0,0,0,0
2099789,159.6088743,76.09770946,0,0,0,0,159.8763623
1655,0,0,0,0,0,0,0
3243379,0,0,0,0,0,0,0
2785918,0,54.35550676,0,0,0,0,0
1572644,151.2084072,119.5821149,0,0,0,0,0
2759526,0,50.73180631,0,0,0,0,0
715472,0,0,0,0,0,0,0
2508882,0,0,0,0,0,0,0
292800,0,65.22660811,0,0,0,0,0
1604004,0,0,0,0,425.2918457,0,0
2800818,0,0,0,0,0,0,0
1978566,0,0,0,0,0,0,0
2801030,0,0,0,0,0,0,0
74426,159.6088743,86.96881081,0,0,0,0,0
2986763,0,50.73180631,0,0,0,0,0
2152891,159.6088743,50.73180631,0,0,0,0,0
2878390,193.2107425,94.21621171,0,0,0,0,0
3070995,0,0,0,0,0,0,0
3398215,0,0,0,0,0,0,0
3015997,0,0,0,0,0,0,0
3448125,0,0,0,0,0,0,0
3127639,0,0,0,0,0,0,0
2946555,0,0,0,0,0,0,0
1912599,0,0,0,0,0,0,0
1805714,0,0,0,0,0,0,0
1285192,142.8079401,83.34511036,0,0,147.5502322,0,0
2732591,0,0,0,0,0,0,133.2303019
3073561,0,0,0,0,0,0,0
139021,0,0,0,0,0,0,0
3067903,0,57.97920721,0,0,0,0,0
35760,0,0,0,0,0,0,0
512749,0,0,0,0,0,0,0
3015161,0,0,0,0,0,0,0
1293412,0,0,0,0,0,0,0
3095364,0,0,0,0,0,0,0
2996826,0,0,0,0,0,0,0
3398770,0,0,0,0,0,0,0
3243004,0,0,0,0,0,0,0
3133325,0,0,0,0,0,0,0
3028294,0,0,0,0,164.909083,0,0
29554,0,0,0,0,121.5119559,0,146.5533321
3410269,0,57.97920721,0,0,0,0,0
3377110,0,0,0,0,0,0,0
3066133,0,0,0,0,0,0,0
3160606,0,86.96881081,0,0,0,0,0
2588299,0,0,0,0,0,0,0
140,0,0,0,0,0,0,0
2862866,0,0,0,0,0,0,0
310581,184.8102755,79.72140991,0,0,0,0,0
2815309,0,0,0,0,0,0,0
3134807,0,0,0,0,0,0,0
2741953,0,0,0,0,0,0,359.7218151
2987688,109.2060719,68.85030856,0,0,86.79425422,0,0
2903572,0,0,0,0,0,0,0
136992,0,0,0,0,0,0,0
400946,0,0,0,0,0,0,0
3434465,0,0,0,0,0,0,0
2975957,0,0,0,0,0,0,0
2518994,84.00467066,39.86070495,0,0,0,0,133.2303019
3378073,0,0,0,0,0,0,0
48935,0,97.83991216,0,0,0,0,0
215580,0,0,0,0,0,0,0
1184151,0,0,0,0,86.79425422,0,0
2904790,0,0,0,0,0,0,0
3078805,0,39.86070495,0,0,0,0,0
2774646,0,0,0,0,0,0,0
716925,0,72.47400901,0,0,0,0,0
2896849,0,0,0,0,0,0,0
2722756,0,0,0,0,0,0,0
2242,0,0,0,0,0,0,0
2183582,0,54.35550676,0,0,0,0,0
1889013,151.2084072,68.85030856,0,0,0,0,0
2851567,0,0,0,0,0,0,0
1798224,0,0,0,0,0,0,0
1808979,0,0,0,0,0,0,0
2560286,0,0,0,0,182.2679339,0,159.8763623
3035472,0,0,0,0,0,0,0
604330,0,0,0,0,182.2679339,0,0
3229854,92.40513773,50.73180631,0,0,0,0,0
1335757,0,0,0,0,0,0,0
3143936,0,0,0,0,0,0,0
1871050,0,0,0,0,0,0,0
1896961,0,0,0,0,0,0,0
1630693,0,0,0,0,0,0,0
149017,109.2060719,36.2370045,0,0,0,0,0
321661,0,0,0,0,190.9473593,0,0
2746233,0,0,0,0,0,0,0
2840456,0,0,0,0,173.5885084,0,0
51197,0,0,0,0,0,0,0
1307763,0,0,0,0,0,0,0
3388267,0,0,0,0,0,0,0
54736,0,0,0,0,0,0,0
3003618,0,0,413.4728539,0,0,0,0
3060381,0,0,413.4728539,0,0,0,0
35841,0,0,0,0,0,0,0
56812,100.8056048,108.7110135,0,0,0,0,0
866790,0,0,0,0,0,0,0
1690815,0,0,0,0,0,0,0
417203,0,50.73180631,0,0,0,0,0
334543,100.8056048,65.22660811,0,0,0,0,0
28113,0,0,0,0,0,0,0
2843216,0,0,0,0,0,0,0
2944810,0,0,0,0,0,0,0
2277,0,0,0,0,0,0,186.5224227
37332,0,0,0,0,0,0,0
3158365,0,0,0,0,0,0,0
2703794,0,0,0,0,0,0,0
3060432,0,0,0,0,0,0,0
29442,0,0,0,0,0,0,0
431306,0,0,0,0,0,0,0
163359,0,0,0,0,0,0,0
2283,0,0,0,0,0,0,0
1472416,0,195.6798243,0,0,0,0,0
34071,0,0,0,0,190.9473593,0,0
3239967,0,0,0,0,0,0,0
712624,0,0,0,0,0,0,0
3140649,126.007006,57.97920721,0,0,0,0,159.8763623
3127640,0,0,0,0,0,0,0
3240052,100.8056048,54.35550676,0,0,0,0,0
457921,0,0,0,0,0,0,0
52226,0,0,0,0,0,0,0
297,0,0,0,0,0,0,0
1796,0,0,0,0,0,0,0
3058963,0,0,0,0,0,0,0
319501,0,0,0,0,0,0,0
2903774,0,0,0,0,0,0,0
65058,0,0,0,0,0,0,0
1541170,0,39.86070495,0,0,0,0,0
65656,0,0,0,0,0,0,0
424800,0,50.73180631,0,0,0,0,0
1433403,0,54.35550676,0,0,138.8708068,0,0
53462,0,0,0,0,0,0,0
3133975,0,57.97920721,0,0,0,0,0
1773,0,0,0,0,0,0,0
35833,0,0,0,0,0,0,0
3040509,0,0,0,0,0,0,0
407035,0,0,0,0,0,0,0
1249552,0,0,0,0,0,0,0
2777556,0,0,0,0,0,0,0
394964,0,0,0,0,0,0,0
301301,0,0,0,0,0,0,0
3017325,0,0,0,0,0,0,0
2954701,0,0,0,0,0,0,0
138336,0,0,0,0,0,0,0
2527775,0,0,0,0,0,0,0
47834,201.6112096,119.5821149,0,0,0,0,0
53358,0,0,0,0,0,0,0
1118379,0,43.48440541,0,0,0,0,0
3239948,0,0,0,0,164.909083,0,0
33938,0,0,0,0,0,0,0
3032592,0,0,0,0,0,0,0
3423910,0,0,0,0,0,0,0
2778058,0,0,0,0,0,0,0
2703788,0,0,0,0,95.47367964,0,186.5224227
2213202,0,0,0,0,0,0,0
3239942,0,0,0,0,0,0,0
3093869,0,47.10810586,0,0,0,0,0
3141545,0,318.8856396,0,0,0,0,0
373687,0,0,0,0,0,0,0
355243,0,173.9376216,0,0,0,0,0
93222,0,0,0,0,0,0,0
2904120,0,0,0,0,0,0,0
309868,92.40513773,0,0,0,0,0,0
2849641,0,0,0,0,0,0,0
3018446,0,43.48440541,0,0,0,0,0
28202,126.007006,0,0,0,0,0,0
2238,0,68.85030856,0,0,0,0,0
1701758,0,79.72140991,0,0,0,0,0
3133311,0,0,0,0,0,0,0
2975719,0,0,0,0,0,0,0
3230974,0,0,0,0,0,0,0
3385968,0,0,0,0,0,0,0
28114,0,0,0,0,0,0,0
2118,0,0,0,0,0,0,0
522259,0,0,0,0,0,0,0
493781,0,0,0,0,0,0,0
3230117,0,39.86070495,0,0,0,0,0
2082188,0,0,0,0,0,0,0
365617,0,0,0,0,0,0,0
2903718,0,0,0,0,0,0,0
3049084,0,0,0,0,0,0,0
3415141,0,76.09770946,0,0,0,0,0
1532905,0,0,0,0,0,0,0
2921550,0,0,0,0,0,0,0
1261635,0,0,0,0,0,0,0
715473,0,0,0,0,0,0,0
2886377,0,0,0,0,0,0,0
2843793,0,0,0,0,0,0,0
2994035,0,0,0,0,0,0,0
110319,0,0,0,0,0,0,0
3132797,0,0,0,0,173.5885084,0,146.5533321
3080057,0,0,0,0,0,0,0
463025,0,65.22660811,0,0,0,0,0
66425,0,0,0,0,0,0,0
2500532,0,0,0,0,0,0,0
3448126,0,0,0,0,0,0,0
3066252,0,0,0,0,399.2535694,0,0
2706126,0,0,0,0,0,0,0
571915,0,0,0,0,0,0,0
2772254,0,43.48440541,0,0,0,0,0
3128980,0,0,0,0,0,0,0
226910,0,0,0,0,0,0,0
37927,0,0,0,0,0,0,0
2483798,0,0,0,0,0,0,0
2807626,0,0,0,0,0,0,0
68217,0,54.35550676,0,0,0,0,0
2903673,0,0,0,0,0,0,0
2029986,0,97.83991216,0,0,0,0,0
2995169,0,0,0,0,0,0,0
1648404,0,57.97920721,0,0,0,0,0
2025808,0,54.35550676,0,0,0,0,0
3384771,0,0,0,0,0,0,0
29543,0,0,0,0,0,0,0
3231719,0,0,0,0,0,0,0
3068633,92.40513773,79.72140991,0,0,0,0,0
2708082,0,0,0,0,0,0,0
89093,0,0,0,0,0,0,0
1850374,0,90.59251126,0,0,0,0,0
980427,0,0,0,0,130.1913813,0,0
2853432,0,0,0,0,0,0,0
51362,117.6065389,0,0,0,0,0,0
3062169,0,61.60290766,0,0,0,0,0
2801918,0,0,0,0,0,0,0
2025360,0,0,0,0,0,0,0
1805478,0,0,0,0,0,0,0
3066279,0,0,0,0,0,0,0
2859228,0,0,0,0,0,0,0
1703969,0,0,0,0,0,0,0
48664,0,0,0,0,225.665061,0,0
2835787,0,0,0,0,0,0,0
1288121,0,0,0,0,0,0,0
84599,0,0,0,0,0,0,0
3144168,0,0,0,0,0,0,0
59505,0,0,0,0,95.47367964,0,146.5533321
755175,0,0,0,0,0,0,0
3458546,0,76.09770946,0,0,0,0,0
61635,0,0,0,0,0,0,186.5224227
2799326,0,0,0,0,0,0,0
2779352,0,0,0,0,0,0,133.2303019
3066267,0,0,0,0,0,0,0
3342097,0,0,0,0,0,0,0
3240053,0,54.35550676,0,0,0,0,0
1691904,0,0,0,0,0,0,0
3350166,0,0,0,0,0,0,0
943830,0,0,0,0,0,0,0
44933,0,54.35550676,0,0,0,0,0
3068632,0,72.47400901,0,0,0,0,0
2993563,0,57.97920721,0,0,0,0,0
2893469,0,0,0,0,130.1913813,0,0
2975982,0,0,0,0,0,0,0
203,0,0,0,0,0,0,0
3041439,0,0,0,0,0,0,0
2921383,0,0,0,0,0,0,0
2923364,0,0,0,0,0,0,0
2953978,0,0,0,0,0,0,0
1612150,0,0,0,0,0,0,0
1827300,0,0,0,0,390.574144,0,0
2053832,0,0,0,0,390.574144,0,0
85683,0,0,0,0,0,0,0
2528642,0,72.47400901,0,0,0,0,159.8763623
2587861,0,0,0,0,0,0,0
68892,0,0,0,0,0,0,0
2925830,109.2060719,0,0,0,0,0,0
111504,0,0,0,0,0,0,0
2566013,0,0,0,0,0,0,0
1719,0,50.73180631,0,0,0,0,0
2675791,0,47.10810586,0,0,95.47367964,0,0
3367525,100.8056048,72.47400901,0,0,0,0,0
2976810,0,0,0,0,0,0,0
2758442,0,0,0,0,0,0,0
1503053,0,0,0,0,0,0,0
3160608,0,0,0,0,0,0,0
1821621,0,0,0,0,0,0,0
3077590,0,0,0,0,0,0,0
187137,0,0,0,0,0,0,0
3409857,0,0,0,0,0,0,0
388459,0,0,0,0,0,0,0
2715678,84.00467066,47.10810586,0,0,0,0,0
2834819,0,0,0,0,0,0,0
2975984,0,0,0,0,0,0,0
2594795,84.00467066,0,0,0,0,0,0
444103,0,0,0,0,0,0,0
2580412,0,43.48440541,0,0,0,0,159.8763623
2792979,0,0,0,0,0,0,0
1682113,0,0,0,0,0,0,0
43663,0,0,0,0,0,0,0
164452,0,0,0,0,0,0,0
3433706,0,0,0,0,0,0,0
1434100,0,0,0,0,0,0,0
3131927,0,47.10810586,0,0,0,0,0
2714930,0,0,0,0,0,0,0
285578,0,0,0,0,0,0,0
2583823,0,50.73180631,0,0,0,0,0
488546,0,0,0,0,0,0,0
2760089,0,0,0,0,0,0,0
2742129,0,0,0,0,0,0,0
2975623,0,0,0,0,0,0,0
2601668,0,0,0,0,0,0,0
67825,0,0,0,0,0,0,0
3076039,0,0,0,0,0,0,0
2732067,0,0,0,0,0,0,0
3077335,0,61.60290766,0,0,0,0,0
2766470,0,0,0,0,0,0,0
89053,0,0,0,0,0,0,0
2843197,0,0,0,0,0,0,0
1777866,0,0,0,0,0,0,0
3015996,0,0,0,0,0,0,0
2975684,134.4074731,54.35550676,0,0,0,0,0
2775909,0,0,0,0,0,0,0
2697565,0,0,0,0,0,0,0
3132291,0,0,0,0,0,0,0
3039155,0,0,0,0,0,0,0
2903806,0,0,0,0,0,0,0
3031408,0,0,0,0,130.1913813,0,0
1843368,0,0,0,0,0,0,0
3051119,0,0,0,0,0,0,0
1446467,126.007006,0,0,0,0,0,0
131080,134.4074731,43.48440541,0,0,0,0,0
341045,0,0,0,0,0,0,0
2606626,0,0,0,0,0,0,0
35621,0,0,0,0,0,0,0
1337,0,0,0,0,0,0,0
2903883,159.6088743,123.2058153,0,0,0,0,0
2921495,0,0,0,0,0,0,0
1463158,0,0,0,0,0,0,0
2592345,0,0,0,0,0,0,0
3022126,0,0,0,0,156.2296576,0,0
2903817,0,0,0,0,216.9856356,0,0
3400627,0,0,0,0,0,0,0
71999,0,0,0,0,0,0,0
283811,0,0,0,0,0,0,0
1084719,0,0,0,0,0,0,0
2690837,0,0,0,0,0,0,0
3454626,0,0,0,0,0,0,0
3349877,0,72.47400901,0,0,0,0,0
1885,0,0,0,0,0,0,0
1357916,0,0,0,0,0,0,0
1118202,0,0,0,0,0,0,0
483,0,0,0,0,0,0,0
1853130,0,0,0,0,112.8325305,0,0
3144843,0,0,0,0,0,0,0
1888,0,0,0,0,0,0,0
3231906,0,0,0,0,0,0,0
2903641,0,0,0,0,0,0,0
1125847,0,0,0,0,0,0,0
164451,201.6112096,68.85030856,0,0,0,0,0
2975969,0,0,0,0,0,0,0
69218,0,0,0,0,0,0,0
2500533,0,68.85030856,0,0,0,0,0
3066292,0,0,0,0,0,0,0
2796169,0,0,0,0,0,0,0
582419,0,72.47400901,0,0,86.79425422,0,0
3230991,0,0,0,0,0,0,0
1916956,0,0,0,0,0,0,0
149715,0,0,0,0,0,0,0
2962065,0,0,0,0,0,0,0
659352,0,0,0,0,0,0,0
2991051,0,0,0,0,0,0,0
1932662,0,86.96881081,0,0,0,0,173.1993925
72000,0,0,0,0,0,0,0
3126698,126.007006,57.97920721,0,0,0,0,0
1813879,0,36.2370045,0,0,0,0,0
641148,0,0,0,0,0,0,0
1345117,0,0,0,0,0,0,0
2733866,0,0,0,0,0,0,0
2921657,0,0,0,0,0,0,0
2801029,0,0,0,0,0,0,0
3421106,0,68.85030856,0,0,0,0,0
3026426,0,0,0,0,0,0,0
2735870,0,43.48440541,0,0,0,0,0
3141537,0,0,0,0,0,0,0
2583243,0,0,0,0,0,0,0
708113,0,0,0,0,0,0,0
2483402,0,0,0,0,0,0,0
2072412,0,0,0,0,0,0,0
445709,0,0,0,0,0,0,0
1694,0,0,0,0,0,0,0
2699430,0,0,0,0,0,0,0
112002,0,0,0,0,0,0,0
39664,0,0,0,0,0,0,0
2183934,0,0,0,0,0,0,0
71667,0,0,0,0,0,0,0
3402289,0,61.60290766,0,0,0,0,0
1536769,0,0,0,0,0,0,0
595468,0,0,0,0,0,0,0
712528,84.00467066,43.48440541,0,0,0,0,146.5533321
1882831,0,0,0,0,0,0,0
2921631,0,0,0,0,0,0,0
1656,0,0,0,0,0,0,0
28214,0,54.35550676,0,0,0,0,0
3133974,0,0,0,0,0,0,0
1758189,0,0,0,0,0,0,0
189426,0,0,0,0,0,0,0
2995155,0,0,0,0,112.8325305,0,0
33907,0,0,0,0,0,0,0
447471,0,0,0,0,0,0,0
3059856,0,0,0,0,0,0,0
496,0,0,0,0,225.665061,0,0
2894187,193.2107425,0,0,0,0,0,0
1522312,0,0,0,0,95.47367964,0,146.5533321
3435229,176.4098084,112.334714,0,0,0,0,0
580459,0,0,0,0,0,0,0
1637837,0,0,0,0,0,0,0
2939437,0,0,0,0,0,0,0
2745482,126.007006,126.8295158,0,0,0,0,0
2045200,0,0,0,0,0,0,0
1114970,184.8102755,54.35550676,0,0,0,0,0
1184720,126.007006,83.34511036,0,0,0,0,0
2268449,0,0,0,0,0,0,0
642780,0,0,0,0,0,0,0
3240033,0,0,0,0,0,0,0
315953,0,68.85030856,0,0,138.8708068,0,133.2303019
66871,0,0,0,0,121.5119559,0,0
2682455,0,0,0,0,0,0,0
3078263,0,0,0,0,0,0,0
2681861,0,0,0,0,0,0,0
39692,0,0,0,0,0,0,0
3390038,117.6065389,68.85030856,0,0,0,0,0
37928,0,0,0,0,0,0,0
83462,0,101.4636126,0,0,0,0,0
929,0,0,0,0,0,0,0
3066291,0,0,0,0,0,0,0
399497,0,97.83991216,0,0,0,0,0
2921462,0,0,0,0,0,0,0
1411117,0,0,0,0,0,0,0
2817398,109.2060719,65.22660811,0,0,147.5502322,0,0
169427,0,0,0,0,0,0,0
2682091,0,0,0,0,0,0,0
2709400,0,0,0,0,0,0,0
1335613,0,0,0,0,0,0,0
1783515,142.8079401,57.97920721,0,0,0,0,0
2975650,0,0,0,0,0,0,0
1513468,0,0,0,0,0,0,0
370777,0,0,0,0,0,0,0
1387557,0,0,0,0,0,0,0
3400226,0,61.60290766,0,0,0,0,0
69328,0,0,0,0,0,0,0
871203,0,0,0,0,0,0,0
2778070,0,0,0,0,0,0,0
477697,0,0,0,0,0,0,213.168483
2909285,0,0,0,0,104.1531051,0,0
2987689,0,36.2370045,0,0,0,0,0
233055,126.007006,72.47400901,0,0,0,0,0
1855909,0,0,0,0,0,0,0
2584944,0,0,0,0,0,0,0
2777475,0,0,0,0,0,0,0
3397211,0,0,0,0,0,0,0
1839785,0,0,0,0,0,0,0
2758037,0,61.60290766,0,0,0,0,0
1906272,0,0,0,0,0,0,0
443156,0,0,0,0,121.5119559,0,0
3397245,0,0,0,0,0,0,0
258505,142.8079401,0,0,0,0,0,0
582680,0,0,0,0,0,0,0
2681469,0,0,0,0,0,0,0
34059,0,36.2370045,0,0,0,0,0
114527,0,126.8295158,0,0,0,0,0
2921556,0,0,0,0,0,0,0
1178482,134.4074731,79.72140991,0,0,0,0,0
173480,0,0,0,0,0,0,0
3447506,0,0,0,0,0,0,0
2650926,0,0,0,0,0,0,0
2865840,0,0,0,0,0,0,0
2769485,0,54.35550676,0,0,0,0,0
3028710,0,0,0,0,0,0,0
420952,0,0,0,0,0,0,0
1549855,0,0,0,0,0,0,0
659243,0,0,0,0,0,0,0
2975974,0,0,0,0,0,0,0
330734,0,0,0,0,0,0,0
3238634,0,0,0,0,0,0,0
3052846,0,0,0,0,0,0,0
441501,0,0,0,0,0,0,0
2231055,142.8079401,61.60290766,0,0,0,0,0
3239303,0,0,0,0,0,0,0
2976533,0,0,0,0,0,0,0
33040,0,0,0,0,0,0,0
2966586,0,0,0,0,0,0,0
2494701,0,0,0,0,260.3827627,0,0
256839,0,0,0,0,147.5502322,0,0
2662397,0,0,0,0,0,0,0
1077946,0,0,0,0,156.2296576,0,0
376149,0,0,0,0,0,0,0
639200,0,0,0,0,0,0,0
1517554,0,0,0,0,0,0,0
122358,0,0,0,0,0,0,0
2714949,0,0,0,0,0,0,0
3235037,0,0,0,0,0,0,0
35769,0,0,0,0,0,0,0
3394235,0,43.48440541,0,0,0,0,0
3111540,0,47.10810586,0,0,0,0,0
3444112,0,68.85030856,0,0,0,0,159.8763623
376489,0,0,0,0,0,0,0
2768165,0,0,0,0,0,0,0
93378,0,0,0,0,0,0,0
321983,0,0,0,0,0,0,0
112009,0,0,0,0,0,0,0
2675773,0,0,0,0,0,0,0
1707785,0,65.22660811,0,0,0,0,0
2079792,0,0,0,0,0,0,0
59277,142.8079401,0,0,0,0,0,0
485880,0,0,0,0,0,0,0
2592333,0,72.47400901,0,0,0,0,0
2822137,0,0,0,0,0,0,0
1494960,0,0,0,0,0,0,0
660522,0,0,0,0,0,0,0
254758,0,0,0,0,0,0,0
2714923,159.6088743,90.59251126,0,0,0,0,0
552,0,0,0,0,0,0,0
3118470,0,0,0,0,0,0,0
1636423,0,0,0,0,0,0,0
1655277,0,0,0,0,0,0,0
2812658,0,72.47400901,0,0,0,0,0
2978473,0,65.22660811,0,0,0,0,0
86174,0,0,0,0,0,0,0
1336806,0,0,0,0,0,0,0
2975898,0,0,0,0,0,0,0
2576930,0,0,0,0,0,0,0
2903686,0,0,0,0,0,0,0
1833852,109.2060719,83.34511036,0,0,0,0,0
3424133,0,0,0,0,0,0,0
1857215,0,36.2370045,0,0,0,0,0
3158549,0,0,0,0,0,0,0
2763006,0,0,0,0,0,0,0
55583,0,0,0,0,0,0,0
2975900,0,0,0,0,243.0239118,0,0
2576841,0,0,0,0,0,0,0
1813182,0,0,0,0,0,0,0
1823,0,0,0,0,0,0,0
298656,0,0,0,0,0,0,0
844,0,0,0,0,0,0,0
2921393,0,0,0,0,0,0,0
233100,0,0,0,0,0,0,0
2708110,0,0,0,0,0,0,0
318683,0,0,0,0,0,0,0
82135,0,0,0,0,0,0,0
478807,0,0,0,0,0,0,0
2493675,0,0,0,0,0,0,0
75658,0,0,0,0,0,0,266.4606038
75385,0,50.73180631,0,0,0,0,0
2780091,0,50.73180631,0,0,0,0,0
2744517,0,0,0,0,0,0,0
3240375,0,0,0,0,0,0,0
263819,0,54.35550676,0,0,121.5119559,0,0
2836161,0,0,0,0,0,0,0
261965,0,0,0,0,0,0,0
2708338,0,0,0,0,0,0,0
490,0,0,0,0,0,0,0
1732569,0,0,0,0,0,0,0
67282,0,0,0,0,0,0,0
2675788,0,0,0,0,0,0,0
78587,0,0,0,0,0,0,0
296842,0,0,0,0,0,0,0
2903710,0,0,0,0,0,0,0
82977,0,83.34511036,0,0,0,0,0
2903760,0,0,0,0,0,0,0
1343899,0,50.73180631,0,0,0,0,226.4915132
1427356,0,0,0,0,0,0,0
2895559,0,47.10810586,0,0,112.8325305,0,0
3039385,0,0,0,0,0,0,0
3045156,0,206.5509257,0,0,0,0,0
2866573,0,0,0,0,0,0,0
1582259,0,0,0,0,86.79425422,0,0
712710,126.007006,65.22660811,0,0,0,0,0
2609417,0,0,0,0,0,0,0
2782674,0,0,0,0,0,0,0
762833,0,0,0,0,0,0,0
2017685,0,0,0,0,0,0,0
2883106,0,0,0,0,0,0,0
2785909,151.2084072,83.34511036,0,0,0,0,0
120576,0,0,0,0,0,0,0
3399573,0,0,0,0,0,0,0
2822844,0,47.10810586,0,0,0,0,0
2613770,0,0,0,0,0,0,0
3349333,0,0,0,0,0,0,0
187303,0,0,0,0,0,0,0
1771,109.2060719,0,0,0,0,0,0
445710,0,0,0,0,0,0,0
863,0,0,0,0,0,0,0
364410,0,0,0,0,0,0,0
2916633,0,0,0,0,0,0,0
2894079,0,0,0,0,0,0,0
2840467,92.40513773,0,0,0,0,0,0
2650157,0,0,0,0,0,0,0
2903640,0,0,0,0,0,0,0
3022676,0,0,0,0,0,0,146.5533321
2921427,0,0,0,0,0,0,0
42353,0,0,0,0,0,0,0
57037,0,0,0,0,0,0,0
1889,0,61.60290766,0,0,0,0,0
2954093,210.0116766,94.21621171,0,0,0,0,0
2488560,0,79.72140991,0,0,0,0,0
2792084,0,0,0,0,0,0,0
1882749,0,0,0,0,0,0,0
1573718,0,0,0,0,0,0,0
2811111,0,54.35550676,0,0,0,0,0
2597660,0,0,0,0,0,0,0
413712,0,0,0,0,0,0,0
2917727,0,0,0,0,0,0,0
1646340,0,68.85030856,0,0,112.8325305,0,0
2516559,0,0,0,0,0,0,0
3114296,0,0,0,0,0,0,0
2821543,0,0,0,0,0,0,0
116598,210.0116766,97.83991216,0,0,0,0,0
3049047,0,0,0,0,0,0,0
1891279,0,0,0,0,0,0,0
2047724,84.00467066,94.21621171,0,0,0,0,0
56689,0,0,0,0,0,0,0
2684468,0,0,0,0,0,0,0
1391653,0,0,0,0,0,0,0
2918901,0,36.2370045,0,0,0,0,0
2494525,0,0,0,0,0,0,0
880,0,0,0,0,0,0,173.1993925
3394203,0,0,0,0,0,0,0
2937774,0,0,0,0,0,0,0
3039801,0,0,0,0,130.1913813,0,0
2921497,0,0,0,0,0,0,0
200450,0,0,0,0,0,0,0
415229,0,0,0,0,0,0,0
3066286,0,54.35550676,0,0,86.79425422,0,0
3238481,0,0,0,0,86.79425422,0,159.8763623
47671,0,0,0,0,0,0,0
3144103,0,0,0,0,0,0,0
1630135,0,0,0,0,0,0,0
2820808,0,0,0,0,0,0,0
191493,0,0,0,0,0,0,0
442,0,0,0,0,0,0,0
59930,0,0,0,0,0,0,0
413403,0,79.72140991,0,0,0,0,0
3047872,0,0,0,0,0,0,0
2911514,0,0,0,0,0,0,0
2709784,0,47.10810586,0,0,0,0,0
3117552,0,0,0,0,0,0,0
915099,0,0,0,0,0,0,0
3418716,0,0,0,0,0,0,0
416169,0,0,0,0,0,0,0
2894202,0,0,0,0,0,0,0
3096218,0,0,0,0,0,0,0
2810348,0,0,0,0,0,0,0
3156397,0,0,0,0,0,0,0
657387,0,0,0,0,0,0,0
3133312,0,0,0,0,0,0,0
2653852,0,0,0,0,0,0,0
1886786,0,0,0,0,0,0,0
2953988,0,0,0,0,0,0,0
399736,0,0,0,0,0,0,0
2814576,0,0,0,0,0,0,0
1827285,0,0,0,0,0,0,0
2116510,0,0,0,0,0,0,0
2839623,0,0,0,0,0,0,0
3031126,0,61.60290766,0,0,0,0,0
2718876,159.6088743,47.10810586,0,0,0,0,0
1295382,0,0,0,0,0,0,0
3391429,0,0,0,0,0,0,0
321265,0,0,0,0,0,0,0
2020312,0,0,0,0,0,0,0
146786,0,0,0,0,0,0,0
3036127,0,0,0,0,0,0,0
60847,0,0,0,0,0,0,0
2933562,0,0,0,0,0,0,0
1294143,0,0,0,0,0,0,0
1652495,0,0,0,0,0,0,0
1922222,0,0,0,0,0,0,0
3144104,0,0,0,0,0,0,0
1867749,0,0,0,0,0,0,0
3095607,0,0,0,0,0,0,0
2905690,0,0,0,0,0,0,0
2997339,0,0,0,0,0,0,0
2705439,0,0,0,0,0,0,0
2692234,0,0,0,0,0,0,0
1416614,0,0,0,0,0,0,0
2678260,0,0,0,0,0,0,0
93219,0,0,0,0,199.6267847,0,0
2929795,0,0,0,0,0,0,0
1679096,151.2084072,61.60290766,0,0,86.79425422,0,0
2653853,109.2060719,76.09770946,0,0,0,0,0
1076124,0,0,0,0,0,0,0
3058373,0,57.97920721,0,0,0,0,0
1969806,0,54.35550676,0,0,0,0,0
2975956,0,0,0,0,0,0,0
46158,0,0,0,0,0,0,0
2604047,0,0,0,0,0,0,0
1967288,0,0,0,0,0,0,0
3404122,0,0,0,0,0,0,0
13160,0,65.22660811,0,0,0,0,0
2283318,0,0,0,0,0,0,0
141390,0,0,0,0,0,0,0
29483,0,0,0,0,0,0,0
638269,0,0,0,0,0,0,0
2917991,0,36.2370045,0,0,0,0,0
1592323,0,0,0,0,0,0,0
69223,0,61.60290766,0,0,0,0,0
3231715,0,0,0,0,0,0,0
3115648,0,0,0,0,0,0,0
488730,0,0,0,0,0,0,0
1420889,168.0093413,79.72140991,0,0,0,0,0
1670,0,0,0,0,0,0,0
227,0,0,0,0,0,0,0
1510150,0,0,0,0,0,0,0
68249,0,0,0,0,0,0,266.4606038
482957,0,0,0,0,0,0,0
1245436,0,65.22660811,0,0,130.1913813,0,0
1922330,0,0,0,0,0,0,0
3394330,0,0,0,0,0,0,0
1866326,134.4074731,50.73180631,0,0,0,0,0
247481,0,0,0,0,0,0,0
3350165,0,0,0,0,0,0,0
3342751,0,0,0,0,0,0,0
2837624,0,0,0,0,0,0,0
2796139,0,0,0,0,0,0,0
1827526,0,0,0,0,0,0,0
1950,0,0,0,0,0,0,0
2599401,0,0,0,0,0,0,0
67280,0,0,0,0,0,0,0
3039681,0,0,0,0,0,0,0
2903642,0,0,0,0,0,0,0
69968,0,0,0,0,0,0,0
553982,0,0,0,0,0,0,0
1003110,0,0,0,0,0,0,0
3166645,0,0,0,0,0,0,0
2565555,0,0,0,0,0,0,0
1392877,0,0,0,0,0,0,0
950,0,0,0,0,0,0,0
2675795,0,0,0,0,0,0,0
3024246,0,0,0,0,0,0,0
2813777,0,0,0,0,0,0,0
2004647,0,0,0,0,0,0,0
39647,0,0,0,0,0,0,0
1941349,0,0,0,0,0,0,0
3002903,0,0,0,0,0,0,0
2891570,176.4098084,108.7110135,0,0,0,0,0
3423954,0,0,0,0,0,0,0
3458239,0,0,0,0,0,0,0
446374,0,79.72140991,0,0,0,0,0
2509455,0,0,0,0,0,0,0
2126319,0,0,0,0,0,0,0
2849501,0,57.97920721,0,0,0,0,0
179637,0,0,0,0,0,0,0
2420313,0,0,0,0,0,0,0
98228,0,0,0,0,0,0,0
1324217,0,0,0,0,0,0,0
2956833,0,0,0,0,0,0,0
712116,0,0,0,0,0,0,0
1921187,0,36.2370045,0,0,0,0,293.1066642
252970,0,54.35550676,0,0,0,0,0
1134435,0,0,0,0,0,0,0
2901869,0,0,0,0,0,0,0
198252,0,134.0769167,0,0,0,0,0
2714936,0,0,0,0,0,0,0
2842453,0,0,0,0,0,0,0
2953750,0,57.97920721,0,0,0,0,0
2885079,0,101.4636126,0,0,0,0,0
171286,0,0,0,0,0,0,0
108080,0,0,0,0,0,0,0
3374190,0,0,0,0,0,0,0
107637,0,0,0,0,0,0,0
1605891,0,0,0,0,0,0,0
171285,0,0,0,0,0,0,0
627192,0,76.09770946,0,0,0,0,0
78448,100.8056048,90.59251126,0,0,0,0,0
2992244,0,0,0,0,0,0,0
2861802,0,0,0,0,0,0,0
2968057,0,0,0,0,0,0,0
2798724,0,0,0,0,0,0,0
2749961,0,0,0,0,0,0,0
213231,0,0,0,0,0,0,0
1148509,126.007006,65.22660811,0,0,0,0,0
2023772,0,0,0,0,0,0,0
2763338,0,0,0,0,0,0,0
3375356,0,0,0,0,0,0,146.5533321
692370,0,0,0,0,0,0,0
2782660,0,0,0,0,0,0,0
3135257,0,0,0,0,0,0,199.8454528
3141459,0,0,0,0,0,0,0
2975703,0,0,0,0,0,0,0
500,0,0,0,0,216.9856356,0,0
92402,0,0,0,0,0,0,0
2929490,0,0,0,0,0,0,0
3066294,0,0,0,0,0,0,0
105560,0,0,0,0,0,0,0
3239825,0,47.10810586,0,0,0,0,0
3126689,0,0,0,0,0,0,0
3381356,0,0,0,0,0,0,0
481743,0,0,0,0,0,0,0
216465,0,0,0,0,0,0,0
3366815,0,0,0,0,0,0,0
2872154,0,0,0,0,0,0,0
3029061,0,0,0,0,0,0,0
2025351,0,0,0,0,0,0,0
1332264,0,0,0,0,0,0,0
1346,0,0,0,0,0,0,0
3059028,0,0,0,0,0,0,0
34029,0,39.86070495,0,0,0,0,0
649831,0,50.73180631,0,0,0,0,0
2846100,0,0,0,0,0,0,0
106412,0,0,0,0,0,0,0
2911538,0,0,0,0,0,0,0
1325111,0,0,0,0,0,0,0
497967,0,0,0,0,0,0,0
172044,0,0,0,0,0,0,0
3048582,0,0,0,0,0,0,0
1915209,0,0,0,0,0,0,0
2831000,0,0,0,0,0,0,0
155976,0,0,0,0,0,0,0
29419,0,0,0,0,0,0,0
2954608,0,322.5093401,0,0,0,0,0
3404055,0,0,0,0,0,0,0
3376061,134.4074731,65.22660811,0,0,0,0,0
2056258,0,0,0,0,0,0,0
1457153,0,0,0,0,0,0,0
2921386,0,0,0,0,0,0,0
1220542,0,0,0,0,0,0,0
2729135,0,0,0,0,0,0,0
795665,0,0,0,0,0,0,0
1922225,0,43.48440541,0,0,0,0,0
3446116,0,43.48440541,0,0,0,0,0
82803,0,0,0,0,0,0,0
2950074,0,0,0,0,0,0,0
75588,0,0,0,0,0,0,0
3133330,0,0,0,0,0,0,0
657323,0,0,0,0,0,0,0
2971912,0,0,0,0,0,0,0
3242979,0,0,0,0,0,0,0
401562,0,65.22660811,0,0,0,0,0
2759707,0,39.86070495,0,0,0,0,0
3132743,0,0,0,0,0,0,0
1914,0,0,0,0,0,0,0
185642,0,0,0,0,0,0,0
1852,0,0,0,0,0,0,0
2026189,0,0,0,0,0,0,0
3066316,0,0,0,0,0,0,0
3376685,0,0,0,0,0,0,0
1008152,84.00467066,54.35550676,0,0,0,0,0
2760705,0,50.73180631,0,0,0,0,0
55404,0,0,0,0,0,0,0
172043,0,76.09770946,0,0,0,0,0
803,0,0,0,0,0,0,0
2662361,0,0,0,0,0,0,0
3228789,0,0,0,0,0,0,0
3038546,0,0,0,0,0,0,0
1691903,0,50.73180631,0,0,0,0,0
2026624,0,0,0,0,0,0,0
2899220,100.8056048,43.48440541,0,0,0,0,0
3049774,0,0,0,0,0,0,0
3394751,201.6112096,94.21621171,0,0,0,0,0
698828,0,0,0,0,0,0,0
940615,0,0,0,0,0,0,0
2819994,0,0,0,0,0,0,0
3398703,0,0,0,0,0,0,0
1935379,0,0,0,0,0,0,0
1882918,0,0,0,0,0,0,0
2715163,0,0,0,0,0,0,0
3421656,0,0,0,0,0,0,0
679318,0,0,0,0,0,0,0
1112,117.6065389,61.60290766,0,0,0,0,0
396015,0,0,0,0,0,0,0
43306,0,0,0,0,0,0,0
3025665,0,0,0,0,0,0,0
342949,0,0,0,0,0,0,0
370111,0,65.22660811,0,0,0,0,0
386874,0,0,0,0,0,0,0
1576550,0,0,0,0,0,0,0
1912795,0,0,0,0,0,0,0
2479928,0,0,0,0,0,0,0
95485,0,0,0,0,0,0,0
1288495,0,0,0,0,0,0,0
3342386,0,0,0,0,0,0,0
63,0,0,0,0,0,0,0
77608,0,0,0,0,0,0,0
2903536,0,0,0,0,0,0,0
3120158,0,43.48440541,0,0,0,0,0
67854,0,0,0,0,0,0,0
2305220,0,0,0,0,0,0,0
2921647,0,0,0,0,0,0,0
338644,0,0,0,0,0,0,0
2975751,0,0,0,0,0,0,0
3068990,0,36.2370045,0,0,0,0,0
45498,0,0,0,0,0,0,0
304207,0,0,0,0,0,0,0
47865,0,0,0,0,0,0,0
2338073,0,0,0,0,0,0,0
1620385,0,68.85030856,0,0,0,0,0
1551649,0,0,0,0,0,0,0
2975349,0,0,0,0,0,0,0
1046043,0,0,0,0,0,0,0
2777984,0,0,0,0,0,0,0
3423949,0,0,0,0,0,0,0
3239955,0,0,0,0,0,0,0
43661,0,39.86070495,0,0,104.1531051,0,0
66374,0,0,0,0,0,0,0
285557,0,0,0,0,0,0,0
28152,0,0,0,0,0,0,0
1857890,210.0116766,101.4636126,0,0,0,0,0
1987921,0,0,0,0,0,0,0
2962671,0,0,0,0,0,0,0
182210,0,0,0,0,0,0,0
717785,0,0,0,0,0,0,0
2921721,0,0,0,0,0,0,0
1652028,0,0,0,0,173.5885084,0,0
3239980,0,0,0,0,0,0,0
1823759,0,0,0,0,0,0,0
1838286,0,0,0,0,0,0,0
2963939,0,155.8191194,0,0,0,0,0
2126352,0,0,0,0,0,0,0
887462,0,0,0,0,0,0,0
104336,0,0,0,0,0,0,0
2791991,134.4074731,61.60290766,0,0,0,0,0
2576756,117.6065389,0,0,0,0,0,0
1911175,0,0,0,0,0,0,0
2785908,0,0,0,0,0,0,0
2171623,0,0,0,0,0,0,0
2820817,0,50.73180631,0,0,95.47367964,0,0
1982291,0,0,0,0,0,0,0
2049589,0,0,0,0,0,0,0
81475,0,0,0,0,0,0,0
349096,0,0,0,0,0,0,0
2878535,0,0,0,0,0,0,0
1179675,0,0,0,0,0,0,0
2077101,0,0,0,0,0,0,0
2883246,0,0,0,0,0,0,0
53458,0,0,0,0,0,0,0
2017486,0,0,0,0,0,0,0
194196,0,0,0,0,0,0,0
2316736,0,0,0,0,0,0,0
3096605,0,0,0,0,0,0,0
2854260,0,0,0,0,0,0,0
2502979,0,0,0,0,0,0,0
2903878,0,0,0,0,104.1531051,0,0
3081199,0,57.97920721,0,0,0,0,0
1494466,0,0,0,0,0,0,0
421628,0,43.48440541,0,0,86.79425422,0,0
2909283,0,47.10810586,0,0,0,0,0
2757,0,0,0,0,0,0,279.783634
2884876,0,0,0,0,0,0,0
3019553,0,39.86070495,0,0,0,0,0
2975714,0,0,0,0,0,0,0
2666100,0,0,0,0,0,0,0
3383698,0,0,0,0,0,0,0
931537,0,0,0,0,0,0,0
2810479,0,0,0,0,0,0,0
2989684,0,0,0,0,0,0,0
3031727,0,0,0,0,0,0,0
2735795,0,0,0,0,0,0,0
2744574,0,0,0,0,0,0,0
2787628,0,0,0,0,0,0,0
228229,0,0,0,0,0,0,0
2813827,0,61.60290766,0,0,0,0,0
3133316,0,0,0,0,0,0,0
2919598,0,0,0,0,0,0,0
2726118,117.6065389,79.72140991,0,0,0,0,0
2054410,100.8056048,0,0,0,0,0,0
2976000,0,0,0,0,0,0,0
1870820,0,61.60290766,0,0,95.47367964,0,0
310575,0,0,0,0,0,0,0
171287,0,0,0,0,0,0,0
2594474,0,0,0,0,0,0,0
3403460,0,43.48440541,0,0,0,0,0
2650975,0,0,0,0,0,0,0
1172565,0,0,0,0,0,0,0
3239917,0,0,0,0,0,0,0
3015951,0,0,0,0,0,0,0
2975723,0,0,0,0,0,0,0
3139392,0,0,0,0,0,0,0
1280948,0,0,0,0,0,0,0
3349638,0,0,0,0,0,0,0
2903716,0,0,0,0,0,0,0
314722,0,0,0,0,0,0,0
2903863,0,0,0,0,0,0,0
2866628,0,0,0,0,0,0,0
68174,0,0,0,0,0,0,0
3078812,0,0,0,0,0,0,0
582702,109.2060719,57.97920721,0,0,0,0,0
234831,0,0,0,0,0,0,0
2929515,0,0,0,0,0,0,0
3131993,0,47.10810586,0,0,208.3062101,0,0
2763071,0,0,0,0,0,0,0
103621,0,0,0,0,208.3062101,0,0
2763317,0,0,0,0,0,0,0
1295642,0,0,0,0,0,0,0
2921416,0,0,0,0,0,0,0
2903824,0,0,0,0,0,0,0
513223,0,0,0,0,0,0,0
493,0,0,0,0,0,0,0
2211210,0,0,0,0,0,0,0
37931,277.2154132,0,0,0,0,0,0
3400909,0,0,0,0,0,0,0
638849,0,0,0,0,95.47367964,0,0
2057,0,0,0,0,0,0,0
47759,0,0,0,0,0,0,0
2944234,0,0,0,0,0,0,0
3389070,0,0,0,0,0,0,0
3060806,0,0,0,0,0,0,213.168483
3132938,0,0,0,0,0,0,0
3136564,0,0,0,0,0,0,0
1660073,0,0,0,0,0,0,0
2755382,0,0,0,0,0,0,0
679663,0,0,0,0,0,0,0
2025349,0,76.09770946,0,0,0,0,0
2746,0,0,0,0,0,0,0
673860,109.2060719,39.86070495,0,0,0,0,0
292913,0,0,0,0,0,0,0
1222016,0,0,0,0,0,0,186.5224227
1141657,0,0,0,0,0,0,0
65741,0,0,0,0,0,0,0
946334,0,0,0,0,0,0,0
1608628,0,0,0,0,0,0,0
2961893,0,0,0,0,0,0,0
271065,0,0,0,0,0,0,0
2903890,0,0,0,0,0,0,0
2976680,0,0,0,0,0,0,0
3078265,0,43.48440541,0,0,0,0,0
2733904,0,0,0,0,0,0,0
119542,0,54.35550676,0,0,0,0,0
3004095,0,0,0,0,0,0,0
3142262,0,0,0,0,0,0,0
2653850,0,0,0,0,0,0,0
2528019,0,0,0,0,0,0,0
2781021,0,0,0,0,0,0,0
2830992,0,76.09770946,0,0,0,0,0
85874,0,0,0,0,0,0,0
2981789,0,0,0,0,0,0,0
1005665,0,0,0,0,0,0,0
470868,0,0,0,0,0,0,0
2419844,0,0,0,0,0,0,0
2921619,0,0,0,0,0,0,0
1702221,0,0,0,0,0,0,0
34070,0,0,0,0,0,0,0
93973,0,0,0,0,0,0,0
2929514,0,0,0,0,0,0,0
2720714,0,0,0,0,0,0,0
3073064,0,0,0,0,0,0,0
3435412,0,39.86070495,0,0,86.79425422,0,0
550984,0,0,0,0,0,0,0
1967783,0,0,0,0,0,0,0
2778082,0,0,0,0,0,0,0
1420916,0,50.73180631,0,0,0,0,0
3402778,0,0,0,0,0,0,0
944492,0,0,0,0,0,0,0
555317,0,0,0,0,0,0,0
2762611,0,0,0,0,0,0,0
61858,134.4074731,0,0,0,104.1531051,0,0
86183,0,65.22660811,0,0,0,0,0
2822760,0,43.48440541,0,0,0,0,0
2921587,0,0,0,0,0,0,0
2903578,0,0,0,0,0,0,0
46165,0,0,0,0,0,0,0
1967666,126.007006,0,0,0,0,0,0
3421654,0,0,0,0,0,0,0
3060183,0,115.9584144,0,0,0,0,0
2571148,0,0,0,0,0,0,0
3428204,0,0,0,0,0,0,0
2748871,0,0,0,0,0,0,0
1851505,0,36.2370045,0,0,0,0,0
256325,0,0,0,0,0,0,0
2609668,0,0,0,0,0,0,0
2879620,0,0,0,0,0,0,0
683846,109.2060719,47.10810586,0,0,0,0,0
35790,0,0,0,0,0,0,0
656179,0,0,0,0,0,0,0
3415679,0,0,0,0,0,0,0
573600,0,0,0,0,216.9856356,0,0
2983836,0,43.48440541,0,0,121.5119559,0,0
33918,0,0,0,0,0,0,0
2942997,0,0,0,0,0,0,0
2949664,0,0,0,0,0,0,0
1521117,0,0,0,0,0,0,0
2613773,0,0,0,0,0,0,0
2911208,0,0,0,0,0,0,0
2831662,0,0,0,0,0,0,0
59310,0,0,0,0,0,0,0
543877,0,0,0,0,0,0,0
2975700,0,0,0,0,0,0,0
1667239,0,0,0,0,0,0,0
3075199,0,0,0,0,0,0,0
2903808,0,0,0,0,0,0,0
1895,0,0,0,0,0,0,0
1267766,0,0,0,0,0,0,0
3016093,0,0,0,0,0,0,0
2903680,0,0,0,0,0,0,0
2977320,0,0,0,0,0,0,0
2903879,0,0,0,0,0,0,0
650378,0,0,0,0,0,0,0
129817,0,0,0,0,0,0,0
2776706,0,36.2370045,0,0,156.2296576,0,0
1855880,159.6088743,94.21621171,0,0,0,0,0
2903682,0,0,0,0,0,0,0
3073562,0,0,0,0,0,0,0
3237298,0,0,0,0,0,0,0
1470176,0,0,0,0,0,0,0
1776741,0,0,0,0,0,0,0
1585697,0,0,0,0,0,0,0
3240102,0,0,0,0,0,0,0
889300,0,83.34511036,0,0,0,0,0
1969821,0,0,0,0,0,0,0
1778675,0,0,0,0,0,0,0
1813451,0,0,0,0,0,0,0
2770234,100.8056048,65.22660811,0,0,0,0,0
3404065,0,0,0,0,0,0,0
13076,109.2060719,76.09770946,0,0,0,0,0
2565531,0,0,0,0,0,0,0
2954532,0,0,0,0,0,0,0
3434353,0,0,0,0,0,0,0
3077923,0,0,0,0,0,0,0
3234144,0,43.48440541,0,0,0,0,0
2975720,0,0,0,0,0,0,0
2842348,0,0,0,0,0,0,0
2758710,0,0,0,0,0,0,0
1292359,0,0,0,0,0,0,0
2860336,0,0,0,0,0,0,0
135079,0,0,0,0,0,0,0
1725411,0,0,0,0,0,0,0
1971397,0,61.60290766,0,0,0,0,0
2740464,0,36.2370045,0,0,0,0,0
3094835,0,0,0,0,0,0,0
905,0,0,0,0,0,0,0
1234606,109.2060719,47.10810586,0,0,0,0,0
67351,0,210.1746261,0,0,0,0,0
29389,0,0,0,0,0,0,0
2994492,0,0,0,0,0,0,0
1702238,0,0,0,0,0,0,0
2714932,0,0,0,0,0,0,0
2293571,0,0,0,0,0,0,0
1658665,0,54.35550676,0,0,0,0,0
2854261,0,0,0,0,0,0,0
2954726,0,0,0,0,0,0,0
3048353,84.00467066,36.2370045,0,0,156.2296576,0,0
2975866,0,0,0,0,0,0,0
1552990,0,0,0,0,0,0,0
81032,0,0,0,0,0,0,0
3047825,0,0,0,0,0,0,0
3230971,0,0,0,0,0,0,0
2724469,0,0,0,0,286.4210389,0,0
3237706,117.6065389,76.09770946,0,0,0,0,0
1858653,0,0,0,0,0,0,0
1082851,0,0,0,0,138.8708068,0,0
2714939,0,0,0,0,0,0,0
2742132,0,0,0,0,0,0,0
322509,0,0,0,0,0,0,0
630515,0,0,0,0,0,0,0
3411354,0,0,0,0,0,0,0
3416606,0,0,0,0,0,0,0
359110,0,0,0,0,0,0,0
2724151,0,0,0,0,0,0,0
2743575,0,108.7110135,0,0,0,0,0
3114394,0,0,0,0,0,0,0
302406,0,0,0,0,0,0,0
2060066,0,0,0,0,0,0,0
1938606,0,0,0,0,0,0,0
2067958,0,0,0,0,0,0,0
3151598,0,0,0,0,0,0,0
1670830,0,0,0,0,0,0,0
2014920,0,43.48440541,0,0,0,0,0
2883107,0,0,0,0,0,0,0
3028298,0,57.97920721,0,0,0,0,0
517398,0,47.10810586,0,0,0,0,0
1076596,0,0,0,0,0,0,0
2839983,0,0,0,0,0,0,0
2867233,0,72.47400901,0,0,0,0,0
2916410,0,0,0,0,0,0,0
3081768,0,0,0,0,0,0,0
2734103,0,0,0,0,0,0,0
1446794,134.4074731,50.73180631,0,0,0,0,0
2583231,0,0,0,0,0,0,0
2364787,0,0,0,0,0,0,0
3131938,0,0,0,0,0,0,0
291990,0,0,0,0,0,0,0
1472345,0,0,0,0,0,0,0
3416710,0,0,0,0,0,0,0
2867021,0,61.60290766,0,0,0,0,0
1002689,0,0,0,0,0,0,0
2588535,0,0,0,0,0,0,0
2108399,0,0,0,0,0,0,0
2921385,0,134.0769167,0,0,0,0,0
2027919,0,0,0,0,0,0,0
3021710,0,0,0,0,0,0,0
1274,0,0,0,0,0,0,0
2587849,0,0,0,0,0,0,0
3256999,0,0,0,0,0,0,0
1296669,0,0,0,0,0,0,0
2903564,0,0,0,0,0,0,0
2823317,0,0,0,0,0,0,0
931099,0,72.47400901,0,0,0,0,0
3077584,0,0,0,0,0,0,0
2264,0,0,0,0,0,0,0
3095606,0,0,0,0,0,0,0
538220,0,0,0,0,0,0,0
3082531,0,0,0,0,0,0,0
40988,0,0,0,0,0,0,0
418701,0,0,0,0,0,0,0
187327,0,0,0,0,0,0,0
1608996,0,43.48440541,0,0,0,0,0
1796921,0,0,0,0,0,0,0
2950872,0,0,0,0,0,0,0
1852374,0,0,0,0,0,0,0
2907159,0,0,0,0,0,0,0
2810513,0,0,0,0,0,0,0
2726434,0,0,0,0,0,0,0
2547399,0,0,0,0,0,0,0
2702,0,0,0,0,0,0,0
2587851,0,0,0,0,0,0,0
2975672,0,0,0,0,0,0,0
2942449,0,0,0,0,0,0,0
1464011,0,0,0,0,0,0,0
2678261,0,0,0,0,0,0,199.8454528
485898,0,0,0,0,0,0,0
2714941,0,0,0,0,0,0,0
3049543,0,47.10810586,0,0,0,0,0
3382192,0,0,0,0,0,0,0
2739433,0,39.86070495,0,0,0,0,0
2978392,0,0,0,0,0,0,0
187491,0,0,0,0,0,0,0
945844,0,0,0,0,0,0,0
3238798,0,0,0,0,0,0,0
3058394,0,0,0,0,0,0,0
2903643,0,0,0,0,0,0,0
3133285,0,0,0,0,0,0,0
2004644,0,0,0,0,0,0,0
1819725,0,0,0,0,0,0,0
3233335,0,79.72140991,0,0,0,0,0
2575923,0,0,0,0,0,0,0
2698684,0,0,0,0,0,0,0
54297,0,0,0,0,0,0,0
1849967,0,0,0,0,0,0,0
699041,0,0,0,0,0,0,0
1670831,0,0,0,0,0,0,0
1792846,0,0,0,0,0,0,0
475662,0,39.86070495,0,0,0,0,0
2678259,0,0,0,0,0,0,226.4915132
2937800,0,0,0,0,0,0,0
35768,0,0,0,0,0,0,0
1432056,0,0,0,0,0,0,0
47878,0,0,0,0,0,0,0
2921379,0,0,0,0,0,0,0
1854057,0,0,0,0,0,0,0
2587844,0,0,0,0,0,0,0
1216297,0,0,0,0,0,0,0
1690220,0,0,0,0,0,0,0
50339,0,0,0,0,0,0,0
2509457,0,0,0,0,0,0,0
2567934,0,0,0,0,0,0,0
68278,0,0,0,0,0,0,0
1429914,0,0,0,0,0,0,0
2058133,0,199.3035248,0,0,0,0,0
2675772,0,0,0,0,0,0,0
1938607,0,0,0,0,0,0,0
3236805,0,0,0,0,0,0,0
129958,0,0,0,0,0,0,0
618,0,36.2370045,0,0,95.47367964,0,0
370405,0,0,0,0,0,0,0
2714937,0,0,0,0,0,0,0
1325564,0,0,0,0,0,0,0
2742602,0,0,0,0,0,0,0
3139329,0,0,0,0,0,0,0
3427229,0,0,0,0,0,0,0
76862,0,0,0,0,0,0,0
134536,0,47.10810586,0,0,0,0,0
1545835,0,0,0,0,0,0,0
1704044,92.40513773,39.86070495,0,0,0,0,0
2734193,0,0,0,0,0,0,0
2903704,0,0,0,0,0,0,0
391905,0,0,0,0,0,0,0
3040201,0,0,0,0,0,0,0
29468,0,0,0,0,0,0,0
3096079,0,170.3139212,0,0,0,0,0
1884907,0,0,0,0,0,0,0
886343,0,0,0,0,0,0,0
1756988,0,0,0,0,0,0,0
47879,0,0,0,0,95.47367964,0,0
2026194,0,57.97920721,0,0,0,0,0
700274,0,0,0,0,0,0,0
3108822,0,0,0,0,0,0,0
631362,0,61.60290766,0,0,0,0,0
2710756,0,0,0,0,0,0,0
2493681,0,0,0,0,0,0,0
2857060,0,0,0,0,0,0,0
2952527,0,0,0,0,0,0,0
2985511,0,0,0,0,0,0,0
2994495,0,0,0,0,0,0,0
1056807,0,0,0,0,0,0,0
1982042,0,39.86070495,0,0,95.47367964,0,0
83555,0,0,0,0,0,0,0
3046383,0,0,0,0,0,0,0
2867410,0,0,0,0,0,0,0
682798,0,0,0,0,0,0,0
2860237,0,47.10810586,0,0,0,0,0
3406419,0,0,0,0,0,0,0
2715735,0,0,0,0,0,0,0
2999067,0,50.73180631,0,0,0,0,0
1911,0,0,0,0,0,0,0
312285,0,0,0,0,0,0,0
75294,0,0,0,0,0,0,0
36822,0,0,0,0,0,0,0
2560058,0,0,0,0,0,0,0
3417741,0,0,0,0,0,0,0
241368,0,0,0,0,0,0,0
2736649,0,0,0,0,0,0,0
3056733,0,0,0,0,0,0,0
3050126,126.007006,68.85030856,0,0,0,0,0
35701,0,0,0,0,0,0,0
3158972,0,0,0,0,0,0,0
525917,0,0,0,0,0,0,0
39691,0,0,0,0,0,0,0
2995166,0,0,0,0,0,0,0
754429,0,101.4636126,0,0,0,0,0
3073271,0,0,0,0,0,0,0
3089814,0,72.47400901,0,0,0,0,0
40318,0,0,0,0,0,0,0
1763828,0,50.73180631,0,0,0,0,0
2280,84.00467066,72.47400901,0,0,0,0,0
2774190,0,54.35550676,0,0,0,0,0
2923375,0,0,0,0,0,0,0
29288,0,0,0,0,0,0,0
142649,0,0,0,0,0,0,0
1505596,0,39.86070495,0,0,0,0,0
3058419,0,0,0,0,0,0,0
2820002,0,0,0,0,0,0,0
3060313,0,0,0,0,0,0,0
3036128,0,0,0,0,0,0,0
1544730,0,0,0,0,0,0,0
1643322,0,0,0,0,0,0,0
1436133,0,0,0,0,0,0,0
1198456,0,0,0,0,0,0,0
2057791,0,0,0,0,0,0,0
3452799,0,0,0,0,0,0,0
1849580,0,0,0,0,0,0,0
53409,0,0,0,0,0,0,0
48221,0,0,0,0,0,0,0
1679444,0,0,0,0,0,0,0
2903651,0,54.35550676,0,0,0,0,0
2978974,0,0,0,0,0,0,0
337191,0,0,0,0,0,0,0
1385715,0,76.09770946,0,0,0,0,0
3432289,0,0,0,0,0,0,0
116759,0,0,0,0,0,0,0
84405,0,0,0,0,0,0,0
345370,0,0,0,0,0,0,0
3402868,0,0,0,0,0,0,0
446860,0,0,0,0,0,0,0
33914,0,0,0,0,0,0,0
2591109,0,0,0,0,0,0,0
348043,0,0,0,0,0,0,0
3403457,0,0,0,0,0,0,0
2674997,0,0,0,0,0,0,0
3035514,0,0,0,0,0,0,0
1286180,0,0,0,0,0,0,0
2676077,0,0,0,0,0,0,0
237612,0,0,0,0,0,0,0
2764186,0,0,0,0,0,0,0
546871,0,0,0,0,0,0,0
3061286,0,0,0,0,0,0,0
2966552,0,0,0,0,86.79425422,0,0
2654218,0,0,0,0,0,0,0
3062783,0,0,0,0,0,0,0
381829,0,0,0,0,0,0,0
1416806,0,0,0,0,0,0,0
3051092,0,0,0,0,0,0,0
307486,0,0,0,0,0,0,0
3389872,0,0,0,0,0,0,0
2709403,0,0,0,0,0,0,0
33865,0,0,0,0,0,0,0
1620215,0,0,0,0,0,0,0
3435000,0,0,0,0,0,0,0
521720,0,0,0,0,0,0,0
1903186,0,0,0,0,0,0,0
43771,0,0,0,0,0,0,0
491950,0,0,0,0,0,0,0
2654248,0,0,0,0,0,0,0
3456954,0,0,0,0,0,0,0
180400,92.40513773,57.97920721,0,0,0,0,0
2975809,0,0,0,0,0,0,0
1141883,0,0,0,0,0,0,0
1404799,0,0,0,0,0,0,0
2998080,0,0,0,0,0,0,0
1664560,0,0,0,0,0,0,0
712633,0,0,0,0,0,0,0
362257,0,61.60290766,0,0,0,0,0
39689,0,0,0,0,0,0,0
2493678,0,0,0,0,0,0,0
3457357,0,0,0,0,0,0,0
2806442,0,0,0,0,0,0,0
68192,0,0,0,0,0,0,0
1376,0,0,0,0,0,0,0
3069105,0,0,0,0,0,0,0
1821625,0,0,0,0,0,0,0
3064349,0,0,0,0,0,0,0
3239931,0,0,0,0,0,0,0
2482769,0,0,0,0,0,0,0
1016987,0,0,0,0,0,0,0
3341793,0,0,0,0,0,0,0
2939413,0,0,0,0,0,0,0
1045317,0,39.86070495,0,0,0,0,0
1076550,0,0,0,0,0,0,0
665007,0,0,0,0,0,0,0
3069708,0,0,0,0,0,0,0
92404,0,0,0,0,0,0,0
166935,0,0,0,0,0,0,0
2811227,0,57.97920721,0,0,0,0,0
3430558,0,0,0,0,0,0,0
712122,0,0,0,0,0,0,0
1653478,0,0,0,0,0,0,0
3344655,0,0,0,0,0,0,0
3110539,0,0,0,0,0,0,0
2991715,0,0,0,0,0,0,0
1944,0,0,0,0,0,0,0
3003483,0,54.35550676,0,0,95.47367964,0,0
3073268,0,0,0,0,0,0,0
2975987,0,0,0,0,0,0,0
3016103,0,0,0,0,0,0,0
338188,0,0,0,0,0,0,0
2840180,0,0,0,0,0,0,0
649841,0,39.86070495,0,0,0,0,0
3040605,0,0,0,0,0,0,0
3388492,168.0093413,50.73180631,0,0,0,0,0
2733867,0,0,0,0,0,0,0
870,0,0,0,0,0,0,0
2903574,0,0,0,0,0,0,0
3040935,0,47.10810586,0,0,0,0,0
28091,0,0,0,0,0,0,0
607711,0,0,0,0,86.79425422,0,0
278153,0,0,0,0,0,0,0
28047,0,0,0,0,0,0,0
1470200,0,0,0,0,0,0,0
955,0,0,0,0,0,0,0
3047737,0,0,0,0,0,0,0
100225,0,0,0,0,130.1913813,0,0
2011015,0,0,0,0,0,0,0
1936990,0,0,0,0,0,0,0
3120520,0,0,0,0,0,0,0
2949637,0,54.35550676,0,0,0,0,0
357233,0,0,0,0,0,0,0
1562974,0,0,0,0,0,0,0
3062779,0,0,0,0,0,0,0
3453405,0,0,0,0,0,0,0
1806891,0,0,0,0,0,0,0
3133329,0,0,0,0,0,0,0
2714938,0,0,0,0,0,0,0
2831895,0,0,0,0,0,0,0
3240934,0,0,0,0,0,0,0
416273,0,0,0,0,0,0,0
3400272,0,0,0,0,0,0,0
80852,0,0,0,0,0,0,253.1375736
511746,0,0,0,0,0,0,0
2493673,0,0,0,0,0,0,0
1607,0,43.48440541,0,0,121.5119559,0,0
3110231,0,39.86070495,0,0,0,0,0
575200,109.2060719,43.48440541,0,0,0,0,0
1803865,0,0,0,0,147.5502322,0,0
2975896,0,0,0,0,0,0,0
86173,0,0,0,0,0,0,0
3042152,0,0,0,0,0,0,0
301585,0,0,0,0,0,0,0
2006110,0,0,0,0,0,0,0
2059672,0,0,0,0,0,0,0
2806553,0,0,0,0,0,0,0
2724527,0,0,0,0,0,0,0
3101273,0,0,0,0,0,0,0
3395918,0,0,0,0,0,0,0
3424769,0,0,0,0,0,0,0
2742603,0,0,0,0,0,0,0
2497989,0,0,0,0,0,0,0
2903652,0,0,0,0,0,0,0
1415657,0,0,0,0,0,0,0
2980557,0,0,0,0,0,0,0
1389020,134.4074731,61.60290766,0,0,0,0,0
1930622,0,0,0,0,0,0,0
2819979,0,0,0,0,0,0,0
1565,0,65.22660811,0,0,0,0,0
3391424,0,0,0,0,0,0,0
2898276,0,0,0,0,0,0,0
2584940,0,0,0,0,0,0,0
1192162,0,0,0,0,0,0,0
65700,0,0,0,0,0,0,0
1578165,0,0,0,0,182.2679339,0,0
3024400,0,36.2370045,0,0,0,0,0
1871025,0,0,0,0,0,0,0
3081984,0,0,0,0,0,0,0
767452,0,0,0,0,0,0,0
623,0,0,0,0,0,0,0
2954025,0,0,0,0,0,0,0
3028374,0,0,0,0,0,0,0
2138101,0,0,0,0,0,0,0
1967782,0,0,0,0,0,0,0
370324,0,0,0,0,0,0,0
299146,0,0,0,0,0,0,0
3133089,0,0,0,0,0,0,0
3137398,0,0,0,0,138.8708068,0,0
220927,0,0,0,0,0,0,0
553510,0,0,0,0,0,0,0
2293567,0,36.2370045,0,0,0,0,0
428712,0,0,0,0,0,0,0
2126346,0,0,0,0,0,0,0
2954012,0,0,0,0,0,0,0
1266771,0,0,0,0,0,0,0
2885078,0,0,0,0,0,0,0
2034769,0,0,0,0,0,0,0
152500,0,0,0,0,0,0,0
3404048,0,0,0,0,0,0,0
3238807,0,0,0,0,0,0,0
2487887,0,0,0,0,104.1531051,0,0
2758572,0,0,0,0,0,0,0
3023518,0,65.22660811,0,0,0,0,0
2963406,0,0,0,0,0,0,0
1526572,0,65.22660811,0,0,0,0,0
3230989,0,0,0,0,0,0,0
3389970,0,0,0,0,0,0,0
2942909,0,0,0,0,0,0,0
1641402,0,0,0,0,0,0,0
85693,0,0,0,0,0,0,0
2872646,0,0,0,0,0,0,0
3075837,0,0,0,0,0,0,0
3445771,0,0,0,0,0,0,0
2978127,0,0,0,0,0,0,0
3076764,0,0,0,0,0,0,0
1924941,0,72.47400901,0,0,0,0,0
2016596,0,0,0,0,0,0,0
2879149,0,0,0,0,0,0,0
2729725,0,130.4532162,0,0,0,0,0
2962064,0,0,0,0,0,0,0
769,0,0,0,0,0,0,0
3239891,0,0,0,0,0,0,0
2994951,0,0,0,0,0,0,0
1515595,0,0,0,0,0,0,0
67332,0,0,0,0,0,0,0
2905879,0,0,0,0,0,0,0
2487928,0,0,0,0,0,0,0
75659,0,0,0,0,0,0,0
3114999,0,0,0,0,0,0,0
2547601,0,0,0,0,0,0,0
28094,0,0,0,0,0,0,0
2884264,0,0,0,0,0,0,0
90245,0,0,0,0,0,0,0
2953881,0,0,0,0,0,0,0
3405419,0,0,0,0,0,0,0
55510,0,0,0,0,0,0,0
3459196,0,0,0,0,0,0,0
2903822,0,0,0,0,0,0,0
57497,0,0,0,0,0,0,0
2705472,0,0,0,0,0,0,0
164393,0,0,0,0,0,0,0
454662,0,0,0,0,0,0,0
212663,0,0,0,0,0,0,0
68909,0,0,0,0,0,0,0
2850562,0,0,0,0,0,0,0
2811415,0,0,0,0,0,0,0
487698,0,0,0,0,0,0,0
2989732,0,0,0,0,0,0,0
451876,0,57.97920721,0,0,0,0,0
1176646,0,0,0,0,0,0,0
2851959,0,0,0,0,0,0,0
2871688,0,0,0,0,0,0,0
1586233,0,0,0,0,0,0,0
3133336,0,0,0,0,0,0,0
2930091,0,0,0,0,0,0,0
3384159,0,0,0,0,156.2296576,0,0
2964606,0,0,0,0,0,0,0
1804990,0,0,0,0,0,0,0
1534348,0,0,0,0,0,0,0
2971264,84.00467066,43.48440541,0,0,86.79425422,0,0
2109328,0,0,0,0,0,0,0
3060064,84.00467066,0,0,0,0,0,0
1536775,0,0,0,0,0,0,0
2903663,0,0,0,0,0,0,0
2675794,0,0,0,0,0,0,0
2597769,0,0,0,0,0,0,0
2078691,0,0,0,0,0,0,0
2382165,0,0,0,0,0,0,0
402297,0,0,0,0,0,0,0
2819978,0,0,0,0,0,0,0
3409994,0,0,0,0,0,0,0
3131933,0,0,0,0,0,0,0
391613,0,0,0,0,0,0,0
2870339,0,0,0,0,0,0,0
2055892,0,90.59251126,0,0,0,0,0
2921677,0,0,0,0,0,0,0
2657486,0,50.73180631,0,0,0,0,0
1069221,0,0,0,0,0,0,0
2822847,0,0,0,0,0,0,0
2587808,0,0,0,0,0,0,0
1472,0,0,0,0,0,0,0
3042028,0,0,0,0,0,0,0
2742135,0,0,0,0,0,0,0
1670455,0,0,0,0,0,0,0
3108176,0,36.2370045,0,0,0,0,0
710648,0,0,0,0,0,0,0
622,0,0,0,0,0,0,0
2759954,0,0,0,0,0,0,0
2912242,109.2060719,94.21621171,0,0,0,0,0
128,0,0,0,0,0,0,0
136857,0,0,0,0,0,0,0
1071679,0,0,0,0,0,0,0
1914461,142.8079401,0,0,0,0,0,0
3243373,0,0,0,0,0,0,0
1545702,0,0,0,0,0,0,0
265960,0,0,0,0,0,0,0
74329,0,0,0,0,0,0,0
1795032,0,0,0,0,0,0,0
63561,92.40513773,43.48440541,0,0,0,0,0
1173586,0,0,0,0,0,0,0
2903747,0,0,0,0,0,0,0
2590021,0,0,0,0,0,0,0
3239963,0,0,0,0,0,0,0
2829499,0,0,0,0,0,0,0
1859,0,0,0,0,0,0,0
3057122,0,0,0,0,0,0,0
3056444,0,61.60290766,0,0,0,0,0
219314,0,0,0,0,0,0,0
2954741,0,0,0,0,0,0,0
29489,0,0,0,0,0,0,0
2975903,0,0,0,0,0,0,0
2548456,0,0,0,0,0,0,0
2742137,0,0,0,0,0,0,0
2917724,0,0,0,0,0,0,0
2867264,0,0,0,0,0,0,0
2812647,0,0,0,0,0,0,0
666685,0,0,0,0,0,0,0
2483403,0,0,0,0,0,0,0
2563897,0,0,0,0,0,0,0
3394334,0,0,0,0,0,0,0
321984,0,0,0,0,0,0,0
563,0,0,0,0,0,0,0
3123041,0,0,0,0,0,0,0
3042320,0,0,0,0,0,0,0
3388843,0,0,0,0,0,0,0
882824,0,0,0,0,130.1913813,0,0
2051957,0,0,0,0,0,0,0
1653839,0,0,0,0,0,0,0
285562,0,0,0,0,0,0,0
271865,0,0,0,0,0,0,0
61592,0,0,0,0,0,0,0
2903769,0,0,0,0,0,0,0
2675781,0,0,0,0,0,0,0
1268041,0,47.10810586,0,0,0,0,0
2964610,0,0,0,0,0,0,0
1743174,0,0,0,0,0,0,0
3113984,0,0,0,0,0,0,0
2994661,0,43.48440541,0,0,0,0,0
2903589,0,0,0,0,0,0,0
3004094,0,0,0,0,0,0,0
2185142,0,0,0,0,0,0,0
36818,0,0,0,0,0,0,0
2100821,0,0,0,0,0,0,0
3057057,0,0,0,0,0,0,0
3453032,0,0,0,0,0,0,0
1985176,0,0,0,0,0,0,0
67258,0,0,0,0,0,0,0
2675877,0,0,0,0,0,0,0
2230878,0,0,0,0,0,0,0
1796620,0,0,0,0,0,0,0
188770,0,0,0,0,0,0,0
3421955,0,0,0,0,0,0,0
34095,0,47.10810586,0,0,0,0,0
44742,0,0,0,0,0,0,0
251701,0,0,0,0,0,0,0
3072977,0,0,0,0,0,0,0
2020,0,0,0,0,0,0,0
217,0,0,0,0,0,0,0
2755400,0,0,0,0,0,0,0
1907575,0,0,0,0,0,0,0
3415676,0,0,0,0,0,0,0
255519,126.007006,76.09770946,0,0,0,0,0
3060070,0,0,0,0,0,0,0
2932249,0,0,0,0,0,0,0
3446363,0,0,0,0,0,0,0
2796140,0,0,0,0,0,0,0
3122054,0,0,0,0,0,0,0
3040076,0,0,0,0,0,0,0
486698,0,0,0,0,0,0,0
2579791,0,0,0,0,0,0,0
227605,0,0,0,0,0,0,0
3039157,0,0,0,0,0,0,0
1094,0,0,0,0,0,0,0
1047172,0,0,0,0,0,0,0
1353889,0,0,0,0,0,0,0
2942996,0,0,0,0,0,0,0
2482763,0,0,0,0,0,0,0
873,0,39.86070495,0,0,0,0,0
2711156,0,0,0,0,0,0,0
2903960,0,0,0,0,0,0,0
3385497,0,0,0,0,0,0,0
720,0,0,0,0,0,0,0
2565926,0,0,0,0,0,0,0
120,0,0,0,0,0,0,0
3453033,0,0,0,0,0,0,0
2967972,0,0,0,0,0,0,0
2059264,0,0,0,0,0,0,0
2903790,0,0,0,0,0,0,0
664662,0,90.59251126,0,0,0,0,0
3096006,0,0,0,0,0,0,0
1307761,0,61.60290766,0,0,0,0,0
1230341,0,0,0,0,0,0,0
2026,0,0,0,0,0,0,0
2874846,0,0,0,0,0,0,0
3239979,0,0,0,0,0,0,0
2844242,109.2060719,0,0,0,95.47367964,0,0
38322,0,0,0,0,0,0,0
2975964,0,0,0,0,0,0,0
2878150,0,61.60290766,0,0,0,0,0
3240036,0,0,0,0,0,0,0
1232428,0,0,0,0,121.5119559,0,0
2592655,0,0,0,0,0,0,0
1389223,0,90.59251126,0,0,0,0,0
3420932,0,0,0,0,0,0,0
1102,0,0,0,0,0,0,0
2867005,0,61.60290766,0,0,0,0,0
2975642,0,0,0,0,0,0,0
280,0,0,0,0,0,0,0
63363,0,0,0,0,0,0,0
589382,0,0,0,0,0,0,0
2341112,0,0,0,0,0,0,0
3373598,0,0,0,0,0,0,0
370526,0,0,0,0,0,0,0
2975940,0,0,0,0,0,0,0
3133697,0,0,0,0,0,0,0
1395951,0,0,0,0,0,0,0
1071080,0,0,0,0,0,0,0
1894969,0,0,0,0,0,0,0
2994496,0,0,0,0,0,0,0
3144669,0,0,0,0,0,0,0
3241166,0,61.60290766,0,0,0,0,0
3066239,0,0,0,0,0,0,0
2903582,0,0,0,0,0,0,0
3366811,100.8056048,0,0,0,0,0,0
2714844,0,0,0,0,0,0,0
2493677,0,0,0,0,0,0,0
2654282,0,0,0,0,0,0,0
3019934,0,0,0,0,0,0,0
2903649,0,0,0,0,0,0,0
2919917,0,0,0,0,0,0,0
2975985,0,0,0,0,0,0,0
2219057,0,0,0,0,0,0,0
1224749,0,0,0,0,0,0,0
214851,0,0,0,0,0,0,0
415996,0,0,0,0,0,0,0
2975923,0,0,0,0,0,0,0
477976,0,0,0,0,0,0,0
2029117,0,0,0,0,0,0,0
3133279,0,0,0,0,0,0,0
3400273,0,0,0,0,0,0,0
1866,0,0,0,0,0,0,0
169292,0,0,0,0,0,0,0
33995,0,0,0,0,0,0,0
3243370,0,0,0,0,0,0,0
3404117,0,0,0,0,0,0,0
83265,0,0,0,0,0,0,0
2975972,0,0,0,0,0,0,0
29485,0,0,0,0,0,0,0
1652545,0,0,0,0,0,0,0
3048622,0,0,0,0,0,0,0
68274,0,0,0,0,0,0,0
53522,0,0,0,0,0,0,0
2986947,0,0,0,0,0,0,0
400770,0,68.85030856,0,0,0,0,0
152260,0,0,0,0,0,0,0
372663,0,0,0,0,0,0,0
2831894,0,97.83991216,0,0,0,0,0
2937433,0,0,0,0,0,0,0
3079556,0,0,0,0,0,0,0
2726989,0,0,0,0,0,0,0
2738867,0,0,0,0,0,0,0
785,0,0,0,0,0,0,0
3378087,0,0,0,0,0,0,0
1606,0,39.86070495,0,0,0,0,0
1027966,0,0,0,0,0,0,0
2949093,0,36.2370045,0,0,0,0,0
2057800,0,0,0,0,147.5502322,0,0
1004901,0,0,0,0,0,0,0
2979324,0,0,0,0,0,0,0
3388313,0,0,0,0,0,0,0
2499144,0,0,0,0,0,0,0
2508307,0,0,0,0,0,0,0
163011,0,0,0,0,0,0,0
568869,0,0,0,0,0,0,0
1751046,0,72.47400901,0,0,0,0,0
1968775,0,0,0,0,0,0,0
2806262,0,0,0,0,0,0,0
3384452,0,0,0,0,0,0,0
49118,0,0,0,0,0,0,0
3052810,151.2084072,47.10810586,0,0,0,0,0
2931976,0,0,0,0,0,0,0
948,0,76.09770946,0,0,0,0,0
2614538,0,0,0,0,0,0,0
2752475,0,0,0,0,0,0,0
47854,0,0,0,0,0,0,0
2975712,0,0,0,0,0,0,0
1720083,0,0,0,0,0,0,0
1049,0,0,0,0,0,0,0
108010,0,0,0,0,0,0,0
2052484,0,0,0,0,0,0,0
2420509,0,0,0,0,0,0,0
447217,0,0,0,0,0,0,0
2003121,0,0,0,0,0,0,0
1400865,0,0,0,0,0,0,0
55208,0,0,0,0,0,0,0
46677,0,0,0,0,0,0,0
518,0,0,0,0,0,0,0
2714934,0,0,0,0,0,0,0
2304190,0,0,0,0,0,0,0
3417757,0,0,0,0,0,0,0
81479,0,0,0,0,0,0,0
2498704,0,0,0,0,0,0,0
2789425,0,0,0,0,0,0,0
2683193,0,0,0,0,0,0,0
436397,117.6065389,0,0,0,0,0,0
1736306,0,0,0,0,0,0,0
3133304,0,0,0,0,0,0,0
3177515,0,0,0,0,0,0,0
2798804,0,0,0,0,0,0,0
2917691,0,0,0,0,0,0,0
1891094,0,0,0,0,0,0,0
2955235,0,97.83991216,0,0,0,0,0
2871820,0,0,0,0,0,0,0
2864205,0,0,0,0,0,0,0
3433152,0,0,0,0,0,0,0
2975783,0,0,0,0,0,0,0
3066314,0,0,0,0,156.2296576,0,0
2591145,0,0,0,0,0,0,0
2867014,0,0,0,0,0,0,0
3110772,0,0,0,0,0,0,0
3064529,0,0,0,0,0,0,0
2005885,0,0,0,0,0,0,0
2975991,0,0,0,0,0,0,0
412963,0,0,0,0,0,0,0
187880,0,47.10810586,0,0,0,0,0
2067960,0,0,0,0,0,0,0
3457761,0,0,0,0,0,0,0
2740185,0,57.97920721,0,0,0,0,0
3240070,0,0,0,0,0,0,0
2752515,0,0,0,0,0,0,0
2173853,0,0,0,0,0,0,0
2692125,92.40513773,0,0,0,86.79425422,0,0
2975784,0,0,0,0,0,0,0
3015152,0,0,0,0,0,0,0
3426242,0,0,0,0,0,0,186.5224227
87791,0,0,0,0,0,0,0
3078441,0,0,0,0,0,0,0
3239995,0,0,0,0,0,0,0
3075430,0,0,0,0,0,0,0
1331682,0,47.10810586,0,0,0,0,0
2282738,0,0,0,0,0,0,0
256821,0,0,0,0,0,0,0
2903835,0,0,0,0,0,0,0
2758724,0,0,0,0,0,0,0
3141462,0,0,0,0,0,0,0
2716226,0,0,0,0,0,0,0
2962047,0,0,0,0,0,0,0
686309,0,0,0,0,0,0,0
77125,0,112.334714,0,0,0,0,0
2795387,0,39.86070495,0,0,0,0,0
3377529,0,0,0,0,0,0,0
165096,0,0,0,0,0,0,0
2493093,0,0,0,0,0,0,0
3026161,0,39.86070495,0,0,0,0,0
117567,0,0,0,0,0,0,0
2668067,0,0,0,0,0,0,0
2907343,0,0,0,0,0,0,0
3410987,0,0,0,0,0,0,0
6035,0,0,0,0,0,0,0
322095,0,0,0,0,95.47367964,0,0
136996,0,0,0,0,0,0,0
3015167,0,0,0,0,0,0,0
2973977,0,0,0,0,0,0,0
1842537,0,0,0,0,0,0,0
3020906,210.0116766,0,0,0,0,0,0
3153928,0,39.86070495,0,0,0,0,0
2498452,0,0,0,0,0,0,0
3133302,0,0,0,0,0,0,0
1735038,0,50.73180631,0,0,0,0,0
2589074,0,0,0,0,0,0,0
1628392,0,0,0,0,0,0,0
2028345,0,0,0,0,0,0,0
483545,0,0,0,0,0,0,0
2849093,0,0,0,0,0,0,0
3019889,0,0,0,0,0,0,0
2704468,0,0,0,0,0,0,0
3133976,0,0,0,0,0,0,0
1331258,0,0,0,0,0,0,0
676208,0,0,0,0,0,0,0
2842355,0,0,0,0,0,0,0
2982615,0,0,0,0,0,0,0
2903885,0,0,0,0,0,0,0
2952525,0,0,0,0,0,0,0
76021,0,0,0,0,0,0,0
2918527,0,0,0,0,0,0,0
2864211,0,83.34511036,0,0,0,0,0
2751170,0,68.85030856,0,0,0,0,0
2996004,0,0,0,0,0,0,0
2202000,0,0,0,0,0,0,0
1962974,0,0,0,0,0,0,0
1860122,0,0,0,0,0,0,0
3428176,0,0,0,0,0,0,0
2762323,0,0,0,0,0,0,0
2576928,0,0,0,0,0,0,0
59748,0,0,0,0,0,0,0
33992,0,0,0,0,0,0,0
1612435,0,0,0,0,0,0,0
3080983,0,0,0,0,0,0,0
1842532,0,0,0,0,0,0,0
2587846,0,0,0,0,0,0,0
3084920,0,0,0,0,0,0,0
2820884,0,39.86070495,0,0,0,0,0
3342249,0,79.72140991,0,0,0,0,0
39688,0,0,0,0,0,0,0
2654189,0,0,0,0,0,0,0
2898,0,0,0,0,0,0,0
2486855,0,0,0,0,0,0,0
227318,0,0,0,0,0,0,0
28117,0,0,0,0,0,0,0
3240912,0,0,0,0,0,0,0
1046114,0,0,0,0,0,0,0
546114,0,0,0,0,0,0,0
3404063,0,0,0,0,0,0,0
2975702,0,0,0,0,0,0,0
3120264,0,0,0,0,0,0,0
2975934,0,0,0,0,0,0,0
3158143,0,0,0,0,0,0,0
2949090,0,47.10810586,0,0,0,0,0
2708079,0,0,0,0,0,0,0
3394234,0,0,0,0,0,0,0
3229851,0,101.4636126,0,0,0,0,0
76853,0,0,0,0,0,0,0
797277,0,0,0,0,0,0,0
1867408,0,0,0,0,0,0,0
2567881,0,0,0,0,0,0,0
604088,0,50.73180631,0,0,0,0,0
2975756,0,0,0,0,0,0,0
76731,0,0,0,0,0,0,0
3095075,0,0,0,0,0,0,0
46189,0,0,0,0,0,0,0
1911587,0,0,0,0,0,0,0
2903889,0,0,0,0,0,0,0
2816956,0,0,0,0,0,0,0
1582356,0,54.35550676,0,0,0,0,0
3078264,0,0,0,0,0,0,0
2674991,0,0,0,0,0,0,0
2756133,0,0,0,0,0,0,0
1175444,0,0,0,0,0,0,0
67367,0,0,0,0,0,0,0
3060047,0,0,0,0,0,0,0
329,0,0,0,0,0,0,0
1703340,0,0,0,0,0,0,0
3350175,0,0,0,0,0,0,0
1561005,0,0,0,0,0,0,0
1961713,0,0,0,0,0,0,0
3003272,0,0,0,0,0,0,0
637971,0,0,0,0,0,0,0
569860,0,68.85030856,0,0,0,0,0
302484,0,0,0,0,0,0,0
2845508,0,0,0,0,0,0,0
2762325,0,0,0,0,0,0,0
332657,0,0,0,0,0,0,0
92947,0,50.73180631,0,0,0,0,0
712471,0,0,0,0,0,0,0
1907662,84.00467066,54.35550676,0,0,0,0,0
3034025,0,0,0,0,156.2296576,0,0
2921437,0,0,0,0,0,0,0
1249101,0,0,0,0,0,0,0
2020377,0,0,0,0,0,0,0
3344656,0,0,0,0,0,0,0
2811423,0,0,0,0,0,0,0
2766701,0,0,0,0,0,0,0
284035,0,0,0,0,0,0,0
3108391,0,0,0,0,0,0,0
190721,0,0,0,0,0,0,0
400065,0,0,0,0,0,0,0
1906741,0,0,0,0,0,0,0
1434191,0,50.73180631,0,0,0,0,0
2714944,0,0,0,0,0,0,0
68334,0,0,0,0,0,0,0
3415675,0,0,0,0,0,0,0
2975752,0,0,0,0,0,0,0
2603206,0,0,0,0,0,0,0
3131937,0,0,0,0,0,0,0
3092262,0,0,0,0,0,0,0
3136632,0,0,0,0,0,0,0
1736226,0,0,0,0,0,0,0
203192,0,0,0,0,0,0,0
3064286,0,0,0,0,0,0,0
119206,0,0,0,0,0,0,0
2878152,0,0,0,0,0,0,0
1960,0,0,0,0,0,0,0
396595,0,0,0,0,0,0,0
2697043,0,0,0,0,0,0,0
3108543,0,0,0,0,0,0,0
2774933,0,0,0,0,0,0,0
2587843,0,0,0,0,0,0,0
1223565,0,0,0,0,0,0,0
3414029,0,0,0,0,0,0,0
3035454,0,65.22660811,0,0,0,0,0
3075605,0,0,0,0,0,0,0
340320,0,0,0,0,0,0,0
251749,0,0,0,0,0,0,0
2904523,0,0,0,0,0,0,0
404385,0,0,0,0,0,0,0
69964,0,0,0,0,0,0,0
3385967,0,0,0,0,0,0,0
3035275,0,0,0,0,0,0,0
3372854,0,0,0,0,0,0,0
3403079,0,0,0,0,0,0,0
1894,0,0,0,0,0,0,0
2968085,0,72.47400901,0,0,0,0,0
436515,0,0,0,0,0,0,0
2975728,0,0,0,0,0,0,0
2529381,0,0,0,0,0,0,0
2903665,0,47.10810586,0,0,0,0,0
363835,0,0,0,0,0,0,0
948107,0,0,0,0,0,0,0
2749991,0,0,0,0,0,0,0
2984338,0,0,0,0,0,0,0
2903583,0,0,0,0,0,0,0
3383502,0,0,0,0,0,0,0
93221,0,0,0,0,0,0,0
2814275,0,0,0,0,0,0,0
2954560,0,0,0,0,0,0,0
558541,0,101.4636126,0,0,0,0,0
3038927,0,0,0,0,0,0,0
2486273,0,0,0,0,0,0,0
2509614,0,0,0,0,0,0,0
2744515,0,0,0,0,0,0,0
2080742,0,0,0,0,0,0,0
3140381,0,0,0,0,0,0,0
200618,0,0,0,0,0,0,0
2675784,0,0,0,0,0,0,0
2886936,0,0,0,0,0,0,0
319707,0,0,0,0,0,0,0
81425,0,0,0,0,0,0,0
1527523,0,0,0,0,0,0,0
96773,0,0,0,0,0,0,0
2175655,0,0,0,0,147.5502322,0,0
3238625,0,0,0,0,0,0,0
1689,0,0,0,0,0,0,0
3153927,0,36.2370045,0,0,0,0,0
364197,0,0,0,0,0,0,0
1661,0,0,0,0,0,0,0
3065954,0,0,0,0,0,0,0
759620,0,0,0,0,0,0,0
2903837,0,0,0,0,0,0,0
3066282,0,0,0,0,0,0,0
1795631,0,0,0,0,0,0,0
198107,0,0,0,0,0,0,0
1609758,0,0,0,0,0,0,0
2778550,0,0,0,0,0,0,0
2795687,0,0,0,0,0,0,0
53444,0,0,0,0,0,0,0
2108470,0,0,0,0,0,0,0
684552,0,0,0,0,0,0,0
2721245,0,0,0,0,0,0,0
2609256,117.6065389,61.60290766,0,0,0,0,0
3139324,0,0,0,0,0,0,0
2778078,0,0,0,0,0,0,0
2953749,0,0,0,0,0,0,0
3429999,117.6065389,76.09770946,0,0,0,0,0
2903590,0,0,0,0,0,0,0
2903832,0,0,0,0,0,0,0
92407,100.8056048,0,0,0,0,0,0
2509458,0,0,0,0,0,0,0
3385496,0,0,0,0,0,0,0
121292,0,0,0,0,0,0,0
33888,0,0,0,0,0,0,0
2803858,0,0,0,0,0,0,0
2878153,0,0,0,0,0,0,0
3133308,0,0,0,0,0,0,0
2932773,0,0,0,0,0,0,0
2903667,0,0,0,0,0,0,0
3426342,0,0,0,0,0,0,0
232348,0,0,0,0,0,0,0
2853257,0,54.35550676,0,0,0,0,0
2775498,0,0,0,0,0,0,0
1225769,0,0,0,0,0,0,0
234612,0,0,0,0,0,0,0
399726,0,0,0,0,0,0,0
67287,0,0,0,0,0,0,0
3427843,84.00467066,43.48440541,0,0,0,0,0
2867238,0,0,0,0,0,0,0
3158264,0,0,0,0,0,0,0
3037654,0,0,0,0,0,0,0
3081651,0,0,0,0,0,0,0
2802577,0,0,0,0,0,0,0
353800,0,0,0,0,0,0,0
1708715,0,0,0,0,0,0,0
2991500,0,0,0,0,0,0,0
2741720,0,0,0,0,0,0,0
640205,0,0,0,0,0,0,0
621374,0,0,0,0,0,0,0
3394231,0,0,0,0,0,0,0
2847992,0,0,0,0,0,0,0
36861,0,0,0,0,0,0,0
1853278,0,0,0,0,0,0,0
257438,0,0,0,0,0,0,0
28894,0,0,0,0,0,0,0
2862869,0,0,0,0,0,0,0
2984530,0,0,0,0,0,0,0
1537274,0,0,0,0,0,0,0
1871022,0,0,0,0,0,0,0
2781599,0,0,0,0,0,0,0
2903585,0,0,0,0,0,0,0
1166323,0,0,0,0,0,0,0
357240,0,0,0,0,0,0,0
65958,0,0,0,0,138.8708068,0,0
3133333,0,0,0,0,0,0,0
1678028,0,0,0,0,0,0,0
2921652,0,0,0,0,0,0,0
3098669,0,0,0,0,0,0,0
3372850,0,0,0,0,0,0,0
1520670,0,0,0,0,0,0,0
2732364,0,0,0,0,0,0,0
3052209,84.00467066,68.85030856,0,0,0,0,0
1042156,0,61.60290766,0,0,0,0,0
3404056,0,0,0,0,0,0,0
47312,0,0,0,0,0,0,0
3273430,0,0,0,0,0,0,0
2213200,0,0,0,0,0,0,0
2975669,0,0,0,0,0,0,0
3434395,0,0,0,0,0,0,0
3401635,0,0,0,0,0,0,0
1226757,0,0,0,0,0,0,0
2203895,0,0,0,0,0,0,0
39695,0,0,0,0,0,0,0
494,0,0,0,0,0,0,0
1881016,0,0,0,0,0,0,0
169184,0,0,0,0,0,0,0
2041036,0,0,0,0,0,0,0
592378,0,0,0,0,0,0,0
2991496,142.8079401,0,0,0,0,0,0
2572921,0,0,0,0,0,0,0
2044467,0,0,0,0,0,0,0
2614639,0,83.34511036,0,0,0,0,0
748811,0,43.48440541,0,0,0,0,0
446660,0,0,0,0,0,0,0
2203210,0,0,0,0,0,0,0
3142975,0,0,0,0,0,0,0
1460244,0,0,0,0,0,0,0
2983233,109.2060719,39.86070495,0,0,0,0,0
1508419,0,0,0,0,0,0,0
317577,0,0,0,0,0,0,0
3075627,0,0,0,0,0,0,0
80868,0,0,0,0,0,0,0
2275,0,0,0,0,0,0,0
1940690,0,47.10810586,0,0,0,0,0
71997,109.2060719,43.48440541,0,0,0,0,0
138074,0,0,0,0,0,0,0
3108224,0,0,0,0,0,0,0
2975795,0,0,0,0,0,0,0
3093856,0,0,0,0,0,0,0
78398,0,0,0,0,0,0,0
1561023,0,0,0,0,0,0,0
2903900,0,0,0,0,0,0,0
3228804,0,0,0,0,0,0,0
1903694,0,57.97920721,0,0,0,0,0
1904944,0,0,0,0,0,0,0
2006,0,36.2370045,0,0,0,0,0
482462,0,0,0,0,0,0,0
92401,0,0,0,0,0,0,0
2509459,0,0,0,0,0,0,0
1836198,0,0,0,0,0,0,0
3103139,0,0,0,0,130.1913813,0,0
2203205,0,0,0,0,0,0,0
2072503,0,0,0,0,0,0,0
273528,0,0,0,0,0,0,0
1797,0,0,0,0,0,0,0
186189,0,0,0,0,0,0,0
11,0,54.35550676,0,0,0,0,0
1200300,0,0,0,0,0,0,0
1897060,0,0,0,0,0,0,0
2735434,0,0,0,0,0,0,0
2919506,0,0,0,0,0,0,0
3420380,0,0,0,0,0,0,0
1917158,0,0,0,0,0,0,0
3133319,0,61.60290766,0,0,0,0,0
3104013,0,0,0,0,156.2296576,0,0
1353277,0,0,0,0,0,0,0
3401633,0,0,0,0,156.2296576,0,0
2954742,0,0,0,0,0,0,0
2975699,126.007006,0,0,0,0,0,0
3240029,0,0,0,0,0,0,0
2740817,0,0,0,0,0,0,0
146474,0,0,0,0,0,0,0
2672569,0,0,0,0,0,0,0
2071710,0,0,0,0,0,0,0
2654982,0,0,0,0,0,0,0
3094916,0,0,0,0,0,0,0
2587865,0,94.21621171,0,0,0,0,0
2717324,0,43.48440541,0,0,0,0,0
1288636,0,0,0,0,0,0,0
994696,0,0,0,0,0,0,0
129789,0,0,0,0,0,0,0
2866381,0,43.48440541,0,0,112.8325305,0,0
1436290,0,0,0,0,0,0,0
1938605,0,0,0,0,0,0,0
1761891,0,0,0,0,0,0,0
3377215,0,0,0,0,0,0,0
146939,0,0,0,0,0,0,0
182262,0,0,0,0,0,0,0
2782655,0,0,0,0,0,0,0
1273,0,0,0,0,0,0,0
3049086,0,0,0,0,0,0,0
3166650,0,0,0,0,0,0,0
3391399,0,0,0,0,0,0,0
2895480,0,0,0,0,0,0,0
2903778,0,0,0,0,0,0,0
2954526,0,0,0,0,0,0,0
3230979,0,0,0,0,0,0,0
2909588,0,0,0,0,0,0,0
142651,0,0,0,0,0,0,0
2979862,0,0,0,0,0,0,0
1902408,0,0,0,0,0,0,0
641491,0,0,0,0,0,0,0
242606,0,0,0,0,0,0,0
2081042,0,0,0,0,0,0,0
338565,0,0,0,0,0,0,0
3231487,0,0,0,0,95.47367964,0,0
1815583,84.00467066,86.96881081,0,0,0,0,0
2501295,0,0,0,0,0,0,0
2954084,0,0,0,0,0,0,0
2961596,0,0,0,0,0,0,0
2764705,0,0,0,0,0,0,0
3015151,0,0,0,0,0,0,0
3135255,0,0,0,0,0,0,0
3035470,0,0,0,0,0,0,146.5533321
2734149,0,0,0,0,0,0,0
3059961,0,0,0,0,0,0,0
1430326,0,0,0,0,0,0,0
3140788,0,0,0,0,0,0,0
1326,0,0,0,0,0,0,0
2751189,0,0,0,0,0,0,0
2880260,0,0,0,0,0,0,0
3239941,0,0,0,0,0,0,0
3056937,0,0,0,0,0,0,0
3239302,0,0,0,0,0,0,0
2879114,0,0,0,0,0,0,0
2576917,0,0,0,0,0,0,0
3430494,0,0,0,0,0,0,0
300560,0,0,0,0,0,0,0
1923149,0,61.60290766,0,0,104.1531051,0,0
2901142,0,0,0,0,0,0,0
1914525,0,0,0,0,0,0,0
1536771,0,0,0,0,0,0,0
2962676,0,0,0,0,0,0,0
323273,0,57.97920721,0,0,0,0,0
3133314,0,0,0,0,0,0,0
2728851,0,47.10810586,0,0,0,0,0
1421430,0,0,0,0,0,0,0
2895818,0,0,0,0,0,0,0
342942,0,0,0,0,0,0,0
1663209,126.007006,43.48440541,0,0,0,0,0
3060193,109.2060719,50.73180631,0,0,0,0,0
2816950,0,0,0,0,0,0,0
3415223,0,0,0,0,0,0,0
2862331,0,0,0,0,0,0,0
2575361,0,0,0,0,0,0,0
2079536,0,50.73180631,0,0,0,0,0
2594007,0,0,0,0,0,0,0
2953746,0,0,0,0,0,0,0
2931399,0,0,0,0,0,0,0
2819238,0,0,0,0,0,0,0
2665642,0,0,0,0,0,0,0
1788,0,0,0,0,0,0,0
2929802,0,0,0,0,0,0,0
1914329,0,0,0,0,0,0,0
2774189,0,0,0,0,0,0,0
3376152,0,0,0,0,0,0,0
3141544,0,0,0,0,0,0,0
3392295,0,0,0,0,0,0,0
416213,0,0,0,0,0,0,0
64471,0,0,0,0,0,0,0
2801335,0,0,0,0,0,0,0
2935861,0,0,0,0,0,0,0
2925844,0,0,0,0,0,0,0
2938948,0,0,0,0,0,0,0
2490858,0,0,0,0,0,0,0
2660554,0,0,0,0,0,0,0
2883238,0,0,0,0,0,0,0
2983220,0,0,0,0,0,0,0
553981,0,0,0,0,0,0,0
322009,0,0,0,0,0,0,0
2072505,0,0,0,0,0,0,0
2562449,0,0,0,0,0,0,0
2072414,0,0,0,0,0,0,0
3241168,0,0,0,0,0,0,0
319970,0,0,0,0,0,0,0
3122375,0,0,0,0,0,0,0
3238627,0,0,0,0,0,0,0
3419766,0,0,0,0,0,0,0
1327037,0,0,0,0,0,0,0
206506,0,0,0,0,0,0,0
1872084,0,0,0,0,0,0,0
3060801,0,0,0,0,0,0,0
218936,0,0,0,0,0,0,0
2047767,0,36.2370045,0,0,0,0,0
2734128,151.2084072,0,0,0,0,0,0
3457764,0,0,0,0,0,0,0
1813880,0,0,0,0,0,0,0
90239,0,0,0,0,0,0,0
3133972,0,0,0,0,0,0,0
2975763,0,0,0,0,0,0,0
3243378,0,0,0,0,0,0,0
68188,0,0,0,0,0,0,0
2320,0,0,0,0,0,0,0
1486246,0,0,0,0,0,0,0
2687299,0,0,0,0,0,0,0
3427737,0,0,0,0,0,0,0
2596916,0,0,0,0,0,0,0
2840183,0,0,0,0,0,0,0
2593973,0,0,0,0,0,0,0
3412035,0,50.73180631,0,0,0,0,0
458639,0,0,0,0,0,0,0
2806615,0,0,0,0,0,0,0
2944250,0,0,0,0,0,0,0
2843653,0,0,0,0,0,0,0
3138240,0,0,0,0,0,0,0
2976431,0,0,0,0,0,0,0
2781023,0,0,0,0,0,0,0
45362,0,36.2370045,0,0,0,0,0
2993564,0,0,0,0,0,0,0
3110111,0,0,0,0,0,0,0
3395915,0,0,0,0,0,0,0
530584,0,0,0,0,0,0,0
2975847,0,0,0,0,0,0,0
1603,0,0,0,0,0,0,133.2303019
2599641,84.00467066,54.35550676,0,0,0,0,0
2807631,0,0,0,0,0,0,0
117207,0,0,0,0,0,0,0
3016086,0,0,0,0,0,0,0
2761578,0,0,0,0,0,0,0
1751150,92.40513773,54.35550676,0,0,0,0,0
2601646,0,0,0,0,156.2296576,0,0
3118768,0,0,0,0,0,0,0
3416276,0,0,0,0,0,0,0
2995413,0,36.2370045,0,0,0,0,0
2048897,0,0,0,0,0,0,0
3024245,0,0,0,0,0,0,0
2857014,0,0,0,0,0,0,0
2108523,0,0,0,0,0,0,0
2774055,0,173.9376216,0,0,0,0,0
73098,0,0,0,0,0,0,0
2738410,0,0,0,0,0,0,0
3457578,0,0,0,0,0,0,0
665914,0,0,0,0,0,0,0
89065,0,0,0,0,0,0,0
2601575,0,0,0,0,0,0,0
3082547,0,0,0,0,0,0,0
2844071,0,0,0,0,0,0,173.1993925
1577685,0,0,0,0,0,0,0
2683234,0,0,0,0,0,0,0
1904616,0,0,0,0,0,0,0
2981134,0,0,0,0,0,0,0
1687,0,0,0,0,0,0,0
89154,0,0,0,0,0,0,0
2099693,0,0,0,0,0,0,0
2898152,0,0,0,0,0,0,0
1245526,0,0,0,0,86.79425422,0,0
2973072,0,0,0,0,0,0,0
706438,0,0,0,0,0,0,0
1930,0,0,0,0,0,0,0
3243030,0,0,0,0,0,0,0
3038642,0,0,0,0,0,0,0
2126321,0,0,0,0,0,0,0
3139142,0,0,0,0,0,0,0
67476,0,0,0,0,0,0,0
2815360,0,0,0,0,0,0,0
3151385,0,0,0,0,0,0,0
42817,0,0,0,0,0,0,0
2822761,0,0,0,0,0,0,0
3345111,0,0,0,0,0,0,0
1635171,0,0,0,0,0,0,0
1717,0,0,0,0,0,0,0
924,0,0,0,0,0,0,0
2662028,0,0,0,0,0,0,0
3133309,0,0,0,0,0,0,0
2071607,0,0,0,0,0,0,0
42197,0,0,0,0,0,0,0
2987533,0,0,0,0,0,0,0
57480,0,36.2370045,0,0,0,0,0
1433415,0,0,0,0,0,0,0
3031131,0,0,0,0,0,0,0
3344666,0,54.35550676,0,0,0,0,0
3239958,0,0,0,0,0,0,0
938289,0,0,0,0,0,0,0
3422227,0,0,0,0,0,0,0
2932247,0,0,0,0,0,0,0
3059038,0,0,0,0,0,0,0
2903678,0,0,0,0,0,0,0
2559597,0,0,0,0,0,0,0
2798799,0,0,0,0,0,0,0
3418717,0,0,0,0,0,0,0
320778,0,0,0,0,0,0,0
2954611,0,0,0,0,0,0,0
3436241,0,0,0,0,0,0,0
3238584,0,0,0,0,0,0,0
2070337,0,0,0,0,0,0,0
1320552,0,0,0,0,0,0,0
1868325,0,0,0,0,0,0,0
35814,0,0,0,0,0,0,0
3060418,0,0,0,0,0,0,0
1598147,0,0,0,0,0,0,0
2975689,0,0,0,0,0,0,0
2875706,0,50.73180631,0,0,0,0,0
2943498,0,0,0,0,0,0,0
2560484,0,0,0,0,147.5502322,0,0
31963,0,0,0,0,0,0,0
1771309,0,0,0,0,0,0,0
126734,0,0,0,0,0,0,146.5533321
2201998,0,0,0,0,0,0,0
379895,0,0,0,0,0,0,0
2508168,0,50.73180631,0,0,0,0,0
3052086,0,0,0,0,0,0,0
3047864,0,0,0,0,0,0,0
2773308,0,65.22660811,0,0,0,0,0
3092086,0,0,0,0,0,0,0
2792480,0,0,0,0,0,0,0
2681310,0,0,0,0,0,0,0
2861750,0,0,0,0,0,0,0
55395,0,0,0,0,0,0,0
2781024,0,0,0,0,0,0,0
110937,0,0,0,0,0,0,0
157783,0,0,0,0,0,0,0
2898795,0,0,0,0,0,0,0
3049070,0,0,0,0,0,0,0
2909249,0,0,0,0,0,0,0
627624,0,0,0,0,0,0,0
2949993,0,0,0,0,0,0,0
2742796,0,0,0,0,0,0,0
2780074,0,0,0,0,0,0,0
2070347,0,0,0,0,0,0,0
3032283,0,76.09770946,0,0,0,0,0
1712654,0,0,0,0,0,0,133.2303019
3426474,0,0,0,0,0,0,0
307249,0,0,0,0,0,0,0
418702,0,0,0,0,0,0,0
3142976,0,0,0,0,0,0,0
1469144,0,0,0,0,0,0,0
2871095,0,0,0,0,0,0,0
1166130,0,0,0,0,0,0,0
2184083,0,0,0,0,0,0,0
28232,0,0,0,0,0,0,0
419015,0,0,0,0,0,0,0
3431485,0,0,0,0,0,0,146.5533321
3399679,0,0,0,0,0,0,0
2846436,0,0,0,0,0,0,0
3419764,0,0,0,0,0,0,0
2203219,0,47.10810586,0,0,0,0,0
2975680,0,0,0,0,0,0,0
2161747,0,36.2370045,0,0,0,0,0
3153754,0,0,0,0,0,0,0
3137778,0,0,0,0,0,0,0
926,0,0,0,0,0,0,0
3077936,0,0,0,0,0,0,0
715471,0,0,0,0,0,0,0
58117,0,0,0,0,0,0,0
2774137,0,0,0,0,0,0,0
1331910,0,0,0,0,0,0,0
3108389,0,0,0,0,0,0,0
1283076,0,0,0,0,0,0,0
3034675,0,0,0,0,0,0,0
2419774,0,0,0,0,0,0,0
387092,0,0,0,0,0,0,0
2751177,0,0,0,0,0,0,0
163202,0,0,0,0,0,0,0
319947,0,0,0,0,0,0,0
3433755,0,43.48440541,0,0,0,0,0
2493670,0,0,0,0,0,0,0
671990,0,0,0,0,112.8325305,0,0
76123,0,0,0,0,0,0,0
2954082,0,0,0,0,0,0,0
2597701,0,0,0,0,0,0,0
3133322,0,0,0,0,0,0,0
3002640,0,0,0,0,0,0,0
2975736,0,0,0,0,0,0,0
3149228,0,0,0,0,0,0,0
2748080,0,0,0,0,0,0,0
69527,0,0,0,0,0,0,0
1515612,0,0,0,0,0,0,0
1543852,0,0,0,0,0,0,0
676200,0,0,0,0,0,0,0
1433513,0,0,0,0,0,0,0
2009266,0,47.10810586,0,0,0,0,0
2049881,0,0,0,0,0,0,0
2903713,0,163.0665203,0,0,0,0,0
215221,0,50.73180631,0,0,0,0,0
1643512,0,0,0,0,0,0,0
2871170,0,0,0,0,0,0,0
862751,0,0,0,0,0,0,0
2079575,0,0,0,0,0,0,0
2785124,0,0,0,0,0,0,0
3050267,0,0,0,0,0,0,0
42234,0,0,0,0,0,0,0
2974023,0,0,0,0,0,0,0
2294034,0,0,0,0,0,0,0
1765049,0,0,0,0,0,0,0
247333,0,0,0,0,0,0,0
2871694,0,0,0,0,0,0,0
1050174,0,0,0,0,0,0,0
3454628,0,0,0,0,0,0,0
3074379,0,79.72140991,0,0,0,0,0
3075432,0,0,0,0,0,0,0
3430368,126.007006,36.2370045,0,0,0,0,0
2886940,0,0,0,0,0,0,0
1977088,0,0,0,0,0,0,0
1909290,0,39.86070495,0,0,0,0,0
3026192,0,0,0,0,0,0,0
2211211,0,0,0,0,0,0,0
2921562,0,0,0,0,0,0,0
1353138,0,0,0,0,0,0,0
2496836,0,0,0,0,0,0,0
1812480,0,0,0,0,0,0,0
3160841,0,0,0,0,0,0,0
261654,0,0,0,0,0,0,0
2729175,0,0,0,0,0,0,0
181486,0,0,0,0,0,0,0
1097,0,0,0,0,0,0,0
3350168,0,0,0,0,0,0,0
2483799,0,0,0,0,0,0,0
3388266,0,0,0,0,0,0,0
2099695,0,0,0,0,0,0,0
3098762,0,0,0,0,0,0,0
68200,0,0,0,0,0,0,0
2590884,0,0,0,0,0,0,0
110505,0,0,0,0,0,0,0
3133299,0,0,0,0,0,0,0
2725560,0,43.48440541,0,0,0,0,0
2560029,0,0,0,0,0,0,0
1920114,0,0,0,0,0,0,0
3034029,0,0,0,0,0,0,0
3074854,0,0,0,0,0,0,0
46351,0,0,0,0,0,0,0
2886375,0,0,0,0,0,0,0
1848580,0,0,0,0,0,0,0
2602070,0,0,0,0,0,0,0
2059884,0,0,0,0,0,0,0
2290923,0,0,0,0,0,0,0
671211,0,0,0,0,0,0,0
220752,0,0,0,0,0,0,159.8763623
44449,0,0,0,0,0,0,0
2940488,0,0,0,0,0,0,0
3139409,0,0,0,0,0,0,0
3157631,0,0,0,0,0,0,0
2817969,0,0,0,0,0,0,0
1810,0,0,0,0,0,0,0
1444770,0,0,0,0,0,0,0
3081201,0,0,0,0,0,0,0
2903752,0,0,0,0,0,0,0
187878,0,36.2370045,0,0,0,0,0
2070369,0,0,0,0,0,0,0
1471761,0,0,0,0,0,0,0
1802984,0,0,0,0,0,0,0
3241601,0,0,0,0,0,0,0
131568,0,47.10810586,0,0,0,0,0
3414159,0,0,0,0,0,0,0
2927980,0,0,0,0,0,0,0
2903748,0,0,0,0,0,0,0
3041435,0,0,0,0,0,0,0
3238629,0,0,0,0,0,0,0
2772253,0,0,0,0,0,0,0
1131707,0,0,0,0,0,0,0
67780,0,0,0,0,0,0,0
43769,0,0,0,0,0,0,0
2932248,0,0,0,0,0,0,0
2782168,0,0,0,0,0,0,0
1457,0,0,0,0,0,0,0
3033811,0,0,0,0,0,0,0
502682,0,43.48440541,0,0,0,0,0
3028319,0,0,0,0,0,0,0
2819619,0,0,0,0,0,0,0
3428560,0,0,0,0,130.1913813,0,0
2903776,0,0,0,0,0,0,0
2730915,0,0,0,0,0,0,0
68223,0,0,0,0,0,0,0
2731096,0,0,0,0,0,0,0
2978047,0,0,0,0,0,0,0
161899,0,0,0,0,0,0,0
249586,0,0,0,0,0,0,0
3446364,0,0,0,0,0,0,0
2589797,0,0,0,0,0,0,0
2785627,0,0,0,0,0,0,0
3404058,0,0,0,0,0,0,0
2934161,0,0,0,0,0,0,0
96468,0,0,0,0,0,0,0
3059962,0,0,0,0,0,0,146.5533321
2662261,0,0,0,0,0,0,0
2846775,0,0,0,0,0,0,133.2303019
3062599,0,0,0,0,0,0,0
2975055,0,0,0,0,0,0,0
88058,0,0,0,0,0,0,0
2558361,0,0,0,0,0,0,0
2867013,0,0,0,0,0,0,0
3093845,0,0,0,0,0,0,0
298708,0,0,0,0,0,0,0
2908642,0,0,0,0,0,0,0
2903897,0,0,0,0,0,0,0
60706,0,0,0,0,0,0,0
3447018,0,0,0,0,0,0,0
2608402,0,0,0,0,0,0,0
2903627,0,0,0,0,0,0,0
200254,0,0,0,0,0,0,146.5533321
3131928,0,0,0,0,0,0,0
3135260,0,0,0,0,0,0,0
1324796,0,0,0,0,0,0,0
3376989,0,0,0,0,0,0,0
3411322,0,0,0,0,0,0,0
2601677,0,0,0,0,0,0,0
2975724,0,0,0,0,0,0,0
93929,0,0,0,0,0,0,0
28321,0,0,0,0,0,0,0
3243393,0,0,0,0,0,0,0
2774749,0,0,0,0,0,0,0
73044,0,0,0,0,0,0,0
2732249,0,0,0,0,0,0,0
2054641,0,0,0,0,0,0,0
2881056,0,0,0,0,0,0,0
2675774,0,0,0,0,0,0,0
1329899,0,0,0,0,0,0,0
2585118,0,0,0,0,0,0,0
3377113,0,0,0,0,0,0,0
651666,0,54.35550676,0,0,0,0,0
2975918,0,0,0,0,0,0,0
265175,84.00467066,0,0,0,0,0,0
2815720,0,0,0,0,0,0,0
3372855,0,0,0,0,0,0,0
577492,0,0,0,0,0,0,0
3004109,0,0,0,0,0,0,0
2495594,0,0,0,0,0,0,0
2654547,0,0,0,0,0,0,0
2903802,0,0,0,0,0,0,0
2804761,0,0,0,0,0,0,0
2975962,0,0,0,0,0,0,0
2986279,0,0,0,0,0,0,0
1487865,0,0,0,0,86.79425422,0,0
904291,0,0,0,0,0,0,0
3026433,0,0,0,0,0,0,0
3448653,0,0,0,0,0,0,0
2903596,0,0,0,0,0,0,0
2997793,0,0,0,0,0,0,0
2932244,0,0,0,0,0,0,0
1211322,0,0,0,0,0,0,0
2847989,0,0,0,0,0,0,0
3041175,0,0,0,0,0,0,0
2817409,0,0,0,0,0,0,0
3127706,0,36.2370045,0,0,0,0,0
2714943,0,0,0,0,0,0,0
1793,0,0,0,0,0,0,0
2712970,0,0,0,0,0,0,0
1842533,0,0,0,0,0,0,0
158787,0,0,0,0,0,0,0
2493679,0,0,0,0,0,0,0
2830667,0,0,0,0,0,0,0
2903588,0,0,0,0,0,0,0
1309411,0,0,0,0,0,0,0
2903655,0,0,0,0,0,0,0
2979868,0,0,0,0,0,0,0
3374554,0,0,0,0,0,0,0
2975997,0,0,0,0,0,0,0
3067275,0,0,0,0,0,0,0
2733487,0,0,0,0,0,0,0
2929512,0,0,0,0,0,0,0
2725477,0,0,0,0,0,0,0
2929489,0,0,0,0,0,0,0
1952,0,0,0,0,0,0,0
248026,0,0,0,0,0,0,0
3156398,0,0,0,0,0,0,0
2733985,0,0,0,0,0,0,0
84112,0,0,0,0,0,0,0
1968541,0,0,0,0,0,0,0
564369,0,0,0,0,0,0,0
1216886,0,0,0,0,0,0,0
3095341,0,0,0,0,0,0,0
2903844,0,0,0,0,0,0,0
2020486,0,0,0,0,0,0,0
75692,0,0,0,0,0,0,0
388357,0,0,0,0,0,0,0
285558,0,0,0,0,0,0,0
2575374,0,0,0,0,0,0,0
2971235,0,0,0,0,0,0,0
2072936,0,0,0,0,0,0,0
3138181,0,0,0,0,0,0,0
3032579,0,0,0,0,0,0,0
1802,0,0,0,0,0,0,0
3033387,0,0,0,0,95.47367964,0,0
1871031,0,0,0,0,0,0,0
2904243,0,76.09770946,0,0,0,0,0
930,0,0,0,0,0,0,0
67305,0,0,0,0,0,0,0
104623,0,0,0,0,0,0,0
376490,0,0,0,0,0,0,0
2995141,0,0,0,0,0,0,0
1351702,0,0,0,0,0,0,0
1511895,0,0,0,0,0,0,0
3402865,0,0,0,0,0,0,0
3121290,0,0,0,0,0,0,0
38308,0,0,0,0,0,0,0
1842540,0,0,0,0,0,0,0
755307,0,0,0,0,0,0,0
2879116,0,0,0,0,0,0,0
2903884,0,0,0,0,0,0,0
2686094,0,0,0,0,0,0,0
2976011,0,0,0,0,0,0,0
113107,0,0,0,0,0,0,0
78543,0,0,0,0,0,0,0
3129111,0,0,0,0,0,0,0
2614638,0,0,0,0,0,0,0
2319844,0,0,0,0,0,0,0
3434346,0,0,0,0,0,0,0
2883126,84.00467066,65.22660811,0,0,0,0,0
2559073,0,0,0,0,0,0,0
37923,0,0,0,0,0,0,0
2903638,0,0,0,0,0,0,0
3048452,0,0,0,0,0,0,0
2867516,0,0,0,0,0,0,0
2961896,0,0,0,0,0,0,0
3238632,0,0,0,0,0,0,0
3025670,0,0,0,0,0,0,0
2934937,0,0,0,0,0,0,0
2609252,0,0,0,0,0,0,0
2975989,0,0,0,0,0,0,0
3240930,0,0,0,0,0,0,0
96472,0,61.60290766,0,0,0,0,0
2903558,0,0,0,0,0,0,0
150026,0,0,0,0,0,0,0
1334193,0,0,0,0,0,0,0
2775496,0,57.97920721,0,0,0,0,0
3367743,0,0,0,0,0,0,0
2932182,0,0,0,0,0,0,0
2202149,0,0,0,0,0,0,0
1196056,0,0,0,0,0,0,0
3137451,0,0,0,0,0,0,0
2968083,0,0,0,0,0,0,0
1809410,0,0,0,0,0,0,0
387343,84.00467066,0,0,0,0,0,0
722731,0,0,0,0,0,0,0
3066134,0,0,0,0,0,0,0
2964669,0,0,0,0,0,0,0
2751179,0,0,0,0,0,0,0
2954092,0,0,0,0,0,0,0
1852373,0,0,0,0,0,0,0
2976001,0,0,0,0,0,0,0
3046274,0,0,0,0,0,0,0
3059713,0,0,0,0,0,0,0
2903772,0,0,0,0,0,0,0
2604537,0,36.2370045,0,0,0,0,0
53952,0,0,0,0,0,0,0
3142973,0,0,0,0,0,0,0
3095076,0,0,0,0,0,0,0
2975930,0,0,0,0,0,0,0
2823902,0,0,0,0,0,0,0
1573676,0,0,0,0,0,0,0
1316412,0,0,0,0,0,0,0
576926,0,0,0,0,0,0,0
414996,0,0,0,0,0,0,0
1974213,0,0,0,0,0,0,0
3081231,0,0,0,0,0,0,0
246273,0,0,0,0,0,0,0
2806989,0,0,0,0,0,0,0
1972134,109.2060719,36.2370045,0,0,0,0,0
2831967,0,0,0,0,0,0,0
2738125,0,39.86070495,0,0,0,0,0
3034022,0,0,0,0,0,0,0
3041497,0,0,0,0,0,0,0
3141789,0,0,0,0,0,0,0
3074108,0,0,0,0,0,0,0
709879,0,0,0,0,0,0,0
1871034,126.007006,0,0,0,0,0,0
1407499,0,0,0,0,0,0,0
2026239,0,0,0,0,0,0,0
3019968,0,0,0,0,0,0,0
747656,0,0,0,0,0,0,0
3149179,0,0,0,0,0,0,0
1697,0,0,0,0,0,0,0
3415006,0,0,0,0,0,0,0
3160839,0,0,0,0,0,0,0
395598,0,0,0,0,0,0,0
2921504,0,0,0,0,0,0,0
2954607,0,0,0,0,0,0,0
2749078,0,0,0,0,0,0,0
2867236,0,0,0,0,0,0,0
3030830,0,0,0,0,0,0,0
2903865,0,0,0,0,0,0,0
3231270,0,0,0,0,0,0,0
47857,0,0,0,0,0,0,0
2903639,0,0,0,0,0,0,0
145458,0,0,0,0,0,0,0
3035476,0,0,0,0,0,0,0
3344550,0,0,0,0,0,0,0
2904123,0,0,0,0,0,0,0
1282863,0,0,0,0,0,0,0
2907241,0,0,0,0,0,0,0
2726185,0,0,0,0,0,0,0
3143496,0,0,0,0,0,0,0
3068634,0,0,0,0,0,0,0
85701,0,0,0,0,0,0,0
2856555,0,0,0,0,0,0,0
556325,0,0,0,0,0,0,0
2293838,0,0,0,0,0,0,0
1144307,0,43.48440541,0,0,0,0,0
3238303,0,0,0,0,0,0,0
58135,0,0,0,0,0,0,0
29571,0,0,0,0,0,0,0
2903599,0,0,0,0,0,0,0
392610,0,0,0,0,0,0,0
2781978,0,0,0,0,0,0,0
2053611,100.8056048,0,0,0,0,0,0
2541726,0,0,0,0,0,0,0
321846,0,0,0,0,0,0,0
2903755,0,0,0,0,0,0,0
2105,0,0,0,0,0,0,0
2954686,0,0,0,0,0,0,0
47493,0,0,0,0,0,0,0
2975740,0,0,0,0,0,0,0
3369522,0,0,0,0,0,0,0
3034028,0,0,0,0,0,0,0
2975996,0,0,0,0,0,0,0
651822,0,0,0,0,0,0,0
2975640,0,0,0,0,0,0,0
1179673,0,0,0,0,0,0,0
2290922,0,0,0,0,0,0,0
42256,0,0,0,0,0,0,0
229731,0,0,0,0,0,0,0
2996785,0,0,0,0,0,0,0
3438232,0,0,0,0,0,0,0
2969247,0,0,0,0,0,0,0
59750,0,0,0,0,0,0,0
2954685,0,0,0,0,0,0,0
2991074,0,0,0,0,0,0,0
111015,0,0,0,0,0,0,0
2709690,0,0,0,0,0,0,0
2891210,0,0,0,0,0,0,0
2822368,0,0,0,0,0,0,0
2866810,0,0,0,0,0,0,0
33903,0,0,0,0,0,0,0
1938604,0,0,0,0,0,0,0
1007105,0,0,0,0,0,0,0
2771436,0,0,0,0,0,0,0
2845949,0,0,0,0,0,0,0
3066305,0,0,0,0,0,0,0
1736691,0,0,0,0,0,0,0
2861284,0,0,0,0,0,0,0
3048607,0,0,0,0,0,0,0
3376142,0,0,0,0,0,0,0
571913,0,0,0,0,0,0,0
2704467,0,0,0,0,0,0,0
1920763,0,0,0,0,0,0,0
161895,0,0,0,0,0,0,0
2844309,92.40513773,47.10810586,0,0,0,0,0
2921648,0,0,0,0,0,0,0
86170,0,0,0,0,0,0,0
1759059,0,0,0,0,0,0,0
3066278,0,0,0,0,0,0,0
2695266,0,0,0,0,0,0,0
333966,0,0,0,0,0,0,0
2763498,0,0,0,0,0,0,0
3160842,0,0,0,0,0,0,0
1658671,0,0,0,0,0,0,0
626937,0,68.85030856,0,0,0,0,0
2045452,0,0,0,0,0,0,0
1658672,0,0,0,0,0,0,0
1133546,0,0,0,0,0,0,0
308754,0,0,0,0,0,0,0
1072463,0,0,0,0,0,0,0
915,0,0,0,0,0,0,0
3066224,0,0,0,0,0,0,0
2774015,0,0,0,0,0,0,0
2929494,0,0,0,0,0,0,0
3402691,0,0,0,0,0,0,0
887464,0,0,0,0,0,0,0
2874628,0,0,0,0,0,0,0
3115647,0,0,0,0,0,0,0
2975804,0,0,0,0,0,0,0
2615214,0,0,0,0,0,0,0
1705310,0,0,0,0,0,0,0
2921378,0,0,0,0,0,0,0
2975749,0,0,0,0,0,0,0
536018,0,0,0,0,0,0,0
2749844,0,0,0,0,0,0,0
2594473,0,0,0,0,0,0,0
1379270,0,0,0,0,0,0,0
316277,0,0,0,0,0,0,0
933080,0,0,0,0,0,0,0
296544,0,0,0,0,0,0,0
766224,0,0,0,0,0,0,0
2921610,0,0,0,0,0,0,0
2979468,0,0,0,0,0,0,0
2903593,0,0,0,0,0,0,0
3050258,0,0,0,0,0,0,0
2567884,0,0,0,0,0,0,0
3139326,0,0,0,0,0,0,0
2664893,0,0,0,0,0,0,0
1542730,0,0,0,0,0,0,0
1653476,0,0,0,0,0,0,0
3436238,0,0,0,0,0,0,0
475088,0,39.86070495,0,0,0,0,0
68219,0,0,0,0,0,0,0
1851514,0,0,0,0,0,0,0
131110,0,0,0,0,0,0,0
1605721,0,0,0,0,0,0,0
3063951,0,0,0,0,0,0,0
80869,0,0,0,0,0,0,0
2267833,0,0,0,0,0,0,0
585455,0,0,0,0,0,0,0
2497325,0,0,0,0,0,0,0
2661583,0,0,0,0,0,0,0
2590774,0,0,0,0,0,0,0
3081204,0,0,0,0,0,0,0
55148,0,0,0,0,0,0,0
36813,0,0,0,0,0,0,0
3077916,0,0,0,0,0,0,0
1921001,0,0,0,0,0,0,0
516702,0,0,0,0,0,0,0
3028808,0,0,0,0,0,0,0
3133326,0,0,0,0,0,0,0
2876939,0,0,0,0,0,0,0
2730359,0,0,0,0,0,0,0
2675218,0,0,0,0,0,0,0
305719,0,0,0,0,0,0,0
2903674,0,0,0,0,0,0,0
2767222,0,0,0,0,0,0,0
33922,0,0,0,0,0,0,0
2804917,0,0,0,0,0,0,0
3115209,0,0,0,0,0,0,0
37921,0,0,0,0,0,0,0
2759943,0,0,0,0,0,0,0
3136634,0,0,0,0,0,0,0
213419,0,0,0,0,0,0,0
2886361,0,0,0,0,0,0,0
2913502,0,0,0,0,0,0,0
2903705,0,0,0,0,0,0,0
2789739,0,0,0,0,0,0,0
2987751,0,0,0,0,0,0,0
2921639,0,0,0,0,0,0,0
2224,0,0,0,0,0,0,0
3051832,0,0,0,0,0,0,0
1781,0,0,0,0,0,0,0
511062,0,0,0,0,0,0,0
2997335,0,0,0,0,0,0,0
3114367,0,36.2370045,0,0,0,0,0
3136561,0,119.5821149,0,0,0,0,0
3141461,0,0,0,0,0,0,0
1933044,0,0,0,0,0,0,0
2995142,0,0,0,0,0,0,0
1884904,0,0,0,0,0,0,133.2303019
3127120,0,0,0,0,0,0,0
2893890,0,0,0,0,0,0,0
2478662,0,0,0,0,0,0,0
1479019,0,0,0,0,0,0,0
3228751,0,0,0,0,0,0,0
3445768,0,0,0,0,0,0,0
3133323,0,0,0,0,0,0,0
1678237,0,0,0,0,0,0,0
379893,0,0,0,0,0,0,0
1805840,0,0,0,0,0,0,0
2918899,0,0,0,0,0,0,0
169669,0,0,0,0,0,0,0
2364649,0,0,0,0,0,0,0
869889,0,0,0,0,0,0,0
267212,0,0,0,0,0,0,0
860353,0,0,0,0,0,0,0
3401630,0,0,0,0,0,0,0
2480810,0,0,0,0,0,0,0
40989,0,0,0,0,0,0,0
56957,0,0,0,0,0,0,0
2956797,0,0,0,0,0,0,0
3342488,0,0,0,0,0,0,0
32062,0,0,0,0,0,0,0
274537,0,54.35550676,0,0,0,0,0
2599293,0,0,0,0,0,0,0
2558918,0,0,0,0,0,0,0
3066321,0,0,0,0,0,0,0
1457141,0,0,0,0,0,0,0
2964670,0,0,0,0,0,0,0
3093862,0,0,0,0,0,0,0
3110288,0,0,0,0,0,0,0
2975999,0,0,0,0,0,0,0
3066322,0,0,0,0,0,0,0
1431246,0,0,0,0,0,0,0
3082544,0,0,0,0,0,0,0
1793872,0,0,0,0,0,0,0
3023370,0,0,0,0,0,0,0
3349631,0,0,0,0,0,0,0
2054919,0,0,0,0,0,0,0
468916,0,0,0,0,0,0,0
578923,0,0,0,0,0,0,0
2968084,0,0,0,0,0,0,0
2576922,0,0,0,0,0,0,0
176292,0,0,0,0,0,0,0
110163,0,0,0,0,0,0,0
59406,0,0,0,0,0,0,0
441500,0,0,0,0,0,0,0
33889,0,0,0,0,0,0,0
3048606,0,0,0,0,0,0,0
392593,0,0,0,0,0,0,0
3239957,0,0,0,0,0,0,0
2904129,0,0,0,0,0,0,0
2949307,0,0,0,0,0,0,0
574964,0,0,0,0,0,0,0
2021971,0,0,0,0,0,0,0
2954703,0,0,0,0,0,0,0
3050197,0,0,0,0,0,0,0
39694,0,0,0,0,0,0,0
29542,0,0,0,0,0,0,0
1930764,0,0,0,0,0,0,0
3061627,0,0,0,0,0,0,0
2975992,0,0,0,0,0,0,0
1136941,0,0,0,0,0,0,0
3049072,0,0,0,0,0,0,0
2732594,0,0,0,0,0,0,0
3436237,0,0,0,0,0,0,0
2902623,0,0,0,0,0,0,0
3447510,0,0,0,0,0,0,0
2730360,0,0,0,0,0,0,0
266061,0,0,0,0,0,0,0
3463359,0,0,0,0,0,0,0
1364945,0,0,0,0,0,0,0
3034023,0,0,0,0,0,0,0
208439,0,0,0,0,0,0,0
1508644,0,0,0,0,0,0,0
3004105,0,0,0,0,0,0,0
2760308,0,0,0,0,0,0,0
2759167,0,0,0,0,0,0,0
3093660,0,0,0,0,0,0,0
3016419,0,0,0,0,0,0,0
1242174,0,0,0,0,0,0,0
2975946,0,0,0,0,0,0,0
2840373,0,0,0,0,0,0,0
2903762,0,0,0,0,0,0,0
2749086,0,0,0,0,0,0,0
1711,0,0,0,0,0,0,0
3231492,0,0,0,0,0,0,0
3238633,0,0,0,0,0,0,0
2742639,0,0,0,0,0,0,0
2773299,0,0,0,0,0,0,0
2930198,0,0,0,0,0,0,0
2654191,0,0,0,0,0,0,0
1765219,0,0,0,0,0,0,0
2707299,0,0,0,0,0,0,0
1229,0,0,0,0,0,0,0
83984,0,0,0,0,0,0,0
2903671,0,0,0,0,0,0,0
3396310,0,0,0,0,0,0,0
45065,0,0,0,0,0,0,0
3133695,0,0,0,0,0,0,0
3097255,0,0,0,0,0,0,0
1356852,0,0,0,0,0,0,0
2975993,0,0,0,0,0,0,0
576784,0,0,0,0,0,0,0
3025315,0,0,0,0,0,0,0
1072256,0,0,0,0,0,0,0
67296,0,0,0,0,0,0,0
269261,0,0,0,0,0,0,0
59932,0,0,0,0,0,0,0
1050,0,0,0,0,0,0,0
2487929,0,0,0,0,0,0,0
2976236,0,126.8295158,0,0,0,0,0
2975914,0,0,0,0,0,0,0
1938841,0,0,0,0,0,0,0
3394331,0,0,0,0,0,0,0
502821,0,0,0,0,0,0,0
2199,0,0,0,0,0,0,0
3025663,0,0,0,0,0,0,0
2023229,0,0,0,0,0,0,0
2927979,0,0,0,0,0,0,0
1550024,0,0,0,0,0,0,0
1920171,0,0,0,0,0,0,0
33887,0,0,0,0,0,0,0
3428192,126.007006,0,0,0,0,0,0
3052626,126.007006,0,0,0,0,0,0
2082386,0,0,0,0,0,0,0
351745,0,0,0,0,0,0,0
3157334,0,0,0,0,0,0,0
3234200,0,0,0,0,0,0,0
1287523,0,0,0,0,0,0,0
2565556,0,0,0,0,0,0,0
2961571,0,0,0,0,0,0,0
2502843,0,0,0,0,0,0,0
3033386,0,0,0,0,0,0,0
2866279,0,0,0,0,0,0,0
17,0,0,0,0,0,0,0
2975917,0,0,0,0,0,0,0
3404050,0,0,0,0,0,0,0
2880932,0,0,0,0,0,0,0
590652,0,0,0,0,0,0,0
3053610,0,0,0,0,0,0,0
3058602,0,0,0,0,0,0,0
2321394,0,0,0,0,0,0,0
3243021,0,0,0,0,0,0,0
3127701,0,0,0,0,0,0,0
2995658,0,0,0,0,0,0,0
84109,0,65.22660811,0,0,0,0,0
3066285,0,0,0,0,0,0,0
1794,0,0,0,0,0,0,0
2774834,0,0,0,0,0,0,0
1783348,0,0,0,0,0,0,0
36808,0,0,0,0,0,0,0
2734095,0,0,0,0,0,0,0
2816475,0,0,0,0,0,0,0
678601,0,0,0,0,0,0,0
2508880,0,0,0,0,0,0,0
3350177,0,0,0,0,0,0,0
2981135,0,0,0,0,0,0,0
2762748,0,0,0,0,0,0,0
1273541,0,0,0,0,0,0,0
3383024,0,0,0,0,0,0,0
320497,0,0,0,0,0,0,0
1856685,0,0,0,0,0,0,0
2742601,0,0,0,0,0,0,0
3383589,0,0,0,0,0,0,0
47920,0,0,0,0,0,0,0
2953657,0,0,0,0,0,0,0
1389922,0,0,0,0,0,0,0
2903895,0,0,0,0,0,0,0
2995143,0,0,0,0,0,0,0
60920,0,0,0,0,0,0,0
3028295,0,0,0,0,0,0,0
1223514,0,0,0,0,0,0,0
1404244,0,0,0,0,0,0,0
2662033,0,0,0,0,0,0,0
3023517,0,0,0,0,0,0,0
2975853,0,0,0,0,0,0,0
2719023,0,0,0,0,0,0,0
2903779,0,0,0,0,0,0,0
3411355,0,0,0,0,0,0,0
1335746,0,0,0,0,0,0,0
3243381,0,0,0,0,0,0,0
2986424,0,0,0,0,0,0,0
430531,0,0,0,0,0,0,0
2716717,0,0,0,0,0,0,0
2815936,0,0,0,0,0,0,0
2675793,0,0,0,0,0,0,0
3061626,0,0,0,0,0,0,0
1837283,0,65.22660811,0,0,0,0,0
2975674,0,0,0,0,0,0,0
3240774,0,0,0,0,0,0,0
2585135,0,0,0,0,0,0,0
3077925,0,0,0,0,0,0,0
3078084,0,0,0,0,0,0,0
709878,0,0,0,0,0,0,0
487173,0,0,0,0,0,0,0
1727196,0,0,0,0,0,0,0
2895565,0,0,0,0,0,0,0
3026425,0,0,0,0,0,0,0
2782568,0,0,0,0,0,0,0
54120,0,0,0,0,0,0,0
3038979,0,0,0,0,0,0,0
1218492,0,0,0,0,0,0,0
2983230,0,0,0,0,0,0,0
1866325,0,0,0,0,0,0,0
1506334,0,0,0,0,0,0,0
3238623,0,0,0,0,0,0,0
2382163,0,0,0,0,0,0,0
2591003,0,0,0,0,0,0,0
2675524,0,0,0,0,0,0,0
3404127,0,0,0,0,0,0,0
2170403,0,0,0,0,0,0,0
1050714,0,0,0,0,0,0,0
98671,0,0,0,0,0,0,0
3158173,0,0,0,0,0,0,0
2944128,0,0,0,0,0,0,0
3027808,0,0,0,0,0,0,0
1604335,0,119.5821149,0,0,0,0,0
3133294,0,0,0,0,0,0,0
2903834,0,0,0,0,0,0,0
1933904,0,0,0,0,0,0,0
35787,0,0,0,0,0,0,0
141349,0,0,0,0,0,0,0
266062,0,0,0,0,0,0,0
971279,0,0,0,0,0,0,0
1659192,0,0,0,0,0,0,0
2981139,0,0,0,0,0,0,0
3136601,0,0,0,0,0,0,0
1341,0,0,0,0,0,0,0
2972479,0,0,0,0,0,0,0
114880,0,0,0,0,0,0,0
2014537,0,47.10810586,0,0,0,0,0
3239976,0,0,0,0,0,0,0
1930058,0,0,0,0,0,0,0
875808,0,0,0,0,0,0,0
2975322,0,0,0,0,0,0,0
3135264,0,0,0,0,0,0,0
2954236,0,0,0,0,0,0,0
1442032,0,0,0,0,0,0,0
658666,0,0,0,0,0,0,0
1357074,0,0,0,0,0,0,0
1183413,0,0,0,0,0,0,0
2904252,0,0,0,0,0,0,0
2828286,0,0,0,0,0,0,0
2133959,0,0,0,0,0,0,0
2730847,0,0,0,0,0,0,0
3027225,117.6065389,0,0,0,0,0,0
3239420,0,0,0,0,0,0,0
1632772,0,0,0,0,0,0,0
38305,0,0,0,0,0,0,0
3409687,0,0,0,0,0,0,0
2956013,0,0,0,0,0,0,0
2903581,0,0,0,0,0,0,0
2320867,0,0,0,0,0,0,0
257758,0,0,0,0,0,0,0
2813744,0,0,0,0,0,0,0
69221,0,0,0,0,0,0,0
2856522,0,0,0,0,0,0,0
2975859,0,0,0,0,0,0,0
2774663,0,0,0,0,0,0,0
2692233,0,0,0,0,0,0,0
3142634,0,0,0,0,0,0,0
3108484,0,0,0,0,0,0,0
84025,0,0,0,0,0,0,0
3048365,0,36.2370045,0,0,0,0,0
56464,0,0,0,0,0,0,0
2953998,0,0,0,0,0,0,0
2485784,0,0,0,0,0,0,0
1737515,0,0,0,0,0,0,0
3062461,0,0,0,0,0,0,0
2921720,0,0,0,0,0,0,0
408015,0,0,0,0,0,0,0
2956579,0,0,0,0,0,0,0
3066248,0,0,0,0,0,0,0
1930532,0,0,0,0,0,0,0
2675219,0,47.10810586,0,0,0,0,0
1795630,0,0,0,0,0,0,0
2923366,0,0,0,0,0,0,0
3029274,0,0,0,0,0,0,0
3051218,0,43.48440541,0,0,0,0,0
2505977,0,0,0,0,0,0,0
3066139,0,0,0,0,0,0,0
2975800,0,0,0,0,0,0,0
3035280,0,0,0,0,0,0,0
1232427,0,0,0,0,0,0,0
2886821,0,0,0,0,0,0,0
1938353,0,0,0,0,0,0,0
545619,0,0,0,0,0,0,0
405,0,0,0,0,0,0,0
2903702,0,0,0,0,0,0,0
2781962,0,0,0,0,0,0,0
2903587,0,0,0,0,0,0,0
2911970,0,0,0,0,0,0,0
3432425,0,0,0,0,0,0,0
2962632,0,0,0,0,0,0,0
3064284,0,0,0,0,0,0,0
2879107,0,0,0,0,0,0,0
3390729,0,0,0,0,0,0,0
2827099,0,0,0,0,0,0,0
2954613,0,0,0,0,0,0,0
2733571,0,0,0,0,0,0,0
2907242,0,0,0,0,0,0,0
1636610,0,0,0,0,0,0,0
293388,0,0,0,0,0,0,0
3003351,0,0,0,0,0,0,0
1778,0,0,0,0,0,0,0
3053466,0,0,0,0,0,0,0
3050324,0,0,0,0,0,0,0
2773266,0,0,0,0,0,0,0
2921673,0,0,0,0,0,0,0
3430559,0,0,0,0,0,0,0
2666185,0,0,0,0,0,0,0
2099694,0,0,0,0,0,0,0
3463856,0,0,0,0,0,0,0
1898738,0,0,0,0,0,0,0
2953753,0,0,0,0,0,0,0
51229,0,50.73180631,0,0,0,0,0
1632019,0,0,0,0,0,0,0
3028316,0,0,0,0,0,0,0
884684,0,0,0,0,0,0,0
2903560,0,0,0,0,0,0,0
169177,0,0,0,0,0,0,0
3133305,0,0,0,0,0,0,0
107445,0,0,0,0,0,0,0
3153752,0,0,0,0,0,0,0
2364647,0,0,0,0,0,0,0
3395917,0,0,0,0,0,0,0
2956255,0,0,0,0,0,0,0
3141540,0,0,0,0,0,0,0
2903830,0,0,0,0,0,0,0
2654193,0,0,0,0,0,0,0
2811788,0,0,0,0,0,0,0
2742133,0,0,0,0,0,0,0
3111325,0,0,0,0,0,0,0
2849039,0,0,0,0,0,0,0
1550733,0,0,0,0,0,0,0
1281578,0,0,0,0,0,0,0
3003271,0,0,0,0,0,0,0
2202254,0,0,0,0,0,0,0
161154,0,0,0,0,0,0,0
1789,0,0,0,0,0,0,0
246969,0,0,0,0,0,0,0
3140789,0,0,0,0,0,0,0
2962672,0,0,0,0,0,0,0
3243382,0,0,0,0,0,0,0
2844213,0,0,0,0,0,0,0
1089444,0,0,0,0,0,0,0
2998079,0,0,0,0,0,0,0
2571029,0,0,0,0,0,0,0
70856,0,0,0,0,0,0,0
1555112,0,0,0,0,0,0,0
1853276,0,0,0,0,86.79425422,0,0
2866382,0,0,0,0,0,0,0
3122055,0,0,0,0,0,0,0
2489213,0,0,0,0,0,0,0
574650,0,0,0,0,0,0,0
519081,0,0,0,0,0,0,0
261291,0,0,0,0,0,0,0
2734195,0,0,0,0,0,0,0
735,0,36.2370045,0,0,0,0,0
67348,0,0,0,0,0,0,0
2733654,0,0,0,0,0,0,0
2932250,0,0,0,0,0,0,0
3026420,0,0,0,0,0,0,0
253239,0,0,0,0,0,0,0
335476,0,0,0,0,0,0,0
2654192,0,0,0,0,0,0,0
3442642,0,0,0,0,0,0,0
3145017,0,0,0,0,0,0,0
3374555,0,0,0,0,0,0,0
3444503,0,0,0,0,0,0,0
29320,0,0,0,0,0,0,0
114528,0,0,0,0,0,0,0
67081,0,0,0,0,0,0,0
3038539,0,0,0,0,0,0,0
3388844,0,0,0,0,0,0,0
2955294,0,0,0,0,0,0,0
2864203,0,76.09770946,0,0,0,0,0
3242725,0,0,0,0,0,0,0
2072025,0,0,0,0,0,0,0
3053982,0,0,0,0,0,0,0
1274359,0,0,0,0,0,0,0
3406645,0,0,0,0,0,0,0
2878545,0,0,0,0,0,0,0
2975894,0,0,0,0,0,0,0
3135258,0,0,0,0,0,0,0
2083284,0,0,0,0,0,0,0
2716227,0,0,0,0,0,0,0
2993714,0,47.10810586,0,0,0,0,0
883811,0,0,0,0,0,0,0
2975986,0,0,0,0,0,0,0
3373610,0,0,0,0,0,0,0
498846,0,0,0,0,0,0,0
3047810,0,65.22660811,0,0,0,0,0
35789,0,0,0,0,0,0,0
2874282,0,0,0,0,0,0,0
47875,0,0,0,0,0,0,0
44010,0,0,0,0,0,0,0
2678518,0,0,0,0,0,0,0
2698828,0,0,0,0,0,0,0
2897774,0,0,0,0,0,0,0
499555,0,0,0,0,0,0,0
2809036,0,0,0,0,0,0,0
2903746,0,0,0,0,0,0,0
985052,0,0,0,0,0,0,0
2956010,0,0,0,0,0,0,0
2597659,0,0,0,0,0,0,0
2921361,0,0,0,0,0,0,0
560555,0,0,0,0,0,0,0
2599595,0,0,0,0,0,0,0
761804,0,0,0,0,0,0,0
2954079,0,0,0,0,0,0,0
3041098,0,0,0,0,0,0,0
3034358,0,0,0,0,0,0,0
512402,0,0,0,0,0,0,0
310037,0,0,0,0,0,0,0
3003265,0,0,0,0,0,0,0
367299,0,0,0,0,0,0,0
2505979,0,0,0,0,0,0,0
3392035,0,0,0,0,0,0,0
2681470,0,0,0,0,0,0,0
2903812,0,0,0,0,0,0,0
3404053,0,0,0,0,0,0,0
2562582,0,0,0,0,0,0,0
2954684,0,0,0,0,0,0,0
999183,0,0,0,0,0,0,0
2975976,0,0,0,0,0,0,0
3439061,0,0,0,0,0,0,0
3158172,0,0,0,0,0,0,0
1963862,0,0,0,0,0,0,0
1382,0,0,0,0,0,0,0
155194,0,0,0,0,0,0,0
925818,0,0,0,0,0,0,0
3149044,0,0,0,0,0,0,0
140098,0,0,0,0,0,0,0
3015150,0,0,0,0,0,0,0
47853,0,0,0,0,0,0,0
2903561,0,0,0,0,0,0,0
2067415,0,0,0,0,0,0,0
83559,0,0,0,0,0,0,0
2955861,0,0,0,0,104.1531051,0,0
571800,0,0,0,0,0,0,0
2675713,0,0,0,0,0,0,0
3243360,0,0,0,0,0,0,0
1390395,0,0,0,0,0,0,0
1768,0,0,0,0,0,0,0
1345,0,54.35550676,0,0,0,0,0
420953,0,0,0,0,0,0,0
3047866,0,0,0,0,0,0,0
2956308,0,0,0,0,0,0,0
3398213,0,0,0,0,0,0,0
10685,0,0,0,0,0,0,0
1664265,0,0,0,0,0,0,0
3433590,0,0,0,0,0,0,0
2880933,0,0,0,0,0,0,0
2782169,0,0,0,0,0,0,0
2842457,0,0,0,0,0,0,0
42237,0,0,0,0,0,0,0
2042057,0,0,0,0,0,0,0
249058,0,0,0,0,0,0,0
3243367,0,0,0,0,0,0,0
2903801,0,0,0,0,0,0,0
2811422,0,0,0,0,0,0,0
28128,0,0,0,0,0,0,0
283878,0,0,0,0,0,0,0
3032287,0,0,0,0,0,0,0
33883,0,0,0,0,0,0,0
2744520,0,0,0,0,0,0,0
1535208,0,0,0,0,0,0,0
3384787,0,0,0,0,0,0,0
1827742,0,0,0,0,0,0,0
1475485,0,0,0,0,0,0,0
132132,0,0,0,0,0,0,0
2989766,0,0,0,0,0,0,0
1843581,0,0,0,0,0,0,0
1871002,0,0,0,0,0,0,0
2925842,0,0,0,0,0,0,0
28264,0,0,0,0,0,0,0
1441723,0,0,0,0,0,0,0
2872648,0,0,0,0,0,0,0
3409688,0,0,0,0,0,0,0
2419771,0,0,0,0,0,0,0
3442646,0,0,0,0,0,0,0
2907545,0,0,0,0,0,0,0
1138587,0,0,0,0,0,0,0
2842345,100.8056048,0,0,0,0,0,0
225326,0,0,0,0,0,0,0
139208,0,0,0,0,0,0,0
235559,0,0,0,0,0,0,0
2955554,0,0,0,0,0,0,0
404941,0,0,0,0,0,0,0
2257,0,0,0,0,0,0,0
2940492,0,0,0,0,0,0,0
2853163,0,0,0,0,0,0,0
39122,0,0,0,0,0,0,0
1162966,0,0,0,0,0,0,0
2738409,0,0,0,0,0,0,0
1234680,0,0,0,0,0,0,0
413810,0,0,0,0,0,0,0
67362,0,0,0,0,0,0,0
361183,0,0,0,0,0,0,0
3375707,0,61.60290766,0,0,0,0,0
3344667,0,0,0,0,0,0,0
2903794,0,0,0,0,0,0,0
1090615,0,0,0,0,0,0,0
63745,0,0,0,0,0,0,0
38310,0,0,0,0,0,0,0
29573,0,0,0,0,0,0,0
3060698,0,0,0,0,0,0,0
1775880,0,0,0,0,0,0,0
2982691,0,0,0,0,0,0,0
165,0,0,0,0,0,0,0
427923,0,0,0,0,0,0,0
1659,0,0,0,0,0,0,0
2615203,0,0,0,0,0,0,0
3016050,0,0,0,0,0,0,0
132473,0,0,0,0,0,0,0
29314,0,0,0,0,0,0,0
3457358,0,0,0,0,0,0,0
2903814,0,0,0,0,0,0,0
182337,0,0,0,0,0,0,0
1853682,0,0,0,0,0,0,0
2962673,0,0,0,0,0,0,0
261936,0,0,0,0,0,0,0
645517,0,0,0,0,0,0,0
2656746,0,0,0,0,0,0,0
3093895,0,0,0,0,0,0,0
53437,0,0,0,0,0,0,0
2925837,0,0,0,0,0,0,0
1835254,0,0,0,0,0,0,0
1972846,0,0,0,0,0,0,0
202462,0,0,0,0,0,0,0
1532023,0,0,0,0,0,0,0
1648182,0,0,0,0,0,0,0
2033438,0,0,0,0,0,0,0
546160,0,0,0,0,0,0,0
3048337,0,0,0,0,0,0,0
676965,0,0,0,0,0,0,0
46429,0,0,0,0,0,0,0
3140242,0,0,0,0,0,0,0
2768834,0,0,0,0,0,0,0
2925843,0,0,0,0,0,0,0
3064901,0,0,0,0,0,0,0
2903798,0,0,0,0,0,0,0
2953890,0,0,0,0,0,0,0
334715,0,0,0,0,0,0,0
867076,0,0,0,0,0,0,0
2956338,0,0,0,0,0,0,0
1930593,0,0,0,0,0,0,0
3066300,0,0,0,0,0,0,0
29284,0,0,0,0,0,0,0
2975998,0,0,0,0,0,0,0
3448587,0,0,0,0,0,0,0
3138497,0,0,0,0,0,0,0
2903629,0,0,0,0,0,0,0
574649,0,0,0,0,0,0,0
100177,0,0,0,0,0,0,0
426114,0,0,0,0,0,0,0
2991728,0,0,0,0,0,0,0
2066479,0,0,0,0,0,0,0
2903887,0,0,0,0,0,0,0
2955383,0,0,0,0,0,0,0
2926850,0,54.35550676,0,0,0,0,0
413501,0,0,0,0,0,0,0
1851167,0,0,0,0,0,0,0
53406,0,0,0,0,0,0,0
3061628,0,0,0,0,0,0,0
1757,0,0,0,0,0,0,0
2652443,0,0,0,0,0,0,0
3451558,0,0,0,0,0,0,0
3055079,0,0,0,0,0,0,0
3243390,0,0,0,0,0,0,0
3068324,0,0,0,0,0,0,0
3074145,0,0,0,0,0,0,0
3059743,0,0,0,0,0,0,0
1964448,0,0,0,0,0,0,0
2917715,0,0,0,0,0,0,0
2921651,0,0,0,0,0,0,0
2079596,0,0,0,0,0,0,0
2175648,0,0,0,0,0,0,0
570267,0,0,0,0,0,0,0
2903838,0,0,0,0,0,0,0
2048898,0,0,0,0,0,0,0
1126236,0,0,0,0,0,0,0
3131999,0,0,0,0,0,0,0
993414,0,0,0,0,0,0,0
2895470,0,0,0,0,0,0,0
2921369,0,0,0,0,0,0,0
102684,0,0,0,0,0,0,0
3383591,0,0,0,0,0,0,0
1940555,0,0,0,0,0,0,0
2497162,0,0,0,0,0,0,0
1632,0,0,0,0,0,0,0
3398704,0,0,0,0,0,0,0
1232575,0,94.21621171,0,0,0,0,0
1565605,0,0,0,0,0,0,0
28123,0,0,0,0,0,0,0
3046382,0,0,0,0,0,0,0
1484693,0,0,0,0,0,0,0
3131926,0,0,0,0,0,0,0
3366808,0,0,0,0,0,0,0
3060460,0,0,0,0,0,0,0
2319843,0,0,0,0,0,0,0
2100422,0,0,0,0,0,0,0
2785912,0,0,0,0,0,0,0
2811108,0,0,0,0,0,0,0
1522174,0,0,0,0,0,0,0
1740264,0,0,0,0,0,0,0
1920424,0,0,0,0,0,0,0
2921435,0,0,0,0,0,0,0
1073996,0,0,0,0,0,0,0
2760310,0,0,0,0,0,0,0
2975317,0,0,0,0,0,0,0
2233998,0,54.35550676,0,0,0,0,0
758782,0,0,0,0,0,0,0
2975745,0,0,0,0,0,0,0
2220095,0,0,0,0,0,0,0
3384240,0,0,0,0,0,0,0
2528037,0,0,0,0,0,0,0
2592654,0,0,0,0,0,0,0
2057246,0,0,0,0,0,0,0
3373674,0,0,0,0,0,0,0
2017484,0,0,0,0,0,0,0
3066293,0,0,0,0,0,0,0
2745230,0,0,0,0,0,0,0
28026,0,0,0,0,0,0,0
2170044,84.00467066,0,0,0,0,0,0
2583822,0,0,0,0,0,0,0
2737050,0,0,0,0,0,0,0
1932,0,0,0,0,0,0,0
283877,0,0,0,0,0,0,0
1454753,0,0,0,0,0,0,0
1743159,0,0,0,0,0,0,0
85968,0,0,0,0,0,0,0
3402707,0,50.73180631,0,0,0,0,0
3350244,0,0,0,0,0,0,0
2663847,0,0,0,0,0,0,0
29447,0,0,0,0,0,0,0
2027911,0,0,0,0,0,0,0
2903871,0,0,0,0,0,0,0
456163,0,0,0,0,0,0,0
2518644,0,39.86070495,0,0,0,0,0
869888,0,0,0,0,0,0,0
3080012,0,0,0,0,0,0,0
2963433,0,0,0,0,0,0,0
2282309,0,0,0,0,0,0,0
1299,0,0,0,0,0,0,0
219745,0,0,0,0,0,0,0
2843870,0,0,0,0,0,0,0
2812000,0,0,0,0,0,0,0
1198301,0,0,0,0,0,0,0
80880,0,0,0,0,0,0,0
2594265,0,0,0,0,0,0,0
1538159,0,0,0,0,0,0,0
1344094,0,0,0,0,0,0,0
2743089,0,0,0,0,0,0,0
69220,0,0,0,0,0,0,0
212,0,0,0,0,0,0,0
2975753,0,0,0,0,0,0,0
3234853,0,0,0,0,0,0,0
367282,0,0,0,0,0,0,0
2734,0,0,0,0,0,0,0
2845939,0,0,0,0,0,0,0
1132417,0,0,0,0,0,0,0
3378074,0,0,0,0,0,0,0
2993430,0,0,0,0,0,0,0
2903594,0,0,0,0,0,0,0
2876713,0,0,0,0,0,0,0
642926,0,0,0,0,0,0,0
2003368,0,0,0,0,0,0,0
2796141,0,90.59251126,0,0,0,0,0
1724,0,0,0,0,0,0,0
79967,0,0,0,0,0,0,0
309891,0,0,0,0,0,0,0
2903815,0,0,0,0,0,0,0
1874539,0,0,0,0,0,0,0
2846672,0,0,0,0,0,0,0
412593,0,50.73180631,0,0,0,0,0
2831968,0,0,0,0,0,0,0
3423201,0,0,0,0,0,0,0
2560335,0,0,0,0,0,0,0
3047478,0,0,0,0,0,0,0
3079935,0,0,0,0,0,0,0
2982694,0,0,0,0,0,0,0
2057743,0,0,0,0,0,0,0
3373596,0,0,0,0,0,0,0
3059027,0,0,0,0,0,0,0
1784,0,0,0,0,0,0,0
3420950,0,47.10810586,0,0,0,0,0
3016089,0,0,0,0,0,0,0
309887,0,0,0,0,0,0,0
52227,0,0,0,0,0,0,0
640030,0,0,0,0,0,0,0
3418418,0,0,0,0,0,0,0
1603258,0,0,0,0,0,0,0
2733924,0,0,0,0,0,0,0
3044399,0,0,0,0,0,0,0
2975656,0,0,0,0,0,0,0
1380432,0,0,0,0,0,0,0
1105204,0,0,0,0,0,0,0
3133321,0,0,0,0,0,0,0
1644131,0,0,0,0,0,0,0
1662285,0,0,0,0,0,0,0
3066310,0,0,0,0,0,0,0
3066299,0,0,0,0,0,0,0
2970891,0,0,0,0,0,0,0
31964,0,0,0,0,0,0,0
2492396,0,0,0,0,0,0,0
3043445,0,0,0,0,0,0,0
121872,0,0,0,0,0,0,0
2936799,0,0,0,0,0,0,0
2759705,0,0,0,0,0,0,0
2968086,0,0,0,0,0,0,0
2908648,0,0,0,0,0,0,0
3034026,0,0,0,0,0,0,0
743699,0,0,0,0,0,0,0
2586643,0,0,0,0,0,0,0
2985506,0,0,0,0,0,0,0
267375,0,0,0,0,0,0,0
3049073,0,0,0,0,0,0,0
1458492,0,0,0,0,0,0,0
347209,0,0,0,0,0,0,0
1796469,0,39.86070495,0,0,0,0,0
281739,0,0,0,0,0,0,0
2161803,0,0,0,0,86.79425422,0,0
152297,0,0,0,0,0,0,0
3230984,0,0,0,0,0,0,0
3233380,0,0,0,0,0,0,0
3404047,0,0,0,0,0,0,0
2675216,0,0,0,0,0,0,0
69370,0,0,0,0,0,0,0
2715232,0,0,0,0,0,0,0
3049801,0,0,0,0,0,0,0
1646,0,0,0,0,0,0,0
3051998,0,0,0,0,0,0,0
345632,0,0,0,0,0,0,0
2962597,0,0,0,0,0,0,0
67267,0,0,0,0,0,0,0
62319,0,0,0,0,0,0,0
2856338,0,0,0,0,0,0,0
747457,0,0,0,0,0,0,0
871584,0,0,0,0,0,0,0
3426936,0,0,0,0,0,0,0
3050298,0,0,0,0,0,0,0
2879619,0,0,0,0,0,0,0
2961570,0,0,0,0,0,0,0
2931983,0,0,0,0,0,0,0
2933777,0,0,0,0,0,0,0
3059822,0,0,0,0,0,0,0
3064287,0,0,0,0,0,0,0
2508289,0,0,0,0,0,0,0
468914,0,0,0,0,0,0,0
2911853,0,0,0,0,0,0,0
3133286,0,0,0,0,0,0,0
1048396,0,0,0,0,0,0,0
122355,0,0,0,0,0,0,0
2247,0,0,0,0,0,0,0
2961939,0,0,0,0,0,0,0
186192,0,0,0,0,0,0,0
1871049,0,0,0,0,0,0,0
1853699,0,0,0,0,0,0,0
3445779,0,0,0,0,0,0,0
3115848,0,0,0,0,0,0,0
3423221,0,0,0,0,0,0,0
1701090,0,0,0,0,0,0,0
1769,0,0,0,0,0,0,0
3418421,0,0,0,0,0,0,0
3374550,0,0,0,0,0,0,0
2052056,0,0,0,0,0,0,0
301375,0,0,0,0,0,0,0
2921718,0,0,0,0,0,0,0
2986803,0,0,0,0,0,0,0
1884916,0,0,0,0,0,0,0
3032584,0,0,0,0,0,0,0
3127459,0,0,0,0,0,0,0
38290,0,0,0,0,0,0,0
3023076,0,0,0,0,0,0,0
203263,0,0,0,0,0,0,0
300028,0,0,0,0,0,0,0
3115001,0,0,0,0,0,0,0
3096010,0,0,0,0,0,0,0
2606451,0,0,0,0,0,0,0
3383590,0,0,0,0,0,0,0
328692,0,0,0,0,0,0,0
2316085,0,0,0,0,0,0,0
1955814,0,0,0,0,0,0,0
2961598,0,0,0,0,0,0,0
1982577,0,0,0,0,0,0,0
46679,0,0,0,0,0,0,0
3138179,0,0,0,0,0,0,0
3381355,0,0,0,0,0,0,0
3066130,0,0,0,0,0,0,0
238800,0,0,0,0,0,0,0
2734141,0,0,0,0,0,0,0
2884455,0,0,0,0,0,0,0
712411,0,0,0,0,0,0,0
3237372,0,0,0,0,0,0,0
1795888,0,0,0,0,0,0,0
1982225,0,0,0,0,0,0,0
3061632,0,0,0,0,0,0,0
114707,0,0,0,0,0,0,0
1947037,0,39.86070495,0,0,0,0,0
1495650,0,0,0,0,0,0,0
2080740,0,0,0,0,0,0,0
279828,0,0,0,0,0,0,0
3446693,0,0,0,0,0,0,0
1229164,0,0,0,0,0,0,0
153731,0,0,0,0,0,0,0
2879617,0,0,0,0,0,0,0
899,0,0,0,0,0,0,0
56450,0,0,0,0,0,0,0
1629550,0,0,0,0,0,0,0
2887345,0,0,0,0,0,0,0
2933290,0,0,0,0,0,0,0
1573711,0,0,0,0,0,0,0
373540,0,0,0,0,0,0,0
2956300,0,0,0,0,0,0,0
2771430,0,0,0,0,0,0,0
683150,0,0,0,0,0,0,0
141389,0,0,0,0,0,0,0
683047,0,0,0,0,0,0,0
3095608,0,0,0,0,0,0,0
266805,0,0,0,0,0,0,0
2975692,0,0,0,0,0,0,0
1231063,0,0,0,0,0,0,0
3374103,0,0,0,0,0,0,0
3068506,0,0,0,0,0,0,0
1902245,0,0,0,0,0,0,0
3060540,0,0,0,0,0,0,0
1340801,0,0,0,0,0,0,0
1936029,0,0,0,0,0,0,0
200252,0,0,0,0,0,0,0
2259638,0,0,0,0,0,0,0
2732590,0,0,0,0,0,0,0
1499686,0,0,0,0,0,0,0
490759,0,0,0,0,0,0,0
157779,0,0,0,0,0,0,0
2931975,0,0,0,0,0,0,0
2201356,0,0,0,0,0,0,0
3066173,0,0,0,0,0,0,0
3388490,0,0,0,0,0,0,0
739,0,0,0,0,0,0,0
409290,0,0,0,0,0,0,0
634,0,0,0,0,0,0,0
2843753,0,0,0,0,0,0,0
3416181,0,0,0,0,0,0,0
3412482,0,0,0,0,0,0,0
2714355,0,0,0,0,0,0,0
2903856,0,0,0,0,0,0,0
2866627,0,0,0,0,0,0,0
3418416,0,0,0,0,0,0,0
286802,0,0,0,0,0,0,0
2975624,0,0,0,0,0,0,0
479978,0,0,0,0,0,0,0
156978,0,0,0,0,0,0,0
2911495,0,0,0,0,0,0,0
2755559,0,0,0,0,0,0,0
1852377,0,0,0,0,0,0,0
1871019,0,0,0,0,0,0,0
2079793,0,0,0,0,0,0,0
1785145,0,0,0,0,0,0,0
1806885,0,0,0,0,0,0,0
2711328,0,0,0,0,0,0,0
199136,0,0,0,0,0,0,0
2201,0,0,0,0,0,0,0
651457,0,0,0,0,0,0,0
1750535,0,0,0,0,0,0,0
2604158,0,0,0,0,0,0,0
2866201,0,0,0,0,0,0,0
3239978,0,0,0,0,0,0,0
2596912,0,0,0,0,0,0,0
712435,0,0,0,0,0,0,0
131112,0,0,0,0,0,0,0
2518599,0,0,0,0,0,0,0
2903579,0,0,0,0,0,0,0
162393,0,0,0,0,0,0,0
2841594,0,0,0,0,0,0,0
2058657,0,0,0,0,0,0,0
2714931,0,0,0,0,0,0,0
2903670,0,0,0,0,0,0,0
3156399,0,0,0,0,0,0,0
2609255,0,0,0,0,0,0,0
2026240,0,0,0,0,0,0,0
2560010,0,0,0,0,0,0,0
3391182,0,0,0,0,0,0,0
35786,0,0,0,0,0,0,0
2107708,0,0,0,0,0,0,0
2675054,0,0,0,0,0,0,0
122420,0,36.2370045,0,0,0,0,0
3066238,0,0,0,0,0,0,0
2608867,0,0,0,0,0,0,0
2954064,0,0,0,0,0,0,0
2813727,0,0,0,0,0,0,0
69963,0,0,0,0,0,0,0
2976676,0,0,0,0,0,0,0
75291,0,0,0,0,0,0,0
2722751,0,0,0,0,0,0,0
229980,0,0,0,0,0,0,0
2991729,0,0,0,0,0,0,0
3373597,0,0,0,0,0,0,0
2496867,0,0,0,0,0,0,0
2282475,0,0,0,0,0,0,0
2975855,0,0,0,0,0,0,0
59299,0,0,0,0,0,0,0
3074146,0,0,0,0,0,0,0
1573719,0,0,0,0,0,0,0
3239961,0,0,0,0,0,0,0
3004129,0,0,0,0,0,0,0
1897061,0,0,0,0,0,0,0
1682490,0,0,0,0,0,0,0
3060212,0,0,0,0,0,0,0
2983222,0,0,0,0,0,0,0
2895493,0,0,0,0,0,0,0
2997426,0,0,0,0,0,0,0
3445784,0,0,0,0,0,0,0
3028711,0,0,0,0,0,0,0
2745504,0,0,0,0,0,0,0
2830995,0,0,0,0,0,0,0
743836,0,0,0,0,0,0,0
2811781,0,0,0,0,0,0,0
1884913,0,0,0,0,0,0,0
370764,0,0,0,0,0,0,0
2955344,0,0,0,0,0,0,0
3230994,0,76.09770946,0,0,0,0,0
3239904,0,0,0,0,0,0,0
164516,0,0,0,0,0,0,0
52771,0,0,0,0,0,0,0
1003114,0,0,0,0,0,0,0
2903672,0,0,0,0,0,0,0
3434457,0,0,0,0,0,0,0
3029060,0,0,0,0,0,0,0
1610493,0,0,0,0,0,0,0
2843645,0,0,0,0,0,0,0
2965074,0,0,0,0,0,0,0
2775920,0,0,0,0,0,0,0
2072409,0,0,0,0,0,0,0
2850561,0,0,0,0,0,0,0
3439066,0,0,0,0,0,0,0
362457,0,0,0,0,0,0,0
2763257,0,0,0,0,0,0,0
35773,0,0,0,0,0,0,0
3064161,0,0,0,0,0,0,0
657642,0,0,0,0,0,0,0
1795832,0,0,0,0,0,0,0
2691580,0,0,0,0,0,0,0
262324,0,0,0,0,0,0,0
2184519,0,0,0,0,0,0,0
712270,0,0,0,0,0,0,0
2201999,0,0,0,0,0,0,0
2081051,0,0,0,0,0,0,0
1804624,0,0,0,0,0,0,0
2689102,0,0,0,0,0,0,0
2683680,0,0,0,0,0,0,0
2949614,0,0,0,0,0,0,0
2558174,0,0,0,0,0,0,0
3048583,0,0,0,0,0,0,0
2778055,0,0,0,0,0,0,0
1844971,0,0,0,0,0,0,0
3016342,0,0,0,0,0,0,0
92490,0,0,0,0,0,0,0
3014995,0,0,0,0,0,0,0
3133274,0,0,0,0,0,0,0
3133301,0,0,0,0,0,0,0
2903586,0,0,0,0,0,0,0
73919,0,0,0,0,0,0,0
55779,0,0,0,0,0,0,0
163003,0,0,0,0,0,0,0
3433539,0,0,0,0,0,0,0
1674922,0,0,0,0,0,0,0
2610902,0,0,0,0,0,0,0
1486991,0,0,0,0,0,0,0
339268,0,0,0,0,0,0,0
3461144,0,0,0,0,0,0,0
33053,0,0,0,0,0,0,0
1633,0,0,0,0,0,0,0
3398356,0,0,0,0,0,0,0
1715989,0,0,0,0,0,0,0
3351346,0,0,0,0,0,0,0
2718620,0,0,0,0,0,0,0
68280,0,0,0,0,0,0,0
2992837,0,36.2370045,0,0,0,0,0
2975634,0,0,0,0,0,0,0
3049799,0,0,0,0,0,0,0
2770551,0,0,0,0,0,0,0
1710539,0,0,0,0,0,0,0
3445774,0,0,0,0,0,0,0
1780,0,0,0,0,0,0,0
3133296,0,0,0,0,0,0,0
59561,0,0,0,0,0,0,0
56956,0,0,0,0,0,0,0
3117733,0,0,0,0,0,0,0
71998,0,0,0,0,0,0,0
1177712,0,0,0,0,0,0,0
10683,0,0,0,0,0,0,0
2719119,0,0,0,0,0,0,0
126673,0,0,0,0,0,0,0
3388491,0,0,0,0,0,0,0
2094151,0,50.73180631,0,0,0,0,0
91915,0,0,0,0,0,0,0
216142,0,0,0,0,0,0,0
2861288,0,0,0,0,0,0,0
2714945,0,0,0,0,0,0,0
2895486,0,0,0,0,0,0,0
3374281,0,0,0,0,0,0,0
1684483,0,0,0,0,0,0,0
2772401,0,0,0,0,0,0,0
2876194,0,0,0,0,0,0,0
2173831,0,0,0,0,0,0,0
675090,0,0,0,0,0,0,0
3229275,0,0,0,0,0,0,0
2932253,0,0,0,0,0,0,0
2903869,0,0,0,0,0,0,0
3458249,0,0,0,0,0,0,0
326523,0,0,0,0,0,0,0
445930,0,0,0,0,0,0,0
3066214,0,0,0,0,0,0,0
3411633,0,0,0,0,0,0,0
1366055,0,0,0,0,0,0,0
2483360,0,0,0,0,0,0,0
3093767,0,0,0,0,0,0,0
3090665,0,0,0,0,0,0,0
3429804,0,0,0,0,0,0,0
3451557,0,0,0,0,0,0,0
3395314,0,0,0,0,0,0,0
1458425,0,0,0,0,0,0,0
1868734,0,0,0,0,0,0,0
1671680,0,0,0,0,0,0,0
2922394,0,0,0,0,0,0,0
2969672,0,0,0,0,0,0,0
68233,0,0,0,0,0,0,0
927614,0,0,0,0,0,0,0
3133295,0,0,0,0,0,0,0
2842349,0,0,0,0,0,0,0
119981,0,0,0,0,0,0,0
578928,0,0,0,0,0,0,0
43617,0,0,0,0,0,0,0
2968968,0,0,0,0,0,0,0
1761789,0,0,0,0,0,0,0
2796366,0,0,0,0,0,0,0
2483401,0,0,0,0,0,0,0
2785056,0,0,0,0,0,0,0
61,0,0,0,0,0,0,0
2774706,0,0,0,0,0,0,0
2846098,0,0,0,0,0,0,0
1503055,0,0,0,0,0,0,0
2925318,0,0,0,0,0,0,0
40990,0,0,0,0,0,0,0
1494608,0,0,0,0,0,0,0
2585119,0,0,0,0,0,0,0
3022769,0,0,0,0,0,0,0
35746,0,0,0,0,0,0,0
359303,0,0,0,0,0,0,0
3140252,0,0,0,0,0,0,0
3433538,0,0,0,0,0,0,0
2774460,0,0,0,0,0,0,0
866786,0,0,0,0,0,0,0
3066297,0,0,0,0,0,0,0
3398358,0,0,0,0,0,0,0
274539,0,0,0,0,0,0,0
3096996,0,0,0,0,0,0,0
2750620,0,0,0,0,0,0,0
29539,0,0,0,0,0,0,0
178339,0,0,0,0,0,0,0
2608999,0,0,0,0,0,0,0
2903893,0,0,0,0,0,0,0
2903660,0,0,0,0,0,0,0
2903714,0,0,0,0,0,0,0
3111768,0,0,0,0,0,0,0
3016097,0,0,0,0,0,0,0
3002742,0,0,0,0,0,0,0
2864207,0,0,0,0,0,0,0
487529,0,0,0,0,0,0,0
1705617,0,0,0,0,0,0,0
415421,0,0,0,0,0,0,0
2961994,0,0,0,0,0,0,0
2716879,0,0,0,0,0,0,0
3230998,0,0,0,0,0,0,0
3433200,0,0,0,0,0,0,0
118126,0,0,0,0,0,0,0
1586232,0,0,0,0,0,0,0
78258,0,0,0,0,0,0,0
3240766,0,0,0,0,0,0,0
2903820,0,0,0,0,0,0,0
1169025,0,0,0,0,0,0,0
2851649,0,0,0,0,0,0,0
3435230,0,0,0,0,0,0,0
2795215,0,0,0,0,0,0,0
2071627,0,0,0,0,0,0,0
1288494,0,0,0,0,0,0,0
2992242,0,0,0,0,0,0,0
230709,0,0,0,0,0,0,0
1806216,0,0,0,0,0,0,0
2499157,0,0,0,0,0,0,0
2895485,0,0,0,0,0,0,0
2903766,0,0,0,0,0,0,0
3066281,0,0,0,0,0,0,0
2784880,0,0,0,0,0,0,0
629680,0,0,0,0,0,0,0
2675099,0,0,0,0,0,0,0
1462996,0,0,0,0,0,0,0
3098076,0,0,0,0,0,0,0
3122488,0,0,0,0,0,0,0
3066319,0,0,0,0,0,0,0
2560831,0,0,0,0,0,0,0
1499308,0,0,0,0,0,0,0
2992573,0,0,0,0,0,0,0
2161816,0,0,0,0,0,0,0
31965,0,0,0,0,0,0,0
2316359,0,0,0,0,0,0,0
2652803,0,0,0,0,0,0,0
1323731,0,0,0,0,0,0,0
2211106,0,0,0,0,0,0,0
2781952,0,0,0,0,0,0,0
2886505,0,0,0,0,0,0,0
2734369,0,0,0,0,0,0,0
289370,0,0,0,0,0,0,0
376620,0,0,0,0,0,0,0
177758,0,0,0,0,0,0,0
38302,0,0,0,0,0,0,0
3398212,0,0,0,0,0,0,0
3003619,0,0,0,0,0,0,0
3038545,0,0,0,0,0,0,0
266009,0,0,0,0,0,0,0
1720526,0,0,0,0,0,0,0
1922544,0,0,0,0,0,0,0
653940,0,0,0,0,0,0,0
3379815,0,0,0,0,0,0,0
2771362,0,0,0,0,0,0,0
43990,0,0,0,0,0,0,0
54914,0,0,0,0,0,0,0
3404115,0,0,0,0,0,0,0
3388566,0,0,0,0,0,0,0
2170045,0,0,0,0,0,0,0
1715285,0,0,0,0,0,0,0
3020716,0,0,0,0,0,0,0
2055947,0,0,0,0,0,0,0
1611770,0,0,0,0,0,0,0
56877,0,0,0,0,0,0,0
368607,0,0,0,0,0,0,0
3131931,0,0,0,0,0,0,0
3045157,0,0,0,0,0,0,0
2870860,0,0,0,0,0,0,0
1478019,0,0,0,0,0,0,0
3238624,0,0,0,0,0,0,0
3074897,0,0,0,0,0,0,0
67326,0,0,0,0,0,0,0
2500546,0,0,0,0,0,0,0
2592652,0,0,0,0,0,0,0
273678,0,0,0,0,0,0,0
1394,0,0,0,0,0,0,0
1938334,0,0,0,0,0,0,0
2864102,0,0,0,0,0,0,0
2060092,0,0,0,0,0,0,0
1926968,0,0,0,0,0,0,0
3050269,0,0,0,0,0,0,0
52774,0,0,0,0,0,0,0
2861279,0,0,0,0,0,0,0
83986,0,0,0,0,0,0,0
3090699,0,0,0,0,0,0,0
3016091,0,0,0,0,0,0,0
2813778,0,0,0,0,0,0,0
453836,0,0,0,0,0,0,0
2055893,0,0,0,0,0,0,0
3047786,0,0,0,0,0,0,0
35817,0,0,0,0,0,0,0
1017351,0,0,0,0,0,0,0
2681308,0,0,0,0,0,0,0
3009083,0,0,0,0,0,0,0
3140250,0,0,0,0,0,0,0
83456,0,0,0,0,0,0,0
3341830,0,0,0,0,0,0,0
3404049,0,0,0,0,0,0,0
1414719,0,0,0,0,0,0,0
3230978,0,0,0,0,0,0,0
502394,0,0,0,0,0,0,0
2025658,0,61.60290766,0,0,0,0,0
2979331,0,0,0,0,0,0,0
1667,0,0,0,0,0,0,0
3426548,0,0,0,0,0,0,0
1971485,0,0,0,0,0,0,0
762660,0,0,0,0,0,0,0
2903646,0,0,0,0,0,0,0
2745518,0,0,0,0,0,0,0
2025659,0,0,0,0,0,0,0
658401,0,0,0,0,0,0,0
52773,0,0,0,0,0,0,0
1984781,0,0,0,0,0,0,0
3430779,0,0,0,0,0,0,0
3432517,0,0,0,0,0,0,0
3052803,0,0,0,0,0,0,0
3428771,0,0,0,0,0,0,0
167957,0,47.10810586,0,0,0,0,0
2975980,0,0,0,0,0,0,0
794846,0,0,0,0,0,0,0
2814653,0,0,0,0,0,0,0
3238628,0,0,0,0,0,0,0
2967224,0,0,0,0,0,0,0
67255,0,0,0,0,0,0,0
2975966,0,0,0,0,0,0,0
444597,0,0,0,0,0,0,0
2975979,0,0,0,0,0,0,0
1282737,0,0,0,0,0,0,0
3026162,0,0,0,0,0,0,0
2734120,0,0,0,0,0,0,0
3066184,0,0,0,0,0,0,0
38303,0,0,0,0,0,0,0
3048149,0,0,0,0,0,0,0
1704076,0,0,0,0,0,0,0
3116482,0,0,0,0,0,0,0
1661694,0,0,0,0,0,0,0
44752,0,0,0,0,0,0,0
1849032,0,0,0,0,0,0,0
194197,0,0,0,0,0,0,0
35757,0,0,0,0,0,0,0
3155932,0,36.2370045,0,0,0,0,0
3394855,0,0,0,0,0,0,0
3115152,0,0,0,0,0,0,0
2921432,0,0,0,0,0,0,0
1131462,0,0,0,0,0,0,0
3114695,0,0,0,0,0,0,0
3051617,0,0,0,0,0,0,0
2762577,0,0,0,0,0,0,0
3068275,0,0,0,0,0,0,0
2843303,0,0,0,0,0,0,0
1040979,0,0,0,0,0,0,0
3448171,0,0,0,0,0,0,0
743009,0,0,0,0,0,0,0
3132259,0,0,0,0,0,0,0
3459136,0,0,0,0,0,0,0
2995145,0,0,0,0,0,0,0
3109564,0,0,0,0,0,0,0
211502,0,0,0,0,0,0,0
555573,0,0,0,0,0,0,0
3136739,0,0,0,0,0,0,0
3031998,0,0,0,0,0,0,0
260149,0,0,0,0,0,0,0
3047383,0,0,0,0,0,0,0
512298,0,0,0,0,0,0,0
3112558,0,0,0,0,0,0,0
2338327,0,0,0,0,0,0,0
1909299,0,0,0,0,0,0,0
2746321,0,0,0,0,0,0,0
2975849,0,0,0,0,0,0,0
1437453,0,0,0,0,0,0,0
2746961,0,0,0,0,0,0,0
67294,0,0,0,0,0,0,0
2663859,0,0,0,0,0,0,0
1906274,0,0,0,0,0,0,0
2994664,0,0,0,0,0,0,0
745408,0,0,0,0,0,0,0
3066235,0,0,0,0,0,0,0
2709394,0,0,0,0,0,0,0
2914983,0,0,0,0,0,0,0
1807141,0,0,0,0,0,0,0
132919,0,0,0,0,0,0,0
2841303,0,57.97920721,0,0,0,0,0
472569,0,0,0,0,0,0,0
3423951,0,0,0,0,0,0,0
2104,0,0,0,0,0,0,0
2583374,0,0,0,0,0,0,0
191610,0,0,0,0,0,0,0
2560269,0,0,0,0,0,0,0
277,0,0,0,0,0,0,0
3428186,0,0,0,0,0,0,0
1871043,0,0,0,0,0,0,0
588898,0,39.86070495,0,0,0,0,0
3234138,0,0,0,0,0,0,0
2576356,0,0,0,0,0,0,0
459858,0,0,0,0,0,0,0
1550728,0,0,0,0,0,0,0
2661553,0,0,0,0,0,0,0
3020055,0,0,0,0,0,0,0
1577075,0,0,0,0,0,0,0
3015156,0,0,0,0,0,0,0
59737,0,0,0,0,0,0,0
2675787,0,0,0,0,0,0,0
2006980,0,0,0,0,0,0,0
3230995,0,0,0,0,0,0,0
3430721,0,0,0,0,0,0,0
2903831,0,0,0,0,0,0,0
28028,0,0,0,0,0,0,0
2684212,0,0,0,0,0,0,0
101534,0,0,0,0,0,0,0
1839798,0,0,0,0,0,0,0
2921415,0,0,0,0,0,0,0
3024576,0,0,0,0,0,0,0
2903898,0,0,0,0,0,0,0
3427283,0,0,0,0,0,0,0
2614442,0,0,0,0,0,0,0
3053904,0,0,0,0,0,0,0
54006,0,0,0,0,0,0,0
1435347,0,0,0,0,0,0,0
2867026,0,0,0,0,0,0,0
515415,0,0,0,0,0,0,0
1272,0,0,0,0,0,0,0
2785123,0,0,0,0,0,0,0
2779519,0,0,0,0,0,0,0
1283291,0,0,0,0,0,0,0
3051615,0,47.10810586,0,0,0,0,0
2069255,0,0,0,0,0,0,0
492,0,0,0,0,0,0,0
2489212,0,0,0,0,0,0,0
1855613,0,0,0,0,0,0,0
1825069,0,0,0,0,0,0,0
3066168,0,0,0,0,0,0,0
2751478,0,0,0,0,0,0,0
54077,0,0,0,0,0,0,0
2986280,0,0,0,0,0,0,0
85085,0,0,0,0,0,0,0
2956108,0,0,0,0,0,0,0
3048493,0,0,0,0,0,0,0
3075222,0,0,0,0,0,0,0
2927875,0,0,0,0,0,0,0
3140248,0,0,0,0,0,0,0
2609258,0,0,0,0,0,0,0
3163031,0,0,0,0,0,0,0
3016092,0,0,0,0,0,0,0
2033033,0,0,0,0,0,0,0
2952152,0,0,0,0,0,0,0
2813780,0,0,0,0,0,0,0
1884915,0,39.86070495,0,0,0,0,0
2282148,0,0,0,0,0,0,0
2570351,0,0,0,0,0,0,0
2895487,0,0,0,0,0,0,0
46355,0,0,0,0,0,0,0
488729,0,0,0,0,0,0,0
223392,0,0,0,0,0,0,0
2956223,0,0,0,0,0,0,0
2733930,0,0,0,0,0,0,0
753084,0,0,0,0,0,0,0
3116480,0,0,0,0,0,0,0
876364,0,0,0,0,0,0,0
2563662,0,0,0,0,0,0,0
3047695,0,0,0,0,0,0,0
3052630,0,39.86070495,0,0,0,0,0
2953747,0,0,0,0,0,0,0
2570468,0,0,0,0,0,0,0
2849642,0,0,0,0,0,0,0
1428684,0,0,0,0,0,0,0
2067959,0,0,0,0,0,0,0
3410924,0,0,0,0,0,0,0
1175445,0,0,0,0,0,0,0
3424718,0,0,0,0,0,0,0
2799325,0,0,0,0,0,0,0
3239284,0,0,0,0,0,0,0
202862,0,0,0,0,0,0,0
2875948,0,0,0,0,0,0,0
156977,0,0,0,0,0,0,0
2739057,0,0,0,0,0,0,0
1855377,0,0,0,0,0,0,0
3052510,0,0,0,0,0,0,0
3047353,0,43.48440541,0,0,0,0,0
2864213,0,0,0,0,0,0,0
33075,0,0,0,0,0,0,0
2518343,0,0,0,0,0,0,0
3391579,0,0,0,0,0,0,0
2979330,0,0,0,0,0,0,0
2769078,0,0,0,0,0,0,0
2859227,0,0,0,0,0,0,0
3003247,0,0,0,0,0,0,0
754514,0,0,0,0,0,0,0
3430773,0,0,0,0,0,0,0
361111,0,0,0,0,0,0,0
3048629,0,0,0,0,0,0,0
3050266,0,0,0,0,0,0,0
3425947,0,0,0,0,0,0,0
2724122,0,0,0,0,0,0,0
3133310,0,0,0,0,0,0,0
556499,0,0,0,0,0,0,0
3135263,0,0,0,0,0,0,0
3050069,0,0,0,0,0,0,0
1913979,0,0,0,0,0,0,0
3230986,0,0,0,0,0,0,0
307580,0,0,0,0,0,0,0
3077723,0,0,0,0,0,0,0
2929493,0,0,0,0,0,0,0
2754727,0,0,0,0,0,0,0
2972775,0,0,0,0,0,0,0
548913,0,0,0,0,0,0,0
361575,0,0,0,0,0,0,0
3344879,0,0,0,0,0,0,0
2951138,0,0,0,0,0,0,0
2175621,0,0,0,0,0,0,0
3075124,0,0,0,0,0,0,0
3043447,0,0,0,0,0,0,0
195522,0,0,0,0,0,0,0
1889240,0,0,0,0,0,0,0
3235106,0,0,0,0,0,0,0
1206777,0,0,0,0,0,0,0
2781022,0,0,0,0,0,0,0
3068889,0,0,0,0,0,0,0
2975733,0,0,0,0,0,0,0
2975747,0,0,0,0,0,0,0
36805,0,0,0,0,0,0,0
2761047,0,0,0,0,0,0,0
71254,0,0,0,0,0,0,0
3047947,0,50.73180631,0,0,0,0,0
2565366,0,0,0,0,0,0,0
3235111,0,0,0,0,0,0,0
2976335,0,0,0,0,0,0,0
807,0,0,0,0,0,0,0
2824910,0,0,0,0,0,0,0
2875729,0,0,0,0,0,0,0
349751,0,0,0,0,0,0,0
62320,0,0,0,0,0,0,0
2072407,0,0,0,0,0,0,0
2903757,0,0,0,0,0,0,0
3231942,0,0,0,0,0,0,0
3078227,0,0,0,0,0,0,0
1176198,0,0,0,0,0,0,0
3140787,0,0,0,0,0,0,0
2811421,0,0,0,0,0,0,0
1644129,0,0,0,0,0,0,0
2949630,0,0,0,0,0,0,0
3139315,0,0,0,0,0,0,0
3060756,0,0,0,0,0,0,0
1507808,0,0,0,0,0,0,0
497725,0,0,0,0,0,0,0
3432031,0,0,0,0,0,0,0
2876193,0,0,0,0,0,0,0
1603886,0,0,0,0,0,0,0
464988,0,0,0,0,0,0,0
2204145,0,0,0,0,0,0,0
3418365,0,0,0,0,0,0,0
56636,0,0,0,0,0,0,0
1667168,0,0,0,0,0,0,0
2169883,0,0,0,0,0,0,0
1380362,0,0,0,0,0,0,0
554344,0,0,0,0,0,0,0
2797167,0,0,0,0,0,0,0
3049069,0,0,0,0,0,0,0
3019890,0,0,0,0,0,0,0
2175620,0,0,0,0,0,0,0
2768071,0,0,0,0,0,0,0
2600159,0,0,0,0,0,0,0
3162566,0,0,0,0,0,0,0
3033388,0,0,0,0,0,0,0
634121,0,0,0,0,0,0,0
3066217,0,0,0,0,0,0,0
496857,0,0,0,0,0,0,0
110933,0,0,0,0,0,0,0
44930,0,0,0,0,0,0,0
1932360,0,0,0,0,0,0,0
358766,0,0,0,0,0,0,0
3113369,0,0,0,0,0,0,0
2879621,0,0,0,0,0,0,0
2560545,0,0,0,0,0,0,0
2883169,0,0,0,0,0,0,0
2940301,0,0,0,0,0,0,0
2094119,0,0,0,0,0,0,0
2842357,0,0,0,0,0,0,0
157782,0,0,0,0,0,0,0
2884874,0,0,0,0,0,0,0
2903827,0,0,0,0,0,0,0
114687,0,0,0,0,0,0,0
3242192,0,0,0,0,0,0,0
2175645,0,0,0,0,0,0,0
2862880,0,0,0,0,0,0,0
2585717,0,0,0,0,0,0,0
3415672,0,0,0,0,0,0,0
2779775,0,0,0,0,0,0,0
3018339,0,0,0,0,0,0,0
155537,0,47.10810586,0,0,0,0,0
3059911,0,47.10810586,0,0,0,0,0
951,0,0,0,0,0,0,0
2992843,0,0,0,0,0,0,0
2490633,0,0,0,0,0,0,0
285676,0,0,0,0,0,0,0
3033389,0,0,0,0,0,0,0
3431241,0,0,0,0,0,0,0
142058,0,0,0,0,0,0,0
2734115,0,0,0,0,0,0,0
3377125,0,0,0,0,0,0,0
2650745,0,0,0,0,0,0,0
326927,0,0,0,0,0,0,0
3051120,0,0,0,0,0,0,0
157339,0,0,0,0,0,0,0
34020,0,0,0,0,0,0,0
2734158,0,0,0,0,0,0,0
94694,0,0,0,0,0,0,0
2610895,0,0,0,0,0,0,0
3095337,0,0,0,0,0,0,0
3032281,0,0,0,0,0,0,0
2726956,0,0,0,0,0,0,0
488446,0,0,0,0,0,0,0
2918299,0,0,0,0,0,0,0
1458426,0,0,0,0,0,0,0
3075197,0,0,0,0,0,0,0
2975765,0,0,0,0,0,0,0
1736046,0,0,0,0,0,0,0
3093850,0,0,0,0,0,0,0
3075620,0,0,0,0,0,0,0
2663121,0,0,0,0,0,0,0
1490225,0,0,0,0,0,0,0
2949995,0,0,0,0,0,0,0
88724,0,0,0,0,0,0,0
28109,0,0,0,0,0,0,0
2879622,0,0,0,0,0,0,0
230143,0,0,0,0,0,0,0
2496837,0,0,0,0,0,0,0
3138178,0,0,0,0,0,0,0
2580515,0,0,0,0,0,0,0
36874,0,0,0,0,0,0,0
2740515,0,0,0,0,0,0,0
3047677,0,0,0,0,0,0,0
172827,0,0,0,0,0,0,0
3142537,0,0,0,0,0,0,0
2056231,0,0,0,0,0,0,0
2903780,0,0,0,0,0,0,0
84163,0,0,0,0,0,0,0
2955844,0,0,0,0,0,0,0
2560336,0,0,0,0,0,0,0
33871,0,0,0,0,0,0,0
2053930,0,0,0,0,0,0,0
3024399,0,0,0,0,0,0,0
3130163,0,0,0,0,0,0,0
321318,0,0,0,0,0,0,0
2994493,0,0,0,0,0,0,0
3414495,0,0,0,0,0,0,0
2903781,0,0,0,0,0,0,0
2903749,0,0,0,0,0,0,0
2817475,0,0,0,0,0,0,0
638619,0,0,0,0,0,0,0
3139323,0,0,0,0,0,0,0
674079,0,0,0,0,0,0,0
2955292,0,0,0,0,0,0,0
2996261,0,0,0,0,0,0,0
43665,0,0,0,0,0,0,0
2478464,0,0,0,0,0,0,0
1921710,0,0,0,0,0,0,0
3230997,0,0,0,0,0,0,0
3450718,0,0,0,0,0,0,0
2949629,0,0,0,0,0,0,0
2609415,0,0,0,0,0,0,0
66892,0,0,0,0,0,0,0
2708084,0,0,0,0,0,0,0
1605379,0,43.48440541,0,0,0,0,0
1702170,0,0,0,0,0,0,0
1194427,0,0,0,0,0,0,0
529884,0,0,0,0,0,0,0
3433523,0,0,0,0,0,0,0
712310,0,0,0,0,0,0,0
337243,0,0,0,0,0,0,0
2937524,0,0,0,0,0,0,0
3381348,0,0,0,0,0,0,0
1870985,0,0,0,0,0,0,0
105751,0,0,0,0,0,0,0
3016343,0,0,0,0,0,0,0
712157,0,0,0,0,0,0,0
2996112,0,0,0,0,0,0,0
2921430,0,0,0,0,0,0,0
2749058,0,0,0,0,0,0,0
2745490,0,0,0,0,0,0,0
2903675,0,0,0,0,0,0,0
53374,0,0,0,0,0,0,0
3060828,0,0,0,0,0,0,0
2962888,0,0,0,0,0,0,0
2055955,0,0,0,0,0,0,0
758826,0,0,0,0,0,0,0
2969820,0,0,0,0,0,0,0
3041765,0,0,0,0,0,0,0
2795488,0,0,0,0,0,0,0
1734031,0,0,0,0,0,0,0
863575,0,0,0,0,0,0,0
3055869,0,0,0,0,0,0,0
1121358,0,0,0,0,0,0,0
2968475,0,0,0,0,0,0,0
2734111,0,0,0,0,0,0,0
2955969,0,0,0,0,0,0,0
3059995,0,0,0,0,0,0,0
3426937,0,0,0,0,0,0,0
3043847,0,0,0,0,0,0,0
1758398,0,0,0,0,0,0,0
661191,0,0,0,0,0,0,0
1231049,0,0,0,0,0,0,0
2761623,0,0,0,0,0,0,0
1561022,0,0,0,0,0,0,0
2967300,0,0,0,0,0,0,0
1068590,0,0,0,0,0,0,0
2929495,0,0,0,0,0,0,0
3418422,0,0,0,0,0,0,0
1844051,0,0,0,0,0,0,0
2560334,0,0,0,0,0,0,0
3060397,0,0,0,0,0,0,0
3426175,0,0,0,0,0,0,0
2828862,0,0,0,0,0,0,0
1684,0,0,0,0,0,0,0
2975645,0,0,0,0,0,0,0
3120157,0,0,0,0,0,0,0
2652444,0,0,0,0,0,0,0
1710540,0,0,0,0,0,0,0
2490851,0,0,0,0,0,0,0
178606,0,0,0,0,0,0,0
3015166,0,0,0,0,0,0,0
310769,0,0,0,0,0,0,0
1547448,0,0,0,0,0,0,0
3119004,0,0,0,0,0,0,0
83560,0,0,0,0,0,0,0
3047860,0,0,0,0,0,0,0
2975977,0,0,0,0,0,0,0
1048758,0,0,0,0,0,0,0
2725684,0,0,0,0,0,0,0
2867408,0,0,0,0,0,0,0
3139336,0,0,0,0,0,0,0
67384,0,0,0,0,0,0,0
2044576,0,0,0,0,0,0,0
3066315,0,0,0,0,0,0,0
2955989,0,0,0,0,0,0,0
2956469,0,39.86070495,0,0,0,0,0
2956112,0,39.86070495,0,0,0,0,0
927,0,0,0,0,0,0,0
3366817,0,0,0,0,0,0,0
3074430,0,0,0,0,0,0,0
2932245,0,0,0,0,0,0,0
3136676,0,0,0,0,0,0,0
701042,0,0,0,0,0,0,0
1564114,0,0,0,0,0,0,0
38301,0,0,0,0,0,0,0
3239959,0,0,0,0,0,0,0
1750598,0,0,0,0,0,0,0
607712,0,0,0,0,0,0,0
3136737,0,0,0,0,0,0,0
227319,0,0,0,0,0,0,0
2603292,0,0,0,0,0,0,0
2785913,0,0,0,0,0,0,0
2014541,0,0,0,0,0,0,0
92245,0,0,0,0,0,0,0
1868655,0,0,0,0,0,0,0
135735,0,0,0,0,0,0,0
254785,0,0,0,0,0,0,0
2733906,0,0,0,0,0,0,0
2845399,0,0,0,0,0,0,0
2282206,0,0,0,0,0,0,0
2738852,0,0,0,0,0,0,0
2066049,0,0,0,0,0,0,0
1936021,0,0,0,0,0,0,0
2590775,0,0,0,0,0,0,0
2097,0,0,0,0,0,0,0
3060524,0,0,0,0,0,0,0
2843760,0,0,0,0,0,0,0
3050308,0,0,0,0,0,0,0
2850559,0,0,0,0,0,0,0
2853159,0,0,0,0,0,0,0
3042029,0,0,0,0,0,0,0
3230996,0,0,0,0,0,0,0
2934340,0,0,0,0,0,0,0
3047765,0,0,0,0,0,0,0
2678257,0,0,0,0,0,0,0
2979461,0,0,0,0,0,0,0
2954091,0,0,0,0,0,0,0
2760084,0,0,0,0,0,0,0
2778064,0,0,0,0,0,0,0
3132289,0,0,0,0,0,0,0
2175660,0,0,0,0,0,0,0
3016094,0,0,0,0,0,0,0
2175149,0,0,0,0,0,0,0
2250,0,0,0,0,0,0,0
1333523,0,0,0,0,0,0,0
2733943,0,0,0,0,0,0,0
3428500,0,0,0,0,0,0,0
1880678,0,0,0,0,0,0,0
1637869,0,0,0,0,0,0,0
3066283,0,0,0,0,0,0,0
2734135,0,0,0,0,0,0,0
2303750,0,0,0,0,0,0,0
2975778,0,0,0,0,0,0,0
3056647,0,0,0,0,0,0,0
3058903,0,0,0,0,0,0,0
1918723,0,0,0,0,0,0,0
3241450,0,0,0,0,0,0,0
2894156,0,0,0,0,0,0,0
2908651,0,0,0,0,0,0,0
2886938,0,0,0,0,0,0,0
3068341,0,0,0,0,0,0,0
2961597,0,0,0,0,0,0,0
366522,0,0,0,0,0,0,0
2895494,0,0,0,0,0,0,0
2903783,0,0,0,0,0,0,0
1546107,0,0,0,0,0,0,0
1924,0,0,0,0,0,0,0
2851646,0,0,0,0,0,0,0
2175641,0,0,0,0,0,0,0
619291,0,0,0,0,0,0,0
2017485,0,0,0,0,0,0,0
3109565,0,0,0,0,0,0,0
2978474,0,0,0,0,0,0,0
3117459,0,0,0,0,0,0,0
3069269,0,0,0,0,0,0,0
2675775,0,0,0,0,0,0,0
2282124,0,0,0,0,0,0,0
2954752,0,0,0,0,0,0,0
1316411,0,0,0,0,0,0,0
3066307,0,0,0,0,0,0,0
29292,0,0,0,0,0,0,0
2560476,0,0,0,0,0,0,0
1470347,0,0,0,0,0,0,0
3048630,0,0,0,0,0,0,0
1336740,0,0,0,0,0,0,0
2984142,0,0,0,0,0,0,0
3060716,0,0,0,0,0,0,0
1586712,0,0,0,0,0,0,0
3428816,0,0,0,0,0,0,0
3066296,0,0,0,0,0,0,0
1932881,0,0,0,0,0,0,0
2971236,0,0,0,0,0,0,0
2316720,0,0,0,0,0,0,0
2560631,0,0,0,0,0,0,0
417280,0,0,0,0,0,0,0
2956139,0,0,0,0,0,0,0
2955996,0,0,0,0,0,0,0
2271,0,36.2370045,0,0,0,0,0
3060804,0,36.2370045,0,0,0,0,0
3414496,0,0,0,0,0,0,0
2774459,0,0,0,0,0,0,0
2201355,0,0,0,0,0,0,0
1163398,0,0,0,0,0,0,0
1052,0,0,0,0,0,0,0
3398229,0,0,0,0,0,0,0
2565934,0,0,0,0,0,0,0
2816859,0,0,0,0,0,0,0
3385969,0,0,0,0,0,0,0
169765,0,0,0,0,0,0,0
134034,0,0,0,0,0,0,0
2982699,0,0,0,0,0,0,0
1839799,0,0,0,0,0,0,0
3031996,0,0,0,0,0,0,0
3032001,0,0,0,0,0,0,0
1852381,0,0,0,0,0,0,0
2954101,0,0,0,0,0,0,0
1862358,0,0,0,0,0,0,0
2755386,0,0,0,0,0,0,0
43659,0,0,0,0,0,0,0
2937790,0,0,0,0,0,0,0
220697,0,0,0,0,0,0,0
3384451,0,0,0,0,0,0,0
411483,0,0,0,0,0,0,0
2749071,0,0,0,0,0,0,0
3059030,0,0,0,0,0,0,0
2954096,0,0,0,0,0,0,0
3458058,0,0,0,0,0,0,0
3022791,0,0,0,0,0,0,0
1637862,0,0,0,0,0,0,0
573737,0,0,0,0,0,0,0
728066,0,0,0,0,0,0,0
1768108,0,0,0,0,0,0,0
81412,0,0,0,0,0,0,0
2909672,0,0,0,0,0,0,0
1182568,0,0,0,0,0,0,0
2935858,0,0,0,0,0,0,0
3398214,0,0,0,0,0,0,0
2975857,0,0,0,0,0,0,0
2955533,0,0,0,0,0,0,0
2733372,0,0,0,0,0,0,0
651740,0,0,0,0,0,0,0
2741499,0,0,0,0,0,0,0
2018052,0,0,0,0,0,0,0
54252,0,0,0,0,0,0,0
2964616,0,0,0,0,0,0,0
2921489,0,0,0,0,0,0,0
228574,0,0,0,0,0,0,0
3436239,0,0,0,0,0,0,0
931100,0,0,0,0,0,0,0
1863,0,0,0,0,0,0,0
1846278,0,0,0,0,0,0,0
2734134,0,0,0,0,0,0,0
2955562,0,0,0,0,0,0,0
3050350,0,0,0,0,0,0,0
3427847,0,0,0,0,0,0,0
3240497,0,0,0,0,0,0,0
1923706,0,0,0,0,0,0,0
1923698,0,0,0,0,0,0,0
2724121,0,0,0,0,0,0,0
3404059,0,0,0,0,0,0,0
1382803,0,0,0,0,0,0,0
920,0,0,0,0,0,0,0
194673,0,0,0,0,0,0,0
2995140,0,0,0,0,0,0,0
3042517,0,0,0,0,0,0,0
1357915,0,0,0,0,0,0,0
487568,0,0,0,0,0,0,0
2704652,0,0,0,0,0,0,0
2927224,0,0,0,0,0,0,0
2789208,0,0,0,0,0,0,0
307643,0,0,0,0,0,0,0
2956181,0,0,0,0,0,0,0
3031916,0,0,0,0,0,0,0
77635,0,0,0,0,0,0,0
3132096,0,0,0,0,0,0,0
70771,0,0,0,0,0,0,0
2978046,0,0,0,0,0,0,0
2734106,0,0,0,0,0,0,0
3388343,0,0,0,0,0,0,0
463024,0,0,0,0,0,0,0
3160749,0,0,0,0,0,0,0
2578107,0,0,0,0,0,0,0
156980,0,0,0,0,0,0,0
2722820,0,0,0,0,0,0,0
1500687,0,0,0,0,0,0,0
2066024,0,0,0,0,0,0,0
489,0,0,0,0,0,0,0
3435187,0,0,0,0,0,0,0
1987727,0,0,0,0,0,0,0
548914,0,0,0,0,0,0,0
10484,0,0,0,0,0,0,0
147206,0,0,0,0,0,0,0
1885674,0,0,0,0,0,0,0
2842350,0,0,0,0,0,0,0
1920990,0,0,0,0,0,0,0
67307,0,0,0,0,0,0,0
35780,0,0,0,0,0,0,0
2993314,0,0,0,0,0,0,0
113653,0,0,0,0,0,0,0
242703,0,0,0,0,0,0,0
2045011,0,0,0,0,0,0,0
2955765,0,0,0,0,0,0,0
2560554,0,0,0,0,0,0,0
2956556,0,0,0,0,0,0,0
2734008,0,0,0,0,0,0,0
2651199,0,0,0,0,0,0,0
3025782,0,0,0,0,0,0,0
2954587,0,0,0,0,0,0,0
232537,0,0,0,0,0,0,0
3060402,0,0,0,0,0,0,0
2501954,0,0,0,0,0,0,0
155925,0,0,0,0,0,0,0
2576923,0,0,0,0,0,0,0
2016373,0,0,0,0,0,0,0
1981173,0,0,0,0,0,0,0
1785161,0,0,0,0,0,0,0
3111774,0,0,0,0,0,0,0
3143537,0,0,0,0,0,0,0
2830997,0,0,0,0,0,0,0
2697563,0,0,0,0,0,0,0
3059080,0,0,0,0,0,0,0
3450454,0,0,0,0,0,0,0
2021,0,0,0,0,0,0,0
2953748,0,0,0,0,0,0,0
508460,0,0,0,0,0,0,0
2714951,0,0,0,0,0,0,0
3059730,0,0,0,0,0,0,0
3429958,0,0,0,0,0,0,0
2921370,0,0,0,0,0,0,0
3060323,0,0,0,0,0,0,0
3060634,0,0,0,0,0,0,0
3431515,0,0,0,0,0,0,0
3047759,0,0,0,0,0,0,0
3020907,0,0,0,0,0,0,0
2895491,0,0,0,0,0,0,0
2864204,0,0,0,0,0,0,0
686831,0,0,0,0,0,0,0
2782166,0,0,0,0,0,0,0
2873270,0,0,0,0,0,0,0
123320,0,0,0,0,0,0,0
745377,0,0,0,0,0,0,0
2931977,0,0,0,0,0,0,0
2873269,0,0,0,0,0,0,0
2864202,0,0,0,0,0,0,0
2058328,0,0,0,0,0,0,0
44822,0,0,0,0,0,0,0
3066306,0,0,0,0,0,0,0
2080449,0,0,0,0,0,0,0
1699371,0,0,0,0,0,0,0
1725232,0,0,0,0,0,0,0
2488819,0,0,0,0,0,0,0
1536648,0,0,0,0,0,0,0
121277,0,0,0,0,0,0,0
2955958,0,0,0,0,0,0,0
2955429,0,0,0,0,0,0,0
1173297,0,0,0,0,0,0,0
3427055,0,0,0,0,0,0,0
3428769,0,0,0,0,0,0,0
33074,0,0,0,0,0,0,0
3122489,0,0,0,0,0,0,0
2921710,0,0,0,0,0,0,0
3427970,0,0,0,0,0,0,0
3349632,0,0,0,0,0,0,0
2742613,0,0,0,0,0,0,0
2717697,0,0,0,0,0,0,0
332411,0,0,0,0,0,0,0
3446480,0,0,0,0,0,0,0
3049071,0,0,0,0,0,0,0
1793722,0,0,0,0,0,0,0
162496,0,0,0,0,0,0,0
43667,0,0,0,0,0,0,0
2782567,0,0,0,0,0,0,0
3064288,0,0,0,0,0,0,0
292462,0,0,0,0,0,0,0
2014528,0,0,0,0,0,0,0
1683,0,0,0,0,0,0,0
2872158,0,0,0,0,0,0,0
1853690,0,0,0,0,0,0,0
1453760,0,0,0,0,0,0,0
2675785,0,0,0,0,0,0,0
3394854,0,0,0,0,0,0,0
79604,0,0,0,0,0,0,0
184117,0,0,0,0,0,0,0
754058,0,0,0,0,0,0,0
2956698,0,0,0,0,0,0,0
3428200,0,0,0,0,0,0,0
3433814,0,0,0,0,0,0,0
224402,0,0,0,0,0,0,0
2576932,0,0,0,0,0,0,0
3141322,0,0,0,0,0,0,0
3028807,0,0,0,0,0,0,0
3075650,0,0,0,0,0,0,0
1186051,0,0,0,0,0,0,0
88916,0,0,0,0,0,0,0
2975748,0,0,0,0,0,0,0
68179,0,0,0,0,0,0,0
3077933,0,0,0,0,0,0,0
387341,0,0,0,0,0,0,0
3104265,0,0,0,0,0,0,0
2745494,0,0,0,0,0,0,0
2764185,0,0,0,0,0,0,0
1981031,0,0,0,0,0,0,0
1401995,0,0,0,0,0,0,0
85336,0,0,0,0,0,0,0
2894192,0,0,0,0,0,0,0
398694,0,0,0,0,0,0,0
3061629,0,0,0,0,0,0,0
3068310,0,0,0,0,0,0,0
2079535,0,0,0,0,0,0,0
2714935,0,0,0,0,0,0,0
2955711,0,0,0,0,0,0,0
2956060,0,0,0,0,0,0,0
53988,0,0,0,0,0,0,0
3240578,0,0,0,0,0,0,0
2842354,0,0,0,0,0,0,0
385025,0,0,0,0,0,0,0
3240788,0,0,0,0,0,0,0
2719989,0,0,0,0,0,0,0
3133281,0,0,0,0,0,0,0
228745,0,0,0,0,0,0,0
2733907,0,0,0,0,0,0,0
3059705,0,0,0,0,0,0,0
2955583,0,0,0,0,0,0,0
2734235,0,0,0,0,0,0,0
3043284,0,0,0,0,0,0,0
3161136,0,0,0,0,0,0,0
3418175,0,0,0,0,0,0,0
44750,0,0,0,0,0,0,0
3111776,0,0,0,0,0,0,0
223182,0,0,0,0,0,0,0
137545,0,0,0,0,0,0,0
3071081,0,0,0,0,0,0,0
3240095,0,0,0,0,0,0,0
258224,0,0,0,0,0,0,0
2830990,0,0,0,0,0,0,0
3400219,0,0,0,0,0,0,0
2423,0,0,0,0,0,0,0
2016361,0,0,0,0,0,0,0
2845137,0,0,0,0,0,0,0
2955986,0,0,0,0,0,0,0
2843993,0,0,0,0,0,0,0
3050251,0,0,0,0,0,0,0
1931371,0,0,0,0,0,0,0
1497848,0,0,0,0,0,0,0
1922892,0,0,0,0,0,0,0
362830,0,0,0,0,0,0,0
3003620,0,0,0,0,0,0,0
1819736,0,0,0,0,0,0,0
3073452,0,0,0,0,0,0,0
76860,0,0,0,0,0,0,0
2800128,0,0,0,0,0,0,0
2903811,0,0,0,0,0,0,0
708131,0,0,0,0,0,0,0
1332188,0,0,0,0,0,0,0
3047716,0,0,0,0,0,0,0
1053551,0,0,0,0,0,0,0
574987,0,0,0,0,0,0,0
3447363,0,0,0,0,0,0,0
3374104,0,0,0,0,0,0,0
670052,0,0,0,0,0,0,0
521392,0,0,0,0,0,0,0
2909229,0,0,0,0,0,0,0
3457577,0,0,0,0,0,0,0
712538,0,0,0,0,0,0,0
37636,0,0,0,0,0,0,0
2963434,0,0,0,0,0,0,0
2961574,0,0,0,0,0,0,0
90426,0,0,0,0,0,0,0
2845858,0,0,0,0,0,0,0
2955208,0,0,0,0,0,0,0
131081,0,0,0,0,0,0,0
65123,0,0,0,0,0,0,0
2956014,0,0,0,0,0,0,0
2841283,0,0,0,0,0,0,0
2956210,0,0,0,0,0,0,0
3048436,0,0,0,0,0,0,0
3047858,0,0,0,0,0,0,0
3234143,0,0,0,0,0,0,0
3455201,0,0,0,0,0,0,0
42862,0,0,0,0,0,0,0
355249,0,0,0,0,0,0,0
2955687,0,0,0,0,0,0,0
1147042,0,0,0,0,0,0,0
1649877,0,0,0,0,0,0,0
2993566,0,0,0,0,0,0,0
57664,0,0,0,0,0,0,0
2982524,0,0,0,0,0,0,0
2961595,0,0,0,0,0,0,0
2870840,0,0,0,0,0,0,0
2939415,0,0,0,0,0,0,0
2109687,0,0,0,0,0,0,0
42838,0,0,0,0,0,0,0
186171,0,0,0,0,0,0,0
160233,0,0,0,0,0,0,0
1980955,0,0,0,0,0,0,0
1663208,0,0,0,0,0,0,0
572290,0,0,0,0,0,0,0
2560706,0,0,0,0,0,0,0
1923378,0,0,0,0,0,0,0
3078442,0,0,0,0,0,0,0
1391455,0,0,0,0,0,0,0
3138237,0,0,0,0,0,0,0
721785,0,0,0,0,0,0,0
655307,0,0,0,0,0,0,0
2734126,0,0,0,0,0,0,0
2956343,0,0,0,0,0,0,0
3048221,0,0,0,0,0,0,0
267,0,0,0,0,0,0,0
38307,0,0,0,0,0,0,0
2745514,0,0,0,0,0,0,0
462710,0,0,0,0,0,0,0
2175666,0,0,0,0,0,0,0
358099,0,0,0,0,0,0,0
1960083,0,0,0,0,0,0,0
2951804,0,0,0,0,0,0,0
2675789,0,0,0,0,0,0,0
3131929,0,0,0,0,0,0,0
2953971,0,0,0,0,0,0,0
2975345,0,0,0,0,0,0,0
1548602,0,0,0,0,0,0,0
2983212,0,0,0,0,0,0,0
3448583,0,0,0,0,0,0,0
2956144,0,0,0,0,0,0,0
2955232,0,0,0,0,0,0,0
2955762,0,0,0,0,0,0,0
3060748,0,0,0,0,0,0,0
2126929,0,0,0,0,0,0,0
1923634,0,0,0,0,0,0,0
484,0,0,0,0,0,0,0
2853258,0,0,0,0,0,0,0
1231000,0,0,0,0,0,0,0
2709392,0,0,0,0,0,0,0
634157,0,0,0,0,0,0,0
2747817,0,0,0,0,0,0,0
2734052,0,0,0,0,0,0,0
2755398,0,0,0,0,0,0,0
3414707,0,0,0,0,0,0,0
3228746,0,0,0,0,0,0,0
3081770,0,0,0,0,0,0,0
3438964,0,0,0,0,0,0,0
3421173,0,0,0,0,0,0,0
3366812,0,0,0,0,0,0,0
2955726,0,0,0,0,0,0,0
2845178,0,0,0,0,0,0,0
1813599,0,0,0,0,0,0,0
933845,0,0,0,0,0,0,0
2565304,0,0,0,0,0,0,0
53410,0,0,0,0,0,0,0
2005046,0,0,0,0,0,0,0
3066143,0,0,0,0,0,0,0
2081049,0,0,0,0,0,0,0
2698900,0,0,0,0,0,0,0
2749050,0,0,0,0,0,0,0
3059035,0,0,0,0,0,0,0
680118,0,0,0,0,0,0,0
2956266,0,0,0,0,0,0,0
3060051,0,0,0,0,0,0,0
2845079,0,0,0,0,0,0,0
3050246,0,0,0,0,0,0,0
3050331,0,0,0,0,0,0,0
3241176,0,0,0,0,0,0,0
3051417,0,0,0,0,0,0,0
3133271,0,0,0,0,0,0,0
936337,0,0,0,0,0,0,0
1259258,0,0,0,0,0,0,0
2487344,0,0,0,0,0,0,0
152794,0,0,0,0,0,0,0
1851395,0,0,0,0,0,0,0
28049,0,0,0,0,0,0,0
2527867,0,0,0,0,0,0,0
869892,0,0,0,0,0,0,0
49899,0,0,0,0,0,0,0
1008460,0,0,0,0,0,0,0
2734371,0,0,0,0,0,0,0
768528,0,0,0,0,0,0,0
29433,0,0,0,0,0,0,0
2825975,0,0,0,0,0,0,0
265883,0,0,0,0,0,0,0
2039,0,0,0,0,0,0,0
2155,0,0,0,0,0,0,0
2560679,0,0,0,0,0,0,0
3427928,0,0,0,0,0,0,0
185588,0,0,0,0,0,0,0
2973088,0,0,0,0,0,0,0
556053,0,0,0,0,0,0,0
2859226,0,0,0,0,0,0,0
2057798,0,0,0,0,0,0,0
1111069,0,0,0,0,0,0,0
88190,0,0,0,0,0,0,0
35745,0,0,0,0,0,0,0
2876190,0,0,0,0,0,0,0
2875961,0,0,0,0,0,0,0
33994,0,0,0,0,0,0,0
742013,0,0,0,0,0,0,0
1721,0,0,0,0,0,0,0
2173174,0,0,0,0,0,0,0
3016096,0,0,0,0,0,0,0
311400,0,0,0,0,0,0,0
3427844,0,0,0,0,0,0,0
2733635,0,0,0,0,0,0,0
3068353,0,0,0,0,0,0,0
1980946,0,0,0,0,0,0,0
307466,0,0,0,0,0,0,0
342409,0,0,0,0,0,0,0
2170255,0,0,0,0,0,0,0
2730425,0,0,0,0,0,0,0
2986281,0,0,0,0,0,0,0
2079791,0,0,0,0,0,0,0
3447965,0,0,0,0,0,0,0
33905,0,0,0,0,0,0,0
2734634,0,0,0,0,0,0,0
2682776,0,0,0,0,0,0,0
2026885,0,0,0,0,0,0,0
1457250,0,0,0,0,0,0,0
3144666,0,0,0,0,0,0,0
647,0,0,0,0,0,0,0
931101,0,0,0,0,0,0,0
287948,0,0,0,0,0,0,0
2983213,0,0,0,0,0,0,0
78259,0,0,0,0,0,0,0
3031114,0,0,0,0,0,0,0
2956048,0,0,0,0,0,0,0
3060305,0,0,0,0,0,0,0
3430497,0,0,0,0,0,0,0
3060653,0,0,0,0,0,0,0
1655646,0,0,0,0,0,0,0
399742,0,0,0,0,0,0,0
2817414,0,0,0,0,0,0,0
2605424,0,0,0,0,0,0,0
83557,0,0,0,0,0,0,0
2921382,0,0,0,0,0,0,0
2025492,0,0,0,0,0,0,0
2594494,0,0,0,0,0,0,0
2890314,0,0,0,0,0,0,0
1671,0,0,0,0,0,0,0
3022127,0,0,0,0,0,0,0
108007,0,0,0,0,0,0,0
2269,0,0,0,0,0,0,0
2734145,0,0,0,0,0,0,0
3431480,0,0,0,0,0,0,0
3052670,0,0,0,0,0,0,0
3052684,0,0,0,0,0,0,0
1922860,0,0,0,0,0,0,0
1923643,0,0,0,0,0,0,0
3427966,0,0,0,0,0,0,0
3048408,0,0,0,0,0,0,0
278132,0,0,0,0,0,0,0
2737173,0,0,0,0,0,0,0
271,0,0,0,0,0,0,0
1602166,0,0,0,0,0,0,0
136094,0,0,0,0,0,0,0
3402017,0,0,0,0,0,0,0
3062275,0,0,0,0,0,0,0
43674,0,0,0,0,0,0,0
1816183,0,0,0,0,0,0,0
2560496,0,0,0,0,0,0,0
1985693,0,0,0,0,0,0,0
1980429,0,0,0,0,0,0,0
3047697,0,0,0,0,0,0,0
3047704,0,0,0,0,0,0,0
3047352,0,0,0,0,0,0,0
3047953,0,0,0,0,0,0,0
3052219,0,0,0,0,0,0,0
3342641,0,0,0,0,0,0,0
3017361,0,0,0,0,0,0,0
2495645,0,0,0,0,0,0,0
3079930,0,0,0,0,0,0,0
2763056,0,0,0,0,0,0,0
2836432,0,0,0,0,0,0,0
1873524,0,0,0,0,0,0,0
1982371,0,0,0,0,0,0,0
1821960,0,0,0,0,0,0,0
3416667,0,0,0,0,0,0,0
3398207,0,0,0,0,0,0,0
3399689,0,0,0,0,0,0,0
2709410,0,0,0,0,0,0,0
2023260,0,0,0,0,0,0,0
69525,0,0,0,0,0,0,0
2955511,0,0,0,0,0,0,0
2846180,0,0,0,0,0,0,0
2846435,0,0,0,0,0,0,0
3050140,0,0,0,0,0,0,0
3427923,0,0,0,0,0,0,0
1917232,0,0,0,0,0,0,0
3426550,0,0,0,0,0,0,0
3418654,0,0,0,0,0,0,0
3051421,0,0,0,0,0,0,0
3388489,0,0,0,0,0,0,0
3016341,0,0,0,0,0,0,0
2745503,0,0,0,0,0,0,0
716,0,0,0,0,0,0,0
713030,0,0,0,0,0,0,0
1436085,0,0,0,0,0,0,0
3059852,0,0,0,0,0,0,0
2733994,0,0,0,0,0,0,0
2560455,0,0,0,0,0,0,0
2843770,0,0,0,0,0,0,0
1406788,0,0,0,0,0,0,0
2845523,0,0,0,0,0,0,0
2734390,0,0,0,0,0,0,0
3060785,0,0,0,0,0,0,0
3048195,0,0,0,0,0,0,0
2955431,0,0,0,0,0,0,0
3426832,0,0,0,0,0,0,0
54254,0,0,0,0,0,0,0
1987150,0,0,0,0,0,0,0
3432133,0,0,0,0,0,0,0
3048435,0,0,0,0,0,0,0
1914861,0,0,0,0,0,0,0
3461145,0,0,0,0,0,0,0
2895490,0,0,0,0,0,0,0
96495,0,0,0,0,0,0,0
2686014,0,0,0,0,0,0,0
1614,0,0,0,0,0,0,0
1852379,0,0,0,0,0,0,0
299422,0,0,0,0,0,0,0
2734102,0,0,0,0,0,0,0
2955907,0,0,0,0,0,0,0
3433337,0,0,0,0,0,0,0
3050281,0,0,0,0,0,0,0
3431616,0,0,0,0,0,0,0
2116599,0,0,0,0,0,0,0
1100043,0,0,0,0,0,0,0
181487,0,0,0,0,0,0,0
3158571,0,0,0,0,0,0,0
1258,0,0,0,0,0,0,0
3059703,0,0,0,0,0,0,0
2844144,0,0,0,0,0,0,0
3060803,0,0,0,0,0,0,0
3060630,0,0,0,0,0,0,0
880161,0,0,0,0,0,0,0
3052448,0,0,0,0,0,0,0
3052587,0,0,0,0,0,0,0
2654238,0,0,0,0,0,0,0
2867409,0,0,0,0,0,0,0
2769067,0,0,0,0,0,0,0
1985716,0,0,0,0,0,0,0
2846183,0,0,0,0,0,0,0
2845410,0,0,0,0,0,0,0
3052596,0,0,0,0,0,0,0
1027468,0,0,0,0,0,0,0
1965238,0,0,0,0,0,0,0
3418653,0,0,0,0,0,0,0
3047831,0,0,0,0,0,0,0
3052207,0,0,0,0,0,0,0
1603038,0,0,0,0,0,0,0
2871493,0,0,0,0,0,0,0
2805427,0,0,0,0,0,0,0
2560423,0,0,0,0,0,0,0
3060027,0,0,0,0,0,0,0
3048333,0,0,0,0,0,0,0
3432138,0,0,0,0,0,0,0
3250174,0,0,0,0,0,0,0
219584,0,0,0,0,0,0,0
1503293,0,0,0,0,0,0,0
2843810,0,0,0,0,0,0,0
1746064,0,0,0,0,0,0,0
346881,0,0,0,0,0,0,0
3399680,0,0,0,0,0,0,0
104955,0,0,0,0,0,0,0
2572088,0,0,0,0,0,0,0
3429984,0,0,0,0,0,0,0
2846159,0,0,0,0,0,0,0
3052549,0,0,0,0,0,0,0
2956521,0,0,0,0,0,0,0
3240513,0,0,0,0,0,0,0
3427221,0,0,0,0,0,0,0
3431239,0,0,0,0,0,0,0
40050,0,0,0,0,0,0,0
3051418,0,0,0,0,0,0,0
2955240,0,0,0,0,0,0,0
1959845,0,0,0,0,0,0,0
3345112,0,0,0,0,0,0,0
2968831,0,0,0,0,0,0,0
2051,0,0,0,0,0,0,0
3127115,0,0,0,0,0,0,0
1980959,0,0,0,0,0,0,0
2560434,0,0,0,0,0,0,0
1357714,0,0,0,0,0,0,0
148943,0,0,0,0,0,0,0
3050268,0,0,0,0,0,0,0
2845680,0,0,0,0,0,0,0
1923622,0,0,0,0,0,0,0
3048237,0,0,0,0,0,0,0
3060633,0,0,0,0,0,0,0
2049444,0,0,0,0,0,0,0