,122021_Coralina_2021_Baya_025_MMEA_S22,122021_Coralina_2021_Baya_029_MMEA_S23,122021_Coralina_2021_Baya_031_MMEA_S45
2057741,24385.22674,38675.84399,66764.12472
5722,4188.873305,5806.058903,2923.741747
562,13651.2389,14187.38587,17124.77309
588596,9686.769518,16153.95421,10666.83802
573,8209.443665,12220.81753,3261.096564
1747,1402.524544,3324.436953,12000.19277
28901,5161.290323,40595.58927,2473.935324
1396,11201.49603,16528.53865,3100.451413
470,5142.589995,7913.096409,4835.419043
1280,5292.192613,10488.36447,4321.35456
492670,3927.068724,0,3662.709441
1428,3347.358579,9036.849745,9702.967116
2004662,2019.635344,1685.630004,1204.838632
287,3833.567087,0,3357.483654
3066369,0,0,0
1173583,243.1042543,0,0
1502,7779.336138,7959.919464,6200.902826
647221,7985.039738,5103.713068,10184.90257
9,3366.058906,4869.59779,2554.2579
1325120,1271.622253,8474.973077,13927.93459
158836,2206.638616,0,0
1351,4095.371669,6976.635295,3421.741715
5811,710.6124357,1919.745283,578.3225433
1491,3197.755961,4916.420846,2329.354688
208375,748.0130902,5384.651402,9172.838118
1936156,7854.137447,5384.651402,11630.70893
1219,2113.13698,2528.445006,1638.580539
1405,2262.739598,5384.651402,1991.999871
1795815,0,2200.683617,1188.774117
1404,1159.42029,3652.198342,1060.257996
1929291,0,0,0
27350,1664.329126,2622.091118,1156.645087
192812,0,0,0
450367,13969.14446,5946.52807,13413.8701
1406,2131.837307,4026.782788,1156.645087
1282,1234.221599,2715.737229,1783.161175
44689,1683.029453,2668.914173,1991.999871
3344828,935.0163628,5197.35918,7823.41885
5825,6601.215521,2622.091118,6955.935035
1653831,1888.733053,4026.782788,1622.516024
587,3235.156615,4026.782788,0
1496,935.0163628,1732.45306,867.483815
3021011,0,0,0
5827,2505.843852,3464.90612,1381.548298
546,0,3137.14473,2056.257932
40559,1813.931744,2903.029452,979.9354206
208348,1365.12389,1264.222503,1028.128966
5821,991.1173446,1685.630004,1092.387026
85471,2169.237962,2668.914173,1124.516056
587753,4731.182796,8990.026689,2377.548234
210,1570.827489,2387.975839,1301.225723
303,1252.921926,0,1558.257964
28198,12417.0173,2107.037505,13076.51529
3140245,748.0130902,4120.428899,6666.773763
3140244,542.3094904,4214.075011,6586.451188
3425945,0,0,0
3410088,860.2150538,3745.844454,5735.031888
1583098,355.3062179,0,224.9032113
1358,1645.628799,4214.075011,3068.322383
358,0,0,1622.516024
29448,748.0130902,4260.898066,4562.322286
41,0,0,0
1267423,1888.733053,1311.045559,1654.645055
1520,1683.029453,2622.091118,1477.935389
68213,1683.029453,6133.820293,1686.774085
2562892,1140.719963,2341.152784,979.9354206
5860,972.4170173,1076.93028,1220.903147
1404443,691.9121085,3371.260008,5943.870584
1352,3291.257597,0,0
5861,1234.221599,3043.498619,722.9031792
2761107,0,0,0
1492,448.8078541,0,385.5483622
1117645,1159.42029,2575.268062,1092.387026
2058762,1122.019635,1451.514726,738.9676943
288000,0,936.4611135,5574.386737
911045,0,0,0
1071379,860.2150538,1872.922227,915.6773603
1442551,1870.032726,2575.268062,0
40324,1757.830762,2622.091118,3534.19332
28031,2150.537634,2856.206396,1461.870873
1325100,561.0098177,2949.852507,5269.16095
145971,1122.019635,1357.868615,803.2257546
238834,1178.120617,2013.391394,1108.451541
1296,766.7134175,2013.391394,835.3547848
197,1795.231417,1826.099171,1461.870873
48296,2879.850397,3043.498619,2730.967566
585,2505.843852,2996.675563,5847.483494
94643,710.6124357,1638.806949,514.064483
907046,0,0,0
2306583,0,0,0
28197,448.8078541,0,0
316,2861.15007,4635.482512,1831.354721
27289,504.9088359,1076.93028,417.6773924
83637,748.0130902,2668.914173,4192.838439
1660078,0,0,0
1505,355.3062179,702.3458351,321.2903019
5850,1327.723235,1357.868615,1333.354753
28116,617.1107994,1919.745283,578.3225433
5507,878.915381,1357.868615,594.3870584
1314,0,1123.753336,497.9999679
986,654.511454,4869.59779,1702.8386
1624,467.5081814,842.8150021,176.709666
5476,1009.817672,1966.568338,931.7418754
35128,766.7134175,936.4611135,674.7096339
2653203,0,0,0
1397703,467.5081814,561.8766681,353.419332
28108,542.3094904,655.5227794,578.3225433
5141,579.7101449,0,449.8064226
40214,1757.830762,2387.975839,1493.999904
2704140,0,0,0
1307,1290.322581,2528.445006,867.483815
253,411.4071996,0,755.0322094
1587,0,0,0
1639,822.8143993,1311.045559,835.3547848
5858,0,0,1590.386994
1197460,523.6091632,2903.029452,3983.999743
4779,1028.517999,1030.107225,851.4192999
644,0,0,0
384,691.9121085,0,514.064483
42374,299.2052361,468.2305567,610.4515735
208452,1140.719963,1638.806949,674.7096339
69781,1346.423562,2668.914173,1204.838632
1931238,0,0,224.9032113
1423,2318.84058,0,0
1775881,0,0,0
1590,1608.228144,795.9919464,1783.161175
615,841.5147265,0,771.0967244
34073,579.7101449,0,690.774149
5854,1402.524544,2949.852507,706.8386641
446,1159.42029,1638.806949,642.5806037
913109,0,0,273.0967566
1159556,935.0163628,1919.745283,514.064483
5127,336.6058906,0,305.2257868
1501,635.8111267,1264.222503,337.3548169
5855,860.2150538,2247.506672,738.9676943
64104,579.7101449,842.8150021,995.9999357
34085,654.511454,1872.922227,690.774149
36914,542.3094904,889.6380578,803.2257546
738,542.3094904,889.6380578,465.8709377
1303,523.6091632,2107.037505,578.3225433
680,822.8143993,1404.69167,0
4896,860.2150538,1076.93028,353.419332
2268451,935.0163628,889.6380578,0
2748629,336.6058906,2060.21445,3485.999775
158,598.4104722,2013.391394,979.9354206
1126,523.6091632,936.4611135,626.5160886
3003349,0,0,0
2704654,0,0,0
663,729.312763,3558.552231,1204.838632
3139728,0,2856.206396,2891.612717
121627,785.4137447,1170.576392,417.6773924
1578925,542.3094904,1123.753336,369.4838471
1069201,841.5147265,2575.268062,530.1289981
45286,0,0,0
36845,1720.430108,1966.568338,3116.515928
670,654.511454,1966.568338,755.0322094
1922217,617.1107994,1217.399447,546.1935131
148305,598.4104722,1076.93028,530.1289981
263511,0,468.2305567,192.7741811
1303590,5610.098177,2856.206396,10056.38645
1898042,0,0,0
36050,411.4071996,1545.160837,867.483815
5454,1028.517999,1404.69167,465.8709377
5147,710.6124357,1872.922227,642.5806037
76857,916.3160355,702.3458351,1333.354753
280754,804.114072,1123.753336,1188.774117
459526,411.4071996,0,594.3870584
1404429,841.5147265,1966.568338,3694.838471
83641,448.8078541,1591.983893,2811.290141
2916754,224.4039271,561.8766681,0
29388,467.5081814,1076.93028,385.5483622
5833,374.0065451,842.8150021,289.1612717
669,2431.042543,0,963.8709056
1892,0,0,0
196024,3253.856942,1591.983893,5317.354496
2321133,392.7068724,749.1688908,224.9032113
2099387,1084.618981,1498.337782,931.7418754
317,953.71669,1357.868615,995.9999357
880535,654.511454,889.6380578,417.6773924
5691,654.511454,983.2841691,1028.128966
1503041,0,0,0
1355477,0,0,819.2902697
1462615,486.2085086,0,369.4838471
550,5086.489014,2996.675563,5494.064162
2743,0,0,0
5807,261.8045816,1357.868615,706.8386641
5824,0,0,0
101201,392.7068724,889.6380578,321.2903019
463800,0,655.5227794,385.5483622
996,448.8078541,0,0
2721244,0,0,0
107401,654.511454,1076.93028,224.9032113
1290,785.4137447,608.6997237,465.8709377
2697010,0,0,0
500148,448.8078541,0,224.9032113
817,3104.254324,2481.621951,2875.548202
36745,3029.453015,1076.93028,3518.128805
4952,748.0130902,655.5227794,1044.193481
4975,804.114072,889.6380578,433.7419075
584,2805.049088,1498.337782,803.2257546
367791,411.4071996,0,337.3548169
28132,523.6091632,0,979.9354206
36839,430.1075269,1311.045559,273.0967566
2066072,430.1075269,0,0
181124,822.8143993,1591.983893,755.0322094
165179,1514.726508,2575.268062,273.0967566
132608,280.5049088,0,289.1612717
188913,691.9121085,1311.045559,353.419332
38293,448.8078541,0,433.7419075
101028,467.5081814,1919.745283,755.0322094
3240067,0,0,0
181762,579.7101449,1076.93028,433.7419075
2034170,691.9121085,702.3458351,208.8386962
34406,785.4137447,1123.753336,417.6773924
43675,0,1217.399447,2088.386962
43658,3964.469378,1732.45306,3775.161047
1206,0,1030.107225,160.6451509
195108,0,0,0
42260,430.1075269,702.3458351,578.3225433
2764711,0,1030.107225,481.9354528
76859,1215.521272,0,690.774149
3133280,3459.560542,5103.713068,2618.51596
796027,336.6058906,749.1688908,0
453459,411.4071996,1030.107225,208.8386962
63577,355.3062179,702.3458351,481.9354528
715475,0,0,0
1220207,317.9055633,889.6380578,401.6128773
1598,355.3062179,702.3458351,224.9032113
1437360,280.5049088,936.4611135,722.9031792
1421,822.8143993,1545.160837,530.1289981
346,4712.482468,0,0
318829,598.4104722,795.9919464,546.1935131
851,1626.928471,1966.568338,755.0322094
45151,374.0065451,468.2305567,208.8386962
48095,448.8078541,0,208.8386962
1160,1252.921926,0,803.2257546
1006,486.2085086,0,401.6128773
244734,635.8111267,1732.45306,1638.580539
1419277,0,1591.983893,2377.548234
199306,336.6058906,655.5227794,240.9677264
959,542.3094904,608.6997237,0
696485,1028.517999,0,674.7096339
3101277,467.5081814,1030.107225,289.1612717
779,617.1107994,889.6380578,257.0322415
36035,523.6091632,561.8766681,385.5483622
113608,355.3062179,1030.107225,305.2257868
2745196,0,795.9919464,0
1328300,523.6091632,0,883.5483301
2663009,280.5049088,0,2682.77402
1573823,785.4137447,1170.576392,449.8064226
314275,2038.335671,3277.613897,369.4838471
666563,561.0098177,702.3458351,449.8064226
28450,1140.719963,0,851.4192999
33038,0,936.4611135,337.3548169
4924,392.7068724,0,449.8064226
79883,0,0,385.5483622
28985,0,0,0
2583452,2992.052361,1123.753336,3823.354592
324769,673.2117812,1545.160837,401.6128773
2748319,878.915381,1591.983893,514.064483
1904463,878.915381,1170.576392,481.9354528
1288,243.1042543,1638.806949,0
273371,187.0032726,1217.399447,176.709666
78579,224.4039271,0,160.6451509
1784714,0,0,176.709666
197653,1196.820944,1919.745283,867.483815
293387,0,0,0
582,1103.319308,0,449.8064226
1004,673.2117812,0,658.6451188
37727,1346.423562,655.5227794,546.1935131
1714849,0,0,192.7741811
136468,1140.719963,0,0
1283,561.0098177,749.1688908,305.2257868
1460447,598.4104722,1357.868615,337.3548169
2546360,0,0,0
818,430.1075269,795.9919464,497.9999679
729,0,561.8766681,722.9031792
1478,467.5081814,1591.983893,433.7419075
258,0,0,273.0967566
1080349,635.8111267,561.8766681,289.1612717
630,0,0,610.4515735
456999,635.8111267,1264.222503,530.1289981
1775926,0,0,0
1685958,299.2052361,1685.630004,2361.483719
155978,299.2052361,608.6997237,208.8386962
83655,1065.918654,0,497.9999679
40410,822.8143993,1123.753336,947.8063905
76335,0,0,0
548,355.3062179,0,353.419332
172371,0,0,0
324770,0,0,0
1517,0,0,0
2060973,336.6058906,889.6380578,433.7419075
1588,2636.746143,842.8150021,2827.354656
333140,0,0,0
1507512,336.6058906,468.2305567,0
2778902,0,0,0
246432,448.8078541,1030.107225,305.2257868
1335,336.6058906,0,224.9032113
3239899,0,0,0
2845819,0,1826.099171,0
5868,0,0,160.6451509
4909,261.8045816,608.6997237,337.3548169
1392,0,0,0
727,1439.925199,1685.630004,819.2902697
1714848,0,0,0
1076,224.4039271,749.1688908,610.4515735
52584,187.0032726,0,0
29176,374.0065451,889.6380578,321.2903019
104268,2057.035998,1451.514726,3389.612685
756892,504.9088359,702.3458351,0
930124,299.2052361,1264.222503,289.1612717
5665,504.9088359,608.6997237,385.5483622
1561,355.3062179,0,465.8709377
1912,0,0,0
169679,392.7068724,1030.107225,0
36651,280.5049088,0,0
113287,0,0,0
1509,0,0,0
2608089,448.8078541,936.4611135,417.6773924
5007,374.0065451,889.6380578,514.064483
1155739,261.8045816,0,0
1648,0,0,0
1685970,430.1075269,1872.922227,1847.419236
4959,897.6157083,0,305.2257868
553611,691.9121085,0,401.6128773
1534,822.8143993,1123.753336,738.9676943
1354,0,0,0
1191912,0,655.5227794,257.0322415
3139729,0,0,2875.548202
672,991.1173446,749.1688908,289.1612717
1054033,355.3062179,655.5227794,305.2257868
2850,0,468.2305567,0
29562,766.7134175,0,0
1393,991.1173446,1545.160837,273.0967566
3028315,299.2052361,0,0
5872,0,0,0
2576904,486.2085086,608.6997237,208.8386962
28037,822.8143993,0,1349.419268
201,224.4039271,655.5227794,0
182096,579.7101449,0,0
856,0,2107.037505,385.5483622
412384,411.4071996,0,369.4838471
182773,2300.140252,749.1688908,3566.322351
38304,0,0,0
1617448,430.1075269,608.6997237,305.2257868
247,1047.218326,1638.806949,690.774149
5875,187.0032726,0,0
190893,448.8078541,0,481.9354528
654,0,889.6380578,337.3548169
1042133,617.1107994,0,0
80884,542.3094904,0,0
419475,4301.075269,0,3341.419139
228899,523.6091632,0,305.2257868
2954086,0,0,0
823,504.9088359,0,0
2591606,0,0,0
1714860,561.0098177,0,273.0967566
1463165,729.312763,1545.160837,706.8386641
747,1645.628799,1591.983893,674.7096339
171437,392.7068724,0,257.0322415
114525,0,0,353.419332
373994,187.0032726,0,257.0322415
45972,467.5081814,0,337.3548169
1286,261.8045816,0,257.0322415
1547,598.4104722,561.8766681,369.4838471
27288,374.0065451,0,224.9032113
37326,0,0,0
1872427,0,0,0
5518,598.4104722,0,273.0967566
59893,0,0,0
122368,673.2117812,936.4611135,401.6128773
2795000,430.1075269,889.6380578,0
1261031,0,936.4611135,240.9677264
2932258,0,0,257.0322415
2320868,0,0,257.0322415
2208,748.0130902,702.3458351,289.1612717
588,0,0,0
398743,991.1173446,1030.107225,819.2902697
4911,280.5049088,702.3458351,0
254839,0,0,0
1404411,523.6091632,842.8150021,2072.322447
1304,691.9121085,0,530.1289981
1311,0,0,0
1574161,4618.980832,0,1943.806326
1465,0,0,321.2903019
2725666,785.4137447,655.5227794,1092.387026
239,673.2117812,0,0
2975289,0,0,0
2587410,205.7035998,0,530.1289981
254,766.7134175,749.1688908,433.7419075
77097,0,1076.93028,481.9354528
40215,0,0,0
106654,617.1107994,0,530.1289981
571177,0,0,0
1134687,1421.224871,0,899.6128452
564305,710.6124357,1123.753336,690.774149
432096,374.0065451,0,353.419332
1942464,0,0,160.6451509
343874,916.3160355,1170.576392,578.3225433
348837,673.2117812,1217.399447,289.1612717
5499,598.4104722,795.9919464,417.6773924
2934315,2748.948107,983.2841691,3052.257868
59779,3197.755961,0,3935.806198
2994555,243.1042543,0,176.709666
379064,0,468.2305567,562.2580282
100886,0,0,0
199,654.511454,608.6997237,514.064483
1530123,561.0098177,0,337.3548169
2759660,5292.192613,2809.38334,2634.580475
28182,1196.820944,1357.868615,594.3870584
1399,261.8045816,0,658.6451188
244366,0,0,0
1218801,673.2117812,0,353.419332
371601,0,0,0
33045,1084.618981,1451.514726,1269.096692
5478,317.9055633,702.3458351,321.2903019
1260,299.2052361,889.6380578,417.6773924
2774873,0,0,0
1382466,0,0,192.7741811
1408,0,0,0
2545709,1065.918654,842.8150021,224.9032113
1490,374.0065451,0,0
4956,411.4071996,0,176.709666
191579,374.0065451,0,176.709666
332186,0,0,0
3034676,486.2085086,0,1140.580572
1196083,785.4137447,1732.45306,642.5806037
1047171,748.0130902,1170.576392,337.3548169
294,0,889.6380578,289.1612717
2738,280.5049088,842.8150021,257.0322415
173,0,0,0
655353,205.7035998,0,0
283734,448.8078541,889.6380578,530.1289981
38313,0,0,787.1612395
72144,299.2052361,561.8766681,176.709666
360422,486.2085086,0,289.1612717
43657,392.7068724,702.3458351,353.419332
1615909,411.4071996,749.1688908,273.0967566
28898,411.4071996,0,0
2795738,336.6058906,0,0
564,0,0,0
2686362,448.8078541,0,337.3548169
2749052,0,0,0
163877,804.114072,889.6380578,401.6128773
2864201,617.1107994,561.8766681,208.8386962
1550579,0,0,208.8386962
62322,0,2387.975839,0
1979344,299.2052361,608.6997237,385.5483622
2686077,1290.322581,1966.568338,257.0322415
98403,411.4071996,655.5227794,481.9354528
2749995,243.1042543,0,0
2921687,953.71669,0,0
159,299.2052361,0,273.0967566
2027860,785.4137447,0,706.8386641
339,0,0,0
102116,205.7035998,0,0
1355330,280.5049088,936.4611135,449.8064226
33959,430.1075269,2013.391394,1590.386994
231049,504.9088359,0,273.0967566
2068654,243.1042543,0,240.9677264
784,804.114072,1311.045559,530.1289981
1603555,2300.140252,608.6997237,257.0322415
3140247,0,0,4257.0965
5270,261.8045816,0,465.8709377
2029677,243.1042543,0,0
996801,392.7068724,561.8766681,176.709666
2794344,0,0,0
648,0,0,722.9031792
13502,205.7035998,0,369.4838471
4932,336.6058906,0,321.2903019
2878255,355.3062179,0,0
1305,579.7101449,0,449.8064226
569,0,0,0
1742359,0,0,0
2954661,3216.456288,1779.276116,4305.290045
328812,0,0,0
55601,0,0,0
2282170,280.5049088,0,449.8064226
2779359,317.9055633,1966.568338,417.6773924
33035,0,0,224.9032113
1306274,486.2085086,0,176.709666
713887,280.5049088,0,337.3548169
71237,0,0,0
6039,0,468.2305567,401.6128773
1355374,224.4039271,0,0
2516557,0,0,0
2231603,0,702.3458351,0
112234,280.5049088,1638.806949,337.3548169
2806551,1514.726508,0,401.6128773
5664,523.6091632,0,176.709666
1872629,299.2052361,0,0
2371,2356.241234,2622.091118,883.5483301
29384,205.7035998,0,0
285,0,0,0
1451,542.3094904,0,530.1289981
1080223,374.0065451,889.6380578,289.1612717
666,336.6058906,1685.630004,883.5483301
1908341,317.9055633,1311.045559,658.6451188
2494373,299.2052361,0,208.8386962
826,635.8111267,0,594.3870584
33033,0,0,514.064483
3070681,205.7035998,0,0
255507,261.8045816,1264.222503,2522.12887
2768948,411.4071996,515.0536124,369.4838471
2808900,635.8111267,1311.045559,995.9999357
5874,0,1076.93028,176.709666
1894999,0,0,0
85698,0,0,0
746128,523.6091632,1311.045559,369.4838471
50741,0,0,0
1185412,1159.42029,1311.045559,385.5483622
162425,187.0032726,655.5227794,289.1612717
280333,243.1042543,0,1734.96763
2686210,0,0,0
89586,3515.661524,1123.753336,2987.999807
1493872,0,0,337.3548169
104270,0,0,192.7741811
44935,3478.26087,2200.683617,481.9354528
1241981,635.8111267,1732.45306,353.419332
2283160,0,0,0
1855912,504.9088359,1638.806949,546.1935131
2761500,299.2052361,1404.69167,738.9676943
2704465,261.8045816,0,224.9032113
704125,0,0,0
2739062,243.1042543,0,449.8064226
3093875,2805.049088,936.4611135,3534.19332
314281,224.4039271,1030.107225,0
1774273,261.8045816,0,321.2903019
1050635,673.2117812,0,0
70799,355.3062179,842.8150021,401.6128773
280036,243.1042543,795.9919464,337.3548169
37769,748.0130902,0,385.5483622
996558,0,0,417.6773924
224012,0,0,0
2847778,0,608.6997237,0
104,243.1042543,0,337.3548169
2681766,0,0,0
76759,0,0,0
2999116,504.9088359,608.6997237,208.8386962
2527964,336.6058906,0,305.2257868
2419841,0,0,433.7419075
651561,374.0065451,0,321.2903019
3134896,317.9055633,889.6380578,305.2257868
4950,0,608.6997237,0
1647413,0,0,0
2420300,0,0,0
1313,411.4071996,0,0
2748,467.5081814,561.8766681,321.2903019
279356,0,515.0536124,0
3384157,0,0,0
3074109,0,0,0
3158075,224.4039271,561.8766681,0
164546,0,0,0
3031997,0,0,0
311410,0,0,0
2770780,1084.618981,1357.868615,787.1612395
2653681,0,0,0
55603,261.8045816,0,208.8386962
3059026,0,0,0
1912871,0,0,0
2897333,0,0,0
1798806,2692.847125,936.4611135,3261.096564
750,729.312763,702.3458351,722.9031792
54571,0,0,0
1513,299.2052361,561.8766681,353.419332
1855336,0,0,0
2893882,0,0,337.3548169
152268,1159.42029,0,963.8709056
1870903,0,0,0
1363,0,0,0
1402861,374.0065451,795.9919464,594.3870584
877500,243.1042543,468.2305567,0
2005462,0,0,0
1452,0,608.6997237,0
166486,0,889.6380578,240.9677264
380,691.9121085,0,514.064483
2975676,3496.961197,0,5156.709345
1597,897.6157083,936.4611135,385.5483622
3447503,0,0,240.9677264
2763062,0,0,0
51669,486.2085086,0,514.064483
294671,392.7068724,0,224.9032113
108980,0,1451.514726,995.9999357
2976982,617.1107994,0,257.0322415
83451,467.5081814,749.1688908,0
687844,0,0,0
56,0,0,0
28131,523.6091632,1030.107225,289.1612717
668,0,0,321.2903019
2961520,0,0,305.2257868
192,0,0,0
352475,0,0,0
46234,0,0,0
379347,0,0,0
3231550,0,0,0
2975622,0,0,0
1307839,523.6091632,2200.683617,787.1612395
1238,0,0,0
2567941,0,0,224.9032113
208199,579.7101449,0,369.4838471
1655500,0,0,0
2500547,0,0,0
754423,355.3062179,0,369.4838471
114524,598.4104722,0,546.1935131
2904242,0,0,0
47466,691.9121085,1872.922227,690.774149
196,486.2085086,0,449.8064226
235986,635.8111267,0,289.1612717
373,0,1498.337782,417.6773924
1492737,0,0,257.0322415
365349,317.9055633,608.6997237,0
197482,0,0,0
549,0,0,0
2831149,0,0,0
3027472,0,0,0
79880,561.0098177,795.9919464,208.8386962
157687,635.8111267,1357.868615,417.6773924
1537215,0,0,0
3052091,2805.049088,0,3036.193353
2545455,0,0,0
60550,0,0,0
1915309,710.6124357,889.6380578,305.2257868
33028,673.2117812,0,369.4838471
1492771,0,0,0
979,0,0,0
209247,579.7101449,1170.576392,385.5483622
3369658,0,0,0
2027857,299.2052361,468.2305567,208.8386962
2961995,0,0,0
2782665,0,561.8766681,883.5483301
58343,0,0,0
1896175,0,0,0
1074311,1103.319308,842.8150021,417.6773924
2724135,0,795.9919464,0
2778370,0,0,0
308354,392.7068724,515.0536124,497.9999679
2049305,336.6058906,655.5227794,160.6451509
2779362,0,0,0
33011,0,0,192.7741811
2907623,224.4039271,0,0
117187,0,0,0
2918453,430.1075269,0,0
2315449,0,561.8766681,257.0322415
947919,0,0,192.7741811
28110,0,0,192.7741811
1542,280.5049088,608.6997237,0
2893884,336.6058906,1311.045559,755.0322094
161358,0,0,160.6451509
2209,0,889.6380578,257.0322415
1604,0,0,1365.483783
3415140,0,842.8150021,273.0967566
413889,0,0,0
106648,766.7134175,0,2265.096628
1639133,1327.723235,0,1092.387026
256,0,0,224.9032113
2816357,205.7035998,0,0
754397,280.5049088,0,160.6451509
67352,0,0,0
223967,467.5081814,0,353.419332
45285,411.4071996,842.8150021,257.0322415
2493639,0,0,0
2725414,336.6058906,0,192.7741811
2856519,0,0,257.0322415
3101276,0,0,0
570161,224.4039271,655.5227794,273.0967566
1584,785.4137447,0,0
1550240,467.5081814,1170.576392,530.1289981
1890302,411.4071996,0,0
1911586,0,0,0
27291,0,0,0
1265445,0,0,321.2903019
373672,0,795.9919464,305.2257868
260714,467.5081814,0,208.8386962
1493,261.8045816,0,240.9677264
58346,0,0,0
155322,1252.921926,0,738.9676943
1734106,317.9055633,0,321.2903019
1287690,0,0,0
1379,0,0,208.8386962
1967498,0,0,160.6451509
1357545,0,0,289.1612717
3070677,467.5081814,561.8766681,305.2257868
323732,0,0,0
2913506,0,0,0
2893885,280.5049088,0,0
218144,448.8078541,0,819.2902697
685565,635.8111267,1357.868615,738.9676943
3349875,1215.521272,561.8766681,1959.870841
46126,261.8045816,655.5227794,289.1612717
1871086,0,0,0
2004710,0,1545.160837,0
446679,243.1042543,608.6997237,337.3548169
2576902,0,0,0
2594004,561.0098177,0,0
2706014,0,0,0
174633,486.2085086,0,0
1622118,374.0065451,0,417.6773924
2654325,243.1042543,0,192.7741811
2736252,355.3062179,468.2305567,176.709666
2212991,504.9088359,1076.93028,0
2546359,280.5049088,0,0
1397,205.7035998,0,0
2596890,205.7035998,0,240.9677264
2917832,0,0,0
1178,280.5049088,0,449.8064226
29378,0,0,0
2822846,804.114072,0,947.8063905
119219,504.9088359,0,481.9354528
2903611,710.6124357,4869.59779,1285.161207
241425,598.4104722,0,433.7419075
1850246,411.4071996,1076.93028,208.8386962
45655,205.7035998,0,160.6451509
1977864,299.2052361,1545.160837,995.9999357
84023,0,0,0
2487065,430.1075269,1264.222503,690.774149
5660,486.2085086,0,417.6773924
1234841,0,0,0
2115968,0,0,0
3158171,0,0,0
1917830,261.8045816,1123.753336,497.9999679
2594042,0,0,240.9677264
1170699,0,0,0
2855841,448.8078541,0,0
981384,299.2052361,0,305.2257868
39491,392.7068724,0,224.9032113
2900152,261.8045816,795.9919464,0
1366,504.9088359,0,321.2903019
437897,430.1075269,608.6997237,192.7741811
1488,280.5049088,0,208.8386962
2864206,0,0,257.0322415
158849,0,0,0
588726,0,0,0
2584122,0,0,160.6451509
2816908,579.7101449,0,321.2903019
51663,2431.042543,1076.93028,3341.419139
636,561.0098177,0,0
3074094,0,0,0
1850252,748.0130902,0,192.7741811
1836467,804.114072,0,208.8386962
5865,0,889.6380578,449.8064226
1168034,0,468.2305567,0
2962858,0,0,0
2499688,523.6091632,0,353.419332
39488,673.2117812,936.4611135,417.6773924
1336804,187.0032726,0,305.2257868
584609,374.0065451,702.3458351,224.9032113
2898187,448.8078541,0,305.2257868
2748320,187.0032726,0,0
467094,0,0,0
42858,0,561.8766681,0
2183896,355.3062179,0,321.2903019
250,897.6157083,0,0
28035,0,1357.868615,401.6128773
2267275,673.2117812,0,305.2257868
616991,0,0,0
76775,336.6058906,0,192.7741811
603050,0,0,0
247523,0,0,0
2682810,0,0,0
34105,0,0,0
3395320,0,936.4611135,0
1637975,187.0032726,0,0
29494,0,0,0
24,0,0,0
3127472,0,0,224.9032113
28188,504.9088359,1872.922227,530.1289981
208479,336.6058906,0,257.0322415
999,617.1107994,842.8150021,0
3064703,0,0,0
28454,0,0,0
2829569,0,0,160.6451509
2478552,317.9055633,0,0
246787,0,0,0
29380,448.8078541,749.1688908,0
2812896,0,0,0
206,411.4071996,515.0536124,401.6128773
2506420,504.9088359,561.8766681,176.709666
821,0,0,208.8386962
86664,411.4071996,0,0
3342247,0,0,0
1504,374.0065451,468.2305567,257.0322415
118163,0,0,0
1411316,411.4071996,0,160.6451509
2986823,0,0,0
146819,0,749.1688908,0
138563,0,0,0
179879,0,4448.190289,0
3233381,0,0,0
1855823,0,0,257.0322415
2911172,261.8045816,0,0
663364,0,0,0
1928857,0,0,0
2746231,3160.355306,0,2923.741747
126385,317.9055633,0,0
57863,0,0,0
83564,448.8078541,0,433.7419075
252967,0,0,0
3088895,0,0,0
2731219,224.4039271,0,0
1359,0,0,273.0967566
199441,317.9055633,0,289.1612717
2767188,1196.820944,1545.160837,803.2257546
2738844,598.4104722,0,0
54291,1851.332398,0,0
29466,0,0,240.9677264
2879938,0,0,417.6773924
2921381,0,0,0
154046,0,0,0
315405,0,0,0
1124,205.7035998,889.6380578,273.0967566
2745560,0,0,0
55529,0,0,0
3349876,0,0,0
540747,0,0,0
1677857,561.0098177,655.5227794,337.3548169
2341117,0,0,208.8386962
342113,0,0,0
859143,224.4039271,0,0
2775246,0,0,0
1906,0,0,0
2017483,804.114072,842.8150021,449.8064226
143232,205.7035998,608.6997237,176.709666
486398,953.71669,1732.45306,465.8709377
1348613,336.6058906,0,0
1063,0,0,0
2764720,2057.035998,0,562.2580282
558152,878.915381,842.8150021,0
118323,224.4039271,0,192.7741811
2058137,299.2052361,0,385.5483622
79329,0,0,0
561879,0,0,0
2102,542.3094904,1076.93028,385.5483622
347,0,0,0
2763022,0,0,0
2070463,822.8143993,795.9919464,803.2257546
5208,0,0,224.9032113
460519,261.8045816,0,353.419332
1813611,0,0,0
259,1215.521272,0,546.1935131
2249356,0,0,257.0322415
291645,523.6091632,1638.806949,273.0967566
2994319,299.2052361,0,0
2931930,224.4039271,0,353.419332
549687,243.1042543,0,0
831,691.9121085,515.0536124,755.0322094
109328,0,0,0
1241978,0,0,0
450,317.9055633,0,546.1935131
2300,0,0,0
1532552,374.0065451,655.5227794,160.6451509
221822,0,0,0
1397264,0,0,0
2853439,0,0,0
871694,0,0,0
298657,317.9055633,1030.107225,289.1612717
147645,0,0,0
29348,0,749.1688908,0
2751,261.8045816,0,0
1547283,0,0,208.8386962
2793010,0,0,257.0322415
2906077,224.4039271,889.6380578,0
2570561,355.3062179,1217.399447,305.2257868
1481914,187.0032726,0,0
28133,0,0,240.9677264
174,0,0,0
116090,0,0,224.9032113
985043,0,0,0
2925782,261.8045816,0,0
184755,0,0,208.8386962
2010992,0,0,0
1556,336.6058906,889.6380578,594.3870584
67304,0,0,0
820,0,0,449.8064226
155894,0,0,0
3344876,0,0,497.9999679
3118084,261.8045816,0,594.3870584
151895,261.8045816,0,224.9032113
418240,0,0,0
498019,0,0,0
2881428,205.7035998,0,0
1859096,205.7035998,655.5227794,0
239935,467.5081814,0,257.0322415
291644,0,0,0
148814,299.2052361,0,0
2912824,523.6091632,0,0
2830782,542.3094904,0,289.1612717
46224,542.3094904,0,0
317936,0,0,0
1177574,0,0,257.0322415
2861765,243.1042543,0,208.8386962
2576903,673.2117812,1123.753336,610.4515735
669359,748.0130902,0,562.2580282
208226,261.8045816,0,273.0967566
202956,0,0,0
3374599,0,0,0
417367,224.4039271,0,289.1612717
3342246,0,0,240.9677264
2904246,243.1042543,0,160.6451509
1424294,1888.733053,561.8766681,385.5483622
536441,748.0130902,0,353.419332
69966,504.9088359,0,0
1834189,336.6058906,0,224.9032113
247480,0,0,0
1306519,0,0,0
1596,3160.355306,0,0
69,0,0,0
2821559,0,0,0
1462527,205.7035998,0,0
37919,0,0,0
1398,0,0,0
1278232,0,0,0
1524260,0,0,0
2187,1926.133707,749.1688908,1895.612781
1315211,0,0,0
155615,0,0,0
580165,205.7035998,0,257.0322415
683124,280.5049088,749.1688908,0
45656,205.7035998,0,176.709666
2879939,280.5049088,0,353.419332
3095367,467.5081814,0,530.1289981
2546366,0,561.8766681,0
1209493,0,0,0
3070996,299.2052361,0,0
3034021,0,0,0
2681265,0,0,0
1245,0,0,369.4838471
106590,0,0,0
3047875,0,0,0
930972,0,0,176.709666
3087234,0,0,0
2049879,1570.827489,0,2522.12887
1879050,0,0,273.0967566
2782641,280.5049088,889.6380578,481.9354528
28251,392.7068724,561.8766681,0
76594,0,0,0
3047343,2599.345489,983.2841691,353.419332
783,0,0,0
380021,0,1826.099171,0
3040204,280.5049088,468.2305567,289.1612717
2483110,243.1042543,0,305.2257868
3081750,0,0,0
3440143,0,0,0
106592,0,0,0
1736674,355.3062179,0,0
57706,0,0,0
1813871,0,0,0
135569,0,0,0
2835869,243.1042543,0,0
1178778,0,1217.399447,449.8064226
2745563,0,0,0
195248,392.7068724,0,337.3548169
3231911,0,0,160.6451509
2764325,0,0,0
221402,224.4039271,0,0
2663022,448.8078541,515.0536124,305.2257868
50719,691.9121085,0,0
858423,317.9055633,842.8150021,385.5483622
3116594,0,0,0
754409,205.7035998,0,0
1170562,0,0,0
1286698,261.8045816,983.2841691,160.6451509
2904247,187.0032726,702.3458351,0
511,0,0,610.4515735
129985,336.6058906,702.3458351,240.9677264
2744027,187.0032726,0,273.0967566
195,0,0,0
53345,430.1075269,0,240.9677264
1790137,504.9088359,0,0
2772483,243.1042543,608.6997237,0
1740721,2019.635344,515.0536124,2184.774053
3028070,0,0,0
56448,0,0,0
1216932,0,0,0
2986829,336.6058906,0,0
332101,0,0,0
2979469,3066.85367,1076.93028,562.2580282
638,448.8078541,0,273.0967566
1482,0,0,0
119532,374.0065451,0,305.2257868
33970,205.7035998,0,0
3243060,299.2052361,0,0
3059076,0,0,0
2490635,0,0,0
121719,0,0,0
488447,0,0,0
1979401,0,0,0
2689569,374.0065451,0,176.709666
43662,0,0,0
3463858,0,0,0
60961,748.0130902,468.2305567,176.709666
82633,654.511454,0,0
1620816,448.8078541,0,240.9677264
3108175,0,0,0
2713573,0,1966.568338,192.7741811
85404,0,0,305.2257868
81947,542.3094904,0,481.9354528
2488810,0,0,0
1969,0,0,0
2502784,0,0,0
5062,0,0,0
60552,0,0,0
985,0,608.6997237,305.2257868
169760,1552.127162,0,2763.096596
2683272,0,0,0
189381,224.4039271,1076.93028,289.1612717
759811,0,0,0
3387402,0,0,0
96345,0,0,192.7741811
433286,0,0,0
2892440,355.3062179,702.3458351,0
334542,0,0,0
2093779,374.0065451,0,0
666686,317.9055633,0,176.709666
71452,261.8045816,608.6997237,0
2587853,0,0,0
1476025,486.2085086,1123.753336,465.8709377
43305,243.1042543,0,208.8386962
336810,299.2052361,0,0
1869241,804.114072,842.8150021,0
3236815,0,0,0
2818493,0,0,0
2829187,430.1075269,749.1688908,208.8386962
1651941,336.6058906,468.2305567,176.709666
363852,0,0,224.9032113
1268659,261.8045816,0,240.9677264
2038776,0,0,0
2802991,0,0,0
984207,448.8078541,608.6997237,208.8386962
430522,0,0,176.709666
33034,0,0,0
373891,0,0,0
44008,0,0,208.8386962
28199,579.7101449,0,835.3547848
3458683,0,0,0
519450,0,0,192.7741811
2926907,336.6058906,0,385.5483622
577489,187.0032726,0,273.0967566
3137852,0,0,192.7741811
1402135,0,0,771.0967244
3298610,0,936.4611135,160.6451509
82541,0,0,0
3070999,0,0,0
1736,617.1107994,1123.753336,224.9032113
649756,0,0,0
222819,0,0,0
2913495,0,0,0
2424,0,0,0
582475,0,0,0
292,0,0,0
2726954,0,0,0
28087,299.2052361,0,321.2903019
3034146,804.114072,0,273.0967566
1871076,299.2052361,561.8766681,353.419332
29552,0,0,0
60890,0,0,0
1936080,0,0,337.3548169
853,0,0,273.0967566
2714927,0,0,0
2597771,261.8045816,0,321.2903019
2024843,0,0,0
1592897,280.5049088,1357.868615,915.6773603
187304,0,0,0
2487063,0,2528.445006,0
2951137,0,0,0
272131,374.0065451,0,0
3049772,0,515.0536124,610.4515735
52764,0,0,0
202747,0,0,658.6451188
2875539,0,0,0
754417,0,0,224.9032113
301,0,0,0
5207,280.5049088,702.3458351,0
29430,0,0,0
212667,0,0,0
246,0,0,497.9999679
1191459,673.2117812,0,0
2605747,916.3160355,0,224.9032113
2904245,0,0,224.9032113
1061,336.6058906,0,481.9354528
343,0,0,0
1416779,374.0065451,936.4611135,0
3051121,579.7101449,1311.045559,176.709666
2151,0,0,0
553239,0,0,0
2546356,0,0,0
158822,205.7035998,0,0
264023,0,842.8150021,353.419332
2705473,0,0,0
2148,224.4039271,749.1688908,0
2723089,0,0,0
3393449,0,0,257.0322415
2929510,0,0,160.6451509
263,1178.120617,0,0
1308,0,0,0
1705566,0,0,0
2867020,0,0,0
2921503,187.0032726,0,0
2841925,0,0,0
2320140,0,0,0
1965231,336.6058906,0,240.9677264
40545,0,0,0
29497,486.2085086,0,0
983544,280.5049088,702.3458351,433.7419075
327575,0,0,0
39496,0,0,224.9032113
2742683,0,0,0
72026,336.6058906,842.8150021,257.0322415
2930131,0,0,0
3350403,0,0,0
200991,0,0,0
421767,0,0,0
76832,0,0,0
80816,0,0,0
1648923,374.0065451,0,0
483913,972.4170173,655.5227794,289.1612717
2740405,0,0,0
28189,729.312763,0,337.3548169
2862460,0,0,0
2954771,0,515.0536124,1092.387026
208962,0,0,0
95486,0,0,0
34087,0,0,1124.516056
28112,0,0,0
1580590,280.5049088,0,0
76259,0,0,0
2703787,0,0,0
2093780,0,0,0
2497879,336.6058906,1170.576392,0
2929800,0,0,0
2487072,953.71669,0,642.5806037
3418555,374.0065451,889.6380578,481.9354528
2949996,0,0,224.9032113
1970093,0,0,0
1390,0,0,0
1854492,0,0,0
2879427,0,0,0
2108365,0,0,1220.903147
264686,0,0,0
1970738,710.6124357,1264.222503,883.5483301
2571030,0,0,0
563172,0,0,176.709666
3075618,187.0032726,702.3458351,192.7741811
1263550,0,0,0
180282,0,0,0
861,0,0,0
571,0,0,0
2292766,0,0,0
573570,804.114072,1357.868615,497.9999679
111781,486.2085086,0,0
1247712,280.5049088,842.8150021,0
2050967,0,0,835.3547848
28213,0,0,0
512649,187.0032726,0,192.7741811
5866,280.5049088,0,0
29324,0,0,0
687,261.8045816,0,305.2257868
2665914,0,0,0
641107,0,0,0
1571,317.9055633,0,337.3548169
1785996,467.5081814,1217.399447,1076.322511
2672567,280.5049088,515.0536124,401.6128773
2715131,0,0,0
2686363,0,0,208.8386962
574376,0,0,0
3080015,299.2052361,0,963.8709056
2024849,430.1075269,0,0
421058,205.7035998,0,449.8064226
371142,0,0,0
1473112,0,0,0
3439050,411.4071996,702.3458351,401.6128773
2590012,0,0,0
2864040,0,0,0
215813,0,0,497.9999679
2976818,0,842.8150021,0
3060758,0,0,0
1498,0,0,192.7741811
1413,0,0,0
2686304,0,0,0
1826872,0,0,0
1310165,0,0,0
708186,467.5081814,0,160.6451509
745310,0,0,0
1859122,1178.120617,1030.107225,690.774149
1803846,317.9055633,0,0
3463334,0,0,0
2975697,0,0,0
28095,317.9055633,889.6380578,305.2257868
2775080,1103.319308,983.2841691,642.5806037
29341,0,0,0
2758563,205.7035998,0,0
195250,0,0,192.7741811
80866,0,0,0
2952571,729.312763,936.4611135,562.2580282
260364,0,0,0
413402,0,0,0
2714924,0,0,0
2906078,448.8078541,0,0
279058,261.8045816,0,0
279322,0,0,257.0322415
92644,691.9121085,2528.445006,803.2257546
3149230,0,0,0
2095,0,0,0
3230970,0,0,0
72361,0,0,0
2908842,0,0,160.6451509
2782006,374.0065451,0,0
927083,0,0,0
2164067,0,0,0
1176649,0,0,0
2986835,0,0,337.3548169
238,411.4071996,0,208.8386962
83656,0,0,0
2906456,187.0032726,0,0
2937442,0,0,385.5483622
326329,0,0,0
1850254,0,0,0
2059726,0,0,465.8709377
398053,0,0,0
54299,0,0,305.2257868
158899,0,0,224.9032113
1816218,0,0,0
2508722,0,0,0
1617283,0,1357.868615,0
80842,0,0,0
217159,486.2085086,0,160.6451509
1805431,1421.224871,0,1718.903115
1965332,0,0,0
2325,0,0,0
86668,0,0,0
3447504,205.7035998,0,401.6128773
2572090,0,0,0
1336,261.8045816,0,208.8386962
73913,0,0,0
328515,243.1042543,749.1688908,465.8709377
2022740,0,0,0
33923,0,0,0
2823693,0,1311.045559,433.7419075
3135641,0,0,0
89152,280.5049088,889.6380578,401.6128773
709883,0,0,0
2918526,0,0,0
1278212,317.9055633,0,0
3457544,0,0,0
2899121,0,0,0
2679963,0,0,0
161398,0,0,0
1848904,504.9088359,936.4611135,257.0322415
446683,0,0,0
2614441,0,0,0
1660079,0,0,0
3426221,0,0,0
1723361,0,0,0
137584,299.2052361,0,0
29498,0,0,0
282676,392.7068724,1826.099171,208.8386962
3028318,0,0,0
2698686,486.2085086,1030.107225,562.2580282
3070678,0,702.3458351,0
1434103,0,0,0
544433,0,0,0
3158229,0,0,192.7741811
232259,374.0065451,0,240.9677264
1050638,317.9055633,0,0
2766984,243.1042543,0,321.2903019
2932268,0,795.9919464,0
2651167,187.0032726,0,401.6128773
36746,0,0,0
28072,0,0,0
2906798,430.1075269,0,0
82996,224.4039271,0,0
3070997,280.5049088,608.6997237,176.709666
575378,0,0,0
2744227,411.4071996,0,208.8386962
3080013,0,0,562.2580282
2975793,0,0,0
45634,299.2052361,749.1688908,289.1612717
1686,0,0,0
2835648,0,0,0
33031,317.9055633,2762.560285,867.483815
2058175,0,0,0
2527978,0,0,0
633807,0,0,0
3230981,0,0,0
2976768,0,0,0
930805,0,0,176.709666
280473,243.1042543,655.5227794,160.6451509
170679,243.1042543,702.3458351,0
1849015,486.2085086,0,192.7741811
2750025,0,0,0
2529032,654.511454,0,433.7419075
2022749,0,1030.107225,0
2775420,0,0,0
357794,0,655.5227794,0
2859768,0,0,224.9032113
110321,0,0,0
56458,0,0,0
2708301,0,0,0
381046,280.5049088,0,0
2751178,0,0,481.9354528
3009078,0,1357.868615,192.7741811
1193713,317.9055633,0,337.3548169
1717717,841.5147265,0,0
2785025,0,0,0
2764326,243.1042543,0,0
2903657,0,0,0
165435,243.1042543,0,0
676,0,0,0
2914041,0,608.6997237,0
762954,261.8045816,0,0
2583851,0,0,0
63186,0,0,0
168935,467.5081814,889.6380578,289.1612717
1660076,243.1042543,0,0
1080068,0,0,0
1494,261.8045816,0,192.7741811
505249,0,0,289.1612717
2686365,261.8045816,0,0
2047,0,0,224.9032113
29484,0,0,0
2665645,0,0,240.9677264
387093,411.4071996,0,0
36809,0,0,0
97084,0,0,224.9032113
2884875,0,0,0
712362,261.8045816,0,0
1254,0,0,0
40091,0,0,176.709666
28229,0,0,0
2528018,0,0,240.9677264
624315,0,0,0
1610,261.8045816,0,0
2895980,0,0,0
1515,0,0,0
3137860,224.4039271,561.8766681,0
2756,243.1042543,655.5227794,353.419332
1775173,0,0,0
2835531,0,0,0
1936,0,0,0
1923,0,0,0
1155388,1701.72978,0,0
3388429,0,0,0
2779445,0,0,0
436114,448.8078541,468.2305567,176.709666
3040348,1009.817672,0,0
3453416,0,0,0
99598,0,0,240.9677264
3074124,0,0,192.7741811
576610,504.9088359,0,385.5483622
147802,243.1042543,0,0
2821514,0,0,0
2303529,0,0,0
995,187.0032726,842.8150021,273.0967566
2731755,0,0,0
2893886,280.5049088,0,0
191495,0,0,192.7741811
1913577,0,0,0
1032072,430.1075269,0,0
40137,0,0,353.419332
657419,0,0,0
3100173,0,0,0
2759528,0,0,0
1179672,0,0,0
3240913,0,0,0
260554,0,0,0
35795,0,0,0
3109366,0,0,0
2267699,0,0,0
47770,0,0,0
29394,0,0,0
2714947,0,0,240.9677264
1255,280.5049088,0,0
57029,0,0,0
29329,0,0,321.2903019
477680,187.0032726,0,257.0322415
43263,0,0,0
361101,0,0,0
1519,0,0,0
101571,0,889.6380578,0
3058402,0,0,0
3047871,523.6091632,0,273.0967566
218284,411.4071996,0,0
2136147,0,0,0
3160830,617.1107994,842.8150021,289.1612717
761,1252.921926,468.2305567,1959.870841
1653434,261.8045816,0,273.0967566
1737571,523.6091632,0,257.0322415
128785,317.9055633,0,433.7419075
2937786,0,749.1688908,240.9677264
2527995,243.1042543,0,208.8386962
33945,243.1042543,0,0
33169,0,0,0
712357,0,0,0
1164,0,0,273.0967566
3100987,261.8045816,0,176.709666
1467,0,0,0
484770,0,0,0
2602769,0,0,0
43080,0,0,0
548579,0,0,0
728,579.7101449,0,449.8064226
2895796,0,0,0
1548,0,0,0
2855394,205.7035998,0,0
2714926,0,0,208.8386962
487559,0,0,0
2358187,0,0,0
1847728,935.0163628,0,417.6773924
40542,0,0,0
561061,0,0,0
3031802,0,0,0
58049,392.7068724,608.6997237,369.4838471
2774694,673.2117812,0,0
1646498,0,0,0
68886,224.4039271,0,0
665099,1327.723235,0,0
2086471,280.5049088,0,0
1982626,280.5049088,0,0
1855875,0,0,0
2249476,0,0,0
2895947,0,0,0
2903809,0,0,0
2905121,0,0,0
1324352,0,0,0
1247,598.4104722,1498.337782,851.4192999
2608253,224.4039271,0,208.8386962
1535204,561.0098177,0,0
218490,0,0,0
674529,0,983.2841691,0
288965,0,0,0
3434999,0,0,0
2874213,0,608.6997237,0
1566379,0,0,1124.516056
156213,0,0,0
2010828,355.3062179,0,369.4838471
849,0,0,0
1812935,0,0,0
1006576,467.5081814,0,0
38875,0,0,0
702745,0,0,240.9677264
320787,299.2052361,0,224.9032113
5679,0,0,0
2813578,0,0,0
39956,0,0,0
3070683,0,0,208.8386962
28090,0,0,0
2130,0,0,0
326544,673.2117812,468.2305567,257.0322415
251747,0,0,0
722472,0,0,353.419332
371036,224.4039271,0,0
1804986,504.9088359,1779.276116,562.2580282
142650,1234.221599,0,1734.96763
213,411.4071996,515.0536124,192.7741811
1334,0,0,1204.838632
263475,0,0,0
1252,972.4170173,0,449.8064226
2293317,0,468.2305567,0
2528024,0,0,0
2547394,317.9055633,0,0
3048005,411.4071996,0,0
2920939,0,0,0
291208,0,0,0
2774656,0,0,0
66219,467.5081814,608.6997237,224.9032113
2731220,0,0,0
700220,0,702.3458351,337.3548169
578924,0,0,642.5806037
1609531,0,0,0
726,0,0,0
381,0,0,0
2977321,0,0,0
2745197,0,0,208.8386962
36835,0,561.8766681,0
2974039,0,0,0
859,0,0,0
1452732,1533.426835,0,1863.483751
2760713,205.7035998,0,0
2886352,224.4039271,0,0
2268026,0,0,0
3112573,0,3324.436953,0
2528593,710.6124357,0,0
84378,0,0,0
1018,822.8143993,0,0
1501662,0,0,0
1936081,467.5081814,0,257.0322415
3230488,299.2052361,749.1688908,385.5483622
86304,542.3094904,0,224.9032113
28223,448.8078541,0,497.9999679
200415,0,0,0
1353260,0,0,0
3019969,0,0,0
1173032,0,0,240.9677264
689904,0,0,0
2735723,0,0,0
496057,0,0,0
1486245,0,608.6997237,0
3374196,280.5049088,0,0
171284,187.0032726,0,160.6451509
248906,374.0065451,0,0
324079,486.2085086,0,0
2925845,0,0,0
394958,0,0,0
3243376,0,0,0
170861,0,0,0
2954511,0,0,0
162,0,0,0
3060302,1439.925199,0,0
2219224,0,0,0
68569,0,0,0
1752063,0,0,0
45658,336.6058906,0,240.9677264
2984951,430.1075269,0,289.1612717
2795974,504.9088359,0,0
75985,336.6058906,795.9919464,417.6773924
837,0,0,0
158327,0,0,0
2026186,0,0,0
2502779,467.5081814,749.1688908,273.0967566
312279,0,0,321.2903019
1217282,0,0,0
305,0,0,401.6128773
3037479,0,0,0
1481672,0,0,0
1249,0,0,224.9032113
2892442,0,0,0
1871111,561.0098177,0,0
691,0,0,0
2885764,0,0,0
3234137,0,0,0
3382641,0,0,0
2813371,0,0,0
2293862,0,0,0
2070537,467.5081814,0,289.1612717
135577,0,0,0
3038772,486.2085086,655.5227794,273.0967566
2724896,448.8078541,655.5227794,240.9677264
1892382,0,1919.745283,192.7741811
2493630,0,0,0
1396826,0,0,0
2057808,0,0,0
1580,0,0,0
206042,280.5049088,0,771.0967244
5059,0,0,0
2903876,0,0,0
2201271,0,0,321.2903019
39152,299.2052361,0,208.8386962
3239929,0,0,0
1337936,0,0,0
2911539,205.7035998,0,289.1612717
3096220,0,0,0
3101350,0,0,0
221066,187.0032726,749.1688908,0
1055487,0,0,0
137591,280.5049088,0,0
29507,0,0,0
28080,261.8045816,0,224.9032113
1497,187.0032726,0,0
1755241,0,0,0
3065157,0,0,257.0322415
1005962,205.7035998,515.0536124,0
2856523,0,795.9919464,0
2497456,0,0,0
111844,0,0,0
3133334,0,0,0
554880,243.1042543,0,240.9677264
2929803,0,0,0
76761,0,0,0
1312072,355.3062179,0,273.0967566
3126507,0,0,0
3045158,0,0,0
80850,1084.618981,0,0
2486578,766.7134175,0,0
2878915,0,0,0
167642,0,0,208.8386962
2792977,0,0,0
2602015,0,0,0
29575,0,0,0
401619,0,0,0
435897,0,0,0
1751286,0,0,0
1983719,0,0,0
454,0,0,208.8386962
182710,205.7035998,0,369.4838471
208224,0,0,0
221027,0,0,690.774149
384636,0,0,0
2593672,336.6058906,0,0
204042,0,0,449.8064226
312277,355.3062179,0,208.8386962
2305508,0,0,192.7741811
2169540,0,0,0
2831780,355.3062179,0,690.774149
216934,224.4039271,0,0
3420668,0,0,0
703,317.9055633,0,706.8386641
1031542,0,0,0
2038411,0,749.1688908,160.6451509
1499683,0,0,0
386487,0,0,0
3036126,299.2052361,0,0
2487064,504.9088359,0,0
3238630,0,0,0
3109030,430.1075269,0,0
1933929,0,0,0
2672570,374.0065451,0,0
1935204,0,0,321.2903019
2107,0,0,0
29581,0,0,0
47478,392.7068724,0,0
180957,0,0,337.3548169
1608473,0,0,0
2907205,0,0,835.3547848
538381,0,0,0
150055,0,0,0
1616788,0,0,0
3394321,0,0,0
2862509,0,0,0
1014,1103.319308,0,1622.516024
2267264,0,0,224.9032113
2975666,0,0,0
1302,243.1042543,0,353.419332
2809031,0,0,0
1795355,523.6091632,515.0536124,289.1612717
2109558,336.6058906,0,0
2875540,205.7035998,0,160.6451509
221345,0,0,0
1882682,0,0,0
2778065,0,0,0
3136677,0,0,0
1620392,280.5049088,468.2305567,208.8386962
42444,0,0,0
1617967,1608.228144,0,2008.064387
1623,280.5049088,0,0
137816,0,0,0
3039392,0,0,0
3417654,804.114072,468.2305567,1333.354753
476,0,0,0
2728022,280.5049088,0,273.0967566
343403,654.511454,749.1688908,401.6128773
1117707,523.6091632,0,192.7741811
762210,0,0,0
2946865,0,0,0
332158,2094.436653,0,867.483815
2583805,0,702.3458351,0
59610,0,0,0
2605989,430.1075269,0,305.2257868
2045,280.5049088,0,0
1940789,748.0130902,1076.93028,0
2563664,0,0,0
1961,0,0,0
2746225,0,795.9919464,0
1402,0,0,0
873191,0,0,0
3132260,0,0,0
3153519,0,0,0
1124835,0,0,0
2885633,187.0032726,0,176.709666
2482728,0,0,0
3423948,0,0,626.5160886
1784713,0,0,385.5483622
2681549,0,0,0
1702097,205.7035998,0,240.9677264
3135773,0,0,0
47951,0,0,0
2202148,0,0,0
136073,0,0,0
320324,0,0,240.9677264
2322,0,0,0
1926,0,0,0
78331,0,0,0
37734,0,0,0
2708346,0,0,0
134537,0,0,0
363952,0,0,0
2970906,0,0,0
3404064,0,0,0
1737490,0,561.8766681,240.9677264
375,0,0,465.8709377
1703338,430.1075269,0,755.0322094
142864,0,0,0
1190813,1458.625526,0,481.9354528
67824,0,0,0
1184,0,0,0
1589,0,0,257.0322415
1442558,411.4071996,0,0
3298609,224.4039271,0,0
3034016,0,0,0
1115758,0,0,0
280147,673.2117812,0,273.0967566
1917485,0,0,0
2583814,224.4039271,0,208.8386962
2421,0,608.6997237,0
216946,0,0,0
538966,0,0,0
3093870,0,561.8766681,0
656519,0,936.4611135,208.8386962
143361,486.2085086,0,0
2840469,0,0,401.6128773
92172,0,561.8766681,192.7741811
554,0,0,289.1612717
3442644,0,0,0
2954672,785.4137447,1404.69167,578.3225433
3003262,243.1042543,0,224.9032113
67581,0,0,0
3035696,0,0,0
2917790,504.9088359,561.8766681,433.7419075
3234142,0,0,0
882626,224.4039271,0,0
1582439,0,0,0
3231488,0,0,433.7419075
158847,0,561.8766681,401.6128773
2666025,0,0,0
54910,579.7101449,983.2841691,208.8386962
61645,0,0,0
3350173,0,0,0
146017,0,0,0
29495,822.8143993,0,755.0322094
51365,0,0,224.9032113
1564138,0,0,224.9032113
2601894,0,0,0
51101,0,0,0
2692425,0,0,0
1309,0,0,0
1348114,374.0065451,0,0
1338,0,0,0
3450747,635.8111267,749.1688908,192.7741811
61624,0,0,0
2840371,0,0,0
2781243,0,0,0
2552945,299.2052361,0,353.419332
38286,0,0,0
40543,0,0,0
2024842,0,0,0
5661,0,0,0
631,0,0,0
156976,0,0,0
2839759,0,0,0
3415987,0,0,0
1263979,617.1107994,515.0536124,0
2939494,430.1075269,0,369.4838471
3060017,0,0,0
2962693,0,0,0
1325095,1252.921926,561.8766681,1172.709602
271097,0,0,0
38027,0,0,0
2975872,0,0,0
29382,317.9055633,0,0
1324350,317.9055633,0,0
633,0,0,0
1202712,355.3062179,0,0
2774747,0,0,0
866807,0,0,224.9032113
2915619,355.3062179,0,0
3143118,374.0065451,0,0
550542,0,0,0
1583,374.0065451,0,224.9032113
1883156,0,0,0
2528011,0,0,0
1462994,0,0,0
312539,317.9055633,0,289.1612717
2662364,0,0,0
266748,710.6124357,0,289.1612717
160453,0,0,208.8386962
2564040,187.0032726,0,481.9354528
1529,187.0032726,0,176.709666
77022,0,0,0
2871165,0,0,0
643214,0,0,0
2742195,336.6058906,0,0
1920034,187.0032726,0,176.709666
187145,0,0,0
40520,0,0,224.9032113
292566,205.7035998,0,0
2609667,0,0,0
3137178,0,0,0
2963431,0,0,0
5663,355.3062179,0,0
147322,0,0,0
65093,0,0,0
106649,0,0,0
506591,0,0,337.3548169
2587855,0,0,0
2507161,299.2052361,0,0
1905730,0,0,0
115808,0,0,289.1612717
2806205,673.2117812,0,0
591197,280.5049088,0,0
2686361,0,0,208.8386962
2703789,0,0,0
482564,0,0,0
3003260,243.1042543,1030.107225,0
2740837,0,0,0
162156,261.8045816,0,0
40216,0,0,0
1600,0,0,273.0967566
3039153,0,0,369.4838471
2930219,0,0,0
2763023,0,0,0
3160967,0,515.0536124,0
519472,0,0,0
2843630,0,0,0
946333,0,0,0
3025190,0,0,0
718,1028.517999,0,369.4838471
1050646,0,0,642.5806037
1816219,0,0,369.4838471
3036714,0,0,0
1761453,0,0,0
1912064,0,0,0
1353,0,0,0
487316,0,0,0
1513297,523.6091632,0,192.7741811
3447508,0,0,0
3040203,0,0,0
392416,0,0,0
1287055,243.1042543,0,337.3548169
270918,336.6058906,0,0
43,0,0,208.8386962
392734,0,0,0
2929799,0,0,0
1580596,972.4170173,0,626.5160886
2909339,0,0,0
171281,0,0,0
2896848,0,0,0
2602016,0,0,0
2986837,0,0,0
1685010,0,0,0
3395267,0,0,0
2824673,224.4039271,1170.576392,240.9677264
689,0,0,0
528191,0,0,0
2954055,0,0,0
2779360,0,0,0
2706887,0,561.8766681,0
336820,261.8045816,0,257.0322415
39960,0,0,0
331648,0,0,0
208223,0,0,0
2099788,0,0,0
755731,0,0,0
2547451,0,0,0
252514,598.4104722,1030.107225,594.3870584
3379707,523.6091632,889.6380578,497.9999679
3043332,0,0,0
984991,0,0,0
2714940,0,0,160.6451509
105841,0,0,0
1325112,0,0,353.419332
2067992,0,0,0
1019,0,936.4611135,0
2769491,0,0,530.1289981
1879049,0,0,0
2065378,355.3062179,0,240.9677264
179636,0,0,0
1340,0,0,192.7741811
2745198,0,0,0
122,0,0,224.9032113
397260,0,0,0
1008307,299.2052361,0,0
2572594,0,0,0
279359,0,0,0
478,0,0,0
3132284,0,0,0
151783,0,0,321.2903019
1756150,0,0,0
1884634,0,0,257.0322415
2652177,355.3062179,561.8766681,0
2898149,0,608.6997237,433.7419075
152480,0,0,0
2605694,0,0,0
645,0,0,0
1292,0,0,0
2528010,0,0,0
1930275,0,0,0
3442641,205.7035998,515.0536124,0
2865839,0,0,0
2011099,0,749.1688908,208.8386962
2857064,374.0065451,561.8766681,240.9677264
2799564,0,0,0
1715806,0,0,0
2286,0,0,0
293371,0,0,0
1176239,0,0,0
2751313,280.5049088,0,0
2493676,0,0,0
2992805,0,0,0
1776384,0,0,0
1844999,0,0,0
2754694,0,0,0
3051176,0,702.3458351,240.9677264
2782654,280.5049088,749.1688908,417.6773924
1888915,0,0,0
3415670,0,0,0
168169,0,0,0
2098,243.1042543,0,224.9032113
281120,0,0,0
3404051,0,0,273.0967566
387638,0,0,0
3015168,0,0,0
198467,0,0,0
1542390,0,0,0
94,0,0,0
914153,243.1042543,0,0
69656,0,0,0
651,0,0,0
3238594,523.6091632,1076.93028,401.6128773
1940281,0,0,0
1914871,0,0,0
3230999,617.1107994,0,481.9354528
1824,0,0,0
94625,0,0,0
2420510,0,0,0
29347,0,0,0
2004463,729.312763,0,0
2872157,187.0032726,0,176.709666
1401,0,0,0
308053,430.1075269,0,240.9677264
2803181,0,0,0
2599308,0,0,0
2875962,374.0065451,0,0
75105,0,0,0
214473,0,0,0
3386644,0,0,0
44012,0,0,0
1115757,0,0,0
2886046,0,0,0
51665,0,0,449.8064226
718192,504.9088359,561.8766681,0
2696063,0,0,0
87883,0,0,0
1619308,0,0,0
466153,0,0,0
1241982,448.8078541,0,0
2609844,635.8111267,0,0
2683967,0,0,0
2969821,0,0,0
88431,579.7101449,0,417.6773924
3350098,448.8078541,795.9919464,176.709666
2184521,0,0,0
1581557,542.3094904,0,514.064483
52133,0,0,0
731,0,0,0
1442553,0,0,0
2954046,0,0,0
3445778,0,0,0
850,0,0,0
59600,0,0,0
49319,0,0,0
984,299.2052361,749.1688908,0
3073563,0,0,0
29519,0,0,0
2100,0,0,0
1638,0,0,0
351614,243.1042543,0,0
2936682,0,1123.753336,0
108981,0,889.6380578,0
2916755,0,0,0
563996,0,0,0
2781961,0,0,0
1486034,0,0,0
2731377,504.9088359,0,0
198,448.8078541,561.8766681,240.9677264
1461582,0,0,0
83219,0,0,0
338192,0,0,208.8386962
709868,0,0,0
255247,0,0,0
578920,0,0,610.4515735
1960881,280.5049088,0,240.9677264
243629,0,0,0
2723088,0,0,0
2802641,0,0,0
13690,0,0,0
2048654,243.1042543,0,0
60137,0,0,0
2775159,0,0,0
359370,860.2150538,0,0
1178825,561.0098177,0,433.7419075
1761016,0,0,771.0967244
3035452,0,0,0
1501269,0,0,0
1266052,0,0,240.9677264
221350,0,0,0
1111760,0,0,0
2820661,0,0,0
2746230,0,0,0
53413,0,0,0
1176482,0,0,0
3039159,0,0,835.3547848
3035694,0,0,0
254955,0,0,0
3237103,0,0,0
2715164,0,515.0536124,0
40576,448.8078541,0,176.709666
659350,0,0,0
2745199,0,0,0
1534743,0,0,0
55206,0,0,0
2895286,0,0,0
54005,0,0,0
1914963,0,0,0
3418997,0,0,0
1166,0,0,0
960,299.2052361,0,0
3039158,0,0,369.4838471
574710,224.4039271,655.5227794,257.0322415
3140251,0,0,321.2903019
3026967,0,0,0
76258,0,0,0
382,0,0,0
2903866,0,0,0
2806552,0,0,0
46124,243.1042543,0,160.6451509
1538644,0,0,289.1612717
201828,0,0,0
3374194,0,0,0
313598,0,0,0
3133282,0,0,0
2979115,317.9055633,889.6380578,273.0967566
1514074,0,0,0
56426,243.1042543,0,0
2844358,0,0,176.709666
3375704,0,0,0
220684,299.2052361,0,289.1612717
1566358,205.7035998,0,0
674,0,0,0
2303332,0,0,0
1679721,448.8078541,0,176.709666
48074,0,0,0
497724,0,0,305.2257868
3415673,187.0032726,0,658.6451188
1112103,261.8045816,0,0
1903056,0,0,192.7741811
2854389,187.0032726,0,0
1710,0,0,0
1054034,0,0,0
1714840,0,0,0
1612,0,0,0
5671,0,0,0
2704463,0,1030.107225,0
91604,430.1075269,0,160.6451509
1749036,0,0,0
2003365,0,0,0
1980674,0,0,0
3400631,0,0,0
155085,0,0,0
409322,299.2052361,0,305.2257868
3410791,0,0,0
2520506,0,0,176.709666
188932,0,0,0
77007,0,0,0
3391574,205.7035998,842.8150021,0
2763672,0,0,0
1310418,0,0,0
1965571,0,0,0
374106,448.8078541,468.2305567,385.5483622
2029983,224.4039271,0,449.8064226
669041,0,1170.576392,192.7741811
2944914,0,0,0
2041044,0,0,0
1618022,0,0,0
1827580,0,0,0
2507159,0,0,224.9032113
2991053,0,0,0
447588,0,0,0
3395317,710.6124357,1732.45306,417.6773924
3112958,299.2052361,0,224.9032113
2294119,0,0,0
2931922,0,0,0
160699,766.7134175,0,337.3548169
1378299,0,0,0
2993456,0,0,0
954,299.2052361,0,0
3065649,0,0,0
76760,0,0,0
2749807,0,0,0
2715212,0,0,401.6128773
33069,0,0,0
585423,243.1042543,0,0
435912,336.6058906,0,0
1660,0,0,224.9032113
2590022,0,0,0
1193095,0,0,0
2735563,0,0,0
2880934,0,0,0
2123,0,0,0
2942204,448.8078541,1217.399447,0
114615,0,0,337.3548169
2291,336.6058906,0,257.0322415
46125,0,0,385.5483622
3132300,0,0,0
628,299.2052361,0,257.0322415
178399,280.5049088,608.6997237,257.0322415
83561,0,0,0
3415265,0,0,0
2012495,280.5049088,561.8766681,240.9677264
2819096,205.7035998,0,208.8386962
868131,280.5049088,889.6380578,208.8386962
2015316,0,0,0
3133307,0,0,0
388950,0,0,160.6451509
2744479,0,0,0
3137857,224.4039271,0,0
33039,0,0,0
104663,261.8045816,0,176.709666
3079302,0,0,0
2042961,317.9055633,0,0
270351,0,0,0
3093872,205.7035998,0,160.6451509
2686366,0,0,0
2115978,0,0,0
1276936,0,0,0
1354726,187.0032726,0,0
1925020,187.0032726,0,0
1609968,0,0,353.419332
991904,0,0,0
859144,0,0,0
3127471,430.1075269,0,401.6128773
1353147,0,0,0
39486,0,0,0
3023715,0,0,0
48,0,0,0
2282849,0,0,0
1506,280.5049088,515.0536124,0
1114861,0,0,240.9677264
1712261,0,0,0
2951803,243.1042543,0,257.0322415
2836373,0,0,0
1642299,0,0,208.8386962
1173025,0,0,0
650,0,0,0
1622,336.6058906,0,321.2903019
2906443,0,0,0
2980108,617.1107994,0,449.8064226
49338,0,0,0
138851,243.1042543,0,0
3066149,0,0,0
256326,224.4039271,0,0
574096,0,0,192.7741811
86106,0,0,0
889268,0,0,0
143223,0,749.1688908,0
191026,0,0,0
220687,0,0,240.9677264
549298,0,0,0
715179,0,0,0
249567,0,0,0
3025668,0,0,0
2426,224.4039271,515.0536124,337.3548169
3115292,0,0,0
2173,0,0,0
1076626,205.7035998,0,240.9677264
2820710,0,0,0
2937286,0,0,0
53461,0,0,0
35620,0,0,0
2218628,336.6058906,0,0
2803864,0,0,0
84377,0,0,0
359,0,0,0
2966453,0,0,0
3415674,0,0,465.8709377
1715691,0,0,0
1239415,0,0,0
281093,187.0032726,842.8150021,321.2903019
157268,0,0,0
1316596,0,0,0
2746060,0,0,0
391953,0,0,0
2714948,486.2085086,0,0
89059,0,0,0
2605946,0,0,0
2283194,0,0,0
48254,0,0,369.4838471
797291,0,0,0
2881234,504.9088359,1404.69167,417.6773924
3379128,0,0,0
2739058,336.6058906,0,176.709666
139438,0,0,0
1729720,0,0,0
351672,0,0,481.9354528
1721091,205.7035998,0,0
1510,0,0,240.9677264
3151764,0,0,0
2686358,224.4039271,0,0
3079014,0,0,0
2909587,0,0,0
2120,0,0,0
57975,0,0,0
89184,0,0,0
85402,0,0,465.8709377
3415683,0,0,0
240139,0,0,369.4838471
3059777,187.0032726,0,0
132604,0,0,0
1481923,0,0,0
2591634,205.7035998,0,0
860,0,1170.576392,0
3241576,261.8045816,0,192.7741811
2831148,0,0,0
2724150,0,0,0
1581038,374.0065451,0,224.9032113
682956,0,983.2841691,321.2903019
3016006,0,0,0
3070660,0,0,0
2026188,0,0,0
3120519,0,0,0
488,1196.820944,0,979.9354206
714,261.8045816,655.5227794,240.9677264
1760811,0,0,0
1751056,0,0,0
2789776,0,0,0
1789672,0,0,0
28118,0,0,0
3459125,0,0,0
118000,0,0,0
227086,0,0,224.9032113
3032586,0,0,0
311180,0,0,0
2057025,205.7035998,515.0536124,160.6451509
388408,355.3062179,0,289.1612717
5888,0,0,0
141451,0,0,369.4838471
2560057,355.3062179,0,594.3870584
290335,0,0,0
1424653,0,0,0
2908210,0,0,0
862126,243.1042543,0,0
2352,0,0,0
1281,205.7035998,0,0
1807691,0,0,0
279826,0,0,192.7741811
2954535,0,0,0
3383026,0,0,0
32046,0,0,0
696760,0,1872.922227,0
357808,0,0,0
2144,0,0,0
269259,0,0,0
1230998,0,0,0
97138,243.1042543,0,176.709666
589437,0,0,0
74033,0,0,0
3056648,0,0,401.6128773
1521,0,0,0
357276,0,0,0
3402687,0,0,0
112900,0,0,0
1641,205.7035998,0,0
1348,224.4039271,0,240.9677264
44577,486.2085086,0,481.9354528
43948,0,0,0
35754,0,0,0
3119568,0,0,0
2714855,0,0,0
1028416,0,0,0
1605,0,0,0
197222,280.5049088,0,0
410072,0,0,0
3413133,0,0,0
144,0,0,0
1381081,0,0,0
573658,0,515.0536124,0
94869,0,0,160.6451509
2686078,0,0,0
2919322,0,0,0
61644,0,0,0
2865673,430.1075269,842.8150021,240.9677264
44273,0,0,0
2789740,187.0032726,0,0
3096992,0,0,0
96241,0,0,0
3242468,280.5049088,0,0
1426,0,1217.399447,0
408,0,0,0
2975965,0,0,0
55197,0,0,0
3066266,0,0,0
2810512,0,0,257.0322415
3064705,0,515.0536124,224.9032113
2979464,0,0,160.6451509
37372,205.7035998,0,0
3045816,0,0,0
2527963,0,0,0
412710,0,0,0
1917215,0,0,0
29533,0,0,0
1563,0,0,208.8386962
1137606,0,0,0
489910,0,655.5227794,176.709666
2921711,0,0,0
2704655,336.6058906,0,0
3400345,0,0,0
2893202,0,0,0
3382189,0,0,0
1612173,0,0,0
1826727,0,0,0
53344,0,0,0
1522,0,0,0
2906076,0,0,0
3017783,0,0,0
2527979,0,0,0
2956784,243.1042543,0,401.6128773
718217,0,0,0
3243057,0,0,0
68895,0,0,0
160826,0,0,0
3374109,243.1042543,515.0536124,208.8386962
2304606,0,0,0
3072980,486.2085086,0,0
3063533,0,0,160.6451509
84032,0,0,0
238836,299.2052361,0,0
33935,0,0,0
3053613,299.2052361,0,0
2900738,0,0,0
563177,0,0,0
2058135,0,0,0
376,0,0,947.8063905
3376682,0,468.2305567,273.0967566
2201181,392.7068724,0,0
293,0,0,0
1297617,0,0,0
1678728,0,0,0
2918528,0,0,0
261299,0,0,0
1229909,0,0,208.8386962
2093777,0,0,0
84030,0,0,0
1609966,0,0,0
2590020,0,0,0
1479,561.0098177,795.9919464,0
56453,0,0,0
110662,0,0,0
418699,187.0032726,0,240.9677264
150120,0,0,321.2903019
154981,430.1075269,0,321.2903019
1034889,0,0,0
1041504,0,0,0
2739061,187.0032726,655.5227794,305.2257868
326320,0,0,0
55209,0,0,0
135487,0,0,0
1580092,336.6058906,0,0
3391823,0,0,0
1185873,0,0,0
2578106,0,0,0
2069432,0,0,0
168384,205.7035998,0,0
2697030,374.0065451,0,176.709666
155892,0,0,0
1346319,542.3094904,515.0536124,337.3548169
2975981,0,0,0
321985,0,0,0
3447427,0,0,0
28903,486.2085086,0,0
115551,0,0,0
592064,0,0,0
83455,0,0,0
112901,0,0,0
28200,0,0,192.7741811
3138177,0,0,0
34018,0,0,0
2259622,0,0,0
28038,317.9055633,0,0
3015999,0,0,0
265606,0,0,0
1281486,430.1075269,0,0
56454,0,0,0
1919,0,0,0
1391654,0,0,0
2576307,0,0,0
3034506,0,0,0
758802,0,0,0
303541,0,0,0
1778678,0,0,176.709666
2917965,0,0,0
3157368,0,0,0
2838877,0,0,0
1435069,317.9055633,0,224.9032113
3241603,0,0,0
3402688,261.8045816,0,0
2749049,0,0,0
3398614,0,0,0
261302,0,0,0
2789327,0,0,0
2957203,0,0,0
296,0,0,0
877455,187.0032726,0,0
1642646,0,0,0
217203,0,0,0
403957,0,0,0
163,355.3062179,468.2305567,192.7741811
183417,392.7068724,0,273.0967566
544645,0,0,208.8386962
1441095,0,0,0
34062,280.5049088,0,337.3548169
2903659,0,0,0
1727145,0,0,176.709666
1862145,0,0,176.709666
516051,0,608.6997237,0
1315974,0,0,0
84590,0,0,0
94132,0,0,0
1442557,0,0,0
545501,0,0,0
90241,0,561.8766681,0
1855728,392.7068724,0,0
2782167,0,0,0
3082534,0,0,0
189834,355.3062179,0,0
3233375,0,0,0
1004159,243.1042543,0,176.709666
2884263,0,0,0
2730851,0,0,0
1085644,1009.817672,0,208.8386962
2924032,0,0,0
2880651,0,0,0
28262,0,0,0
1977865,392.7068724,0,0
274,0,0,0
81408,0,0,0
1521768,0,0,385.5483622
42906,0,0,0
554406,0,0,0
1503925,0,0,0
182640,0,0,0
1197717,0,0,0
2133,0,0,0
3144925,0,0,0
2980107,0,0,433.7419075
1642,0,0,0
291112,0,0,0
827,0,0,0
47885,0,0,0
3236840,0,0,257.0322415
3422590,0,0,0
39950,0,0,257.0322415
3003261,0,0,208.8386962
3096217,0,0,0
1699621,0,0,0
299767,0,0,0
526944,0,0,481.9354528
413888,0,0,0
2976343,0,0,0
1548547,0,0,0
1479524,0,0,0
2282419,317.9055633,0,176.709666
912,0,0,433.7419075
1336794,299.2052361,0,224.9032113
2022337,0,0,0
1643336,0,0,0
1318,0,0,0
1280380,243.1042543,0,0
2986831,0,0,321.2903019
2350,0,0,0
1464,0,0,0
5741,0,515.0536124,0
2705471,0,0,369.4838471
1336796,392.7068724,0,240.9677264
2741701,748.0130902,1030.107225,546.1935131
1761012,448.8078541,889.6380578,0
889453,0,0,337.3548169
1522758,0,0,0
3230968,0,0,257.0322415
1161942,0,0,0
1871053,0,0,192.7741811
1812115,0,0,289.1612717
386891,1402.524544,0,835.3547848
2968490,0,0,321.2903019
2919499,448.8078541,0,0
2795383,0,0,0
1792508,0,0,0
2859516,224.4039271,0,0
362787,0,0,0
2932257,0,0,0
2675053,0,0,0
1971,0,0,0
3074111,0,0,0
487686,392.7068724,0,0
3003256,0,0,0
3096994,0,0,224.9032113
2015076,0,655.5227794,0
101070,0,0,0
3071453,0,0,0
2921474,0,0,0
187101,0,0,0
3048535,0,0,0
1871047,0,0,0
658643,0,0,0
83771,0,0,0
28082,0,0,0
1179777,0,0,0
2921604,654.511454,0,0
2921443,0,0,0
319939,0,0,0
1616117,0,0,0
313588,0,0,0
767892,280.5049088,608.6997237,273.0967566
2762320,0,0,0
171282,0,0,0
174587,0,0,0
675281,0,0,0
2321403,0,0,0
2315862,0,0,160.6451509
69710,261.8045816,0,0
1602,0,0,0
1010,374.0065451,0,401.6128773
490095,0,0,0
29555,0,0,0
49283,0,0,160.6451509
3445773,261.8045816,0,224.9032113
2653189,0,0,0
1471,0,0,0
332999,0,0,385.5483622
2060723,0,0,0
3065396,0,0,0
248907,0,0,0
1114873,504.9088359,0,0
387661,0,0,0
29385,0,0,0
2954748,205.7035998,0,0
2823904,0,0,0
1267768,0,0,0
545,0,0,0
2038737,0,749.1688908,0
1284,0,0,337.3548169
3445772,0,0,0
1930273,0,0,0
2518645,0,0,192.7741811
171279,0,0,0
1844006,935.0163628,0,610.4515735
1529058,187.0032726,515.0536124,0
2528008,0,0,0
2217913,0,0,0
2664091,0,0,0
290400,0,0,0
542,317.9055633,0,0
2901381,0,0,0
39441,0,0,0
1486281,0,0,0
3141542,317.9055633,0,224.9032113
2610896,0,0,0
3115646,0,0,176.709666
38284,635.8111267,0,0
1221500,0,0,0
2975755,0,0,0
1318743,0,0,0
2054173,0,0,0
1789224,0,0,0
1896196,0,0,0
2096,0,0,0
3047874,0,0,0
3045146,336.6058906,0,0
2249302,0,0,0
2732161,355.3062179,889.6380578,0
60217,0,0,321.2903019
748197,0,0,0
1099853,0,0,0
3374195,0,0,0
2775245,953.71669,0,0
718286,0,0,0
449520,0,0,0
467262,0,0,0
88688,0,0,514.064483
3047815,523.6091632,1264.222503,610.4515735
2743000,243.1042543,0,0
2867016,0,0,0
1813019,0,0,0
1324864,0,0,0
84022,317.9055633,468.2305567,160.6451509
1789226,0,0,0
1302308,0,0,0
1033854,0,0,0
1328,0,0,0
83453,0,0,0
1796616,0,0,0
3234028,0,0,0
3082521,0,0,0
1922226,0,0,0
3022697,317.9055633,0,417.6773924
35703,0,0,0
1561924,0,0,0
2594269,374.0065451,0,0
1474,0,561.8766681,0
3388424,0,0,0
990268,392.7068724,0,0
2789856,0,0,0
1892404,0,0,0
1637831,0,0,0
2126553,0,0,0
3342096,0,0,0
2590900,0,0,0
2975888,579.7101449,1685.630004,0
29559,0,0,0
2419773,0,0,0
1420917,0,0,0
1828,0,0,0
1628248,0,0,0
3093871,261.8045816,702.3458351,337.3548169
2774330,0,0,0
3232307,0,0,0
2997336,0,0,0
3459527,0,0,0
324767,0,0,0
1033900,430.1075269,0,0
1383885,355.3062179,0,0
3239997,0,749.1688908,530.1289981
2921713,392.7068724,0,0
2744518,0,0,0
1295609,0,0,0
561184,0,0,0
3023713,0,0,0
1501392,0,0,0
3239304,654.511454,0,0
3434352,0,0,0
2039166,0,0,0
2961895,355.3062179,1170.576392,369.4838471
1211326,0,0,0
2713414,0,0,0
323450,0,0,0
2699395,0,0,0
1379903,0,0,0
1885344,0,0,0
2494374,0,0,0
3118333,542.3094904,0,0
3080055,0,608.6997237,0
438033,0,0,0
3003263,0,0,0
3389972,224.4039271,0,0
225194,0,0,0
2745153,0,0,0
375929,0,0,0
29391,0,0,289.1612717
1780362,0,0,0
149016,392.7068724,1030.107225,289.1612717
2740462,0,0,0
28449,729.312763,0,0
2880218,0,0,0
2735562,0,468.2305567,0
45668,0,0,0
1979527,0,0,0
1531,0,0,0
1640,0,0,0
62763,187.0032726,561.8766681,0
2587848,0,0,192.7741811
1455,0,0,0
3348344,991.1173446,0,1092.387026
45242,0,0,0
2230867,0,0,0
2789857,0,0,0
2983267,0,0,0
2819101,411.4071996,0,273.0967566
58180,0,0,0
2983299,0,0,0
166485,0,0,176.709666
3394358,0,0,0
200452,0,0,0
980254,0,0,0
3138567,0,0,0
2358,0,0,160.6451509
1247023,0,0,0
455432,0,0,0
2903803,0,0,0
301953,504.9088359,0,562.2580282
2058134,0,0,0
2763010,0,0,0
118562,0,0,0
2829597,280.5049088,0,0
204936,0,0,0
2975157,0,515.0536124,0
2950108,523.6091632,515.0536124,369.4838471
1850093,916.3160355,0,0
70255,205.7035998,0,0
1912091,0,0,192.7741811
3023090,0,0,0
2161872,0,0,0
913107,0,0,0
1891926,0,0,0
2052660,0,0,0
2419842,0,0,0
3400422,0,0,160.6451509
931866,0,0,0
2903098,0,0,0
254719,0,0,0
2077090,504.9088359,0,497.9999679
1443941,0,0,0
1165090,0,0,0
44674,187.0032726,0,160.6451509
2741071,205.7035998,842.8150021,273.0967566
278860,243.1042543,655.5227794,0
1734049,336.6058906,0,160.6451509
337701,0,0,0
2975625,0,0,0
551996,374.0065451,1217.399447,208.8386962
33952,0,0,0
1267021,0,0,0
470934,542.3094904,0,289.1612717
379547,0,0,0
1501268,0,0,0
83816,0,0,0
1699411,0,0,0
2051553,0,0,0
2047966,0,0,192.7741811
1610576,0,0,0
2725288,317.9055633,0,0
44255,0,0,192.7741811
57487,0,0,0
1561003,0,795.9919464,0
354356,0,0,176.709666
1241979,261.8045816,0,0
157692,205.7035998,0,0
2360,261.8045816,0,192.7741811
1413221,0,0,0
2043170,355.3062179,655.5227794,0
3003257,261.8045816,0,273.0967566
2870839,261.8045816,0,0
2478954,0,0,0
39766,0,0,0
3051614,0,0,401.6128773
3101308,299.2052361,515.0536124,0
3092665,0,0,0
165694,0,0,0
2026193,0,0,0
374981,0,0,0
2527976,0,0,0
3070682,0,0,0
2875764,224.4039271,561.8766681,0
2798577,0,0,0
2806443,0,0,0
253245,0,0,0
680279,598.4104722,0,0
3408580,187.0032726,0,594.3870584
2173034,0,0,289.1612717
3092147,0,0,0
2879119,0,0,562.2580282
141,0,0,0
1709002,0,0,0
151781,0,0,0
53346,0,0,0
3140744,392.7068724,0,417.6773924
3082949,0,0,0
2596913,0,0,0
28097,0,0,0
1160721,0,0,0
1913578,392.7068724,795.9919464,305.2257868
2921450,0,0,0
33047,0,0,0
2931400,0,0,0
3242688,0,0,0
118060,299.2052361,0,0
2912187,0,0,0
1250539,0,0,0
2983606,0,0,0
2186,355.3062179,0,0
2651284,0,0,0
477666,0,0,0
2527984,0,0,0
2954691,0,0,0
3239935,0,0,0
3059904,0,0,0
2579971,0,0,0
1972431,0,0,0
2003188,0,0,0
885040,355.3062179,0,321.2903019
2488665,0,0,0
29449,0,936.4611135,417.6773924
300825,0,0,385.5483622
2966625,448.8078541,0,0
624,0,0,0
83526,0,0,0
1812111,0,0,0
367743,0,0,208.8386962
3231032,224.4039271,0,224.9032113
2593653,0,0,0
2907827,0,0,0
2714928,0,0,0
774,243.1042543,0,192.7741811
271420,0,0,0
1448857,0,0,0
176102,0,0,0
76758,0,0,0
52692,448.8078541,0,0
2020311,0,2200.683617,0
2562284,0,0,0
3231511,0,0,0
2233999,0,0,0
3082444,0,0,224.9032113
1526571,0,655.5227794,176.709666
2930213,0,0,192.7741811
2653858,0,0,224.9032113
223919,0,0,0
468911,392.7068724,0,240.9677264
2589080,804.114072,0,1092.387026
1759089,0,0,0
2213226,0,0,0
92933,0,0,0
3070679,355.3062179,0,0
2527974,0,0,0
2996035,0,655.5227794,0
2903568,0,0,0
499229,0,515.0536124,0
100716,0,0,0
126333,0,0,0
234828,748.0130902,0,1429.741843
2654676,0,0,176.709666
454155,0,0,0
2169400,0,0,0
2161677,579.7101449,0,417.6773924
1920809,0,0,257.0322415
115778,0,0,0
3160833,0,0,0
3350178,0,0,0
2021234,0,0,0
3065648,0,0,0
3454466,0,0,0
2007306,0,0,0
138853,0,0,0
935222,0,0,0
2748098,0,0,0
1888890,0,0,0
1147,0,0,0
2883205,0,0,0
3064139,0,0,0
1870984,0,0,0
3135640,0,0,0
195253,0,0,0
3440637,0,0,0
97393,0,0,0
1959104,0,0,0
2528964,0,0,240.9677264
3031799,0,0,0
1908198,0,0,0
3459122,0,0,0
3126740,0,0,0
1260629,0,0,0
2929509,1178.120617,0,0
3397060,0,0,0
2675331,0,0,176.709666
2906515,0,0,0
1855616,0,0,0
754516,0,0,0
326522,0,0,0
2992140,0,0,0
1727,0,0,0
648995,0,0,0
1229727,0,0,0
644281,0,0,0
1776392,0,0,0
1178516,0,0,0
2833628,0,0,0
2213194,0,0,208.8386962
433296,0,0,0
1912855,0,0,0
3384444,0,0,353.419332
320912,0,0,0
59512,0,0,0
2796927,0,0,0
407164,0,0,0
1830,0,0,0
2991499,0,0,0
1389004,635.8111267,0,481.9354528
1628086,0,0,0
3374600,0,0,0
97481,0,0,0
34,0,0,0
1442556,0,0,0
2303505,0,0,0
2709688,243.1042543,0,0
84159,0,0,0
47678,0,0,0
2780077,0,0,0
1188228,0,0,160.6451509
708126,0,0,0
59733,0,0,0
2818388,0,0,0
2852117,0,0,0
2589790,0,0,0
185300,224.4039271,0,0
3098297,0,0,0
2810514,0,0,176.709666
1077935,0,0,0
2995304,0,0,0
2020875,280.5049088,0,0
715,299.2052361,0,0
3020883,0,0,0
3252900,0,0,0
2984846,0,515.0536124,176.709666
529,0,0,0
2676868,0,0,176.709666
383750,0,0,0
1499687,0,0,0
2986838,0,0,0
1761794,0,0,0
103816,0,0,0
571256,0,0,0
2952477,0,0,433.7419075
78,0,0,0
2230877,0,0,0
1817965,0,0,0
3042300,0,0,0
2980026,0,0,0
2782163,187.0032726,0,0
1215089,0,0,0
159346,0,0,0
2036206,0,0,0
29486,0,0,160.6451509
2729421,0,0,0
553,0,0,0
28137,0,0,0
2494550,0,0,0
3028296,224.4039271,0,0
546367,0,0,0
80860,0,0,0
3424766,280.5049088,0,0
1094342,0,0,0
311182,0,0,0
1930071,0,0,0
1008,0,0,0
3042615,0,0,0
96344,0,0,433.7419075
2589986,523.6091632,795.9919464,594.3870584
2597518,0,0,0
2908843,0,0,0
28446,0,0,0
432329,0,0,0
2975482,355.3062179,0,0
2777186,205.7035998,0,0
2695882,0,0,0
80867,0,0,0
1028752,0,0,0
2937758,0,0,0
897,0,0,0
2774562,0,0,0
28447,0,0,0
3296934,0,0,0
2498451,0,0,257.0322415
316068,0,0,0
1904862,317.9055633,0,321.2903019
1845000,0,0,0
2108445,243.1042543,0,0
2073078,0,0,0
96232,0,0,0
1636720,0,0,0
309805,0,0,0
2557994,0,0,0
2708350,878.915381,0,755.0322094
1663591,0,0,0
46503,392.7068724,0,626.5160886
1967665,0,0,289.1612717
158500,0,0,0
3404132,0,0,0
197162,0,0,176.709666
52694,261.8045816,0,0
67345,299.2052361,0,273.0967566
1151742,374.0065451,0,240.9677264
1536774,0,0,0
285729,0,0,0
317658,0,0,0
2921670,0,0,0
349221,0,0,0
2842356,0,0,0
528187,0,0,0
437900,317.9055633,0,224.9032113
2710596,0,0,0
3080760,374.0065451,702.3458351,257.0322415
3145235,0,0,0
673862,0,0,176.709666
1109412,0,0,0
3138254,0,0,0
516075,0,0,0
570162,448.8078541,749.1688908,385.5483622
106,0,0,0
907,0,0,0
2316383,0,0,0
3242681,0,0,0
2911520,0,0,0
47735,0,515.0536124,257.0322415
84595,0,0,0
652716,0,0,0
675,785.4137447,0,417.6773924
313603,0,0,160.6451509
249188,0,0,0
3093873,336.6058906,0,0
299262,0,0,0
940614,0,0,0
3440155,0,0,0
1650,0,0,0
29520,0,0,0
2115,0,0,0
3290090,0,0,0
2886510,0,0,0
411153,243.1042543,0,224.9032113
1712410,0,0,0
3097547,0,0,0
1333845,0,0,160.6451509
2879618,0,0,0
1678309,0,0,0
3003258,336.6058906,0,0
196162,0,0,0
54259,0,655.5227794,289.1612717
1763534,336.6058906,0,240.9677264
1955013,411.4071996,0,0
3418415,411.4071996,0,0
3067780,0,0,0
3350167,0,0,0
439387,0,0,481.9354528
2202827,0,0,0
2825845,0,0,0
2918516,0,1170.576392,0
3018314,0,0,0
2518322,0,0,0
3036359,0,0,0
929813,0,0,0
172,0,0,0
2528025,0,0,0
858422,0,0,224.9032113
1312364,0,0,0
53946,317.9055633,0,449.8064226
33964,0,0,0
2992802,0,0,240.9677264
944547,0,0,0
1173026,224.4039271,0,0
471,0,0,0
2033137,0,0,0
1564506,0,0,0
28169,0,0,0
3342538,0,0,0
3070680,0,0,0
46867,205.7035998,0,0
2448482,0,0,0
265668,0,0,289.1612717
2897332,0,0,0
3077735,0,0,0
1196095,0,0,0
2666183,0,0,0
1343,0,0,0
1301915,187.0032726,0,0
2567896,0,0,0
438856,0,0,0
143,0,0,0
3097546,0,0,0
632773,0,0,0
406552,0,0,208.8386962
2708539,0,0,0
414771,0,0,0
3075823,0,0,0
1229621,0,0,0
2060312,0,0,0
3115297,0,0,0
2034517,0,0,0
2975292,0,0,0
3231513,0,0,0
1176721,224.4039271,0,0
29556,0,0,0
3058398,0,0,0
2782678,0,0,0
985762,224.4039271,0,0
1727164,0,0,0
2921466,0,0,0
2801997,187.0032726,0,0
2017482,0,0,0
1882438,0,0,0
3386277,0,0,160.6451509
2070761,0,0,0
3017781,0,0,0
198832,0,0,0
351679,0,0,0
1388755,0,0,0
1964215,0,0,0
167,0,0,0
3058393,0,0,176.709666
2528005,224.4039271,0,0
3374549,0,0,0
76887,0,0,0
1625,0,0,0
544580,0,0,0
2898793,0,0,0
1601,261.8045816,0,257.0322415
3421107,0,0,0
2589903,0,0,0
256618,0,0,0
552386,0,0,176.709666
285983,0,0,0
29549,0,0,0
92406,0,0,0
2705319,0,0,0
2897181,0,0,0
264697,0,0,0
44251,0,0,0
2746932,0,0,0
3383314,0,0,0
423351,0,0,208.8386962
302167,0,0,0
3421172,617.1107994,0,0
2724,0,0,0
2170729,0,0,0
394751,0,0,0
28107,0,0,0
1050624,0,0,0
419257,766.7134175,0,465.8709377
1492898,0,0,0
2861782,0,0,0
2897773,0,0,0
166501,0,0,0
28184,0,0,0
84757,0,0,0
3119977,0,0,0
104609,0,0,0
1704499,0,0,0
138072,0,0,321.2903019
1208324,0,0,0
2864210,1907.43338,0,0
2483033,374.0065451,0,497.9999679
1449,299.2052361,0,0
2932255,205.7035998,0,0
28068,0,0,0
1929246,0,0,0
1389005,317.9055633,0,0
3402159,0,0,0
1210884,0,0,0
2709390,0,0,0
29358,261.8045816,0,224.9032113
515256,0,0,0
2045208,0,0,0
28111,0,0,0
286727,0,0,0
3412034,0,0,0
248903,0,0,0
3039116,187.0032726,0,0
2895352,261.8045816,0,0
28171,785.4137447,0,240.9677264
1226968,0,0,0
266749,280.5049088,0,208.8386962
357441,1458.625526,0,0
435,0,0,0
2921616,0,0,257.0322415
2127060,0,0,0
109790,542.3094904,0,385.5483622
2895522,0,0,0
3093923,224.4039271,0,192.7741811
2792479,0,0,0
2681984,0,0,0
423477,0,0,273.0967566
39791,0,0,0
45497,0,0,0
3060757,0,0,0
3070659,0,0,0
1434102,0,0,0
357999,0,0,0
2686359,0,0,0
3239962,0,0,0
1445505,261.8045816,0,0
3020056,0,0,0
3003623,1252.921926,0,0
1470067,355.3062179,0,0
1294262,0,0,0
3398209,0,0,0
2774875,0,0,0
2954078,0,0,0
596095,0,0,0
2923283,0,0,0
399176,0,0,0
2479546,0,795.9919464,0
40223,299.2052361,0,273.0967566
2487742,205.7035998,0,0
70346,0,0,0
2921460,0,0,0
126156,0,0,0
1500254,0,0,0
399,0,0,0
1755811,0,0,0
904039,0,0,0
3144951,0,0,0
1233113,0,0,0
50052,187.0032726,0,0
3374189,0,0,0
3423439,0,1545.160837,0
52022,0,0,0
171288,0,0,0
2508708,261.8045816,0,626.5160886
46020,0,0,0
3395467,0,0,0
2497863,336.6058906,0,369.4838471
1778540,0,1076.93028,0
717609,0,0,0
216932,0,0,0
185007,224.4039271,0,273.0967566
3069118,0,0,0
3133297,0,0,0
2908839,0,0,0
2741070,0,0,0
2068655,0,0,0
652787,0,468.2305567,0
980251,0,0,0
1658616,0,0,0
1689834,0,0,0
3243388,0,0,0
44250,0,0,0
41673,336.6058906,0,0
1250205,0,0,0
3016528,0,0,0
66969,243.1042543,0,192.7741811
3018315,0,0,0
2849779,0,0,0
2909669,0,0,0
1325090,0,0,0
29423,0,0,401.6128773
2908646,317.9055633,0,0
28183,0,0,0
393657,467.5081814,0,257.0322415
123899,0,0,0
2766526,0,0,0
753,205.7035998,0,0
1277350,0,0,0
3057114,0,0,0
2598579,0,0,0
2682541,0,1123.753336,353.419332
3422597,411.4071996,0,1236.967662
3076558,0,0,0
41170,0,0,0
47715,261.8045816,0,0
269673,0,0,0
2877527,0,0,0
1631968,280.5049088,0,192.7741811
3161071,0,0,0
878220,0,0,0
649161,0,0,0
1504981,0,0,0
3440154,0,0,0
1333662,0,0,0
2763670,0,0,0
2014,0,0,0
2986834,0,0,0
1500960,0,0,0
3058432,0,0,0
33941,0,1451.514726,0
47760,0,0,0
41997,0,0,433.7419075
315358,0,0,0
36841,0,0,0
2518973,0,0,0
204039,0,0,0
2921679,0,0,0
1234143,299.2052361,0,0
434008,0,0,0
3077789,0,0,0
421,0,0,0
3092138,0,0,0
592978,0,0,0
406548,0,0,0
418008,261.8045816,0,176.709666
2921364,0,0,0
2732163,374.0065451,0,0
3156486,336.6058906,702.3458351,0
1503054,317.9055633,0,0
1629,0,0,0
204,0,0,0
1293,0,0,0
3241169,0,0,289.1612717
935293,0,0,0
2738883,0,0,0
2864209,0,0,0
173366,0,0,0
2153354,0,0,0
890415,0,0,0
1935446,0,0,0
313985,0,0,337.3548169
2487892,0,0,0
53360,0,0,0
3123317,205.7035998,0,0
3034674,0,0,0
2143,0,0,0
2997337,280.5049088,0,449.8064226
459472,504.9088359,0,208.8386962
82688,0,0,0
3322121,0,0,0
79885,0,0,0
404386,0,0,0
2755338,0,0,337.3548169
3064265,0,0,0
682998,0,0,0
3065647,0,0,0
2734118,430.1075269,0,0
3395462,0,0,0
2006131,243.1042543,0,273.0967566
1993,0,0,0
53443,0,0,0
86660,0,0,0
1541,0,0,0
69666,0,0,369.4838471
2509675,0,0,0
333962,0,0,0
3118105,0,0,0
2921389,504.9088359,749.1688908,0
202951,0,0,0
391036,243.1042543,0,0
393662,0,0,0
2755562,0,0,0
1867719,0,0,0
3015983,0,0,0
1834192,0,0,0
2698672,0,0,0
2662262,0,0,0
2975955,0,0,0
2731552,243.1042543,1217.399447,208.8386962
1309795,504.9088359,0,0
1904378,0,0,0
2704462,0,0,0
2259672,0,0,0
1166950,0,0,0
3412684,0,0,0
2006115,0,0,0
1748242,0,0,0
1148196,0,0,0
2478663,411.4071996,0,0
1399115,0,0,0
692036,0,0,0
39777,0,0,0
673372,355.3062179,0,0
101385,0,0,0
2979869,0,0,0
1545044,0,0,0
3153301,0,0,0
1336802,0,0,0
291048,0,0,0
2689109,766.7134175,0,546.1935131
2901836,187.0032726,0,208.8386962
2233542,0,0,0
2220096,0,0,0
2804617,0,1545.160837,0
55212,0,0,0
29370,0,0,0
271098,0,0,0
300231,0,0,0
3077734,0,0,0
47917,0,0,0
1873425,0,0,0
1972867,0,0,0
2051959,355.3062179,655.5227794,0
1716543,0,0,289.1612717
2852098,0,0,0
3423956,0,0,0
243899,0,0,176.709666
2912315,523.6091632,0,0
876,0,0,0
1891207,0,0,0
2994078,317.9055633,0,0
1751095,0,0,0
2109,0,0,0
2723092,224.4039271,0,433.7419075
36854,0,0,0
2304600,0,0,0
400092,261.8045816,0,0
404011,0,0,0
2745562,0,0,0
2787629,0,0,0
459529,0,0,0
712368,0,0,0
2219696,0,0,0
1525218,0,0,0
1798225,0,0,0
2778911,411.4071996,0,0
2694930,0,0,0
2587847,0,0,0
436663,0,0,0
3115296,261.8045816,0,0
879970,0,0,0
28173,0,0,208.8386962
86665,243.1042543,0,0
1244531,0,0,0
3093854,0,0,0
1795874,0,0,289.1612717
412690,0,0,0
1128137,0,0,0
1453352,224.4039271,0,385.5483622
3100176,0,0,0
3029053,0,0,0
3128900,0,0,0
3059078,224.4039271,0,0
95619,0,0,0
2720720,0,0,0
61435,0,0,0
495820,0,0,0
402384,0,1123.753336,176.709666
2496266,374.0065451,0,385.5483622
3073816,0,0,0
116718,0,0,0
2267253,0,0,0
321662,0,0,0
255045,0,0,208.8386962
2608982,617.1107994,0,337.3548169
2592382,243.1042543,0,0
2607663,317.9055633,0,0
1758374,0,0,0
2925838,0,0,0
3230969,0,0,0
746691,0,0,240.9677264
2725558,0,0,0
2924033,0,0,240.9677264
455344,0,0,0
3423955,0,0,0
47877,0,0,0
3445672,0,0,0
1288970,0,0,0
128780,0,0,0
56455,0,0,0
1528106,0,0,0
931531,0,0,353.419332
390884,243.1042543,0,0
1141221,0,0,0
3079861,0,0,0
2518177,0,0,0
2946593,0,0,176.709666
504468,0,0,0
413503,0,0,0
1917421,187.0032726,561.8766681,160.6451509
1735111,0,0,0
1302659,0,0,0
680026,0,0,0
1108595,0,0,0
2739434,598.4104722,0,353.419332
2689107,0,0,0
401472,0,0,0
3389876,0,702.3458351,305.2257868
52,0,0,0
2572923,0,0,0
981385,0,0,0
55518,0,0,0
284581,261.8045816,0,0
34004,0,0,0
1387353,0,0,0
3050131,0,0,0
521520,0,0,0
160791,0,0,0
198119,0,0,0
1872431,0,0,0
2106,0,0,0
3242727,0,0,224.9032113
3080056,0,0,738.9676943
2903661,0,0,0
2910158,205.7035998,0,0
158850,0,0,0
285450,0,0,0
81459,0,0,0
2590016,0,0,0
3395916,0,0,305.2257868
2528023,0,0,0
216778,0,0,0
164608,0,0,0
58839,0,0,0
2652274,0,0,321.2903019
1246,0,0,0
2712222,0,0,0
1325358,0,0,0
322019,0,468.2305567,305.2257868
2202647,0,0,0
226505,0,0,0
169430,0,0,0
2593652,0,0,257.0322415
1825976,0,0,0
2589987,224.4039271,0,176.709666
2847045,0,0,0
1964449,0,0,0
69284,0,0,0
2675797,0,0,0
1404888,0,0,289.1612717
353851,0,0,0
3342640,0,0,0
454601,205.7035998,0,0
861445,0,0,0
339862,224.4039271,0,0
1855610,0,0,0
3053655,0,0,0
1621989,187.0032726,561.8766681,273.0967566
3410790,0,0,321.2903019
2124,0,0,0
335406,0,0,0
2785746,0,0,0
1788301,0,0,0
198483,0,0,0
2809707,0,0,0
2692134,561.0098177,515.0536124,0
3092148,0,0,0
1630406,0,0,385.5483622
34090,411.4071996,561.8766681,0
3029272,0,0,0
1458461,0,0,0
2715959,0,0,0
129338,0,0,0
2035858,0,0,0
2735134,0,0,0
2744521,0,0,0
184064,317.9055633,561.8766681,0
1877,0,0,0
2819290,0,0,0
3454464,0,0,0
2963940,0,1545.160837,0
3416668,0,0,0
574727,0,0,530.1289981
171523,0,0,0
3139328,0,0,0
1763363,0,0,0
2952932,0,0,0
2878151,0,0,0
66269,0,0,0
640330,0,0,0
2722752,0,0,0
938288,0,0,353.419332
505341,0,0,0
2259595,0,0,0
2214,0,0,0
1244,0,0,0
1955412,0,0,0
1918946,0,0,0
564064,0,0,0
1499973,0,0,0
3406418,0,0,0
1027273,430.1075269,0,176.709666
3070815,0,0,192.7741811
1918945,0,0,0
360911,0,0,0
3239934,0,0,0
522485,0,0,0
1472767,0,0,0
2053287,0,0,0
2920382,0,0,160.6451509
3036303,280.5049088,0,257.0322415
2040469,0,0,0
187493,0,0,0
3136295,0,0,0
859058,0,0,0
2921573,0,0,0
3035935,0,0,0
686597,0,0,0
36873,0,0,0
1261634,0,0,0
539262,0,0,0
2487118,0,0,0
2552947,0,0,0
2986827,187.0032726,0,0
2903669,0,0,0
2897772,0,0,0
2954094,0,0,0
558537,0,0,0
2742685,0,0,273.0967566
38323,430.1075269,0,257.0322415
2772557,0,0,0
1529069,0,0,0
3072793,0,0,0
2724528,0,0,0
2937788,0,0,0
2921563,0,0,0
3121287,0,0,0
2479367,0,0,0
1524259,0,0,0
2918914,411.4071996,0,192.7741811
2094020,0,0,0
3378765,0,0,0
3342676,0,0,0
2942908,0,0,0
470565,0,0,0
74109,299.2052361,0,0
166314,0,0,0
2600598,0,0,0
80679,0,0,0
2175619,0,0,0
1886,0,0,0
2303538,0,0,208.8386962
2913503,0,0,0
216427,0,0,0
2832500,878.915381,0,738.9676943
3080759,0,0,0
2662448,243.1042543,0,273.0967566
1138189,0,0,0
1720343,0,0,0
3070676,0,0,0
525886,0,0,0
242600,0,0,0
1336795,336.6058906,0,0
248039,0,0,0
2740404,860.2150538,0,0
3132747,0,0,0
2819100,0,0,0
1006005,0,0,0
2981138,261.8045816,0,0
471827,0,0,0
2946605,0,0,224.9032113
3391828,224.4039271,0,0
1532350,0,0,192.7741811
3463854,0,0,0
337,243.1042543,0,0
1806508,0,0,0
730,0,0,385.5483622
712361,317.9055633,0,0
120959,0,0,0
1481663,0,0,0
2932183,0,0,0
170573,0,0,0
69896,0,0,0
1740262,0,0,0
2839024,0,0,0
2560053,0,0,0
3422307,0,0,0
2175646,0,0,0
83683,0,0,0
3077926,0,0,0
395922,0,0,0
2961941,0,0,0
2587852,0,0,0
2995223,0,0,0
653937,0,0,0
1273132,355.3062179,0,0
3093867,0,0,0
1325115,0,0,176.709666
52443,0,0,0
3429985,0,0,0
2872754,317.9055633,0,0
79263,187.0032726,0,208.8386962
2913614,0,0,0
186490,0,0,0
240495,0,0,0
428411,280.5049088,702.3458351,0
1642819,0,1357.868615,0
1842539,0,0,0
748280,0,0,0
940,0,0,160.6451509
2704651,0,0,0
2184161,0,0,0
985002,0,0,0
45067,523.6091632,0,240.9677264
3414511,0,561.8766681,176.709666
46541,187.0032726,0,0
2269374,0,0,0
3069686,0,0,0
107327,0,0,0
1776742,0,0,257.0322415
29362,0,0,0
2923362,205.7035998,702.3458351,0
1773489,0,0,0
293091,0,0,0
573501,0,0,0
3022250,673.2117812,0,0
481353,0,0,0
102134,0,0,0
480520,0,0,0
690594,187.0032726,0,0
1323375,0,0,0
2331,0,0,0
2650471,0,0,0
1563703,0,0,0
2781899,243.1042543,0,0
2583587,0,0,0
379097,336.6058906,0,0
2614693,0,0,0
2582913,261.8045816,655.5227794,257.0322415
2728827,0,0,0
480418,0,0,0
1834193,0,0,176.709666
2138,0,0,0
710190,0,0,0
59814,0,0,192.7741811
1316941,0,0,0
2866808,187.0032726,0,0
3349874,523.6091632,795.9919464,0
3445777,0,0,0
2675790,0,0,0
42422,317.9055633,0,0
1387555,0,0,0
87541,1084.618981,0,257.0322415
41675,187.0032726,0,0
44009,0,0,0
414778,243.1042543,0,176.709666
3017782,0,0,0
1071983,0,0,0
658062,0,0,0
351604,224.4039271,0,0
3152361,0,561.8766681,0
2202721,0,0,0
3004093,0,0,0
225992,916.3160355,0,562.2580282
1176536,0,0,0
89014,299.2052361,0,0
570505,0,0,0
1987580,0,0,0
138118,0,0,0
3234141,0,0,0
3436242,0,0,0
552467,0,0,0
45243,187.0032726,702.3458351,0
2676871,0,0,0
2014887,0,0,240.9677264
2711231,0,468.2305567,0
2762331,0,0,0
1410606,0,0,0
2189,336.6058906,0,0
33934,0,0,0
1125966,0,0,0
214853,0,0,0
2583989,280.5049088,0,0
34002,0,0,240.9677264
1752398,0,0,0
160808,0,0,0
28227,187.0032726,0,0
2998077,0,0,0
1249630,0,0,0
2904121,0,0,0
2878680,0,0,0
2528026,0,0,160.6451509
2704653,187.0032726,0,0
1878942,0,0,0
2785785,0,0,0
2930200,0,0,385.5483622
496056,0,0,0
3060301,0,515.0536124,0
2828763,0,0,0
2750995,411.4071996,0,0
1673428,0,0,0
586733,0,0,0
3117013,0,0,0
518898,0,0,0
1395624,187.0032726,0,160.6451509
3074378,0,0,0
2903644,0,0,0
167964,0,0,0
491948,691.9121085,0,417.6773924
45363,0,0,0
2317,0,0,0
617123,0,608.6997237,0
1731,0,0,0
555315,0,0,0
1848766,392.7068724,0,0
2781774,280.5049088,0,0
2708020,355.3062179,0,0
2287,0,0,0
3132265,0,0,0
2996794,0,0,0
747522,0,0,0
2782004,1477.325853,0,0
46506,0,0,0
3002900,0,0,0
2303331,0,0,0
2723090,0,0,0
214888,0,0,0
2912228,0,0,0
2893889,0,0,0
2807101,0,0,0
2681552,448.8078541,0,305.2257868
2813577,0,0,0
107400,0,0,465.8709377
1867846,0,0,273.0967566
861299,0,0,0
2081791,0,0,0
3118169,0,0,0
280145,504.9088359,0,0
472,0,0,0
659,0,0,0
3048609,0,0,0
484184,0,0,0
72360,0,0,0
2528021,0,0,0
2497875,0,0,0
2054282,0,0,192.7741811
2953738,467.5081814,0,0
114881,0,0,0
2713501,0,0,0
544718,0,0,0
227866,0,0,0
2921697,0,0,0
2714952,0,0,0
1128113,0,0,0
3395319,0,0,0
2603215,635.8111267,0,546.1935131
3235110,0,0,0
3057176,0,0,0
51515,0,561.8766681,0
2495582,0,0,0
3400420,0,0,0
964,299.2052361,0,337.3548169
1511,0,0,0
1852022,0,0,0
570156,0,0,0
2769490,0,0,0
3025666,187.0032726,0,0
57320,0,0,0
3120525,0,0,0
2928472,0,0,0
1987723,0,0,0
3135644,0,0,176.709666
1891675,374.0065451,0,0
111501,0,0,0
1835721,0,0,0
290399,0,0,0
3096987,0,0,0
2950245,0,0,0
3234145,0,0,0
411486,0,0,0
398049,0,0,0
875171,0,0,0
2880221,0,0,0
456827,355.3062179,561.8766681,192.7741811
3415678,0,0,0
139,0,0,0
70258,374.0065451,0,401.6128773
1579316,243.1042543,0,224.9032113
284016,0,0,0
885581,0,0,0
76517,0,0,0
2029860,0,0,0
1903704,0,0,0
511487,0,0,0
1974203,0,0,0
68286,0,0,0
3238809,0,608.6997237,0
185008,0,0,0
1893,0,0,0
53558,187.0032726,0,0
1158459,0,0,0
577,0,0,0
3029062,0,0,0
1639118,0,0,0
1380675,0,0,0
3228750,0,0,0
171695,0,0,0
1096243,0,0,0
31909,0,0,240.9677264
1836,0,0,0
3449832,0,0,0
33052,635.8111267,0,0
123841,374.0065451,0,385.5483622
2511069,0,0,0
2739,0,0,0
2923272,0,0,0
2653857,0,0,0
33900,0,0,0
1173263,0,0,0
2756107,0,0,0
1763536,0,0,0
2908211,336.6058906,0,192.7741811
28127,0,0,0
992289,0,0,192.7741811
2807096,0,0,0
1183377,0,0,481.9354528
2967130,0,0,0
3073862,0,0,0
3232308,0,0,0
3073602,0,0,0
1930277,0,0,0
388413,0,0,0
2527996,0,0,192.7741811
353852,205.7035998,0,0
3039426,0,0,0
2605943,0,0,0
2748865,0,0,0
1482074,0,0,0
83552,0,0,0
1854498,0,0,0
2259673,0,0,0
33025,0,0,0
2139,0,0,0
1742358,0,0,0
2920935,0,0,0
461876,0,0,0
2995138,0,0,0
114186,224.4039271,0,0
1332080,0,0,0
2899122,0,0,0
539813,0,0,337.3548169
3440636,785.4137447,0,642.5806037
2745558,0,0,0
3116479,0,0,0
3076075,430.1075269,0,514.064483
1201031,0,0,305.2257868
2172098,0,0,0
3457576,0,0,0
2822842,0,0,0
2843330,243.1042543,0,0
1322,0,0,0
1100,0,0,0
3238304,0,0,0
2749996,0,0,0
1264,0,0,0
3064278,0,0,0
3423225,0,0,0
674703,0,0,0
1404864,0,0,176.709666
3415671,0,0,0
108,205.7035998,0,0
2942278,0,0,0
1325114,0,0,0
3240374,0,0,0
712036,0,0,0
688,0,0,240.9677264
2562285,0,0,0
3070661,0,0,0
2898794,0,0,0
2972478,0,0,0
2795690,0,0,0
413401,0,0,0
3073092,0,0,208.8386962
2479392,0,0,0
1045776,0,0,0
2999068,0,0,337.3548169
3020900,0,468.2305567,0
116092,0,0,0
2975701,0,0,0
716816,0,0,257.0322415
171438,0,0,0
2697371,0,0,0
41276,0,0,0
2211108,0,0,0
225148,0,0,0
2867015,0,0,0
788,0,0,0
28885,0,0,0
1891280,224.4039271,0,192.7741811
218208,0,0,0
3447507,0,0,0
2883100,0,0,0
2613965,0,0,0
1032243,0,608.6997237,0
225991,0,0,0
2781735,0,0,0
1705394,0,0,0
2024551,0,0,0
3096995,0,0,0
2903901,0,0,337.3548169
109472,0,0,240.9677264
2940302,0,0,0
467976,0,0,0
2903609,0,0,0
2609253,0,0,0
2774154,0,0,0
1675036,0,0,0
1407071,0,0,674.7096339
1384459,224.4039271,0,0
3440865,0,0,160.6451509
586239,0,0,0
1908,0,0,0
2992926,0,0,0
2921554,0,0,0
3060215,0,0,0
2976983,0,0,0
1826607,0,0,0
216937,0,0,0
3016000,0,0,0
2931921,261.8045816,515.0536124,208.8386962
2763107,0,0,0
1017270,317.9055633,0,192.7741811
3394320,187.0032726,0,160.6451509
1510466,0,0,0
693075,0,0,0
2829812,0,0,0
187452,0,0,0
1744,0,0,0
2932254,224.4039271,0,0
2831893,0,0,0
2812560,0,0,0
3349698,0,0,0
1235990,261.8045816,0,273.0967566
2569540,280.5049088,561.8766681,0
182141,0,0,0
193462,0,0,0
28172,392.7068724,0,0
946435,205.7035998,0,0
442121,0,0,0
2723091,0,0,160.6451509
3069689,187.0032726,0,0
3050072,0,0,0
1609546,0,0,0
3423947,0,0,0
2774633,0,0,0
2697032,0,0,0
2913412,0,0,0
1805933,0,0,0
2777185,0,0,0
1798205,0,0,0
216929,0,0,0
2831673,0,0,0
3236891,0,0,0
1042,0,0,0
3127470,0,0,0
3390026,0,0,0
702114,0,0,0
2976002,0,0,0
37692,0,0,0
351671,0,0,0
1473598,0,0,0
449,0,0,0
1599,0,0,0
1912897,0,0,0
1902580,0,0,0
930166,374.0065451,0,449.8064226
377615,0,0,0
2799680,0,0,0
2763667,0,0,0
89153,0,0,337.3548169
1084,261.8045816,0,0
2912314,0,0,0
463192,0,0,0
2866384,0,0,0
42094,0,0,0
754,0,0,0
2171755,336.6058906,0,208.8386962
449461,0,0,0
2724901,0,0,0
2528022,0,0,0
2683284,261.8045816,655.5227794,0
45663,0,0,0
298654,0,0,0
28151,317.9055633,0,0
190148,0,0,240.9677264
999141,411.4071996,0,0
2564099,0,0,0
162209,205.7035998,0,0
2569541,280.5049088,0,0
556259,0,0,0
3163026,0,0,0
3094839,0,0,0
2952610,0,0,0
2220073,0,0,0
61647,0,0,305.2257868
2226,280.5049088,0,0
43057,0,0,0
942150,0,0,0
79209,0,0,0
3398773,0,655.5227794,321.2903019
342950,0,0,160.6451509
1968839,0,0,0
64160,0,0,0
3068989,1402.524544,0,0
2810562,0,0,0
3455945,0,0,0
1737446,0,0,0
1163710,0,0,0
3066284,0,0,0
2819286,0,0,0
2527975,0,0,0
483013,0,0,0
33008,0,0,0
1524258,243.1042543,0,0
68212,0,0,0
1973002,0,0,0
2136401,0,0,0
3400348,0,0,0
389348,0,0,0
777,0,0,0
881,0,0,0
2883998,224.4039271,0,0
3439063,0,0,0
1484118,392.7068724,0,0
3143534,280.5049088,0,0
664683,0,0,0
594679,0,0,160.6451509
1325107,0,0,0
2601122,0,0,0
2508726,0,0,0
2835041,0,0,0
3236844,0,0,0
2782662,0,0,305.2257868
3411797,0,0,0
2601898,0,0,0
3445781,0,0,0
2571749,0,0,0
2039724,392.7068724,0,240.9677264
2768068,0,0,0
37329,336.6058906,0,0
512763,0,0,0
133539,0,0,0
2651974,0,0,0
3459034,0,0,0
44001,0,0,0
2907534,0,0,0
285574,0,0,0
3030011,0,0,0
2058152,0,0,0
2935863,0,515.0536124,0
649196,261.8045816,0,0
2878534,0,0,0
2913620,0,515.0536124,0
3048007,0,0,0
346911,0,0,0
153151,0,0,0
273136,0,0,0
1549850,0,0,0
216816,0,0,0
2599296,0,0,0
43767,0,0,0
2004650,0,0,0
911092,0,0,192.7741811
553814,0,0,0
2903717,0,0,0
1927128,0,0,0
1824638,0,0,0
2883127,0,0,0
2894082,0,0,0
1448059,261.8045816,0,0
2932259,355.3062179,0,0
562959,0,0,0
1353976,0,0,0
61015,261.8045816,0,0
1470434,0,0,0
2862870,0,0,0
1861,0,0,0
82380,0,0,0
1741,0,0,0
299308,0,0,0
2039455,0,0,0
2762576,0,0,0
3240853,0,0,0
2903570,0,0,0
2714036,0,0,0
537596,0,0,0
329854,0,0,0
3385991,0,0,0
3096260,0,0,0
2892541,0,0,0
2493669,0,0,0
3239996,0,0,0
396,0,0,0
216935,0,0,0
485447,0,0,160.6451509
465721,0,0,0
2861282,0,0,0
1850526,0,0,0
517719,0,0,0
349094,729.312763,0,0
50338,0,0,0
2030797,0,0,0
46507,0,0,0
159743,0,0,0
2496865,0,0,0
37487,0,0,0
1848900,0,0,0
2856823,0,0,0
2918170,0,0,0
3450128,0,0,0
3067653,0,0,0
3230977,261.8045816,0,208.8386962
2823043,0,0,0
2111,0,0,0
53442,0,0,0
45495,336.6058906,0,0
2044521,0,0,0
150829,0,0,0
2867011,0,0,0
3239887,0,0,0
376805,0,0,0
2774151,0,0,0
2886935,0,0,0
2898725,0,0,0
251542,0,0,0
1632864,0,0,0
2855434,0,0,0
312306,0,0,0
307121,0,0,0
2806210,0,0,0
1654388,0,0,0
1649184,0,0,0
237258,0,0,0
28141,0,0,0
2838157,0,0,0
2829795,0,0,0
3047873,0,0,0
291403,355.3062179,0,0
1858656,374.0065451,0,0
1632866,0,0,0
273251,0,0,0
3166644,0,0,0
3423952,0,0,0
1660063,0,0,0
2954099,0,0,0
2202249,0,0,0
944,0,0,0
3118173,0,0,0
2029164,0,0,0
168471,0,0,0
3081200,0,0,0
2909673,0,0,0
282217,0,0,0
2840474,0,0,0
2975737,0,0,0
453842,0,0,0
3114537,0,0,0
3229863,0,0,0
28129,0,0,0
2897334,0,0,0
3063957,0,0,0
2488639,0,0,0
2940299,187.0032726,0,0
273376,0,0,0
1297121,0,0,0
171404,0,0,0
33943,0,0,0
1505757,0,0,0
2608631,336.6058906,0,321.2903019
547188,0,0,0
60520,0,0,0
33996,0,0,0
2903723,0,0,0
2562282,0,0,0
1572645,0,0,369.4838471
86102,0,0,0
82348,0,0,0
1123043,0,0,0
2995161,187.0032726,0,0
1925548,0,0,0
2486272,0,0,0
3095343,0,0,0
375175,0,0,0
3238806,0,0,0
2010183,205.7035998,0,0
1620421,0,0,0
485448,224.4039271,0,0
1300039,0,0,208.8386962
2828340,0,0,0
3088255,0,0,0
3447380,0,0,0
44252,0,0,0
3399565,0,0,0
112331,187.0032726,0,192.7741811
2496265,317.9055633,0,273.0967566
92758,0,0,0
2494375,0,0,546.1935131
2795293,0,0,0
76947,0,0,0
3242415,0,0,0
480391,0,0,0
1592106,0,0,0
2968500,0,0,0
3098914,0,0,0
2811425,0,0,0
2663019,0,0,0
2950605,0,0,0
1932669,0,0,0
106370,0,0,0
70348,0,0,0
2979727,0,0,0
2983215,0,0,0
2172099,299.2052361,0,0
3141541,0,0,0
2838156,0,0,0
54913,0,0,0
2528009,0,0,0
2293,0,0,0
3425950,0,0,0
92647,243.1042543,0,0
3048335,0,0,160.6451509
1920422,0,0,0
121428,0,0,0
2252,0,0,0
1611422,0,0,192.7741811
1905847,0,0,0
747548,0,0,0
2834768,0,0,0
69823,0,0,0
2497860,0,0,0
1796652,374.0065451,0,0
42879,0,0,0
412034,0,0,192.7741811
2594003,0,0,0
98672,0,0,0
3349434,0,0,0
33987,0,0,0
91844,187.0032726,0,0
916,0,0,0
2527973,0,0,0
183759,0,0,0
54062,0,0,0
202950,0,0,192.7741811
92645,0,0,0
2867022,0,0,0
172045,392.7068724,0,0
3416742,766.7134175,0,0
2182432,0,0,0
3243383,0,0,0
1884914,0,0,0
93944,0,0,0
413882,0,0,0
2903597,0,0,0
405212,0,0,0
2963283,0,0,0
3058420,0,0,0
80878,0,0,0
513050,0,0,0
2803751,0,0,0
3025667,0,0,0
2016196,0,0,0
782,0,0,385.5483622
2496847,0,0,0
84135,0,0,0
1508420,0,0,0
1176587,0,0,0
2796470,0,0,0
2749046,0,0,0
1483604,0,0,0
1162633,243.1042543,0,0
1660080,0,0,0
66821,0,0,0
1235591,0,0,0
1404367,0,0,0
259059,0,0,0
2562451,0,0,0
2094025,0,0,0
1470088,0,0,0
3149048,0,0,0
1852017,0,0,0
3242416,0,0,0
1249480,392.7068724,0,0
1930274,0,0,369.4838471
1881,355.3062179,0,0
3374191,1065.918654,0,0
227945,0,0,273.0967566
863372,0,0,0
2912675,0,0,0
2505970,355.3062179,0,305.2257868
3406626,0,0,0
2527994,0,0,0
83626,0,0,208.8386962
1526927,0,0,0
1619311,0,0,0
39645,0,0,0
1385591,0,0,0
236753,0,0,0
53431,0,0,0
41899,0,0,0
3137369,374.0065451,0,481.9354528
103733,0,0,0
254246,0,0,0
146919,0,0,0
1459637,0,0,0
1407,0,0,0
474953,0,0,0
2083051,0,0,0
1987584,0,0,0
2731681,0,0,0
2893883,0,0,0
539,0,0,0
1579979,0,0,0
190895,0,0,0
3391145,0,0,0
2954021,0,0,0
3043734,0,0,0
1219491,0,0,0
426703,0,0,0
2033016,0,0,0
233316,0,0,0
74969,0,0,0
474394,0,0,0
1898749,0,0,0
46127,0,0,0
3096219,0,0,0
1126833,0,0,0
2594005,336.6058906,0,192.7741811
3115650,317.9055633,0,0
74315,0,0,0
1009682,0,0,0
2315,0,0,0
3100175,355.3062179,0,0
3408576,0,0,0
1296540,0,0,0
2116,0,0,0
51367,0,0,160.6451509
1400387,0,0,0
2014076,0,0,0
661481,0,0,0
533,0,0,0
1763538,0,0,0
2914159,0,0,0
157688,0,0,0
413497,0,0,0
1871048,0,0,0
225848,0,0,0
2763021,0,0,0
3234852,0,0,0
575112,0,0,0
37448,0,0,0
3368557,0,0,0
1008305,0,0,0
2777983,187.0032726,0,0
3384241,0,0,0
3015149,0,0,0
288436,0,0,0
223786,0,0,0
3243389,0,0,0
2717374,0,0,0
2603817,0,0,0
300181,0,0,0
2976127,0,0,0
2975739,0,0,0
2575872,0,0,0
2175091,374.0065451,0,0
300876,0,0,0
46228,0,0,0
3015177,0,0,0
2434,0,0,0
599,0,0,0
2933872,392.7068724,0,192.7741811
184924,0,0,0
428,0,0,0
169176,0,0,0
2937801,0,0,0
2829596,0,0,0
63612,0,0,176.709666
1411902,0,0,0
2597515,635.8111267,0,0
419476,0,0,0
56730,486.2085086,0,224.9032113
754476,0,0,0
87162,0,0,0
181663,0,0,0
2586965,0,0,0
2508687,0,0,176.709666
3070656,0,0,0
304895,0,0,0
3048589,0,0,0
2881052,0,0,0
1758196,0,0,0
359408,0,0,0
3228953,0,0,0
2870563,0,0,0
55504,0,0,0
2743772,0,0,0
3019544,0,0,0
1785128,0,0,0
2083786,0,0,0
3230980,0,0,0
2700081,0,0,0
1725,0,0,0
2546128,0,0,0
2712223,0,0,0
137722,0,0,0
114,0,0,0
3416081,0,0,0
2834276,0,0,0
1756149,0,0,0
2929481,0,0,257.0322415
3067902,299.2052361,0,240.9677264
1052257,0,0,0
3066251,0,0,0
332249,0,0,0
2496866,0,0,0
2081052,0,0,0
364199,0,0,0
3077941,0,0,0
37482,0,0,0
2976007,0,0,0
3402279,0,0,0
2558360,0,0,0
591154,0,655.5227794,0
481146,0,0,0
994695,0,0,0
475937,0,0,0
2563668,486.2085086,0,0
3344875,0,0,0
230361,0,0,0
1940610,0,0,0
2747268,0,0,0
1385664,0,0,0
3416605,0,0,0
3398775,0,0,0
2890321,0,0,0
28092,0,0,0
93466,0,0,0
1306787,0,0,0
1745854,0,0,0
28135,0,0,0
2976822,0,0,0
216931,0,0,0
2850441,0,0,0
3062449,0,0,0
40269,0,0,0
78327,0,0,0
2744474,0,0,0
3078428,0,0,0
2930199,0,0,0
1940790,0,0,0
1177216,542.3094904,0,0
192421,0,0,465.8709377
96230,0,0,0
463,0,0,0
38300,0,0,0
3108483,261.8045816,0,0
1434099,0,0,0
947516,0,0,0
1767,0,0,0
1476901,0,0,0
3239807,0,0,0
207340,0,0,0
215691,0,0,0
1239307,0,0,0
3009077,0,0,289.1612717
2980554,0,0,0
1868793,0,0,0
3427230,0,0,0
1789762,0,0,0
3233574,0,0,0
2851540,0,0,0
2951805,0,0,0
2018025,0,0,0
1190508,0,0,0
2725268,0,0,0
3158548,0,0,0
1798223,0,0,0
33060,0,0,0
1134405,0,795.9919464,0
153496,0,0,0
3066146,0,0,0
53407,0,0,0
290110,0,0,0
1236046,0,0,0
3395315,0,0,0
44754,205.7035998,0,0
3035453,0,0,0
1795,0,0,0
251540,0,0,0
1348774,0,0,0
3423914,0,0,0
2320858,0,0,0
2908840,0,0,0
1872114,0,0,0
2963128,0,0,0
3038773,0,0,0
75289,0,0,0
458197,0,0,0
2864212,0,0,0
1218494,0,0,0
2820270,0,0,0
180,0,0,0
1930276,205.7035998,0,0
29303,0,0,0
2589818,0,0,0
3400421,579.7101449,0,0
3342349,0,0,0
1145276,0,0,0
59845,0,0,337.3548169
2995170,243.1042543,0,0
1054,0,0,0
2703885,0,0,0
2738979,0,0,0
3120518,0,0,0
2587862,0,0,0
865,0,0,0
3160834,0,0,0
3230988,0,0,0
2110,0,0,0
328813,0,0,0
1563479,0,0,0
2715679,0,0,0
1404768,0,0,273.0967566
2895946,0,0,0
3003259,0,0,0
1867715,0,0,0
1144748,0,0,0
1855883,0,0,0
2904253,0,0,0
2112,0,0,0
1750527,0,0,0
66883,0,0,0
103731,0,655.5227794,0
155863,0,0,0
28187,0,0,0
2736,0,0,0
71190,0,0,0
2003316,0,0,0
94624,0,0,0
3082546,0,0,0
758793,0,0,0
215578,0,0,0
3125783,0,0,0
2739063,0,0,0
3039851,299.2052361,0,0
413502,0,0,0
116188,0,0,0
29558,0,0,0
3029174,0,0,192.7741811
693153,0,0,0
199596,0,0,0
186931,0,0,0
1286181,0,0,0
1613,0,0,0
3435775,0,0,0
2493671,617.1107994,0,0
2711221,0,0,0
2527968,0,0,0
1921421,0,0,0
434010,0,0,0
2983210,0,0,0
2055,0,0,0
90244,205.7035998,0,240.9677264
2664436,0,0,0
3158582,0,0,0
3048494,0,0,0
38986,0,0,0
3439547,0,0,192.7741811
2588536,0,0,0
1275,0,0,0
48076,0,0,0
3074107,0,0,0
1218493,0,0,0
434014,0,0,0
3077946,355.3062179,0,0
2907156,561.0098177,0,0
3056107,0,0,0
113562,0,0,0
2810347,261.8045816,0,208.8386962
2921549,0,0,0
390989,299.2052361,0,0
487,0,0,0
1702325,0,0,0
3448123,0,795.9919464,0
839,0,0,0
1719132,0,0,0
2599927,0,0,0
1921699,0,0,0
90736,187.0032726,0,224.9032113
2072642,0,0,0
564137,0,0,0
87,0,0,0
107709,0,0,0
154,0,0,0
374606,0,0,0
3014784,0,0,0
3439062,0,0,0
2527990,0,0,0
130049,0,0,0
2292255,0,0,0
1643,0,0,0
1306526,0,0,0
2296,0,0,0
2926709,0,0,0
158841,0,0,0
68231,0,0,0
2588711,0,0,305.2257868
2954618,0,0,0
1920,748.0130902,0,0
2358479,0,0,0
267818,0,0,0
216936,0,0,0
393765,0,0,0
2911527,0,0,0
61646,0,0,0
119394,0,0,0
253703,0,0,0
1766,0,0,0
1505907,0,0,0
555791,0,0,0
3400218,0,0,0
3039384,0,0,0
2802971,0,0,0
3133290,0,0,0
82981,0,0,0
2651334,0,0,0
3030210,0,0,0
1390185,0,0,0
2026199,0,0,0
34094,0,0,0
3035692,0,0,0
398736,336.6058906,0,0
3425129,0,468.2305567,0
3383027,0,0,0
207949,0,0,0
2976003,0,0,0
192389,0,0,0
2866162,0,0,160.6451509
2975959,0,0,0
1176533,0,0,0
3447453,0,0,0
3138498,392.7068724,0,0
2921515,0,0,0
454148,0,0,0
470931,0,0,0
3234139,0,0,0
1581,0,0,0
267363,0,0,0
3156079,0,0,0
54911,0,0,0
472181,0,0,0
538949,0,0,0
3395321,0,0,0
1514904,0,0,0
77095,0,0,0
3034020,0,0,0
3112003,0,0,192.7741811
301302,0,0,0
2895495,0,0,0
47679,0,0,0
2005262,0,0,0
2743470,0,0,0
577386,0,0,0
3157343,0,0,0
2770788,0,0,0
1338368,0,0,192.7741811
3070658,0,0,0
2778876,0,0,0
1833,0,0,0
1644130,0,0,0
3413030,0,0,0
3413936,0,0,0
338645,0,0,0
3160607,0,0,0
633404,0,0,0
664643,0,0,0
3028082,0,0,0
3065865,0,0,0
1085647,0,0,0
152331,0,0,0
488732,0,0,0
47880,0,0,0
2770772,0,0,0
2903645,0,0,0
2898442,0,0,240.9677264
67385,0,0,0
2512235,0,0,0
1547898,0,0,0
3121295,0,0,0
1642647,0,0,0
1305740,0,0,0
57043,0,0,0
1038928,0,0,0
388640,261.8045816,0,321.2903019
2137,0,0,0
3243368,0,0,0
3002962,0,0,0
185951,0,0,0
2219225,0,0,0
1921698,0,0,0
3144874,430.1075269,0,0
29379,299.2052361,0,192.7741811
3151487,0,0,0
2563896,0,0,160.6451509
520,0,0,0
1365176,0,0,0
2507538,0,0,0
2684113,0,0,0
453816,0,0,0
45254,0,0,0
3435883,0,0,0
2518989,0,0,0
161879,0,0,0
40577,317.9055633,0,0
2828656,261.8045816,0,0
171865,0,0,0
2883236,0,0,0
2903562,0,0,0
2745947,0,0,0
3064829,0,0,0
2661630,0,0,0
120962,0,0,240.9677264
339617,0,0,0
2066,0,0,0
3424717,0,0,0
521689,0,0,0
3350174,317.9055633,0,273.0967566
2749999,0,0,0
392011,0,0,192.7741811
1874630,0,0,0
2267891,187.0032726,0,0
2107999,0,0,0
178214,0,0,0
2675378,0,0,0
585425,0,0,0
865757,374.0065451,0,0
300,0,0,0
1931275,0,0,0
3138066,0,0,0
2099786,0,0,0
1178515,0,0,0
98668,0,0,0
556533,0,0,0
983548,0,0,0
3435409,0,0,0
2058625,0,0,0
1705,0,0,0
3161138,0,0,0
786,0,0,481.9354528
2448483,0,0,0
230089,261.8045816,0,0
470076,0,0,0
1145106,0,0,0
3050270,0,0,0
55205,0,0,0
1553431,187.0032726,0,0
29405,0,0,0
2944933,0,0,0
264636,0,0,0
2817477,0,0,0
2830998,0,0,0
1749074,0,0,0
273384,0,0,0
2884022,0,0,0
42684,0,0,0
3396405,0,0,0
2866807,0,0,0
3230973,467.5081814,0,0
1850238,0,0,0
3131995,0,0,0
82987,0,0,0
3381777,0,0,0
2921465,0,0,0
3066237,280.5049088,655.5227794,0
3379131,0,0,0
237609,0,0,0
311230,0,0,0
861533,0,0,0
2928154,0,0,0
2725494,243.1042543,0,0
1130723,0,0,0
3060737,0,0,0
178899,0,0,0
622488,0,0,0
29459,0,0,0
3243766,0,0,0
2814292,0,0,0
37930,0,0,0
3240024,0,0,0
1882662,0,0,0
291594,0,0,0
1924940,0,0,0
1284658,0,0,0
2789216,0,0,0
3112165,0,0,0
37330,0,0,0
3133968,0,0,0
3239982,0,0,0
45398,0,0,0
3048338,0,0,0
2005884,0,0,0
1834167,0,0,353.419332
2973512,0,0,0
3115291,0,0,0
367477,0,0,0
420402,224.4039271,0,0
72556,0,0,0
1270,0,0,0
39687,0,0,0
3366810,0,0,160.6451509
1461694,0,0,0
2906072,0,0,0
3137182,0,0,0
154288,0,0,0
2734618,0,0,0
2589990,0,0,0
3059716,0,0,0
214856,467.5081814,0,0
1915078,0,0,0
1274631,0,0,0
3047463,0,0,0
93064,0,0,0
2903821,0,0,0
1329,0,0,417.6773924
3079304,0,0,0
3241602,0,0,0
257708,0,0,0
565033,0,0,0
2004515,0,0,0
3418557,0,0,0
1775910,0,0,289.1612717
3133306,0,0,0
1769779,0,0,0
319706,0,0,0
151081,0,0,0
3409691,0,0,0
3117012,0,0,0
2377,243.1042543,0,0
2903857,0,0,0
404589,0,0,0
3080976,0,0,0
1335048,0,0,0
1963026,0,0,0
2597358,0,0,0
83262,0,0,0
1619313,0,0,0
2793009,0,0,0
744515,0,0,0
2662363,317.9055633,0,305.2257868
2903850,0,0,0
1646377,0,0,0
2924034,0,0,0
1496080,0,0,0
3042299,0,0,289.1612717
391586,0,0,0
356302,0,0,0
2795386,0,0,176.709666
53336,0,0,0
2570586,0,0,0
3077944,504.9088359,0,353.419332
32025,0,0,0
68239,0,0,0
216945,0,0,0
202,224.4039271,0,208.8386962
2954679,0,0,0
298596,0,0,0
658446,0,0,0
162426,0,0,0
714067,0,0,0
1297742,0,0,0
2008440,0,0,0
1232430,0,0,0
2969597,0,0,0
1945512,0,0,0
56142,392.7068724,0,0
3423959,0,0,0
2708053,0,0,0
3133315,0,0,0
2691918,0,0,0
2681987,0,0,240.9677264
1230533,0,0,0
1814128,0,0,0
1689272,0,0,305.2257868
412965,299.2052361,0,0
2233851,205.7035998,0,192.7741811
109232,0,0,0
2585716,0,0,0
3394361,0,0,0
62088,0,0,0
82801,0,0,0
2125,187.0032726,0,0
576611,0,0,0
1566351,0,0,0
29291,0,0,0
453304,0,0,0
333367,0,0,0
453783,0,0,0
3415750,0,0,0
1004279,0,0,0
2903557,0,0,0
1017,0,0,0
1867,0,0,0
2020412,0,0,0
3119007,0,0,0
2716812,0,0,0
2575440,0,0,0
2117,0,0,0
28119,0,0,0
2806347,0,0,0
3093864,0,0,0
1841249,0,0,0
683292,972.4170173,0,0
2721545,0,0,0
3117746,0,0,273.0967566
2594883,0,0,0
3410268,0,0,0
3402864,0,0,0
2903580,0,0,0
3070215,0,0,0
2819098,0,0,0
132920,0,0,0
1806670,0,0,257.0322415
70775,0,0,0
1720344,0,0,0
290053,0,0,0
1986204,0,0,0
3060621,0,0,0
188144,0,0,0
2932256,0,0,160.6451509
83556,0,0,0
294699,0,0,0
2215,0,0,337.3548169
171291,0,0,0
2975963,0,0,0
2843640,0,0,0
1943633,0,0,0
3026418,299.2052361,0,224.9032113
1685,0,0,0
2954647,0,0,0
1468449,0,0,0
410332,0,0,0
148813,0,0,0
2817656,0,0,0
73780,224.4039271,0,0
52690,0,0,0
504,224.4039271,0,257.0322415
131318,0,0,0
571949,299.2052361,0,0
2975777,0,0,0
74031,0,0,0
1859475,0,0,0
69499,0,0,0
2758573,0,0,0
200,0,0,0
215743,0,0,0
262076,0,0,0
656366,0,0,0
55802,0,0,0
189425,0,0,0
2903797,0,0,0
2993543,0,0,0
1884905,0,0,0
2732593,0,0,626.5160886
3387407,0,0,0
2866311,0,0,0
288,0,0,0
69362,0,0,0
2744516,0,0,0
2051906,0,0,0
3448124,0,0,0
191302,0,0,0
3366809,0,0,0
879969,0,0,0
3066289,0,0,0
3041619,0,0,0
1803177,0,0,0
2599305,392.7068724,0,224.9032113
3073902,0,0,0
264739,0,0,0
56459,0,0,0
748247,0,0,0
1064539,0,0,0
430679,0,0,0
3064001,0,0,0
319653,0,0,0
2796928,0,0,0
1547922,0,0,0
1223566,0,0,0
1945658,0,0,0
2824561,0,0,0
2763068,0,0,0
1961362,0,0,0
1199245,243.1042543,515.0536124,0
864828,224.4039271,0,192.7741811
1653480,0,0,0
29375,0,0,0
229155,0,0,0
1397108,0,0,0
3383025,0,0,160.6451509
2744523,0,0,0
216963,205.7035998,0,0
84980,0,0,0
1675686,0,0,0
3131936,0,0,0
2004646,0,0,0
2518971,0,0,0
2908645,0,0,0
2517362,299.2052361,0,0
1325102,0,0,0
2861775,0,0,0
204038,0,0,0
70863,0,0,385.5483622
2865833,0,0,0
3273802,0,0,0
344163,0,0,0
47883,0,0,0
73141,0,0,369.4838471
2740163,0,0,0
3439042,0,0,0
500610,0,0,0
58138,299.2052361,0,0
1759399,0,0,0
2745561,0,0,385.5483622
680248,0,0,0
3447013,0,0,0
3239898,0,0,0
2829501,0,0,0
515393,0,0,0
2970818,0,0,0
404405,0,0,0
1536773,0,0,160.6451509
3390033,0,0,0
1874361,317.9055633,0,0
2921401,0,0,0
2190,187.0032726,0,321.2903019
1590041,0,0,0
224719,0,0,0
3077948,0,0,0
1699622,0,0,0
2547970,0,0,0
2119,0,0,0
1524460,0,0,0
2490855,0,0,0
108486,0,0,0
3103144,0,0,0
1267217,0,0,0
1124597,187.0032726,0,0
1328770,0,0,0
1903686,0,0,0
36740,0,0,0
3077930,467.5081814,0,0
3036945,0,0,0
2589076,0,0,0
1583100,0,0,0
2740807,0,0,0
1523415,0,0,0
40834,0,0,0
94254,0,0,0
2943192,0,0,0
1048205,0,0,0
211114,0,0,0
447689,0,0,0
3413029,280.5049088,0,0
419479,0,0,0
3387397,0,0,0
1712516,0,0,0
2121,0,0,0
1637853,0,0,0
408783,0,0,0
47960,0,0,0
671077,0,0,0
2819104,0,0,0
3240042,0,0,0
1886670,0,0,0
2758440,0,0,0
417574,0,0,0
2807512,0,0,0
71433,0,0,0
1908224,0,0,0
2921702,0,0,0
2745511,0,0,0
2779518,0,0,224.9032113
171632,0,0,0
3033392,0,0,0
1523392,0,0,0
2231053,0,0,0
43765,0,0,0
113267,0,0,0
367190,0,0,0
1166078,0,0,0
1514105,0,0,0
2109914,0,0,0
2864217,0,0,0
3118085,0,0,0
430914,0,0,0
1233873,0,0,0
2926399,0,0,0
3458682,0,0,0
3234954,0,0,0
2009329,0,0,0
323284,0,0,0
1138194,0,0,0
1639108,0,0,0
232346,0,0,0
157592,0,0,0
2815167,0,0,0
35806,0,0,0
1792,0,0,0
2305987,0,0,0
3400846,0,0,0
198620,0,0,0
2545798,0,0,0
2914710,0,0,0
76116,317.9055633,0,0
914150,0,0,0
28125,0,0,0
137732,0,0,0
3015170,0,0,0
191390,0,0,0
2054227,0,0,0
2949994,0,0,0
3230990,0,0,0
56146,0,0,0
2773454,205.7035998,0,0
2971606,0,0,0
3391822,0,0,0
2587163,0,0,0
2528007,0,0,0
3066271,0,0,0
3240027,0,0,0
2498135,0,0,0
1636152,0,0,0
882104,205.7035998,0,369.4838471
3075198,0,0,0
3240071,0,0,0
2984843,0,0,0
1758194,0,0,0
2020962,0,0,0
197614,0,0,0
2996782,0,0,0
536,0,0,0
1406512,0,0,0
833,299.2052361,0,0
103855,0,0,0
2507582,0,0,0
906888,0,0,0
2571747,0,0,0
84531,0,0,0
2817408,0,0,0
204525,0,0,0
198618,0,0,0
3034233,0,0,0
452,0,0,0
2527691,0,0,0
2954506,0,0,0
3242193,0,0,0
2100116,0,0,0
3003348,0,468.2305567,0
2745510,224.4039271,702.3458351,0
240427,0,0,0
2857077,0,515.0536124,192.7741811
3341829,0,0,0
710705,355.3062179,0,224.9032113
2983246,0,0,0
3130166,0,0,0
1002546,243.1042543,0,0
1928,0,0,0
1714373,0,0,0
2675792,0,0,0
2817413,935.0163628,0,0
1006155,0,0,0
111955,0,0,0
2774835,0,0,0
2493668,0,0,0
2003551,0,0,0
53408,0,0,0
732,0,0,273.0967566
3030492,0,0,0
3445355,0,0,0
537,0,0,0
375489,0,0,0
36738,0,0,0
3034648,0,0,0
2919921,0,0,0
184914,0,0,0
2916397,0,0,0
1054041,0,0,0
3372858,0,0,0
82983,0,0,0
3160831,0,0,0
2026191,0,0,0
3395316,0,0,0
54261,0,0,0
3394146,374.0065451,0,0
1714845,0,0,337.3548169
1173101,0,0,0
39669,0,0,0
3385202,448.8078541,0,305.2257868
3240072,0,0,0
1664069,317.9055633,0,0
189691,0,0,240.9677264
1188319,0,0,0
3242682,0,0,0
1302235,243.1042543,0,0
2975870,0,0,0
3118332,0,0,0
208216,0,0,0
1981510,0,0,0
37929,0,0,0
2005703,0,0,0
3230987,0,0,0
33940,0,0,0
1874317,0,0,0
3032282,0,0,0
2184053,0,0,0
340146,0,0,0
57372,243.1042543,0,0
2925841,0,0,0
2726189,261.8045816,0,0
2175864,0,0,0
2058624,0,0,0
102862,0,0,0
1005039,0,0,0
120963,0,0,0
3240783,0,0,0
3398231,0,0,0
2604832,0,0,0
212403,0,0,0
2728835,0,0,0
936476,224.4039271,0,240.9677264
1562720,0,0,0
34007,0,0,0
267128,0,0,0
2584094,0,795.9919464,0
2751171,224.4039271,0,0
60893,0,0,0
2026187,0,0,305.2257868
3080014,0,0,0
1608957,0,0,0
76936,0,0,562.2580282
2714925,0,0,0
114885,0,0,0
948519,0,0,0
476157,0,0,0
68246,0,0,0
3139408,0,0,0
410,0,0,0
2996034,0,0,0
2815577,0,0,0
3078083,0,0,0
1549858,0,0,0
3077928,0,0,0
2163011,0,0,0
401471,0,561.8766681,0
1681,0,0,0
1891644,0,0,0
879274,0,0,0
414,224.4039271,0,176.709666
280236,0,0,0
3386553,0,0,0
281362,0,0,0
93220,0,0,0
2211212,355.3062179,0,0
261964,0,0,0
3157618,0,0,0
2047744,0,0,0
593909,0,0,0
556287,0,0,273.0967566
3019892,0,0,0
685,0,0,0
661488,0,0,0
3237371,0,0,0
2898581,0,0,0
2916816,0,0,0
33037,0,0,0
1801,0,0,0
351052,0,0,0
2750812,0,0,0
28099,0,0,0
29561,0,0,0
3071567,0,0,0
3067904,0,0,305.2257868
37637,0,0,0
2890318,374.0065451,0,0
2038636,0,0,0
114054,0,0,0
283686,224.4039271,515.0536124,0
3160832,0,0,0
3072790,0,0,0
3151599,0,0,0
358220,0,0,0
292414,0,0,0
2202141,0,0,610.4515735
47872,0,0,0
2663857,0,0,0
3231716,0,0,0
2970464,0,0,0
43768,0,0,0
1842727,0,0,0
2709380,0,0,0
1774216,0,0,0
1349410,0,0,0
1979954,224.4039271,0,289.1612717
1872122,0,0,208.8386962
3418417,0,0,0
2710758,0,0,0
183795,0,0,0
1128151,0,0,0
1639348,0,0,0
55211,0,0,0
3349878,0,0,0
2485124,0,0,0
3028375,430.1075269,0,0
2231721,0,0,0
3237105,0,0,0
2058136,0,0,0
3166643,0,0,0
2579250,0,0,0
3016339,0,0,0
3236892,0,0,481.9354528
33990,0,0,0
2585771,0,0,0
2725994,0,0,0
1970157,0,0,0
58169,0,0,0
227942,0,0,0
2975743,0,0,0
2067065,205.7035998,0,0
1817405,0,0,0
269660,0,0,0
3438965,0,0,0
2528017,0,0,0
2173169,0,0,0
1248727,0,0,0
2975953,0,0,0
2698458,0,0,257.0322415
1618,0,0,0
2576891,0,0,0
2921557,0,0,0
2903591,0,0,0
3039386,0,0,0
386911,0,0,0
2675878,0,0,0
31958,0,0,0
1632865,0,0,0
2735436,0,0,0
47884,0,0,0
2740529,0,0,0
155177,0,0,433.7419075
2754725,0,0,0
29553,0,0,0
3133277,0,0,0
240521,0,0,0
161360,0,0,0
2530200,0,0,0
1798193,0,0,0
1456591,317.9055633,0,337.3548169
1804,0,0,0
133924,0,0,0
2758038,0,0,0
2527983,0,0,0
33059,224.4039271,0,0
2592049,0,0,0
1965282,0,0,0
1349,280.5049088,0,0
2857059,0,0,0
2951806,0,0,0
170651,0,0,0
3144975,205.7035998,0,0
2507160,0,0,0
2093856,0,0,0
2109915,0,0,0
2511995,0,0,0
3243332,0,0,0
1050370,0,0,0
1737424,0,0,0
2099,0,0,0
81028,0,0,0
566,0,0,0
225084,280.5049088,0,0
496014,0,0,0
1874061,0,0,305.2257868
2210,0,0,0
2483404,0,0,0
495,430.1075269,0,0
2978973,0,0,0
3031124,0,0,0
2024580,0,0,0
2796143,0,0,0
1591088,0,0,0
293552,0,0,0
2956798,0,0,0
370524,0,0,0
2982692,0,0,0
483937,0,0,0
3447451,261.8045816,0,289.1612717
3039154,0,0,176.709666
3382150,0,0,0
2558931,0,0,0
3100174,0,0,0
2909671,0,0,160.6451509
184748,0,0,0
1848903,0,0,0
34003,0,0,0
2571116,0,0,0
3242158,0,0,0
2010972,0,0,0
1323948,0,0,0
2590772,0,0,0
173858,0,0,0
58231,0,0,0
2975710,0,0,0
52603,0,0,0
134821,0,0,0
2967301,0,0,0
293089,0,0,0
2753607,0,0,0
2815358,0,0,0
3141581,0,0,0
3230487,0,0,0
2975990,0,0,0
3037797,0,0,0
3241170,0,0,0
754517,355.3062179,0,0
3238631,0,0,0
3115649,0,0,0
155077,0,0,0
1810504,0,0,0
2963092,0,0,0
397865,0,0,0
2903619,299.2052361,0,0
3129297,224.4039271,0,0
2055160,0,0,0
2083300,0,468.2305567,0
1353891,0,0,369.4838471
1758178,0,0,0
260552,0,0,0
673,0,0,0
2594496,0,0,0
1743162,317.9055633,0,192.7741811
2903577,0,0,0
3085177,0,0,0
575,0,0,0
1702103,0,0,0
1364,0,0,0
53417,0,0,0
2039234,0,0,0
3118174,0,0,0
279113,0,0,0
3419765,0,0,0
2291597,0,0,0
1870819,0,0,0
3157666,0,0,0
1869339,0,0,0
2685869,0,0,0
1699623,0,0,0
83380,0,0,0
1448929,205.7035998,468.2305567,0
3239903,0,0,0
3372856,0,0,0
2975801,0,0,0
2865837,448.8078541,0,0
53635,0,0,0
1560345,0,0,0
3120278,0,0,0
1811193,0,0,0
2590015,0,0,401.6128773
2986951,0,0,0
2726117,0,0,0
2591463,0,0,578.3225433
2903700,0,0,0
2975796,0,0,0
2559928,0,0,0
1131703,0,0,0
152682,0,0,0
2724914,0,0,0
1796613,0,0,0
433659,0,0,0
1806667,411.4071996,0,257.0322415
39485,0,0,0
1891186,0,0,0
2480087,187.0032726,0,0
2975797,0,0,0
568844,0,0,0
2872591,0,0,0
2993455,205.7035998,0,481.9354528
195913,0,0,0
1813468,0,0,0
2572577,0,0,0
538382,0,0,0
2782659,0,0,0
249402,0,0,0
2512240,0,0,0
712150,355.3062179,0,305.2257868
357278,0,0,0
3042315,0,0,0
1077945,0,0,0
446692,0,0,0
2021862,0,0,0
2599297,0,0,0
452627,0,0,0
2903679,0,0,0
2775403,0,0,0
2794089,0,0,0
465797,0,0,0
2527971,0,0,0
668570,0,0,0
123824,205.7035998,0,337.3548169
142,0,0,0
244566,0,0,0
208596,0,0,0
2760083,0,0,0
1249553,0,0,192.7741811
2731756,0,0,0
2136,0,0,0
3040764,205.7035998,515.0536124,0
2975717,0,0,0
3162562,0,0,0
83554,0,0,0
2588534,0,702.3458351,0
1972068,0,0,0
38012,0,0,0
1884263,0,0,0
3018036,0,0,0
1085,0,0,0
34103,0,0,0
648794,0,515.0536124,0
2267521,0,0,0
1635327,504.9088359,0,0
1597781,0,0,0
2268461,0,0,0
2943848,0,0,0
2792008,0,0,0
1709477,0,0,0
2005166,0,0,0
1078471,0,0,0
151528,224.4039271,0,0
536979,0,0,0
1697053,0,0,0
2983842,0,0,0
1715720,280.5049088,0,0
3451555,0,0,0
1236179,0,0,0
3082538,0,0,0
2149,0,0,0
3028878,0,0,0
142877,336.6058906,0,224.9032113
2583532,0,0,0
436,0,0,0
3412683,0,0,0
1071078,0,0,0
127893,0,0,0
356837,0,0,0
551760,0,0,257.0322415
114686,0,0,0
356322,0,0,0
2685834,0,0,0
754477,0,0,0
2921447,0,0,0
3050071,0,0,0
1917441,0,0,0
945,0,0,0
228602,0,0,0
172713,0,0,0
2792603,0,0,0
1070130,224.4039271,0,0
2697033,392.7068724,0,321.2903019
438,0,0,0
3388665,0,0,0
2721173,0,0,0
3415677,0,0,0
1176257,0,0,0
2785331,0,0,0
2145,0,0,0
3025669,0,0,0
2999062,0,0,0
2603277,0,0,0
3345148,0,0,0
2975808,0,0,0
580,0,0,0
3463852,0,0,0
207809,0,0,0
2916802,0,0,0
3071082,0,0,0
3243051,0,0,0
2141,0,0,0
528244,0,0,0
3414510,0,0,0
2697363,243.1042543,0,0
1656159,299.2052361,0,224.9032113
3122075,0,0,0
43770,0,0,0
61648,0,0,0
3242677,0,0,0
3398776,0,0,0
1333996,0,0,0
3449278,0,0,0
146826,0,0,0
2976015,0,0,0
2817411,0,0,0
184917,0,0,0
1814290,187.0032726,0,0
2608247,0,0,0
2606717,0,0,0
2816454,0,0,0
134287,0,0,0
51201,0,0,0
1867834,0,0,0
1859121,0,0,0
93218,0,0,0
2719912,0,0,0
531813,0,0,0
1434072,0,0,0
2954699,0,0,0
46680,0,0,0
74318,0,0,0
58290,0,0,0
72,0,0,0
33050,0,0,0
3133324,0,0,0
626932,299.2052361,0,0
2849865,0,0,0
3239936,0,0,0
1891787,0,0,0
2715209,0,0,0
2912855,0,0,0
251538,0,0,0
933262,0,0,0
29311,0,0,0
2714946,0,0,0
86265,0,0,0
1182444,0,0,0
2921510,0,0,0
875932,0,0,0
102148,0,0,0
3077585,0,0,0
2979861,0,0,0
225999,0,0,0
2708340,448.8078541,0,0
2917725,0,0,0
266,0,0,0
2950604,0,0,0
3233343,205.7035998,0,224.9032113
3231000,187.0032726,0,305.2257868
2602067,0,0,0
328839,0,0,0
1415568,0,0,0
3075825,0,0,0
653931,0,0,0
74829,0,0,0
373543,0,0,0
84156,0,0,0
2736757,0,0,0
67760,0,0,0
2975324,0,0,0
2211140,0,0,0
857252,0,0,0
53501,0,0,0
3239927,0,0,0
879567,0,0,0
169480,0,0,0
2980027,205.7035998,0,0
2956824,0,0,0
2844289,0,0,0
28025,0,0,0
2903891,0,0,0
3081765,0,0,0
1748,0,0,0
2714929,0,0,0
2867024,0,0,0
1678128,0,0,0
81468,0,0,0
75612,0,0,0
296591,0,0,0
1772,0,0,0
3239975,0,0,0
2946699,0,0,0
2607911,0,0,0
2498113,0,0,0
34021,0,0,0
216933,0,0,0
1310,280.5049088,0,0
2599600,0,0,0
1674146,0,0,0
169402,0,0,0
2082949,0,0,0
423605,0,0,0
316279,0,0,0
1435348,0,0,0
2750929,0,0,0
2041385,0,0,0
452529,0,0,0
2975960,0,0,0
61652,0,0,0
223390,0,0,0
3101265,0,0,0
3125785,0,0,0
1586287,0,0,0
2812648,0,0,0
1076588,374.0065451,0,160.6451509
1028989,0,0,0
1855617,0,0,0
1138822,0,0,0
2728023,0,0,176.709666
126157,0,0,0
1850250,0,0,0
1031538,224.4039271,0,0
3412685,0,0,0
3239892,0,0,0
3386552,0,0,0
1291556,0,0,0
3066290,0,0,0
135740,0,0,0
2968969,0,0,0
2234,0,0,0
111831,0,0,0
1529068,0,0,0
1541959,0,0,0
1858609,0,0,0
408139,0,0,0
3138568,0,0,0
901,0,0,0
2597702,0,0,0
146922,0,0,0
515361,0,0,224.9032113
67827,0,0,0
3388653,0,0,0
2708348,785.4137447,0,0
3052000,0,0,160.6451509
1461000,561.0098177,0,0
1416803,0,0,0
192073,0,0,0
1400866,0,0,0
2816248,0,0,0
3394356,0,0,0
73010,0,0,0
1917219,0,0,0
1415574,0,0,0
2746232,0,0,0
2763669,0,0,0
214,0,0,0
2921704,0,0,0
1890,0,0,0
3044187,0,0,0
507626,0,0,0
2268024,0,0,0
47886,0,0,0
3050112,0,0,0
3055847,0,0,0
51161,0,0,0
14,0,0,0
2829502,0,0,0
133453,0,0,0
2592334,0,0,0
85991,243.1042543,0,160.6451509
3116653,0,0,0
1852027,0,0,0
1705399,0,0,0
55508,0,0,0
2840457,0,0,0
83291,0,0,0
2877939,0,0,0
3080532,261.8045816,0,0
2172103,0,0,0
3077589,187.0032726,0,0
2530390,317.9055633,0,305.2257868
2854036,0,0,0
2921420,0,0,0
2675754,0,0,0
86188,486.2085086,0,289.1612717
32013,0,0,0
709810,0,0,0
1871066,0,0,0
2826993,0,0,0
1349409,0,0,0
3230992,0,0,0
1341549,0,0,0
172049,0,0,0
2975902,0,0,0
2603276,0,0,0
589873,0,0,0
2771361,0,0,0
285070,0,0,0
2735528,0,0,0
2770776,0,0,0
2675298,0,0,0
2921714,0,0,0
2894201,0,0,0
68173,0,0,0
1536772,0,0,0
472693,0,0,0
3240046,0,0,0
42881,0,0,0
1902136,0,0,0
43348,0,0,0
133926,0,0,0
3017784,0,0,0
2952158,0,0,0
69967,0,0,0
1408281,0,0,0
1926868,0,0,0
1898955,0,0,0
2991418,0,0,0
436516,0,0,0
3426554,0,0,0
200451,0,0,0
501572,0,0,0
1736675,0,0,0
1549949,729.312763,0,0
2886040,0,0,0
3235088,0,0,0
208602,0,0,0
2953752,0,0,0
2663020,0,0,0
2528020,0,0,0
2705012,0,0,0
2830983,0,0,497.9999679
76629,317.9055633,0,0
2768162,0,0,0
1512,0,0,0
51049,0,0,0
3398393,0,0,0
3396619,0,0,0
1630141,0,0,0
40516,0,0,0
1670800,0,0,0
941907,0,0,0
2066070,0,0,0
2864208,0,0,0
512349,0,0,0
472183,392.7068724,0,0
511435,0,0,0
2565368,0,0,0
2851598,0,0,0
3003393,0,0,0
128574,0,0,0
1615494,0,0,0
3239906,205.7035998,0,0
710191,0,0,0
3152363,0,0,0
82985,0,0,0
35791,0,0,0
2961619,0,0,0
2545632,0,0,0
2897342,0,0,0
2841257,0,0,0
338584,0,0,0
3028735,0,0,0
3082387,0,0,0
1579,0,0,0
1443036,0,0,0
3391614,0,0,0
3430278,0,0,0
3066288,0,0,0
2867025,0,0,0
29471,0,0,0
1306992,0,0,0
1543721,0,0,0
1892855,0,0,0
223818,0,0,0
1907,0,0,257.0322415
1931241,299.2052361,0,240.9677264
2518176,0,0,0
3238801,0,0,0
2162,0,0,0
2975734,0,0,0
40519,0,0,0
2382161,0,0,0
1679497,0,0,0
2500548,0,0,0
2782213,299.2052361,0,0
1636603,0,0,0
2508306,0,0,0
1581011,0,0,0
362837,0,0,0
2726122,430.1075269,0,208.8386962
3239306,0,0,0
2201350,0,0,0
225971,0,0,0
2827233,0,0,0
3080827,0,0,0
2742128,0,0,0
2976237,0,0,0
2604941,205.7035998,0,160.6451509
2650158,0,0,0
342948,0,0,0
27973,0,0,0
3111011,0,0,0
2924031,0,0,0
3367156,0,0,0
3423946,317.9055633,0,0
454171,0,0,0
1177213,0,0,0
2599640,0,0,0
502,0,0,0
46354,430.1075269,0,0
3020899,0,0,0
1872567,0,0,0
3391575,0,0,0
2593655,0,0,0
380749,0,0,0
47763,0,0,0
2954530,0,0,0
3133335,0,0,0
1868589,0,0,0
2697027,0,0,0
147268,187.0032726,0,224.9032113
3133332,0,0,0
2596828,0,0,0
1751071,0,0,0
1079,0,0,0
2742676,0,0,0
2065312,0,0,0
195498,0,0,0
153233,0,0,0
51364,0,0,0
3149229,0,0,0
2734088,0,0,0
420336,0,0,0
33010,261.8045816,0,0
28104,0,0,0
3096000,0,0,0
330922,0,0,0
2493633,0,0,0
3162530,0,0,0
400061,0,0,0
37331,0,0,0
3230993,0,0,0
2954814,0,0,0
153491,0,0,0
42443,0,0,0
1619153,0,0,0
1211807,355.3062179,0,305.2257868
216942,0,0,0
1380685,0,0,160.6451509
3239968,0,0,0
2745519,0,0,0
2759692,0,0,0
2806609,0,0,0
283699,0,0,0
1217274,0,0,0
33962,0,0,0
710111,0,0,0
288004,0,0,0
3066313,0,0,0
3394605,0,0,0
225422,0,0,0
1129264,0,0,0
1603606,0,0,0
424188,0,0,0
3159496,0,0,0
2136182,0,0,0
3092120,0,0,0
2979467,0,0,0
3110110,0,0,0
2507935,0,0,0
2035,0,0,0
1768242,0,0,0
3239940,0,0,0
3028084,0,0,0
556548,0,0,305.2257868
51664,0,0,0
421115,0,0,0
1535768,0,0,0
1727163,0,0,0
2044912,0,0,0
173860,224.4039271,0,0
1408191,0,0,0
2728024,0,0,0
1874826,0,0,0
3239974,0,0,0
3024837,0,0,0
1537242,0,0,0
2736640,0,0,0
2949758,0,0,0
2665646,0,0,0
547987,0,0,0
3134142,654.511454,0,0
3043848,0,0,0
1218495,0,0,0
1777491,0,0,0
2565554,0,0,0
2976241,0,0,0
304378,0,0,0
3068640,0,0,0
1816680,0,0,0
2969308,0,0,0
29401,0,0,0
860235,0,0,0
1263728,0,0,0
3094884,0,0,0
153493,0,0,0
1086632,0,0,0
2202828,0,0,0
38288,0,0,0
3117747,0,0,0
159450,0,0,0
1032623,0,0,0
3036704,0,0,0
68270,0,0,0
2867012,0,0,0
299583,0,0,0
2696560,0,0,0
36814,0,0,0
1981174,0,0,0
1882757,0,0,0
59405,0,0,0
46163,0,0,0
2493672,0,0,0
3050360,0,0,0
2878388,0,0,0
2798861,0,0,0
45056,224.4039271,0,176.709666
3405120,0,0,0
298653,0,0,0
364317,0,0,176.709666
2921707,336.6058906,0,0
536044,0,515.0536124,0
2752316,0,0,0
2997333,0,0,0
3133966,0,0,0
2527972,0,0,0
1156431,0,0,0
2202826,0,0,0
2682456,0,0,0
3074822,0,0,0
216938,0,0,0
664962,0,0,0
1792307,0,0,0
33046,0,0,0
3074437,0,0,0
699433,0,0,0
589436,0,0,0
195105,0,0,0
565,0,0,0
160386,0,0,0
2777577,0,0,0
1470066,0,0,0
938155,0,0,0
1609977,0,0,0
3142977,0,0,0
2838237,0,0,0
387090,0,0,0
2975769,0,0,0
2066133,0,0,0
1033846,0,0,0
3238686,0,0,0
1002672,261.8045816,0,0
446372,0,0,0
35,0,0,0
450734,0,0,0
391290,0,0,0
3132707,0,0,0
3140246,0,0,0
451,0,0,0
971,0,0,0
252966,224.4039271,0,0
3239970,392.7068724,0,0
3398817,0,0,0
437505,0,0,0
1050657,0,0,0
1631871,0,0,0
134602,0,0,0
3079768,0,0,0
3058603,0,0,0
3096993,0,0,0
2954512,0,0,0
2867010,0,0,0
1416627,374.0065451,0,0
2761580,0,0,0
515350,0,0,0
3066275,0,0,0
3035702,0,0,176.709666
2729997,0,0,0
3073066,0,0,0
2921375,0,0,0
751585,0,0,0
1965590,0,0,0
2763540,0,0,0
39490,0,0,0
3096221,0,0,0
2234087,0,0,0
936456,0,0,0
1903258,0,0,0
3116481,0,0,0
3075927,0,0,0
1750719,0,0,0
2654249,0,0,0
1570,0,0,0
2894081,0,0,0
2707005,0,0,0
108015,0,0,0
3239953,0,0,0
296199,0,0,0
3458298,0,0,0
2607656,0,0,0
2587850,0,0,0
2864218,0,0,0
2010829,0,0,0
3373541,261.8045816,0,0
1182263,0,0,0
341220,0,0,0
1294,0,0,0
3075121,0,0,0
261284,0,0,0
231455,0,0,0
3133318,0,0,0
1743168,0,0,0
3391146,0,0,0
3129112,0,0,0
2810563,0,0,0
2922729,0,0,0
1484109,0,0,0
2738886,0,0,0
374982,0,0,0
2520507,0,0,0
2487276,0,0,0
245188,0,0,0
1903276,0,0,0
1379909,0,0,0
2282420,0,0,0
2493674,0,0,0
931074,0,0,0
3366806,0,0,0
502366,0,0,0
1377,0,0,0
2054316,0,0,0
2986949,0,0,0
2842346,0,0,0
1984801,0,0,0
2771012,0,0,0
2607662,0,0,0
32002,0,0,0
1379910,0,0,0
1285901,0,0,0
3031803,0,0,0
1695218,0,0,0
2921411,0,0,0
2662455,0,0,0
53359,0,0,0
65553,0,0,0
3235173,0,0,0
2949997,317.9055633,0,0
522262,0,0,0
3058426,0,0,0
3133288,0,0,0
3074898,205.7035998,0,0
1737425,0,0,0
3068893,0,0,0
2937787,0,0,0
659012,0,0,0
158823,0,0,0
2983232,0,0,0
2716225,0,0,0
524884,0,0,0
169435,0,0,0
290,0,0,0
1904254,0,0,0
3028622,0,0,0
40001,0,0,0
2724191,0,0,0
2571750,0,0,0
310783,0,0,0
1353886,0,0,0
592316,0,0,0
2023866,0,0,0
1758395,0,0,0
656178,0,0,0
32049,0,0,0
2708117,0,0,0
1944646,0,0,0
2841528,0,0,0
3042318,0,0,0
1849581,0,0,0
2879113,0,0,0
3057550,392.7068724,0,176.709666
2856608,374.0065451,0,0
1808001,0,0,0
453162,0,0,0
1076331,0,0,0
2842456,0,0,0
3095609,0,0,0
2903882,0,0,0
83617,0,0,0
3390025,0,0,0
1207504,0,0,0
3069691,0,0,0
2506452,0,0,0
1160784,0,0,0
2865832,0,0,0
2921698,392.7068724,0,0
13769,0,0,289.1612717
211146,0,0,0
323415,0,0,0
2906514,0,0,0
450378,0,0,0
2903668,0,0,0
3062598,0,0,240.9677264
1812112,0,0,0
553151,0,0,0
62099,0,0,0
1408204,187.0032726,0,0
172042,0,0,0
2975961,0,0,0
2903764,0,0,0
1394889,0,0,0
13689,0,0,0
3240383,0,0,0
190146,0,0,0
2041,0,0,0
881260,0,0,0
3121289,0,0,0
2571748,0,0,0
2820278,0,0,0
3133272,0,0,0
2811424,299.2052361,0,0
216964,0,0,0
1074467,0,0,0
913,0,0,0
1534349,0,0,0
3039180,0,0,0
163164,0,0,0
2728020,0,0,0
2080419,0,0,0
3404052,0,0,530.1289981
2766537,0,0,0
1758390,0,0,0
1756993,0,0,0
34038,0,0,0
3139327,0,0,0
45462,0,0,0
1909699,0,0,0
42109,0,0,433.7419075
292461,0,0,0
327277,0,0,0
266951,0,0,0
2732864,0,0,0
2779363,0,0,0
45361,0,0,0
2116657,0,0,0
1538553,0,0,0
31998,0,0,0
53412,0,0,0
1452353,0,0,0
3023936,0,0,0
1400864,0,0,0
2984146,0,0,0
110322,0,0,0
652,0,0,0
356851,0,0,0
2494702,261.8045816,0,240.9677264
3458297,0,0,0
2975735,0,0,0
2259620,0,0,0
2001,0,0,0
150123,0,0,0
88233,0,0,0
2918171,0,0,0
3002436,0,0,0
2991545,0,0,0
2027290,0,0,0
2246,0,0,0
1442554,0,0,0
3402689,0,0,0
2563669,0,0,0
92757,0,0,0
70864,0,0,0
1510570,0,0,0
1764,0,0,0
33936,0,0,0
39768,0,0,0
1007676,0,0,0
3394355,0,0,0
1472417,0,0,0
1746199,0,0,0
86663,0,0,0
3050637,0,0,0
2893471,0,0,0
2600596,0,0,0
3082520,0,0,0
295596,0,0,0
29518,0,0,0
2899133,0,0,0
3374193,392.7068724,0,0
1041159,0,0,0
58344,0,0,0
1353246,0,0,0
1585976,0,0,0
3233341,0,0,0
2878542,0,0,0
2589888,0,0,0
2899123,0,0,0
1447062,0,0,0
2074,0,0,0
3133291,0,0,0
715451,0,0,0
74700,0,0,0
2315729,0,0,0
1911685,0,0,0
54262,0,0,0
2177,0,0,0
1508404,0,0,0
1217908,0,0,0
47858,0,0,0
219572,0,0,0
1398493,0,0,0
349064,0,0,0
370038,0,0,0
3026423,280.5049088,0,224.9032113
207745,0,0,0
586416,187.0032726,0,0
67350,0,0,0
684066,0,0,0
1509244,0,0,0
62140,0,0,0
3061989,0,0,0
1750,0,0,0
1564,243.1042543,0,0
2683590,0,0,0
1476,0,0,0
2903862,0,0,0
190897,0,0,0
3231173,0,0,0
993502,0,0,0
1914471,0,0,0
33932,0,0,0
3384767,0,0,0
196914,0,0,0
246167,0,0,0
72557,0,0,0
321327,0,0,0
82367,0,0,0
2576840,0,0,0
2762729,0,0,0
2817385,0,0,546.1935131
2754044,0,0,0
3133721,0,0,0
47989,0,0,0
3137370,0,0,0
3119830,0,0,0
29510,0,0,0
2653851,0,0,0
2711215,0,0,0
1949085,0,0,0
3066221,0,0,0
402884,0,0,0
2793103,0,0,0
1548548,0,0,0
3374551,0,0,0
2911537,0,0,0
3073143,0,0,0
2975988,0,0,0
1427364,0,0,0
1671721,0,0,0
3160966,0,0,0
1104324,0,0,0
2912268,0,0,0
2898433,0,0,0
310300,0,0,0
277988,0,0,0
1450,0,0,0
3125784,0,0,0
2903872,0,0,0
3459121,0,0,0
2527989,0,0,0
2135430,0,0,0
2867023,0,0,0
1316444,0,0,0
99807,0,0,0
1949083,0,0,0
3137368,0,0,0
1516159,0,0,0
2502781,0,0,0
2871826,0,0,0
1945634,0,0,0
3241167,0,0,0
1738770,0,0,0
3074855,0,0,0
2976809,0,0,0
3066276,243.1042543,0,0
1389713,0,0,0
47835,0,0,0
2775081,0,0,0
3161974,0,0,0
2976005,0,0,0
2749077,0,0,0
1882747,0,0,0
48003,0,0,0
1883414,0,0,0
3243375,0,0,0
33070,0,0,0
2576919,0,0,0
1967501,0,0,0
68214,0,0,0
103232,0,0,0
3239897,0,0,0
1785995,0,0,0
3058374,0,0,0
3077956,0,0,0
2675776,0,0,0
3114359,299.2052361,0,0
2077182,0,0,0
261292,0,0,0
2768069,0,0,0
1921565,0,0,0
1214604,0,0,0
2749040,0,0,0
116085,0,0,0
1481665,0,0,0
2736875,0,0,0
3388426,0,0,0
3075616,0,0,0
3240787,0,0,0
680247,0,0,0
3031330,0,0,0
194424,224.4039271,0,0
2811482,0,0,0
3377108,0,0,0
1432792,0,0,0
56460,0,0,0
2861283,0,0,289.1612717
1791,0,0,0
497727,0,0,0
2815343,0,0,0
265426,0,0,0
3242679,0,0,0
252130,0,0,0
405559,0,0,0
3015154,0,0,0
114616,0,0,0
2527980,0,0,0
1330330,0,0,0
2980099,0,0,0
2954547,0,0,0
119484,0,0,0
3449740,0,0,0
285665,0,0,0
114883,0,0,0
75697,0,0,289.1612717
1435036,0,0,0
2982531,0,0,0
1552759,0,0,0
2653200,0,0,0
1277351,0,0,0
256701,0,0,0
485,0,0,0
1149953,0,0,0
2066483,0,0,0
3151850,0,0,0
2570229,0,0,0
1986146,0,0,176.709666
2809020,280.5049088,0,0
3243033,0,0,0
455364,0,0,0
1593482,0,0,0
2768066,0,0,0
2755385,0,0,0
2890317,374.0065451,0,0
471189,0,0,0
2921709,0,0,0
3234199,0,0,0
2932251,0,0,0
576131,0,0,0
2903595,0,0,0
2718938,0,0,160.6451509
571124,0,0,0
556288,0,0,0
2870346,0,0,0
2768161,0,0,0
3033390,0,0,0
2183911,0,0,0
1050655,0,0,0
2065379,0,0,0
152335,0,0,0
535744,0,0,514.064483
3041766,0,0,0
2528027,0,0,0
2907154,0,0,0
573569,0,0,0
121616,0,0,0
2867231,0,0,0
3133696,0,0,0
1920883,0,0,0
348826,0,0,0
2938695,0,0,0
2950874,0,0,0
1092,0,0,0
652764,0,0,0
2003315,0,0,0
2954056,0,0,0
2605945,0,0,0
2923279,0,0,0
675864,0,0,0
168695,0,0,0
2749994,0,0,0
340268,0,0,0
3421650,0,0,0
2834459,0,0,0
762,0,0,0
2915130,0,0,0
2719987,0,0,0
2921658,0,0,0
2967302,0,0,0
3402862,355.3062179,0,0
1936003,0,0,0
215591,0,0,0
2906062,0,0,0
2997354,0,0,0
1276,0,0,0
3374192,0,0,0
2773709,0,0,0
193,0,0,0
3031993,0,0,0
158877,0,0,0
2954507,0,0,0
3064277,0,0,0
2903789,0,0,0
2975947,0,0,0
2033,0,0,0
334852,0,0,0
309806,0,0,0
2972485,0,0,0
252307,0,0,0
2743090,0,0,0
218822,0,0,0
639313,0,0,0
1933912,0,0,0
3230301,0,0,0
1760988,0,0,0
2586909,0,0,0
2011159,0,0,0
2038343,0,0,0
1699624,0,0,0
50718,0,0,0
3243076,0,0,0
2144175,0,0,0
3416808,0,0,0
745369,224.4039271,0,0
251699,0,0,0
2843215,0,0,0
1981880,0,0,0
1385663,0,0,0
2782176,0,0,0
712623,0,0,0
3230736,0,0,0
1312741,0,0,0
624186,0,0,0
3377707,0,0,0
1497681,0,0,0
2744522,0,0,0
2025949,0,0,0
95301,0,0,0
2791037,0,0,0
2698682,0,0,0
2282397,0,0,0
2927975,0,0,0
2933293,187.0032726,0,192.7741811
12917,0,0,0
2975730,0,0,0
328814,0,0,0
2748316,0,0,0
395599,0,0,0
2975776,0,0,0
2829809,0,0,0
1881061,0,0,0
2933797,0,0,0
2604421,0,0,0
1855519,0,0,0
3403152,0,0,0
2590551,0,0,0
1901,0,0,0
3435889,0,0,0
3427931,0,0,0
3398208,0,0,0
3239972,0,0,0
83558,0,0,240.9677264
354351,0,0,0
221341,0,0,0
2202825,0,0,0
2546350,0,0,0
3035471,0,0,0
2420306,0,0,0
1851148,0,0,0
2979870,0,0,0
314282,0,0,0
2921417,0,0,0
331696,0,0,0
2027405,0,0,0
1749,0,0,0
45610,0,0,0
1796635,0,0,0
1763998,0,0,0
2975641,0,0,0
3447509,0,0,0
3239922,0,0,0
2931390,0,0,0
2806348,0,0,0
2569862,0,0,0
2681986,0,0,0
3230972,299.2052361,0,208.8386962
204891,0,0,0
2761579,0,0,0
2940297,0,0,0
1260955,0,0,0
2975705,0,0,0
2954659,0,0,0
1979950,0,0,0
2320270,0,0,0
2857058,0,0,0
505,0,0,0
3458296,0,0,0
2594495,0,0,0
51288,0,0,0
3061240,0,0,0
1784719,0,0,0
2952228,0,0,0
33910,0,0,0
151416,0,0,0
74313,0,0,0
7,0,0,0
222136,0,0,0
2751176,0,0,0
3416654,0,0,0
2600177,0,0,0
1511761,0,0,0
2961599,0,0,0
2932184,0,0,0
3028805,0,0,0
1108,0,0,0
3108485,0,0,0
1441386,0,0,0
1368430,0,0,0
2992143,0,0,0
1105380,0,0,0
221126,0,0,0
2903881,0,0,0
3126690,0,0,0
1442555,0,0,0
3136736,0,0,0
662858,0,0,0
3125779,0,0,0
2718,0,0,0
3391839,0,0,0
556,0,0,0
598660,0,0,0
2878391,0,0,0
296745,0,0,0
3366266,0,0,0
2094,0,0,0
2518605,0,0,0
1690221,0,0,0
2692624,0,0,0
463014,0,0,0
3121288,0,0,0
2583377,0,0,0
206403,0,0,0
1517551,0,0,0
2792015,0,0,0
29360,0,0,0
3392115,0,0,0
1526658,0,0,0
1609559,0,0,0
2735868,0,0,0
2818390,0,0,0
2654190,0,0,0
2903584,0,0,0
2587842,0,0,0
361277,0,0,0
2769486,0,0,0
13688,0,0,0
3243765,0,0,0
2447890,0,0,0
2762277,0,0,0
3416058,0,0,0
2559804,0,0,0
2502791,0,0,0
55602,0,0,0
163604,0,0,0
2822138,0,0,0
2940300,0,0,0
1768011,0,0,0
2738142,0,0,0
3450237,0,0,481.9354528
2182384,224.4039271,0,0
2697019,0,0,0
3422216,0,0,0
2892996,0,0,0
3111921,374.0065451,0,0
2692802,0,0,0
2217832,0,0,0
2774693,0,0,0
313590,0,0,0
376175,0,0,0
33968,0,0,0
3398205,0,0,0
234827,0,0,0
53953,0,0,0
3115295,0,0,0
95641,0,0,0
407020,0,0,0
2949635,0,0,0
3242491,0,0,0
3242492,0,0,0
2987701,0,0,0
1053,243.1042543,0,0
3003617,355.3062179,0,0
2675523,0,0,0
311231,0,0,0
2133944,0,0,0
2692330,0,0,0
568768,0,0,0
3445780,0,0,0
3341726,0,0,0
2779361,0,0,0
3073270,0,0,0
324078,0,0,0
105219,0,0,0
3079555,0,0,0
2497861,0,0,0
3416711,0,0,289.1612717
2033869,0,0,0
2584467,0,0,0
3394359,0,0,0
129921,0,0,0
3070814,0,0,0
1259973,0,0,0
864069,0,0,0
19,280.5049088,0,176.709666
3367288,0,0,0
199592,0,0,0
2974552,0,0,0
1852390,0,0,0
3066216,0,0,0
3133331,0,0,0
244787,0,0,176.709666
2054,0,0,0
1096,0,0,0
101192,0,0,0
1915,0,0,0
2742131,0,0,0
2904122,0,0,0
1618207,0,0,0
159612,0,0,0
189540,0,0,0
921,0,0,0
69539,0,0,0
2499213,0,0,0
75906,0,0,0
2584466,0,0,0
2762563,0,0,0
3400908,0,0,0
65555,0,0,0
1516059,0,0,0
111769,0,0,337.3548169
656,0,0,0
2109913,0,0,0
2561924,355.3062179,0,0
3051171,0,0,0
233181,0,0,0
255984,0,0,0
134,0,0,0
3421645,0,0,0
2598453,0,0,0
3447454,0,0,0
35554,0,0,0
3156489,0,0,0
453230,0,0,0
1203471,0,0,0
3054939,0,0,0
658629,0,0,0
2265,0,0,0
103817,0,0,0
3028312,0,0,0
3016090,0,0,0
486,0,0,0
2419772,0,0,0
3038077,0,0,0
126569,0,0,0
472834,0,0,0
3111414,0,0,0
990078,0,0,176.709666
1150371,0,0,0
2984322,0,0,0
2203724,0,0,0
1763883,0,0,0
2925411,0,0,0
2589974,0,0,0
92945,0,0,0
1545728,0,0,0
3133287,0,0,0
2903571,0,0,0
824,0,0,0
3430798,0,0,0
273677,0,0,0
221352,0,0,0
2802975,0,0,0
35799,0,0,0
1575,0,0,0
2903563,0,0,0
3088362,205.7035998,0,0
2750011,0,0,0
3156396,0,0,0
53399,0,0,0
2681547,0,0,0
2072413,0,0,0
2339259,0,0,0
2100729,0,0,0
651143,0,0,0
2071621,0,0,0
2547600,0,0,0
83171,0,0,0
3367691,0,0,0
3438963,0,0,0
1179767,0,0,0
3056445,205.7035998,0,0
1805827,0,0,0
3349635,0,0,0
1881017,0,0,0
3060697,0,0,0
97478,0,0,0
3376687,0,0,0
1209220,0,0,0
3038653,0,0,0
60480,0,0,0
2976459,0,0,0
128944,0,0,0
1873716,0,0,0
2945587,0,0,0
2162713,0,0,0
1594731,0,0,208.8386962
3065955,0,0,0
3068305,0,0,0
2819280,0,0,0
2742145,0,0,0
3403077,0,0,0
3039156,0,0,0
3069264,0,0,0
356852,0,0,0
2588449,0,0,0
3065298,0,0,0
2921636,0,0,0
266809,0,0,0
108150,0,0,0
3436240,0,0,0
2817392,0,0,0
1564681,0,0,0
1881069,0,0,0
1386941,542.3094904,0,0
84110,0,0,0
1333528,0,0,0
2879846,299.2052361,0,0
3077937,0,0,0
2176,0,0,0
393921,224.4039271,0,160.6451509
894,0,0,0
205844,0,0,0
2865838,0,0,0
2656760,0,0,0
2741301,0,0,0
2015348,0,0,0
451514,0,0,0
2487074,0,0,0
265959,0,0,0
444444,0,0,0
3003601,0,0,0
157691,0,0,0
1829,0,0,0
246786,0,0,0
2923363,0,0,0
2840468,0,0,0
3046593,0,0,0
1962908,0,0,0
41202,299.2052361,0,0
1442136,0,0,0
2571746,0,0,0
53362,0,0,0
2518370,0,0,0
251535,0,0,0
2499145,0,0,0
2587854,0,0,0
64002,0,0,0
2975942,0,0,0
2762322,0,0,0
2592653,0,0,0
2591633,0,0,0
480035,0,0,0
949,0,0,0
3239388,0,0,0
2898441,0,0,0
3125786,0,0,0
2678688,0,0,0
3243395,0,0,0
1531429,0,0,0
1896164,187.0032726,0,0
155866,0,0,0
3071408,0,0,0
3114300,0,0,0
2494234,0,0,0
3135646,0,0,0
454154,0,0,0
3018929,0,0,0
2981137,0,0,0
1437009,0,0,0
1034015,0,0,0
1927,0,0,0
31899,0,0,0
984307,0,0,0
2975842,0,0,0
83627,0,0,0
3029055,0,0,0
1458307,0,0,0
2913616,0,0,0
399025,0,0,0
1295,0,0,0
45851,0,0,0
1136497,0,0,0
2651972,336.6058906,0,0
293958,0,0,208.8386962
3082533,0,0,0
434009,0,0,0
1605838,0,0,0
3421658,0,0,0
1718,0,0,0
299152,0,0,0
2020716,280.5049088,0,0
74326,0,0,0
1796646,0,0,0
3070220,0,0,0
2652721,0,0,0
319017,0,0,0
1963025,0,0,0
35755,0,0,0
3100113,0,0,0
2709396,0,0,240.9677264
3012344,0,0,0
321332,0,0,0
2865112,0,0,0
1505597,0,0,0
2163644,0,0,0
2072590,0,0,0
2837956,0,0,0
1349819,0,0,0
2921399,0,0,0
3025671,0,0,0
374432,0,0,0
2775404,0,0,0
2732487,0,0,0
3160989,0,0,0
2760307,0,0,0
35818,0,0,0
2107709,0,0,0
3004092,0,0,0
871742,0,0,0
244596,0,0,0
1897729,0,0,0
3046670,0,0,0
170673,0,0,0
1922669,0,0,0
3392036,0,0,0
2660641,0,0,0
2846075,0,0,0
3031919,0,0,0
2698679,0,0,0
2933959,0,0,0
3414739,0,0,0
2829816,0,0,0
3374187,0,0,0
3054208,0,0,0
3367513,0,0,0
2378,0,0,0
1888195,0,0,0
2728021,0,0,0
1510225,0,0,0
3020843,0,0,0
588932,0,0,0
2045451,0,0,0
2921699,0,0,0
1069220,0,0,385.5483622
1868794,224.4039271,0,0
3072978,0,0,0
1945662,0,0,0
3034024,0,0,0
1851544,0,0,0
2763008,0,0,0
551989,0,0,0
2975921,0,0,0
341027,0,0,0
988779,0,0,0
2561898,0,0,0
3242680,0,0,0
2029849,0,0,0
1374,0,0,0
1971364,0,0,0
1794699,0,0,0
1537400,0,0,0
3093922,205.7035998,0,0
418719,0,0,0
158627,0,0,0
3080019,0,0,0
2806346,0,0,0
2582905,0,0,0
2285,0,0,0
3161137,0,0,0
2565782,0,0,0
2880008,0,0,0
34061,0,0,0
879,0,0,0
847,0,0,0
3079766,0,0,0
480,0,0,0
2920380,0,0,0
254247,0,0,0
546874,0,0,0
2762591,0,0,0
2742624,261.8045816,0,0
53419,0,0,0
353,0,0,0
3028804,0,0,0
1923130,0,0,0
614,0,0,0
1933220,0,0,0
1674923,0,0,0
194963,0,0,0
2898796,0,0,0
2903767,224.4039271,0,0
2749962,0,0,0
2976812,0,0,0
2829500,0,0,0
3239973,0,0,0
3141543,0,0,0
3027796,0,0,0
3242369,0,0,0
56438,0,0,0
282402,0,0,0
2975049,0,0,0
1410383,299.2052361,0,0
3414030,0,0,0
2894310,0,0,0
33072,0,0,0
406020,0,0,0
231439,0,0,0
3043441,0,0,0
2527982,0,0,0
2969621,0,0,0
271881,0,0,0
2734211,0,0,0
2903788,0,0,0
114090,0,0,0
212765,0,0,0
2684405,0,0,0
556054,0,0,0
3239893,0,0,0
2766982,0,0,192.7741811
702115,0,0,0
2682968,0,0,0
632569,0,0,0
665913,0,0,0
3136731,0,0,0
2855441,0,0,0
1353136,0,0,0
87458,0,0,0
3104321,0,0,0
103810,0,0,0
1178537,0,0,0
3026424,0,0,0
2728853,0,0,0
60894,0,0,0
2742136,0,0,0
1138190,0,0,0
2893881,0,0,0
3149231,0,0,0
2918765,0,0,0
3427599,0,0,0
2983214,0,0,0
3028314,0,0,0
3141539,0,0,0
85401,392.7068724,0,0
2903896,0,0,0
285091,0,0,0
583357,0,0,0
3421432,0,0,0
930802,0,0,0
381751,0,0,0
104628,0,0,0
1942,0,0,0
3019602,0,0,0
3039389,0,0,0
1458716,0,0,0
2694929,0,0,0
2913621,0,0,0
994692,0,0,0
2587856,0,0,0
631220,0,0,0
1592790,0,0,0
3036374,0,0,0
3115294,0,0,0
1811807,0,0,0
3116654,0,0,0
2986767,0,0,0
28448,0,0,0
1457365,0,0,0
1379870,0,0,0
1858,0,0,0
2943497,0,0,0
398,0,0,0
2954585,0,0,0
1287640,0,0,0
2846777,0,0,0
3398357,0,0,0
3388337,0,0,0
3122079,0,0,0
2698673,0,0,0
1634516,0,0,0
41977,0,0,0
3111456,0,0,0
340145,0,0,0
3065910,0,0,0
2113,0,0,0
2795216,0,0,0
160799,0,0,0
521,0,0,0
2920387,0,0,0
2866570,0,0,0
1763535,0,0,0
119,0,0,0
1302376,0,0,0
1799667,0,0,0
2860286,0,0,0
2689110,0,0,0
3082549,0,0,0
2714358,0,0,0
2719911,0,0,0
870903,0,0,0
2028343,0,0,0
1176240,0,0,0
664426,0,0,0
3393757,0,0,0
2203204,0,0,0
2107713,0,0,0
28084,0,0,0
2769024,0,0,0
2902624,0,0,0
2742204,0,0,0
2804529,0,0,0
43357,0,0,0
102886,0,0,0
1774,0,0,0
1758689,0,0,0
2743001,0,0,0
2665643,0,0,0
1032851,0,0,0
941986,0,0,0
3036300,0,0,0
1564165,0,0,0
99653,0,0,0
36821,0,0,0
412689,0,0,0
2825844,0,0,0
2082387,0,0,0
327160,0,0,0
1538,0,0,0
3388845,0,0,0
1940612,0,0,0
33043,0,0,0
470932,0,0,0
2903828,0,0,0
2565558,0,0,289.1612717
2758041,0,0,0
1030157,0,0,0
42253,0,0,0
212767,0,0,0
1796644,0,0,0
46632,0,0,0
487184,0,0,0
1148157,0,0,0
415217,0,0,0
3425693,0,0,0
2929492,0,0,0
1528104,0,0,0
787,0,0,0
1985873,0,0,0
3133300,0,0,0
76115,0,0,0
2496028,0,0,0
2048283,0,0,0
2774767,0,0,0
3400182,0,0,0
702113,0,0,0
1295612,0,0,0
318424,0,0,0
2754726,0,0,0
1312183,0,0,0
3050384,0,0,0
47871,0,0,0
461393,0,0,0
2495579,0,0,0
2707525,0,0,0
1855352,0,0,0
2656761,0,0,0
39775,0,0,0
60035,0,0,0
379684,0,0,0
3004096,0,0,0
2934158,243.1042543,0,0
161493,0,0,0
2675225,0,0,0
1842534,0,0,0
248551,0,0,0
95300,243.1042543,0,0
2830842,0,0,0
570278,0,0,0
2174846,0,0,0
3374553,0,0,0
164330,0,0,0
375549,0,0,0
2175650,0,0,0
2908650,0,0,0
2609257,0,0,0
2903818,0,0,0
1680,0,0,0
2921653,0,0,0
508451,0,0,0
2069367,0,0,0
2161673,0,0,0
3082543,0,0,0
1855652,0,0,0
1335043,0,0,0
92400,0,0,0
131111,0,0,0
2994971,0,0,0
3395318,0,0,0
28124,0,0,0
2259340,0,0,0
1716143,0,0,0
463040,0,0,0
781,0,0,0
218673,0,0,0
2745495,0,0,0
336203,0,0,0
2606450,0,0,0
1177211,0,0,0
3413147,0,0,0
3068314,0,0,0
2811778,0,0,0
435905,0,0,0
53376,0,0,0
1678078,0,0,0
2560628,0,0,0
1411621,0,0,0
2903874,0,0,0
394733,0,0,257.0322415
1451454,0,0,0
2976834,0,0,0
3066312,0,0,0
3394354,0,0,0
2861800,0,0,0
3045147,0,0,0
2128,0,0,0
3079339,0,0,0
1796606,0,0,0
2814293,0,0,0
86185,0,0,0
2975620,0,0,0
47850,0,0,0
2070777,0,0,0
124798,0,0,0
3036926,0,0,0
3427924,0,0,0
857417,0,0,0
2787751,0,0,0
524,0,0,0
863643,0,0,0
2765360,243.1042543,0,0
28258,0,0,0
1261,0,0,0
2995154,355.3062179,0,0
2903787,0,0,0
2714942,0,0,0
2203,0,0,0
79601,0,0,0
2315464,0,0,0
1814,0,0,0
2518371,0,0,0
3066260,0,0,0
2598861,0,0,0
2598458,0,0,0
3080537,0,0,0
2872652,0,0,0
1240404,0,0,0
1069,0,0,0
3439530,0,0,0
33051,0,0,0
1075,0,0,0
491893,0,0,0
662548,0,0,0
483547,0,0,0
1921510,0,0,0
117157,0,0,0
47421,0,0,0
298,0,0,0
148447,0,0,0
1799,0,0,0
2975952,0,0,0
2060726,0,0,0
3416666,0,0,0
2980100,0,0,0
241244,0,0,0
29546,0,0,208.8386962
216944,0,0,0
1921086,0,0,0
324057,0,0,0
1795043,0,0,0
2814294,0,0,0
60548,317.9055633,0,0
135719,0,0,0
1302411,0,0,0
2898431,0,0,0
134601,0,0,0
3376990,0,0,0
1184387,0,0,0
3052729,0,0,0
3421652,0,0,0
1813595,0,0,0
1926494,0,0,0
456,0,0,0
2975671,0,0,0
2686360,0,0,0
199591,0,0,0
869886,0,0,0
431057,0,0,0
473531,187.0032726,0,0
347534,0,0,0
2878098,0,0,0
119864,0,0,0
1933880,0,0,0
1801629,261.8045816,0,0
1497974,0,0,0
813,0,0,0
370622,0,0,0
74706,0,0,0
1528099,0,0,0
2797636,0,0,0
82995,0,0,0
2908837,0,0,0
2975948,0,0,0
55213,0,0,0
340345,0,0,0
86332,0,0,0
2355,0,0,0
2582831,0,0,0
2219043,0,0,0
1920749,0,0,0
104087,0,0,0
2774461,0,0,0
3238802,0,0,0
3393744,0,0,0
43774,0,0,0
1765967,0,0,0
106634,0,0,0
867595,0,0,0
3080828,0,0,0
912630,0,0,0
104102,0,0,0
1985254,0,0,0
1525,0,0,208.8386962
1632018,187.0032726,0,0
2905871,0,0,0
1149133,0,0,0
120107,0,0,0
1957,0,0,0
147709,0,0,0
2903867,0,0,0
3081749,0,0,0
2903833,0,0,0
1488356,0,0,0
2283195,0,0,0
3421643,0,0,0
2730848,0,0,0
3422304,0,0,0
57704,0,0,0
2589967,0,0,0
39765,0,0,289.1612717
2918900,0,0,0
2937985,0,0,0
146827,0,0,0
118062,0,0,0
2742675,0,0,0
1703,0,0,0
1800,0,0,0
2931382,0,0,0
1697043,0,0,0
1775,0,0,0
1355015,0,0,0
1678129,0,0,0
3160863,0,0,0
2861285,0,0,0
1038856,0,0,0
2966192,317.9055633,0,0
3055805,0,0,0
3234198,0,0,0
2064,0,0,0
40567,0,0,0
2975967,0,0,0
3135776,0,0,0
248315,0,0,0
192843,0,0,0
3144973,0,0,0
2770636,0,0,0
33056,0,0,0
2493680,0,0,0
2898438,0,0,0
69395,0,0,0
2596915,0,0,0
164514,0,0,0
2303,0,0,0
2093824,0,0,0
217204,0,0,0
94138,0,0,0
3055080,0,0,0
3111767,0,0,0
2975995,0,0,240.9677264
1987356,0,0,0
2684406,0,0,0
2780922,0,0,0
487174,280.5049088,0,0
3403464,0,0,0
683737,0,0,0
83450,0,0,0
2819999,0,0,0
2970925,0,0,0
293050,0,0,0
3066287,0,0,0
2589976,0,0,0
1550241,0,0,0
2781734,0,0,0
36863,0,0,0
3064531,0,0,0
2590869,0,0,0
3239977,0,0,0
1231,0,0,0
3457765,0,0,0
1032242,0,0,0
2956679,0,0,0
1486262,0,0,0
69665,0,0,0
2061,0,0,0
60478,0,0,0
82989,0,0,0
2973976,0,0,0
1081631,0,0,0
460384,0,0,0
1082704,0,0,0
1225128,0,0,0
3289775,0,0,0
2921645,0,0,0
2983208,0,0,0
655015,0,0,0
1921087,243.1042543,0,0
1327635,0,0,0
1967,0,0,0
754515,0,0,0
1708,0,0,0
3092156,0,0,0
2662362,0,0,0
3425125,0,0,0
1708783,0,0,0
152142,0,0,0
2591108,0,0,0
1743165,0,0,0
262209,0,0,0
3066262,0,0,0
2571115,0,0,0
2975968,0,0,0
39778,0,0,0
2712698,0,0,0
2509456,0,0,0
2099789,0,0,0
1655,0,0,0
3243379,0,0,0
2785918,0,0,0
1572644,0,0,0
2759526,0,0,0
715472,0,0,0
2508882,0,0,0
292800,0,0,0
1604004,0,0,0
2800818,0,0,0
1978566,0,0,0
2801030,0,0,0
74426,0,0,0
2986763,0,0,0
2152891,0,0,0
2878390,0,0,0
3070995,0,0,0
3398215,0,0,401.6128773
3015997,0,0,0
3448125,0,0,0
3127639,0,0,0
2946555,0,0,0
1912599,0,0,0
1805714,0,0,0
1285192,0,0,0
2732591,0,0,0
3073561,205.7035998,0,0
139021,0,0,0
3067903,0,0,0
35760,0,0,0
512749,0,0,0
3015161,0,0,0
1293412,0,0,0
3095364,0,0,0
2996826,0,0,0
3398770,0,0,0
3243004,0,0,0
3133325,0,0,0
3028294,0,0,0
29554,0,0,0
3410269,0,0,0
3377110,0,0,0
3066133,0,0,0
3160606,0,0,0
2588299,0,0,0
140,0,0,0
2862866,0,0,0
310581,0,0,0
2815309,0,0,0
3134807,0,0,0
2741953,0,0,0
2987688,0,0,0
2903572,0,0,0
136992,0,0,0
400946,374.0065451,0,0
3434465,0,0,369.4838471
2975957,0,0,0
2518994,0,0,0
3378073,0,0,0
48935,0,0,0
215580,0,0,0
1184151,0,0,0
2904790,0,0,0
3078805,0,0,0
2774646,0,0,0
716925,0,0,0
2896849,0,0,0
2722756,0,0,0
2242,224.4039271,0,192.7741811
2183582,0,0,0
1889013,0,0,0
2851567,0,0,0
1798224,0,0,0
1808979,0,0,0
2560286,0,0,0
3035472,0,0,0
604330,0,0,0
3229854,0,0,0
1335757,0,0,240.9677264
3143936,0,0,0
1871050,0,0,0
1896961,0,0,0
1630693,0,0,0
149017,0,0,0
321661,0,0,0
2746233,0,0,0
2840456,0,0,0
51197,0,0,0
1307763,0,0,0
3388267,0,0,0
54736,0,0,176.709666
3003618,0,0,0
3060381,0,0,0
35841,0,0,0
56812,0,0,0
866790,0,0,0
1690815,0,0,0
417203,0,0,0
334543,0,0,0
28113,0,0,0
2843216,0,0,0
2944810,0,0,0
2277,0,0,0
37332,0,0,0
3158365,0,0,0
2703794,0,0,0
3060432,0,0,0
29442,0,0,0
431306,392.7068724,0,0
163359,0,0,0
2283,0,0,0
1472416,0,0,0
34071,0,0,0
3239967,0,0,0
712624,0,0,0
3140649,0,0,0
3127640,0,0,0
3240052,0,0,0
457921,0,0,0
52226,0,0,0
297,0,0,0
1796,0,0,0
3058963,0,0,0
319501,0,0,0
2903774,0,0,0
65058,0,0,0
1541170,0,0,0
65656,0,0,0
424800,0,0,0
1433403,0,0,0
53462,0,0,0
3133975,0,0,0
1773,0,0,0
35833,0,0,0
3040509,0,0,0
407035,0,0,0
1249552,0,0,0
2777556,0,0,0
394964,0,0,0
301301,0,0,0
3017325,0,0,0
2954701,0,0,0
138336,0,0,0
2527775,0,0,0
47834,0,0,0
53358,0,0,0
1118379,0,0,0
3239948,0,0,0
33938,0,0,0
3032592,0,0,0
3423910,0,0,0
2778058,0,0,0
2703788,0,0,0
2213202,0,0,0
3239942,0,0,0
3093869,0,0,0
3141545,0,0,0
373687,0,0,0
355243,0,0,0
93222,0,0,0
2904120,0,0,0
309868,0,0,0
2849641,355.3062179,0,0
3018446,0,0,0
28202,0,0,0
2238,0,0,0
1701758,0,0,0
3133311,0,0,0
2975719,0,0,0
3230974,243.1042543,0,0
3385968,0,0,0
28114,0,0,0
2118,0,0,0
522259,0,0,192.7741811
493781,0,0,0
3230117,0,0,0
2082188,0,0,0
365617,0,0,0
2903718,0,0,0
3049084,0,0,0
3415141,0,0,0
1532905,0,0,0
2921550,0,0,0
1261635,0,0,0
715473,0,0,0
2886377,0,0,0
2843793,0,0,0
2994035,0,0,0
110319,0,0,0
3132797,0,0,0
3080057,0,0,0
463025,0,0,0
66425,0,0,0
2500532,0,0,0
3448126,0,0,0
3066252,0,0,0
2706126,0,0,0
571915,0,0,0
2772254,0,0,0
3128980,0,0,0
226910,0,0,0
37927,0,0,0
2483798,0,0,0
2807626,0,0,0
68217,0,0,0
2903673,0,0,0
2029986,0,0,0
2995169,0,0,0
1648404,0,0,0
2025808,0,0,0
3384771,0,0,0
29543,0,0,0
3231719,0,0,0
3068633,0,0,0
2708082,0,0,0
89093,0,0,176.709666
1850374,0,0,0
980427,0,0,0
2853432,0,0,0
51362,0,0,0
3062169,0,0,0
2801918,0,0,0
2025360,0,0,0
1805478,0,0,0
3066279,0,0,0
2859228,0,0,0
1703969,0,0,0
48664,0,0,0
2835787,0,0,0
1288121,0,0,0
84599,0,0,0
3144168,0,0,0
59505,0,0,0
755175,0,0,0
3458546,0,0,0
61635,0,0,0
2799326,0,0,0
2779352,0,0,0
3066267,0,0,0
3342097,0,0,0
3240053,0,0,0
1691904,0,0,176.709666
3350166,0,0,0
943830,0,0,0
44933,0,0,0
3068632,0,0,0
2993563,0,0,257.0322415
2893469,0,0,0
2975982,0,0,0
203,0,0,0
3041439,0,0,0
2921383,0,0,0
2923364,0,0,0
2953978,0,0,0
1612150,0,0,0
1827300,0,0,0
2053832,0,0,0
85683,0,0,0
2528642,0,0,0
2587861,0,0,0
68892,0,0,0
2925830,0,0,0
111504,0,0,0
2566013,0,0,0
1719,0,0,0
2675791,0,0,0
3367525,0,0,0
2976810,0,0,0
2758442,0,0,0
1503053,0,0,0
3160608,0,0,0
1821621,0,0,0
3077590,0,0,0
187137,0,0,0
3409857,0,0,0
388459,0,0,0
2715678,0,0,0
2834819,0,0,0
2975984,0,0,0
2594795,0,0,0
444103,0,0,0
2580412,0,0,0
2792979,0,0,0
1682113,0,0,0
43663,0,0,0
164452,0,0,0
3433706,0,0,0
1434100,0,0,0
3131927,0,0,0
2714930,0,0,0
285578,0,0,0
2583823,0,0,0
488546,0,0,0
2760089,0,0,0
2742129,0,0,0
2975623,0,0,0
2601668,0,0,0
67825,0,0,0
3076039,0,0,0
2732067,0,0,0
3077335,0,0,0
2766470,0,0,0
89053,0,0,0
2843197,0,0,0
1777866,0,0,0
3015996,0,0,0
2975684,0,0,0
2775909,0,0,0
2697565,0,0,0
3132291,0,0,0
3039155,0,0,0
2903806,0,0,0
3031408,0,0,0
1843368,0,0,0
3051119,0,0,0
1446467,0,0,0
131080,0,0,0
341045,0,0,0
2606626,0,0,0
35621,0,0,0
1337,0,0,0
2903883,0,0,0
2921495,0,0,0
1463158,0,0,0
2592345,0,0,0
3022126,0,0,0
2903817,0,0,0
3400627,0,0,0
71999,0,0,0
283811,0,0,0
1084719,0,0,0
2690837,0,0,0
3454626,0,0,0
3349877,0,0,0
1885,0,0,0
1357916,0,0,0
1118202,0,0,0
483,0,0,0
1853130,0,0,0
3144843,0,0,0
1888,0,0,0
3231906,0,0,0
2903641,0,0,0
1125847,0,0,0
164451,0,0,0
2975969,0,0,0
69218,0,0,0
2500533,0,0,0
3066292,0,0,0
2796169,0,0,0
582419,0,0,0
3230991,336.6058906,0,0
1916956,0,0,0
149715,0,0,0
2962065,0,0,0
659352,0,0,0
2991051,0,0,0
1932662,0,0,0
72000,0,0,0
3126698,0,0,0
1813879,0,0,0
641148,0,0,0
1345117,0,0,0
2733866,0,0,0
2921657,0,0,0
2801029,0,0,0
3421106,0,0,0
3026426,0,0,0
2735870,0,0,0
3141537,0,0,0
2583243,0,0,0
708113,0,0,0
2483402,0,0,0
2072412,374.0065451,0,0
445709,0,0,0
1694,0,0,0
2699430,0,0,0
112002,0,0,0
39664,0,0,0
2183934,0,0,0
71667,0,0,0
3402289,0,0,0
1536769,0,0,0
595468,0,0,0
712528,0,0,0
1882831,0,0,0
2921631,0,0,0
1656,0,0,0
28214,0,0,0
3133974,0,0,0
1758189,0,0,0
189426,0,0,0
2995155,0,0,224.9032113
33907,0,0,0
447471,0,0,0
3059856,0,0,0
496,0,0,0
2894187,0,0,0
1522312,0,0,0
3435229,0,0,0
580459,0,0,0
1637837,0,0,0
2939437,0,0,0
2745482,0,0,0
2045200,0,0,0
1114970,0,0,0
1184720,0,0,0
2268449,0,0,0
642780,0,0,0
3240033,0,0,0
315953,0,0,0
66871,0,0,0
2682455,0,0,0
3078263,0,0,0
2681861,0,0,0
39692,0,0,0
3390038,0,0,0
37928,0,0,0
83462,0,0,0
929,0,0,0
3066291,0,0,0
399497,0,0,0
2921462,0,0,0
1411117,0,0,0
2817398,0,0,0
169427,0,0,0
2682091,0,0,0
2709400,0,0,0
1335613,0,0,0
1783515,0,0,0
2975650,0,0,0
1513468,0,0,0
370777,0,0,0
1387557,0,0,0
3400226,0,0,0
69328,0,0,0
871203,0,0,0
2778070,0,0,0
477697,0,0,0
2909285,0,0,0
2987689,0,0,0
233055,0,0,0
1855909,0,0,0
2584944,224.4039271,0,0
2777475,0,0,0
3397211,0,0,0
1839785,0,0,0
2758037,0,0,0
1906272,0,0,0
443156,0,0,0
3397245,0,0,0
258505,0,0,0
582680,0,0,0
2681469,0,0,0
34059,0,0,0
114527,0,0,0
2921556,0,0,0
1178482,0,0,0
173480,0,0,0
3447506,0,0,0
2650926,0,0,0
2865840,0,0,0
2769485,0,0,0
3028710,0,0,0
420952,0,0,0
1549855,0,0,0
659243,0,0,0
2975974,0,0,0
330734,0,0,0
3238634,0,0,0
3052846,0,0,0
441501,0,0,0
2231055,0,0,0
3239303,0,0,0
2976533,0,0,0
33040,0,0,0
2966586,0,0,0
2494701,0,0,0
256839,0,0,0
2662397,0,0,321.2903019
1077946,0,0,0
376149,0,0,0
639200,0,0,0
1517554,0,0,0
122358,0,0,0
2714949,0,0,0
3235037,0,0,0
35769,0,0,0
3394235,0,0,0
3111540,0,0,0
3444112,0,0,0
376489,0,0,0
2768165,0,0,0
93378,0,0,0
321983,0,0,0
112009,0,0,0
2675773,0,0,0
1707785,0,0,0
2079792,261.8045816,0,0
59277,0,0,0
485880,0,0,0
2592333,0,0,0
2822137,0,0,0
1494960,0,0,0
660522,0,0,0
254758,0,0,0
2714923,0,0,0
552,0,0,0
3118470,0,0,0
1636423,0,0,0
1655277,0,0,0
2812658,0,0,0
2978473,0,0,0
86174,0,0,0
1336806,0,0,160.6451509
2975898,0,0,0
2576930,0,0,0
2903686,0,0,0
1833852,0,0,0
3424133,0,0,0
1857215,0,0,0
3158549,0,0,0
2763006,0,0,0
55583,0,0,0
2975900,0,0,0
2576841,0,0,0
1813182,0,0,0
1823,0,0,0
298656,0,0,0
844,0,0,0
2921393,0,0,0
233100,0,0,0
2708110,0,0,0
318683,0,0,0
82135,0,0,0
478807,0,0,0
2493675,0,0,0
75658,0,0,0
75385,0,0,0
2780091,0,0,0
2744517,0,0,0
3240375,0,0,0
263819,0,0,0
2836161,0,0,0
261965,0,0,0
2708338,0,0,0
490,0,0,0
1732569,0,0,0
67282,0,0,0
2675788,0,0,0
78587,0,0,0
296842,0,0,0
2903710,0,0,0
82977,0,0,0
2903760,0,0,0
1343899,0,0,0
1427356,0,0,0
2895559,0,0,0
3039385,0,0,0
3045156,0,0,0
2866573,0,0,0
1582259,0,0,0
712710,0,0,0
2609417,0,0,0
2782674,0,0,0
762833,0,0,0
2017685,0,0,0
2883106,0,0,0
2785909,0,0,0
120576,0,0,0
3399573,0,0,0
2822844,0,0,0
2613770,0,0,0
3349333,0,0,0
187303,0,0,0
1771,0,0,0
445710,0,0,0
863,0,0,160.6451509
364410,0,0,0
2916633,0,0,0
2894079,0,0,0
2840467,0,0,0
2650157,0,0,0
2903640,0,0,0
3022676,0,0,0
2921427,0,0,0
42353,0,0,192.7741811
57037,0,0,0
1889,0,0,0
2954093,0,0,0
2488560,0,0,0
2792084,0,0,0
1882749,0,0,0
1573718,0,0,0
2811111,0,0,0
2597660,0,0,0
413712,0,0,0
2917727,0,0,0
1646340,0,0,0
2516559,0,0,0
3114296,0,0,0
2821543,0,0,0
116598,0,0,0
3049047,0,0,0
1891279,0,0,0
2047724,0,0,0
56689,0,0,0
2684468,0,0,0
1391653,0,0,0
2918901,0,0,0
2494525,0,0,0
880,0,0,0
3394203,0,0,0
2937774,0,0,0
3039801,0,0,0
2921497,0,0,0
200450,0,0,0
415229,0,0,0
3066286,0,0,0
3238481,0,0,0
47671,0,0,0
3144103,0,0,0
1630135,0,0,0
2820808,0,0,0
191493,0,0,0
442,0,0,0
59930,0,0,0
413403,0,0,0
3047872,224.4039271,0,0
2911514,0,0,0
2709784,0,0,0
3117552,0,0,0
915099,0,0,0
3418716,0,0,0
416169,0,0,0
2894202,0,0,0
3096218,0,0,0
2810348,0,0,0
3156397,0,0,0
657387,0,0,0
3133312,0,0,0
2653852,0,0,0
1886786,0,0,0
2953988,0,0,0
399736,0,0,0
2814576,0,0,0
1827285,0,0,0
2116510,0,0,0
2839623,0,0,0
3031126,0,0,0
2718876,0,0,0
1295382,0,0,0
3391429,0,0,0
321265,0,0,0
2020312,0,0,0
146786,187.0032726,0,0
3036127,0,0,0
60847,0,0,0
2933562,0,0,0
1294143,0,0,0
1652495,0,0,0
1922222,0,0,0
3144104,0,0,0
1867749,0,0,0
3095607,0,0,0
2905690,0,0,0
2997339,0,0,0
2705439,0,0,0
2692234,0,0,0
1416614,0,0,0
2678260,0,0,0
93219,0,0,0
2929795,0,0,0
1679096,0,0,0
2653853,0,0,0
1076124,0,0,0
3058373,0,0,0
1969806,0,0,0
2975956,0,0,0
46158,0,0,0
2604047,0,0,0
1967288,0,0,0
3404122,0,0,0
13160,0,0,0
2283318,0,0,0
141390,0,0,0
29483,0,0,0
638269,0,0,0
2917991,0,0,0
1592323,0,0,0
69223,0,0,0
3231715,0,0,0
3115648,0,0,0
488730,0,0,0
1420889,0,0,0
1670,0,0,0
227,0,0,0
1510150,0,0,0
68249,0,0,0
482957,0,0,0
1245436,0,0,0
1922330,0,0,0
3394330,0,0,0
1866326,0,0,0
247481,0,0,0
3350165,0,0,0
3342751,0,0,0
2837624,0,0,0
2796139,0,0,0
1827526,0,0,0
1950,0,0,0
2599401,0,0,0
67280,0,0,0
3039681,224.4039271,0,0
2903642,0,0,0
69968,0,0,0
553982,0,0,0
1003110,0,0,0
3166645,0,0,0
2565555,0,0,0
1392877,0,0,0
950,0,0,0
2675795,0,0,0
3024246,0,0,0
2813777,0,0,0
2004647,0,0,0
39647,0,0,0
1941349,0,0,0
3002903,0,0,0
2891570,0,0,0
3423954,0,0,0
3458239,0,0,0
446374,0,0,0
2509455,0,0,0
2126319,0,0,0
2849501,0,0,0
179637,0,0,0
2420313,0,0,0
98228,0,0,0
1324217,0,0,0
2956833,0,0,0
712116,0,0,0
1921187,0,0,0
252970,0,0,0
1134435,0,0,0
2901869,0,0,0
198252,0,0,0
2714936,0,0,0
2842453,0,0,0
2953750,0,0,0
2885079,0,0,0
171286,0,0,0
108080,0,0,0
3374190,0,0,0
107637,0,0,0
1605891,0,0,0
171285,0,0,0
627192,0,0,0
78448,0,0,0
2992244,317.9055633,0,0
2861802,0,0,0
2968057,0,0,0
2798724,0,0,0
2749961,0,0,0
213231,187.0032726,0,0
1148509,0,0,0
2023772,0,0,0
2763338,0,0,192.7741811
3375356,0,0,0
692370,0,0,0
2782660,0,0,0
3135257,0,0,0
3141459,0,0,0
2975703,0,0,0
500,0,0,0
92402,0,0,0
2929490,0,0,0
3066294,0,0,0
105560,0,0,0
3239825,0,0,0
3126689,0,0,0
3381356,0,0,0
481743,0,0,0
216465,0,0,0
3366815,0,0,0
2872154,0,0,0
3029061,0,0,0
2025351,0,0,0
1332264,0,0,0
1346,0,0,0
3059028,0,0,0
34029,0,0,0
649831,0,0,0
2846100,0,0,0
106412,0,0,0
2911538,0,0,0
1325111,0,0,0
497967,0,0,0
172044,0,0,0
3048582,0,0,0
1915209,0,0,0
2831000,0,0,0
155976,0,0,0
29419,0,0,0
2954608,0,0,0
3404055,0,0,0
3376061,0,0,0
2056258,0,0,0
1457153,0,0,0
2921386,0,0,0
1220542,0,0,0
2729135,0,0,0
795665,0,0,0
1922225,0,0,0
3446116,0,0,0
82803,0,0,0
2950074,0,0,0
75588,0,0,321.2903019
3133330,0,0,0
657323,0,0,0
2971912,0,0,0
3242979,0,0,0
401562,0,0,0
2759707,0,0,0
3132743,0,0,0
1914,0,0,0
185642,0,0,0
1852,0,0,0
2026189,0,0,0
3066316,0,0,0
3376685,0,0,0
1008152,0,0,0
2760705,0,0,0
55404,0,0,0
172043,0,0,0
803,0,0,0
2662361,0,0,0
3228789,0,0,0
3038546,0,0,0
1691903,0,0,0
2026624,0,0,0
2899220,0,0,0
3049774,0,0,0
3394751,0,0,0
698828,0,0,0
940615,0,0,0
2819994,0,0,0
3398703,0,0,0
1935379,0,0,0
1882918,0,0,0
2715163,0,0,0
3421656,0,0,0
679318,0,0,0
1112,0,0,0
396015,0,0,0
43306,0,0,0
3025665,0,0,0
342949,0,0,0
370111,0,0,0
386874,0,0,0
1576550,0,0,0
1912795,0,0,0
2479928,0,0,0
95485,0,0,0
1288495,0,0,0
3342386,0,0,0
63,0,0,0
77608,0,0,0
2903536,0,0,0
3120158,0,0,0
67854,0,0,0
2305220,0,0,0
2921647,0,0,0
338644,0,0,0
2975751,0,0,0
3068990,0,0,0
45498,0,0,0
304207,0,0,0
47865,0,0,0
2338073,0,0,0
1620385,0,0,0
1551649,0,0,0
2975349,0,0,0
1046043,0,0,0
2777984,0,0,0
3423949,0,0,0
3239955,0,0,0
43661,0,0,0
66374,0,0,0
285557,0,0,0
28152,0,0,0
1857890,0,0,0
1987921,0,0,0
2962671,0,0,0
182210,0,0,0
717785,0,0,0
2921721,0,0,0
1652028,0,0,0
3239980,0,0,0
1823759,0,0,0
1838286,0,0,0
2963939,0,0,0
2126352,0,0,0
887462,0,0,0
104336,0,0,0
2791991,0,0,0
2576756,0,0,0
1911175,0,0,0
2785908,0,0,0
2171623,0,0,0
2820817,0,0,0
1982291,0,0,0
2049589,0,0,0
81475,0,0,0
349096,0,0,0
2878535,187.0032726,0,0
1179675,0,0,0
2077101,0,0,0
2883246,0,0,0
53458,0,0,0
2017486,0,0,0
194196,0,0,0
2316736,0,0,0
3096605,0,0,0
2854260,0,0,0
2502979,0,0,0
2903878,0,0,0
3081199,0,0,0
1494466,0,0,0
421628,0,0,0
2909283,0,0,0
2757,0,0,0
2884876,0,0,0
3019553,0,0,0
2975714,0,0,0
2666100,0,0,0
3383698,0,0,0
931537,0,0,0
2810479,0,0,0
2989684,0,0,0
3031727,0,0,0
2735795,0,0,0
2744574,0,0,0
2787628,0,0,0
228229,0,0,0
2813827,0,0,0
3133316,0,0,0
2919598,0,0,0
2726118,0,0,0
2054410,0,0,0
2976000,0,0,0
1870820,0,0,0
310575,0,0,0
171287,0,0,0
2594474,0,0,0
3403460,0,0,0
2650975,187.0032726,0,0
1172565,0,0,0
3239917,0,0,0
3015951,0,0,0
2975723,0,0,0
3139392,0,0,0
1280948,0,0,0
3349638,0,0,0
2903716,0,0,0
314722,0,0,0
2903863,0,0,0
2866628,0,0,0
68174,0,0,0
3078812,0,0,0
582702,0,0,0
234831,0,0,0
2929515,0,0,0
3131993,0,0,0
2763071,0,0,0
103621,0,0,0
2763317,0,0,0
1295642,0,0,0
2921416,0,0,0
2903824,0,0,0
513223,0,0,0
493,0,0,0
2211210,0,0,0
37931,0,0,0
3400909,0,0,0
638849,0,0,0
2057,0,0,0
47759,0,0,0
2944234,0,0,0
3389070,0,0,0
3060806,0,0,0
3132938,0,0,0
3136564,0,0,0
1660073,0,0,0
2755382,0,0,0
679663,0,0,0
2025349,0,0,0
2746,0,0,0
673860,0,0,0
292913,0,0,0
1222016,0,0,0
1141657,0,0,0
65741,0,0,0
946334,0,0,0
1608628,0,0,0
2961893,0,0,0
271065,0,0,0
2903890,0,0,0
2976680,0,0,0
3078265,0,0,0
2733904,0,0,0
119542,0,0,0
3004095,0,0,0
3142262,0,0,0
2653850,0,0,0
2528019,0,0,0
2781021,0,0,0
2830992,0,0,0
85874,205.7035998,0,0
2981789,0,0,0
1005665,0,0,0
470868,0,0,0
2419844,0,0,0
2921619,0,0,0
1702221,0,0,0
34070,0,0,0
93973,0,0,0
2929514,0,0,0
2720714,0,0,0
3073064,0,0,0
3435412,0,0,0
550984,0,0,0
1967783,0,0,0
2778082,0,0,0
1420916,0,0,0
3402778,0,0,0
944492,0,0,0
555317,0,0,0
2762611,0,0,0
61858,0,0,0
86183,0,0,0
2822760,0,0,0
2921587,0,0,0
2903578,0,0,0
46165,0,0,0
1967666,0,0,0
3421654,0,0,0
3060183,0,0,0
2571148,0,0,0
3428204,0,0,0
2748871,0,0,0
1851505,0,0,0
256325,0,0,0
2609668,0,0,0
2879620,0,0,0
683846,0,0,0
35790,0,0,0
656179,0,0,0
3415679,0,0,0
573600,0,0,0
2983836,0,0,0
33918,0,0,0
2942997,0,0,0
2949664,0,0,0
1521117,0,0,0
2613773,0,0,0
2911208,0,0,0
2831662,0,0,0
59310,0,0,0
543877,0,0,0
2975700,0,0,0
1667239,0,0,0
3075199,0,0,0
2903808,0,0,0
1895,0,0,0
1267766,0,0,0
3016093,0,0,0
2903680,0,0,0
2977320,0,0,0
2903879,0,0,0
650378,0,0,0
129817,0,0,0
2776706,0,0,0
1855880,0,0,0
2903682,0,0,0
3073562,0,0,0
3237298,280.5049088,0,0
1470176,0,0,0
1776741,0,0,0
1585697,0,0,0
3240102,0,0,0
889300,0,0,0
1969821,0,0,0
1778675,0,0,0
1813451,0,0,0
2770234,0,0,0
3404065,0,0,0
13076,0,0,0
2565531,0,0,0
2954532,0,0,0
3434353,0,0,0
3077923,0,0,0
3234144,0,0,0
2975720,0,0,0
2842348,0,0,0
2758710,0,0,0
1292359,0,0,0
2860336,0,0,0
135079,0,0,0
1725411,0,0,0
1971397,0,0,0
2740464,0,0,0
3094835,0,0,0
905,0,0,0
1234606,0,0,0
67351,0,0,0
29389,0,0,0
2994492,0,0,0
1702238,0,0,0
2714932,0,0,0
2293571,0,0,0
1658665,0,0,0
2854261,0,0,0
2954726,0,0,0
3048353,0,0,0
2975866,0,0,0
1552990,0,0,0
81032,0,0,0
3047825,0,0,0
3230971,0,0,176.709666
2724469,0,0,0
3237706,0,0,0
1858653,0,0,0
1082851,0,0,0
2714939,0,0,0
2742132,0,0,0
322509,0,0,0
630515,0,0,0
3411354,0,0,0
3416606,0,0,0
359110,0,0,0
2724151,0,0,0
2743575,0,0,0
3114394,0,0,0
302406,0,0,0
2060066,0,0,0
1938606,0,0,0
2067958,0,0,0
3151598,0,0,0
1670830,0,0,0
2014920,0,0,0
2883107,0,0,0
3028298,0,0,0
517398,0,0,0
1076596,0,0,0
2839983,0,0,0
2867233,0,0,0
2916410,0,0,0
3081768,0,0,0
2734103,0,0,0
1446794,0,0,0
2583231,0,0,0
2364787,0,0,0
3131938,0,0,0
291990,187.0032726,0,0
1472345,0,0,0
3416710,0,0,0
2867021,0,0,0
1002689,0,0,0
2588535,0,0,0
2108399,0,0,0
2921385,0,0,0
2027919,0,0,0
3021710,0,0,0
1274,0,0,0
2587849,0,0,0
3256999,0,0,0
1296669,0,0,0
2903564,0,0,0
2823317,0,0,0
931099,0,0,0
3077584,0,0,0
2264,0,0,0
3095606,0,0,0
538220,0,0,0
3082531,0,0,0
40988,0,0,0
418701,0,0,0
187327,0,0,0
1608996,0,0,0
1796921,0,0,0
2950872,0,0,0
1852374,0,0,0
2907159,0,0,0
2810513,0,0,0
2726434,0,0,0
2547399,0,0,0
2702,0,0,0
2587851,0,0,0
2975672,0,0,0
2942449,0,0,0
1464011,0,0,0
2678261,0,0,0
485898,0,0,0
2714941,0,0,0
3049543,0,0,0
3382192,0,0,0
2739433,0,0,0
2978392,0,0,0
187491,0,0,0
945844,0,0,0
3238798,0,0,0
3058394,0,0,0
2903643,0,0,0
3133285,0,0,0
2004644,0,0,0
1819725,0,0,0
3233335,0,0,0
2575923,0,0,0
2698684,0,0,0
54297,0,0,0
1849967,0,0,0
699041,0,0,0
1670831,0,0,0
1792846,0,0,0
475662,0,0,0
2678259,0,0,0
2937800,0,0,0
35768,0,0,0
1432056,0,0,0
47878,0,0,0
2921379,0,0,0
1854057,0,0,0
2587844,0,0,0
1216297,0,0,0
1690220,0,0,0
50339,0,0,0
2509457,0,0,0
2567934,0,0,0
68278,0,0,0
1429914,0,0,0
2058133,0,0,0
2675772,0,0,0
1938607,0,0,0
3236805,0,0,0
129958,0,0,0
618,0,0,0
370405,261.8045816,0,0
2714937,0,0,0
1325564,0,0,0
2742602,0,0,0
3139329,0,0,0
3427229,0,0,0
76862,0,0,0
134536,0,0,0
1545835,0,0,0
1704044,0,0,0
2734193,0,0,0
2903704,0,0,0
391905,0,0,0
3040201,0,0,0
29468,0,0,0
3096079,0,0,0
1884907,0,0,0
886343,0,0,0
1756988,0,0,0
47879,0,0,0
2026194,0,0,0
700274,0,0,0
3108822,0,0,0
631362,0,0,0
2710756,0,0,0
2493681,0,0,0
2857060,0,0,0
2952527,0,0,0
2985511,0,0,0
2994495,0,0,0
1056807,0,0,0
1982042,0,0,0
83555,0,0,0
3046383,0,0,0
2867410,0,0,0
682798,0,0,0
2860237,0,0,0
3406419,0,0,0
2715735,187.0032726,0,0
2999067,0,0,0
1911,0,0,0
312285,0,0,0
75294,0,0,0
36822,0,0,0
2560058,0,0,0
3417741,0,0,0
241368,0,0,0
2736649,0,0,0
3056733,0,0,0
3050126,0,0,0
35701,0,0,0
3158972,0,0,0
525917,0,0,0
39691,0,0,0
2995166,0,0,0
754429,0,0,0
3073271,0,0,0
3089814,0,0,0
40318,0,0,0
1763828,0,0,0
2280,0,0,0
2774190,0,0,0
2923375,0,0,0
29288,0,0,0
142649,0,0,0
1505596,0,0,0
3058419,0,0,0
2820002,0,0,0
3060313,0,0,0
3036128,0,0,0
1544730,0,0,0
1643322,0,0,0
1436133,0,0,0
1198456,0,0,0
2057791,0,0,0
3452799,0,0,0
1849580,0,0,0
53409,0,0,0
48221,0,0,0
1679444,0,0,0
2903651,0,0,0
2978974,0,0,0
337191,0,0,0
1385715,0,0,0
3432289,0,0,0
116759,0,0,0
84405,0,0,0
345370,0,0,0
3402868,0,0,0
446860,0,0,0
33914,0,0,0
2591109,0,0,0
348043,0,0,0
3403457,0,0,0
2674997,0,0,0
3035514,0,0,0
1286180,0,0,0
2676077,0,0,0
237612,0,0,0
2764186,0,0,0
546871,0,0,0
3061286,0,0,0
2966552,0,0,0
2654218,0,0,0
3062783,0,0,0
381829,0,0,0
1416806,0,0,0
3051092,0,0,0
307486,0,0,0
3389872,0,0,0
2709403,0,0,0
33865,0,0,0
1620215,0,0,0
3435000,0,0,0
521720,0,0,0
1903186,0,0,0
43771,0,0,0
491950,0,0,0
2654248,0,0,0
3456954,0,0,0
180400,0,0,0
2975809,0,0,0
1141883,0,0,0
1404799,0,0,0
2998080,0,0,0
1664560,0,0,0
712633,0,0,0
362257,0,0,0
39689,0,0,0
2493678,0,0,0
3457357,0,0,0
2806442,0,0,0
68192,0,0,0
1376,0,0,0
3069105,0,0,0
1821625,0,0,0
3064349,0,0,0
3239931,0,0,0
2482769,0,0,0
1016987,0,0,0
3341793,0,0,0
2939413,0,0,0
1045317,0,0,0
1076550,0,0,0
665007,0,0,0
3069708,0,0,0
92404,0,0,160.6451509
166935,0,0,0
2811227,0,0,0
3430558,0,0,0
712122,0,0,0
1653478,0,0,0
3344655,0,0,0
3110539,0,0,0
2991715,0,0,0
1944,0,0,0
3003483,0,0,0
3073268,0,0,0
2975987,0,0,0
3016103,0,0,0
338188,0,0,0
2840180,0,0,0
649841,0,0,0
3040605,0,0,0
3388492,0,0,0
2733867,0,0,0
870,0,0,0
2903574,0,0,0
3040935,0,0,0
28091,0,0,0
607711,0,0,0
278153,0,0,0
28047,0,0,0
1470200,224.4039271,0,0
955,0,0,0
3047737,0,0,0
100225,0,0,0
2011015,0,0,0
1936990,0,0,0
3120520,0,0,0
2949637,0,0,0
357233,0,0,0
1562974,0,0,0
3062779,0,0,0
3453405,0,0,0
1806891,0,0,0
3133329,0,0,0
2714938,0,0,0
2831895,0,0,0
3240934,0,0,0
416273,0,0,0
3400272,0,0,0
80852,0,0,0
511746,0,0,0
2493673,0,0,0
1607,0,0,0
3110231,0,0,0
575200,0,0,0
1803865,0,0,0
2975896,0,0,0
86173,0,0,0
3042152,0,0,0
301585,0,0,0
2006110,0,0,0
2059672,0,0,0
2806553,0,0,0
2724527,0,0,0
3101273,0,0,0
3395918,0,0,0
3424769,0,0,0
2742603,0,0,0
2497989,0,0,0
2903652,0,0,0
1415657,0,0,0
2980557,0,0,0
1389020,0,0,0
1930622,0,0,0
2819979,0,0,0
1565,0,0,0
3391424,0,0,0
2898276,0,0,0
2584940,0,0,0
1192162,0,0,0
65700,0,0,0
1578165,0,0,0
3024400,0,0,0
1871025,0,0,0
3081984,0,0,0
767452,0,0,0
623,0,0,0
2954025,0,0,0
3028374,0,0,0
2138101,0,0,0
1967782,0,0,0
370324,0,0,0
299146,0,0,0
3133089,0,0,0
3137398,0,0,0
220927,0,0,0
553510,0,0,0
2293567,0,0,0
428712,0,0,0
2126346,0,0,0
2954012,0,0,0
1266771,0,0,0
2885078,0,0,0
2034769,0,0,0
152500,0,0,0
3404048,0,0,0
3238807,0,0,0
2487887,0,0,0
2758572,0,0,0
3023518,0,0,0
2963406,0,0,0
1526572,0,0,0
3230989,0,0,0
3389970,0,0,0
2942909,0,0,0
1641402,0,0,0
85693,0,0,0
2872646,0,0,0
3075837,0,0,0
3445771,0,0,0
2978127,0,0,192.7741811
3076764,0,0,0
1924941,0,0,0
2016596,0,0,0
2879149,0,0,0
2729725,0,0,0
2962064,0,0,0
769,0,0,0
3239891,0,0,0
2994951,0,0,0
1515595,0,0,0
67332,0,0,0
2905879,0,0,0
2487928,0,0,0
75659,0,0,0
3114999,0,0,0
2547601,0,0,0
28094,0,0,0
2884264,0,0,0
90245,0,0,0
2953881,0,0,0
3405419,0,0,0
55510,0,0,0
3459196,0,0,0
2903822,0,0,0
57497,0,0,0
2705472,0,0,0
164393,0,0,0
454662,0,0,0
212663,0,0,0
68909,0,0,0
2850562,0,0,0
2811415,0,0,0
487698,0,0,0
2989732,0,0,0
451876,0,0,0
1176646,0,0,0
2851959,0,0,0
2871688,0,0,0
1586233,0,0,0
3133336,0,0,0
2930091,0,0,0
3384159,0,0,0
2964606,0,0,0
1804990,0,0,0
1534348,0,0,0
2971264,0,0,0
2109328,0,0,0
3060064,0,0,0
1536775,0,0,0
2903663,0,0,0
2675794,0,0,0
2597769,0,0,0
2078691,0,0,0
2382165,0,0,0
402297,0,0,0
2819978,0,0,0
3409994,0,0,0
3131933,0,0,0
391613,0,0,0
2870339,0,0,0
2055892,0,0,0
2921677,0,0,0
2657486,0,0,0
1069221,0,0,0
2822847,0,0,0
2587808,0,0,0
1472,0,0,0
3042028,0,0,0
2742135,0,0,0
1670455,0,0,0
3108176,0,0,0
710648,0,0,0
622,0,0,0
2759954,0,0,0
2912242,0,0,0
128,0,0,0
136857,0,0,0
1071679,0,0,0
1914461,0,0,0
3243373,0,0,0
1545702,0,0,0
265960,0,0,0
74329,0,0,0
1795032,0,0,0
63561,0,0,0
1173586,0,0,0
2903747,0,0,0
2590021,0,0,0
3239963,0,0,0
2829499,0,0,0
1859,0,0,0
3057122,0,0,0
3056444,0,0,0
219314,0,0,0
2954741,0,0,0
29489,0,0,0
2975903,0,0,0
2548456,0,0,0
2742137,0,0,0
2917724,0,0,0
2867264,0,0,0
2812647,0,0,0
666685,0,0,0
2483403,0,0,0
2563897,0,0,0
3394334,0,0,0
321984,0,0,0
563,0,0,0
3123041,0,0,0
3042320,0,0,0
3388843,0,0,0
882824,0,0,0
2051957,0,0,0
1653839,0,0,0
285562,0,0,0
271865,0,0,0
61592,0,0,0
2903769,0,0,0
2675781,0,0,0
1268041,0,0,0
2964610,0,0,0
1743174,0,0,0
3113984,0,0,0
2994661,0,0,0
2903589,0,0,0
3004094,0,0,0
2185142,0,0,0
36818,0,0,0
2100821,0,0,0
3057057,0,0,0
3453032,0,0,0
1985176,0,0,0
67258,0,0,0
2675877,0,0,0
2230878,0,0,0
1796620,0,0,0
188770,0,0,0
3421955,0,0,0
34095,0,0,0
44742,0,0,0
251701,0,0,0
3072977,0,0,0
2020,0,0,0
217,0,0,0
2755400,0,0,0
1907575,0,0,0
3415676,0,0,0
255519,0,0,0
3060070,0,0,0
2932249,0,0,0
3446363,0,0,0
2796140,0,0,0
3122054,0,0,0
3040076,0,0,0
486698,0,0,0
2579791,0,0,0
227605,0,0,0
3039157,0,0,0
1094,0,0,0
1047172,0,0,0
1353889,0,0,0
2942996,0,0,0
2482763,0,0,0
873,0,0,0
2711156,0,0,0
2903960,0,0,0
3385497,0,0,0
720,0,0,0
2565926,0,0,0
120,0,0,0
3453033,0,0,0
2967972,0,0,0
2059264,0,0,0
2903790,0,0,0
664662,0,0,0
3096006,0,0,0
1307761,0,0,0
1230341,0,0,0
2026,0,0,0
2874846,0,0,0
3239979,0,0,0
2844242,0,0,0
38322,0,0,0
2975964,0,0,0
2878150,0,0,0
3240036,0,0,0
1232428,0,0,0
2592655,0,0,0
1389223,0,0,0
3420932,0,0,0
1102,0,0,0
2867005,0,0,0
2975642,0,0,0
280,0,0,0
63363,0,0,0
589382,0,0,0
2341112,0,0,0
3373598,0,0,0
370526,0,0,0
2975940,0,0,0
3133697,0,0,0
1395951,0,0,0
1071080,0,0,0
1894969,0,0,0
2994496,0,0,0
3144669,0,0,0
3241166,0,0,0
3066239,0,0,0
2903582,0,0,0
3366811,0,0,0
2714844,0,0,0
2493677,0,0,0
2654282,0,0,0
3019934,0,0,0
2903649,0,0,0
2919917,0,0,0
2975985,0,0,0
2219057,0,0,0
1224749,0,0,0
214851,0,0,0
415996,0,0,0
2975923,0,0,0
477976,0,0,0
2029117,0,0,0
3133279,0,0,0
3400273,0,0,0
1866,0,0,0
169292,0,0,0
33995,0,0,0
3243370,0,0,0
3404117,0,0,0
83265,0,0,0
2975972,0,0,0
29485,0,0,0
1652545,0,0,0
3048622,0,0,0
68274,0,0,0
53522,0,0,0
2986947,0,0,0
400770,0,0,0
152260,0,0,0
372663,0,0,0
2831894,0,0,0
2937433,0,0,0
3079556,0,0,0
2726989,0,0,0
2738867,0,0,0
785,0,0,0
3378087,0,0,0
1606,0,0,0
1027966,0,0,0
2949093,0,0,0
2057800,0,0,0
1004901,0,0,0
2979324,0,0,0
3388313,0,0,0
2499144,0,0,0
2508307,0,0,0
163011,0,0,0
568869,0,0,0
1751046,0,0,0
1968775,0,0,0
2806262,0,0,0
3384452,0,0,0
49118,0,0,0
3052810,0,0,0
2931976,0,0,0
948,0,0,0
2614538,0,0,0
2752475,0,0,0
47854,0,0,0
2975712,0,0,0
1720083,0,0,0
1049,0,0,0
108010,0,0,0
2052484,0,0,0
2420509,0,0,0
447217,0,0,0
2003121,0,0,0
1400865,0,0,0
55208,0,0,0
46677,0,0,0
518,0,0,0
2714934,0,0,0
2304190,0,0,0
3417757,0,0,0
81479,0,0,0
2498704,0,0,0
2789425,0,0,0
2683193,0,0,0
436397,0,0,0
1736306,0,0,0
3133304,0,0,0
3177515,0,0,0
2798804,0,0,0
2917691,0,0,0
1891094,0,0,0
2955235,0,0,0
2871820,0,0,0
2864205,0,0,0
3433152,0,0,0
2975783,0,0,0
3066314,0,0,0
2591145,0,0,0
2867014,0,0,0
3110772,0,0,0
3064529,0,0,0
2005885,0,0,0
2975991,0,0,0
412963,0,0,0
187880,0,0,0
2067960,0,0,0
3457761,0,0,0
2740185,0,0,0
3240070,0,0,0
2752515,0,0,0
2173853,0,0,0
2692125,0,0,0
2975784,0,0,0
3015152,0,0,0
3426242,0,0,0
87791,0,0,0
3078441,0,0,0
3239995,0,0,0
3075430,0,0,0
1331682,0,0,0
2282738,0,0,0
256821,0,0,0
2903835,0,0,0
2758724,0,0,0
3141462,0,0,0
2716226,0,0,0
2962047,0,0,0
686309,0,0,0
77125,0,0,0
2795387,0,0,0
3377529,0,0,0
165096,0,0,0
2493093,0,0,0
3026161,0,0,0
117567,0,0,0
2668067,0,0,0
2907343,0,0,0
3410987,0,0,0
6035,0,0,0
322095,0,0,0
136996,0,0,0
3015167,0,0,0
2973977,0,0,0
1842537,0,0,0
3020906,0,0,0
3153928,0,0,0
2498452,0,0,0
3133302,0,0,0
1735038,0,0,0
2589074,0,0,0
1628392,0,0,0
2028345,0,0,0
483545,0,0,0
2849093,0,0,0
3019889,0,0,0
2704468,0,0,0
3133976,0,0,0
1331258,0,0,0
676208,0,0,0
2842355,0,0,0
2982615,0,0,0
2903885,0,0,0
2952525,0,0,0
76021,0,0,0
2918527,0,0,0
2864211,0,0,0
2751170,0,0,0
2996004,0,0,0
2202000,0,0,0
1962974,0,0,0
1860122,0,0,0
3428176,0,0,0
2762323,0,0,0
2576928,0,0,0
59748,0,0,0
33992,0,0,0
1612435,0,0,0
3080983,0,0,0
1842532,0,0,0
2587846,0,0,0
3084920,0,0,0
2820884,0,0,0
3342249,0,0,0
39688,0,0,0
2654189,0,0,0
2898,0,0,0
2486855,0,0,0
227318,0,0,0
28117,0,0,0
3240912,0,0,0
1046114,0,0,0
546114,0,0,0
3404063,0,0,0
2975702,0,0,0
3120264,0,0,0
2975934,0,0,0
3158143,0,0,0
2949090,0,0,0
2708079,0,0,0
3394234,0,0,0
3229851,0,0,0
76853,0,0,0
797277,0,0,0
1867408,0,0,0
2567881,0,0,0
604088,0,0,0
2975756,0,0,0
76731,0,0,0
3095075,0,0,0
46189,0,0,0
1911587,0,0,0
2903889,0,0,0
2816956,0,0,0
1582356,0,0,0
3078264,0,0,0
2674991,0,0,0
2756133,0,0,0
1175444,0,0,0
67367,0,0,0
3060047,0,0,0
329,0,0,0
1703340,0,0,0
3350175,0,0,0
1561005,0,0,0
1961713,0,0,0
3003272,0,0,0
637971,0,0,0
569860,0,0,0
302484,0,0,0
2845508,0,0,0
2762325,0,0,0
332657,0,0,0
92947,0,0,0
712471,0,0,0
1907662,0,0,0
3034025,0,0,0
2921437,0,0,0
1249101,0,0,0
2020377,0,0,0
3344656,0,0,0
2811423,0,0,0
2766701,0,0,0
284035,0,0,0
3108391,0,0,0
190721,0,0,0
400065,0,0,0
1906741,0,0,0
1434191,0,0,0
2714944,0,0,0
68334,0,0,0
3415675,0,0,0
2975752,0,0,0
2603206,0,0,0
3131937,0,0,0
3092262,0,0,0
3136632,0,0,0
1736226,0,0,0
203192,0,0,0
3064286,0,0,0
119206,0,0,0
2878152,0,0,0
1960,0,0,0
396595,0,0,0
2697043,0,0,0
3108543,0,0,0
2774933,0,0,0
2587843,0,0,0
1223565,0,0,0
3414029,0,0,0
3035454,0,0,0
3075605,0,0,0
340320,0,0,0
251749,0,0,160.6451509
2904523,0,0,0
404385,0,0,0
69964,0,0,0
3385967,0,0,0
3035275,0,0,0
3372854,0,0,0
3403079,0,0,0
1894,0,0,0
2968085,0,0,0
436515,0,0,0
2975728,0,0,0
2529381,0,0,0
2903665,0,0,0
363835,0,0,0
948107,0,0,0
2749991,0,0,0
2984338,0,0,0
2903583,0,0,0
3383502,0,0,0
93221,0,0,0
2814275,0,0,0
2954560,0,0,0
558541,0,0,0
3038927,0,0,0
2486273,0,0,0
2509614,0,0,0
2744515,0,0,0
2080742,0,0,0
3140381,0,0,0
200618,0,0,0
2675784,0,0,0
2886936,0,0,0
319707,0,0,0
81425,0,0,0
1527523,0,0,0
96773,0,0,0
2175655,0,0,0
3238625,0,0,0
1689,0,0,0
3153927,0,0,0
364197,0,0,0
1661,0,0,0
3065954,0,0,0
759620,0,0,0
2903837,0,0,0
3066282,0,0,0
1795631,0,0,0
198107,0,0,0
1609758,0,0,0
2778550,0,0,0
2795687,0,0,0
53444,0,0,0
2108470,0,0,0
684552,0,0,0
2721245,0,0,0
2609256,0,0,0
3139324,0,0,0
2778078,0,0,0
2953749,0,0,0
3429999,0,0,0
2903590,0,0,0
2903832,0,0,0
92407,0,0,0
2509458,0,0,0
3385496,0,0,0
121292,0,0,0
33888,0,0,0
2803858,0,0,0
2878153,0,0,0
3133308,0,0,0
2932773,0,0,0
2903667,0,0,0
3426342,0,0,0
232348,0,0,0
2853257,0,0,0
2775498,0,0,0
1225769,0,0,0
234612,0,0,0
399726,0,0,0
67287,0,0,0
3427843,0,0,0
2867238,0,0,0
3158264,0,0,0
3037654,0,0,0
3081651,0,0,0
2802577,0,0,0
353800,0,0,0
1708715,0,0,0
2991500,0,0,0
2741720,0,0,0
640205,0,0,0
621374,0,0,0
3394231,0,0,0
2847992,0,0,0
36861,0,0,0
1853278,0,0,0
257438,0,0,0
28894,0,0,0
2862869,0,0,0
2984530,0,0,0
1537274,0,0,0
1871022,0,0,0
2781599,0,0,0
2903585,0,0,0
1166323,0,0,0
357240,0,0,0
65958,0,0,0
3133333,0,0,0
1678028,0,0,0
2921652,0,0,0
3098669,0,0,0
3372850,0,0,0
1520670,0,0,0
2732364,0,0,0
3052209,0,0,0
1042156,0,0,0
3404056,0,0,0
47312,0,0,0
3273430,0,0,0
2213200,0,0,0
2975669,0,0,0
3434395,0,0,0
3401635,0,0,0
1226757,0,0,0
2203895,0,0,0
39695,0,0,0
494,0,0,0
1881016,0,0,0
169184,0,0,0
2041036,0,0,0
592378,0,0,0
2991496,0,0,0
2572921,0,0,0
2044467,0,0,0
2614639,0,0,0
748811,0,0,0
446660,0,0,0
2203210,0,0,0
3142975,0,0,0
1460244,0,0,0
2983233,0,0,0
1508419,0,0,0
317577,0,0,0
3075627,0,0,0
80868,0,0,0
2275,0,0,0
1940690,0,0,0
71997,0,0,0
138074,0,0,0
3108224,0,0,0
2975795,0,0,0
3093856,0,0,0
78398,0,0,0
1561023,0,0,0
2903900,0,0,0
3228804,0,0,0
1903694,0,0,0
1904944,0,0,0
2006,0,0,0
482462,0,0,0
92401,0,0,0
2509459,0,0,0
1836198,0,0,0
3103139,0,0,0
2203205,0,0,0
2072503,0,0,0
273528,0,0,0
1797,0,0,0
186189,0,0,0
11,0,0,0
1200300,0,0,0
1897060,0,0,0
2735434,0,0,0
2919506,0,0,0
3420380,0,0,0
1917158,0,0,0
3133319,0,0,0
3104013,0,0,0
1353277,0,0,0
3401633,0,0,0
2954742,0,0,0
2975699,0,0,0
3240029,0,0,0
2740817,0,0,0
146474,0,0,0
2672569,0,0,0
2071710,0,0,0
2654982,0,0,0
3094916,0,0,0
2587865,0,0,0
2717324,0,0,0
1288636,0,0,0
994696,0,0,0
129789,0,0,0
2866381,0,0,0
1436290,0,0,0
1938605,0,0,0
1761891,0,0,0
3377215,0,0,0
146939,0,0,0
182262,0,0,0
2782655,0,0,0
1273,0,0,0
3049086,0,0,0
3166650,0,0,0
3391399,0,0,0
2895480,0,0,0
2903778,0,0,0
2954526,0,0,0
3230979,0,0,0
2909588,0,0,0
142651,0,0,0
2979862,0,0,0
1902408,0,0,0
641491,0,0,0
242606,0,0,0
2081042,0,0,0
338565,0,0,0
3231487,0,0,0
1815583,0,0,0
2501295,0,0,0
2954084,0,0,0
2961596,0,0,0
2764705,0,0,0
3015151,0,0,0
3135255,0,0,0
3035470,0,0,0
2734149,0,0,0
3059961,0,0,0
1430326,0,0,0
3140788,0,0,0
1326,0,0,0
2751189,0,0,0
2880260,0,0,0
3239941,0,0,0
3056937,0,0,0
3239302,0,0,0
2879114,0,0,0
2576917,0,0,0
3430494,0,0,0
300560,0,0,0
1923149,0,0,0
2901142,0,0,0
1914525,0,0,0
1536771,0,0,0
2962676,0,0,0
323273,0,0,0
3133314,0,0,0
2728851,0,0,0
1421430,0,0,0
2895818,0,0,0
342942,0,0,0
1663209,0,0,0
3060193,0,0,0
2816950,0,0,0
3415223,0,0,0
2862331,0,0,0
2575361,0,0,0
2079536,0,0,0
2594007,0,0,0
2953746,0,0,0
2931399,0,0,0
2819238,0,0,0
2665642,0,0,0
1788,0,0,0
2929802,0,0,0
1914329,0,0,0
2774189,0,0,0
3376152,0,0,0
3141544,0,0,0
3392295,0,0,0
416213,0,0,0
64471,0,0,0
2801335,0,0,0
2935861,0,0,0
2925844,0,0,0
2938948,0,0,0
2490858,0,0,0
2660554,0,0,0
2883238,0,0,0
2983220,0,0,0
553981,0,0,0
322009,0,0,0
2072505,0,0,0
2562449,0,0,0
2072414,0,0,0
3241168,0,0,0
319970,0,0,0
3122375,0,0,0
3238627,0,0,0
3419766,0,0,0
1327037,0,0,0
206506,0,0,0
1872084,0,0,0
3060801,0,0,0
218936,0,0,0
2047767,0,0,0
2734128,0,0,0
3457764,0,0,0
1813880,0,0,0
90239,0,0,0
3133972,0,0,0
2975763,0,0,0
3243378,0,0,0
68188,0,0,0
2320,0,0,0
1486246,0,0,0
2687299,0,0,0
3427737,0,0,0
2596916,0,0,0
2840183,0,0,0
2593973,0,0,0
3412035,0,0,0
458639,0,0,0
2806615,0,0,0
2944250,0,0,0
2843653,0,0,0
3138240,0,0,0
2976431,0,0,0
2781023,0,0,0
45362,0,0,0
2993564,0,0,0
3110111,0,0,0
3395915,0,0,0
530584,0,0,0
2975847,0,0,0
1603,0,0,0
2599641,0,0,0
2807631,0,0,0
117207,0,0,0
3016086,0,0,0
2761578,0,0,0
1751150,0,0,0
2601646,0,0,0
3118768,0,0,0
3416276,0,0,0
2995413,0,0,0
2048897,0,0,0
3024245,0,0,0
2857014,0,0,0
2108523,0,0,0
2774055,0,0,0
73098,0,0,0
2738410,0,0,0
3457578,0,0,0
665914,0,0,0
89065,0,0,0
2601575,0,0,0
3082547,0,0,0
2844071,0,0,0
1577685,0,0,0
2683234,0,0,0
1904616,0,0,0
2981134,0,0,0
1687,0,0,0
89154,0,0,0
2099693,0,0,0
2898152,0,0,0
1245526,0,0,0
2973072,0,0,0
706438,0,0,0
1930,0,0,0
3243030,0,0,0
3038642,0,0,0
2126321,0,0,0
3139142,0,0,0
67476,0,0,0
2815360,0,0,0
3151385,0,0,0
42817,0,0,0
2822761,0,0,0
3345111,0,0,0
1635171,0,0,0
1717,0,0,0
924,0,0,0
2662028,0,0,0
3133309,0,0,0
2071607,0,0,0
42197,0,0,0
2987533,0,0,0
57480,0,0,0
1433415,0,0,0
3031131,0,0,0
3344666,0,0,0
3239958,0,0,0
938289,0,0,0
3422227,0,0,0
2932247,0,0,0
3059038,0,0,0
2903678,0,0,0
2559597,0,0,0
2798799,0,0,0
3418717,0,0,0
320778,0,0,0
2954611,0,0,0
3436241,0,0,0
3238584,0,0,0
2070337,0,0,0
1320552,0,0,0
1868325,0,0,0
35814,0,0,0
3060418,0,0,0
1598147,0,0,0
2975689,0,0,0
2875706,0,0,0
2943498,0,0,0
2560484,0,0,0
31963,0,0,0
1771309,0,0,0
126734,0,0,0
2201998,0,0,0
379895,0,0,0
2508168,0,0,0
3052086,0,0,0
3047864,0,0,0
2773308,0,0,0
3092086,0,0,0
2792480,0,0,0
2681310,0,0,0
2861750,0,0,0
55395,0,0,0
2781024,0,0,0
110937,0,0,0
157783,0,0,0
2898795,0,0,0
3049070,0,0,0
2909249,0,0,0
627624,0,0,0
2949993,0,0,0
2742796,0,0,0
2780074,0,0,0
2070347,0,0,0
3032283,0,0,0
1712654,0,0,0
3426474,0,0,0
307249,0,0,0
418702,0,0,0
3142976,0,0,0
1469144,0,0,0
2871095,0,0,0
1166130,0,0,0
2184083,0,0,0
28232,0,0,0
419015,0,0,0
3431485,0,0,0
3399679,0,0,0
2846436,0,0,0
3419764,0,0,0
2203219,0,0,0
2975680,0,0,0
2161747,0,0,0
3153754,0,0,0
3137778,0,0,0
926,0,0,0
3077936,0,0,0
715471,0,0,0
58117,0,0,0
2774137,0,0,0
1331910,0,0,0
3108389,0,0,0
1283076,0,0,0
3034675,0,0,0
2419774,0,0,0
387092,0,0,0
2751177,0,0,0
163202,0,0,0
319947,0,0,0
3433755,0,0,0
2493670,0,0,0
671990,0,0,0
76123,0,0,0
2954082,0,0,0
2597701,0,0,0
3133322,0,0,0
3002640,0,0,0
2975736,0,0,0
3149228,0,0,0
2748080,0,0,0
69527,0,0,0
1515612,0,0,0
1543852,0,0,0
676200,0,0,0
1433513,0,0,0
2009266,0,0,0
2049881,0,0,0
2903713,0,0,0
215221,0,0,0
1643512,0,0,0
2871170,0,0,0
862751,0,0,0
2079575,0,0,0
2785124,0,0,0
3050267,0,0,0
42234,0,0,0
2974023,0,0,0
2294034,0,0,0
1765049,0,0,0
247333,0,0,0
2871694,0,0,0
1050174,0,0,0
3454628,0,0,0
3074379,0,0,0
3075432,0,0,0
3430368,0,0,0
2886940,0,0,0
1977088,0,0,0
1909290,0,0,0
3026192,0,0,0
2211211,0,0,0
2921562,0,0,0
1353138,0,0,0
2496836,0,0,0
1812480,0,0,0
3160841,0,0,0
261654,0,0,0
2729175,0,0,0
181486,0,0,0
1097,0,0,0
3350168,0,0,0
2483799,0,0,0
3388266,0,0,0
2099695,0,0,0
3098762,0,0,0
68200,0,0,0
2590884,0,0,0
110505,0,0,0
3133299,0,0,0
2725560,0,0,0
2560029,0,0,0
1920114,0,0,0
3034029,0,0,0
3074854,0,0,0
46351,0,0,0
2886375,0,0,0
1848580,0,0,0
2602070,0,0,0
2059884,0,0,0
2290923,0,0,0
671211,0,0,0
220752,0,0,0
44449,0,0,0
2940488,0,0,0
3139409,0,0,0
3157631,0,0,0
2817969,0,0,0
1810,0,0,0
1444770,0,0,0
3081201,0,0,0
2903752,0,0,0
187878,0,0,0
2070369,0,0,0
1471761,0,0,0
1802984,0,0,0
3241601,0,0,0
131568,0,0,0
3414159,0,0,0
2927980,0,0,0
2903748,0,0,0
3041435,0,0,0
3238629,0,0,0
2772253,0,0,0
1131707,0,0,0
67780,0,0,0
43769,0,0,0
2932248,0,0,0
2782168,0,0,0
1457,0,0,0
3033811,0,0,0
502682,0,0,0
3028319,0,0,0
2819619,0,0,0
3428560,0,0,0
2903776,0,0,0
2730915,0,0,0
68223,0,0,0
2731096,0,0,0
2978047,0,0,0
161899,0,0,0
249586,0,0,0
3446364,0,0,0
2589797,0,0,0
2785627,0,0,0
3404058,0,0,0
2934161,0,0,0
96468,0,0,0
3059962,0,0,0
2662261,0,0,0
2846775,0,0,0
3062599,0,0,0
2975055,0,0,0
88058,0,0,0
2558361,0,0,0
2867013,0,0,0
3093845,0,0,0
298708,0,0,0
2908642,0,0,0
2903897,0,0,0
60706,0,0,0
3447018,0,0,0
2608402,0,0,0
2903627,0,0,0
200254,0,0,0
3131928,0,0,0
3135260,0,0,0
1324796,0,0,0
3376989,0,0,0
3411322,0,0,0
2601677,0,0,0
2975724,0,0,0
93929,0,0,0
28321,0,0,0
3243393,0,0,0
2774749,0,0,0
73044,0,0,0
2732249,0,0,0
2054641,0,0,0
2881056,0,0,0
2675774,0,0,0
1329899,0,0,0
2585118,0,0,0
3377113,0,0,0
651666,0,0,0
2975918,0,0,0
265175,0,0,0
2815720,0,0,0
3372855,0,0,0
577492,0,0,0
3004109,0,0,0
2495594,0,0,0
2654547,0,0,0
2903802,0,0,0
2804761,0,0,0
2975962,0,0,0
2986279,0,0,0
1487865,0,0,0
904291,0,0,0
3026433,0,0,0
3448653,0,0,0
2903596,0,0,0
2997793,0,0,0
2932244,0,0,0
1211322,0,0,0
2847989,0,0,0
3041175,0,0,0
2817409,0,0,0
3127706,0,0,0
2714943,0,0,0
1793,0,0,0
2712970,0,0,0
1842533,0,0,0
158787,0,0,0
2493679,0,0,0
2830667,0,0,0
2903588,0,0,0
1309411,0,0,0
2903655,0,0,0
2979868,0,0,0
3374554,0,0,0
2975997,0,0,0
3067275,0,0,0
2733487,0,0,0
2929512,0,0,0
2725477,0,0,0
2929489,0,0,0
1952,0,0,0
248026,0,0,0
3156398,0,0,0
2733985,0,0,0
84112,0,0,0
1968541,0,0,0
564369,0,0,0
1216886,0,0,0
3095341,0,0,0
2903844,0,0,0
2020486,0,0,0
75692,0,0,0
388357,0,0,0
285558,0,0,0
2575374,0,0,0
2971235,0,0,0
2072936,0,0,0
3138181,0,0,0
3032579,0,0,0
1802,0,0,0
3033387,0,0,0
1871031,0,0,0
2904243,0,0,0
930,0,0,0
67305,0,0,0
104623,0,0,0
376490,0,0,0
2995141,0,0,0
1351702,0,0,0
1511895,0,0,0
3402865,0,0,0
3121290,0,0,0
38308,0,0,0
1842540,0,0,0
755307,0,0,0
2879116,0,0,0
2903884,0,0,0
2686094,0,0,0
2976011,0,0,0
113107,0,0,0
78543,0,0,0
3129111,0,0,0
2614638,0,0,0
2319844,0,0,0
3434346,0,0,0
2883126,0,0,0
2559073,0,0,0
37923,0,0,0
2903638,0,0,0
3048452,0,0,0
2867516,0,0,0
2961896,0,0,0
3238632,0,0,0
3025670,0,0,0
2934937,0,0,0
2609252,0,0,0
2975989,0,0,0
3240930,0,0,0
96472,0,0,0
2903558,0,0,0
150026,0,0,0
1334193,0,0,0
2775496,0,0,0
3367743,0,0,0
2932182,0,0,0
2202149,0,0,0
1196056,0,0,0
3137451,0,0,0
2968083,0,0,0
1809410,0,0,0
387343,0,0,0
722731,0,0,0
3066134,0,0,0
2964669,0,0,0
2751179,0,0,0
2954092,0,0,0
1852373,0,0,0
2976001,0,0,0
3046274,0,0,0
3059713,0,0,0
2903772,0,0,0
2604537,0,0,0
53952,0,0,0
3142973,0,0,0
3095076,0,0,0
2975930,0,0,0
2823902,0,0,0
1573676,0,0,0
1316412,0,0,0
576926,0,0,0
414996,0,0,0
1974213,0,0,0
3081231,0,0,0
246273,0,0,0
2806989,0,0,0
1972134,0,0,0
2831967,0,0,0
2738125,0,0,0
3034022,0,0,0
3041497,0,0,0
3141789,0,0,0
3074108,0,0,0
709879,0,0,0
1871034,0,0,0
1407499,0,0,0
2026239,0,0,0
3019968,0,0,0
747656,0,0,0
3149179,0,0,0
1697,0,0,0
3415006,0,0,0
3160839,0,0,0
395598,0,0,0
2921504,0,0,0
2954607,0,0,0
2749078,0,0,0
2867236,0,0,0
3030830,0,0,0
2903865,0,0,0
3231270,0,0,0
47857,0,0,0
2903639,0,0,0
145458,0,0,0
3035476,0,0,0
3344550,0,0,0
2904123,0,0,0
1282863,0,0,0
2907241,0,0,0
2726185,0,0,0
3143496,0,0,0
3068634,0,0,0
85701,0,0,0
2856555,0,0,0
556325,0,0,0
2293838,0,0,0
1144307,0,0,0
3238303,0,0,0
58135,0,0,0
29571,0,0,0
2903599,0,0,0
392610,0,0,0
2781978,0,0,0
2053611,0,0,0
2541726,0,0,0
321846,0,0,0
2903755,0,0,0
2105,0,0,0
2954686,0,0,0
47493,0,0,0
2975740,0,0,0
3369522,0,0,0
3034028,0,0,0
2975996,0,0,0
651822,0,0,0
2975640,0,0,0
1179673,0,0,0
2290922,0,0,0
42256,0,0,0
229731,0,0,0
2996785,0,0,0
3438232,0,0,0
2969247,0,0,0
59750,0,0,0
2954685,0,0,0
2991074,0,0,0
111015,0,0,0
2709690,0,0,0
2891210,0,0,0
2822368,0,0,0
2866810,0,0,0
33903,0,0,0
1938604,0,0,0
1007105,0,0,0
2771436,0,0,0
2845949,0,0,0
3066305,0,0,0
1736691,0,0,0
2861284,0,0,0
3048607,0,0,0
3376142,0,0,0
571913,0,0,0
2704467,0,0,0
1920763,0,0,0
161895,0,0,0
2844309,0,0,0
2921648,0,0,0
86170,0,0,0
1759059,0,0,0
3066278,0,0,0
2695266,0,0,0
333966,0,0,0
2763498,0,0,0
3160842,0,0,0
1658671,0,0,0
626937,0,0,0
2045452,0,0,0
1658672,0,0,0
1133546,0,0,0
308754,0,0,0
1072463,0,0,0
915,0,0,0
3066224,0,0,0
2774015,0,0,0
2929494,0,0,0
3402691,0,0,0
887464,0,0,0
2874628,0,0,0
3115647,0,0,0
2975804,0,0,0
2615214,0,0,0
1705310,0,0,0
2921378,0,0,0
2975749,0,0,0
536018,0,0,0
2749844,0,0,0
2594473,0,0,0
1379270,0,0,0
316277,0,0,0
933080,0,0,0
296544,0,0,0
766224,0,0,0
2921610,0,0,0
2979468,0,0,0
2903593,0,0,0
3050258,0,0,0
2567884,0,0,0
3139326,0,0,0
2664893,0,0,0
1542730,0,0,0
1653476,0,0,0
3436238,0,0,0
475088,0,0,0
68219,0,0,0
1851514,0,0,0
131110,0,0,0
1605721,0,0,0
3063951,0,0,0
80869,0,0,0
2267833,0,0,0
585455,0,0,0
2497325,0,0,0
2661583,0,0,0
2590774,0,0,0
3081204,0,0,0
55148,0,0,0
36813,0,0,0
3077916,0,0,0
1921001,0,0,0
516702,0,0,0
3028808,0,0,0
3133326,0,0,0
2876939,0,0,0
2730359,0,0,0
2675218,0,0,0
305719,0,0,0
2903674,0,0,0
2767222,0,0,0
33922,0,0,0
2804917,0,0,0
3115209,0,0,0
37921,0,0,0
2759943,0,0,0
3136634,0,0,0
213419,0,0,0
2886361,0,0,0
2913502,0,0,0
2903705,0,0,0
2789739,0,0,0
2987751,0,0,0
2921639,0,0,0
2224,0,0,0
3051832,0,0,0
1781,0,0,0
511062,0,0,0
2997335,0,0,0
3114367,0,0,0
3136561,0,0,0
3141461,0,0,0
1933044,0,0,0
2995142,0,0,0
1884904,0,0,0
3127120,0,0,0
2893890,0,0,0
2478662,0,0,0
1479019,0,0,0
3228751,0,0,0
3445768,0,0,0
3133323,0,0,0
1678237,0,0,0
379893,0,0,0
1805840,0,0,0
2918899,0,0,0
169669,0,0,0
2364649,0,0,0
869889,0,0,0
267212,0,0,0
860353,0,0,0
3401630,0,0,0
2480810,0,0,0
40989,0,0,0
56957,0,0,0
2956797,0,0,0
3342488,0,0,0
32062,0,0,0
274537,0,0,0
2599293,0,0,0
2558918,0,0,0
3066321,0,0,0
1457141,0,0,0
2964670,0,0,0
3093862,0,0,0
3110288,0,0,0
2975999,0,0,0
3066322,0,0,0
1431246,0,0,0
3082544,0,0,0
1793872,0,0,0
3023370,0,0,0
3349631,0,0,0
2054919,0,0,0
468916,0,0,0
578923,0,0,0
2968084,0,0,0
2576922,0,0,0
176292,0,0,0
110163,0,0,0
59406,0,0,0
441500,0,0,0
33889,0,0,0
3048606,0,0,0
392593,0,0,0
3239957,0,0,0
2904129,0,0,0
2949307,0,0,0
574964,0,0,0
2021971,0,0,0
2954703,0,0,0
3050197,0,0,0
39694,0,0,0
29542,0,0,0
1930764,0,0,0
3061627,0,0,0
2975992,0,0,0
1136941,0,0,0
3049072,0,0,0
2732594,0,0,0
3436237,0,0,0
2902623,0,0,0
3447510,0,0,0
2730360,0,0,0
266061,0,0,0
3463359,0,0,0
1364945,0,0,0
3034023,0,0,0
208439,0,0,0
1508644,0,0,0
3004105,0,0,0
2760308,0,0,0
2759167,0,0,0
3093660,0,0,0
3016419,0,0,0
1242174,0,0,0
2975946,0,0,0
2840373,0,0,0
2903762,0,0,0
2749086,0,0,0
1711,0,0,0
3231492,0,0,0
3238633,0,0,0
2742639,0,0,0
2773299,0,0,0
2930198,0,0,0
2654191,0,0,0
1765219,0,0,0
2707299,0,0,0
1229,0,0,0
83984,0,0,0
2903671,0,0,0
3396310,0,0,0
45065,0,0,0
3133695,0,0,0
3097255,0,0,0
1356852,0,0,0
2975993,0,0,0
576784,0,0,0
3025315,0,0,0
1072256,0,0,0
67296,0,0,0
269261,0,0,0
59932,0,0,0
1050,0,0,0
2487929,0,0,0
2976236,0,0,0
2975914,0,0,0
1938841,0,0,0
3394331,0,0,0
502821,0,0,0
2199,0,0,0
3025663,0,0,0
2023229,0,0,0
2927979,0,0,0
1550024,0,0,0
1920171,0,0,0
33887,0,0,0
3428192,0,0,0
3052626,0,0,0
2082386,0,0,0
351745,0,0,0
3157334,0,0,0
3234200,0,0,0
1287523,0,0,0
2565556,0,0,0
2961571,0,0,0
2502843,0,0,0
3033386,0,0,0
2866279,0,0,0
17,0,0,0
2975917,0,0,0
3404050,0,0,0
2880932,0,0,0
590652,0,0,0
3053610,0,0,0
3058602,0,0,0
2321394,0,0,0
3243021,0,0,0
3127701,0,0,0
2995658,0,0,0
84109,0,0,0
3066285,0,0,0
1794,0,0,0
2774834,0,0,0
1783348,0,0,0
36808,0,0,0
2734095,0,0,0
2816475,0,0,0
678601,0,0,0
2508880,0,0,0
3350177,0,0,0
2981135,0,0,0
2762748,0,0,0
1273541,0,0,0
3383024,0,0,0
320497,0,0,0
1856685,0,0,0
2742601,0,0,0
3383589,0,0,0
47920,0,0,0
2953657,0,0,0
1389922,0,0,0
2903895,0,0,0
2995143,0,0,0
60920,0,0,0
3028295,0,0,0
1223514,0,0,0
1404244,0,0,0
2662033,0,0,0
3023517,0,0,0
2975853,0,0,0
2719023,0,0,0
2903779,0,0,0
3411355,0,0,0
1335746,0,0,0
3243381,0,0,0
2986424,0,0,0
430531,0,0,0
2716717,0,0,0
2815936,0,0,0
2675793,0,0,0
3061626,0,0,0
1837283,0,0,0
2975674,0,0,0
3240774,0,0,0
2585135,0,0,0
3077925,0,0,0
3078084,0,0,0
709878,0,0,0
487173,0,0,0
1727196,0,0,0
2895565,0,0,0
3026425,0,0,0
2782568,0,0,0
54120,0,0,0
3038979,0,0,0
1218492,0,0,0
2983230,0,0,0
1866325,0,0,0
1506334,0,0,0
3238623,0,0,0
2382163,0,0,0
2591003,0,0,0
2675524,0,0,0
3404127,0,0,0
2170403,0,0,0
1050714,0,0,0
98671,0,0,0
3158173,0,0,0
2944128,0,0,0
3027808,0,0,0
1604335,0,0,0
3133294,0,0,0
2903834,0,0,0
1933904,0,0,0
35787,0,0,0
141349,0,0,0
266062,0,0,0
971279,0,0,0
1659192,0,0,0
2981139,0,0,0
3136601,0,0,0
1341,0,0,0
2972479,0,0,0
114880,0,0,0
2014537,0,0,0
3239976,0,0,0
1930058,0,0,0
875808,0,0,0
2975322,0,0,0
3135264,0,0,0
2954236,0,0,0
1442032,0,0,0
658666,0,0,0
1357074,0,0,0
1183413,0,0,0
2904252,0,0,0
2828286,0,0,0
2133959,0,0,0
2730847,0,0,0
3027225,0,0,0
3239420,0,0,0
1632772,0,0,0
38305,0,0,0
3409687,0,0,0
2956013,0,0,0
2903581,0,0,0
2320867,0,0,0
257758,0,0,0
2813744,0,0,0
69221,0,0,0
2856522,0,0,0
2975859,0,0,0
2774663,0,0,0
2692233,0,0,0
3142634,0,0,0
3108484,0,0,0
84025,0,0,0
3048365,0,0,0
56464,0,0,0
2953998,0,0,0
2485784,0,0,0
1737515,0,0,0
3062461,0,0,0
2921720,0,0,0
408015,0,0,0
2956579,0,0,0
3066248,0,0,0
1930532,0,0,0
2675219,0,0,0
1795630,0,0,0
2923366,0,0,0
3029274,0,0,0
3051218,0,0,0
2505977,0,0,0
3066139,0,0,0
2975800,0,0,0
3035280,0,0,0
1232427,0,0,0
2886821,0,0,0
1938353,0,0,0
545619,0,0,0
405,0,0,0
2903702,0,0,0
2781962,0,0,0
2903587,0,0,0
2911970,0,0,0
3432425,0,0,0
2962632,0,0,0
3064284,0,0,0
2879107,0,0,0
3390729,0,0,0
2827099,0,0,0
2954613,0,0,0
2733571,0,0,0
2907242,0,0,0
1636610,0,0,0
293388,0,0,0
3003351,0,0,0
1778,0,0,0
3053466,0,0,0
3050324,0,0,0
2773266,0,0,0
2921673,0,0,0
3430559,0,0,0
2666185,0,0,0
2099694,0,0,0
3463856,0,0,0
1898738,0,0,0
2953753,0,0,0
51229,0,0,0
1632019,0,0,0
3028316,0,0,0
884684,0,0,0
2903560,0,0,0
169177,0,0,0
3133305,0,0,0
107445,0,0,0
3153752,0,0,0
2364647,0,0,0
3395917,0,0,0
2956255,0,0,0
3141540,0,0,0
2903830,0,0,0
2654193,0,0,0
2811788,0,0,0
2742133,0,0,0
3111325,0,0,0
2849039,0,0,0
1550733,0,0,0
1281578,0,0,0
3003271,0,0,0
2202254,0,0,0
161154,0,0,0
1789,0,0,0
246969,0,0,0
3140789,0,0,0
2962672,0,0,0
3243382,0,0,0
2844213,0,0,0
1089444,0,0,0
2998079,0,0,0
2571029,0,0,0
70856,0,0,0
1555112,0,0,0
1853276,0,0,0
2866382,0,0,0
3122055,0,0,0
2489213,0,0,0
574650,0,0,0
519081,0,0,0
261291,0,0,0
2734195,0,0,0
735,0,0,0
67348,0,0,0
2733654,0,0,0
2932250,0,0,0
3026420,0,0,0
253239,0,0,0
335476,0,0,0
2654192,0,0,0
3442642,0,0,0
3145017,0,0,0
3374555,0,0,0
3444503,0,0,0
29320,0,0,0
114528,0,0,0
67081,0,0,0
3038539,0,0,0
3388844,0,0,0
2955294,0,0,0
2864203,0,0,0
3242725,0,0,0
2072025,0,0,0
3053982,0,0,0
1274359,0,0,0
3406645,0,0,0
2878545,0,0,0
2975894,0,0,0
3135258,0,0,0
2083284,0,0,0
2716227,0,0,0
2993714,0,0,0
883811,0,0,0
2975986,0,0,0
3373610,0,0,0
498846,0,0,0
3047810,0,0,0
35789,0,0,0
2874282,0,0,0
47875,0,0,0
44010,0,0,0
2678518,0,0,0
2698828,0,0,0
2897774,0,0,0
499555,0,0,0
2809036,0,0,0
2903746,0,0,0
985052,0,0,0
2956010,0,0,0
2597659,0,0,0
2921361,0,0,0
560555,0,0,0
2599595,0,0,0
761804,0,0,0
2954079,0,0,0
3041098,0,0,0
3034358,0,0,0
512402,0,0,0
310037,0,0,0
3003265,0,0,0
367299,0,0,0
2505979,0,0,0
3392035,0,0,0
2681470,0,0,0
2903812,0,0,0
3404053,0,0,0
2562582,0,0,0
2954684,0,0,0
999183,0,0,0
2975976,0,0,0
3439061,0,0,0
3158172,0,0,0
1963862,0,0,0
1382,0,0,0
155194,0,0,0
925818,0,0,0
3149044,0,0,0
140098,0,0,0
3015150,0,0,0
47853,0,0,0
2903561,0,0,0
2067415,0,0,0
83559,0,0,0
2955861,0,0,0
571800,0,0,0
2675713,0,0,0
3243360,0,0,0
1390395,0,0,0
1768,0,0,0
1345,0,0,0
420953,0,0,0
3047866,0,0,0
2956308,0,0,0
3398213,0,0,0
10685,0,0,0
1664265,0,0,0
3433590,0,0,0
2880933,0,0,0
2782169,0,0,0
2842457,0,0,0
42237,0,0,0
2042057,0,0,0
249058,0,0,0
3243367,0,0,0
2903801,0,0,0
2811422,0,0,0
28128,0,0,0
283878,0,0,0
3032287,0,0,0
33883,0,0,0
2744520,0,0,0
1535208,0,0,0
3384787,0,0,0
1827742,0,0,0
1475485,0,0,0
132132,0,0,0
2989766,0,0,0
1843581,0,0,0
1871002,0,0,0
2925842,0,0,0
28264,0,0,0
1441723,0,0,0
2872648,0,0,0
3409688,0,0,0
2419771,0,0,0
3442646,0,0,0
2907545,0,0,0
1138587,0,0,0
2842345,0,0,0
225326,0,0,0
139208,0,0,0
235559,0,0,0
2955554,0,0,0
404941,0,0,0
2257,0,0,0
2940492,0,0,0
2853163,0,0,0
39122,0,0,0
1162966,0,0,0
2738409,0,0,0
1234680,0,0,0
413810,0,0,0
67362,0,0,0
361183,0,0,0
3375707,0,0,0
3344667,0,0,0
2903794,0,0,0
1090615,0,0,0
63745,0,0,0
38310,0,0,0
29573,0,0,0
3060698,0,0,0
1775880,0,0,0
2982691,0,0,0
165,0,0,0
427923,0,0,0
1659,0,0,0
2615203,0,0,0
3016050,0,0,0
132473,0,0,0
29314,0,0,0
3457358,0,0,0
2903814,0,0,0
182337,0,0,0
1853682,0,0,0
2962673,0,0,0
261936,0,0,0
645517,0,0,0
2656746,0,0,0
3093895,0,0,0
53437,0,0,0
2925837,0,0,0
1835254,0,0,0
1972846,0,0,0
202462,0,0,0
1532023,0,0,0
1648182,0,0,0
2033438,0,0,0
546160,0,0,0
3048337,0,0,0
676965,0,0,0
46429,0,0,0
3140242,0,0,0
2768834,0,0,0
2925843,0,0,0
3064901,0,0,0
2903798,0,0,0
2953890,0,0,0
334715,0,0,0
867076,0,0,0
2956338,0,0,0
1930593,0,0,0
3066300,0,0,0
29284,0,0,0
2975998,0,0,0
3448587,0,0,0
3138497,0,0,0
2903629,0,0,0
574649,0,0,0
100177,0,0,0
426114,0,0,0
2991728,0,0,0
2066479,0,0,0
2903887,0,0,0
2955383,0,0,0
2926850,0,0,0
413501,0,0,0
1851167,0,0,0
53406,0,0,0
3061628,0,0,0
1757,0,0,0
2652443,0,0,0
3451558,0,0,0
3055079,0,0,0
3243390,0,0,0
3068324,0,0,0
3074145,0,0,0
3059743,0,0,0
1964448,0,0,0
2917715,0,0,0
2921651,0,0,0
2079596,0,0,0
2175648,0,0,0
570267,0,0,0
2903838,0,0,0
2048898,0,0,0
1126236,0,0,0
3131999,0,0,0
993414,0,0,0
2895470,0,0,0
2921369,0,0,0
102684,0,0,0
3383591,0,0,0
1940555,0,0,0
2497162,0,0,0
1632,0,0,0
3398704,0,0,0
1232575,0,0,0
1565605,0,0,0
28123,0,0,0
3046382,0,0,0
1484693,0,0,0
3131926,0,0,0
3366808,0,0,0
3060460,0,0,0
2319843,0,0,0
2100422,0,0,0
2785912,0,0,0
2811108,0,0,0
1522174,0,0,0
1740264,0,0,0
1920424,0,0,0
2921435,0,0,0
1073996,0,0,0
2760310,0,0,0
2975317,0,0,0
2233998,0,0,0
758782,0,0,0
2975745,0,0,0
2220095,0,0,0
3384240,0,0,0
2528037,0,0,0
2592654,0,0,0
2057246,0,0,0
3373674,0,0,0
2017484,0,0,0
3066293,0,0,0
2745230,0,0,0
28026,0,0,0
2170044,0,0,0
2583822,0,0,0
2737050,0,0,0
1932,0,0,0
283877,0,0,0
1454753,0,0,0
1743159,0,0,0
85968,0,0,0
3402707,0,0,0
3350244,0,0,0
2663847,0,0,0
29447,0,0,0
2027911,0,0,0
2903871,0,0,0
456163,0,0,0
2518644,0,0,0
869888,0,0,0
3080012,0,0,0
2963433,0,0,0
2282309,0,0,0
1299,0,0,0
219745,0,0,0
2843870,0,0,0
2812000,0,0,0
1198301,0,0,0
80880,0,0,0
2594265,0,0,0
1538159,0,0,0
1344094,0,0,0
2743089,0,0,0
69220,0,0,0
212,0,0,0
2975753,0,0,0
3234853,0,0,0
367282,0,0,0
2734,0,0,0
2845939,0,0,0
1132417,0,0,0
3378074,0,0,0
2993430,0,0,0
2903594,0,0,0
2876713,0,0,0
642926,0,0,0
2003368,0,0,0
2796141,0,0,0
1724,0,0,0
79967,0,0,0
309891,0,0,0
2903815,0,0,0
1874539,0,0,0
2846672,0,0,0
412593,0,0,0
2831968,0,0,0
3423201,0,0,0
2560335,0,0,0
3047478,0,0,0
3079935,0,0,0
2982694,0,0,0
2057743,0,0,0
3373596,0,0,0
3059027,0,0,0
1784,0,0,0
3420950,0,0,0
3016089,0,0,0
309887,0,0,0
52227,0,0,0
640030,0,0,0
3418418,0,0,0
1603258,0,0,0
2733924,0,0,0
3044399,0,0,0
2975656,0,0,0
1380432,0,0,0
1105204,0,0,0
3133321,0,0,0
1644131,0,0,0
1662285,0,0,0
3066310,0,0,0
3066299,0,0,0
2970891,0,0,0
31964,0,0,0
2492396,0,0,0
3043445,0,0,0
121872,0,0,0
2936799,0,0,0
2759705,0,0,0
2968086,0,0,0
2908648,0,0,0
3034026,0,0,0
743699,0,0,0
2586643,0,0,0
2985506,0,0,0
267375,0,0,0
3049073,0,0,0
1458492,0,0,0
347209,0,0,0
1796469,0,0,0
281739,0,0,0
2161803,0,0,0
152297,0,0,0
3230984,0,0,0
3233380,0,0,0
3404047,0,0,0
2675216,0,0,0
69370,0,0,0
2715232,0,0,0
3049801,0,0,0
1646,0,0,0
3051998,0,0,0
345632,0,0,0
2962597,0,0,0
67267,0,0,0
62319,0,0,0
2856338,0,0,0
747457,0,0,0
871584,0,0,0
3426936,0,0,0
3050298,0,0,0
2879619,0,0,0
2961570,0,0,0
2931983,0,0,0
2933777,0,0,0
3059822,0,0,0
3064287,0,0,0
2508289,0,0,0
468914,0,0,0
2911853,0,0,0
3133286,0,0,0
1048396,0,0,0
122355,0,0,0
2247,0,0,0
2961939,0,0,0
186192,0,0,0
1871049,0,0,0
1853699,0,0,0
3445779,0,0,0
3115848,0,0,0
3423221,0,0,0
1701090,0,0,0
1769,0,0,0
3418421,0,0,0
3374550,0,0,0
2052056,0,0,0
301375,0,0,0
2921718,0,0,0
2986803,0,0,0
1884916,0,0,0
3032584,0,0,0
3127459,0,0,0
38290,0,0,0
3023076,0,0,0
203263,0,0,0
300028,0,0,0
3115001,0,0,0
3096010,0,0,0
2606451,0,0,0
3383590,0,0,0
328692,0,0,0
2316085,0,0,0
1955814,0,0,0
2961598,0,0,0
1982577,0,0,0
46679,0,0,0
3138179,0,0,0
3381355,0,0,0
3066130,0,0,0
238800,0,0,0
2734141,0,0,0
2884455,0,0,0
712411,0,0,0
3237372,0,0,0
1795888,0,0,0
1982225,0,0,0
3061632,0,0,0
114707,0,0,0
1947037,0,0,0
1495650,0,0,0
2080740,0,0,0
279828,0,0,0
3446693,0,0,0
1229164,0,0,0
153731,0,0,0
2879617,0,0,0
899,0,0,0
56450,0,0,0
1629550,0,0,0
2887345,0,0,0
2933290,0,0,0
1573711,0,0,0
373540,0,0,0
2956300,0,0,0
2771430,0,0,0
683150,0,0,0
141389,0,0,0
683047,0,0,0
3095608,0,0,0
266805,0,0,0
2975692,0,0,0
1231063,0,0,0
3374103,0,0,0
3068506,0,0,0
1902245,0,0,0
3060540,0,0,0
1340801,0,0,0
1936029,0,0,0
200252,0,0,0
2259638,0,0,0
2732590,0,0,0
1499686,0,0,0
490759,0,0,0
157779,0,0,0
2931975,0,0,0
2201356,0,0,0
3066173,0,0,0
3388490,0,0,0
739,0,0,0
409290,0,0,0
634,0,0,0
2843753,0,0,0
3416181,0,0,0
3412482,0,0,0
2714355,0,0,0
2903856,0,0,0
2866627,0,0,0
3418416,0,0,0
286802,0,0,0
2975624,0,0,0
479978,0,0,0
156978,0,0,0
2911495,0,0,0
2755559,0,0,0
1852377,0,0,0
1871019,0,0,0
2079793,0,0,0
1785145,0,0,0
1806885,0,0,0
2711328,0,0,0
199136,0,0,0
2201,0,0,0
651457,0,0,0
1750535,0,0,0
2604158,0,0,0
2866201,0,0,0
3239978,0,0,0
2596912,0,0,0
712435,0,0,0
131112,0,0,0
2518599,0,0,0
2903579,0,0,0
162393,0,0,0
2841594,0,0,0
2058657,0,0,0
2714931,0,0,0
2903670,0,0,0
3156399,0,0,0
2609255,0,0,0
2026240,0,0,0
2560010,0,0,0
3391182,0,0,0
35786,0,0,0
2107708,0,0,0
2675054,0,0,0
122420,0,0,0
3066238,0,0,0
2608867,0,0,0
2954064,0,0,0
2813727,0,0,0
69963,0,0,0
2976676,0,0,0
75291,0,0,0
2722751,0,0,0
229980,0,0,0
2991729,0,0,0
3373597,0,0,0
2496867,0,0,0
2282475,0,0,0
2975855,0,0,0
59299,0,0,0
3074146,0,0,0
1573719,0,0,0
3239961,0,0,0
3004129,0,0,0
1897061,0,0,0
1682490,0,0,0
3060212,0,0,0
2983222,0,0,0
2895493,0,0,0
2997426,0,0,0
3445784,0,0,0
3028711,0,0,0
2745504,0,0,0
2830995,0,0,0
743836,0,0,0
2811781,0,0,0
1884913,0,0,0
370764,0,0,0
2955344,0,0,0
3230994,0,0,0
3239904,0,0,0
164516,0,0,0
52771,0,0,0
1003114,0,0,0
2903672,0,0,0
3434457,0,0,0
3029060,0,0,0
1610493,0,0,0
2843645,0,0,0
2965074,0,0,0
2775920,0,0,0
2072409,0,0,0
2850561,0,0,0
3439066,0,0,0
362457,0,0,0
2763257,0,0,0
35773,0,0,0
3064161,0,0,0
657642,0,0,0
1795832,0,0,0
2691580,0,0,0
262324,0,0,0
2184519,0,0,0
712270,0,0,0
2201999,0,0,0
2081051,0,0,0
1804624,0,0,0
2689102,0,0,0
2683680,0,0,0
2949614,0,0,0
2558174,0,0,0
3048583,0,0,0
2778055,0,0,0
1844971,0,0,0
3016342,0,0,0
92490,0,0,0
3014995,0,0,0
3133274,0,0,0
3133301,0,0,0
2903586,0,0,0
73919,0,0,0
55779,0,0,0
163003,0,0,0
3433539,0,0,0
1674922,0,0,0
2610902,0,0,0
1486991,0,0,0
339268,0,0,0
3461144,0,0,0
33053,0,0,0
1633,0,0,0
3398356,0,0,0
1715989,0,0,0
3351346,0,0,0
2718620,0,0,0
68280,0,0,0
2992837,0,0,0
2975634,0,0,0
3049799,0,0,0
2770551,0,0,0
1710539,0,0,0
3445774,0,0,0
1780,0,0,0
3133296,0,0,0
59561,0,0,0
56956,0,0,0
3117733,0,0,0
71998,0,0,0
1177712,0,0,0
10683,0,0,0
2719119,0,0,0
126673,0,0,0
3388491,0,0,0
2094151,0,0,0
91915,0,0,0
216142,0,0,0
2861288,0,0,0
2714945,0,0,0
2895486,0,0,0
3374281,0,0,0
1684483,0,0,0
2772401,0,0,0
2876194,0,0,0
2173831,0,0,0
675090,0,0,0
3229275,0,0,0
2932253,0,0,0
2903869,0,0,0
3458249,0,0,0
326523,0,0,0
445930,0,0,0
3066214,0,0,0
3411633,0,0,0
1366055,0,0,0
2483360,0,0,0
3093767,0,0,0
3090665,0,0,0
3429804,0,0,0
3451557,0,0,0
3395314,0,0,0
1458425,0,0,0
1868734,0,0,0
1671680,0,0,0
2922394,0,0,0
2969672,0,0,0
68233,0,0,0
927614,0,0,0
3133295,0,0,0
2842349,0,0,0
119981,0,0,0
578928,0,0,0
43617,0,0,0
2968968,0,0,0
1761789,0,0,0
2796366,0,0,0
2483401,0,0,0
2785056,0,0,0
61,0,0,0
2774706,0,0,0
2846098,0,0,0
1503055,0,0,0
2925318,0,0,0
40990,0,0,0
1494608,0,0,0
2585119,0,0,0
3022769,0,0,0
35746,0,0,0
359303,0,0,0
3140252,0,0,0
3433538,0,0,0
2774460,0,0,0
866786,0,0,0
3066297,0,0,0
3398358,0,0,0
274539,0,0,0
3096996,0,0,0
2750620,0,0,0
29539,0,0,0
178339,0,0,0
2608999,0,0,0
2903893,0,0,0
2903660,0,0,0
2903714,0,0,0
3111768,0,0,0
3016097,0,0,0
3002742,0,0,0
2864207,0,0,0
487529,0,0,0
1705617,0,0,0
415421,0,0,0
2961994,0,0,0
2716879,0,0,0
3230998,0,0,0
3433200,0,0,0
118126,0,0,0
1586232,0,0,0
78258,0,0,0
3240766,0,0,0
2903820,0,0,0
1169025,0,0,0
2851649,0,0,0
3435230,0,0,0
2795215,0,0,0
2071627,0,0,0
1288494,0,0,0
2992242,0,0,0
230709,0,0,0
1806216,0,0,0
2499157,0,0,0
2895485,0,0,0
2903766,0,0,0
3066281,0,0,0
2784880,0,0,0
629680,0,0,0
2675099,0,0,0
1462996,0,0,0
3098076,0,0,0
3122488,0,0,0
3066319,0,0,0
2560831,0,0,0
1499308,0,0,0
2992573,0,0,0
2161816,0,0,0
31965,0,0,0
2316359,0,0,0
2652803,0,0,0
1323731,0,0,0
2211106,0,0,0
2781952,0,0,0
2886505,0,0,0
2734369,0,0,0
289370,0,0,0
376620,0,0,0
177758,0,0,0
38302,0,0,0
3398212,0,0,0
3003619,0,0,0
3038545,0,0,0
266009,0,0,0
1720526,0,0,0
1922544,0,0,0
653940,0,0,0
3379815,0,0,0
2771362,0,0,0
43990,0,0,0
54914,0,0,0
3404115,0,0,0
3388566,0,0,0
2170045,0,0,0
1715285,0,0,0
3020716,0,0,0
2055947,0,0,0
1611770,0,0,0
56877,0,0,0
368607,0,0,0
3131931,0,0,0
3045157,0,0,0
2870860,0,0,0
1478019,0,0,0
3238624,0,0,0
3074897,0,0,0
67326,0,0,0
2500546,0,0,0
2592652,0,0,0
273678,0,0,0
1394,0,0,0
1938334,0,0,0
2864102,0,0,0
2060092,0,0,0
1926968,0,0,0
3050269,0,0,0
52774,0,0,0
2861279,0,0,0
83986,0,0,0
3090699,0,0,0
3016091,0,0,0
2813778,0,0,0
453836,0,0,0
2055893,0,0,0
3047786,0,0,0
35817,0,0,0
1017351,0,0,0
2681308,0,0,0
3009083,0,0,0
3140250,0,0,0
83456,0,0,0
3341830,0,0,0
3404049,0,0,0
1414719,0,0,0
3230978,0,0,0
502394,0,0,0
2025658,0,0,0
2979331,0,0,0
1667,0,0,0
3426548,0,0,0
1971485,0,0,0
762660,0,0,0
2903646,0,0,0
2745518,0,0,0
2025659,0,0,0
658401,0,0,0
52773,0,0,0
1984781,0,0,0
3430779,0,0,0
3432517,0,0,0
3052803,0,0,0
3428771,0,0,0
167957,0,0,0
2975980,0,0,0
794846,0,0,0
2814653,0,0,0
3238628,0,0,0
2967224,0,0,0
67255,0,0,0
2975966,0,0,0
444597,0,0,0
2975979,0,0,0
1282737,0,0,0
3026162,0,0,0
2734120,0,0,0
3066184,0,0,0
38303,0,0,0
3048149,0,0,0
1704076,0,0,0
3116482,0,0,0
1661694,0,0,0
44752,0,0,0
1849032,0,0,0
194197,0,0,0
35757,0,0,0
3155932,0,0,0
3394855,0,0,0
3115152,0,0,0
2921432,0,0,0
1131462,0,0,0
3114695,0,0,0
3051617,0,0,0
2762577,0,0,0
3068275,0,0,0
2843303,0,0,0
1040979,0,0,0
3448171,0,0,0
743009,0,0,0
3132259,0,0,0
3459136,0,0,0
2995145,0,0,0
3109564,0,0,0
211502,0,0,0
555573,0,0,0
3136739,0,0,0
3031998,0,0,0
260149,0,0,0
3047383,0,0,0
512298,0,0,0
3112558,0,0,0
2338327,0,0,0
1909299,0,0,0
2746321,0,0,0
2975849,0,0,0
1437453,0,0,0
2746961,0,0,0
67294,0,0,0
2663859,0,0,0
1906274,0,0,0
2994664,0,0,0
745408,0,0,0
3066235,0,0,0
2709394,0,0,0
2914983,0,0,0
1807141,0,0,0
132919,0,0,0
2841303,0,0,0
472569,0,0,0
3423951,0,0,0
2104,0,0,0
2583374,0,0,0
191610,0,0,0
2560269,0,0,0
277,0,0,0
3428186,0,0,0
1871043,0,0,0
588898,0,0,0
3234138,0,0,0
2576356,0,0,0
459858,0,0,0
1550728,0,0,0
2661553,0,0,0
3020055,0,0,0
1577075,0,0,0
3015156,0,0,0
59737,0,0,0
2675787,0,0,0
2006980,0,0,0
3230995,0,0,0
3430721,0,0,0
2903831,0,0,0
28028,0,0,0
2684212,0,0,0
101534,0,0,0
1839798,0,0,0
2921415,0,0,0
3024576,0,0,0
2903898,0,0,0
3427283,0,0,0
2614442,0,0,0
3053904,0,0,0
54006,0,0,0
1435347,0,0,0
2867026,0,0,0
515415,0,0,0
1272,0,0,0
2785123,0,0,0
2779519,0,0,0
1283291,0,0,0
3051615,0,0,0
2069255,0,0,0
492,0,0,0
2489212,0,0,0
1855613,0,0,0
1825069,0,0,0
3066168,0,0,0
2751478,0,0,0
54077,0,0,0
2986280,0,0,0
85085,0,0,0
2956108,0,0,0
3048493,0,0,0
3075222,0,0,0
2927875,0,0,0
3140248,0,0,0
2609258,0,0,0
3163031,0,0,0
3016092,0,0,0
2033033,0,0,0
2952152,0,0,0
2813780,0,0,0
1884915,0,0,0
2282148,0,0,0
2570351,0,0,0
2895487,0,0,0
46355,0,0,0
488729,0,0,0
223392,0,0,0
2956223,0,0,0
2733930,0,0,0
753084,0,0,0
3116480,0,0,0
876364,0,0,0
2563662,0,0,0
3047695,0,0,0
3052630,0,0,0
2953747,0,0,0
2570468,0,0,0
2849642,0,0,0
1428684,0,0,0
2067959,0,0,0
3410924,0,0,0
1175445,0,0,0
3424718,0,0,0
2799325,0,0,0
3239284,0,0,0
202862,0,0,0
2875948,0,0,0
156977,0,0,0
2739057,0,0,0
1855377,0,0,0
3052510,0,0,0
3047353,0,0,0
2864213,0,0,0
33075,0,0,0
2518343,0,0,0
3391579,0,0,0
2979330,0,0,0
2769078,0,0,0
2859227,0,0,0
3003247,0,0,0
754514,0,0,0
3430773,0,0,0
361111,0,0,0
3048629,0,0,0
3050266,0,0,0
3425947,0,0,0
2724122,0,0,0
3133310,0,0,0
556499,0,0,0
3135263,0,0,0
3050069,0,0,0
1913979,0,0,0
3230986,0,0,0
307580,0,0,0
3077723,0,0,0
2929493,0,0,0
2754727,0,0,0
2972775,0,0,0
548913,0,0,0
361575,0,0,0
3344879,0,0,0
2951138,0,0,0
2175621,0,0,0
3075124,0,0,0
3043447,0,0,0
195522,0,0,0
1889240,0,0,0
3235106,0,0,0
1206777,0,0,0
2781022,0,0,0
3068889,0,0,0
2975733,0,0,0
2975747,0,0,0
36805,0,0,0
2761047,0,0,0
71254,0,0,0
3047947,0,0,0
2565366,0,0,0
3235111,0,0,0
2976335,0,0,0
807,0,0,0
2824910,0,0,0
2875729,0,0,0
349751,0,0,0
62320,0,0,0
2072407,0,0,0
2903757,0,0,0
3231942,0,0,0
3078227,0,0,0
1176198,0,0,0
3140787,0,0,0
2811421,0,0,0
1644129,0,0,0
2949630,0,0,0
3139315,0,0,0
3060756,0,0,0
1507808,0,0,0
497725,0,0,0
3432031,0,0,0
2876193,0,0,0
1603886,0,0,0
464988,0,0,0
2204145,0,0,0
3418365,0,0,0
56636,0,0,0
1667168,0,0,0
2169883,0,0,0
1380362,0,0,0
554344,0,0,0
2797167,0,0,0
3049069,0,0,0
3019890,0,0,0
2175620,0,0,0
2768071,0,0,0
2600159,0,0,0
3162566,0,0,0
3033388,0,0,0
634121,0,0,0
3066217,0,0,0
496857,0,0,0
110933,0,0,0
44930,0,0,0
1932360,0,0,0
358766,0,0,0
3113369,0,0,0
2879621,0,0,0
2560545,0,0,0
2883169,0,0,0
2940301,0,0,0
2094119,0,0,0
2842357,0,0,0
157782,0,0,0
2884874,0,0,0
2903827,0,0,0
114687,0,0,0
3242192,0,0,0
2175645,0,0,0
2862880,0,0,0
2585717,0,0,0
3415672,0,0,0
2779775,0,0,0
3018339,0,0,0
155537,0,0,0
3059911,0,0,0
951,0,0,0
2992843,0,0,0
2490633,0,0,0
285676,0,0,0
3033389,0,0,0
3431241,0,0,0
142058,0,0,0
2734115,0,0,0
3377125,0,0,0
2650745,0,0,0
326927,0,0,0
3051120,0,0,0
157339,0,0,0
34020,0,0,0
2734158,0,0,0
94694,0,0,0
2610895,0,0,0
3095337,0,0,0
3032281,0,0,0
2726956,0,0,0
488446,0,0,0
2918299,0,0,0
1458426,0,0,0
3075197,0,0,0
2975765,0,0,0
1736046,0,0,0
3093850,0,0,0
3075620,0,0,0
2663121,0,0,0
1490225,0,0,0
2949995,0,0,0
88724,0,0,0
28109,0,0,0
2879622,0,0,0
230143,0,0,0
2496837,0,0,0
3138178,0,0,0
2580515,0,0,0
36874,0,0,0
2740515,0,0,0
3047677,0,0,0
172827,0,0,0
3142537,0,0,0
2056231,0,0,0
2903780,0,0,0
84163,0,0,0
2955844,0,0,0
2560336,0,0,0
33871,0,0,0
2053930,0,0,0
3024399,0,0,0
3130163,0,0,0
321318,0,0,0
2994493,0,0,0
3414495,0,0,0
2903781,0,0,0
2903749,0,0,0
2817475,0,0,0
638619,0,0,0
3139323,0,0,0
674079,0,0,0
2955292,0,0,0
2996261,0,0,0
43665,0,0,0
2478464,0,0,0
1921710,0,0,0
3230997,0,0,0
3450718,0,0,0
2949629,0,0,0
2609415,0,0,0
66892,0,0,0
2708084,0,0,0
1605379,0,0,0
1702170,0,0,0
1194427,0,0,0
529884,0,0,0
3433523,0,0,0
712310,0,0,0
337243,0,0,0
2937524,0,0,0
3381348,0,0,0
1870985,0,0,0
105751,0,0,0
3016343,0,0,0
712157,0,0,0
2996112,0,0,0
2921430,0,0,0
2749058,0,0,0
2745490,0,0,0
2903675,0,0,0
53374,0,0,0
3060828,0,0,0
2962888,0,0,0
2055955,0,0,0
758826,0,0,0
2969820,0,0,0
3041765,0,0,0
2795488,0,0,0
1734031,0,0,0
863575,0,0,0
3055869,0,0,0
1121358,0,0,0
2968475,0,0,0
2734111,0,0,0
2955969,0,0,0
3059995,0,0,0
3426937,0,0,0
3043847,0,0,0
1758398,0,0,0
661191,0,0,0
1231049,0,0,0
2761623,0,0,0
1561022,0,0,0
2967300,0,0,0
1068590,0,0,0
2929495,0,0,0
3418422,0,0,0
1844051,0,0,0
2560334,0,0,0
3060397,0,0,0
3426175,0,0,0
2828862,0,0,0
1684,0,0,0
2975645,0,0,0
3120157,0,0,0
2652444,0,0,0
1710540,0,0,0
2490851,0,0,0
178606,0,0,0
3015166,0,0,0
310769,0,0,0
1547448,0,0,0
3119004,0,0,0
83560,0,0,0
3047860,0,0,0
2975977,0,0,0
1048758,0,0,0
2725684,0,0,0
2867408,0,0,0
3139336,0,0,0
67384,0,0,0
2044576,0,0,0
3066315,0,0,0
2955989,0,0,0
2956469,0,0,0
2956112,0,0,0
927,0,0,0
3366817,0,0,0
3074430,0,0,0
2932245,0,0,0
3136676,0,0,0
701042,0,0,0
1564114,0,0,0
38301,0,0,0
3239959,0,0,0
1750598,0,0,0
607712,0,0,0
3136737,0,0,0
227319,0,0,0
2603292,0,0,0
2785913,0,0,0
2014541,0,0,0
92245,0,0,0
1868655,0,0,0
135735,0,0,0
254785,0,0,0
2733906,0,0,0
2845399,0,0,0
2282206,0,0,0
2738852,0,0,0
2066049,0,0,0
1936021,0,0,0
2590775,0,0,0
2097,0,0,0
3060524,0,0,0
2843760,0,0,0
3050308,0,0,0
2850559,0,0,0
2853159,0,0,0
3042029,0,0,0
3230996,0,0,0
2934340,0,0,0
3047765,0,0,0
2678257,0,0,0
2979461,0,0,0
2954091,0,0,0
2760084,0,0,0
2778064,0,0,0
3132289,0,0,0
2175660,0,0,0
3016094,0,0,0
2175149,0,0,0
2250,0,0,0
1333523,0,0,0
2733943,0,0,0
3428500,0,0,0
1880678,0,0,0
1637869,0,0,0
3066283,0,0,0
2734135,0,0,0
2303750,0,0,0
2975778,0,0,0
3056647,0,0,0
3058903,0,0,0
1918723,0,0,0
3241450,0,0,0
2894156,0,0,0
2908651,0,0,0
2886938,0,0,0
3068341,0,0,0
2961597,0,0,0
366522,0,0,0
2895494,0,0,0
2903783,0,0,0
1546107,0,0,0
1924,0,0,0
2851646,0,0,0
2175641,0,0,0
619291,0,0,0
2017485,0,0,0
3109565,0,0,0
2978474,0,0,0
3117459,0,0,0
3069269,0,0,0
2675775,0,0,0
2282124,0,0,0
2954752,0,0,0
1316411,0,0,0
3066307,0,0,0
29292,0,0,0
2560476,0,0,0
1470347,0,0,0
3048630,0,0,0
1336740,0,0,0
2984142,0,0,0
3060716,0,0,0
1586712,0,0,0
3428816,0,0,0
3066296,0,0,0
1932881,0,0,0
2971236,0,0,0
2316720,0,0,0
2560631,0,0,0
417280,0,0,0
2956139,0,0,0
2955996,0,0,0
2271,0,0,0
3060804,0,0,0
3414496,0,0,0
2774459,0,0,0
2201355,0,0,0
1163398,0,0,0
1052,0,0,0
3398229,0,0,0
2565934,0,0,0
2816859,0,0,0
3385969,0,0,0
169765,0,0,0
134034,0,0,0
2982699,0,0,0
1839799,0,0,0
3031996,0,0,0
3032001,0,0,0
1852381,0,0,0
2954101,0,0,0
1862358,0,0,0
2755386,0,0,0
43659,0,0,0
2937790,0,0,0
220697,0,0,0
3384451,0,0,0
411483,0,0,0
2749071,0,0,0
3059030,0,0,0
2954096,0,0,0
3458058,0,0,0
3022791,0,0,0
1637862,0,0,0
573737,0,0,0
728066,0,0,0
1768108,0,0,0
81412,0,0,0
2909672,0,0,0
1182568,0,0,0
2935858,0,0,0
3398214,0,0,0
2975857,0,0,0
2955533,0,0,0
2733372,0,0,0
651740,0,0,0
2741499,0,0,0
2018052,0,0,0
54252,0,0,0
2964616,0,0,0
2921489,0,0,0
228574,0,0,0
3436239,0,0,0
931100,0,0,0
1863,0,0,0
1846278,0,0,0
2734134,0,0,0
2955562,0,0,0
3050350,0,0,0
3427847,0,0,0
3240497,0,0,0
1923706,0,0,0
1923698,0,0,0
2724121,0,0,0
3404059,0,0,0
1382803,0,0,0
920,0,0,0
194673,0,0,0
2995140,0,0,0
3042517,0,0,0
1357915,0,0,0
487568,0,0,0
2704652,0,0,0
2927224,0,0,0
2789208,0,0,0
307643,0,0,0
2956181,0,0,0
3031916,0,0,0
77635,0,0,0
3132096,0,0,0
70771,0,0,0
2978046,0,0,0
2734106,0,0,0
3388343,0,0,0
463024,0,0,0
3160749,0,0,0
2578107,0,0,0
156980,0,0,0
2722820,0,0,0
1500687,0,0,0
2066024,0,0,0
489,0,0,0
3435187,0,0,0
1987727,0,0,0
548914,0,0,0
10484,0,0,0
147206,0,0,0
1885674,0,0,0
2842350,0,0,0
1920990,0,0,0
67307,0,0,0
35780,0,0,0
2993314,0,0,0
113653,0,0,0
242703,0,0,0
2045011,0,0,0
2955765,0,0,0
2560554,0,0,0
2956556,0,0,0
2734008,0,0,0
2651199,0,0,0
3025782,0,0,0
2954587,0,0,0
232537,0,0,0
3060402,0,0,0
2501954,0,0,0
155925,0,0,0
2576923,0,0,0
2016373,0,0,0
1981173,0,0,0
1785161,0,0,0
3111774,0,0,0
3143537,0,0,0
2830997,0,0,0
2697563,0,0,0
3059080,0,0,0
3450454,0,0,0
2021,0,0,0
2953748,0,0,0
508460,0,0,0
2714951,0,0,0
3059730,0,0,0
3429958,0,0,0
2921370,0,0,0
3060323,0,0,0
3060634,0,0,0
3431515,0,0,0
3047759,0,0,0
3020907,0,0,0
2895491,0,0,0
2864204,0,0,0
686831,0,0,0
2782166,0,0,0
2873270,0,0,0
123320,0,0,0
745377,0,0,0
2931977,0,0,0
2873269,0,0,0
2864202,0,0,0
2058328,0,0,0
44822,0,0,0
3066306,0,0,0
2080449,0,0,0
1699371,0,0,0
1725232,0,0,0
2488819,0,0,0
1536648,0,0,0
121277,0,0,0
2955958,0,0,0
2955429,0,0,0
1173297,0,0,0
3427055,0,0,0
3428769,0,0,0
33074,0,0,0
3122489,0,0,0
2921710,0,0,0
3427970,0,0,0
3349632,0,0,0
2742613,0,0,0
2717697,0,0,0
332411,0,0,0
3446480,0,0,0
3049071,0,0,0
1793722,0,0,0
162496,0,0,0
43667,0,0,0
2782567,0,0,0
3064288,0,0,0
292462,0,0,0
2014528,0,0,0
1683,0,0,0
2872158,0,0,0
1853690,0,0,0
1453760,0,0,0
2675785,0,0,0
3394854,0,0,0
79604,0,0,0
184117,0,0,0
754058,0,0,0
2956698,0,0,0
3428200,0,0,0
3433814,0,0,0
224402,0,0,0
2576932,0,0,0
3141322,0,0,0
3028807,0,0,0
3075650,0,0,0
1186051,0,0,0
88916,0,0,0
2975748,0,0,0
68179,0,0,0
3077933,0,0,0
387341,0,0,0
3104265,0,0,0
2745494,0,0,0
2764185,0,0,0
1981031,0,0,0
1401995,0,0,0
85336,0,0,0
2894192,0,0,0
398694,0,0,0
3061629,0,0,0
3068310,0,0,0
2079535,0,0,0
2714935,0,0,0
2955711,0,0,0
2956060,0,0,0
53988,0,0,0
3240578,0,0,0
2842354,0,0,0
385025,0,0,0
3240788,0,0,0
2719989,0,0,0
3133281,0,0,0
228745,0,0,0
2733907,0,0,0
3059705,0,0,0
2955583,0,0,0
2734235,0,0,0
3043284,0,0,0
3161136,0,0,0
3418175,0,0,0
44750,0,0,0
3111776,0,0,0
223182,0,0,0
137545,0,0,0
3071081,0,0,0
3240095,0,0,0
258224,0,0,0
2830990,0,0,0
3400219,0,0,0
2423,0,0,0
2016361,0,0,0
2845137,0,0,0
2955986,0,0,0
2843993,0,0,0
3050251,0,0,0
1931371,0,0,0
1497848,0,0,0
1922892,0,0,0
362830,0,0,0
3003620,0,0,0
1819736,0,0,0
3073452,0,0,0
76860,0,0,0
2800128,0,0,0
2903811,0,0,0
708131,0,0,0
1332188,0,0,0
3047716,0,0,0
1053551,0,0,0
574987,0,0,0
3447363,0,0,0
3374104,0,0,0
670052,0,0,0
521392,0,0,0
2909229,0,0,0
3457577,0,0,0
712538,0,0,0
37636,0,0,0
2963434,0,0,0
2961574,0,0,0
90426,0,0,0
2845858,0,0,0
2955208,0,0,0
131081,0,0,0
65123,0,0,0
2956014,0,0,0
2841283,0,0,0
2956210,0,0,0
3048436,0,0,0
3047858,0,0,0
3234143,0,0,0
3455201,0,0,0
42862,0,0,0
355249,0,0,0
2955687,0,0,0
1147042,0,0,0
1649877,0,0,0
2993566,0,0,0
57664,0,0,0
2982524,0,0,0
2961595,0,0,0
2870840,0,0,0
2939415,0,0,0
2109687,0,0,0
42838,0,0,0
186171,0,0,0
160233,0,0,0
1980955,0,0,0
1663208,0,0,0
572290,0,0,0
2560706,0,0,0
1923378,0,0,0
3078442,0,0,0
1391455,0,0,0
3138237,0,0,0
721785,0,0,0
655307,0,0,0
2734126,0,0,0
2956343,0,0,0
3048221,0,0,0
267,0,0,0
38307,0,0,0
2745514,0,0,0
462710,0,0,0
2175666,0,0,0
358099,0,0,0
1960083,0,0,0
2951804,0,0,0
2675789,0,0,0
3131929,0,0,0
2953971,0,0,0
2975345,0,0,0
1548602,0,0,0
2983212,0,0,0
3448583,0,0,0
2956144,0,0,0
2955232,0,0,0
2955762,0,0,0
3060748,0,0,0
2126929,0,0,0
1923634,0,0,0
484,0,0,0
2853258,0,0,0
1231000,0,0,0
2709392,0,0,0
634157,0,0,0
2747817,0,0,0
2734052,0,0,0
2755398,0,0,0
3414707,0,0,0
3228746,0,0,0
3081770,0,0,0
3438964,0,0,0
3421173,0,0,0
3366812,0,0,0
2955726,0,0,0
2845178,0,0,0
1813599,0,0,0
933845,0,0,0
2565304,0,0,0
53410,0,0,0
2005046,0,0,0
3066143,0,0,0
2081049,0,0,0
2698900,0,0,0
2749050,0,0,0
3059035,0,0,0
680118,0,0,0
2956266,0,0,0
3060051,0,0,0
2845079,0,0,0
3050246,0,0,0
3050331,0,0,0
3241176,0,0,0
3051417,0,0,0
3133271,0,0,0
936337,0,0,0
1259258,0,0,0
2487344,0,0,0
152794,0,0,0
1851395,0,0,0
28049,0,0,0
2527867,0,0,0
869892,0,0,0
49899,0,0,0
1008460,0,0,0
2734371,0,0,0
768528,0,0,0
29433,0,0,0
2825975,0,0,0
265883,0,0,0
2039,0,0,0
2155,0,0,0
2560679,0,0,0
3427928,0,0,0
185588,0,0,0
2973088,0,0,0
556053,0,0,0
2859226,0,0,0
2057798,0,0,0
1111069,0,0,0
88190,0,0,0
35745,0,0,0
2876190,0,0,0
2875961,0,0,0
33994,0,0,0
742013,0,0,0
1721,0,0,0
2173174,0,0,0
3016096,0,0,0
311400,0,0,0
3427844,0,0,0
2733635,0,0,0
3068353,0,0,0
1980946,0,0,0
307466,0,0,0
342409,0,0,0
2170255,0,0,0
2730425,0,0,0
2986281,0,0,0
2079791,0,0,0
3447965,0,0,0
33905,0,0,0
2734634,0,0,0
2682776,0,0,0
2026885,0,0,0
1457250,0,0,0
3144666,0,0,0
647,0,0,0
931101,0,0,0
287948,0,0,0
2983213,0,0,0
78259,0,0,0
3031114,0,0,0
2956048,0,0,0
3060305,0,0,0
3430497,0,0,0
3060653,0,0,0
1655646,0,0,0
399742,0,0,0
2817414,0,0,0
2605424,0,0,0
83557,0,0,0
2921382,0,0,0
2025492,0,0,0
2594494,0,0,0
2890314,0,0,0
1671,0,0,0
3022127,0,0,0
108007,0,0,0
2269,0,0,0
2734145,0,0,0
3431480,0,0,0
3052670,0,0,0
3052684,0,0,0
1922860,0,0,0
1923643,0,0,0
3427966,0,0,0
3048408,0,0,0
278132,0,0,0
2737173,0,0,0
271,0,0,0
1602166,0,0,0
136094,0,0,0
3402017,0,0,0
3062275,0,0,0
43674,0,0,0
1816183,0,0,0
2560496,0,0,0
1985693,0,0,0
1980429,0,0,0
3047697,0,0,0
3047704,0,0,0
3047352,0,0,0
3047953,0,0,0
3052219,0,0,0
3342641,0,0,0
3017361,0,0,0
2495645,0,0,0
3079930,0,0,0
2763056,0,0,0
2836432,0,0,0
1873524,0,0,0
1982371,0,0,0
1821960,0,0,0
3416667,0,0,0
3398207,0,0,0
3399689,0,0,0
2709410,0,0,0
2023260,0,0,0
69525,0,0,0
2955511,0,0,0
2846180,0,0,0
2846435,0,0,0
3050140,0,0,0
3427923,0,0,0
1917232,0,0,0
3426550,0,0,0
3418654,0,0,0
3051421,0,0,0
3388489,0,0,0
3016341,0,0,0
2745503,0,0,0
716,0,0,0
713030,0,0,0
1436085,0,0,0
3059852,0,0,0
2733994,0,0,0
2560455,0,0,0
2843770,0,0,0
1406788,0,0,0
2845523,0,0,0
2734390,0,0,0
3060785,0,0,0
3048195,0,0,0
2955431,0,0,0
3426832,0,0,0
54254,0,0,0
1987150,0,0,0
3432133,0,0,0
3048435,0,0,0
1914861,0,0,0
3461145,0,0,0
2895490,0,0,0
96495,0,0,0
2686014,0,0,0
1614,0,0,0
1852379,0,0,0
299422,0,0,0
2734102,0,0,0
2955907,0,0,0
3433337,0,0,0
3050281,0,0,0
3431616,0,0,0
2116599,0,0,0
1100043,0,0,0
181487,0,0,0
3158571,0,0,0
1258,0,0,0
3059703,0,0,0
2844144,0,0,0
3060803,0,0,0
3060630,0,0,0
880161,0,0,0
3052448,0,0,0
3052587,0,0,0
2654238,0,0,0
2867409,0,0,0
2769067,0,0,0
1985716,0,0,0
2846183,0,0,0
2845410,0,0,0
3052596,0,0,0
1027468,0,0,0
1965238,0,0,0
3418653,0,0,0
3047831,0,0,0
3052207,0,0,0
1603038,0,0,0
2871493,0,0,0
2805427,0,0,0
2560423,0,0,0
3060027,0,0,0
3048333,0,0,0
3432138,0,0,0
3250174,0,0,0
219584,0,0,0
1503293,0,0,0
2843810,0,0,0
1746064,0,0,0
346881,0,0,0
3399680,0,0,0
104955,0,0,0
2572088,0,0,0
3429984,0,0,0
2846159,0,0,0
3052549,0,0,0
2956521,0,0,0
3240513,0,0,0
3427221,0,0,0
3431239,0,0,0
40050,0,0,0
3051418,0,0,0
2955240,0,0,0
1959845,0,0,0
3345112,0,0,0
2968831,0,0,0
2051,0,0,0
3127115,0,0,0
1980959,0,0,0
2560434,0,0,0
1357714,0,0,0
148943,0,0,0
3050268,0,0,0
2845680,0,0,0
1923622,0,0,0
3048237,0,0,0
3060633,0,0,0
2049444,0,0,0