taxonomy_id,072023_Carolina_2023_Baya_052_DCYL_S9_S_filt.bracken_num,072023_Carolina_2023_Baya_053_MCAV_S3_S_filt.bracken_num,072023_Carolina_2023_Baya_055_MCAV_S4_S_filt.bracken_num,072023_Carolina_2023_Baya_057_SSID_S7_S_filt.bracken_num,072023_Carolina_2023_Baya_059_SSID_S8_S_filt.bracken_num,072023_Carolina_2023_Baya_061_SSID_S5_S_filt.bracken_num,072023_Carolina_2023_Baya_063_SSID_S6_S_filt.bracken_num,072023_Carolina_2023_Baya_065_DCYL_S1_S_filt.bracken_num,072023_Carolina_2023_Baya_066_DCYL_S2_S_filt.bracken_num,122021_Coralina_2021_Baya_001_DCYL_S24_S_filt.bracken_num,122021_Coralina_2021_Baya_003_MCAV_S27_S_filt.bracken_num,122021_Coralina_2021_Baya_005_MCAV_S28_S_filt.bracken_num,122021_Coralina_2021_Baya_007_MCAV_S29_S_filt.bracken_num,122021_Coralina_2021_Baya_009_DCYL_S25_S_filt.bracken_num,122021_Coralina_2021_Baya_010_DCYL_S26_S_filt.bracken_num,122021_Coralina_2021_Baya_013_DLAB_S43_S_filt.bracken_num,122021_Coralina_2021_Baya_015_DLAB_S44_S_filt.bracken_num,122021_Coralina_2021_Baya_017_MCAV_S30_S_filt.bracken_num,122021_Coralina_2021_Baya_019_SSID1_S46_S_filt.bracken_num,122021_Coralina_2021_Baya_021_SSID2_S36_S_filt.bracken_num,122021_Coralina_2021_Baya_023_MCAV_S31_S_filt.bracken_num,122021_Coralina_2021_Baya_025_MMEA_S22_S_filt.bracken_num,122021_Coralina_2021_Baya_027_PSTR4_S34_S_filt.bracken_num,122021_Coralina_2021_Baya_029_MMEA_S23_S_filt.bracken_num,122021_Coralina_2021_Baya_031_MMEA_S45_S_filt.bracken_num,122021_Coralina_2021_Baya_033_PSTR7_S35_S_filt.bracken_num,122021_Coralina_2021_Baya_035_PSTR_S32_S_filt.bracken_num,122021_Coralina_2021_Baya_037_PSTR_S33_S_filt.bracken_num
588596,19466,1142,1539,716,1058,1321,910,747,792,262,419,475,1297,365,214,379,3295,460,289,3792,864,518,3845,345,664,1484,1219,849
311410,8042,0,23,0,10,53,201,0,17,15,0,11,13,0,0,0,0,0,19,16,0,0,28,0,0,25,10,16
5722,6083,575,731,316,538,750,595,270,312,123,211,249,525,139,3739,181,1741,203,3160,1854,362,224,1135,124,182,606,548,341
562,5839,742,1898,951,1954,2808,5742,311,696,878,206,778,1125,271,142,1454,3290,458,552,1697,796,730,3338,303,1066,690,585,453
106654,5750,0,0,0,14,36,65,0,45,0,0,0,12,19,22,18,194,0,0,108,24,33,129,0,33,48,47,24
28213,5740,0,0,0,0,19,46,0,0,0,0,0,0,0,0,0,0,0,0,0,0,0,0,0,0,0,0,0
1280,5130,410,655,297,466,1103,1474,171,285,130,169,274,483,85,66,200,1293,250,479,1423,285,283,1038,224,269,619,501,441
1396,4147,472,874,472,711,1227,1216,642,1172,214,229,239,440,431,158,261,1096,271,391,1777,317,599,1970,353,193,629,594,389
28901,3853,401,817,646,709,1430,1505,177,706,217,151,174,417,188,251,407,765,338,242,1096,195,276,1514,867,154,768,637,648
3035452,3635,0,0,0,0,0,0,0,0,0,0,0,0,0,0,0,0,0,0,0,0,0,0,0,0,0,0,0
2029677,3633,47,107,24,38,26,53,0,32,26,25,19,65,0,0,0,16,15,0,112,62,13,56,0,0,39,0,41
470,3387,334,611,436,721,1011,1043,157,220,301,158,245,593,145,138,281,1274,171,262,1050,253,275,2285,169,301,583,524,306
1428,3233,285,408,435,445,1643,1122,165,243,343,109,176,456,117,100,281,1048,129,118,959,233,179,1888,193,604,293,316,192
1502,2981,508,685,264,437,404,228,131,191,92,108,180,314,67,76,156,950,147,1372,829,270,416,786,170,386,272,234,211
9,2866,348,473,245,492,614,551,140,215,74,106,134,333,89,100,182,1015,117,3128,874,189,180,818,104,159,404,344,274
432096,2729,58,75,11,22,67,59,23,15,0,11,22,82,0,0,19,266,17,0,260,39,20,153,0,22,98,60,59
367791,2725,0,49,42,78,19,27,12,0,12,27,0,81,0,0,245,2146,32,0,123,30,22,93,0,21,47,59,28
169679,2638,20,47,28,35,33,44,48,76,15,0,10,42,31,12,38,169,0,91,296,0,21,99,22,0,93,81,56
1491,2527,288,423,225,371,340,257,141,174,70,88,96,276,79,61,91,648,110,637,984,214,171,773,105,145,231,232,154
4896,2456,130,140,86,128,61,42,47,71,21,50,43,61,34,16,48,135,30,21,241,48,46,215,23,22,107,117,74
85471,2455,212,217,101,169,203,171,111,117,27,77,62,148,81,40,86,651,43,51,807,131,116,320,57,70,346,251,175
1509,2372,0,0,0,0,201,174,53,78,0,68,0,195,37,0,0,27,0,0,393,0,0,206,0,0,51,45,88
3067780,2314,0,0,0,0,0,0,0,0,0,0,0,0,0,0,0,0,0,0,0,0,0,0,0,0,0,0,0
2813371,2306,28,0,0,16,0,0,0,0,0,0,0,0,0,0,0,0,27,0,0,52,0,41,0,0,0,0,0
29430,2242,26,36,0,38,88,81,0,0,0,0,0,27,0,0,0,13,13,0,128,25,0,76,0,0,28,44,32
492670,2112,847,1107,231,313,456,817,168,215,267,229,501,825,105,263,164,1085,167,0,842,457,210,590,0,228,311,265,226
1404,2077,248,381,179,326,438,322,151,200,74,61,96,244,78,37,127,771,72,99,847,227,62,1202,78,66,389,290,222
1561,2055,48,90,20,49,44,50,23,32,10,19,22,48,13,36,22,413,21,86,201,22,19,116,0,29,39,62,30
158,2032,113,149,106,246,142,117,31,41,0,41,55,102,0,0,0,143,60,19,183,50,32,535,43,61,72,92,65
2969821,1943,32,53,0,11,21,16,0,0,0,0,10,18,0,0,0,16,0,0,22,18,0,29,0,0,21,0,0
1352,1893,106,316,148,212,229,317,48,0,0,73,87,133,0,0,104,378,73,54,639,98,176,627,0,0,287,327,236
44689,1880,304,395,129,192,269,176,106,112,36,108,109,252,55,24,105,638,103,207,620,187,90,539,57,124,221,192,141
210,1833,206,271,122,233,255,189,87,100,40,70,107,164,42,27,116,740,63,182,819,79,84,575,51,81,282,247,178
5858,1826,265,250,165,249,247,165,0,0,0,0,157,108,0,0,108,442,0,0,390,56,0,484,0,99,185,202,156
587,1821,246,543,203,190,376,559,101,171,0,98,222,291,0,0,124,758,142,45,497,96,173,418,86,0,187,164,128
5855,1767,117,116,55,102,117,81,27,21,0,62,38,200,0,19,46,215,47,61,266,85,46,186,48,46,114,103,57
1639,1763,53,119,115,186,59,71,77,89,35,22,35,102,48,35,29,199,35,32,261,114,44,204,28,52,141,110,162
1405,1736,378,432,215,330,199,161,114,157,65,104,183,235,64,37,156,522,67,27,672,160,121,564,115,124,301,243,178
208348,1735,320,364,122,193,212,159,110,124,41,115,130,188,55,30,48,528,92,160,529,203,73,623,27,64,215,157,140
40559,1649,157,204,229,313,278,222,97,115,46,108,63,239,41,33,93,664,67,89,564,128,97,708,62,61,219,206,189
1653831,1603,199,290,196,367,270,252,95,137,43,63,116,189,56,66,98,661,56,39,775,113,101,578,86,101,232,216,154
573,1594,598,2016,1017,1092,1201,3234,125,682,517,340,656,440,142,588,335,2065,331,517,1123,488,439,962,261,203,314,321,462
2963431,1589,0,0,0,0,0,42,0,0,0,0,0,0,0,0,0,64,61,0,0,0,0,0,0,0,0,0,0
197,1558,297,375,129,209,468,539,0,82,0,88,88,231,0,0,0,347,0,0,384,101,96,486,39,91,124,136,54
287,1527,264,437,368,289,1164,5102,226,449,454,243,264,120,91,71,294,684,250,1623,1033,72,205,382,0,209,294,295,215
2664091,1506,24,46,0,0,0,0,0,0,0,0,11,28,0,0,0,0,0,0,0,21,0,0,0,0,0,0,0
43948,1501,20,29,11,18,28,25,14,26,0,0,0,0,0,0,0,0,11,0,10,0,0,47,0,0,0,0,0
1117645,1490,152,217,54,101,123,120,156,115,71,52,70,117,54,56,61,245,47,0,321,93,62,176,55,68,68,150,83
27350,1478,294,363,90,144,212,164,166,204,67,104,103,216,114,65,71,867,105,272,714,179,89,668,56,72,215,221,112
1351,1472,341,544,217,272,858,981,176,360,137,131,157,168,115,0,185,953,131,442,691,274,219,698,149,213,230,253,117
395922,1465,0,11,11,11,14,55,0,0,0,0,0,0,0,0,0,0,0,0,0,0,0,15,0,0,0,0,0
4975,1459,92,100,60,97,145,98,23,27,10,53,40,74,15,0,25,156,40,45,288,30,43,249,19,27,114,102,91
1547283,1457,34,50,20,25,23,24,25,19,0,14,22,15,0,0,33,45,10,0,68,21,0,63,0,13,31,29,37
2683272,1440,16,31,14,24,28,43,0,17,15,10,0,28,0,0,13,178,12,18,132,27,0,62,0,0,50,32,21
84595,1430,0,47,0,0,45,106,0,0,0,0,0,0,0,0,0,0,0,93,0,0,0,0,0,0,0,0,0
1550240,1425,29,63,0,0,17,13,22,29,0,0,0,37,16,0,18,96,12,0,108,16,25,84,25,33,21,35,26
1520,1421,129,215,135,228,159,165,80,75,51,28,56,161,25,21,97,646,77,529,377,97,90,360,56,92,204,134,121
27289,1418,150,202,108,123,110,84,40,52,20,58,54,154,39,32,50,524,52,27,602,123,27,261,23,26,169,136,96
5825,1413,154,176,93,158,197,121,168,143,60,93,65,137,65,37,45,489,38,30,365,104,353,380,56,433,187,170,92
1785996,1392,16,23,0,0,21,13,0,0,0,0,11,14,0,0,0,0,0,0,47,12,25,66,26,67,0,0,0
712357,1387,22,38,16,14,0,17,0,0,0,0,0,47,0,0,0,93,0,19,110,47,0,31,0,0,34,41,27
42374,1362,148,213,95,149,140,112,60,71,24,30,87,197,30,11,85,351,41,48,208,144,16,420,10,38,113,90,65
986,1354,131,222,128,204,111,116,53,101,52,42,77,158,0,0,95,236,38,0,152,49,35,247,104,106,80,50,48
5833,1349,103,137,0,44,107,67,22,45,30,43,52,133,0,15,43,389,40,47,532,95,20,133,18,18,90,144,83
2067992,1341,20,33,0,19,45,169,0,21,29,0,0,40,0,0,0,30,0,12,0,14,0,16,0,0,0,0,0
371601,1339,91,98,0,63,149,145,24,31,0,0,38,146,0,0,26,0,39,0,146,63,0,237,0,0,75,45,43
413402,1321,15,43,0,11,19,29,30,37,18,0,21,33,14,0,0,0,0,0,17,52,0,32,0,0,0,0,13
1071379,1312,192,237,100,156,166,119,82,85,36,62,70,170,46,24,77,371,55,39,298,120,46,277,40,57,174,146,72
2749052,1306,186,230,0,0,72,0,0,0,0,71,74,80,0,0,0,0,62,0,0,0,0,0,0,0,0,0,0
446,1303,176,241,82,92,90,110,26,24,11,64,86,140,0,0,29,246,71,29,249,107,62,282,35,40,70,104,61
2057741,1300,38,41,35,50,115,428,21,0,767,364,343,738,327,478,5363,22264,374,30303,778,521,1304,605,826,4156,573,2816,821
5476,1299,102,143,77,124,151,107,41,65,29,40,64,130,31,14,73,634,60,56,540,75,54,292,42,58,113,143,70
113608,1293,99,151,42,64,102,74,16,22,0,37,43,101,0,0,56,495,39,30,258,48,19,206,22,19,76,62,53
571,1287,0,0,0,29,43,92,48,46,35,0,0,0,22,0,0,31,0,16,51,0,0,104,0,0,0,31,13
1406,1275,356,430,257,391,236,278,165,161,75,45,156,121,65,43,69,181,75,302,449,82,114,748,86,72,173,218,135
28198,1268,75,522,32,77,145,87,35,36,0,25,31,59,17,0,32,227,30,23,241,34,664,203,45,814,78,47,47
1397,1200,53,83,31,58,77,49,0,0,0,0,21,44,0,0,17,127,0,10,216,17,11,191,0,0,79,81,47
1496,1200,204,182,118,139,204,145,107,125,58,78,43,131,46,161,52,379,67,29,642,151,50,374,37,54,152,307,521
5141,1197,237,238,62,89,134,87,72,107,25,68,85,125,29,34,19,135,55,49,307,134,31,225,0,28,135,158,93
158836,1191,249,646,303,324,478,1843,415,1258,415,163,297,252,220,0,123,360,114,0,578,132,118,740,0,0,260,215,186
28197,1185,160,759,61,108,79,82,37,33,37,87,101,175,12,29,36,207,109,139,403,129,24,219,0,0,88,105,71
267363,1182,0,0,0,0,11,18,0,0,0,0,0,0,0,0,0,0,0,0,17,0,0,0,0,0,0,0,0
2516557,1152,158,162,0,17,17,31,0,13,0,50,36,82,0,0,0,58,45,0,72,104,0,82,0,0,13,0,0
4779,1151,118,150,58,102,120,125,81,92,36,39,61,95,53,15,43,399,51,36,322,77,55,429,22,53,93,128,59
238834,1149,103,213,96,148,127,102,89,118,28,37,64,189,47,21,35,254,45,55,432,73,63,413,43,69,172,186,114
63577,1144,69,83,56,89,83,64,18,42,21,0,18,90,0,23,40,321,24,41,293,77,19,419,15,30,164,98,90
5860,1128,209,307,56,79,83,67,58,78,25,93,78,243,38,28,39,410,57,62,530,215,52,818,23,76,224,161,174
160453,1120,0,13,12,13,23,25,54,60,0,0,0,0,16,0,0,0,0,0,33,0,0,21,0,13,11,0,0
1311,1118,0,0,39,71,0,0,0,0,0,0,0,0,0,0,190,957,0,0,173,0,0,111,0,0,134,189,132
1501,1114,138,201,44,66,74,89,34,38,14,46,57,208,10,18,25,149,57,34,355,205,34,119,27,21,125,94,78
1492,1112,134,271,55,124,157,109,154,166,74,76,66,76,78,61,17,220,70,455,323,135,24,250,0,24,140,85,54
1184,1108,0,0,28,21,193,113,17,134,0,0,0,0,0,0,0,0,0,0,0,0,0,65,0,0,0,47,0
29324,1095,39,63,0,58,37,0,0,0,0,15,21,71,0,0,0,26,15,0,0,71,0,41,0,0,0,0,0
546,1081,126,271,304,340,389,748,151,250,321,0,93,65,74,0,167,1260,0,0,407,114,0,438,67,128,136,114,98
2758573,1078,0,0,0,0,0,26,0,0,0,0,0,0,0,0,0,0,0,0,16,0,0,0,0,0,0,0,0
5507,1077,106,149,71,113,154,119,74,82,15,38,46,86,30,23,68,817,68,54,417,81,47,304,29,37,230,153,114
2802991,1077,16,12,0,0,24,20,63,75,21,0,0,0,20,14,0,66,0,44,50,0,0,54,0,0,14,16,15
1005962,1065,11,18,0,16,17,18,0,0,0,0,0,15,0,0,11,135,0,25,90,33,11,47,11,0,22,15,19
585,1060,172,297,86,111,112,138,35,47,0,44,98,104,18,0,33,83,80,0,153,52,134,194,64,364,55,51,30
70799,1058,28,50,12,31,84,71,0,48,0,13,22,18,0,32,0,68,28,56,49,29,19,57,18,25,18,36,31
5807,1057,109,132,38,73,102,58,41,45,25,39,42,69,23,12,51,126,29,37,212,56,14,187,29,44,113,91,80
2854389,1053,16,28,0,14,116,265,0,17,0,0,0,0,0,0,18,86,0,61,11,0,10,32,0,0,0,15,0
1590,1052,116,155,41,74,91,110,40,69,63,45,58,113,22,0,28,114,43,328,331,72,86,379,17,111,182,64,56
1219,1050,177,238,121,277,347,286,115,231,37,77,105,236,71,263,184,570,72,159,505,137,113,465,54,102,202,170,120
1583098,1046,310,372,0,0,15,18,12,30,0,122,120,1136,14,0,0,21,106,0,69,786,19,29,0,14,23,19,0
5824,1036,93,219,27,67,87,58,0,0,0,0,0,212,0,0,0,316,96,0,615,118,0,217,0,0,278,179,132
2906078,1025,31,48,15,45,34,58,0,0,0,0,16,0,0,0,14,77,12,19,118,13,24,59,0,0,33,33,22
5127,1002,177,235,92,137,178,126,49,53,0,77,68,112,21,12,46,240,69,18,275,137,18,234,0,19,101,99,51
181762,1001,49,48,66,95,192,135,55,65,14,24,36,20,28,10,23,223,16,194,274,22,31,227,23,27,150,122,67
3118173,997,0,13,0,0,28,75,0,0,0,0,0,15,0,0,0,0,0,21,0,0,0,14,0,0,0,0,0
5811,996,869,919,153,215,356,146,95,108,52,342,204,476,146,88,100,840,50,156,435,329,38,388,41,36,323,207,170
44674,990,0,17,41,46,20,11,0,0,0,0,0,0,0,0,0,0,0,0,77,0,10,32,0,10,0,0,0
36651,987,59,93,17,56,64,63,72,60,24,20,31,35,37,18,38,230,16,16,135,43,15,132,0,0,44,78,35
500148,986,100,123,34,41,98,80,91,108,12,22,30,107,48,36,17,174,31,126,167,96,24,191,0,14,48,36,53
273371,979,92,127,56,126,137,88,22,28,0,22,51,101,28,0,0,84,27,19,221,75,10,159,26,11,77,71,39
208452,966,127,173,47,69,128,126,27,43,22,50,62,153,14,12,60,591,61,48,265,158,61,356,35,42,127,92,70
5821,963,407,466,62,121,125,84,107,110,38,139,163,273,50,47,42,178,110,25,437,195,53,297,36,68,181,182,100
1795815,960,137,298,251,177,740,2228,69,246,290,97,206,199,48,58,252,348,116,421,268,188,0,250,47,74,147,113,160
28116,944,43,83,88,94,122,115,107,164,95,0,37,71,112,79,0,0,47,0,158,36,33,237,41,36,179,67,58
101201,944,143,165,52,117,138,107,42,48,26,44,58,56,0,28,17,139,23,35,234,62,21,462,19,20,66,85,53
5827,944,198,222,125,173,126,92,196,202,91,137,95,271,74,42,41,286,103,151,260,133,134,491,74,86,99,98,121
851,943,48,75,64,65,73,58,74,60,0,16,29,82,20,0,26,136,33,0,195,60,87,194,42,47,55,36,38
29347,938,0,23,10,13,58,48,14,17,0,0,0,14,10,0,0,18,0,0,75,11,0,186,0,0,21,0,13
5850,938,56,49,108,172,142,77,92,101,82,16,18,33,51,23,25,179,23,27,290,45,71,1636,29,83,139,141,118
145971,937,230,243,79,108,121,109,76,101,27,71,80,117,41,39,56,179,64,90,375,114,60,384,29,50,120,127,71
29555,936,0,34,0,16,0,0,0,0,0,0,0,19,0,0,0,21,0,0,64,18,0,22,0,0,23,51,14
823,931,60,138,56,99,147,113,53,75,0,22,32,55,24,0,0,32,32,0,283,26,27,103,0,0,49,61,49
3136677,927,0,24,39,57,23,0,15,25,0,0,0,15,0,0,13,99,0,0,41,14,0,171,0,0,20,14,21
75612,922,0,0,0,0,0,0,0,0,0,0,0,0,0,0,0,0,0,0,0,0,0,0,0,0,0,0,0
199,909,15,49,48,91,75,60,42,44,15,10,13,43,24,0,27,235,19,11,132,26,35,192,13,32,51,37,26
2682810,909,45,74,0,0,11,13,0,0,0,0,27,169,0,0,0,34,36,0,100,108,0,60,0,0,36,18,0
644,907,236,513,68,82,182,383,0,39,37,70,167,286,0,0,26,261,97,105,120,93,0,304,0,0,62,55,60
755731,906,25,47,24,39,16,20,0,14,0,0,13,60,0,0,0,144,0,0,41,0,0,68,0,0,11,21,0
5861,892,165,244,128,193,234,132,75,97,63,29,69,118,42,37,39,198,39,56,1067,77,66,603,65,45,192,187,142
1069201,887,71,102,119,100,106,164,65,36,32,27,24,64,0,0,43,321,58,95,320,31,45,242,55,33,125,158,87
188913,883,34,80,48,71,100,92,27,37,19,21,21,45,10,21,14,126,26,12,1123,18,37,347,28,22,131,95,79
48296,881,104,112,83,109,166,168,70,49,44,30,47,116,26,28,70,225,28,33,353,39,154,362,65,170,184,152,63
478,881,34,52,0,13,0,0,0,0,0,0,19,0,0,0,0,0,15,0,0,84,0,11,0,0,0,0,0
1451,881,18,31,0,32,32,56,72,45,46,0,0,29,21,0,19,0,0,0,181,22,29,117,0,33,80,99,75
4924,878,110,125,41,70,87,68,35,42,0,36,38,83,21,10,61,266,22,112,204,56,21,138,0,28,104,54,48
3415140,874,32,53,21,30,39,59,0,0,0,0,13,54,0,0,25,53,15,0,113,53,0,159,18,17,39,86,67
2751,869,40,51,26,40,66,48,21,20,0,0,0,32,21,0,0,62,12,0,99,44,14,124,0,0,22,48,29
29348,867,49,58,10,14,35,30,23,20,0,0,14,48,0,10,0,38,0,0,90,36,0,60,16,0,43,40,55
5691,867,94,127,49,70,109,80,47,61,0,54,39,145,23,0,21,152,23,114,228,80,35,312,21,64,71,78,87
29176,863,61,82,51,84,116,121,27,25,0,28,32,42,0,0,29,359,36,49,193,20,20,201,19,20,80,91,72
592064,858,59,32,0,0,27,38,0,0,0,0,0,27,0,0,18,60,0,47,0,23,0,17,0,0,0,0,0
450367,855,112,137,86,147,142,119,0,26,0,59,52,42,0,0,55,638,33,11,446,29,747,278,127,835,127,156,101
36839,850,76,127,26,74,77,63,52,68,31,28,35,98,21,37,35,252,27,77,119,65,23,160,28,17,64,58,53
2758440,850,0,0,0,0,0,0,0,0,0,0,0,0,0,0,0,0,0,0,0,0,0,93,0,0,0,0,0
459526,849,103,143,15,39,67,63,69,102,56,40,45,97,42,37,18,112,64,0,336,62,22,216,0,37,44,55,43
680,844,86,205,95,82,188,188,60,96,62,49,39,70,51,26,27,238,30,0,115,64,44,233,30,0,94,63,52
856,839,65,95,0,23,63,58,0,15,0,38,28,105,0,0,18,166,49,0,160,37,0,139,45,24,81,68,30
1915309,838,47,77,0,0,21,19,0,0,0,41,26,65,0,0,0,69,15,0,30,38,38,55,19,19,45,35,23
2602769,836,30,47,0,12,13,33,0,0,0,14,13,12,0,15,0,54,13,0,82,20,0,29,0,0,31,17,0
3242677,834,0,0,0,0,0,0,0,0,0,0,0,0,0,0,0,0,0,0,37,0,0,0,0,0,0,0,0
647221,834,43,55,82,145,120,75,1126,647,197,32,19,0,307,228,32,2609,26,18,197,21,427,318,109,634,97,100,60
76760,833,25,28,0,0,41,49,0,0,0,0,15,47,0,0,19,114,0,0,29,18,0,0,0,0,11,22,0
1423,827,0,67,146,179,933,1214,0,96,0,0,0,71,0,0,0,733,0,284,688,55,124,363,0,0,401,179,214
3070659,816,0,11,0,0,15,51,10,24,0,11,0,13,0,0,0,16,0,0,21,0,0,13,0,0,0,0,15
1578925,813,136,178,40,65,98,78,36,67,30,50,49,63,15,27,30,314,35,33,306,59,29,239,24,23,173,129,100
76859,806,127,167,81,128,85,68,0,15,0,22,56,137,0,0,31,488,33,43,209,77,65,167,0,43,117,120,57
727,796,61,109,27,48,61,71,23,39,0,28,30,61,0,0,24,292,33,17,110,23,77,107,36,51,50,43,40
1922217,795,149,236,41,92,78,61,29,42,28,65,62,119,0,0,36,225,78,37,249,88,33,182,26,34,76,81,52
384,790,139,239,141,144,613,844,0,88,83,50,82,116,0,0,76,278,61,162,202,53,37,195,0,32,98,112,90
453459,790,75,114,109,165,126,100,20,43,0,22,34,175,11,0,24,43,43,14,584,34,22,263,22,13,83,88,47
253,785,56,118,83,153,163,193,74,124,59,42,46,125,31,41,33,321,59,26,406,81,22,227,0,47,199,169,150
2879113,784,0,0,0,0,0,0,0,0,0,0,0,0,0,0,0,0,0,0,0,0,0,0,0,0,0,0,0
45151,784,107,134,80,95,69,58,27,60,20,22,37,60,23,20,41,375,34,55,183,44,20,474,10,13,54,38,35
2004662,775,42,57,1180,1247,981,1857,805,474,242,36,63,26,204,187,161,878,0,5142,185,17,108,568,36,75,19,40,33
2763068,774,0,0,0,53,0,0,0,0,0,0,0,0,0,0,0,0,0,0,0,0,0,0,0,0,0,0,0
2913495,761,65,85,0,0,0,0,0,0,0,0,65,43,0,0,0,0,55,0,0,27,0,24,0,0,0,0,0
1282,757,97,114,110,166,235,1894,35,25,87,77,48,77,47,31,255,626,56,3156,216,57,66,639,58,111,109,114,92
199306,743,54,71,73,132,110,73,50,69,27,21,22,62,20,20,27,209,21,39,234,25,18,207,14,15,105,116,89
256618,741,26,31,0,14,137,269,0,19,0,0,0,0,0,0,0,18,0,0,11,0,0,0,0,0,0,0,0
1530123,737,56,89,15,19,23,65,23,0,28,38,19,70,0,0,0,240,32,0,124,59,30,189,0,21,87,77,54
113287,737,199,247,0,0,0,0,0,0,0,87,86,100,0,0,0,0,89,0,0,97,0,19,0,0,0,0,0
880535,737,66,80,58,66,58,71,51,72,21,45,21,143,29,17,28,116,30,29,310,113,35,277,19,26,106,89,69
305,733,0,19,33,27,95,103,14,20,19,0,0,30,0,0,0,113,0,19,20,0,0,92,0,25,32,25,0
1624,731,83,116,40,72,312,236,29,39,23,43,44,55,17,14,113,92,28,2522,261,37,25,208,18,11,65,39,76
2506420,731,104,99,0,18,12,0,0,0,0,33,40,40,0,0,0,56,22,0,35,34,27,30,12,11,0,0,0
166486,731,69,114,25,42,18,20,0,0,32,25,47,62,0,0,0,55,24,0,81,41,0,120,19,15,31,16,0
1785995,729,0,0,0,0,0,0,0,0,0,0,0,0,0,0,0,0,0,0,0,0,0,0,0,0,0,0,0
5147,726,99,119,26,49,59,54,23,30,0,54,41,80,0,16,52,580,38,55,362,116,38,368,40,40,99,100,62
2761107,725,29,31,1027,1187,388,1163,0,0,0,0,21,59,0,0,0,0,11,1931,50,100,0,520,0,0,0,0,0
2034170,723,127,138,35,56,101,71,14,24,11,31,41,132,0,15,21,169,55,42,200,115,37,450,15,13,73,77,61
42858,719,16,22,31,48,82,74,19,32,0,14,0,35,0,0,13,52,0,0,156,35,0,133,12,0,115,69,48
231049,716,86,113,0,0,12,18,0,0,0,18,38,77,0,63,0,57,11,18,71,61,27,54,0,17,14,21,19
107401,714,35,103,59,87,36,74,138,200,22,17,21,45,67,33,0,46,18,13,266,35,35,166,23,14,54,52,42
36050,713,100,144,26,48,123,105,25,65,33,74,34,59,22,41,32,281,17,46,226,113,22,284,33,54,56,48,35
280754,713,51,82,97,134,154,150,53,84,45,15,23,80,46,23,20,251,30,44,264,42,43,376,24,74,47,89,45
2027860,711,0,119,130,206,314,357,58,0,0,0,0,0,0,0,22,182,0,0,177,0,42,352,0,44,66,50,0
5854,711,180,210,91,164,106,48,30,44,21,34,67,136,16,0,0,453,64,0,278,35,75,247,63,44,97,119,67
674703,706,0,22,0,0,71,151,0,12,0,0,0,14,0,0,0,0,0,46,0,0,0,10,0,0,0,0,0
39960,706,36,52,18,13,42,204,0,0,0,0,38,55,0,0,0,0,0,0,0,29,0,0,0,0,0,0,0
2766984,706,19,38,0,0,16,16,30,38,0,0,0,13,12,0,0,153,0,0,120,14,13,32,0,20,37,52,28
1798193,704,0,0,0,0,19,83,0,19,0,0,0,0,0,0,0,0,0,0,0,0,0,0,0,0,0,0,0
663,698,0,121,115,192,231,210,0,41,81,0,0,44,0,52,58,183,35,59,115,62,39,384,76,75,87,57,0
1296,696,113,186,53,94,129,93,163,214,60,31,54,91,95,60,32,333,41,22,265,62,41,250,43,52,70,66,80
1355374,692,33,296,52,78,82,85,39,43,0,11,11,31,20,10,26,220,17,13,64,25,12,145,0,0,45,45,21
173,689,0,111,84,173,132,207,0,0,0,0,0,0,0,0,240,134,0,23,215,46,0,294,0,0,49,85,0
1598,685,46,70,73,114,111,74,41,70,30,17,21,91,25,20,27,430,32,23,266,91,19,141,15,14,64,76,48
5454,682,96,113,43,50,127,95,68,80,24,34,42,107,29,21,19,148,48,63,190,65,55,239,30,29,81,84,77
1894999,679,13,48,29,47,109,173,0,14,12,0,0,0,0,0,0,0,0,1710,15,0,0,62,0,0,49,0,0
228899,677,110,160,12,39,85,73,0,20,18,32,57,87,0,0,0,35,39,14,190,66,28,145,0,19,70,80,45
615,674,69,135,69,116,248,537,111,128,98,0,51,119,64,0,78,128,43,56,262,67,45,230,0,48,110,121,94
36914,674,119,178,73,72,77,68,67,84,46,78,53,81,38,33,23,153,36,39,211,48,29,263,19,50,92,42,51
1358,673,92,149,37,70,105,291,51,70,230,48,37,92,29,30,83,409,36,450,358,0,88,428,90,191,189,184,133
670,668,65,234,72,87,156,205,65,64,41,22,28,79,26,21,17,298,23,82,255,53,35,202,42,47,134,102,61
2587410,667,102,99,49,96,100,109,24,43,17,21,32,34,12,12,16,104,24,36,118,22,11,186,0,33,58,49,26
151895,665,41,78,0,12,38,50,16,30,0,11,17,90,0,0,0,48,11,0,82,79,14,41,0,14,36,21,13
1307,664,62,91,40,75,83,122,113,138,36,43,24,101,56,26,32,476,79,15,213,103,69,161,54,54,108,90,65
165179,661,51,65,39,75,128,124,20,21,17,28,22,88,0,17,29,267,43,37,290,59,81,206,55,17,100,67,54
285665,660,0,0,0,0,0,42,0,0,0,0,0,0,0,0,0,0,0,0,0,0,0,0,0,0,0,0,0
1813611,656,0,0,0,17,39,0,60,78,0,0,0,0,56,0,0,206,0,0,88,0,0,45,0,0,45,47,54
2507161,652,22,26,13,41,37,29,0,0,0,0,0,0,0,0,13,111,0,0,57,12,16,222,0,0,25,23,17
2721244,645,0,87,0,0,0,0,0,0,0,0,0,385,0,0,0,494,0,0,813,113,0,0,0,0,262,295,368
3394321,644,60,70,0,0,15,60,0,0,0,18,26,37,0,0,0,0,13,0,0,31,0,0,0,0,14,0,0
373672,641,25,53,55,77,28,31,0,0,0,0,14,106,0,0,28,92,20,0,92,16,0,133,17,19,50,46,43
2058762,637,95,234,101,132,272,3139,86,177,75,30,57,103,41,37,93,374,25,46,289,89,60,212,31,46,151,110,78
64104,637,131,165,33,43,82,65,134,141,31,37,50,100,53,40,22,213,40,15,211,61,31,181,18,62,52,57,43
1752063,637,17,18,15,46,249,123,0,118,0,0,0,11,0,0,0,116,0,21,55,0,0,59,0,0,22,21,21
71237,636,53,84,34,56,44,31,11,13,0,30,27,159,0,0,11,126,40,0,40,106,0,353,0,0,0,18,18
1325120,635,0,37,0,22,71,163,0,0,48,135,49,63,61,57,1072,4330,56,1890,283,42,68,100,181,867,68,477,213
2906076,634,0,0,0,0,338,331,0,0,0,0,0,0,0,0,0,0,0,0,317,0,0,0,0,0,0,0,0
3403077,630,0,0,0,0,0,0,0,0,0,0,0,0,0,0,0,0,0,0,0,0,0,0,0,0,0,0,0
246787,627,24,31,42,28,71,66,34,51,0,24,0,32,21,0,18,28,0,0,128,23,0,82,0,0,43,61,47
1929291,621,40,183,39,34,469,763,12,60,53,0,30,26,19,0,33,62,0,10734,170,17,0,332,0,0,316,14,21
28132,621,105,128,38,94,110,181,54,58,47,26,34,46,28,17,72,413,29,120,233,29,28,159,0,61,69,58,50
318829,621,70,95,66,107,117,104,32,51,18,23,20,113,25,18,40,342,22,42,230,71,32,235,17,34,62,49,32
3031803,618,0,0,0,0,0,0,0,0,0,0,0,0,0,0,0,0,0,0,59,0,0,0,0,0,0,0,0
1505,616,112,156,80,99,106,80,121,135,29,43,49,140,62,18,104,662,48,24,480,77,19,206,15,20,190,164,124
148305,616,157,165,33,72,67,95,62,71,26,38,54,83,39,12,35,276,23,77,280,91,32,187,23,33,112,101,63
358,612,112,274,195,176,938,1542,95,262,172,0,83,69,79,52,161,511,0,147,311,44,0,270,0,101,134,87,116
1220207,611,118,121,13,40,50,43,31,61,18,27,32,77,31,25,31,183,31,36,201,63,17,141,19,25,128,75,71
2567941,610,54,60,43,84,104,69,20,26,13,21,40,52,0,0,32,41,21,0,118,27,0,65,0,14,32,44,21
3082533,607,0,0,0,0,0,0,0,0,0,0,0,0,0,0,0,0,0,0,0,0,0,0,0,0,0,0,0
303,603,36,162,147,104,543,1919,89,288,302,0,84,120,0,43,94,406,60,264,1897,82,67,256,0,97,207,150,116
1126,600,53,86,154,180,340,578,0,206,38,23,60,70,0,0,71,366,43,209,147,70,28,332,20,39,110,83,54
463800,599,129,173,40,55,74,57,80,106,38,36,53,88,39,25,34,323,32,18,148,55,0,130,14,24,59,46,30
1100,598,0,0,0,0,0,21,0,0,0,0,0,0,0,0,0,0,29,0,0,0,0,0,0,0,0,0,0
1498,597,18,45,41,73,77,61,16,35,0,0,0,42,0,0,15,87,0,0,89,23,0,165,0,12,28,40,14
2663009,597,51,55,27,39,42,62,119,127,40,10,17,51,61,0,21,56,18,65,120,43,15,146,0,167,35,47,34
181124,596,56,78,48,92,107,72,37,39,0,16,22,142,18,16,15,287,36,103,297,54,44,222,34,47,118,74,86
1355330,594,68,104,34,75,57,71,0,45,0,17,27,93,0,0,0,107,22,0,138,40,15,117,20,28,55,51,59
818,594,79,131,60,108,129,114,21,44,0,40,51,66,16,0,19,329,23,58,153,57,23,156,17,31,39,70,37
2754725,593,19,24,0,0,0,0,0,20,0,0,0,0,0,0,0,0,0,0,0,0,0,0,0,0,0,0,0
34406,586,48,83,70,76,87,95,30,68,34,35,28,26,37,26,17,325,17,44,191,24,42,220,24,26,125,99,60
182096,586,94,115,30,49,118,86,22,32,0,35,43,29,17,0,37,241,36,40,248,22,31,175,0,0,75,91,38
121627,585,85,114,97,134,153,136,75,108,30,29,32,29,49,19,19,287,29,69,340,28,42,296,25,26,136,82,103
2099387,582,66,112,103,145,539,250,0,173,42,33,49,70,0,0,47,434,19,63,127,70,58,272,32,58,65,0,48
746128,579,43,68,31,50,77,59,0,14,0,18,23,47,0,0,11,176,28,96,95,21,28,203,28,23,55,25,22
28131,578,48,87,60,92,67,112,0,0,0,32,0,28,0,0,0,91,16,13,122,15,28,164,22,18,46,53,23
33964,577,0,0,42,23,0,0,0,0,0,0,0,0,0,0,0,0,0,0,50,0,0,68,0,0,21,0,42
1381081,576,0,393,0,0,23,32,21,15,0,0,0,12,0,0,0,72,0,0,11,0,0,21,0,0,0,0,0
1596,574,67,90,0,0,151,83,0,50,0,0,0,0,0,0,0,0,0,0,94,0,169,123,0,0,27,0,0
456999,574,42,51,65,138,80,78,11,19,14,18,0,20,10,16,47,436,23,84,163,21,34,135,27,33,89,89,79
2651167,573,16,19,44,47,25,27,18,23,0,0,0,18,0,0,18,124,0,0,177,10,10,49,0,25,56,24,17
38293,572,103,216,34,53,95,104,40,50,44,40,60,127,24,16,16,110,38,56,224,76,24,311,0,27,58,52,42
821,572,28,46,53,57,36,36,0,0,0,29,0,69,0,0,0,63,32,0,118,30,0,202,0,13,43,35,29
48095,572,92,81,80,141,87,76,69,81,14,37,25,61,26,0,35,277,23,65,257,52,24,195,0,13,115,111,75
33047,571,19,18,0,0,14,0,0,0,0,0,0,15,0,0,0,68,26,0,0,14,0,25,0,0,0,0,11
1241981,566,81,103,28,37,43,60,24,49,0,14,39,29,0,0,0,216,20,0,111,0,34,114,37,22,24,22,19
246432,566,0,47,174,223,139,124,41,39,22,0,0,18,23,25,0,146,0,23,187,40,24,180,22,19,74,76,48
1542,566,108,150,0,22,32,18,0,0,0,30,58,76,0,0,13,26,23,0,49,32,15,46,13,0,19,12,0
2778902,565,126,103,0,14,16,20,0,10,14,109,84,32,0,0,0,21,136,0,132,34,0,22,0,0,0,0,0
164546,561,21,43,31,26,168,286,31,44,39,0,25,0,33,0,33,75,0,51,197,0,0,52,0,0,55,77,75
1287690,561,52,104,23,16,79,122,0,37,0,0,29,109,0,0,17,44,0,291,77,89,0,70,0,0,39,39,18
208375,558,0,0,38,43,83,249,0,0,64,84,66,65,42,71,794,2987,72,1496,263,59,40,84,115,571,66,344,177
36035,558,106,118,51,96,88,55,54,56,13,34,46,70,21,11,21,99,28,0,230,54,28,170,12,24,65,96,77
1006,556,85,162,16,50,116,146,24,66,15,37,43,111,16,21,38,242,38,0,252,83,26,217,0,25,95,46,51
2905121,555,32,49,0,19,23,182,0,27,12,14,11,18,0,0,22,196,0,0,48,21,0,45,0,0,16,17,12
2321133,554,15,2988,40,57,95,62,23,24,15,0,14,32,0,0,23,139,0,17,210,0,21,300,16,14,92,54,40
83554,552,0,39,0,0,0,0,0,0,0,0,0,0,0,0,0,0,0,0,0,0,0,29,0,0,19,0,0
2755338,552,0,0,22,28,0,0,0,0,0,0,0,0,0,0,0,24,0,0,31,0,0,0,0,21,10,31,14
564305,552,23,31,53,69,88,72,21,13,29,0,16,21,0,0,30,272,14,25,324,12,38,294,24,43,69,64,62
2341117,550,10,14,46,47,36,28,87,86,0,0,0,10,35,0,30,279,0,0,56,0,0,60,0,13,26,0,11
47466,549,32,31,64,82,46,22,13,17,0,0,12,21,0,0,0,29,0,0,87,62,37,77,40,43,25,34,35
37727,547,50,62,29,73,108,70,39,52,16,28,26,26,16,14,19,112,14,44,116,27,72,982,14,34,35,30,37
2850,546,57,64,46,74,78,82,53,75,33,17,25,34,32,16,31,367,12,23,166,16,0,283,10,0,51,36,40
373994,544,61,96,45,61,202,174,11,101,16,18,34,35,0,37,17,79,27,42,113,23,10,103,0,16,70,63,42
1465,541,64,86,0,22,75,56,24,19,22,46,46,63,17,0,0,131,39,45,96,44,0,111,0,20,79,80,51
5518,540,79,95,37,56,83,60,44,51,0,21,46,34,18,0,41,350,0,89,156,37,32,232,0,17,61,74,46
584,539,35,99,40,46,81,159,29,52,0,14,21,32,0,0,54,270,16,20,373,20,150,185,32,50,169,169,148
1972867,535,21,46,0,0,66,166,0,29,0,0,0,0,0,0,14,69,0,0,0,0,0,23,0,0,0,0,0
258,535,108,219,76,100,187,181,16,24,0,21,76,76,0,0,23,174,29,77,119,67,0,409,0,17,87,65,58
704125,535,33,49,36,74,71,70,18,21,17,16,15,37,0,19,31,141,0,30,315,23,0,98,0,0,118,88,48
195108,535,60,53,32,60,107,108,62,78,15,32,15,42,32,24,39,345,19,26,468,58,0,200,0,0,138,194,111
2494373,534,92,74,33,35,41,31,37,47,0,17,31,84,0,0,41,118,25,0,100,57,16,96,0,13,28,56,41
45286,531,77,92,94,111,0,28,122,133,56,29,39,137,68,37,23,77,42,0,116,80,0,274,0,0,67,104,31
1987584,528,13,21,0,0,0,18,0,45,0,0,0,19,0,0,0,74,0,0,0,0,0,0,0,0,0,0,0
1283,528,40,76,63,86,182,132,23,45,0,34,23,58,25,17,19,137,26,88,200,28,30,156,16,19,88,69,66
2041044,527,0,0,14,27,13,0,0,0,0,0,0,0,0,0,49,342,0,0,75,0,0,71,0,0,23,20,11
163877,526,46,46,26,31,28,14,34,44,18,17,17,46,23,0,0,70,20,0,70,41,43,202,19,25,53,44,37
2576904,526,23,20,44,59,385,105,11,86,0,38,17,48,0,41,0,84,28,21,82,89,26,114,13,13,26,51,17
33038,523,86,134,31,33,72,67,39,77,24,32,48,124,40,0,26,269,43,0,103,75,0,302,20,21,22,44,15
216946,523,39,51,0,11,14,0,0,0,0,22,17,29,0,0,13,15,18,0,57,12,0,21,0,0,0,11,0
80884,523,73,74,40,57,107,102,26,57,0,0,31,105,14,0,16,136,31,89,184,119,29,218,0,0,93,53,43
2912824,522,30,55,0,0,72,42,29,46,0,0,13,53,0,13,0,26,0,12,117,37,28,49,0,0,77,62,27
2844289,522,14,11,0,0,0,0,0,0,0,0,0,22,0,0,0,0,0,0,0,0,0,0,0,0,0,0,0
59893,521,163,169,67,70,0,0,0,0,0,48,80,132,0,0,0,72,0,0,412,76,0,76,0,0,110,67,0
1268659,521,43,57,0,15,25,24,30,25,18,0,13,0,10,0,0,254,0,10,59,29,14,127,0,15,26,25,32
357276,520,22,43,17,33,39,55,0,0,0,0,0,26,0,0,0,50,0,0,143,0,0,97,0,0,24,0,27
79883,517,77,105,45,78,135,100,69,65,0,32,31,89,29,0,33,278,39,26,180,63,0,426,0,24,64,93,53
69781,517,62,95,24,49,63,57,139,140,105,0,31,29,63,68,34,222,21,39,162,36,72,82,57,75,67,85,55
162425,516,23,36,47,90,71,50,30,53,15,0,13,15,23,10,46,80,0,39,161,0,10,128,14,18,75,58,45
1008305,512,0,0,0,0,0,0,0,0,0,0,0,15,0,0,0,0,0,15,34,23,0,13,0,0,10,12,0
42260,511,105,107,48,75,62,51,61,59,29,31,29,93,43,31,40,197,30,0,185,53,23,158,15,36,34,38,27
3160967,510,26,33,0,14,0,0,24,28,0,11,0,13,0,0,0,118,0,0,47,0,0,33,11,0,20,30,23
33033,510,101,135,0,0,101,141,0,0,0,29,52,84,0,0,24,64,44,17,83,55,0,90,0,32,41,37,21
654,508,34,101,45,67,84,370,32,79,75,0,28,45,20,0,17,134,24,54,108,26,0,118,19,21,40,50,50
388950,508,25,54,16,40,13,35,0,0,0,0,0,34,0,0,0,0,0,172,47,0,0,61,0,10,14,20,0
3069689,507,12,12,0,12,11,45,0,0,0,0,0,0,0,0,0,0,0,13,32,15,10,36,0,0,11,0,0
218208,506,0,12,0,0,15,34,0,0,15,0,13,0,0,0,0,0,0,0,37,0,0,13,0,0,18,0,0
1196083,504,34,42,38,51,48,169,25,24,25,17,0,38,0,0,26,157,20,11,112,34,42,105,37,40,63,22,41
2102,504,55,57,26,49,37,19,0,21,0,0,23,32,0,0,0,141,20,0,83,0,29,73,23,24,0,39,17
4932,503,65,76,18,15,40,55,27,30,0,28,22,50,16,0,41,307,24,0,208,62,18,174,0,20,19,29,24
1620816,501,0,10,21,33,111,74,0,77,0,0,0,19,0,26,0,0,0,24,125,10,24,73,0,15,50,36,33
1159556,501,150,204,81,156,149,148,87,123,25,25,68,68,50,14,24,384,28,25,234,55,50,208,41,32,116,73,57
323732,501,78,112,22,24,53,30,17,20,12,35,38,81,0,0,0,77,18,13,60,38,0,46,0,0,33,39,13
218490,500,30,93,0,39,43,51,0,0,0,34,0,0,0,0,0,0,22,0,51,46,0,41,0,0,22,0,0
159,499,15,36,30,38,38,38,26,29,22,0,12,50,17,0,28,185,20,11,201,25,16,53,0,17,140,115,106
36738,499,18,21,0,0,0,20,12,11,0,0,0,0,0,0,0,0,0,0,0,0,0,0,0,0,0,0,0
98403,498,89,104,11,44,44,79,18,27,14,34,33,15,10,11,12,327,21,21,90,13,22,89,14,30,25,31,15
6039,498,44,50,45,49,86,59,23,20,20,0,21,50,0,12,10,115,19,90,145,41,0,198,10,25,75,69,45
348837,498,29,63,30,57,83,41,23,33,0,14,19,39,14,0,38,317,20,12,148,37,36,188,26,18,69,65,44
1397264,497,10,37,18,42,47,67,28,39,11,0,0,11,23,16,19,297,0,0,60,16,0,45,0,0,45,39,31
2911172,496,54,64,32,45,24,16,20,20,0,22,25,42,0,0,0,26,15,0,104,10,14,208,0,0,58,43,37
1524260,495,42,83,13,0,40,92,0,69,0,21,11,35,0,34,0,31,19,0,31,28,0,43,0,0,13,0,0
1297617,495,24,40,0,0,0,24,0,0,0,10,24,56,0,0,0,13,0,0,0,37,0,13,0,0,0,0,0
2704651,493,21,22,0,0,0,0,0,21,0,0,0,0,0,0,0,0,0,0,148,14,0,17,0,0,0,23,0
1160,493,89,124,0,39,158,174,0,162,62,48,59,46,0,0,26,155,32,87,142,65,67,135,0,50,71,54,86
57706,488,0,0,0,0,210,252,0,0,0,0,0,97,0,0,41,74,0,0,256,0,0,122,0,0,119,73,46
3108175,488,74,77,0,0,19,170,0,22,0,0,51,31,0,0,0,0,80,14,0,0,0,0,0,0,0,0,0
3342349,488,0,0,15,32,22,14,0,0,0,0,0,0,0,0,0,14,0,0,12,0,0,114,0,0,0,0,0
29388,487,50,91,49,88,124,430,53,103,82,60,0,53,47,0,27,212,0,935,153,35,25,390,23,24,23,26,0
1054033,485,49,471,11,23,37,27,14,28,0,34,30,63,12,38,23,219,22,0,85,28,19,55,14,19,51,29,30
27288,485,69,71,26,44,70,44,22,28,0,13,33,55,0,0,0,104,25,27,621,40,20,193,0,14,128,122,110
208962,484,0,24,28,38,293,208,32,38,22,0,0,0,14,0,0,66,0,15,68,14,0,88,0,0,25,28,15
28108,484,89,856,87,352,172,754,380,291,35,17,42,26,16,21,29,182,38,29,90,35,29,159,14,36,36,32,23
2594496,484,0,0,0,0,0,0,0,0,0,0,0,0,0,0,0,0,0,0,0,33,0,0,0,0,0,0,0
55601,479,123,186,0,0,19,23,25,28,0,40,39,35,22,0,0,0,64,0,104,91,0,78,0,0,0,0,0
5059,479,55,45,0,0,91,0,0,85,0,0,43,0,0,0,0,0,0,0,187,0,0,301,0,0,0,0,0
34085,477,122,187,39,60,63,97,41,64,30,38,73,148,32,28,26,410,50,0,182,92,35,286,40,43,67,46,49
1751095,476,11,24,13,20,30,49,0,20,0,0,13,0,0,0,0,38,0,0,20,0,0,109,0,0,0,0,0
1392,476,0,0,0,0,0,0,284,383,0,0,0,0,0,0,0,1458,0,0,278,0,0,383,0,0,220,0,0
51669,476,57,69,32,41,64,49,22,25,0,21,37,39,0,0,0,92,22,0,170,42,26,144,0,32,38,57,34
254,474,17,36,45,82,40,39,42,49,15,0,0,58,21,17,26,222,12,27,203,45,41,121,16,27,74,46,36
412384,474,111,180,0,0,42,47,31,52,0,42,68,0,0,0,46,214,58,29,141,62,22,92,0,23,42,48,40
40214,473,72,98,126,142,137,217,40,66,0,31,39,69,38,19,160,1049,34,94,310,47,94,173,51,93,60,111,86
79880,473,72,90,0,77,71,42,26,31,0,0,32,59,16,0,0,86,0,0,193,42,30,96,17,13,60,23,0
36745,473,66,82,29,55,88,57,20,15,0,19,21,90,0,0,35,185,27,27,185,40,162,208,23,219,109,67,58
1478,472,67,76,30,60,69,63,28,21,63,41,27,78,0,0,0,108,27,21,303,49,25,183,34,27,55,63,56
1328300,472,51,46,52,75,76,100,82,94,31,0,15,70,31,30,27,101,24,194,224,73,28,182,0,55,45,53,51
5875,470,85,123,81,142,153,108,21,48,0,41,26,75,26,0,16,48,18,71,158,53,10,117,0,0,51,53,49
235986,469,85,119,15,0,64,132,0,0,23,29,60,46,0,0,0,15,37,22,56,48,34,24,0,18,0,0,0
106649,468,0,0,32,38,30,25,23,27,0,0,0,0,0,0,21,76,0,0,101,20,0,59,0,0,46,30,17
2209,468,82,64,39,83,111,86,0,0,0,15,35,32,0,0,12,68,11,107,120,36,0,110,19,16,32,20,0
28031,464,113,166,45,51,120,83,97,139,53,64,86,142,62,31,81,389,67,60,127,70,115,104,61,91,82,57,61
1513,462,29,39,27,37,41,26,27,47,0,0,14,18,25,0,30,218,0,0,115,19,16,338,12,22,112,49,43
324769,462,40,60,72,113,103,89,76,89,28,13,16,30,41,0,36,265,10,85,165,31,36,233,33,25,61,37,38
387093,459,0,0,0,0,0,0,33,36,33,0,0,0,15,20,0,0,0,0,70,0,22,0,0,0,67,0,0
1312072,458,15,32,0,18,49,61,0,44,0,0,0,0,0,0,0,41,0,0,103,0,19,70,0,17,106,49,26
1886,458,0,0,0,0,156,451,0,0,0,0,0,0,0,0,0,57,0,0,60,0,0,0,0,0,0,0,0
930124,457,62,92,20,30,37,37,23,31,20,36,45,105,14,12,29,98,39,0,82,99,16,85,27,18,21,35,13
1290,457,40,44,31,68,108,280,23,33,26,33,17,41,30,16,23,96,30,1053,132,35,42,140,13,29,116,47,52
53346,457,32,36,0,0,22,26,0,0,0,0,0,25,0,0,14,44,0,0,44,0,0,21,0,0,26,19,26
4959,457,132,154,28,51,102,71,25,23,11,29,54,50,15,0,34,143,32,20,113,50,48,167,0,19,62,50,29
1859096,457,0,20,0,0,0,0,45,36,0,31,0,19,11,0,18,236,0,0,56,47,11,96,14,0,32,29,19
582,455,32,55,25,35,96,226,72,63,33,18,13,57,20,18,22,169,32,80,138,45,59,345,0,28,80,93,34
2115968,455,0,0,50,87,66,131,0,0,0,0,0,0,0,0,0,438,0,0,508,0,0,180,0,0,119,80,112
3127472,454,28,34,32,62,47,44,69,64,0,0,0,16,20,20,26,96,0,65,66,0,0,100,0,14,21,24,18
2546356,454,14,22,24,31,147,226,0,63,12,0,19,29,0,0,14,24,14,77,149,15,0,123,0,0,20,26,0
2173034,453,11,28,19,17,30,28,0,0,0,0,0,0,0,0,0,48,0,0,39,0,0,119,0,18,19,21,14
114524,453,31,30,32,57,71,49,31,21,11,0,0,15,0,15,34,116,13,13,179,14,32,318,0,34,55,47,28
2482728,452,0,17,46,62,73,47,21,51,12,0,0,0,0,0,0,12,0,10,101,27,0,95,0,0,0,21,17
42094,451,0,0,0,14,0,0,0,0,0,0,0,0,0,11,0,36,0,11,53,0,0,27,0,0,10,0,0
317,448,60,108,76,130,256,454,56,94,57,0,46,29,0,0,87,271,57,95,137,45,51,250,29,62,78,27,74
3463854,447,0,14,0,10,24,26,0,10,0,0,0,0,0,0,15,116,0,0,38,0,0,27,0,0,26,0,13
1255,447,25,33,21,47,22,17,0,14,0,0,19,13,0,0,0,20,15,19,83,36,15,85,0,0,48,17,19
2527978,446,0,0,23,20,33,162,39,44,15,0,0,21,18,0,26,123,13,39,35,0,0,50,0,0,0,20,0
702745,445,42,66,74,108,89,101,0,0,0,11,0,14,0,0,0,0,0,0,37,26,0,70,0,15,12,12,0
101028,445,52,100,18,29,99,100,47,60,11,25,18,95,0,21,27,261,40,12,325,106,25,347,41,47,91,94,58
324770,445,122,129,49,73,75,62,44,66,0,43,40,17,25,22,16,286,39,199,131,14,0,125,0,0,44,57,36
2994555,444,31,59,50,75,108,99,31,71,20,10,13,68,14,0,20,140,25,15,147,31,13,637,0,11,65,62,41
5478,444,50,65,23,36,28,32,30,36,21,24,13,48,20,11,20,254,19,20,142,39,17,147,15,20,54,34,39
280036,444,35,41,13,37,72,75,34,29,19,13,25,38,0,0,34,213,11,15,92,26,13,436,17,21,30,40,33
569,443,64,92,28,54,34,65,64,76,35,0,25,32,23,0,37,163,27,0,119,15,0,127,0,0,48,60,34
3093923,443,10,0,10,28,20,26,0,0,0,0,0,0,0,0,0,0,0,0,41,0,12,45,0,12,22,18,12
1935204,441,24,176,15,32,35,30,0,0,0,0,0,25,0,0,0,73,0,10,38,20,0,349,0,20,17,13,0
4956,441,48,59,39,65,107,70,76,83,29,0,21,12,33,22,17,77,0,141,118,0,22,137,0,11,61,36,20
28985,440,104,123,41,74,74,65,54,62,22,39,44,65,36,0,21,145,41,0,174,122,0,246,0,0,59,58,45
2795000,438,32,76,13,33,62,75,32,35,0,23,0,86,0,33,40,159,51,25,97,69,23,125,19,0,33,35,27
3454626,438,0,0,0,0,0,0,0,0,0,0,0,0,0,0,0,0,0,0,0,0,0,0,0,0,0,0,0
78579,437,84,86,85,114,128,150,15,45,23,28,35,56,10,30,14,223,20,23,191,49,12,220,0,10,103,115,61
29341,436,37,62,12,32,25,28,0,0,0,12,10,11,0,11,10,53,11,18,103,0,0,129,0,0,57,55,21
630,435,17,47,18,39,49,52,42,86,29,30,0,149,37,17,0,454,28,28,376,48,0,68,0,38,72,66,64
666,435,17,157,36,59,67,112,46,63,24,0,0,0,0,0,0,219,0,0,146,0,18,357,36,55,41,35,53
2845819,435,138,188,0,0,0,27,65,76,0,50,97,63,38,0,0,14,41,0,12,26,0,96,39,0,0,0,0
76594,435,60,88,22,27,33,63,0,26,14,17,20,64,0,0,0,36,27,11,49,38,0,87,0,0,17,36,0
651561,434,46,68,39,44,76,81,49,40,0,24,25,26,0,0,25,257,24,27,166,0,20,86,0,20,71,51,51
979,433,73,94,27,32,68,106,0,23,0,19,63,55,0,0,0,115,32,0,105,26,0,114,0,0,47,58,29
1587,433,118,107,341,446,195,325,19,23,0,19,76,157,0,18,57,492,38,894,112,139,0,464,0,0,56,105,43
29562,432,13,36,57,93,93,72,48,49,24,19,20,50,23,0,30,79,16,312,142,35,41,249,0,0,78,79,53
505341,431,19,25,0,0,11,0,0,0,0,0,0,35,0,0,11,12,0,0,12,0,0,40,0,0,16,12,15
5499,431,55,79,23,38,90,77,20,32,13,18,29,37,11,0,35,264,17,36,133,24,32,360,17,26,60,42,43
1573823,430,60,80,61,71,119,139,42,79,25,19,39,47,20,15,48,453,23,20,169,29,42,309,25,28,30,44,47
3126507,429,24,29,17,15,16,35,36,23,0,0,26,23,33,0,0,0,0,0,0,10,0,12,0,0,0,0,0
263475,429,56,84,28,27,12,0,13,18,0,0,23,0,0,0,17,122,0,0,56,0,0,103,0,0,24,39,31
2093780,429,0,0,0,0,0,0,0,116,0,0,0,74,0,0,0,83,0,0,170,40,0,55,0,0,54,89,83
1080349,429,99,103,48,44,44,34,43,40,20,27,46,67,13,15,25,283,22,11,164,56,34,157,12,18,74,70,41
4911,429,67,97,65,113,73,90,36,36,11,26,49,38,0,0,30,141,23,14,254,41,15,147,15,0,65,46,32
1584,428,81,89,23,22,18,25,15,22,0,39,38,64,0,0,0,11,36,0,13,56,42,42,0,0,0,11,0
1408,427,43,69,30,55,53,76,75,98,34,0,26,33,39,0,0,36,14,43,151,103,0,145,0,0,29,59,34
1402861,427,20,27,56,92,49,44,15,25,0,0,0,40,15,12,13,168,0,12,140,25,20,282,17,37,57,57,23
2421,427,0,21,28,30,0,0,32,27,13,0,0,11,11,0,14,85,0,0,16,11,0,43,13,0,0,0,0
3028296,427,11,22,0,11,0,0,0,0,0,0,0,50,0,0,0,0,11,25,0,27,12,0,0,0,0,0,0
1463165,426,37,98,131,120,76,266,31,27,0,46,19,33,0,0,0,37,0,0,241,0,39,105,33,44,42,77,57
2026186,426,88,42,0,80,0,0,0,0,0,0,0,0,0,0,0,38,0,0,153,0,0,161,0,0,40,49,59
293387,426,46,76,72,111,133,106,0,0,0,0,28,42,0,0,0,48,28,0,492,22,0,237,0,0,364,213,226
1534,425,43,72,15,35,37,37,20,28,11,19,22,39,21,0,17,114,12,0,358,13,44,74,24,46,148,115,96
2921462,424,0,0,0,0,0,0,0,0,0,0,0,0,0,0,0,0,0,0,0,0,0,0,0,0,0,0,0
588,423,86,200,0,49,85,0,0,0,132,54,0,112,0,0,78,103,0,0,0,67,0,131,0,0,61,40,0
2918526,423,16,27,67,90,38,60,22,27,13,0,0,0,12,0,0,89,0,27,47,0,0,58,0,0,69,30,19
1124,423,0,21,26,28,161,110,0,74,0,15,0,0,0,0,39,136,0,33,107,18,11,118,19,17,31,73,20
157687,422,52,51,0,17,46,82,22,19,0,33,24,47,0,0,0,120,0,0,226,24,34,60,29,26,18,29,26
89152,421,13,35,0,0,40,36,12,23,0,0,0,0,0,0,0,37,0,0,157,15,15,75,19,25,89,25,32
373891,420,30,48,29,31,48,65,16,24,0,0,23,14,0,0,21,130,0,0,157,21,0,138,0,0,96,51,27
1504,420,54,88,14,38,25,22,14,24,0,15,28,35,0,0,13,56,19,0,63,30,20,95,10,16,39,17,27
3004093,420,0,12,40,57,26,70,0,0,0,0,0,0,0,0,0,0,0,0,27,14,0,13,0,0,0,0,0
2736757,419,19,14,0,0,35,68,0,0,0,0,0,0,0,0,0,0,0,13,0,0,0,0,0,0,0,0,0
1191912,418,99,183,0,29,34,48,0,76,26,19,37,56,49,0,0,223,33,0,125,50,0,63,14,16,79,82,51
1355477,416,0,294,0,146,610,1297,93,231,133,0,0,0,0,0,110,458,0,532,0,0,0,134,0,51,113,0,0
1538644,415,0,0,80,87,93,88,0,0,0,0,0,0,0,0,0,91,0,0,32,0,0,100,0,18,26,14,0
35128,414,66,93,107,151,149,540,25,235,114,19,69,93,24,49,39,432,23,187,312,47,41,259,20,42,171,111,135
729,413,32,63,41,57,101,194,60,47,65,22,17,26,29,21,52,221,0,113,145,21,0,175,12,45,60,94,30
1855823,413,31,44,16,47,45,25,0,0,12,17,0,44,0,13,12,237,0,0,372,16,0,124,0,16,66,49,20
1286698,413,10,76,22,41,36,28,22,23,0,0,0,0,13,0,0,182,0,12,121,21,14,80,21,10,59,23,28
5665,413,37,38,38,60,62,62,48,66,35,33,12,17,26,28,23,252,24,26,126,19,27,132,13,24,59,55,34
2562892,412,67,112,236,392,399,472,77,146,84,55,50,188,42,58,58,319,31,28,363,170,61,289,50,61,143,121,94
2735723,412,40,85,0,0,0,0,0,0,0,19,28,69,0,0,0,0,0,0,61,63,0,57,0,0,17,0,0
37482,411,0,0,0,10,15,13,0,0,0,0,0,0,0,0,0,0,0,13,25,0,0,151,0,0,18,14,0
36845,411,51,68,28,35,48,33,45,54,35,25,26,36,28,22,20,206,59,0,289,38,92,120,42,194,82,57,51
5062,411,74,88,0,115,0,0,0,0,0,41,0,83,0,0,0,0,0,0,0,78,0,254,0,0,0,0,0
314281,409,27,69,24,35,12,29,34,45,20,30,16,16,33,0,0,33,44,0,83,16,12,88,22,0,25,26,13
2576841,409,0,0,0,0,0,0,0,0,0,0,0,0,0,0,0,0,0,0,0,0,0,0,0,0,0,0,0
2590012,409,43,55,0,12,12,15,0,0,0,38,15,26,0,0,0,17,23,0,92,18,0,47,0,0,35,35,27
2007306,408,27,34,14,37,11,16,0,11,0,0,18,0,0,0,0,0,0,0,90,0,0,28,0,0,11,0,18
1357545,408,54,81,19,25,152,117,0,27,0,23,38,43,0,0,0,0,21,18,157,13,0,73,0,18,79,86,35
2594042,408,49,47,65,104,87,61,40,26,10,16,0,17,14,13,0,16,17,0,73,21,0,72,0,15,14,14,17
1492737,407,61,66,44,57,57,62,26,46,22,0,23,64,13,0,0,56,23,0,77,30,0,108,0,16,58,56,43
1218801,407,103,208,39,58,100,123,0,106,0,43,38,70,0,0,0,180,27,23,82,60,36,120,0,22,19,24,22
2675788,406,0,0,0,0,0,0,0,0,0,0,0,0,0,0,0,0,0,0,0,0,0,0,0,0,0,0,0
1942464,405,85,169,0,0,17,57,10,32,13,55,52,121,12,14,0,11,54,23,75,71,0,46,0,10,0,20,15
672,404,35,265,43,61,127,161,16,44,23,17,20,31,12,0,32,221,14,20,152,27,53,132,16,18,84,95,68
2867022,404,0,23,0,0,42,305,0,33,0,0,0,0,0,0,0,13,0,31,0,0,0,0,0,0,0,0,0
1768011,404,0,0,0,0,0,0,0,0,0,0,0,0,0,0,0,0,0,0,59,0,0,29,0,0,0,0,0
984991,404,67,77,0,0,13,0,0,0,0,15,32,34,0,0,0,0,13,0,0,21,0,0,0,0,0,0,0
2893885,403,82,104,13,45,46,64,11,18,0,23,37,69,0,0,0,22,32,73,40,55,15,66,0,0,26,15,15
1913577,402,95,88,0,0,0,29,10,25,0,21,18,38,0,0,0,26,25,0,26,21,0,32,0,0,0,0,0
2527964,402,60,104,12,21,41,106,36,49,20,18,22,39,11,0,17,96,17,28,118,11,18,87,0,19,82,65,60
1648923,402,82,97,0,37,23,67,0,0,0,26,39,0,0,0,0,36,30,0,24,0,20,60,0,0,21,0,0
2806443,402,16,31,0,0,49,0,0,0,0,0,0,21,0,14,0,42,0,0,51,21,0,60,0,0,0,0,0
570161,401,20,40,25,30,39,49,14,33,24,12,14,59,0,16,0,57,15,0,111,19,12,115,14,17,44,36,26
3158075,401,73,92,34,44,37,27,40,29,0,26,25,41,16,0,10,40,24,21,77,41,12,146,12,0,37,36,27
1714849,400,126,345,41,69,76,82,0,37,0,17,56,58,42,38,10,397,11,15,85,46,0,169,0,12,86,46,45
1441095,400,13,21,0,0,26,14,12,15,0,11,0,0,0,0,0,0,0,0,145,0,0,45,0,0,34,40,23
3031799,398,0,0,0,0,0,0,0,0,0,0,0,0,0,0,0,0,0,470,0,0,0,0,0,0,0,0,0
2916755,398,0,27,21,20,46,40,27,27,0,0,0,17,15,0,0,41,0,0,45,10,0,67,0,0,19,23,10
1004,398,39,56,15,28,218,196,17,37,0,0,17,0,0,0,17,56,18,2053,72,0,36,90,0,41,33,35,17
201,398,41,70,43,43,54,30,39,51,34,13,15,52,32,34,18,157,19,11,165,30,12,141,14,0,62,58,37
2546360,398,40,15,138,104,156,1602,0,92,39,0,44,57,0,0,31,84,36,641,100,32,0,106,0,0,26,38,22
104,397,48,84,0,19,79,1357,41,65,26,0,25,40,19,14,10,57,0,0,110,20,13,51,0,21,28,19,20
5007,396,69,48,36,55,56,42,43,39,11,19,17,23,23,15,28,147,20,11,206,10,20,230,19,32,101,91,72
2653681,395,90,215,26,34,73,90,17,52,13,26,55,86,0,0,0,98,15,0,129,30,0,62,0,0,38,51,35
84377,394,24,37,0,20,17,0,0,20,0,0,0,28,0,0,20,140,0,0,61,10,0,55,0,0,28,22,23
831,394,12,19,15,29,31,44,20,21,20,0,0,36,10,0,19,150,0,24,71,0,37,74,11,47,48,25,24
1923,394,36,54,14,22,41,146,0,0,0,0,33,66,0,0,0,0,20,0,40,38,0,31,0,0,22,14,19
796027,394,60,82,125,219,254,167,66,80,27,24,17,58,26,18,15,118,19,58,261,36,18,452,16,0,73,58,42
2775246,391,55,120,31,25,19,56,0,27,0,15,26,92,0,0,0,40,27,0,123,63,0,89,0,0,19,21,11
476,390,24,24,26,22,17,31,0,0,0,0,0,40,0,0,0,34,14,0,88,12,0,20,0,0,65,50,40
2764711,390,138,127,32,41,129,79,0,45,16,81,58,106,0,0,38,50,38,12,288,119,0,90,22,30,85,83,67
563996,389,0,60,46,68,228,503,0,41,0,0,0,0,0,0,0,0,0,59,0,0,0,21,0,0,0,0,0
1047171,389,64,68,32,65,82,62,18,17,10,0,19,42,10,0,10,202,21,90,230,40,40,111,25,21,55,64,41
2545709,389,30,28,14,25,25,21,69,56,19,22,17,10,26,17,0,102,20,0,77,48,57,83,18,14,36,36,13
2208,389,78,88,51,64,64,40,26,28,0,19,22,41,15,15,20,248,17,39,205,17,40,158,15,18,64,62,35
2596890,388,42,50,23,38,73,70,25,26,16,0,0,54,18,0,25,170,10,17,237,25,11,106,0,15,40,24,35
1563,388,21,33,14,16,27,21,0,14,0,0,14,20,0,0,0,49,15,0,28,0,0,28,0,13,20,0,10
2917832,388,56,50,0,0,379,105,0,206,16,0,29,35,0,0,0,195,25,15,42,26,0,11,0,0,39,19,36
4909,387,98,118,59,84,43,28,15,21,10,21,30,24,12,0,18,216,25,0,205,44,14,187,13,21,143,120,119
28450,386,63,85,44,50,117,197,0,34,0,65,49,309,0,0,53,126,64,53,29,32,61,99,0,53,39,35,0
254955,386,25,76,0,0,40,178,0,0,0,0,0,74,0,0,0,109,0,0,84,30,0,36,0,0,0,53,0
817,386,69,115,51,149,66,73,0,21,0,34,28,58,0,0,0,144,0,88,230,43,166,217,53,179,63,57,39
996558,386,24,57,32,80,101,192,69,73,0,0,0,87,0,0,0,57,32,0,172,46,0,143,0,26,95,69,53
1778540,385,0,0,0,0,0,109,0,0,0,0,0,0,0,0,0,21,0,0,28,0,0,92,23,0,0,0,0
2779363,385,0,27,0,0,0,0,0,0,0,0,0,23,0,0,0,0,0,0,14,0,0,0,0,0,0,0,0
3095367,385,17,49,44,61,65,44,21,21,10,0,16,16,0,0,0,127,0,0,83,26,25,128,0,33,44,45,35
2748320,384,60,66,22,30,42,55,0,26,13,20,25,43,0,14,0,17,16,10,78,39,10,35,0,0,56,39,32
2478552,383,22,38,14,22,242,155,37,53,12,20,0,12,16,0,0,96,0,16,81,26,17,85,0,0,61,45,41
3234141,383,90,134,0,0,0,0,0,0,0,0,0,0,0,0,0,0,0,0,0,0,0,0,0,0,0,0,0
1393,383,33,54,29,33,108,101,41,47,27,17,21,20,16,0,12,125,27,20,168,48,53,123,33,17,81,74,51
399025,383,0,0,0,0,0,0,0,0,0,0,0,0,0,0,0,0,0,0,43,0,0,35,0,0,0,0,0
3118470,383,0,0,0,0,0,0,0,0,0,0,0,0,0,0,0,13,0,0,0,0,0,0,0,0,0,0,0
3395320,382,32,55,35,32,33,55,19,48,0,0,19,54,24,0,13,135,0,0,78,33,0,175,20,0,16,32,23
550,381,26,74,44,39,85,205,0,0,0,0,0,21,0,0,0,41,0,21,116,19,272,114,64,342,68,44,34
2320868,381,68,97,29,50,37,34,43,45,27,25,24,48,24,16,21,41,26,0,160,43,0,113,0,16,111,68,33
511,380,0,22,70,119,135,228,20,50,0,0,0,0,0,0,0,56,0,61,126,0,0,270,0,38,72,37,0
2282170,380,61,118,41,59,86,99,39,173,11,11,20,44,31,0,0,21,10,11,105,41,15,100,0,28,25,48,24
264023,380,48,65,17,19,25,38,10,20,0,10,13,70,0,0,0,34,0,0,46,39,0,45,18,22,10,12,21
2212991,380,49,44,26,25,81,78,0,0,0,21,17,74,0,0,0,67,24,0,99,64,27,65,23,0,24,21,0
687844,379,26,48,32,67,29,45,29,54,24,0,0,18,18,37,0,184,14,0,114,36,0,110,0,0,43,44,32
5208,379,25,24,13,15,23,20,49,71,14,0,0,20,39,0,0,88,0,22,108,27,0,81,0,14,41,46,29
2763023,378,0,0,0,0,0,0,0,0,0,0,0,0,0,0,0,0,0,0,307,0,0,225,0,0,0,72,102
2117,378,0,0,0,0,0,0,0,12,0,0,0,16,0,0,0,0,0,0,16,12,0,28,0,0,10,0,11
59600,377,13,21,16,15,32,64,17,40,24,11,0,0,0,0,0,89,0,28,67,0,0,39,0,0,0,23,12
39491,377,31,49,0,0,11,0,49,58,0,15,0,27,27,0,0,55,29,16,85,22,21,56,0,14,51,48,33
114525,377,21,35,14,36,84,58,66,113,41,11,0,0,37,43,16,80,14,25,116,10,0,530,0,22,56,32,22
1803846,376,40,85,26,47,70,104,11,28,0,0,0,32,0,0,19,173,13,0,57,27,17,91,0,0,14,27,11
959,376,114,142,0,23,52,91,36,67,26,45,43,110,17,22,24,153,41,29,248,68,29,209,13,0,52,64,48
1399,376,32,36,113,136,129,99,38,61,0,0,0,26,30,0,47,361,0,24,152,32,14,202,0,41,57,59,62
3066294,376,0,0,0,0,0,0,0,0,0,0,0,0,0,0,0,0,0,0,0,0,0,0,0,0,0,0,0
985043,375,55,111,0,17,44,50,0,42,0,0,33,13,0,0,30,259,13,0,145,31,0,117,0,0,55,56,34
2230867,375,30,53,0,14,0,0,0,0,0,14,21,23,0,0,0,24,0,0,15,17,0,23,0,0,0,0,0
2774330,375,25,48,13,27,0,17,0,0,0,0,12,0,0,0,0,12,0,0,33,11,0,114,0,0,26,13,21
1734106,375,23,22,0,18,52,54,46,48,12,20,0,20,17,0,12,147,17,20,137,37,17,61,0,20,55,57,32
5671,375,0,0,84,53,0,117,0,0,0,0,0,0,0,0,0,0,0,67,102,0,0,0,0,0,47,37,25
29484,374,77,89,0,0,68,67,0,0,0,0,0,35,0,0,30,45,24,0,68,30,0,245,0,0,0,27,0
47951,374,25,114,41,65,46,33,0,0,0,0,0,14,0,0,0,0,12,0,67,0,0,207,0,0,20,21,25
556287,374,0,0,0,0,0,0,0,0,10,0,0,0,0,0,0,11,0,0,11,0,0,12,0,17,0,0,0
1571,374,11,23,20,33,33,36,36,44,0,0,0,18,17,0,0,61,0,12,101,0,17,103,0,21,40,28,45
2846100,374,0,0,0,0,0,0,0,0,0,0,0,0,0,0,0,0,0,0,0,0,0,0,0,0,0,0,0
117187,373,79,79,45,72,81,57,0,0,0,0,22,46,0,0,0,279,37,0,253,0,0,108,0,0,46,89,72
826,372,41,63,0,15,42,22,45,73,18,14,14,35,24,11,39,112,12,0,73,56,34,50,0,37,40,19,30
1117707,370,13,87,10,17,0,17,16,35,19,0,11,15,0,0,0,20,0,0,88,0,28,32,0,12,17,0,29
2653203,370,235,512,141,220,1550,4947,368,550,0,0,0,0,0,0,0,0,0,0,0,0,0,0,0,0,0,0,0
1574161,369,0,0,35,19,0,115,70,93,0,0,0,0,0,0,0,49,0,0,98,0,247,296,0,121,80,0,48
2912268,369,0,0,11,21,0,19,0,0,0,0,0,0,0,0,0,0,0,0,0,0,0,27,0,0,0,0,0
1460447,369,116,201,45,94,104,76,16,31,0,35,49,54,0,0,0,67,31,0,193,47,32,320,29,21,100,91,61
1260,369,62,85,35,82,92,166,29,15,19,27,21,45,13,0,15,41,27,68,79,43,16,125,19,26,57,27,26
2317,369,0,0,0,0,0,0,13,13,0,0,0,10,0,0,12,0,0,0,39,10,0,38,0,0,11,12,15
996,368,107,176,59,97,34,65,0,34,0,61,70,67,0,0,21,109,45,28,1647,15,24,153,0,0,111,120,86
2878255,368,90,93,23,34,115,112,0,43,0,29,33,77,0,31,0,25,35,36,58,79,19,49,0,0,0,23,19
94643,368,360,391,65,124,116,128,40,45,36,139,78,109,49,29,61,264,26,84,145,95,38,191,35,32,101,80,46
1324350,367,27,30,22,27,13,20,0,0,0,0,10,64,0,0,0,38,0,0,42,34,17,32,0,0,43,22,13
2697010,367,48,99,16,38,29,82,13,35,20,29,32,171,0,0,156,2549,36,0,294,50,0,80,0,0,80,91,48
1109412,366,34,42,18,19,23,45,0,0,0,11,0,49,0,0,0,0,0,0,19,0,0,19,0,0,0,0,0
238,366,0,10,18,23,79,75,36,34,0,0,0,54,17,0,0,60,0,0,70,25,22,146,0,13,20,17,10
1912871,366,72,554,0,0,49,23,0,0,0,47,30,88,0,0,0,55,29,0,61,50,0,61,0,0,38,31,29
1042133,366,78,78,64,109,175,142,0,0,0,51,24,0,0,0,75,1522,0,0,167,0,33,259,0,0,64,60,0
2231603,366,52,63,46,60,86,98,37,64,0,18,20,62,30,0,20,91,13,10,80,54,0,151,15,0,53,34,21
2761500,366,66,82,19,19,39,24,19,31,20,20,18,46,0,13,0,135,0,49,85,31,16,194,30,46,32,28,21
2819994,365,0,0,0,0,0,0,0,0,0,0,0,0,0,0,0,0,0,0,0,0,0,0,0,0,0,0,0
2913506,365,0,0,250,378,365,320,0,0,0,0,0,0,0,0,0,85,0,0,0,0,0,422,0,0,0,0,0
1390,364,33,34,67,101,133,90,0,0,0,0,0,0,0,0,72,395,0,0,0,39,0,128,0,0,0,0,0
3115292,364,23,24,0,0,0,11,0,0,0,39,14,19,0,0,0,20,11,0,16,0,0,19,0,0,14,0,0
1490,364,90,142,28,43,80,55,33,47,0,49,53,56,0,0,15,172,37,21,74,23,20,111,0,0,44,48,46
83655,363,45,119,54,56,114,306,34,60,46,25,46,100,21,0,0,190,39,0,79,85,57,56,0,31,43,33,24
2608089,363,54,127,39,95,168,464,0,136,36,13,21,19,12,0,23,183,15,30,202,20,24,209,20,26,81,68,61
33169,363,36,40,65,91,77,92,0,37,0,0,0,34,0,0,0,30,0,0,110,0,0,126,0,0,35,41,26
398743,362,29,106,45,50,76,120,30,66,28,16,0,16,41,0,23,136,0,0,223,0,53,50,22,51,101,53,24
2026188,362,0,0,0,39,105,111,0,0,0,0,0,0,0,0,0,116,0,0,44,0,0,202,0,0,31,25,47
699433,362,14,24,0,0,0,16,0,0,0,0,0,0,0,0,0,0,0,0,0,13,0,0,0,0,0,0,0
39152,362,11,24,26,29,16,21,0,11,0,13,0,15,0,0,0,39,12,0,99,0,16,118,0,13,38,44,16
388459,361,0,0,0,0,0,19,0,0,0,0,0,0,0,0,0,0,0,0,0,0,0,21,0,0,0,0,0
553611,360,52,134,14,30,61,66,50,62,20,24,22,50,17,14,21,165,31,0,172,48,37,261,0,25,65,77,47
584609,359,30,66,30,65,44,85,34,83,0,12,18,21,0,0,16,167,0,0,66,11,20,113,15,14,38,41,26
1705566,359,23,31,0,0,12,15,26,36,0,0,0,15,24,0,16,123,0,11,208,29,0,36,0,0,41,72,38
3025667,358,39,53,0,0,0,39,0,0,0,0,0,0,0,0,0,0,0,0,21,0,0,141,0,0,0,0,0
2921721,358,0,0,0,0,0,0,0,0,0,0,0,0,0,0,0,0,0,0,0,0,0,0,0,0,0,0,0
2093777,358,0,37,32,20,26,21,0,18,0,0,0,0,0,0,0,76,0,0,77,0,0,54,0,0,46,34,40
1965332,357,13,102,43,66,49,79,0,157,0,0,12,44,0,0,0,78,0,0,59,0,0,105,0,0,30,36,24
2968490,357,0,0,33,48,40,75,0,0,0,0,0,0,0,0,0,76,0,0,59,0,0,53,0,20,19,32,20
2419842,357,25,58,0,0,100,62,0,0,0,0,0,41,0,0,0,0,0,0,114,0,0,228,0,0,0,0,0
2895286,356,0,12,23,39,73,45,43,37,0,0,0,0,15,0,0,59,0,0,33,0,0,69,0,0,21,10,0
1622,356,11,25,25,48,53,42,16,13,0,0,0,0,0,0,0,122,0,0,22,0,18,81,0,20,12,20,0
1870903,355,45,186,38,35,560,741,11,55,41,0,37,23,0,0,41,157,0,50,34,0,0,39,0,0,18,21,24
603050,355,30,632,14,33,26,22,20,19,15,12,15,37,0,0,0,18,17,0,71,18,0,176,0,0,21,23,15
13502,355,38,40,26,27,49,35,76,77,23,28,21,50,32,0,15,43,14,14,133,32,11,87,0,23,51,27,28
2665914,354,58,91,13,10,27,142,0,10,0,21,28,29,0,0,14,150,11,0,53,22,0,22,0,0,26,28,14
2926907,354,29,60,17,25,22,57,0,17,0,15,13,34,0,10,12,88,0,0,127,0,18,37,0,24,53,47,30
1496080,354,37,51,0,0,0,16,0,0,0,0,0,21,0,0,0,0,0,0,0,0,0,15,0,0,0,0,0
169430,353,36,33,0,0,0,59,0,0,0,0,0,29,0,0,0,0,0,0,48,40,0,0,0,0,0,0,0
3038772,353,0,31,0,13,13,39,0,36,0,0,0,0,0,0,12,97,0,0,111,0,26,156,14,17,28,36,18
1890302,353,32,33,53,63,68,73,42,57,0,17,37,40,0,0,0,36,0,0,177,33,22,143,0,0,78,58,32
28447,353,0,53,0,31,51,151,0,0,0,0,0,0,0,0,24,193,0,0,17,0,0,0,0,0,14,19,0
861,353,0,32,23,23,76,29,12,0,36,0,0,64,0,18,0,73,0,0,82,11,0,87,0,0,33,24,39
45972,352,62,96,74,76,50,97,11,13,0,23,36,107,17,18,0,80,25,19,187,125,25,109,0,21,27,38,17
153151,352,22,52,0,0,0,0,0,0,0,0,0,24,0,0,0,0,0,0,0,25,0,66,0,0,0,0,0
143232,352,39,42,31,38,77,110,0,11,0,14,14,43,0,0,0,60,24,18,122,25,11,112,13,11,35,39,22
871694,351,87,127,0,22,15,22,0,0,0,30,35,40,0,0,0,81,18,17,63,12,0,39,0,0,68,45,43
72144,351,61,80,85,118,98,132,0,18,10,21,25,75,0,13,26,128,16,62,101,46,16,176,12,11,28,37,17
2496266,350,0,13,0,0,0,18,0,0,0,0,0,0,0,0,0,0,14,0,11,0,20,0,0,24,18,0,0
1354,350,0,0,77,184,285,196,55,84,98,0,0,0,0,67,0,30,0,0,72,0,0,255,0,0,62,52,53
2315449,350,34,62,26,38,62,48,11,11,0,19,25,67,0,0,25,115,30,12,107,20,0,206,12,16,36,16,42
3047343,350,0,15,22,41,37,26,0,0,0,0,0,0,0,0,0,22,0,0,70,0,139,109,21,22,32,18,19
2705473,349,27,50,0,22,35,68,0,31,0,18,19,53,0,0,34,82,0,0,78,35,0,42,0,0,55,42,32
3344828,348,0,0,0,21,30,113,0,0,29,64,39,55,40,22,676,2463,29,1162,157,28,50,64,111,487,22,311,123
129985,348,16,39,24,32,53,46,14,20,0,16,22,58,0,0,10,50,0,0,109,15,18,86,15,15,27,21,19
199441,348,26,46,17,22,28,23,54,49,0,21,12,55,22,0,0,49,14,0,40,39,17,58,0,18,20,19,0
3070996,348,0,26,12,33,21,21,36,38,28,0,0,33,20,28,0,65,0,0,40,0,16,82,0,0,32,21,19
1867846,346,0,0,18,39,21,13,0,0,0,0,0,0,0,0,0,76,0,0,65,0,0,72,0,17,0,0,0
2664436,346,0,15,0,0,23,24,0,16,0,0,11,11,0,0,0,0,0,0,0,15,0,30,0,0,0,0,0
62322,345,83,170,27,38,39,70,0,0,0,0,71,56,0,0,23,118,31,17,182,33,0,143,51,0,52,29,0
1855336,345,34,76,47,39,57,72,0,28,0,0,15,10,0,0,130,1040,29,0,39,44,0,94,0,0,24,26,14
1234841,345,129,122,38,53,49,38,0,0,0,38,44,43,0,0,20,133,23,0,21,28,0,42,0,0,27,0,0
1647413,345,30,36,39,44,103,85,0,81,0,0,37,0,0,0,0,34,71,0,72,78,0,43,0,0,111,69,82
68886,345,15,23,19,33,73,52,10,18,0,0,0,43,0,0,0,44,13,0,149,24,12,109,0,0,42,19,26
668,344,15,86,24,41,53,66,29,48,27,18,15,68,15,19,0,140,0,0,189,27,0,102,0,20,30,44,32
223919,344,0,0,0,0,0,0,41,38,0,0,0,0,0,0,22,89,0,0,40,0,0,0,0,0,57,0,0
33039,344,0,0,0,24,22,18,0,0,20,0,0,0,0,0,24,139,0,0,87,0,0,118,0,0,37,32,24
779,342,0,17,32,50,154,108,87,99,31,0,0,56,36,16,0,106,11,1202,68,49,33,53,19,16,34,32,20
2052660,342,30,52,17,19,12,0,0,0,0,0,14,11,0,0,0,81,0,0,41,20,0,16,0,0,10,10,10
2921381,342,145,146,0,0,0,0,0,0,0,49,54,77,0,0,0,0,0,0,0,90,0,0,0,0,0,0,0
651,341,14,43,22,24,31,239,0,0,0,0,0,0,0,0,56,178,0,17,80,0,0,21,0,0,44,13,0
1904463,341,49,1199,14,0,41,49,28,32,34,17,27,52,11,0,31,260,32,0,49,16,47,69,25,30,27,22,32
2921587,341,0,0,0,0,0,0,0,0,0,0,0,0,0,0,0,0,0,0,0,0,0,0,0,0,0,0,0
827,339,30,42,12,11,40,24,0,0,0,0,0,15,0,0,11,66,0,17,49,0,0,81,0,0,35,25,20
3416654,339,14,21,0,0,12,52,0,0,0,0,0,0,0,0,0,0,0,0,0,0,0,0,0,0,0,0,0
5874,339,66,77,37,68,54,50,50,46,22,0,23,50,21,0,26,124,0,12,142,40,0,137,23,11,51,43,15
2918453,338,23,49,37,50,47,60,39,65,16,13,10,44,27,16,13,116,0,0,77,45,23,51,0,0,16,0,19
2916754,337,57,114,20,43,152,181,52,103,18,31,33,58,33,13,13,80,19,2066,62,27,12,63,12,0,24,27,22
2487065,337,31,55,26,54,71,58,14,29,0,15,21,16,14,0,0,58,0,12,71,0,23,126,27,43,37,22,13
2151,337,47,67,0,12,51,27,11,24,26,11,24,31,0,0,0,16,0,0,69,61,0,44,0,0,37,32,33
29448,336,0,55,85,0,111,399,0,0,43,84,0,78,71,0,337,1761,0,1278,133,0,40,77,91,284,0,220,99
1714860,336,52,245,30,56,33,52,12,37,10,15,31,56,18,28,43,334,14,0,90,66,30,111,0,17,61,48,24
641107,336,28,40,31,40,10,15,17,20,0,0,0,15,0,0,39,314,0,20,109,18,0,51,0,0,58,56,40
2770788,336,0,0,27,45,23,28,0,0,0,0,0,0,0,0,0,0,0,13,0,0,0,60,0,0,0,0,0
45497,336,0,16,0,0,18,22,0,0,0,0,0,0,0,0,11,101,0,78,40,0,0,77,0,0,27,19,14
2565531,335,0,0,0,0,0,0,0,0,0,0,0,0,0,0,0,0,0,0,0,0,0,0,0,0,0,0,0
1486034,334,10,27,20,51,14,46,26,50,0,0,0,0,12,0,0,36,0,0,48,0,0,41,0,0,22,14,31
172045,334,0,17,0,0,20,31,0,0,0,0,0,25,0,0,0,0,0,0,0,17,21,0,0,0,0,0,0
1185412,333,13,62,97,144,72,67,21,30,0,0,0,0,10,0,13,85,0,10,121,27,62,107,28,24,66,52,60
300231,332,14,33,0,0,0,43,12,20,0,0,17,0,0,0,16,57,0,0,25,0,0,48,0,0,0,0,0
33045,332,67,90,0,35,47,42,0,0,0,17,23,117,0,24,0,12,29,0,59,62,58,58,31,79,12,0,0
1836467,332,40,75,17,35,41,81,17,33,0,15,25,52,13,0,0,82,16,0,88,46,43,73,0,13,17,28,11
2779360,332,20,56,36,48,58,120,0,31,0,0,0,50,0,0,22,194,0,0,66,0,0,53,0,0,0,0,14
261299,332,25,52,34,62,63,47,0,0,0,0,0,0,0,0,0,59,0,14,58,0,0,54,0,0,35,13,19
3041619,331,23,20,0,0,14,0,0,0,0,0,0,0,0,0,0,61,0,0,50,0,0,26,0,0,13,0,0
247,331,20,35,14,16,73,75,52,52,23,28,14,56,19,0,31,177,30,0,113,14,56,113,35,43,38,46,32
2710596,331,15,31,0,15,27,38,20,24,10,0,0,18,0,0,0,12,0,25,53,0,0,48,0,0,0,11,0
417367,331,56,91,0,11,20,19,0,16,0,19,32,87,11,0,0,102,12,0,88,38,12,56,0,18,0,31,11
1305,331,31,52,72,83,67,317,52,30,0,0,23,46,0,20,24,217,25,52,84,0,31,133,0,28,49,54,24
2779445,331,22,50,21,40,18,13,12,19,0,19,0,23,0,0,10,97,19,12,82,29,0,112,0,0,28,19,0
5872,331,107,142,47,66,36,26,15,24,0,41,36,314,15,14,12,223,24,0,135,29,0,74,0,0,53,38,18
52584,330,50,67,14,67,45,24,40,46,31,71,18,59,17,16,15,89,38,0,223,26,10,110,0,0,90,85,67
239,329,63,98,42,80,61,109,25,52,27,18,25,44,13,0,20,203,23,16,169,45,36,245,0,0,84,55,60
1411316,329,37,51,31,27,40,54,0,32,26,0,19,38,0,0,37,228,13,18,77,0,22,98,0,10,40,73,41
3070681,329,16,65,20,29,42,19,22,26,13,23,0,18,17,0,103,987,12,0,188,0,11,165,0,0,29,54,33
1727145,329,20,27,11,23,25,18,0,13,0,0,12,0,0,0,0,45,0,10,78,0,0,64,0,11,33,27,19
28090,328,35,46,0,25,89,270,0,26,0,0,27,0,0,0,40,57,0,0,57,0,0,244,0,0,16,23,17
2698686,327,0,23,29,39,31,41,39,23,0,0,0,13,0,0,0,24,0,0,50,17,26,88,22,35,11,13,0
202956,327,64,100,0,21,0,55,0,24,0,26,30,35,0,0,0,27,25,0,101,31,0,49,0,0,46,51,37
2849865,327,0,53,0,55,0,0,0,0,0,0,0,0,0,0,0,0,0,0,0,0,0,0,0,0,0,0,0
158822,326,37,63,0,0,30,73,0,30,13,14,11,26,0,0,0,16,14,36,80,18,11,62,0,0,64,50,47
96345,326,23,44,19,41,44,48,0,13,0,0,10,65,0,0,27,417,0,0,118,12,0,70,0,12,55,66,44
221126,326,0,0,0,0,0,33,0,0,0,0,0,0,0,0,0,12,0,0,27,0,0,68,0,0,0,0,0
2921698,326,0,0,0,0,0,0,0,0,0,0,0,0,0,0,0,0,0,0,0,0,21,0,0,0,0,0,0
81408,326,15,12,0,0,0,0,13,21,0,0,0,25,0,0,0,32,22,0,45,0,0,15,0,0,30,26,17
1517,326,60,109,51,106,114,75,21,29,26,28,50,149,0,23,27,217,41,21,94,80,0,255,0,0,40,46,29
197653,326,0,0,79,109,253,201,36,111,45,0,0,59,0,0,61,305,0,83,187,0,64,199,41,54,79,88,62
2686078,325,37,44,13,0,37,94,0,16,0,0,18,0,0,0,0,49,0,36,69,14,0,53,0,0,24,12,13
1462615,325,29,1831,0,0,28,29,68,98,15,19,19,50,42,15,12,279,29,16,187,29,26,144,0,23,44,41,38
437897,325,55,94,44,50,35,20,0,0,0,19,18,71,0,0,13,17,14,0,90,57,23,90,13,12,24,15,18
3082531,325,0,0,0,0,0,0,0,0,0,0,0,0,0,0,0,0,0,0,0,0,0,0,0,0,0,0,0
2908646,324,20,55,0,0,99,91,0,0,0,0,10,0,0,0,0,10,0,0,32,0,17,24,0,0,0,17,0
2126352,324,0,0,0,0,0,0,0,0,0,0,0,0,0,0,0,0,0,0,0,0,0,12,0,0,0,0,0
1005039,324,0,18,0,12,18,28,0,0,0,0,0,0,0,0,0,0,0,55,25,0,0,10,0,0,0,14,0
2371,323,13,17,27,47,153,180,21,22,0,0,0,29,0,0,16,80,13,0,30,0,126,34,56,55,25,18,12
53946,323,0,13,0,0,16,114,0,18,0,0,0,0,0,0,0,0,0,0,11,0,17,18,0,28,0,21,30
2789740,323,24,43,16,36,18,33,0,0,0,14,0,24,0,0,0,56,0,0,51,23,10,72,0,0,0,10,0
336820,323,50,59,23,40,22,28,0,0,0,0,0,24,0,0,0,13,0,11,151,0,14,101,0,16,23,16,16
3349876,323,34,45,0,0,130,54,0,37,0,42,0,0,0,39,0,0,46,0,0,23,0,66,0,0,0,0,0
208199,322,23,37,34,44,41,39,45,71,0,0,12,15,21,0,52,213,20,20,108,0,31,135,0,23,58,46,31
3239929,321,19,20,30,20,82,187,22,22,19,0,16,13,0,0,0,15,16,18,14,17,0,37,0,0,0,0,22
563172,320,33,65,0,0,12,19,33,45,17,0,14,28,15,12,0,52,11,0,17,39,0,24,0,11,16,0,0
29375,320,0,0,10,14,0,0,0,0,0,0,0,0,0,0,0,35,0,0,34,0,0,22,0,0,16,25,0
5664,320,34,35,31,39,103,81,32,47,24,0,16,96,15,0,0,41,13,158,123,64,28,176,0,11,54,75,45
2921379,319,0,0,0,0,0,0,0,0,0,0,0,0,0,0,0,0,0,0,0,0,0,0,0,0,0,0,0
1335,319,138,191,0,14,39,19,16,16,0,67,62,63,0,0,0,58,61,0,256,75,18,86,0,14,82,52,80
2714940,318,0,21,0,0,33,46,40,45,10,0,0,0,15,0,0,18,0,0,124,0,0,20,0,10,22,26,20
2975482,318,11,0,0,10,16,21,0,0,0,0,0,0,0,0,0,83,12,12,20,0,19,83,0,0,0,16,20
1510,318,24,34,0,0,59,40,0,15,0,0,13,0,0,0,0,98,0,0,104,18,0,224,0,15,0,21,0
5868,318,184,204,31,62,77,48,16,19,10,60,25,99,30,18,13,78,17,23,115,34,0,118,0,10,62,47,55
3410088,317,0,0,0,34,48,119,36,0,39,60,28,28,34,30,495,1945,21,948,102,38,46,59,80,357,41,198,85
683124,317,18,23,0,19,44,46,33,31,0,0,0,33,0,18,20,264,15,0,85,19,15,26,16,0,30,39,0
2584122,316,66,85,0,17,31,44,31,74,0,12,26,38,18,0,17,41,15,22,107,28,0,81,0,10,54,35,21
44008,316,24,63,27,61,48,52,0,0,31,0,14,23,0,0,18,191,13,18,116,0,0,87,0,13,48,25,31
76857,316,49,75,102,217,217,192,97,104,53,0,32,25,50,23,31,223,14,31,223,0,49,350,15,83,99,85,68
1775926,316,42,51,38,77,59,91,38,52,33,0,11,54,22,17,21,200,12,1219,123,27,0,147,0,0,46,33,28
5660,316,0,74,0,0,26,32,0,20,0,46,0,60,0,0,0,87,52,0,89,41,26,55,0,26,34,28,29
3423956,315,66,45,0,0,0,0,0,0,0,0,0,29,0,0,0,0,0,14,54,0,0,0,0,0,44,0,0
360422,315,54,88,14,28,35,26,23,33,0,22,17,123,24,0,12,126,32,19,128,107,26,78,0,18,40,35,32
470934,314,18,29,0,15,20,64,0,0,0,0,0,0,0,0,0,212,0,0,15,0,29,46,0,18,0,16,0
558537,314,0,0,0,0,126,326,0,0,0,0,0,0,0,0,0,0,0,166,0,0,0,0,0,0,0,0,0
3127471,314,0,0,0,0,40,57,0,0,28,0,0,0,0,0,0,0,0,0,48,0,23,91,0,25,31,21,22
1334,314,42,0,19,22,43,81,0,0,0,0,0,0,0,0,0,68,0,45,104,0,0,134,0,75,36,36,29
182773,314,59,94,0,15,45,35,0,0,0,19,21,92,0,0,0,50,17,0,90,59,123,41,16,222,21,26,17
649756,314,26,36,49,58,74,51,0,0,19,20,18,12,0,0,0,17,12,14,112,0,0,65,0,0,59,44,39
2686365,313,0,22,35,60,107,131,0,35,0,14,0,19,0,0,22,79,0,0,92,0,14,259,0,0,33,25,14
206,313,0,24,18,45,40,32,23,23,10,0,0,21,14,20,11,46,0,0,73,48,22,107,11,25,20,50,26
122368,313,36,52,29,39,92,67,66,82,29,11,13,10,39,25,12,88,14,41,99,13,36,130,20,25,48,18,14
1850246,312,31,68,27,28,33,75,17,35,0,11,15,11,0,0,30,191,15,0,139,0,22,53,23,13,31,50,43
747,311,45,85,86,135,122,106,0,0,0,25,33,34,0,0,0,65,28,12,85,18,88,149,34,42,40,51,42
13689,311,0,0,0,0,55,158,0,0,0,0,0,0,0,0,0,0,0,0,22,0,0,0,0,0,0,0,0
2879938,311,26,53,0,22,0,0,27,42,39,19,20,33,0,0,15,133,0,0,68,43,0,51,0,26,53,51,28
862126,311,19,26,18,22,0,17,0,0,0,0,0,29,0,0,17,87,0,0,85,14,13,107,0,0,16,11,11
95641,310,0,0,0,0,0,25,0,0,0,0,0,0,0,0,0,23,0,0,11,0,0,82,0,0,0,0,0
2820002,310,0,0,0,0,0,0,0,0,0,0,0,0,0,0,0,0,0,0,0,0,0,0,0,0,0,0,0
545501,310,23,36,0,0,0,0,18,17,0,0,0,0,10,0,0,80,0,0,69,0,0,22,0,0,50,30,17
2060973,310,117,132,43,54,126,127,12,22,15,23,38,52,0,22,13,115,35,28,129,66,18,280,19,27,41,74,42
5865,310,59,71,34,55,53,22,0,0,0,31,18,35,0,0,0,25,27,0,70,14,0,101,19,28,25,31,22
3060313,310,0,0,0,0,0,0,0,0,0,0,0,0,0,0,0,0,0,0,0,0,0,0,0,0,0,0,0
29494,309,70,148,0,16,24,66,0,0,0,22,42,20,0,0,0,278,37,0,93,0,0,36,0,0,67,71,38
2305987,309,23,36,0,0,0,25,0,0,0,0,0,11,0,0,0,0,0,0,34,0,0,24,0,0,0,11,0
2906077,309,25,40,17,27,18,38,15,28,0,0,0,0,18,0,32,449,0,0,173,20,12,48,19,0,42,23,31
3093867,309,0,18,20,28,22,125,0,13,0,0,0,0,0,0,0,29,0,0,38,0,0,50,0,0,29,0,11
313588,309,22,55,17,27,19,42,0,13,0,10,0,26,0,0,0,70,0,0,57,0,0,71,0,0,16,23,0
28454,309,54,96,0,0,47,73,29,87,0,44,21,34,22,0,0,28,0,0,70,59,0,96,0,0,34,23,0
1550579,309,92,109,21,44,17,21,0,12,0,67,47,107,0,0,20,208,46,0,79,41,0,46,0,13,40,46,15
643214,309,18,12,22,27,76,36,20,21,0,11,0,11,0,0,10,213,0,0,92,20,0,59,0,0,0,27,12
1547,309,34,89,48,69,65,41,0,0,21,29,15,83,0,14,17,98,35,28,180,76,32,154,12,23,57,58,54
86106,308,11,17,21,42,18,15,18,20,0,0,0,10,0,0,0,94,0,0,76,20,0,32,0,0,37,21,27
34073,308,67,117,303,406,472,1203,49,93,85,28,74,65,0,0,51,194,0,738,55,36,31,242,0,43,72,28,24
237612,307,0,0,0,0,0,0,0,0,0,0,0,0,0,0,0,0,0,0,0,0,0,0,0,0,0,0,0
283734,307,38,66,39,48,166,116,13,31,21,26,22,23,14,13,30,141,19,0,59,38,24,69,19,33,37,14,26
2563669,306,31,38,0,0,0,0,0,0,0,0,0,0,0,0,0,0,0,0,0,0,0,0,0,0,0,0,0
3435409,306,0,0,0,15,0,11,0,0,0,0,0,12,0,0,12,71,0,0,24,0,0,0,0,0,0,12,11
4952,306,0,19,35,52,121,58,110,124,28,0,0,27,48,26,27,400,23,28,342,0,40,319,14,65,126,143,109
3426221,306,70,74,0,0,0,0,0,0,0,19,26,70,0,0,0,0,19,0,35,53,0,14,0,0,15,20,11
1656159,305,0,0,0,0,0,0,0,0,0,0,0,0,0,0,0,0,0,0,0,0,16,13,0,14,0,0,0
1936156,305,81,199,143,143,1781,3571,46,251,193,17,67,99,23,19,60,216,39,179,248,48,420,146,115,724,80,124,52
2547394,305,24,50,20,57,18,47,0,34,0,13,19,16,0,0,0,150,0,0,29,23,17,89,0,0,24,38,0
1314,305,26,88,527,532,928,2306,70,89,24,0,0,41,30,67,0,147,31,18,59,29,0,410,24,31,32,29,13
1493,305,16,20,17,23,33,37,51,52,20,0,0,0,25,0,48,266,0,0,299,0,14,120,0,15,78,62,26
5270,305,37,43,23,44,38,48,48,58,16,21,21,44,40,18,10,97,0,30,82,22,14,163,0,29,40,38,34
549,304,32,58,52,84,133,223,42,43,40,0,40,31,0,0,0,51,0,192,101,30,0,193,0,0,54,24,24
342113,304,97,158,0,0,0,34,0,0,0,29,59,110,0,0,0,0,27,0,0,66,0,0,0,0,0,0,0
536441,304,39,57,34,69,37,56,38,59,0,13,13,30,22,0,0,11,0,0,40,22,40,66,0,22,0,0,0
2509675,304,20,20,0,16,22,28,11,18,0,0,0,20,0,0,0,56,0,0,55,0,0,106,0,0,0,0,13
3003260,303,11,0,13,25,20,30,0,0,0,0,0,30,0,0,0,46,0,0,83,13,13,79,22,0,28,18,17
1736674,303,11,29,38,71,83,91,16,34,0,0,0,33,0,28,25,138,0,0,67,27,19,67,0,0,22,21,16
2904246,303,39,60,21,46,55,70,0,15,0,24,23,39,0,12,15,65,10,0,77,24,13,86,0,10,22,26,13
1379,303,36,55,13,30,46,254,26,60,0,0,21,25,16,0,16,71,14,29,185,29,0,58,0,13,111,65,42
1892,303,49,104,178,146,220,459,46,111,117,0,85,98,34,0,0,33,96,133,65,32,0,158,0,0,98,81,0
2931400,302,0,0,0,0,0,0,0,0,0,0,0,61,0,0,57,50,0,0,39,0,0,51,0,0,31,0,0
1363,301,53,82,109,149,111,83,12,13,0,21,31,59,0,0,0,112,22,0,109,52,0,291,0,0,36,27,15
2731219,301,57,96,0,16,45,41,45,47,0,20,20,36,15,0,14,48,18,12,75,16,12,107,0,0,11,22,27
498019,301,15,35,0,18,14,17,24,30,0,30,11,13,19,0,23,204,0,27,117,19,0,132,0,0,52,59,31
294,300,49,66,58,78,145,408,0,49,43,13,24,56,0,0,44,417,17,38,66,31,0,171,19,18,13,23,27
3140245,300,57,106,0,0,68,113,0,0,42,59,40,56,32,18,551,1838,42,939,125,31,40,51,88,415,0,210,84
2201271,300,47,54,17,34,51,42,0,0,0,0,15,48,0,0,0,51,0,10,60,40,0,41,0,20,31,25,10
665099,300,69,123,0,69,0,0,0,0,0,0,0,0,0,0,0,0,0,0,40,0,71,233,0,0,73,0,0
2738844,299,59,86,68,84,75,101,0,45,0,28,30,23,0,0,0,0,0,51,102,12,32,107,0,0,28,17,22
1617283,298,22,52,37,50,63,50,0,0,0,0,0,0,0,0,0,99,0,0,102,0,0,185,29,0,40,42,34
2704465,297,31,53,27,49,62,69,62,90,24,12,16,34,28,13,0,37,18,11,82,26,14,123,0,14,36,45,27
33923,297,26,50,15,22,30,15,17,20,10,12,13,49,11,0,0,32,0,28,89,31,0,36,0,0,36,27,21
2916633,296,0,0,0,0,0,0,0,0,0,0,0,0,0,0,0,0,0,0,0,0,0,38,0,0,0,0,0
343874,296,44,57,45,56,116,135,0,30,41,28,30,42,0,0,22,39,0,0,155,24,49,173,25,36,92,57,51
86664,296,0,19,18,42,61,67,0,18,0,0,0,41,0,0,26,268,0,15,333,34,22,59,0,0,93,111,82
2916802,296,10,13,0,0,0,0,0,0,0,0,0,13,0,0,0,53,0,0,14,10,0,21,0,0,0,0,0
2594004,295,12,24,19,38,26,46,42,48,18,0,0,0,18,16,0,13,0,0,311,17,30,148,0,0,50,50,70
1780362,295,23,46,27,41,21,20,0,14,0,0,0,15,0,0,0,280,0,0,26,0,0,24,0,0,20,12,0
2808900,294,31,85,26,42,22,45,10,46,0,17,14,41,0,0,27,190,11,0,87,17,34,96,28,62,56,62,60
1333662,294,35,37,0,28,0,42,0,32,0,0,0,13,0,0,0,39,0,0,40,13,0,35,0,0,11,13,0
1265445,294,42,57,43,63,27,42,33,64,25,0,16,10,24,21,0,117,0,0,121,16,0,81,0,20,40,32,19
259,294,0,27,22,21,74,86,0,0,0,0,0,35,0,0,52,402,0,0,144,0,65,70,0,34,87,33,29
2478954,294,0,0,18,45,14,0,0,0,0,0,0,14,0,0,0,100,0,13,0,17,0,382,0,0,0,0,0
50719,293,33,128,0,53,0,75,69,74,0,0,0,60,0,0,0,35,0,0,84,51,37,61,0,0,0,0,57
196,293,14,45,19,26,47,22,31,15,0,12,0,73,0,0,48,282,23,0,133,48,26,98,0,28,64,67,37
27291,293,27,42,65,114,94,63,0,0,0,15,22,22,0,0,31,193,0,38,193,23,0,145,0,0,96,87,56
3140244,292,35,0,0,0,61,122,0,0,47,60,21,35,38,31,516,2113,21,812,151,26,29,51,90,410,30,206,85
2576902,292,23,29,14,19,165,90,25,76,0,15,18,24,17,0,18,15,38,30,154,25,0,76,0,0,42,51,16
1617448,292,48,41,18,31,72,117,27,71,36,17,25,36,20,41,17,28,30,35,33,47,23,120,13,19,37,31,37
2058137,291,25,31,17,36,46,77,41,71,0,10,13,0,22,0,0,37,0,86,84,13,16,61,0,24,49,40,42
320912,291,0,43,59,71,40,99,0,0,0,0,0,0,0,0,0,110,0,0,50,0,0,68,0,0,0,0,0
1729720,291,45,109,0,54,48,104,13,35,0,0,0,14,0,0,0,136,0,0,23,0,0,37,0,0,17,0,13
1482,291,18,29,58,63,56,46,0,0,0,0,0,13,0,0,13,263,11,0,181,27,0,176,0,0,109,66,25
43080,291,32,53,32,32,44,30,0,21,0,0,18,0,0,0,31,102,0,0,137,0,0,81,0,0,43,46,42
3074124,290,23,53,0,13,41,78,21,24,0,0,0,57,0,0,0,39,12,0,61,29,0,104,0,12,65,31,34
3298610,290,27,41,0,18,11,16,17,22,0,19,0,41,0,0,0,33,23,0,39,32,0,58,20,10,41,28,21
313598,289,23,56,0,0,19,31,0,48,0,10,13,27,0,0,0,130,0,0,70,28,0,89,0,0,11,16,0
2487063,289,32,22,23,18,46,31,0,17,0,0,0,53,0,0,0,0,0,0,69,16,0,61,54,0,33,17,22
291644,289,42,91,18,21,52,60,0,22,32,13,31,49,0,0,0,0,22,0,120,23,0,96,0,0,42,29,24
2897333,289,0,0,58,41,153,112,60,72,31,0,0,18,41,37,0,231,0,0,72,0,0,92,0,0,96,0,0
218284,289,22,43,21,22,0,28,0,0,0,15,20,74,0,0,0,0,14,20,0,60,22,61,0,0,0,0,0
39496,289,25,52,0,23,32,20,0,0,0,14,11,50,0,0,19,139,19,0,86,20,0,190,0,14,30,37,28
1908341,288,39,71,23,25,25,47,48,101,36,0,14,21,21,0,21,37,0,19,108,10,17,137,28,41,62,38,36
2952571,288,20,32,0,0,39,70,23,47,0,0,15,28,0,0,0,44,0,0,68,0,39,71,20,35,20,0,16
114090,288,0,0,0,0,0,0,0,0,0,0,0,29,0,0,0,0,0,0,0,0,0,0,0,0,0,0,0
2748319,287,56,101,36,65,71,118,48,87,31,25,27,70,33,56,0,57,0,18,26,44,47,94,34,32,23,19,0
1784714,287,0,28,0,22,58,70,31,47,26,0,0,0,21,15,0,25,0,12,1042,0,0,50,0,11,474,119,249
1287055,287,15,28,34,34,15,12,0,0,0,0,0,11,0,0,0,100,11,12,74,11,13,34,0,21,31,18,25
3045146,287,18,49,14,20,27,22,0,15,0,10,13,10,0,0,0,50,0,0,12,0,18,38,0,0,19,0,0
43662,286,18,61,0,53,85,123,0,0,0,0,0,102,0,0,0,25,0,0,124,56,0,78,0,0,88,186,0
1238,286,96,99,42,85,59,71,0,10,14,20,25,43,0,0,19,78,31,54,142,22,0,135,0,0,67,27,45
59405,286,0,0,0,0,58,211,0,0,0,0,0,0,0,0,0,0,0,0,19,0,0,0,0,0,0,0,0
1170699,286,51,59,19,34,21,76,60,100,24,0,14,10,27,11,0,173,15,0,39,0,0,58,0,0,12,40,21
1288,285,152,138,28,49,27,27,41,36,34,44,70,46,17,17,16,95,25,0,67,66,13,119,35,0,43,38,24
756892,284,55,125,30,32,124,151,28,42,0,27,60,68,0,0,45,35,22,98,134,71,27,103,15,0,145,97,80
83451,284,32,55,55,57,150,488,14,33,45,0,18,21,0,0,21,105,13,53,226,11,25,95,16,0,76,0,0
2304606,284,0,11,12,20,30,21,0,0,0,22,0,19,0,0,0,42,0,0,53,47,0,33,0,0,20,15,0
2704655,283,39,46,0,0,24,16,0,0,0,0,0,25,0,0,0,66,12,0,48,0,18,24,0,0,30,27,16
189381,283,54,47,18,27,26,48,0,10,0,19,15,38,0,0,0,76,15,29,29,10,12,99,23,18,29,0,0
1642,282,42,51,37,64,34,29,0,0,0,0,0,0,0,0,0,55,0,29,45,0,0,86,0,0,10,18,11
394958,282,30,71,15,16,52,30,16,0,0,19,15,13,0,0,11,83,0,0,119,0,0,86,0,0,40,27,20
2666025,281,20,32,0,0,15,32,36,34,11,0,0,17,13,0,22,210,0,19,29,0,0,79,0,0,19,15,0
2774747,281,53,71,0,0,41,40,0,24,20,0,25,20,0,0,0,48,18,0,25,0,0,45,0,0,22,13,0
696485,280,67,182,155,67,354,162,36,118,126,0,98,63,19,0,42,55,0,0,69,30,55,109,0,42,0,18,0
142864,280,35,55,0,0,209,75,18,70,0,0,19,12,0,0,0,19,0,35,62,15,0,49,0,0,25,26,0
2713501,279,33,19,20,47,0,0,0,0,0,0,0,0,0,0,0,13,0,0,23,23,0,33,0,0,0,0,0
49338,279,18,43,10,22,0,15,0,15,0,0,12,25,0,0,0,50,10,0,51,12,0,37,0,0,29,36,21
2749995,278,39,84,23,27,48,100,25,70,45,15,16,84,0,25,55,316,25,0,114,28,13,74,0,0,28,29,14
2487072,278,24,48,18,29,111,77,20,52,23,0,0,30,0,0,0,26,0,0,55,0,51,90,0,40,22,23,0
2952477,277,0,0,0,0,50,81,0,12,45,0,0,0,0,0,0,0,0,0,14,0,0,11,0,27,0,0,0
2816357,277,23,62,29,58,71,39,0,0,0,22,28,136,0,0,0,99,37,0,113,49,11,113,0,0,40,47,22
2910158,277,0,12,11,33,21,25,0,0,0,0,0,19,0,0,0,42,0,0,46,10,11,50,0,0,11,0,11
877500,277,49,638,16,38,57,35,0,0,0,25,11,50,0,0,10,38,19,0,140,72,13,42,10,0,35,24,23
3023090,277,23,26,11,14,26,17,0,0,0,14,0,18,0,0,0,71,0,0,45,0,0,258,0,0,0,0,0
2871688,276,0,0,0,0,0,0,0,0,0,0,0,0,0,0,0,0,0,0,0,0,0,0,0,0,0,0,0
1437360,276,54,74,28,26,168,420,28,51,21,29,19,128,14,0,69,272,30,187,54,242,15,45,20,45,25,36,26
3399565,276,0,19,0,18,0,0,0,0,0,0,0,13,0,0,0,71,0,52,55,0,0,11,0,0,18,16,0
2999116,276,23,41,57,95,49,43,20,21,11,0,11,15,0,20,51,54,10,0,145,11,27,83,13,13,98,80,44
2814293,275,11,15,0,0,0,26,0,0,0,0,0,0,0,0,0,0,0,0,0,0,0,19,0,0,0,0,0
104270,275,38,112,27,19,61,97,14,55,0,20,20,36,14,25,25,192,17,12,209,23,0,82,0,12,57,82,27
2795738,275,93,107,0,12,46,52,47,82,0,23,27,74,35,0,31,54,32,0,72,93,18,38,0,0,34,19,15
252967,275,53,87,0,23,17,14,18,31,0,17,25,56,11,0,0,199,14,0,116,43,0,63,0,0,52,50,32
759811,275,66,79,31,49,36,51,0,0,0,21,38,49,0,0,0,58,0,26,81,17,0,73,0,0,59,32,31
2921503,275,25,42,29,91,33,31,0,13,0,0,17,39,0,0,0,0,17,36,85,35,10,76,0,0,64,33,33
46126,275,20,22,14,24,19,23,0,19,0,0,0,45,0,0,36,257,15,0,140,25,14,94,14,18,110,98,72
346,274,97,177,0,14,520,993,0,0,0,0,96,52,0,0,0,0,0,1032,112,0,252,19,0,0,0,0,0
2859768,274,26,62,22,45,71,70,0,20,0,0,21,23,0,0,14,265,0,0,59,23,0,79,0,14,30,34,27
3409994,274,0,0,0,0,0,0,0,0,0,0,0,0,0,0,0,0,0,0,0,0,0,0,0,0,0,0,0
34090,273,0,0,0,0,0,0,13,14,0,0,0,0,0,0,0,12,0,0,41,0,22,0,12,0,0,10,0
1532552,273,15,32,14,36,26,22,20,20,21,11,0,0,0,23,11,101,0,14,91,21,20,78,14,10,25,36,21
2975292,273,40,32,0,0,0,0,0,0,0,0,0,0,0,0,0,0,40,0,0,0,0,0,0,0,0,0,0
208479,273,96,104,27,43,63,43,0,0,0,24,35,33,0,0,0,24,20,25,85,28,18,76,0,16,27,30,36
154046,273,50,49,13,21,20,29,34,58,11,14,14,21,19,14,0,31,12,0,48,21,0,144,0,0,52,18,17
2792979,273,0,0,0,0,0,0,0,0,0,0,0,0,0,0,0,0,0,39,0,0,0,0,0,0,0,0,0
2829596,272,0,15,0,0,24,75,0,110,0,0,0,0,0,0,0,0,0,0,17,0,0,14,0,0,0,0,0
3384157,272,59,99,54,65,53,77,0,26,0,19,28,46,0,0,39,244,19,0,378,41,0,63,0,0,67,83,38
280473,272,32,56,0,10,41,52,0,14,0,0,15,15,0,0,16,117,0,10,145,27,13,36,14,10,36,25,26
1416627,271,0,0,0,0,0,15,0,0,0,0,0,0,0,0,0,0,0,0,29,0,20,0,0,0,0,0,0
33959,271,34,48,45,64,80,63,0,0,0,21,12,39,0,0,11,76,0,0,108,26,23,133,43,99,71,58,49
28037,271,18,24,21,33,57,1419,33,29,40,0,0,0,0,0,71,400,36,197,127,57,44,64,0,84,41,34,12
1497,271,25,69,0,17,18,16,0,0,0,0,10,27,0,0,15,180,13,0,98,13,10,34,0,0,41,31,30
710190,271,0,18,25,68,46,31,0,0,0,0,0,0,0,0,0,58,0,19,21,0,0,51,0,0,15,0,0
34038,270,0,0,0,0,31,21,0,0,0,0,0,0,0,0,0,100,0,0,27,0,0,26,0,0,0,0,0
33932,270,0,0,0,0,0,0,0,0,0,0,0,0,0,0,0,0,0,0,116,0,0,47,0,0,0,0,0
2738,270,55,84,27,44,77,94,30,32,17,30,36,47,16,13,0,85,29,0,108,20,15,129,18,16,40,34,24
47872,270,0,0,0,0,0,50,0,0,0,19,0,0,0,0,0,0,0,0,0,0,0,0,0,0,0,0,0
1935446,269,0,18,27,19,52,29,0,0,0,0,0,15,0,0,0,14,0,0,45,34,0,56,0,0,15,0,0
39766,269,0,15,16,19,19,27,10,11,0,0,0,0,0,13,0,18,0,0,35,0,0,31,0,0,17,19,22
52,269,0,17,11,11,26,209,0,10,16,0,0,0,0,0,0,69,0,13,26,10,0,48,0,0,0,0,0
2751178,268,0,63,15,18,17,33,23,30,0,0,0,14,0,0,13,141,0,18,167,0,0,63,0,30,46,61,60
728,268,0,17,26,41,42,49,0,42,0,0,0,13,0,0,20,78,15,16,76,0,31,95,0,28,25,39,0
2502784,268,87,146,21,38,28,52,0,20,0,17,36,74,0,0,0,35,16,0,57,49,0,24,0,0,13,0,0
2726954,268,31,50,0,13,16,25,0,11,14,12,13,20,0,0,0,683,17,0,37,13,0,69,0,0,49,21,47
40324,267,118,174,69,79,372,1429,36,86,157,33,101,63,0,0,76,371,68,134,166,69,94,133,56,220,58,61,66
285,267,81,108,30,73,138,303,0,0,0,24,51,51,0,0,42,73,44,40,143,0,0,137,0,0,49,59,53
666563,267,92,384,46,106,63,73,19,37,0,0,13,47,56,74,0,359,0,0,53,40,30,99,15,28,41,35,38
2864201,267,34,46,45,42,69,70,46,81,33,0,15,26,21,22,0,47,12,11,112,34,33,70,12,13,43,42,57
2912228,267,17,35,0,0,45,34,14,14,0,0,0,0,0,0,0,11,0,0,63,0,0,50,0,0,13,22,0
2925782,267,36,114,0,27,23,15,23,17,0,10,16,50,0,22,0,40,10,0,120,32,14,76,0,0,20,45,30
1501268,267,0,0,0,0,0,0,25,46,13,0,0,0,0,0,47,88,0,0,23,0,0,53,0,0,0,0,0
316,266,56,114,88,96,313,860,42,127,106,14,71,73,0,33,92,186,30,73,76,32,153,74,99,114,63,44,94
2724135,266,53,70,24,45,51,67,14,26,0,36,20,108,0,0,0,182,12,16,51,48,0,88,17,0,31,35,25
291208,266,31,27,20,24,35,19,0,0,0,24,13,30,0,0,0,42,0,16,61,19,0,81,0,0,50,43,27
38313,265,63,80,53,77,69,145,0,30,0,67,46,56,0,0,0,35,32,13,68,83,0,101,0,49,29,34,20
3031997,265,0,33,33,53,21,44,72,115,0,0,0,33,49,39,0,178,0,0,80,13,0,133,0,0,60,26,18
1714848,264,59,141,35,42,44,49,125,72,0,38,19,51,48,56,0,108,0,0,70,28,0,93,0,0,29,41,41
192389,264,0,0,0,15,0,23,0,15,0,0,0,0,0,0,0,11,0,0,64,0,0,12,0,0,20,16,15
89059,264,22,38,0,15,0,0,11,19,0,13,0,12,0,0,0,11,14,0,42,35,0,82,0,0,23,0,0
1216932,264,0,16,0,27,87,50,39,44,22,20,0,48,25,13,0,31,0,0,47,36,0,95,0,0,0,13,0
1247712,264,0,14,32,49,20,26,0,0,0,0,0,0,0,0,30,269,0,0,201,0,15,151,18,0,68,38,26
1871076,262,14,22,33,54,21,43,10,18,0,12,0,31,0,0,14,60,0,13,116,13,16,56,12,22,63,33,33
2736252,262,59,188,14,33,24,58,15,30,11,0,17,0,16,21,23,235,0,0,44,0,19,54,10,11,24,37,24
3047875,262,40,83,0,16,0,0,14,17,0,22,30,64,0,0,23,165,16,0,211,34,0,22,0,0,28,27,15
38875,262,0,0,37,38,44,45,0,0,0,0,0,0,0,0,0,364,0,0,112,0,0,89,0,0,58,74,82
1359,262,25,48,38,41,58,101,26,26,37,0,0,0,0,0,0,28,14,158,126,42,0,93,0,17,67,49,31
1488,262,35,53,14,14,26,21,22,22,0,0,18,19,18,28,15,35,14,0,87,15,15,75,0,13,55,43,33
3349875,262,0,0,46,46,216,119,20,96,0,0,0,16,0,0,0,17,0,16,50,0,65,108,12,122,32,23,13
45285,262,30,34,34,36,53,53,0,0,15,15,18,36,0,0,12,15,10,18,180,24,22,107,18,16,71,60,55
66269,261,56,48,0,0,0,0,0,0,0,0,0,0,0,0,0,174,0,0,72,0,0,47,0,0,0,22,0
561879,261,19,28,58,76,87,77,26,34,36,0,0,0,0,25,0,32,0,0,117,0,0,87,0,0,42,66,47
1817405,261,16,29,0,0,0,0,0,0,0,0,0,12,0,0,0,86,0,0,34,0,0,29,0,0,0,0,0
2862460,261,47,60,23,19,80,194,0,0,0,32,44,29,0,0,0,21,21,17,18,35,0,24,0,0,0,0,0
1134687,260,88,152,34,47,75,248,21,36,0,28,40,90,0,0,0,28,23,25,79,50,76,78,0,56,63,42,34
784,260,44,60,17,43,25,28,42,51,17,0,21,11,24,10,14,183,15,0,97,26,43,58,28,33,28,41,24
328812,260,72,125,24,55,22,32,13,19,0,40,36,84,0,0,19,29,46,0,101,90,0,97,0,0,53,61,27
1094,260,0,0,0,0,0,0,0,0,0,0,0,0,0,0,0,0,0,0,0,0,0,0,0,0,0,0,0
1872629,260,21,793,39,39,40,28,27,34,0,17,12,46,20,0,18,73,0,0,152,18,16,109,0,0,55,65,39
3064703,260,18,24,0,17,34,19,86,103,26,10,0,15,27,30,0,114,0,10,37,15,0,32,0,0,0,19,0
859143,260,0,0,69,90,79,67,65,44,22,0,0,0,32,21,0,21,0,0,27,0,12,192,0,0,0,0,0
29384,260,72,114,10,18,17,0,30,32,0,30,47,104,17,0,0,237,44,0,40,81,11,48,0,0,31,25,13
1206,260,80,110,61,95,103,938,15,102,26,27,37,85,14,59,21,297,22,57,153,49,0,141,22,10,44,38,26
421767,259,51,70,0,0,18,0,0,0,0,34,0,114,0,0,0,0,23,0,38,66,0,41,0,0,20,26,0
1155739,259,45,56,66,38,312,433,0,181,34,15,39,160,0,0,40,264,20,123,119,12,14,95,0,0,57,81,61
73913,259,29,44,0,0,15,0,0,0,0,0,10,15,0,0,0,1337,10,20,46,20,0,29,0,0,16,14,13
3093875,258,15,22,16,26,19,58,0,21,0,0,0,0,0,0,0,18,0,0,73,0,150,40,20,220,32,26,20
363852,258,51,53,0,11,23,29,14,23,18,20,15,73,0,0,0,14,24,0,106,23,0,34,0,14,27,15,15
669,257,0,144,76,91,351,242,39,78,56,0,47,66,27,25,65,144,29,0,287,41,130,166,0,60,111,80,56
2686077,257,10,57,39,74,85,158,25,40,28,15,0,44,0,0,14,163,0,0,173,16,69,144,42,16,49,48,38
379064,257,24,43,32,63,78,123,29,61,28,23,22,49,0,12,44,342,19,31,147,29,0,157,10,35,60,71,34
35703,256,67,77,0,0,0,50,0,0,0,0,0,0,0,0,32,182,0,0,41,0,0,60,0,0,21,0,0
459529,256,0,0,39,39,0,0,0,0,0,0,0,0,0,0,0,0,0,0,125,0,0,102,0,0,0,45,0
1524460,256,11,23,14,18,21,90,0,0,0,0,0,0,0,0,0,37,0,0,0,0,0,39,0,0,0,0,0
315405,256,96,219,0,30,0,0,0,0,0,0,100,0,0,0,0,0,0,0,91,92,0,34,0,0,67,21,20
656519,256,0,13,17,13,13,10,14,29,10,13,0,29,0,0,0,23,0,0,60,24,0,55,20,13,0,0,0
2787629,255,0,57,0,0,0,0,0,0,0,0,0,79,0,0,0,0,0,0,0,49,0,0,0,0,0,0,0
51049,255,0,0,0,0,0,0,0,0,0,0,0,0,0,0,0,0,0,0,52,0,0,0,0,0,0,0,34
2654325,255,63,72,13,32,24,48,22,34,0,22,29,30,0,0,16,117,17,0,173,17,13,52,0,12,80,64,37
2042961,255,50,56,0,21,17,10,0,0,0,0,10,67,0,0,0,10,11,0,10,0,17,21,0,0,18,14,10
1605,255,28,28,0,0,0,0,42,43,26,0,0,0,16,0,0,17,0,0,17,0,0,0,0,0,0,0,0
33945,255,38,82,23,35,0,0,0,0,0,0,23,21,0,0,32,213,18,0,39,0,13,61,0,0,19,14,15
1507512,255,17,64,20,19,12,23,38,37,27,10,0,19,13,14,164,2094,0,15,139,0,18,112,10,0,34,64,33
3418417,255,42,29,0,0,34,43,0,0,0,0,0,0,0,0,0,19,0,0,14,0,0,0,0,0,0,0,0
40410,255,48,63,31,41,70,59,36,42,30,33,22,22,32,20,25,246,0,144,80,36,44,116,24,59,34,61,36
882626,254,17,39,10,17,35,40,13,12,10,15,0,17,0,0,10,29,13,0,91,17,12,37,0,0,17,14,0
738,254,27,44,11,17,41,37,108,275,134,0,17,0,138,94,12,175,0,0,45,0,29,129,19,29,17,36,13
2745563,254,87,125,0,0,83,80,0,0,0,44,33,37,0,0,0,0,35,0,0,48,0,0,0,0,0,0,0
198,254,0,17,27,41,34,21,0,15,0,0,0,0,0,0,0,80,0,0,75,0,24,78,12,15,21,11,12
57863,254,111,107,0,0,0,0,0,0,0,44,38,77,0,0,0,0,45,0,0,55,0,49,0,0,0,0,0
1286,254,35,81,131,216,271,226,44,43,0,20,27,0,19,0,0,60,13,29,71,16,14,803,0,16,45,26,37
200991,254,69,110,0,0,0,32,0,0,0,37,27,38,0,0,0,50,32,0,59,46,0,0,0,0,0,0,0
1303,254,48,55,62,79,121,5206,54,46,81,0,0,34,23,0,18,164,0,174,184,19,28,648,45,36,57,68,55
1304,254,29,49,17,29,52,275,53,97,46,0,27,89,29,0,57,419,0,26,157,29,37,95,0,33,38,27,38
158847,254,33,61,0,21,12,19,0,0,0,0,12,36,0,0,17,69,0,0,81,0,0,32,12,25,30,12,14
2951803,254,20,39,0,0,18,18,0,16,0,0,0,21,0,0,0,39,0,187,84,0,13,42,0,16,25,14,11
750,253,0,16,12,12,26,51,42,64,27,0,0,31,20,0,20,216,0,0,160,11,39,67,15,45,74,56,78
3151764,253,18,53,0,0,21,34,0,13,0,0,18,34,0,0,0,117,13,0,70,21,0,20,0,0,0,16,11
2049305,253,44,95,14,19,22,68,0,21,24,0,23,86,0,20,13,109,15,0,54,44,18,45,14,10,23,42,23
1609531,253,0,97,0,0,0,0,0,0,0,0,0,121,0,0,0,0,0,0,0,104,0,89,0,0,52,0,43
1983719,253,41,52,11,36,33,18,14,26,0,0,12,20,0,0,16,20,0,0,88,24,0,50,0,0,27,47,30
1737571,253,18,44,24,22,25,19,11,14,0,10,0,15,0,0,0,0,10,0,142,16,28,38,0,16,45,28,28
1515,253,18,32,51,96,81,59,13,22,0,16,0,29,0,0,12,68,0,11,114,19,0,92,0,0,18,22,13
460519,253,25,26,34,51,29,16,31,35,12,14,0,18,19,0,10,16,19,0,93,12,14,125,0,22,37,32,22
1080223,252,13,760,18,31,28,19,22,24,0,0,0,0,25,11,36,251,0,0,150,13,20,33,19,18,33,35,20
691,251,17,104,26,38,76,99,0,49,0,0,0,19,0,0,0,158,0,23,64,0,0,136,0,0,53,43,28
5679,251,0,0,19,27,21,29,0,0,14,0,0,0,0,0,24,214,0,37,150,0,0,114,0,0,76,53,52
158849,250,58,105,0,17,59,73,18,36,0,19,37,35,28,0,0,94,0,17,54,44,0,44,0,0,48,47,49
1737490,250,0,22,20,34,0,28,0,12,0,0,0,0,0,0,19,90,0,0,122,20,0,32,12,15,67,29,16
2589888,250,0,0,0,0,20,53,20,0,0,0,0,0,0,0,0,0,0,0,11,0,0,0,0,0,0,0,0
2713573,250,15,14,10,19,20,22,28,39,0,0,0,14,14,0,0,10,0,0,66,30,0,38,42,12,41,18,32
3137178,250,31,29,46,91,51,32,0,0,0,0,0,53,0,0,0,75,0,0,63,33,0,58,0,0,25,27,0
2954672,250,0,13,11,14,32,20,0,0,0,0,0,0,0,0,0,51,0,0,29,0,42,51,30,36,0,0,0
1936,250,57,36,0,0,0,86,0,0,0,41,50,0,0,0,0,0,36,0,23,0,0,0,0,0,0,0,0
196914,250,0,0,0,0,30,108,0,12,0,0,0,0,0,0,0,0,0,13,0,0,0,37,0,0,0,0,0
3440143,250,13,41,20,24,135,102,0,63,0,13,11,18,0,0,15,158,26,163,89,13,0,85,0,0,27,34,31
446679,250,37,48,22,21,143,145,0,74,18,14,25,14,0,0,19,230,14,100,73,0,13,117,13,21,29,28,18
5866,250,57,91,0,14,44,29,0,14,0,22,16,96,0,0,0,27,15,0,46,11,15,68,0,0,14,33,19
2930213,249,12,13,0,11,27,23,0,21,0,0,0,50,0,0,0,48,0,0,55,32,0,28,0,12,11,11,0
1855875,249,51,51,0,0,12,74,0,0,0,21,21,92,0,0,0,0,15,0,0,68,0,0,0,0,0,0,0
2994319,249,58,89,17,40,30,33,0,24,0,17,30,21,0,0,38,103,23,0,83,24,16,85,0,0,29,19,37
373,248,47,81,91,106,273,361,0,49,28,0,20,22,0,0,0,54,0,28,51,19,0,123,32,26,14,16,0
2488810,248,0,36,39,49,64,55,41,40,17,0,0,32,19,0,0,17,0,0,145,0,0,88,0,0,61,72,40
381046,248,24,49,20,32,38,25,13,22,10,0,0,29,13,0,13,33,14,0,101,21,15,35,0,0,34,22,11
190893,247,16,195,57,91,36,78,67,75,36,0,33,26,35,0,87,425,0,0,181,0,24,133,0,30,56,48,35
3344876,247,42,62,25,58,50,40,25,36,12,20,26,34,13,0,0,20,0,0,96,35,0,92,0,31,16,11,12
2995161,247,0,16,0,0,10,17,0,29,0,0,0,0,0,0,0,83,0,0,34,0,10,101,0,0,0,16,0
195,247,0,0,65,75,51,47,44,39,52,0,0,0,0,0,43,54,0,0,39,0,0,99,0,0,48,38,40
3058398,247,28,34,0,12,0,12,0,0,0,0,13,25,0,0,0,0,0,22,34,17,0,20,0,0,27,19,0
3375704,247,36,62,39,32,0,0,0,0,0,0,14,27,23,0,0,0,0,0,39,0,0,58,0,0,14,0,0
28172,246,0,40,0,0,17,36,0,0,0,0,0,0,0,0,0,12,0,0,36,0,21,20,0,0,14,16,16
2010992,246,34,72,20,21,71,58,0,16,12,13,12,35,0,0,16,251,47,0,39,39,0,72,0,0,36,16,13
2672567,246,28,38,23,49,16,18,10,19,0,0,16,28,0,0,14,46,0,0,50,24,15,113,11,25,33,36,22
3070677,246,27,45,29,40,12,24,48,50,0,11,0,54,16,21,0,0,14,0,52,43,25,51,12,19,10,11,10
2499688,246,55,58,0,0,21,18,0,0,0,22,17,90,0,0,16,98,26,0,75,35,28,72,0,22,39,45,53
549687,246,31,70,0,0,18,14,11,14,0,0,16,38,0,0,23,347,18,0,149,22,13,49,0,0,130,67,45
489910,246,24,20,0,0,0,0,0,0,0,0,0,18,0,0,15,116,0,0,29,0,0,27,14,11,19,22,27
392416,246,27,30,0,0,0,13,21,19,0,0,24,0,0,0,20,196,16,0,24,14,0,59,0,0,22,0,14
58343,246,37,47,17,41,185,484,30,70,78,0,35,35,0,0,44,28,0,49,85,18,0,122,0,0,43,0,0
87791,245,0,0,0,0,0,0,0,0,0,0,0,0,0,0,0,0,0,0,0,0,0,0,0,0,0,0,0
1493872,245,95,48,46,56,41,58,17,14,0,0,123,77,0,0,18,151,15,0,97,43,0,89,0,21,64,49,23
1742359,245,31,42,14,28,35,49,13,19,0,33,13,148,0,0,13,82,40,0,103,15,0,370,0,0,126,111,74
2665645,244,42,59,0,14,30,48,0,0,0,17,18,74,0,0,0,31,15,0,61,10,0,93,0,15,23,32,22
76832,244,50,62,38,71,0,0,0,0,0,23,0,83,0,0,0,247,0,0,89,0,0,43,0,0,55,34,50
3141462,244,0,0,0,0,0,0,0,0,0,0,0,0,0,0,0,0,0,0,0,0,0,0,0,0,0,0,0
2552947,244,14,33,0,0,21,17,0,0,0,0,0,43,0,0,0,0,0,0,42,30,0,20,0,0,16,10,0
746691,244,15,11,11,28,19,0,0,18,0,0,0,0,0,0,0,14,0,0,63,0,0,71,0,15,19,21,0
1906,244,69,83,0,0,85,237,0,0,0,41,74,67,0,0,0,77,0,46,44,40,0,43,0,0,25,26,0
339,243,20,41,108,126,262,492,0,30,0,0,0,0,0,0,92,464,0,25,141,0,0,177,0,0,121,110,98
3455945,243,0,0,0,0,169,87,0,0,0,0,0,0,0,0,0,0,0,0,0,0,0,256,0,0,0,0,0
152682,243,0,0,0,0,75,189,0,0,0,0,0,0,0,0,0,0,0,0,78,0,0,0,0,0,0,0,0
1382466,243,47,84,55,87,39,83,37,84,34,15,26,71,39,19,19,115,18,0,57,52,0,114,0,12,0,10,0
248906,243,47,53,0,16,31,89,14,25,10,10,19,10,0,0,0,97,19,0,31,0,20,72,0,0,18,0,0
2703787,243,32,54,39,55,33,23,0,12,16,0,20,51,0,0,25,319,25,0,12,29,0,54,0,0,0,0,0
2877527,243,0,0,34,35,48,31,0,37,0,0,0,16,0,0,0,0,0,0,50,0,0,68,0,0,20,14,0
3109366,243,33,83,0,21,26,18,0,0,0,0,15,43,0,0,34,88,13,0,85,23,0,46,0,0,55,26,29
135577,242,44,92,19,35,0,53,0,22,0,0,19,29,0,0,19,93,20,0,59,0,0,121,0,0,0,32,0
1660076,242,56,86,0,12,30,25,41,28,0,17,27,13,0,0,0,0,16,0,32,12,13,43,0,0,14,0,16
65058,242,0,0,0,0,0,0,0,0,0,0,0,0,0,0,0,0,0,0,44,0,0,35,0,0,0,0,0
1028416,241,26,32,0,0,13,14,0,13,0,0,23,14,0,0,0,0,12,0,37,13,0,47,0,0,33,17,25
454,241,16,23,14,22,19,26,17,24,0,0,12,17,0,23,0,86,0,0,60,0,0,68,0,13,33,10,11
213,241,20,31,12,17,23,30,0,0,0,0,11,28,0,0,0,30,12,0,46,11,22,53,11,12,54,29,24
97138,241,0,31,12,25,47,38,0,0,0,0,0,24,0,0,0,52,0,0,108,22,13,47,0,11,37,19,13
216932,241,0,11,0,17,29,29,0,0,0,0,0,27,0,0,0,67,0,0,48,0,0,33,0,0,49,25,22
28087,240,34,35,0,0,35,30,19,29,12,15,23,37,0,0,10,105,0,0,238,27,16,68,0,20,26,26,11
263,240,0,0,16,36,82,38,0,0,0,0,0,0,0,0,75,111,0,0,116,0,63,135,0,0,60,57,25
255507,240,0,230,21,32,33,29,25,29,0,0,0,20,0,0,25,244,0,15,101,14,14,144,27,157,71,56,39
3387407,240,0,11,0,16,14,0,0,0,0,0,0,10,0,0,13,20,0,0,25,10,0,40,0,0,0,0,0
1723361,240,36,114,16,26,43,42,0,25,0,27,13,30,0,0,12,50,0,0,61,40,0,58,0,0,26,32,17
39488,240,72,121,19,41,67,52,36,16,0,0,0,38,0,0,0,46,0,0,82,48,36,174,20,26,0,44,38
116718,239,11,10,17,27,0,13,0,12,0,0,0,0,0,0,0,34,0,0,75,0,0,31,0,0,30,26,18
44009,239,28,40,0,0,0,0,0,0,0,0,0,44,0,0,0,0,12,0,0,13,0,24,0,0,0,0,0
1424294,239,24,56,10,29,37,41,0,10,0,0,0,37,0,0,0,12,0,0,52,26,101,376,12,24,33,10,11
61435,239,17,38,0,0,0,19,0,0,0,14,14,16,0,0,0,19,0,0,0,14,0,55,0,0,0,0,0
158877,238,0,0,0,0,0,34,0,0,0,0,0,0,0,0,13,50,0,0,10,0,0,16,0,0,0,0,0
645,238,0,31,14,0,80,1843,0,13,0,0,0,0,0,0,0,18,0,18,15,0,0,29,0,0,0,10,0
1888890,238,0,14,0,0,0,50,0,29,0,0,0,19,0,0,20,87,0,0,76,0,0,0,0,0,38,37,19
574376,238,35,64,0,28,60,51,0,0,0,15,26,27,0,0,0,0,29,11,30,24,0,259,0,0,18,12,35
2975934,238,0,0,0,0,0,0,0,0,0,0,0,0,0,0,0,0,0,0,0,0,0,0,0,0,0,0,0
165435,237,49,40,21,20,55,43,22,32,0,0,19,0,16,0,0,47,0,0,105,0,13,74,0,0,58,31,23
2818493,237,53,92,23,26,46,58,38,76,0,0,20,35,12,0,0,138,0,0,138,16,0,77,0,0,33,32,21
2708117,237,0,0,0,0,48,34,0,0,0,0,0,0,0,0,0,36,0,0,39,0,0,55,0,0,0,0,0
2745197,237,33,55,0,24,19,38,10,19,0,14,0,64,0,0,0,100,15,0,49,30,0,23,0,13,25,14,14
56146,237,0,11,0,33,0,0,0,0,0,0,0,0,0,0,0,0,0,0,56,0,0,0,0,0,20,0,17
28262,237,14,23,0,0,20,14,0,12,0,0,12,38,0,0,0,18,14,0,71,32,0,64,0,0,12,10,0
2026193,237,36,47,0,14,0,0,0,0,0,0,16,13,0,0,0,0,13,0,46,0,0,102,0,0,0,13,12
29378,237,45,104,12,17,55,38,13,30,0,28,32,118,0,0,24,156,26,0,33,56,0,89,0,0,35,0,14
1597,237,41,31,0,34,147,89,32,38,0,0,15,44,19,0,0,61,0,11,194,29,48,102,20,24,71,61,44
1982626,237,45,65,24,32,41,37,0,0,0,0,20,0,0,0,22,232,0,0,113,20,15,104,0,0,31,23,11
907,237,67,71,0,0,14,0,0,0,0,0,0,16,0,0,0,0,12,0,65,0,0,111,0,0,0,0,0
2903889,237,0,0,0,0,0,0,0,0,0,0,0,0,0,0,0,0,0,0,0,0,0,0,0,0,0,0,0
37329,237,0,0,0,0,69,164,15,0,0,0,0,0,0,0,0,0,0,20,25,0,18,37,0,0,0,0,0
200415,237,0,0,0,0,14,11,10,0,0,0,0,12,0,10,56,612,0,0,75,10,0,57,0,0,37,17,13
754423,236,70,126,17,41,59,83,10,56,17,22,30,43,15,0,24,268,16,0,60,25,19,112,0,23,28,11,0
984,236,36,49,18,43,19,22,0,0,0,0,21,0,0,0,0,35,0,0,23,0,16,46,16,0,0,11,15
1421,236,50,82,112,78,188,189,55,76,34,0,0,63,29,0,49,239,25,36,119,55,44,161,33,33,114,109,63
2419841,236,41,81,0,47,0,0,56,64,0,23,39,65,25,18,21,72,13,0,95,69,0,24,0,27,0,25,0
1076,235,53,132,48,63,489,846,33,76,40,11,30,47,15,11,35,94,10,96,55,15,12,84,16,38,33,21,27
1177574,235,19,25,0,0,21,82,32,42,55,0,0,16,24,24,14,84,0,29,58,0,0,17,0,16,0,16,19
2714927,235,35,64,0,0,0,0,0,0,0,19,14,109,0,0,0,138,17,0,71,82,0,33,0,0,36,19,19
575378,235,33,52,22,33,31,34,14,29,0,0,10,36,11,0,11,88,13,0,39,30,0,120,0,0,19,25,21
39486,235,16,29,13,31,35,46,0,0,0,0,0,0,0,0,23,126,0,0,84,0,0,100,0,0,49,42,22
2183896,234,19,41,52,60,41,38,0,25,0,34,0,65,0,0,0,18,25,56,92,47,19,116,0,20,40,23,29
28188,234,30,52,23,26,44,44,19,16,17,0,0,18,0,0,0,43,19,12,99,10,27,53,40,33,27,39,16
689904,234,18,41,0,0,0,0,0,0,0,21,11,53,0,0,10,113,11,0,63,33,0,81,0,0,30,29,18
747522,234,0,0,0,14,60,64,0,55,0,0,0,0,0,0,0,25,0,113,33,0,0,41,0,0,0,0,0
2845508,234,0,0,0,0,0,0,0,0,0,0,0,0,0,0,0,0,0,0,0,0,0,0,0,0,0,0,0
1404443,233,0,0,0,22,38,101,0,0,21,35,23,34,17,35,484,1742,24,920,103,0,37,100,72,370,32,219,95
2520506,233,0,17,16,24,31,42,0,0,0,0,0,29,0,0,15,143,0,45,60,28,0,55,0,11,27,27,13
999,233,50,61,26,32,31,32,16,34,0,0,12,22,17,0,0,210,0,15,116,16,33,143,18,0,52,51,35
1315211,233,34,348,17,15,15,16,12,29,0,15,25,24,0,0,0,16,29,0,100,23,0,52,0,0,30,31,26
2745198,233,44,66,0,0,0,0,28,46,0,0,0,65,22,0,0,47,0,0,0,0,0,135,0,0,0,0,0
2068654,233,14,25,13,27,95,90,0,0,0,0,0,30,0,10,0,116,0,1646,71,0,13,60,0,15,36,33,16
853,233,59,82,20,42,57,135,34,41,0,0,27,0,0,0,0,141,0,36,155,0,0,210,0,17,37,26,19
638,232,0,23,0,0,29,26,12,0,0,23,0,0,0,0,105,564,0,0,74,13,24,46,0,17,18,0,36
3367288,232,14,13,0,0,0,0,0,0,0,0,0,13,0,0,0,0,0,0,24,0,0,11,0,0,0,0,0
596095,232,30,31,0,0,11,13,0,0,0,0,0,39,0,0,0,0,11,0,0,45,0,0,0,0,0,0,0
3141581,232,52,63,0,0,0,0,0,0,0,0,0,0,0,0,0,0,0,0,0,0,0,0,0,0,0,0,0
2583587,232,26,46,0,16,10,70,0,0,0,0,16,27,0,0,0,70,0,0,15,0,0,20,0,0,0,0,0
2070463,232,36,44,23,42,29,15,0,0,0,17,15,11,0,0,26,55,0,0,41,0,44,216,17,50,35,25,22
3070678,232,22,43,14,21,27,11,0,0,0,10,25,36,0,0,0,30,26,0,56,42,0,32,15,0,14,23,0
2966586,232,0,0,0,0,16,18,0,0,0,0,0,0,0,0,0,0,0,0,20,0,0,17,0,0,0,0,0
1640,232,17,29,20,22,20,30,11,14,0,0,12,16,0,0,0,0,0,0,51,32,0,15,0,0,11,0,11
1328,232,0,0,0,0,30,61,0,0,0,0,0,0,0,0,0,0,0,88,106,0,0,94,0,0,79,31,27
587753,231,32,68,693,619,622,956,27,64,91,0,44,128,0,0,56,281,0,48,157,0,253,1109,192,148,99,75,56
3423948,231,0,15,15,37,0,15,0,0,0,0,0,0,0,0,14,18,0,0,212,0,0,94,0,39,47,68,42
29533,231,0,0,26,25,46,48,18,34,0,0,0,0,0,0,12,20,0,0,47,0,0,104,0,0,33,32,29
326329,231,17,36,25,26,21,41,18,78,22,0,16,0,18,0,23,112,0,0,38,0,0,43,0,0,43,28,19
1566358,231,23,29,41,46,22,15,0,0,0,13,0,12,0,0,0,109,10,0,55,11,11,23,0,0,0,16,10
1653478,231,0,0,0,0,0,48,0,0,0,0,0,0,0,0,0,0,0,0,0,0,0,0,0,0,0,0,0
54291,230,74,113,0,96,0,117,0,0,0,25,0,49,0,0,0,0,0,0,64,38,99,124,0,0,44,38,0
3003623,230,0,58,0,0,0,0,0,0,0,0,0,0,0,0,0,0,0,0,0,0,67,100,0,0,0,0,0
328515,230,0,12,19,40,71,79,0,19,0,0,0,18,0,0,17,100,0,0,42,38,13,109,16,29,36,24,26
3045158,230,16,51,15,18,20,54,0,11,0,11,15,31,0,0,0,47,12,0,121,0,0,65,0,0,62,36,24
2719912,230,0,51,0,0,0,60,0,0,0,0,0,0,0,0,0,119,0,0,24,0,0,27,0,0,0,0,0
1912897,230,0,20,0,15,0,0,0,0,0,0,0,14,0,0,0,0,0,0,76,12,0,44,0,0,16,27,11
39441,230,20,37,21,48,15,11,0,0,0,0,0,20,0,0,12,21,10,0,22,13,0,46,0,0,12,12,11
290110,229,0,26,32,38,30,21,0,0,0,0,0,0,0,0,0,20,0,0,22,0,0,63,0,0,0,0,0
29497,229,0,47,37,80,50,58,0,31,23,0,0,0,0,0,24,125,0,0,89,0,26,54,0,0,106,60,27
1774273,229,63,103,12,18,22,51,50,60,0,21,26,94,18,0,12,47,35,0,37,55,14,107,0,20,20,31,38
202747,229,58,71,0,0,23,14,0,0,0,28,21,53,0,0,0,64,32,46,10,31,0,51,0,41,0,0,0
97084,229,14,27,15,36,61,47,28,32,13,0,11,14,0,0,28,163,0,0,126,14,0,56,0,14,29,27,20
1604,229,25,69,0,0,85,70,27,26,35,27,26,48,0,0,0,0,39,0,106,0,0,99,0,85,22,22,12
357441,229,0,0,0,0,0,0,0,0,0,0,0,0,0,0,0,0,0,0,50,0,78,53,0,0,0,0,0
236753,229,0,18,24,38,11,0,0,0,0,0,0,0,0,0,0,0,0,0,54,11,0,33,0,0,0,0,12
46163,229,0,0,0,0,34,93,0,0,0,0,0,29,0,0,0,0,0,15,0,0,0,0,0,0,0,0,0
2546366,229,43,39,34,45,138,387,0,29,13,0,32,11,0,0,23,189,23,70,25,0,0,20,12,0,13,18,0
43658,228,34,79,17,28,57,103,21,53,26,33,21,11,10,0,18,69,34,15,80,0,212,72,37,235,15,28,20
2739062,228,48,70,0,0,28,37,63,86,14,14,18,16,41,13,19,67,12,0,112,12,13,101,0,28,55,47,25
2772483,228,25,59,21,34,37,62,21,27,0,19,0,32,14,0,0,28,10,0,74,34,13,71,13,0,28,37,13
45656,228,57,94,16,29,52,61,0,12,13,17,21,31,0,0,0,77,20,0,107,22,11,117,0,11,45,35,18
2976982,228,46,47,0,19,18,22,78,86,34,0,18,10,37,25,0,39,0,0,71,28,33,68,0,16,28,10,0
1581038,228,16,28,0,0,12,11,18,28,0,0,0,44,0,0,0,12,0,0,57,17,20,29,0,14,19,16,14
1336,228,38,56,31,40,24,28,15,17,0,0,24,28,14,0,0,48,0,0,72,28,14,108,0,13,27,14,10
2934315,228,21,45,0,0,20,29,0,0,0,18,14,39,0,0,11,27,15,18,69,0,147,170,21,190,55,51,19
39664,228,0,0,0,0,0,0,0,0,0,0,0,0,0,0,0,69,0,0,17,0,0,0,0,0,0,0,0
2827233,227,0,0,21,29,0,0,0,0,0,0,0,12,0,0,0,0,0,0,28,0,0,0,0,0,0,0,0
1945658,227,0,0,0,73,0,0,0,41,0,0,0,0,0,0,0,0,0,0,36,0,0,0,0,0,0,0,0
3391574,227,10,35,0,14,0,61,0,47,0,0,0,11,0,0,0,28,10,0,48,16,11,42,18,0,14,14,0
28135,227,28,24,0,0,0,17,0,0,0,0,0,0,0,0,0,14,0,14,43,14,0,44,0,0,10,12,0
290335,227,0,10,20,28,0,0,0,0,0,0,0,0,0,0,25,270,0,0,98,0,0,47,0,0,54,14,33
2583452,227,35,60,28,41,0,0,27,29,0,13,0,17,17,19,25,134,19,0,126,16,160,44,24,238,58,21,21
3134896,227,66,62,14,68,132,76,0,67,0,26,27,83,0,0,0,26,39,31,48,79,17,65,19,19,21,17,0
1639133,226,33,101,0,37,69,145,0,38,0,0,47,23,0,0,0,0,0,0,105,0,71,113,0,68,61,35,99
2986823,226,20,38,0,0,21,30,50,75,23,0,11,27,29,28,0,247,0,0,35,17,0,46,0,0,21,29,17
2126553,226,15,25,0,0,13,60,17,20,0,0,0,18,12,0,0,58,0,0,194,0,0,38,0,0,18,0,0
191579,226,149,192,17,25,38,47,37,53,0,36,80,70,10,0,0,0,56,0,49,25,20,50,0,11,21,15,0
674529,226,34,53,0,23,22,32,0,0,0,19,0,0,0,0,0,0,16,58,54,33,0,56,21,0,15,21,0
279826,226,37,33,0,17,20,34,0,10,0,10,13,24,0,0,0,0,0,0,23,11,0,47,0,12,21,24,18
44250,226,0,0,15,29,41,27,0,12,0,0,0,82,0,0,0,21,0,0,37,0,0,31,0,0,11,15,0
101070,226,12,29,51,65,37,27,0,0,0,0,0,0,0,0,0,0,0,0,75,0,0,62,0,0,41,32,13
1816218,225,17,26,23,43,54,40,17,29,0,0,0,0,13,0,0,13,0,0,139,0,0,76,0,0,110,96,49
781,225,20,29,0,0,0,0,0,0,0,0,0,0,0,0,0,0,0,0,0,0,0,0,0,0,0,0,0
3077926,225,0,0,0,0,0,0,0,0,0,0,0,0,0,0,0,102,0,0,119,0,0,143,0,0,0,71,0
3342640,225,0,30,0,0,63,112,16,25,23,0,0,0,0,0,0,0,0,15,0,0,0,45,0,0,0,0,0
104268,225,69,91,51,104,74,110,0,29,0,21,24,48,0,0,0,22,0,0,67,36,110,93,31,211,46,42,16
1807691,225,18,31,0,14,39,55,15,35,0,0,0,13,0,0,0,86,12,0,21,0,0,50,0,0,45,30,16
1580,225,0,12,24,44,17,14,24,43,0,0,0,0,12,0,0,16,0,0,174,0,0,69,0,0,55,52,48
2562282,224,0,15,0,12,19,40,0,0,0,0,0,0,0,0,0,0,11,0,0,0,0,222,0,0,0,0,0
28251,224,24,47,36,56,51,77,19,38,18,0,0,35,0,20,0,32,0,0,109,24,21,63,12,0,15,22,18
336810,224,10,0,19,31,20,36,15,21,17,0,0,0,0,0,15,46,52,0,92,24,16,46,0,0,55,39,34
1398,224,0,0,36,54,62,53,87,87,0,0,0,0,38,0,0,0,0,0,220,0,0,114,0,0,65,41,0
72026,224,0,42,0,18,24,21,18,33,14,0,0,35,12,0,0,43,21,11,60,19,18,53,18,16,17,24,0
996801,223,23,47,15,18,25,47,65,107,14,0,0,34,38,42,21,143,0,0,97,20,21,95,12,11,35,19,17
2781961,223,0,38,16,26,47,60,24,35,0,0,0,0,19,0,0,81,0,23,69,0,0,73,0,0,17,12,16
28199,223,0,303,35,35,61,45,12,18,0,0,0,0,19,0,0,68,0,0,51,0,31,59,0,52,19,16,28
1965231,223,0,20,11,33,35,41,0,0,0,0,0,24,0,0,10,65,0,11,178,0,18,72,0,15,151,132,44
37326,223,84,151,0,23,83,248,0,19,36,34,66,75,0,0,34,53,40,37,116,89,0,58,0,0,84,61,57
2704140,222,12,27,65,95,432,437,24,54,0,0,0,15,17,0,18,29,0,4851,93,11,0,191,0,0,27,45,37
1721091,222,0,0,21,23,28,25,0,0,0,14,0,0,0,0,0,22,0,0,64,20,11,153,0,0,40,25,16
2739058,222,18,25,15,22,10,20,25,34,0,0,0,11,13,0,0,118,0,0,18,0,18,46,0,11,0,0,0
2986767,222,0,0,0,0,49,0,0,0,0,0,0,0,0,0,0,0,0,0,0,0,0,69,0,0,0,0,0
1855912,222,17,31,114,165,127,224,0,25,12,33,15,32,0,0,0,26,19,27,29,23,27,109,35,34,0,0,0
2663022,222,26,48,0,0,11,12,20,13,0,0,12,0,18,0,14,152,0,0,456,13,24,46,11,19,31,31,16
29380,222,69,82,0,12,15,16,47,45,0,14,22,34,21,0,0,13,34,0,57,17,24,18,16,0,0,0,0
3298609,222,0,18,16,21,23,22,25,34,0,0,0,17,11,0,0,13,0,0,111,11,12,59,0,0,33,65,21
1260629,222,21,32,20,20,15,0,19,10,0,0,0,0,0,0,0,44,0,0,91,0,0,80,0,0,13,10,23
2293317,222,0,27,11,0,29,14,18,26,0,0,0,15,11,12,0,43,13,0,77,11,0,28,10,0,49,12,19
413889,222,50,90,154,224,161,90,0,0,0,17,28,11,0,0,0,0,26,50,62,14,0,70,0,0,32,19,26
216934,222,32,57,0,0,16,0,13,19,11,28,17,0,0,0,0,64,0,0,90,0,12,12,0,0,20,36,24
109328,222,65,76,28,37,61,40,18,15,0,33,33,39,0,16,0,28,17,30,70,11,0,100,0,0,20,0,0
380,221,58,81,32,30,292,393,0,36,42,0,35,0,0,0,20,56,0,61,72,15,37,255,0,32,40,34,45
3349434,221,11,20,0,19,54,146,0,20,0,0,0,0,0,0,0,23,0,0,16,14,0,35,0,0,0,0,0
3153519,221,47,71,15,32,52,99,0,38,14,10,17,21,0,0,0,121,0,0,32,11,0,50,0,0,17,18,0
2681766,221,51,86,42,62,77,68,21,15,11,13,24,54,16,12,10,193,17,11,176,20,0,326,0,0,59,46,33
1173583,221,42,44,28,29,49,48,10,19,0,0,12,18,0,0,0,12,13,0,7553,18,13,69,0,0,19,3328,3216
2303505,221,0,0,0,0,0,0,0,0,0,12,0,0,0,0,17,140,14,0,20,14,0,23,0,0,35,0,0
1202712,221,39,75,25,28,54,44,0,0,0,0,22,0,0,0,0,33,0,0,98,21,19,67,0,0,26,11,23
1944646,221,20,38,0,0,0,0,0,0,0,0,0,0,0,0,0,64,0,0,24,0,0,0,0,0,0,0,0
2764326,221,0,21,16,25,39,0,19,28,0,0,0,0,15,16,18,144,0,0,109,0,13,13,0,0,36,45,28
37769,221,51,85,0,33,0,0,35,24,0,0,26,0,0,0,51,214,33,31,252,0,40,142,0,24,100,70,81
401619,220,26,33,0,0,0,0,23,28,17,13,12,14,15,0,13,138,0,0,18,14,0,25,0,0,0,20,13
1455,220,39,66,0,0,23,23,0,0,0,11,14,12,0,0,0,56,0,0,29,15,0,37,0,0,19,12,0
1364,220,46,37,0,13,0,0,0,0,0,0,0,0,0,0,0,0,0,0,26,0,0,0,0,0,0,0,0
2903595,220,0,0,13,17,10,71,0,0,0,0,0,0,0,0,0,0,0,11,0,0,0,18,0,0,0,0,0
1615909,220,51,71,38,48,101,172,14,80,29,17,36,36,17,0,0,61,27,34,172,26,22,95,16,17,37,37,39
1933929,220,0,0,0,42,140,114,24,139,20,0,0,0,0,0,0,0,0,0,57,30,0,0,0,0,0,31,33
1826872,220,34,49,26,30,37,20,19,28,17,16,0,10,15,0,0,0,19,0,44,37,0,98,0,0,10,10,12
3019892,219,31,66,0,0,0,0,0,0,0,0,0,25,0,0,0,0,0,0,0,0,0,0,0,0,0,0,0
659,219,0,37,0,0,22,18,0,0,0,0,0,0,0,0,0,109,0,0,44,0,0,52,0,0,63,24,0
33936,219,0,0,0,0,0,0,0,0,0,0,0,0,0,0,0,162,0,0,63,0,0,0,0,0,0,0,0
1284,219,12,0,0,0,30,17,0,0,0,0,0,0,0,0,12,136,16,0,48,0,0,51,0,21,24,17,15
1613,219,11,17,0,0,19,30,0,12,0,0,0,18,0,0,0,0,0,0,34,0,0,95,0,0,0,21,0
37919,219,0,154,57,69,122,228,16,36,37,0,62,30,0,0,0,105,0,72,15,20,0,42,0,0,0,0,0
52022,219,36,33,0,0,0,0,0,0,0,12,0,18,0,0,0,0,23,0,0,0,0,0,0,0,0,0,0
2286,219,40,52,0,0,0,0,0,18,10,0,15,33,0,0,0,119,25,0,39,13,0,21,0,0,14,24,0
161398,218,11,78,17,36,69,68,0,24,19,0,17,13,0,0,12,62,21,0,65,39,0,87,0,0,32,24,13
83641,218,0,12,0,10,52,160,0,12,18,19,0,18,13,15,285,1041,11,751,59,11,24,23,34,175,15,97,35
1854492,218,24,56,0,0,12,19,41,56,0,11,0,0,13,0,30,247,20,0,60,0,0,92,0,0,40,24,17
63363,218,0,0,0,0,0,0,0,0,0,0,0,0,0,0,0,0,0,0,13,0,0,0,0,0,0,0,0
1623,218,28,45,0,13,30,15,0,0,0,11,0,67,0,0,0,70,23,0,54,54,15,31,0,0,0,0,0
3065647,217,29,39,13,27,57,73,0,0,0,0,18,12,0,0,0,36,0,0,21,0,0,40,0,0,0,0,0
1879050,217,67,88,49,71,79,60,28,31,0,13,22,48,0,0,21,146,0,0,66,17,0,99,0,17,30,12,0
288965,217,14,39,18,57,23,21,0,0,0,0,0,0,0,0,21,244,0,33,572,0,0,85,0,0,36,37,0
2696063,217,0,18,27,41,22,20,0,0,0,0,0,25,0,0,0,207,0,0,70,25,0,168,0,0,41,19,32
2095,217,39,40,23,27,27,28,44,31,22,0,0,31,12,0,0,51,0,0,108,27,0,110,0,0,32,16,24
2686366,216,25,72,0,0,0,34,47,0,0,0,0,47,0,0,0,79,0,0,50,0,0,60,0,0,30,27,24
409322,216,26,38,0,0,17,11,0,0,0,0,20,19,0,0,20,70,0,0,70,10,16,25,0,19,14,15,17
1245,216,0,45,0,0,43,43,19,22,0,0,0,95,0,0,33,162,25,0,68,70,0,79,0,23,39,55,19
2724150,216,13,39,21,15,19,13,16,25,12,0,0,31,0,0,0,59,0,0,75,15,0,60,0,0,30,24,0
3036126,216,38,68,29,44,19,19,0,12,0,0,12,11,0,0,0,142,0,42,50,33,16,29,0,0,46,22,13
333962,215,0,20,36,43,35,29,0,0,0,0,0,0,0,0,0,33,0,0,105,0,0,112,0,0,12,14,0
291112,215,17,25,20,26,13,17,19,0,0,0,0,17,0,0,18,55,0,0,27,14,0,58,0,0,17,21,18
3413133,215,13,20,0,0,33,18,32,29,0,0,0,0,13,0,0,0,0,42,80,0,0,21,0,0,28,31,18
2954055,215,48,26,0,0,0,0,0,0,0,0,0,154,0,0,0,0,0,0,0,104,0,0,0,0,0,0,0
1979344,215,14,47,22,38,50,46,71,94,35,0,0,28,44,0,17,153,14,10,155,24,16,115,13,24,51,51,43
2929510,215,41,48,28,61,26,170,0,33,0,21,0,15,0,0,25,272,18,28,49,19,0,108,0,10,17,12,0
1324352,215,27,21,24,42,31,38,0,27,15,0,11,32,0,14,0,11,0,0,44,27,0,56,0,0,43,26,20
2500547,215,0,23,12,32,87,92,20,30,0,14,10,14,17,0,11,30,0,969,83,10,0,52,0,0,41,45,29
2725414,215,19,49,0,0,29,44,74,87,23,16,14,23,28,0,20,69,11,0,57,19,18,114,0,12,38,24,25
1501662,215,0,13,14,68,66,96,31,31,0,0,0,0,16,0,17,118,0,46,74,0,0,58,0,0,20,26,31
53345,215,38,64,16,34,66,53,39,30,15,15,12,0,12,0,15,20,0,0,196,0,23,57,0,15,13,21,27
365349,215,39,56,11,0,29,18,59,75,18,10,13,23,21,11,10,136,0,187,73,14,17,14,13,0,41,45,18
1395624,214,12,13,11,15,22,17,0,0,0,0,0,0,0,0,32,0,0,0,20,0,10,22,0,10,0,0,0
576610,214,17,24,31,36,36,55,0,13,0,14,0,23,0,0,0,111,0,0,59,20,27,139,0,24,41,25,24
1564138,214,35,248,11,26,27,33,0,10,0,0,12,26,0,0,0,0,17,0,17,15,0,72,0,14,0,13,0
3394320,214,0,0,0,10,17,21,0,0,0,0,0,0,0,0,0,14,0,56,33,14,10,15,0,10,29,0,0
52690,214,0,0,0,0,0,0,0,0,13,0,0,0,0,0,0,34,0,0,35,0,0,152,0,0,0,0,0
588726,214,36,50,70,99,54,40,44,62,15,24,0,19,16,0,28,126,10,20,69,10,0,159,0,0,14,25,0
548,213,29,34,17,30,42,124,54,79,23,0,12,18,30,0,20,65,14,0,77,15,19,62,0,22,225,13,412
152480,213,22,28,19,25,43,145,0,0,0,0,0,152,0,0,0,160,0,22,43,0,0,76,0,0,30,0,0
866807,213,19,48,29,27,31,27,0,20,0,20,0,0,0,0,0,99,0,0,90,20,0,101,0,14,26,27,11
591197,213,16,20,12,26,37,36,11,12,0,11,0,30,0,0,0,81,0,0,87,16,15,70,0,0,27,28,30
403957,213,0,0,0,0,42,39,25,38,0,0,0,0,0,0,15,79,0,0,96,0,0,48,0,0,43,25,30
1637975,213,40,61,0,11,22,17,28,27,0,25,21,47,11,0,12,117,16,29,92,23,10,71,0,0,61,44,57
1476,213,0,0,0,0,0,28,0,0,0,0,0,0,0,0,0,0,0,0,32,0,0,143,0,0,0,0,0
84030,213,0,12,19,24,15,11,27,30,0,0,0,34,0,0,15,0,10,0,44,22,0,33,0,0,0,17,0
40520,213,30,27,41,40,15,21,18,23,0,0,0,16,0,0,15,35,0,0,52,0,0,111,0,14,56,17,20
1833,213,0,0,0,0,0,141,0,0,0,0,0,0,0,0,0,0,0,0,39,0,0,118,0,0,47,0,0
482564,213,0,18,12,17,78,90,0,69,0,0,0,0,0,0,14,98,19,16,45,0,0,233,0,0,0,21,28
292566,213,21,31,0,0,115,95,0,74,0,20,23,20,0,0,0,120,0,25,27,12,11,32,0,0,0,0,0
82633,212,18,25,0,21,97,275,0,37,58,0,0,27,0,0,26,62,0,45,169,0,35,12,0,0,47,37,22
985762,212,23,39,0,12,17,42,0,10,0,0,12,43,0,0,0,51,0,17,42,0,12,36,0,0,0,0,0
3065157,212,41,174,15,13,18,14,0,0,0,22,14,33,0,0,0,16,10,0,47,0,0,53,0,16,28,15,0
171287,212,0,0,0,0,0,0,0,10,0,0,0,0,0,0,0,0,0,0,22,0,0,0,0,0,0,0,0
2803181,212,35,31,22,30,43,26,0,16,0,0,0,0,0,0,0,309,0,0,75,13,0,63,0,0,33,45,24
703,211,26,57,0,0,42,82,19,30,14,0,12,0,0,0,0,59,16,0,39,0,17,32,0,44,11,10,0
1325100,211,0,14,0,0,47,135,0,0,29,48,12,35,18,16,391,1598,12,1002,82,0,30,36,63,328,34,175,70
2546359,211,22,40,21,24,174,276,0,71,0,13,14,0,0,0,16,96,28,74,118,13,15,63,0,0,86,53,76
126385,210,24,49,11,19,57,80,14,24,18,0,0,42,0,30,30,160,0,0,133,0,17,41,0,0,66,48,52
43657,210,38,78,14,18,124,106,18,37,15,25,22,12,15,0,18,204,18,292,138,0,21,50,15,22,74,65,52
2066072,210,0,276,23,29,29,71,24,56,29,0,0,0,10,13,110,606,0,0,698,0,23,43,0,0,267,286,292
2897181,210,0,35,0,12,15,21,0,0,0,0,0,54,0,0,27,36,0,0,31,27,0,43,0,0,0,0,0
3002900,210,52,59,0,59,0,45,0,0,0,0,0,0,0,0,0,0,0,0,69,0,0,49,0,0,0,0,0
327575,210,38,119,0,0,0,54,0,0,0,16,35,54,0,0,0,0,38,35,47,67,0,56,0,0,0,0,0
371142,210,14,32,40,64,43,45,0,15,0,0,0,0,0,38,0,10,0,0,61,53,0,63,0,0,32,17,23
913109,210,0,423,0,15,386,388,0,0,0,0,0,0,0,0,0,37,0,4557,71,12,0,48,0,17,44,21,14
663364,210,0,1254,0,13,20,30,11,14,0,0,10,0,0,0,0,27,11,0,59,15,0,42,0,0,17,27,14
255247,210,25,26,19,34,20,21,0,0,0,0,0,17,0,14,0,64,0,0,92,0,0,30,0,0,37,30,34
3101277,210,21,41,86,70,227,1087,40,101,69,0,46,49,18,13,34,101,17,149,454,13,25,145,22,18,25,36,33
274,210,34,43,0,0,30,203,21,17,0,0,18,25,0,0,0,0,0,152,0,0,0,0,0,0,0,0,0
1651941,210,23,41,15,33,15,20,0,14,0,14,0,0,0,13,0,47,0,20,126,13,18,160,10,11,67,54,38
108981,209,0,22,0,15,24,43,0,0,0,12,0,0,0,0,16,36,0,0,89,0,0,68,19,0,34,33,17
256326,209,29,36,0,12,11,13,0,0,0,12,10,28,0,0,0,59,11,0,18,22,12,29,0,0,10,10,13
1933912,209,0,0,0,0,0,0,0,0,0,0,0,49,0,0,0,0,0,0,0,0,0,0,0,0,0,0,0
3028318,209,33,31,0,0,19,41,0,22,0,39,0,23,0,0,0,20,33,0,90,23,0,20,0,0,46,21,22
143223,209,10,26,0,11,20,37,0,15,0,0,0,0,0,0,25,114,0,0,39,0,0,43,16,0,23,26,29
57029,209,29,33,11,13,38,41,12,31,0,18,0,12,0,0,10,124,14,0,62,33,0,77,0,0,42,33,21
1980674,209,33,68,0,0,0,0,0,0,0,0,0,0,0,0,45,273,0,0,443,0,0,0,0,0,0,0,0
1583,209,10,18,17,25,32,15,13,19,0,0,0,32,0,0,0,134,0,0,56,11,20,72,0,14,44,42,17
81947,209,0,18,0,13,24,40,51,80,51,0,0,0,32,0,0,18,0,0,64,0,29,32,0,30,19,14,0
3160834,208,0,28,12,21,25,69,0,16,0,0,0,0,0,0,0,31,0,0,50,0,0,48,0,0,11,0,0
1705399,208,23,26,0,0,19,46,0,0,0,0,0,0,0,0,0,0,0,0,23,0,0,58,0,0,0,0,0
2022749,208,0,44,40,54,77,44,15,22,0,0,0,0,0,0,0,65,0,0,156,0,0,164,22,0,52,50,18
885581,208,0,23,11,24,0,10,0,11,0,11,0,0,0,0,0,27,0,0,39,0,0,61,0,0,11,22,0
43305,208,0,14,45,97,44,37,0,0,0,0,0,0,0,0,12,61,0,0,63,0,13,1164,0,13,23,0,22
2816908,208,46,87,0,13,11,10,33,26,0,17,27,50,0,0,17,294,11,16,62,37,31,75,0,20,52,46,16
1330330,208,0,0,14,18,0,0,0,0,0,0,0,0,0,0,0,44,0,0,46,0,0,0,0,0,0,0,0
564,207,39,66,0,18,68,93,62,72,36,0,17,47,64,21,23,132,21,34,75,27,0,27,0,0,0,66,0
2822847,207,0,0,0,0,0,0,0,0,0,0,0,0,0,0,0,30,0,0,0,0,0,0,0,0,0,0,0
176102,207,0,0,0,0,0,0,14,21,73,0,0,0,0,0,0,0,0,0,0,0,0,0,0,0,0,0,0
1892382,207,0,0,21,16,20,32,0,21,28,0,0,17,0,0,0,0,0,0,15,0,0,35,41,12,13,0,12
2686363,207,37,53,0,16,26,40,14,37,13,0,10,26,0,0,38,68,30,13,61,15,0,71,0,13,20,11,22
1416779,207,14,27,11,24,24,21,27,36,10,0,10,14,15,0,0,12,10,0,53,16,20,102,20,0,29,18,14
1902580,207,0,0,18,27,0,0,0,0,0,22,0,17,0,0,0,0,0,0,0,0,0,26,0,0,0,0,0
1366,207,89,93,26,48,14,0,28,47,11,11,28,24,14,0,26,153,0,0,106,0,27,70,0,20,27,38,16
1911586,207,77,88,29,46,35,0,31,34,0,11,35,69,0,0,29,164,21,0,33,33,0,612,0,0,0,10,0
2594007,207,0,0,0,0,0,0,0,0,0,0,0,0,0,0,0,0,0,0,0,0,0,0,0,0,0,0,0
2093824,207,0,0,0,0,0,0,0,0,0,0,0,0,0,0,0,0,0,14,0,0,0,0,0,0,0,0,17
298657,206,21,49,38,42,18,33,0,28,18,40,24,20,0,0,0,67,0,0,49,0,17,55,22,18,13,22,23
2724896,206,16,30,10,14,42,43,0,20,0,0,0,21,0,0,0,38,14,19,64,0,24,39,14,15,22,37,19
3415670,206,42,43,0,0,0,23,12,21,14,13,13,25,0,0,0,20,15,0,25,21,0,42,0,0,11,0,0
2605989,206,14,19,37,36,69,197,0,0,0,18,15,12,0,0,0,42,0,34,74,0,23,44,0,19,0,18,0
1306526,206,15,21,0,13,19,20,0,17,0,0,0,0,0,0,0,37,0,0,94,0,0,36,0,0,12,0,0
52694,206,0,16,0,0,42,38,0,0,0,0,0,0,0,0,27,89,0,0,60,18,14,34,0,0,20,20,0
308053,205,0,24,21,32,13,22,29,34,22,0,0,0,0,0,0,22,0,10,65,0,23,80,0,15,21,13,0
2937442,205,0,0,39,56,38,45,0,26,0,0,0,31,0,0,28,162,0,0,92,0,0,96,0,24,89,49,58
2879939,205,18,36,31,48,57,46,0,0,0,12,19,18,0,0,24,165,0,0,114,16,15,66,0,22,60,100,50
1118202,205,0,0,0,0,13,13,0,0,0,0,0,0,0,0,0,29,0,0,0,0,0,39,0,0,0,0,0
1535204,205,40,57,27,33,30,35,0,0,0,38,0,23,0,0,0,73,0,0,23,32,30,48,0,0,30,0,0
47770,205,29,29,25,35,51,49,21,28,0,0,0,17,0,0,12,189,0,0,151,27,0,100,0,0,41,41,36
2681265,205,0,0,0,0,0,0,0,0,0,0,0,0,0,0,101,689,0,0,0,0,0,0,0,0,0,87,191
2914041,205,17,20,18,27,203,124,13,66,0,0,0,0,0,0,21,27,16,43,41,0,0,36,13,0,17,29,28
1175444,205,0,0,0,0,0,0,0,0,0,0,0,0,0,0,0,0,0,0,0,0,0,11,0,0,0,0,0
2715164,204,16,20,16,0,15,18,0,0,0,0,0,31,0,0,21,138,12,0,38,0,0,34,11,0,19,20,24
1678728,204,14,49,0,13,14,47,21,18,0,0,19,16,0,0,0,56,0,0,85,0,0,38,0,0,21,30,19
188932,204,24,35,0,14,21,14,0,0,0,40,0,28,0,0,0,17,0,0,42,0,0,73,0,0,29,25,10
2924031,204,0,0,0,12,0,17,0,13,10,0,0,0,0,0,0,0,0,0,24,0,0,41,0,0,0,0,0
1612,204,0,0,0,0,29,30,22,23,0,0,0,19,17,0,10,69,0,0,54,26,0,20,0,0,31,23,19
3243378,203,0,0,0,0,0,0,0,0,0,0,0,0,0,0,0,0,0,0,0,0,0,0,0,0,0,0,0
250,203,44,85,21,25,107,122,0,0,0,0,29,36,0,0,99,163,0,0,90,18,48,67,0,0,48,59,20
174633,203,78,115,0,15,0,15,0,19,0,26,25,92,0,0,0,64,31,0,71,62,26,33,0,0,52,38,32
3077585,203,0,0,15,19,21,13,0,0,0,0,0,0,0,0,0,37,0,14,23,0,0,48,0,0,0,0,0
3450747,203,0,0,0,22,19,14,0,0,0,0,0,24,0,0,0,23,0,0,94,28,34,93,16,12,22,23,15
55802,203,0,11,0,0,0,0,0,0,0,0,0,36,0,0,0,27,0,0,30,11,0,26,0,0,18,0,0
312279,202,12,16,14,28,76,94,22,37,0,0,0,0,16,0,0,24,0,0,90,13,0,101,0,20,48,24,24
538949,202,0,0,0,15,51,94,0,17,15,0,0,0,0,0,0,0,0,0,0,0,0,22,0,0,0,11,0
1850254,202,42,744,51,97,42,0,0,0,0,0,0,0,0,0,0,0,0,0,46,0,0,133,0,0,0,0,0
1499683,202,46,61,12,18,22,20,0,0,0,0,15,0,0,0,27,302,0,0,114,18,0,53,0,0,31,30,26
108150,202,0,0,0,20,0,0,0,0,0,0,0,16,0,0,0,0,0,0,21,0,0,22,0,0,0,0,0
299767,201,0,0,66,80,0,51,0,22,0,0,0,0,16,0,0,0,0,0,30,0,0,80,0,0,0,18,0
114186,201,0,0,0,25,22,24,0,0,0,0,0,0,0,0,0,35,0,0,15,14,12,13,0,0,36,29,0
3118768,201,0,0,0,0,0,0,0,0,0,0,0,0,0,0,0,0,0,0,0,0,0,0,0,0,0,0,0
3137860,201,16,100,18,23,59,60,23,79,0,13,0,0,0,0,12,83,0,0,88,0,12,56,12,0,24,16,22
1307839,201,38,58,20,35,27,29,18,18,10,0,20,15,0,0,0,72,0,0,124,34,28,67,47,49,36,66,53
2996035,201,0,0,10,0,0,13,18,29,0,0,0,0,0,0,0,0,0,0,59,0,0,43,14,0,27,26,10
2844358,201,36,68,10,11,0,0,10,13,0,10,15,36,0,0,0,13,14,0,15,13,0,20,0,11,0,15,0
272131,201,20,27,14,28,128,72,0,73,0,13,0,26,0,0,0,30,0,0,284,11,20,86,0,0,82,57,39
1443941,200,0,14,38,86,74,101,0,0,0,0,0,0,0,0,0,15,0,0,47,0,0,287,0,0,0,0,0
2819098,200,0,87,0,0,0,0,0,0,0,0,0,61,0,0,0,0,0,0,0,0,0,0,0,0,0,0,0
76258,200,0,55,0,39,0,29,20,19,25,0,0,20,13,0,0,109,0,0,33,0,0,16,0,0,15,16,18
76761,200,46,65,0,0,58,65,0,0,0,0,54,67,0,0,0,0,0,0,37,32,0,35,0,0,30,37,0
935222,200,16,16,26,46,43,35,0,18,0,0,0,17,0,0,0,0,0,0,15,11,0,152,0,0,0,20,11
266749,200,0,0,0,19,0,16,0,0,0,0,0,21,0,0,17,93,0,0,68,0,15,27,0,13,17,15,0
2740462,200,0,0,21,20,21,29,0,0,0,0,0,0,0,0,0,38,0,0,313,0,0,130,0,0,29,23,11
129958,200,0,0,0,0,0,15,0,0,0,0,0,0,0,0,0,0,0,0,20,0,0,13,0,0,0,0,0
2600177,200,0,11,0,11,13,21,0,0,0,0,0,0,0,0,0,65,0,0,10,0,0,0,0,0,12,0,0
1201031,199,0,0,54,53,0,0,0,0,0,0,0,0,0,0,0,0,0,0,0,0,0,69,0,19,0,0,0
169402,199,0,0,0,0,16,59,0,14,0,0,0,0,0,0,0,0,0,0,16,0,0,35,0,0,25,12,0
134537,199,22,33,27,21,41,121,15,23,0,34,0,0,0,0,0,21,23,28,0,12,0,30,0,0,0,0,0
1855610,199,0,11,0,0,0,0,0,0,0,0,17,21,0,0,41,75,0,0,17,0,0,14,0,0,12,0,0
1630406,199,0,21,0,23,23,51,0,0,0,0,0,23,0,0,0,57,0,0,46,0,0,55,0,24,15,15,0
1241979,199,14,16,11,13,0,21,0,0,0,0,0,13,0,0,30,134,0,0,26,14,14,19,0,0,22,17,0
1191459,199,0,47,0,26,38,34,49,71,43,0,0,0,29,0,12,53,0,0,43,0,36,83,0,0,0,13,0
820,199,70,104,0,32,57,53,0,24,0,18,41,42,0,0,34,81,16,0,39,26,0,61,0,28,23,42,0
2962693,199,30,58,14,22,16,0,0,0,0,11,16,25,0,0,15,0,0,0,56,35,0,30,0,0,26,32,28
221027,199,42,92,0,0,0,0,0,0,0,0,34,19,0,0,0,20,13,0,39,38,0,33,0,43,21,17,0
187145,199,29,49,0,28,22,20,0,0,0,16,17,64,0,0,13,55,0,0,60,22,0,28,0,0,30,23,0
1387557,199,0,0,0,0,0,0,0,0,0,0,0,0,0,0,0,28,0,0,18,0,0,0,0,0,12,0,0
3059026,198,38,55,0,0,0,26,28,37,0,17,25,84,15,31,39,136,34,0,64,54,0,68,0,0,30,29,12
2570561,198,35,81,48,62,56,81,0,38,0,17,0,26,0,0,0,139,0,0,34,29,19,146,26,19,34,30,0
1932669,198,0,0,38,49,73,0,0,0,0,0,0,0,0,0,0,0,0,0,40,0,0,69,0,0,0,0,0
449520,198,16,15,13,11,0,0,0,0,0,0,0,44,0,0,0,69,22,0,22,28,0,51,0,0,0,10,0
1892404,198,0,0,0,0,0,0,0,0,0,33,0,0,0,0,0,0,36,0,0,0,0,0,0,0,0,0,0
3453416,198,19,42,12,39,12,11,0,0,0,11,11,41,0,15,0,199,0,13,89,36,0,57,0,0,28,29,16
2921687,198,157,234,0,0,0,0,0,0,0,49,87,0,0,0,0,0,73,0,0,79,51,0,0,0,0,0,0
3151385,198,0,0,0,0,0,0,0,0,0,0,0,0,0,0,0,0,0,0,0,0,0,0,0,0,0,0,0
2774694,198,42,59,0,15,23,15,0,22,0,22,0,53,0,0,0,50,0,0,15,76,36,31,0,0,22,0,0
3070997,198,39,71,11,0,10,11,0,0,0,12,15,30,0,0,0,71,10,0,88,22,15,92,13,11,34,21,12
3028070,198,24,35,27,40,37,50,14,23,15,18,19,102,0,0,15,115,15,0,79,50,0,28,0,0,0,11,11
317936,198,30,52,10,0,96,89,12,118,24,11,36,10,0,0,28,178,17,44,35,20,0,25,0,0,20,29,12
1306274,198,36,59,64,87,256,118,18,54,25,11,17,17,0,27,0,71,29,0,114,24,26,97,0,11,40,50,31
2742195,198,22,28,0,0,16,0,26,29,0,0,11,0,15,0,0,10,0,0,163,0,18,26,0,0,30,45,16
5207,198,0,0,28,55,28,24,0,0,0,0,0,11,0,0,72,281,0,28,104,0,15,115,15,0,63,28,32
3060017,198,21,40,13,15,14,17,17,29,14,15,19,0,0,0,0,73,0,31,47,0,0,64,0,0,26,30,15
82985,197,0,20,12,12,21,26,0,0,0,0,0,0,0,0,0,0,0,0,25,0,0,24,0,0,15,0,0
3066251,197,0,0,0,0,66,76,0,0,0,0,0,0,0,13,0,0,0,0,22,0,0,25,0,0,0,0,0
2708110,197,0,0,0,30,0,0,0,0,0,0,0,0,0,0,0,0,0,0,0,0,0,0,0,0,0,0,0
3132300,197,39,47,0,0,28,21,0,0,0,0,15,13,0,0,0,126,0,19,44,18,0,31,0,0,32,43,38
1526927,197,17,21,0,0,0,0,0,0,0,0,0,32,0,0,0,146,0,11,19,13,0,22,0,0,0,0,0
1755811,196,10,24,0,0,0,0,0,10,0,0,0,18,0,0,10,56,11,0,32,19,0,37,0,0,23,14,0
3048005,196,29,64,0,0,29,45,44,63,0,0,0,0,23,0,17,50,0,0,44,0,22,17,0,0,28,18,12
410,196,0,34,0,15,93,137,0,0,0,0,0,0,0,0,0,25,0,0,0,0,0,23,0,0,0,0,0
2486578,196,0,0,11,27,28,31,27,33,0,0,0,0,14,0,18,148,0,0,33,0,41,24,0,0,47,18,18
2760713,196,27,40,13,22,32,34,0,0,0,26,16,30,0,0,11,62,12,0,72,11,11,110,0,0,17,18,0
296745,196,0,0,0,15,13,14,0,0,0,0,0,0,0,0,0,0,0,0,60,0,0,12,0,0,0,10,0
148814,196,49,64,27,29,54,48,25,27,11,17,20,48,0,0,0,20,13,0,102,44,16,86,0,0,45,19,23
715475,196,11,0,541,635,212,499,0,18,0,0,0,107,0,0,0,0,0,989,42,0,0,326,0,0,0,0,0
3025190,196,11,0,0,0,67,63,30,63,22,0,0,19,20,0,0,0,11,0,18,0,0,54,0,0,14,0,0
850,196,33,55,18,19,11,0,0,0,0,11,14,42,0,0,0,13,0,0,57,25,0,56,0,0,24,22,19
2731755,195,0,18,0,0,45,36,63,92,0,0,0,31,27,14,0,16,0,0,22,0,0,21,0,0,23,0,18
45243,195,0,0,0,14,24,28,0,0,0,0,0,12,0,0,0,83,0,0,25,0,10,0,15,0,0,0,0
2027857,195,67,111,17,39,31,68,27,55,19,20,25,30,15,14,0,106,15,0,42,22,16,61,10,13,21,0,0
744515,195,0,14,21,32,0,0,0,0,0,0,0,0,0,0,0,0,0,0,38,0,0,27,0,0,0,14,13
56,195,0,74,70,42,222,967,0,71,78,0,55,0,0,0,0,128,0,116,80,0,0,124,0,0,31,27,20
2924032,195,0,14,36,47,36,41,0,0,0,0,0,16,0,0,0,186,0,0,62,15,0,106,0,0,22,15,14
208596,195,0,0,23,16,0,0,0,0,0,0,0,0,0,0,0,94,0,0,31,0,0,40,0,0,0,0,0
2785025,195,16,40,32,62,57,49,33,44,0,0,0,29,12,0,15,160,0,18,57,10,0,69,0,0,33,28,21
2931922,195,20,31,0,17,43,34,0,0,0,0,0,0,0,0,11,152,10,10,91,25,0,51,0,0,29,35,25
3025668,194,0,24,57,52,47,69,0,0,0,0,23,0,0,0,0,0,0,0,29,0,0,89,0,0,20,38,28
1336804,194,42,64,28,38,38,50,12,43,30,0,21,84,0,0,19,127,11,0,80,35,10,147,0,19,39,50,19
2528010,194,12,32,15,14,69,347,0,29,28,0,23,0,0,0,18,10,0,83,13,0,0,19,0,0,11,0,0
28184,194,0,0,0,16,60,72,0,0,0,0,0,18,0,0,0,49,0,19,61,20,0,55,0,0,24,21,15
79885,194,0,11,0,17,52,35,0,0,0,0,0,26,0,0,0,22,0,0,97,0,0,63,0,0,24,26,21
2714947,194,37,41,21,37,32,24,15,27,0,12,14,27,0,0,0,101,17,0,42,13,0,74,0,15,24,17,14
1348613,194,26,84,11,23,53,43,21,22,0,17,0,20,13,0,22,172,10,0,293,10,18,122,0,0,50,58,31
1751286,194,0,24,18,28,170,98,12,73,0,0,0,15,0,0,20,37,0,19,57,13,0,103,0,0,38,27,34
353851,194,26,36,0,0,0,0,0,0,0,0,0,36,0,0,0,20,16,0,33,18,0,0,0,0,0,0,0
1859122,194,0,0,0,35,73,22,0,0,0,0,0,0,0,0,20,146,0,0,33,0,63,40,22,43,15,42,21
59277,194,17,0,0,0,0,0,0,0,0,0,0,0,0,0,0,0,0,0,18,0,0,0,0,0,0,0,0
1812935,193,31,46,0,0,0,109,17,43,0,16,20,0,19,0,0,46,23,0,37,0,0,51,0,0,12,18,0
2839024,193,29,43,0,0,30,38,0,0,0,0,18,27,0,0,0,29,0,0,19,0,0,85,0,0,0,0,0
2904245,193,19,80,32,43,112,110,15,32,11,14,11,18,14,0,0,66,0,18,89,11,0,69,0,14,37,16,21
2796470,193,15,27,0,0,0,27,0,0,0,0,0,0,0,0,13,14,0,0,20,0,0,0,0,0,21,28,15
1426,193,0,0,36,46,32,31,0,0,0,0,0,0,0,0,0,0,0,22,45,0,0,92,26,0,0,0,15
1716543,193,16,21,22,25,18,0,11,0,0,0,0,22,0,0,0,0,0,0,22,14,0,44,0,18,0,0,0
2599308,193,0,77,21,36,35,19,27,38,0,0,0,19,11,0,0,32,0,0,60,0,0,42,0,0,50,18,15
1161942,193,41,58,0,0,0,11,0,0,0,0,19,13,0,0,0,82,14,0,31,0,0,0,0,0,21,18,22
1178,193,25,35,22,31,106,66,38,83,28,11,0,67,31,0,0,15,0,22,24,27,15,91,0,28,25,23,27
1179777,193,20,30,27,40,34,23,0,0,0,0,0,24,0,0,0,66,0,0,61,17,0,196,0,0,16,12,0
454171,193,0,10,0,0,0,12,0,0,0,0,0,21,0,0,0,0,0,0,0,24,0,10,0,0,0,0,0
326544,192,0,17,34,49,28,38,0,12,0,0,0,0,0,0,0,206,0,16,82,0,36,26,10,16,45,49,23
83637,192,0,0,0,14,45,115,0,0,42,34,15,21,16,21,334,1419,16,929,81,18,40,44,57,261,18,153,68
542,192,42,66,0,0,10,34,0,0,0,0,0,23,0,0,32,100,0,0,60,0,17,54,0,0,15,0,0
2591634,192,38,46,0,13,33,46,0,14,0,0,0,15,0,0,12,122,17,0,41,0,11,44,0,0,11,12,13
1749036,192,39,80,11,22,31,37,0,0,11,0,31,15,0,0,0,0,10,0,37,18,0,40,0,0,0,14,0
45655,192,62,84,49,100,30,55,0,16,15,22,31,29,0,0,0,100,12,10,85,49,11,217,0,10,29,21,18
1278232,192,30,54,13,11,15,0,52,60,14,21,20,43,19,0,0,0,16,14,45,28,0,48,0,0,28,22,0
1514105,192,0,12,0,0,12,25,0,0,0,0,0,20,0,0,0,0,0,0,15,13,0,33,0,0,13,0,10
180957,191,0,46,0,0,47,119,0,45,0,0,0,0,0,0,0,214,0,0,128,0,0,79,0,21,72,61,52
754409,191,34,61,0,25,33,94,12,57,11,19,25,31,12,12,0,108,0,0,119,15,11,44,0,0,31,12,18
1933220,191,0,0,0,56,0,0,0,0,0,0,0,0,0,0,0,0,0,0,0,0,0,0,0,0,0,0,0
1295609,191,11,11,0,0,0,15,13,0,14,0,0,11,0,18,0,47,0,0,25,16,0,19,0,0,0,14,0
2100729,191,0,0,0,0,13,14,0,0,0,0,0,10,0,0,0,63,0,0,10,0,0,41,0,0,0,0,0
34105,191,41,37,57,88,34,59,19,13,0,21,23,78,0,0,0,35,33,108,39,48,0,62,0,0,13,24,17
4950,191,39,41,35,41,48,60,49,54,16,0,18,0,19,22,0,39,0,0,166,24,0,67,13,0,128,76,66
3136295,191,39,0,0,0,0,0,36,25,17,0,0,0,0,0,0,0,0,0,37,0,0,0,0,0,0,0,0
2594005,190,0,0,18,22,11,62,0,0,0,0,0,0,0,0,0,22,0,0,10,0,18,30,0,12,0,0,0
673372,190,14,34,0,0,15,21,0,17,0,0,0,0,0,0,0,120,0,0,61,0,19,40,0,0,29,18,0
3342247,190,79,232,11,21,39,49,0,20,0,13,25,22,16,26,0,138,15,0,32,16,0,57,0,0,28,11,14
2908842,190,24,93,23,37,45,309,0,31,0,19,19,20,11,0,13,89,11,0,44,26,0,37,0,10,0,0,0
1790137,190,22,131,12,37,40,49,0,23,0,19,11,35,0,0,19,54,16,0,113,28,27,71,0,0,40,30,34
2038776,190,13,26,14,13,43,46,12,23,18,0,0,31,11,12,28,312,0,0,75,15,0,39,0,0,54,69,22
371036,190,22,46,35,48,53,54,0,13,15,0,0,11,0,12,13,110,0,0,98,0,12,73,0,0,30,24,19
29382,190,0,22,24,30,43,43,0,0,0,0,0,27,0,0,19,176,0,0,88,0,17,120,0,0,57,34,26
102886,190,0,0,0,0,13,12,0,0,0,0,0,0,0,0,0,0,0,0,28,0,0,12,0,0,0,0,14
1529,190,42,75,0,13,50,33,13,18,0,11,14,19,0,0,0,67,0,0,62,0,10,42,0,11,21,29,18
484770,190,22,38,13,40,17,18,29,33,0,0,0,36,14,0,0,30,16,0,67,11,0,50,0,0,40,39,22
1170562,190,0,0,56,63,88,102,0,94,11,0,15,0,0,27,10,77,0,34,52,0,0,97,0,0,39,47,36
3050071,189,19,24,0,0,21,53,0,0,0,0,0,15,0,0,0,16,0,0,28,0,0,25,0,0,0,0,0
3077734,189,0,0,0,0,0,0,59,97,0,0,0,0,0,0,0,73,0,0,0,0,0,0,0,0,0,0,0
2494375,189,0,22,0,14,18,36,0,0,0,0,0,0,0,0,0,20,0,0,0,0,0,68,0,34,0,16,0
2864040,189,66,109,0,20,49,36,0,0,0,23,25,87,0,0,0,65,13,0,46,52,0,50,0,0,16,0,0
2921416,189,0,0,0,0,0,0,0,0,0,0,0,0,0,0,0,0,0,0,0,0,0,57,0,0,0,0,0
33940,189,0,0,0,0,0,0,0,0,0,0,0,29,0,0,0,0,0,0,0,38,0,0,0,0,0,0,0
1309,189,19,0,11,41,75,48,10,11,0,0,0,17,12,0,11,11,0,0,109,19,0,78,0,0,53,29,21
46234,189,91,101,92,126,116,118,0,0,0,0,55,76,0,0,0,121,0,0,136,54,0,164,0,0,0,91,65
1563703,188,31,59,0,0,18,22,0,0,0,0,0,0,0,0,0,20,0,0,127,39,0,0,0,0,0,0,0
3398614,188,0,14,0,14,0,20,21,30,0,0,0,10,0,0,0,10,0,0,103,12,0,17,0,0,44,52,37
95486,188,41,81,54,52,281,542,0,0,0,0,0,0,0,0,0,61,0,50,63,0,0,383,0,0,43,47,0
3404064,188,24,19,10,13,14,12,0,0,0,19,14,22,0,0,0,125,20,0,61,16,0,27,0,0,20,31,17
2713414,188,0,16,0,26,52,52,17,37,0,0,0,21,0,0,0,98,0,0,45,0,0,63,0,0,21,18,27
837,188,39,39,19,31,70,62,0,0,0,16,11,35,0,0,0,90,12,185,20,16,0,73,0,0,0,0,0
3112958,188,0,0,0,14,0,15,0,0,0,0,0,16,0,0,0,113,0,0,116,0,16,23,0,14,56,60,51
554880,188,53,81,0,0,24,23,0,0,0,15,37,20,0,0,0,0,19,10,20,14,13,0,0,15,14,0,0
2594883,188,12,14,13,17,12,0,0,14,0,0,0,0,0,0,0,62,0,0,24,0,0,26,0,0,0,14,0
3022697,188,17,34,13,21,28,0,0,0,0,0,19,0,0,0,0,17,0,0,44,0,17,36,0,26,0,16,10
1380675,188,0,0,0,20,28,18,0,0,0,0,0,10,0,0,12,115,0,29,35,0,0,48,0,0,11,10,12
3088895,188,31,69,15,16,27,26,39,40,10,26,13,53,15,0,0,54,24,12,72,21,0,119,0,0,36,24,27
171288,188,28,50,0,0,17,20,17,26,0,0,17,0,0,0,0,0,0,0,37,0,0,11,0,0,19,23,0
2259673,188,0,0,14,0,0,0,0,0,0,0,0,0,0,0,10,111,0,0,37,0,0,28,0,0,29,24,20
3073862,187,18,37,0,0,0,14,0,0,0,0,18,0,0,0,0,0,20,0,0,0,0,0,0,0,0,0,0
314275,187,0,41,29,38,73,157,50,75,66,0,0,0,24,42,23,195,0,0,129,0,109,49,70,23,48,58,46
1871111,187,0,17,0,27,54,71,23,34,0,0,0,30,0,0,21,67,0,0,58,0,30,65,0,0,57,61,26
312306,187,0,0,16,14,40,96,0,18,15,0,0,0,0,0,0,18,0,22,35,0,0,16,0,0,0,0,0
3374194,187,50,55,0,12,25,16,0,0,0,0,38,23,0,0,0,30,0,0,16,79,0,0,0,0,0,0,0
1751056,187,0,22,31,43,23,34,0,17,0,0,0,0,0,0,30,155,0,0,48,0,0,103,0,0,22,22,26
246,187,23,48,22,34,48,41,27,22,0,19,27,29,0,0,0,21,0,20,122,23,0,165,0,31,36,16,16
3374109,187,25,218,16,28,21,20,0,0,0,0,0,0,0,0,0,0,0,0,45,0,13,19,11,13,0,0,0
28183,187,13,15,14,28,46,47,27,26,0,0,0,0,0,0,0,21,0,0,40,0,0,47,0,0,12,17,0
911092,187,13,12,0,0,0,0,0,0,0,0,0,11,0,0,0,11,0,0,34,0,0,42,0,12,17,16,25
142650,187,0,0,0,0,17,14,0,0,0,0,0,0,0,0,16,0,0,0,19,0,66,0,0,108,40,11,25
2027290,186,0,0,0,0,0,0,0,0,0,0,0,0,0,0,0,0,0,0,53,0,0,0,0,0,25,21,0
3436240,186,0,0,0,0,0,0,0,53,0,0,0,0,0,0,0,0,0,0,18,0,0,0,0,0,0,0,0
155892,186,33,90,0,0,88,152,0,18,0,0,0,24,0,0,24,111,0,0,14,12,0,23,0,0,17,19,0
2913621,186,0,0,0,0,0,11,0,0,0,0,0,0,0,0,0,0,0,0,0,0,0,58,0,0,0,22,0
192421,186,0,0,0,0,0,0,0,15,0,0,0,0,0,0,0,0,0,11,41,0,0,26,0,29,0,32,0
1353,186,57,66,0,0,53,0,0,0,0,34,0,62,0,0,0,96,0,0,116,0,0,49,0,0,26,0,0
2908211,186,0,13,0,13,35,22,0,0,0,0,0,12,0,0,0,19,0,0,32,0,18,31,0,12,0,11,14
3081750,186,29,35,14,24,15,11,0,0,0,14,14,40,0,0,10,151,14,0,308,39,0,52,0,0,87,76,33
53413,185,0,29,18,37,38,130,0,18,0,0,0,93,0,0,0,54,0,0,43,0,0,34,0,0,43,30,35
3402688,185,16,12,17,21,42,41,0,0,0,0,0,0,0,0,0,57,0,0,19,34,14,177,0,0,26,13,17
3137852,185,31,64,21,19,29,56,15,58,0,11,0,37,13,0,13,92,12,0,119,31,0,72,0,12,37,21,26
2686361,185,23,36,0,18,18,31,60,65,0,0,0,0,0,0,0,24,0,0,129,27,0,51,0,13,15,16,17
2608253,185,21,35,0,12,16,32,0,12,0,0,16,13,0,20,0,38,17,0,57,20,12,31,0,13,30,19,14
3459122,185,39,70,22,26,29,74,0,0,0,0,27,0,0,0,0,0,0,0,25,0,0,20,0,0,12,11,0
2547600,185,13,33,0,0,0,0,0,0,0,0,0,0,0,0,0,0,0,0,37,0,0,27,0,0,0,0,0
49283,185,22,20,15,17,37,51,0,11,0,0,0,21,0,0,0,34,0,14,57,25,0,25,0,10,35,13,15
84022,185,0,23,0,14,10,11,20,22,0,0,0,0,0,0,12,117,0,0,42,0,17,52,10,10,0,0,0
102116,185,12,13,50,37,215,517,0,50,11,0,27,11,0,39,35,195,22,218,139,0,11,121,0,0,69,39,34
1580590,185,60,65,37,60,37,44,0,17,0,15,24,11,0,0,0,120,11,37,89,0,15,146,0,0,23,17,25
2054316,184,0,16,10,10,0,15,0,0,0,0,0,0,0,0,0,48,0,0,32,0,0,16,0,0,11,0,0
1061,184,36,83,19,13,147,379,10,50,20,0,32,50,0,0,0,31,0,32,11,20,18,35,0,30,0,0,0
505,184,0,0,0,0,0,12,0,0,0,0,0,0,0,0,0,48,0,0,19,0,0,10,0,0,0,16,10
2895947,184,25,21,49,74,19,34,16,32,0,0,0,0,0,0,12,156,0,0,102,0,0,116,0,0,43,45,53
1896175,184,45,71,0,30,0,0,0,0,0,0,0,300,0,0,0,0,28,0,131,97,0,0,0,0,94,42,63
2929799,184,26,44,0,13,26,13,17,30,0,0,17,18,0,0,34,68,0,0,53,0,0,137,0,0,28,30,15
1851148,184,18,18,0,0,12,22,0,0,0,0,0,10,0,0,0,0,0,0,0,0,0,30,0,0,0,0,0
44449,184,0,0,0,0,0,0,0,0,0,0,0,0,0,0,0,0,0,0,0,0,0,0,0,0,0,0,0
2792479,184,62,38,0,0,0,0,0,0,0,0,0,114,0,0,0,0,0,0,25,0,0,17,0,0,0,0,0
2921510,184,0,0,0,0,0,0,14,28,0,0,0,0,0,0,0,26,0,0,33,0,0,54,0,0,0,0,0
1464,184,0,17,0,0,21,21,15,28,0,0,11,0,0,0,21,103,0,14,67,0,0,85,0,0,20,29,20
71452,184,42,50,32,40,26,17,0,0,0,19,19,61,0,0,11,217,12,0,31,22,14,79,13,0,17,11,10
1970093,184,0,11,25,32,23,0,46,48,14,0,0,0,24,18,0,34,0,0,71,0,0,113,0,0,28,37,21
94869,184,21,30,16,23,38,24,10,11,0,0,0,0,0,0,0,58,0,19,135,0,0,97,0,10,27,42,15
1041504,184,0,31,0,32,43,36,0,0,0,0,0,31,0,0,0,156,0,0,62,49,0,125,0,0,43,0,0
2497860,184,32,69,28,32,0,0,0,0,0,0,0,0,0,0,0,0,0,0,0,0,0,62,0,0,0,0,0
563177,184,21,40,0,33,31,26,0,10,0,10,22,12,0,0,0,0,0,0,49,35,0,37,0,0,21,10,0
2050967,183,0,0,0,13,14,19,36,36,29,0,0,21,15,0,0,0,14,0,62,35,0,17,0,52,23,30,18
75985,183,0,47,0,25,47,92,0,0,0,0,0,0,0,0,0,0,0,0,117,0,18,52,17,26,41,53,48
502,183,0,0,0,0,16,28,0,0,0,0,0,0,0,0,15,120,0,0,18,0,0,0,0,0,0,0,0
3018315,183,0,15,0,0,22,0,17,54,0,0,0,0,0,0,0,39,0,0,90,0,0,31,0,0,27,25,17
2781243,183,60,93,17,23,24,27,0,20,0,14,24,0,0,0,0,15,0,0,69,13,0,22,0,0,23,32,19
3386644,183,39,60,11,22,44,30,0,13,0,12,0,11,0,0,0,15,15,0,76,15,0,55,0,0,26,20,15
2782006,183,55,63,11,32,44,54,0,25,0,19,18,69,0,0,0,18,10,0,59,35,20,49,0,0,28,16,0
2810512,183,18,51,0,14,54,58,0,19,0,0,0,0,0,0,0,70,0,0,142,10,0,67,0,16,31,29,23
1168034,183,58,72,43,39,20,47,29,30,23,0,27,24,19,11,0,114,14,0,71,11,0,78,10,0,24,11,23
3133318,183,0,0,0,0,39,55,0,30,0,0,0,0,0,0,0,0,0,0,0,0,0,70,0,0,0,0,0
1873425,183,17,14,20,15,0,19,0,0,0,0,10,0,0,0,0,31,12,0,25,26,0,23,0,0,0,0,0
28035,183,40,38,0,13,38,92,21,13,0,25,29,36,0,0,0,41,12,84,131,46,0,54,29,25,16,12,12
147709,183,0,18,0,0,35,35,0,0,0,0,0,0,0,0,0,0,0,0,21,0,0,11,0,0,0,0,0
1914871,183,0,0,0,26,162,205,0,116,0,34,0,0,0,0,0,0,0,0,90,0,0,85,0,0,0,0,0
155978,183,35,84,0,0,990,184,0,303,0,11,26,29,18,0,43,786,19,45,119,18,16,73,13,13,46,67,40
155615,183,0,60,0,0,0,0,85,103,0,23,0,0,64,0,0,172,0,0,55,0,0,33,0,0,0,0,0
2856519,182,16,36,0,0,25,36,0,0,0,13,0,24,0,0,157,1470,12,66,13,20,0,18,0,16,13,0,0
2686362,182,47,81,23,46,58,77,47,60,0,0,0,0,28,24,37,203,0,0,226,0,24,75,0,21,92,29,153
1316444,182,0,0,12,14,12,0,0,17,0,0,0,0,0,0,0,0,0,13,17,0,0,20,0,0,0,0,0
477680,182,0,14,19,35,36,39,35,54,0,0,0,0,15,13,0,88,0,0,69,0,10,39,0,16,36,10,26
28080,182,0,25,27,47,12,21,23,15,0,0,0,34,13,0,15,43,0,0,54,13,14,18,0,14,38,28,14
1813019,182,32,36,0,0,0,0,0,0,0,0,17,31,0,0,0,34,0,0,60,14,0,33,0,0,31,32,18
194424,182,0,16,0,0,17,10,0,0,0,0,0,0,0,0,0,35,0,0,0,0,12,26,0,0,0,0,0
46127,182,0,0,21,47,0,0,0,0,0,0,0,0,0,0,10,0,0,0,27,0,0,48,0,0,13,20,0
2903776,182,0,0,0,0,0,0,0,0,0,0,0,0,0,0,0,0,0,0,0,0,0,0,0,0,0,0,0
1261031,182,17,23,220,310,351,244,38,54,28,0,0,26,0,0,0,53,0,45,48,35,0,562,20,15,43,36,15
713887,182,0,16,0,19,99,108,10,36,14,0,0,17,0,119,13,114,0,25,85,10,15,38,0,21,25,20,21
170679,181,0,64,36,59,94,89,0,20,0,0,0,0,0,0,19,119,0,12,86,0,13,205,15,0,40,43,16
2919499,181,15,23,0,0,19,27,0,0,12,0,0,0,0,0,16,39,0,0,101,0,24,25,0,0,25,21,27
2219696,181,0,31,0,0,82,337,38,35,0,0,0,0,0,0,0,0,0,0,0,0,0,31,0,0,0,0,0
3160830,181,27,82,26,33,48,45,0,0,0,0,0,0,0,0,0,88,0,0,44,29,33,65,18,18,23,19,13
2321403,181,17,42,10,0,22,44,0,10,11,0,10,22,0,0,0,40,0,0,77,13,0,30,0,0,32,18,14
2527971,181,0,12,0,0,39,76,0,0,0,0,0,0,0,0,0,27,0,16,0,18,0,36,0,0,0,0,0
3383025,181,0,29,0,0,13,14,0,0,0,0,0,32,0,0,0,0,0,0,21,0,0,36,0,10,0,12,0
580165,181,19,31,36,46,33,21,37,69,18,0,0,0,28,0,32,141,0,0,164,0,11,101,0,16,25,15,17
86668,181,15,29,18,57,19,14,12,22,0,12,0,26,0,0,0,218,0,18,102,31,0,59,0,0,56,52,64
2962858,181,26,41,33,59,73,70,0,0,0,15,0,52,0,0,0,22,0,0,344,32,0,52,0,0,120,129,102
51364,181,0,16,11,25,0,0,0,19,0,0,0,0,0,0,0,32,0,0,15,0,0,20,0,0,0,0,0
2022337,180,0,45,0,0,0,43,43,91,0,0,0,0,0,0,0,98,0,0,91,0,0,83,0,0,42,0,0
1848904,180,0,31,0,0,48,71,0,22,0,0,0,0,0,16,42,32,0,0,67,0,27,42,20,16,32,26,16
1583100,180,0,57,0,0,0,0,0,0,0,0,0,0,0,0,0,0,0,0,84,0,0,43,0,0,0,35,0
2605747,180,40,59,22,27,37,35,0,16,0,14,18,36,0,0,0,101,0,0,81,20,49,47,0,14,41,35,28
3445778,180,34,42,0,24,36,23,0,0,0,10,14,42,0,0,0,92,10,0,42,0,0,35,0,0,42,22,14
208226,180,73,104,0,0,15,14,10,14,11,18,32,34,0,0,12,28,11,35,147,17,14,98,0,17,20,33,33
1556,180,23,53,0,23,0,15,0,0,0,0,12,23,0,0,27,144,10,29,95,10,18,93,19,37,106,41,35
3036127,179,0,0,0,0,23,58,0,0,0,0,0,0,0,0,0,11,0,0,0,0,0,12,0,0,0,0,0
2715212,179,0,13,18,39,27,30,16,25,27,0,0,17,0,0,0,49,0,0,40,15,0,64,0,25,12,11,0
2527976,179,25,23,25,24,23,56,0,0,13,0,14,21,0,0,0,27,0,0,21,12,0,52,0,0,0,14,0
3231488,179,0,10,20,27,21,12,17,30,13,0,0,0,10,0,0,0,0,11,71,0,0,46,0,27,45,40,35
384636,179,31,48,34,60,50,30,0,17,0,10,12,17,0,0,0,122,0,0,75,17,0,193,0,0,20,24,11
76775,179,11,15,0,0,33,637,12,0,19,30,0,0,14,0,24,129,0,609,22,0,18,27,0,12,15,0,0
2879119,178,0,0,50,68,11,20,0,0,0,0,0,0,0,0,0,122,0,0,66,0,0,39,0,35,11,0,0
1905730,178,48,78,22,25,13,19,0,0,0,0,22,23,0,0,37,0,0,37,31,35,0,19,0,0,17,16,0
2864212,178,12,38,0,0,0,22,0,0,0,0,0,14,0,0,0,27,10,20,10,10,0,11,0,0,0,0,0
653937,178,0,18,12,23,12,0,0,0,0,0,0,15,0,0,31,113,0,0,25,0,0,43,0,0,16,0,0
359408,178,0,0,0,0,0,0,0,0,0,0,0,22,0,0,0,0,0,0,45,27,0,17,0,0,15,0,20
270918,178,27,132,21,36,45,72,15,48,0,0,0,23,0,0,0,29,0,0,26,14,18,102,0,0,0,18,15
1492898,178,13,33,17,28,43,54,0,0,0,10,0,32,0,0,0,37,0,0,42,0,0,59,0,0,0,15,0
1849015,178,10,465,22,53,29,23,16,0,0,0,0,12,0,0,0,48,0,0,57,0,26,133,0,12,16,18,21
3064705,178,0,0,14,24,0,0,0,0,0,0,0,18,0,0,0,21,0,0,53,21,0,38,11,14,37,38,21
3060064,178,10,0,0,0,0,0,0,0,0,0,0,0,0,0,0,0,0,0,0,0,0,0,0,0,0,0,0
715,177,31,28,0,48,0,22,0,0,0,0,0,24,0,0,0,0,0,0,43,12,16,56,0,0,26,18,0
3424766,177,0,15,25,22,10,33,0,10,0,0,0,0,0,0,16,17,0,0,39,0,15,70,0,0,30,15,15
3143118,177,0,0,19,49,32,31,37,32,0,0,0,0,20,0,0,66,0,0,96,0,20,57,0,0,26,0,14
2893882,177,45,91,21,22,23,27,0,0,0,29,44,201,0,0,0,22,44,0,39,85,0,60,0,21,22,31,23
3059076,177,38,51,20,63,44,81,35,38,10,10,15,22,12,0,13,78,0,36,136,16,0,69,0,0,51,23,17
661488,177,0,24,0,11,17,34,0,0,0,0,0,0,0,0,0,89,0,0,71,0,0,64,0,0,0,0,0
2997793,177,0,0,0,0,0,0,0,0,0,0,0,0,0,0,0,0,0,0,0,0,0,0,0,0,0,0,0
2850441,177,0,0,0,33,13,11,16,13,0,0,0,0,0,0,0,94,0,0,28,0,0,18,0,0,12,11,0
46867,177,11,26,39,50,18,17,0,0,0,0,0,0,0,0,0,11,0,0,89,0,11,50,0,0,17,24,0
2005462,177,45,52,24,37,108,89,27,112,23,14,27,33,14,13,0,148,21,33,92,34,0,59,0,0,49,40,30
216935,177,0,0,0,12,0,0,0,0,0,0,0,14,0,0,11,91,0,0,38,0,0,25,0,0,32,15,11
2725994,177,20,21,0,12,10,16,0,0,0,0,0,0,0,0,0,90,0,0,0,0,0,84,0,0,0,0,0
2024843,177,23,26,78,24,52,59,0,20,34,0,0,49,0,0,37,164,0,11,80,34,0,70,0,0,31,28,25
2201181,176,24,42,0,32,42,90,0,30,0,0,0,0,0,0,0,109,0,0,65,0,21,76,0,0,12,26,25
1622118,176,51,84,63,80,63,69,0,0,0,10,25,52,0,0,0,77,15,0,147,54,20,46,0,26,29,50,52
2894082,176,0,16,0,0,10,30,10,10,0,0,0,0,0,0,0,58,0,64,45,13,0,51,0,0,0,14,0
3234142,176,61,77,0,0,33,32,31,51,0,0,26,0,18,0,0,32,0,0,0,19,0,77,0,0,0,0,0
171695,176,0,0,0,0,15,13,11,20,10,0,0,0,10,0,0,53,0,0,30,0,0,13,0,0,22,0,0
859144,176,41,44,17,14,20,21,12,0,0,17,12,19,0,0,0,0,13,0,18,19,0,47,0,0,0,0,0
1643336,176,0,26,0,23,32,23,0,0,0,0,0,0,0,0,13,163,0,0,92,0,0,45,0,0,55,54,25
1292,176,40,75,15,22,33,130,17,19,0,0,23,0,0,0,0,116,0,56,71,0,0,57,0,0,21,0,22
360911,176,28,35,11,19,21,22,0,0,0,0,0,0,0,0,0,0,0,0,62,0,0,0,0,0,31,35,14
1589,176,39,61,0,0,28,36,0,14,0,12,16,0,13,0,0,15,15,0,43,0,0,117,0,16,11,10,15
54005,176,32,79,18,26,19,52,0,0,0,0,14,26,0,0,18,64,0,31,44,21,0,96,0,0,16,22,0
2903655,176,0,0,0,0,0,0,0,0,0,0,0,0,0,0,0,0,0,0,0,0,0,0,0,0,0,0,0
38027,176,15,19,0,11,0,21,0,10,0,0,0,0,0,0,19,121,0,0,125,15,0,191,0,0,62,67,43
67854,175,0,0,0,0,0,12,0,0,0,0,0,0,0,0,0,0,0,0,0,0,0,27,0,0,0,10,0
2946699,175,0,0,0,0,0,0,0,0,0,0,0,0,0,0,0,17,0,0,14,0,0,0,0,0,19,25,19
2057808,175,40,58,19,36,44,57,23,30,0,0,15,32,0,0,14,125,0,0,57,14,0,87,0,0,20,20,20
3075823,175,22,49,25,17,15,71,0,12,0,0,0,13,0,0,0,74,0,0,37,0,0,72,0,0,13,11,17
2801997,175,0,0,0,15,25,14,21,17,0,0,0,0,10,0,16,0,0,0,46,0,10,35,0,0,14,10,0
2714926,175,61,92,0,0,0,0,0,0,0,36,16,44,0,0,0,29,18,0,36,20,0,33,0,13,19,0,0
2676868,175,36,45,10,19,24,25,0,0,0,0,12,24,0,0,0,47,0,38,16,13,0,32,0,11,0,0,0
3400420,175,0,0,0,13,11,18,0,0,0,0,0,0,0,0,14,73,0,0,44,0,0,42,0,0,17,28,26
302167,175,0,0,0,0,13,12,0,0,0,0,0,0,0,0,0,179,0,0,74,0,0,23,0,0,56,60,19
1467,175,12,59,0,11,13,15,17,24,0,29,17,42,0,0,0,0,18,67,46,34,0,23,0,0,12,16,0
166485,175,26,81,0,18,22,19,18,26,0,0,0,16,0,0,0,25,12,0,11,12,0,37,0,11,0,0,0
984207,175,21,25,33,62,65,122,0,41,0,22,13,16,0,0,0,12,11,25,27,11,24,88,13,13,29,15,18
56142,175,13,15,0,0,0,0,10,14,0,0,0,0,0,0,0,0,0,0,20,0,21,16,0,0,0,0,0
3231032,174,20,27,17,23,48,24,0,0,0,0,11,42,0,0,0,16,0,0,0,15,12,21,0,14,0,0,0
78327,174,0,0,0,0,24,79,0,0,29,0,0,0,0,0,0,0,0,16,45,0,0,14,0,0,0,0,0
93220,174,0,0,0,0,65,116,0,0,0,0,0,0,0,0,0,17,0,0,16,0,0,28,0,0,18,19,0
3416606,174,0,0,0,0,24,56,0,0,0,0,0,0,0,0,0,0,0,0,0,0,0,0,0,0,0,0,0
2898187,174,61,74,0,0,22,17,19,30,0,26,23,61,11,0,10,136,19,0,24,76,24,50,0,19,22,20,0
3140251,174,29,52,20,43,20,27,0,12,0,0,28,40,0,0,0,75,0,0,62,0,0,50,0,20,14,0,10
2880651,174,0,30,35,46,34,93,0,0,0,0,26,24,0,0,0,0,21,0,0,0,0,20,0,0,0,0,0
3028315,174,0,14,15,19,181,123,0,0,0,0,0,0,0,0,0,35,0,2715,53,0,16,52,0,0,0,24,0
1736,174,22,26,0,19,16,0,26,18,12,0,0,34,0,0,28,248,12,0,29,10,33,20,24,14,11,0,18
2714928,174,0,12,0,17,27,19,0,0,0,19,0,0,0,0,0,0,23,31,21,12,0,18,0,0,12,0,0
1804986,174,21,41,0,0,65,124,13,31,0,0,0,0,0,0,0,27,0,14,18,0,27,0,38,35,0,0,0
2303529,174,0,0,109,129,227,194,0,240,0,0,0,0,0,0,0,0,0,0,22,0,0,33,0,0,0,0,0
196024,173,21,42,0,0,48,190,49,77,37,21,0,33,34,0,27,175,0,48,135,11,174,26,34,331,122,74,41
2303332,173,0,36,14,24,39,74,94,0,0,0,0,15,0,0,0,33,0,0,29,0,0,46,0,0,34,22,11
1056807,173,0,0,0,0,0,31,0,0,0,0,0,0,0,0,0,0,0,22,0,0,0,0,0,0,0,0,0
2920939,173,48,89,0,0,0,17,0,0,0,19,24,12,0,0,0,88,18,35,73,0,0,56,0,0,35,31,26
2956784,173,15,20,0,10,35,39,0,12,0,0,0,0,0,0,0,103,0,0,147,0,13,86,0,25,39,18,16
66821,173,22,38,19,25,15,23,0,0,0,0,0,27,0,0,0,35,0,0,10,0,0,30,0,0,0,0,0
162,173,0,0,0,21,25,31,55,52,0,0,0,0,31,0,0,0,0,0,107,0,0,44,0,0,52,39,17
2901381,173,16,21,0,14,14,12,11,19,0,11,0,0,0,0,10,47,0,0,55,0,0,28,0,0,42,36,19
1281,173,33,32,33,41,14,23,0,0,0,0,11,23,0,0,0,54,0,0,28,21,11,74,0,0,15,27,0
1638,173,0,13,11,14,0,11,10,13,0,0,0,25,0,0,10,103,0,20,123,13,0,89,0,0,68,43,28
433286,173,27,34,59,73,63,51,22,34,0,11,14,23,15,0,0,10,0,11,39,46,0,323,0,0,18,27,0
3060758,173,41,75,15,30,55,45,0,0,0,17,14,33,0,11,0,0,17,0,63,35,0,102,0,0,26,20,21
244366,172,46,93,0,68,226,317,0,0,0,21,42,75,0,0,0,240,43,379,195,45,0,76,0,0,80,55,56
614,172,0,0,0,0,31,72,0,0,0,0,0,0,0,0,0,0,0,0,29,0,0,45,0,0,0,0,0
1784713,172,22,32,10,19,149,122,20,38,0,10,0,18,13,0,0,11,0,0,62,13,0,18,0,24,11,13,0
3387402,172,31,33,0,12,23,12,0,0,0,0,0,17,0,0,12,136,38,0,411,17,0,18,0,0,57,103,45
2545455,172,40,39,39,70,68,46,45,50,21,15,12,26,22,0,38,141,19,0,54,28,0,48,0,0,40,53,24
571177,172,59,85,0,24,69,150,12,50,74,16,41,55,0,0,45,97,140,34,22,0,0,24,0,0,10,0,0
2921385,172,0,37,0,0,0,0,0,0,0,0,0,0,0,0,0,0,0,0,0,0,0,0,0,0,0,0,0
3350403,172,33,36,34,39,33,27,31,34,14,0,0,12,18,13,0,37,14,0,81,0,0,100,0,0,12,32,16
1173032,172,0,28,30,31,129,97,0,50,0,0,11,19,0,0,33,79,0,13,73,13,0,39,0,15,28,22,30
293091,172,0,11,0,0,0,0,0,0,0,0,0,17,0,12,0,54,0,0,36,0,0,12,0,0,24,13,13
2935863,171,0,17,0,22,24,29,0,0,0,0,0,16,0,0,0,15,0,0,30,0,0,29,11,0,0,13,0
3240930,171,0,0,0,0,0,0,0,0,0,0,0,0,0,0,0,0,0,0,0,0,0,0,0,0,0,0,0
1274631,171,0,0,0,14,35,89,0,0,0,0,0,0,0,0,17,73,0,41,0,0,0,24,0,0,0,0,0
1315974,171,0,40,0,0,82,217,73,70,0,0,0,0,0,0,0,149,0,0,0,0,0,0,0,0,0,0,0
2986837,171,12,26,0,0,15,26,70,61,0,0,0,33,25,0,0,0,0,0,37,0,0,37,0,0,17,0,0
1928857,171,83,111,23,37,34,44,0,23,0,26,38,52,0,0,0,72,29,71,47,26,0,119,0,0,33,37,0
187101,171,31,32,0,0,11,13,0,0,0,0,0,40,0,0,10,61,10,0,35,18,0,26,0,0,29,16,19
3367743,170,0,0,0,0,0,0,0,0,0,0,0,0,0,0,0,0,0,0,0,0,0,0,0,0,0,0,0
538382,170,0,0,18,26,24,117,0,14,0,0,0,0,0,0,0,0,0,19,0,0,0,0,0,0,0,0,0
3135773,170,23,35,0,14,0,48,33,43,22,0,10,15,0,0,0,22,17,57,28,0,0,22,0,0,29,17,16
650378,170,0,0,0,0,0,0,0,0,0,0,0,0,0,0,0,0,0,0,20,0,0,0,0,0,12,0,0
2499213,170,0,18,0,0,0,0,0,0,0,0,0,0,0,0,0,0,0,0,0,0,0,0,0,0,19,0,17
433296,170,0,21,12,25,18,12,0,0,0,0,0,0,0,0,11,48,0,0,71,0,0,88,0,0,39,35,28
1648,170,53,117,0,0,17,0,0,0,0,0,28,0,0,162,0,192,0,0,154,51,0,87,0,0,49,41,42
349096,170,0,0,0,0,0,0,0,11,0,0,0,0,0,0,0,11,0,0,12,0,0,16,0,0,0,0,0
224012,170,31,63,0,0,258,178,44,202,41,0,29,16,40,0,24,119,0,42,80,27,0,98,0,0,28,43,21
1758189,169,0,0,0,0,0,0,0,0,0,0,0,0,0,0,0,0,0,0,25,0,0,66,0,0,0,0,0
2755562,169,0,12,14,21,22,0,16,31,0,0,0,0,0,0,0,114,0,0,54,0,0,26,0,0,20,16,13
2857064,169,20,33,0,0,0,29,29,49,0,0,11,0,11,0,0,0,0,0,0,15,20,32,12,15,0,0,0
2861765,169,28,40,19,24,91,75,20,37,0,0,13,67,17,0,17,165,0,32,81,33,13,119,0,13,49,33,17
387638,169,20,39,0,0,21,43,0,13,0,14,12,24,0,15,10,21,0,0,44,26,0,28,0,0,16,17,0
376805,169,14,11,0,0,0,20,0,0,0,12,0,0,0,0,0,137,0,0,43,13,0,34,0,0,0,0,0
1217282,169,34,47,0,0,26,20,0,0,0,0,16,44,0,0,0,150,33,0,65,27,0,34,0,0,30,27,16
1632865,169,0,0,0,0,18,65,0,0,0,0,0,14,0,0,0,41,0,21,24,0,0,10,0,0,0,14,11
1408281,169,0,0,0,0,0,0,0,0,0,0,0,0,0,0,0,145,0,0,20,0,0,22,0,0,15,15,0
2835869,169,11,25,0,0,19,22,71,75,0,10,0,0,39,20,0,99,0,0,59,0,13,0,0,0,31,13,19
879970,169,10,26,12,17,25,18,0,16,0,0,0,37,0,0,0,0,0,0,38,11,0,37,0,0,12,12,15
1287640,169,0,0,0,0,0,0,0,0,0,0,0,0,0,0,0,0,0,0,28,0,0,112,0,0,0,0,0
2859516,169,15,22,0,14,165,79,0,73,0,0,0,0,0,0,0,0,0,21,45,20,12,21,0,0,21,0,13
1523392,168,0,21,0,19,0,0,0,0,12,0,0,0,0,0,0,55,0,0,10,0,0,57,0,0,10,0,0
1763534,168,0,0,38,46,58,66,0,11,0,0,0,0,0,0,0,27,0,0,22,0,18,59,0,15,11,0,0
754397,168,77,91,41,57,25,51,0,39,0,27,24,43,0,0,0,80,0,0,288,49,15,67,0,10,82,70,35
1019,168,0,15,0,25,70,83,0,0,0,0,0,0,0,0,22,273,0,23,58,0,0,71,20,0,26,14,17
256,168,39,41,19,26,95,75,42,50,0,14,11,15,24,0,47,230,14,28,80,21,0,168,0,14,36,34,31
983544,168,17,31,18,40,30,87,0,20,0,0,10,24,0,0,21,118,21,0,46,18,15,93,15,27,26,31,0
3139392,168,0,0,0,0,0,0,0,0,0,0,0,0,0,0,0,0,0,0,46,0,0,16,0,0,0,0,0
320787,168,10,29,14,29,42,71,16,31,15,0,0,13,0,11,0,123,0,0,67,0,16,83,0,14,34,24,28
582475,168,0,31,71,61,21,26,43,50,0,0,0,23,13,22,0,45,0,0,82,24,0,75,0,0,34,13,12
2806989,168,0,0,0,0,0,0,0,0,0,0,0,0,0,0,0,0,0,0,0,0,0,0,0,0,0,0,0
2942204,168,37,36,0,0,16,0,0,0,0,0,12,0,0,0,0,0,0,0,35,0,24,0,26,0,15,11,13
2756,168,14,16,11,20,27,19,13,14,15,0,0,32,0,10,24,236,0,0,20,0,13,49,14,22,13,0,12
33952,168,13,29,0,0,23,22,12,18,0,0,0,22,0,0,0,14,0,0,55,14,0,48,0,0,27,24,39
3240383,168,23,32,0,0,0,0,0,14,0,0,0,0,0,0,0,0,0,0,0,0,0,53,0,0,0,0,0
2949758,167,0,0,0,0,0,0,0,0,0,0,0,0,0,0,0,0,0,0,224,0,0,0,0,0,0,0,0
2803864,167,0,15,25,38,28,38,0,17,0,0,0,19,21,13,0,50,0,33,23,0,0,27,0,0,0,0,0
2172099,167,0,27,0,14,19,28,0,0,0,0,0,10,0,0,0,80,0,0,40,0,16,25,0,0,23,0,0
29495,167,25,81,0,13,0,44,0,0,0,0,15,18,0,0,0,29,16,0,14,0,44,25,0,47,13,0,0
3139729,167,0,0,0,0,0,95,0,0,0,0,0,0,0,0,258,996,0,547,72,0,0,0,0,179,0,147,0
1796652,167,0,0,0,11,23,24,0,0,0,0,0,0,0,0,0,21,0,0,22,0,20,18,0,0,25,19,10
2654676,167,0,20,0,0,22,203,0,31,0,0,0,20,0,0,0,69,0,52,47,22,0,33,0,11,14,20,0
1316596,167,44,47,15,12,20,23,0,0,0,18,19,0,0,0,0,14,0,0,54,0,0,30,0,0,34,26,16
3442641,167,33,37,12,16,31,57,19,39,23,0,11,20,0,0,0,64,0,0,18,0,11,23,11,0,0,0,0
1165090,167,0,12,0,0,12,41,31,30,10,10,0,12,11,0,0,16,0,0,11,13,0,19,0,0,0,0,0
2767188,167,12,29,34,54,49,48,19,25,20,0,0,0,0,0,0,15,0,0,60,12,64,101,33,50,14,0,28
1660080,167,0,0,18,26,16,0,0,0,0,0,0,16,0,0,0,0,0,0,0,38,0,46,0,0,0,0,0
163,167,0,0,0,16,15,12,0,0,0,0,0,0,0,0,15,108,0,0,64,0,19,35,10,12,36,18,14
2589818,167,11,24,0,0,0,0,0,0,0,14,0,0,0,0,0,45,0,0,43,10,0,30,0,0,0,0,0
1476025,167,0,55,0,0,12,14,27,43,36,0,0,0,18,0,0,50,0,0,30,22,26,84,24,29,18,15,0
1249,167,0,15,18,13,22,16,19,33,19,0,0,0,0,0,0,59,0,150,127,0,0,57,0,14,48,28,48
2592653,167,12,14,0,0,0,0,0,0,0,0,0,0,0,0,0,93,0,0,0,0,0,25,0,0,0,0,0
1868794,167,0,0,0,0,0,0,0,0,0,0,0,0,0,0,0,40,0,0,27,0,12,0,0,0,0,0,0
116085,167,0,0,0,20,27,24,0,0,0,0,0,0,0,0,0,0,0,0,30,0,0,75,0,0,0,0,0
40216,166,20,39,0,0,0,0,0,0,0,0,16,61,0,0,0,21,23,17,68,30,0,77,0,0,40,30,0
2782678,166,0,0,0,0,0,90,0,0,0,0,0,100,0,0,27,74,0,36,0,0,0,61,0,0,0,0,0
2058624,166,14,0,0,0,20,32,15,26,0,0,0,0,0,0,0,20,0,0,25,0,0,31,0,0,0,0,0
907046,166,0,25,0,0,449,425,62,51,65,30,0,74,55,0,32,36,0,4579,32,24,0,107,0,0,35,76,0
3075618,166,56,76,11,26,0,24,0,13,0,15,27,43,0,0,0,11,0,0,51,45,10,35,15,12,12,25,17
3093871,166,0,13,0,0,17,65,17,28,0,0,0,0,0,0,0,10,0,0,11,0,14,53,15,21,0,0,12
2529032,166,17,51,18,13,17,65,18,60,0,12,0,28,24,0,0,0,0,0,40,0,35,81,0,27,16,10,0
3088362,166,0,0,0,0,0,30,0,0,0,0,0,0,0,0,0,0,0,0,50,0,11,15,0,0,0,0,0
1917830,166,0,0,33,51,49,47,32,34,38,0,0,0,0,26,0,26,0,25,78,0,14,68,24,31,47,38,29
41,166,34,0,1112,1281,372,1226,0,18,0,29,44,54,0,0,0,0,67,2021,73,11,0,554,0,0,0,0,0
220687,166,0,10,0,16,31,21,20,20,0,0,0,0,14,0,0,92,0,0,53,0,0,30,0,15,34,30,35
2954607,166,0,0,0,0,0,0,0,0,0,0,0,0,0,0,0,0,0,0,0,0,0,0,0,0,0,0,0
303541,166,21,40,0,0,0,0,24,30,21,0,10,0,0,11,0,63,0,0,28,0,0,31,0,0,12,0,0
1519,166,16,22,43,77,41,41,0,21,0,18,10,0,10,0,0,121,0,18,98,0,0,104,0,0,34,30,31
3406418,166,15,16,0,24,34,87,0,19,0,11,0,21,0,0,0,0,0,28,13,13,0,13,0,0,0,0,0
3101276,166,31,43,66,54,176,629,0,47,47,15,28,40,0,0,16,18,14,119,27,17,0,68,0,0,15,12,23
28072,166,0,16,50,62,118,98,13,50,0,12,0,50,0,0,0,88,0,31,52,10,0,71,0,0,55,28,43
2653189,166,14,0,0,0,63,46,0,31,0,0,0,0,0,0,0,0,0,296,43,0,0,49,0,0,29,21,0
859,166,32,43,0,0,14,17,0,0,0,19,17,41,12,0,0,79,0,0,98,39,0,38,0,0,24,33,19
294671,166,65,73,0,19,30,23,53,78,21,21,25,0,19,22,0,0,24,0,61,19,21,37,0,14,36,26,19
413497,165,0,19,0,16,0,35,0,0,0,0,0,0,0,0,0,83,0,0,32,0,0,16,0,0,22,15,26
2904123,165,0,0,0,0,0,0,0,0,0,0,0,0,0,0,0,0,0,0,0,0,0,0,0,0,0,0,0
85404,165,0,0,66,92,18,16,10,10,0,0,0,399,0,0,0,75,0,0,0,0,0,75,0,19,0,0,0
1325102,165,0,0,0,0,55,47,0,0,0,0,0,0,0,0,19,43,0,53,0,0,0,25,0,0,0,0,0
1537215,165,121,159,10,0,32,168,0,10,0,46,65,77,0,0,0,0,49,0,0,58,0,12,0,0,0,0,0
2588536,165,0,0,0,0,0,0,0,0,0,0,0,0,0,0,0,169,0,0,43,19,0,41,0,0,0,27,0
3416605,165,0,0,0,0,0,21,0,0,0,0,0,0,0,0,0,16,0,0,58,0,0,114,0,0,45,28,0
2006131,165,0,18,15,25,17,29,0,24,0,0,0,0,0,0,26,11,0,0,33,0,13,23,0,17,0,0,0
2779362,165,0,113,53,84,57,388,180,168,0,0,0,0,0,0,0,93,0,0,100,0,0,94,0,0,62,40,45
2706887,165,13,26,31,43,34,38,14,26,0,0,11,0,0,0,14,83,0,15,27,0,0,236,12,0,0,0,10
1811193,165,0,10,0,27,18,0,0,0,0,0,0,0,0,0,0,0,0,0,24,0,0,20,0,0,11,12,14
2841528,165,0,0,0,21,29,17,0,11,0,0,0,0,0,0,0,10,0,0,43,0,0,45,0,0,0,0,0
58346,165,53,100,0,32,53,117,0,36,0,0,29,17,33,0,40,1626,0,0,21,0,0,61,0,0,0,0,0
324079,165,0,0,20,33,20,0,35,26,0,0,0,0,13,23,0,103,0,0,26,0,26,121,0,0,0,11,0
279322,165,21,17,50,65,38,68,0,17,0,19,15,24,0,0,19,87,0,21,67,13,0,453,0,16,0,0,0
1190813,164,13,23,0,0,0,0,0,0,0,0,0,0,0,14,23,83,0,0,46,0,78,27,0,30,0,0,0
3447504,164,32,51,30,44,65,56,20,55,27,0,12,0,0,0,0,19,0,0,113,13,11,44,0,25,41,18,19
2997336,164,0,0,0,0,17,16,0,12,0,0,0,14,0,0,20,90,0,13,59,0,0,41,0,0,50,63,23
2929800,164,0,0,0,0,0,24,0,0,0,16,0,38,0,0,0,0,0,0,153,47,0,117,0,0,124,88,96
162156,164,37,59,0,0,43,23,0,0,0,0,11,42,0,0,15,67,14,0,61,14,14,48,0,0,27,19,15
1717717,164,15,24,0,14,36,47,18,42,0,0,0,12,17,0,20,119,0,0,69,0,45,82,0,0,47,40,23
3149230,164,16,29,10,16,18,25,0,0,0,0,15,26,0,0,16,186,0,0,114,19,0,85,0,0,82,98,77
70258,164,0,0,0,0,0,0,23,22,0,0,0,0,0,0,0,0,0,0,10,0,20,38,0,25,0,0,0
2763672,164,28,49,0,12,0,0,30,18,0,0,0,0,0,31,0,90,0,0,0,0,0,24,0,0,11,0,0
3408580,164,11,14,0,0,13,18,19,30,0,0,0,28,0,0,0,88,0,0,36,0,10,17,0,37,0,13,0
676200,164,0,0,0,0,0,17,0,0,0,0,0,0,0,0,0,0,0,0,0,0,0,0,0,0,0,0,0
54299,164,0,0,0,0,114,105,0,70,0,0,0,0,0,0,0,506,0,294,92,0,0,48,0,19,34,35,43
2058152,163,34,70,0,0,109,0,0,0,0,0,0,32,0,0,0,0,0,0,21,0,0,30,0,0,0,0,0
633,163,28,46,0,0,0,0,28,35,0,0,0,48,12,0,0,373,0,0,50,0,0,35,0,0,17,16,25
1776742,163,11,16,0,0,13,22,0,0,0,19,0,21,0,0,0,10,0,0,23,0,0,55,0,16,0,0,0
108980,163,42,78,0,0,76,63,0,0,0,23,0,16,0,0,0,129,24,19,100,64,0,95,31,62,82,66,49
2599296,163,0,33,0,0,48,145,0,41,13,0,0,20,0,0,0,0,0,19,0,0,0,0,0,0,0,0,0
3093872,163,0,17,0,0,42,83,27,51,27,0,0,0,0,0,0,83,0,0,39,19,11,78,0,10,17,0,0
2749994,163,0,0,0,28,0,69,0,0,0,0,0,0,0,0,0,75,0,0,0,0,0,30,0,0,0,0,0
2983606,163,24,31,13,21,28,18,13,0,0,0,13,27,0,0,0,11,0,0,39,23,0,58,0,0,19,0,0
2976818,163,0,0,13,44,0,24,71,79,0,0,0,13,34,0,0,24,0,0,13,37,0,16,18,0,0,0,0
666686,163,17,21,66,98,36,19,23,38,0,19,0,15,22,0,0,0,0,0,70,10,17,64,0,11,34,30,22
260554,163,59,60,0,16,91,59,0,0,0,0,32,37,0,0,19,115,25,0,31,22,0,42,0,0,25,22,0
72361,163,0,0,15,25,40,31,54,73,22,0,0,0,31,12,0,0,0,0,39,23,0,45,0,0,15,13,0
3073271,163,0,0,0,0,13,0,0,0,0,0,0,0,0,0,0,26,0,0,0,0,0,18,0,0,0,0,0
308354,163,15,32,0,14,49,44,26,32,23,14,12,50,10,0,21,262,11,0,137,39,21,67,11,31,44,48,23
1276936,163,13,14,0,0,0,0,0,0,0,0,0,0,0,0,0,200,0,0,367,11,0,26,0,0,40,56,29
33970,163,91,85,27,27,10,10,11,23,0,14,29,25,0,0,13,218,26,0,28,13,11,41,0,0,22,18,14
1702238,163,0,0,0,0,0,0,0,0,0,0,0,0,0,0,0,0,0,0,0,0,0,0,0,0,0,18,0
29360,163,0,0,0,12,29,0,0,0,0,0,0,0,0,0,0,0,0,0,57,0,0,56,0,0,0,0,0
357999,163,20,20,0,0,27,18,0,0,0,0,0,0,0,0,22,17,0,0,61,10,0,28,0,0,25,21,28
2975640,163,0,0,0,0,0,0,0,0,0,0,0,0,0,0,0,0,0,0,0,0,0,0,0,0,0,0,0
46632,163,0,0,0,12,0,0,12,14,0,0,0,0,0,0,0,0,0,0,0,0,0,0,0,0,0,0,0
471,162,29,40,14,22,20,29,0,0,0,0,12,0,0,0,0,60,0,0,64,0,0,102,0,0,20,0,14
2931382,162,16,16,0,0,14,56,0,0,0,0,0,0,0,0,0,0,0,0,0,0,0,0,0,0,0,0,0
85698,162,39,76,40,44,282,514,0,45,71,0,48,36,0,0,92,310,36,32,25,0,0,18,0,0,0,0,0
878220,162,11,18,26,33,22,34,0,0,0,0,0,0,0,0,0,71,0,0,54,0,0,56,0,0,14,30,20
873191,162,35,392,0,0,25,0,49,61,0,0,23,0,0,0,0,0,0,0,38,0,0,48,0,0,0,0,0
37372,162,18,18,16,22,45,21,34,25,0,0,0,0,16,0,0,118,0,0,17,0,11,39,0,0,10,0,0
2880008,162,0,0,0,0,0,0,0,0,0,0,0,0,0,0,0,0,0,0,19,0,0,29,0,0,0,16,10
155322,162,0,0,37,43,0,52,16,19,31,0,0,21,0,0,34,431,0,0,141,16,67,191,0,46,51,55,30
3073092,162,0,10,0,0,11,24,10,16,12,0,0,0,0,0,14,0,0,0,32,0,0,33,0,13,15,0,0
1473112,162,85,113,13,19,17,17,0,0,0,55,32,13,0,0,0,89,18,0,0,10,0,20,0,0,0,0,0
1293,162,11,37,13,23,40,40,0,0,0,0,0,0,0,0,10,11,0,10,44,12,0,94,0,0,21,20,0
985002,162,0,0,15,14,31,20,0,0,0,0,0,0,0,0,0,10,0,0,66,0,0,63,0,0,36,31,22
1844999,162,10,12,0,0,15,13,0,0,0,0,0,18,0,0,0,45,0,177,64,10,0,13,0,0,86,83,33
1349,162,0,0,0,0,0,0,0,0,0,0,0,0,0,0,0,0,0,0,26,0,15,55,0,0,20,13,0
29370,162,0,0,0,11,29,22,0,0,0,0,0,13,0,0,0,36,10,0,58,12,0,42,0,0,29,14,18
40543,162,41,49,11,18,0,0,0,0,0,12,18,64,0,0,0,0,19,0,33,39,0,32,0,0,12,0,0
546367,161,31,56,27,34,29,30,24,20,15,0,0,0,0,0,0,0,0,0,0,0,0,29,0,0,0,0,0
74109,161,0,25,0,14,40,42,13,15,0,0,0,13,0,0,12,0,0,0,34,0,16,33,0,0,0,15,0
3019969,161,0,0,10,20,36,37,24,28,15,0,0,0,16,27,13,12,0,0,72,0,0,37,0,0,13,15,0
3379707,161,0,13,0,15,25,38,0,0,0,0,0,0,0,0,13,110,0,0,39,0,28,66,19,31,0,25,17
279356,161,49,217,20,31,74,62,20,41,15,0,15,19,32,37,0,233,10,0,60,0,0,63,11,0,34,35,32
2058175,161,11,30,0,12,56,73,19,21,17,0,0,0,14,19,14,112,0,169,34,12,0,38,0,0,22,16,0
2744027,161,31,45,11,34,26,53,11,14,0,18,13,44,0,16,0,94,13,0,42,28,10,67,0,17,47,30,20
1756150,161,0,26,0,14,0,14,20,28,0,0,11,44,16,0,0,19,0,0,54,31,0,40,0,0,28,22,17
2136147,161,15,21,0,0,0,0,71,74,17,0,0,0,27,0,23,52,0,0,20,0,0,20,0,0,15,28,15
2961520,161,0,1386,14,11,48,27,0,0,0,0,0,0,0,0,13,79,0,0,208,0,0,75,0,19,40,113,28
51665,161,34,72,17,18,26,26,0,23,0,0,0,0,0,0,0,18,20,0,86,0,0,66,0,28,35,31,0
3236840,161,11,13,0,0,0,0,0,0,0,0,0,0,0,0,11,46,0,0,101,0,0,41,0,16,51,56,45
33035,161,24,37,28,53,38,34,70,72,14,0,14,33,46,0,22,151,14,0,193,22,0,124,0,14,53,58,87
1763363,161,0,25,0,10,64,80,16,20,0,0,0,23,0,0,0,93,0,25,77,0,0,35,0,0,0,0,0
3028294,161,0,0,0,0,0,0,0,0,0,0,0,19,0,0,0,46,0,0,0,0,0,12,0,0,0,0,0
183417,160,15,35,0,0,19,0,22,28,0,0,0,20,0,0,0,151,10,0,28,0,21,54,0,17,0,0,0
1074311,160,0,27,32,32,20,42,0,23,144,0,0,0,0,0,0,89,0,0,123,0,59,21,18,26,46,20,17
33051,160,0,0,0,0,28,58,0,22,0,0,0,0,0,0,0,0,0,0,0,0,0,13,0,0,0,0,0
2016196,160,21,41,0,0,29,86,0,0,0,0,18,0,0,0,0,0,0,0,32,0,0,18,0,0,0,14,0
2986829,160,55,70,30,35,26,35,26,25,0,19,21,17,15,0,12,114,0,27,99,0,18,46,0,0,32,36,20
2518177,160,0,19,19,17,19,34,0,0,0,0,0,0,0,0,0,0,0,0,57,12,0,65,0,0,21,33,21
2759528,160,32,47,20,26,30,38,31,40,17,0,0,18,27,0,0,45,0,26,51,13,0,79,0,0,27,23,0
2754694,160,20,42,0,17,14,0,0,0,0,0,13,34,0,0,0,70,20,0,49,27,0,22,0,0,35,15,36
398049,160,12,18,0,0,18,21,10,0,0,0,0,22,0,0,0,16,0,0,25,14,0,30,0,0,10,26,13
1032072,160,0,438,26,48,46,35,18,33,0,0,0,29,0,0,0,18,0,32,20,16,23,100,0,0,12,0,10
2527963,160,26,23,18,0,56,388,0,0,0,0,28,12,0,0,0,16,0,108,59,0,0,25,0,0,15,0,0
1452,160,46,67,48,61,72,43,23,24,0,12,22,65,12,0,27,170,14,0,131,55,0,132,13,0,51,66,30
1193713,160,0,47,21,32,45,41,14,30,0,0,0,10,0,0,12,81,25,10,106,14,17,109,0,21,26,25,25
1115758,160,0,20,30,54,19,14,39,30,0,0,0,0,15,0,0,28,0,0,49,10,0,333,0,0,13,0,15
207809,160,0,10,0,0,0,0,0,0,0,0,0,33,0,0,13,27,0,0,14,0,0,30,0,0,0,0,0
2689569,159,52,78,0,22,15,20,0,0,0,28,19,47,0,0,19,34,15,0,78,34,20,51,0,11,42,27,20
3439547,159,0,19,12,14,31,25,0,11,0,0,0,12,0,0,0,0,0,0,54,0,0,17,0,12,0,10,0
449,159,0,0,15,36,27,22,0,0,0,0,0,0,0,0,12,144,0,0,38,0,0,43,0,0,21,0,0
3139728,159,0,0,0,0,81,61,0,0,0,54,0,0,0,0,337,1307,0,702,78,0,0,0,61,180,0,147,70
915,159,0,0,0,0,0,0,0,0,0,0,0,0,0,0,0,0,0,0,0,0,0,0,0,0,0,0,0
3093870,159,26,35,24,24,12,43,0,53,0,0,0,16,0,0,0,43,14,0,71,21,0,49,12,0,11,23,23
2583851,159,24,40,26,34,24,29,13,27,0,21,12,45,0,0,0,74,18,0,59,28,0,114,0,0,17,12,11
960,159,0,16,41,49,59,58,0,0,0,0,0,41,0,10,0,26,10,0,39,14,16,81,0,0,0,0,0
3242679,159,0,0,0,0,18,28,0,0,0,0,0,0,0,0,0,102,0,0,35,0,0,49,0,0,0,0,0
3237105,159,0,10,0,0,0,0,0,0,0,0,0,0,0,0,0,124,0,0,30,0,0,34,0,0,26,15,0
84023,159,0,0,0,0,0,0,0,0,0,0,0,0,0,0,0,0,0,0,785,0,0,0,0,0,307,332,0
519450,159,15,17,20,37,50,34,0,0,0,0,0,32,0,0,34,296,0,251,164,23,0,41,0,12,58,48,34
3417654,159,15,19,0,11,13,15,15,14,0,0,0,0,0,0,0,0,0,0,38,0,43,30,10,83,13,17,0
1353260,159,32,50,33,51,18,11,0,14,0,15,13,33,0,0,0,26,16,0,37,24,0,60,0,0,32,20,12
69539,158,0,20,0,23,0,37,0,0,0,0,0,0,0,0,0,0,0,0,29,0,0,38,0,0,0,0,0
2911527,158,0,0,0,0,0,0,0,0,0,0,0,0,0,0,0,0,0,0,50,0,0,0,0,0,0,17,61
1435348,158,0,21,0,0,24,42,0,11,0,0,0,0,0,0,0,0,0,0,0,20,0,53,0,0,0,0,0
1196095,158,0,18,24,31,31,28,0,0,0,0,0,16,0,0,0,21,0,0,76,0,0,33,0,0,41,39,13
2978392,158,0,0,0,0,23,64,0,0,0,0,0,0,0,0,0,0,0,0,0,0,0,0,0,0,0,0,0
3383026,158,0,0,48,39,13,27,17,34,0,0,0,0,0,0,12,172,0,0,90,0,0,57,0,0,16,24,18
3412684,158,17,12,0,0,15,58,21,34,35,0,0,0,0,0,0,0,0,0,11,0,0,0,0,0,0,0,0
119532,158,0,13,48,83,223,150,0,83,15,0,19,0,0,0,0,19,15,36,56,15,20,123,0,19,46,25,0
155894,158,18,40,26,0,148,93,0,77,26,20,29,39,0,0,0,60,31,46,49,0,0,35,0,0,25,42,30
868131,158,0,14,23,38,30,0,0,0,0,0,0,23,0,0,0,0,0,0,27,21,15,45,19,13,13,16,0
3037654,158,0,0,0,0,0,0,0,0,0,0,0,0,0,0,0,0,0,0,10,0,0,12,0,0,0,0,0
3436238,157,0,0,0,0,0,0,0,0,0,0,0,0,0,0,0,0,0,0,0,0,0,0,0,0,0,0,0
357794,157,56,118,14,13,18,10,10,18,0,14,24,27,0,0,0,0,18,0,38,14,0,32,14,0,19,18,0
3072790,157,12,22,0,0,73,53,0,0,0,0,0,0,0,0,0,12,0,0,37,0,0,0,0,0,26,0,0
3458683,157,0,11,0,25,55,44,47,79,0,0,0,0,21,14,16,244,0,24,108,10,0,33,0,0,45,38,27
1179672,157,38,41,16,17,15,30,16,28,14,0,16,17,17,0,0,72,0,0,69,15,0,136,0,0,50,23,16
2820270,157,0,0,11,20,24,35,0,18,0,0,0,0,0,0,0,37,0,0,23,0,0,36,0,0,18,11,12
329854,157,0,0,0,0,22,20,0,0,0,0,0,12,0,0,18,125,0,0,111,0,0,53,0,0,0,12,0
2880221,157,19,41,0,0,0,16,0,0,0,0,12,21,0,0,0,119,0,0,108,0,0,0,0,0,0,13,0
2508708,157,0,0,11,14,25,11,0,0,0,0,0,0,0,0,0,0,0,0,34,0,14,26,0,39,14,20,14
1618,157,0,17,0,0,17,0,0,0,0,0,0,0,0,0,0,32,0,0,53,0,0,30,0,0,19,28,0
2748,157,46,60,15,38,35,30,62,58,0,18,12,59,23,17,13,39,11,0,88,25,25,56,12,20,35,32,20
84032,157,0,0,14,12,30,48,18,16,0,0,0,0,14,0,13,51,0,160,47,0,0,45,0,0,0,18,0
217159,157,0,12,31,70,72,37,25,33,31,0,0,0,10,0,0,99,0,0,80,0,26,77,0,10,34,31,22
2697030,157,0,0,0,13,0,0,27,28,0,0,0,0,0,0,11,182,0,0,49,0,20,50,0,11,29,23,10
301953,157,0,0,0,0,0,0,0,0,0,0,0,0,0,0,24,147,0,0,67,0,27,73,0,35,0,12,0
96232,156,39,42,12,10,0,0,0,0,0,0,11,17,0,0,0,13,0,0,42,33,0,47,0,0,25,0,0
3077916,156,0,0,0,0,0,0,0,0,0,0,0,0,0,0,0,0,0,0,0,0,0,0,0,0,0,0,0
3065954,156,0,0,0,0,0,48,0,0,0,0,0,0,0,0,0,0,0,0,0,0,0,0,0,0,0,0,0
3073561,156,0,0,0,0,0,17,0,0,0,0,0,0,0,0,0,0,0,0,0,0,11,25,0,0,0,0,0
1936080,156,14,34,11,12,22,125,25,68,15,0,0,19,16,18,21,75,0,0,105,0,0,32,0,21,23,33,18
3063533,156,33,72,0,11,19,72,0,12,0,11,14,26,0,0,0,56,0,0,54,10,0,30,0,10,19,12,0
2184521,156,0,19,15,18,26,58,0,16,10,17,0,42,0,0,0,46,12,0,47,27,0,39,0,0,25,17,0
2853439,156,42,71,16,30,38,28,22,36,0,0,23,82,0,0,0,96,67,0,32,24,0,38,0,0,31,41,0
79329,156,20,37,36,71,32,59,29,36,0,25,0,30,13,0,10,21,0,230,136,22,0,45,0,0,55,29,35
2493639,156,38,53,0,30,53,38,0,0,0,15,0,10,0,0,0,2353,0,0,56,17,0,99,0,0,30,61,26
3047873,156,10,38,15,20,36,27,0,0,0,0,0,0,0,0,0,35,0,15,57,0,0,59,0,0,21,0,0
2704462,156,0,10,19,24,0,29,0,0,0,0,0,14,0,0,0,97,0,0,50,11,0,46,0,0,20,17,23
2597358,156,0,14,0,0,32,35,0,29,0,0,0,0,0,0,0,29,0,0,40,0,0,26,0,0,42,0,0
1650,156,0,0,0,0,34,0,17,0,0,0,0,0,0,0,0,76,0,0,111,32,0,61,0,0,34,33,0
2983842,156,0,0,33,48,34,0,0,0,0,0,0,0,0,0,0,0,0,0,0,0,0,0,0,0,0,0,0
216427,156,19,32,0,0,0,0,0,0,0,10,12,36,0,0,0,0,0,0,12,19,0,26,0,0,0,0,0
171284,156,24,37,14,34,27,22,0,11,0,11,0,37,0,0,24,63,0,0,83,17,10,42,0,10,37,50,28
2226,156,0,0,12,19,28,11,0,0,0,0,0,10,0,0,0,123,0,0,58,0,15,28,0,0,17,0,0
1301915,156,14,18,10,18,11,10,0,0,0,0,0,0,0,0,0,16,0,0,82,22,10,21,0,0,23,32,17
1316941,156,29,39,0,0,0,0,0,0,0,0,13,0,0,0,0,12,14,0,18,13,0,42,0,0,0,0,0
2841925,155,98,108,0,0,0,0,0,0,0,39,36,45,0,0,0,0,36,0,0,25,0,0,0,0,0,0,0
1670800,155,0,41,0,0,70,147,0,0,0,0,0,0,0,0,0,12,0,15,0,0,0,10,0,0,0,0,0
2837624,155,0,0,0,0,37,79,0,0,0,0,0,0,0,0,0,0,0,0,0,0,0,0,0,0,0,0,0
2901142,155,0,0,0,0,0,37,0,0,0,0,0,0,0,0,0,0,0,0,0,0,0,0,0,0,0,0,0
3003261,155,28,48,14,13,0,21,0,17,0,0,0,44,0,0,0,50,0,0,51,14,0,42,0,13,17,14,25
3051176,155,40,67,0,0,16,27,0,0,0,0,15,31,0,0,20,30,0,0,86,21,0,50,15,15,0,0,0
104663,155,23,33,0,0,22,32,0,0,0,15,14,33,0,0,0,21,10,0,21,26,14,30,0,11,11,0,0
291048,155,0,29,30,33,36,35,0,0,0,0,0,0,0,0,0,25,0,0,85,0,0,56,0,0,25,21,13
142,155,0,42,0,0,0,0,0,0,0,0,0,0,0,0,0,0,0,0,121,0,0,0,0,0,31,0,0
1714840,155,14,24,16,29,67,43,0,14,0,0,0,0,0,0,0,162,0,0,99,48,0,26,0,0,34,28,27
1955013,155,33,43,0,0,0,0,0,0,0,12,0,19,0,0,0,0,0,0,14,20,22,39,0,0,11,0,0
3413030,155,0,13,25,25,25,23,0,0,0,0,0,0,0,0,0,0,0,0,30,0,0,32,0,0,22,0,10
332101,155,36,46,17,27,38,21,29,32,0,16,0,34,15,19,0,22,0,0,68,23,0,73,0,0,38,24,47
2855394,155,25,106,18,46,56,55,17,28,14,10,11,23,0,0,0,34,0,44,49,16,11,67,0,0,13,10,23
2903789,155,0,0,0,0,0,87,25,0,0,0,0,0,0,0,0,0,0,0,0,0,0,0,0,0,0,0,0
2973976,155,0,52,0,0,0,22,0,0,0,0,0,0,0,0,0,0,0,21,0,0,0,0,0,0,0,0,0
118163,155,38,52,37,40,120,194,0,74,0,15,41,76,0,0,0,37,40,68,54,29,0,39,0,0,19,24,0
157688,155,15,28,0,0,0,17,14,0,0,0,0,11,0,0,0,112,0,0,28,13,0,39,0,0,0,0,0
3059904,155,18,22,24,33,14,20,25,32,0,0,0,0,0,0,0,0,0,0,36,0,0,165,0,0,19,19,0
2219225,154,0,69,0,0,0,161,0,0,0,0,0,0,0,0,0,0,0,0,0,39,0,0,0,0,0,0,0
1267021,154,29,34,0,12,11,13,0,11,0,0,15,41,0,0,0,0,10,0,39,21,0,37,0,0,15,0,0
2793010,154,0,91,18,0,103,2143,0,106,36,0,0,0,0,0,37,0,0,105,0,0,0,12,0,16,0,0,0
520,154,0,0,0,0,0,777,0,0,0,0,0,0,0,0,0,0,0,0,0,0,0,0,0,0,0,0,0
423351,154,25,35,0,10,32,39,0,15,0,0,0,0,0,0,17,37,0,0,26,0,0,78,0,13,18,15,10
664662,154,0,25,0,0,0,0,0,0,0,0,0,0,0,0,0,0,0,0,0,0,0,0,0,0,0,0,0
1471,154,0,0,15,30,27,30,19,21,0,0,0,11,0,0,0,39,0,0,51,0,0,105,0,0,46,26,29
1903686,154,0,0,0,0,0,0,0,24,0,0,0,0,0,0,0,0,15,0,79,0,0,0,0,0,0,0,0
3070814,154,0,0,0,18,14,0,0,0,0,0,0,0,0,0,11,0,0,0,17,0,0,30,0,0,0,0,0
102148,154,0,0,0,16,0,0,0,0,0,0,0,0,0,0,0,125,0,16,37,0,0,36,0,0,12,0,0
208602,154,31,20,0,0,27,83,0,0,0,0,0,14,0,0,0,0,0,0,0,0,0,0,0,0,0,0,0
132608,154,12,25,60,45,250,132,32,134,437,0,12,17,19,0,11,43,14,27,77,20,15,71,0,18,19,16,20
223818,154,0,0,11,21,16,41,0,0,0,0,0,0,0,0,0,17,0,14,22,0,0,62,0,0,0,0,0
5741,154,30,18,0,17,18,16,0,11,0,0,10,10,0,0,0,37,0,0,68,0,0,55,11,0,31,26,15
2822137,154,0,0,0,15,20,0,0,0,0,0,0,0,0,0,0,0,0,0,0,0,0,32,0,0,0,0,0
83816,154,20,46,0,0,32,16,26,23,0,0,12,11,0,0,0,33,10,0,30,0,0,63,0,0,0,10,10
116092,153,33,44,0,16,35,38,0,0,0,0,0,16,0,0,0,0,0,0,23,0,0,28,0,0,14,18,11
3391822,153,11,24,0,0,0,17,0,12,0,0,0,26,0,0,0,0,0,0,28,15,0,17,0,0,0,0,0
413403,153,0,22,0,0,0,18,0,0,0,0,0,0,0,0,0,15,0,0,16,0,0,16,0,0,0,0,0
1328770,153,0,48,18,15,14,18,0,0,0,0,0,14,0,0,0,12,0,21,10,0,0,38,0,0,0,0,0
2842355,153,0,0,0,0,0,26,0,0,0,0,0,0,0,0,0,0,0,0,17,0,0,0,0,0,0,0,0
2267275,153,74,94,0,0,0,0,14,15,0,12,44,80,0,0,0,58,0,0,109,53,36,24,0,19,67,29,61
80866,153,0,0,33,30,88,261,0,0,0,30,0,50,0,0,0,49,35,52,64,35,0,44,0,0,26,0,0
267212,153,0,0,0,0,0,0,0,0,0,0,0,0,0,0,0,0,0,0,0,0,0,0,0,0,0,0,0
2746225,153,0,14,30,37,29,23,0,12,0,0,0,15,0,0,22,117,0,43,60,15,0,96,17,0,24,23,21
1182444,153,0,23,0,0,0,33,0,0,0,0,0,0,0,0,0,27,0,0,73,0,0,37,0,0,18,10,0
1882749,153,0,0,0,0,11,87,0,0,0,0,0,0,0,0,0,24,0,0,12,0,0,0,0,0,0,0,0
495820,153,0,0,23,33,17,10,0,0,0,0,0,25,0,0,0,12,0,0,66,0,0,69,0,0,17,25,19
309805,153,51,61,0,0,67,44,0,0,0,0,20,0,0,0,0,0,10,0,17,0,0,10,0,0,12,0,10
2932258,153,113,149,0,18,103,154,0,0,0,32,38,79,0,0,0,59,19,1040,69,59,0,46,0,16,31,11,38
2980026,153,0,13,19,33,12,16,0,0,0,0,0,19,0,0,0,0,11,0,69,11,0,22,0,0,30,20,15
2921399,153,0,0,0,0,0,12,0,0,0,0,0,0,0,0,0,56,0,0,17,0,0,0,0,0,10,18,0
70255,153,19,25,0,0,21,19,0,0,0,0,0,15,0,0,0,22,12,0,54,14,11,60,0,0,29,16,20
35755,153,0,0,0,0,0,15,0,0,0,0,0,0,0,0,0,0,0,0,22,0,0,0,0,0,13,0,18
1441386,153,23,34,0,0,0,0,0,0,0,0,0,0,0,0,0,0,0,0,30,0,0,23,0,0,0,0,0
2215,153,0,0,0,0,0,0,0,0,0,0,0,0,0,0,0,0,0,0,36,0,0,36,0,21,47,0,0
61645,152,0,0,0,0,94,208,35,90,0,0,0,0,20,0,27,105,0,0,89,0,0,101,0,0,0,0,0
280145,152,0,0,0,0,0,0,0,14,0,0,0,0,0,0,17,0,0,0,74,0,27,0,0,0,14,12,13
70348,152,19,21,0,0,15,0,21,16,0,0,13,0,0,0,0,34,0,0,33,0,0,21,0,0,0,0,0
2267699,152,79,97,0,0,185,192,0,0,0,0,53,29,0,0,0,25,22,39,0,17,0,11,0,0,0,0,0
981384,152,10,87,30,24,102,1867,0,116,44,0,17,15,0,0,17,65,0,66,25,0,16,39,0,19,0,0,0
2738142,152,0,0,0,0,56,105,0,0,0,0,0,0,0,0,0,0,0,0,51,0,0,11,0,0,0,0,0
1655500,152,78,161,0,0,61,68,0,15,0,24,31,27,0,0,0,71,40,766,21,26,0,23,0,0,0,16,0
2518645,152,29,57,0,0,25,0,0,0,0,16,16,13,0,0,0,0,0,0,30,0,0,51,0,12,11,26,11
2831673,152,0,0,29,36,23,17,0,0,0,0,0,0,0,0,0,22,0,16,35,0,0,47,0,0,17,11,16
2213194,152,13,25,19,26,29,19,0,10,0,0,12,16,0,0,0,0,0,0,19,18,0,167,0,13,0,0,0
82348,152,0,13,29,32,28,17,0,0,0,0,0,0,0,0,0,16,0,0,20,0,0,59,0,0,16,27,0
5663,152,15,16,21,50,19,26,0,11,0,0,0,0,0,0,0,161,0,0,99,0,19,108,0,0,45,44,54
3421432,151,0,60,0,0,0,0,0,0,0,0,0,0,0,0,0,0,0,0,57,0,0,0,0,0,0,0,0
2918516,151,0,0,0,0,0,38,0,0,0,0,0,0,0,0,0,21,0,0,44,0,0,0,25,0,19,17,18
2748629,151,0,0,0,16,39,75,0,0,20,40,18,25,16,0,277,1254,14,629,67,18,18,16,44,217,20,107,59
381,151,0,94,40,80,112,161,0,0,0,0,0,0,0,0,0,0,0,0,0,0,0,945,0,0,0,0,0
44577,151,0,0,0,0,0,49,13,25,0,0,0,0,0,0,0,34,0,89,89,0,26,46,0,30,15,28,13
2175091,151,0,0,19,26,48,60,0,10,0,0,0,0,0,0,0,0,0,0,21,0,20,26,0,0,0,0,0
1114873,151,0,22,0,0,18,0,0,0,0,0,0,0,0,0,0,37,0,0,36,0,27,39,0,0,72,70,25
411153,151,13,33,18,29,55,64,0,27,0,0,0,0,0,0,0,43,0,0,31,0,13,40,0,14,23,0,0
1211326,151,0,16,18,17,32,57,10,17,0,13,0,13,0,0,0,91,0,25,43,0,0,32,0,0,14,15,21
496057,151,45,58,17,30,18,14,0,11,0,10,16,41,0,0,12,108,0,0,82,35,0,73,0,0,17,16,29
1660078,151,18,32,0,0,0,0,638,324,104,11,0,36,142,112,0,0,11,0,50,20,0,36,0,0,0,0,10
2922729,151,38,67,0,0,0,0,0,0,0,0,0,0,0,0,0,0,0,0,0,0,0,0,0,0,0,0,0
513050,151,18,16,28,26,11,0,0,0,0,0,0,0,0,0,0,12,0,0,24,0,0,41,0,0,27,11,0
2576903,151,0,0,20,52,159,121,0,65,0,0,0,0,0,0,0,33,0,0,125,0,36,27,24,38,89,68,37
2115,151,0,14,0,20,12,16,13,31,18,0,0,12,0,0,0,13,0,0,21,22,0,102,0,0,17,0,0
2098,151,25,27,17,23,98,72,0,18,0,0,24,13,0,0,27,54,0,0,40,0,13,40,0,14,19,16,0
2119,151,16,22,0,0,0,0,0,0,0,0,0,14,0,0,0,0,0,0,27,16,0,0,0,0,12,0,11
225848,150,0,21,11,29,36,27,0,0,0,0,12,15,0,0,0,20,0,0,52,0,0,24,0,0,0,0,0
212663,150,0,0,0,0,15,0,0,0,0,0,0,0,0,0,0,0,0,0,27,0,0,0,0,0,0,0,0
2872157,150,31,55,22,17,51,50,17,17,0,0,0,18,0,0,0,14,22,0,52,26,10,28,0,11,0,0,0
2202721,150,0,33,27,35,31,85,0,0,0,0,0,0,0,0,0,91,0,0,40,0,0,51,0,0,19,15,0
2268026,150,20,52,36,70,63,63,0,22,0,0,12,17,0,0,15,100,11,0,56,0,0,94,0,0,29,18,45
2557994,150,0,22,0,0,24,23,12,30,0,0,0,45,0,0,0,17,0,0,24,45,0,48,0,0,23,0,0
2305508,150,40,33,19,26,25,29,0,26,0,0,15,45,0,0,0,77,0,0,48,54,0,46,0,12,19,36,20
2350,150,0,23,29,57,33,74,0,16,0,0,0,0,0,0,17,71,0,0,69,0,0,148,0,0,22,22,10
139,150,0,0,0,0,109,64,0,0,0,0,0,0,0,0,0,0,0,0,89,0,0,65,0,0,25,52,0
264697,150,27,28,11,24,38,30,10,15,0,0,10,15,0,0,0,29,0,0,34,18,0,52,0,0,0,0,0
2954703,150,0,0,0,0,0,0,0,0,0,0,0,0,0,0,0,0,0,0,0,0,0,0,0,0,0,0,0
1763538,150,14,23,0,17,14,17,0,0,0,0,0,0,0,0,0,46,0,0,59,0,0,15,0,0,11,22,17
33028,150,27,30,13,29,0,15,48,33,21,0,18,14,29,19,37,164,0,0,120,13,36,56,0,23,27,41,14
2576307,150,31,49,0,13,29,14,0,10,0,0,12,41,0,0,0,138,0,0,72,16,0,50,0,0,19,12,14
1677857,150,72,104,10,28,74,54,0,0,0,24,29,35,0,0,0,0,28,29,29,22,30,46,14,21,0,25,0
264686,150,19,20,40,72,231,54,28,73,17,0,0,10,23,0,13,93,0,0,38,0,0,77,0,0,11,30,0
93466,150,28,55,0,0,0,0,0,0,0,0,0,32,0,0,0,0,0,0,27,11,0,59,0,0,0,0,0
2093779,150,119,130,54,39,0,0,0,25,0,0,43,34,0,0,0,29,0,0,214,27,20,78,0,0,0,25,14
55197,149,0,10,0,17,21,38,13,21,0,0,0,14,15,0,0,34,0,68,86,0,0,103,0,0,20,27,12
313603,149,27,41,0,19,29,84,0,14,0,0,0,27,0,0,0,28,0,0,46,27,0,42,0,10,0,12,0
28133,149,14,20,0,0,12,88,84,91,0,0,0,0,37,14,16,112,23,18,37,0,0,23,0,15,14,0,11
2029983,149,27,31,0,11,10,23,14,14,0,0,14,35,0,0,0,24,0,0,25,31,12,33,0,28,0,13,14
1278212,149,0,287,14,30,0,12,29,44,0,0,0,0,33,0,0,66,0,15,58,0,17,46,0,0,17,17,19
3043332,149,39,51,0,25,15,0,15,16,0,12,13,33,0,0,14,0,24,0,0,15,0,39,0,0,0,0,0
414771,149,17,28,0,0,11,23,0,14,0,0,0,18,0,0,16,118,12,0,48,0,0,31,0,0,13,0,12
2930131,149,39,54,0,19,0,19,21,49,0,24,16,34,17,0,0,19,33,0,20,12,0,128,0,0,15,0,0
54062,149,19,19,0,0,0,0,0,0,0,0,0,18,0,0,0,22,0,0,14,15,0,34,0,0,21,30,0
2507159,149,32,52,0,0,24,0,0,0,0,14,11,16,0,0,0,0,10,0,44,31,0,62,0,14,15,13,10
913107,149,27,36,0,0,20,24,0,0,0,0,10,0,0,0,0,28,10,11,125,18,0,0,0,0,27,18,14
138072,148,27,24,0,0,0,0,0,0,0,0,0,0,0,0,0,0,0,0,42,15,0,95,0,20,0,20,39
180282,148,53,80,0,51,147,567,0,0,0,0,0,0,0,0,0,314,0,296,72,0,0,55,0,0,45,52,0
2675298,148,0,0,16,0,0,14,0,0,0,0,0,0,0,0,0,59,0,0,12,0,0,18,0,0,37,0,0
1178778,148,52,145,29,42,84,253,19,62,0,0,28,0,0,0,0,39,0,0,44,16,0,64,26,28,15,18,0
2592345,148,0,0,0,0,0,0,0,0,0,0,0,0,0,0,0,0,0,0,72,0,0,27,0,0,0,0,0
1813871,148,56,67,42,50,68,47,0,11,0,14,29,46,0,0,0,79,24,0,67,48,0,63,0,0,39,34,13
1505597,147,0,12,0,0,18,19,0,0,0,0,0,0,0,0,0,0,0,0,0,0,0,11,0,0,11,0,14
554,147,0,0,49,58,33,61,0,0,0,0,0,34,0,0,0,0,0,0,95,0,0,306,0,18,59,0,41
3065648,147,0,15,0,0,0,19,16,15,0,0,0,0,0,0,35,87,0,0,61,0,0,53,0,0,28,17,24
1008307,147,39,67,18,14,22,73,0,15,10,0,21,0,0,0,0,30,20,13,0,25,16,38,0,0,0,0,0
1404429,147,0,0,0,0,74,171,0,0,0,43,0,0,0,0,272,1101,0,759,72,0,45,0,42,230,0,101,59
2893884,147,13,15,0,11,29,40,51,62,32,0,0,0,31,0,19,208,0,0,77,0,18,45,28,47,36,24,30
3230970,147,37,77,0,0,19,47,11,36,0,14,16,38,0,14,0,0,21,0,29,29,0,35,0,0,13,18,34
1032242,147,0,0,0,0,0,0,0,0,0,0,0,0,0,0,0,160,0,0,0,0,0,0,0,0,0,0,0
3163026,147,10,19,0,0,0,0,0,0,0,10,0,0,0,0,11,0,0,0,35,0,0,37,0,0,18,16,16
2875764,147,0,12,16,41,34,17,0,0,0,0,0,0,0,0,0,15,0,0,58,0,12,57,12,0,21,16,14
3242688,147,42,59,0,0,0,0,0,0,0,0,10,22,0,0,0,0,10,0,14,20,0,0,0,0,0,21,28
361101,147,24,68,22,44,52,45,24,33,27,18,20,36,0,0,0,0,0,0,41,20,0,61,0,0,0,16,0
185008,147,0,0,0,0,0,0,0,0,0,16,0,0,0,0,0,67,0,0,59,0,0,31,0,0,29,15,14
263511,147,55,52,89,76,213,1314,33,116,25,14,56,13,16,0,32,152,32,1856,97,29,0,78,10,12,47,37,16
485447,146,29,32,0,0,46,50,0,15,0,10,0,0,0,0,0,0,0,0,16,0,0,26,0,10,0,0,0
3241170,146,0,10,0,0,0,12,0,0,0,0,0,0,0,0,0,74,0,0,53,0,0,30,0,0,14,13,10
212667,146,0,67,25,54,93,71,0,18,26,0,33,0,0,0,53,539,0,0,57,0,0,59,0,0,24,18,15
128780,146,0,0,43,52,138,204,0,0,0,0,0,0,0,0,0,33,0,0,75,0,0,0,0,0,0,0,0
1236179,146,0,0,0,0,27,0,24,19,0,0,0,0,0,0,0,0,0,0,0,0,0,24,0,0,13,0,0
221066,146,10,59,0,12,24,56,0,85,0,0,0,0,0,12,19,134,0,0,33,0,10,50,16,0,30,12,13
2714932,146,0,0,0,0,0,42,0,0,0,0,0,0,0,0,0,0,0,0,42,0,0,0,0,0,0,0,0
430522,146,27,64,26,34,35,34,14,27,0,30,14,23,10,0,19,23,17,0,71,13,0,43,0,11,21,33,16
2679963,146,63,82,0,21,17,19,0,0,0,0,38,66,0,0,12,69,18,0,83,35,0,60,0,0,31,32,0
182710,146,23,35,14,28,43,42,0,0,0,14,0,34,0,12,14,94,0,0,72,28,11,43,0,23,0,0,0
1599,146,0,0,26,46,81,57,0,0,0,0,0,0,0,0,0,37,0,0,42,0,0,70,0,0,17,0,0
2218628,145,0,17,29,53,19,41,0,17,0,0,0,18,0,0,0,80,0,0,58,15,18,60,0,0,37,22,24
351745,145,0,0,0,0,0,0,0,0,0,0,0,0,0,0,0,0,0,0,0,0,0,0,0,0,0,0,0
106590,145,40,45,27,42,75,231,0,0,39,0,21,26,0,0,24,17,22,43,98,85,0,69,0,0,0,0,0
2862509,145,39,44,21,43,34,57,22,32,14,0,20,11,0,0,0,24,0,0,107,11,0,63,0,0,15,30,19
226505,145,0,13,10,33,35,63,0,23,0,0,0,0,0,0,0,17,0,0,39,10,0,46,0,0,20,17,21
2694929,145,0,18,0,0,28,43,0,0,0,0,0,0,0,0,0,41,0,12,10,0,0,10,0,0,0,0,0
1611422,145,17,22,0,0,0,14,0,0,0,0,0,21,0,0,0,26,0,0,18,13,0,17,0,12,14,16,0
35841,145,0,0,0,0,0,0,0,0,0,0,0,0,0,0,0,0,0,0,111,0,0,0,0,0,0,0,0
76853,145,0,0,0,0,0,0,0,0,0,0,0,0,0,0,0,0,0,0,0,0,0,33,0,0,0,0,0
118060,145,0,0,39,64,38,25,10,26,15,0,0,0,0,0,0,74,0,0,11,0,16,34,0,0,0,0,0
114885,145,0,18,17,19,32,19,0,0,0,0,0,0,0,0,0,0,0,0,0,0,0,44,0,0,19,10,0
166935,144,0,0,0,0,0,0,0,0,0,0,0,0,0,0,0,48,0,0,17,0,0,0,0,0,0,0,0
86304,144,26,49,15,48,29,40,17,29,0,0,12,17,12,0,0,80,0,0,30,15,29,38,0,14,17,19,10
288004,144,17,21,0,10,14,27,0,0,0,0,0,0,0,0,0,34,0,0,60,0,0,15,0,0,0,0,0
1197460,144,0,0,0,0,27,86,0,0,27,37,0,0,18,29,333,1317,0,722,83,27,28,51,62,248,0,125,71
3410791,144,31,57,0,0,17,433,0,0,0,0,14,26,0,0,0,59,0,0,49,17,0,25,0,0,47,21,24
2594269,144,0,0,38,64,33,37,0,0,0,0,0,0,0,0,0,42,0,0,17,0,20,298,0,0,0,18,0
2932251,144,0,19,0,0,22,32,0,0,0,0,0,0,0,0,0,154,0,0,0,0,0,13,0,0,0,0,0
1288121,144,0,0,0,0,0,23,0,0,0,0,0,0,0,0,0,0,0,0,44,0,0,52,0,0,0,0,0
2109558,144,15,17,24,20,10,26,34,51,13,0,0,0,15,0,16,71,0,0,54,0,18,117,0,0,17,12,0
29394,144,0,0,0,27,39,26,54,48,0,0,0,0,17,15,0,128,0,11,73,0,0,57,0,0,37,44,18
3039116,144,17,23,24,31,70,55,0,0,0,11,0,0,0,0,0,69,0,11,45,0,10,27,0,0,0,0,0
2325,144,69,102,0,12,0,0,43,71,0,0,33,26,22,0,0,0,0,0,21,0,0,97,0,0,13,27,16
1397703,144,12,24,37,35,160,120,15,80,0,0,11,42,0,0,57,641,18,33,5816,29,25,79,12,22,176,95,106
247523,143,0,33,29,38,21,42,47,68,19,0,0,0,41,17,24,146,0,0,105,0,0,35,0,0,17,56,45
3391823,143,0,16,47,48,24,31,0,0,0,0,0,13,0,0,16,126,0,0,64,22,0,54,0,0,17,19,12
70346,143,0,0,0,26,0,0,0,0,0,0,0,0,0,0,49,255,0,0,39,0,0,111,0,0,0,0,0
221402,143,33,36,17,15,38,26,60,51,14,16,10,42,29,0,0,0,15,0,31,0,12,56,0,0,11,12,10
731,143,66,85,11,20,40,64,0,0,0,12,15,29,0,0,0,19,14,0,60,0,0,90,0,0,0,0,0
419475,143,0,62,39,55,118,220,0,101,51,0,0,0,0,0,0,0,0,45,79,0,230,203,0,208,0,0,0
2968057,143,0,0,0,0,33,92,0,0,0,0,0,0,0,0,0,0,0,0,0,0,0,0,0,0,0,0,0
3450128,143,0,40,0,21,27,78,0,0,0,0,0,0,0,0,0,60,0,0,46,0,0,40,0,0,31,25,0
291403,143,0,27,0,15,18,35,0,15,0,0,0,0,0,0,0,21,0,15,14,0,19,39,0,0,19,12,0
2847778,143,71,61,65,111,100,77,0,0,0,25,26,32,0,0,0,0,21,13,41,14,0,1198,13,0,15,10,15
2283160,143,21,24,19,33,31,48,0,0,0,0,0,0,0,0,13,64,0,0,508,12,0,59,0,0,215,356,161
1917441,143,28,59,0,0,27,0,0,0,0,0,0,0,0,0,0,0,0,0,28,0,0,0,0,0,14,0,0
1173263,143,18,22,0,0,70,37,0,30,0,0,0,10,0,0,0,20,0,0,23,27,0,30,0,0,0,12,0
2096,143,0,0,10,14,0,0,0,0,0,0,0,16,0,0,23,100,21,0,67,19,0,15,0,0,26,11,0
2744227,143,11,16,18,35,13,0,0,0,0,0,0,0,0,0,28,423,0,0,214,0,22,41,0,13,53,80,36
230361,143,0,0,25,13,21,10,0,19,0,0,0,0,0,0,0,13,0,0,57,0,0,26,0,0,24,0,13
1673428,143,12,0,0,0,15,15,0,12,0,0,0,0,0,0,0,41,0,0,82,0,0,32,0,0,51,31,15
3073563,142,53,72,10,26,0,15,0,17,0,12,14,38,0,0,12,13,11,0,37,20,0,23,0,0,0,0,0
45242,142,41,49,0,0,0,18,0,13,0,13,13,12,0,0,0,12,12,26,25,10,0,27,0,0,0,0,0
3093873,142,0,15,11,14,14,77,0,24,0,0,0,10,0,0,0,62,0,0,129,0,18,36,0,0,15,19,11
2779359,142,31,98,34,57,48,225,22,76,0,23,0,38,30,0,0,75,17,0,80,29,17,84,42,26,31,20,24
2497456,142,41,53,12,0,14,22,13,14,0,13,24,86,0,0,0,0,0,0,72,34,0,33,0,0,19,16,11
2715131,142,48,58,26,18,30,51,0,14,0,14,17,17,0,0,13,138,19,0,122,11,0,117,0,0,44,40,24
3415987,142,44,60,22,29,23,33,0,21,0,0,21,75,0,0,0,64,0,0,48,27,0,70,0,0,10,35,0
2590022,142,28,51,0,0,17,0,11,12,0,0,12,37,0,0,0,79,11,0,48,42,0,29,0,0,0,24,13
754517,142,0,0,0,39,25,20,0,0,0,0,0,0,0,0,0,0,0,0,0,0,19,22,0,0,0,0,0
3389972,142,0,0,0,0,0,0,90,80,0,0,0,0,0,0,0,0,0,0,22,0,12,44,0,0,0,0,0
1197717,142,19,41,0,16,0,18,0,0,0,0,21,45,0,0,0,0,18,0,19,31,0,0,0,0,0,15,0
1702097,142,32,55,0,0,0,0,0,0,0,15,18,51,0,0,0,70,12,0,20,43,11,42,0,15,0,0,10
419257,141,0,0,0,0,0,0,0,0,0,0,0,0,0,0,0,0,0,0,53,0,41,0,0,29,22,34,0
150120,141,0,11,10,16,23,23,0,0,0,0,0,0,0,0,0,26,0,0,84,0,0,39,0,20,70,53,46
2006115,141,13,26,0,0,35,43,0,0,0,0,14,0,0,0,17,211,0,0,57,0,0,28,0,0,18,0,0
3243381,141,0,0,0,0,0,0,0,0,0,0,0,0,0,0,0,0,0,0,0,0,0,0,0,0,0,0,0
622488,141,0,0,0,38,0,0,0,0,0,0,0,0,0,0,24,0,0,0,36,14,0,27,0,0,0,0,0
2866573,141,0,0,0,0,15,32,0,0,0,0,0,0,0,0,0,22,0,18,0,0,0,15,0,0,0,0,0
2986424,141,0,0,0,0,0,0,0,0,0,0,0,0,0,0,0,0,0,0,0,0,0,0,0,0,0,0,0
1346319,141,0,20,0,32,16,16,0,0,0,0,0,0,0,0,0,21,0,29,22,0,29,14,11,21,25,24,13
2601575,141,0,0,0,0,0,0,0,0,0,0,0,0,0,0,0,0,0,0,0,0,0,21,0,0,0,0,0
430531,141,0,0,0,0,0,0,0,0,0,0,0,0,0,0,0,0,0,0,0,0,0,0,0,0,0,0,0
1241978,141,0,0,0,0,123,148,0,0,0,0,0,106,0,0,0,69,0,0,644,33,0,416,0,0,54,64,55
2906456,141,52,81,0,16,22,40,0,0,0,15,21,80,0,0,0,90,21,0,23,45,10,43,0,0,14,12,15
2010828,141,17,36,0,0,23,31,17,27,19,0,0,13,11,11,0,57,0,0,82,0,19,34,0,23,30,23,19
661481,141,12,0,0,0,16,15,0,0,0,0,14,0,0,0,0,102,0,0,41,13,0,20,0,0,17,0,0
2293,141,25,23,13,14,0,14,0,0,0,0,0,0,0,0,0,68,0,0,41,0,0,42,0,0,22,0,12
3073816,141,15,22,24,44,11,14,0,0,0,0,0,22,0,0,0,67,0,0,21,10,0,61,0,0,12,0,11
436516,141,0,0,0,11,25,26,0,0,0,0,0,0,0,0,0,20,0,0,34,0,0,21,0,0,10,11,11
3077789,141,13,24,0,13,0,18,0,0,0,0,0,14,0,12,0,0,0,0,60,0,0,24,0,0,15,23,15
1474,141,23,53,16,23,17,20,12,26,0,0,12,0,0,0,0,23,0,0,0,11,0,27,12,0,12,0,0
152331,141,0,0,0,11,21,14,20,22,0,0,0,0,0,0,0,58,0,0,30,0,0,21,0,0,12,10,0
1313,141,157,37,54,89,50,431,38,26,0,0,0,0,20,0,30,91,0,147,612,0,22,92,0,0,35,34,24
38986,141,12,10,0,0,0,0,0,0,0,0,0,0,0,0,0,16,0,0,44,0,0,47,0,0,27,24,19
2762277,140,0,0,0,0,22,15,13,0,0,0,0,0,0,0,0,0,0,0,16,0,0,0,0,0,0,0,12
2976127,140,0,11,12,34,48,123,0,19,0,0,0,0,0,0,0,13,0,0,26,0,0,25,0,0,12,12,0
2763022,140,48,63,0,0,0,0,27,29,0,0,0,0,18,0,150,1017,0,0,47,0,0,31,0,0,0,0,0
2528018,140,21,29,29,40,51,542,0,32,26,15,17,37,0,0,12,11,0,24,0,20,0,20,0,15,0,0,0
1513297,140,10,16,15,30,19,31,23,31,0,0,0,21,0,0,12,0,11,19,33,0,28,50,0,12,22,20,15
3026425,140,0,0,0,0,0,0,0,0,0,0,0,0,0,0,0,0,0,0,0,0,0,0,0,0,0,0,0
3237103,140,0,0,15,18,16,14,0,0,14,0,0,0,0,14,0,189,0,11,111,0,0,31,0,0,32,30,35
539262,140,0,12,40,67,64,44,0,0,0,0,0,0,0,0,0,0,10,0,0,0,0,67,0,0,0,0,0
484184,140,0,19,0,0,0,0,0,0,0,0,0,0,0,0,23,174,0,0,73,0,0,0,0,0,0,33,17
582419,140,0,20,0,0,0,0,0,0,0,0,0,10,0,0,0,0,0,0,0,0,0,40,0,0,0,0,0
2426,139,19,29,0,13,11,68,0,19,14,0,0,10,0,0,0,35,0,0,36,18,12,43,11,21,0,10,11
2817969,139,0,0,0,0,0,0,0,0,0,0,0,0,0,0,0,0,0,0,0,0,0,16,0,0,0,0,0
1635327,139,0,10,0,11,0,10,0,0,0,0,0,0,0,0,0,0,0,0,18,0,27,19,0,0,0,0,0
3238686,139,0,26,0,16,46,128,0,13,0,0,0,0,0,0,0,15,0,0,0,0,0,0,0,0,0,0,0
3230990,139,0,0,15,14,0,0,0,0,0,0,0,0,0,0,0,21,0,0,28,0,0,35,0,0,0,16,23
1310418,139,0,0,16,25,25,0,0,0,0,0,0,0,0,0,0,161,0,0,137,16,0,144,0,0,49,78,26
2675331,139,0,15,0,14,23,75,0,21,0,0,0,0,0,0,0,40,0,100,33,0,0,17,0,11,0,17,58
1336796,139,0,33,0,22,38,97,0,37,0,0,0,0,0,0,0,28,0,0,43,0,21,67,0,15,24,25,28
3350167,139,0,0,0,0,11,16,11,12,0,0,0,0,0,0,14,102,0,0,51,0,0,47,0,0,28,64,17
544645,139,58,24,0,0,0,19,12,14,0,0,0,22,0,0,0,0,0,0,83,0,0,27,0,13,43,23,34
995,139,0,16,38,61,67,51,0,34,0,0,0,12,0,0,0,95,0,0,90,20,10,67,18,17,29,38,27
876,139,0,17,20,29,35,47,0,0,0,0,11,10,0,0,0,45,0,0,48,0,0,35,0,0,31,0,18
43,139,0,0,18,27,68,257,0,19,22,0,16,0,0,0,21,16,0,38,66,0,0,32,0,13,22,25,14
1499687,139,26,44,0,0,0,0,0,0,0,0,19,42,0,0,0,0,0,0,34,43,0,15,0,0,16,0,0
1281486,139,0,18,15,37,45,29,0,0,0,0,0,22,0,0,0,49,16,0,0,0,23,32,0,0,0,30,30
2903822,139,0,0,0,0,23,47,0,0,0,0,0,0,0,0,0,0,0,0,0,0,0,0,0,0,0,0,0
3238623,139,0,0,0,0,0,0,0,0,0,0,0,0,0,0,0,0,0,0,0,0,0,0,0,0,0,0,0
1046043,139,0,0,0,0,0,22,0,0,0,0,0,0,0,0,0,86,0,0,0,0,0,0,0,0,0,0,0
54736,138,0,0,0,0,0,0,0,0,0,0,0,0,0,0,0,0,0,0,19,0,0,28,0,11,0,0,0
2819096,138,12,60,16,0,14,28,0,21,0,0,16,26,0,0,0,10,0,0,45,0,11,219,0,13,22,25,14
3092665,138,23,29,0,0,17,34,0,20,0,0,0,30,0,0,28,83,0,0,29,13,0,123,0,0,14,14,0
1503925,138,29,41,29,31,24,33,0,0,0,0,0,0,0,0,10,133,0,0,86,0,0,52,0,0,24,43,15
1249480,138,0,0,0,0,0,0,0,0,0,0,0,0,0,14,0,0,0,0,23,0,21,0,0,0,0,0,0
486398,138,24,34,27,51,22,22,26,30,0,0,18,29,0,0,0,47,0,15,67,27,51,71,37,29,13,0,12
3236891,138,25,19,0,16,0,0,0,0,0,0,0,19,0,0,0,54,0,0,38,0,0,12,0,0,23,0,30
69966,138,22,31,0,0,23,20,45,46,23,0,0,30,28,0,0,148,0,0,51,20,27,77,0,0,43,59,50
33962,138,18,23,0,0,32,21,0,0,0,0,0,0,0,0,0,0,0,0,10,0,0,64,0,0,11,0,0
410072,138,22,32,0,0,0,0,0,0,0,16,0,86,0,0,0,46,0,0,77,22,0,31,0,0,21,14,12
1734049,138,0,41,0,0,23,16,0,0,0,0,0,0,0,0,11,70,0,105,60,0,18,38,0,10,16,21,15
1919,138,57,72,48,31,67,177,0,0,0,0,0,0,0,0,0,0,0,0,0,0,0,90,0,0,0,61,0
43765,138,56,53,0,0,0,76,0,0,0,0,0,0,0,0,0,0,0,0,0,0,0,35,0,0,0,0,0
2857059,138,34,57,0,0,0,88,0,0,0,0,0,0,0,0,0,0,0,42,0,0,0,0,0,0,0,0,0
2110,138,0,0,17,20,0,0,0,15,0,0,0,0,0,0,0,32,0,0,44,0,0,60,0,0,13,16,10
3241576,138,10,18,27,46,43,93,0,14,13,0,0,19,0,0,0,56,0,34,40,0,14,51,0,12,21,0,12
1259973,137,0,0,0,11,0,23,0,0,0,0,0,0,0,0,0,108,0,0,39,0,0,19,0,0,0,0,0
2136182,137,0,0,0,19,0,30,0,0,0,0,0,13,0,0,0,0,0,0,19,0,0,28,0,0,0,12,11
936476,137,0,11,10,0,13,22,0,0,0,0,0,0,0,0,0,0,0,0,17,0,12,38,0,15,0,0,0
1970738,137,10,22,31,56,41,40,0,0,0,0,0,0,0,0,0,38,0,0,56,0,38,108,27,55,25,16,32
2360,137,14,37,11,0,0,11,0,0,0,0,0,11,0,0,17,34,14,36,33,14,14,14,0,12,0,0,0
3034676,137,0,24,22,0,171,238,0,0,17,0,0,22,0,18,95,452,0,816,18,15,26,25,0,71,16,47,0
320324,137,0,14,38,67,59,74,0,14,0,0,0,25,0,22,0,24,0,0,94,0,0,53,0,15,26,11,13
3121289,137,0,17,0,0,0,0,0,0,0,0,0,0,0,0,0,20,0,0,25,10,0,36,0,0,0,0,14
3157343,137,0,10,0,16,0,16,16,16,0,0,0,26,0,0,0,35,0,0,27,0,0,59,0,0,0,0,0
174,137,25,21,28,40,31,26,28,25,23,29,0,24,0,0,0,33,50,0,69,31,0,81,0,0,27,25,16
45668,137,0,10,0,0,40,21,0,0,0,0,0,0,0,0,0,59,0,10,134,0,0,34,0,0,52,54,51
3066290,137,0,0,0,0,0,0,0,0,0,0,0,0,0,0,0,0,0,0,10,0,0,63,0,0,16,14,21
3139327,137,0,0,19,18,0,0,0,0,0,0,0,15,0,0,0,10,0,0,0,0,0,46,0,0,0,0,0
571949,137,0,19,14,24,0,0,0,0,0,0,0,13,0,0,0,36,0,0,0,0,16,26,0,0,0,0,0
1959104,137,0,0,33,12,0,0,19,18,0,0,0,0,15,0,0,12,0,0,41,0,0,31,0,0,21,18,13
2339259,136,0,0,0,0,0,0,0,0,0,0,0,0,0,0,0,147,0,0,28,0,0,33,0,0,0,0,0
3039159,136,0,43,0,0,70,135,0,0,0,0,0,0,0,0,38,170,0,121,19,0,0,21,0,52,0,24,0
172044,136,0,0,0,0,42,73,0,0,0,0,0,0,0,0,0,0,0,0,0,0,0,0,0,0,0,0,0
2249356,136,0,17,47,67,22,24,0,24,22,0,0,56,19,32,17,91,0,13,80,11,0,96,0,16,34,31,0
1336795,136,0,19,0,21,0,47,0,15,0,0,0,0,0,0,16,181,0,0,35,0,18,0,0,0,0,19,0
1756149,136,0,14,0,0,0,0,0,21,0,0,0,16,0,0,0,169,0,0,12,13,0,34,0,0,0,20,0
538966,136,10,24,17,48,25,37,39,28,15,0,0,14,0,0,0,11,10,0,48,27,0,70,0,0,18,37,11
889453,136,0,10,0,10,31,33,19,16,0,0,0,14,0,0,0,17,0,0,93,16,0,21,0,21,44,30,18
3423947,136,0,0,0,0,0,0,0,0,0,0,0,0,0,0,46,318,0,0,0,0,0,0,0,0,0,0,0
1176482,136,12,28,17,28,0,0,21,18,0,15,0,0,15,0,20,0,0,0,0,11,0,183,0,0,0,12,0
658666,136,0,0,0,0,0,0,0,0,0,0,0,0,0,0,0,0,0,0,0,0,0,0,0,0,0,0,0
2048654,136,0,18,41,50,33,21,13,0,0,0,0,0,0,0,0,31,23,0,177,0,13,66,0,0,21,20,0
2992805,136,0,114,0,0,0,0,0,0,0,0,0,83,0,0,21,190,0,0,0,104,0,0,0,0,0,0,0
2929489,136,0,0,0,0,0,0,0,0,0,0,0,0,0,0,0,0,0,0,0,0,0,14,0,0,0,0,0
2652274,136,22,38,0,31,18,16,16,11,0,0,0,12,0,0,0,72,0,0,28,0,0,31,0,20,0,0,0
1112103,136,0,0,0,0,120,62,21,82,0,15,0,0,11,0,0,0,0,0,37,0,14,27,0,0,13,22,10
171286,136,0,0,0,0,11,0,0,0,0,0,0,0,0,0,0,82,0,0,0,0,0,10,0,0,0,0,0
712362,136,0,18,0,0,15,13,0,0,0,0,0,0,0,0,88,132,17,17,69,21,14,37,0,0,43,61,38
754,135,26,59,0,19,30,26,0,0,0,0,11,18,0,0,0,0,0,10,27,0,0,18,0,0,12,0,0
28110,135,0,43,0,0,46,45,0,0,0,32,0,47,14,38,62,135,0,0,147,46,0,62,0,12,45,51,16
1697043,135,0,0,0,0,19,55,0,0,0,0,0,0,0,0,0,0,0,13,0,0,0,63,0,0,0,0,0
1931275,135,0,0,0,0,13,0,0,0,0,0,0,17,0,0,0,14,0,0,27,52,0,0,0,0,0,0,0
3034146,135,21,21,0,0,0,14,38,51,0,0,0,0,28,0,29,217,0,0,63,0,43,75,0,17,48,32,13
3423914,135,0,25,0,16,15,37,0,17,0,0,0,0,0,0,0,60,0,0,44,14,0,37,0,0,12,10,0
505249,135,0,387,27,27,27,34,0,0,0,0,0,0,0,0,40,229,0,0,55,0,0,93,0,18,41,29,22
1462527,135,60,43,20,33,34,19,15,29,13,20,22,32,0,0,0,52,20,0,74,52,11,70,0,0,34,19,27
1712516,135,16,22,0,13,17,16,0,0,0,0,0,11,0,0,0,85,0,0,22,0,0,38,0,0,0,10,0
105841,135,11,0,0,0,12,12,40,40,31,0,0,13,25,0,0,14,0,76,12,0,0,48,0,0,0,0,0
3055805,135,0,0,0,0,0,0,0,0,0,0,0,0,0,0,0,0,0,0,86,0,0,41,0,0,0,0,0
116090,135,22,70,18,24,10,0,36,34,19,0,0,30,24,0,18,81,14,56,124,19,0,39,0,14,36,31,41
1965571,135,0,11,0,12,19,10,0,0,0,0,0,20,0,0,0,41,0,14,51,27,0,521,0,0,30,26,20
2956013,135,0,0,0,0,0,0,0,0,0,0,0,0,0,0,0,0,0,0,0,0,0,0,0,0,0,0,0
573570,134,13,26,29,27,21,19,11,0,0,0,0,0,11,0,19,0,0,0,65,0,43,64,29,31,20,15,10
2953998,134,0,0,0,0,0,0,0,0,0,0,0,0,0,0,0,0,0,0,0,0,0,0,0,0,0,0,0
28097,134,37,50,0,0,0,40,0,0,0,0,22,21,0,0,0,34,17,0,43,15,0,0,0,0,0,0,0
3080055,134,20,31,0,12,37,50,13,27,0,0,0,31,0,0,0,22,11,0,13,0,0,15,13,0,0,0,0
762954,134,20,39,0,0,14,49,27,36,18,0,0,20,17,0,0,95,15,0,45,32,14,81,0,0,21,26,13
2745153,134,44,29,15,0,36,41,0,0,0,0,0,13,0,0,16,66,0,0,37,27,0,55,0,0,22,11,10
29518,134,13,0,0,0,0,0,0,0,0,0,0,0,0,0,0,95,0,0,0,19,0,0,0,0,0,0,0
1588,134,0,13,17,14,0,0,0,0,0,0,0,0,0,0,99,1024,0,0,276,0,141,64,18,176,103,104,53
519472,134,26,28,0,30,33,32,0,0,0,0,17,53,0,0,0,0,18,0,49,43,0,14,0,0,18,31,16
3029174,134,0,20,0,35,15,13,0,13,0,0,0,10,0,0,0,0,0,0,30,0,0,62,0,12,14,0,0
2485784,134,0,0,0,0,0,0,0,0,0,0,0,0,0,0,0,0,0,0,0,0,0,0,0,0,0,0,0
2764325,134,58,70,0,0,57,54,39,55,27,0,14,32,31,0,16,83,0,92,91,0,0,25,0,0,27,0,18
2144175,134,0,19,0,0,12,42,0,0,0,0,0,0,0,0,0,0,0,0,16,0,0,0,0,0,20,17,0
552467,134,0,0,0,0,0,25,0,0,0,0,0,59,0,0,0,32,0,33,77,0,0,46,0,0,25,27,0
107327,133,0,24,28,24,12,16,0,0,0,0,0,0,0,0,17,99,0,0,46,0,0,15,0,0,29,14,0
2864206,133,0,11,0,0,14,30,116,92,20,0,0,0,60,18,0,0,0,0,50,0,0,19,0,16,13,27,14
3398817,133,0,25,0,0,30,34,0,17,0,0,0,0,0,0,0,0,0,0,73,0,0,32,0,0,0,0,0
2497879,133,32,62,13,22,31,18,15,27,14,0,20,16,11,0,0,0,0,0,35,25,18,49,25,0,21,10,14
3381777,133,36,39,0,0,0,0,0,0,0,0,14,10,0,0,0,0,0,0,0,0,0,53,0,0,0,0,0
2587856,133,0,0,0,0,0,17,0,0,0,0,0,0,0,0,0,52,0,0,100,0,0,0,0,0,0,0,0
3066139,133,0,0,0,0,0,0,0,0,0,0,0,0,0,0,0,0,0,0,0,0,0,0,0,0,0,0,0
446692,133,0,36,16,27,0,0,0,0,0,0,0,15,0,0,0,0,0,0,59,0,0,0,0,0,0,0,0
1883156,133,0,33,17,30,47,145,10,82,12,0,0,17,0,0,26,116,0,0,95,0,0,58,0,0,34,20,11
1241982,133,25,28,34,45,19,25,18,20,0,0,0,0,0,0,0,93,0,0,77,0,24,83,0,0,54,35,0
2593672,133,0,114,0,16,15,17,14,12,0,10,0,40,0,0,12,124,21,0,55,0,18,22,0,0,30,17,21
1660079,133,36,54,26,55,30,24,0,15,0,13,18,32,15,0,0,32,11,17,100,34,0,77,0,0,11,10,11
481353,133,26,33,10,16,0,0,20,26,0,0,0,0,0,0,0,10,0,12,25,0,0,31,0,0,26,12,0
570278,133,10,22,0,0,0,11,0,0,0,0,0,0,0,0,0,63,0,0,11,0,0,13,0,0,0,0,0
1778678,133,0,12,0,25,23,28,11,28,0,0,0,11,14,10,0,79,0,50,34,0,0,46,0,11,0,0,0
3388429,133,70,116,0,21,18,27,0,0,0,24,22,47,0,0,0,0,21,0,34,33,0,50,0,0,0,26,0
2975800,133,0,0,0,0,0,0,0,0,0,0,0,0,0,0,0,0,0,0,0,0,0,0,0,0,0,0,0
3035280,133,0,0,0,0,0,0,0,0,0,0,0,0,0,0,0,0,0,0,0,0,0,0,0,0,0,0,0
2898795,133,0,0,0,0,0,13,0,0,0,0,0,0,0,0,0,19,0,0,0,0,0,0,0,0,0,0,0
224719,133,0,0,0,12,0,0,0,0,0,11,0,0,0,0,0,17,0,0,49,0,0,23,0,0,16,12,0
342949,133,0,0,0,0,0,0,0,0,0,0,0,0,0,0,0,36,0,0,16,0,0,37,0,0,0,0,0
2053287,132,0,0,0,19,0,0,44,34,0,0,0,25,0,0,0,0,0,0,41,0,0,38,0,0,0,20,0
1234143,132,11,14,0,19,43,50,0,0,0,0,12,17,0,0,0,0,0,33,11,14,16,49,0,0,0,15,0
3243389,132,0,0,0,0,0,0,0,0,0,0,0,35,0,0,0,0,0,0,0,61,0,0,0,0,0,0,0
525917,132,0,0,0,0,17,22,0,0,0,0,0,0,0,0,0,19,0,0,0,0,0,19,0,0,0,0,0
2961895,132,21,31,0,0,0,0,0,0,0,0,0,0,0,0,0,0,0,0,17,0,19,0,25,23,0,0,0
2949996,132,44,105,16,24,59,89,0,0,0,0,11,10,14,0,0,116,0,10,174,0,0,45,0,14,68,76,53
3031802,132,0,0,36,83,0,0,20,57,0,0,0,0,21,0,0,0,0,390,32,0,0,37,0,0,21,0,0
2528007,132,21,44,12,0,10,64,0,0,0,0,0,17,0,0,0,0,0,10,10,0,0,27,0,0,0,0,0
2352,132,19,25,0,18,24,11,0,0,0,0,0,17,0,0,11,68,0,0,141,0,0,55,0,0,51,40,47
170573,132,0,0,12,32,12,14,0,0,0,0,0,0,0,0,0,0,0,114,49,18,0,62,0,0,12,13,0
40091,132,19,26,31,52,44,31,16,19,0,12,19,42,0,0,0,133,15,10,25,41,0,83,0,11,19,0,0
118323,132,15,34,17,22,287,152,0,99,36,10,17,33,0,0,0,147,14,25,52,18,12,23,0,12,35,34,21
3432425,132,0,0,0,0,0,0,0,0,0,0,0,0,0,0,0,0,0,0,0,0,0,0,0,0,0,0,0
2983299,131,40,49,0,0,0,0,0,0,0,0,0,59,0,0,32,0,0,0,0,43,0,45,0,0,0,0,0
28173,131,0,61,16,22,20,36,0,0,0,0,0,0,0,0,0,57,0,0,62,0,0,48,0,13,39,0,12
251701,131,0,0,0,0,0,0,0,0,0,0,0,0,0,0,0,60,0,0,0,0,0,0,0,0,0,0,0
945,131,0,11,0,10,0,0,10,10,0,0,0,16,0,0,0,0,0,0,21,13,0,15,0,0,0,0,0
2320140,131,0,827,0,0,0,0,0,0,0,0,0,0,0,32,0,0,0,0,152,0,0,56,0,0,0,0,0
2564040,131,21,33,12,26,19,19,0,0,0,0,0,26,0,0,17,83,0,0,93,39,10,63,0,30,25,26,12
2921658,131,0,0,0,26,0,0,0,0,0,0,0,0,0,0,0,0,0,0,0,0,0,44,0,0,30,0,0
2921673,131,0,0,0,0,0,0,0,0,0,0,0,0,0,0,0,0,0,0,0,0,0,0,0,0,0,0,0
44251,131,15,20,0,13,24,34,0,0,0,0,0,27,0,0,0,0,0,0,61,0,0,225,0,0,19,16,19
1521,131,0,0,21,29,32,34,17,24,0,0,0,0,0,0,18,94,0,0,75,26,0,63,0,0,26,22,18
1912855,131,16,37,0,0,0,0,0,13,0,19,17,24,0,0,0,32,0,0,17,21,0,0,0,0,14,0,0
3418997,131,0,0,26,46,148,88,23,92,0,0,0,0,0,0,0,43,0,21,50,0,0,114,0,0,18,23,13
2133,131,25,26,0,48,31,25,0,0,0,0,0,0,0,0,0,59,31,0,20,37,0,30,0,0,0,0,0
849,131,23,42,0,12,0,0,15,13,11,15,18,77,0,0,15,99,12,0,0,42,0,49,0,0,0,15,0
3239303,131,0,0,0,19,0,0,0,0,0,0,0,0,0,0,0,0,0,0,30,0,0,22,0,0,0,0,0
320778,130,0,0,0,0,0,46,0,0,0,0,0,0,0,0,0,0,0,0,0,0,0,0,0,0,0,0,0
200452,130,0,0,0,0,0,20,0,0,0,0,0,0,0,0,21,95,0,0,98,0,0,0,0,0,66,46,44
33069,130,48,65,0,0,53,65,0,17,0,0,19,22,0,0,37,12,0,30,24,26,0,13,0,0,0,23,0
648,130,0,0,107,113,287,577,0,0,0,0,0,38,0,0,79,324,0,0,150,33,0,1009,0,45,0,46,0
2950108,130,0,0,0,12,29,50,0,0,0,0,0,0,0,10,0,10,0,0,0,0,28,17,11,23,0,0,0
488447,130,59,58,0,0,68,147,0,32,0,0,48,178,0,0,0,71,21,19,19,35,0,23,0,0,16,24,0
1798225,130,0,19,19,39,17,59,0,18,0,0,0,0,0,0,18,172,0,0,58,0,0,72,0,0,0,0,0
2908210,130,16,44,17,19,41,55,17,21,0,0,0,0,0,0,0,142,0,0,77,32,0,41,0,0,18,26,16
3379128,130,0,0,0,18,0,20,60,48,0,0,0,0,28,0,0,0,0,55,0,0,0,42,0,0,0,0,0
2856523,130,35,64,22,28,12,17,0,0,0,0,0,19,0,0,0,20,16,0,65,0,0,54,17,0,54,38,26
2929803,130,0,16,28,32,63,60,24,53,17,0,0,26,0,0,17,127,0,46,82,0,0,70,0,0,20,31,22
2875539,130,0,0,21,45,19,21,78,98,0,0,0,0,30,22,0,54,0,0,18,0,0,44,0,0,14,17,13
2875540,130,0,27,19,27,32,27,17,29,0,0,0,23,0,12,10,131,0,0,99,0,11,58,0,10,29,31,21
2943192,130,12,0,0,20,29,145,0,10,0,0,0,0,0,0,0,0,0,29,11,10,0,15,0,0,0,0,0
2291,130,39,48,0,13,29,31,0,12,0,0,13,28,0,0,0,33,22,0,23,10,18,17,0,16,0,0,0
2921554,130,14,10,0,16,35,31,0,0,0,0,0,0,0,0,0,55,0,0,82,28,0,72,0,0,0,10,0
2012495,130,13,10,26,23,30,15,0,0,0,0,0,16,0,0,0,23,0,0,51,13,15,47,12,15,23,22,17
1348,130,0,21,17,62,41,29,0,0,0,0,0,28,0,0,0,101,0,15,48,10,12,102,0,15,16,19,12
884684,130,0,0,0,0,0,0,0,0,0,0,0,0,0,0,0,0,0,0,0,0,0,0,0,0,0,0,0
1776384,130,0,25,19,16,26,16,17,27,0,12,0,10,12,0,0,54,22,0,12,16,0,26,0,0,0,14,13
3141540,129,0,0,0,0,0,0,0,0,0,0,0,0,0,0,0,0,0,0,0,0,0,0,0,0,0,0,0
2686358,129,11,26,29,38,37,53,0,18,0,11,0,14,0,0,0,65,0,0,58,11,12,45,0,0,22,17,18
184755,129,0,32,0,0,116,163,0,0,0,0,0,0,0,0,0,0,0,1329,40,0,0,47,0,13,0,0,0
97481,129,13,19,0,0,0,0,0,0,0,12,0,0,0,0,13,58,0,0,123,0,0,92,0,0,29,46,0
56458,129,23,55,45,81,148,208,0,0,0,20,16,16,0,0,0,63,0,12,43,42,0,111,0,0,0,16,17
3034506,129,35,53,12,10,21,17,0,0,0,17,17,16,0,0,0,11,13,0,0,17,0,24,0,0,0,0,0
3071408,129,24,33,0,0,10,37,0,0,0,0,0,0,0,0,0,0,0,0,10,0,0,0,0,0,0,0,0
3114359,129,0,0,0,19,0,37,0,0,0,0,0,0,0,0,0,13,0,0,13,0,16,0,0,0,0,0,0
421058,129,17,19,16,30,25,20,17,25,20,11,0,42,0,17,0,0,0,0,123,24,11,71,0,28,11,18,14
94254,129,0,13,0,0,16,31,0,20,15,0,0,0,0,0,0,13,0,13,41,0,0,30,0,0,0,0,0
2662364,129,33,48,0,11,23,37,20,20,0,11,12,16,10,0,0,75,0,78,16,11,0,49,0,0,34,28,0
260714,129,56,76,0,0,11,12,20,28,0,19,30,58,13,0,0,10,15,24,262,113,25,20,0,13,13,33,14
617123,129,0,15,18,22,18,22,0,0,0,0,0,0,0,0,0,0,0,22,42,0,0,36,13,0,15,0,0
3035694,129,0,29,15,37,22,15,36,36,0,0,0,11,20,0,0,15,0,0,73,0,0,73,0,0,25,14,11
99598,129,15,18,27,41,149,116,0,64,27,0,14,16,0,0,0,144,14,21,26,10,0,85,0,15,15,12,0
48254,129,12,14,26,51,0,11,0,0,0,0,0,0,0,0,15,118,0,0,127,0,0,93,0,23,31,29,14
58839,129,0,0,0,0,0,0,25,26,0,0,0,0,10,0,0,0,0,0,0,0,0,12,0,0,27,17,25
1534743,128,40,48,51,39,14,17,0,0,0,26,17,0,0,0,0,58,0,0,0,17,0,83,0,0,0,0,0
676,128,30,155,50,66,78,114,0,0,0,0,0,35,0,0,0,108,0,0,128,40,0,37,0,0,48,45,21
194196,128,0,0,0,11,18,16,0,0,0,0,0,0,0,0,0,14,0,0,0,0,0,14,0,0,0,0,0
112234,128,0,16,0,23,44,35,35,43,49,22,0,63,17,41,0,34,0,0,93,0,15,67,35,21,34,24,11
511435,128,0,0,10,30,0,0,13,0,0,0,0,0,0,0,0,0,0,0,23,0,0,12,0,0,12,0,0
2060723,128,16,27,24,34,26,37,0,0,0,0,13,32,0,0,0,26,0,0,30,27,0,130,0,0,12,13,0
1500254,128,35,47,0,0,31,24,0,0,0,0,0,0,0,0,0,43,0,0,38,0,0,118,0,0,33,15,30
1636720,128,36,52,0,0,0,0,0,21,0,18,0,22,0,0,0,0,0,0,91,0,0,131,0,0,0,0,0
1606,128,0,11,0,0,0,0,0,0,0,0,0,0,0,0,0,0,0,0,26,0,0,0,0,0,0,0,0
1302,128,16,13,0,0,27,371,12,12,0,0,13,28,0,0,0,114,0,37,49,15,13,112,0,22,34,29,13
168384,128,23,35,0,0,0,13,0,0,0,30,12,0,0,0,0,21,0,0,0,50,11,28,0,0,0,0,0
298654,128,0,14,12,10,40,143,0,14,0,0,13,0,0,0,0,13,0,24,12,0,0,0,0,0,0,0,23
718217,128,0,0,14,21,80,90,0,11,0,0,0,0,0,26,0,11,0,12,33,0,0,85,0,0,14,20,0
2109,128,41,43,0,0,10,0,0,0,0,13,0,16,0,0,0,25,0,0,39,13,0,58,0,0,0,0,10
3459125,127,30,39,14,24,44,49,0,16,11,0,14,21,0,0,0,0,10,0,12,24,0,36,0,0,0,10,13
533,127,18,28,0,16,40,59,0,0,0,0,0,18,0,0,0,0,10,11,15,0,0,16,0,0,0,0,0
2070537,127,52,52,14,17,0,0,0,0,0,0,26,35,0,0,0,109,18,0,29,24,25,19,0,18,11,11,0
1250205,127,11,29,18,22,30,44,0,11,0,0,0,0,0,0,0,157,0,22,44,0,0,52,0,0,27,10,11
3133325,127,0,0,0,0,20,107,0,0,0,0,0,0,0,0,0,0,0,0,15,0,0,35,0,0,0,0,0
1407,127,0,0,0,0,33,45,12,21,0,0,0,0,0,0,0,34,0,0,43,0,0,56,0,0,17,10,14
1579,127,0,0,0,0,0,0,0,0,0,0,0,0,0,0,0,47,0,0,49,0,0,19,0,0,11,22,10
228229,127,0,0,0,0,19,39,0,0,0,0,0,0,0,0,0,0,0,0,0,0,0,39,0,0,0,0,0
637971,127,0,0,0,0,0,0,0,0,0,0,0,0,0,0,0,31,0,0,0,0,0,14,0,0,0,0,0
319653,127,0,0,0,0,16,0,0,0,21,0,0,0,0,0,18,43,0,0,0,0,0,0,0,0,0,0,0
2899121,127,0,0,21,26,31,62,10,35,20,0,0,29,0,10,10,72,11,118,43,35,0,37,0,0,49,19,21
348043,127,0,0,0,0,13,48,0,0,0,0,0,0,0,0,0,0,0,16,0,0,0,0,0,0,0,0,0
3410987,127,0,0,0,0,0,47,0,0,0,0,0,0,0,0,0,22,0,0,0,0,0,0,0,0,0,0,0
2683967,127,23,45,0,10,19,17,0,0,0,21,24,36,0,0,0,0,12,34,13,16,0,23,0,0,0,16,15
29552,127,53,58,21,28,37,26,0,0,0,14,16,32,0,0,45,136,20,14,37,29,0,109,0,0,33,20,24
2996794,127,0,13,16,36,27,26,0,0,0,12,0,0,0,0,0,0,0,0,42,0,0,19,0,0,13,18,11
2189,127,0,0,19,16,26,21,12,11,0,0,0,0,0,0,0,0,0,0,27,0,18,19,0,0,18,11,13
208224,126,37,107,0,0,237,289,0,0,0,0,0,0,0,0,0,0,0,69,164,0,0,68,0,0,101,54,0
2778550,126,0,0,0,0,18,29,0,0,0,0,0,0,0,0,0,0,0,0,0,0,0,0,0,0,0,0,0
3440637,126,36,45,0,0,12,0,0,0,0,0,30,12,0,0,0,0,18,0,0,17,0,0,0,0,0,0,0
391586,126,37,69,0,0,0,22,0,0,0,0,16,0,0,0,0,0,0,0,0,0,0,0,0,0,0,0,0
3031330,126,0,0,0,0,0,55,17,32,0,0,0,0,0,0,0,0,0,0,0,0,0,0,0,0,0,0,0
573569,126,32,43,0,0,0,0,0,0,0,0,0,0,0,0,0,0,0,0,32,0,0,0,0,0,0,0,0
722472,126,0,28,44,42,106,245,0,0,15,0,0,0,0,0,20,162,0,184,48,0,0,37,0,22,19,19,15
2986834,126,16,40,35,39,30,33,13,28,0,0,0,0,0,0,0,23,0,0,43,0,0,37,0,0,20,0,0
248907,126,23,30,0,20,25,94,0,22,0,10,12,0,0,0,38,83,0,0,27,0,0,46,0,0,12,0,0
2259595,126,0,0,19,29,45,44,0,17,0,0,0,0,0,0,10,52,0,0,69,0,0,67,0,0,26,0,11
108,126,0,28,0,0,23,43,0,12,0,0,0,0,0,0,0,13,0,43,75,0,11,63,0,0,0,25,10
28898,126,27,57,30,25,0,0,0,11,0,15,16,85,0,0,0,0,29,0,443,53,22,30,0,0,189,146,147
135569,126,56,61,36,54,56,37,29,39,0,15,23,12,19,0,0,0,13,0,60,53,0,46,0,0,11,18,13
87162,126,17,13,0,22,0,0,0,0,0,14,0,0,0,0,0,77,0,0,14,12,0,0,0,0,0,0,0
2819290,126,0,12,20,15,28,0,0,0,0,0,0,16,0,0,0,16,0,0,43,11,0,46,0,0,28,30,15
2728023,126,0,0,0,0,56,30,0,21,0,0,0,0,0,0,0,0,0,0,15,0,0,58,0,11,0,0,0
29385,126,0,0,30,58,65,0,0,0,0,0,0,0,0,0,0,193,0,0,69,0,0,119,0,0,49,38,0
1007676,126,0,0,0,0,0,0,0,0,13,0,0,18,0,0,0,0,0,0,23,0,0,15,0,0,0,0,0
1814128,126,23,22,0,0,0,10,0,0,0,0,0,22,0,0,0,0,0,0,45,11,0,21,0,0,17,0,0
2774633,126,0,0,0,0,0,0,0,0,0,0,0,0,0,0,0,0,0,0,87,0,0,80,0,0,35,16,42
76335,126,77,161,81,130,73,78,0,90,0,0,63,91,0,39,78,914,31,0,37,43,0,137,0,0,29,0,43
171281,126,28,33,20,28,25,11,0,0,0,21,13,20,0,0,0,0,15,0,42,20,0,76,0,0,20,0,17
60961,125,15,48,12,13,47,40,16,11,12,0,10,50,0,0,0,83,34,0,64,20,40,107,10,11,27,20,0
70863,125,10,20,0,0,0,13,0,0,0,0,0,0,0,0,0,35,0,0,27,14,0,0,0,24,0,0,0
332186,125,0,35,46,0,206,341,0,0,162,0,0,0,0,34,83,620,0,30,68,0,0,160,0,0,0,0,28
202950,125,0,0,13,16,15,34,0,0,0,0,0,0,0,0,0,0,0,0,43,0,0,87,0,12,11,11,15
3242725,125,0,0,0,0,0,0,0,0,0,0,0,0,0,0,0,0,0,0,0,0,0,0,0,0,0,0,0
399,125,0,55,0,0,119,175,0,16,21,0,0,13,0,0,0,12,0,17,27,0,0,10,0,0,21,0,0
72,125,0,0,0,0,0,11,0,0,0,0,0,0,0,0,17,128,0,0,25,0,0,11,0,0,12,0,0
2852098,125,0,0,15,17,25,19,0,0,0,0,0,0,0,0,0,49,0,0,59,0,0,34,0,0,41,43,28
1014,125,0,27,0,0,0,0,0,0,0,0,0,30,0,0,0,22,0,0,44,0,59,20,0,101,15,17,14
232259,125,42,53,60,103,58,90,11,39,17,0,0,10,0,0,11,143,0,0,37,10,20,87,0,15,11,0,11
2133944,125,0,0,0,0,0,0,0,0,0,0,0,0,0,0,0,98,0,0,12,0,0,0,0,0,21,10,0
2072025,125,0,0,0,0,0,0,0,0,0,0,0,0,0,0,0,0,0,0,0,0,0,0,0,0,0,0,0
3381356,125,0,0,0,0,0,0,0,0,0,0,0,0,0,0,0,0,0,0,21,0,0,16,0,0,16,0,0
2023772,125,0,0,0,0,15,31,0,0,0,0,0,0,0,0,0,0,0,15,0,0,0,0,0,0,0,10,0
2979727,125,22,16,19,21,26,17,0,0,0,0,0,19,0,0,0,0,0,0,24,0,0,32,0,0,0,12,12
2320858,125,16,28,0,0,0,0,0,0,0,12,0,13,0,0,0,42,0,0,21,0,0,0,0,0,16,10,0
1641,125,0,0,32,43,12,13,22,26,0,0,0,16,13,0,0,0,13,0,29,0,11,27,0,0,18,0,0
418240,125,16,0,27,35,79,66,42,48,45,0,0,0,21,0,21,103,0,28,112,27,0,142,0,0,40,30,24
423477,125,0,13,0,0,19,70,0,0,11,0,0,0,0,0,21,146,0,25,31,0,0,20,0,17,13,20,0
2792977,125,20,0,0,0,0,0,0,0,45,0,0,0,0,38,0,42,0,0,70,0,0,0,0,0,55,0,0
55603,125,40,61,47,72,39,31,0,18,0,14,14,69,10,0,13,112,16,0,118,57,14,52,0,13,87,106,105
86660,125,27,35,0,0,0,0,0,0,0,11,10,18,0,0,0,45,10,0,24,10,0,12,0,0,0,0,0
860,125,0,0,0,0,0,0,0,0,0,0,0,0,0,0,0,161,0,0,46,0,0,0,25,0,53,42,30
3060302,125,16,18,0,0,17,13,16,16,16,0,0,20,0,18,0,30,0,0,11,13,77,37,0,0,0,14,0
82987,124,22,39,0,0,27,30,0,0,0,0,0,0,0,0,0,50,0,10,55,0,0,13,0,0,14,14,0
47917,124,14,29,0,17,19,50,20,18,0,0,0,18,0,0,0,57,0,0,18,0,0,175,0,0,0,11,0
1740262,124,0,13,21,36,40,47,12,16,0,0,0,0,0,0,0,17,0,0,66,0,0,70,0,0,18,12,0
2923375,124,0,0,0,0,0,0,0,0,0,0,0,0,0,0,0,0,0,0,0,0,0,22,0,0,14,0,0
28084,124,0,10,0,13,0,0,0,0,0,0,0,0,0,0,0,14,0,0,33,0,0,25,0,0,0,11,0
35789,124,0,0,0,0,0,0,0,0,0,0,0,0,0,0,0,0,0,0,0,0,0,0,0,0,0,0,0
171437,124,24,216,29,69,737,679,30,74,68,0,37,0,19,12,21,33,0,59,19,18,21,42,0,16,39,34,32
63186,124,24,107,12,19,53,129,13,24,0,0,0,47,23,22,0,74,0,0,39,12,0,43,0,0,13,0,0
2838877,124,0,19,0,14,18,24,0,18,0,43,0,0,0,0,0,57,0,0,57,17,0,61,0,0,0,0,13
77095,124,24,23,0,0,0,0,0,0,11,0,0,21,0,0,0,0,0,0,44,0,0,72,0,0,0,0,0
62088,124,0,0,0,0,19,16,0,0,0,0,0,0,0,0,0,0,0,0,37,0,0,27,0,0,36,15,24
48,124,0,0,30,36,33,257,0,17,16,0,0,0,0,0,0,12,0,122,59,0,0,41,0,0,0,86,0
2874282,124,0,0,0,0,0,0,0,0,0,0,0,0,0,0,0,0,0,0,0,0,0,0,0,0,0,0,0
201828,124,0,19,33,36,24,18,24,24,0,0,12,23,12,0,0,0,12,0,37,13,0,35,0,0,0,0,12
1940789,124,0,0,0,0,0,0,17,33,0,0,0,0,0,0,0,0,0,0,67,0,40,122,23,0,33,31,32
174587,124,16,28,0,26,0,0,15,14,0,11,0,13,10,0,0,35,0,0,37,0,0,183,0,0,25,0,0
2770780,124,104,115,21,24,30,21,0,0,0,0,37,47,0,0,0,301,0,0,128,27,58,63,29,49,72,56,21
461876,124,15,33,27,47,16,17,0,0,0,0,0,0,0,0,0,92,0,0,82,0,0,55,0,0,0,0,0
3239970,124,0,0,0,0,0,30,0,0,0,0,0,0,0,0,0,0,0,0,0,0,21,21,0,0,15,0,0
146017,124,43,52,0,0,14,28,0,0,0,0,54,29,0,0,0,0,23,14,19,47,0,0,0,0,0,0,0
241425,124,34,55,31,29,147,135,0,126,0,0,20,14,0,31,24,159,19,37,29,0,32,38,0,27,0,16,0
2143,124,24,39,11,19,14,10,0,19,0,0,17,0,0,0,0,23,0,0,33,21,0,53,0,0,10,0,0
51365,124,34,62,0,0,0,0,0,0,0,17,22,51,0,0,14,0,13,0,21,46,0,0,0,14,0,0,0
2187,124,26,52,0,14,0,0,0,0,0,10,0,17,0,0,0,70,0,0,0,14,103,22,16,118,0,10,0
881260,123,14,22,20,15,0,30,0,0,0,0,0,0,0,0,0,0,0,0,0,0,0,21,0,0,0,0,0
89586,123,15,22,0,12,0,0,11,11,0,11,0,40,0,0,0,34,0,0,35,19,188,24,24,186,0,0,0
1581557,123,66,93,0,0,47,36,0,0,0,0,0,15,0,0,0,63,0,0,80,15,29,69,0,32,0,20,0
2809707,123,17,41,0,0,24,40,0,0,0,0,0,12,0,0,0,18,12,0,31,17,0,14,0,0,16,10,10
387661,123,39,53,0,0,0,27,0,0,0,18,0,28,0,0,0,0,15,0,12,26,0,48,0,0,0,0,0
2093856,123,0,26,17,0,24,31,0,0,0,0,0,0,0,0,0,18,0,0,52,0,0,45,0,0,0,17,0
1501392,123,36,39,32,34,64,54,0,0,0,0,14,0,0,0,0,12,0,0,51,11,0,50,0,0,0,12,19
3423952,123,26,29,0,17,28,35,0,0,0,0,0,14,0,0,0,74,0,0,19,13,0,14,0,0,0,0,13
84405,123,0,0,0,0,0,0,0,0,0,0,0,0,0,0,0,11,0,0,23,0,0,33,0,0,0,0,0
2169540,123,50,39,0,0,20,0,15,35,19,13,20,39,0,0,0,32,0,0,37,46,0,67,0,0,21,0,0
54911,123,0,22,13,14,0,22,19,16,0,0,0,0,0,0,0,0,0,0,28,0,0,68,0,0,0,10,0
3058394,123,0,0,0,0,33,20,0,0,0,0,0,0,0,0,0,0,0,0,10,0,0,13,0,0,0,0,0
2921707,123,0,0,0,0,0,0,0,0,0,0,0,0,0,0,0,0,0,0,0,0,18,0,0,0,35,0,0
83526,123,15,18,11,29,60,68,0,0,0,16,0,14,0,0,0,0,0,21,51,0,0,42,0,0,15,22,12
79209,123,0,16,0,0,0,10,12,25,0,0,0,0,0,0,0,20,0,22,39,0,0,43,0,0,13,32,17
3446364,123,0,0,0,0,0,41,0,0,0,0,0,0,0,0,0,0,0,0,0,0,0,0,0,0,0,0,0
301585,123,0,0,0,0,20,13,0,0,0,0,0,0,0,0,0,0,0,0,10,0,0,20,0,0,0,0,0
61635,123,0,0,0,0,0,0,0,0,0,0,0,0,0,0,0,0,0,0,0,14,0,41,0,0,0,0,0
2956010,123,0,0,0,0,0,0,0,0,0,0,0,0,0,0,0,0,0,0,0,0,0,0,0,0,0,0,0
206042,122,12,33,0,27,67,70,0,0,0,0,0,15,0,0,0,41,0,0,42,0,15,49,0,48,28,121,43
2892442,122,110,208,0,0,0,0,0,0,0,0,0,166,0,0,0,0,0,0,0,59,0,0,0,0,0,0,0
2778911,122,0,0,23,16,0,0,15,26,0,0,0,0,11,0,0,13,0,0,0,0,22,36,0,0,0,0,0
2735528,122,0,0,0,0,35,80,0,16,11,0,0,0,0,0,0,0,0,18,0,0,0,19,0,0,0,0,0
60550,122,20,33,21,27,41,140,52,86,62,0,0,334,0,0,0,63,0,0,38,52,0,40,0,0,0,0,32
337,122,0,0,0,0,29,95,25,30,18,0,0,0,0,0,0,19,0,13,0,0,13,12,0,0,0,0,0
3158365,122,0,0,0,0,62,110,0,0,0,0,0,0,0,0,0,0,0,0,0,0,0,0,0,0,0,0,0
3018314,122,20,40,0,19,16,33,0,0,0,0,0,13,0,0,18,48,0,16,71,0,0,30,0,0,32,0,28
2608631,122,0,18,0,0,0,41,0,41,0,0,0,0,0,0,0,11,0,0,0,0,18,17,0,20,15,0,0
197482,122,73,664,0,13,0,12,30,25,15,19,31,0,0,13,0,143,23,0,68,0,0,69,0,0,21,35,26
197162,122,15,12,0,12,13,17,0,0,13,0,0,0,0,0,0,23,0,18,81,0,0,44,0,11,45,22,17
1740721,122,0,14,12,37,26,15,0,0,0,0,0,0,0,0,0,19,0,0,45,0,108,33,11,136,16,0,13
3388665,122,0,0,0,0,10,0,0,0,0,0,0,0,0,0,0,97,0,14,28,0,0,38,0,0,11,0,17
562959,122,29,51,0,0,23,37,0,12,0,0,0,27,0,0,0,36,0,0,0,23,0,16,0,0,0,0,0
214473,122,14,31,23,44,45,21,15,29,0,0,0,12,0,0,13,18,0,0,157,0,0,70,0,0,43,38,26
44273,122,0,0,0,0,0,0,0,0,0,0,0,0,0,51,0,47,0,0,0,0,0,0,0,0,0,0,0
2763062,122,35,37,0,0,96,65,0,0,0,10,0,64,0,0,0,0,20,1446,23,38,0,34,0,0,0,0,0
225084,122,0,15,0,0,0,0,0,0,0,0,0,0,0,0,0,72,0,0,33,0,15,0,0,0,10,17,0
1796635,122,16,27,0,0,0,0,0,0,0,0,0,0,0,0,0,44,0,0,46,0,0,22,0,0,0,0,0
2136,122,0,0,0,0,0,0,19,20,13,0,0,0,0,0,0,0,0,0,0,0,0,12,0,0,0,0,0
29559,122,33,27,0,0,21,19,0,12,0,0,12,35,0,0,0,48,10,0,20,25,0,12,0,0,11,13,13
158850,121,21,32,0,0,13,23,0,0,0,13,0,40,0,0,0,48,0,0,37,10,0,72,0,0,0,0,0
2822842,121,0,18,21,19,33,32,0,0,0,0,0,0,0,0,0,60,0,0,54,0,0,53,0,0,28,13,13
2029986,121,0,27,0,0,0,0,0,0,0,0,0,0,0,0,0,0,0,0,0,0,0,0,0,0,0,24,0
137584,121,14,38,15,19,28,56,0,14,0,29,0,101,0,0,17,142,12,0,32,36,16,42,0,0,10,15,0
90736,121,0,18,0,0,10,14,10,10,0,0,0,0,0,0,0,0,0,0,17,0,10,39,0,14,0,0,14
1176257,121,17,26,0,0,39,121,0,0,0,0,0,0,0,0,0,24,0,0,38,0,0,34,0,0,0,0,0
1592897,121,17,16,19,37,35,36,36,41,0,0,0,0,14,0,0,70,0,0,60,0,15,57,29,57,11,17,0
2739063,121,0,0,0,0,0,16,0,0,0,0,0,0,0,0,0,47,0,0,114,0,0,12,0,0,24,27,18
379684,121,0,16,0,0,41,79,0,0,0,0,0,0,0,0,0,0,0,12,11,0,0,11,0,0,0,0,0
754417,121,28,40,12,31,24,83,22,64,19,0,0,14,0,24,29,109,11,0,59,11,0,57,0,14,18,14,0
402384,121,0,0,13,0,0,0,0,0,0,0,0,0,0,0,10,0,0,0,0,0,0,28,24,11,0,0,0
189425,121,0,0,20,31,36,33,0,0,0,0,0,0,0,0,0,0,0,0,45,0,0,19,0,0,15,13,0
41170,121,0,0,0,15,61,113,12,13,0,0,0,0,0,0,0,162,0,0,70,0,0,98,0,0,26,20,0
2702,121,0,0,0,0,0,0,0,0,0,0,0,0,0,0,0,92,0,0,0,0,0,0,0,0,0,0,0
1859121,121,22,20,0,0,0,29,0,0,0,0,0,0,0,0,0,0,0,17,27,0,0,42,0,0,23,0,0
69656,121,12,18,0,0,0,0,58,58,0,0,0,16,21,0,0,0,0,0,74,0,0,19,0,0,27,26,14
2675713,120,0,0,0,0,0,0,0,0,0,0,0,0,0,0,0,0,0,0,0,0,0,0,0,0,0,0,0
52443,120,10,62,0,16,43,20,0,20,0,12,0,0,0,0,0,0,0,10,50,0,0,39,0,0,10,0,10
1628086,120,0,0,92,108,71,120,0,0,0,0,0,0,0,0,0,0,0,0,0,0,0,64,0,0,0,0,0
3243360,120,0,0,0,0,0,0,0,0,0,0,0,0,0,0,0,0,0,0,0,0,0,0,0,0,0,0,0
1390395,120,0,0,0,0,0,0,0,0,0,0,0,0,0,0,0,0,0,0,0,0,0,0,0,0,0,0,0
871203,120,0,0,0,0,28,61,0,0,0,0,0,0,0,0,0,0,0,0,42,0,0,0,0,0,0,0,0
2058135,120,0,0,16,24,34,45,17,49,0,0,0,0,20,0,0,0,0,0,56,0,0,38,0,0,38,0,21
2069432,120,38,61,0,0,24,67,18,26,0,0,0,30,0,0,0,37,0,0,112,20,0,18,0,0,30,12,13
28129,120,0,0,0,0,23,67,0,0,0,0,0,33,0,0,0,30,0,0,24,23,0,26,0,0,0,13,16
2907623,120,16,47,0,25,34,27,32,53,61,16,14,63,11,15,0,92,12,0,61,61,12,37,0,0,26,26,16
28200,120,24,198,0,0,14,12,0,0,0,0,0,0,0,0,15,182,0,0,33,0,0,57,0,12,33,0,25
239935,120,16,30,51,46,35,88,24,45,0,0,11,0,0,0,39,174,0,0,95,0,25,180,0,16,66,68,54
28202,120,15,0,0,0,0,18,0,0,0,0,0,0,0,0,0,0,0,0,47,0,0,12,0,0,0,0,0
2921573,120,0,0,40,66,32,0,0,0,0,0,0,0,0,0,0,0,0,0,122,0,0,156,0,0,0,0,0
3047874,120,0,12,0,18,13,25,0,0,0,0,0,0,0,0,23,128,0,0,73,0,0,37,0,0,49,36,45
3366810,120,13,13,0,0,0,26,0,12,0,0,0,0,0,0,0,0,0,10,15,12,0,23,0,10,0,13,11
2282419,120,0,36,0,0,23,21,0,0,0,0,0,0,0,0,0,13,0,0,162,0,17,81,0,11,42,36,38
83683,120,10,10,21,34,19,0,0,0,0,0,0,33,0,0,0,0,0,0,25,23,0,34,0,0,0,0,17
1247,120,0,0,13,24,20,0,0,0,0,0,0,21,0,0,0,21,0,0,54,0,32,41,32,53,14,37,0
866790,120,0,0,0,35,0,0,0,15,0,0,0,0,0,0,0,0,0,0,0,0,0,0,0,0,0,0,0
2049879,120,10,17,0,39,45,39,16,12,0,0,0,21,0,0,0,39,10,0,22,0,84,83,0,157,14,0,0
45658,119,0,70,49,49,57,67,33,38,12,0,0,10,0,0,13,69,0,0,67,0,18,83,0,15,24,15,0
1927128,119,0,19,0,0,20,0,0,0,0,0,0,31,0,0,0,0,0,0,27,14,0,11,0,0,30,18,18
292,119,25,38,14,0,81,246,0,24,34,0,21,0,0,0,0,59,21,31,73,75,0,48,0,0,35,19,27
3414510,119,0,0,0,10,0,32,0,13,0,0,0,0,0,0,0,55,0,12,41,0,0,13,0,0,18,13,0
1850252,119,23,55,15,23,26,50,35,109,18,17,0,44,19,19,0,14,0,0,85,23,40,49,0,12,21,23,0
2705471,119,15,34,13,16,38,84,13,27,0,0,0,34,0,0,0,28,0,0,30,0,0,27,0,23,12,30,15
1727164,119,0,0,0,0,33,45,0,0,0,0,0,0,0,0,0,59,0,152,100,19,0,66,0,0,0,25,12
387092,119,0,0,0,0,0,0,0,0,0,0,0,0,0,0,0,0,0,0,24,0,0,0,0,0,0,0,0
2842457,119,0,0,0,0,0,0,0,0,0,0,0,0,0,0,0,0,0,0,0,0,0,0,0,0,0,0,0
3070682,119,0,14,0,0,0,0,30,29,0,0,0,0,12,0,11,105,13,0,13,0,0,39,0,0,11,0,0
3048535,119,14,33,27,49,56,37,0,0,0,0,0,14,0,0,0,50,0,0,75,0,0,51,0,0,30,37,27
3243076,119,13,27,14,15,0,0,0,0,0,0,0,0,0,0,0,13,0,0,18,0,0,0,0,0,0,0,0
2921386,119,0,0,0,0,0,0,0,0,0,0,0,0,0,0,0,0,0,0,0,0,0,90,0,0,0,0,0
1654388,119,0,0,13,23,26,21,0,0,0,0,0,15,0,0,0,88,0,0,32,0,0,160,0,0,13,0,0
51664,119,0,0,0,0,21,15,13,13,0,0,0,11,0,0,0,0,0,0,11,0,0,23,0,0,0,12,0
187327,119,0,0,0,0,0,0,0,0,0,0,0,0,0,0,0,0,0,0,20,0,0,17,0,0,11,0,0
487686,119,0,0,0,0,0,0,41,35,0,12,0,0,0,0,0,0,19,0,17,0,21,18,0,0,0,12,0
2775245,118,0,21,22,40,27,30,0,0,0,0,0,0,0,0,0,0,0,0,58,0,51,129,0,0,32,0,0
3234954,118,0,42,0,0,19,21,0,0,0,0,0,0,0,0,0,0,0,0,29,0,0,33,0,0,25,34,0
553239,118,20,57,19,23,20,28,38,91,53,11,16,16,21,0,0,12,0,0,0,0,0,65,0,0,11,0,10
1908198,118,24,69,21,28,18,64,0,0,0,15,15,23,0,0,0,20,0,0,26,0,0,0,0,0,0,0,0
1451454,118,0,0,12,18,23,33,0,0,0,0,0,0,0,0,0,0,0,0,0,0,0,15,0,0,0,0,0
347,118,82,99,0,12,14,56,18,24,0,19,26,16,0,0,32,77,0,0,31,181,0,26,0,0,0,12,13
3243367,118,0,0,0,0,0,0,0,0,0,0,0,0,0,0,0,0,0,0,0,0,0,0,0,0,0,0,0
2689109,118,0,0,10,22,28,14,0,0,0,0,0,0,0,0,0,0,0,0,0,0,41,21,0,34,0,0,0
2268024,118,18,10,0,0,0,0,0,0,0,0,0,0,0,0,11,55,0,0,37,0,0,13,0,0,0,11,0
2977321,118,53,91,19,16,34,41,23,35,0,0,18,33,0,0,0,169,0,0,78,0,0,107,0,0,52,31,14
2907205,118,0,0,28,37,43,40,0,0,0,22,0,0,0,0,0,55,0,0,30,35,0,25,0,52,34,24,31
2904247,118,41,63,14,46,66,78,0,29,0,25,15,21,0,0,15,164,10,0,85,21,10,64,15,0,35,22,12
1914963,118,38,51,12,67,128,170,36,0,0,0,11,32,0,0,0,26,0,0,38,14,0,26,0,0,0,0,0
2951805,118,20,20,0,0,39,38,16,15,0,0,0,37,0,0,0,0,0,0,0,0,0,16,0,0,0,0,0
2961941,118,0,20,36,20,35,96,0,0,0,0,0,0,0,0,0,0,0,0,30,0,0,34,0,0,19,16,28
2715209,118,16,36,0,0,0,0,16,13,0,0,0,11,0,0,0,0,0,0,12,0,0,0,0,0,0,0,0
2651284,118,19,16,0,11,15,20,0,11,0,0,0,24,0,0,23,10,0,0,111,20,0,33,0,0,23,23,10
2954691,118,27,37,0,22,0,17,0,0,0,11,11,12,0,0,0,0,11,0,52,0,0,11,0,0,0,33,11
28038,118,28,31,0,0,0,0,18,20,0,0,0,21,0,0,0,53,0,0,113,18,17,22,0,0,38,37,0
1610,118,54,57,38,38,53,45,0,0,0,14,23,27,0,0,14,25,0,19,69,25,14,55,0,0,21,13,26
150055,118,36,50,0,0,0,0,0,39,0,0,20,87,0,0,0,0,33,0,34,0,0,0,0,0,33,0,34
1155388,118,0,0,0,0,78,97,0,0,0,0,0,0,0,0,0,320,0,0,159,0,91,82,0,0,81,65,0
2903801,118,0,0,0,0,0,0,0,0,0,0,0,0,0,0,0,0,0,0,0,0,0,0,0,0,0,0,0
2001,118,0,0,0,40,42,111,0,0,0,0,0,0,0,0,0,0,0,17,0,0,0,0,0,0,0,0,0
1337936,118,0,20,18,18,93,93,0,86,13,0,16,0,0,0,19,56,0,19,92,12,0,44,0,0,34,14,49
3040204,118,0,11,23,14,121,303,0,41,12,0,20,0,0,13,15,67,21,168,34,12,15,61,10,18,0,13,0
3139326,118,0,0,0,0,0,0,0,0,0,0,0,0,0,0,0,0,0,0,0,0,0,14,0,0,0,0,0
2025351,118,0,0,0,0,23,15,0,0,0,0,0,0,0,0,0,36,0,0,14,0,0,15,0,0,0,0,0
631,117,0,31,52,57,0,0,39,43,29,0,0,0,21,0,0,44,0,0,0,0,0,43,0,0,0,0,0
271097,117,0,36,16,29,24,32,23,34,16,0,0,15,0,0,0,51,0,0,81,19,0,44,0,0,54,30,43
2746230,117,0,56,0,0,20,19,0,12,0,0,0,0,0,0,0,22,0,0,182,0,0,19,0,0,76,90,67
2943497,117,0,0,0,14,17,23,0,0,0,0,0,0,0,0,0,34,0,0,16,0,0,51,0,0,0,0,0
3060621,117,0,13,0,17,17,18,0,0,0,0,0,0,0,0,0,57,0,0,24,0,0,27,0,0,15,17,17
96230,117,0,20,26,45,32,31,0,0,0,0,0,0,0,0,0,0,0,0,52,0,0,54,0,0,14,0,0
2735563,117,26,54,41,49,45,49,0,0,0,0,14,20,0,0,0,18,11,0,31,0,0,66,0,0,25,13,19
1419277,117,0,0,0,0,60,96,0,0,16,22,0,13,11,16,226,899,0,548,58,0,0,51,34,148,0,104,39
398,117,0,0,0,0,36,75,0,0,0,0,0,0,0,0,0,57,0,0,35,0,0,0,0,0,0,0,0
3230980,117,0,0,35,52,79,37,0,0,0,0,0,0,0,0,0,0,0,0,0,0,0,85,0,0,0,0,0
3425950,117,16,37,16,33,12,24,0,17,0,0,0,0,0,0,0,90,0,0,13,0,0,42,0,0,12,0,0
2986835,117,0,10,32,50,41,48,35,45,24,0,0,13,20,0,0,98,0,0,50,39,0,58,0,21,13,16,14
2820661,117,45,53,11,26,13,34,0,10,0,13,15,30,0,0,0,48,13,0,47,23,0,23,0,0,11,0,0
3059078,117,13,31,14,14,43,42,10,18,0,0,0,12,0,0,14,18,0,0,25,0,12,58,0,0,0,0,0
387090,117,0,23,0,11,0,0,0,0,0,0,0,12,0,0,0,31,0,0,25,0,0,43,0,0,16,0,0
374106,117,0,0,0,0,0,0,0,0,0,0,0,19,0,0,29,193,0,0,39,17,24,25,10,24,0,14,13
2528020,117,0,0,0,10,17,53,0,14,0,0,0,23,0,0,0,0,0,0,27,0,0,54,0,0,0,0,0
483547,117,0,0,0,0,15,55,0,0,0,0,0,0,0,0,0,0,0,0,29,0,0,29,0,0,13,0,0
2921619,117,0,0,0,0,0,0,0,0,0,0,0,0,0,0,0,0,0,0,0,0,0,81,0,0,0,0,0
2989766,117,0,0,0,0,0,0,0,0,0,0,0,0,0,0,0,0,0,0,0,0,0,0,0,0,0,0,0
147802,117,24,37,0,0,47,45,0,0,0,15,0,66,0,0,14,12,0,0,90,55,13,104,0,0,38,58,29
2230877,117,37,34,10,16,16,0,0,0,0,0,10,28,0,0,0,0,19,0,24,11,0,17,0,0,0,0,0
2796928,117,0,0,27,40,16,0,0,12,0,0,0,12,0,0,0,0,0,0,24,0,0,46,0,0,0,0,0
82996,116,62,80,0,0,44,51,0,0,0,33,19,56,0,0,0,43,0,0,34,36,12,115,0,0,18,26,14
28169,116,0,71,45,43,14,30,0,0,12,0,0,0,0,0,0,0,14,0,31,0,0,27,0,0,0,0,0
141451,116,0,12,14,16,22,52,14,33,12,0,0,0,13,0,12,111,0,0,20,10,0,57,0,23,0,0,0
91844,116,20,25,23,34,23,13,0,0,0,0,0,0,0,0,0,26,0,0,12,0,10,28,0,0,11,0,0
2715959,116,0,30,0,0,114,132,0,0,0,0,0,0,0,0,0,166,0,27,43,0,0,0,0,0,36,25,0
2559597,116,0,0,0,0,0,15,0,0,0,0,0,0,0,0,0,0,0,0,0,0,0,21,0,0,0,0,0
3097547,116,10,36,13,14,25,45,0,22,0,15,0,0,0,0,0,0,0,0,43,0,0,66,0,0,21,18,14
1888915,116,0,15,21,40,14,38,0,46,0,0,0,12,0,0,33,333,0,0,35,13,0,62,0,0,38,20,18
1760811,116,30,39,0,12,24,31,0,0,0,0,17,19,0,0,0,38,32,0,23,28,0,30,0,0,0,0,0
2590900,116,27,53,0,0,20,12,0,0,0,11,10,14,0,0,0,24,16,12,28,13,0,0,0,0,13,18,0
2838157,116,0,0,17,23,17,26,0,10,0,0,0,0,0,0,22,64,0,10,47,0,0,37,0,0,10,0,0
2866162,116,0,0,0,0,21,125,0,10,13,0,0,21,0,0,0,21,0,17,0,0,0,0,0,10,0,0,0
3414511,116,0,10,0,11,0,0,11,11,0,0,0,0,0,0,0,0,0,0,70,0,0,14,12,11,12,0,11
751585,116,0,0,0,0,0,0,0,0,0,0,0,0,0,0,0,92,0,0,44,0,0,20,0,0,17,16,0
29358,116,0,25,0,0,0,0,0,11,0,0,0,23,0,0,0,12,0,0,46,0,14,61,0,14,28,40,12
577489,116,0,11,15,25,99,74,0,37,0,0,0,0,0,0,14,23,0,16,221,0,10,46,0,17,125,90,110
171279,116,18,22,18,31,33,25,0,0,0,0,0,0,0,0,0,0,0,0,89,0,0,265,0,0,33,24,25
5888,116,36,66,0,22,34,22,0,0,0,10,26,34,0,0,0,0,11,0,25,0,0,18,0,0,11,22,0
2955554,116,0,0,0,0,0,0,0,0,0,0,0,0,0,0,0,0,0,0,0,0,0,0,0,0,0,0,0
2894201,115,17,17,0,0,0,0,0,0,0,0,0,0,0,0,0,19,0,0,20,16,0,21,0,0,0,14,0
168169,115,17,17,0,17,12,0,42,66,25,0,10,15,23,0,0,0,0,0,0,0,0,0,0,0,0,0,0
636,115,16,36,59,73,130,161,20,31,29,0,0,19,16,0,29,194,17,195,74,0,30,60,0,0,17,14,0
3035453,115,22,50,0,0,0,0,0,0,0,0,0,42,0,0,0,56,0,0,22,14,0,0,0,0,0,0,0
2773454,115,0,14,0,0,31,37,13,16,0,0,0,0,0,0,0,14,0,0,39,0,11,18,0,0,0,0,0
3074107,115,19,21,0,0,11,14,0,0,0,0,11,10,0,0,0,0,0,0,13,19,0,10,0,0,17,0,0
2895980,115,75,106,11,13,75,103,0,10,0,13,31,44,0,0,0,13,24,24,36,28,0,18,0,0,0,0,0
3442644,115,23,89,24,33,17,65,0,75,0,0,0,0,0,0,0,23,32,0,31,16,0,65,0,0,24,34,0
2530200,115,0,0,0,0,13,186,0,16,0,0,0,0,0,0,0,10,0,0,26,0,0,23,0,0,23,12,0
3382189,115,0,13,0,0,22,56,0,23,0,0,0,0,0,0,0,49,0,0,277,0,0,105,0,0,45,72,24
2937786,115,0,28,20,34,63,117,13,27,21,0,0,0,0,0,14,52,0,0,70,0,0,193,16,15,40,22,13
2420510,115,54,59,0,0,0,22,0,0,0,0,20,27,0,0,0,63,24,0,74,27,0,48,0,0,15,0,11
2267521,115,0,0,0,0,0,42,0,0,0,0,0,0,0,0,12,129,0,0,0,0,0,14,0,0,28,0,0
2051906,115,14,17,0,14,14,17,0,0,0,0,0,20,0,0,0,14,0,31,21,0,0,84,0,0,0,0,0
2576756,115,14,0,0,0,0,0,0,0,0,0,0,0,0,0,0,0,0,24,0,0,0,0,0,0,0,0,0
2903794,115,0,0,0,0,0,0,0,0,0,0,0,0,0,0,0,0,0,0,0,0,0,0,0,0,0,0,0
216933,115,20,21,0,0,0,0,0,0,0,0,0,19,0,0,0,48,0,0,51,0,0,27,0,0,0,0,0
2099,115,0,0,17,26,16,12,0,12,0,0,0,0,0,0,0,0,0,0,16,0,0,23,0,0,17,12,0
2130,115,40,40,36,46,13,10,18,0,0,14,13,73,0,0,0,0,17,0,39,45,0,35,0,0,0,0,0
556,114,0,18,0,18,43,63,0,0,0,0,0,0,0,0,0,24,0,0,0,0,0,27,0,0,0,0,0
29498,114,29,162,43,41,23,86,0,20,29,0,24,17,0,0,21,79,0,0,41,16,0,75,0,0,16,22,20
1411902,114,0,47,21,0,66,239,0,21,0,0,0,0,0,0,0,0,0,38,0,0,0,0,0,0,0,0,0
1494466,114,0,0,0,0,19,65,0,0,0,0,0,0,0,0,0,26,0,0,10,0,0,0,0,0,0,0,0
1239415,114,0,23,0,0,21,21,0,0,0,0,0,0,0,0,0,0,0,0,173,32,0,33,0,0,87,37,57
2932268,114,14,44,29,28,36,90,0,31,14,0,0,12,0,15,0,14,0,0,114,16,0,62,17,0,23,45,24
2583814,114,28,41,0,13,27,65,0,19,0,14,10,31,0,0,0,40,0,0,50,28,12,43,0,13,43,0,36
1658616,114,21,34,10,19,23,32,0,0,0,0,13,18,0,0,0,14,0,0,30,11,0,33,0,0,12,18,13
2234087,114,0,0,0,0,29,17,0,0,0,0,0,0,0,0,0,40,0,0,25,0,0,26,0,0,12,0,17
2818388,114,0,29,0,23,78,216,10,22,14,0,0,0,0,0,14,29,0,12,30,0,0,14,0,0,21,10,0
324767,114,23,26,12,15,31,27,0,0,0,12,0,0,0,0,0,91,0,0,37,22,0,69,0,0,20,30,12
1472767,114,28,37,12,10,11,17,0,0,0,11,0,21,0,0,0,0,0,0,23,14,0,28,0,0,17,0,0
2758563,114,31,37,17,27,34,22,25,32,0,0,11,13,15,0,0,32,0,0,43,14,11,660,0,0,17,11,10
3422304,114,0,0,0,0,0,0,10,18,0,0,0,0,0,0,0,22,0,0,0,0,0,17,0,0,0,0,0
1761012,114,0,13,0,11,10,23,0,0,0,0,0,0,0,0,10,52,0,0,53,0,24,19,19,0,19,21,13
88431,114,0,20,22,24,0,0,0,18,0,0,0,27,0,0,29,63,0,25,60,0,31,70,0,26,0,22,15
1928,114,0,0,0,0,0,148,0,103,0,0,0,0,0,0,0,0,0,0,0,0,0,0,0,0,0,0,0
1580092,114,15,26,21,12,0,16,0,17,16,0,11,33,0,0,0,56,0,0,31,21,18,48,0,0,0,14,0
2681987,113,0,0,0,0,0,0,0,0,0,0,0,0,0,0,0,0,0,0,64,0,0,0,0,15,34,0,22
28229,113,0,37,0,14,40,34,43,50,0,0,0,29,37,0,0,12,16,0,43,35,0,47,0,0,14,11,0
2925837,113,0,0,0,0,0,0,0,0,0,0,0,0,0,0,0,0,0,0,0,0,0,0,0,0,0,0,0
359,113,0,32,28,54,119,248,33,31,0,0,0,0,0,0,0,117,0,20,84,0,0,45,0,0,18,0,0
1758374,113,27,32,0,0,0,0,0,14,0,12,0,17,0,0,0,0,20,0,16,0,0,0,0,0,0,0,0
1835254,113,0,0,0,0,0,0,0,0,0,0,0,0,0,0,0,0,0,0,0,0,0,0,0,0,0,0,0
279058,113,12,32,10,14,32,62,36,51,25,0,14,0,24,15,0,10,0,0,20,14,14,64,0,0,0,0,14
2903098,113,0,21,19,34,14,27,0,0,0,0,0,0,0,0,29,67,0,0,84,0,0,45,0,0,27,28,26
3447503,113,0,39,0,14,36,96,56,105,41,0,0,0,23,37,42,265,0,0,165,0,0,84,0,15,45,29,24
3098297,113,13,38,0,0,47,72,0,25,0,0,0,39,0,0,0,16,0,0,47,40,0,0,0,0,24,21,0
279359,113,29,27,21,17,11,26,0,10,0,0,15,56,0,0,0,32,0,0,151,49,0,19,0,0,20,25,14
2004710,113,43,113,0,0,39,36,0,0,0,18,47,32,0,0,37,286,0,45,49,22,0,120,33,0,28,52,36
561061,113,42,58,48,64,25,24,14,14,0,15,11,21,0,0,12,48,17,0,45,24,0,61,0,0,11,0,0
1054034,113,0,320,22,51,57,31,0,0,0,0,0,0,0,0,23,83,0,13,83,17,0,42,0,0,0,0,0
138563,113,50,90,11,16,20,12,24,26,0,15,32,94,14,0,0,20,18,0,98,83,0,47,0,0,28,20,14
53419,113,0,10,0,17,0,0,0,0,0,0,0,0,0,0,0,41,0,0,27,0,0,0,0,0,0,15,0
28182,113,61,78,30,82,41,54,41,36,0,20,52,31,36,0,0,18,0,0,56,14,64,90,29,37,47,46,25
2778370,113,48,81,0,0,0,0,110,126,0,0,46,60,61,0,0,0,0,0,0,61,0,0,0,0,0,0,0
126157,113,0,0,11,0,30,16,0,0,0,0,0,0,0,0,0,0,0,0,56,0,0,39,0,0,18,13,0
1218493,113,13,12,0,0,0,0,0,0,0,0,0,0,0,0,0,35,0,0,37,14,0,33,0,0,11,19,19
1246,113,0,0,44,73,30,30,0,0,0,0,0,0,0,0,0,102,0,57,34,0,0,55,0,0,0,0,0
2923272,113,15,19,0,0,32,70,16,13,0,0,0,35,0,0,0,15,0,0,0,27,0,10,0,0,0,0,0
67352,113,20,45,68,62,120,426,0,37,73,0,38,86,0,0,37,28,0,62,20,48,0,85,0,0,27,0,0
640330,113,15,19,0,0,0,10,0,0,0,0,0,13,0,0,21,149,0,0,50,12,0,39,0,0,16,18,0
2726117,113,12,14,0,0,0,0,0,0,0,0,12,0,0,0,0,0,0,0,0,0,0,32,0,0,0,14,13
1541959,113,0,0,0,0,18,15,0,0,0,0,0,0,0,0,12,49,0,16,21,0,0,18,0,0,13,10,0
1434102,113,0,0,0,0,0,0,34,42,0,0,0,0,0,19,0,0,0,0,38,0,0,0,0,0,0,0,0
1967665,112,0,0,0,22,30,16,0,0,0,0,0,0,0,0,0,55,0,0,150,0,0,33,0,18,44,36,18
77097,112,54,102,106,74,51,490,75,188,45,0,0,0,34,0,37,166,0,0,50,0,0,31,23,30,52,34,12
299583,112,14,19,0,21,12,17,0,0,0,0,0,21,0,0,0,0,0,0,0,0,0,29,0,0,0,0,0
1973002,112,0,11,14,15,37,166,0,0,25,0,0,0,0,0,0,15,0,25,0,0,0,11,0,0,0,0,0
435,112,34,48,0,17,55,86,0,20,0,0,0,13,0,0,0,0,0,24,11,31,0,59,0,0,0,10,0
1761016,112,0,0,0,0,30,67,0,29,0,0,0,0,19,0,0,18,0,21,26,0,0,25,0,48,15,31,48
3394146,112,0,0,0,0,16,29,0,24,0,0,0,0,0,0,0,27,0,29,0,0,20,25,0,0,0,0,0
2830782,112,11,26,36,75,93,86,57,43,27,0,0,0,30,0,0,135,0,0,71,0,29,81,0,18,31,18,0
2777186,112,24,38,13,28,35,41,0,11,0,0,14,15,0,0,0,21,0,0,35,0,11,47,0,0,14,16,0
1685010,112,11,19,21,24,19,15,15,18,0,0,0,0,0,17,12,23,0,0,144,0,0,35,0,0,46,28,24
2034517,112,39,35,0,13,18,48,0,20,0,0,13,0,0,0,0,30,11,15,24,0,0,35,0,0,12,0,10
3367156,112,0,0,0,0,37,34,0,0,0,0,0,0,0,0,0,0,0,0,42,0,0,0,0,0,25,0,17
1882438,112,14,14,10,15,18,15,11,31,0,0,0,12,13,0,0,17,0,0,29,0,0,27,0,0,17,0,14
446683,112,38,61,0,25,10,21,31,38,0,0,12,82,17,0,0,99,12,0,20,60,0,25,0,0,12,0,0
1847728,112,10,16,74,89,55,38,14,22,0,0,0,10,0,0,0,0,0,0,26,0,50,103,0,26,24,19,14
60520,112,0,0,33,44,24,19,0,0,0,0,0,0,0,0,0,26,0,0,57,0,0,58,0,0,0,10,11
1376,112,0,0,0,0,0,0,0,0,0,0,0,0,0,0,0,0,0,34,0,0,0,14,0,0,0,0,0
2903723,112,0,0,0,0,0,36,0,0,0,0,0,0,0,0,0,0,0,0,43,0,0,0,0,0,42,42,33
1047172,112,0,0,0,0,0,66,0,0,0,0,0,0,0,0,0,0,0,12,0,0,0,0,0,0,0,0,0
3448587,112,0,0,0,0,0,0,0,0,0,0,0,0,0,0,0,0,0,0,0,0,0,0,0,0,0,0,0
1545835,112,0,0,0,0,0,0,0,0,0,0,0,0,0,0,0,0,0,0,0,0,0,73,0,0,0,0,0
418008,112,0,0,19,22,80,38,0,0,0,0,0,11,0,0,0,40,0,0,25,15,14,23,0,11,0,28,0
3412034,112,0,0,0,0,14,0,0,0,0,0,0,47,0,0,0,0,0,0,62,0,0,40,0,0,48,30,42
41673,112,0,0,0,17,0,0,24,39,0,0,0,0,0,0,0,30,0,0,70,0,18,148,0,0,0,16,0
2738886,111,0,0,0,0,0,11,0,0,0,0,0,12,0,0,0,26,0,12,84,10,0,13,0,0,0,0,0
3400348,111,0,15,0,0,63,117,0,0,0,0,0,0,0,0,0,0,0,241,0,0,0,0,0,0,0,0,0
326522,111,28,30,0,0,11,13,27,52,0,0,0,0,21,0,0,16,0,0,14,0,0,15,0,0,0,0,0
3458682,111,0,19,0,14,15,30,0,10,0,0,0,12,0,0,0,82,0,0,44,0,0,22,0,0,0,17,0
3400345,111,15,31,40,67,52,68,13,23,0,0,0,45,0,0,0,27,0,0,32,27,0,61,0,0,0,0,0
2806551,111,29,71,169,220,58,63,39,80,0,0,17,14,44,0,0,70,0,0,53,0,81,168,0,25,0,0,0
2496866,111,0,0,0,16,0,37,0,0,0,0,0,0,0,0,0,22,0,0,59,0,0,32,0,0,48,21,13
616991,111,49,130,41,58,48,187,0,28,0,19,23,29,0,0,0,119,17,0,132,46,0,100,0,0,75,53,37
400092,111,0,13,0,0,17,23,0,0,0,0,0,16,0,0,0,23,0,0,92,0,14,37,0,0,38,33,18
40834,111,0,0,0,0,0,0,0,69,0,0,0,0,0,0,0,0,0,0,105,0,0,0,0,0,21,0,0
150829,111,14,26,10,13,0,0,0,0,0,0,0,20,0,0,11,96,0,0,22,0,0,15,0,0,14,16,0
2829187,111,14,45,13,12,28,25,36,41,0,0,0,20,22,0,19,98,0,0,60,23,23,62,16,13,30,26,13
2840371,111,51,49,0,0,0,20,25,32,0,0,20,0,0,15,0,20,0,0,66,0,0,104,0,0,29,26,18
3382641,111,29,57,38,54,41,27,0,0,0,12,14,34,0,0,14,65,0,0,70,34,0,109,0,0,16,19,10
3238594,111,0,16,0,26,40,14,0,0,0,0,0,0,0,0,0,11,0,0,98,0,28,50,23,25,29,26,0
53443,111,0,37,17,28,31,0,15,32,0,0,0,24,10,0,0,19,0,0,15,0,0,28,0,0,0,0,0
36835,111,22,37,12,17,29,12,0,0,0,12,0,52,0,0,0,79,10,25,63,52,0,63,12,0,23,14,12
39778,111,0,13,0,0,0,27,0,0,0,0,0,0,0,0,0,0,0,0,0,15,0,21,0,0,0,0,0
1387555,111,0,0,0,70,45,40,0,0,0,0,0,0,0,0,0,19,0,0,74,0,0,78,0,0,13,18,19
3034674,111,0,0,32,49,26,63,0,17,13,0,0,0,0,0,0,0,0,17,55,0,0,44,0,0,11,0,14
37692,111,32,52,0,0,0,0,0,0,0,0,14,15,0,0,0,0,0,0,0,22,0,11,0,0,0,15,0
28903,111,0,16,0,15,46,24,0,17,0,14,0,0,0,0,0,0,0,0,82,20,26,18,0,0,27,17,27
285729,111,0,0,0,0,0,0,0,0,0,0,0,0,0,0,15,126,0,0,124,0,0,20,0,0,55,46,25
1670455,111,0,0,0,0,0,0,0,0,0,0,0,0,0,0,0,0,0,0,54,0,0,0,0,0,0,0,0
3060757,111,23,34,0,0,12,0,16,21,0,0,0,0,10,0,11,41,0,0,38,0,0,58,0,0,13,14,0
29486,110,0,0,57,85,14,17,0,12,0,0,0,0,0,0,0,65,0,0,58,0,0,61,0,10,0,26,0
2994492,110,0,0,0,15,0,0,0,0,0,0,0,0,0,0,0,0,0,0,39,0,0,0,0,0,0,0,0
1646498,110,51,72,43,62,60,37,12,12,0,0,29,33,0,0,0,0,18,0,41,15,0,34,0,0,17,0,20
1699621,110,22,38,0,0,0,0,0,0,0,25,0,14,0,0,0,18,29,0,0,13,0,27,0,0,0,0,0
2704654,110,23,40,33,51,397,464,0,0,0,0,17,0,0,0,0,0,0,4045,314,13,0,19,0,0,50,36,19
3434999,110,0,0,156,155,0,81,0,0,0,0,0,0,0,0,48,390,0,0,55,0,0,0,0,0,0,0,0
375,110,0,0,0,44,74,203,0,27,0,0,0,0,0,0,48,178,0,98,62,0,0,18,0,29,29,0,28
38323,110,0,0,0,0,14,0,0,0,0,0,0,0,0,0,20,36,0,0,21,0,23,40,0,16,20,19,0
1917215,110,25,65,10,13,156,160,0,27,10,0,0,0,0,0,20,16,0,42,46,0,0,38,0,0,14,20,0
2067065,110,0,0,12,33,31,20,0,0,0,0,0,0,0,0,0,10,0,0,20,0,11,40,0,0,0,0,0
649841,110,0,11,0,0,10,28,0,0,0,0,0,0,0,0,0,0,0,0,0,0,0,25,0,0,0,0,0
101385,110,0,16,0,10,25,60,0,14,0,0,0,0,0,0,12,72,0,0,66,0,0,37,0,0,38,28,20
1796613,110,0,0,0,0,0,20,0,0,0,0,0,0,0,0,0,0,0,0,45,0,0,0,0,0,34,21,15
1964448,110,0,0,0,0,0,0,0,0,0,0,0,0,0,0,0,0,0,0,0,0,0,0,0,0,0,0,0
1909699,110,11,23,0,20,33,20,0,0,0,0,0,0,0,0,0,0,0,0,0,0,0,15,0,0,16,0,0
2211140,110,0,0,15,18,0,23,0,0,0,0,0,0,0,0,0,0,0,10,18,0,0,74,0,0,21,0,0
2942278,110,30,36,0,13,35,26,0,0,0,10,0,20,0,0,0,0,0,0,0,13,0,49,0,0,0,0,0
2921670,110,20,21,0,0,32,24,0,0,0,0,0,0,0,0,0,0,20,0,10,27,0,42,0,0,15,0,28
946435,110,0,0,0,0,22,13,0,0,0,0,0,0,0,0,25,36,0,0,36,0,11,31,0,0,0,14,27
2912187,110,18,26,21,40,0,17,0,12,0,0,0,13,0,0,0,17,19,0,41,0,0,46,0,0,21,26,0
550542,110,23,62,44,95,44,58,0,0,0,0,28,67,0,0,0,0,0,0,0,50,0,0,0,0,0,0,0
3003483,110,0,15,0,0,0,11,0,0,0,0,0,11,0,0,0,0,0,0,0,0,0,0,0,0,0,0,0
29329,110,51,84,0,0,0,0,0,0,0,18,26,23,0,0,0,41,20,0,52,58,0,58,0,20,20,0,0
1776392,110,0,0,86,119,58,0,0,0,0,0,0,0,0,0,0,0,0,0,59,0,0,80,0,0,0,0,0
1969,110,82,92,36,30,79,275,0,29,0,0,48,0,0,0,0,24,0,33,48,0,0,50,0,0,76,34,83
2716812,110,0,0,0,0,42,132,0,0,0,0,0,0,0,0,25,138,0,0,0,0,0,0,0,0,0,0,0
136073,110,33,37,29,28,142,74,0,31,0,0,14,0,0,0,0,41,19,41,43,0,0,67,0,0,57,26,0
2984951,110,11,17,0,29,36,29,0,12,0,13,0,0,0,0,0,45,0,10,82,0,23,455,0,18,39,28,24
2249476,110,44,53,28,29,0,47,0,0,0,22,23,25,0,0,0,0,20,0,68,22,0,45,0,0,29,30,0
2895470,109,0,0,0,0,0,0,0,0,0,0,0,0,0,0,0,0,0,0,0,0,0,0,0,0,0,0,0
1420917,109,0,59,36,33,31,218,21,65,0,0,0,0,0,0,0,74,0,45,28,0,0,24,0,0,0,0,0
3416742,109,0,0,0,14,0,0,0,0,0,0,0,0,0,0,0,0,0,0,53,0,41,20,0,0,19,0,0
456,109,0,12,0,0,0,17,0,0,0,0,0,22,0,0,0,0,0,0,12,0,0,29,0,0,0,0,0
2750995,109,0,0,19,30,28,47,0,0,0,0,0,0,0,0,13,96,0,0,14,0,22,11,0,0,14,0,0
447689,109,0,28,0,0,0,39,0,28,0,0,0,0,0,0,0,71,0,0,17,0,0,65,0,0,13,13,0
3063957,109,0,21,0,0,14,44,0,23,0,0,0,0,0,0,14,81,0,0,46,0,0,41,0,0,27,14,0
2527975,109,0,0,31,45,77,195,0,0,0,0,0,0,0,0,0,0,0,29,0,0,0,71,0,0,0,0,0
29519,109,58,71,61,72,0,0,22,27,0,0,19,0,0,0,0,0,0,0,36,0,0,92,0,0,0,16,0
3394234,109,0,0,0,0,0,0,0,0,0,0,0,0,0,0,0,0,0,0,0,0,0,14,0,0,10,0,0
2729421,109,31,33,15,23,36,17,0,0,0,0,15,23,0,0,0,31,0,0,25,18,0,31,0,0,18,13,0
2921369,109,0,0,0,0,0,0,0,0,0,0,0,0,0,0,0,0,0,0,0,0,0,0,0,0,0,0,0
61015,109,0,0,0,36,48,30,11,17,0,0,0,0,0,0,0,59,0,0,19,0,14,79,0,0,0,0,0
102684,109,0,0,0,0,0,0,0,0,0,0,0,0,0,0,0,0,0,0,0,0,0,0,0,0,0,0,0
52692,109,29,44,0,0,0,0,18,15,0,15,0,0,0,0,0,0,0,16,30,17,24,22,0,0,0,0,0
1796616,109,26,22,20,21,11,18,15,21,14,0,0,11,0,0,0,57,11,0,25,15,0,53,0,0,0,0,0
46507,109,23,24,28,27,0,0,0,0,0,0,0,22,0,0,0,0,0,0,27,0,0,117,0,0,0,0,0
3383591,109,0,0,0,0,0,0,0,0,0,0,0,0,0,0,0,0,0,0,0,0,0,0,0,0,0,0,0
3393744,109,0,0,0,0,70,81,0,0,0,0,0,0,0,0,0,0,0,0,23,0,0,0,0,0,0,0,0
3231550,109,21,30,0,18,108,74,13,92,26,0,13,10,20,42,13,409,0,30,300,0,0,68,0,0,41,40,21
2148,109,0,12,16,19,25,15,44,54,0,0,0,0,32,0,0,95,0,0,63,0,12,134,16,0,34,46,20
1940555,109,0,0,0,0,0,0,0,0,0,0,0,0,0,0,0,0,0,0,0,0,0,0,0,0,0,0,0
2652721,108,0,0,0,0,38,40,0,0,0,0,0,0,0,0,0,59,0,0,0,0,0,68,0,0,0,0,0
1481663,108,0,42,22,30,22,43,0,13,0,0,0,15,0,0,0,65,0,0,0,0,0,33,0,0,13,21,16
450,108,30,42,35,36,41,28,0,0,0,13,20,23,0,0,0,57,0,0,107,23,17,258,0,34,92,77,54
2785912,108,0,0,0,0,0,0,0,0,0,0,0,0,0,0,0,0,0,0,0,0,0,0,0,0,0,0,0
3374195,108,36,51,0,0,0,0,0,0,0,0,0,40,0,0,0,70,42,0,0,0,0,0,0,0,0,0,0
217203,108,20,46,31,33,156,308,0,0,0,0,0,58,0,0,0,20,0,61,0,0,0,38,0,0,0,0,0
1114861,108,25,28,29,48,30,40,17,33,0,0,0,22,0,0,0,110,0,0,61,0,0,69,0,15,33,0,13
2572594,108,22,38,0,0,32,31,0,22,0,18,0,47,0,0,0,11,25,0,21,20,0,31,0,0,27,16,11
2578106,108,0,29,30,62,40,56,0,0,0,0,0,29,0,0,0,0,0,50,54,68,0,46,0,0,0,0,0
2723090,108,11,29,0,0,19,12,0,0,0,0,0,26,0,0,0,37,0,0,43,25,0,58,0,0,11,11,11
1176587,108,0,0,0,0,34,39,14,12,0,0,0,0,0,0,0,71,0,0,52,0,0,10,0,0,24,15,13
269259,108,32,58,0,15,11,18,0,0,0,0,19,28,0,0,0,12,0,0,133,21,0,20,0,0,26,26,25
1742358,108,0,21,14,25,73,30,0,11,0,0,0,0,0,0,0,0,0,0,23,0,0,87,0,0,13,12,21
254758,108,0,0,0,0,0,13,0,0,0,0,0,0,0,0,0,0,0,0,0,0,0,14,0,0,17,10,0
468911,108,0,16,12,16,15,15,0,11,0,0,0,0,0,0,12,121,0,0,25,0,21,20,0,15,20,19,19
1338,108,61,85,0,0,0,0,0,0,0,0,21,25,0,0,0,51,34,0,51,36,0,33,0,0,17,0,0
29362,108,14,19,11,28,15,14,0,0,0,0,0,21,0,0,0,224,0,0,31,0,0,56,0,0,0,21,0
3058402,108,29,39,11,17,32,27,0,0,0,21,22,61,0,0,0,19,12,0,109,47,0,24,0,0,20,18,19
2801029,108,0,0,0,0,19,74,0,0,0,0,0,0,0,0,0,47,0,0,0,0,0,20,0,0,0,0,0
156976,108,52,73,0,0,0,17,0,0,0,11,60,0,0,0,0,0,26,0,0,20,0,12,0,0,0,0,0
483545,108,0,0,0,0,17,56,0,0,0,0,0,0,0,0,0,0,0,0,0,0,0,0,0,0,0,0,0
283811,108,0,0,0,0,31,62,0,14,0,0,0,0,0,0,0,0,0,0,14,0,0,0,0,0,0,0,0
1173026,108,0,15,0,19,145,92,0,36,0,0,0,0,0,0,0,92,0,15,56,0,12,47,0,0,24,11,0
351614,107,30,46,22,34,52,30,0,31,0,0,16,14,0,0,0,0,0,22,104,0,13,48,0,0,23,32,23
3342676,107,0,0,0,31,44,0,0,0,0,0,0,0,0,0,0,0,0,0,69,0,0,101,0,0,25,32,31
3242415,107,0,26,0,25,0,18,0,0,14,0,0,11,0,0,0,14,0,0,63,0,0,51,0,0,11,15,0
3157368,107,94,90,0,35,0,0,0,0,0,0,0,71,0,0,0,0,0,0,0,43,0,0,0,0,0,0,0
40269,107,20,49,0,0,0,18,0,0,0,0,0,27,0,0,0,24,0,0,27,0,0,52,0,0,15,0,12
141390,107,0,0,0,0,29,107,0,0,0,0,0,0,0,0,0,0,0,0,0,0,0,13,0,0,0,0,0
718,107,0,35,0,0,80,69,0,0,0,0,0,26,0,0,0,39,0,0,113,47,55,58,0,23,0,22,0
2708020,107,0,0,0,0,15,14,16,23,12,0,0,0,0,0,0,12,0,0,35,0,19,113,0,0,0,0,0
3074111,107,18,14,0,0,19,18,17,30,0,0,0,30,0,10,16,105,0,0,51,0,0,15,0,0,21,19,0
3374187,107,0,0,24,17,0,0,0,0,0,0,0,0,0,0,0,0,0,0,17,0,0,21,0,0,0,0,0
29575,107,0,0,34,48,20,15,34,36,0,0,0,0,22,0,28,160,0,0,63,0,0,22,0,0,32,10,20
3003258,107,0,18,32,33,18,21,0,28,0,0,0,0,0,0,0,57,0,0,36,0,18,74,0,0,15,13,13
2038411,107,25,46,18,24,50,52,0,0,0,20,13,32,0,13,0,12,0,0,13,0,0,29,16,10,0,0,0
512763,107,0,0,0,0,13,27,0,17,11,0,0,10,0,0,15,148,0,0,32,0,0,33,0,0,0,12,0
2051959,107,0,0,10,26,26,38,0,0,0,0,0,0,0,0,0,0,0,0,41,0,19,34,14,0,15,0,0
72360,107,40,43,0,0,0,0,0,0,0,0,23,21,0,0,0,0,0,0,0,18,0,16,0,0,0,0,0
2936682,107,0,12,19,17,24,12,12,20,0,0,0,0,0,0,0,34,0,0,60,0,0,50,24,0,71,27,13
2683193,107,0,0,0,20,0,0,0,0,0,0,0,0,0,0,0,0,0,0,0,0,0,0,0,0,0,0,0
1340,107,16,40,0,10,12,0,11,22,0,21,17,32,0,0,0,99,14,0,33,16,0,27,0,12,12,0,0
3110288,107,0,0,0,0,0,0,0,0,0,0,0,0,0,0,0,0,0,0,0,0,0,16,0,0,0,0,0
1538,107,0,0,0,0,0,0,0,0,0,0,0,0,0,0,0,64,0,0,39,0,0,68,0,0,0,0,0
2742683,107,65,69,18,39,88,62,19,17,0,18,32,54,11,0,0,32,15,0,84,0,0,79,0,0,15,0,0
47679,107,0,0,28,42,28,0,0,25,0,0,0,0,0,0,0,0,0,0,0,0,0,0,0,0,0,33,0
3019889,107,0,0,0,0,0,0,0,0,0,0,0,0,0,0,0,0,0,0,45,0,0,0,0,0,0,0,0
2975720,107,0,0,0,0,18,56,0,0,0,0,0,0,0,0,0,41,0,0,0,0,0,0,0,0,0,0,0
1268041,107,0,13,0,0,15,40,0,0,0,0,0,0,0,0,0,0,0,0,0,0,0,0,0,0,0,0,0
3066293,107,0,0,0,0,0,0,0,0,0,0,0,0,0,0,0,0,0,0,0,0,0,0,0,0,0,0,0
1898749,107,25,0,16,0,13,14,0,0,0,0,0,0,0,0,0,84,0,0,56,0,0,37,0,0,14,13,11
2358187,106,0,31,0,22,29,44,48,62,25,26,0,13,0,0,0,86,24,0,18,0,0,26,0,0,21,0,0
3030492,106,15,47,0,0,26,19,0,11,0,0,0,0,0,0,0,23,0,0,22,0,0,29,0,0,10,16,0
47885,106,0,32,23,34,135,325,0,26,21,0,0,0,0,0,0,14,0,31,18,0,0,29,0,0,17,12,0
28082,106,13,21,0,0,0,21,20,17,0,0,0,36,0,0,0,26,0,0,92,36,0,20,0,0,39,19,16
29449,106,14,19,0,0,68,155,0,0,0,0,0,0,0,0,0,0,0,35,0,0,0,28,20,26,0,0,0
1855652,106,0,0,0,0,0,0,0,0,0,0,0,12,0,0,0,0,0,0,23,0,0,88,0,0,0,0,0
2980107,106,15,58,22,41,18,63,0,31,0,0,0,23,0,0,16,44,0,0,0,0,0,17,0,27,0,16,17
343403,106,0,15,13,19,30,106,0,0,0,0,0,0,0,0,15,81,0,0,85,13,35,68,16,25,13,15,17
3138177,106,0,0,39,48,35,43,12,14,0,0,0,0,13,0,0,17,0,0,39,0,0,121,0,0,24,16,17
1871047,106,41,49,0,0,0,18,0,0,0,0,34,0,0,0,17,76,0,0,56,12,0,0,0,0,11,19,14
2966625,106,0,0,14,28,38,26,0,0,0,0,0,0,0,0,27,42,0,0,53,0,24,27,0,0,16,18,22
2908645,106,32,25,16,22,22,31,0,0,0,0,0,0,0,0,0,30,0,0,0,0,0,41,0,0,0,0,0
2991499,106,0,19,0,15,27,43,0,0,0,0,0,0,0,18,0,159,0,0,22,0,0,120,0,0,13,12,0
3395267,106,64,82,0,0,33,86,0,51,0,0,39,0,0,0,0,56,0,0,50,17,0,151,0,0,21,17,0
310300,106,0,0,19,21,17,20,0,0,0,0,0,0,0,0,0,23,0,0,17,0,0,34,0,0,0,0,0
332999,106,19,23,0,21,23,22,13,17,0,0,0,19,0,0,0,12,0,11,70,0,0,68,0,24,27,16,25
3231911,106,46,35,0,0,20,87,34,47,14,12,13,31,16,15,0,24,22,10,35,20,0,56,0,10,0,14,13
2011099,106,0,107,0,20,25,22,22,19,16,0,0,0,0,0,0,70,0,0,31,0,0,37,16,13,14,29,18
79263,106,10,14,18,27,34,35,0,0,0,0,0,0,0,0,0,111,0,0,39,0,10,48,0,13,0,12,0
1600,106,18,12,56,75,23,29,0,0,0,0,0,40,0,0,0,51,29,0,30,12,0,61,0,17,0,10,0
227945,106,0,15,0,0,0,0,0,13,0,0,0,0,0,0,0,19,0,0,37,0,0,13,0,17,25,31,13
59310,106,0,0,0,0,0,0,0,0,0,0,0,0,0,0,0,0,0,0,0,0,0,0,0,0,26,0,0
1548,106,14,28,34,33,86,66,17,30,0,0,0,0,14,0,17,149,0,0,119,0,0,170,0,0,25,51,24
2068655,106,0,0,0,0,0,13,47,34,0,0,0,0,20,0,0,0,0,0,0,0,0,30,0,0,0,0,0
3114296,106,0,0,0,25,0,0,0,0,0,0,0,0,0,0,0,0,0,0,0,0,0,42,0,0,0,0,0
146922,106,0,0,21,19,23,40,0,0,0,0,0,0,0,0,0,0,0,0,0,0,0,110,0,0,0,0,0
1942,106,0,0,0,0,0,125,0,0,0,0,0,0,0,0,0,130,0,0,0,0,0,0,0,0,0,0,0
2137,106,0,0,0,14,31,17,0,0,0,0,0,14,0,0,0,110,0,0,24,0,0,22,0,0,11,15,14
216937,106,0,0,0,0,30,0,0,0,0,0,0,30,0,0,0,36,0,0,29,12,0,30,0,0,20,22,25
1646340,105,0,19,0,0,0,16,0,0,0,0,0,13,0,0,0,0,0,0,21,0,0,0,0,0,0,0,0
208223,105,0,31,0,15,32,81,15,12,0,0,12,52,0,0,21,29,0,13,62,31,0,37,0,0,35,36,21
69220,105,0,0,0,0,0,0,0,0,0,0,0,0,0,0,0,0,0,0,0,0,0,0,0,0,0,0,0
2986763,105,0,14,16,11,0,11,0,0,0,0,0,0,0,0,0,0,0,0,0,0,0,21,0,0,0,0,0
2829502,105,13,56,0,0,0,16,0,0,0,0,13,0,0,0,0,15,0,0,0,0,0,20,0,0,0,0,0
178399,105,11,22,0,0,17,28,0,0,0,11,0,19,0,0,0,31,0,18,50,0,15,45,13,16,20,37,14
1664560,105,0,0,0,0,13,54,0,0,0,0,0,0,0,0,0,0,0,18,0,0,0,0,0,0,0,0,0
2202825,105,0,15,0,0,50,99,0,11,0,0,0,0,0,0,0,30,0,17,0,0,0,0,0,0,0,0,0
34007,105,0,42,0,0,87,259,0,0,0,0,0,0,0,0,0,0,0,17,19,0,0,0,0,0,0,0,0
2478663,105,0,0,11,21,19,19,0,0,0,0,0,0,0,0,0,65,0,0,79,0,22,65,0,0,23,20,13
3451555,105,0,26,12,40,19,30,0,0,0,0,0,0,0,0,0,44,0,11,17,0,0,12,0,0,0,0,0
2086471,105,12,22,26,40,24,38,23,24,0,0,0,22,11,0,0,30,0,0,99,14,15,49,0,0,61,51,41
2057025,105,10,15,32,47,21,39,0,0,0,0,0,0,0,0,12,92,0,33,34,0,11,60,11,10,16,0,12
2723091,105,15,23,0,0,21,23,0,30,0,0,0,0,0,0,12,79,0,0,66,0,0,25,0,10,17,0,0
212,105,0,0,0,0,0,0,0,0,0,0,0,0,0,0,0,0,0,0,0,0,0,0,0,0,0,0,0
2528021,105,13,13,0,0,27,200,0,15,13,0,0,23,0,0,0,10,0,43,53,0,0,21,0,0,0,0,0
362787,105,0,10,16,32,17,20,14,22,0,0,0,0,0,11,11,83,0,0,27,0,0,275,0,0,0,0,0
927083,105,0,0,48,45,96,855,0,33,35,0,22,17,0,0,25,17,0,50,48,0,0,27,0,0,16,0,16
3420668,105,17,42,13,28,41,38,12,25,0,0,35,0,0,0,0,44,0,24,73,0,0,47,0,0,73,64,32
2777185,105,0,0,15,21,12,16,0,10,0,0,0,0,0,0,0,43,0,12,119,13,0,44,0,0,15,15,0
2921679,105,30,26,0,0,0,0,0,13,0,10,14,23,0,0,0,56,0,0,0,27,0,15,0,0,0,0,0
3341793,105,0,0,0,0,0,0,0,0,0,0,0,0,0,0,0,0,0,0,0,0,0,70,0,0,0,0,0
33934,105,0,0,0,0,40,32,0,0,0,0,0,0,0,0,0,150,0,0,72,25,0,0,0,0,30,0,24
214851,105,0,0,0,0,0,0,0,0,0,0,0,0,0,0,0,68,0,0,0,0,0,0,0,0,0,0,0
3242369,105,0,0,22,20,0,0,0,0,0,0,0,0,0,0,0,23,0,0,0,0,0,17,0,0,0,0,0
2975753,105,0,0,0,0,0,0,0,0,0,0,0,0,0,0,0,0,0,0,0,0,0,0,0,0,0,0,0
1686,105,44,58,0,16,0,17,0,13,0,21,33,36,0,0,0,63,23,0,39,37,0,16,0,0,21,0,40
103731,105,0,0,0,0,23,123,0,24,0,0,0,0,0,0,0,0,0,13,0,0,0,0,14,0,0,0,0
890415,105,14,15,0,0,127,32,0,53,0,0,0,0,0,0,0,0,0,0,34,0,0,0,0,0,33,20,28
2108365,105,57,86,0,16,59,59,0,12,0,0,21,63,0,0,0,31,0,0,65,28,0,125,0,76,25,20,30
1715806,105,24,35,29,28,23,18,0,0,0,0,19,29,0,0,0,27,16,0,44,0,0,34,0,0,27,36,38
2675792,104,0,0,0,0,0,14,0,0,0,0,0,43,0,0,0,0,0,0,11,32,0,0,0,0,0,0,0
55211,104,0,0,0,0,0,24,22,23,0,0,0,0,0,0,18,0,0,0,12,0,0,0,0,0,0,0,0
3117012,104,0,28,0,0,13,92,0,14,0,0,0,0,0,0,0,41,0,16,27,0,0,81,0,0,15,12,0
2950074,104,0,0,0,0,0,0,0,0,0,0,0,0,0,0,0,17,0,0,22,0,0,20,0,0,12,0,0
2817392,104,0,0,0,0,0,0,0,0,0,0,0,0,0,0,0,0,0,0,0,34,0,0,0,0,0,0,0
412965,104,0,16,0,0,22,16,0,0,0,0,0,0,0,0,0,0,0,0,41,0,16,20,0,0,23,21,0
3039157,104,0,0,0,0,0,38,0,0,0,0,0,0,0,0,0,0,0,0,34,0,0,0,0,0,0,0,0
2893471,104,0,15,36,29,0,0,0,0,0,0,0,0,0,0,0,0,0,0,0,0,0,0,0,0,0,0,0
109232,104,15,26,0,0,0,0,0,0,0,0,0,23,0,0,13,168,0,0,0,0,0,0,0,0,0,0,0
3238809,104,0,23,0,0,17,33,0,0,0,0,0,0,0,0,12,15,0,0,51,0,0,33,13,0,12,0,10
1336802,104,17,49,0,0,0,22,0,0,0,15,11,0,0,0,0,24,0,0,43,27,0,0,0,0,0,15,0
3100987,104,15,120,44,74,107,74,13,11,0,12,11,28,0,0,0,0,0,0,14,0,14,306,0,11,13,0,0
284581,104,10,0,19,29,0,18,0,0,0,0,0,19,0,0,0,14,0,0,47,15,14,36,0,0,13,11,10
2921549,104,0,29,0,0,0,0,0,0,0,0,0,42,0,0,0,0,0,0,23,22,0,32,0,0,0,19,0
2777983,104,0,0,0,0,0,13,0,0,0,0,0,0,0,0,0,25,0,0,86,0,10,13,0,0,29,30,14
2709400,104,0,0,0,11,0,0,0,0,0,0,0,0,0,0,10,0,0,0,11,0,0,11,0,0,0,0,0
68892,104,0,0,0,0,0,75,0,0,0,0,0,0,0,0,0,10,0,12,15,0,0,10,0,0,10,0,0
2293571,104,0,0,0,0,33,55,0,0,0,0,0,0,0,0,0,0,0,0,15,0,0,0,0,0,0,0,0
54297,104,0,0,0,0,69,0,0,0,0,0,0,0,0,0,0,0,0,0,0,0,0,0,0,0,0,0,0
2812896,104,45,143,0,0,173,56,11,59,0,15,25,73,0,0,40,26,39,0,73,17,0,36,0,0,45,24,23
2121,104,34,33,10,0,0,12,0,0,0,0,11,0,0,0,0,38,0,0,10,0,0,11,0,0,0,0,0
28227,104,0,18,0,11,16,12,0,0,0,0,0,0,0,0,0,38,0,10,52,0,10,85,0,0,22,30,19
2219043,104,0,0,0,0,18,48,0,0,0,0,0,0,0,0,0,0,0,13,21,0,0,14,0,0,14,0,0
119394,104,0,0,0,15,0,0,0,0,0,0,0,0,0,0,15,69,0,0,20,0,0,25,0,0,30,30,0
3071082,103,61,0,0,0,0,0,0,0,0,0,0,0,0,0,0,0,0,0,85,0,0,0,0,0,0,0,0
2662262,103,0,39,0,21,28,34,0,0,0,0,0,0,0,0,0,0,0,0,40,0,0,407,0,0,11,0,12
3027472,103,34,56,68,48,50,148,22,28,126,0,66,31,0,0,15,0,14,0,11,11,0,60,0,0,0,0,18
50741,103,83,127,93,46,86,222,20,149,77,0,46,42,0,0,0,187,30,0,26,36,0,43,0,0,24,0,0
1173101,103,0,0,0,0,18,20,0,0,0,0,0,0,0,0,0,205,0,0,50,0,0,28,0,0,12,10,0
112009,103,0,0,0,0,0,11,0,0,0,0,0,0,0,0,0,61,0,0,31,0,0,24,0,0,0,0,0
3239807,103,0,0,18,28,76,30,0,0,0,0,0,0,0,0,0,0,0,0,24,0,0,23,0,0,0,49,0
2909283,103,0,13,0,0,21,40,0,10,0,0,0,0,0,0,0,0,0,0,0,0,0,0,0,0,0,0,0
2015348,103,0,0,0,22,0,79,0,0,0,0,0,0,0,0,0,28,0,0,36,0,0,29,0,0,0,0,0
3237371,103,19,30,0,0,0,39,0,0,0,0,0,33,0,0,0,0,0,0,0,16,0,0,0,0,0,0,0
55508,103,0,0,0,45,16,50,0,10,0,0,0,0,0,0,0,0,0,0,18,0,0,22,0,0,0,0,12
76259,103,34,30,10,12,31,125,0,21,15,34,14,89,0,0,18,21,0,25,52,27,0,35,0,0,21,32,19
1775173,103,33,63,0,0,0,53,39,73,22,0,12,27,39,0,0,0,0,0,18,0,0,18,0,0,16,10,0
2173169,103,15,40,0,0,27,43,0,0,0,0,0,12,0,0,0,30,0,0,0,10,0,45,0,0,0,0,0
3415683,103,15,25,0,0,20,130,0,27,11,11,15,45,0,0,0,16,0,56,34,33,0,18,0,0,0,0,0
2787628,103,0,0,0,0,0,0,0,0,0,0,0,0,0,0,0,0,0,0,35,0,0,18,0,0,0,10,0
2921466,103,34,40,0,0,0,0,0,0,0,0,12,0,0,0,0,67,18,0,36,0,0,20,0,0,18,0,17
3078263,103,0,0,0,36,0,0,0,0,0,0,0,0,0,0,0,0,0,0,23,0,0,0,0,0,0,0,0
508451,103,0,10,0,0,0,0,0,0,0,0,0,0,0,0,0,0,0,0,72,0,0,22,0,0,0,13,0
708126,103,34,27,0,0,14,0,0,10,0,0,10,30,0,0,0,31,0,0,49,14,0,33,0,0,23,19,23
3373596,103,0,0,0,0,0,0,0,0,0,0,0,0,0,0,0,0,0,0,0,0,0,0,0,0,0,0,0
1653434,103,51,69,0,0,13,0,14,11,0,0,30,28,0,0,0,54,18,17,53,39,14,26,0,17,11,17,15
43767,103,12,28,15,20,22,119,0,0,0,0,0,0,0,0,0,76,0,29,0,22,0,27,0,0,0,0,0
216816,103,0,0,0,47,47,76,0,25,0,0,0,0,0,0,0,48,0,0,22,0,0,32,0,0,0,0,33
2871826,102,0,0,10,12,17,17,0,0,0,0,0,0,0,0,0,38,0,0,0,12,0,34,0,0,0,0,0
1263550,102,0,14,0,0,0,61,0,12,0,0,0,0,0,93,0,0,0,0,0,0,0,0,0,0,23,0,0
300876,102,0,46,14,13,52,45,0,0,0,0,0,0,0,0,0,0,0,11,47,0,0,34,0,0,20,20,0
685,102,14,34,0,0,0,0,0,12,0,0,0,10,0,0,15,74,0,0,16,0,0,0,0,0,0,0,0
674,102,44,110,0,0,21,30,0,13,0,0,23,28,0,0,0,32,17,0,47,15,0,28,0,0,24,17,0
732,102,0,0,0,0,15,13,0,0,0,0,0,0,0,0,0,15,0,13,26,0,0,17,0,17,0,18,15
1808979,102,0,0,0,0,17,40,0,0,0,0,0,0,0,0,0,14,0,47,0,0,0,10,0,0,0,0,0
2741701,102,0,0,0,0,0,0,0,0,0,0,0,0,0,0,0,35,0,0,15,0,40,0,22,34,0,0,0
2880218,102,0,0,0,13,24,59,0,0,35,0,0,0,0,0,0,33,0,0,20,0,0,26,0,0,19,43,45
1306519,102,17,44,14,20,16,43,38,43,0,0,0,20,15,17,13,106,0,0,130,14,0,29,0,0,95,77,49
1920034,102,18,30,0,12,0,32,19,49,0,16,0,25,0,0,0,0,0,61,64,11,10,77,0,11,26,34,14
3230968,102,17,34,23,51,43,42,0,25,0,0,0,20,0,0,0,30,0,0,58,19,0,81,0,16,11,16,0
2829795,102,0,21,0,0,17,46,11,26,0,0,0,0,0,0,0,12,0,0,56,10,0,49,0,0,22,18,0
3044399,102,0,0,0,0,0,0,0,0,0,0,0,0,0,0,0,0,0,0,0,0,0,0,0,0,0,0,0
1400387,102,0,0,0,0,17,99,13,18,0,10,0,0,0,0,0,52,0,43,18,0,0,20,0,0,0,0,0
1353976,102,0,0,13,18,17,16,0,12,0,0,0,36,0,0,0,11,0,0,32,13,0,59,0,0,0,21,0
3026426,102,0,0,0,0,49,0,0,0,0,0,0,0,0,0,0,0,0,0,0,0,0,63,0,0,0,0,0
659243,102,0,0,0,18,0,0,0,0,0,0,0,0,0,0,0,31,0,0,40,0,0,0,0,0,0,0,0
2315464,102,0,0,0,0,32,31,0,0,0,0,0,0,0,0,0,13,0,0,17,0,0,38,0,0,11,0,0
3400421,102,0,0,0,0,15,17,0,20,0,0,0,0,0,0,0,0,0,0,27,0,31,54,0,0,0,14,0
1834189,102,34,56,0,0,0,0,39,47,15,16,11,63,15,16,11,29,12,0,0,31,18,31,0,14,0,0,0
1494,102,34,50,0,18,23,13,12,28,0,15,10,62,0,12,0,65,0,0,35,40,14,28,0,12,22,27,0
1531,102,16,26,0,26,18,40,16,0,0,13,0,27,0,0,0,0,0,0,32,0,0,242,0,0,25,0,0
2918914,102,0,19,17,30,13,11,11,14,0,0,0,0,0,0,0,35,0,0,12,0,22,63,0,12,0,0,0
252966,102,0,16,0,0,0,0,0,10,0,0,0,10,0,0,0,11,0,0,18,0,12,48,0,0,0,0,0
2944914,102,37,58,0,10,0,20,0,14,0,11,10,28,0,0,0,45,0,0,94,23,0,31,0,0,31,27,23
112900,102,31,45,15,24,0,0,0,0,0,0,15,22,0,0,16,76,12,0,29,32,0,22,0,0,0,0,10
349094,102,0,0,14,16,0,10,0,0,0,0,0,0,0,0,0,0,0,0,27,0,39,21,0,0,22,0,0
2806205,102,0,0,75,103,41,42,0,0,0,0,0,21,0,0,0,0,0,0,67,0,36,41,0,0,27,29,28
2975656,102,0,0,0,0,0,0,0,0,0,0,0,0,0,0,0,0,0,0,0,0,0,0,0,0,0,0,0
2975697,102,194,200,0,0,0,0,0,0,0,0,0,148,0,0,0,0,0,0,0,93,0,0,0,0,0,0,0
54571,102,65,69,36,34,137,414,0,39,40,28,46,40,0,0,0,33,27,49,91,18,0,395,0,0,23,17,19
249567,102,0,0,0,16,109,182,0,0,32,0,0,0,0,0,0,20,0,24,62,0,0,31,0,0,28,37,48
2896848,102,59,56,38,32,148,168,0,0,0,0,21,0,0,0,0,43,0,20,11,11,0,282,0,0,0,0,0
48003,102,18,14,0,0,0,0,0,0,0,0,12,10,0,0,0,0,0,0,0,0,0,0,0,0,0,0,0
2173,102,0,37,0,30,0,0,0,0,0,15,16,67,0,0,0,53,11,0,20,25,0,68,0,0,0,11,0
2162,102,0,0,0,0,0,19,0,0,0,0,0,0,0,0,0,0,0,0,44,0,0,20,0,0,21,18,14
563,101,0,0,0,0,0,20,0,0,0,0,0,0,0,0,0,0,0,0,0,0,0,49,0,0,0,0,0
2936799,101,0,0,0,0,0,0,0,0,0,0,0,0,0,0,0,0,0,0,0,0,0,0,0,0,0,0,0
3062598,101,0,0,0,0,11,21,12,18,0,0,0,0,0,0,0,0,0,0,0,0,0,0,0,15,0,0,0
2034769,101,0,0,0,0,0,0,0,0,0,0,0,0,0,0,0,0,0,18,0,0,0,37,0,0,0,0,0
2759705,101,0,0,0,0,0,0,0,0,0,0,0,0,0,0,0,0,0,0,0,0,0,0,0,0,0,0,0
246167,101,14,44,0,0,0,17,0,0,0,0,0,0,0,0,0,0,0,0,33,0,0,26,0,0,0,14,0
101571,101,42,60,0,0,43,178,0,21,27,0,31,67,0,0,0,0,0,0,20,0,0,187,19,0,0,0,0
93219,101,0,0,0,0,0,41,0,0,0,0,0,23,0,0,0,0,0,0,0,0,0,0,0,0,0,0,0
252307,101,0,13,0,0,15,86,0,21,0,0,0,0,0,0,0,41,0,0,0,0,0,0,0,0,0,14,0
291645,101,23,40,15,14,28,21,26,29,21,0,13,48,0,18,0,23,0,0,56,0,28,52,35,17,40,0,0
833,101,0,0,0,0,0,0,0,0,0,0,0,0,0,0,0,26,0,0,36,0,16,11,0,0,0,21,18
123841,101,0,12,0,0,36,24,0,0,0,0,0,0,0,0,0,11,0,0,29,0,20,0,0,24,13,16,13
2878390,101,23,26,0,0,0,0,0,0,0,0,0,0,0,0,0,0,0,0,19,0,0,0,0,0,0,0,0
2672570,101,24,31,18,26,0,0,22,36,22,0,18,0,13,0,0,13,0,0,51,12,20,40,0,0,11,22,10
148813,101,0,0,0,11,0,0,0,0,0,0,0,18,0,0,0,0,18,0,25,0,0,24,0,0,0,0,0
152268,101,38,60,0,58,81,59,13,13,0,0,0,53,0,0,0,28,0,148,95,69,62,108,0,60,74,148,66
324057,101,0,13,0,12,16,19,0,0,0,0,0,0,0,0,0,13,0,0,21,0,0,41,0,0,0,0,0
126569,101,17,29,0,0,0,12,0,0,0,0,0,13,0,0,0,14,0,0,0,0,0,28,0,0,0,0,0
3367691,101,0,13,0,15,0,14,0,0,0,0,0,11,0,0,0,0,0,0,0,12,0,21,0,0,0,0,0
2598458,101,0,0,0,0,15,15,0,16,0,0,0,0,0,0,0,0,0,0,10,0,0,36,0,0,0,12,0
33987,101,0,0,27,31,0,0,13,13,0,0,0,0,0,0,0,35,0,0,62,0,0,0,0,0,19,13,0
1254,101,31,42,36,52,19,21,30,26,0,0,0,18,0,0,0,146,0,0,162,21,0,138,0,0,66,46,30
2774656,101,0,0,0,0,0,0,70,77,13,0,0,0,34,12,0,24,0,0,13,0,0,31,0,0,0,19,0
1981510,101,0,0,0,0,19,13,0,0,0,0,0,0,0,0,0,33,0,0,125,13,0,45,0,0,0,12,0
2056258,101,0,0,0,0,35,47,0,0,0,0,0,0,0,0,0,0,0,21,0,0,0,0,0,0,0,0,0
67305,101,0,0,0,0,14,20,0,0,0,0,0,0,0,0,0,0,0,0,0,0,0,0,0,0,0,0,0
114880,101,0,0,0,0,0,0,0,0,0,0,0,0,0,0,0,0,0,0,12,0,0,0,0,0,0,0,0
3430559,101,0,0,0,0,0,0,0,0,0,0,0,0,0,0,0,0,0,0,10,0,0,0,0,0,0,0,0
204042,100,0,109,0,41,45,70,0,22,0,0,0,0,0,0,41,207,0,0,35,31,0,22,0,28,28,44,16
152297,100,0,0,0,0,0,0,0,0,0,0,0,0,0,0,0,0,0,0,0,0,0,0,0,0,0,0,0
2742685,100,10,21,0,0,0,14,0,0,0,0,0,0,0,0,0,167,0,0,37,0,0,26,0,17,29,28,16
170651,100,13,85,0,0,0,21,0,11,0,0,0,0,0,0,0,11,0,0,46,0,0,17,0,0,13,0,0
689,100,25,38,31,28,83,81,0,50,0,0,21,0,0,0,0,61,0,0,83,0,0,217,0,0,16,27,18
1917421,100,14,28,15,0,0,43,0,0,0,0,0,0,0,0,0,48,0,0,20,10,10,18,12,10,0,0,0
2746060,100,13,14,13,22,0,12,27,43,0,0,0,21,0,0,11,31,0,0,94,0,0,35,0,0,45,42,21
2789216,100,0,28,0,0,100,104,12,25,0,0,0,0,0,0,0,32,0,21,0,0,0,0,0,0,0,0,0
3141789,100,0,0,0,0,0,0,0,0,0,0,0,0,0,0,0,0,0,0,0,0,0,24,0,0,0,0,0
3230984,100,0,0,0,0,0,0,0,0,0,0,0,0,0,0,0,0,0,0,0,0,0,0,0,0,0,0,0
2026199,100,0,0,0,0,47,101,0,0,0,0,0,0,0,0,0,50,0,0,30,0,0,30,0,0,28,40,0
576611,100,0,0,17,11,27,13,11,28,0,0,0,0,0,0,0,12,0,0,42,0,0,63,0,0,0,0,0
3137857,100,16,66,13,14,26,76,0,78,0,0,15,0,0,0,15,76,0,0,50,26,12,46,0,0,0,17,0
2487074,100,13,0,0,0,0,13,0,0,0,0,0,0,0,0,0,95,0,10,0,0,0,44,0,0,0,0,0
390884,100,0,36,0,0,68,96,0,14,0,0,0,10,0,0,0,122,0,0,33,12,13,22,0,0,17,16,0
652716,100,25,36,16,13,0,15,0,0,0,0,0,31,0,0,11,82,0,26,29,18,0,41,0,0,18,12,0
1642647,100,0,15,13,15,51,36,0,0,0,0,0,0,0,0,0,12,0,44,39,14,0,36,0,0,0,0,0
2315862,100,0,0,26,41,45,43,17,30,11,0,0,10,0,0,0,52,0,0,62,0,0,46,0,10,31,19,0
824,100,16,15,0,0,0,13,0,0,0,0,0,12,0,0,0,0,0,0,14,0,0,0,0,0,0,15,0
1402,100,0,0,0,0,194,250,49,0,0,0,0,0,0,0,0,60,0,0,113,0,0,173,0,0,0,0,106
3047871,100,16,55,11,15,26,14,0,13,14,12,19,19,0,0,0,42,13,0,71,12,28,89,0,17,13,21,17
3054939,100,12,15,0,0,0,0,0,0,0,0,0,24,0,0,0,13,0,0,18,0,0,16,0,0,0,0,0
586733,100,30,25,13,22,0,0,0,0,0,0,0,0,0,0,0,0,0,0,30,0,0,289,0,0,0,11,0
1125966,100,0,10,14,18,0,0,0,0,0,0,0,0,0,0,0,53,0,10,99,0,0,23,0,0,31,30,22
1308,100,0,0,0,0,18,13,0,0,51,14,0,19,0,0,13,170,0,302,78,20,0,87,0,0,30,36,35
1834193,100,20,27,0,0,13,13,0,0,0,0,0,47,0,0,0,0,0,29,24,27,0,30,0,11,0,0,0
137732,100,0,0,0,18,35,44,0,16,0,0,0,26,0,0,0,0,0,21,33,0,0,46,0,0,0,0,0
2930219,100,18,39,11,18,30,10,0,0,14,0,11,48,0,0,18,175,0,0,47,21,0,84,0,0,25,28,15
3233380,100,0,0,0,0,0,0,0,0,0,0,0,0,0,0,0,0,0,0,0,0,0,0,0,0,0,0,0
1561005,100,0,0,0,0,0,10,0,0,0,0,0,0,0,0,0,42,0,0,0,0,0,10,0,0,0,0,0
216929,100,0,0,28,0,62,150,0,0,0,0,0,70,0,0,0,0,0,18,0,0,0,20,0,0,0,0,0
137816,100,41,56,0,13,150,103,14,70,0,0,30,0,0,0,0,23,0,0,98,12,0,17,0,0,31,29,22
2100,100,0,21,58,103,109,92,0,0,0,16,0,0,0,0,0,0,0,11,21,0,0,347,0,0,0,0,0
6035,100,0,0,0,0,17,0,0,0,0,0,0,0,0,0,0,0,0,0,13,0,0,18,0,0,0,0,0
74969,100,0,0,0,11,0,0,0,0,0,0,0,0,0,0,0,0,0,0,114,0,0,32,0,0,27,29,23
3092086,99,0,0,0,0,0,0,0,0,0,0,0,0,0,0,0,0,0,0,0,0,0,34,0,0,0,0,0
2890317,99,0,0,0,0,12,0,0,0,0,0,0,0,0,0,0,0,0,0,16,0,20,0,0,0,11,0,0
2589790,99,107,147,0,0,0,0,0,0,0,0,0,68,0,0,0,0,0,0,0,0,0,0,0,0,0,0,0
3141545,99,0,88,0,0,0,0,0,0,0,0,0,0,0,0,0,0,0,0,0,0,0,0,0,0,0,0,0
158327,99,115,106,0,0,19,47,0,23,0,21,32,22,0,0,0,0,13,0,0,28,0,0,0,0,0,0,0
192812,99,523,927,2338,359,679,1140,541,1137,0,0,0,0,0,0,0,0,0,19,0,0,0,0,0,0,0,28,0
215813,99,0,108,14,31,221,777,0,67,28,0,40,0,0,0,0,0,0,44,22,0,0,0,0,31,0,0,0
3079014,99,27,47,0,17,68,61,0,0,0,0,25,21,0,0,0,87,24,0,0,25,0,0,0,0,0,0,0
119219,99,31,69,27,16,126,211,72,74,44,16,33,0,0,0,0,32,18,25,24,0,27,47,0,30,15,0,0
2980099,99,0,0,14,15,0,0,0,0,0,0,0,0,0,0,0,62,0,0,16,0,0,24,0,0,0,12,0
3003256,99,0,18,19,23,52,59,15,23,0,0,0,0,0,0,0,30,0,0,98,0,0,82,0,0,45,29,29
573501,99,0,47,0,0,0,91,0,26,0,0,0,0,0,0,0,292,0,0,35,0,0,33,0,0,23,0,14
2040469,99,22,35,0,0,31,63,0,13,0,0,16,0,0,0,0,50,0,0,37,0,0,41,0,0,12,19,12
1917219,99,0,13,0,25,18,24,0,0,0,0,0,0,0,0,0,12,0,0,28,0,0,41,0,0,12,16,0
1960881,99,17,53,18,16,26,45,0,14,0,0,14,26,0,0,14,87,0,0,20,20,15,53,0,15,27,22,0
2033137,99,22,29,23,23,16,27,0,11,14,0,0,11,0,0,0,23,0,0,51,0,0,109,0,0,17,15,0
1244531,99,0,12,10,28,23,12,0,13,0,0,0,0,0,0,18,100,0,0,20,0,0,41,0,0,22,17,23
1479,99,0,25,0,14,28,35,0,0,0,0,0,31,0,0,0,0,0,0,25,26,30,57,17,0,13,0,0
3070680,99,0,0,14,21,59,33,15,13,20,0,0,0,0,0,0,0,0,0,68,0,0,22,0,0,13,28,10
3115294,99,15,0,0,13,11,22,0,0,0,0,0,0,0,0,0,0,0,29,0,0,0,14,0,0,0,0,0
2932256,99,0,0,0,17,10,0,10,15,0,0,0,0,0,0,0,60,0,0,32,0,0,31,0,10,16,0,0
102134,99,23,26,0,0,18,25,0,11,0,0,11,35,0,0,0,0,0,0,37,18,0,49,0,0,0,11,0
3384444,99,0,0,0,0,13,13,17,14,0,0,0,18,0,0,10,100,0,154,0,0,0,87,0,22,0,0,0
2806552,99,54,97,0,10,0,0,0,0,0,15,22,31,0,0,0,29,17,0,0,20,0,0,0,0,10,0,0
376149,99,0,0,0,0,23,77,0,0,0,0,0,0,0,0,0,0,0,30,0,0,0,0,0,0,0,0,0
67581,99,0,18,50,57,62,104,0,16,34,0,0,18,0,0,0,0,28,0,27,0,0,28,0,0,0,34,0
1767,99,0,55,0,0,108,326,0,0,0,0,0,0,0,0,0,0,0,54,0,0,0,0,0,0,0,0,0
2981138,99,12,17,0,14,18,121,0,14,0,0,0,0,0,0,0,0,0,16,17,0,14,266,0,0,0,0,0
1618022,99,18,21,25,34,114,66,0,35,0,0,0,0,0,0,0,103,0,18,70,10,0,65,0,0,64,53,0
2705319,99,0,0,21,42,118,145,0,55,0,0,0,0,0,0,0,61,0,24,50,0,0,33,0,0,0,17,0
685565,99,33,49,0,17,90,48,0,72,0,0,0,11,0,0,16,267,21,0,94,13,34,29,29,46,53,62,39
2886352,99,0,0,31,21,267,151,13,134,15,0,0,0,0,0,0,0,11,29,71,0,12,63,0,0,17,18,0
3252900,99,16,38,36,49,22,27,0,0,0,11,0,13,0,0,13,31,0,0,0,0,0,80,0,0,0,11,0
2112,99,0,17,0,0,0,0,14,14,0,0,0,0,10,0,0,39,0,0,17,12,0,21,0,0,0,0,0
3239302,99,0,0,0,0,0,0,0,0,0,0,0,0,0,0,0,0,0,0,0,0,0,39,0,0,0,0,0
46541,99,0,14,14,17,21,17,14,23,0,0,0,0,0,0,0,72,0,0,29,0,10,25,0,0,18,26,0
2603817,98,0,0,0,0,0,70,0,0,0,0,0,0,0,0,0,30,0,0,146,0,0,20,0,0,31,41,0
675,98,0,55,0,18,30,31,0,0,0,0,0,0,0,0,0,26,0,0,44,0,42,58,0,26,0,0,0
189834,98,0,0,62,20,140,102,0,0,0,0,0,0,0,0,0,78,0,0,114,0,19,22,0,0,25,28,0
3240913,98,38,87,0,30,45,55,0,0,0,24,27,34,0,0,0,223,0,0,52,49,0,67,0,0,0,15,18
3121288,98,0,0,15,13,31,73,0,0,0,0,0,0,0,0,0,0,0,0,38,0,0,0,0,0,0,0,0
2840469,98,13,28,15,22,129,266,0,15,0,0,0,0,0,0,36,148,0,123,60,0,0,14,0,25,0,24,16
192,98,55,154,37,57,475,357,0,24,49,0,44,0,42,0,0,40,0,41,21,0,0,30,0,0,31,54,0
1931238,98,107,753,62,89,912,1381,32,141,159,0,46,12,77,25,87,22,0,43,15,22,0,59,0,14,63,58,121
74329,98,0,0,0,0,33,28,0,0,0,0,0,0,0,0,0,13,0,0,0,0,0,0,0,0,0,0,0
2986827,98,16,33,23,32,18,28,0,15,0,0,0,22,0,0,0,29,0,0,37,0,10,39,0,0,14,0,0
2732161,98,0,11,29,42,46,55,0,23,0,0,0,0,0,0,0,31,0,0,17,0,19,29,19,0,0,0,0
3342246,98,43,130,10,16,21,45,14,44,13,12,19,29,17,16,13,127,0,0,19,36,0,26,0,15,20,10,11
3015168,98,22,40,10,25,38,42,0,0,0,0,0,52,0,0,0,283,0,0,124,31,0,57,0,0,24,17,24
3070660,98,0,17,20,32,12,74,0,15,18,0,0,0,0,0,33,287,0,0,17,0,0,26,0,0,21,17,15
266748,98,0,0,59,67,13,18,13,24,12,0,0,0,0,0,0,60,0,0,47,0,38,71,0,18,28,23,0
3025669,98,0,0,12,30,16,20,0,0,0,0,0,0,0,0,0,24,0,0,61,0,0,16,0,0,17,0,0
2579250,98,0,0,0,0,25,15,10,0,0,0,0,0,0,0,0,62,0,0,54,0,0,24,0,0,22,11,0
2795386,98,17,15,0,14,12,11,0,0,0,0,0,23,0,0,0,33,0,0,30,0,0,0,0,11,14,0,0
69710,98,41,42,11,17,0,17,18,34,0,0,0,0,0,0,0,0,0,0,46,0,14,27,0,0,32,34,17
1131703,98,33,21,13,19,28,12,0,0,0,0,0,0,0,0,0,0,0,0,14,0,0,20,0,0,0,0,0
2300,98,0,17,17,40,40,101,18,24,36,0,19,0,0,0,18,34,85,20,25,0,0,168,0,0,0,13,19
3115646,98,0,11,11,13,32,186,0,27,0,0,0,16,0,0,0,11,0,26,23,0,0,22,0,11,42,59,23
467262,98,21,38,0,13,0,0,10,0,0,19,21,0,0,0,18,56,0,0,36,10,0,47,0,0,0,0,0
483913,98,0,0,29,29,0,0,39,45,0,0,0,0,19,17,0,0,0,0,39,0,52,33,14,18,14,0,0
46224,98,75,102,0,19,25,19,14,16,0,34,38,60,0,0,33,74,0,0,31,30,29,62,0,0,29,18,0
3132260,98,19,33,18,30,0,14,11,0,0,14,14,101,0,0,0,45,0,0,73,33,0,45,0,0,15,12,15
3342538,98,0,0,0,15,42,40,10,0,0,0,0,37,0,0,0,52,0,0,69,0,0,29,0,0,48,36,14
1325358,98,21,21,17,19,15,0,0,17,0,0,11,17,0,0,0,14,0,0,19,16,0,29,0,0,11,15,0
2810514,98,0,0,14,22,28,18,0,0,0,0,0,0,0,0,0,40,0,0,171,0,0,46,0,11,28,49,19
1377,98,20,0,0,0,0,0,0,0,0,0,0,36,0,0,0,26,0,0,0,0,0,31,0,0,0,0,0
438033,98,12,26,0,12,13,12,0,13,0,0,0,0,0,0,28,434,0,10,28,0,0,45,0,0,13,11,15
1525,98,0,0,0,0,30,36,0,0,0,0,0,0,0,0,0,0,0,0,0,0,0,10,0,13,0,0,0
2900152,98,45,44,0,0,24,79,0,15,0,16,33,32,0,0,0,0,111,0,12,13,14,0,17,0,0,0,0
1727,98,25,56,0,0,0,55,0,0,0,0,0,30,0,0,0,0,41,0,0,0,0,0,0,0,0,0,0
1874630,98,0,0,0,0,0,52,0,0,0,0,0,0,0,0,0,0,0,0,57,0,0,0,0,0,35,23,28
1869241,98,11,17,33,44,177,112,0,57,0,0,12,0,0,0,0,41,18,16,61,13,43,90,18,0,37,12,20
324078,98,16,21,0,0,0,0,0,0,0,0,0,0,0,0,0,39,0,0,32,0,0,0,0,0,15,0,0
2238,98,0,19,0,0,0,0,0,24,0,0,0,0,0,0,0,0,0,0,0,0,0,40,0,0,0,0,0
2911853,98,0,0,0,0,0,0,0,0,0,0,0,0,0,0,0,0,0,0,0,0,0,0,0,0,0,0,0
42879,98,0,0,0,15,0,0,12,16,0,0,0,0,0,11,0,0,0,51,0,0,0,36,0,0,0,0,0
1247023,97,70,89,0,0,32,25,0,0,0,0,0,70,0,0,0,0,0,0,0,33,0,60,0,0,0,0,0
574096,97,19,43,0,0,0,24,0,23,0,0,0,15,25,0,0,26,0,0,83,24,0,21,0,12,30,21,0
52133,97,0,0,11,48,122,137,57,39,0,0,0,0,14,0,0,94,0,0,36,18,0,35,0,0,0,0,0
687,97,13,46,50,88,28,40,29,30,15,0,0,0,19,0,0,14,0,0,72,0,14,157,0,19,26,23,27
1697053,97,0,14,0,0,21,59,0,0,0,0,0,0,0,0,0,79,0,0,22,0,0,63,0,0,15,11,0
53417,97,0,0,0,0,27,20,0,0,0,0,0,0,0,0,13,62,0,0,15,13,0,21,0,0,12,0,0
452,97,0,0,12,12,0,15,0,0,0,0,0,0,0,0,0,11,0,0,54,0,0,18,0,0,18,17,14
2923279,97,0,0,0,0,0,17,0,16,10,0,0,0,0,0,0,25,0,0,19,0,0,33,0,0,0,0,0
574727,97,0,0,0,0,64,51,0,0,0,0,0,0,0,0,33,71,0,36,20,0,0,0,0,33,0,0,0
2115978,97,27,32,0,0,11,13,0,0,0,14,12,20,0,0,39,0,16,0,12,29,0,32,0,0,0,0,0
311230,97,0,0,0,15,52,149,0,26,0,0,0,0,0,0,0,0,0,35,50,0,0,58,0,0,0,0,0
994692,97,0,0,0,0,0,0,0,0,0,0,0,0,0,0,0,74,0,0,11,0,0,50,0,0,0,0,10
3119977,97,23,50,15,23,0,23,0,0,0,0,13,11,0,0,0,29,16,0,33,0,0,57,0,0,0,0,0
28112,97,17,26,0,0,11,15,82,79,0,0,0,0,26,11,32,122,0,0,14,0,0,15,0,0,20,41,20
3374600,97,0,34,26,36,0,23,0,16,0,0,0,24,0,0,0,53,0,0,44,20,0,51,0,0,24,25,10
2267891,97,0,0,0,15,0,0,0,11,0,0,0,0,0,0,19,0,0,0,49,0,10,0,0,0,14,16,0
2921718,97,0,0,0,0,0,0,0,0,0,0,0,0,0,0,0,0,0,0,0,0,0,0,0,0,0,0,0
2518176,97,23,17,0,0,18,0,0,11,0,0,0,0,0,0,0,17,0,0,42,0,0,63,0,0,0,0,0
61624,97,21,26,0,0,33,48,0,0,0,17,17,36,0,0,0,36,10,15,69,36,0,23,0,0,29,31,19
54913,97,0,0,0,0,0,21,19,24,0,0,0,0,11,0,0,0,0,0,0,0,0,17,0,0,16,0,13
84135,97,26,30,0,16,23,97,0,0,0,0,0,23,0,0,0,67,0,22,0,0,0,70,0,0,0,0,0
2026,97,0,0,0,0,0,0,0,0,0,0,0,0,0,0,0,0,0,0,38,0,0,17,0,0,0,0,0
3070999,97,36,64,13,27,62,43,13,16,0,25,17,33,0,16,15,138,11,0,35,18,0,40,0,0,20,29,12
2986803,97,0,0,0,0,0,0,0,0,0,0,0,0,0,0,0,0,0,0,0,0,0,0,0,0,0,0,0
2599401,97,0,0,13,0,14,71,0,0,0,0,0,0,0,0,0,0,0,0,0,0,0,0,0,0,0,0,0
1979527,97,0,0,0,0,0,399,0,0,0,0,0,0,0,0,0,0,0,453,0,0,0,0,0,0,0,0,0
1719132,97,0,0,10,10,13,43,0,0,31,0,0,0,0,0,0,37,0,0,0,0,0,12,0,0,0,0,0
1710,97,0,25,28,0,65,277,0,27,44,0,0,0,0,0,47,0,0,32,0,0,0,35,0,0,0,0,0
3082521,97,46,54,0,0,28,38,31,15,0,0,0,53,0,0,0,0,0,0,28,0,0,34,0,0,18,36,0
2292766,97,61,66,15,13,30,176,0,15,18,13,19,75,0,0,0,0,16,36,40,43,0,20,0,0,22,11,11
3242727,97,16,17,0,16,22,17,0,0,0,0,0,10,0,0,14,26,12,0,37,12,0,18,0,14,0,0,0
67824,96,27,35,0,0,33,76,17,33,28,0,21,25,16,0,0,15,0,0,12,16,0,13,0,0,18,0,17
3459527,96,0,0,0,0,15,20,27,35,13,0,0,0,0,26,0,0,0,0,0,0,0,0,0,0,0,0,0
2697027,96,0,0,0,16,26,45,0,0,0,0,0,0,0,0,0,0,0,0,31,0,0,0,0,0,12,10,15
472183,96,0,14,0,13,0,11,0,0,0,0,0,0,0,0,0,0,0,0,29,0,21,27,0,0,0,0,0
3243057,96,35,77,41,59,173,57,0,0,0,0,0,76,0,0,0,0,0,0,0,0,0,39,0,0,0,0,0
106592,96,26,53,29,44,234,351,0,21,29,0,23,21,0,0,36,198,0,66,67,21,0,85,0,0,33,11,15
94625,96,21,47,26,39,69,108,0,0,0,0,33,29,0,0,0,38,0,23,18,48,0,23,0,0,0,0,14
33990,96,0,0,36,69,0,0,0,0,0,0,0,0,0,0,0,0,0,0,0,0,0,21,0,0,0,0,0
785,96,0,0,0,0,0,0,0,0,0,0,0,0,0,0,0,23,0,0,25,0,0,11,0,0,0,0,0
1746199,96,27,28,0,0,48,74,0,0,0,0,0,0,0,0,0,14,0,0,0,0,0,0,0,0,0,0,0
1296669,96,0,0,0,11,23,56,0,0,0,0,0,0,0,0,0,0,0,0,0,0,0,0,0,0,0,0,0
1737446,96,27,54,0,0,0,24,0,0,0,0,23,35,0,0,0,0,0,0,26,0,0,0,0,0,0,0,0
1486245,96,49,59,15,15,32,64,15,19,0,0,23,17,0,0,15,35,0,0,56,20,0,45,13,0,19,28,15
1178825,96,21,41,0,22,27,83,16,30,17,0,0,0,0,0,0,64,0,0,47,0,30,32,0,27,0,11,18
3040348,96,0,27,28,53,28,67,21,32,27,0,0,0,0,0,0,207,0,0,211,0,54,41,0,0,0,22,17
2562285,96,16,18,15,11,24,49,0,10,0,0,0,0,0,0,0,73,0,0,60,0,0,20,0,0,22,10,16
985,96,46,64,0,0,0,27,15,30,0,12,19,48,10,0,0,25,11,0,108,19,0,44,13,19,35,36,34
3141542,96,29,29,10,21,23,28,0,11,0,0,13,24,0,0,0,44,0,0,12,25,17,20,0,14,0,10,0
3023936,96,0,0,0,0,0,24,0,22,0,0,0,0,0,0,0,54,0,0,42,0,0,14,0,0,0,0,14
3131933,96,0,0,0,0,0,37,0,0,0,0,0,0,0,0,0,30,0,0,0,0,0,21,0,0,0,0,0
2527994,96,0,0,0,0,11,41,0,13,0,0,0,0,0,0,0,291,0,15,25,11,0,33,0,0,0,14,0
138851,96,14,27,0,0,11,0,14,18,0,0,11,22,20,0,0,0,0,15,45,15,13,30,0,0,18,13,11
1741,96,22,18,14,11,10,0,0,0,0,0,10,20,0,0,0,0,0,0,37,0,0,131,0,0,0,0,0
2358,96,38,34,0,14,20,19,17,28,0,0,0,23,0,0,0,10,15,0,0,15,0,54,0,10,0,0,0
2220073,96,25,30,0,0,11,10,0,0,0,0,13,0,0,0,0,22,0,0,64,0,0,32,0,0,23,27,0
2998077,96,0,0,0,21,50,48,46,43,0,0,0,0,0,0,0,34,0,0,38,0,0,19,0,0,0,0,0
3117747,96,0,0,0,0,0,0,0,22,0,0,0,0,0,0,0,0,0,0,84,0,0,115,0,0,0,0,0
2932259,96,0,0,0,14,17,15,0,0,0,0,0,0,0,0,11,46,0,0,66,0,19,50,0,0,14,15,0
2924033,96,11,15,11,22,12,12,17,20,0,0,0,14,0,0,0,23,0,0,43,0,0,64,0,15,12,10,0
1316412,96,0,0,0,0,23,0,0,0,0,0,0,0,0,0,0,0,0,0,0,0,0,0,0,0,0,0,0
3375356,96,0,0,0,0,23,0,0,0,0,0,0,0,0,0,0,18,0,0,0,11,0,0,0,0,0,0,0
1541,96,0,0,0,16,12,0,0,0,0,0,0,0,0,0,0,13,0,0,85,33,0,29,0,0,36,22,32
209247,96,0,0,27,22,20,64,54,72,23,0,0,0,34,33,14,35,0,26,19,0,31,19,25,24,0,0,0
1884905,96,25,17,0,12,0,10,0,0,0,0,0,22,0,0,0,0,0,0,12,21,0,26,0,0,0,0,0
1891644,96,25,50,0,0,80,115,0,0,0,0,0,0,0,0,0,39,0,0,0,0,0,0,0,0,0,0,0
2789857,96,0,0,0,0,113,272,0,46,0,0,0,32,0,0,0,17,0,135,55,0,0,34,0,0,31,0,0
2906798,96,0,19,14,41,398,134,14,260,0,0,0,0,0,0,0,27,0,67,0,0,23,30,0,0,0,0,22
2124,96,43,37,0,0,0,0,0,0,0,0,16,21,0,0,0,0,12,0,0,12,0,23,0,0,0,0,0
1006576,96,15,17,0,0,0,0,22,14,0,0,0,0,0,0,0,44,31,433,56,0,25,18,0,0,18,0,0
2834276,96,0,11,0,0,13,0,0,0,0,0,0,0,0,0,0,51,0,0,41,12,0,44,0,0,25,20,19
755307,96,0,0,0,0,0,29,0,0,0,0,0,0,0,0,0,16,0,0,0,0,0,0,0,0,0,0,0
53953,96,0,0,0,0,0,0,0,0,0,0,0,13,0,0,0,28,0,0,29,11,0,0,0,0,13,0,0
3077956,95,0,0,11,25,23,10,0,0,0,0,0,0,0,0,0,0,0,0,0,0,0,16,0,0,0,22,0
1776741,95,0,0,0,0,0,0,0,0,0,0,0,0,0,0,0,36,0,0,10,0,0,47,0,0,0,0,0
2066133,95,0,17,16,19,27,33,0,0,0,0,0,0,0,0,0,0,0,27,10,0,0,22,0,0,0,0,0
245188,95,0,32,0,0,53,196,0,0,0,0,0,0,0,0,0,23,0,16,0,0,0,0,0,0,0,0,0
3066266,95,34,63,0,0,0,0,0,0,0,0,22,0,0,0,0,0,25,0,36,55,0,13,0,0,0,0,0
2163644,95,0,16,0,10,18,16,0,0,0,0,0,0,0,0,0,0,0,0,11,11,0,32,0,0,0,0,0
2217913,95,15,21,0,0,27,29,0,0,0,0,0,127,0,0,0,0,21,0,0,16,0,21,0,0,0,0,0
2666100,95,0,0,0,0,20,33,0,0,0,0,0,0,0,0,0,0,0,0,25,0,0,26,0,0,0,0,0
2893886,95,0,54,20,37,32,45,0,0,0,13,13,54,0,0,14,186,12,0,42,14,15,136,0,0,26,30,14
2015076,95,0,0,15,17,25,26,0,0,0,11,0,0,0,0,15,28,0,0,34,0,0,39,14,0,26,20,19
558152,95,0,13,129,189,36,40,21,24,0,0,0,17,0,0,0,33,0,0,87,0,47,115,18,0,43,25,38
2571030,95,46,84,0,0,33,34,0,16,0,0,34,17,0,0,14,263,0,45,106,36,0,60,0,0,49,93,26
2728024,95,0,0,0,0,20,44,0,0,14,0,0,18,0,0,0,0,0,0,0,0,0,23,0,0,0,0,0
28119,95,0,0,14,34,17,30,0,0,0,0,0,18,0,0,0,0,0,0,0,0,0,63,0,0,14,12,0
2527990,95,0,0,0,22,31,197,0,25,0,0,0,0,0,0,0,27,0,32,34,0,0,12,0,0,0,0,12
1071078,95,0,16,0,0,0,0,0,0,0,0,0,41,0,0,0,0,0,0,0,25,0,0,0,0,0,0,0
3070679,95,0,13,21,35,32,21,0,0,0,0,0,11,0,0,0,40,0,0,91,0,19,79,0,0,16,28,19
3070683,95,47,70,12,21,17,24,26,27,0,0,21,0,27,0,0,0,0,0,45,0,0,44,0,13,31,23,19
155085,95,0,10,39,58,25,46,25,29,19,0,0,0,13,0,0,0,0,0,64,0,0,62,0,0,24,11,0
2606450,95,0,0,0,0,10,10,0,0,0,0,0,0,0,0,0,13,0,0,37,0,0,51,0,0,13,0,0
269673,95,30,35,12,22,29,25,0,0,0,0,12,0,0,0,0,0,10,0,95,0,0,27,0,0,0,0,12
47715,95,0,0,0,30,40,22,0,0,0,0,0,19,0,0,0,0,0,23,42,14,14,35,0,0,24,16,20
1193095,95,38,64,12,25,24,24,0,0,0,11,13,49,0,0,0,0,14,0,35,19,0,71,0,0,0,0,0
420336,95,0,0,13,15,15,18,10,14,0,0,0,0,0,0,0,21,0,0,0,0,0,43,0,0,0,0,0
499229,95,0,0,0,10,0,14,14,18,0,0,0,14,0,0,0,65,0,17,50,0,0,27,11,0,43,12,21
3446693,95,0,0,0,0,0,0,0,0,0,0,0,0,0,0,0,0,0,0,0,0,0,0,0,0,0,0,0
78448,95,12,25,0,0,0,23,0,0,0,0,0,0,0,0,0,0,0,0,10,0,0,0,0,0,0,0,0
3463334,95,0,24,0,0,409,73,0,207,13,0,0,0,0,0,29,454,0,17,26,0,0,17,0,0,15,14,23
2607662,95,11,16,0,0,0,10,0,12,0,0,0,17,0,0,11,0,0,0,0,0,0,21,0,0,0,0,0
1987921,94,0,0,0,0,0,0,0,0,0,0,0,0,0,0,0,16,0,0,26,0,0,14,0,0,0,12,0
2937286,94,18,28,31,41,53,53,0,0,0,0,0,89,0,0,0,35,0,0,0,33,0,51,0,0,29,22,0
3391828,94,0,69,14,12,46,28,0,13,0,0,0,0,0,0,18,0,0,0,15,19,12,26,0,0,0,0,0
1853130,94,0,0,0,10,0,41,0,0,0,0,0,13,0,0,0,0,0,0,0,0,0,30,0,0,0,0,0
266805,94,0,0,0,0,0,0,0,0,0,0,0,0,0,0,0,0,0,0,0,0,0,0,0,0,0,0,0
2483404,94,0,0,0,0,38,50,0,0,0,0,0,0,0,0,0,0,0,164,0,0,0,0,0,0,0,0,0
60137,94,0,60,44,59,159,602,19,77,0,0,0,0,0,0,0,0,0,0,0,0,0,57,0,0,0,0,0
1593482,94,20,27,0,0,24,71,0,0,0,0,0,0,0,0,0,0,0,31,0,0,0,0,0,0,0,0,0
2807626,94,0,0,0,10,18,18,0,0,0,0,0,0,0,0,0,64,0,0,10,0,0,15,0,0,0,0,0
2855841,94,19,46,65,58,28,37,53,78,0,18,0,0,41,0,0,116,0,0,98,0,24,142,0,0,42,27,37
2976768,94,13,36,10,14,20,78,26,46,15,0,0,33,22,0,13,163,0,52,59,21,0,48,0,0,44,13,12
466153,94,0,0,12,20,50,134,34,49,20,0,0,15,27,0,0,10,0,20,0,0,0,19,0,0,0,0,0
2979115,94,0,14,18,20,12,124,14,18,0,0,0,0,12,0,0,0,0,0,0,14,17,14,19,17,0,0,0
64160,94,13,26,0,11,0,0,0,0,0,0,0,13,0,0,23,51,0,0,53,0,0,33,0,0,21,13,0
1911587,94,0,0,0,0,0,0,0,0,0,0,0,0,0,0,0,0,0,0,0,0,0,51,0,0,0,0,0
1920422,94,0,0,15,23,14,0,0,0,0,0,0,0,0,0,0,0,0,0,46,10,0,18,0,0,22,24,19
3136731,94,0,0,0,0,0,14,0,0,0,0,0,0,0,0,0,0,0,0,35,0,0,0,0,0,18,21,0
2921557,94,11,16,0,0,21,16,0,0,0,0,0,0,0,0,0,50,0,51,13,13,0,34,0,0,0,0,0
3393449,94,31,53,0,0,0,0,22,30,0,15,19,80,24,0,0,0,12,0,45,36,0,12,0,16,11,20,14
1215089,94,26,41,14,17,0,0,0,0,0,0,19,13,0,0,0,29,13,0,31,14,0,19,0,0,12,0,0
2921713,94,0,23,30,24,50,14,22,23,0,0,0,0,0,0,0,123,0,25,35,0,21,98,0,0,11,0,0
1629,94,22,46,0,19,24,19,0,0,0,0,0,25,0,0,0,54,12,0,10,12,0,13,0,0,15,19,0
1550024,94,0,0,0,0,0,15,0,0,0,0,0,0,0,0,0,0,0,0,10,0,0,0,0,0,0,0,0
55504,94,0,0,0,0,20,22,0,0,0,0,0,0,0,0,0,85,0,0,62,0,0,18,0,0,39,31,11
2975692,94,0,0,0,0,0,0,0,0,0,0,0,0,0,0,0,0,0,0,0,0,0,0,0,0,0,0,0
3401630,94,0,0,0,0,0,41,0,0,0,0,0,0,0,0,0,0,0,0,0,0,0,0,0,0,0,0,0
2321394,94,0,0,0,0,0,10,0,0,0,0,0,0,0,0,0,16,0,0,0,0,0,0,0,0,0,0,0
3439050,94,15,20,17,30,163,59,0,44,0,0,0,0,0,0,0,22,0,62,112,19,22,67,15,25,33,37,47
3065396,94,0,13,0,0,251,70,0,156,0,0,0,17,0,0,0,19,0,0,13,13,0,33,0,0,12,0,0
155863,94,0,20,21,27,0,10,0,0,0,0,0,18,0,0,0,79,0,0,30,0,0,36,0,0,0,20,0
2878098,93,0,0,0,39,24,0,0,0,0,0,0,0,0,0,0,0,0,0,0,0,0,27,0,0,0,0,0
2589987,93,0,42,10,14,0,23,0,26,16,0,0,0,0,0,0,0,0,10,23,0,12,53,0,11,0,13,0
2054173,93,30,19,0,12,0,16,0,12,0,0,12,40,0,0,0,0,0,0,82,11,0,40,0,0,29,30,27
113267,93,0,0,0,0,12,21,0,0,0,0,0,18,0,0,0,17,0,0,62,10,0,13,0,0,25,14,0
3039158,93,0,0,0,0,22,102,0,0,11,0,0,0,0,0,61,253,0,139,0,0,0,0,0,23,10,24,0
3066173,93,0,0,0,0,0,0,0,0,0,0,0,0,0,0,0,0,0,0,0,0,0,0,0,0,0,0,0
3374192,93,0,47,0,29,0,0,0,0,0,0,0,0,0,0,0,47,0,0,0,0,0,38,0,0,0,0,0
859058,93,15,68,17,10,230,186,0,18,0,0,0,0,0,0,0,11,0,0,0,0,0,0,0,0,0,0,0
1562974,93,0,0,0,0,24,27,0,0,0,0,0,0,0,0,0,0,0,0,15,0,0,15,0,0,0,0,0
1108595,93,0,23,48,48,55,59,17,33,0,0,0,16,0,0,0,0,0,0,0,0,0,0,0,0,0,0,0
2732487,93,0,0,0,0,12,81,0,0,10,0,0,0,0,0,0,0,0,10,15,0,0,0,0,0,0,0,0
2893883,93,0,14,12,17,0,29,0,19,0,0,0,0,0,0,0,42,0,0,18,0,0,64,0,0,0,15,29
2358479,93,0,47,0,31,27,50,0,19,0,0,0,20,0,0,0,28,0,0,40,0,0,45,0,0,0,0,0
111501,93,0,14,15,14,16,181,0,11,0,0,0,19,0,0,0,48,0,0,39,0,0,26,0,0,17,14,13
3015170,93,36,52,0,13,0,19,0,0,0,0,0,0,0,0,0,83,0,0,30,0,0,17,0,0,0,0,0
3231511,93,0,17,18,19,54,34,0,0,0,0,0,29,0,0,0,0,22,0,15,0,0,30,0,0,14,13,25
2932254,93,0,11,0,0,32,39,0,0,0,0,0,0,0,0,46,17,0,0,32,0,12,12,0,0,0,13,0
3290090,93,0,0,0,0,12,25,0,10,13,0,0,12,0,0,0,0,0,26,97,19,0,33,0,0,24,24,28
2930200,93,0,18,10,16,22,19,15,13,0,0,0,0,0,0,0,14,0,0,46,0,0,50,0,24,11,12,0
511746,93,0,0,0,16,0,0,0,0,0,0,0,0,0,0,0,0,0,0,11,0,0,19,0,0,0,0,0
3133311,93,0,0,0,0,0,89,0,0,0,0,0,0,0,0,0,111,0,0,0,0,0,0,0,0,0,0,0
3129297,93,0,0,10,0,0,0,0,0,0,0,0,0,0,0,0,12,0,0,57,0,12,28,0,0,12,16,0
126156,93,15,22,13,22,23,24,0,0,0,11,0,0,0,0,0,65,0,0,20,35,0,43,0,0,21,0,0
2923364,93,0,0,0,0,0,0,0,0,0,0,0,0,0,0,0,0,0,0,28,0,0,16,0,0,12,13,0
2036206,93,15,31,0,0,43,23,0,0,0,0,0,31,0,0,0,0,13,0,32,19,0,21,0,0,23,17,19
3036300,93,0,32,0,0,0,0,0,0,0,0,0,0,0,0,0,43,0,25,18,0,0,25,0,0,0,0,0
709868,93,62,94,0,0,53,69,0,0,0,23,48,0,0,0,0,0,0,34,0,0,0,45,0,0,0,0,0
1050657,93,0,0,0,0,16,21,0,0,0,0,0,15,0,0,20,0,0,30,0,0,0,0,0,0,0,0,0
3457544,93,23,48,14,14,121,49,0,83,10,22,17,30,0,0,11,96,11,0,35,30,0,31,0,0,14,13,12
3026967,92,45,46,0,0,0,0,0,0,0,0,29,45,0,0,0,27,31,0,43,19,0,30,0,0,0,0,0
351672,92,42,64,0,0,31,27,0,0,0,0,0,88,0,0,0,0,0,11,0,45,0,27,0,30,14,0,0
2831894,92,0,27,0,0,0,0,0,0,0,0,0,0,0,0,0,0,0,0,16,0,0,0,0,0,0,0,0
104623,92,0,0,0,0,26,0,0,0,0,0,0,0,0,0,0,0,0,0,0,0,0,0,0,0,0,0,0
1965282,92,0,13,0,17,40,87,0,0,0,0,0,0,0,0,0,30,0,0,92,0,0,16,0,0,13,0,0
512649,92,52,81,12,21,0,17,0,0,0,18,17,53,0,0,0,12,39,0,52,24,10,45,0,12,22,12,11
293552,92,0,24,0,12,0,16,0,0,0,0,0,0,0,0,15,107,0,0,58,0,0,13,0,0,0,0,0
382,92,0,57,46,40,149,210,0,38,0,0,0,22,0,0,0,172,0,51,44,0,0,68,0,0,0,0,21
165694,92,0,26,0,0,18,18,0,0,0,31,0,31,0,0,0,11,0,0,13,21,0,39,0,0,26,15,0
199596,92,0,0,42,42,30,65,0,0,0,0,0,0,0,0,0,13,0,26,0,0,0,57,0,0,0,0,0
3003257,92,12,31,0,0,0,13,0,20,0,0,0,0,0,0,17,43,0,11,77,11,14,63,0,17,19,12,13
2793009,92,0,24,0,0,0,0,33,53,0,0,0,0,0,0,0,32,0,0,0,0,0,0,0,0,0,0,0
1476901,92,36,60,0,0,0,67,0,0,0,0,0,0,0,0,0,159,0,0,36,0,0,46,0,0,0,0,0
2893202,92,17,33,22,32,40,55,15,13,0,14,0,0,0,0,0,78,12,0,63,0,0,64,0,0,0,0,16
2723088,92,41,20,0,0,0,18,18,45,26,0,0,22,0,0,0,11,31,0,25,0,0,37,0,0,0,17,0
981385,92,23,20,0,14,14,13,10,21,0,0,0,13,0,0,0,0,0,0,22,16,0,44,0,0,24,19,11
3115297,92,13,16,0,17,28,35,0,0,0,15,0,0,0,0,0,77,0,0,25,37,0,38,0,0,14,0,10
528187,92,26,52,0,0,0,13,0,0,0,0,16,29,0,0,0,32,16,0,12,21,0,21,0,0,0,0,0
3400422,92,11,0,0,0,14,0,0,17,0,0,0,0,10,11,0,56,0,0,38,0,0,24,0,10,29,15,21
2908840,92,17,23,0,15,32,35,0,0,0,0,0,0,0,0,0,0,0,55,16,0,0,72,0,0,15,13,0
2939494,92,42,30,0,32,0,0,0,0,0,23,14,26,0,0,0,0,15,0,22,0,23,44,0,23,0,16,0
29391,92,0,16,0,17,48,63,0,0,0,12,0,26,0,0,0,11,0,43,41,0,0,68,0,18,23,24,13
1545702,92,0,0,0,0,0,0,0,0,0,0,0,0,0,0,0,0,0,0,26,0,0,36,0,0,0,0,0
46124,92,19,26,27,36,34,95,0,0,0,14,0,0,0,0,0,131,0,34,39,0,13,59,0,10,34,13,21
185007,92,17,24,0,0,0,0,0,0,0,0,12,0,0,0,0,76,0,0,82,12,12,31,0,17,16,12,0
51201,92,0,26,0,0,18,87,12,30,0,0,0,0,0,0,0,0,0,16,22,0,0,0,0,0,0,0,0
2995223,92,21,20,0,0,16,60,0,0,0,14,23,19,0,0,0,0,0,19,0,0,0,0,0,0,0,0,0
554406,92,0,0,0,0,43,35,21,34,0,0,0,21,28,0,0,48,0,16,34,0,0,0,0,0,17,16,0
1229909,92,23,28,21,0,15,22,0,0,18,0,17,33,0,0,13,26,0,0,25,0,0,21,0,13,15,17,11
3080759,92,25,16,20,37,33,16,0,12,0,0,11,0,0,0,11,0,0,0,16,0,0,103,0,0,0,0,0
3433755,92,0,12,0,0,0,0,0,0,0,0,0,0,0,0,0,0,0,0,16,0,0,0,0,0,0,0,0
40577,91,0,0,0,0,22,17,0,0,0,0,0,0,0,0,0,21,0,0,28,0,17,14,0,0,25,18,11
1761891,91,0,0,0,0,0,0,0,0,0,0,0,0,0,0,0,0,0,0,0,0,0,43,0,0,0,0,0
28107,91,23,36,0,0,0,0,11,0,0,0,0,27,0,0,24,105,0,0,36,0,0,16,0,0,0,54,0
1526571,91,0,12,14,10,14,113,0,26,14,0,0,0,0,0,10,0,0,0,11,0,0,22,14,11,0,18,0
2004650,91,27,33,0,0,0,0,0,0,0,12,14,0,0,0,0,26,0,0,25,0,0,0,0,0,0,0,13
278860,91,0,41,45,50,14,22,0,0,0,0,0,13,0,0,0,20,0,0,15,0,13,28,14,0,13,0,0
398736,91,10,60,0,0,13,32,0,0,0,0,0,0,0,0,0,0,0,0,49,0,18,0,0,0,10,0,11
44935,91,17,41,17,19,47,64,0,15,36,0,0,0,0,0,39,120,0,17,49,15,186,40,47,30,0,12,0
69,91,16,27,17,38,88,332,35,72,60,0,0,0,0,25,0,12,0,42,35,0,0,178,0,0,31,0,18
3101308,91,0,19,14,28,20,113,0,22,0,0,0,17,0,0,12,57,0,0,30,0,16,56,11,0,0,0,0
2917727,91,0,0,0,0,34,29,0,0,0,0,0,0,0,0,0,27,0,0,34,0,0,0,0,0,0,0,0
2878152,91,0,0,0,0,0,43,0,0,0,0,0,0,0,0,0,0,0,0,26,0,0,0,0,0,0,0,0
2745561,91,0,0,0,59,32,58,0,0,0,0,0,0,0,0,0,0,0,0,0,0,0,0,0,24,0,0,0
2920935,91,0,25,0,11,23,57,0,16,0,0,0,0,0,0,0,69,0,0,41,0,0,22,0,0,33,20,25
2656760,91,0,14,0,0,31,29,0,0,0,0,0,0,0,0,0,0,0,0,0,0,0,119,0,0,0,0,0
1267423,91,16,44,12,30,46,239,45,38,10,11,10,15,0,0,929,3194,0,91,690,13,101,34,28,103,89,318,100
3117552,91,0,0,0,0,0,12,0,0,0,0,0,0,0,0,0,12,0,0,22,0,0,25,0,0,14,0,0
3350173,91,0,0,0,0,30,23,22,23,18,27,0,28,0,16,10,55,0,0,11,20,0,34,0,0,0,0,0
1295612,91,0,0,0,0,19,23,0,0,0,0,0,0,0,0,0,0,0,0,33,0,0,25,0,0,0,21,0
3036359,91,27,44,0,0,30,29,0,0,0,0,12,10,0,0,0,26,0,40,64,0,0,51,0,0,19,21,22
2029860,91,20,27,0,0,17,112,0,10,0,0,25,11,0,0,0,0,0,19,0,16,0,0,0,0,0,0,0
2932257,91,39,52,0,0,11,14,0,0,0,0,15,26,0,0,0,10,12,0,43,25,0,24,0,0,28,0,16
3039392,91,25,29,11,15,0,0,0,14,0,13,11,37,12,0,0,17,0,0,72,47,0,39,0,0,30,39,14
2211212,91,0,0,0,0,0,0,12,12,0,0,0,0,0,0,0,44,0,0,28,0,19,27,0,0,0,0,0
528191,91,45,41,0,0,0,0,0,0,0,20,0,0,0,0,0,15,45,0,0,24,0,61,0,0,29,0,0
2929481,91,10,0,0,0,24,37,0,0,0,0,0,0,0,0,0,33,0,0,15,19,0,29,0,16,33,0,0
152335,91,0,0,0,10,21,18,0,0,0,0,0,14,0,0,0,0,0,0,0,16,0,26,0,0,0,0,0
3144975,91,26,29,0,11,0,12,0,0,0,0,0,0,0,0,0,13,0,0,0,0,11,24,0,0,14,0,0
45851,91,0,0,0,0,0,0,0,15,0,0,0,0,0,0,0,0,0,0,27,0,0,21,0,0,10,0,13
2708053,91,0,13,10,21,0,17,0,10,0,0,0,19,0,0,0,12,0,26,65,0,0,59,0,0,0,0,0
3036303,91,0,16,0,0,0,45,0,0,0,0,0,13,0,0,0,0,0,29,71,13,15,16,0,16,22,18,0
2749049,91,15,27,0,0,0,0,0,56,40,0,0,0,0,0,0,0,0,0,58,0,0,0,0,0,37,53,13
142651,91,0,0,0,0,0,0,0,0,0,0,0,0,0,0,0,0,0,0,11,0,0,31,0,0,0,0,0
2571116,91,10,0,0,0,0,10,13,19,0,0,0,0,0,0,0,89,0,0,56,0,0,29,0,0,0,0,0
101192,91,0,0,0,0,15,0,0,0,0,0,0,0,0,0,0,59,0,0,34,0,0,13,0,0,17,10,0
338192,91,14,24,47,13,15,22,0,0,17,0,12,50,0,0,20,30,14,0,0,12,0,16,0,13,0,0,0
455364,91,13,23,11,11,0,0,0,0,0,0,0,0,0,0,0,68,0,0,0,0,0,20,0,0,0,0,0
2675793,90,0,0,0,0,0,0,0,0,0,0,0,0,0,0,0,0,0,0,17,0,0,0,0,0,0,0,0
1639108,90,10,18,19,21,73,82,0,0,0,0,0,0,0,0,0,41,0,0,0,0,0,18,0,0,0,0,0
2774015,90,0,0,0,0,0,0,0,0,0,0,0,0,0,0,0,0,0,0,23,0,0,0,0,0,0,0,0
1720343,90,0,0,57,77,69,76,0,0,0,0,0,0,0,0,0,0,0,0,0,0,0,114,0,0,0,0,0
2929509,90,0,0,0,0,0,0,38,53,0,0,0,0,0,0,0,0,0,0,0,0,63,0,0,0,0,0,0
2912314,90,0,258,0,0,0,27,0,0,0,0,0,0,0,0,0,42,0,22,10,0,0,20,0,0,0,0,11
136468,90,0,25,0,0,17,0,270,157,40,0,0,0,95,46,0,0,0,0,29,0,61,18,0,0,30,27,18
163011,90,0,0,0,12,0,18,0,0,0,0,0,0,0,0,0,0,0,0,0,0,0,18,0,0,0,0,0
2565368,90,0,16,16,20,40,61,0,19,0,0,0,0,0,0,0,0,0,0,0,0,0,19,0,0,0,0,0
435897,90,19,24,52,60,86,227,0,24,24,0,0,39,0,0,29,60,0,24,53,0,0,28,0,0,21,16,0
931866,90,0,54,0,0,92,103,20,28,0,0,0,0,22,0,0,57,0,48,0,0,0,0,0,0,0,0,0
2840456,90,0,0,0,0,28,44,0,0,0,0,0,20,0,0,0,0,0,0,0,0,0,13,0,0,0,0,0
655353,90,16,93,0,12,48,76,0,20,15,10,0,21,0,0,29,430,0,0,321,0,11,66,0,0,285,239,167
540747,90,20,111,35,29,174,716,0,80,61,0,39,0,0,0,33,13,0,60,17,0,0,15,0,0,20,0,26
1396826,90,0,86,25,37,129,555,21,56,35,0,0,0,0,0,18,0,0,40,0,0,0,25,0,0,15,0,0
947919,90,0,0,19,37,42,112,14,43,57,0,32,15,0,0,32,26,98,18,22,0,0,42,0,12,18,11,13
3391182,90,0,0,0,0,0,0,0,0,0,0,0,0,0,0,0,0,0,0,0,0,0,0,0,0,0,0,0
35786,90,0,0,0,0,0,0,0,0,0,0,0,0,0,0,0,0,0,0,0,0,0,0,0,0,0,0,0
86663,90,0,13,0,0,0,0,10,19,0,0,0,10,0,0,0,0,0,0,15,0,0,27,0,0,10,0,0
361277,90,0,10,0,0,21,17,14,14,0,0,0,0,0,0,0,0,0,0,17,0,0,19,0,0,0,0,0
1616788,90,34,65,0,0,24,21,0,0,0,15,13,29,0,0,17,315,10,0,34,19,0,15,0,0,31,40,0
198119,90,25,30,0,0,14,12,0,0,0,0,0,31,0,0,0,59,0,0,59,17,0,19,0,0,11,26,14
1902136,90,0,0,0,0,0,75,0,0,0,0,0,0,0,0,0,131,0,0,15,0,0,0,0,0,22,17,0
2763670,90,23,52,22,19,0,0,0,0,0,13,0,12,0,0,0,83,0,0,13,14,0,19,0,0,16,0,0
143361,90,19,42,0,0,0,0,0,39,0,0,18,14,16,0,25,162,0,15,82,0,26,30,0,0,30,13,0
1323375,90,0,0,23,33,37,24,0,0,0,0,0,0,0,0,0,89,0,0,22,0,0,41,0,0,38,20,16
67351,90,0,58,0,0,0,0,0,0,0,0,0,0,0,0,0,0,0,0,0,0,0,0,0,0,0,0,0
2139,90,19,23,10,0,27,19,0,0,0,0,0,25,0,0,0,48,0,0,37,16,0,46,0,0,11,19,0
3242468,90,0,23,20,24,16,12,15,0,0,12,0,24,0,0,13,0,0,0,33,19,15,34,0,0,0,33,17
342950,89,0,14,12,15,23,32,0,10,0,0,0,12,0,0,0,0,0,0,28,0,0,50,0,10,17,21,12
2751176,89,0,0,0,0,33,0,0,0,0,0,0,0,0,0,0,0,0,0,107,0,0,58,0,0,0,0,0
28171,89,0,41,0,10,0,18,0,0,0,0,0,0,0,0,0,45,0,0,34,0,42,44,0,15,14,0,16
753,89,0,16,28,38,42,47,0,24,0,0,0,0,0,0,0,26,0,0,32,0,11,76,0,0,11,20,11
111844,89,0,0,0,0,0,0,30,26,20,25,0,92,0,0,0,0,0,0,0,76,0,70,0,0,0,0,0
47735,89,18,36,16,21,34,53,0,0,0,0,0,0,0,0,0,63,0,0,38,11,0,37,11,16,0,0,0
2003315,89,0,17,17,25,24,79,0,0,0,0,0,0,0,0,0,0,0,0,0,0,0,0,0,0,0,0,0
2986838,89,0,18,33,28,26,22,0,0,0,0,0,0,0,0,41,203,0,18,50,0,0,62,0,0,0,0,0
1563479,89,0,0,0,15,17,28,0,14,16,0,0,0,0,0,0,95,0,0,28,0,0,38,0,0,0,14,0
3110539,89,0,0,0,0,14,21,0,0,0,0,0,0,0,0,0,0,0,0,10,0,0,38,0,0,0,0,0
171404,89,0,0,0,0,0,14,0,0,0,0,0,0,0,0,12,125,0,0,87,0,0,16,0,0,18,18,21
2507935,89,0,0,0,11,0,0,0,0,0,0,0,0,0,0,0,64,0,0,31,0,0,24,0,0,25,0,11
1826727,89,14,37,0,0,18,0,0,31,0,0,0,37,19,0,0,0,0,0,33,23,0,152,0,0,10,13,10
2975641,89,0,23,0,0,36,86,0,13,0,0,0,0,0,0,0,0,0,0,0,11,0,0,0,0,0,0,0
2925844,89,0,0,0,0,14,31,0,0,0,0,0,0,0,0,0,0,0,0,0,0,0,10,0,0,0,0,0
573600,89,0,0,0,0,0,0,0,0,0,0,0,25,0,0,0,0,0,0,0,0,0,0,0,0,0,0,0
2997333,89,0,0,0,0,28,127,0,12,0,0,0,0,0,0,0,29,0,22,39,0,0,0,0,0,11,0,0
669359,89,17,43,28,44,63,111,15,40,18,14,0,16,0,14,0,62,13,21,39,13,40,101,0,35,19,0,16
1481672,89,29,50,19,42,316,60,0,113,0,19,14,28,0,0,0,0,0,0,17,0,0,48,0,0,15,0,0
216931,89,0,0,19,12,0,0,0,0,0,0,0,18,0,0,0,20,0,0,41,0,0,17,0,0,15,30,14
170861,89,11,22,16,19,0,0,0,0,0,15,0,26,0,0,22,28,0,0,85,0,0,215,0,0,56,60,65
1277351,89,15,21,0,0,0,0,0,0,0,0,0,10,0,0,0,0,0,0,26,0,0,31,0,0,0,14,0
69218,88,0,0,0,0,0,32,0,21,0,0,0,0,0,0,0,0,0,16,26,0,0,0,0,0,0,0,0
1891675,88,0,13,0,0,20,28,0,0,0,0,0,0,0,0,12,40,0,0,60,0,20,31,0,0,29,0,18
1714845,88,0,15,0,0,33,45,0,0,0,0,0,31,0,0,0,0,0,0,17,0,0,0,0,21,0,0,0
2058133,88,0,55,0,0,0,0,0,0,0,0,0,0,0,0,0,0,0,0,0,0,0,0,0,0,0,0,0
2997426,88,0,0,0,0,0,0,0,0,0,0,0,0,0,0,0,0,0,0,0,0,0,0,0,0,0,0,0
2213226,88,0,15,36,81,24,18,17,15,0,0,0,10,0,0,0,83,0,0,34,0,0,48,0,0,17,10,11
2587849,88,0,0,0,0,25,84,0,0,0,0,0,0,0,0,0,0,0,0,0,0,0,14,0,0,0,0,0
2599927,88,0,0,0,0,0,0,0,0,0,0,0,0,0,0,0,0,0,0,40,0,0,58,0,0,52,0,35
3074109,88,0,16,0,13,17,0,0,0,0,14,0,14,0,0,53,681,0,0,1218,14,0,0,0,0,107,150,56
1427364,88,0,19,0,0,0,10,0,0,0,0,0,0,0,0,0,19,0,0,36,0,0,24,0,0,0,10,18
2795216,88,0,0,0,0,43,66,0,18,0,0,0,0,0,0,0,16,0,0,27,0,0,0,0,0,0,0,0
52764,88,0,12,0,0,0,0,51,38,23,0,0,30,22,47,0,32,0,0,22,0,0,14,0,0,0,13,0
2970906,88,50,104,0,55,315,213,0,22,38,0,0,0,0,0,0,29,0,35,15,0,0,44,0,0,0,0,0
159450,88,0,26,0,0,14,53,0,0,0,0,0,25,0,0,0,29,0,0,0,13,0,0,0,0,0,0,0
2806347,88,0,0,48,42,26,77,0,0,0,0,0,0,0,0,0,0,0,0,11,0,0,17,0,0,0,0,0
28449,88,0,0,0,32,0,53,0,0,0,0,0,18,0,0,0,62,0,46,52,0,39,102,0,0,31,23,0
3003263,88,15,21,0,20,14,20,0,0,0,0,10,58,0,0,0,24,0,0,41,51,0,46,0,0,0,26,0
2915619,88,0,41,12,23,20,267,0,44,36,0,15,18,0,0,0,11,0,18,66,0,19,48,0,0,14,12,13
2058134,88,16,39,16,23,33,32,0,13,0,0,0,35,0,0,0,73,0,0,42,17,0,36,0,0,27,19,18
316068,88,16,25,10,17,23,36,0,0,0,0,0,27,0,12,0,31,0,0,18,0,0,68,0,0,23,0,14
2829812,88,0,14,0,0,12,15,0,0,0,0,0,39,0,0,0,92,0,0,52,21,0,26,0,0,17,17,0
3404051,88,0,0,13,26,25,31,28,44,15,0,0,0,17,0,0,39,0,0,46,0,0,53,0,17,15,17,23
2764720,88,0,11,38,91,50,72,17,28,0,0,0,0,18,0,0,104,0,0,69,0,110,127,0,35,33,42,21
28223,88,19,29,17,12,24,37,0,0,12,0,11,21,0,0,0,100,11,0,60,18,24,50,0,31,27,28,22
436114,88,0,0,0,0,22,14,40,37,12,0,0,0,21,16,0,13,0,0,23,0,24,15,10,11,18,12,14
2975289,88,0,14,0,0,216,164,0,0,0,0,0,0,0,0,0,0,0,2661,30,0,0,19,0,0,0,0,0
85683,88,0,0,0,27,10,12,0,0,0,0,0,0,0,0,0,0,0,0,0,0,0,44,0,0,0,0,0
1619153,88,0,0,0,16,24,31,0,0,0,0,0,0,0,0,0,0,0,21,32,0,0,32,0,0,11,0,11
298596,88,32,35,0,0,0,0,0,0,0,0,0,0,0,0,0,0,0,0,38,20,0,32,0,0,0,15,0
2991053,88,26,34,0,0,19,13,18,25,17,0,0,11,13,10,0,0,0,0,128,15,0,40,0,0,0,0,0
2714036,88,0,14,28,27,0,0,12,13,0,0,0,0,0,0,0,23,0,0,23,0,0,27,0,0,22,0,17
51663,88,0,29,0,0,22,15,0,0,0,0,0,0,0,0,0,0,0,0,0,0,130,14,23,208,0,0,0
84025,88,0,0,0,0,0,0,0,0,0,0,0,0,0,0,0,21,0,0,0,0,0,0,0,0,0,0,0
2766537,88,0,0,13,24,0,24,0,0,0,0,0,0,0,0,0,30,0,0,25,0,0,34,0,0,0,11,0
2331,88,14,16,22,17,13,13,0,0,0,0,0,18,0,0,0,17,0,0,62,12,0,26,0,0,13,18,14
2751313,88,0,14,0,0,0,0,20,32,11,0,0,0,11,0,22,198,0,18,77,0,15,27,0,0,36,23,18
3070995,88,0,0,0,0,0,0,0,0,0,0,0,0,0,0,0,0,0,0,0,0,0,143,0,0,0,0,0
3445784,88,0,0,0,0,0,0,0,0,0,0,0,0,0,0,0,0,0,0,0,0,0,0,0,0,0,0,0
2867410,88,0,0,0,0,14,80,0,0,0,0,0,0,0,0,0,17,0,0,0,0,0,11,0,0,0,0,0
3239899,88,63,61,19,28,74,114,0,0,0,13,40,0,0,0,0,19,16,25,15,717,0,15,0,0,16,0,0
2802641,88,21,34,0,19,75,128,25,45,25,0,0,15,18,0,0,14,0,23,0,0,0,17,0,0,11,0,0
1164,88,31,33,0,0,72,82,0,47,0,0,0,0,0,28,0,54,0,32,55,0,0,111,0,17,54,41,19
77022,88,0,0,0,0,61,59,0,10,0,0,0,0,0,30,0,39,0,0,78,0,0,24,0,0,41,70,36
3342751,88,0,0,0,0,36,26,0,20,0,0,0,0,0,0,0,0,0,0,0,0,0,0,0,0,0,0,0
29553,88,0,20,0,13,0,0,0,0,0,0,0,11,0,0,0,0,0,0,35,10,0,45,0,0,15,14,0
2039234,88,13,20,0,0,23,40,0,0,0,0,0,30,0,0,0,0,0,0,0,17,0,0,0,0,0,0,0
3234145,87,12,16,0,16,29,33,0,0,0,0,0,31,0,0,0,22,0,0,48,27,0,23,0,0,14,13,0
2744479,87,0,20,49,27,33,42,0,10,0,0,0,0,0,0,0,12,0,0,82,0,0,550,0,0,13,15,17
1699622,87,0,0,0,0,0,0,0,0,0,15,0,0,0,0,0,0,0,0,0,0,0,0,0,0,19,0,23
2912315,87,10,57,0,31,14,0,0,0,0,0,0,0,0,0,0,0,0,53,19,11,28,36,0,0,22,0,0
413401,87,0,26,0,0,0,18,0,16,21,0,0,0,0,0,0,35,0,0,56,14,0,17,0,0,15,0,11
2965074,87,0,0,0,0,0,0,0,0,0,0,0,0,0,0,0,0,0,0,0,0,0,0,0,0,0,0,0
1788301,87,35,50,0,0,15,31,0,0,0,10,0,19,0,0,0,0,11,0,0,16,0,10,0,0,0,0,0
2775920,87,0,0,0,0,0,0,0,0,0,0,0,0,0,0,0,0,0,0,0,0,0,0,0,0,0,0,0
2964606,87,0,0,0,0,0,0,0,0,0,0,0,0,0,0,0,0,0,0,63,0,0,0,0,0,0,0,0
2498451,87,10,20,11,14,26,45,0,16,0,0,0,0,0,13,15,25,0,0,21,0,0,70,0,16,0,0,0
39775,87,0,0,0,0,14,66,0,0,0,0,0,20,0,0,0,11,0,0,11,0,0,23,0,0,0,0,0
578924,87,0,16,20,30,72,144,0,18,16,0,0,0,0,0,58,240,0,125,10,0,0,30,0,40,0,25,0
434014,87,0,0,0,0,86,131,0,0,0,0,0,60,0,0,0,0,0,0,0,0,0,63,0,0,0,0,0
1353891,87,0,0,0,0,47,101,0,0,0,0,0,0,0,0,0,22,0,17,21,0,0,0,0,23,0,0,0
453162,87,11,24,0,0,33,21,0,0,0,0,13,0,0,0,0,0,0,0,0,0,0,12,0,0,0,0,0
281362,87,13,12,0,0,35,94,0,0,0,0,0,0,0,0,0,41,0,0,34,0,0,0,0,0,19,19,0
2975157,87,27,32,0,12,27,28,13,29,0,0,0,0,0,0,15,100,0,0,36,0,0,32,11,0,12,0,10
2528026,87,0,0,15,0,42,291,0,10,11,0,0,0,0,0,0,15,0,58,14,0,0,0,0,10,13,0,0
2741071,87,0,0,12,14,32,145,0,0,0,0,0,0,0,0,14,12,0,0,18,0,11,54,18,17,0,0,0
1449,87,0,0,0,0,0,0,13,17,0,0,0,12,0,0,0,79,0,0,63,0,16,19,0,0,34,22,29
2954506,87,14,23,0,0,35,31,0,0,0,0,0,0,0,0,0,0,11,0,68,0,0,0,0,0,0,0,0
248903,87,19,36,0,0,0,0,0,0,0,0,18,58,0,0,0,0,0,0,70,24,0,0,0,0,21,0,0
1602,87,0,0,10,16,11,0,33,36,15,0,0,0,15,0,0,115,0,0,27,0,0,60,0,0,0,10,0
2940302,87,15,18,11,16,0,0,0,0,0,12,0,41,0,0,0,35,0,0,0,11,0,13,0,0,0,0,0
1945634,87,0,0,0,0,22,0,0,12,0,0,0,0,0,0,0,94,0,0,13,0,0,14,0,0,0,0,15
83656,87,21,24,0,12,45,157,120,71,36,0,0,0,14,0,0,13,0,14,0,22,0,20,0,0,0,16,0
2998080,87,0,0,0,0,31,83,0,0,0,0,0,0,0,0,0,0,0,0,0,0,0,0,0,0,0,0,0
1561023,87,0,0,0,0,21,43,0,0,0,0,0,0,0,0,0,0,0,0,0,0,0,0,0,0,0,0,0
2509459,87,0,0,0,0,14,58,0,0,0,0,0,0,0,0,0,0,0,0,0,0,0,0,0,0,0,0,0
2675754,87,11,15,0,0,22,66,19,16,0,0,0,0,0,0,0,0,0,0,0,0,0,13,0,0,0,0,0
2975981,87,0,0,0,0,33,59,15,29,82,0,0,0,0,0,0,0,0,26,0,0,0,0,0,0,0,0,0
93929,87,0,0,0,0,0,0,0,0,0,0,0,0,0,0,0,0,0,0,31,0,0,0,0,0,0,0,0
2586965,87,30,51,0,0,0,0,0,0,0,10,0,21,0,0,0,0,0,0,11,11,0,14,0,0,0,0,0
67827,86,0,38,0,0,0,0,0,0,0,0,0,0,0,0,0,0,0,0,38,0,0,0,0,0,18,0,28
715451,86,23,43,0,0,0,0,0,0,0,0,0,20,0,0,0,0,0,0,23,0,0,0,0,0,0,0,0
2161872,86,0,14,21,23,25,17,0,0,0,0,0,16,0,0,0,54,0,0,89,14,0,40,0,0,52,40,21
2004644,86,0,0,0,0,0,0,0,0,0,0,0,0,0,0,0,0,0,0,30,0,0,52,0,0,0,0,0
109472,86,0,23,0,14,0,0,0,0,0,0,0,0,0,0,0,0,0,22,58,17,0,23,0,15,21,16,13
2591606,86,0,0,0,16,19,59,320,22,0,0,0,0,139,0,0,52,0,0,0,0,0,63,0,0,138,0,0
2792015,86,0,0,0,0,62,90,0,0,0,0,0,0,0,0,0,30,0,0,26,0,0,0,0,0,0,12,0
3004109,86,0,0,0,0,0,0,0,0,0,0,0,0,0,0,0,15,0,0,0,0,0,21,0,0,0,0,0
573658,86,0,0,0,0,14,13,31,24,10,0,0,0,19,0,0,0,0,0,27,0,0,10,11,0,24,13,11
3096992,86,0,76,0,0,25,191,0,35,13,0,0,26,0,0,0,0,25,20,0,20,0,0,0,0,0,0,16
948,86,0,21,0,0,0,0,0,0,0,0,0,0,0,0,0,0,0,0,0,0,0,27,0,0,0,0,0
3230989,86,0,0,0,0,0,0,0,27,0,0,0,0,0,0,0,0,0,0,0,0,0,0,0,0,0,0,0
2081051,86,0,0,0,0,0,0,0,0,0,0,0,0,0,0,0,0,0,0,0,0,0,0,0,0,0,0,0
3415265,86,0,0,0,0,23,28,34,69,0,0,0,12,25,0,0,29,0,0,29,11,0,27,0,0,18,19,13
2527996,86,0,0,0,0,66,374,0,0,0,0,0,0,0,0,0,0,0,69,36,13,0,19,0,12,0,0,0
2898581,86,30,26,0,0,0,0,0,0,0,0,14,0,0,0,12,0,0,0,0,0,0,0,0,0,0,0,0
248039,86,14,19,0,10,0,0,0,0,0,0,0,14,0,0,10,51,0,0,90,0,0,32,0,0,35,30,10
2487276,86,0,0,0,0,0,25,0,12,0,0,0,0,0,0,0,0,0,0,29,0,0,20,0,0,14,15,13
2892541,86,0,89,0,0,0,0,0,0,27,0,0,0,0,0,0,0,0,0,50,0,0,0,0,0,0,25,0
220684,86,0,21,21,38,37,38,22,36,20,0,0,11,0,0,0,0,0,13,37,0,16,42,0,18,13,22,12
2954547,86,0,0,19,26,0,0,0,0,0,0,0,0,0,0,0,25,0,0,14,0,0,53,0,0,0,0,0
938288,86,33,44,0,0,0,0,0,0,0,0,18,22,0,0,0,0,0,0,19,0,0,0,0,22,14,10,0
3111540,86,0,13,0,10,19,10,0,0,0,0,0,0,0,0,0,0,0,0,29,0,0,15,0,0,0,0,0
69823,86,0,12,16,25,11,55,0,0,0,0,0,0,0,0,13,22,0,16,25,26,0,22,0,0,0,0,0
3447508,86,16,19,0,0,15,66,0,0,0,0,0,14,0,0,0,16,80,16,0,17,0,14,0,0,0,0,0
38304,86,32,36,0,0,53,395,0,0,119,29,56,0,0,0,113,342,43,489,0,0,0,26,0,0,33,24,0
312285,86,0,0,0,0,0,0,0,0,0,0,0,0,0,0,0,0,0,0,0,0,0,0,0,0,10,0,10
53461,86,16,0,15,19,43,59,0,0,0,0,40,0,0,0,0,0,34,16,0,17,0,0,0,0,0,0,0
74426,86,19,24,0,0,0,83,0,0,0,0,0,0,0,0,0,0,0,0,0,0,0,0,0,0,0,0,0
747548,86,0,0,31,33,42,33,0,43,0,0,0,0,0,0,0,87,0,0,20,0,0,31,0,0,0,0,0
2547451,86,0,16,18,12,333,91,0,149,0,0,0,0,0,0,0,27,0,27,67,0,0,90,0,0,19,17,18
2763338,86,0,0,0,0,0,0,0,0,0,0,0,0,0,0,0,0,0,0,23,0,0,0,0,12,0,0,0
544433,86,13,22,41,48,55,31,30,30,0,0,0,0,14,11,13,129,0,12,85,0,0,131,0,0,40,20,30
5661,86,0,0,0,70,160,0,0,0,0,0,0,80,0,0,0,88,0,0,97,0,0,294,0,0,24,42,24
2322,86,51,40,0,14,11,14,0,0,0,16,16,29,0,0,0,42,19,0,48,23,0,28,0,0,11,28,26
2962673,86,0,0,0,0,0,19,0,0,0,0,0,0,0,0,0,0,0,0,0,0,0,0,0,0,0,0,0
2663020,86,0,0,0,36,0,0,0,0,0,0,0,0,0,0,0,0,0,0,96,0,0,91,0,0,0,0,0
79601,86,10,13,0,0,31,22,0,0,0,0,0,0,0,0,0,0,0,0,0,0,0,59,0,0,0,0,0
1177216,85,0,12,0,28,29,33,0,0,0,0,0,0,0,0,0,0,0,0,40,0,29,26,0,0,10,0,0
2923283,85,0,0,0,0,0,0,0,0,0,0,0,0,0,0,0,0,0,0,61,0,0,31,0,0,44,61,63
1004159,85,35,36,0,0,11,14,17,37,0,33,0,0,0,0,0,0,0,0,0,0,13,30,0,11,0,0,0
2042057,85,0,0,0,0,0,0,0,0,0,0,0,0,0,0,0,0,0,0,0,0,0,12,0,0,0,0,0
718192,85,10,27,18,25,14,13,0,0,0,0,0,0,0,0,22,383,0,0,26,0,27,37,12,0,17,22,0
485880,85,0,0,0,0,0,110,0,0,0,0,0,0,0,0,0,77,0,0,0,0,0,0,0,0,0,0,0
735,85,0,10,0,0,0,0,0,0,0,0,0,0,0,0,0,0,0,0,0,0,0,0,0,0,0,0,0
1444770,85,0,0,0,0,0,18,0,0,0,0,0,0,0,0,0,0,0,0,0,0,0,26,0,0,0,0,0
2778055,85,0,0,0,0,0,0,0,0,0,0,0,0,0,0,0,0,0,0,0,0,0,0,0,0,0,0,0
1523415,85,0,29,16,0,56,224,0,33,0,0,0,0,0,0,0,0,0,0,0,0,0,0,0,0,0,0,0
955,85,0,0,0,0,0,0,0,0,0,0,0,0,0,0,0,0,0,0,29,0,0,44,0,0,0,0,0
758793,85,0,13,0,0,35,71,0,0,0,0,0,54,0,0,0,0,0,0,0,18,0,61,0,0,0,0,0
3080532,85,0,19,0,14,17,27,0,0,0,0,0,16,0,0,0,10,0,0,0,0,14,20,0,0,0,0,0
3003262,85,0,0,14,13,24,51,23,39,22,0,0,11,11,0,14,82,0,0,43,0,13,35,0,14,24,26,13
574710,85,0,20,16,19,12,53,0,50,0,0,0,0,0,0,21,40,0,0,49,0,12,69,14,16,23,17,12
2745560,85,33,96,0,0,56,90,21,51,41,0,0,67,25,0,28,207,0,33,81,22,0,36,0,0,43,37,27
2585118,85,0,0,0,0,0,30,0,0,0,0,0,0,0,0,0,0,0,0,0,0,0,18,0,0,0,0,0
1639118,85,25,31,0,0,11,17,0,0,0,11,0,24,0,0,0,16,0,0,31,14,0,36,0,0,15,0,0
2740405,85,0,24,128,208,213,147,14,0,0,0,0,26,0,0,0,195,0,0,73,0,0,72,0,0,34,17,19
1307763,85,0,0,0,0,24,221,0,0,0,0,0,0,0,0,0,0,0,0,0,0,0,0,0,0,0,0,0
29520,85,46,54,0,0,50,49,0,0,0,0,29,44,0,0,0,0,0,0,0,0,0,66,0,0,0,0,0
2569541,85,0,0,0,0,22,46,0,0,0,0,0,28,0,0,0,14,0,16,34,32,15,39,0,0,0,0,0
83455,85,35,49,26,44,57,219,0,15,0,0,19,16,0,0,0,83,0,56,39,0,0,12,0,0,0,0,0
2921389,85,0,24,0,0,12,14,0,0,0,0,0,0,0,0,0,13,0,0,35,0,27,35,16,0,0,17,0
2933872,85,0,11,0,12,28,20,0,0,0,0,0,0,0,0,0,66,0,0,35,0,21,24,0,12,10,0,0
2593652,85,0,0,14,21,0,14,16,20,0,0,0,13,0,0,0,26,0,0,18,0,0,45,0,16,15,17,14
3395467,85,21,36,15,30,13,0,0,0,0,0,14,36,0,0,0,14,0,0,57,10,0,45,0,0,0,14,0
2695882,85,39,37,0,0,0,0,0,0,0,0,0,23,0,0,12,121,0,0,42,16,0,129,0,0,17,18,0
1581,85,0,0,21,43,11,12,0,19,0,0,0,0,0,0,0,0,0,0,31,11,0,36,0,0,14,0,0
2739,85,21,11,0,18,30,25,0,11,0,0,10,15,0,0,0,31,10,12,24,0,0,35,0,0,0,0,0
218144,85,0,18,0,16,29,22,31,43,76,0,0,0,14,21,44,225,0,0,64,0,24,43,0,51,31,28,0
2483110,85,26,61,0,21,21,13,14,24,12,13,15,58,11,0,0,33,15,19,54,65,13,21,0,19,35,28,20
100886,85,0,0,20,31,24,16,0,0,0,14,0,0,0,0,0,187,0,0,2705,0,0,38,0,0,151,87,57
659352,85,0,0,0,0,43,90,0,0,0,0,0,0,0,0,0,11,0,14,0,0,0,0,0,0,0,0,0
92400,85,0,0,0,0,0,0,0,0,0,0,0,0,0,0,11,86,0,0,24,0,0,0,0,0,0,0,0
3034024,85,0,0,13,14,63,50,0,0,0,0,0,0,0,0,0,0,0,0,0,0,0,0,0,0,0,0,0
3059777,85,28,29,0,0,16,12,0,0,0,17,0,16,0,0,0,0,20,0,39,14,10,22,0,0,21,27,10
1573676,84,0,0,0,0,15,26,0,0,0,0,0,0,0,0,0,0,0,0,0,0,0,0,0,0,0,0,0
192073,84,0,29,10,12,13,16,0,0,0,0,0,12,0,0,0,0,0,0,0,10,0,60,0,0,0,0,0
271098,84,10,30,31,48,34,26,0,0,0,0,12,0,0,0,0,14,0,0,26,0,0,88,0,0,0,15,10
3042615,84,0,24,11,21,38,65,0,0,0,0,20,0,0,0,0,0,17,0,0,21,0,58,0,0,13,0,0
3461144,84,0,0,0,0,0,0,0,0,0,0,0,0,0,0,0,0,0,0,0,0,0,0,0,0,0,0,0
1816219,84,11,26,0,0,0,19,21,29,28,0,0,0,0,0,0,59,0,0,85,11,0,11,0,23,46,44,37
319939,84,35,54,0,12,71,159,0,21,0,0,27,19,0,0,0,18,0,32,25,19,0,40,0,0,0,0,0
280333,84,0,33,0,0,31,95,0,0,15,28,0,0,0,0,114,585,20,346,53,0,13,0,0,108,0,60,28
2732594,84,0,0,0,0,11,0,0,0,0,0,0,0,0,0,0,0,0,0,0,0,0,11,0,0,0,0,0
33053,84,0,0,0,0,0,0,0,0,0,0,0,0,0,0,0,0,0,0,0,0,0,0,0,0,0,0,0
3003259,84,41,33,0,37,0,15,0,0,0,0,0,26,0,0,0,25,0,0,0,0,0,46,0,0,0,0,0
2585771,84,13,22,0,0,11,42,0,19,0,0,0,0,0,0,0,73,0,0,28,0,0,21,0,0,10,11,0
1854498,84,43,73,0,0,0,26,0,0,0,0,0,38,0,0,0,0,0,0,0,26,0,32,0,0,0,0,0
3127470,84,0,26,0,0,0,0,0,46,0,0,0,0,0,0,0,133,0,0,45,0,0,79,0,0,20,31,0
2650157,84,0,0,0,0,0,0,0,0,0,0,0,0,0,0,0,119,0,0,0,0,0,20,0,0,0,0,0
1930276,84,0,0,0,0,0,127,11,18,12,0,0,0,0,0,0,35,0,31,0,0,11,0,0,0,0,0,0
2563664,84,58,79,0,0,0,0,75,90,0,17,0,18,0,0,0,0,0,0,94,0,0,120,0,0,0,0,0
3229854,84,11,14,0,0,18,13,0,0,0,0,0,0,0,0,0,18,0,0,22,0,0,18,0,0,0,0,0
2932255,84,13,10,28,57,13,20,0,0,0,0,0,0,0,0,0,134,0,0,45,10,11,39,0,0,14,15,0
632773,84,0,0,0,10,12,15,17,32,14,0,0,0,0,0,0,123,0,0,55,0,0,93,0,0,13,21,12
1536772,84,0,0,0,11,0,0,0,0,0,0,0,0,0,0,20,43,0,0,36,0,0,10,0,0,0,15,0
162209,84,0,0,0,0,20,20,21,18,0,0,0,0,0,0,0,26,0,0,108,0,11,21,0,0,22,10,0
2762563,84,0,0,0,0,0,0,0,0,0,0,0,0,0,0,0,118,0,0,44,0,0,62,0,0,0,0,0
1633,84,0,0,0,0,0,0,0,0,0,0,0,0,0,0,0,0,0,0,0,0,0,0,0,0,0,0,0
2923363,84,0,10,0,16,0,0,0,0,0,0,0,13,0,0,0,0,0,0,12,0,0,30,0,0,0,14,0
2932183,84,0,0,0,18,0,0,26,40,0,0,0,0,17,0,0,0,0,0,17,0,0,40,0,0,0,0,0
1522,84,0,0,0,0,46,59,0,0,0,0,28,26,0,0,22,72,0,0,95,24,0,75,0,0,0,16,21
3050072,84,22,39,25,20,26,12,18,15,0,0,0,0,0,0,0,23,0,0,39,0,0,37,0,0,0,0,0
2731377,84,0,29,0,0,0,0,15,22,0,0,0,16,10,0,0,99,0,0,110,22,27,29,0,0,25,24,32
2507160,84,0,13,0,0,23,14,0,0,0,0,0,0,0,0,11,98,0,0,14,0,0,31,0,0,16,11,0
1488356,84,0,0,0,0,0,54,0,0,0,0,0,0,0,0,0,159,0,0,0,0,0,0,0,0,0,0,0
1744,84,23,0,0,0,28,99,0,0,0,0,0,37,0,0,0,77,0,14,0,34,0,0,0,0,0,0,0
117157,84,0,0,0,0,18,65,10,17,0,0,0,0,0,0,0,0,0,0,0,0,0,0,0,0,0,0,0
47478,84,37,75,31,33,53,83,17,27,28,0,18,0,0,0,0,29,0,18,21,28,21,22,0,0,0,0,0
2126321,83,0,0,0,0,0,41,0,0,0,0,0,0,0,0,0,0,0,0,19,0,0,0,0,0,0,0,0
3395319,83,0,22,0,0,0,0,0,0,0,0,0,0,0,0,23,119,0,0,56,0,0,137,0,0,21,19,0
1027273,83,22,40,0,0,0,27,0,0,0,0,0,0,0,0,0,73,0,0,46,0,23,33,0,11,21,16,0
29423,83,14,13,0,12,15,10,0,0,0,0,0,12,0,0,0,48,11,0,19,28,0,52,0,25,0,0,0
3115650,83,0,0,0,26,0,0,0,26,0,15,0,0,0,0,0,0,0,0,21,0,17,0,0,0,0,0,0
1404411,83,0,0,0,0,30,67,0,0,20,34,0,0,0,0,139,755,0,421,41,0,28,26,18,129,0,59,28
2748098,83,0,22,22,14,119,406,0,20,25,0,0,0,0,0,0,45,0,16,0,0,0,16,0,0,0,0,0
2735870,83,0,12,0,0,0,42,0,0,0,0,0,0,0,0,0,10,0,15,24,0,0,28,0,0,0,0,0
2898794,83,18,20,0,0,21,29,10,16,11,0,0,0,0,0,0,0,0,16,27,0,0,79,0,0,20,12,0
3229863,83,31,32,0,10,14,23,0,0,0,0,0,0,0,0,0,0,0,0,42,10,0,17,0,0,23,16,13
1102,83,0,0,0,0,0,0,0,0,0,0,0,0,0,0,0,41,0,0,15,0,0,14,0,0,0,0,0
2819286,83,0,14,14,0,35,295,0,0,12,0,0,15,0,0,0,30,0,45,0,0,0,18,0,0,0,0,0
144,83,15,13,0,35,11,0,0,0,0,17,0,38,0,0,0,111,0,0,81,0,0,30,0,0,27,27,39
3115648,83,0,0,0,0,23,93,0,0,0,0,0,0,0,0,0,0,0,14,0,0,0,13,0,0,0,0,0
2835041,83,23,25,12,13,0,0,0,0,0,0,12,16,0,0,0,40,0,0,20,10,0,75,0,0,0,0,0
3135640,83,73,103,0,0,0,0,0,0,0,0,38,33,0,0,0,0,0,0,0,0,0,0,0,0,0,0,0
1303590,83,0,0,13,18,26,18,0,0,0,0,0,0,0,0,13,72,0,0,71,0,300,0,61,626,13,17,0
526944,83,28,41,21,20,30,25,0,0,0,19,0,30,0,0,0,0,0,0,19,0,0,34,0,30,22,0,0
2994078,83,0,0,0,0,0,13,0,0,0,17,0,0,0,0,0,0,14,0,39,0,17,13,0,0,17,14,0
3115649,83,0,0,0,17,0,13,0,0,0,0,0,0,0,0,0,17,0,0,22,0,0,50,0,0,14,21,15
2994035,83,0,0,0,0,13,0,0,0,0,0,0,0,0,0,0,58,0,0,16,0,0,58,0,0,0,0,0
44001,83,0,0,0,0,152,134,0,0,0,0,0,16,0,0,0,0,0,0,70,0,0,105,0,0,0,19,0
39692,83,0,0,0,0,23,83,0,0,0,0,0,0,0,0,0,14,0,27,0,0,0,0,0,0,0,0,0
162426,83,0,0,0,0,70,241,0,0,0,0,0,0,0,0,0,0,0,0,0,18,0,96,0,0,0,0,0
327277,83,0,0,0,0,0,11,0,0,0,0,0,0,0,0,0,0,0,0,35,0,0,0,0,0,14,0,32
2597771,83,32,36,19,16,109,65,0,70,0,16,16,48,0,0,0,85,16,17,99,32,14,46,0,20,28,13,10
2735436,83,0,0,0,18,24,19,0,0,0,0,0,0,0,0,0,0,0,0,38,0,0,24,0,0,19,15,16
92406,83,15,17,0,0,0,0,49,64,0,0,0,0,12,0,0,0,0,0,26,0,0,10,0,0,0,0,0
2512240,83,18,17,0,0,0,0,0,0,0,0,0,0,0,0,0,0,0,0,27,22,0,21,0,0,19,0,0
3080760,83,0,11,18,19,17,13,0,0,0,0,0,11,0,0,0,0,0,0,0,0,20,59,15,16,0,0,0
3060737,83,18,31,0,0,16,0,0,0,0,0,13,21,0,0,0,0,0,27,0,0,0,52,0,0,0,0,0
1240404,82,0,0,0,0,0,0,0,0,0,0,0,0,0,0,0,0,0,0,0,0,0,0,0,0,29,20,0
238836,82,18,24,0,16,0,11,13,18,0,0,0,29,12,0,0,0,0,0,58,18,16,36,0,0,17,17,16
190895,82,36,70,0,0,32,29,0,17,0,0,0,0,0,0,0,19,0,0,31,17,0,21,0,0,0,0,0
3374281,82,0,0,0,0,0,0,0,0,0,0,0,0,0,0,0,0,0,0,0,0,0,0,0,0,0,0,0
2994661,82,0,12,0,0,12,25,0,0,0,0,0,0,0,0,0,0,0,0,20,0,0,0,0,0,0,0,0
656,82,0,19,0,0,25,103,0,0,0,0,0,0,0,0,0,0,0,0,20,0,0,24,0,0,15,0,0
2782654,82,0,17,0,0,36,82,0,0,0,0,0,0,0,0,19,191,0,123,18,0,15,0,16,26,12,32,0
1138194,82,0,18,0,0,27,50,0,0,0,0,0,0,0,0,0,111,0,0,12,21,0,67,0,0,0,0,0
2758041,82,0,0,0,14,68,86,0,0,0,0,0,0,0,0,0,0,0,0,0,0,0,13,0,0,0,0,0
2725558,82,38,50,0,0,0,32,0,0,0,0,16,44,0,0,0,0,0,0,0,27,0,18,0,0,0,0,0
3350098,82,34,61,0,0,33,221,0,24,0,0,0,16,0,0,0,16,0,0,0,40,24,0,17,11,0,0,0
261302,82,36,40,0,15,40,109,19,26,0,0,0,49,0,0,0,16,0,26,18,36,0,92,0,0,0,0,0
2917790,82,13,20,12,14,37,32,0,11,0,0,0,38,0,0,0,25,0,0,44,0,27,31,12,27,37,48,18
494,82,0,0,0,12,0,10,0,0,0,0,0,0,0,0,0,0,0,0,12,0,0,0,0,0,0,0,0
3120525,82,0,25,26,42,19,24,0,12,16,0,0,0,0,0,0,18,0,0,0,0,0,122,0,0,0,0,0
2614441,82,0,21,0,20,0,0,48,69,37,26,0,0,0,0,0,213,0,0,82,0,0,144,0,0,62,26,0
1936081,82,20,32,29,53,18,91,0,14,0,0,14,13,0,0,0,101,14,0,47,0,25,61,0,16,46,33,18
2920382,82,18,28,0,0,0,16,0,0,0,0,0,17,0,0,0,32,0,0,42,16,0,0,0,10,33,17,20
3158229,82,63,83,13,23,0,0,0,0,15,16,20,37,0,0,0,42,0,0,26,87,0,10,0,12,13,14,18
2505970,82,0,0,0,0,15,0,0,11,0,0,0,0,0,0,0,0,0,0,23,0,19,23,0,19,23,16,0
2527979,82,0,13,23,25,46,380,0,21,17,0,0,16,0,0,20,106,0,94,31,0,0,0,0,0,0,0,0
3132284,82,22,26,15,16,22,22,0,13,0,25,0,24,0,0,0,76,26,0,59,0,0,26,0,0,22,27,0
2954659,82,0,0,0,0,0,0,0,82,0,0,0,0,0,0,0,0,0,0,0,0,0,0,0,0,0,0,0
2781774,82,0,12,10,20,0,0,0,17,0,0,0,0,0,0,0,123,0,0,54,0,15,29,0,0,33,0,11
74706,82,0,0,0,20,23,26,0,0,0,0,0,0,0,0,0,0,0,0,28,0,0,36,0,0,0,0,0
82688,82,0,10,25,39,18,21,12,0,0,0,0,18,0,0,0,10,0,23,42,0,0,47,0,0,18,18,18
863643,82,0,0,0,0,0,16,0,0,0,0,0,0,0,0,0,10,0,0,24,0,0,14,0,0,13,19,0
1511,82,0,49,0,21,13,16,14,15,0,0,0,14,13,0,0,0,0,0,12,0,0,52,0,0,0,0,0
3238625,82,0,0,0,0,0,69,0,0,0,0,0,0,0,0,0,0,0,0,15,0,0,0,0,0,0,0,0
1684483,82,0,0,0,0,0,0,0,0,0,0,0,0,0,0,0,0,0,0,0,0,0,0,0,0,0,0,0
2315,82,14,23,0,16,27,0,0,0,0,0,0,0,0,0,0,58,0,0,69,0,0,14,0,0,29,0,21
3060301,82,0,0,0,11,25,13,0,12,0,0,0,0,0,0,0,0,0,0,31,0,0,171,11,0,12,0,13
577,81,0,0,0,0,0,0,0,0,0,0,0,0,0,0,0,0,0,19,80,0,0,0,0,0,56,46,29
2945587,81,0,0,0,0,0,0,0,0,0,0,0,0,0,0,0,0,0,0,77,0,0,0,0,0,18,17,0
2675794,81,0,0,0,0,0,0,0,0,0,0,0,0,0,0,0,16,0,0,53,0,0,0,0,0,0,0,0
171438,81,0,22,0,15,41,24,0,0,0,0,0,0,0,0,19,80,0,16,58,0,0,65,0,0,13,20,0
2746932,81,12,29,0,11,15,16,12,21,16,0,0,12,0,0,10,85,0,0,22,12,0,42,0,0,0,15,0
1407071,81,0,12,0,20,13,17,0,0,0,0,0,0,0,0,0,43,0,0,30,0,0,47,0,42,13,13,0
1789224,81,19,25,0,0,28,22,0,0,0,0,0,0,0,0,22,294,0,0,37,0,0,27,0,0,55,39,16
487316,81,35,52,44,83,59,78,0,0,0,11,13,22,0,0,0,34,0,0,66,0,0,102,0,0,10,19,15
296199,81,21,40,0,0,0,31,0,0,0,0,0,0,0,0,0,13,0,0,20,0,0,38,0,0,0,12,0
2653853,81,13,21,0,0,0,66,0,0,0,0,0,0,0,0,0,0,0,0,0,0,0,0,0,0,0,0,0
437900,81,0,16,12,33,35,59,0,12,0,0,0,0,0,0,0,15,0,0,18,0,17,68,0,14,19,23,19
190148,81,22,19,0,10,31,98,0,0,0,0,0,0,0,0,14,89,0,44,10,0,0,0,0,15,0,0,0
990078,81,0,0,0,0,16,40,0,0,0,0,0,0,0,0,0,16,0,18,14,0,0,0,0,11,0,10,0
2759526,81,0,14,0,0,39,99,0,12,0,0,0,0,0,0,0,0,0,0,0,0,0,0,0,0,0,0,0
3024837,81,31,45,0,0,0,85,0,0,0,0,0,0,0,0,0,0,0,0,18,0,0,33,0,0,0,0,0
13690,81,63,127,27,0,183,452,0,59,0,0,0,32,0,0,0,49,0,0,0,0,0,19,0,0,0,0,0
3134142,81,0,0,0,0,0,0,0,0,0,0,0,0,0,0,0,0,0,0,0,0,35,0,0,0,0,0,0
80867,81,16,42,0,27,67,164,0,0,0,0,23,36,0,0,0,93,0,18,0,0,0,43,0,0,0,0,0
3416808,81,0,15,0,0,23,106,0,17,0,0,0,0,0,0,0,15,0,0,22,0,0,38,0,0,0,0,0
331648,81,0,47,15,11,29,52,18,25,0,0,0,0,17,19,0,93,0,0,31,0,0,33,0,0,18,35,0
2886510,81,48,75,0,0,0,0,0,0,0,0,47,0,0,0,0,137,0,0,0,0,0,0,0,0,0,0,0
2893889,81,0,0,0,20,0,0,23,44,14,0,0,0,0,0,0,21,0,0,20,18,0,34,0,0,0,0,0
265606,81,17,24,0,0,126,140,0,0,14,10,16,0,0,0,0,52,0,55,42,0,0,23,0,0,13,14,11
1936003,81,0,0,0,0,0,23,19,27,0,0,0,0,0,0,0,0,0,0,0,0,0,26,0,0,0,0,0
29507,81,80,32,14,27,21,0,0,42,0,0,0,88,0,0,0,18,0,0,88,18,0,58,0,0,27,18,58
3394361,81,19,19,0,0,0,0,0,0,0,10,0,0,0,0,0,0,0,0,0,21,0,55,0,0,0,0,0
1408204,81,0,0,10,13,36,19,0,0,0,0,0,0,0,0,0,10,0,0,19,0,10,22,0,0,0,0,0
1868734,81,0,0,0,0,0,0,0,0,0,0,0,0,0,0,0,0,0,0,0,0,0,0,0,0,0,0,0
86665,81,0,0,13,17,38,21,0,0,0,0,0,12,0,0,0,73,0,0,37,0,13,46,0,0,35,29,11
2072642,81,0,0,0,11,0,10,0,0,0,0,0,0,0,0,0,0,11,0,19,12,0,40,0,0,15,12,10
112331,81,0,0,0,0,14,12,0,0,0,0,0,0,0,0,13,88,0,0,46,0,10,28,0,12,15,16,0
1138822,81,15,24,0,0,0,0,0,0,0,0,0,27,0,0,0,0,0,0,16,14,0,18,0,0,0,0,0
3388845,81,0,23,0,10,11,11,0,0,0,0,0,0,0,0,0,68,0,0,21,0,0,16,0,0,0,0,0
1771,81,13,0,0,0,30,71,0,0,0,0,0,0,0,0,0,0,0,0,0,0,0,0,0,0,0,0,0
2175619,81,53,71,0,0,41,35,0,0,0,0,0,40,0,0,0,0,0,0,0,28,0,0,0,0,0,0,0
182640,81,41,50,0,0,30,86,0,0,0,0,23,73,0,0,0,0,12,0,0,17,0,13,0,0,0,0,0
129921,81,0,0,0,0,31,109,0,21,0,0,0,0,0,0,0,0,0,25,0,0,0,20,0,0,0,0,0
295596,81,0,0,11,40,28,21,0,0,0,0,0,0,0,0,0,0,0,22,10,0,0,12,0,0,0,0,0
2938695,81,10,0,0,0,0,34,0,0,0,0,0,0,0,0,0,0,0,0,0,28,0,19,0,0,0,0,0
516075,80,30,64,16,17,12,0,0,0,0,0,15,15,0,0,0,27,11,0,0,14,0,60,0,0,0,0,0
2077101,80,0,0,0,0,11,19,0,15,0,0,0,0,0,0,0,14,0,0,0,0,0,26,0,0,0,0,0
3053655,80,0,16,0,0,0,67,0,0,0,0,0,0,0,0,27,37,0,0,35,0,0,0,0,0,39,46,20
1981174,80,0,12,0,18,23,33,0,0,0,0,0,0,0,0,0,12,0,0,25,0,0,18,0,0,15,0,12
3080056,80,0,60,0,0,30,89,0,0,0,0,0,0,0,0,0,0,0,0,31,0,0,49,0,46,39,0,0
1872427,80,37,86,82,348,324,951,109,285,26,0,0,0,0,0,26,160,0,98,330,0,0,49,0,0,0,0,0
254246,80,0,0,0,0,0,15,19,34,0,0,0,0,11,0,0,77,0,0,12,0,0,27,0,0,0,0,0
2020875,80,0,15,16,22,45,34,0,0,12,0,0,0,0,0,13,48,0,11,18,0,15,89,0,0,29,18,0
2709688,80,30,31,24,31,75,108,0,0,0,0,0,0,0,0,0,0,0,11,26,0,13,27,0,0,21,22,14
246273,80,0,0,0,0,0,0,0,0,0,0,0,0,0,0,0,40,0,0,0,0,0,0,0,0,0,0,0
1758395,80,0,0,0,0,0,0,0,0,0,0,0,0,0,0,0,0,0,0,84,0,0,0,0,0,51,0,0
2652177,80,28,41,39,50,17,16,0,0,0,0,15,17,0,0,0,0,12,0,27,10,19,35,12,0,0,11,0
2917965,80,22,34,0,0,77,196,0,0,28,0,20,0,0,0,0,61,0,29,33,0,0,0,0,0,20,0,20
61,80,0,0,0,0,0,0,0,0,0,0,0,0,0,0,0,0,0,0,0,0,0,0,0,0,0,0,0
59733,80,0,0,47,64,15,18,19,17,0,0,0,0,0,0,0,67,0,0,80,0,0,70,0,0,0,31,0
3103144,80,29,41,0,0,16,21,0,0,0,0,0,0,0,0,0,43,0,0,35,0,0,12,0,0,14,16,0
2909339,80,0,16,0,21,15,32,0,0,0,0,0,34,0,0,21,197,0,22,120,18,0,54,0,0,70,45,35
223786,80,14,16,0,13,0,0,0,0,0,0,0,11,0,0,0,80,0,0,78,15,0,27,0,0,12,12,0
3116654,80,12,24,0,0,87,0,0,0,0,0,0,0,0,0,0,0,0,0,0,0,0,0,0,0,0,0,0
58180,80,20,22,0,0,42,77,0,0,0,25,0,21,0,0,0,0,23,0,14,0,0,15,0,0,0,0,0
246786,80,0,0,0,0,0,0,0,0,0,0,0,0,0,0,0,0,0,0,133,0,0,51,0,0,0,0,0
2743000,80,19,28,0,0,0,0,21,28,0,0,0,40,11,0,0,64,0,0,27,0,13,23,0,0,20,19,0
2921697,80,0,0,0,0,0,0,100,0,0,0,0,0,0,0,0,0,0,0,0,0,0,0,0,0,0,0,0
683737,80,0,0,0,0,0,0,0,0,0,0,0,0,0,0,11,0,0,0,20,0,0,18,0,0,13,0,0
29379,80,18,22,0,0,22,96,0,0,0,0,0,0,0,0,0,14,0,11,12,0,16,12,0,12,0,0,0
2742601,80,0,0,0,0,0,0,0,0,0,0,0,0,0,0,0,0,0,14,0,0,0,0,0,0,0,0,0
3231906,80,0,0,0,0,0,0,0,0,0,0,0,0,0,0,0,0,0,36,66,0,0,0,0,0,0,0,0
2774706,80,0,0,0,0,0,0,0,0,0,0,0,0,0,0,0,0,0,0,0,0,0,0,0,0,0,0,0
3029274,80,0,0,0,0,0,0,0,0,0,0,0,0,0,0,0,0,0,0,0,0,0,19,0,0,0,0,0
1229621,80,12,24,23,38,21,28,0,0,0,14,0,19,0,0,0,65,0,0,0,0,0,36,0,0,26,19,0
2763669,80,0,0,0,22,15,19,0,0,0,0,0,0,0,0,0,15,0,0,12,0,0,113,0,0,0,0,15
1852374,80,0,0,0,0,34,19,0,0,0,0,0,0,0,0,0,0,0,0,19,0,0,19,0,0,0,0,0
2487118,80,10,17,0,14,26,18,10,12,13,0,0,13,0,0,0,20,0,0,60,13,0,27,0,0,26,0,0
33025,80,0,0,0,11,22,23,0,0,0,0,0,0,0,0,0,0,0,0,40,0,0,43,0,0,25,45,41
1901,80,0,0,0,0,32,91,10,25,0,0,0,0,0,0,0,0,0,0,0,0,0,10,0,0,0,0,0
146819,80,16,36,150,220,275,309,0,0,0,0,0,0,0,0,21,62,0,18,19,0,0,275,16,0,51,28,0
1273,80,0,0,0,0,0,29,0,0,0,0,0,0,0,0,0,0,0,0,30,0,0,0,0,0,0,0,0
1166,80,27,57,36,51,263,146,0,0,0,0,0,36,0,0,0,214,0,0,56,0,0,85,0,0,0,0,0
2145,80,0,0,0,0,20,16,0,0,0,0,0,0,0,0,0,0,0,0,21,0,0,16,0,0,13,23,25
2963128,80,0,0,14,19,0,0,0,0,0,0,0,0,0,0,0,108,0,0,29,0,0,65,0,0,25,28,0
2113,80,0,0,0,14,11,15,0,0,0,0,0,0,0,0,0,25,0,0,31,0,0,25,0,0,0,12,0
3003348,80,0,0,0,0,0,0,0,17,0,0,0,0,0,0,0,24,0,0,41,0,0,26,10,0,10,0,0
118062,80,0,0,0,0,0,0,0,0,0,0,0,12,0,0,0,19,0,0,38,0,0,10,0,0,14,0,0
2846098,80,0,0,0,0,0,0,0,0,0,0,0,0,0,0,0,0,0,0,0,0,0,0,0,0,0,0,0
875932,79,0,15,12,14,0,21,15,20,0,0,0,0,0,0,0,0,0,0,0,0,0,47,0,0,0,0,0
3096996,79,0,0,0,0,0,0,0,0,0,0,0,0,0,0,0,0,0,0,0,0,0,0,0,0,0,0,0
2714942,79,12,19,0,0,19,26,0,0,0,0,0,16,0,0,0,0,0,0,0,0,0,0,0,0,0,0,0
745310,79,66,83,0,0,225,390,0,41,0,0,56,37,0,0,0,0,37,0,0,0,0,0,0,0,0,0,0
2871165,79,34,44,0,0,0,0,0,18,0,0,0,0,0,0,37,291,0,0,50,0,0,255,0,0,44,46,26
480520,79,26,44,0,0,13,17,0,0,0,18,0,0,0,0,0,13,0,0,82,0,0,57,0,0,20,0,0
3094839,79,0,0,0,0,0,0,14,32,0,0,0,0,0,0,18,87,0,15,15,0,0,15,0,0,12,0,22
2487064,79,39,52,18,17,45,55,0,17,0,24,20,22,0,0,0,67,0,0,78,27,27,52,0,0,0,0,0
2723089,79,26,33,0,11,20,28,33,36,12,25,0,16,14,22,0,24,0,0,60,0,0,37,0,0,30,28,31
944547,79,0,182,0,0,0,0,0,0,0,0,0,0,0,0,0,38,0,0,72,0,0,83,0,0,62,40,0
182210,79,0,0,0,0,18,89,0,0,0,0,0,0,0,0,0,0,0,0,0,0,0,34,0,0,0,0,0
309806,79,0,0,0,0,0,10,0,0,0,0,0,0,0,0,0,0,0,0,21,0,0,39,0,0,12,10,17
2728853,79,0,12,0,0,0,0,0,0,0,0,0,0,0,0,10,64,0,0,10,0,0,0,0,0,11,0,0
1470088,79,21,37,0,0,33,41,0,0,0,0,0,0,0,0,0,0,12,19,21,0,0,55,0,0,0,13,0
2738979,79,0,0,0,31,0,0,0,0,0,0,0,66,0,0,22,0,0,0,0,0,0,0,0,0,0,0,0
3229851,79,0,28,0,0,0,29,0,0,0,0,0,0,0,0,0,0,0,0,0,0,0,0,0,0,0,0,0
58138,79,0,0,0,0,13,12,15,12,0,0,0,0,0,0,0,42,0,0,31,0,16,46,0,0,0,0,0
3111456,79,0,0,12,0,0,0,0,0,0,0,0,0,0,0,0,0,0,0,24,0,0,10,0,0,14,14,0
2796927,79,34,40,0,0,16,23,0,0,0,11,14,15,0,0,0,0,16,11,0,17,0,0,0,0,0,0,0
2585716,79,0,0,28,12,57,94,0,0,0,0,0,0,0,0,0,16,0,0,0,0,0,89,0,0,0,13,0
1961,79,18,30,0,19,91,161,0,0,31,0,32,0,0,0,64,153,0,31,0,0,0,22,0,0,0,0,0
1824,79,0,15,39,54,125,304,0,15,26,0,0,0,0,0,27,82,0,33,13,15,0,41,0,0,0,0,0
2750620,79,0,0,0,0,0,0,0,0,0,0,0,0,0,0,0,0,0,0,0,0,0,0,0,0,0,0,0
548579,79,59,120,0,0,416,1289,0,0,0,0,0,0,0,0,0,0,0,0,0,44,0,0,0,0,0,0,0
2123,79,51,55,0,0,0,0,0,0,0,17,18,56,0,0,0,0,11,0,20,14,0,22,0,0,18,14,0
2128,79,0,0,0,0,0,0,0,0,0,0,0,0,0,0,0,48,0,0,11,0,0,10,0,0,17,0,10
142649,79,0,0,0,0,10,0,0,0,0,0,0,0,0,0,0,0,0,0,28,0,0,0,0,0,13,0,0
2953881,79,0,0,0,0,16,21,0,0,0,0,0,0,0,0,0,0,0,27,0,0,0,0,0,0,0,0,0
2716879,78,0,0,0,0,0,0,0,0,0,0,0,0,0,0,0,0,0,0,0,0,0,0,0,0,0,0,0
60217,78,22,47,0,22,10,33,0,0,0,0,13,12,0,0,0,97,16,0,33,0,0,40,0,20,0,10,10
2183582,78,0,15,0,0,12,114,0,16,0,0,0,0,0,0,0,10,0,0,0,0,0,0,0,0,0,0,0
1759089,78,18,31,0,0,0,13,0,0,13,10,11,11,0,0,0,0,0,0,31,15,0,21,0,0,28,19,16
3151487,78,18,25,0,0,13,23,0,0,0,0,0,11,0,0,0,0,0,23,18,13,0,14,0,0,10,26,0
2572923,78,12,46,14,0,0,34,0,14,0,0,12,16,0,0,0,0,0,16,32,11,0,41,0,0,12,13,12
395598,78,0,0,0,0,0,18,0,0,0,0,0,0,0,0,0,0,0,0,21,0,0,0,0,0,0,0,0
300,78,0,20,0,26,89,150,0,0,0,0,0,0,0,0,0,69,0,30,19,0,0,27,0,0,0,0,0
3449832,78,0,0,0,0,28,43,18,33,12,0,0,0,11,0,0,11,0,0,0,0,0,41,0,0,0,0,0
155077,78,0,0,0,0,11,49,17,0,0,0,0,0,0,0,0,126,0,0,63,0,0,21,0,0,0,0,0
3230998,78,0,0,0,0,0,0,0,0,0,0,0,0,0,0,0,0,0,0,0,0,0,0,0,0,0,0,0
912,78,0,0,0,0,42,51,0,0,0,0,0,0,0,0,28,131,0,239,25,0,0,0,0,27,0,23,0
2571749,78,0,0,0,0,57,140,0,0,0,28,0,0,0,0,0,0,0,18,0,0,0,12,0,0,0,0,0
3404065,78,0,0,0,0,41,70,0,0,0,0,0,0,0,0,0,0,0,0,0,0,0,10,0,0,0,0,0
2294119,78,24,34,30,40,59,47,0,11,0,0,11,13,0,0,0,19,0,0,48,10,0,286,0,0,30,11,14
2162713,78,0,19,0,0,10,26,0,0,0,0,0,0,0,0,0,43,0,0,17,0,0,21,0,0,12,10,0
3053613,78,13,45,0,14,69,82,0,16,14,0,19,20,0,0,0,18,0,12,49,0,16,48,0,0,13,15,10
388413,78,16,21,0,0,20,50,0,19,0,0,0,14,0,0,16,68,0,0,46,20,0,38,0,0,0,0,0
477666,78,29,25,0,0,14,0,0,0,0,13,0,39,0,0,13,105,0,12,34,0,0,27,0,0,15,21,12
3374599,78,32,77,0,13,12,15,25,34,20,24,20,69,12,0,0,47,21,0,71,45,0,60,0,0,17,15,14
2875962,78,25,55,14,25,22,27,22,35,0,0,0,0,0,0,0,80,0,0,17,13,20,454,0,0,0,0,0
456827,78,0,0,0,0,0,0,11,16,0,0,0,0,0,0,0,0,0,0,0,0,19,31,12,12,0,0,0
1940790,78,13,22,0,0,29,65,0,0,0,0,15,12,0,0,0,0,0,0,26,11,0,0,0,0,18,0,0
1131707,78,0,0,0,0,14,11,0,0,0,0,0,0,0,0,0,0,0,0,0,0,0,16,0,0,0,0,0
84378,78,0,11,0,20,24,24,64,89,0,0,0,11,33,0,17,39,0,0,16,0,0,97,0,0,17,16,0
240139,78,0,11,0,0,0,18,21,28,26,0,0,0,10,0,0,28,19,0,22,0,0,17,0,23,11,0,0
2741070,78,0,0,0,0,28,153,0,0,0,0,0,0,0,0,10,294,0,22,28,0,0,22,0,0,29,20,19
3413029,78,0,0,0,0,16,16,0,0,0,0,0,14,0,0,0,15,0,0,20,0,15,53,0,0,12,16,0
2921460,78,11,0,28,26,11,23,0,0,0,0,0,22,0,0,0,191,10,0,14,20,0,31,0,0,0,0,0
189691,78,0,15,0,0,0,19,0,0,0,0,0,14,0,0,0,15,0,11,26,0,0,36,0,15,11,13,0
130049,78,17,42,0,0,34,56,0,0,0,0,11,13,0,0,0,0,0,0,42,0,0,65,0,0,0,0,0
555791,78,0,13,0,0,21,22,31,43,0,0,0,0,0,0,0,109,0,0,0,0,0,0,0,0,0,0,0
129338,78,0,0,0,0,0,0,0,0,0,0,0,0,0,0,0,60,0,0,61,0,0,58,0,0,57,29,45
1156431,78,0,0,0,0,0,34,0,0,0,0,0,0,0,0,0,16,0,0,0,43,0,0,0,0,0,0,0
1805431,78,32,51,0,26,31,0,0,21,0,0,0,0,0,0,0,0,0,0,44,24,76,58,0,107,16,12,0
3109030,78,29,41,0,0,15,17,20,20,0,26,13,11,0,0,15,73,15,0,31,0,23,36,0,0,16,0,12
2490855,78,0,0,0,17,0,0,0,0,0,0,0,0,0,0,11,15,0,0,37,0,0,50,0,0,19,0,20
1222016,78,0,0,0,0,0,0,0,0,0,0,0,0,0,0,0,0,0,0,18,14,0,0,0,0,0,0,0
256701,78,0,0,0,18,59,41,0,0,0,0,0,0,0,0,0,0,0,0,0,0,0,96,0,0,0,0,0
2931930,78,0,18,16,27,394,113,0,149,0,0,0,0,0,17,18,205,0,26,95,0,12,36,0,22,52,34,53
2725268,78,19,39,0,0,0,0,18,15,0,10,0,0,0,0,0,43,0,0,22,0,0,0,0,0,0,0,0
76629,78,0,0,0,0,0,0,11,17,0,0,0,0,0,0,0,23,0,0,0,0,17,27,0,0,0,0,0
55602,78,16,27,0,0,0,0,0,0,0,0,0,0,0,0,0,0,0,0,20,10,0,0,0,0,0,11,0
1434103,78,38,30,145,163,0,0,0,0,0,0,17,26,0,0,0,0,0,0,44,18,0,381,0,0,0,0,0
2287,78,11,17,0,19,0,0,0,0,0,14,0,0,0,0,0,24,0,0,21,22,0,20,0,0,20,21,0
2663019,78,0,41,0,0,0,0,0,0,0,0,0,0,0,0,0,82,17,0,0,0,0,157,0,0,0,0,0
2864218,77,0,0,0,0,0,0,0,0,0,10,0,0,0,0,0,34,0,0,95,0,0,0,0,0,0,0,0
1929246,77,13,12,0,15,0,0,0,0,0,0,17,27,0,0,0,0,0,0,45,47,0,25,0,0,17,10,0
404011,77,14,36,19,25,30,33,0,0,0,0,0,39,0,0,0,0,0,0,0,36,0,31,0,0,0,13,0
1918945,77,0,31,0,13,27,28,12,14,0,0,0,0,0,0,0,0,0,0,50,0,0,44,0,0,36,22,29
2895485,77,0,0,0,0,0,0,0,0,0,0,0,0,0,0,0,0,0,0,0,0,0,0,0,0,0,0,0
76759,77,0,0,0,487,1458,1448,0,0,0,0,0,0,0,0,0,170,0,0,0,0,0,0,0,0,0,0,0
2065312,77,0,0,0,15,0,22,17,18,0,0,0,0,0,0,0,15,0,0,36,0,0,29,0,0,0,0,0
491948,77,0,0,0,0,27,19,0,0,0,0,0,0,0,0,0,13,0,0,19,0,37,85,0,26,0,0,0
83771,77,16,23,22,27,19,18,0,0,0,15,0,23,0,0,0,28,0,0,68,0,0,179,0,0,27,10,10
185951,77,0,0,0,11,48,189,0,19,0,0,0,14,0,0,0,35,0,15,0,16,0,10,0,0,0,0,0
153496,77,11,22,0,12,28,41,0,0,0,0,0,13,0,0,0,52,0,12,41,0,0,16,0,0,13,0,20
28095,77,16,36,35,51,123,265,0,24,17,0,13,31,0,0,19,37,0,60,17,0,17,35,19,19,0,0,0
153491,77,0,13,12,12,0,0,0,0,0,0,0,0,0,0,0,0,0,0,57,0,0,21,0,0,17,13,0
3042315,77,0,0,0,0,0,17,0,12,0,0,0,0,0,0,0,12,0,0,28,14,0,28,0,0,0,20,14
237258,77,16,23,18,33,25,29,0,0,0,0,0,0,0,0,0,26,0,16,73,0,0,52,0,0,19,0,0
708186,77,17,142,39,46,42,42,19,17,0,0,13,56,0,0,0,112,13,0,50,23,25,47,0,10,27,17,12
427923,77,0,0,0,0,0,26,0,0,0,0,0,0,0,0,0,0,0,0,0,0,0,0,0,0,0,0,0
2653858,77,0,0,0,21,0,27,0,0,11,0,0,0,0,0,15,73,0,0,68,0,0,38,0,14,45,26,24
3133326,77,0,0,0,0,0,55,0,0,0,0,0,0,0,0,0,0,0,0,0,0,0,0,0,0,0,0,0
3082444,77,0,14,0,0,28,21,10,14,0,0,0,0,0,0,0,15,0,42,40,0,0,42,0,14,64,40,25
2954748,77,0,0,40,27,28,21,0,16,0,0,0,0,0,0,0,27,0,0,37,0,11,55,0,0,46,40,39
2921550,77,0,0,0,0,0,0,0,0,0,0,0,0,0,0,0,18,0,0,56,0,0,0,0,0,0,19,0
265426,77,12,15,0,12,0,0,0,0,0,0,0,0,0,0,0,0,0,0,26,0,0,40,0,0,10,11,0
2909671,77,11,11,0,11,19,23,0,0,0,0,0,0,0,0,0,0,0,0,33,0,0,29,0,10,10,0,11
1912064,77,0,0,0,0,0,0,0,0,16,0,0,0,31,17,0,0,0,0,53,0,0,22,0,0,21,24,33
13076,77,13,21,0,0,0,31,0,0,0,0,0,0,0,0,0,0,0,0,0,0,0,0,0,0,0,0,0
2594474,77,0,0,0,0,0,21,0,0,0,0,0,0,0,0,0,0,0,0,44,0,0,40,0,0,0,0,0
2811778,77,0,0,0,0,0,0,0,19,0,0,0,0,0,0,0,22,0,0,26,0,0,0,0,0,22,0,0
2981789,77,0,0,0,0,0,0,0,0,0,0,0,0,0,0,0,16,0,0,0,0,0,0,0,0,26,0,0
33031,77,14,28,0,0,0,0,0,16,0,0,0,0,0,0,0,42,0,0,30,0,17,16,59,54,20,0,0
31899,77,0,0,0,0,0,0,0,0,0,0,0,0,0,0,0,0,0,0,0,0,0,67,0,0,22,16,0
2903651,77,0,15,0,0,22,70,0,0,0,0,0,0,0,0,0,0,0,0,0,0,0,0,0,0,0,0,0
2903766,77,0,0,0,0,0,0,0,0,0,0,0,0,0,0,0,0,0,0,0,0,0,0,0,0,0,0,0
29303,77,18,31,15,12,32,63,0,0,0,0,16,0,0,0,0,14,0,13,0,0,0,18,0,0,0,0,0
3239974,77,0,0,40,37,0,46,0,0,0,0,0,0,0,0,0,0,0,0,0,0,0,0,0,0,0,0,0
39691,77,0,0,0,0,29,56,0,0,0,0,0,0,0,0,0,11,0,0,0,0,0,14,0,0,0,0,0
1185873,77,0,0,12,15,328,141,0,86,0,0,0,27,0,0,0,26,0,14,16,0,0,15,0,0,27,16,0
2105,77,0,0,0,0,0,0,0,0,0,0,0,0,0,0,0,0,0,0,29,0,0,0,0,0,0,0,0
69896,77,0,16,0,13,10,19,11,12,0,0,0,18,0,0,0,101,0,0,38,24,0,24,0,0,40,0,0
171285,77,0,0,0,0,0,0,0,0,0,0,0,0,0,0,0,39,0,0,12,0,0,24,0,0,0,12,0
167642,77,19,41,35,40,35,18,0,0,0,10,13,67,0,0,0,19,0,0,63,36,0,50,0,13,52,30,0
1299,77,0,0,0,0,0,20,0,0,0,0,0,0,0,0,0,0,0,0,0,0,0,0,0,0,0,0,0
3238481,77,0,0,0,0,0,0,0,0,0,0,0,10,0,0,0,0,0,0,12,12,0,0,0,0,0,0,0
2824673,77,34,51,0,11,10,10,0,15,0,0,12,25,0,0,10,39,0,0,19,18,12,19,25,15,0,0,0
545,76,17,37,0,41,23,40,0,0,0,26,0,21,0,0,0,42,0,0,29,0,0,31,0,0,37,26,0
3034648,76,0,0,27,26,0,0,0,0,0,0,0,52,0,0,0,0,0,0,0,0,0,0,0,0,0,0,0
2703794,76,0,0,0,0,0,0,0,0,0,0,0,0,0,0,0,0,0,0,0,0,0,142,0,0,0,0,0
502366,76,0,12,0,0,0,20,0,0,0,0,0,0,0,10,0,0,0,0,22,0,0,0,0,0,0,0,0
571800,76,0,0,0,0,0,0,0,0,0,0,0,0,0,0,0,20,0,0,0,0,0,0,0,0,0,0,0
212403,76,0,0,0,0,26,32,0,21,0,0,0,0,0,0,0,0,0,19,0,0,0,173,0,0,0,14,0
95300,76,0,0,0,0,25,52,0,0,0,0,0,0,0,0,0,0,0,0,0,0,13,13,0,0,0,0,0
353,76,0,0,0,0,45,145,0,22,0,0,0,0,0,0,0,0,0,0,0,0,0,0,0,0,0,0,0
1031538,76,0,0,0,0,15,22,0,0,0,0,0,10,0,0,10,0,0,0,27,0,12,17,0,0,10,0,0
1249553,76,0,0,21,17,37,37,0,0,0,0,0,0,0,0,0,0,0,0,27,0,0,26,0,12,0,0,0
128785,76,18,49,0,0,95,304,0,41,51,0,0,0,0,0,32,142,0,36,22,0,17,22,0,27,17,0,0
3120264,76,0,0,0,0,0,0,0,0,0,0,0,0,0,0,0,61,0,0,0,0,0,10,0,0,0,0,0
186490,76,0,0,0,18,17,16,0,0,0,0,0,0,0,0,13,15,0,11,69,0,0,76,0,0,26,37,20
2782641,76,32,60,0,19,44,118,0,25,0,14,0,0,0,0,51,293,0,165,27,12,15,28,19,30,0,38,19
110321,76,0,33,0,0,115,133,63,64,44,0,0,0,36,0,0,18,0,0,0,0,0,23,0,0,0,16,0
408,76,21,51,18,23,160,263,0,29,0,0,0,32,0,0,0,93,0,78,15,0,0,105,0,0,0,0,0
346911,76,0,19,0,0,66,113,0,15,0,0,0,0,0,0,29,110,0,12,39,0,0,11,0,0,0,0,0
506591,76,18,89,0,17,97,461,11,71,18,0,16,0,0,0,0,22,0,41,28,0,0,18,0,21,0,0,0
3143496,76,0,0,0,0,21,16,0,0,0,0,0,0,0,0,0,0,0,0,0,0,0,0,0,0,0,0,0
3097546,76,0,18,28,52,66,61,10,0,0,0,0,38,0,0,0,32,0,0,64,0,0,35,0,0,10,18,0
3058432,76,0,30,0,0,0,37,16,18,0,0,0,19,0,0,19,38,0,0,50,0,0,27,0,0,16,29,16
2703789,76,14,29,0,11,0,16,33,32,0,13,0,44,11,0,0,141,0,0,47,31,0,66,0,0,15,15,0
1008,76,30,32,0,24,20,35,13,20,12,10,0,12,0,0,0,24,0,14,21,12,0,26,0,0,0,0,0
2590021,76,0,0,0,0,0,0,0,0,0,0,0,0,0,0,0,0,0,0,0,0,0,69,0,0,0,0,0
980254,76,12,0,23,25,67,225,0,16,12,0,18,0,0,0,0,19,0,88,12,0,0,58,0,0,0,0,0
490095,76,11,28,14,0,36,419,0,26,24,0,17,15,0,0,0,0,0,61,0,0,0,0,0,0,0,0,0
3394358,76,36,33,12,18,12,17,0,11,0,10,11,13,0,0,0,33,11,0,40,0,0,18,0,0,16,15,0
1794699,76,0,0,21,30,0,0,0,0,0,0,0,0,0,0,0,0,0,0,0,0,0,27,0,0,0,0,0
3122488,76,0,0,0,0,0,0,0,0,0,0,0,0,0,0,0,0,0,0,0,0,0,0,0,0,0,0,0
33935,76,0,0,111,146,26,33,0,0,0,0,0,0,0,0,0,0,0,0,45,0,0,83,0,0,17,15,0
3070676,76,0,0,22,37,38,19,0,0,0,16,0,0,0,0,0,53,0,0,56,0,0,28,0,0,25,0,0
2660554,76,0,0,0,0,0,90,0,0,0,0,0,0,0,0,0,0,0,0,0,0,0,0,0,0,0,0,0
1343,76,20,27,39,42,38,18,0,0,0,0,0,21,0,0,0,0,0,0,40,16,0,24,0,0,18,25,0
2937758,76,0,12,44,43,30,27,0,0,0,12,0,0,0,0,12,120,0,0,0,17,0,57,0,0,0,0,0
399726,76,0,0,0,0,0,0,0,0,0,0,0,0,0,0,0,0,0,0,0,0,0,52,0,0,0,0,0
1755241,76,14,36,27,32,0,46,0,11,0,0,0,11,45,0,18,61,0,71,38,0,0,34,0,0,0,13,18
37637,76,0,0,0,13,13,28,0,0,0,0,0,0,0,0,0,0,20,0,0,0,0,19,0,0,0,0,0
3016103,76,0,0,0,0,47,52,0,0,0,0,0,0,0,0,0,0,0,0,0,0,0,0,0,0,0,0,0
3066319,76,0,0,0,0,0,0,0,0,0,0,0,0,0,0,0,0,0,0,0,0,0,0,0,0,0,0,0
2107,76,0,0,0,0,23,19,32,30,0,19,0,0,23,0,0,68,0,0,74,0,0,24,0,0,53,47,30
29556,76,24,25,12,12,49,74,0,15,0,0,0,21,0,0,0,0,0,0,44,16,0,28,0,0,15,21,20
92402,76,0,0,0,0,0,0,0,0,0,0,0,0,0,0,0,22,0,0,12,0,0,0,0,0,0,23,0
3439061,76,0,0,0,0,0,0,0,0,0,0,0,0,0,0,0,0,0,0,0,0,0,16,0,0,0,0,0
3240853,76,0,0,0,0,14,0,18,11,0,0,0,52,0,0,12,19,0,0,18,0,0,23,0,0,19,0,0
111955,76,39,29,0,0,0,0,0,0,0,0,16,0,0,0,0,14,0,0,0,0,0,27,0,0,0,0,0
2560831,76,0,0,0,0,0,0,0,0,0,0,0,0,0,0,0,0,0,0,0,0,0,0,0,0,0,0,0
553,75,0,0,31,37,42,85,0,21,0,0,0,0,0,0,43,0,0,0,0,0,0,65,0,0,0,0,27
2773709,75,0,0,0,0,0,0,0,0,0,0,0,0,0,0,0,0,17,0,0,0,0,0,0,0,0,0,0
106648,75,0,21,0,23,64,52,0,0,0,0,0,35,0,0,146,416,0,0,29,0,41,96,0,141,0,48,16
2283318,75,0,0,0,0,0,14,10,17,0,0,0,0,0,0,0,0,0,0,0,0,0,0,0,0,0,0,0
3232307,75,14,42,0,12,25,30,31,27,0,21,0,34,0,0,0,11,0,0,0,0,0,43,0,0,0,17,0
47880,75,0,0,0,0,97,291,0,66,0,0,0,0,0,0,0,0,0,0,0,0,0,0,0,0,0,0,0
3398212,75,0,0,0,0,0,0,0,0,0,0,0,0,0,0,0,0,0,0,0,0,0,0,0,0,0,0,0
3003619,75,0,0,0,0,0,0,0,0,0,0,0,0,0,0,0,0,0,0,0,0,0,0,0,0,0,0,0
56454,75,40,42,0,0,37,90,0,0,0,16,23,28,0,0,0,0,0,17,53,23,0,41,0,0,0,0,0
1685958,75,0,0,0,0,45,87,0,0,0,13,0,0,0,20,204,606,0,482,48,19,16,21,36,147,0,83,32
85701,75,0,0,0,0,0,0,0,0,0,0,0,0,0,0,0,0,0,0,0,0,0,32,0,0,0,0,0
3038545,75,0,0,0,0,0,0,0,0,0,0,0,0,0,0,0,0,0,0,0,0,0,0,0,0,0,0,0
675281,75,0,40,13,16,165,232,0,14,0,0,0,0,0,0,0,26,0,24,59,0,0,46,0,0,27,32,28
3014784,75,23,18,14,21,39,113,0,17,0,0,0,0,0,0,0,13,0,0,0,0,0,0,0,0,23,0,0
267128,75,0,70,0,0,86,165,0,25,0,0,0,0,0,0,0,0,0,0,0,0,0,0,0,0,0,0,0
379347,75,34,126,138,31,118,844,23,111,34,0,61,67,0,0,0,28,0,41,0,19,0,38,0,0,31,32,0
528244,75,0,33,0,0,131,70,0,0,0,0,0,0,0,0,0,43,0,20,13,0,0,0,0,0,0,0,0
2010972,75,0,21,0,0,44,113,0,0,0,0,0,0,0,0,21,76,0,0,0,0,0,0,0,0,0,0,0
1245436,75,0,18,0,0,12,33,0,0,0,0,0,15,0,0,0,0,0,0,0,0,0,0,0,0,0,0,0
2765360,75,0,0,0,0,30,58,0,0,0,0,0,0,0,0,0,0,0,0,0,0,13,0,0,0,0,0,0
3140744,75,0,0,10,13,12,0,19,19,0,0,0,0,11,0,0,10,0,0,27,0,21,24,0,26,10,12,0
1522312,75,0,0,0,0,0,0,0,0,0,0,0,11,0,0,0,0,0,0,0,11,0,26,0,0,0,0,0
266009,75,0,0,0,0,0,0,0,0,0,0,0,0,0,0,0,0,0,0,0,0,0,0,0,0,0,0,0
2745558,75,0,0,0,0,0,0,35,49,22,0,0,0,0,0,0,0,0,0,0,0,0,34,0,0,0,0,0
3243060,75,13,0,18,48,0,10,46,67,49,0,0,0,39,0,10,33,0,0,63,0,16,23,0,0,26,32,11
1448857,75,21,34,0,0,17,0,20,11,0,0,10,65,0,0,0,14,0,0,23,14,0,0,0,0,26,22,0
34094,75,0,0,0,0,12,10,0,0,0,0,0,0,0,0,0,17,0,0,48,0,0,13,0,0,37,30,25
2996782,75,20,34,0,0,23,62,0,0,0,0,0,0,0,0,0,74,0,0,0,23,0,0,0,0,0,0,0
380749,75,16,24,0,18,19,0,0,0,0,0,0,0,0,0,12,58,0,0,0,0,0,0,0,0,0,0,0
3118333,75,28,32,0,0,0,0,0,0,16,14,0,16,0,0,0,0,0,0,42,12,29,14,0,0,0,15,0
1333845,75,36,34,0,0,15,11,0,0,0,11,12,15,0,0,0,0,11,0,0,12,0,23,0,10,0,0,0
511487,75,0,0,0,0,33,25,11,20,0,0,0,0,0,19,0,0,0,23,0,0,0,0,0,0,0,0,0
132920,75,0,0,0,0,0,0,13,19,0,0,0,24,0,0,0,11,0,0,0,31,0,0,0,0,0,0,0
2099788,75,53,91,0,0,0,0,13,0,0,24,16,28,0,0,0,0,25,0,0,10,0,31,0,0,0,0,0
87541,75,0,16,0,0,0,0,0,0,0,0,0,0,0,0,0,0,0,0,26,0,58,23,0,16,0,0,0
2907827,75,33,59,0,13,19,16,0,16,0,0,18,0,0,0,0,0,0,0,32,15,0,35,0,0,22,26,22
28446,75,31,49,0,0,24,11,21,25,0,0,10,28,0,0,0,0,0,0,23,23,0,33,0,0,15,0,0
154288,75,0,0,0,31,45,53,0,16,0,0,0,0,0,0,0,11,0,0,27,0,0,117,0,0,18,0,0
37332,75,0,0,0,0,20,52,0,0,0,0,0,0,0,0,0,50,0,0,0,0,0,0,0,0,17,0,0
39791,75,36,42,0,0,0,19,0,0,0,0,35,0,0,0,0,52,0,55,25,15,0,18,0,0,0,0,0
353852,75,13,21,0,0,0,0,0,0,0,0,10,39,0,0,0,18,0,0,40,14,11,26,0,0,12,0,0
1986204,75,0,0,0,0,16,11,0,0,0,0,0,0,0,0,0,0,13,0,0,15,0,0,0,0,19,16,0
3028295,75,0,0,0,0,0,0,0,0,0,0,0,0,0,0,0,0,0,0,12,0,0,11,0,0,0,0,0
1691903,74,0,14,0,0,0,42,0,0,0,0,0,0,0,0,0,18,0,0,26,0,0,20,0,0,0,0,0
3042300,74,34,95,20,23,19,0,0,0,0,0,12,39,0,0,0,0,0,0,0,23,0,45,0,0,0,0,0
435912,74,0,554,0,0,0,20,0,0,0,0,0,0,0,0,0,22,0,0,135,0,18,27,0,0,16,0,0
3243021,74,0,0,0,0,0,25,0,0,0,0,0,0,0,0,0,0,0,0,0,0,0,12,0,0,0,0,0
1904862,74,0,28,0,0,20,0,0,0,0,11,0,28,0,0,0,0,0,20,41,12,17,16,0,20,13,15,0
85402,74,0,35,26,36,32,17,0,0,0,0,0,0,0,0,24,166,0,0,36,11,0,60,0,29,20,19,18
762,74,0,13,0,0,13,0,0,0,0,0,0,0,0,0,0,0,0,0,0,0,0,192,0,0,0,0,0
133539,74,14,14,18,17,0,35,0,0,0,0,0,33,0,0,0,0,14,0,0,0,0,41,0,0,0,0,0
3415673,74,0,0,0,0,38,103,0,0,0,0,0,0,0,0,48,181,0,149,21,0,10,17,0,41,0,23,0
1566379,74,0,0,0,0,0,20,0,0,0,0,0,0,0,0,97,373,0,70,14,0,0,0,0,70,0,39,16
3395915,74,0,0,0,0,0,0,0,0,0,0,0,0,0,0,0,58,0,0,0,0,0,0,0,0,0,0,0
3066267,74,0,0,0,0,0,0,0,0,0,0,0,0,0,0,0,0,0,0,77,0,0,53,0,0,0,0,0
2906514,74,22,31,0,0,0,19,0,0,0,0,0,0,0,0,0,58,0,0,0,0,0,0,0,0,0,22,0
420953,74,0,0,0,0,0,32,0,0,0,0,0,0,0,0,0,0,0,0,0,0,0,0,0,0,0,0,0
401471,74,0,0,11,0,19,19,0,0,0,0,0,0,0,0,0,11,0,10,0,0,0,19,12,0,0,0,0
416213,74,0,0,0,0,11,17,0,0,0,0,0,0,0,0,0,0,0,0,15,0,0,10,0,0,0,0,0
1689834,74,27,17,0,0,15,39,0,0,0,0,17,26,0,0,0,0,19,0,12,15,0,0,0,0,0,0,0
2913620,74,14,11,10,16,14,10,0,0,0,0,0,0,0,0,0,35,0,0,29,13,0,36,11,0,0,0,0
3076558,74,0,10,14,13,62,60,0,0,0,0,0,11,0,0,0,72,0,35,14,0,0,42,0,0,34,27,26
2984146,74,14,21,0,14,0,0,0,0,0,0,0,0,0,0,0,57,0,0,15,0,0,0,0,0,11,11,0
128574,74,0,0,19,25,0,0,0,0,0,0,0,0,0,0,0,0,0,0,40,0,0,35,0,0,11,11,0
54914,74,0,0,0,0,0,0,0,0,0,0,0,0,0,0,0,0,0,0,0,0,0,0,0,0,0,0,0
1374,74,0,0,0,0,0,0,0,0,0,0,0,0,0,0,21,35,0,0,0,0,0,24,0,0,0,0,0
1295642,74,0,0,0,0,0,0,0,0,0,0,0,0,0,0,0,78,0,0,0,0,0,0,0,0,0,11,0
3028082,74,18,19,19,22,0,0,0,0,0,0,0,35,0,0,0,0,0,0,0,13,0,15,0,0,0,0,0
3397060,74,0,0,0,0,29,22,29,35,15,0,0,0,10,0,16,43,0,44,14,0,0,23,0,0,0,0,0
3240053,74,0,15,0,0,20,56,0,0,0,0,0,0,0,0,0,46,0,0,24,0,0,0,0,0,0,0,0
1230998,74,19,43,0,0,0,44,0,0,0,19,13,48,0,0,0,0,25,0,0,18,0,0,0,0,0,0,0
3404115,74,0,0,0,0,0,0,0,0,0,0,0,0,0,0,0,0,0,0,0,0,0,0,0,0,0,0,0
28026,74,0,0,0,0,0,0,0,0,0,0,0,0,0,0,0,0,0,0,11,0,0,0,0,0,0,0,0
3240024,74,0,0,0,0,25,114,0,0,0,0,0,54,0,0,0,0,0,0,0,0,0,134,0,0,0,0,0
3139328,74,0,0,0,10,0,0,0,0,0,0,0,137,0,0,0,44,0,0,13,0,0,54,0,0,0,15,0
3388566,74,0,0,0,0,0,0,0,0,0,0,0,0,0,0,0,0,0,0,0,0,0,0,0,0,0,0,0
2170045,74,0,0,0,0,0,0,0,0,0,0,0,0,0,0,0,0,0,0,0,0,0,0,0,0,0,0,0
158841,73,11,19,24,24,13,22,0,0,0,0,0,13,0,0,0,64,0,0,0,0,0,100,0,0,0,0,0
2814294,73,0,17,0,0,20,34,0,12,0,0,0,0,0,0,0,41,0,0,17,0,0,14,0,0,0,0,0
24,73,0,46,0,35,59,121,0,0,0,0,0,0,0,0,51,458,0,0,475,0,0,173,0,0,110,108,101
1785128,73,14,0,31,25,0,0,0,38,0,0,0,0,0,0,0,29,0,0,0,0,0,67,0,0,17,0,0
3016528,73,11,53,12,17,13,35,0,28,0,0,0,0,0,0,0,0,0,0,90,0,0,17,0,0,38,23,24
2899122,73,0,26,15,25,17,44,0,18,0,0,0,0,0,0,16,58,0,0,47,0,0,27,0,0,16,0,12
2320270,73,0,13,0,0,26,39,0,0,0,0,0,0,0,0,0,0,0,0,0,0,0,41,0,0,0,10,15
45067,73,0,18,0,0,0,14,0,0,0,0,0,43,0,0,0,0,0,0,30,19,28,0,0,15,0,0,0
1630141,73,16,21,0,0,0,0,0,0,0,0,0,18,0,0,0,0,0,0,0,16,0,17,0,0,10,0,0
243629,73,38,47,13,40,88,141,0,0,0,15,14,26,0,0,16,139,0,10,10,14,0,28,0,0,0,0,0
858423,73,0,37,40,36,136,260,0,16,0,0,0,0,0,0,70,296,0,110,16,0,17,43,18,24,20,16,22
2896849,73,0,0,0,16,22,77,0,0,0,0,0,0,0,0,0,20,0,0,0,0,0,26,0,0,0,0,0
1579316,73,0,15,0,0,0,88,11,18,0,0,0,0,0,0,0,35,0,10,39,0,13,0,0,14,10,14,12
2560057,73,21,35,18,23,32,98,0,0,0,0,0,47,0,0,0,0,0,0,0,13,19,110,0,37,0,13,0
2861782,73,0,0,0,0,39,63,13,14,16,0,0,0,11,0,0,0,12,0,10,13,0,10,0,0,0,0,0
312277,73,0,10,12,19,22,47,0,15,0,12,0,42,0,0,10,28,13,98,51,10,19,54,0,13,23,29,18
106,73,0,0,16,12,41,50,18,30,0,0,0,0,0,0,0,60,0,0,109,0,0,37,0,0,40,18,14
2979464,73,14,20,31,50,42,61,0,27,0,0,0,19,0,12,0,54,0,0,10,20,0,48,0,10,10,0,0
46503,73,0,0,31,30,35,39,0,0,0,0,0,0,0,0,0,25,0,0,18,0,21,39,0,39,0,0,13
3383027,73,0,0,0,0,43,51,0,0,0,0,0,0,0,0,0,116,0,0,46,0,0,42,0,0,20,16,13
536979,73,0,0,0,12,29,18,0,0,0,0,0,0,0,0,13,18,0,11,21,0,0,54,0,0,0,0,11
2740404,73,0,26,0,0,0,0,0,0,0,0,0,15,0,0,0,0,0,0,69,0,46,21,0,0,18,15,0
244787,73,0,15,0,0,0,0,0,0,0,0,0,0,0,0,0,18,0,0,16,0,0,17,0,11,20,0,0
122,73,13,23,32,45,45,112,14,28,0,0,13,0,0,0,0,91,0,21,49,0,0,82,0,14,47,17,25
1933044,73,0,0,0,0,0,23,0,0,0,0,0,0,0,0,0,0,0,0,0,0,0,17,0,0,0,0,0
1664069,73,0,0,0,0,0,0,0,0,0,0,0,0,0,0,27,0,0,0,29,0,17,22,0,0,0,0,0
3117746,73,0,23,0,0,20,0,12,14,0,0,0,0,0,0,0,45,0,0,54,0,0,23,0,17,0,0,0
3115296,73,15,27,0,0,0,0,0,0,0,0,0,33,0,0,0,55,0,0,33,38,14,27,0,0,0,20,0
715179,73,13,23,11,14,0,0,25,23,12,0,0,16,19,0,0,0,13,0,21,0,0,69,0,0,19,0,0
2704463,73,0,13,10,14,16,16,18,17,0,0,0,0,14,0,0,15,0,12,56,0,0,17,22,0,18,24,14
1472,73,0,0,0,20,0,0,0,0,0,0,0,0,0,0,0,0,0,0,0,0,0,21,0,0,0,0,0
1394,73,0,0,0,0,0,0,0,0,0,0,0,0,0,0,0,0,0,0,0,0,0,0,0,0,0,0,0
1074467,73,13,11,0,0,0,0,0,0,0,0,0,19,0,0,0,11,0,0,15,0,0,26,0,0,22,0,0
2598453,73,0,28,0,0,0,26,0,0,0,0,0,0,0,0,0,0,0,34,0,0,0,96,0,0,0,0,0
178214,73,17,29,0,0,0,0,0,0,0,0,0,0,0,0,0,12,0,0,140,0,0,23,0,0,32,11,0
411486,73,25,25,0,0,0,0,0,0,0,15,0,33,0,0,0,0,0,0,19,19,0,36,0,0,0,0,0
66219,73,23,42,22,27,31,24,0,0,0,12,0,42,0,0,0,50,0,0,47,17,25,82,13,14,29,24,12
1938334,73,0,0,0,0,0,0,0,0,0,0,0,0,0,0,0,0,0,0,0,0,0,0,0,0,0,0,0
1442551,73,54,117,217,182,188,479,30,314,138,0,74,143,16,42,267,100,26,794,27,0,100,118,55,0,22,0,70
362837,73,0,16,0,0,10,0,0,0,0,0,0,0,0,0,0,96,0,0,0,0,0,33,0,0,14,12,11
3239304,73,14,31,0,13,13,0,0,0,0,0,12,20,0,0,0,0,16,0,47,0,35,17,0,0,23,0,0
683846,73,13,13,0,0,0,0,0,0,0,0,0,0,0,0,0,0,0,0,11,0,0,19,0,0,0,0,0
497727,73,12,26,0,0,0,0,0,0,0,0,0,12,0,0,0,55,0,0,0,12,0,0,0,0,0,0,0
3050258,73,0,0,0,0,0,0,0,0,0,0,0,0,0,0,0,0,0,19,0,0,0,0,0,0,0,0,0
283686,72,0,13,0,0,0,0,0,0,0,0,0,0,0,0,0,0,0,0,0,0,12,22,11,0,0,0,0
2769024,72,0,0,0,0,0,12,0,0,0,0,0,18,0,0,0,0,0,0,30,0,0,11,0,0,19,0,0
58169,72,14,22,0,0,0,30,0,0,0,14,0,13,0,0,0,0,0,0,15,0,0,0,0,0,0,0,0
2518973,72,11,30,26,27,17,30,0,0,0,0,0,65,0,0,0,0,0,0,36,28,0,22,0,0,0,0,0
1148157,72,0,0,0,0,0,0,0,0,0,0,0,0,0,0,0,0,0,0,26,0,0,35,0,0,13,20,0
47877,72,0,0,44,42,25,62,0,0,0,0,0,0,0,0,0,55,0,0,42,0,0,79,0,0,32,25,0
2994496,72,0,0,0,0,16,53,0,0,0,0,0,0,0,0,0,11,0,0,0,0,0,12,0,0,0,0,0
3067653,72,38,50,0,0,28,59,0,11,18,0,0,0,0,0,0,25,0,0,0,0,0,40,0,0,0,0,0
80850,72,21,38,0,0,11,0,0,0,0,0,22,31,0,0,0,0,45,0,0,15,58,14,0,0,0,0,0
3230981,72,58,50,0,0,0,0,0,0,0,40,32,99,0,0,0,11,0,0,18,78,0,10,0,0,0,0,0
3374189,72,59,32,0,0,0,15,0,0,0,0,0,0,0,0,52,40,0,0,35,0,0,0,0,0,0,28,0
2599305,72,0,0,0,0,0,28,0,0,0,0,0,16,0,0,0,0,0,0,16,0,21,43,0,14,0,0,0
2870839,72,24,28,0,0,0,14,0,22,0,10,10,0,0,0,0,13,11,0,28,0,14,14,0,0,22,16,13
2496865,72,0,36,0,31,26,85,0,14,0,0,0,0,0,0,0,28,0,0,27,0,0,119,0,0,18,18,0
2059726,72,31,38,0,16,13,52,0,0,0,21,0,87,0,0,0,52,19,0,49,53,0,48,0,29,18,27,24
1472417,72,0,0,0,0,0,26,22,32,0,0,0,0,0,0,0,0,0,0,0,0,0,17,0,0,0,0,0
1986146,72,0,0,11,18,19,38,0,0,0,0,0,0,0,0,0,0,0,0,10,0,0,18,0,11,0,0,0
1653476,72,0,0,0,0,0,0,0,0,0,0,0,0,0,0,0,21,0,0,13,0,0,0,0,0,0,0,0
483937,72,0,0,13,31,14,17,0,0,0,0,0,0,0,0,0,0,0,0,26,0,0,43,0,0,15,19,0
3050112,72,0,10,0,0,23,12,0,11,0,0,0,0,0,0,0,16,0,22,45,0,0,19,0,0,33,0,0
1870820,72,0,17,0,0,0,14,0,0,0,0,0,11,0,0,0,0,0,0,11,0,0,16,0,0,0,0,0
1930764,72,0,0,0,0,0,0,0,0,0,0,0,0,0,0,0,0,0,0,26,0,0,0,0,0,0,0,0
414778,72,15,17,18,19,0,0,0,0,0,0,0,0,0,0,12,65,0,0,48,0,13,26,0,11,17,0,0
1903258,72,0,0,0,30,23,18,0,0,0,0,0,0,0,0,0,68,0,0,21,0,0,29,0,0,0,14,0
45634,72,0,0,0,20,37,111,20,50,0,0,0,14,0,0,0,57,0,13,65,15,16,33,16,18,75,64,41
2230878,72,0,0,0,0,15,22,0,0,0,0,0,0,0,0,0,0,0,0,20,0,0,19,0,0,0,0,0
339862,72,0,0,0,23,16,10,11,23,0,0,0,0,0,0,0,59,0,0,31,0,12,47,0,0,26,19,21
2662455,72,26,42,0,0,0,0,0,0,0,0,0,0,0,0,0,0,0,0,62,0,0,39,0,0,0,0,0
29466,72,75,111,23,58,52,214,17,17,0,23,22,58,10,0,0,53,13,47,57,32,0,123,0,15,12,10,11
3096006,72,0,0,0,0,42,38,0,0,0,0,0,0,0,0,0,0,0,0,0,0,0,0,0,0,0,0,0
3239980,72,0,0,0,0,17,60,0,0,0,0,0,0,0,0,0,0,0,33,0,0,0,0,0,0,0,0,0
453836,72,0,0,0,0,0,0,0,0,0,0,0,0,0,0,0,0,0,0,0,0,0,0,0,0,0,0,0
3239892,72,0,0,0,16,40,143,0,0,0,0,0,0,0,0,0,26,0,26,0,0,0,0,0,0,0,0,16
980427,72,0,0,0,0,44,68,0,0,0,0,0,15,0,0,0,0,0,0,0,0,0,0,0,0,0,0,0
2199,72,0,0,0,0,11,0,0,0,0,0,0,0,0,0,0,0,0,0,0,0,0,14,0,0,0,0,0
1470067,72,0,0,40,35,18,11,0,0,11,0,0,0,0,0,0,90,0,0,36,0,19,26,0,0,21,11,0
580,71,0,0,0,0,26,59,0,0,0,0,0,0,0,0,0,66,0,0,35,0,0,18,0,0,12,0,22
2059264,71,0,0,0,0,18,0,0,0,0,0,0,0,0,0,0,29,0,0,0,0,0,24,0,0,0,0,0
3410268,71,22,28,0,0,0,24,0,26,0,0,0,18,0,0,0,0,0,0,20,18,0,12,0,0,0,0,0
3417757,71,0,0,0,0,19,11,0,0,0,0,0,0,0,0,0,0,0,0,34,0,0,0,0,0,0,0,0
254247,71,0,0,13,19,0,21,0,0,0,0,0,18,0,0,0,0,0,0,0,0,0,11,0,0,0,0,0
1144748,71,0,22,0,0,24,14,0,0,0,10,0,19,0,0,0,14,0,0,20,19,0,14,0,0,12,0,0
680247,71,18,15,0,0,35,74,0,0,0,0,0,10,0,0,0,22,0,12,0,0,0,0,0,0,0,0,0
2979331,71,0,0,0,0,0,0,0,0,0,0,0,0,0,0,0,0,0,0,0,0,0,0,0,0,0,0,0
2972485,71,18,26,0,0,32,94,0,10,0,0,0,0,0,0,0,0,0,0,13,0,0,0,0,0,0,0,0
2601668,71,0,0,0,0,10,0,0,0,0,0,0,0,0,0,0,132,0,0,17,0,0,0,0,0,0,0,0
2527775,71,0,0,0,0,0,17,0,0,0,0,0,0,0,0,0,0,0,0,20,0,0,33,0,0,0,0,16
3241603,71,45,65,0,14,34,102,0,0,0,13,33,23,0,0,0,0,0,0,0,21,0,11,0,0,0,0,0
249402,71,40,44,0,0,0,0,0,0,0,0,0,0,0,0,0,77,0,0,10,0,0,11,0,0,0,11,0
328813,71,0,22,0,10,18,51,0,0,29,0,0,0,0,0,0,30,0,0,20,0,0,31,0,0,0,0,0
2838156,71,0,11,13,17,0,26,0,14,0,0,0,0,0,0,0,68,0,0,21,0,0,35,0,0,21,23,19
880,71,0,0,0,0,0,13,0,0,0,0,0,0,0,0,0,0,0,0,0,13,0,39,0,0,0,0,0
3133282,71,0,0,0,14,53,179,41,60,0,13,0,0,19,0,0,11,0,14,0,28,0,0,0,0,0,0,0
2682541,71,0,0,0,19,0,0,0,0,0,0,0,0,0,0,0,29,0,0,18,0,0,41,24,22,0,0,0
2700081,71,0,0,0,0,10,10,0,12,0,0,0,0,0,0,0,17,0,0,55,0,0,21,0,0,45,29,19
1176239,71,20,12,11,0,20,18,22,35,15,0,13,22,20,0,0,0,0,0,42,10,0,23,0,0,11,24,12
2996034,71,0,0,0,0,0,12,0,0,0,0,0,0,0,0,0,44,0,0,32,13,0,10,0,0,14,18,18
2586909,71,0,0,0,0,0,0,14,12,0,0,0,0,0,0,0,55,0,0,0,0,0,25,0,0,0,12,0
1111760,71,0,11,0,0,10,0,39,48,19,0,0,0,14,0,0,0,17,146,0,0,0,20,0,0,0,0,0
1857215,71,0,10,0,0,0,0,0,0,0,0,0,0,0,0,0,88,0,0,13,0,0,23,0,0,0,0,0
413888,71,0,0,0,0,0,0,0,46,0,0,0,0,27,20,0,0,0,0,46,0,0,0,0,0,0,0,0
1667,71,0,0,0,0,0,0,0,0,0,0,0,0,0,0,0,0,0,0,0,0,0,0,0,0,0,0,0
3416181,71,0,0,0,0,0,15,0,0,0,0,0,0,0,0,0,0,0,0,0,0,0,0,0,0,0,0,0
1680,71,0,0,0,0,0,20,15,12,0,0,0,0,0,0,0,0,0,0,0,0,0,37,0,0,0,0,0
1907575,71,0,0,0,0,11,45,0,0,0,0,0,0,0,0,0,0,0,0,13,0,0,19,0,0,0,0,0
55529,71,0,0,14,93,46,60,0,15,0,0,0,0,0,105,0,28,0,59,0,0,0,13,0,0,0,0,0
184924,70,39,85,0,0,0,0,0,0,0,0,0,61,0,0,0,0,0,0,0,0,0,0,0,0,0,0,0
2930198,70,0,0,0,0,0,0,0,0,0,0,0,0,0,0,0,0,0,0,26,0,0,0,0,0,0,0,0
62763,70,0,45,0,10,24,31,0,0,0,0,0,0,0,0,0,0,0,0,38,0,10,216,12,0,28,20,15
1824638,70,14,59,0,10,0,0,0,0,0,0,0,15,0,0,0,0,15,0,10,11,0,11,0,0,14,0,0
648995,70,0,0,0,0,83,209,0,45,0,0,0,33,0,0,0,44,0,45,84,0,0,38,0,0,30,27,0
2184161,70,23,37,0,0,271,347,0,0,0,0,0,0,0,0,0,0,0,15,0,0,0,0,0,0,0,0,0
413712,70,0,0,0,22,24,70,0,0,0,0,0,0,0,0,0,0,0,0,0,0,0,0,0,0,0,0,0
3066184,70,0,0,0,0,0,0,0,0,0,0,0,0,0,0,0,0,0,0,0,0,0,0,0,0,0,0,0
296591,70,0,0,0,0,24,78,13,16,0,0,0,0,0,0,0,57,0,0,14,0,0,0,0,0,18,0,0
3234137,70,0,18,0,75,44,89,0,31,0,0,0,0,0,0,0,0,0,0,62,0,0,656,0,0,45,42,45
669041,70,0,18,0,0,27,38,0,32,0,0,0,0,0,19,0,0,0,0,29,0,0,20,25,12,20,0,0
1529069,70,0,0,0,21,0,32,0,89,0,0,0,0,0,0,0,0,0,0,73,0,0,47,0,0,20,0,34
1795355,70,22,52,0,13,20,50,0,14,0,17,0,32,0,0,0,87,0,0,30,0,28,45,11,18,21,23,20
3342096,70,0,0,13,10,24,20,29,38,0,0,0,0,0,0,12,184,0,0,24,0,0,20,0,0,32,22,25
354356,70,12,16,25,41,37,37,0,12,0,0,0,0,0,0,0,39,0,0,56,0,0,101,0,11,34,26,18
2527973,70,0,18,0,0,11,50,0,0,0,0,0,47,0,0,0,35,0,0,36,20,0,31,0,0,0,19,0
191026,70,0,0,0,18,60,55,0,0,0,0,0,0,0,0,0,191,0,356,50,0,0,23,0,0,12,29,22
3133324,70,0,0,0,0,0,93,0,0,0,0,0,0,0,0,0,0,0,0,56,0,0,0,0,0,17,44,0
940615,70,0,0,0,14,0,17,0,0,0,0,0,0,0,0,0,0,0,30,0,0,0,14,0,0,0,0,0
2823904,70,0,0,0,0,0,0,0,0,0,0,0,0,0,0,0,0,0,620,0,0,0,0,0,0,0,0,0
1214604,70,0,0,10,19,56,61,0,0,0,0,0,0,0,0,0,0,0,0,0,0,0,54,0,0,0,0,0
35787,70,0,0,0,0,11,23,0,0,0,0,0,0,0,0,0,0,0,0,0,0,0,0,0,0,0,0,0
1218495,70,12,0,0,0,16,11,0,0,0,0,0,0,0,0,0,0,0,0,39,0,0,26,0,0,16,12,10
2779518,70,0,10,0,0,22,12,0,0,0,0,0,16,0,0,0,0,0,0,32,0,0,30,0,14,16,18,0
301302,70,0,0,0,0,0,0,0,0,0,0,0,11,0,0,0,13,0,0,65,0,0,64,0,0,19,32,17
3366809,70,16,34,0,19,18,0,0,0,0,0,0,10,0,0,0,91,0,0,23,0,0,0,0,0,14,11,0
3372856,70,14,16,0,0,14,59,0,0,0,0,0,22,0,0,0,11,0,0,26,0,0,0,0,0,0,28,0
3074378,70,0,0,0,0,0,0,0,0,0,47,0,0,0,0,0,0,0,0,0,0,0,0,0,0,0,0,0
38303,70,0,0,0,0,0,0,0,0,0,0,0,0,0,0,0,0,0,0,0,0,0,0,0,0,0,0,0
35754,70,0,14,14,0,75,175,0,27,68,0,0,0,0,0,0,33,0,24,32,0,0,0,0,0,0,14,0
2976343,70,39,59,0,0,78,117,15,75,0,0,18,0,0,0,0,0,0,23,13,24,0,22,0,0,0,0,0
1789762,70,0,0,0,22,14,16,0,0,0,0,0,43,0,0,0,0,0,0,18,0,0,157,0,0,17,0,0
3048149,70,0,0,0,0,0,0,0,0,0,0,0,0,0,0,0,0,0,0,0,0,0,0,0,0,0,0,0
535744,69,0,0,0,0,0,35,0,0,0,0,0,0,0,0,0,0,0,0,0,0,0,0,0,32,0,0,0
182337,69,0,0,0,0,0,31,0,0,0,0,0,0,0,0,0,0,0,0,0,0,0,0,0,0,0,0,0
2547970,69,18,46,0,0,16,28,0,0,0,0,10,0,0,0,0,22,0,0,30,0,0,44,0,0,10,0,0
2552945,69,0,35,19,20,38,45,0,14,47,0,10,28,0,0,0,123,0,0,58,0,16,54,0,22,0,17,0
3379131,69,37,56,0,0,0,0,0,0,0,0,0,30,0,0,0,0,0,0,0,18,0,0,0,0,0,0,0
3394855,69,0,0,0,0,0,0,0,0,0,0,0,0,0,0,0,0,0,0,0,0,0,0,0,0,0,0,0
1432056,69,0,0,0,22,0,0,0,0,0,0,0,0,0,0,0,0,0,0,0,0,0,34,0,0,0,0,0
487698,69,0,0,0,0,0,145,0,0,0,0,0,0,0,0,0,0,0,0,0,0,0,0,0,0,0,0,0
3243393,69,0,0,0,11,0,23,0,0,0,0,0,0,0,0,0,0,0,0,0,0,0,0,0,0,0,0,0
3230117,69,0,11,0,0,13,33,0,0,0,0,0,0,0,0,0,57,0,0,17,0,0,30,0,0,0,0,0
2806346,69,18,30,0,0,41,64,0,0,0,0,0,0,0,0,0,0,0,0,0,0,0,0,0,0,0,0,0
984307,69,0,0,0,0,70,117,0,0,0,0,0,0,0,0,0,0,0,0,52,0,0,0,0,0,0,0,0
1689272,69,0,0,0,0,35,36,0,0,0,0,0,0,0,0,0,0,0,87,41,0,0,35,0,19,0,0,0
1225769,69,0,0,0,0,13,49,0,0,0,0,0,0,0,0,0,0,0,0,14,0,0,0,0,0,0,0,0
930,69,0,0,0,0,0,23,0,0,0,0,0,0,0,0,0,0,0,0,24,0,0,0,0,0,0,0,0
2038737,69,0,13,14,17,24,35,0,11,0,0,0,0,0,0,15,28,0,0,168,0,0,45,16,0,10,15,12
1453352,69,0,0,0,14,12,97,0,15,0,0,0,0,0,0,0,31,0,0,74,0,12,29,0,24,16,20,12
712471,69,0,0,0,0,0,13,0,0,0,0,0,0,0,0,0,0,0,0,16,0,0,35,0,0,0,0,0
28118,69,26,27,0,0,28,25,0,0,0,16,17,26,0,0,18,71,0,0,25,27,0,11,0,0,11,12,14
1145106,69,0,12,0,0,0,15,22,23,0,0,0,0,0,0,0,31,0,0,41,21,0,19,0,0,0,0,0
3025671,69,0,0,0,0,25,0,0,0,0,0,0,0,0,0,0,0,0,0,58,0,0,0,0,0,0,30,0
398053,69,45,55,19,26,31,19,14,24,12,16,14,23,0,20,0,79,0,0,68,16,0,34,0,0,23,24,11
652787,69,25,32,10,19,37,21,0,0,0,0,0,29,0,0,11,83,0,0,20,0,0,21,10,0,0,0,0
1850526,69,11,15,10,20,31,35,0,0,0,0,0,31,0,0,0,0,0,39,41,0,0,31,0,0,10,15,0
1457365,69,0,14,0,0,0,28,0,0,0,0,0,0,0,0,0,16,0,0,23,0,0,34,0,0,12,10,0
35818,69,0,0,0,0,23,0,0,12,0,0,0,0,0,0,0,0,0,0,27,0,0,13,0,0,16,12,0
269261,69,0,0,0,0,0,15,0,0,0,0,0,0,0,0,0,0,0,0,0,0,0,20,0,0,0,0,0
3115152,69,0,0,0,0,0,0,0,0,0,0,0,0,0,0,0,0,0,0,0,0,0,0,0,0,0,0,0
127893,69,0,0,0,0,0,0,27,59,0,0,0,0,0,0,0,0,0,0,0,0,0,0,0,0,0,0,0
2980027,69,0,0,10,0,17,13,0,0,0,0,0,0,0,0,0,0,0,0,29,0,11,27,0,0,15,15,0
2921432,69,0,0,0,0,0,0,0,0,0,0,0,0,0,0,0,0,0,0,0,0,0,0,0,0,0,0,0
2707005,69,0,0,0,14,22,19,0,0,0,0,0,0,0,0,0,0,0,0,24,13,0,45,0,0,16,0,0
69967,69,0,0,0,0,25,23,0,0,0,0,0,0,0,0,0,0,0,0,69,0,0,0,0,0,22,16,11
2921401,69,0,16,10,12,0,0,0,0,0,0,0,0,0,0,13,120,0,0,35,0,0,28,0,0,0,13,0
187452,69,0,0,25,35,15,13,0,0,0,0,0,0,0,0,0,0,0,0,148,0,0,20,0,0,18,21,11
137591,69,0,0,41,68,74,65,22,30,15,0,0,0,14,0,0,16,0,0,90,0,15,149,0,0,39,22,0
1264,69,16,26,0,14,0,0,0,0,0,0,0,35,0,0,0,46,0,0,38,12,0,39,0,0,11,14,13
1131462,69,0,0,0,0,0,0,0,0,0,0,0,0,0,0,0,0,0,0,0,0,0,0,0,0,0,0,0
1564,69,0,0,10,0,0,0,0,0,0,0,0,0,0,0,0,0,0,0,24,0,13,28,0,0,16,0,0
3151850,69,0,0,0,0,11,11,0,0,0,0,0,0,0,0,0,0,10,0,0,0,0,27,0,0,17,0,0
36841,69,13,12,0,0,0,0,0,0,0,0,0,13,0,0,0,92,0,0,60,0,0,39,0,0,68,25,30
375929,69,24,37,0,11,33,20,0,12,0,0,10,31,0,0,0,116,0,0,66,12,0,19,0,0,19,13,29
1582259,69,0,0,11,0,11,0,0,0,0,0,0,10,0,0,0,0,0,0,0,0,0,29,0,0,0,0,0
2010183,69,0,33,0,10,0,0,0,0,0,0,0,0,0,0,10,107,0,0,43,0,11,25,0,0,22,20,0
3114695,69,0,0,0,0,0,0,0,0,0,0,0,0,0,0,0,0,0,0,0,0,0,0,0,0,0,0,0
3423959,69,0,0,0,0,59,122,0,0,0,0,0,0,0,0,0,0,0,0,0,0,0,272,0,0,0,0,0
2995141,69,0,0,0,0,14,42,0,0,0,0,0,0,0,0,0,0,0,0,0,0,0,0,0,0,0,0,0
3239997,69,0,0,16,20,49,157,0,19,0,0,0,0,0,0,0,0,0,15,0,14,0,20,16,33,0,0,0
2768948,69,13,24,18,27,269,235,45,119,18,0,19,11,32,0,25,155,15,37,69,20,22,121,11,23,36,39,29
2743090,69,0,10,0,0,0,30,0,0,0,0,0,14,0,0,0,0,11,0,0,0,0,0,0,0,0,0,0
1380432,69,0,0,0,0,0,0,0,0,0,0,0,0,0,0,0,0,0,0,11,0,0,0,0,0,0,0,0
1406512,69,0,11,0,17,10,0,14,29,0,0,0,30,0,0,0,0,0,0,15,0,0,10,0,0,0,0,0
2795383,69,10,15,24,12,23,23,0,0,0,0,13,18,0,0,11,59,0,0,35,15,0,28,0,0,23,23,40
3051617,69,0,0,0,0,0,0,0,0,0,0,0,0,0,0,0,0,0,0,0,0,0,0,0,0,0,0,0
29485,68,0,0,0,11,0,0,0,0,0,0,0,0,0,0,0,0,0,0,24,0,0,13,0,0,0,0,0
2259638,68,0,0,0,0,0,18,0,0,0,0,0,0,0,0,0,0,0,0,0,0,0,0,0,0,0,0,0
2291597,68,13,37,0,0,0,26,0,0,0,0,0,28,0,0,0,0,0,0,0,16,0,27,0,0,0,0,0
3410269,68,0,16,0,0,15,35,15,0,0,0,0,0,0,0,0,0,0,0,0,0,0,0,0,0,0,0,0
2004646,68,34,45,0,0,0,0,0,0,0,0,0,20,0,0,0,18,0,0,0,18,0,15,0,0,0,0,0
2780077,68,24,37,16,40,39,34,0,0,0,0,0,0,0,0,27,321,0,0,0,0,0,60,0,0,0,0,0
386891,68,0,0,0,0,25,26,0,0,0,0,0,0,0,0,0,0,0,0,0,0,75,47,0,52,0,0,0
766224,68,0,0,0,0,0,0,0,0,0,0,0,0,0,0,0,0,0,0,30,0,0,0,0,0,0,0,0
474394,68,0,91,26,44,47,42,0,0,0,0,0,0,0,0,0,0,0,0,16,0,0,51,0,0,0,0,0
930166,68,0,0,0,0,0,112,0,0,0,0,0,0,0,0,0,0,0,0,23,0,20,44,0,28,30,0,0
3398209,68,51,102,0,0,0,0,0,0,0,22,0,40,0,0,0,0,0,0,0,0,0,0,0,0,0,0,0
549298,68,0,18,16,28,0,0,0,0,0,0,0,11,0,27,18,0,0,0,15,17,0,35,0,0,16,17,11
2493670,68,0,0,0,0,0,85,0,0,0,0,0,0,0,0,0,0,0,0,0,0,0,0,0,0,0,0,0
2807101,68,11,16,0,13,67,111,0,0,22,0,0,0,0,0,0,17,0,25,0,0,0,85,0,0,12,0,0
1904378,68,11,41,16,11,112,157,0,18,11,0,0,17,0,0,0,0,0,20,0,14,0,0,0,0,0,0,0
2596913,68,17,52,26,14,122,458,23,37,0,0,0,0,0,0,0,0,0,0,16,0,0,0,0,0,0,0,0
2654982,68,0,0,0,0,16,46,0,0,0,0,0,0,0,0,0,0,0,0,0,0,0,10,0,0,0,0,0
321985,68,0,0,48,43,28,65,36,49,0,0,0,0,12,0,0,11,0,17,0,0,0,59,0,0,0,20,0
29581,68,30,38,42,32,95,132,17,26,0,0,24,25,0,0,0,0,0,0,50,20,0,132,0,0,31,0,24
516051,68,0,20,0,0,49,180,0,14,0,0,0,0,0,0,29,113,0,0,29,0,0,22,13,0,13,30,22
1761453,68,11,24,54,73,60,216,0,22,0,0,0,21,0,0,16,64,0,41,50,12,0,56,0,0,26,11,22
2039166,68,33,55,0,10,38,37,0,12,0,0,11,0,0,0,0,10,0,0,76,31,0,221,0,0,0,15,0
290053,68,0,27,0,12,10,20,0,0,0,0,0,18,0,0,0,0,0,0,38,0,0,28,0,0,23,14,10
2691918,68,0,12,0,0,0,0,0,0,0,0,0,29,0,0,0,0,0,0,41,25,0,0,0,0,14,16,0
83552,68,0,0,31,43,22,21,0,0,0,0,0,0,0,0,0,0,0,0,58,0,0,33,0,0,18,32,13
1129264,68,0,0,0,0,0,10,0,0,0,0,0,0,0,0,13,120,0,31,15,0,0,30,0,0,0,0,0
19,68,0,0,0,0,0,20,0,0,0,0,0,0,0,0,0,14,0,0,0,0,15,0,0,11,0,0,0
392734,68,56,73,0,0,17,54,0,11,0,17,23,61,0,0,0,0,0,0,32,51,0,12,0,0,0,12,0
3228953,68,30,23,0,0,0,0,0,0,0,0,0,18,0,0,0,0,14,0,12,12,0,11,0,0,0,0,0
1925020,68,32,65,0,15,0,0,0,12,0,0,24,18,0,0,0,0,0,0,72,21,10,95,0,0,25,26,22
2282849,68,21,21,0,10,16,18,10,19,0,11,0,54,0,0,19,53,15,0,42,0,0,18,0,0,0,20,19
1178515,68,0,11,10,23,0,11,0,0,0,0,0,0,0,0,0,0,0,0,40,0,0,15,0,0,24,20,21
198483,68,16,27,32,26,19,0,0,0,0,0,0,11,0,0,0,72,0,0,37,0,0,152,0,0,26,0,0
2879107,68,0,0,0,0,0,0,0,0,0,0,0,0,0,0,0,29,0,0,0,0,0,0,0,0,0,0,0
1601,68,22,16,14,18,29,25,0,14,0,0,0,0,0,0,0,69,0,0,31,0,14,83,0,16,18,17,0
214853,68,0,11,20,30,57,37,0,0,0,0,0,0,0,0,23,58,0,0,40,0,0,36,0,0,12,0,12
66425,68,0,0,0,0,38,107,0,0,0,0,0,0,0,0,0,11,0,14,0,0,0,12,0,0,0,0,0
161358,68,24,42,13,22,95,215,0,14,16,15,18,21,0,0,19,25,0,81,197,0,0,34,0,10,117,154,130
53635,68,0,16,0,0,23,68,0,0,0,0,0,0,0,0,0,0,0,0,13,0,0,229,0,0,0,0,0
2094,68,0,0,0,0,0,0,0,0,0,0,0,0,0,0,0,25,0,0,36,0,0,14,0,0,32,12,0
35769,68,0,0,15,21,0,0,0,0,0,0,0,0,0,0,0,16,0,0,0,0,0,0,0,0,0,0,0
2116,68,19,14,22,37,19,15,0,0,0,0,0,0,0,0,0,47,0,0,38,0,0,37,0,0,0,0,16
312539,68,0,10,28,51,31,38,0,0,0,0,0,0,0,0,0,118,0,0,121,10,17,43,0,18,55,23,62
260149,68,0,0,0,0,0,0,0,0,0,0,0,0,0,0,0,0,0,0,0,0,0,0,0,0,0,0,0
3047383,68,0,0,0,0,0,0,0,0,0,0,0,0,0,0,0,0,0,0,0,0,0,0,0,0,0,0,0
108080,67,0,0,11,17,0,0,0,0,0,0,0,0,0,0,0,0,0,0,0,0,0,26,0,0,0,0,0
82977,67,0,23,0,0,0,19,0,0,0,0,0,0,0,0,0,0,0,0,31,0,0,10,0,0,0,10,0
2831148,67,0,20,30,28,37,86,10,51,0,0,0,0,10,14,0,20,0,0,23,0,0,28,0,0,18,0,13
3120518,67,21,37,25,32,0,0,0,0,0,0,0,21,0,0,0,13,0,0,0,0,0,32,0,0,11,0,0
1435036,67,0,18,12,17,0,15,0,0,0,0,0,16,0,0,0,37,0,0,0,0,0,23,0,0,0,0,0
446372,67,0,23,0,0,0,0,0,0,0,0,0,27,0,0,0,0,0,0,15,22,0,0,0,0,0,0,0
380021,67,0,0,28,59,159,440,0,36,35,0,0,0,0,0,0,67,0,49,63,0,0,126,39,0,24,22,26
359370,67,26,50,0,12,0,35,0,0,0,0,0,0,0,0,0,0,44,0,63,0,46,62,0,0,0,0,0
2704653,67,0,0,0,0,21,0,0,0,0,0,0,0,0,0,0,24,0,0,63,11,10,51,0,0,44,33,14
288000,67,0,17,0,19,51,156,0,0,0,58,15,19,14,13,545,4932,29,101,111,12,0,20,20,347,0,46,28
1685970,67,0,0,0,0,56,114,0,0,0,25,0,15,16,0,145,654,0,461,45,0,23,30,40,115,0,91,30
42444,67,12,76,21,23,162,582,0,52,29,0,0,23,0,0,34,0,0,34,0,0,0,0,0,0,0,0,0
2058625,67,23,36,0,0,0,29,0,0,0,0,0,30,0,0,0,11,0,0,21,21,0,22,0,0,0,0,0
94624,67,0,0,0,0,39,184,0,31,0,18,0,0,0,0,0,0,0,0,0,0,0,0,0,0,0,0,0
2995413,67,0,10,0,0,0,14,0,0,0,0,0,0,0,0,0,0,0,0,10,0,0,15,0,0,0,0,0
1124835,67,0,0,14,17,20,21,30,36,20,0,0,19,22,0,0,57,0,15,98,12,0,83,0,0,16,15,14
1807141,67,0,0,0,0,0,0,0,0,0,0,0,0,0,0,0,0,0,0,0,0,0,0,0,0,0,0,0
497967,67,0,0,0,0,23,24,0,0,0,0,0,0,0,0,0,36,0,0,26,0,0,15,0,0,0,0,0
185300,67,0,11,12,14,0,22,0,10,0,0,0,0,0,0,15,58,0,0,72,0,12,29,0,0,51,36,17
76517,67,0,0,0,0,14,37,15,26,0,0,0,17,0,0,0,30,0,18,36,23,0,27,0,0,19,12,0
2706014,67,26,46,32,58,103,92,0,0,0,0,0,36,0,0,0,18,0,1204,16,31,0,125,0,0,13,12,0
83564,67,0,13,0,22,33,120,0,14,39,0,16,11,0,0,16,38,97,21,22,0,24,52,0,27,10,0,13
2905690,67,0,0,0,0,28,137,0,0,0,0,0,0,0,0,0,0,0,0,0,0,0,14,0,0,0,0,0
940,67,0,0,0,0,0,0,0,0,0,0,0,0,0,0,14,144,0,0,51,0,0,35,0,10,24,25,25
3385497,67,0,0,0,0,10,12,0,0,0,0,0,0,0,0,0,0,0,0,18,0,0,0,0,0,10,0,0
1827526,67,0,0,0,0,22,70,0,0,0,0,0,0,0,0,0,21,0,0,34,0,0,0,0,0,0,0,0
2903828,67,0,0,0,0,24,88,0,0,0,0,0,0,0,0,0,16,0,0,0,0,0,0,0,0,28,0,0
2686304,67,83,78,105,163,31,54,22,23,0,0,33,0,0,0,0,58,0,18,24,25,0,35,0,0,0,0,0
33900,67,0,0,0,0,97,212,0,0,0,0,0,0,0,0,0,28,0,0,0,56,0,46,0,0,0,0,0
2903574,67,0,0,0,0,32,90,0,0,0,0,0,0,0,0,0,0,0,0,0,0,0,0,0,0,0,0,0
132919,67,0,0,0,0,0,0,0,0,0,0,0,0,0,0,0,0,0,0,0,0,0,0,0,0,0,0,0
81459,67,0,0,0,0,30,39,13,12,0,0,0,0,10,13,0,0,0,0,16,0,0,16,0,0,0,17,0
214888,67,23,15,15,29,25,15,0,0,0,0,0,0,0,0,0,53,0,0,47,0,0,51,0,0,19,11,21
50052,67,22,38,0,0,0,0,10,0,0,11,10,33,0,0,0,0,0,0,29,13,10,0,0,0,10,0,0
1364945,67,0,0,0,0,11,33,0,0,0,0,0,0,0,0,0,0,0,0,0,0,0,0,0,0,0,0,0
1609968,67,16,15,0,13,16,12,20,19,0,0,0,0,13,0,0,14,0,0,45,33,0,44,0,22,20,25,20
1128137,67,26,39,0,33,0,0,0,0,0,0,15,22,0,0,0,32,0,11,29,14,0,43,0,0,20,0,0
1081631,66,15,16,0,0,0,0,0,0,0,0,0,15,0,0,0,0,0,0,23,0,0,0,0,0,0,0,0
3085177,66,26,35,0,0,0,11,0,0,0,0,0,39,0,0,0,0,0,17,0,0,0,16,0,0,0,0,0
3242416,66,12,27,0,0,0,22,24,21,17,0,0,0,0,0,0,25,0,0,0,0,0,26,0,0,0,0,0
2746233,66,0,0,17,27,0,0,0,0,0,0,0,0,0,0,0,17,0,0,0,0,0,0,0,0,0,0,0
1891186,66,12,37,0,0,0,0,0,0,0,0,0,17,0,0,0,25,0,0,39,0,0,47,0,0,19,0,0
664643,66,0,19,44,76,0,0,0,0,0,0,0,0,0,0,0,0,0,0,0,0,0,44,0,0,0,0,0
76758,66,0,13,0,11,28,96,15,20,0,12,0,0,0,0,0,61,0,54,40,0,0,53,0,0,17,22,20
271420,66,0,0,0,0,0,29,0,0,0,22,0,0,0,0,0,0,17,0,0,62,0,17,0,0,0,0,0
383750,66,42,68,20,17,0,30,0,0,0,0,11,26,0,0,0,0,10,0,32,13,0,28,0,0,0,0,0
3233574,66,0,0,0,0,0,25,22,22,11,0,0,12,0,0,0,15,0,0,30,0,0,17,0,0,0,16,0
1470434,66,0,20,0,16,0,47,13,18,0,0,0,0,0,0,23,73,0,0,34,0,0,13,0,0,21,0,0
45495,66,0,27,14,12,25,27,0,0,0,0,0,20,0,0,0,0,0,0,0,17,18,15,0,0,0,13,0
77007,66,50,73,12,16,25,105,0,14,18,0,24,13,0,0,15,15,0,0,10,36,0,0,0,0,0,0,0
1813451,66,0,0,0,0,32,44,0,0,0,0,0,0,0,0,0,48,0,0,0,0,0,0,0,0,0,0,0
1798205,66,16,89,0,0,50,68,0,43,0,0,0,0,0,0,0,0,0,77,0,0,0,11,0,0,13,0,0
3018446,66,0,12,0,0,50,134,0,0,0,0,0,0,0,0,0,0,0,0,0,0,0,0,0,0,0,0,0
392610,66,0,0,0,0,0,35,0,0,0,0,0,0,0,0,0,0,0,0,16,0,0,0,0,0,0,0,0
875171,66,0,27,0,0,24,136,0,13,0,0,0,38,0,0,28,78,0,14,19,0,0,13,0,0,0,0,0
2003365,66,0,40,12,0,38,305,22,50,20,0,0,10,21,0,0,11,0,19,0,12,0,0,0,0,0,0,0
564137,66,0,16,10,0,37,154,0,0,0,0,0,0,0,0,0,73,0,0,20,0,0,0,0,0,16,15,17
3066146,66,87,109,0,0,0,0,0,0,0,0,0,0,0,0,0,0,0,0,0,0,0,0,0,0,0,0,0
2563896,66,0,0,17,30,13,20,0,0,0,0,0,0,0,0,0,54,0,0,35,0,0,30,0,10,0,26,0
1034889,66,22,31,0,16,47,124,0,0,0,22,0,0,0,0,0,0,36,16,0,0,0,0,0,0,0,0,0
341045,66,0,0,0,18,19,47,0,0,0,0,0,0,0,0,0,0,0,0,0,0,0,43,0,0,0,0,0
3234138,66,0,0,0,0,0,0,0,0,0,0,0,0,0,0,0,0,0,0,0,0,0,0,0,0,0,0,0
3402159,66,30,30,21,22,19,70,0,13,0,0,0,0,0,0,12,76,0,0,66,0,0,28,0,0,0,12,24
2908843,66,18,33,0,14,48,152,0,26,0,0,0,0,0,0,0,52,0,0,53,0,0,10,0,0,40,31,29
3160831,66,23,52,0,0,0,0,0,0,0,0,0,19,0,0,0,0,0,0,0,14,0,0,0,0,0,17,0
2607656,66,0,16,0,0,12,37,0,0,0,0,0,0,0,0,0,0,12,0,23,0,0,24,0,0,0,0,0
931531,66,0,26,13,11,71,81,0,25,0,0,0,0,0,0,12,45,0,0,31,0,0,43,0,22,17,0,0
2518605,66,0,0,0,0,12,0,0,0,0,0,0,0,0,0,0,26,0,33,17,0,0,15,0,0,30,0,0
1813595,66,0,0,0,0,0,0,0,0,0,0,0,0,0,0,0,20,0,0,117,0,0,22,0,0,0,0,0
34095,66,0,13,0,0,0,0,0,0,0,0,0,0,0,0,0,0,0,0,12,0,0,0,0,0,12,0,0
3133280,66,38,41,0,0,0,73,107,131,54,0,0,0,26,0,0,0,0,0,0,0,185,0,109,163,0,0,0
2576356,66,0,0,0,0,0,0,0,0,0,0,0,0,0,0,0,0,0,0,0,0,0,0,0,0,0,0,0
2921393,66,0,0,18,0,21,0,0,0,0,0,0,0,0,0,0,0,0,0,14,0,0,14,0,0,0,0,0
3004096,66,0,33,0,0,0,0,0,0,0,0,0,0,0,0,0,0,0,0,0,0,0,33,0,0,28,0,0
2692425,66,15,10,14,14,52,36,40,50,0,0,0,0,20,12,0,13,0,0,16,14,0,49,0,0,26,13,0
2895946,66,16,14,0,20,0,15,0,0,0,0,10,0,0,0,0,0,12,0,49,0,0,24,0,0,0,0,0
3025665,66,0,0,0,0,0,0,0,0,0,0,0,0,0,0,0,18,0,40,12,0,0,16,0,0,0,0,0
3395462,66,10,12,15,21,29,25,10,20,0,0,0,0,0,0,0,17,0,0,50,0,0,76,0,0,29,25,17
198467,66,0,0,0,0,50,0,20,35,13,0,0,0,18,27,0,29,0,0,16,0,0,53,0,0,0,0,0
247480,66,10,0,38,57,18,11,48,65,26,0,0,0,30,28,25,131,0,0,29,0,0,89,0,0,0,0,0
151781,66,0,0,0,0,0,0,20,18,0,0,0,0,22,0,0,75,0,0,90,0,0,0,0,0,22,19,17
3050131,66,19,24,0,0,0,0,0,0,0,0,16,25,0,0,0,37,0,0,14,16,0,16,0,0,32,15,11
1162633,66,0,0,0,10,14,0,0,0,0,0,0,47,0,0,0,0,0,0,0,33,13,11,0,0,0,0,0
1870984,66,0,0,54,66,0,0,0,0,0,0,0,0,0,0,17,78,0,0,50,0,0,62,0,0,33,30,0
39950,66,0,0,15,27,21,20,30,36,0,0,0,11,13,0,0,0,0,0,40,26,0,47,0,16,0,0,0
717609,66,16,20,91,51,0,0,0,0,0,0,0,15,0,0,0,0,0,0,16,0,0,71,0,0,0,13,0
1914,66,0,0,0,0,40,49,0,0,0,0,0,0,0,0,0,0,0,0,0,0,0,38,0,0,0,0,0
2749991,66,0,0,0,0,20,69,0,0,0,0,0,0,0,0,0,0,0,0,0,0,0,0,0,0,0,0,0
3239941,66,0,0,0,0,18,60,0,0,0,0,0,0,0,0,0,0,0,0,0,0,0,0,0,0,0,0,0
118562,66,0,41,0,0,82,61,0,95,29,0,0,33,0,0,0,56,0,0,20,0,0,32,0,0,0,0,0
3066322,66,0,0,0,0,0,0,0,0,0,0,0,0,0,0,0,39,0,0,0,0,0,0,0,0,0,0,0
29558,66,28,33,0,0,0,0,10,16,0,0,0,27,0,0,0,18,0,0,20,11,0,13,0,0,0,0,0
2214,66,0,10,10,20,16,0,0,0,0,0,0,10,0,0,0,40,0,0,52,0,0,57,0,0,27,48,24
710191,66,0,0,0,0,21,0,0,0,0,0,0,0,0,0,0,38,0,0,47,0,0,19,0,0,23,13,10
2529381,65,0,0,0,0,30,48,0,0,0,0,0,0,0,0,0,0,0,0,0,0,0,0,0,0,0,0,0
101534,65,0,0,0,0,0,0,0,0,0,0,0,0,0,0,0,0,0,0,0,0,0,0,0,0,0,0,0
3112573,65,0,0,0,0,0,0,0,0,0,0,0,0,0,0,0,0,0,0,102,0,0,0,71,0,59,0,0
1028752,65,36,39,0,0,0,42,19,0,0,0,13,32,0,0,0,0,0,0,61,26,0,37,0,0,0,10,0
2686359,65,0,21,18,31,28,56,23,43,0,0,0,0,0,0,0,0,0,0,25,0,0,45,0,0,25,17,13
1808001,65,0,0,0,0,37,38,0,0,0,0,0,0,0,0,0,93,0,0,33,0,0,23,0,0,0,0,13
2772254,65,0,12,0,0,0,0,0,0,0,0,0,0,0,0,0,0,0,0,18,0,0,25,0,0,0,0,16
104609,65,0,30,29,40,13,36,0,22,0,0,0,0,0,0,0,58,0,14,51,0,0,227,0,0,11,12,0
2907534,65,0,33,0,0,133,156,0,14,0,0,0,0,0,0,0,12,0,0,46,0,0,38,0,0,17,24,0
1806670,65,0,17,13,23,0,33,0,0,0,0,0,0,0,0,0,26,0,0,43,0,0,23,0,16,0,15,0
3023713,65,0,11,19,27,0,26,16,16,12,0,0,47,0,0,0,14,0,0,18,33,0,27,0,0,18,17,0
594679,65,11,16,0,0,23,27,0,0,0,0,0,16,0,0,18,15,0,0,23,0,0,0,0,10,16,19,12
570505,65,14,23,0,0,63,95,0,0,0,10,0,25,0,0,0,59,0,10,11,0,0,14,0,0,36,0,0
191302,65,0,14,0,0,37,36,13,19,19,0,0,0,0,0,0,0,0,0,0,0,0,0,0,0,0,0,0
454601,65,18,42,0,0,20,50,0,14,0,0,10,23,0,0,15,47,0,0,0,15,11,0,0,0,0,0,0
2015316,65,0,21,0,0,63,86,20,42,41,0,0,0,13,0,13,50,0,54,19,0,0,0,0,0,0,0,0
1002672,65,0,0,0,0,0,0,14,11,0,0,0,0,0,0,0,22,0,0,0,0,14,30,0,0,0,0,0
1678129,65,0,0,0,0,20,32,0,0,0,0,0,11,0,0,0,0,0,0,0,12,0,14,0,0,0,0,0
36863,65,0,0,0,0,74,117,0,0,0,0,0,0,0,0,0,16,0,0,0,0,0,0,0,0,0,0,0
28189,65,0,17,79,51,0,17,29,30,0,0,0,14,13,14,0,209,0,0,41,0,39,56,0,21,18,25,0
1816680,65,0,0,0,24,0,73,0,43,0,0,0,0,0,0,0,21,0,0,0,0,0,48,0,0,0,0,0
1628248,65,0,33,0,26,42,0,0,39,0,0,0,0,0,0,0,50,0,0,48,0,0,73,0,0,57,52,34
164514,65,0,0,0,0,47,39,0,0,0,0,0,0,0,0,0,69,0,0,0,0,0,30,0,0,0,0,0
2518971,65,20,24,22,35,32,24,0,0,0,0,0,0,0,0,0,12,0,0,19,0,0,29,0,0,0,0,0
3445781,65,13,21,13,17,25,32,0,0,0,0,0,20,0,0,0,28,0,0,90,0,0,29,0,0,14,21,0
222136,65,0,0,0,0,0,0,0,0,0,0,0,20,0,0,0,0,0,0,28,16,0,29,0,0,0,0,0
3119568,65,39,38,17,20,47,117,0,0,0,13,15,36,0,0,0,30,0,34,38,26,0,0,0,0,0,0,0
2563668,65,0,0,0,0,0,0,0,0,0,0,0,31,0,0,0,0,0,0,0,0,26,0,0,0,0,0,33
2847989,65,0,0,0,0,0,58,0,0,0,0,0,0,0,0,0,13,0,0,0,0,0,0,0,0,0,0,0
180,65,36,44,0,0,0,0,0,0,0,0,0,33,0,0,0,0,0,0,0,22,0,0,0,0,10,0,0
1839798,65,0,0,0,0,0,0,0,0,0,0,0,0,0,0,0,0,0,0,0,0,0,0,0,0,0,0,0
2817477,65,0,0,25,59,0,0,0,0,0,0,0,0,0,0,0,94,0,0,0,0,0,52,0,0,0,15,0
2921415,65,0,0,0,0,0,0,0,0,0,0,0,0,0,0,0,0,0,0,0,0,0,0,0,0,0,0,0
2954535,65,41,44,21,18,0,16,0,0,0,13,20,0,0,0,0,0,12,0,37,18,0,22,0,0,20,15,0
3024576,65,0,0,0,0,0,0,0,0,0,0,0,0,0,0,0,0,0,0,0,0,0,0,0,0,0,0,0
1126833,65,19,25,0,0,12,15,0,17,0,0,0,41,0,0,0,10,0,0,10,23,0,30,0,0,0,0,0
2818390,65,0,16,0,35,0,0,0,0,0,0,0,0,0,0,0,81,0,0,11,0,0,27,0,0,0,0,0
3068305,65,0,0,0,0,0,0,0,0,0,0,0,0,0,0,0,238,0,0,14,0,0,0,0,0,0,0,0
304207,65,0,0,0,0,25,23,0,0,0,0,0,0,0,0,0,0,0,0,41,0,0,22,0,0,0,0,0
41997,65,0,0,14,24,0,0,0,0,28,0,0,0,0,0,0,17,0,0,34,0,0,35,0,27,14,14,0
46125,65,44,56,0,0,27,340,0,0,0,0,0,0,0,0,0,93,0,52,58,14,0,28,0,24,18,20,34
3152361,65,12,26,0,0,17,15,10,12,0,0,0,0,0,0,0,52,10,0,0,0,0,24,12,0,0,0,0
1930071,65,20,29,0,0,20,11,0,0,0,0,0,23,0,0,15,47,0,0,60,15,0,35,0,0,44,15,21
2903879,65,0,0,0,0,22,58,0,0,0,0,0,0,0,0,0,0,0,27,0,0,0,0,0,0,0,0,0
193462,65,0,27,26,29,54,193,0,0,0,0,0,0,0,0,0,16,0,27,0,0,0,32,0,0,17,16,0
2903898,65,0,0,0,0,0,0,0,0,0,0,0,0,0,0,0,0,0,0,0,0,0,0,0,0,0,0,0
156213,65,27,39,13,21,84,55,13,83,17,0,15,32,0,17,0,0,0,13,25,14,0,22,0,0,11,16,11
216944,65,0,0,0,0,0,0,0,0,0,0,0,0,0,0,0,26,0,0,31,0,0,35,0,0,11,12,0
157692,65,0,0,0,10,0,0,21,31,0,0,0,0,11,0,0,57,0,0,61,0,11,42,0,0,28,24,18
2424,65,28,43,14,28,83,68,39,42,0,0,0,34,53,0,0,0,16,0,35,14,0,29,0,0,26,14,0
57487,65,51,54,0,0,0,0,15,33,0,0,14,21,0,0,0,0,13,0,26,14,0,0,0,0,0,0,0
2609844,65,0,0,0,58,128,111,0,0,0,0,0,0,0,0,0,212,0,133,83,0,34,143,0,0,0,26,0
227086,65,0,12,13,77,29,35,0,13,0,0,0,0,0,25,0,29,0,39,0,0,0,15,0,14,13,10,0
3125783,65,21,0,0,0,48,45,0,0,0,0,0,56,0,0,0,0,0,0,0,0,0,105,0,0,0,0,0
2731220,65,0,0,0,0,21,11,42,41,19,0,0,10,25,15,19,48,0,0,37,0,0,88,0,0,12,12,0
3427283,65,0,0,0,0,0,0,0,0,0,0,0,0,0,0,0,0,0,0,0,0,0,0,0,0,0,0,0
1348114,64,11,34,0,16,0,20,30,37,0,0,0,0,13,0,16,44,0,0,43,0,20,48,0,0,60,46,20
202951,64,0,42,0,0,24,22,0,0,0,0,0,31,0,0,0,88,0,13,30,28,0,20,0,0,33,32,0
1699624,64,0,0,0,22,0,0,0,0,0,0,0,0,0,0,0,73,0,0,24,0,0,88,0,0,0,0,0
34062,64,0,11,0,10,26,26,0,11,0,0,0,0,0,0,17,82,0,181,61,0,15,24,0,21,0,19,13
2726989,64,0,0,0,0,0,64,0,0,0,0,0,0,0,0,0,0,0,0,22,0,0,11,0,0,0,0,0
3009078,64,0,0,64,112,52,73,24,28,0,0,0,0,0,0,0,14,0,0,20,0,0,293,29,12,0,22,0
51161,64,0,0,0,0,12,0,0,0,0,0,0,0,0,0,20,59,0,21,25,0,0,13,0,0,12,0,0
777,64,0,0,15,10,22,27,0,0,0,0,0,34,0,0,0,109,0,0,50,16,0,24,0,0,18,0,0
255045,64,0,10,0,0,65,118,0,12,0,0,0,0,0,0,15,165,0,64,13,0,0,33,0,13,0,17,0
1404367,64,0,20,0,17,43,88,0,0,0,0,0,0,0,0,14,49,0,50,23,0,0,17,0,0,0,26,0
2587861,64,0,0,0,0,41,82,0,19,0,0,0,0,0,0,0,0,0,0,0,0,0,0,0,0,0,0,0
2108445,64,11,14,0,0,70,78,13,27,24,0,0,0,0,0,0,11,0,11,18,0,13,20,0,0,22,10,0
271865,64,0,0,0,0,0,28,0,11,0,0,0,0,0,0,0,0,0,0,17,0,0,11,0,0,0,0,0
2834768,64,0,25,0,0,0,23,0,0,0,0,0,72,0,0,0,61,0,0,0,28,0,0,0,0,0,0,0
1961362,64,0,39,0,0,103,217,0,39,0,0,0,0,0,0,0,0,0,0,0,0,0,0,0,0,0,0,0
60890,64,0,177,34,42,98,861,0,74,28,0,0,0,0,0,43,22,0,43,21,0,0,15,0,0,31,20,28
536,64,0,0,0,0,39,67,0,0,0,0,0,0,0,0,22,115,0,0,13,0,0,0,0,0,0,13,0
3400631,64,35,67,0,0,20,40,43,0,0,20,0,27,0,0,0,0,0,0,119,0,0,0,0,0,30,40,0
1735111,64,0,0,0,0,27,45,0,0,0,0,0,0,0,0,35,150,0,0,57,0,0,25,0,0,17,23,16
2682091,64,0,0,0,11,27,27,0,0,0,0,0,0,0,0,0,28,0,0,21,0,0,12,0,0,0,0,0
1848766,64,11,17,0,0,11,10,0,0,0,0,11,0,0,0,0,0,0,0,24,37,21,13,0,0,11,0,0
933262,64,10,0,0,17,20,21,0,0,14,0,0,0,0,0,0,38,0,0,19,0,0,17,0,0,0,0,0
2748865,64,20,19,21,21,37,29,0,0,0,0,0,13,0,0,0,88,0,0,21,0,0,34,0,0,12,27,0
940614,64,0,15,0,10,22,54,33,50,15,0,0,0,12,0,0,12,0,0,10,0,0,21,0,0,0,0,0
658062,64,11,0,0,0,0,45,12,17,14,0,0,0,0,0,0,76,13,0,24,11,0,0,0,0,0,0,0
2709784,64,0,13,0,0,0,17,0,0,0,0,0,0,0,0,0,0,0,0,23,0,0,29,0,0,0,11,0
3384767,64,0,10,0,0,0,36,17,17,0,0,0,0,0,0,0,0,0,11,10,0,0,36,0,0,0,0,0
2069255,64,0,0,0,0,0,0,0,0,0,0,0,0,0,0,0,0,0,0,0,0,0,0,0,0,0,0,0
3463359,64,0,0,0,0,10,10,0,0,0,0,0,0,0,0,0,0,0,0,0,0,0,14,0,0,0,0,0
155866,64,0,16,17,15,21,18,0,0,0,0,0,0,0,0,0,0,0,0,0,0,0,36,0,0,0,0,0
2839759,64,41,26,0,0,0,0,0,0,0,0,20,89,0,0,0,102,31,0,0,52,0,0,0,0,0,0,0
1796620,64,0,0,0,0,33,22,0,0,0,0,0,0,0,0,0,0,0,0,0,0,0,23,0,0,0,0,0
3061989,64,0,0,0,0,0,0,0,0,0,0,0,33,0,0,0,0,0,0,31,0,0,0,0,0,15,14,0
33034,64,17,30,0,0,80,41,40,59,0,0,0,14,27,20,0,14,0,26,126,14,0,26,0,0,33,53,36
2903652,64,0,0,0,0,43,63,0,0,0,0,0,0,0,0,0,0,0,0,0,0,0,0,0,0,0,0,0
2806442,64,0,0,0,0,0,51,0,0,0,0,0,0,0,0,0,0,0,0,0,0,0,59,0,0,0,0,0
3408576,64,0,0,26,32,20,71,0,0,0,16,0,0,0,0,0,0,0,14,0,0,0,17,0,0,0,0,0
2662261,64,0,0,0,0,0,44,0,0,0,0,0,0,0,0,0,0,0,0,18,0,0,0,0,0,0,0,0
2903560,64,0,0,0,0,0,46,0,0,0,0,0,0,0,0,0,0,0,0,0,0,0,0,0,0,0,0,0
134602,64,0,29,0,0,59,164,0,18,0,0,0,0,0,0,0,0,0,0,25,0,0,0,0,0,0,0,0
1884914,64,0,28,0,12,0,0,0,0,0,0,0,36,0,0,0,45,0,23,86,20,0,30,0,0,0,0,0
3082544,64,0,0,0,0,0,61,0,0,0,0,0,0,0,0,0,0,0,0,0,0,0,0,0,0,0,0,0
2740837,64,14,35,0,0,226,59,0,68,0,0,16,21,0,0,0,0,0,0,43,27,0,94,0,0,35,38,22
754516,64,31,48,22,36,0,0,0,0,0,11,11,13,0,0,0,0,0,0,16,23,0,36,0,0,12,0,0
1532350,64,0,13,0,0,0,0,21,15,0,0,0,11,19,0,0,0,0,0,25,0,0,11,0,12,0,0,0
2681984,63,46,49,0,0,0,13,17,16,0,0,0,24,0,0,0,0,15,0,15,15,0,0,0,0,0,0,0
618,63,0,10,0,0,0,15,0,0,0,0,0,11,0,0,0,0,0,0,0,0,0,29,0,0,0,0,0
42906,63,0,0,57,62,141,109,0,0,0,0,0,0,0,0,0,13,0,0,12,0,0,367,0,0,0,0,10
3036714,63,59,61,0,0,0,0,26,28,0,0,75,23,0,0,0,15,0,0,24,17,0,0,0,0,0,0,0
3135644,63,22,44,0,11,19,76,0,0,0,0,0,13,0,0,0,114,0,0,26,0,0,31,0,11,0,14,12
2952152,63,0,0,0,0,0,0,0,0,0,0,0,0,0,0,0,0,0,0,0,0,0,0,0,0,0,0,0
1636603,63,0,0,0,0,0,0,0,0,0,0,0,0,0,0,0,0,0,0,47,0,0,0,0,0,0,0,48
40215,63,0,0,0,21,55,122,82,121,101,0,0,0,84,28,0,126,0,0,92,0,0,69,0,0,37,44,38
1415574,63,0,0,0,0,0,0,0,0,0,0,0,10,0,0,0,11,0,0,22,0,0,0,0,0,23,12,24
2946865,63,14,57,13,14,26,32,30,36,23,0,0,15,20,12,0,0,0,0,15,15,0,0,0,0,14,0,0
1435069,63,14,58,10,13,40,53,0,17,0,0,0,0,0,13,0,14,0,0,34,0,17,46,0,14,14,15,10
46677,63,0,0,0,15,13,27,0,0,0,0,0,0,0,0,0,0,0,0,0,0,0,0,0,0,0,0,0
198618,63,0,0,15,24,14,48,0,0,0,0,0,0,0,0,0,0,0,0,18,0,0,101,0,0,11,15,0
3230971,63,0,0,0,0,0,13,0,0,0,0,0,0,0,0,0,0,0,0,0,0,0,16,0,11,0,0,0
3397245,63,0,0,0,0,17,65,0,0,0,0,0,0,0,0,0,11,0,0,15,0,0,50,0,0,0,0,0
1883414,63,0,23,38,0,12,64,0,0,0,0,0,0,0,0,0,0,0,0,10,0,0,0,0,0,0,0,0
726,63,10,34,51,82,36,33,15,33,0,0,0,25,21,0,17,0,0,22,35,15,0,93,0,0,20,15,12
1404888,63,31,45,0,0,27,69,0,0,0,0,0,0,0,0,16,85,0,71,0,0,0,0,0,18,0,12,0
2925841,63,0,0,0,0,61,75,12,28,0,0,0,0,0,0,0,86,0,0,34,0,0,0,0,0,0,0,0
1318743,63,17,17,16,25,13,0,0,0,0,10,0,0,0,17,13,31,0,0,18,16,0,20,0,0,12,0,0
529,63,92,162,0,0,135,166,0,0,0,0,0,0,0,0,0,0,0,0,41,0,0,0,0,0,0,0,0
2060312,63,20,33,0,0,19,88,0,0,0,0,0,23,0,0,0,0,26,0,0,20,0,0,0,0,0,21,0
2602015,63,23,101,10,20,269,220,0,18,23,0,0,0,0,19,0,14,0,24,0,0,0,0,0,0,0,15,19
1743168,63,0,0,0,0,82,98,0,0,0,0,0,0,0,0,0,154,0,0,0,0,0,0,0,0,0,0,0
2813780,63,0,0,0,0,0,0,0,0,0,0,0,0,0,0,0,0,0,0,0,0,0,0,0,0,0,0,0
487,63,0,0,0,0,94,89,0,0,0,0,0,43,0,0,0,0,0,39,77,0,0,0,0,0,0,0,0
1379870,63,0,14,0,0,18,30,0,0,0,0,0,0,0,0,0,59,0,15,0,0,0,0,0,0,0,16,0
2913614,63,0,12,20,19,34,23,13,11,0,12,0,13,0,0,0,44,0,0,44,0,0,59,0,0,0,0,0
2949635,63,0,30,0,18,36,52,0,0,0,0,0,0,0,0,0,44,0,0,20,0,0,0,0,0,0,0,0
2003121,63,0,0,0,0,0,0,0,0,0,0,0,0,0,0,0,0,0,0,62,0,0,0,0,0,0,0,0
2728022,63,30,24,10,27,24,16,0,23,0,0,29,0,0,0,11,62,27,0,28,15,15,22,0,17,20,10,0
2604421,63,0,16,0,0,0,30,0,0,0,0,0,0,0,0,0,0,0,0,14,0,0,42,0,0,10,11,12
157268,63,49,65,0,0,0,0,16,12,0,0,15,20,13,0,0,0,0,0,27,13,0,35,0,0,13,23,20
65553,63,0,24,0,0,0,0,12,15,0,0,0,0,0,0,0,0,0,0,30,0,0,0,0,0,15,10,0
2946555,63,0,0,0,0,17,62,0,0,0,0,0,0,0,0,0,0,0,0,54,0,0,0,0,0,0,13,0
2815309,63,0,0,0,0,30,20,0,0,0,0,0,0,0,0,0,41,0,17,34,0,0,11,0,0,0,0,0
313985,63,0,0,23,42,38,60,0,0,0,0,0,0,0,0,0,172,0,0,20,0,0,29,0,21,10,12,13
3036704,63,0,0,18,21,14,43,0,0,0,0,0,11,0,0,0,0,0,0,19,0,0,54,0,0,0,0,0
575112,63,15,0,26,50,19,0,0,0,0,0,0,27,0,0,0,0,0,0,59,0,0,27,0,0,0,0,0
115778,63,0,22,0,0,0,0,0,0,0,0,0,56,0,0,15,143,0,0,111,0,0,0,0,0,32,29,23
89153,63,11,11,0,0,0,0,11,12,0,0,0,14,0,0,0,15,0,0,36,21,0,20,0,21,11,0,0
3242979,63,0,0,0,0,19,12,0,0,0,0,0,0,0,0,11,0,0,0,0,0,0,12,0,0,0,0,0
1679721,63,25,69,0,0,46,24,0,17,0,0,17,29,0,0,12,47,0,0,54,0,24,30,0,11,36,12,17
2769485,63,0,15,0,0,11,0,0,0,0,0,0,0,0,0,0,54,0,0,0,0,0,0,0,0,0,0,10
3238631,63,0,24,15,36,48,79,0,0,0,0,0,0,0,0,0,14,0,19,12,0,0,0,0,0,0,0,0
2614638,63,0,0,0,0,0,50,0,0,0,0,0,0,0,0,0,17,0,0,0,0,0,0,0,0,0,0,0
3374550,63,0,0,0,0,0,24,0,0,0,0,0,0,0,0,0,0,0,0,0,0,0,0,0,0,0,0,0
656366,63,0,33,0,0,0,62,0,0,0,0,0,27,0,0,0,69,0,0,31,11,0,0,0,0,21,0,0
3239935,63,18,24,0,0,31,113,14,29,0,0,21,0,0,0,20,0,15,20,0,0,0,0,0,0,0,0,0
2219224,63,39,52,0,0,43,137,22,36,31,0,43,19,15,0,0,25,0,42,0,0,0,12,0,0,0,0,0
3035696,63,15,28,16,32,269,65,0,149,16,0,0,26,0,0,0,93,0,0,0,0,0,37,0,0,19,0,19
357808,63,11,21,59,60,270,216,0,0,0,0,0,16,0,0,0,0,0,24,18,10,0,52,0,0,12,0,0
69499,63,0,0,0,0,15,15,10,16,0,0,0,0,0,0,0,30,0,0,47,0,0,33,0,0,23,11,10
1470066,63,0,0,15,0,0,10,0,0,14,0,0,0,0,0,0,0,0,0,15,0,0,16,0,0,13,0,0
3427931,63,0,0,0,0,0,0,0,0,0,13,0,15,0,0,0,0,0,0,0,0,0,0,0,0,0,0,0
575,62,16,0,0,0,106,213,0,0,0,0,0,0,0,0,0,0,0,0,0,0,0,48,0,0,0,0,0
2742676,62,21,34,0,0,0,0,0,0,0,0,0,0,0,0,0,99,0,0,58,0,0,20,0,0,0,0,0
3116480,62,0,0,0,0,0,0,0,0,0,0,0,0,0,0,0,0,0,0,0,0,0,0,0,0,0,0,0
2498113,62,0,16,0,0,0,15,0,10,13,0,0,0,0,0,0,58,0,0,59,0,0,17,0,0,0,0,0
43661,62,0,11,0,0,17,19,0,0,0,0,0,12,0,0,0,0,0,0,17,0,0,0,0,0,0,0,0
1230533,62,0,0,0,0,0,20,10,0,0,0,0,0,0,0,0,70,0,0,38,0,0,17,0,0,34,14,13
3065649,62,23,33,11,22,24,21,20,24,15,11,11,18,0,0,0,11,0,0,40,31,0,34,0,0,0,0,15
314282,62,0,12,0,0,24,21,0,0,0,0,0,0,0,0,0,106,0,18,23,0,0,31,0,0,0,0,0
2708350,62,0,27,0,0,0,0,0,0,0,0,0,0,0,0,0,48,0,0,11,0,47,58,0,47,0,0,0
693153,62,16,28,0,0,23,0,0,0,0,0,0,0,0,0,0,0,0,0,0,0,0,29,0,0,36,56,0
2678261,62,0,0,0,0,0,21,0,0,0,0,0,0,0,0,0,0,0,0,0,15,0,0,0,0,0,0,0
2614538,62,0,0,0,0,0,18,0,0,0,0,0,0,0,0,0,49,0,0,18,0,0,0,0,0,0,0,0
550984,62,0,0,0,0,0,32,0,0,0,0,0,0,0,0,0,80,0,0,0,0,0,21,0,0,0,0,0
3100113,62,0,0,11,11,14,45,0,0,0,0,0,12,0,0,0,19,0,0,11,0,0,15,0,0,0,0,0
73010,62,0,32,0,0,20,37,0,16,0,0,0,29,0,0,0,0,0,0,0,12,0,0,0,0,0,0,0
421,62,0,0,0,12,0,49,20,23,0,0,19,27,11,0,0,0,0,0,13,0,0,10,0,0,10,0,0
1325111,62,0,0,0,0,27,56,0,0,0,0,0,0,0,0,0,28,0,19,0,0,0,0,0,0,0,0,0
1922222,62,0,0,0,0,0,34,0,0,0,0,0,0,0,0,0,0,0,0,28,0,0,20,0,0,0,15,0
284016,62,0,20,0,0,91,143,0,17,0,0,0,20,0,0,20,100,0,0,0,0,0,0,0,0,0,0,15
3158172,62,0,0,0,0,0,41,0,0,0,0,0,0,0,0,0,0,0,0,0,0,0,0,0,0,0,0,0
876364,62,0,0,0,0,0,0,0,0,0,0,0,0,0,0,0,0,0,0,0,0,0,0,0,0,0,0,0
72556,62,25,27,0,0,0,41,0,0,0,0,15,31,0,0,0,0,0,0,12,0,0,11,0,0,0,0,0
2912675,62,36,51,29,32,0,0,0,0,0,0,0,26,0,0,0,0,0,0,0,0,0,13,0,0,0,0,0
537,62,0,0,0,13,0,14,0,16,0,0,0,14,0,0,0,0,14,0,25,0,0,18,0,0,0,0,0
3093854,62,0,0,0,0,12,55,0,11,0,0,0,0,0,0,0,37,0,0,89,0,0,27,0,0,43,45,39
2900738,62,25,59,29,34,54,81,0,0,0,0,15,13,0,0,12,97,0,0,25,10,0,51,0,0,13,12,13
2496028,62,0,0,0,0,36,75,0,0,0,0,0,0,0,0,0,0,0,0,21,0,0,73,0,0,0,0,0
47678,62,15,24,0,0,0,17,22,31,0,0,0,0,0,0,0,0,0,0,84,0,0,45,0,0,52,40,21
3391575,62,0,28,21,11,31,123,0,0,0,0,0,0,0,0,0,21,0,12,0,0,0,0,0,0,0,0,0
1123043,62,27,17,0,24,18,44,0,0,0,0,12,0,0,0,0,0,0,13,22,17,0,17,0,0,0,11,0
2563662,62,0,0,0,0,0,0,0,0,0,0,0,0,0,0,0,0,0,0,0,0,0,0,0,0,0,0,0
172,62,13,12,24,55,45,40,0,0,0,12,0,0,0,0,0,49,0,0,30,18,0,63,0,0,0,14,0
3447380,62,15,22,0,17,33,65,0,0,0,0,14,0,0,0,0,0,14,0,0,0,0,10,0,0,0,0,0
2954618,62,0,0,0,0,0,0,0,0,0,0,0,0,0,0,0,41,0,0,0,0,0,0,0,0,0,0,84
1607,62,0,12,0,0,0,0,0,0,0,0,0,14,0,0,0,0,0,0,0,0,0,14,0,0,0,0,0
3031993,62,0,0,0,0,23,16,10,0,0,0,0,0,0,0,0,0,0,15,33,0,0,15,0,0,19,0,0
342942,62,0,0,0,0,0,0,0,0,0,0,0,0,0,0,0,0,0,0,13,0,0,38,0,0,0,0,0
865,62,0,0,18,24,31,15,0,0,0,0,0,0,0,0,0,84,0,0,41,0,0,60,0,0,15,0,14
2903680,62,0,0,0,0,58,65,0,0,0,0,0,0,0,0,0,0,0,0,0,0,0,0,0,0,0,0,0
1961713,62,0,0,0,0,0,52,0,0,0,0,0,0,0,0,0,0,0,0,0,0,0,35,0,0,0,0,0
67362,62,0,0,0,0,0,37,0,0,0,0,0,0,0,0,0,0,0,0,0,0,0,0,0,0,0,0,0
1190508,62,0,21,0,0,0,22,0,0,0,0,0,0,0,0,0,74,0,0,0,0,0,0,0,0,0,72,25
28047,62,0,0,0,0,31,64,0,0,0,0,0,0,0,0,0,0,0,10,0,0,0,0,0,0,0,0,0
75385,62,0,14,0,0,0,75,0,0,0,0,0,0,0,0,0,0,0,0,0,0,0,0,0,0,0,0,13
2733571,62,0,0,0,0,0,27,0,0,0,0,0,0,0,0,0,14,0,0,0,0,0,0,0,0,0,0,0
3096217,62,0,16,0,12,10,0,10,16,11,0,0,0,0,27,0,226,0,0,18,0,0,0,0,0,0,0,0
644281,62,36,47,13,30,25,18,0,0,0,0,12,0,0,0,0,59,0,0,68,0,0,46,0,0,22,24,16
282676,62,11,22,0,17,33,20,0,0,0,0,0,27,0,0,29,163,0,0,42,11,21,41,39,13,29,19,11
2508726,62,0,0,55,31,12,11,0,0,0,0,0,0,0,0,0,0,0,0,18,0,0,21,0,0,25,12,16
3047695,62,0,0,0,0,0,0,0,0,0,0,0,0,0,0,0,0,0,0,0,0,0,0,0,0,0,0,0
351671,61,26,48,0,0,12,13,0,0,0,0,18,20,0,0,0,26,0,0,16,15,0,0,0,0,0,10,0
40576,61,20,44,0,17,26,22,56,58,0,0,0,0,0,0,0,36,0,61,55,0,24,34,0,11,12,14,0
1076550,61,0,0,0,0,12,24,0,0,0,0,0,0,0,0,0,22,0,0,24,0,0,17,0,0,0,0,0
2961619,61,0,20,0,0,32,29,0,0,0,0,0,0,0,0,0,38,0,0,15,0,0,16,0,0,18,27,0
2583805,61,0,23,0,0,32,51,23,37,0,0,0,0,0,0,19,94,0,0,75,0,0,72,15,0,50,66,36
861445,61,0,0,11,0,0,13,30,36,23,0,0,0,0,0,0,37,0,0,12,0,0,16,0,0,25,0,0
3391579,61,0,0,0,0,0,0,0,0,0,0,0,0,0,0,0,0,0,0,0,0,0,0,0,0,0,0,0
51367,61,14,52,0,0,32,38,0,0,0,0,16,0,0,0,0,0,0,0,0,0,0,101,0,10,0,0,0
157783,61,0,0,0,0,18,53,0,0,0,0,0,0,0,0,0,0,0,0,0,0,0,0,0,0,0,0,0
2872754,61,17,39,0,0,44,50,0,14,0,10,0,0,0,0,0,19,0,0,22,0,17,33,0,0,0,0,17
2731756,61,0,0,10,0,21,20,0,0,0,0,0,0,0,0,0,16,0,0,36,0,0,22,0,0,18,17,13
1281578,61,0,0,0,0,0,47,0,0,0,0,0,0,0,0,0,0,0,0,0,0,0,0,0,0,0,0,0
2954771,61,0,22,0,0,74,158,0,0,0,0,0,0,0,0,75,318,0,195,22,0,0,27,11,68,0,35,11
2979330,61,0,0,0,0,0,0,0,0,0,0,0,0,0,0,0,0,0,0,0,0,0,0,0,0,0,0,0
2133959,61,0,0,0,0,0,0,0,0,0,0,0,0,0,0,0,0,0,0,25,0,0,0,0,0,0,0,0
430679,61,0,0,0,22,58,89,16,39,0,0,0,0,0,0,0,0,0,0,0,0,0,25,0,0,0,0,0
1016987,61,0,0,0,0,33,55,0,0,0,0,0,0,0,0,0,0,0,0,10,0,0,10,0,0,0,0,0
3066149,61,15,28,0,0,0,0,0,0,0,28,20,15,0,0,0,0,0,0,52,0,0,0,0,0,0,0,89
2769078,61,0,0,0,0,0,0,0,0,0,0,0,0,0,0,0,0,0,0,0,0,0,0,0,0,0,0,0
944,61,20,17,0,11,0,0,0,0,0,0,0,0,0,0,0,89,0,0,67,0,0,21,0,0,29,16,19
2570586,61,0,0,40,35,32,27,0,13,0,0,0,0,0,0,0,0,0,0,12,0,0,26,0,0,0,12,0
3374191,61,0,0,0,0,0,0,0,0,0,0,0,0,0,0,0,0,0,0,58,0,57,0,0,0,0,0,0
87883,61,38,40,15,0,112,273,0,42,0,0,22,28,0,0,0,0,11,33,75,0,0,53,0,0,0,18,0
273251,61,0,13,0,18,20,55,0,0,0,0,0,0,0,0,23,86,0,13,30,0,0,16,0,0,17,22,0
2978473,61,0,18,0,0,20,69,0,0,0,0,0,0,0,0,0,19,0,16,0,0,0,0,0,0,0,0,0
2937985,61,0,0,0,0,0,0,0,0,0,0,0,0,0,0,0,0,0,0,40,0,0,0,0,0,0,35,0
2745562,61,0,29,0,0,0,0,0,0,0,0,0,22,0,0,0,184,0,0,0,0,0,101,0,0,44,59,0
2906443,61,0,10,20,40,36,49,0,32,0,0,0,0,0,0,14,253,0,12,63,32,0,41,0,0,28,24,17
3025666,61,0,0,14,21,17,13,0,0,0,0,0,0,0,0,0,0,0,0,123,0,10,36,0,0,18,14,25
2714855,61,15,33,0,0,0,0,0,0,0,15,13,38,0,0,0,152,0,13,71,30,0,21,0,0,15,17,12
1137606,61,19,28,0,26,25,22,0,0,0,0,20,35,0,0,29,143,0,0,67,10,0,62,0,0,21,10,0
376490,61,0,0,0,0,0,0,0,0,0,0,0,0,0,0,0,0,0,0,17,0,0,22,0,0,0,0,0
2014076,61,20,20,0,18,25,27,0,0,0,10,0,0,0,0,0,0,0,0,61,0,0,62,0,0,14,0,0
2859227,61,0,0,0,0,0,0,0,0,0,0,0,0,0,0,0,0,0,0,0,0,0,0,0,0,0,0,0
2866810,61,0,0,0,0,0,0,0,0,0,0,0,0,0,0,0,0,0,0,0,0,0,36,0,0,0,0,0
759620,61,0,0,0,0,43,20,0,0,0,0,0,0,0,0,0,0,0,0,0,0,0,0,0,0,0,0,0
3029272,61,17,33,0,13,0,0,0,0,0,0,16,0,0,0,0,0,0,0,93,0,0,16,0,0,10,36,26
2975801,61,0,17,17,18,16,78,12,19,0,0,0,0,0,0,0,0,0,0,0,0,0,14,0,0,0,0,0
68270,61,0,0,0,18,41,157,0,0,0,0,0,0,0,0,0,0,0,27,0,0,0,12,0,0,15,0,0
624315,61,36,50,49,29,67,170,0,0,0,20,23,27,0,0,15,99,17,28,27,17,0,13,0,0,28,0,0
3239940,61,0,15,29,17,41,54,0,0,0,0,0,0,0,0,0,0,0,0,11,0,0,16,0,0,0,0,0
671211,61,0,0,0,0,0,0,0,0,0,0,0,0,0,0,0,0,0,0,0,0,0,44,0,0,0,0,0
35746,61,0,0,0,0,0,13,0,0,0,0,0,0,0,0,0,0,0,0,0,0,0,0,0,0,0,0,0
1582439,61,23,21,18,0,0,0,0,0,0,29,18,26,0,0,0,145,13,0,24,35,0,0,0,0,14,16,11
628,60,12,25,45,67,20,34,0,17,14,0,0,13,0,0,0,15,0,0,44,0,16,52,0,16,18,17,15
1172565,60,0,0,0,17,18,36,0,0,0,0,0,0,0,0,0,12,0,0,0,0,0,13,0,0,0,0,0
82981,60,0,13,11,15,38,31,0,0,0,0,0,0,0,0,12,72,0,0,38,0,0,18,0,0,13,16,0
558541,60,0,28,0,0,0,35,0,0,0,0,0,0,0,0,0,0,0,0,0,0,0,0,0,0,0,0,0
2769490,60,0,35,0,0,0,39,15,24,32,0,0,10,0,0,0,0,0,0,19,0,0,20,0,0,0,0,0
3367525,60,12,20,0,0,0,34,0,0,0,0,0,0,0,0,0,24,0,0,17,0,0,13,0,0,0,0,0
1524258,60,11,43,0,0,27,21,0,13,0,0,10,15,0,0,0,17,0,0,12,15,13,26,0,0,0,0,0
1796644,60,0,0,0,0,20,23,0,0,0,0,0,0,0,0,0,113,0,0,27,0,0,24,0,0,0,0,0
2904253,60,10,16,0,0,13,52,0,0,0,0,35,14,0,0,0,0,0,0,0,0,0,0,0,0,0,0,0
1542390,60,17,23,16,32,46,38,0,0,0,0,0,12,0,25,28,42,0,0,80,15,0,28,0,0,0,0,13
2545632,60,0,25,0,19,0,23,0,0,0,0,0,0,0,0,0,0,0,0,0,0,0,43,0,0,11,11,16
2508687,60,0,0,0,0,12,18,0,0,0,0,0,18,0,0,13,59,0,0,41,0,0,24,0,11,19,0,13
555315,60,0,17,12,18,48,134,0,0,0,0,0,22,0,0,0,49,0,13,34,13,0,16,0,0,24,12,0
3068632,60,0,20,0,0,38,73,0,0,0,0,0,0,0,0,0,0,0,19,0,0,0,0,0,0,0,0,0
76947,60,0,0,20,29,107,350,0,25,0,0,0,0,0,0,0,0,0,0,0,0,0,0,0,0,0,0,0
1850238,60,0,26,0,0,114,294,0,33,0,0,0,0,0,0,0,23,0,0,0,0,0,0,0,0,0,0,0
1063,60,15,34,26,14,125,372,23,50,35,0,21,20,22,37,0,19,0,22,0,12,0,13,0,0,0,0,0
3230986,60,0,0,0,0,0,0,0,0,0,0,0,0,0,0,0,0,0,0,0,0,0,0,0,0,0,0,0
2689107,60,24,39,10,12,13,0,0,0,0,11,0,34,0,0,0,0,0,0,0,33,0,19,0,0,0,0,0
1842537,60,0,0,0,0,19,62,0,0,0,0,0,0,0,0,0,0,0,0,0,0,0,12,0,0,0,0,0
1590041,60,13,30,0,0,0,28,0,15,0,0,0,0,0,0,20,65,0,0,0,0,0,19,0,0,0,12,0
1033900,60,0,13,14,16,36,29,10,24,0,0,0,13,0,0,0,61,0,20,27,15,23,67,0,0,11,14,19
2878534,60,0,16,17,19,46,44,0,0,0,0,0,0,0,0,0,20,0,94,22,0,0,114,0,0,0,10,0
1379909,60,0,0,15,23,16,30,0,0,0,0,0,0,0,0,0,0,0,0,41,0,0,20,0,0,0,15,0
3376061,60,16,18,0,0,0,0,0,0,0,0,0,0,0,0,0,0,0,0,0,0,0,29,0,0,0,0,0
2952158,60,14,32,0,0,0,0,0,0,0,0,0,21,0,0,0,0,0,0,13,20,0,0,0,0,0,0,0
3069686,60,22,17,0,13,0,37,10,14,0,0,0,0,0,0,0,12,0,0,71,0,0,28,0,0,23,23,26
14,60,0,0,0,11,19,16,0,0,0,0,0,15,0,0,0,0,0,0,16,0,0,37,0,0,10,10,14
96241,60,0,0,39,63,19,22,0,0,0,0,0,0,0,0,26,50,0,0,61,0,0,25,0,0,46,39,39
285983,60,0,0,0,0,19,14,14,13,0,24,0,0,0,0,0,72,0,0,13,40,0,30,0,0,0,0,0
3445773,60,0,0,0,0,24,23,0,0,20,0,0,20,0,0,0,35,0,266,12,0,14,27,0,14,0,0,0
2954679,60,18,23,0,18,0,14,0,0,0,0,10,11,0,0,0,0,0,0,20,0,0,0,0,0,18,15,0
2921657,60,0,0,0,0,0,0,0,0,0,0,0,0,0,0,0,0,0,0,125,0,0,0,0,0,0,0,0
307580,60,0,0,0,0,0,0,0,0,0,0,0,0,0,0,0,0,0,0,0,0,0,0,0,0,0,0,0
94138,60,24,22,0,0,38,0,0,0,0,0,0,0,0,0,0,0,0,0,0,0,0,0,0,0,0,0,0
3077723,60,0,0,0,0,0,0,0,0,0,0,0,0,0,0,0,0,0,0,0,0,0,0,0,0,0,0,0
197614,60,0,0,30,50,0,0,0,0,0,0,0,0,0,0,0,0,0,0,49,0,0,73,0,0,0,0,0
2925838,60,25,40,0,0,0,0,0,0,0,0,0,49,0,0,10,59,0,0,37,27,0,29,0,0,15,0,0
301301,60,0,0,0,31,23,18,0,0,0,0,0,0,0,0,0,0,0,0,0,0,0,33,0,0,0,0,0
2853432,60,0,0,0,0,0,0,0,0,0,0,0,0,0,0,0,16,0,0,13,0,0,15,0,0,16,0,10
3424717,60,0,0,0,0,19,53,11,21,0,0,0,0,13,0,0,39,0,0,16,0,0,0,0,0,0,0,0
92644,60,0,71,0,0,87,282,0,0,0,0,0,0,0,0,0,0,0,0,0,0,37,0,54,50,0,0,0
68173,60,0,0,0,0,0,76,24,43,0,0,0,0,0,0,0,0,0,0,0,0,0,0,0,0,0,0,0
138853,60,0,0,53,74,0,0,0,0,0,0,0,0,0,0,0,0,0,0,204,0,0,42,0,0,30,19,12
3440155,60,39,44,0,0,0,0,0,0,0,13,10,12,0,0,0,0,12,0,0,24,0,17,0,0,0,0,0
651457,60,0,0,0,0,0,0,0,0,0,0,0,0,0,0,0,0,0,0,0,0,0,11,0,0,0,0,0
2961571,60,0,0,0,0,12,11,0,0,0,0,0,0,0,0,0,0,0,0,0,0,0,11,0,0,0,0,0
2591003,60,0,0,0,0,0,0,0,0,0,0,0,0,0,0,0,0,0,0,0,0,0,28,0,0,0,0,0
1510466,60,0,0,23,0,13,21,23,14,0,0,0,19,0,0,0,55,0,0,42,0,0,19,0,0,0,13,13
2153354,59,22,34,0,0,0,22,0,0,0,0,0,67,0,0,16,116,0,0,0,23,0,0,0,0,11,0,0
2033438,59,0,0,0,0,0,0,0,0,0,0,0,0,0,0,0,0,0,0,18,0,0,0,0,0,0,0,0
227,59,0,0,0,20,0,0,0,0,0,0,0,0,0,0,0,0,0,0,25,0,0,40,0,0,0,0,0
3157618,59,0,34,0,0,0,41,0,0,0,0,0,17,0,0,0,110,0,0,24,0,0,0,0,0,15,18,0
2609668,59,0,0,0,21,14,15,0,0,0,0,0,0,0,0,0,0,0,0,0,0,0,24,0,0,0,0,0
256325,59,0,0,0,0,0,23,0,0,0,0,0,0,0,0,0,0,0,0,44,0,0,0,0,0,13,0,0
2785746,59,17,111,0,0,36,34,0,0,0,0,0,16,0,0,0,66,0,0,89,0,0,22,0,0,0,19,22
3043447,59,0,0,0,0,0,0,0,0,0,0,0,0,0,0,0,0,0,0,0,0,0,0,0,0,0,0,0
48074,59,32,43,0,10,35,85,0,0,0,22,31,15,0,0,0,14,0,0,20,0,0,233,0,0,27,0,0
2024551,59,0,12,19,0,67,161,0,0,16,0,0,0,0,0,19,29,0,11,14,0,0,0,0,0,0,0,0
2590016,59,20,41,0,12,31,90,0,22,0,0,16,18,0,0,0,42,0,0,16,24,0,0,0,0,0,0,0
1368430,59,0,0,0,17,20,68,0,0,0,0,0,0,0,0,0,0,0,15,31,0,0,15,0,0,0,14,0
2066070,59,0,0,0,0,39,68,0,0,0,0,0,0,0,0,0,15,0,0,25,0,0,0,0,0,0,17,24
2930091,59,0,0,0,0,0,106,0,0,0,0,0,0,0,0,0,0,0,0,0,0,0,23,0,0,0,0,0
3238304,59,0,35,10,0,54,342,0,35,13,0,0,0,0,0,0,10,0,13,0,0,0,16,0,0,0,0,0
3092138,59,0,31,0,15,45,343,0,33,16,0,0,0,0,0,0,34,0,22,0,0,0,0,0,0,12,26,0
147645,59,37,103,69,90,271,650,0,64,35,0,0,0,0,0,0,28,0,103,24,0,0,33,0,0,37,28,47
3035476,59,0,0,0,0,0,74,0,0,0,0,0,0,0,0,0,0,0,0,0,0,0,0,0,0,0,0,0
257438,59,0,0,0,0,0,18,0,0,0,0,0,0,0,0,0,0,0,21,14,0,0,0,0,0,0,0,0
2161677,59,0,0,13,23,13,44,0,0,0,0,0,0,0,0,0,19,0,0,37,0,31,74,0,26,10,16,21
28068,59,16,34,0,22,54,193,0,18,17,0,0,0,0,0,15,14,0,26,19,0,0,0,0,0,11,12,0
251747,59,22,32,0,0,32,37,0,0,0,0,33,128,0,0,0,0,15,0,12,94,0,0,0,0,17,0,0
1699411,59,0,42,29,32,15,43,0,47,0,0,0,0,0,0,0,32,0,14,75,10,0,47,0,0,32,11,26
1642819,59,0,0,0,0,0,0,0,0,0,0,0,0,0,0,0,0,0,0,45,0,0,38,29,0,0,0,0
3228750,59,0,18,0,17,40,192,0,14,0,0,0,10,0,0,0,18,0,0,57,0,0,40,0,0,19,19,15
3160833,59,0,44,27,35,42,49,18,35,0,0,0,0,0,0,31,82,0,0,38,0,0,41,0,0,0,0,0
1727163,59,0,0,0,12,17,51,0,15,0,0,0,0,0,0,0,63,0,0,25,0,0,53,0,0,11,0,0
2694930,59,18,26,0,0,44,42,0,0,13,0,0,0,0,0,0,23,0,138,41,0,0,43,0,0,13,13,0
879969,59,0,0,19,14,27,35,0,0,0,0,0,0,0,0,0,10,0,96,32,0,0,40,0,0,0,0,0
397865,59,0,0,0,0,0,25,0,0,0,0,0,0,0,0,0,72,0,0,60,0,0,16,0,0,24,13,13
1010,59,20,15,24,22,48,47,0,0,0,0,0,11,0,0,0,15,0,0,50,15,20,54,0,25,24,11,0
577386,59,0,14,24,39,35,41,0,11,0,0,0,18,0,0,0,20,0,0,15,0,0,41,0,0,0,0,0
3020883,59,24,45,0,10,11,21,0,0,0,0,0,11,0,0,10,61,0,0,65,0,0,38,0,0,57,24,25
3051121,59,0,27,0,29,44,63,16,42,12,0,0,0,17,0,22,115,0,0,84,0,31,58,28,11,15,0,19
2921420,59,20,27,0,0,0,0,0,0,0,0,0,0,0,0,0,0,0,0,145,0,0,34,0,0,0,0,0
1413,59,29,43,0,12,34,19,28,43,0,10,20,27,20,0,32,94,0,0,107,20,0,82,0,0,27,21,10
2921495,59,0,0,0,0,18,13,0,0,0,0,0,0,0,0,0,18,0,0,18,0,0,34,0,0,13,0,0
1536773,59,0,0,0,0,0,0,0,0,0,0,0,0,0,0,0,0,14,0,34,0,0,57,0,10,12,0,0
2233542,59,0,13,24,36,17,21,0,0,0,0,0,58,0,0,0,0,0,0,0,47,0,16,0,0,0,0,0
1903704,59,0,13,13,18,16,40,12,14,0,0,0,22,0,0,0,39,0,0,21,15,0,29,0,0,13,0,11
1318,59,25,31,11,11,0,253,28,31,0,0,17,0,0,0,0,48,0,30,19,0,0,79,0,0,15,0,11
3046383,59,0,0,0,0,39,23,0,0,0,0,0,0,0,0,0,0,0,0,13,0,0,22,0,0,0,0,0
1261634,59,0,0,0,12,13,0,62,66,0,0,0,0,0,0,0,40,0,0,17,0,0,24,0,0,0,0,0
39485,59,0,33,0,0,0,18,10,0,0,0,0,13,0,0,0,0,0,0,10,0,0,25,0,0,17,22,0
1829,59,0,0,0,0,0,71,0,0,0,0,0,0,0,0,0,0,0,82,32,0,0,0,0,0,0,0,0
2675219,59,0,13,0,0,0,14,0,0,0,0,0,0,0,0,0,0,0,0,0,0,0,0,0,0,0,0,0
69362,59,37,60,0,25,42,98,0,0,0,0,0,0,0,0,0,0,0,0,0,0,0,14,0,0,0,0,0
857417,59,23,41,0,0,0,56,0,0,0,0,0,0,0,0,0,0,0,0,0,0,0,0,0,0,0,0,0
28025,59,0,0,0,0,0,184,0,25,0,0,0,0,0,0,0,0,0,0,0,0,0,149,0,0,0,0,0
2842453,59,0,0,0,0,23,62,0,0,0,0,0,0,0,0,0,0,0,19,10,0,0,16,0,0,0,0,0
3457576,59,0,50,14,15,52,123,0,27,18,0,0,0,0,0,0,37,0,18,0,0,0,0,0,0,0,0,0
216936,59,27,28,0,0,26,17,0,0,0,0,0,50,0,0,0,0,0,0,33,0,0,26,0,0,0,10,0
2782163,59,0,10,15,0,0,0,25,46,11,0,0,0,16,0,0,0,0,0,21,0,10,29,0,0,0,0,0
1236046,59,11,12,0,21,11,0,12,0,0,13,0,10,0,0,0,52,0,0,0,0,0,25,0,0,0,0,0
3125786,59,0,0,0,33,21,21,0,0,0,0,0,12,0,0,0,0,0,0,19,0,0,18,0,0,0,0,0
195522,59,0,0,0,0,0,0,0,0,0,0,0,0,0,0,0,0,0,0,0,0,0,0,0,0,0,0,0
1183377,59,26,36,0,0,0,0,0,0,0,0,0,0,0,0,0,106,0,0,0,11,0,0,0,30,0,13,13
1294262,59,20,37,12,25,0,0,0,18,0,0,14,53,0,0,0,0,0,0,15,0,0,37,0,0,0,17,12
1128151,59,19,21,0,0,0,0,0,0,0,12,0,0,0,0,0,0,0,0,0,0,0,94,0,0,0,0,0
2807631,58,0,0,0,0,0,0,0,0,0,0,0,0,0,0,0,0,0,0,48,0,0,0,0,0,0,0,0
204039,58,0,0,0,0,34,24,42,0,0,0,0,0,0,0,0,0,0,0,107,0,0,24,0,0,26,31,22
3389876,58,0,30,0,0,22,107,0,33,0,0,0,0,0,0,0,12,0,0,33,0,0,21,15,19,0,0,0
990268,58,18,30,0,18,14,28,0,21,12,0,22,14,0,0,0,14,0,0,40,0,21,43,0,0,11,0,14
3065298,58,22,27,0,0,25,94,0,0,0,0,0,0,0,0,0,14,0,0,0,0,0,0,0,0,0,0,0
2259622,58,0,0,0,0,0,23,0,0,0,0,0,0,0,0,95,523,0,0,0,0,0,34,0,0,0,0,0
437505,58,0,0,0,0,42,91,0,15,0,0,0,0,0,0,0,16,0,14,24,0,0,25,0,0,16,0,0
578920,58,0,18,0,0,52,130,0,11,0,0,0,0,0,0,45,206,0,152,16,0,0,10,0,38,0,26,10
807,58,0,0,0,0,0,0,0,0,0,0,0,0,0,0,0,0,0,0,0,0,0,0,0,0,0,0,0
2759954,58,0,0,0,0,26,43,0,0,0,0,0,0,0,0,0,0,0,0,0,0,0,25,0,0,0,0,0
34003,58,14,30,0,0,70,187,0,12,0,0,0,0,0,0,0,0,0,11,0,0,0,22,0,0,0,0,0
2748871,58,0,0,0,0,0,0,0,0,0,0,0,0,0,0,0,0,0,0,0,0,0,0,0,0,0,30,0
35795,58,0,0,0,0,0,0,0,0,0,0,0,0,0,0,0,284,0,0,222,0,0,13,0,0,158,121,86
788,58,0,11,0,0,0,13,0,0,0,0,0,0,0,13,0,51,0,0,38,0,0,0,0,0,16,25,15
3401635,58,0,0,0,0,32,41,0,0,0,0,0,0,0,0,0,0,0,0,0,0,0,0,0,0,0,0,0
68895,58,0,32,34,38,129,358,0,20,0,0,0,0,0,0,0,39,0,79,21,0,0,44,0,0,25,0,27
1354726,58,45,63,0,21,0,45,0,41,0,0,14,23,0,0,0,27,0,0,36,23,10,48,0,0,20,15,27
3116594,58,69,59,0,0,0,0,36,50,0,0,0,25,0,0,0,0,93,0,27,30,0,0,0,0,0,26,27
1324217,58,0,0,0,0,17,48,0,0,0,0,0,0,0,0,0,0,0,0,15,0,0,17,0,0,12,0,0
1099853,58,0,15,17,38,32,27,15,20,0,0,0,25,0,17,0,49,0,10,59,0,0,39,0,0,0,0,0
1032243,58,0,13,0,11,12,0,0,14,0,0,0,0,0,0,0,28,0,0,21,24,0,10,13,0,14,0,0
2724901,58,0,0,29,32,0,34,0,0,0,0,0,0,0,0,0,80,0,0,30,0,0,47,0,0,24,0,27
2866311,58,0,0,0,10,20,97,0,12,0,0,0,0,0,0,0,138,0,0,15,0,0,0,0,0,0,18,16
2608247,58,0,0,0,0,22,0,0,19,0,0,0,0,0,0,0,139,0,0,36,0,0,52,0,0,13,0,0
1963862,58,0,0,0,0,0,10,0,0,0,0,0,0,0,0,0,22,0,0,0,0,0,0,0,0,0,0,0
2231053,58,0,0,0,0,0,18,0,0,0,0,0,0,0,0,14,43,0,0,61,0,0,15,0,0,27,23,0
3242682,58,0,0,0,0,27,0,17,0,0,0,0,0,0,0,0,60,0,0,71,0,0,0,0,0,0,12,13
2824910,58,0,0,0,0,0,0,0,0,0,0,0,0,0,0,0,0,0,0,0,0,0,0,0,0,0,0,0
2924034,58,0,0,0,10,0,0,13,16,0,0,0,0,0,0,0,0,0,0,64,0,0,33,0,0,36,14,0
3058393,58,0,0,0,0,0,11,0,14,0,0,0,0,0,0,0,0,0,0,13,0,0,656,0,11,0,0,0
2269374,58,14,30,0,0,0,0,0,0,0,11,0,0,0,0,0,139,0,0,56,0,0,17,0,0,16,21,20
1625,58,36,37,0,27,25,0,0,0,0,0,0,52,0,0,0,0,11,0,0,25,0,40,0,0,0,0,0
149016,58,0,0,0,10,21,13,0,0,0,0,0,0,0,0,0,0,0,0,38,0,21,21,22,18,23,13,0
3376682,58,15,23,11,28,29,38,0,0,0,0,13,12,0,0,0,156,0,30,71,0,0,91,10,17,10,0,0
169435,58,0,0,0,24,17,32,0,0,0,0,0,0,0,0,0,18,0,41,15,0,0,20,0,0,0,15,0
2815577,58,11,24,0,12,23,20,0,0,0,0,0,22,0,0,0,11,0,0,11,15,0,33,0,0,0,0,0
35701,58,0,0,0,14,0,13,0,0,0,0,0,0,0,0,0,0,0,0,0,0,0,17,0,0,10,0,0
1737424,58,24,104,0,0,0,0,0,0,0,0,0,29,0,0,0,0,0,0,0,0,0,0,0,0,0,0,0
3075627,58,0,0,0,0,20,66,0,0,0,0,0,0,0,0,0,0,0,0,0,0,0,0,0,0,0,0,0
2045,58,0,27,31,64,97,321,0,50,25,0,22,0,0,0,0,16,0,46,17,0,15,31,0,0,17,0,13
3101273,58,0,0,0,0,16,64,0,0,0,0,0,0,0,0,0,0,0,12,0,0,0,13,0,0,0,0,0
47835,58,28,48,0,0,35,22,0,0,0,0,0,0,0,0,0,0,0,0,21,0,0,0,0,0,0,0,0
2106,58,12,15,0,0,0,0,0,0,0,10,0,43,0,0,0,0,17,0,0,16,0,27,0,0,0,0,0
92758,58,32,32,0,11,22,13,0,10,0,0,10,19,0,0,0,0,0,0,36,0,0,24,0,0,17,0,0
332249,58,0,0,0,0,0,50,29,13,0,0,0,0,12,0,0,34,0,14,0,0,0,0,0,0,0,0,0
121872,58,0,0,0,0,0,30,0,0,0,0,0,0,0,0,0,0,0,0,0,0,0,0,0,0,0,0,0
2961994,58,0,0,0,0,0,14,0,0,0,0,0,0,0,0,0,0,0,0,0,0,0,0,0,0,0,0,0
83171,58,0,0,12,14,15,12,0,0,0,0,0,0,0,0,0,46,0,0,13,0,0,16,0,0,11,0,0
172049,58,0,0,0,14,0,0,0,0,0,0,0,0,0,0,0,0,0,0,41,0,0,26,0,0,14,25,13
61648,57,0,0,28,50,0,51,0,0,0,0,0,0,0,0,0,12,0,14,0,0,0,25,0,0,0,0,0
485448,57,0,12,14,31,19,39,0,18,12,0,0,0,0,0,0,12,0,0,17,0,12,46,0,0,0,0,0
3400627,57,0,0,0,0,0,0,0,0,0,0,0,0,0,0,0,0,0,0,0,0,0,136,0,0,0,0,0
2909669,57,13,30,0,0,20,47,0,15,0,0,0,0,0,0,0,70,0,0,41,0,0,12,0,0,62,21,39
2267253,57,17,44,0,10,23,18,18,25,0,0,0,0,11,0,0,0,0,11,27,0,0,24,0,0,14,14,0
39765,57,0,0,0,0,15,14,0,0,0,0,0,0,0,0,0,11,0,0,0,0,0,10,0,18,0,0,0
396,57,0,33,21,21,39,135,0,0,0,0,0,0,0,0,18,73,0,0,41,0,0,25,0,0,0,0,0
1826607,57,0,26,18,0,71,345,0,21,10,0,0,0,0,0,0,0,0,22,13,0,0,11,0,0,0,0,0
3230993,57,0,19,0,0,0,0,0,21,0,0,0,47,0,0,0,0,0,0,30,0,0,0,0,0,0,0,0
2043170,57,27,18,0,0,34,60,0,0,0,10,10,0,0,0,0,0,0,0,12,0,19,15,14,0,0,17,0
179879,57,0,0,0,0,61,142,0,0,0,0,0,0,44,0,0,19,0,24,20,0,0,0,95,0,0,0,0
2853257,57,0,15,0,0,0,0,0,14,0,0,0,0,0,0,0,0,0,0,0,0,0,0,0,0,0,0,0
748280,57,0,0,0,0,24,53,16,20,0,0,0,0,11,11,0,10,0,19,0,0,0,0,0,0,0,0,0
1985873,57,0,0,0,0,0,35,0,0,0,0,0,0,0,0,0,0,12,0,0,0,0,0,0,0,0,0,0
1018,57,0,0,0,0,54,66,30,65,0,0,0,0,25,0,0,183,0,0,20,0,44,26,0,0,40,0,32
3032586,57,14,29,31,25,44,87,12,16,15,0,0,0,0,0,0,112,18,0,65,0,0,46,0,0,20,0,0
839,57,0,17,0,11,0,0,0,0,0,0,0,0,0,0,21,81,0,0,19,0,0,29,0,0,10,15,14
2530390,57,0,0,0,0,0,12,0,0,0,0,0,0,0,0,0,31,0,0,0,0,17,12,0,19,0,0,0
3402687,57,0,17,0,0,32,38,25,43,0,0,0,0,14,0,11,27,0,0,105,0,0,66,0,0,32,36,11
217,57,0,0,0,0,11,0,0,0,0,0,0,0,0,0,0,65,0,0,0,0,0,10,0,0,0,0,0
1891926,57,0,11,19,16,19,146,0,12,11,0,10,14,0,0,12,12,0,41,15,16,0,29,0,0,20,22,0
215591,57,15,25,0,0,0,13,0,0,0,0,0,16,0,0,0,0,0,0,0,11,0,18,0,0,0,0,0
80816,57,13,18,27,30,77,772,11,30,43,0,0,14,0,33,0,62,0,24,0,0,0,21,0,0,0,0,0
3394354,57,0,0,0,0,10,0,0,0,14,0,0,0,0,0,0,0,0,0,13,0,0,13,0,0,0,0,0
3132265,57,0,0,38,36,0,0,0,13,0,0,0,0,0,0,16,51,0,18,27,0,0,25,0,0,14,23,0
2954585,57,38,34,0,0,0,0,0,0,0,0,0,0,0,0,0,0,0,0,0,0,0,0,0,0,0,0,0
3118174,57,0,17,0,0,29,23,0,0,0,0,0,0,0,0,20,117,0,0,0,0,0,44,0,0,0,0,0
2892440,57,0,0,20,37,15,18,28,39,26,0,0,0,26,20,0,118,0,0,38,0,19,35,15,0,16,29,0
69968,57,0,0,0,13,0,0,0,0,0,0,0,0,0,0,0,15,0,0,36,0,0,0,0,0,0,10,0
2055160,57,0,0,0,0,0,19,0,0,0,0,0,0,0,0,0,0,0,0,0,0,0,324,0,0,0,0,0
2005703,57,12,16,0,13,21,21,0,10,0,0,0,0,0,0,0,70,0,0,52,0,0,17,0,0,23,0,0
89093,57,0,0,0,0,0,0,0,0,0,0,0,0,0,0,0,0,0,0,24,0,0,13,0,11,10,0,0
3435000,57,0,0,0,0,0,46,0,0,0,0,0,0,0,0,0,0,0,0,0,0,0,65,0,0,0,0,0
592978,57,41,62,0,22,0,0,0,0,0,0,19,18,0,0,0,0,0,0,0,19,0,110,0,0,0,0,0
2714929,57,0,18,0,27,19,0,0,0,0,0,10,14,0,0,0,0,0,0,12,0,0,42,0,0,0,0,0
1855352,57,0,0,0,0,77,109,0,0,0,0,0,0,0,0,0,0,0,21,0,0,0,0,0,0,0,0,0
2975898,57,0,0,0,0,71,91,0,0,0,0,0,0,0,0,0,0,0,0,0,0,0,0,0,0,0,0,0
47763,57,0,0,0,0,60,155,0,0,0,0,0,0,0,0,0,0,0,33,25,0,0,60,0,0,0,0,0
1748,57,0,0,0,20,87,102,0,0,0,0,0,0,0,0,0,0,0,0,0,0,0,109,0,0,0,0,0
183759,57,23,21,0,0,13,0,0,0,0,11,12,0,0,0,0,0,0,0,26,0,0,0,0,0,18,14,0
97393,57,0,0,0,13,24,16,24,32,0,0,0,0,11,0,15,170,0,0,44,0,0,0,0,0,0,13,15
41675,57,15,17,0,0,0,0,16,15,0,0,0,10,12,0,0,13,0,0,0,13,10,31,0,0,0,0,0
2494701,56,0,0,0,0,0,41,0,0,0,0,0,30,0,0,0,0,0,0,0,0,0,0,0,0,0,0,0
2027919,56,0,0,0,0,0,0,0,37,0,0,0,0,0,0,0,0,0,0,0,0,0,0,0,0,0,0,0
1334193,56,0,0,0,0,12,26,0,0,0,0,0,0,0,0,0,0,0,0,0,0,0,14,0,0,0,0,0
61647,56,0,0,16,13,40,70,0,0,0,0,0,0,0,0,0,52,0,0,60,0,0,31,0,19,12,25,0
59814,56,0,12,0,0,21,60,0,25,0,0,0,0,14,0,0,80,0,12,32,0,0,32,0,12,0,13,0
2488639,56,62,69,0,0,17,45,0,0,0,0,0,25,0,0,0,0,0,0,36,0,0,37,0,0,0,0,0
93378,56,0,0,0,0,28,28,0,0,0,0,0,0,0,0,0,0,0,0,39,0,0,0,0,0,0,12,0
2572577,56,11,38,0,0,11,69,0,29,0,0,0,23,0,0,0,0,0,0,0,0,0,29,0,0,0,0,0
2919921,56,0,0,15,20,20,22,0,0,0,0,0,0,0,0,0,34,0,0,14,0,0,50,0,0,11,28,0
2929512,56,0,0,0,0,0,0,0,0,0,0,0,0,0,0,0,0,0,0,40,0,0,0,0,0,0,0,0
680026,56,19,49,23,31,51,30,0,0,0,0,0,0,0,0,0,111,0,0,13,11,0,83,0,0,0,0,14
1891207,56,0,21,28,47,25,37,0,0,0,0,0,0,0,0,0,25,0,0,72,0,0,62,0,0,28,22,17
915099,56,0,0,0,0,21,35,0,0,0,0,0,0,0,0,0,0,0,0,0,0,0,19,0,0,19,0,0
219572,56,16,13,0,0,31,65,0,0,0,0,0,0,0,0,0,0,0,0,30,0,0,14,0,0,19,0,0
2785331,56,0,0,0,0,17,17,0,0,0,0,0,0,0,0,12,29,0,0,34,0,0,26,0,0,22,18,0
553151,56,0,0,0,0,12,53,17,32,0,0,0,0,0,0,0,0,0,0,0,0,0,31,0,0,0,0,0
491950,56,0,0,0,21,0,20,0,0,0,0,0,0,0,0,0,0,0,0,12,0,0,13,0,0,0,0,0
123824,56,0,0,12,14,0,0,0,0,0,0,0,0,0,0,0,0,0,0,0,0,11,21,0,21,0,0,0
1176649,56,112,194,0,0,123,252,0,0,0,0,65,0,0,0,39,70,0,0,0,0,0,49,0,0,39,0,0
3042152,56,0,0,0,0,40,39,0,0,0,0,0,0,0,0,0,0,0,0,0,0,0,19,0,0,0,0,0
2930199,56,0,64,0,0,76,325,0,41,0,0,0,0,0,0,0,0,0,0,17,0,0,0,0,0,0,0,0
3067902,56,25,23,0,0,0,35,0,0,0,0,11,0,0,0,0,0,0,0,0,0,16,21,0,15,0,0,0
2600596,56,0,0,16,27,36,50,0,0,0,0,0,0,0,0,0,0,0,0,0,0,0,56,0,0,0,0,0
930972,56,26,230,123,81,94,425,52,37,0,0,0,12,12,0,0,34,0,0,35,0,0,36,0,11,28,17,11
1096,56,0,0,0,0,0,0,0,0,0,0,0,0,0,0,0,59,0,0,38,0,0,0,0,0,0,17,14
3040764,56,0,0,0,0,0,23,0,0,0,0,0,0,0,0,0,0,0,0,0,0,11,17,11,0,0,0,0
1002689,56,0,0,0,0,0,54,0,11,0,0,0,0,0,0,0,17,0,0,0,0,0,27,0,0,0,0,0
3094884,56,0,0,26,45,34,0,0,0,0,0,0,0,0,0,0,0,0,0,0,0,0,25,0,0,0,0,0
1532905,56,0,0,0,11,12,21,0,15,0,0,0,0,0,0,0,16,0,0,23,0,0,17,0,0,0,0,0
1006155,56,12,13,0,0,20,24,0,0,0,0,0,17,0,0,0,13,0,0,115,0,0,0,0,0,10,13,0
2883998,56,21,30,12,18,13,0,0,0,0,0,0,0,0,0,0,0,0,0,26,0,12,14,0,0,21,12,18
1160721,56,26,35,18,27,28,24,0,0,0,0,10,39,0,0,0,0,0,0,50,23,0,29,0,0,11,15,11
2592333,56,0,20,0,0,17,19,0,0,0,0,0,0,0,0,0,24,0,0,25,0,0,23,0,0,0,0,0
3123317,56,0,0,10,17,0,0,10,0,0,0,0,0,0,0,0,30,0,0,75,0,11,51,0,0,25,23,39
3054208,56,18,18,0,12,0,0,0,0,0,0,0,0,0,0,0,19,0,0,13,0,0,45,0,0,0,0,0
204936,56,45,50,17,23,0,19,0,0,0,0,27,0,0,0,0,121,0,0,26,0,0,28,0,0,15,21,11
3134807,56,0,0,0,0,20,56,0,18,0,0,0,0,0,0,0,0,0,15,29,0,0,0,0,0,0,0,0
1618207,56,10,18,0,0,0,14,0,0,0,11,0,0,0,0,0,0,0,0,0,0,0,0,0,0,0,0,0
1667168,56,0,0,0,0,0,0,0,0,0,0,0,0,0,0,0,0,0,0,0,0,0,0,0,0,0,0,0
2903557,56,0,0,28,29,61,133,0,0,0,0,0,0,0,0,0,34,0,15,21,0,0,11,0,0,0,0,0
32046,56,0,0,21,12,284,99,0,132,0,0,0,0,0,0,0,16,0,20,65,0,0,18,0,0,13,23,10
47834,56,24,33,0,0,0,0,0,0,0,0,0,0,0,0,0,0,0,0,0,0,0,15,0,0,0,0,0
2967302,56,15,13,11,24,23,33,0,0,0,0,0,0,0,0,0,0,0,0,0,0,0,15,0,0,0,0,0
45361,56,0,0,21,23,0,0,0,0,0,0,0,0,0,0,10,0,0,0,0,0,0,52,0,0,0,0,0
2020962,56,10,16,0,15,18,18,0,0,0,13,0,0,0,0,0,14,0,11,24,0,0,19,0,0,0,0,0
877455,56,16,20,77,98,15,10,0,0,0,0,0,0,0,0,0,119,0,38,49,11,10,55,0,0,0,0,0
2546128,56,16,17,0,0,23,0,0,0,0,10,11,0,0,0,0,10,0,0,20,0,0,19,0,0,18,12,0
2169883,56,0,0,0,0,0,0,0,0,0,0,0,0,0,0,0,0,0,0,0,0,0,0,0,0,0,0,0
3052000,56,0,0,0,0,0,0,14,13,0,0,0,0,0,0,0,0,0,0,31,0,0,0,0,10,11,15,0
2703885,55,0,15,0,0,0,21,0,0,0,0,0,0,0,0,20,105,0,0,66,0,0,28,0,0,0,17,13
1513468,55,0,0,12,11,0,21,0,12,0,0,0,0,0,0,0,0,0,0,0,0,0,15,0,0,0,0,0
2951137,55,0,41,0,0,0,0,131,159,0,0,0,0,54,0,0,0,0,0,28,0,0,23,0,0,0,0,0
1266052,55,0,66,14,29,34,32,21,36,0,0,0,10,11,14,0,0,0,0,63,0,0,42,0,15,21,0,0
107445,55,0,0,0,0,0,0,0,0,0,0,0,0,0,0,0,0,0,0,25,0,0,0,0,0,0,0,0
119864,55,0,11,0,0,12,14,0,0,0,0,0,0,0,0,0,0,0,0,43,0,0,49,0,0,0,10,0
2597518,55,15,24,0,12,41,121,0,0,0,0,0,0,0,0,0,0,0,0,0,0,0,0,0,0,190,0,0
3342386,55,0,0,0,10,0,52,0,0,0,0,0,0,0,0,0,30,0,0,23,0,0,10,0,0,0,0,0
1166950,55,0,0,22,27,44,169,0,14,23,0,0,0,0,0,13,0,0,13,0,0,0,12,0,0,19,0,0
870,55,0,0,0,0,0,0,0,0,0,0,0,0,0,0,0,0,0,0,24,0,0,0,0,0,19,0,0
2028343,55,0,0,14,22,34,42,0,0,0,0,0,0,0,0,0,0,0,0,11,0,0,0,0,0,0,0,0
2493668,55,0,0,58,0,63,108,0,0,0,0,0,0,0,0,0,0,0,0,0,0,0,14,0,0,0,0,0
537596,55,0,0,0,0,53,42,0,0,0,0,0,20,0,0,0,0,0,0,41,0,0,0,0,0,48,27,20
3077948,55,0,0,0,0,0,0,0,13,0,0,0,0,0,14,0,29,0,0,23,0,0,13,0,0,0,0,0
787,55,0,0,0,0,0,0,0,0,0,0,0,0,0,0,0,0,0,0,12,0,0,0,0,0,21,29,0
2211211,55,0,0,0,0,18,21,0,0,0,0,0,0,0,0,0,0,0,0,0,0,0,16,0,0,0,0,0
75105,55,17,23,12,20,58,121,0,22,44,0,0,19,0,0,23,139,0,21,28,0,0,32,0,0,33,0,0
2979869,55,0,27,0,16,21,50,0,19,0,0,0,12,10,0,0,55,0,0,52,0,0,51,0,0,20,18,12
45254,55,0,0,0,15,0,22,0,12,0,0,0,0,0,0,0,91,0,0,160,0,0,24,0,0,10,0,11
551996,55,0,0,0,0,0,0,0,0,0,0,0,0,0,0,0,0,0,0,0,0,20,21,26,13,13,0,23
1885344,55,41,55,40,29,69,185,0,11,13,0,17,0,0,0,0,0,0,0,16,0,0,0,0,0,0,0,0
3131937,55,0,0,0,0,0,0,0,0,0,0,0,0,0,0,0,0,0,0,14,0,0,48,0,0,0,0,0
408139,55,0,0,11,24,26,31,0,0,0,0,0,0,0,0,0,84,0,0,16,0,0,36,0,0,0,11,0
2772557,55,0,0,13,19,0,23,0,0,0,0,0,0,0,0,0,49,0,0,57,0,0,42,0,0,40,26,40
2057,55,0,0,0,0,18,75,0,11,0,0,0,0,0,0,0,0,0,11,0,0,0,0,0,0,0,0,0
1570,55,0,0,0,0,24,17,0,0,0,0,0,10,0,0,15,71,0,0,0,0,0,12,0,0,0,10,0
2921447,55,0,0,0,0,0,0,11,13,0,0,0,0,12,0,0,0,0,0,0,0,0,26,0,0,0,0,0
493781,55,0,0,0,0,0,0,0,0,0,0,0,0,0,0,0,0,0,0,24,0,0,16,0,0,18,14,0
267818,55,0,0,21,0,17,15,24,20,0,0,0,0,0,0,0,0,0,0,37,0,0,33,0,0,0,21,0
1834192,55,23,21,0,0,0,0,0,0,0,0,10,14,0,0,12,15,0,0,40,0,0,0,0,0,60,23,15
3236815,55,17,13,0,17,10,0,73,56,0,0,0,13,45,23,14,47,0,21,27,0,0,33,0,0,16,13,0
2316383,55,0,15,11,15,14,0,16,17,0,0,11,13,0,0,15,31,0,0,32,0,0,41,0,0,29,15,15
2377,55,0,14,0,0,16,13,0,0,0,0,0,0,0,0,0,0,0,0,50,0,13,37,0,0,11,10,22
2750025,55,180,179,0,0,0,41,0,0,0,0,112,0,0,0,0,0,0,0,0,0,0,0,0,0,0,0,0
3113369,55,0,0,0,0,0,0,0,0,0,0,0,0,0,0,0,0,0,0,0,0,0,0,0,0,0,0,0
2879621,55,0,0,0,0,0,0,0,0,0,0,0,0,0,0,0,0,0,0,0,0,0,0,0,0,0,0,0
2760705,55,0,14,0,0,20,74,0,0,0,0,0,0,0,0,0,0,0,11,12,0,0,0,0,0,0,0,0
2976000,55,0,0,0,14,13,69,0,0,0,0,0,0,0,0,0,0,0,13,0,0,0,0,0,0,0,0,0
240495,55,0,0,0,16,58,199,0,0,37,0,0,0,0,0,0,0,0,26,44,0,0,0,0,0,0,0,0
2202249,55,0,0,0,0,45,109,0,0,0,0,0,0,0,0,0,0,0,0,33,0,0,0,0,0,25,0,62
1173025,55,0,0,0,0,359,82,0,114,0,0,0,0,0,14,0,12,0,0,23,0,0,11,0,0,18,17,0
1495650,55,0,0,0,0,0,28,0,0,0,0,0,0,0,0,0,0,0,0,0,0,0,0,0,0,0,0,0
2809031,55,0,19,13,59,30,25,0,0,0,0,0,0,0,0,28,126,0,17,43,0,0,60,0,0,95,93,51
2210,55,16,33,0,0,0,0,0,0,0,0,0,0,0,0,25,45,0,0,23,0,0,19,0,0,0,0,0
2870563,55,0,0,0,0,0,0,0,0,0,0,0,0,0,0,0,82,0,0,66,20,0,0,0,0,26,15,21
2560545,55,0,0,0,0,0,0,0,0,0,0,0,0,0,0,0,0,0,0,0,0,0,0,0,0,0,0,0
1987580,54,0,0,0,0,136,103,0,0,0,0,0,0,0,0,0,224,0,0,33,0,0,19,0,0,22,0,25
230089,54,19,17,0,0,29,16,0,0,0,0,0,0,0,0,0,33,0,0,24,0,14,17,0,0,17,19,0
55209,54,32,43,0,0,0,0,0,0,0,0,12,30,0,0,0,138,25,0,0,42,0,13,0,0,0,0,0
3391839,54,0,0,0,0,0,0,0,0,0,0,0,52,0,0,0,0,0,0,32,0,0,0,0,0,0,0,0
2992843,54,0,0,0,0,0,0,0,0,0,0,0,0,0,0,0,0,0,0,0,0,0,0,0,0,0,0,0
2802577,54,0,0,0,0,0,0,0,0,0,0,0,0,0,0,0,0,0,0,56,0,0,0,0,0,0,0,0
2912855,54,10,23,0,16,32,48,0,0,0,0,0,0,0,0,0,17,0,0,11,0,0,86,0,0,0,10,0
2666183,54,57,72,0,0,0,138,0,0,0,0,0,0,0,0,0,0,0,0,0,77,0,0,0,0,0,0,0
2829569,54,0,1712,0,10,15,29,0,0,0,0,0,0,0,0,0,23,0,0,22,0,0,126,0,10,0,0,0
3160839,54,0,0,0,0,19,37,0,0,0,0,0,0,0,0,0,0,0,0,0,0,0,0,0,0,0,0,0
1229,54,0,0,0,0,0,32,0,0,0,0,0,0,0,0,0,0,0,0,0,0,0,17,0,0,0,0,0
61644,54,64,81,0,0,0,0,0,0,0,16,23,19,0,0,0,0,16,0,0,14,0,0,0,0,0,0,0
702114,54,0,0,0,43,60,117,0,0,0,0,0,0,0,0,0,66,0,18,31,0,0,0,0,0,33,34,0
3377707,54,24,35,0,0,0,27,0,0,0,0,0,0,0,0,0,38,0,0,0,0,0,50,0,0,0,0,0
3395318,54,0,0,0,13,23,18,0,0,0,0,0,0,0,0,0,14,0,0,16,0,0,78,0,0,0,0,0
2766526,54,0,31,12,10,211,237,0,16,0,0,12,0,0,0,12,13,0,23,0,0,0,0,0,0,0,0,0
2806553,54,0,0,0,0,0,23,0,11,0,0,0,0,0,0,0,11,0,0,0,0,0,0,0,0,11,0,0
292414,54,0,0,0,51,78,266,0,0,0,0,0,0,0,0,0,0,0,0,0,0,0,0,0,0,0,0,0
2005166,54,12,29,0,0,26,102,0,0,0,0,0,13,0,0,0,50,0,0,0,0,0,0,0,0,11,11,0
950,54,0,0,0,20,0,0,0,0,0,0,0,0,0,0,0,0,0,0,12,0,0,54,0,0,0,0,0
586239,54,29,40,0,0,30,20,0,0,0,23,0,0,0,0,0,0,0,0,0,13,0,0,0,0,0,0,0
482957,54,0,0,0,0,27,65,0,0,0,0,0,0,0,0,0,0,0,27,0,0,0,12,0,0,0,0,0
1795874,54,48,34,0,26,0,55,0,0,0,0,23,14,0,0,0,0,0,0,0,0,0,22,0,18,0,0,0
420952,54,0,0,0,0,27,63,0,0,0,0,0,0,0,0,0,0,0,0,0,0,0,0,0,0,0,20,0
964,54,0,12,0,0,29,70,0,0,0,0,0,15,0,0,0,27,0,23,31,0,16,0,0,21,0,11,16
2698672,54,12,41,24,33,26,314,0,0,0,0,0,0,0,0,0,113,0,51,26,0,0,56,0,0,0,0,0
3416668,54,0,0,0,0,0,0,0,0,0,0,0,0,0,0,25,122,0,165,36,0,0,25,0,0,30,0,0
3077941,54,0,0,0,10,0,0,0,0,0,0,0,0,0,0,11,104,0,0,37,0,0,12,0,0,22,23,21
3096000,54,0,0,0,23,13,30,0,15,0,0,0,0,0,0,0,0,0,0,17,0,0,66,0,0,0,22,0
649196,54,13,32,0,0,14,29,0,0,0,0,0,16,0,0,0,11,0,0,0,27,14,60,0,0,14,0,0
2723092,54,0,16,0,0,0,12,10,10,0,0,0,0,0,0,12,47,0,0,44,0,12,45,0,27,15,21,0
3161138,54,18,48,0,12,0,0,0,0,0,0,0,33,0,0,0,0,0,0,0,22,0,25,0,0,0,0,0
1031542,54,38,33,21,30,0,0,0,0,0,20,10,33,0,0,0,81,17,0,50,21,0,41,0,0,32,28,15
1591088,54,13,15,0,0,0,0,0,0,0,0,0,29,0,0,0,31,0,0,30,11,0,0,0,0,17,0,0
3386277,54,14,29,19,22,29,21,0,10,0,19,0,18,0,0,0,15,0,0,20,10,0,33,0,10,0,0,0
586416,54,0,0,0,0,0,0,0,14,0,0,0,0,0,0,0,0,0,0,33,0,10,19,0,0,12,13,0
2954686,54,0,0,0,0,0,0,0,15,0,0,0,0,0,0,0,0,0,0,0,0,0,0,0,0,0,0,0
2509456,54,0,10,0,16,28,30,0,0,0,0,0,0,0,0,0,0,0,0,13,0,0,41,0,0,0,0,0
340146,54,0,0,42,47,0,0,0,0,0,0,0,0,0,0,0,34,0,0,30,0,0,20,0,0,0,0,0
2490633,54,0,0,0,0,0,0,0,0,0,0,0,0,0,0,0,0,0,0,0,0,0,0,0,0,0,0,0
1834167,54,0,12,0,0,13,0,0,0,0,0,12,0,0,0,0,16,0,0,15,0,0,27,0,22,11,13,0
2834459,54,10,16,0,0,19,19,0,0,0,0,0,16,0,0,0,0,0,0,0,12,0,21,0,0,0,0,0
55205,54,0,0,0,0,21,0,0,0,0,0,0,0,0,0,0,0,0,0,54,0,0,240,0,0,19,13,0
1907,54,23,32,0,0,13,64,0,0,0,0,0,0,0,0,0,13,0,0,0,0,0,0,0,16,0,0,0
1971,54,0,20,23,39,97,225,0,26,0,0,24,20,0,0,0,30,0,23,36,0,0,56,0,0,20,0,0
3239961,54,0,0,0,0,0,24,0,0,0,0,0,0,0,0,0,0,0,0,0,0,0,0,0,0,0,0,0
285676,54,0,0,0,0,0,0,0,0,0,0,0,0,0,0,0,0,0,0,0,0,0,0,0,0,0,0,0
2975953,54,0,16,19,15,58,107,0,0,0,0,0,16,0,0,0,0,0,0,22,0,0,12,0,0,0,0,0
3044187,54,0,0,0,0,38,109,0,0,0,0,0,0,0,0,20,30,0,0,0,0,0,0,0,0,0,16,0
1655,54,0,0,0,0,0,102,0,0,0,0,0,0,0,0,0,0,0,40,0,0,0,41,0,0,0,0,0
3240042,54,0,20,0,17,52,123,0,0,15,0,0,0,0,0,0,0,0,19,0,0,0,11,0,0,0,0,0
1052257,54,0,0,20,16,37,219,0,20,0,0,0,18,0,0,0,0,0,58,0,0,0,0,0,0,0,0,0
2884022,54,20,19,13,0,32,147,0,17,0,0,0,0,0,0,0,78,0,15,14,0,0,21,0,0,0,0,0
2874213,54,0,16,0,0,243,109,0,76,27,0,0,0,0,19,0,0,0,18,38,0,0,50,13,0,11,19,12
2751171,54,0,0,0,10,12,30,0,21,0,0,0,12,0,0,12,0,0,15,0,0,12,14,0,0,0,0,0
754515,54,0,0,0,15,0,0,0,0,0,0,0,0,0,0,0,22,0,0,87,0,0,10,0,0,0,0,0
39647,54,0,0,0,27,0,0,0,0,0,0,0,0,0,0,0,0,0,0,46,0,0,0,0,0,0,0,0
53558,54,0,0,0,0,10,15,20,22,0,0,0,0,13,0,0,0,0,0,18,10,10,42,0,0,0,0,0
2562449,53,0,0,0,0,0,0,0,0,0,0,0,0,0,0,0,0,0,0,0,0,0,54,0,0,0,0,0
2479367,53,25,55,0,0,27,0,0,0,0,0,0,23,0,0,19,151,0,0,0,26,0,0,0,0,0,0,0
263819,53,0,15,0,12,0,0,0,0,0,0,0,14,0,0,0,0,0,0,13,0,0,10,0,0,0,0,0
339617,53,10,34,12,13,13,41,0,20,0,0,0,24,0,0,0,29,0,0,66,0,0,0,0,0,0,0,0
28109,53,0,0,0,0,0,0,0,0,0,0,0,0,0,0,0,0,0,0,0,0,0,0,0,0,0,0,0
1858656,53,21,31,0,0,18,61,0,11,0,0,0,0,0,0,0,0,0,24,0,11,20,37,0,0,0,12,0
589873,53,0,34,0,0,0,0,0,0,0,0,0,25,0,0,0,0,0,0,0,29,0,0,0,0,0,0,0
45610,53,11,11,19,23,0,14,0,0,0,0,0,0,0,0,0,10,0,0,0,0,0,25,0,0,0,0,0
50718,53,0,30,0,0,0,0,0,10,0,0,0,0,0,0,0,0,0,0,53,0,0,24,0,0,0,0,16
3241166,53,0,17,0,0,0,25,0,0,0,0,0,0,0,0,0,0,0,0,19,0,0,14,0,0,0,0,0
2201356,53,0,0,0,0,0,28,0,0,0,0,0,0,0,0,0,0,0,0,0,0,0,0,0,0,0,0,0
2821559,53,144,194,0,0,0,0,0,0,0,0,194,0,0,0,0,0,0,0,0,0,0,0,0,0,0,0,0
3233375,53,72,142,0,0,0,0,0,0,0,0,0,0,0,0,0,0,0,0,0,64,0,0,0,0,0,68,0
2731681,53,0,0,0,0,18,29,0,0,0,0,0,0,0,0,36,299,0,0,0,0,0,0,0,0,0,0,0
2109328,53,0,0,0,0,47,52,0,0,0,0,0,0,0,0,0,0,0,0,0,0,0,0,0,0,0,0,0
29571,53,0,0,0,0,13,49,0,0,0,0,0,0,0,0,0,0,0,0,0,0,0,0,0,0,0,0,0
712150,53,0,0,0,0,0,24,0,0,0,0,0,0,0,0,0,23,0,0,0,0,19,27,0,19,0,0,0
45056,53,0,0,0,0,0,10,0,19,0,0,0,0,0,0,0,11,0,0,14,0,12,32,0,11,0,0,0
2856608,53,0,0,0,0,0,20,0,0,0,0,0,0,0,0,12,26,0,0,0,0,20,0,0,0,0,0,0
3153301,53,0,0,26,28,23,32,0,0,0,0,0,85,0,0,0,15,0,11,23,0,0,147,0,0,0,0,0
3076039,53,0,0,0,0,0,48,0,44,0,0,0,0,0,0,0,0,0,0,0,0,0,0,0,0,0,0,0
121719,53,0,77,39,27,373,450,23,56,0,0,0,36,28,0,29,131,0,22,19,0,0,20,0,0,25,16,0
223967,53,38,87,27,76,555,549,32,92,30,0,0,13,0,0,41,157,0,46,26,0,25,22,0,22,31,0,0
2293567,53,0,10,0,0,31,65,0,0,0,0,0,0,0,0,0,0,0,0,0,0,0,0,0,0,0,0,0
576131,53,11,24,0,14,12,132,0,11,0,0,0,0,0,0,0,0,0,0,0,0,0,17,0,0,0,0,0
782,53,0,0,0,0,0,0,11,17,0,0,0,0,0,0,0,15,0,0,35,0,0,20,0,24,0,0,34
1662285,53,0,0,0,0,10,12,0,0,0,0,0,0,0,0,0,0,0,0,0,0,0,0,0,0,0,0,0
3132707,53,0,0,0,12,16,29,0,0,0,0,0,0,0,0,0,130,0,0,26,0,0,12,0,0,21,0,0
2906515,53,0,242,0,0,25,27,0,0,0,0,0,0,0,0,0,45,0,0,85,0,0,31,0,0,32,28,22
431057,53,0,0,0,0,10,14,0,25,0,0,0,0,0,0,0,35,0,0,52,0,0,0,0,0,0,0,0
2979469,53,20,38,15,12,0,21,0,0,0,0,14,16,0,0,0,0,0,0,12,0,164,0,23,35,0,0,0
84980,53,30,32,0,0,10,22,0,0,0,0,12,22,0,0,0,0,0,0,18,0,0,12,0,0,0,0,0
1882918,53,0,0,0,0,21,18,0,0,0,0,0,0,0,0,0,0,0,0,0,0,0,0,0,0,12,12,0
35,53,0,29,14,0,39,142,0,0,0,0,0,0,0,0,0,24,0,16,0,0,0,14,0,0,0,0,0
2813578,53,0,18,10,0,43,171,0,19,21,0,0,0,0,0,0,27,0,18,123,0,0,18,0,0,119,107,66
474953,53,14,16,12,0,13,29,10,0,0,0,16,15,0,0,0,71,0,0,0,0,0,40,0,0,0,0,0
2715679,53,18,35,0,0,0,10,0,0,0,10,0,0,0,0,0,21,0,0,13,22,0,19,0,0,13,0,0
2921504,53,0,0,0,0,0,0,0,0,0,0,0,0,0,0,0,0,0,0,38,0,0,0,0,0,0,0,0
2926399,53,0,0,0,15,12,11,11,12,0,0,0,0,0,0,0,27,0,0,41,0,0,13,0,0,25,19,0
1870819,53,0,16,0,11,16,15,11,0,0,0,0,17,0,0,0,0,0,0,19,0,0,109,0,0,0,0,0
2762320,53,24,36,0,0,27,27,0,0,0,11,13,44,0,0,0,0,12,0,19,37,0,20,0,0,0,0,0
682956,53,17,19,0,0,0,0,0,0,0,0,0,12,0,0,0,218,0,0,48,19,0,19,21,20,10,12,11
189426,53,0,0,0,0,0,0,0,0,0,0,0,0,0,0,0,55,0,0,26,0,0,63,0,0,0,0,0
2921639,53,0,0,0,0,0,0,0,0,0,0,0,0,0,0,0,0,0,0,34,0,0,0,0,0,0,0,0
1380685,53,0,0,0,0,40,23,0,0,0,0,0,0,0,0,0,130,0,0,21,0,0,0,0,10,0,11,0
293371,53,11,22,17,19,24,28,27,38,0,0,11,30,21,0,0,11,0,0,55,27,0,13,0,0,13,14,0
37734,53,27,48,45,62,53,73,0,0,0,0,0,0,0,0,0,51,0,0,65,31,0,95,0,0,39,41,55
1506,53,14,29,20,25,25,15,21,19,0,0,0,0,10,0,0,36,0,0,37,0,15,33,11,0,25,23,0
3003601,53,0,11,0,0,0,10,0,14,0,0,0,0,0,0,0,0,0,0,31,0,0,14,0,0,19,11,0
971,53,0,10,0,14,0,23,0,0,0,0,0,0,0,0,0,66,0,0,37,0,0,24,0,0,17,12,0
2903881,53,0,13,0,11,41,69,0,25,0,0,0,0,0,0,0,0,0,0,0,0,0,27,0,0,0,0,0
2903866,53,23,31,0,0,0,0,0,0,0,0,0,0,0,0,122,81,0,0,0,0,0,0,0,0,40,0,35
68286,53,0,0,0,13,37,101,0,0,0,0,0,0,0,0,0,37,0,23,53,0,0,88,0,0,0,25,37
67280,53,0,0,0,28,0,93,0,0,0,0,0,0,0,0,0,0,0,0,0,0,0,0,0,0,0,0,0
2798799,53,0,0,0,0,0,100,0,0,0,0,0,0,0,0,0,0,0,0,0,0,0,0,0,0,0,0,0
2879622,53,0,0,0,0,0,0,0,0,0,0,0,0,0,0,0,0,0,0,0,0,0,0,0,0,0,0,0
3144103,53,0,0,0,0,48,80,0,0,0,0,0,0,0,0,0,0,0,0,0,0,0,28,0,0,0,0,0
230143,53,0,0,0,0,0,0,0,0,0,0,0,0,0,0,0,0,0,0,0,0,0,0,0,0,0,0,0
59505,53,0,0,0,0,0,0,0,0,0,0,0,11,0,0,0,0,0,0,0,11,0,0,0,0,0,13,0
2781735,53,19,23,0,0,82,198,0,0,0,0,0,16,0,0,0,27,0,131,0,0,0,0,0,0,0,0,0
1653480,53,0,0,21,18,38,87,0,0,0,0,0,0,0,0,0,0,0,0,0,0,0,176,0,0,0,0,0
1861,53,19,14,0,0,28,83,0,25,0,10,0,0,0,0,15,0,0,41,0,0,0,26,0,0,0,0,0
2004463,53,20,52,0,0,0,0,52,57,0,0,0,42,0,0,0,0,20,0,0,0,39,0,0,0,0,0,0
264636,53,18,29,0,16,27,23,0,0,0,0,0,12,0,0,0,35,0,0,27,16,0,51,0,0,0,0,0
379547,53,0,23,44,44,57,37,0,0,0,10,0,18,0,0,0,0,0,28,17,10,0,141,0,0,0,19,0
1550241,53,17,15,0,0,21,0,0,0,0,0,0,0,0,0,0,0,0,0,17,0,0,37,0,0,0,0,0
3142537,52,0,0,0,0,0,0,0,0,0,0,0,0,0,0,0,0,0,0,0,0,0,0,0,0,0,0,0
2675791,52,0,13,0,0,0,0,0,0,0,0,0,11,0,0,0,0,0,0,40,0,0,0,0,0,0,12,0
2282309,52,0,0,0,0,0,0,0,0,0,0,0,0,0,0,0,0,0,0,18,0,0,0,0,0,0,0,0
204038,52,0,0,0,0,63,69,0,20,0,0,0,0,0,0,0,13,0,0,17,28,0,12,0,0,0,11,0
2864211,52,0,23,0,0,0,0,0,0,0,0,0,0,0,0,0,0,0,0,31,0,0,0,0,0,0,0,0
92172,52,32,97,18,21,20,23,11,11,10,14,17,0,0,0,0,57,0,0,21,15,0,31,12,12,16,0,0
1481914,52,0,37,38,33,31,71,13,58,69,10,50,27,0,0,26,18,0,75,26,38,10,66,0,0,0,0,0
1481923,52,0,41,25,41,48,43,0,34,0,0,28,14,0,0,12,18,0,16,37,13,0,70,0,0,23,0,10
200451,52,0,17,0,0,12,90,0,0,16,0,0,0,0,0,0,13,0,0,23,0,0,25,0,0,0,0,0
2056231,52,0,0,0,0,0,0,0,0,0,0,0,0,0,0,0,0,0,0,0,0,0,0,0,0,0,0,0
2992802,52,26,39,0,0,0,12,0,0,0,0,11,34,0,0,0,36,13,0,0,24,0,0,0,15,0,0,0
743699,52,0,0,0,0,0,34,0,0,0,0,0,0,0,0,0,0,0,0,0,0,0,0,0,0,0,0,0
29489,52,0,0,0,0,32,52,0,0,0,0,0,0,0,0,0,0,0,0,0,0,0,15,0,0,0,0,0
3395315,52,23,21,0,0,0,25,0,0,0,0,0,41,0,0,0,0,0,0,0,36,0,0,0,0,0,0,0
28885,52,0,0,0,20,24,40,13,22,0,0,0,19,0,0,0,24,0,0,32,0,0,18,0,0,22,15,18
3074108,52,0,0,0,0,10,0,0,0,0,0,0,0,0,0,0,0,0,0,14,0,0,15,0,0,0,0,0
3415674,52,0,0,0,11,13,69,0,0,0,0,0,0,0,0,39,192,0,86,59,0,0,14,0,29,33,22,22
39645,52,66,74,0,0,68,169,0,0,0,0,0,0,0,0,0,0,0,0,0,0,0,0,0,0,0,0,0
1845000,52,23,26,14,14,0,0,17,27,0,0,35,26,0,0,0,0,0,0,23,0,0,21,0,0,0,0,0
442,52,0,0,0,0,34,31,0,0,0,0,0,0,0,0,0,58,0,0,22,0,0,0,0,0,0,0,0
1855883,52,12,25,0,0,0,15,10,14,25,0,0,0,0,0,0,0,0,0,20,0,0,19,0,0,0,0,0
1310165,52,0,15,39,32,98,196,26,68,42,0,0,0,17,18,0,61,0,58,26,0,0,27,0,0,0,0,0
2977320,52,0,0,0,0,0,0,0,39,0,0,0,0,0,0,0,0,0,0,0,0,0,0,0,0,0,0,0
1383885,52,19,57,0,0,12,144,12,20,0,0,10,0,0,0,0,49,0,0,75,0,19,58,0,0,14,25,10
3100176,52,49,65,0,0,22,51,0,0,0,0,0,0,0,0,12,61,16,0,24,0,0,26,0,0,0,0,0
298656,52,0,0,13,13,15,14,0,0,0,0,0,0,0,0,0,0,0,0,19,0,0,0,0,0,0,0,0
328814,52,19,19,0,0,0,33,0,0,0,0,0,33,0,0,0,0,0,0,0,0,0,0,0,0,0,0,0
1642646,52,0,0,0,0,0,38,0,0,0,0,0,26,0,0,0,81,18,174,27,0,0,125,0,0,15,14,23
1134405,52,0,0,0,12,0,12,0,0,0,0,0,0,0,0,0,0,0,0,32,0,0,32,17,0,12,0,0
522485,52,0,0,0,0,15,12,19,23,10,0,0,0,0,0,0,54,0,58,68,0,0,36,0,0,21,20,0
488546,52,0,0,0,16,14,17,0,0,0,0,0,0,0,0,0,10,0,0,23,0,0,43,0,0,0,0,0
3094835,52,0,0,0,0,0,0,0,0,0,0,0,0,0,0,0,36,0,0,44,0,0,25,0,0,0,0,0
2605694,52,0,0,33,0,33,433,23,70,26,0,0,0,11,0,0,0,0,109,15,0,0,33,0,0,0,0,0
3080537,52,0,0,13,18,0,27,0,0,0,0,0,0,0,0,0,0,0,0,16,0,0,44,0,0,0,0,0
389348,52,22,25,0,14,27,20,0,0,0,0,15,21,0,0,0,17,0,0,22,18,0,24,0,0,0,0,0
83561,52,11,23,15,26,0,14,0,0,13,0,12,27,0,0,16,74,16,0,18,44,0,18,0,0,11,0,0
88058,52,0,0,0,0,0,0,0,0,0,0,0,0,0,0,0,0,0,0,29,0,0,15,0,0,0,0,0
901,52,0,17,0,0,17,30,0,18,0,14,0,0,0,0,0,0,0,0,14,0,0,0,0,0,0,0,0
2976983,52,24,34,0,0,11,18,0,0,0,0,0,16,0,0,0,0,18,0,0,23,0,0,0,0,0,0,0
1592106,52,0,0,0,0,12,37,0,13,0,0,0,0,0,0,0,28,0,47,59,0,0,12,0,0,22,27,24
2592382,52,10,17,17,25,14,15,0,0,0,0,0,0,0,0,0,0,0,0,88,0,13,23,0,0,31,23,19
2954532,52,0,0,0,0,38,114,0,0,0,0,0,0,0,0,0,0,0,0,0,0,0,0,0,0,0,0,0
1886670,52,0,0,32,30,78,104,0,0,0,0,0,0,0,0,0,0,0,0,0,0,0,38,0,0,0,0,0
2283194,52,24,31,0,0,15,0,26,20,0,0,0,14,16,0,0,13,13,0,34,12,0,31,0,0,17,15,15
1017270,52,0,13,0,0,43,22,0,12,0,0,0,0,0,0,11,21,0,0,29,0,17,23,0,12,17,18,0
1457,52,0,0,0,11,10,15,0,0,0,0,0,0,0,0,0,0,0,0,0,0,0,0,0,0,0,0,0
1564681,52,0,0,0,0,0,0,0,0,0,0,0,18,0,0,0,0,0,0,38,0,0,100,0,0,0,0,0
1868793,52,0,0,13,33,20,14,0,0,0,0,0,0,0,0,0,75,0,0,31,0,0,17,0,0,19,22,13
114527,52,0,35,0,0,0,18,0,0,0,0,0,0,0,0,0,0,0,0,49,0,0,17,0,0,0,0,0
1882757,52,0,0,0,0,26,79,0,0,0,0,0,0,0,0,0,0,0,0,16,0,0,190,0,0,0,0,0
2879427,52,0,0,0,0,46,53,0,0,0,0,0,0,0,0,0,62,0,0,58,0,0,0,0,0,123,295,106
2903780,52,0,0,0,0,0,0,0,0,0,0,0,0,0,0,0,0,0,0,0,0,0,0,0,0,0,0,0
2903577,52,0,19,0,0,23,105,0,0,0,0,0,0,0,0,0,0,0,0,36,0,0,31,0,0,17,0,21
2903596,52,0,0,0,0,17,50,0,0,0,0,0,0,0,0,0,0,0,0,0,0,0,0,0,0,0,0,0
36808,52,0,0,0,0,12,37,0,0,0,0,0,0,0,0,0,0,0,0,0,0,0,0,0,0,0,0,0
1804,52,0,0,0,0,36,75,0,0,0,0,0,0,0,0,0,0,0,136,48,0,0,0,0,0,0,0,0
83262,52,0,0,25,22,29,20,21,35,0,0,0,0,0,0,0,0,0,0,0,0,0,0,0,0,0,0,0
3404048,52,0,0,0,0,15,61,0,0,0,0,0,0,0,0,0,0,0,22,0,0,0,0,0,0,0,0,0
84757,52,11,12,0,0,27,76,0,28,25,0,0,0,0,0,0,0,16,0,10,22,0,0,0,0,0,0,0
1993,52,0,0,0,20,63,161,15,38,27,0,0,0,0,0,0,0,0,17,22,0,0,29,0,0,0,0,0
84163,52,0,0,0,0,0,0,0,0,0,0,0,0,0,0,0,0,0,0,0,0,0,0,0,0,0,0,0
147322,52,0,0,0,0,271,130,0,0,0,0,0,0,0,45,0,0,0,0,56,0,0,0,0,0,0,21,0
216964,52,0,0,0,13,0,13,0,0,0,0,0,0,0,0,0,49,0,0,46,0,0,22,0,0,12,21,0
2118,52,0,0,17,13,18,14,0,0,0,0,0,0,0,0,0,0,0,0,20,0,0,0,0,0,0,0,0
712361,52,13,15,0,19,16,13,0,0,0,0,0,0,0,0,0,0,0,0,54,0,17,30,0,0,28,20,28
29291,52,0,0,46,48,31,19,0,0,0,0,0,0,0,0,0,14,0,0,18,0,0,30,0,0,0,0,0
985052,52,0,0,0,0,0,0,0,0,0,0,0,0,0,0,0,17,0,0,0,0,0,12,0,0,0,0,0
2955844,52,0,0,0,0,0,0,0,0,0,0,0,0,0,0,0,0,0,0,0,0,0,0,0,0,0,0,0
2560336,52,0,0,0,0,0,0,0,0,0,0,0,0,0,0,0,0,0,0,0,0,0,0,0,0,0,0,0
2820710,51,29,148,0,21,0,24,0,14,0,0,0,23,0,0,0,64,0,0,19,18,0,499,0,0,0,0,0
2303538,51,13,51,0,0,0,63,12,31,0,0,0,13,0,0,0,0,0,0,40,0,0,0,0,13,31,0,16
3400846,51,0,0,0,0,0,0,0,0,0,0,0,0,0,0,0,72,0,0,56,0,0,0,0,0,41,38,0
2983215,51,11,16,0,0,0,13,0,0,0,0,0,14,0,0,0,0,0,0,44,0,0,41,0,0,22,30,28
3388491,51,0,0,0,0,0,22,0,0,0,0,0,0,0,0,0,0,0,0,0,0,0,0,0,0,0,0,0
2874628,51,0,0,0,0,0,75,0,0,0,0,0,0,0,0,0,0,0,0,0,0,0,0,0,0,0,0,0
1149133,51,0,12,13,0,22,103,0,0,0,0,0,0,0,0,0,0,0,12,0,0,0,0,0,0,0,0,0
2749996,51,14,26,0,0,0,0,0,18,0,0,0,15,0,14,0,0,0,0,29,15,0,0,0,0,0,0,0
3405120,51,0,0,0,0,11,11,0,0,0,0,0,0,0,0,0,0,0,0,19,0,0,100,0,0,20,0,15
1987723,51,0,14,13,15,32,52,12,19,0,0,0,10,0,0,0,78,0,0,63,11,0,29,0,0,19,0,0
447471,51,0,0,0,0,21,103,0,16,0,0,0,0,0,0,0,21,0,0,0,0,0,0,0,0,0,0,0
465721,51,0,0,11,10,16,143,10,24,27,0,0,0,0,0,0,0,0,0,0,0,0,0,0,0,0,0,0
2782665,51,21,50,0,0,50,111,17,51,19,21,17,11,12,0,77,277,11,124,23,0,0,35,12,55,0,38,20
1517554,51,0,0,0,0,33,87,0,14,0,0,0,0,0,0,0,0,0,0,11,0,0,0,0,0,0,0,0
1549858,51,0,0,0,0,62,205,16,16,0,0,0,0,0,0,0,34,0,11,0,0,0,0,0,0,0,0,0
3233341,51,0,13,0,0,19,152,0,0,13,0,0,0,0,0,0,0,0,0,0,0,0,11,0,0,0,0,0
393657,51,26,46,0,0,44,57,0,0,0,0,0,30,0,0,0,0,0,0,0,16,25,18,0,16,0,0,0
2562582,51,0,0,0,0,0,0,0,0,0,0,0,0,0,0,0,0,0,0,0,0,0,25,0,0,0,0,0
488730,51,0,0,0,0,23,55,0,0,0,0,0,0,0,0,0,11,0,0,0,0,0,0,0,0,18,0,0
1795043,51,16,26,0,0,0,0,0,0,0,0,0,15,0,0,0,0,0,0,0,0,0,21,0,0,0,0,0
2547399,51,0,0,0,0,16,81,0,0,0,0,0,0,0,0,0,24,0,0,0,0,0,19,0,0,0,0,0
1177211,51,22,18,0,0,0,0,0,0,0,0,0,0,0,0,0,0,0,0,0,13,0,0,0,0,0,0,0
2762323,51,0,0,0,0,23,60,0,0,0,0,0,0,0,0,0,14,0,0,0,0,0,0,0,0,0,0,0
2681552,51,0,0,0,0,13,55,0,0,0,0,30,0,0,0,0,0,0,0,0,0,24,0,0,19,0,0,0
3374554,51,0,0,0,0,0,87,0,0,0,0,0,0,0,0,0,0,0,0,0,0,0,0,0,0,0,0,0
179636,51,21,66,0,36,132,769,25,0,0,0,30,0,0,0,0,22,0,38,16,0,0,54,0,0,0,0,0
1561003,51,21,24,0,13,44,32,18,22,0,0,10,0,0,0,0,40,0,25,29,0,0,22,17,0,0,0,0
1385715,51,0,21,0,0,10,30,0,0,0,0,0,0,0,0,0,0,0,0,17,0,0,16,0,0,0,0,0
2585119,51,0,0,0,0,0,20,0,0,0,0,0,0,0,0,0,0,0,0,0,0,0,0,0,0,0,0,0
3448125,51,0,0,15,25,0,69,0,0,0,0,0,0,0,0,0,0,0,0,0,0,0,0,0,0,0,0,0
29543,51,0,0,0,0,38,147,0,0,0,0,0,0,0,0,0,0,0,0,26,0,0,0,0,0,0,0,0
3020899,51,18,23,0,0,19,23,0,0,0,0,0,0,0,0,0,0,12,0,0,0,0,0,0,0,0,0,0
3414495,51,0,0,0,0,0,0,0,0,0,0,0,0,0,0,0,0,0,0,0,0,0,0,0,0,0,0,0
2925845,51,13,11,64,64,39,47,0,0,0,0,0,0,0,0,0,159,0,0,57,0,0,928,0,0,0,0,0
522262,51,0,0,0,0,0,0,0,0,0,0,0,0,0,0,16,42,0,0,29,0,0,15,0,0,0,25,0
392011,51,0,0,0,0,14,26,0,0,0,0,0,0,0,0,0,92,0,0,31,0,0,57,0,12,17,17,10
1759399,51,0,0,0,0,0,74,0,0,0,0,0,0,0,0,28,191,0,0,20,0,0,0,0,0,0,0,0
3434352,51,50,59,49,55,0,154,0,0,0,0,0,0,0,0,0,98,0,0,0,33,0,22,0,0,0,0,0
3233335,51,0,22,0,0,0,0,0,0,0,0,0,0,0,0,0,0,0,24,24,0,0,0,0,0,0,0,0
1712410,51,0,0,15,45,30,33,16,16,0,0,0,0,0,0,0,71,0,0,22,0,0,326,0,0,14,0,0
51515,51,0,0,0,0,0,14,0,0,0,0,0,0,0,0,0,119,0,0,22,0,0,19,12,0,10,11,34
1884263,51,0,0,24,37,30,15,0,0,0,0,0,0,0,0,0,0,0,0,81,0,0,12,0,0,0,0,0
2903803,51,25,34,39,33,32,95,0,0,0,12,0,28,0,0,0,31,0,14,19,23,0,24,0,0,0,0,0
2903781,51,0,0,0,0,0,0,0,0,0,0,0,0,0,0,0,0,0,0,0,0,0,0,0,0,0,0,0
2903749,51,0,0,0,0,0,0,0,0,0,0,0,0,0,0,0,0,0,0,0,0,0,0,0,0,0,0,0
3350168,51,0,0,0,0,22,46,0,0,0,0,0,0,0,0,0,0,0,0,0,0,0,0,0,0,0,0,0
2817475,51,0,0,0,0,0,0,0,0,0,0,0,0,0,0,0,0,0,0,0,0,0,0,0,0,0,0,0
2973977,51,0,0,0,0,23,83,0,0,0,0,0,0,0,0,0,0,0,0,0,0,0,0,0,0,0,0,0
638619,51,0,0,0,0,0,0,0,0,0,0,0,0,0,0,0,0,0,0,0,0,0,0,0,0,0,0,0
3037479,51,0,19,0,0,827,103,0,180,0,0,0,0,0,0,0,48,0,0,0,0,0,0,0,0,0,15,14
3139323,51,0,0,0,0,0,0,0,0,0,0,0,0,0,0,0,0,0,0,0,0,0,0,0,0,0,0,0
2138,51,0,0,0,0,0,0,0,0,0,0,0,0,0,0,0,0,0,0,39,94,0,39,0,0,13,0,0
2107708,51,0,0,0,0,0,0,0,0,0,0,0,0,0,0,0,0,0,0,13,0,0,0,0,0,0,0,0
1702170,50,0,0,0,0,0,0,0,0,0,0,0,0,0,0,0,0,0,0,0,0,0,0,0,0,0,0,0
2060066,50,0,0,0,0,17,23,0,0,0,0,0,0,0,0,0,66,0,0,16,0,0,0,0,0,0,0,0
2907156,50,0,0,22,25,26,26,0,0,0,0,0,0,0,0,0,21,0,0,15,0,30,0,0,0,0,0,0
3425693,50,0,0,0,0,0,0,0,0,0,0,0,0,0,0,0,0,0,0,0,0,0,45,0,0,42,0,0
1839785,50,0,0,0,0,0,0,0,0,0,0,0,0,0,0,0,0,0,0,23,0,0,0,0,0,0,32,0
446374,50,0,22,13,0,15,16,0,0,0,0,0,0,0,0,0,0,0,0,0,0,0,10,0,0,0,0,0
2100116,50,16,40,0,0,14,0,0,0,0,0,0,0,0,0,22,78,0,0,0,0,0,37,0,0,0,0,0
1194427,50,0,0,0,0,0,0,0,0,0,0,0,0,0,0,0,0,0,0,0,0,0,0,0,0,0,0,0
2073078,50,20,41,0,0,0,29,0,0,0,23,14,0,0,0,0,0,13,0,0,13,0,15,0,0,0,0,0
43263,50,39,61,0,17,103,222,0,0,37,26,32,31,0,0,15,28,0,0,0,14,0,17,0,0,0,0,0
2603215,50,0,13,0,0,24,62,0,18,0,0,0,0,0,0,0,0,0,0,0,0,34,0,0,34,0,0,0
2982691,50,0,0,0,0,0,45,0,0,0,0,0,0,0,0,0,0,0,0,0,0,0,0,0,0,0,0,0
714,50,19,53,0,0,21,17,0,0,0,0,18,22,0,0,0,52,0,0,47,14,14,37,14,15,13,0,0
2565782,50,0,14,0,0,20,67,0,0,0,0,0,11,0,0,0,0,0,13,0,10,0,0,0,0,0,0,0
319017,50,0,0,0,0,0,52,0,0,0,0,0,0,0,0,0,61,0,78,0,0,0,0,0,0,0,0,0
240521,50,21,42,0,23,36,90,0,0,0,0,0,19,0,0,0,0,0,0,0,0,0,0,0,0,0,0,0
2017482,50,0,44,18,0,79,364,0,59,14,0,0,10,0,0,0,0,0,20,13,0,0,13,0,0,0,0,0
2493630,50,18,101,25,24,292,435,0,27,27,0,0,0,0,0,0,75,0,34,0,0,0,27,0,0,18,24,19
1743162,50,0,0,0,0,0,0,0,0,0,0,0,0,0,0,0,51,0,31,22,0,17,13,0,12,0,0,0
12917,50,0,0,0,0,0,65,0,0,0,0,0,0,0,0,0,20,0,16,32,19,0,17,0,0,0,0,0
192843,50,0,0,0,14,26,58,0,0,0,0,0,0,0,0,0,11,0,0,29,0,0,29,0,0,0,0,0
2865840,50,0,0,0,0,0,0,0,0,0,0,0,0,0,0,0,10,0,0,15,0,0,26,0,0,10,0,10
3077735,50,34,56,0,0,11,50,0,49,0,0,15,17,0,0,0,0,0,72,36,0,0,30,0,0,18,0,0
253245,50,14,25,17,42,18,68,11,15,16,0,0,0,0,10,0,17,0,0,44,0,0,38,0,0,0,10,0
556259,50,0,0,42,47,50,59,0,0,0,0,0,0,0,0,0,0,0,0,0,0,0,105,0,0,0,27,0
28137,50,0,0,20,44,27,34,31,14,0,0,0,53,0,0,0,11,0,0,14,24,0,34,0,0,0,0,0
282402,50,0,0,0,0,0,0,0,0,0,0,0,0,0,0,0,30,0,0,15,0,0,38,0,0,11,23,0
3454466,50,19,27,16,15,64,191,0,11,13,0,14,0,0,0,0,0,0,64,0,18,0,24,0,0,0,0,0
1930273,50,0,12,13,0,43,269,0,17,15,0,14,0,0,0,0,24,0,92,29,0,0,32,0,0,16,19,16
229155,50,11,0,0,16,30,18,0,0,0,0,0,0,0,0,24,0,0,0,15,0,0,41,0,0,19,0,0
477976,50,0,0,0,12,0,0,0,0,0,0,0,0,0,0,0,15,0,0,0,0,0,31,0,0,0,0,0
184064,50,0,0,0,0,0,0,10,0,0,0,0,0,0,0,0,28,0,0,22,0,17,24,12,0,25,17,10
1071080,50,0,0,0,0,0,0,0,0,0,0,0,0,0,0,0,0,0,0,69,0,0,0,0,0,0,0,0
3424133,50,0,0,0,14,15,0,0,0,0,0,0,0,0,0,0,0,0,0,0,0,0,0,0,0,24,0,0
3135641,50,0,0,0,44,62,0,0,0,0,0,0,0,0,0,89,1433,0,0,0,0,0,83,0,0,0,0,0
2954684,50,0,0,0,0,0,0,0,0,0,0,0,0,0,0,0,0,0,16,0,0,0,0,0,0,0,0,0
169177,50,0,0,0,0,0,0,0,0,0,0,0,0,0,0,0,21,0,0,0,0,0,12,0,0,0,0,0
357278,50,17,31,10,14,0,0,0,0,0,0,0,0,0,0,0,0,10,0,0,0,0,19,0,0,0,0,0
2714949,50,0,0,0,0,32,21,0,0,0,0,0,0,0,0,0,45,0,0,16,0,0,31,0,0,0,0,0
3077584,50,0,0,0,0,0,67,0,0,0,0,0,0,0,0,0,0,0,0,0,0,0,64,0,0,0,0,0
3458239,50,0,0,0,20,20,89,0,0,0,0,0,0,0,0,0,0,0,0,0,0,0,0,0,0,0,0,0
40519,50,0,11,0,0,16,0,0,0,0,0,0,0,0,0,0,100,0,0,22,0,0,0,0,0,17,11,13
59610,50,28,62,26,40,31,36,38,25,0,0,15,0,19,0,0,54,0,0,17,12,0,61,0,0,16,11,15
3385202,50,0,0,0,0,0,0,0,0,0,0,0,0,0,0,0,12,0,0,0,0,24,0,0,19,0,13,0
2833628,50,0,12,26,35,65,88,0,0,28,0,0,0,0,0,17,75,0,32,0,0,0,53,0,0,0,0,0
2975701,50,45,47,0,0,20,45,0,0,0,0,19,18,0,0,0,19,0,13,10,0,0,0,0,0,11,0,0
2975940,50,0,0,0,0,26,64,0,0,0,0,0,0,0,0,0,15,0,0,0,0,0,0,0,0,0,0,0
3421658,50,0,0,0,0,64,88,0,0,0,0,0,0,0,0,0,15,0,0,14,0,0,55,0,0,0,0,0
61592,50,0,0,0,0,0,33,0,0,0,0,0,0,0,0,0,0,0,38,0,0,0,0,0,0,0,0,0
2675524,50,0,0,0,0,14,31,0,0,0,0,0,0,0,0,0,0,0,0,0,0,0,0,0,0,0,0,0
82380,50,0,0,0,80,37,159,0,0,0,0,0,0,0,0,0,0,0,84,81,0,0,0,0,0,0,0,0
529884,50,0,0,0,0,0,0,0,0,0,0,0,0,0,0,0,0,0,0,0,0,0,0,0,0,0,0,0
76862,50,0,0,0,0,43,92,0,0,0,0,0,0,0,0,0,0,0,0,0,0,0,0,0,0,0,0,0
1630135,50,0,0,0,36,0,65,0,0,0,0,0,0,0,0,0,0,0,0,0,0,0,0,0,0,0,0,0
2903580,50,15,24,0,17,31,65,0,0,0,0,0,0,0,0,0,30,0,34,25,0,0,0,0,0,31,0,0
1045776,50,0,0,15,0,57,118,0,0,24,0,0,0,0,0,16,51,0,13,0,0,0,12,0,0,0,0,0
1050638,50,0,0,10,17,15,36,17,53,18,0,0,54,24,0,29,44,0,212,14,0,17,24,0,0,0,0,18
1050655,50,49,45,0,0,0,0,0,0,0,0,0,0,0,0,0,0,0,0,0,0,0,0,0,0,0,0,0
2692802,50,0,0,0,0,127,0,0,0,0,0,0,0,0,0,0,0,0,0,71,0,0,0,0,0,0,0,0
538220,50,0,0,0,0,0,0,0,0,0,0,0,0,0,0,0,59,0,0,29,0,0,21,0,0,0,0,0
3412035,50,0,14,0,0,0,11,0,0,0,0,0,0,0,0,0,19,0,0,0,0,0,13,0,0,0,0,0
2953750,50,0,16,0,12,20,47,0,0,0,0,0,0,0,0,0,0,0,0,0,0,0,17,0,0,0,0,0
1674923,50,0,0,0,0,21,0,0,0,0,0,0,0,0,0,0,17,0,0,15,0,0,0,0,0,11,16,10
3433523,50,0,0,0,0,0,0,0,0,0,0,0,0,0,0,0,0,0,0,0,0,0,0,0,0,0,0,0
3426474,50,0,0,0,0,0,0,0,0,0,0,0,0,0,0,0,32,0,0,12,0,0,13,0,0,0,0,0
3052729,50,0,0,0,0,0,0,0,0,0,0,0,18,0,0,0,0,0,0,0,19,0,0,0,0,0,0,0
2996112,49,0,0,0,0,0,0,0,0,0,0,0,0,0,0,0,0,0,0,0,0,0,0,0,0,0,0,0
82989,49,0,0,0,0,0,0,0,0,0,0,0,0,0,0,0,0,0,0,0,0,0,19,0,0,20,23,0
2828763,49,0,0,0,0,27,20,0,0,0,0,0,0,0,0,0,19,0,0,97,0,0,39,0,0,59,40,21
2675378,49,0,0,0,0,23,41,11,40,0,0,0,0,0,0,0,0,0,0,15,0,0,67,0,0,20,20,0
55212,49,0,0,36,40,63,46,0,19,0,0,0,0,0,0,0,91,0,0,19,0,0,54,0,0,15,18,16
2597702,49,0,14,0,0,20,27,0,0,0,0,0,0,0,0,0,0,0,157,0,0,0,0,0,0,0,0,0
2752475,49,0,0,0,0,0,0,0,0,0,0,0,0,0,0,0,91,0,0,0,0,0,0,0,0,0,0,0
74829,49,0,0,0,0,33,183,0,23,0,0,0,16,0,0,0,0,0,0,0,12,0,0,0,0,0,0,0
1610576,49,59,88,0,0,0,25,0,0,0,0,53,11,0,0,0,0,0,0,0,11,0,0,0,0,0,0,0
2609667,49,0,163,187,0,56,180,0,78,0,0,0,0,0,0,0,0,0,56,13,0,0,0,0,0,0,0,0
1628392,49,0,0,0,0,0,39,0,0,0,0,0,0,0,0,0,0,0,0,12,0,0,36,0,0,0,0,0
386487,49,11,0,12,32,0,14,38,58,22,0,0,0,21,0,0,73,0,0,62,0,0,10,0,0,40,21,28
2806210,49,0,0,16,37,30,123,10,16,14,0,0,0,0,0,0,0,0,0,19,0,0,25,0,0,0,0,0
1898042,49,0,33,15,297,33,107,0,2658,0,0,0,0,0,0,0,0,0,0,26,0,0,156,0,0,0,0,0
2065378,49,17,58,16,0,118,234,0,14,0,10,16,0,0,0,14,18,0,20,20,18,19,19,0,15,10,0,10
39956,49,36,53,15,24,41,98,0,0,17,18,26,37,0,0,0,15,24,0,16,35,0,0,0,0,0,0,0
3233343,49,0,17,0,0,26,99,0,0,0,0,0,0,0,0,0,0,0,20,0,0,11,0,0,14,0,0,0
786,49,0,0,0,0,31,0,0,0,0,0,0,0,0,0,0,59,0,0,33,0,0,0,0,30,17,18,0
931099,49,0,20,0,24,0,0,0,0,0,0,0,0,0,0,0,11,0,0,0,0,0,0,0,0,0,0,0
3374190,49,0,0,0,0,0,0,0,0,0,0,0,0,0,0,0,25,0,0,0,0,0,98,0,0,0,0,0
225991,49,24,45,0,0,85,254,0,29,0,0,0,31,0,0,0,25,0,0,0,0,0,0,0,0,0,0,0
2940488,49,0,0,0,0,22,46,0,0,0,0,0,0,0,0,0,0,0,0,0,0,0,0,0,0,0,0,0
321983,49,0,0,0,0,39,53,0,0,0,0,0,0,0,0,0,55,0,0,15,0,0,0,0,0,0,0,0
2716226,49,0,0,0,15,17,25,0,0,0,0,0,0,0,0,0,0,0,0,0,0,0,0,0,0,0,0,0
1971397,49,0,17,0,0,18,42,0,0,0,0,0,0,0,0,0,18,0,0,19,0,0,0,0,0,0,0,0
2052484,49,0,0,0,0,0,63,0,0,0,0,0,0,0,0,0,0,0,0,0,0,0,39,0,0,0,0,0
1597781,49,0,15,23,29,45,87,0,0,0,0,0,0,0,0,0,10,0,13,0,0,0,18,0,0,0,0,0
2497989,49,0,0,0,15,0,15,0,0,0,0,0,0,0,0,0,26,0,0,0,0,0,20,0,0,0,0,0
1964215,49,0,0,14,15,29,67,0,17,0,0,0,12,0,0,22,120,0,0,30,0,0,133,0,0,27,0,12
305719,49,0,0,0,0,0,0,0,0,0,0,0,0,0,0,0,0,0,0,0,0,0,38,0,0,0,0,0
3416711,49,0,0,0,0,18,26,0,0,0,0,0,0,0,0,0,23,0,0,31,0,0,13,0,18,0,0,0
204,49,0,0,0,11,0,0,24,27,0,0,0,0,14,0,0,80,0,14,22,0,0,15,0,0,11,10,15
1581011,49,15,12,0,0,0,10,0,0,0,0,0,19,0,0,0,12,0,0,17,0,0,39,0,0,11,14,0
2995170,49,0,0,0,0,31,196,0,12,10,0,0,10,0,0,0,0,0,28,10,0,13,12,0,0,0,0,0
100177,49,0,0,0,0,0,0,0,0,0,0,0,0,0,0,0,0,0,0,21,0,0,0,0,0,0,0,0
3235173,49,0,0,0,27,25,27,0,0,0,0,0,0,0,0,0,18,0,0,15,10,0,34,0,0,0,11,0
2743001,49,0,0,0,20,25,19,0,0,0,0,0,0,0,0,0,0,0,37,0,0,0,35,0,0,0,0,0
3243766,49,0,0,0,18,67,115,0,0,0,0,0,0,0,0,0,0,0,0,0,0,0,156,0,0,0,26,0
2921430,49,0,0,0,0,0,0,0,0,0,0,0,0,0,0,0,0,0,0,0,0,0,0,0,0,0,0,0
109790,49,0,11,0,0,0,0,0,0,0,0,0,0,0,0,0,89,0,0,36,11,29,38,0,24,33,18,0
480391,49,0,0,16,21,34,27,0,0,0,0,0,0,0,0,0,0,0,0,43,0,0,23,0,0,37,24,17
33968,49,0,0,0,0,0,0,0,0,0,0,0,0,0,0,0,0,0,0,19,0,0,28,0,0,11,24,11
2419772,49,0,0,11,15,0,0,0,0,0,0,0,0,0,0,0,0,0,0,15,0,0,81,0,0,11,0,0
49118,49,0,0,0,0,0,0,0,0,0,0,0,0,0,0,0,0,0,0,10,0,0,14,0,0,0,14,0
3039180,49,0,12,0,0,0,0,0,0,0,0,0,21,0,0,0,0,0,0,47,0,0,75,0,0,0,12,0
33037,49,0,0,0,0,0,0,0,0,0,0,0,0,0,0,14,27,0,0,40,0,0,0,0,0,33,29,0
712528,49,10,12,0,0,0,16,0,0,0,0,0,0,0,0,0,19,0,0,0,11,0,0,0,0,0,0,0
2892996,49,0,0,0,0,46,88,0,0,0,0,0,0,0,0,0,0,0,12,23,0,0,18,0,0,0,18,0
3158972,49,0,0,0,0,32,86,0,0,0,0,0,0,0,0,0,0,0,0,0,0,0,14,0,0,0,0,0
2991545,49,0,0,0,0,22,80,0,0,0,0,0,0,0,0,0,0,0,120,0,0,0,0,0,0,0,0,0
2675216,49,0,0,0,0,0,14,0,0,0,0,0,0,0,0,0,14,0,0,0,0,0,0,0,0,0,0,0
38284,49,24,0,36,62,0,247,0,0,0,0,0,45,0,0,0,0,0,22,0,0,34,20,0,0,0,0,0
2991729,49,0,0,0,0,0,28,0,0,0,0,0,0,0,0,0,0,0,0,0,0,0,0,0,0,0,0,0
37930,49,0,22,0,0,18,34,0,0,0,0,0,35,0,0,0,0,0,0,0,33,0,46,0,0,0,0,0
2749058,49,0,0,0,0,0,0,0,0,0,0,0,0,0,0,0,0,0,0,0,0,0,0,0,0,0,0,0
216963,49,0,0,10,26,21,18,0,0,0,0,0,12,0,0,0,0,0,0,39,0,11,0,0,0,13,13,0
51362,49,14,0,0,0,0,0,0,0,0,0,0,0,0,0,0,0,0,0,0,0,0,0,0,0,0,29,0
2886040,49,0,0,0,21,16,22,0,0,0,0,0,0,0,0,22,48,0,0,0,0,0,38,0,0,0,0,0
1798806,49,0,0,20,24,28,11,12,0,0,0,0,0,0,0,0,0,0,0,78,11,144,69,20,203,25,37,27
3047810,49,0,18,0,0,0,0,0,0,0,0,0,0,0,0,0,0,0,0,0,0,0,0,0,0,0,0,0
2755385,48,24,40,0,23,0,42,0,0,0,0,0,0,0,0,0,0,0,0,0,0,0,16,0,0,0,0,0
1345117,48,0,0,0,37,0,13,0,0,0,0,0,0,0,0,0,0,0,24,0,0,0,0,0,0,0,0,0
1231049,48,0,0,0,0,0,0,0,0,0,0,0,0,0,0,0,0,0,0,0,0,0,0,0,0,0,0,0
41202,48,0,10,0,0,13,25,0,0,0,0,0,0,0,0,0,0,0,0,21,0,16,16,0,0,0,0,0
3436242,48,21,39,0,0,0,0,0,0,0,0,0,15,0,0,0,0,21,0,35,24,0,0,0,0,0,0,0
2590884,48,0,0,0,0,0,0,0,0,0,0,0,0,0,0,0,0,0,0,0,0,0,49,0,0,0,0,0
36746,48,0,0,0,0,0,3730,0,0,0,0,0,0,0,0,0,0,0,0,0,0,0,14,0,0,0,0,0
2505979,48,0,0,0,0,0,24,0,0,0,0,0,0,0,0,0,0,0,0,0,0,0,14,0,0,0,0,0
472181,48,0,10,0,18,27,52,11,10,0,0,0,0,0,0,0,0,0,13,39,0,0,18,0,0,0,24,15
1420916,48,0,14,15,0,10,29,0,0,0,0,0,0,0,0,0,0,0,0,0,0,0,0,0,0,0,0,0
2895352,48,0,47,14,17,16,52,0,0,0,0,0,12,0,0,16,62,0,0,36,0,14,20,0,0,20,13,19
56448,48,28,29,32,41,69,119,32,41,85,0,0,23,0,0,0,108,0,36,27,80,0,66,0,0,0,0,0
2898793,48,0,0,0,0,23,83,0,0,0,0,0,0,0,0,0,36,0,0,86,0,0,0,0,0,59,46,52
1620392,48,26,42,0,15,0,52,29,18,15,0,17,25,0,0,0,19,12,0,0,26,15,14,10,13,0,0,0
2589986,48,0,0,0,0,0,0,0,0,0,0,0,0,0,0,0,27,0,0,13,0,28,12,17,37,0,0,0
3080013,48,0,0,11,20,46,73,28,33,0,0,0,0,12,16,44,172,0,113,23,0,0,10,0,35,0,29,0
2849093,48,0,0,0,0,0,0,0,0,0,0,0,0,0,0,0,0,0,0,0,0,0,69,0,0,0,0,0
309868,48,11,0,0,11,0,0,0,0,0,0,0,0,0,0,0,23,0,0,51,0,0,11,0,0,0,0,0
1940281,48,25,66,0,16,152,343,0,26,14,0,14,28,0,0,19,74,0,34,19,11,0,22,0,0,0,0,0
388640,48,0,19,0,0,18,22,0,0,0,0,0,12,0,0,15,0,0,0,0,0,14,0,0,20,0,0,0
3022250,48,15,35,0,0,26,45,0,0,0,0,0,0,0,0,0,11,11,0,0,0,36,0,0,0,18,0,0
1609977,48,11,14,0,0,39,115,0,13,0,0,0,19,0,0,0,0,0,0,11,0,0,0,0,0,0,0,0
3127640,48,0,0,0,0,42,84,0,0,0,0,0,0,0,0,0,34,0,22,0,0,0,0,0,0,0,0,0
164608,48,0,0,0,0,61,121,0,0,0,0,0,0,0,0,49,292,0,0,17,0,0,0,0,0,0,0,0
221822,48,0,200,40,0,115,816,0,101,25,0,30,25,0,0,38,33,0,55,49,0,0,57,0,0,15,18,37
2761623,48,0,0,0,0,0,0,0,0,0,0,0,0,0,0,0,0,0,0,0,0,0,0,0,0,0,0,0
3066248,48,0,0,0,0,20,16,0,0,0,0,0,0,0,0,0,0,0,0,0,0,0,0,0,0,0,0,0
3160607,48,39,50,0,0,83,66,0,0,0,0,0,0,0,0,0,0,0,0,0,19,0,0,0,0,0,0,0
94132,48,16,33,22,25,85,275,0,22,25,0,0,0,0,0,20,37,0,39,14,0,0,29,0,0,0,0,0
470868,48,0,0,0,0,51,95,0,0,0,0,0,0,0,0,0,0,0,0,0,0,0,0,0,0,0,0,0
2697032,48,0,15,0,0,37,104,0,0,0,0,0,44,0,0,0,10,22,0,0,0,0,0,0,0,0,0,0
3153927,48,0,10,0,0,0,11,0,0,0,0,0,0,0,0,0,11,0,0,32,0,0,0,0,0,0,0,0
1682490,48,0,0,0,0,0,28,0,0,0,0,0,0,0,0,0,0,0,0,0,0,0,0,0,0,0,0,0
281120,48,0,38,13,25,14,13,0,43,0,0,11,0,0,21,38,177,0,0,26,0,0,55,0,0,14,0,0
285070,48,0,0,0,0,0,0,21,35,0,0,0,0,0,0,0,80,0,0,0,0,0,20,0,0,0,0,0
3341726,48,0,12,12,13,14,30,0,0,0,0,0,20,0,0,0,0,0,0,0,0,0,18,0,0,0,0,0
1968839,48,18,35,13,15,10,11,0,0,0,0,13,28,0,0,0,10,0,0,30,14,0,10,0,0,0,0,0
2598579,48,13,24,21,19,45,179,0,23,0,0,0,17,0,0,0,0,0,30,0,21,0,33,0,0,0,0,16
3064277,48,14,0,14,0,0,0,0,0,0,0,0,12,0,0,0,0,0,0,13,0,0,74,0,0,0,0,0
126333,48,17,29,0,0,0,0,35,37,0,0,0,14,12,0,10,11,0,0,11,13,0,71,0,0,0,0,0
316277,48,0,0,0,0,0,49,0,0,0,0,0,0,0,0,0,18,0,0,0,0,0,0,0,0,0,0,0
3133305,48,0,0,0,0,0,57,0,0,0,0,0,0,0,0,0,0,0,0,0,0,0,0,0,0,0,0,0
2851959,48,0,0,0,0,43,65,0,0,0,0,0,0,0,0,0,0,0,0,0,0,0,0,0,0,0,0,0
300825,48,24,19,0,0,0,0,0,0,0,0,0,0,0,0,0,50,0,0,102,15,0,50,0,24,20,29,37
2921709,48,0,0,15,25,29,35,0,0,0,0,0,0,0,0,0,16,0,0,41,0,0,10,0,0,0,0,0
165096,48,0,0,0,15,0,0,0,0,0,0,0,0,0,0,0,0,0,0,0,0,0,32,0,0,0,0,0
171523,48,0,0,75,71,49,0,0,0,0,0,0,33,0,0,0,0,0,0,0,0,0,35,0,0,0,0,0
1603,48,0,0,0,0,0,0,0,0,0,0,0,0,0,0,0,0,0,0,0,10,0,0,0,0,0,0,0
87458,48,0,15,11,21,0,0,0,16,0,0,0,0,0,0,0,0,0,0,0,0,0,29,0,0,0,0,0
39777,48,22,15,0,0,0,109,37,23,0,0,0,0,13,0,0,20,0,0,15,0,0,0,0,0,0,12,0
2975671,48,0,0,0,0,0,98,0,0,0,0,0,0,0,0,0,151,0,0,0,0,0,0,0,0,0,0,0
1561022,48,0,0,0,0,0,0,0,0,0,0,0,0,0,0,0,0,0,0,0,0,0,0,0,0,0,0,0
68188,48,0,0,0,0,14,52,0,0,0,0,0,0,0,0,0,0,0,0,0,0,0,13,0,0,0,0,0
3051092,48,0,0,0,12,23,71,0,0,0,0,0,0,0,0,0,0,0,0,0,0,0,0,0,0,0,0,0
53462,48,0,0,0,0,23,75,0,0,0,0,0,0,0,0,0,0,0,42,0,0,0,20,0,0,0,0,0
1704044,48,11,11,0,0,0,34,0,0,0,0,0,0,0,0,0,0,0,0,0,0,0,24,0,0,0,0,0
2716227,48,0,0,0,0,13,25,0,0,0,0,0,0,0,0,0,0,0,0,0,0,0,0,0,0,0,0,0
2107713,48,0,0,19,13,0,44,0,15,0,0,0,0,0,0,0,0,0,0,0,0,0,15,0,0,0,0,0
106370,48,0,0,0,0,31,76,16,33,0,0,0,0,15,0,0,0,0,0,16,0,0,0,0,0,0,0,0
467094,48,12,16,88,66,180,996,0,65,52,0,38,30,0,0,27,12,0,136,10,0,0,35,0,0,18,0,0
195253,48,24,32,17,30,136,81,0,77,0,11,0,0,0,0,0,21,0,19,0,0,0,14,0,0,0,0,0
221341,48,0,0,0,0,20,28,0,14,0,0,0,0,0,0,12,0,0,50,0,0,0,0,0,0,0,0,0
3066285,48,0,0,0,0,0,0,0,0,0,0,0,0,0,0,0,0,0,0,0,0,0,34,0,0,0,0,0
3108483,48,0,0,0,0,0,0,0,0,0,0,0,0,0,0,0,0,0,0,38,0,14,16,0,0,26,22,31
2967300,48,0,0,0,0,0,0,0,0,0,0,0,0,0,0,0,0,0,0,0,0,0,0,0,0,0,0,0
2810479,48,0,0,0,0,0,0,0,10,0,0,0,0,0,0,0,0,0,0,22,0,0,0,0,0,0,0,12
92757,48,12,16,0,0,0,0,0,0,0,0,0,10,0,0,0,0,0,0,60,0,0,22,0,0,10,11,0
2710758,48,17,12,0,0,15,30,0,0,0,0,0,16,0,0,0,62,0,10,33,0,0,11,0,0,10,13,0
39669,48,16,20,0,0,0,0,0,0,0,0,0,30,0,0,0,23,0,0,32,20,0,10,0,0,0,0,0
122420,48,0,10,0,0,0,0,0,0,0,0,0,0,0,0,0,0,0,0,0,0,0,0,0,0,0,0,0
1872114,48,0,0,0,0,19,0,23,25,0,0,0,0,0,0,0,0,0,0,0,39,0,29,0,0,0,0,0
1891280,48,0,0,20,28,20,13,0,0,0,0,0,0,0,0,0,17,0,36,30,0,12,20,0,12,14,20,0
2044467,47,0,0,0,0,0,0,0,17,0,0,0,0,0,0,0,0,0,0,0,0,0,16,0,0,0,0,0
2490851,47,0,0,0,0,0,0,0,0,0,0,0,0,0,0,0,0,0,0,0,0,0,0,0,0,0,0,0
28151,47,0,16,0,0,34,103,0,0,0,0,0,13,0,0,0,22,0,135,25,0,17,15,0,0,0,0,0
2822846,47,0,27,0,0,0,0,0,0,37,0,0,0,0,39,61,118,0,0,77,19,43,26,0,59,29,33,39
256839,47,0,0,0,0,15,23,0,0,0,0,0,17,0,0,0,0,0,0,0,0,0,42,0,0,0,0,0
58049,47,22,25,0,0,23,22,0,19,20,0,0,0,0,0,0,13,0,0,69,12,21,50,13,23,64,33,56
334543,47,12,18,0,0,0,0,0,16,0,0,0,0,0,0,0,0,0,0,0,0,0,43,0,0,0,0,0
2589990,47,25,36,0,0,0,0,0,0,0,0,24,0,0,0,0,0,0,0,17,0,0,49,0,0,0,0,0
1573719,47,0,0,0,0,0,29,0,0,0,0,0,0,0,0,0,0,0,0,0,0,0,0,0,0,0,0,0
2749999,47,31,45,0,0,0,27,0,0,0,0,16,29,0,0,0,0,0,0,0,0,0,0,0,0,0,0,0
517398,47,0,13,0,20,17,23,0,0,0,0,0,0,0,0,0,0,0,0,0,0,0,0,0,0,0,0,0
70775,47,0,0,40,32,0,47,0,0,0,0,0,0,0,0,0,16,0,35,10,0,0,19,0,0,14,0,0
237609,47,0,17,23,24,58,71,0,0,0,0,0,0,0,0,0,0,0,0,69,0,0,75,0,0,0,0,0
657387,47,0,0,0,0,0,37,0,0,0,0,0,0,0,0,0,94,0,0,19,0,0,11,0,0,0,0,0
716816,47,0,0,0,14,14,51,0,0,10,0,0,0,0,0,0,17,0,0,41,0,0,26,0,16,21,19,19
754477,47,12,35,0,0,0,52,0,0,0,0,0,0,0,0,0,0,0,0,17,0,0,0,0,0,13,21,15
44255,47,0,20,0,0,70,122,0,12,11,0,0,0,0,0,26,83,0,50,29,0,0,14,0,12,11,21,14
3389070,47,0,0,0,0,0,30,0,0,0,0,0,0,0,0,0,0,0,50,12,0,0,0,0,0,0,0,0
2862866,47,0,0,0,0,49,50,0,29,0,0,0,0,0,0,0,0,0,0,0,0,0,0,0,0,0,0,0
352475,47,0,101,42,28,302,547,22,80,48,0,0,24,0,0,51,53,0,60,575,21,0,35,0,0,25,30,35
2202827,47,28,35,0,18,70,80,0,0,0,0,32,18,0,0,0,0,0,15,0,18,0,26,0,0,0,0,0
2937787,47,0,0,11,15,27,66,11,21,0,0,0,0,0,0,0,0,0,0,0,0,0,0,0,0,0,0,0
2918765,47,0,0,0,23,45,68,0,0,0,0,0,0,0,0,0,0,0,0,0,0,0,45,0,0,0,0,0
2867014,47,0,0,0,0,0,139,0,0,0,0,0,0,0,0,0,0,0,0,0,0,0,0,0,0,0,0,0
3230979,47,0,0,0,0,13,0,0,0,0,0,0,0,0,0,0,0,0,0,29,0,0,13,0,0,0,0,0
3059027,47,0,0,0,0,0,16,0,0,0,0,0,0,0,0,0,0,0,0,11,0,0,0,0,0,0,0,0
1970157,47,0,20,0,0,34,83,13,42,0,0,0,0,0,0,0,14,0,10,0,0,0,26,0,0,0,0,0
2576917,47,0,0,0,0,17,21,0,0,0,0,0,0,0,0,0,0,0,0,26,0,0,0,0,0,0,0,0
279113,47,17,16,0,0,34,36,0,13,0,0,0,13,0,0,0,0,0,0,18,15,0,15,0,0,0,0,0
84590,47,41,61,0,0,0,0,0,0,0,14,20,36,0,0,0,0,10,0,13,17,0,86,0,0,0,0,0
916,47,37,35,0,0,64,64,0,0,0,0,0,20,0,0,0,0,0,0,53,18,0,0,0,0,0,0,0
2719911,47,19,46,0,0,0,0,0,19,0,0,0,0,0,0,0,0,0,0,0,0,0,0,0,0,0,0,0
3230969,47,18,27,10,25,14,34,0,12,0,0,0,0,0,0,0,61,14,0,0,14,0,37,0,0,14,12,0
3439042,47,0,0,19,31,45,38,0,0,0,0,0,0,0,0,0,14,0,0,28,0,0,26,0,0,19,12,0
1585976,47,0,0,0,0,0,0,0,0,0,11,0,0,0,0,0,82,0,0,0,0,0,46,0,0,0,0,0
2650158,47,0,0,0,0,0,12,0,0,0,0,0,0,0,0,0,90,0,0,73,0,0,31,0,0,15,17,0
544718,47,0,102,0,19,0,0,0,0,0,0,0,0,0,0,0,37,0,0,60,0,0,67,0,0,32,22,16
1500960,47,0,0,0,0,12,11,0,0,0,0,0,0,0,0,16,49,0,0,63,0,0,30,0,0,52,34,42
1660063,47,21,19,0,0,37,27,0,0,0,0,0,15,0,0,0,77,0,0,46,0,0,15,0,0,24,12,16
2528025,47,0,0,0,0,18,209,27,44,17,0,0,0,0,0,15,48,0,57,0,0,0,16,0,0,0,0,0
2909285,47,0,0,0,0,13,81,0,0,0,0,0,12,0,0,0,0,0,11,0,0,0,17,0,0,0,0,0
225148,47,12,16,0,0,0,0,0,0,0,0,10,0,0,0,0,26,13,27,18,22,0,24,0,0,10,0,0
178606,47,0,0,0,0,0,0,0,0,0,0,0,0,0,0,0,0,0,0,0,0,0,0,0,0,0,0,0
693075,47,13,18,0,17,45,39,0,0,0,0,10,0,0,0,0,84,0,0,48,0,0,11,0,0,15,16,15
1216297,47,0,0,0,0,0,0,0,0,0,0,0,0,0,0,0,46,0,0,42,0,0,16,0,0,0,0,0
3131995,47,0,10,0,15,16,14,26,40,0,0,0,10,0,0,0,13,0,0,17,0,0,23,0,0,0,0,0
1695218,47,0,0,0,14,23,28,15,12,0,0,0,0,0,0,11,0,0,0,0,0,0,0,0,0,0,0,0
2921651,47,0,0,0,0,0,0,0,0,0,0,0,0,0,0,0,0,0,0,21,0,0,0,0,0,0,0,0
2810347,47,0,14,0,0,0,0,0,10,0,0,0,19,0,0,0,0,0,0,38,0,14,25,0,13,0,24,0
1401,47,0,0,24,32,114,119,17,20,0,0,0,0,11,0,20,161,0,0,51,0,0,53,0,0,20,19,28
2813777,47,0,0,0,0,0,0,0,0,0,0,0,0,0,0,0,0,0,0,112,0,0,0,0,0,0,0,0
2562451,47,0,0,0,0,0,0,13,17,16,0,0,0,0,0,0,21,0,0,74,0,0,25,0,0,15,19,0
3070656,47,14,23,11,23,24,14,0,12,0,0,0,13,0,0,0,11,0,0,37,0,0,28,0,0,18,17,0
1512,47,0,0,0,0,18,23,0,0,0,0,0,23,0,0,0,47,0,0,42,0,0,13,0,0,13,14,0
2382161,47,0,0,0,23,15,28,0,0,0,0,0,0,0,0,0,0,0,0,113,0,0,83,0,0,0,0,0
2903797,47,0,0,0,17,43,74,0,0,0,0,0,28,0,0,0,0,0,0,0,0,0,23,0,0,0,17,18
3238629,47,0,0,0,0,25,40,0,0,0,0,0,0,0,0,0,0,0,0,0,0,0,0,0,0,0,0,0
412710,47,0,0,0,0,0,42,0,0,114,0,0,0,0,0,0,0,0,0,0,0,0,0,0,0,0,0,0
2184053,47,0,0,0,0,53,89,0,12,21,0,0,0,0,0,0,17,0,0,0,0,0,13,0,0,0,0,0
3398231,47,21,24,0,0,36,136,0,0,0,0,0,20,0,0,0,26,0,15,15,0,0,11,0,0,0,0,0
3015166,47,0,0,0,0,0,0,0,0,0,0,0,0,0,0,0,0,0,0,0,0,0,0,0,0,0,0,0
2057800,47,0,0,0,0,0,24,0,0,0,0,0,17,0,0,0,0,0,0,0,0,0,0,0,0,0,0,0
1448059,47,0,15,12,0,31,124,0,0,0,0,0,0,0,0,0,0,0,25,21,0,14,0,0,0,27,37,0
2865833,47,0,0,28,18,74,185,0,0,0,0,0,0,0,0,0,12,0,23,0,0,0,13,0,0,0,0,0
1528104,47,0,14,0,0,37,94,0,0,0,0,0,0,0,0,0,20,0,34,0,0,0,0,0,0,0,0,0
3066279,47,0,0,0,0,0,0,0,0,0,0,0,0,0,0,0,0,0,0,49,0,0,0,0,0,0,0,19
225999,47,0,0,0,13,23,17,0,0,0,0,0,0,0,0,0,79,0,64,34,0,0,48,0,0,0,0,0
44754,47,27,19,0,29,53,45,0,0,0,0,0,0,0,0,0,0,0,0,14,0,11,49,0,0,0,13,0
310769,47,0,0,0,0,0,0,0,0,0,0,0,0,0,0,0,0,0,0,0,0,0,0,0,0,0,0,0
33865,47,0,0,0,22,0,0,0,0,0,0,0,0,0,0,0,0,0,0,0,0,0,37,0,0,0,0,0
2609417,47,0,0,0,10,10,0,0,0,0,0,0,0,0,0,0,59,0,0,27,0,0,16,0,0,0,0,0
301375,47,0,0,0,0,16,0,0,0,0,0,0,0,0,0,0,0,0,0,0,0,0,0,0,0,0,0,0
67760,47,0,0,13,0,0,0,0,0,0,0,0,0,0,0,0,16,0,0,42,19,0,35,0,0,21,0,0
71998,47,0,0,0,0,0,0,0,0,0,0,0,0,0,0,0,0,0,0,12,0,0,0,0,0,0,0,0
251540,46,26,20,0,0,0,0,0,0,0,0,0,31,0,0,0,0,0,0,23,21,0,48,0,0,16,0,0
1048758,46,0,0,0,0,0,0,0,0,0,0,0,0,0,0,0,0,0,0,0,0,0,0,0,0,0,0,0
93973,46,0,0,0,27,0,0,0,0,0,0,0,0,0,0,0,0,0,0,36,0,0,0,0,0,0,0,0
2746232,46,0,0,19,16,31,32,0,24,0,0,0,0,0,0,0,0,0,0,0,0,0,78,0,0,0,0,0
1874361,46,0,0,17,15,13,37,0,16,0,0,0,0,0,0,0,60,0,0,14,0,17,15,0,0,0,0,0
2601122,46,0,0,62,63,0,0,0,0,0,0,0,0,0,0,0,0,0,0,0,0,0,0,0,0,49,0,0
2725684,46,0,0,0,0,0,0,0,0,0,0,0,0,0,0,0,0,0,0,0,0,0,0,0,0,0,0,0
3344666,46,0,15,0,0,0,0,0,0,0,0,0,0,0,0,0,40,0,0,0,0,0,0,0,0,0,0,0
265668,46,0,27,15,25,44,33,0,0,32,0,0,0,0,0,0,0,0,0,43,0,0,40,0,18,10,10,0
552386,46,0,36,24,16,38,33,0,0,0,0,0,0,0,0,0,23,0,0,60,0,0,73,0,11,16,38,27
3111011,46,11,17,0,0,0,16,0,0,0,0,0,53,0,0,0,0,0,0,15,0,0,14,0,0,0,0,0
2954079,46,0,0,0,0,0,26,0,0,0,0,0,0,0,0,0,0,0,0,13,0,0,0,0,0,0,0,0
3087234,46,0,0,32,42,38,47,37,48,137,0,0,0,31,0,0,0,0,0,0,0,0,10,0,0,0,0,0
2867408,46,0,0,0,0,0,0,0,0,0,0,0,0,0,0,0,0,0,0,0,0,0,0,0,0,0,0,0
1445505,46,18,30,21,34,17,32,0,0,0,0,0,0,0,0,0,78,0,0,14,28,14,53,0,0,11,10,0
2738883,46,14,20,0,10,12,55,0,10,16,10,0,13,0,0,10,52,10,0,0,0,0,0,0,0,0,0,0
56730,46,0,0,0,0,68,103,0,0,0,0,0,0,0,0,0,0,0,0,14,0,26,0,0,14,0,15,0
1777866,46,0,0,0,0,49,41,0,0,0,0,0,0,0,0,0,0,0,19,24,0,0,10,0,0,0,0,0
1920809,46,0,29,0,0,159,204,0,23,0,0,0,0,0,0,0,79,0,162,0,0,0,0,0,16,0,20,0
2599640,46,0,17,0,19,54,111,0,20,0,0,0,0,0,0,0,11,0,15,0,0,0,15,0,0,0,0,0
3095341,46,0,0,0,0,15,37,0,0,0,0,0,0,0,0,0,13,0,0,0,0,0,0,0,0,0,0,0
3096994,46,0,232,12,0,28,208,16,44,14,0,0,0,0,0,0,16,0,19,0,0,0,0,0,14,0,0,0
1263728,46,0,35,0,0,86,258,0,0,0,0,0,0,0,0,0,0,0,0,0,0,0,0,0,0,0,0,0
1182263,46,0,0,0,0,0,0,0,0,0,0,0,0,0,0,0,120,0,0,0,0,0,0,0,0,55,0,0
3139336,46,0,0,0,0,0,0,0,0,0,0,0,0,0,0,0,0,0,0,0,0,0,0,0,0,0,0,0
436,46,20,35,0,16,20,33,0,0,0,0,11,0,0,0,0,35,0,0,0,0,0,0,0,0,0,0,0
3034358,46,0,0,0,0,0,53,0,0,0,0,0,0,0,0,0,0,0,0,0,0,0,0,0,0,0,0,0
1872122,46,0,0,0,0,38,65,0,27,0,0,0,0,0,0,0,61,0,0,0,0,0,73,0,13,0,0,0
168471,46,25,40,0,0,0,97,0,0,0,0,31,0,0,0,0,0,0,38,0,0,0,0,0,0,0,0,0
33059,46,0,0,0,20,0,31,0,0,0,0,0,0,0,0,14,84,0,0,0,0,12,34,0,0,0,0,0
2596915,46,0,20,0,0,15,35,0,0,0,0,0,0,0,0,0,0,0,48,0,0,0,23,0,0,0,0,0
332158,46,11,19,0,0,19,44,0,0,0,0,0,17,0,0,0,10,0,16,0,14,112,31,0,54,0,0,0
214856,46,13,27,0,0,32,50,0,0,0,0,0,0,0,0,0,12,0,0,0,0,25,0,0,0,0,21,0
797291,46,18,23,72,108,89,112,22,28,0,0,0,15,0,0,0,0,0,0,31,0,0,62,0,0,0,0,0
1176721,46,0,11,16,13,26,21,0,10,0,0,0,0,0,0,16,89,0,36,54,0,12,63,0,0,16,21,11
2590551,46,0,20,0,0,10,0,0,10,0,0,0,0,0,0,0,0,0,0,25,0,0,47,0,0,11,0,11
3131936,46,0,11,0,14,29,33,0,0,0,0,0,13,0,0,0,50,0,0,37,0,0,15,0,0,21,0,17
3092156,46,0,0,0,0,11,63,0,10,0,0,0,0,0,0,0,0,0,0,26,0,0,27,0,0,11,0,0
139438,46,15,19,0,0,0,11,0,0,0,18,10,17,0,0,17,110,0,0,120,0,0,13,0,0,44,30,22
1145276,46,98,85,0,0,0,0,0,0,0,0,0,0,0,0,0,0,0,0,0,0,0,0,0,0,0,0,0
2378,46,0,0,0,0,0,0,0,0,0,0,0,0,0,0,0,38,0,21,23,0,0,45,0,0,20,0,0
2975784,46,0,0,0,12,0,60,0,0,0,0,0,0,0,0,0,13,0,0,0,0,0,0,0,0,0,0,0
2975734,46,45,64,0,0,0,39,0,0,0,0,0,0,0,0,0,0,0,0,0,0,0,22,0,0,0,0,0
1413221,46,37,60,0,0,31,69,0,0,0,18,0,35,0,0,0,0,0,0,0,41,0,40,0,0,0,0,0
67384,46,0,0,0,0,0,0,0,0,0,0,0,0,0,0,0,0,0,0,0,0,0,0,0,0,0,0,0
2044576,46,0,0,0,0,0,0,0,0,0,0,0,0,0,0,0,0,0,0,0,0,0,0,0,0,0,0,0
2903581,46,0,0,0,0,0,62,0,0,0,0,0,0,0,0,0,0,0,0,0,0,0,0,0,0,0,0,0
59512,46,22,35,0,0,57,53,38,105,0,0,0,28,0,0,0,0,0,0,37,0,0,0,0,0,0,0,0
3082549,46,15,14,0,0,20,24,0,0,0,0,0,0,0,0,0,0,0,36,0,0,0,20,0,0,0,0,0
2963092,46,0,0,15,15,68,40,0,22,0,0,0,0,0,0,0,0,0,0,20,0,0,67,0,0,0,0,0
3066284,46,22,36,0,0,0,0,0,0,0,0,22,32,0,0,0,0,0,0,12,17,0,15,0,0,0,0,0
3066315,46,0,0,0,0,0,0,0,0,0,0,0,0,0,0,0,0,0,0,0,0,0,0,0,0,0,0,0
1184387,46,14,20,0,0,0,0,0,0,0,0,0,0,0,0,0,0,0,0,14,14,0,0,0,0,0,0,0
3078083,46,0,0,13,13,13,0,0,0,0,0,0,0,0,0,11,37,0,0,27,0,0,21,0,0,12,0,15
2955989,46,0,0,0,0,0,0,0,0,0,0,0,0,0,0,0,0,0,0,0,0,0,0,0,0,0,0,0
1499973,45,0,0,14,26,29,39,0,0,0,0,0,0,0,0,0,54,0,11,57,0,0,36,0,0,44,30,21
338565,45,0,0,0,13,0,24,0,0,0,0,0,0,0,0,0,0,0,0,0,0,0,14,0,0,0,0,0
935293,45,19,30,26,47,27,14,0,0,0,0,31,0,0,0,0,0,0,0,14,0,0,82,0,0,0,0,0
2785913,45,0,0,0,0,0,0,0,0,0,0,0,0,0,0,0,0,0,0,0,0,0,0,0,0,0,0,0
2822844,45,0,13,0,13,12,62,0,0,0,0,0,0,0,0,0,16,0,0,0,0,0,18,0,0,0,0,0
190897,45,17,44,0,0,0,0,0,0,0,0,0,0,0,0,0,0,0,0,21,0,0,13,0,0,14,14,0
2895493,45,0,0,0,0,0,30,0,0,0,0,0,0,0,0,0,0,0,0,0,0,0,0,0,0,0,0,0
3242491,45,0,0,0,0,0,23,0,0,0,0,0,0,0,0,0,153,0,0,19,0,0,0,0,0,21,0,0
658629,45,0,0,45,16,0,0,0,0,0,0,0,0,0,0,0,0,0,0,0,0,0,0,0,0,0,0,0
244566,45,0,0,0,0,0,43,0,0,0,0,0,0,0,0,0,12,0,11,29,0,0,28,0,0,28,19,14
2316085,45,0,0,0,0,0,0,0,0,0,0,0,0,0,0,0,0,0,0,17,0,0,0,0,0,0,0,0
2968969,45,0,0,0,23,71,162,0,0,0,0,0,0,0,0,0,18,0,0,37,0,0,34,0,0,0,0,0
254719,45,0,105,29,30,44,95,35,80,0,0,0,0,0,0,0,0,0,0,24,0,0,36,0,0,0,0,0
2014541,45,0,0,0,0,0,0,0,0,0,0,0,0,0,0,0,0,0,0,0,0,0,0,0,0,0,0,0
3421652,45,0,70,0,0,0,52,0,0,0,0,0,0,0,0,0,16,0,0,25,0,0,0,0,0,0,0,0
3077936,45,0,0,0,14,0,0,0,0,0,0,0,0,0,0,0,0,0,0,0,0,0,17,0,0,0,0,0
3029061,45,0,0,0,0,20,65,0,0,0,0,0,0,0,0,0,0,0,0,0,0,0,62,0,0,0,0,0
92245,45,0,0,0,0,0,0,0,0,0,0,0,0,0,0,0,0,0,0,0,0,0,0,0,0,0,0,0
3096260,45,23,33,0,0,25,56,0,0,13,0,14,14,0,0,0,21,0,0,22,0,0,19,0,0,0,0,0
2303331,45,0,0,14,72,52,163,0,0,10,0,0,0,0,0,16,16,0,13,13,0,0,0,0,0,0,0,0
1933904,45,0,0,0,0,0,0,0,0,0,0,0,0,0,0,0,0,0,0,0,0,0,33,0,0,0,0,0
2744521,45,0,0,0,0,51,97,0,0,0,0,0,0,0,0,0,27,0,0,50,0,0,71,0,0,37,38,37
2718938,45,0,13,0,0,12,45,0,0,0,0,0,0,0,0,0,0,0,0,0,0,0,26,0,10,0,27,0
717785,45,0,0,0,0,56,96,0,0,0,0,0,0,0,0,0,0,0,0,0,0,0,0,0,0,0,0,0
2699395,45,38,54,0,0,32,93,0,0,0,10,16,14,0,0,0,0,13,20,0,23,0,0,0,0,0,0,0
2282397,45,0,0,0,0,25,64,0,0,0,0,0,17,0,0,0,0,0,0,28,0,0,10,0,0,22,0,0
3404056,45,0,0,0,0,13,49,0,0,0,0,0,0,0,0,0,0,0,0,0,0,0,22,0,0,0,0,0
1525218,45,47,123,0,0,0,0,0,0,0,0,0,59,0,0,0,0,0,0,0,28,0,0,0,0,0,0,0
1263979,45,0,0,11,32,28,25,23,16,0,0,0,10,12,0,14,151,0,0,37,0,33,44,11,0,18,18,0
28094,45,0,0,0,0,22,51,0,0,0,0,0,0,0,0,0,0,0,12,13,0,0,0,0,0,0,0,0
2601898,45,10,0,18,12,36,64,15,22,0,0,0,0,0,0,0,0,0,18,15,0,0,55,0,0,0,15,10
1416803,45,0,0,0,0,34,69,0,0,0,0,0,31,0,0,0,0,0,0,12,20,0,0,0,0,0,0,0
90245,45,0,0,0,13,0,22,0,0,0,0,0,0,0,0,0,0,0,0,25,0,0,13,0,0,0,0,0
1853278,45,0,0,0,0,19,20,0,0,0,0,0,0,0,0,0,0,0,0,29,0,0,0,0,0,0,0,0
41977,45,0,0,0,0,47,170,0,0,0,0,0,0,0,0,0,13,0,16,10,0,0,0,0,0,0,0,0
3144874,45,0,0,14,22,32,35,0,0,0,0,0,0,0,0,0,42,0,22,0,0,23,29,0,0,0,0,0
2608982,45,15,19,0,0,0,70,0,0,0,0,0,24,0,0,0,0,0,49,28,0,33,0,0,21,0,0,0
2795974,45,0,0,15,27,65,425,0,36,26,0,19,23,0,0,0,18,0,103,52,0,27,39,0,0,14,33,0
2576891,45,17,14,0,11,0,56,0,0,0,0,0,0,0,0,0,0,0,129,0,0,0,10,0,0,0,0,0
1967782,45,0,0,0,0,0,0,0,0,0,0,0,0,0,0,0,0,0,0,29,0,0,20,0,0,11,0,0
2766701,45,0,0,0,0,0,0,0,0,0,0,0,0,0,0,0,65,0,0,0,0,0,16,0,0,0,0,0
1882662,45,0,0,49,42,25,30,0,0,0,0,0,0,0,0,0,35,0,0,15,0,0,0,0,0,13,0,0
897,45,0,0,11,19,29,53,0,0,18,0,13,0,0,0,0,0,26,11,34,0,0,0,0,0,0,0,0
2847992,45,0,0,0,0,20,41,0,0,0,0,0,0,0,0,0,0,0,0,18,0,0,0,0,0,0,0,0
936456,45,0,0,0,0,24,41,0,12,0,0,0,0,11,0,0,0,0,0,0,0,0,14,0,0,0,0,0
1868655,45,0,0,0,0,0,0,0,0,0,0,0,0,0,0,0,0,0,0,0,0,0,0,0,0,0,0,0
135735,45,0,0,0,0,0,0,0,0,0,0,0,0,0,0,0,0,0,0,0,0,0,0,0,0,0,0,0
51101,45,27,40,34,28,0,0,0,0,0,0,0,52,0,0,0,44,0,0,90,77,0,181,0,0,59,0,0
1903056,45,15,0,22,28,0,0,32,37,0,0,0,0,14,0,0,21,0,0,64,0,0,51,0,12,40,23,22
161360,45,0,0,0,0,24,19,0,0,0,0,0,0,0,0,17,40,0,0,24,0,0,10,0,0,0,16,17
53444,45,0,0,0,0,24,0,0,0,0,0,0,0,0,0,0,0,0,0,15,0,0,21,0,0,0,0,0
375175,45,0,0,0,0,0,0,0,22,0,0,0,12,0,0,17,92,0,0,51,0,0,19,0,0,19,12,14
254785,45,0,0,0,0,0,0,0,0,0,0,0,0,0,0,0,0,0,0,0,0,0,0,0,0,0,0,0
2903821,45,17,29,0,12,39,58,0,0,0,0,0,0,0,0,0,54,0,0,15,0,0,76,0,0,0,0,16
35620,45,0,49,0,0,0,0,0,0,0,0,0,181,0,0,0,0,0,0,0,72,0,59,0,0,0,0,0
1795,45,0,0,0,0,49,110,31,18,0,0,0,0,0,0,0,40,0,47,0,0,0,19,0,0,0,0,0
2099693,45,0,0,0,0,16,51,0,0,0,0,0,0,0,0,0,0,0,0,0,0,0,11,0,0,0,0,0
3385967,45,0,0,0,0,0,58,0,0,0,0,0,0,0,0,0,0,0,0,0,0,0,36,0,0,0,0,0
2861288,45,0,0,0,0,0,26,0,0,0,0,0,0,0,0,0,0,0,0,0,0,0,0,0,0,0,0,0
3002436,45,18,24,0,0,37,75,0,0,0,0,0,16,0,0,0,0,0,14,0,0,0,0,0,0,0,0,0
3238807,45,0,0,0,0,14,54,0,0,0,0,0,0,0,0,0,0,0,0,0,0,0,42,0,0,0,0,0
2903599,45,0,0,0,0,0,83,0,0,0,0,0,0,0,0,0,0,0,0,0,0,0,0,0,0,0,0,0
84112,45,0,0,0,0,0,40,0,0,0,0,0,0,0,0,0,33,0,0,0,0,0,0,0,0,0,0,0
2572090,45,34,28,14,37,103,43,16,44,0,14,22,13,0,0,36,188,0,0,95,0,0,170,0,0,23,21,20
1050714,45,0,0,0,0,0,14,0,0,0,0,0,0,0,0,0,0,0,0,0,0,0,26,0,0,0,0,0
2734095,45,0,0,0,0,0,0,0,0,0,0,0,0,0,0,0,0,0,22,0,0,0,0,0,0,0,0,0
2733906,45,0,0,0,0,0,0,0,0,0,0,0,0,0,0,0,0,0,0,0,0,0,0,0,0,0,0,0
2845399,45,0,0,0,0,0,0,0,0,0,0,0,0,0,0,0,0,0,0,0,0,0,0,0,0,0,0,0
2282206,45,0,0,0,0,0,0,0,0,0,0,0,0,0,0,0,0,0,0,0,0,0,0,0,0,0,0,0
2755400,44,0,0,0,0,0,0,0,0,0,0,0,0,0,0,0,70,0,0,0,0,0,23,0,0,0,0,0
251535,44,0,0,0,12,0,0,0,0,0,0,0,19,0,0,0,0,0,0,11,10,0,0,0,0,0,12,0
1235990,44,10,11,0,0,0,0,0,0,0,0,0,0,0,13,0,0,0,0,15,0,14,22,0,17,0,0,0
56812,44,12,30,0,0,27,22,0,0,0,0,0,0,0,0,0,34,0,0,0,0,0,0,0,0,0,0,0
1827285,44,0,0,0,0,0,0,0,0,0,0,0,0,0,0,0,159,0,0,0,0,0,0,0,0,0,0,0
3406645,44,0,0,0,0,0,0,0,0,0,0,0,0,0,0,0,15,0,0,16,0,0,0,0,0,0,0,0
480,44,0,0,0,0,0,0,0,0,0,0,0,0,0,0,0,15,0,0,87,0,0,19,0,0,0,21,0
2952610,44,0,39,14,17,19,42,0,0,0,10,0,0,0,0,0,19,0,0,21,15,0,12,0,0,22,10,0
2866807,44,0,0,0,0,0,0,0,0,0,0,0,0,0,0,0,0,0,0,36,0,0,0,0,0,54,0,44
191390,44,0,0,0,0,20,32,0,21,16,0,0,0,0,0,0,86,0,0,0,0,0,26,0,0,0,11,0
1148509,44,15,18,0,0,0,30,0,0,0,0,0,0,0,0,0,14,0,0,0,0,0,14,0,0,0,0,0
2817656,44,17,36,40,0,27,87,0,13,0,0,0,0,0,0,0,31,0,0,0,0,0,0,0,0,0,0,0
48076,44,14,34,0,22,30,64,0,0,0,10,12,0,0,0,0,0,0,0,0,0,0,0,0,0,0,0,0
249188,44,38,40,0,0,0,0,0,0,0,0,10,20,0,0,0,64,22,0,17,12,0,0,0,0,0,12,0
2303750,44,0,0,0,0,0,0,0,0,0,0,0,0,0,0,0,0,0,0,0,0,0,0,0,0,0,0,0
2778065,44,31,35,109,129,175,147,0,0,0,0,0,27,0,0,0,0,0,0,0,16,0,185,0,0,0,0,0
2956798,44,0,0,0,10,13,46,12,25,0,0,0,0,0,0,0,16,0,0,27,0,0,17,0,0,0,11,10
3058963,44,0,0,0,0,23,65,0,0,0,0,0,0,0,0,0,15,0,0,32,0,0,16,0,0,10,0,0
3133976,44,0,0,0,0,0,0,0,27,0,0,0,0,0,0,0,0,0,0,0,0,0,0,0,0,0,0,0
271065,44,0,0,0,0,0,23,14,0,0,0,0,0,0,0,0,0,0,0,11,0,0,0,0,0,0,0,0
187304,44,35,94,63,66,254,365,0,69,0,0,35,0,0,0,0,0,0,36,107,0,0,81,0,0,28,26,29
515256,44,0,0,73,104,0,0,0,0,0,0,0,0,0,0,0,51,0,0,0,0,0,191,0,0,0,0,0
1461000,44,0,0,0,0,0,0,0,0,0,0,0,0,0,0,0,25,0,0,53,0,30,0,0,0,0,0,0
593909,44,0,0,0,39,86,127,0,0,0,0,0,0,0,0,0,15,0,34,11,0,0,21,0,0,0,0,0
3243051,44,16,16,0,0,50,152,0,0,0,0,0,20,0,0,0,0,0,0,15,0,0,22,0,0,0,0,0
2762729,44,0,0,15,14,36,69,0,0,0,0,0,0,0,0,0,0,0,0,32,0,0,0,0,0,15,0,0
2867023,44,0,14,0,0,32,141,0,12,0,0,0,0,0,0,0,46,0,16,12,0,0,13,0,0,0,0,0
364199,44,0,18,11,19,61,475,0,14,0,0,0,0,0,0,0,22,0,0,0,0,0,0,0,0,0,0,0
3066221,44,0,14,0,0,0,0,0,0,0,0,0,30,0,0,0,27,0,0,0,14,0,24,0,0,0,0,0
2775080,44,29,54,0,0,50,115,0,0,12,0,0,36,0,0,0,0,0,0,14,51,59,0,21,40,12,10,0
74318,44,0,20,0,0,56,129,0,16,0,0,0,0,0,0,14,38,0,0,0,0,0,0,0,0,0,0,0
1433403,44,0,15,0,0,34,48,0,0,0,0,0,16,0,0,0,0,0,0,0,0,0,10,0,0,0,0,0
1855880,44,19,26,0,0,0,0,0,0,0,0,0,0,0,0,0,0,0,0,0,0,0,0,0,0,0,0,0
2774875,44,49,69,0,0,20,45,0,0,0,0,0,40,0,0,0,0,0,0,0,56,0,0,0,0,0,0,0
863372,44,0,0,0,0,61,125,0,14,22,0,0,0,0,0,0,23,0,26,38,0,0,28,0,0,0,0,0
2946593,44,0,0,18,14,28,40,26,28,0,0,0,0,10,0,0,70,0,0,19,0,0,0,0,11,0,0,0
2809020,44,0,0,0,0,13,16,0,0,0,0,0,0,0,0,0,19,0,0,14,0,15,0,0,0,12,10,0
994695,44,0,0,11,0,0,0,15,24,14,0,0,0,0,0,0,0,0,0,15,0,0,14,0,0,0,16,14
2094025,44,15,46,22,28,12,71,0,0,0,0,0,0,0,0,0,62,0,0,0,0,0,61,0,0,10,12,0
3069118,44,0,13,21,12,33,71,0,31,0,0,0,0,0,0,0,40,0,19,76,0,0,0,0,0,37,16,32
2987689,44,0,10,11,0,19,42,0,13,0,0,0,0,0,0,0,0,0,0,0,0,0,0,0,0,0,0,0
2558931,44,0,0,11,0,34,153,0,0,14,0,0,0,0,0,0,15,0,0,28,0,0,10,0,0,0,0,0
1974203,44,13,22,0,0,26,72,0,0,0,0,0,0,0,0,17,120,0,0,93,0,0,68,0,0,29,0,0
200,44,0,0,18,54,25,24,0,0,0,0,0,0,0,0,0,72,0,0,43,0,0,51,0,0,0,0,0
3391145,44,13,22,15,15,0,11,0,0,0,0,0,0,0,0,0,48,0,0,211,0,0,24,0,0,0,10,0
2681469,44,0,0,0,0,0,0,0,0,0,0,0,0,0,0,0,51,0,0,40,0,0,19,0,0,10,0,0
140,44,0,0,0,0,0,0,0,14,0,0,0,0,0,0,0,0,0,0,34,0,0,27,0,0,18,0,0
2587848,44,0,0,24,46,23,27,0,0,0,0,0,0,0,0,0,106,0,0,77,0,0,32,0,12,27,48,34
3375707,44,0,17,0,0,0,0,0,0,0,0,0,0,0,0,0,0,0,0,0,0,0,0,0,0,0,0,0
160799,44,0,0,0,0,12,21,0,0,0,0,0,0,0,0,0,0,0,0,22,0,0,0,0,0,14,0,19
1643,44,0,0,0,0,0,0,14,37,17,0,0,0,0,0,0,14,0,11,38,0,0,42,0,0,0,0,0
762833,44,0,0,0,0,0,0,0,0,0,0,0,0,0,0,0,85,0,0,41,0,0,18,0,0,0,0,0
712623,44,0,0,0,0,0,68,20,0,0,0,0,0,0,0,0,54,0,22,0,0,0,0,0,0,0,0,0
2885764,44,36,39,0,0,0,127,0,0,0,17,18,66,0,0,0,0,14,0,60,40,0,0,0,0,23,30,25
82803,44,0,0,0,0,0,0,0,0,0,0,0,0,0,0,0,0,0,0,100,0,0,10,0,0,0,0,0
2975778,44,0,0,0,0,0,0,0,0,0,0,0,0,0,0,0,0,0,0,0,0,0,0,0,0,0,0,0
1783515,44,17,16,0,0,17,40,0,0,0,0,0,0,0,0,0,0,0,0,0,0,0,13,0,0,0,0,0
169292,44,0,0,0,0,20,38,0,0,0,0,0,0,0,0,0,0,0,0,0,0,0,33,0,0,0,0,0
482462,44,0,0,0,0,25,64,0,0,0,0,0,0,0,0,0,0,0,0,0,0,0,0,0,0,0,0,0
322009,44,0,0,0,0,19,45,0,0,0,0,0,0,0,0,0,0,0,0,0,0,0,13,0,0,0,0,0
53362,44,0,0,0,0,42,118,0,0,0,0,0,0,0,0,0,0,0,37,0,0,0,39,0,0,0,0,0
3239948,44,0,0,0,0,21,61,0,0,0,0,0,19,0,0,0,0,0,0,11,0,0,17,0,0,0,0,0
218822,44,0,0,0,0,34,83,0,0,0,0,0,0,0,0,0,0,0,0,0,20,0,44,0,0,0,0,0
2014,44,0,0,48,54,92,298,0,0,0,0,0,0,0,0,0,26,0,0,30,0,0,51,0,0,20,0,0
1884913,44,0,0,0,0,0,11,0,0,0,0,0,0,0,0,0,0,0,0,0,0,0,10,0,0,0,0,0
3056647,44,0,0,0,0,0,0,0,0,0,0,0,0,0,0,0,0,0,0,0,0,0,0,0,0,0,0,0
374981,44,0,0,25,26,92,57,0,78,18,0,0,0,0,0,0,47,0,0,29,12,0,38,0,0,0,21,0
3082520,44,0,0,0,0,0,0,0,0,0,0,0,0,0,0,0,0,0,0,17,0,0,0,0,0,0,21,34
2149,44,0,0,0,0,0,0,14,18,17,0,0,0,0,0,0,12,0,0,0,0,0,24,0,0,0,0,0
512749,44,0,0,0,0,0,0,0,0,0,0,0,0,0,0,0,0,0,0,19,0,0,37,0,0,0,11,13
45362,44,0,10,0,0,0,0,0,0,0,0,0,0,0,0,0,21,0,0,0,0,0,25,0,0,0,0,0
2355,44,0,0,18,17,0,0,0,0,0,0,0,0,0,0,0,0,0,0,41,0,0,12,0,0,0,0,0
3132747,44,20,20,0,0,0,23,0,0,0,13,10,22,0,0,0,0,16,0,0,0,0,0,0,0,0,0,0
348826,44,0,13,0,0,0,18,0,0,0,0,0,0,0,0,0,23,0,0,26,0,0,0,0,0,19,13,12
3058903,44,0,0,0,0,0,0,0,0,0,0,0,0,0,0,0,0,0,0,0,0,0,0,0,0,0,0,0
673860,44,13,11,0,0,24,22,0,0,0,0,0,0,0,0,0,11,0,0,0,0,0,0,0,0,0,0,0
1006005,44,0,0,0,0,0,0,19,22,0,0,0,0,0,0,19,107,0,0,23,0,0,0,0,0,21,23,23
2675775,43,0,0,0,0,0,0,0,0,0,0,0,0,0,0,0,0,0,0,0,0,0,0,0,0,0,0,0
413502,43,0,0,11,11,32,51,0,15,0,0,0,0,0,0,0,47,0,0,35,0,0,34,0,0,18,21,11
2485124,43,0,0,0,0,0,0,50,20,0,0,0,0,0,0,0,0,0,0,0,0,0,0,0,0,0,0,0
3342249,43,0,22,0,0,13,15,0,0,0,0,0,0,0,0,0,0,0,0,0,0,0,15,0,0,0,0,0
182262,43,0,0,0,0,0,0,0,0,0,0,0,0,0,0,0,0,0,0,0,0,0,60,0,0,0,0,0
3098914,43,0,214,0,0,18,27,0,0,0,0,10,0,0,0,0,11,0,0,28,0,0,40,0,0,0,0,0
3074146,43,0,0,0,0,0,32,0,0,0,0,0,0,0,0,0,0,0,0,0,0,0,0,0,0,0,0,0
95619,43,0,0,0,0,0,0,0,0,0,0,0,0,0,0,0,0,0,0,158,0,0,0,0,0,135,32,0
3422590,43,33,46,0,0,17,38,0,0,0,17,21,14,0,0,0,22,12,0,26,0,0,56,0,0,0,0,19
2282124,43,0,0,0,0,0,0,0,0,0,0,0,0,0,0,0,0,0,0,0,0,0,0,0,0,0,0,0
3230978,43,0,0,0,0,0,20,0,0,0,0,0,0,0,0,0,0,0,0,0,0,0,0,0,0,0,0,0
2791037,43,0,10,11,13,0,0,0,0,0,0,0,0,0,0,0,106,0,0,27,0,0,30,0,0,0,0,0
521689,43,0,13,0,13,28,156,0,11,21,0,0,0,0,0,0,0,0,27,0,0,0,0,0,0,0,0,0
2812648,43,0,0,16,21,42,141,0,0,0,0,0,0,0,0,0,0,0,37,16,0,0,0,0,0,0,0,0
2782662,43,0,0,0,0,29,62,0,0,0,0,0,0,0,0,22,77,0,65,18,0,0,0,0,19,0,13,0
3072980,43,20,49,0,0,25,34,0,0,0,19,32,0,0,0,0,0,0,20,37,0,26,40,0,0,20,0,0
3067903,43,0,16,0,0,14,61,0,21,0,0,0,0,0,0,0,0,0,0,16,0,0,16,0,0,0,0,0
354351,43,16,24,0,0,25,48,0,26,0,0,0,0,0,0,0,0,0,0,0,0,0,19,0,0,0,0,0
2025349,43,0,21,0,0,15,63,0,0,0,0,0,0,0,0,0,0,0,0,17,0,0,10,0,0,0,0,0
1775881,43,300,708,859,93,242,1122,167,629,43,0,0,0,0,0,0,0,0,114,22,0,0,15,0,0,0,0,0
3096987,43,0,84,0,0,24,196,0,43,20,0,0,0,0,0,0,15,0,27,0,0,0,0,0,0,0,0,0
92647,43,0,0,0,0,23,84,0,16,23,0,0,0,0,0,0,0,0,23,17,0,13,33,0,0,0,0,0
1547922,43,0,10,11,0,40,86,0,0,0,0,0,0,0,0,0,10,0,11,0,0,0,223,0,0,0,0,0
1576550,43,0,0,0,27,0,14,0,0,0,0,0,0,0,0,0,28,0,11,0,0,0,0,0,0,0,0,0
930802,43,0,0,0,0,0,37,0,11,0,0,0,0,0,0,0,60,0,0,26,0,0,16,0,0,0,15,0
2747268,43,15,15,21,25,17,39,0,12,0,0,0,0,0,0,0,129,0,0,22,0,0,67,0,0,0,0,0
3101350,43,0,39,38,26,68,324,14,32,33,0,15,0,0,0,24,15,0,31,45,0,0,33,0,0,11,21,17
317658,43,23,61,12,15,42,21,13,10,0,0,16,0,0,0,0,0,0,0,25,32,0,25,0,0,12,0,0
2787751,43,12,14,0,0,19,13,0,0,0,0,0,0,0,0,0,0,0,0,24,0,0,24,0,0,11,0,0
351604,43,0,0,26,23,68,105,0,0,0,0,0,0,0,0,0,75,0,0,23,0,12,59,0,0,13,21,0
225194,43,31,61,0,0,0,47,0,0,0,28,27,0,0,0,0,0,0,0,0,15,0,37,0,0,0,0,0
1297742,43,0,0,0,0,30,94,0,0,0,0,0,0,0,0,0,0,0,0,66,0,0,0,0,0,26,23,20
349221,43,0,13,17,20,39,73,10,17,0,0,0,0,12,0,0,169,0,0,31,0,0,20,0,0,19,18,0
3118332,43,0,0,0,0,0,0,0,0,0,0,0,0,0,0,0,0,0,0,44,0,0,45,0,0,32,20,21
118000,43,19,28,18,25,10,0,14,13,0,0,11,30,11,0,0,32,0,0,30,25,0,38,0,0,14,14,12
500,43,0,0,0,0,0,31,0,0,0,0,0,25,0,0,0,0,0,0,13,0,0,0,0,0,0,0,0
2954752,43,0,0,0,0,0,0,0,0,0,0,0,0,0,0,0,0,0,0,0,0,0,0,0,0,0,0,0
2918900,43,0,0,0,0,17,26,0,0,0,0,0,0,0,0,0,0,0,41,16,0,0,17,0,0,11,0,0
54910,43,13,22,0,0,0,0,16,30,0,0,0,0,18,0,0,16,0,0,39,0,31,35,21,13,15,18,0
2594495,43,11,0,0,0,72,52,0,0,0,0,0,0,0,0,0,0,0,0,58,0,0,20,0,0,0,0,0
1244,43,0,58,0,0,0,0,11,24,0,0,0,0,12,0,0,0,0,0,72,0,0,15,0,0,12,40,0
1316411,43,0,0,0,0,0,0,0,0,0,0,0,0,0,0,0,0,0,0,0,0,0,0,0,0,0,0,0
257758,43,0,0,0,0,0,64,0,0,0,0,0,0,0,0,0,0,0,0,0,0,0,0,0,0,0,0,0
3416081,43,16,35,11,15,17,12,12,10,0,0,16,0,0,0,0,0,0,0,10,0,0,21,0,0,0,0,0
1675036,43,0,0,0,0,0,0,0,0,0,0,0,74,0,0,0,0,0,0,19,50,0,22,0,0,0,0,0
2903872,43,13,26,0,18,24,54,0,0,0,0,0,15,0,0,0,0,0,0,0,0,0,11,0,0,0,0,0
2903817,43,0,0,0,0,0,74,0,0,0,0,0,25,0,0,0,0,0,0,0,0,0,14,0,0,0,0,0
2903876,43,43,104,0,0,0,104,0,0,0,96,0,0,0,0,0,0,0,0,0,0,0,0,0,0,0,0,0
66871,43,0,0,0,0,27,79,0,0,0,0,0,14,0,0,0,0,0,0,0,0,0,16,0,0,0,0,0
2506452,43,0,0,0,13,0,11,0,0,0,0,0,0,0,0,0,47,0,0,43,0,0,18,0,0,11,0,18
415217,43,18,18,0,0,0,25,0,0,0,0,0,17,0,0,0,0,0,12,0,0,0,0,0,0,0,0,0
3239903,43,0,0,14,27,69,134,0,12,0,0,0,0,0,0,0,0,0,16,0,0,0,12,0,0,0,0,0
2722752,43,0,0,24,14,52,315,0,15,20,0,0,0,0,0,0,0,0,48,10,0,0,13,0,0,0,0,0
3066291,43,0,0,0,15,15,20,0,0,0,0,0,0,0,0,0,65,0,0,19,0,0,0,0,0,0,0,0
3066307,43,0,0,0,0,0,0,0,0,0,0,0,0,0,0,0,0,0,0,0,0,0,0,0,0,0,0,0
3398773,43,0,23,0,0,0,0,0,0,0,0,0,0,0,0,0,0,0,0,0,23,0,0,14,20,0,0,0
475088,43,0,11,0,0,0,14,0,0,0,0,0,0,0,0,0,0,0,0,16,0,0,0,0,0,0,0,0
869888,43,0,0,0,0,0,21,0,0,0,0,0,0,0,0,0,0,0,0,11,0,0,0,0,0,0,0,0
29292,43,0,0,0,0,0,0,0,0,0,0,0,0,0,0,0,0,0,0,0,0,0,0,0,0,0,0,0
565033,43,0,0,16,23,11,18,0,0,0,0,0,0,0,0,13,120,0,0,17,0,0,14,0,0,0,0,14
2933293,43,0,0,0,0,0,0,0,0,0,0,0,0,0,0,0,15,0,0,18,0,10,13,0,12,10,0,0
2560476,43,0,0,0,0,0,0,0,0,0,0,0,0,0,0,0,0,0,0,0,0,0,0,0,0,0,0,0
1505596,42,0,11,0,0,0,0,0,21,0,0,0,0,0,0,0,0,0,0,23,0,0,0,0,0,0,0,0
472834,42,10,0,11,25,15,14,0,0,0,0,0,0,0,0,0,0,0,0,25,0,0,24,0,0,0,0,0
102862,42,0,0,0,0,19,0,0,0,0,0,0,50,0,0,0,64,0,0,27,0,0,84,0,0,0,0,0
235559,42,0,0,0,0,0,0,0,0,0,0,0,0,0,0,0,16,0,0,13,0,0,0,0,0,0,0,0
3098669,42,0,0,0,0,0,31,0,0,0,0,0,0,0,0,0,46,0,0,0,0,0,11,0,0,0,0,0
82983,42,0,0,0,0,0,0,16,19,0,0,0,0,11,0,0,34,0,0,15,0,0,0,0,0,0,0,0
3231719,42,0,0,0,0,0,0,0,57,0,0,0,0,0,0,0,0,0,0,0,0,0,0,0,0,0,0,0
3230301,42,0,0,0,0,0,0,0,0,0,0,0,0,0,0,0,0,0,148,0,0,0,0,0,0,0,0,0
3115647,42,0,0,0,0,0,0,0,0,0,0,0,0,0,0,0,0,0,0,39,0,0,0,0,0,0,0,0
2871095,42,0,0,0,0,31,37,0,0,0,0,0,0,0,0,0,0,0,0,0,0,0,0,0,0,0,0,0
1504981,42,46,48,0,0,0,0,0,0,0,0,0,83,0,0,0,0,0,0,0,40,0,0,0,0,0,0,0
187493,42,15,39,0,0,0,19,0,0,0,10,0,25,0,0,0,0,0,15,18,12,0,52,0,0,17,17,12
355243,42,0,48,0,11,0,49,0,0,0,0,0,0,0,0,0,18,0,0,0,0,0,13,0,0,0,0,0
2030797,42,0,0,0,0,49,0,0,0,0,11,0,0,0,0,0,0,0,0,40,13,0,18,0,0,27,12,17
66969,42,14,25,0,10,11,21,0,0,0,0,0,12,0,0,0,10,0,0,94,0,13,16,0,12,38,20,17
3077937,42,0,10,0,0,0,0,0,0,0,0,0,0,0,0,0,90,0,0,0,19,0,18,0,0,0,0,0
1903694,42,0,16,0,0,0,13,0,0,0,0,0,0,0,0,0,14,0,0,0,0,0,20,0,0,0,0,0
2721545,42,0,18,0,14,19,33,0,0,0,0,0,0,0,0,0,130,0,0,22,0,0,42,0,0,16,11,10
2039724,42,0,0,11,22,12,36,0,11,0,0,0,0,0,0,0,98,0,0,0,0,21,59,0,15,0,0,0
2952932,42,20,27,0,0,30,93,0,0,0,0,23,39,0,0,0,0,0,12,0,19,0,22,0,0,0,0,0
1561924,42,0,0,21,22,30,41,22,36,30,0,0,0,12,0,0,0,0,0,0,0,0,26,0,0,13,0,0
1273132,42,13,27,0,10,0,0,0,0,0,0,0,0,0,0,0,18,0,16,10,13,19,88,0,0,27,30,0
374432,42,0,17,0,0,48,117,0,0,0,0,0,0,0,0,0,17,0,13,0,0,0,27,0,0,0,0,0
2950605,42,0,24,0,0,114,207,15,30,0,0,0,0,0,0,0,25,0,12,0,0,0,43,0,0,0,0,0
2072936,42,0,0,0,0,19,29,0,0,0,0,0,0,0,0,0,14,0,0,0,0,0,0,0,0,0,0,0
2293862,42,0,36,13,0,41,1020,0,81,18,0,22,0,0,0,0,19,0,43,0,54,0,0,0,0,0,0,0
1397108,42,0,0,16,21,45,114,14,25,0,0,0,0,0,0,0,0,0,13,0,0,0,0,0,0,0,0,0
3445780,42,0,38,0,0,52,147,0,0,0,0,0,0,0,0,0,16,0,0,0,0,0,17,0,0,0,0,0
1528106,42,34,30,0,0,35,39,0,0,0,0,0,32,0,0,0,76,0,0,16,40,0,0,0,0,0,20,0
1871086,42,64,55,0,29,96,166,26,34,60,25,29,19,0,0,29,69,0,50,36,50,0,17,0,0,58,20,30
93222,42,0,0,0,0,22,37,0,0,0,0,0,0,0,0,0,80,0,0,30,0,0,13,0,0,0,0,0
3394605,42,0,0,0,36,30,78,0,47,0,0,0,0,0,0,0,0,0,0,0,0,0,0,0,0,0,0,0
3065910,42,0,0,0,18,24,57,0,0,0,0,0,0,0,0,0,0,0,37,13,0,0,13,0,0,0,0,0
1055487,42,0,0,0,10,0,11,61,73,22,0,0,0,21,12,0,0,0,0,21,0,0,32,0,0,15,11,17
42353,42,0,0,0,0,0,17,0,0,0,0,0,0,0,0,0,31,0,0,0,0,0,16,0,12,0,0,0
1842540,42,0,0,0,0,12,65,0,0,0,0,0,0,0,0,0,0,0,0,0,0,0,0,0,0,0,0,0
138118,42,0,0,0,0,20,56,19,23,16,0,0,0,14,0,0,0,0,0,13,0,0,14,0,0,0,0,0
992289,42,0,14,17,17,18,28,0,13,0,0,0,11,0,0,16,0,0,0,56,0,0,30,0,12,12,16,0
2502781,42,19,26,14,12,0,27,0,0,0,0,0,0,0,0,0,0,0,0,0,0,0,10,0,0,11,0,0
748197,42,54,69,0,0,0,25,0,0,0,0,27,20,0,0,0,0,21,0,0,16,0,0,0,0,0,0,0
651143,42,0,14,16,16,0,36,0,0,0,0,0,0,0,0,0,17,0,0,0,0,0,25,0,0,10,0,0
496056,42,10,23,0,14,30,30,0,0,0,0,0,28,0,0,18,68,0,0,21,15,0,28,0,0,23,0,0
2502779,42,15,24,17,22,11,21,27,33,0,0,0,0,12,0,0,13,0,0,40,0,25,46,16,17,18,32,18
3377529,42,0,0,0,0,0,0,0,0,0,0,0,0,0,0,0,63,0,0,21,0,0,0,0,0,0,0,0
2840180,42,0,0,0,0,0,0,0,0,0,0,0,0,0,0,0,19,0,0,27,0,0,14,0,0,0,10,0
32025,42,0,0,25,35,0,0,0,0,0,0,0,14,0,0,0,22,0,0,32,0,0,28,0,0,16,14,0
119,42,0,0,0,0,34,132,0,0,0,0,0,0,0,0,0,0,0,28,18,0,0,17,0,0,0,0,0
2528011,42,14,0,29,25,87,588,0,42,30,0,21,17,0,0,15,16,0,18,23,0,0,20,0,0,0,0,0
547188,42,0,0,17,0,35,420,0,0,13,0,0,0,0,0,0,10,0,14,0,0,0,17,0,0,0,11,0
83559,42,0,0,0,0,0,0,0,0,0,0,0,0,0,0,0,0,0,0,14,0,0,13,0,0,0,0,0
899,42,0,0,0,0,0,20,0,0,0,0,0,0,0,0,0,11,0,0,0,0,0,0,0,0,0,0,0
1621989,42,0,0,21,12,10,11,0,0,0,0,0,0,0,0,0,72,0,0,32,0,10,15,12,17,10,0,0
3133279,42,0,0,0,0,0,64,0,0,0,0,0,0,0,0,0,0,0,0,0,0,0,43,0,0,0,0,0
53344,42,21,28,12,20,19,20,0,0,0,0,11,21,0,0,12,60,0,0,81,26,0,93,0,0,33,19,14
1461582,42,45,52,0,37,37,0,0,0,0,13,19,27,0,0,0,0,14,0,24,20,0,0,0,0,16,16,14
1508404,42,0,0,0,17,26,19,0,0,0,0,0,20,0,0,0,44,0,0,52,0,0,12,0,0,0,0,0
460384,42,14,18,0,0,19,23,0,0,0,0,0,0,0,0,0,0,0,24,0,0,0,16,0,0,0,0,0
2975743,42,0,0,0,0,0,44,0,0,0,0,0,51,0,0,0,0,0,0,0,27,0,0,0,0,0,0,0
173858,42,0,0,18,24,45,79,0,0,0,0,0,0,0,0,0,22,0,12,21,0,0,63,0,0,0,0,0
33008,42,0,0,0,0,32,56,20,24,0,0,0,0,11,0,0,156,0,0,0,0,0,11,0,0,0,0,0
2599641,42,10,15,0,0,0,0,0,0,0,0,0,0,0,0,0,0,0,0,0,0,0,0,0,0,0,0,0
1072256,42,0,0,0,10,0,24,0,0,0,0,0,0,0,0,0,0,0,0,0,0,0,0,0,0,0,0,0
1797,42,0,0,0,0,17,55,0,0,0,0,0,0,0,0,0,0,0,0,0,0,0,14,0,0,0,0,0
1766,42,0,0,0,0,12,71,0,15,0,0,0,0,0,0,48,48,0,13,0,0,0,0,0,0,0,0,0
577492,42,0,0,0,0,26,38,0,0,0,0,0,0,0,0,0,0,0,0,0,0,0,0,0,0,0,0,0
3420932,42,0,0,0,0,16,61,0,0,0,0,0,0,0,0,0,0,0,0,26,0,0,0,0,0,0,0,0
399497,42,0,27,0,17,0,61,0,0,0,0,0,0,0,0,0,0,0,14,0,0,0,0,0,0,0,0,0
1470176,42,0,0,0,0,47,75,0,0,0,0,0,0,0,0,0,0,0,0,0,0,0,14,0,0,0,0,0
3066296,42,0,0,0,0,0,0,0,0,0,0,0,0,0,0,0,0,0,0,0,0,0,0,0,0,0,0,0
120962,42,0,19,0,0,24,54,0,0,0,12,0,0,0,0,0,0,0,19,0,12,0,0,0,15,0,0,0
29288,42,0,0,10,15,0,38,0,0,0,0,0,0,0,0,0,0,0,0,0,0,0,0,0,0,0,0,0
3131999,42,0,0,0,0,10,25,0,0,0,0,0,0,0,0,0,0,0,0,0,0,0,0,0,0,0,0,0
2884875,42,25,22,0,0,0,19,0,0,0,0,11,378,0,0,0,0,0,0,87,0,0,40,0,0,16,16,10
2902623,42,0,0,0,0,0,24,0,0,0,0,0,0,0,0,0,0,0,0,0,0,0,26,0,0,0,0,0
10683,42,0,0,0,0,13,0,0,0,0,0,0,0,0,0,0,0,0,0,0,0,0,0,0,0,0,0,0
1932881,42,0,0,0,0,0,0,0,0,0,0,0,0,0,0,0,0,0,0,0,0,0,0,0,0,0,0,0
2755386,41,0,0,0,0,0,0,0,0,0,0,0,0,0,0,0,0,0,0,0,0,0,0,0,0,0,0,0
1005665,41,0,0,0,0,0,0,0,0,0,0,0,0,0,0,0,0,0,0,36,0,0,33,0,0,0,11,0
3141541,41,0,0,0,0,40,34,0,48,29,0,0,0,0,0,0,56,0,0,11,0,0,0,0,0,0,0,0
43659,41,0,0,0,0,0,0,0,0,0,0,0,0,0,0,0,0,0,0,0,0,0,0,0,0,0,0,0
1763536,41,0,26,17,28,16,27,0,0,13,0,0,0,0,0,0,49,0,0,71,0,0,35,0,0,15,22,0
2746231,41,0,0,16,22,0,0,0,0,0,0,0,0,0,0,0,0,0,0,34,0,169,97,0,182,0,0,0
280147,41,0,0,0,0,0,15,95,70,0,0,0,0,0,0,0,0,0,0,141,0,36,15,0,17,32,20,0
3423439,41,0,25,23,0,0,0,0,0,0,0,0,0,0,0,0,0,0,0,0,0,0,0,33,0,0,0,0
2819101,41,15,48,0,0,0,23,0,0,0,0,13,52,0,0,0,10,0,0,30,20,22,14,0,17,18,0,0
1378299,41,0,24,16,34,24,16,0,0,0,0,0,0,0,0,33,148,0,0,62,0,0,34,0,0,67,43,47
53407,41,0,0,0,0,42,64,0,11,0,0,0,0,0,0,0,20,0,0,72,0,0,13,0,0,20,30,19
262076,41,0,65,0,0,34,47,0,54,0,0,0,0,0,0,0,0,0,0,74,0,0,21,0,0,0,0,0
2733487,41,0,0,0,0,15,61,0,0,0,0,0,0,0,0,0,0,0,0,0,0,0,0,0,0,0,0,0
2937790,41,0,0,0,0,0,0,0,0,0,0,0,0,0,0,0,0,0,0,0,0,0,0,0,0,0,0,0
676208,41,0,0,0,0,0,0,0,0,0,0,0,0,0,0,0,0,0,0,14,0,0,15,0,0,13,0,0
2819280,41,0,0,0,0,19,64,12,25,0,0,0,0,0,0,0,24,0,0,0,0,0,0,0,0,0,0,0
1549949,41,0,0,0,0,0,0,0,0,0,0,0,0,0,0,0,0,0,0,0,0,39,0,0,0,0,0,0
2584466,41,15,27,0,0,66,100,0,0,0,0,0,0,0,0,0,0,0,0,0,0,0,0,0,0,0,0,0
2682968,41,10,21,0,0,23,81,0,0,0,0,0,0,0,0,0,0,0,20,25,0,0,0,0,0,0,0,0
2742145,41,0,20,0,0,80,105,0,0,0,0,0,0,0,0,0,17,0,15,0,0,0,0,0,0,0,0,0
220697,41,0,0,0,0,0,0,0,0,0,0,0,0,0,0,0,0,0,0,0,0,0,0,0,0,0,0,0
2164067,41,15,220,22,20,458,264,0,22,0,0,13,0,14,0,20,0,0,14,0,0,0,0,0,0,15,14,39
2806609,41,0,0,0,0,0,0,0,0,0,0,0,0,0,10,0,12,0,0,0,0,0,16,0,0,0,17,0
3230999,41,0,0,0,11,17,12,14,23,0,0,0,0,10,0,15,130,0,0,58,0,33,21,0,30,28,24,14
1637837,41,0,0,0,0,0,0,0,0,0,0,0,0,0,0,0,0,0,0,129,0,0,0,0,0,0,0,0
36873,41,32,46,0,0,33,96,0,0,0,0,0,0,0,0,40,59,0,0,0,0,0,0,0,0,33,0,0
2864217,41,16,34,0,0,0,0,0,0,0,0,11,0,0,0,0,0,12,0,0,0,0,19,0,0,0,0,0
3095606,41,0,0,0,0,16,18,0,21,0,0,0,0,0,0,0,10,0,0,11,0,0,0,0,0,0,0,0
3423949,41,0,0,0,11,22,36,0,0,0,0,0,0,0,0,0,0,0,0,0,0,0,43,0,0,0,0,0
206506,41,0,0,0,0,0,53,0,0,0,0,0,0,0,0,0,0,0,0,0,0,0,31,0,0,0,0,0
2986831,41,0,14,0,0,15,48,29,55,0,0,0,0,0,0,0,21,0,0,82,0,0,47,0,20,32,33,30
323450,41,0,0,19,25,32,43,18,39,15,0,0,0,0,12,0,10,0,0,29,0,0,0,0,0,21,0,10
662858,41,0,0,0,0,16,18,0,0,0,0,0,0,0,0,0,79,0,0,0,0,0,41,0,0,17,12,0
2528005,41,0,0,0,0,27,185,0,20,0,0,0,0,0,0,0,103,0,67,31,0,12,24,0,0,24,26,23
1184151,41,0,0,0,0,11,73,0,15,0,0,0,10,0,0,0,0,0,0,31,0,0,0,0,0,0,0,0
2035858,41,23,58,0,0,0,44,0,0,0,0,25,17,0,0,0,0,10,0,10,13,0,0,0,0,0,0,0
3004129,41,0,0,0,0,0,10,0,0,0,0,0,0,0,0,0,15,0,0,0,0,0,0,0,0,0,0,0
404589,41,0,12,0,0,34,166,0,23,0,0,18,0,0,0,0,0,0,24,0,0,0,20,0,0,0,0,0
2921411,41,0,0,27,0,54,0,0,0,0,0,0,0,0,0,0,39,0,0,0,0,0,73,0,0,0,0,0
3384451,41,0,0,0,0,0,0,0,0,0,0,0,0,0,0,0,0,0,0,0,0,0,0,0,0,0,0,0
3120519,41,26,38,17,18,28,23,0,0,0,15,0,36,0,0,11,66,0,0,32,40,0,26,0,0,17,18,0
3296934,41,0,0,0,0,20,66,0,0,0,0,0,0,0,0,64,0,0,0,13,44,0,55,0,0,19,0,0
2950604,41,0,0,0,0,18,19,0,0,0,0,0,0,0,0,0,121,0,0,52,0,0,20,0,0,26,10,0
1302659,41,0,14,0,0,29,28,0,0,0,0,0,16,0,0,0,18,0,0,93,10,0,80,0,0,21,37,27
2781599,41,0,0,0,0,0,0,0,0,0,0,0,0,0,0,0,20,0,0,28,0,0,18,0,0,0,0,0
426703,41,0,0,0,0,80,62,15,22,0,0,0,0,0,0,0,0,0,11,31,0,0,27,0,0,27,20,0
411483,41,0,0,0,0,0,0,0,0,0,0,0,0,0,0,0,0,0,0,0,0,0,0,0,0,0,0,0
1731,41,0,0,0,0,0,0,27,30,0,0,0,0,16,0,0,10,0,0,21,17,0,0,0,0,0,0,0
28187,41,0,0,17,31,12,11,0,0,0,0,0,0,0,0,0,0,0,0,40,0,0,28,0,0,0,13,38
2975900,41,0,0,0,0,0,36,0,0,0,0,0,28,0,0,0,0,0,0,0,0,0,13,0,0,0,0,0
1908,41,29,54,0,0,0,157,0,0,0,0,0,0,0,0,0,0,0,127,0,0,0,118,0,0,0,0,0
1778,41,0,0,0,0,11,39,0,0,0,0,0,0,0,0,0,0,0,0,0,0,0,0,0,0,0,0,0
2567934,41,0,0,0,0,14,53,0,0,0,0,0,0,0,0,0,0,0,0,0,0,0,56,0,0,0,0,0
1575,41,0,20,0,0,55,128,0,0,0,0,0,0,0,0,0,25,0,23,0,0,0,0,0,0,0,0,0
2498704,41,0,0,0,0,28,83,0,0,0,0,0,0,0,0,0,0,0,0,0,0,0,0,0,0,0,0,0
121292,41,0,0,0,0,24,0,0,0,0,0,0,0,0,0,0,0,0,0,0,0,0,38,0,0,0,0,0
2749071,41,0,0,0,0,0,0,0,0,0,0,0,0,0,0,0,0,0,0,0,0,0,0,0,0,0,0,0
3239922,41,0,0,26,0,32,70,0,22,0,0,0,0,0,0,0,0,0,0,0,0,0,0,0,0,0,0,0
2974039,41,0,19,12,12,527,82,0,123,0,12,0,18,0,0,0,0,17,30,18,0,0,31,0,0,11,14,0
1749074,41,0,0,11,0,10,10,0,11,0,0,0,0,0,0,0,0,0,0,53,0,0,0,0,0,30,33,16
29554,41,0,0,0,0,12,0,0,0,0,0,0,14,0,0,0,0,0,0,14,11,0,20,0,0,0,0,0
3125784,41,0,0,23,0,0,0,0,0,0,0,0,0,0,0,0,136,0,0,28,0,0,23,0,0,0,0,0
1789226,41,31,59,0,13,0,0,0,0,0,20,19,17,0,0,0,0,0,10,0,43,0,0,0,0,0,0,0
668570,41,0,0,23,26,35,25,0,0,0,0,0,0,0,0,0,0,0,0,30,0,0,18,0,0,12,11,0
3156486,41,0,0,0,0,0,0,16,13,0,0,0,0,0,0,0,0,0,0,74,0,18,39,15,0,20,0,0
2494702,40,0,0,0,0,0,16,0,17,0,0,0,0,0,0,0,0,0,0,0,0,14,0,0,15,0,0,0
539813,40,0,0,14,0,0,22,0,14,0,0,0,0,0,0,22,105,0,0,36,0,0,93,0,21,0,0,0
3028805,40,0,12,0,0,0,35,23,0,0,0,0,0,0,0,0,0,0,0,22,0,0,28,0,0,0,0,0
1324864,40,23,37,0,0,13,0,0,0,0,0,19,14,0,0,0,0,0,0,102,0,0,35,0,0,46,45,33
2935858,40,0,0,0,0,0,0,0,0,0,0,0,0,0,0,0,0,0,0,0,0,0,0,0,0,0,0,0
260364,40,20,40,0,0,19,36,0,0,0,0,0,76,0,0,0,0,0,0,121,103,0,0,0,0,109,21,94
2864209,40,32,58,0,0,15,26,0,0,0,0,29,0,0,0,0,0,0,161,0,0,0,0,0,0,0,0,0
2954814,40,0,0,43,42,15,0,0,0,0,0,0,0,0,0,0,0,0,0,0,0,0,0,0,0,0,0,0
198620,40,35,26,0,0,0,53,0,0,0,0,0,0,0,0,0,0,0,21,25,24,0,0,0,0,0,0,0
203192,40,0,0,0,0,34,59,0,0,0,0,0,0,0,0,0,0,0,0,0,0,0,0,0,0,0,0,0
376489,40,0,0,0,15,24,84,0,0,0,0,0,0,0,0,0,0,0,0,10,0,0,15,0,0,0,0,0
3398214,40,0,0,0,0,0,0,0,0,0,0,0,0,0,0,0,0,0,0,0,0,0,0,0,0,0,0,0
1336806,40,0,0,0,0,20,25,0,0,0,0,0,0,0,0,0,0,0,0,29,0,0,0,0,10,0,0,0
254839,40,15,0,0,0,0,0,257,177,51,0,0,0,91,32,0,0,0,0,0,0,0,0,0,0,0,0,0
451,40,10,14,0,0,10,12,0,0,0,0,0,0,0,0,0,17,0,47,0,0,0,15,0,0,20,11,0
2881052,40,0,0,40,50,30,47,0,0,0,0,0,0,0,0,0,86,0,18,0,0,0,53,0,0,0,0,0
2652803,40,0,0,0,0,0,0,0,0,0,0,0,0,0,0,0,0,0,0,12,0,0,0,0,0,0,0,0
3049772,40,0,15,0,0,52,164,10,0,17,0,0,21,0,0,65,254,0,205,39,19,0,18,11,38,0,35,11
1325107,40,0,24,0,0,20,32,16,27,0,0,0,0,15,0,0,38,0,27,0,0,0,0,0,0,0,0,0
1967501,40,0,0,0,0,0,63,0,0,0,0,0,0,0,0,0,102,0,0,0,0,0,0,0,0,42,0,0
1969821,40,0,0,0,0,36,67,0,0,0,0,0,0,0,0,0,0,0,10,14,0,0,0,0,0,0,0,0
2725666,40,0,24,0,0,76,93,0,0,36,52,0,11,0,0,85,420,0,720,22,0,42,24,14,68,14,60,16
1217908,40,0,24,0,19,25,124,0,12,0,0,0,0,0,0,0,0,0,0,46,0,0,0,0,0,0,0,0
34004,40,0,34,11,0,48,190,0,14,0,0,0,0,0,0,0,0,0,19,43,0,0,0,0,0,15,28,40
1977864,40,10,18,20,27,23,27,11,11,12,0,0,13,0,0,112,125,18,48,41,0,16,0,33,62,15,12,10
438,40,0,18,0,0,0,55,0,26,0,0,0,24,0,0,0,0,0,0,0,0,0,117,0,0,0,0,0
3133968,40,0,0,14,15,40,63,0,14,0,0,0,0,0,0,0,0,0,0,35,0,0,13,0,0,20,12,13
2728021,40,13,17,0,0,47,99,0,0,0,0,0,0,0,0,0,10,0,0,0,0,0,17,0,0,0,0,0
17,40,0,0,0,0,19,14,0,0,0,0,0,0,0,0,0,11,0,0,0,0,0,0,0,0,0,0,0
1231,40,0,0,0,0,0,21,0,0,0,0,0,11,0,0,0,145,0,0,0,0,0,0,0,0,0,0,0
35799,40,20,26,0,0,0,21,0,0,0,0,0,0,0,0,0,0,0,0,38,0,0,0,0,0,17,0,0
2758037,40,0,17,0,0,17,19,0,0,0,0,0,0,0,0,0,0,0,0,20,0,0,23,0,0,0,11,0
28125,40,12,20,0,0,0,0,0,0,0,0,0,22,0,0,0,47,0,0,15,22,0,0,0,0,0,0,11
2528019,40,0,0,0,12,0,21,0,11,0,0,0,0,0,0,0,0,0,14,0,0,0,17,0,0,0,0,0
296842,40,0,0,0,0,33,68,0,0,0,0,0,0,0,0,0,16,0,0,0,0,0,46,0,0,0,0,0
60893,40,0,0,0,0,11,15,0,0,0,0,0,0,0,0,0,47,10,0,42,0,0,44,0,0,13,13,0
83453,40,0,0,0,20,56,243,13,16,22,0,0,0,0,0,19,47,0,15,21,0,0,34,0,0,21,10,13
381751,40,0,0,0,0,0,0,0,0,0,0,0,0,0,0,0,16,0,0,106,0,0,10,0,0,17,0,0
1632019,40,0,0,0,0,0,14,0,0,0,0,0,0,0,0,0,0,0,0,0,0,0,25,0,0,0,0,0
2017483,40,15,21,14,35,31,25,34,48,23,0,15,18,20,11,0,21,0,0,16,25,43,84,18,28,0,0,0
3463856,40,0,0,0,0,0,13,0,0,0,0,0,0,0,0,0,0,0,0,11,0,0,14,0,0,0,0,0
2954685,40,0,0,0,0,0,0,0,0,0,0,0,0,0,0,0,0,0,0,25,0,0,17,0,0,0,0,0
3026433,40,0,0,0,0,0,0,0,11,0,0,0,0,0,0,0,0,0,0,19,0,0,0,0,0,0,0,0
1655277,40,0,0,0,0,18,16,10,13,0,0,0,0,0,0,0,0,0,0,0,0,0,10,0,0,0,0,0
2931921,40,14,0,0,0,27,19,0,0,0,0,0,0,0,0,0,22,0,0,11,0,14,25,11,13,10,0,0
1341,40,0,0,0,0,14,0,0,0,0,0,0,0,0,0,0,0,0,0,0,0,0,19,0,0,0,0,0
2749961,40,0,0,0,27,15,15,0,0,0,0,0,0,0,0,0,36,0,0,0,0,0,0,0,0,0,0,0
82801,40,17,34,0,19,0,14,0,0,0,0,13,20,0,0,0,0,0,13,13,0,0,24,0,0,0,0,0
3388313,40,0,0,0,20,0,49,0,0,0,0,0,0,0,0,0,0,0,0,0,0,0,0,0,0,0,0,0
3031131,40,0,0,0,0,24,57,0,0,0,0,0,0,0,0,0,0,0,0,0,0,0,0,0,0,0,0,0
2975620,40,20,35,0,0,0,61,0,0,0,0,0,0,0,0,0,0,0,0,0,0,0,24,0,0,0,0,0
2975857,40,0,0,0,0,0,0,0,0,0,0,0,0,0,0,0,0,0,0,0,0,0,0,0,0,0,0,0
114686,40,0,0,36,52,14,43,0,0,0,0,0,0,0,0,0,0,0,0,0,0,0,19,0,0,0,0,0
2987751,40,0,0,0,0,0,80,0,0,0,0,0,0,0,0,0,0,0,0,0,0,0,0,0,0,0,0,0
2684405,40,0,0,0,12,0,0,0,0,0,0,0,0,0,0,0,55,0,0,13,0,0,21,0,0,0,0,17
1800,40,0,0,0,0,62,135,0,0,0,0,0,0,0,0,0,0,0,18,0,0,0,0,0,0,0,0,0
2886935,40,47,37,0,15,0,19,0,0,0,0,26,0,0,0,0,0,0,0,19,0,0,22,0,0,0,0,0
103621,40,0,0,0,0,0,21,0,0,0,0,0,24,0,0,0,0,0,0,13,0,0,0,0,0,0,0,0
1291556,40,0,15,14,0,66,115,0,0,0,0,0,0,0,0,0,79,0,16,0,0,0,13,0,0,0,0,0
111781,40,10,40,37,30,256,136,0,112,21,0,0,0,0,18,16,41,0,54,13,0,26,19,0,0,0,0,21
1209493,40,15,52,0,13,1301,111,0,97,0,0,0,16,0,0,0,0,0,0,0,21,0,33,0,0,26,27,35
171632,40,32,62,0,0,0,0,0,0,0,0,19,0,0,0,0,0,0,0,0,0,0,11,0,0,0,0,0
92407,40,12,0,0,0,0,0,0,0,0,0,0,0,0,0,0,0,0,0,13,0,0,10,0,0,0,0,0
1211322,40,0,0,0,0,0,27,0,0,0,0,0,0,0,0,0,0,0,0,15,0,0,19,0,0,0,0,0
60847,40,0,0,0,0,13,18,0,0,0,0,0,0,0,0,0,40,0,0,22,0,0,47,0,0,0,0,0
869886,40,13,18,0,0,29,55,0,0,0,0,0,0,0,0,0,24,0,0,19,0,0,0,0,0,0,0,0
2259672,40,0,0,0,0,0,0,34,39,0,0,0,0,23,0,0,24,0,0,15,0,0,10,0,0,0,0,0
1920749,40,30,33,0,0,10,10,0,0,0,0,0,0,0,0,0,0,0,0,0,0,0,0,0,0,0,0,0
2955533,40,0,0,0,0,0,0,0,0,0,0,0,0,0,0,0,0,0,0,0,0,0,0,0,0,0,0,0
3426548,40,0,0,0,0,0,0,0,0,0,0,0,0,0,0,0,0,0,0,0,0,0,11,0,0,0,0,0
1594731,39,0,0,0,0,0,0,0,0,0,0,0,0,0,0,0,0,0,0,12,0,0,21,0,13,15,13,0
2725494,39,0,14,30,56,18,25,0,0,0,0,0,0,0,0,0,0,0,0,0,0,13,16,0,0,0,0,0
351679,39,0,0,19,32,10,27,26,37,0,0,0,0,0,0,0,19,0,0,53,0,0,26,0,0,23,13,30
472693,39,0,0,13,15,0,27,15,22,0,0,0,0,0,0,0,0,0,0,32,0,0,19,0,0,0,0,0
33060,39,0,0,23,29,14,15,0,0,0,0,0,0,0,0,0,27,0,19,38,16,0,13,0,0,13,16,0
2890318,39,0,0,0,0,0,15,0,0,0,0,0,0,0,0,0,0,0,0,13,0,20,56,0,0,29,10,0
2520507,39,17,43,0,0,16,24,0,11,0,0,0,0,0,0,0,0,0,0,17,0,0,39,0,0,10,0,0
2972478,39,21,21,11,0,15,57,0,0,0,0,13,19,0,0,0,90,0,91,0,0,0,0,0,0,0,0,0
2600598,39,20,34,0,0,0,46,0,0,0,0,14,24,0,0,0,0,12,0,0,28,0,0,0,0,0,0,0
1510150,39,0,0,0,0,14,51,0,27,0,0,0,0,0,0,0,0,0,0,11,0,0,0,0,0,0,0,0
1415568,39,0,14,30,13,23,48,0,13,0,0,0,0,0,0,0,0,0,33,0,0,0,11,0,0,0,0,0
3149048,39,17,34,0,0,14,18,0,0,0,0,0,30,0,0,0,0,0,0,31,0,0,15,0,0,32,16,13
1094342,39,0,33,37,24,56,159,0,27,21,0,0,0,0,0,18,30,0,0,0,0,0,35,0,0,0,0,0
2714936,39,0,0,0,0,0,18,13,13,0,0,0,0,0,0,0,0,0,0,0,0,0,0,0,0,0,0,0
1814290,39,17,13,0,0,19,29,0,0,0,0,11,0,0,0,0,0,0,14,11,0,10,0,0,0,0,0,0
914150,39,0,11,0,0,46,23,0,0,0,0,0,0,0,0,19,190,0,0,14,0,0,14,0,0,0,0,0
40137,39,46,63,0,0,133,322,0,27,16,0,14,21,0,0,20,116,19,140,0,0,0,0,0,22,0,0,0
2081791,39,43,57,0,0,66,87,0,0,0,0,0,0,0,0,0,15,0,22,25,0,0,45,0,0,26,20,0
1825976,39,0,38,47,61,127,103,0,0,0,0,0,17,0,0,0,0,0,0,0,0,0,42,0,0,0,0,0
3079766,39,0,51,0,0,53,118,0,0,0,0,0,0,0,0,0,0,0,0,0,0,0,0,0,0,0,0,0
3404132,39,0,44,13,0,40,244,24,51,25,0,0,0,0,0,0,0,0,17,0,0,0,0,0,0,0,0,0
3066262,39,0,0,11,12,0,0,0,0,0,0,0,13,0,0,0,26,0,0,12,0,0,10,0,0,0,0,0
3230988,39,0,0,0,0,0,0,0,0,0,0,0,0,0,0,0,0,0,0,0,43,0,0,0,0,37,0,23
861533,39,0,33,29,0,194,95,0,0,0,0,0,0,0,0,0,0,0,0,0,0,0,0,0,0,0,0,0
1288970,39,22,34,0,12,74,118,15,0,11,0,0,0,0,0,0,12,0,12,30,0,0,22,0,0,10,11,11
2781899,39,0,23,0,0,132,123,0,10,14,0,0,0,0,0,0,0,0,28,89,0,13,0,0,0,0,0,0
3022126,39,0,0,13,0,0,0,0,0,0,0,0,18,0,0,0,0,0,0,15,0,0,12,0,0,0,0,0
2571746,39,0,0,17,23,27,76,0,0,0,0,0,0,0,0,0,18,0,0,0,0,0,0,0,0,0,0,0
1553431,39,0,0,0,23,41,39,0,0,0,0,0,0,0,0,0,0,0,0,0,0,10,230,0,0,0,0,0
158899,39,0,14,0,0,23,66,24,29,15,0,0,0,0,0,61,1306,0,10,0,0,0,16,0,14,0,0,0
551760,39,0,16,0,0,0,84,0,0,0,0,0,10,0,0,0,0,0,0,0,11,0,15,0,16,0,13,0
1336794,39,20,21,13,12,43,74,0,0,0,13,0,20,0,0,0,33,0,0,50,10,16,44,0,14,16,22,0
3093922,39,11,15,0,0,10,34,0,0,0,0,0,0,0,0,0,0,0,0,0,0,11,23,0,0,0,0,0
1472416,39,0,54,0,0,0,0,0,0,0,0,0,0,0,0,0,49,0,0,0,0,0,36,0,0,0,0,0
3454464,39,13,12,19,21,36,139,0,0,0,0,11,0,0,0,0,14,15,39,12,0,0,0,0,0,0,0,0
2824561,39,0,0,0,0,19,184,0,0,11,0,0,20,0,0,0,19,0,0,23,10,0,10,0,0,0,0,0
83558,39,0,15,0,0,0,0,0,0,0,0,0,0,0,0,0,0,0,0,47,0,0,0,0,15,0,18,0
44742,39,0,0,0,0,17,19,0,0,0,0,0,0,0,0,0,41,0,0,0,0,0,19,0,0,0,0,0
2296,39,0,13,0,0,10,21,0,0,0,0,0,0,0,0,11,50,0,0,42,0,0,25,0,0,32,16,16
3133306,39,0,0,0,0,48,116,0,0,0,0,0,0,0,0,0,117,0,25,35,0,0,30,0,0,18,15,0
3133334,39,42,51,0,0,0,64,0,0,0,34,0,31,0,0,0,0,0,0,121,48,0,0,0,0,41,0,54
1889013,39,18,19,0,0,22,37,0,0,0,0,0,0,0,0,0,0,0,0,22,0,0,0,0,0,0,0,0
2921489,39,0,0,0,0,0,0,0,0,0,0,0,0,0,0,0,0,0,0,0,0,0,0,0,0,0,0,0
2921364,39,11,12,34,35,0,16,0,0,0,0,0,10,0,0,0,28,0,0,67,0,0,29,0,0,27,37,18
228574,39,0,0,0,0,0,0,0,0,0,0,0,0,0,0,0,0,0,0,0,0,0,0,0,0,0,0,0
2583377,39,0,10,17,24,16,28,0,0,0,0,0,0,0,0,0,0,0,0,0,0,0,51,0,0,0,0,0
1859475,39,0,0,0,23,21,15,0,0,0,0,0,22,0,0,0,0,0,0,31,0,0,54,0,0,19,11,10
633807,39,0,0,22,23,19,11,101,83,28,0,0,0,34,0,0,0,0,0,22,0,0,29,0,0,0,14,0
863,39,0,0,0,0,14,11,0,0,0,0,0,0,0,0,0,54,0,0,0,0,0,0,0,10,0,0,0
3046382,39,0,0,0,0,0,0,0,0,0,0,0,0,0,0,0,0,0,0,12,0,0,12,0,0,0,0,0
3070215,39,20,15,13,21,25,19,0,0,0,0,0,0,0,0,0,27,0,0,20,0,0,41,0,0,11,0,11
46354,39,0,0,0,0,0,0,0,0,0,0,0,0,0,0,0,125,0,0,16,0,23,0,0,0,0,0,0
2528593,39,17,22,27,37,18,16,21,27,11,12,11,20,13,0,0,12,0,0,15,11,38,34,0,0,13,0,13
2907545,39,0,0,0,0,0,54,0,0,0,0,0,0,0,0,0,0,0,0,0,0,0,0,0,0,0,0,0
68239,39,0,44,0,0,106,193,0,0,0,0,0,0,0,0,0,0,0,0,122,0,0,0,0,0,0,0,0
78331,39,20,12,0,0,48,40,0,0,0,31,27,29,0,0,0,147,0,33,65,24,0,49,0,0,0,21,22
1572644,39,18,33,0,0,0,75,0,0,0,0,0,0,0,0,0,0,0,0,0,0,0,12,0,0,0,0,0
3039384,39,32,24,0,0,27,60,0,0,0,0,0,18,0,0,0,0,0,0,0,33,0,0,0,0,0,0,0
2583243,39,0,0,0,0,0,56,15,0,0,0,0,0,0,0,0,27,0,0,0,0,0,0,0,0,0,0,0
2811111,39,0,15,0,0,10,47,0,0,0,0,0,0,0,0,0,0,0,11,13,0,0,0,0,0,0,12,0
2811781,39,0,0,0,0,0,0,0,0,0,0,0,0,0,0,0,0,0,11,0,0,0,0,0,0,0,0,0
2742128,39,0,20,0,0,41,143,0,0,0,0,0,17,0,0,0,77,0,15,0,0,0,0,0,0,0,0,0
1884916,39,0,0,0,0,0,0,0,0,0,0,0,0,0,0,0,10,0,0,12,0,0,0,0,0,0,0,0
1147,39,0,0,0,0,60,54,0,83,0,0,0,61,0,0,18,91,0,0,30,0,0,129,0,0,0,0,0
2814275,39,0,0,0,0,60,0,0,0,0,0,0,0,0,0,0,0,0,0,0,0,0,0,0,0,0,0,0
292461,39,0,0,0,0,0,0,0,0,0,0,0,0,0,0,0,51,0,0,30,0,0,0,0,0,13,19,17
166501,39,13,0,37,72,73,58,0,0,0,0,0,10,0,0,0,0,13,0,0,13,0,24,0,0,0,0,0
2898,39,0,0,0,0,13,23,0,0,0,0,0,0,0,0,0,0,0,0,0,0,0,45,0,0,0,0,0
2044521,39,37,32,0,0,11,23,0,0,0,0,13,0,0,0,0,0,15,0,24,0,0,0,0,0,0,0,0
3053904,39,0,0,0,0,0,18,0,0,0,0,0,0,0,0,0,0,0,0,0,0,0,0,0,0,0,0,0
3034020,39,0,0,0,0,13,50,0,0,0,0,0,0,0,0,0,0,0,0,26,16,0,255,0,0,11,0,0
1349410,39,0,0,0,0,0,14,23,12,13,0,0,0,0,0,0,0,0,0,19,0,0,0,0,0,11,0,0
1410383,38,0,0,0,0,0,0,0,0,0,0,0,0,0,0,0,13,0,0,0,11,16,0,0,0,0,0,0
428411,38,0,0,16,15,0,0,0,0,0,0,0,0,0,0,13,70,0,0,0,0,15,11,15,0,0,0,0
2364647,38,0,0,0,0,14,33,0,0,0,0,0,0,0,0,0,0,0,0,0,0,0,0,0,0,0,0,0
138074,38,0,0,0,0,0,20,0,0,0,0,0,0,0,0,0,0,0,0,29,0,0,22,0,0,0,0,0
1390185,38,0,0,47,47,0,0,0,0,0,0,0,31,0,0,0,0,0,0,38,0,0,0,0,0,0,0,0
1514074,38,62,171,0,0,0,0,0,0,0,0,0,81,0,0,0,0,0,0,0,92,0,0,0,0,0,0,0
2774154,38,12,29,29,16,12,0,0,16,0,0,0,31,0,0,0,18,0,0,15,19,0,45,0,0,0,0,0
914153,38,0,29,45,0,12,72,44,45,0,0,0,0,17,0,20,108,0,0,30,0,13,14,0,0,0,16,0
2751179,38,0,0,0,0,17,23,0,0,0,0,0,0,0,0,0,0,0,0,15,0,0,0,0,0,0,0,0
3020843,38,18,19,0,0,38,59,0,0,0,0,0,0,0,0,0,13,0,16,0,0,0,0,0,0,0,0,0
200450,38,0,0,0,0,35,53,0,0,0,0,0,0,0,0,0,0,0,0,0,0,0,62,0,0,0,0,0
395599,38,12,13,0,0,0,24,0,0,0,0,0,20,0,0,0,0,0,0,17,10,0,16,0,0,0,0,0
487568,38,0,0,0,0,0,0,0,0,0,0,0,0,0,0,0,0,0,0,0,0,0,0,0,0,0,0,0
1312183,38,0,0,0,0,45,57,0,0,0,0,0,0,0,0,0,52,0,0,15,0,0,14,0,0,10,0,0
2060726,38,0,13,0,0,21,64,0,0,0,0,0,0,0,0,0,0,0,17,0,13,0,0,0,0,0,0,0
2589903,38,29,32,20,15,47,88,0,0,0,0,0,17,0,0,0,32,0,15,13,24,0,0,0,0,0,18,23
71433,38,0,0,0,0,29,60,0,0,0,0,0,0,0,0,0,0,0,12,25,0,0,15,0,0,38,19,15
2599600,38,14,19,0,0,109,153,0,0,0,0,0,0,0,0,0,35,0,0,0,0,0,10,0,0,0,0,0
889300,38,0,23,0,0,34,66,0,0,0,0,0,0,0,0,0,0,0,0,0,0,0,0,0,0,0,0,0
1482074,38,0,16,18,19,167,152,0,0,0,0,0,0,0,0,0,0,0,12,28,0,0,15,0,0,20,0,13
2559804,38,0,0,0,0,105,206,0,0,0,0,0,0,0,0,0,0,0,0,0,0,0,0,0,0,0,0,0
1922225,38,0,12,0,0,0,58,0,21,0,0,0,0,0,0,0,21,0,0,0,0,0,0,0,0,0,0,0
1402135,38,0,155,39,47,205,957,0,84,40,0,0,0,0,0,0,30,0,26,27,0,0,22,0,48,0,0,0
52603,38,0,34,0,10,71,220,0,29,0,0,0,0,0,0,0,0,0,0,0,0,0,0,0,0,0,0,0
3027796,38,0,29,0,0,94,90,0,0,0,0,0,0,0,0,0,0,0,0,0,0,0,0,0,0,0,0,0
74315,38,0,0,0,0,15,45,0,0,0,0,0,0,0,0,15,124,0,168,0,0,0,0,0,0,0,0,0
2724,38,0,13,13,28,0,29,0,0,0,0,0,19,0,0,10,88,0,0,66,0,0,31,0,0,24,37,26
3242158,38,39,45,0,0,0,0,0,0,0,0,0,40,0,0,0,0,0,0,0,0,0,0,0,0,0,0,0
1644130,38,0,0,0,19,0,0,0,32,0,0,0,0,0,0,0,0,0,0,84,0,0,67,0,0,49,0,0
3060215,38,12,25,0,15,23,83,0,16,0,0,0,0,0,0,0,41,0,0,65,0,0,28,0,0,31,20,12
2704652,38,0,0,0,0,0,0,0,0,0,0,0,0,0,0,0,0,0,0,0,0,0,0,0,0,0,0,0
2927224,38,0,0,0,0,0,0,0,0,0,0,0,0,0,0,0,0,0,0,0,0,0,0,0,0,0,0,0
591154,38,27,23,0,0,12,0,0,0,0,0,0,0,0,0,0,35,0,0,20,0,0,24,14,0,0,0,0
81028,38,33,41,0,0,11,0,0,0,0,0,13,13,0,0,0,0,0,0,0,0,0,0,0,0,0,0,0
873,38,0,11,0,0,15,45,0,0,0,0,0,0,0,0,0,11,0,0,0,0,0,14,0,0,0,0,0
2740163,38,0,0,0,14,27,51,0,0,17,0,10,0,0,0,0,17,0,10,0,0,0,22,0,0,0,0,0
3035702,38,0,0,0,0,14,24,0,0,0,0,0,0,0,0,0,0,0,87,10,0,0,26,0,11,0,0,0
2789208,38,0,0,0,0,0,0,0,0,0,0,0,0,0,0,0,0,0,0,0,0,0,0,0,0,0,0,0
2921497,38,0,0,0,0,0,0,0,0,0,0,0,0,0,0,0,59,0,0,77,0,0,0,0,0,0,0,0
2921610,38,0,0,0,0,0,0,0,0,0,0,0,0,0,0,0,0,0,0,40,0,0,0,0,0,0,0,0
521520,38,0,0,12,10,12,20,0,15,12,0,0,11,0,11,0,0,0,0,25,0,0,34,0,0,12,10,10
3056444,38,0,17,0,0,0,0,0,0,0,0,0,0,0,0,0,21,0,0,10,0,0,30,0,0,0,0,0
633404,38,10,19,0,0,0,0,0,0,0,18,0,12,0,0,0,10,0,0,20,11,0,13,0,0,0,0,0
3115291,38,0,0,13,22,14,13,0,0,0,13,0,0,0,0,0,59,0,0,0,10,0,24,0,0,0,0,0
307643,38,0,0,0,0,0,0,0,0,0,0,0,0,0,0,0,0,0,0,0,0,0,0,0,0,0,0,0
33943,38,0,0,0,0,0,0,26,27,13,0,0,0,11,0,0,0,0,0,0,0,0,0,0,0,0,0,0
47493,38,0,0,0,0,0,0,0,0,0,0,0,0,0,0,0,0,0,0,42,0,0,0,0,0,0,0,0
2100821,38,0,0,0,0,0,0,0,0,0,0,0,0,0,0,0,0,0,51,0,0,0,0,0,0,0,0,0
1249630,38,22,49,0,0,0,0,0,0,0,0,0,39,0,0,0,0,10,0,15,29,0,0,0,0,0,10,0
176292,38,0,0,0,0,0,0,0,0,0,0,0,0,0,0,0,0,0,0,0,0,0,0,0,0,0,12,0
2925830,38,13,0,0,0,24,16,0,0,0,0,0,0,0,0,0,0,0,0,12,0,0,17,0,0,0,11,0
1346,38,0,0,0,0,0,0,0,0,0,0,0,0,0,0,0,0,0,0,33,0,0,48,0,0,0,11,0
142877,38,0,0,0,0,0,21,0,0,0,0,0,0,0,0,0,0,0,0,0,0,18,26,0,14,0,18,0
89014,38,0,13,36,49,55,25,0,0,0,0,0,0,0,0,0,14,0,0,0,0,16,106,0,0,12,0,0
2138101,38,0,0,0,0,0,13,0,0,0,0,0,0,0,0,0,46,0,0,13,0,0,0,0,0,10,0,0
408783,38,0,0,0,0,29,50,0,0,0,0,0,0,0,0,38,60,0,16,11,0,0,0,0,0,0,0,0
2039455,38,20,22,15,14,39,82,0,0,0,10,0,16,0,0,0,0,0,0,0,12,0,12,0,0,0,0,0
45398,38,0,16,0,0,20,62,0,0,0,0,0,0,0,0,22,58,0,0,23,0,0,0,0,0,26,16,0
356852,38,14,47,0,0,42,89,0,0,0,0,0,0,0,0,0,0,0,0,0,0,0,0,0,0,0,0,0
1694,38,0,0,0,0,0,24,0,0,0,0,0,0,0,0,0,0,0,29,61,0,0,17,0,0,0,0,0
675864,38,0,0,16,25,27,69,0,0,0,0,0,0,0,0,0,0,0,14,11,0,0,15,0,0,0,0,0
2742131,38,0,15,0,0,31,133,0,0,0,0,0,0,0,0,0,54,0,13,13,0,0,17,0,0,0,0,0
1335613,38,0,0,0,0,0,151,0,0,0,0,0,0,0,0,0,0,0,0,0,0,0,60,0,0,0,0,0
1907662,38,10,15,0,0,0,25,0,0,0,0,0,0,0,0,0,0,0,0,0,0,0,0,0,0,0,0,0
712411,38,0,0,0,0,11,16,0,0,0,0,0,0,0,0,0,0,0,0,0,0,0,0,0,0,0,0,0
49319,38,0,14,0,33,20,96,21,30,21,0,0,0,0,0,0,16,0,22,0,0,0,677,0,0,0,0,0
71190,38,0,0,0,0,52,20,0,43,0,0,0,0,0,0,0,0,0,0,21,0,0,20,0,0,17,31,17
216938,38,0,0,0,10,0,13,0,0,0,0,0,0,0,0,0,18,0,0,45,0,0,11,0,0,20,11,15
2489213,38,0,0,0,0,0,21,0,0,0,0,0,0,0,0,0,0,0,0,0,0,0,21,0,0,0,0,0
2246,38,0,0,0,0,0,45,0,0,0,0,0,0,0,0,0,85,0,0,16,0,0,0,0,0,13,17,11
2866382,38,0,0,0,10,0,13,0,0,0,0,0,0,0,0,0,0,0,0,0,0,0,0,0,0,0,0,0
120963,38,0,0,0,0,0,0,0,0,0,0,0,0,0,0,0,0,0,0,28,0,0,56,0,0,33,34,12
2586643,38,0,0,0,0,0,0,0,0,0,0,0,0,0,0,0,0,0,0,21,0,0,0,0,0,0,0,0
2956181,38,0,0,0,0,0,0,0,0,0,0,0,0,0,0,0,0,0,0,0,0,0,0,0,0,0,0,0
2026240,37,0,0,0,0,0,37,0,0,0,0,0,0,0,0,0,0,0,0,0,0,0,0,0,0,0,0,0
2067958,37,0,0,0,0,25,0,0,0,0,0,0,0,0,0,0,97,0,0,0,0,0,0,0,0,0,0,0
2338073,37,0,0,0,10,11,16,0,0,0,0,0,0,0,0,0,28,0,0,12,0,0,35,0,0,0,0,0
197222,37,30,60,24,29,18,73,10,21,0,0,0,13,0,0,0,40,0,0,71,0,15,156,0,0,30,20,0
2953752,37,0,0,0,0,0,0,0,0,0,0,0,23,0,0,0,0,0,0,0,40,0,0,0,0,0,0,0
2587865,37,0,26,0,0,0,19,0,0,0,0,0,0,0,0,0,0,0,0,0,0,0,14,0,0,0,0,0
2954078,37,26,50,0,0,0,0,0,0,0,0,0,0,0,0,0,0,38,0,0,19,0,0,0,0,0,0,0
1500687,37,0,0,0,0,0,0,0,0,0,0,0,0,0,0,0,0,0,0,0,0,0,0,0,0,0,0,0
1874317,37,0,26,22,11,12,37,11,26,0,0,0,0,0,0,0,10,0,0,16,0,0,23,0,0,0,0,0
999141,37,23,33,0,0,0,17,0,0,0,0,17,17,0,0,0,0,0,0,28,0,22,21,0,0,0,0,0
1071983,37,13,16,0,13,25,16,0,0,0,0,0,0,0,0,0,78,0,129,21,14,0,27,0,0,13,20,0
2975055,37,0,0,0,0,11,10,0,0,0,0,0,0,0,0,0,24,0,0,0,0,0,15,0,0,0,0,0
2740807,37,26,26,0,0,29,124,0,11,0,0,12,0,0,0,0,10,0,12,0,0,0,0,0,0,0,0,0
115808,37,12,16,80,94,77,141,0,13,0,0,0,0,0,0,22,143,0,95,0,0,0,47,0,18,0,16,0
244734,37,0,29,0,0,75,229,0,0,32,0,41,28,0,0,185,725,0,828,31,0,34,86,37,102,28,91,45
3045156,37,0,57,0,0,0,34,0,0,0,0,0,0,0,0,0,0,0,0,27,0,0,0,0,0,0,0,0
2233851,37,0,29,0,0,102,94,0,0,0,0,0,0,0,0,0,10,0,15,0,0,11,10,0,12,0,0,0
1517551,37,16,17,0,0,35,123,0,16,0,0,0,0,0,0,0,0,0,0,0,0,0,0,0,0,0,0,0
3079861,37,36,15,58,56,46,58,0,0,0,0,0,0,0,0,0,16,0,0,0,0,0,94,0,0,0,0,0
2560053,37,0,38,35,19,106,277,12,15,0,0,0,0,0,0,0,10,0,23,0,0,0,0,0,0,0,0,0
1492771,37,75,170,220,138,230,537,114,116,0,0,0,0,0,0,0,0,0,14,28,0,0,0,0,0,0,0,0
2024849,37,0,26,11,18,30,50,0,12,0,0,0,13,0,0,155,87,19,0,46,0,23,11,0,0,28,25,18
2686094,37,0,0,0,0,19,53,0,0,0,0,0,0,0,0,0,0,0,0,0,0,0,0,0,0,0,0,0
570162,37,0,0,0,0,0,16,13,23,0,0,0,0,0,0,0,0,0,0,0,0,24,23,16,24,0,0,0
2066024,37,0,0,0,0,0,0,0,0,0,0,0,0,0,0,0,0,0,0,0,0,0,0,0,0,0,0,0
3450237,37,0,0,0,0,0,48,0,0,0,0,0,0,0,0,0,0,0,0,0,0,0,0,0,30,0,0,0
2782176,37,42,31,0,0,0,11,0,0,0,0,0,0,0,0,0,0,0,24,0,0,0,0,0,0,0,0,0
2709396,37,0,0,0,0,0,17,0,0,0,0,0,12,0,0,0,0,0,0,17,0,0,0,0,15,0,10,0
486,37,0,0,0,0,0,0,0,0,0,0,0,0,0,0,0,58,0,0,38,0,0,35,0,0,30,0,0
489,37,0,0,0,0,0,0,0,0,0,0,0,0,0,0,0,0,0,0,0,0,0,0,0,0,0,0,0
2739434,37,0,17,0,0,114,67,0,0,0,0,0,0,0,0,0,0,0,0,0,15,32,37,0,22,0,0,0
748811,37,0,12,0,0,15,57,0,0,0,0,0,0,0,0,0,0,0,0,0,0,0,0,0,0,0,0,0
3410790,37,0,20,15,22,38,392,0,0,10,0,0,0,0,0,0,29,0,0,26,0,0,24,0,20,0,0,0
2675877,37,0,0,0,0,0,26,0,0,0,0,0,0,0,0,0,0,0,25,0,0,0,28,0,0,0,0,0
2932249,37,0,0,0,0,0,38,0,0,0,0,0,0,0,0,0,50,0,0,20,0,0,0,0,0,0,0,0
2698458,37,0,11,16,27,28,31,0,0,0,0,0,0,0,0,0,22,0,0,0,0,0,37,0,16,0,0,0
2696560,37,0,0,0,0,0,11,14,17,0,0,0,10,0,0,12,0,0,0,34,0,0,0,0,0,0,0,0
3064265,37,0,0,24,27,62,193,0,0,14,0,0,0,0,0,12,0,0,22,12,0,0,117,0,0,10,0,0
2527995,37,0,0,10,10,27,147,36,44,30,0,0,0,20,0,0,0,0,44,55,0,13,25,0,13,43,35,15
3034016,37,0,0,0,0,0,0,26,34,32,0,0,0,21,17,11,117,0,0,0,0,0,25,0,0,20,0,0
463192,37,0,10,0,0,12,41,12,24,0,0,0,0,10,0,15,86,0,0,27,0,0,32,0,0,0,0,0
34,37,0,0,24,0,55,187,0,0,0,0,0,0,0,0,0,0,0,0,0,0,0,608,0,0,0,0,0
3440154,37,28,31,12,27,21,28,0,0,0,0,0,0,0,0,17,122,0,0,59,0,0,53,0,0,26,15,0
2921714,37,0,0,0,11,18,27,0,0,0,0,0,0,0,0,0,17,0,0,105,0,0,26,0,0,18,10,0
2315729,37,0,0,0,0,0,0,16,25,0,0,0,0,0,0,0,0,0,0,20,0,0,74,0,0,0,0,0
2099789,37,19,21,0,0,0,0,0,0,0,0,0,0,0,0,0,0,0,0,0,12,0,0,0,0,0,0,0
2993455,37,0,0,0,12,0,0,0,0,0,0,0,0,0,0,0,0,0,0,0,0,11,23,0,30,0,0,0
1888195,37,0,0,0,0,0,0,0,0,0,0,0,0,0,0,0,67,0,0,22,0,0,22,0,0,15,16,0
119206,37,0,0,0,0,0,0,0,0,0,0,0,0,0,0,0,0,0,0,12,0,0,16,0,0,0,12,0
3435187,37,0,0,0,0,0,0,0,0,0,0,0,0,0,0,0,0,0,0,0,0,0,0,0,0,0,0,0
2903772,37,0,0,0,0,0,92,0,0,0,0,0,0,0,0,0,0,0,0,0,0,0,0,0,0,0,0,0
68246,37,0,0,13,13,39,108,0,0,0,0,0,0,0,0,0,84,0,14,63,0,0,25,0,0,0,0,0
2975960,37,0,11,0,16,54,151,0,0,0,0,0,18,0,0,0,13,0,20,0,0,0,13,0,0,0,0,0
3239979,37,0,0,0,0,33,82,0,0,0,0,0,0,0,0,0,0,0,0,0,0,0,0,0,0,0,0,0
2908837,37,0,0,0,0,31,37,0,0,0,0,0,0,0,0,0,55,0,0,49,0,0,22,0,0,0,0,0
36821,37,0,0,0,0,16,47,0,0,0,0,0,0,0,0,0,0,0,0,15,0,0,0,0,0,22,17,0
639313,37,16,20,0,0,0,27,0,0,0,0,0,14,0,0,0,0,0,0,0,16,0,0,0,0,0,0,0
2654193,37,0,0,0,0,0,64,0,0,0,0,0,0,0,0,0,0,0,0,0,0,0,0,0,0,0,0,0
1446794,37,16,14,0,0,0,54,0,0,0,0,0,0,0,0,0,0,0,0,0,0,0,0,0,0,0,0,0
150123,37,0,0,0,0,0,33,0,0,0,0,0,19,0,0,0,0,0,0,0,32,0,0,0,0,0,0,0
3234852,37,0,16,0,0,13,79,0,0,0,0,0,33,0,0,0,0,16,0,0,16,0,0,0,0,0,0,0
2903578,37,0,0,0,0,31,70,0,0,0,0,0,0,0,0,0,16,0,16,0,0,0,0,0,0,0,0,0
471189,37,0,0,21,0,0,40,0,0,0,0,0,0,0,0,0,0,0,0,10,0,0,129,0,0,0,0,0
2003188,37,0,0,0,0,0,70,0,0,0,18,0,75,0,0,0,53,0,0,0,58,0,0,0,0,0,0,0
1353147,37,54,66,17,20,36,102,0,18,0,10,26,0,0,0,0,0,15,15,0,11,0,18,0,0,0,0,0
3440865,37,13,16,15,21,28,13,0,0,0,0,0,19,0,0,0,12,11,0,13,0,0,27,0,10,11,0,0
1806508,37,0,12,10,0,37,81,0,26,0,0,0,14,0,0,0,65,0,18,85,20,0,18,0,0,0,0,21
2735562,37,22,23,0,0,0,0,13,21,0,0,10,32,0,0,0,0,0,0,34,29,0,26,10,0,14,12,0
2265,37,0,0,0,0,20,23,0,0,0,0,0,0,0,0,0,0,0,0,28,0,0,25,0,0,17,0,15
3073602,37,31,33,0,15,0,0,0,0,0,10,10,0,0,0,0,0,13,0,0,0,0,16,0,0,0,0,0
1987727,37,0,0,0,0,0,0,0,0,0,0,0,0,0,0,0,0,0,0,0,0,0,0,0,0,0,0,0
548914,37,0,0,0,0,0,0,0,0,0,0,0,0,0,0,0,0,0,0,0,0,0,0,0,0,0,0,0
322019,37,0,0,0,0,0,0,15,27,0,0,0,0,11,0,0,28,0,0,11,0,0,0,10,19,0,0,0
10484,37,0,0,0,0,0,0,0,0,0,0,0,0,0,0,0,0,0,0,0,0,0,0,0,0,0,0,0
1678078,37,15,0,0,0,0,0,0,0,0,0,0,0,0,0,0,0,0,0,0,17,0,0,0,0,0,10,0
1070130,36,0,0,0,0,0,0,0,0,0,0,0,0,0,0,0,16,0,0,33,0,12,36,0,0,11,14,14
2675795,36,0,0,0,0,0,0,0,0,0,0,0,0,0,0,0,126,0,0,23,0,0,0,0,0,0,0,0
3071567,36,13,19,18,22,19,30,15,0,0,0,0,0,0,0,0,20,0,0,0,0,0,18,0,0,0,0,0
79967,36,0,0,0,0,14,17,0,0,0,0,0,0,0,0,0,0,0,0,0,0,0,0,0,0,0,0,0
51229,36,0,14,0,0,0,0,0,0,0,0,0,0,0,0,0,0,0,0,12,0,0,0,0,0,0,0,0
2950245,36,0,18,17,18,15,37,0,0,0,0,0,0,0,0,19,79,0,0,40,0,0,26,0,0,18,18,14
1173586,36,0,0,0,0,0,23,0,0,0,0,0,0,0,0,0,0,0,0,54,0,0,14,0,0,0,0,0
2726434,36,0,0,0,0,22,37,0,0,0,0,0,0,0,0,0,0,0,0,30,0,0,27,0,0,0,0,0
2984846,36,16,23,0,11,26,34,0,0,0,0,0,0,0,0,0,54,0,0,59,0,0,51,11,11,21,31,15
710648,36,0,0,0,0,0,0,0,0,0,0,0,0,0,0,0,107,0,0,0,0,0,0,0,0,0,0,0
2777577,36,0,21,0,0,0,0,0,0,0,0,0,0,0,0,0,54,0,0,30,0,0,0,0,0,16,16,14
2745230,36,0,0,0,0,0,28,0,0,0,0,0,0,0,0,0,0,0,0,0,0,0,11,0,0,0,0,0
47883,36,0,0,0,0,52,77,0,18,0,0,0,0,0,0,0,38,0,0,59,0,0,39,0,0,23,13,0
1274359,36,0,0,0,0,0,62,0,0,0,0,0,0,0,0,0,0,0,0,0,0,0,0,0,0,0,0,0
3137778,36,0,0,0,19,0,15,0,0,0,0,0,0,0,0,0,0,0,0,0,0,0,0,0,0,0,0,0
28258,36,0,0,0,0,65,100,0,0,0,0,0,0,0,0,0,0,0,0,11,0,0,0,0,0,13,0,0
207949,36,0,0,0,0,0,12,0,0,0,0,0,13,0,0,0,14,0,0,52,0,0,21,0,0,21,33,27
3035692,36,0,20,44,71,0,20,0,0,0,0,0,0,0,0,0,0,0,0,28,0,0,33,0,0,0,0,0
73141,36,0,0,0,0,19,150,0,0,12,0,0,0,0,0,0,17,0,10,0,0,0,0,0,23,0,0,0
1538553,36,0,0,0,16,25,44,0,0,0,0,0,0,0,0,0,18,0,0,31,0,0,32,0,0,13,15,0
83627,36,15,17,0,0,22,59,0,0,0,0,0,0,0,0,0,43,0,25,0,0,0,0,0,0,0,0,0
3025782,36,0,0,0,0,0,0,0,0,0,0,0,0,0,0,0,0,0,0,0,0,0,0,0,0,0,0,0
2493681,36,0,0,0,0,35,64,0,0,0,0,0,0,0,0,0,0,0,0,26,0,0,0,0,0,0,0,0
2967130,36,44,86,0,0,45,58,0,0,0,0,25,0,0,0,0,0,0,0,19,0,0,0,0,0,0,0,0
1940610,36,0,33,0,0,146,142,0,0,14,0,0,0,0,0,0,24,0,29,0,0,0,0,0,0,0,0,0
3238806,36,21,21,0,0,59,124,0,15,0,0,12,20,0,0,0,0,0,0,0,14,0,0,0,0,0,0,0
13688,36,0,0,0,30,64,126,0,0,0,0,0,0,0,0,0,0,0,0,12,0,0,0,0,0,0,0,0
2709690,36,0,0,0,0,16,53,0,0,0,0,0,0,0,0,0,0,0,0,0,0,0,0,0,0,0,0,0
2867020,36,0,69,33,31,78,1479,0,96,45,0,0,0,0,0,27,0,0,80,0,0,0,17,0,0,0,0,0
1792508,36,0,31,22,32,94,280,0,15,0,0,0,0,0,0,0,10,0,18,0,0,0,482,0,0,0,0,0
1609966,36,0,72,21,0,115,477,0,46,27,0,0,0,0,0,0,106,0,39,0,0,0,0,0,0,0,0,0
1612173,36,0,30,0,108,297,302,34,20,0,0,0,0,0,0,0,16,0,19,0,0,0,0,0,0,0,0,0
1293412,36,0,0,0,0,0,0,14,0,0,0,0,0,0,0,0,0,0,10,18,0,0,0,0,0,13,0,0
78587,36,0,0,0,0,30,62,0,15,0,0,0,0,0,0,0,35,0,0,0,0,0,0,0,0,0,0,0
1926494,36,0,10,0,0,27,53,0,0,0,0,0,0,0,0,14,0,0,0,0,0,0,12,0,0,0,0,0
3074437,36,0,0,22,32,32,95,0,0,0,0,0,0,0,0,0,0,0,0,0,0,0,30,0,0,0,0,0
2081052,36,14,12,0,0,0,0,21,25,0,0,0,0,14,0,0,0,0,0,0,0,0,0,0,0,0,0,0
3394203,36,0,0,13,0,15,46,0,0,0,0,0,0,0,0,0,15,0,17,0,0,0,0,0,0,0,0,0
2651974,36,0,0,0,0,26,138,0,25,40,0,0,0,0,0,0,15,0,0,0,0,0,0,0,0,0,0,0
490,36,0,0,0,0,0,116,0,0,0,0,0,0,0,0,0,0,0,22,0,0,0,38,0,0,0,0,0
504,36,15,17,0,0,0,15,0,0,0,0,0,0,0,0,0,59,0,0,25,0,12,47,0,16,0,0,0
33056,36,0,11,0,0,0,0,0,0,0,0,0,0,0,0,0,0,0,0,32,0,0,16,0,0,0,11,13
39768,36,14,22,0,0,0,0,0,0,0,0,0,25,0,0,0,0,0,0,14,11,0,14,0,0,0,0,0
2761580,36,0,0,12,23,57,61,0,0,0,0,0,0,0,0,0,15,0,0,17,0,0,47,0,0,0,0,0
2685834,36,0,0,0,0,19,20,0,0,0,0,0,0,0,0,0,0,0,0,49,0,0,30,0,0,23,20,15
1092,36,27,20,0,13,0,0,0,0,0,0,0,13,0,0,0,32,0,0,0,0,0,13,0,0,0,0,0
1387353,36,18,24,0,19,38,192,0,11,11,0,18,16,0,0,0,0,0,18,13,0,0,19,0,0,0,0,0
2736,36,11,0,0,0,19,102,0,0,12,0,0,31,0,0,0,24,0,17,0,12,0,18,0,0,0,0,0
2766982,36,0,0,0,33,0,0,0,0,0,0,0,0,0,0,0,0,0,0,0,0,0,31,0,12,0,0,0
167,36,18,21,0,11,0,0,10,22,0,0,0,14,0,0,0,66,0,0,59,35,0,32,0,0,10,21,13
2810563,36,0,20,0,0,0,38,0,0,0,0,0,0,0,0,0,0,10,0,0,0,0,91,0,0,0,0,0
2810562,36,0,0,16,26,21,58,0,0,0,0,0,0,0,0,0,10,13,21,25,0,0,93,0,0,16,0,0
1842532,36,0,0,0,11,0,24,0,0,0,0,0,0,0,0,0,14,0,0,11,0,0,10,0,0,0,0,0
65555,36,0,10,0,10,14,18,0,0,0,0,0,0,0,0,0,14,0,10,13,0,0,113,0,0,0,0,0
3133319,36,0,17,0,0,0,74,0,0,0,0,0,0,0,0,0,0,0,0,0,0,0,0,0,0,0,0,0
2567896,36,0,13,14,19,37,301,0,27,19,0,19,0,0,0,0,0,0,19,15,0,0,21,0,0,0,0,0
3069691,36,0,0,13,19,0,42,0,0,0,0,0,0,0,0,0,23,0,0,11,0,0,34,0,0,11,14,0
2954587,36,0,0,0,0,0,0,0,0,0,0,0,0,0,0,0,0,0,0,0,0,0,0,0,0,0,0,0
3236892,36,0,0,0,12,48,35,0,0,0,0,0,0,0,0,0,0,0,0,14,0,0,0,0,30,0,12,0
2878915,36,21,20,0,0,0,13,20,31,17,0,0,0,0,43,0,0,10,0,17,13,0,18,0,0,0,0,0
407035,36,0,0,0,0,0,13,0,0,0,0,0,0,0,0,0,0,0,0,32,0,0,16,0,0,17,13,0
2921556,36,0,0,0,0,11,15,0,0,0,0,0,0,0,0,0,77,0,0,12,0,0,43,0,0,0,0,0
97478,36,0,0,0,0,19,0,0,0,0,0,0,15,0,0,0,23,0,36,29,0,0,32,0,0,0,0,0
259059,36,0,0,0,0,0,0,0,0,0,0,0,0,0,0,18,152,0,0,19,0,0,53,0,0,26,14,15
1296540,36,0,32,21,28,16,0,0,0,0,0,0,13,0,0,13,93,0,0,13,0,0,15,0,0,0,15,0
1326,36,0,0,0,13,0,0,0,0,0,0,0,0,0,0,0,0,0,0,0,0,0,29,0,0,0,0,0
2571750,36,0,0,0,19,0,0,0,0,0,0,0,11,0,0,0,0,0,0,35,0,0,33,0,0,20,14,0
2610895,36,0,0,0,0,0,12,0,0,0,0,0,0,0,0,0,0,0,0,0,0,0,0,0,0,0,0,0
626937,36,0,19,0,0,14,0,0,0,0,0,0,0,0,0,0,0,0,0,0,0,0,0,0,0,0,0,0
2823317,36,0,0,0,0,0,0,0,0,0,0,0,0,0,0,0,0,0,0,27,0,0,14,0,0,19,0,0
3075198,36,24,37,0,0,22,73,0,0,0,0,20,0,0,0,0,0,0,0,0,0,0,0,0,0,0,0,0
1535768,36,15,18,0,0,27,66,0,0,0,0,0,22,0,0,0,0,0,0,0,12,0,0,0,0,0,0,0
362257,36,0,17,0,0,19,68,0,0,0,0,0,0,0,0,0,0,0,0,13,0,0,0,0,0,0,0,0
2797636,36,0,0,0,22,24,58,0,0,0,0,0,0,0,0,0,76,0,0,0,0,0,0,0,0,0,0,0
2742135,36,0,0,0,0,31,97,0,0,0,0,0,0,0,0,0,0,0,0,0,0,0,0,0,0,0,0,0
300028,36,0,0,0,0,0,42,0,0,0,0,0,0,0,0,0,0,0,0,0,0,0,0,0,0,0,0,0
575200,36,13,12,0,0,11,31,0,0,0,0,0,0,0,0,0,0,0,0,0,0,0,0,0,0,0,0,0
1852390,36,0,0,0,0,0,0,0,17,0,12,0,0,0,0,0,0,0,12,0,0,0,0,0,0,0,0,0
319706,36,0,0,50,54,38,95,0,0,0,0,0,0,0,0,0,0,0,0,0,0,0,0,0,0,0,0,0
39687,36,51,53,0,0,0,287,0,0,0,0,0,0,0,0,0,0,0,0,20,0,0,0,0,0,0,0,0
44010,36,0,0,0,0,12,35,0,0,0,0,0,0,0,0,0,0,0,0,0,0,0,0,0,0,0,0,0
232537,36,0,0,0,0,0,0,0,0,0,0,0,0,0,0,0,0,0,0,0,0,0,0,0,0,0,0,0
944492,36,0,0,0,0,33,89,0,0,0,0,0,0,0,0,0,11,0,0,0,0,0,18,0,0,0,0,0
31958,36,0,0,12,15,23,99,0,0,0,0,0,0,0,0,0,0,0,15,25,0,0,142,0,0,0,0,0
222819,36,21,14,43,60,219,127,48,93,22,0,14,28,0,10,0,17,0,27,44,11,0,100,0,0,15,10,0
3066286,36,0,15,0,0,0,0,0,12,0,0,0,10,0,0,0,0,0,0,25,0,0,13,0,0,0,0,0
2801918,36,0,0,0,15,0,0,0,0,0,0,0,0,0,0,0,28,0,0,18,0,0,11,0,0,0,18,0
35773,36,0,0,0,0,0,0,0,0,0,0,0,0,0,0,0,0,0,0,0,0,0,18,0,0,0,0,0
146826,36,0,0,0,0,0,0,0,0,0,0,0,0,0,0,39,97,0,0,0,0,0,0,0,0,0,0,0
2969672,36,0,0,0,0,0,0,0,0,0,0,0,0,0,0,0,0,0,0,0,0,0,16,0,0,0,0,0
3060402,36,0,0,0,0,0,0,0,0,0,0,0,0,0,0,0,0,0,0,0,0,0,0,0,0,0,0,0
3427843,36,10,12,0,0,0,0,0,0,0,0,0,0,0,0,0,0,0,0,13,0,0,0,0,0,0,0,0
2501954,36,0,0,0,0,0,0,0,0,0,0,0,0,0,0,0,0,0,0,0,0,0,0,0,0,0,0,0
3047786,36,0,0,0,0,0,0,0,0,0,0,0,0,0,0,0,0,0,0,12,0,0,0,0,0,0,0,0
2923366,35,0,0,0,0,0,0,0,0,0,0,0,0,0,0,0,0,0,0,0,0,0,0,0,0,11,0,0
700220,35,18,20,0,0,0,0,61,53,0,0,0,0,19,0,26,139,0,0,19,0,0,29,15,21,11,0,0
1715285,35,0,0,0,0,0,0,0,0,0,0,0,0,0,0,0,0,0,0,13,0,0,0,0,0,0,0,0
3423225,35,19,44,0,0,0,0,0,0,0,0,12,10,0,0,0,0,0,0,34,25,0,0,0,0,16,14,10
3082387,35,65,50,0,0,0,0,0,0,0,0,0,0,0,0,0,0,0,0,0,0,0,0,0,0,0,0,0
379097,35,24,58,0,0,0,34,0,0,0,0,0,0,0,0,0,0,19,0,19,0,18,0,0,0,15,0,0
1294143,35,0,0,0,0,22,46,0,0,0,0,0,0,0,0,0,0,0,50,0,0,0,0,0,0,0,0,0
1573711,35,0,0,0,0,19,0,0,0,0,0,0,0,0,0,0,0,0,0,0,0,0,0,0,0,0,0,0
298,35,22,33,0,0,0,43,0,0,0,0,0,0,0,0,0,0,0,0,0,0,0,28,0,0,0,0,0
2867264,35,0,0,0,0,0,25,0,0,0,0,0,0,0,0,0,0,0,0,14,0,0,14,0,0,13,0,0
2906062,35,0,0,24,25,40,75,0,0,0,0,0,0,0,0,0,0,0,0,0,0,0,0,0,0,0,0,0
1434072,35,0,0,12,22,29,48,0,0,0,0,0,0,0,0,0,14,0,0,29,0,0,13,0,0,12,21,0
3070815,35,0,10,0,0,0,19,0,13,0,0,0,0,0,0,16,80,0,0,17,0,0,23,0,12,13,34,36
3458298,35,0,0,0,0,17,64,0,0,0,0,0,0,0,0,0,165,0,0,73,0,0,15,0,0,0,0,0
3243030,35,0,0,0,0,14,62,0,0,0,0,0,0,0,0,0,0,0,0,0,0,0,11,0,0,0,0,0
1945512,35,28,20,0,0,0,25,32,0,0,0,0,0,0,0,0,16,0,0,0,0,0,18,0,0,0,15,0
3230977,35,0,0,10,0,17,99,0,13,15,0,0,0,0,0,0,59,0,0,0,0,14,15,0,13,0,0,0
754476,35,0,16,22,23,40,60,15,24,0,0,0,0,0,0,0,31,0,10,27,0,0,26,0,0,0,0,0
2911520,35,0,0,99,0,76,89,0,0,0,0,0,0,0,0,0,0,0,0,33,0,0,132,0,0,0,15,18
1295382,35,0,0,0,12,13,96,0,0,0,0,0,0,0,0,0,17,0,13,0,0,0,0,0,0,0,0,0
2782674,35,0,0,0,0,0,54,0,0,0,0,0,0,0,0,0,26,0,38,22,0,0,0,0,0,0,0,0
1325115,35,66,15,0,0,27,59,0,0,0,0,18,0,0,0,0,35,0,34,0,0,0,31,0,11,0,0,0
388408,35,13,31,0,0,146,157,0,18,0,0,0,11,0,0,0,20,0,0,338,0,19,17,0,18,18,0,0
680248,35,13,17,0,22,47,82,0,0,0,0,13,0,0,0,0,0,0,18,15,0,0,13,0,0,0,0,0
34021,35,0,0,11,12,0,0,0,0,0,0,0,0,0,0,0,82,0,0,0,0,0,78,0,0,19,12,0
33046,35,0,0,0,36,26,40,0,0,0,0,0,0,0,0,0,0,0,0,38,0,0,26,0,0,0,0,15
2854036,35,0,19,0,0,92,150,0,0,0,0,0,0,0,0,0,0,0,28,0,0,0,0,0,0,17,0,0
3374549,35,13,12,34,43,37,71,0,0,0,0,0,0,0,0,0,38,0,0,25,0,0,49,0,0,21,17,37
2976459,35,23,28,0,0,55,59,0,0,0,0,0,0,0,0,0,0,0,0,0,0,0,0,0,0,0,0,0
1871050,35,0,0,0,0,88,84,0,0,0,0,0,0,0,0,0,0,0,0,0,0,0,17,0,0,0,0,0
2419844,35,0,0,0,0,48,83,0,0,0,0,0,0,0,0,0,18,0,0,0,0,0,0,0,0,0,0,0
1208324,35,0,55,23,32,121,499,0,40,0,0,0,0,0,0,0,0,0,22,0,0,0,0,0,0,0,0,0
266,35,0,32,0,0,74,215,0,0,0,0,0,0,0,0,0,14,0,16,0,0,0,42,0,0,0,0,0
3066275,35,0,36,0,0,0,0,0,0,0,0,0,0,0,0,0,0,0,0,29,35,0,0,0,0,0,0,0
3374196,35,0,32,0,0,0,0,46,36,0,0,0,34,0,20,0,18,0,0,177,0,15,0,0,0,38,35,31
1891094,35,0,0,0,0,25,27,0,13,0,0,0,0,0,0,0,0,0,0,0,0,0,0,0,0,0,0,0
332657,35,0,0,0,0,18,28,0,0,0,0,0,0,0,0,0,0,0,23,0,0,0,0,0,0,0,0,0
2029117,35,0,0,0,11,16,64,0,0,0,0,0,0,0,0,0,0,0,0,0,0,0,0,0,0,0,0,0
2683234,35,0,0,0,0,20,71,0,0,0,0,0,0,0,0,0,0,0,0,0,0,0,0,0,0,0,0,0
157592,35,0,0,39,49,34,70,0,0,0,0,0,0,0,0,0,0,0,0,0,0,0,33,0,0,0,0,0
1160784,35,37,29,0,0,0,0,0,0,0,0,0,13,0,0,0,41,0,10,0,0,0,0,0,0,0,0,0
906888,35,0,21,12,13,21,27,0,0,0,0,0,15,0,0,0,24,0,0,24,0,0,41,0,0,15,12,0
1178516,35,29,44,0,0,19,18,0,15,0,0,16,24,0,0,0,22,0,14,44,13,0,20,0,0,0,44,16
470565,35,38,54,0,0,47,119,0,0,0,0,12,19,0,0,0,34,0,0,22,18,0,19,0,0,0,0,0
454155,35,0,0,0,0,19,22,0,19,0,0,0,0,0,0,31,450,0,0,23,0,0,0,0,0,43,0,18
1751071,35,0,14,10,11,0,13,0,0,0,0,0,0,0,0,0,0,0,0,32,0,0,30,0,0,17,24,0
2711231,35,0,0,0,0,25,134,0,15,0,0,0,24,0,0,0,68,0,23,23,15,0,22,10,0,0,0,0
2697043,35,0,0,0,0,17,28,0,0,0,0,0,0,0,0,0,22,0,12,0,0,0,0,0,0,0,0,0
2954647,35,0,0,0,0,0,0,0,0,0,0,0,0,0,0,0,0,0,0,0,0,0,0,0,0,0,53,46
2921370,35,0,0,0,0,0,0,0,0,0,0,0,0,0,0,0,0,0,0,0,0,0,0,0,0,0,0,0
1232430,35,0,0,0,0,0,0,25,23,0,0,0,0,11,0,0,0,0,0,0,0,0,24,0,0,0,0,0
1038856,35,0,0,0,13,79,67,0,0,0,0,0,0,0,0,0,0,0,0,0,0,0,13,0,0,0,0,0
860353,35,0,0,0,0,0,0,0,0,0,0,0,0,0,0,0,0,0,0,0,0,0,42,0,0,0,0,0
2665646,35,0,0,13,0,12,22,0,0,0,0,0,10,0,0,0,77,0,0,0,16,0,27,0,0,0,0,0
942150,35,0,0,0,0,0,0,32,16,0,0,0,0,0,15,0,0,0,0,22,0,0,0,0,0,0,0,0
88233,35,16,30,0,0,0,12,0,0,0,0,0,0,0,0,0,0,0,0,13,0,0,13,0,0,18,21,0
128944,35,0,0,0,0,0,0,19,20,0,0,0,13,0,0,0,0,0,0,0,0,0,0,0,0,0,0,0
2976812,35,0,0,17,0,41,22,0,16,0,0,0,0,0,0,0,0,0,0,0,0,0,31,0,0,0,0,0
676965,35,0,0,0,0,0,0,0,0,0,0,0,0,0,0,0,0,0,0,26,0,0,0,0,0,0,0,0
243899,35,0,10,0,0,0,11,11,17,0,0,0,0,0,0,0,47,0,0,61,0,0,10,0,11,69,31,16
2825844,35,0,0,0,0,29,79,0,0,0,0,0,0,0,0,0,53,0,0,0,13,0,0,0,0,0,0,0
2975921,35,0,17,0,21,65,94,0,0,0,0,0,0,0,0,0,0,0,0,0,0,0,0,0,0,0,0,0
3074379,35,0,22,0,0,0,42,0,0,0,0,0,0,0,0,0,0,0,0,0,0,0,0,0,0,0,0,0
568869,35,0,0,0,0,27,57,0,0,0,0,0,0,0,0,0,0,0,11,0,0,0,0,0,0,0,0,0
3127701,35,0,0,0,0,14,45,0,0,0,0,0,0,0,0,0,0,0,0,0,0,0,0,0,0,0,0,0
66374,35,0,0,0,0,33,109,0,0,0,0,0,0,0,0,0,0,0,0,0,0,0,23,0,0,0,0,0
38302,35,0,0,0,0,0,28,0,0,0,0,0,0,0,0,0,0,0,0,0,0,0,0,0,0,0,0,0
1717,35,0,0,0,0,0,0,0,0,0,0,0,0,0,0,0,0,0,0,0,0,0,58,0,0,0,0,0
2597659,35,0,0,0,0,0,32,0,0,0,0,0,0,0,0,0,0,0,0,0,0,0,15,0,0,0,0,0
2875729,35,0,0,0,0,0,16,0,0,0,0,0,0,0,0,0,0,0,0,0,0,0,0,0,0,0,0,0
3445355,35,0,12,0,0,20,27,0,0,0,0,0,58,0,0,0,0,0,0,0,20,0,0,0,0,0,0,0
37921,35,0,0,0,0,0,84,0,0,0,0,0,0,0,0,0,0,0,0,0,0,0,0,0,0,0,0,0
412689,35,17,14,0,0,0,61,0,0,0,0,0,21,0,0,0,0,0,0,0,0,0,0,0,0,0,0,0
3111767,35,18,46,0,0,0,71,0,0,0,0,0,0,0,0,0,0,0,0,0,0,0,0,0,0,0,0,0
3156396,35,35,52,0,0,0,32,0,0,0,0,0,0,0,0,0,0,0,0,0,0,0,0,0,0,0,0,0
1747,35,27,38,130,210,623,35890,519,192,605,490,55,123,179,59,526,2694,41,8617,82,105,75,213,71,747,30,183,0
33010,35,0,0,0,0,0,172,0,0,0,0,0,0,0,0,0,14,0,34,0,0,14,31,0,0,0,0,0
3406626,35,0,13,17,17,43,102,0,18,22,0,0,0,0,0,0,14,0,0,0,0,0,13,0,0,0,0,0
3096220,35,0,0,0,0,0,40,0,0,0,0,0,0,0,61,15,75,0,0,28,0,0,19,0,0,43,0,0
2141,35,38,38,0,0,21,0,0,0,0,0,0,0,0,0,0,0,0,0,32,0,0,32,0,0,15,0,0
1508420,35,0,0,0,64,55,0,0,0,0,0,0,0,0,0,0,0,0,0,62,0,0,91,0,0,0,13,18
172827,35,0,0,0,0,0,12,0,0,0,0,0,0,0,0,0,0,0,0,0,0,0,0,0,0,0,0,0
2953746,35,0,0,0,0,0,13,0,0,0,0,0,0,0,0,0,56,0,0,10,0,0,0,0,0,0,0,0
3060323,35,0,0,0,0,0,0,0,0,0,0,0,0,0,0,0,0,0,0,0,0,0,0,0,0,0,0,0
2681986,34,0,13,0,0,0,0,0,0,0,0,0,56,0,0,0,16,0,0,0,0,0,0,0,0,0,0,0
2492396,34,0,0,0,0,0,0,0,0,0,0,0,0,0,0,0,0,0,0,0,0,0,24,0,0,0,0,0
2873269,34,0,0,0,0,0,0,0,0,0,0,0,0,0,0,0,0,0,0,0,0,0,0,0,0,0,0,0
65700,34,0,0,0,17,13,0,0,0,0,0,0,0,0,0,0,0,0,0,16,0,0,16,0,0,0,0,0
2066479,34,0,0,0,11,0,0,0,0,0,0,0,0,0,0,0,0,0,0,0,0,0,0,0,0,0,0,0
2722756,34,0,0,0,0,23,36,0,21,0,0,0,0,0,0,0,0,0,0,43,0,0,15,0,0,0,0,0
2864202,34,0,0,0,0,0,0,0,0,0,0,0,0,0,0,0,0,0,0,0,0,0,0,0,0,0,0,0
1940690,34,0,13,0,0,16,15,0,0,0,0,0,0,0,0,0,11,0,0,0,0,0,11,0,0,0,0,0
3064001,34,0,17,16,32,31,24,0,0,0,0,0,0,0,0,0,0,0,0,0,0,0,139,0,0,14,0,0
2487887,34,0,0,0,0,13,33,0,0,0,0,0,12,0,0,0,19,0,0,0,0,0,0,0,0,0,0,0
521720,34,0,0,0,0,43,78,0,0,0,0,0,0,0,0,0,11,0,0,0,0,0,0,0,0,0,0,0
2917715,34,0,0,0,0,0,53,0,0,0,0,0,0,0,0,0,0,0,0,0,0,0,0,0,0,0,0,0
2726122,34,0,0,0,0,19,24,0,0,0,0,0,0,0,0,0,0,0,0,0,0,23,0,0,13,0,0,0
1148196,34,0,22,45,61,101,187,0,13,0,0,0,31,0,0,0,0,0,0,0,0,0,12,0,0,0,0,0
1085644,34,21,19,0,0,17,16,0,0,0,0,13,10,0,0,0,50,0,0,12,13,54,20,0,13,17,20,0
96472,34,0,17,0,0,0,21,0,0,0,0,0,0,0,0,0,0,0,0,12,0,0,0,0,0,0,0,0
186931,34,0,0,16,14,21,120,0,0,11,0,0,0,0,0,0,14,0,105,0,0,0,0,0,0,0,0,0
1811807,34,0,14,0,0,20,74,0,23,0,0,0,0,0,0,0,23,0,0,15,0,0,16,0,0,0,0,0
2785785,34,0,37,48,30,28,48,0,0,0,0,0,0,0,0,0,49,0,0,21,0,0,14,0,0,0,0,37
3080014,34,0,0,0,14,32,66,0,0,0,0,0,0,0,0,18,64,0,52,0,0,0,13,0,0,0,0,0
3016006,34,0,65,19,21,126,389,0,19,28,0,0,0,0,0,27,17,0,39,0,0,0,20,0,0,0,0,0
2589974,34,0,0,0,75,0,55,0,0,0,0,0,0,0,0,0,0,0,0,0,0,0,0,0,0,0,0,0
1867719,34,16,25,24,24,44,130,0,11,0,0,0,16,0,0,0,63,0,23,44,10,0,0,0,0,0,12,11
3273802,34,20,33,0,0,50,51,0,0,0,0,0,26,0,0,0,0,0,12,0,13,0,11,0,0,0,0,0
2864102,34,0,0,0,0,0,27,0,0,0,0,0,0,0,0,0,0,0,0,0,0,0,0,0,0,0,0,0
391905,34,0,0,0,0,50,51,0,0,0,0,0,0,0,0,0,11,0,0,0,0,0,10,0,0,0,0,0
2937788,34,10,26,17,21,87,286,16,39,0,0,0,0,0,0,0,0,0,15,0,0,0,12,0,0,0,0,0
1813468,34,0,20,0,0,60,163,26,0,0,0,0,0,0,0,0,0,0,0,0,0,0,0,0,0,0,0,0
93064,34,0,29,0,0,146,249,0,0,0,0,0,0,0,0,0,0,0,56,0,0,0,0,0,0,0,0,0
2726189,34,14,19,0,0,10,25,0,0,0,0,0,18,0,0,0,0,0,0,0,17,14,0,0,0,0,0,0
255984,34,0,0,12,33,0,48,0,0,0,0,0,0,0,0,0,0,0,0,0,0,0,65,0,0,0,0,0
2589076,34,0,25,12,16,63,172,0,0,0,0,0,0,0,0,0,0,0,66,0,0,0,0,0,0,0,0,0
3066271,34,50,42,0,0,0,0,0,0,0,0,0,33,0,0,0,0,0,0,23,0,0,0,0,0,0,0,0
3066260,34,0,0,0,0,0,0,0,0,0,0,0,0,0,0,0,0,0,0,0,0,0,177,0,0,0,0,0
1216886,34,0,0,0,0,0,69,0,0,0,0,0,0,0,0,0,0,0,0,14,0,0,0,0,0,0,0,0
1921001,34,0,0,0,0,10,15,0,0,0,0,0,0,0,0,0,11,0,0,15,0,0,0,0,0,0,0,0
2770234,34,12,18,0,0,0,0,0,0,0,0,0,0,0,0,0,32,0,0,0,0,0,14,0,0,0,0,0
2839983,34,0,0,0,0,32,100,0,0,0,0,0,0,0,0,0,0,0,0,0,0,0,18,0,0,0,0,0
2878150,34,0,17,0,0,11,49,0,0,0,0,0,0,0,0,0,0,0,0,16,0,0,0,0,0,0,0,0
1177213,34,13,22,0,0,0,0,0,0,0,0,11,0,0,0,0,37,0,0,36,0,0,17,0,0,11,0,0
1288495,34,0,0,0,0,39,144,0,0,0,0,0,0,0,0,0,0,0,0,0,0,0,0,0,0,0,0,0
242600,34,0,23,0,0,0,16,0,0,0,0,0,34,0,0,10,0,11,10,39,21,0,21,0,0,17,13,0
333140,34,0,46,33,342,157,550,454,355,10,0,0,0,0,0,14,79,0,0,17,0,0,20,0,0,0,0,0
28111,34,0,18,19,29,20,28,0,0,0,0,0,0,0,0,0,79,0,0,89,0,0,101,0,0,50,20,17
2921616,34,0,11,23,37,0,13,34,0,0,0,0,0,0,0,0,200,0,0,21,0,0,33,0,16,15,0,0
2099786,34,0,0,28,39,48,43,0,0,0,0,0,0,0,0,0,0,0,0,29,0,0,38,0,0,14,12,0
3242681,34,0,0,74,47,0,0,0,0,0,0,0,102,0,0,0,0,0,0,49,0,0,0,0,0,0,0,0
169760,34,0,0,21,32,0,14,0,0,0,0,0,0,0,0,0,64,0,15,74,11,83,28,0,172,14,27,0
3242193,34,17,19,0,15,18,0,0,0,0,0,0,12,0,0,0,0,0,0,20,21,0,50,0,0,0,0,0
2058328,34,0,0,0,0,0,0,0,0,0,0,0,0,0,0,0,0,0,0,0,0,0,0,0,0,0,0,0
2921474,34,62,82,34,80,49,33,0,0,0,0,0,57,0,0,0,0,0,0,0,0,0,67,0,0,0,0,0
294699,34,0,0,0,16,11,14,0,0,0,0,0,0,0,0,28,138,0,0,31,0,0,27,0,0,0,0,0
3136601,34,0,0,0,0,0,0,0,0,0,0,0,0,0,0,0,0,0,0,0,0,0,0,0,0,0,11,0
2903844,34,0,0,0,0,0,46,0,0,0,0,0,0,0,0,0,0,0,0,25,0,0,0,0,0,0,0,0
2975965,34,0,0,0,0,55,125,0,24,0,0,0,0,18,0,0,0,0,38,87,0,0,0,0,0,36,48,41
1408191,34,0,0,0,0,14,0,0,0,0,0,0,0,0,0,0,0,0,0,21,0,0,249,0,0,0,0,0
99807,34,0,0,0,17,0,19,0,0,0,0,0,17,0,0,0,0,0,0,103,0,0,28,0,0,0,0,0
2014537,34,0,13,0,0,0,0,0,0,0,0,0,0,0,0,0,22,0,0,0,0,0,0,0,0,0,0,0
2761578,34,0,0,0,0,16,42,0,0,0,0,0,0,0,0,0,0,0,0,19,0,0,0,0,0,0,0,0
1670,34,0,0,0,14,21,34,0,0,0,0,0,0,0,0,0,0,0,0,12,0,0,37,0,0,0,0,0
1903186,34,0,0,0,0,21,58,0,0,0,0,0,0,0,0,0,0,0,14,20,0,0,0,0,0,0,0,0
2975987,34,0,0,0,0,25,49,0,0,0,0,0,0,0,0,0,0,0,26,0,0,0,0,0,0,0,0,0
1967498,34,0,0,106,60,199,1172,0,63,53,0,41,48,0,0,35,16,0,134,0,0,0,26,0,10,0,0,0
44822,34,0,0,0,0,0,0,0,0,0,0,0,0,0,0,0,0,0,0,0,0,0,0,0,0,0,0,0
3066306,34,0,0,0,0,0,0,0,0,0,0,0,0,0,0,0,0,0,0,0,0,0,0,0,0,0,0,0
273136,34,0,13,0,17,0,0,0,0,0,14,0,18,0,0,0,22,0,0,0,37,0,26,0,0,0,0,0
171291,34,10,21,0,0,0,0,0,0,29,0,0,10,0,0,0,10,0,0,10,0,0,10,0,0,0,0,0
114881,34,0,0,0,0,0,0,37,39,0,0,0,0,12,0,0,32,0,0,20,0,0,12,0,0,13,0,0
92404,34,0,0,0,0,0,0,0,0,0,0,0,0,0,0,0,37,0,0,0,0,0,0,0,10,0,0,0
673862,34,0,0,0,0,0,0,10,11,0,0,0,0,0,0,13,13,0,0,109,0,0,28,0,11,44,32,36
2937524,34,0,0,0,0,0,11,0,0,0,0,0,0,0,0,0,0,0,0,0,0,0,0,0,0,0,0,0
2874846,34,0,0,0,0,23,12,0,0,0,0,0,0,0,0,0,16,0,0,23,0,0,11,0,0,0,0,0
2956255,34,0,0,0,0,0,0,0,13,0,0,0,0,0,0,0,0,0,0,0,0,0,0,0,0,0,0,0
2080449,34,0,0,0,0,0,0,0,0,0,0,0,0,0,0,0,0,0,0,0,0,0,0,0,0,0,0,0
3104013,33,0,0,0,0,0,0,0,0,0,0,0,18,0,0,0,0,0,0,0,0,0,0,0,0,0,0,0
2725560,33,0,12,0,0,0,34,0,0,0,0,0,0,0,0,0,0,0,0,0,0,0,19,0,0,0,0,0
3344550,33,0,0,0,10,0,0,0,0,0,0,0,0,0,0,0,0,0,0,0,0,0,22,0,0,0,0,0
3050637,33,0,16,14,14,18,24,0,0,0,0,0,0,0,0,0,14,0,0,38,0,0,26,0,0,0,11,0
3399679,33,0,0,0,0,11,32,0,0,0,0,0,0,0,0,0,0,0,0,0,0,0,28,0,0,0,0,0
2855434,33,0,0,0,0,0,0,0,0,0,0,0,0,0,0,0,113,0,0,22,0,0,0,0,0,0,127,0
2762576,33,21,38,0,0,20,44,0,0,0,0,11,23,0,0,0,0,0,0,0,33,0,14,0,0,0,0,0
1033846,33,0,25,16,13,29,52,0,34,0,0,0,0,0,0,0,0,0,0,0,0,0,0,0,0,0,0,0
33074,33,0,0,0,0,0,0,0,0,0,0,0,0,0,0,0,0,0,0,0,0,0,0,0,0,0,0,0
1821621,33,0,0,0,16,28,70,0,0,0,0,0,0,0,0,0,16,0,0,17,0,0,10,0,0,0,0,0
111769,33,0,0,0,0,0,11,0,0,0,0,0,0,0,0,0,29,0,0,38,0,0,12,0,21,0,0,0
2687299,33,0,0,0,0,15,39,0,0,0,0,0,0,0,0,0,0,0,0,13,0,0,10,0,0,0,0,0
1548547,33,0,0,18,22,62,371,0,38,30,0,12,17,0,0,11,14,0,0,0,0,0,16,0,0,0,0,0
2493673,33,0,0,0,0,50,71,0,0,0,0,0,0,0,0,0,0,0,0,0,0,0,0,0,0,0,0,0
2744515,33,0,0,0,0,25,53,0,0,0,0,0,0,0,0,0,0,0,0,0,0,0,14,0,0,0,0,0
2051553,33,43,60,21,20,83,141,0,0,28,0,0,15,0,0,0,26,0,18,0,0,0,18,0,0,0,0,0
571256,33,0,0,24,40,148,107,42,32,0,0,0,0,0,0,0,0,0,0,48,0,0,46,0,0,0,0,0
3080057,33,0,0,0,0,60,96,0,0,0,0,0,0,0,0,0,0,0,23,0,0,0,0,0,0,0,0,0
2885079,33,0,28,0,0,28,77,0,0,0,0,0,0,0,0,0,14,0,0,0,0,0,0,0,0,0,0,0
173366,33,0,0,21,36,42,91,13,20,0,0,0,0,12,0,12,77,0,0,0,0,0,13,0,0,0,0,0
2033869,33,0,14,13,0,62,144,0,0,0,0,0,0,0,0,0,10,0,0,0,0,0,0,0,0,0,0,0
1812112,33,0,0,0,0,0,0,0,0,0,0,0,0,0,0,13,23,0,0,36,0,0,35,0,0,13,15,0
1388755,33,12,13,12,23,0,11,11,10,0,0,0,43,0,0,28,13,0,0,29,0,0,22,0,0,28,0,10
1925548,33,25,36,18,29,38,26,0,0,0,0,0,22,0,0,0,0,0,0,0,16,0,24,0,0,0,0,0
481146,33,0,0,13,0,39,36,0,0,0,0,0,0,0,0,0,166,0,0,30,0,0,0,0,0,46,19,0
265959,33,0,0,0,23,36,58,0,0,0,0,0,23,0,0,0,0,0,0,0,0,0,0,0,0,0,0,0
657419,33,32,102,36,36,292,292,21,29,17,0,0,0,17,0,0,81,0,24,0,0,0,20,0,0,0,0,19
2604047,33,0,0,0,15,13,28,0,0,0,0,0,0,0,0,0,24,0,0,21,0,0,19,0,0,0,0,0
1855616,33,19,31,0,0,0,0,37,31,0,0,0,0,21,0,0,40,0,0,0,15,0,0,0,0,0,0,0
1796606,33,0,0,0,0,36,95,0,0,0,0,0,0,0,0,0,0,0,57,0,0,0,0,0,0,0,0,0
3234144,33,0,12,0,12,14,48,0,0,0,0,0,0,0,0,0,0,0,0,18,0,0,0,0,0,0,0,0
1842727,33,0,25,0,0,52,177,0,0,0,0,17,0,0,0,0,12,0,0,0,0,0,13,0,0,0,0,0
217204,33,0,0,0,13,29,82,0,0,0,0,0,0,0,0,0,10,0,0,12,0,0,0,0,0,0,12,0
2496847,33,0,0,0,0,17,91,0,0,0,21,0,13,0,0,0,0,0,0,0,23,0,0,0,0,0,0,0
76116,33,0,0,0,0,21,80,0,0,17,0,0,0,0,0,0,0,0,15,0,0,17,0,0,0,0,0,0
1484118,33,25,20,0,0,25,54,0,0,0,0,10,14,0,0,0,30,0,0,0,12,21,0,0,0,0,0,0
338188,33,0,0,0,0,0,0,0,0,0,0,0,0,0,0,0,91,0,0,0,0,0,23,0,0,0,0,0
2913616,33,0,0,17,29,0,0,0,0,0,0,0,0,0,0,0,14,0,0,16,0,0,39,0,0,0,0,0
867595,33,0,11,0,14,19,21,0,0,0,0,0,0,0,0,0,0,0,0,0,14,0,11,0,0,0,0,0
35817,33,0,0,0,0,0,0,0,0,0,0,0,0,0,0,0,0,0,0,13,0,0,0,0,0,0,0,0
2954236,33,0,0,0,0,0,11,0,0,0,0,0,0,0,0,0,0,0,13,10,0,0,0,0,0,0,0,0
1331910,33,0,0,0,0,0,26,0,0,0,0,0,0,0,0,0,0,0,0,31,0,0,10,0,0,0,0,0
143,33,20,22,31,17,0,0,0,12,29,0,0,10,0,0,0,59,0,0,22,0,0,126,0,0,0,0,0
63561,33,11,12,0,0,0,31,0,0,0,0,0,0,0,0,0,0,0,0,12,0,0,0,0,0,0,0,0
1936990,33,0,0,0,0,12,17,0,0,0,0,0,0,0,0,0,0,0,0,0,0,0,12,0,0,0,0,12
3122489,33,0,0,0,0,0,0,0,0,0,0,0,0,0,0,0,0,0,0,0,0,0,0,0,0,0,0,0
2921710,33,0,0,0,0,0,0,0,0,0,0,0,0,0,0,0,0,0,0,0,0,0,0,0,0,0,0,0
373687,33,0,0,0,16,12,0,0,0,0,0,0,0,0,0,0,33,0,0,0,0,0,16,0,0,0,0,12
375489,33,0,0,0,13,20,20,0,0,0,0,0,0,0,0,0,13,0,0,18,0,0,34,0,0,17,15,28
44252,33,0,0,12,22,29,40,0,0,0,0,0,0,0,0,17,93,0,0,32,0,0,29,0,0,21,18,0
1452732,33,21,35,0,25,0,0,0,0,0,0,0,13,0,0,0,0,0,0,20,0,82,30,0,116,0,0,0
2213202,33,0,0,0,0,0,0,10,19,0,0,0,0,0,0,0,0,0,0,31,0,0,12,0,0,0,0,0
405212,33,13,27,0,0,0,23,0,0,0,10,11,16,0,0,0,0,10,0,0,0,0,0,0,0,0,0,0
1475485,33,0,0,0,0,0,0,0,0,0,0,0,0,0,0,0,0,0,0,0,0,0,30,0,0,0,0,0
2292255,33,0,10,0,10,0,0,10,17,0,11,0,15,0,0,0,0,0,0,0,21,0,0,0,0,0,0,0
2940299,33,0,0,0,0,0,0,0,0,0,0,0,18,0,0,12,75,0,0,0,15,10,14,0,0,30,19,0
3418555,33,24,24,31,15,14,0,0,19,0,11,10,37,13,0,0,67,0,0,25,22,20,38,19,30,21,16,22
2496265,33,0,0,0,0,40,26,0,0,0,0,0,0,0,0,0,44,0,0,53,0,17,39,0,17,0,28,0
2564099,33,0,14,14,25,25,16,0,0,0,0,0,0,0,0,0,65,0,0,75,0,0,44,0,0,25,14,19
3073143,33,12,11,0,0,12,0,0,0,0,0,0,12,0,0,0,20,0,0,13,10,0,19,0,0,11,0,0
86332,33,0,0,14,21,0,0,0,0,0,0,0,0,0,0,0,0,0,0,16,0,0,48,0,0,0,0,0
42422,33,0,16,23,39,0,10,0,0,15,0,0,12,0,0,0,34,0,0,34,0,17,47,0,0,0,0,0
307249,33,0,0,0,0,0,0,0,0,0,0,0,0,0,0,0,0,0,0,0,0,0,0,0,0,0,17,0
2714844,33,0,0,0,14,13,58,0,0,0,0,0,0,0,0,0,0,0,0,0,0,0,0,0,0,0,0,0
2903865,33,0,0,0,0,18,53,0,0,0,0,0,0,0,0,0,0,0,0,0,0,0,0,0,0,0,0,0
2903639,33,0,0,0,0,22,44,0,0,0,0,0,0,0,0,0,0,0,0,0,0,0,0,0,0,0,0,0
2903611,33,0,0,0,0,31,62,0,0,0,0,0,28,0,0,0,0,0,0,0,0,38,0,104,80,0,0,0
2782004,33,0,0,0,0,0,34,0,0,0,0,0,0,0,0,0,0,0,0,0,0,79,0,0,0,0,0,0
68214,33,0,0,0,0,18,66,0,0,17,0,0,0,0,0,0,14,0,14,0,0,0,0,0,0,0,0,0
1893,33,23,29,0,0,53,95,0,19,0,0,28,0,0,0,0,23,0,0,33,0,0,28,0,0,0,0,0
38290,33,0,0,0,0,0,13,0,0,0,0,0,0,0,0,0,0,0,0,0,0,0,16,0,0,0,0,0
2509458,33,0,0,0,0,0,60,0,0,0,0,0,0,0,0,0,15,0,16,0,0,0,0,0,0,0,0,0
43675,33,11,18,15,24,12,931,16,32,57,38,19,0,19,45,139,767,14,132,12,27,0,16,26,130,14,26,0
3014995,33,0,0,0,0,0,36,0,0,0,0,0,0,0,0,0,0,0,0,0,0,0,0,0,0,0,0,0
3040509,33,0,0,0,0,47,110,0,0,0,0,0,0,0,0,0,18,0,13,0,0,0,12,0,0,0,0,0
1684,33,0,0,0,0,0,10,0,0,0,0,0,0,0,0,0,0,0,0,0,0,0,0,0,0,0,0,0
2518371,33,0,0,0,0,28,48,0,0,0,0,0,0,0,0,0,16,0,0,0,0,0,109,0,0,0,0,0
3036374,33,0,0,14,18,25,67,0,0,0,0,0,0,0,0,0,12,0,13,0,0,0,0,0,0,0,0,0
1750,33,0,0,0,0,31,82,0,0,0,0,0,0,0,0,0,62,0,46,15,0,0,42,0,0,0,0,0
28264,33,0,0,0,0,0,0,0,0,0,0,0,0,0,0,0,0,0,0,28,0,0,0,0,0,0,0,0
2903563,33,0,0,30,16,22,68,0,0,0,0,0,0,0,0,0,0,0,0,0,0,0,0,0,0,0,0,0
3075927,33,0,12,14,0,63,115,0,0,0,0,0,15,0,0,0,0,0,13,0,0,0,0,0,0,0,0,0
1967666,33,15,0,0,0,32,43,0,0,0,0,0,0,0,0,0,0,0,0,0,0,0,0,0,0,0,0,0
1442554,33,0,0,0,0,18,31,0,13,0,0,0,12,0,0,0,20,0,68,0,0,0,25,0,0,0,0,0
1416614,33,0,0,0,0,29,69,0,0,0,0,0,0,0,0,0,0,0,0,12,0,0,0,0,0,0,14,0
1612150,33,0,0,0,19,0,0,0,0,0,0,0,0,0,0,0,0,0,0,42,0,0,23,0,0,0,10,0
927614,33,0,0,0,0,0,0,0,0,0,0,0,0,0,0,0,0,0,0,0,0,0,17,0,0,0,0,0
171282,33,0,0,11,0,0,0,0,0,0,0,0,13,0,31,0,0,0,0,36,14,0,36,0,0,0,22,11
3072978,33,0,10,0,0,16,0,10,18,0,0,0,0,0,0,0,0,0,0,0,11,0,0,0,0,0,0,0
1853682,33,0,0,0,0,11,32,0,0,0,0,0,0,0,0,0,0,0,0,0,0,0,0,0,0,0,0,0
3427970,33,0,0,0,0,0,0,0,0,0,0,0,0,0,0,0,0,0,0,0,0,0,0,0,0,0,0,0
315953,33,0,19,0,0,0,0,0,0,0,0,0,16,0,0,0,0,0,0,0,10,0,0,0,0,0,0,0
3139408,32,0,0,0,0,13,23,0,0,0,0,0,0,0,0,10,101,0,0,0,0,0,0,0,0,32,13,10
1158459,32,0,0,0,0,23,28,11,16,0,0,0,0,0,0,24,117,0,13,35,0,0,35,0,0,24,14,0
3141322,32,0,0,0,0,0,0,0,0,0,0,0,0,0,0,0,0,0,0,0,0,0,0,0,0,0,0,0
1947037,32,0,11,0,0,0,12,0,0,0,0,0,0,0,0,0,0,0,0,0,0,0,0,0,0,0,0,0
1615494,32,0,0,0,0,0,15,19,22,0,0,0,0,0,0,0,51,0,0,11,0,0,16,0,0,0,16,0
60480,32,0,0,25,19,26,36,0,0,0,0,0,0,0,0,0,0,0,0,0,0,0,22,0,0,0,0,0
2999068,32,0,0,0,0,0,11,0,0,0,0,0,16,0,10,0,21,0,0,29,14,0,15,0,21,14,0,0
2785918,32,0,15,0,0,27,64,0,11,0,0,0,0,0,0,0,0,0,0,20,0,0,29,0,0,0,0,0
680279,32,0,18,0,12,0,21,25,36,17,0,0,0,0,0,0,98,0,0,24,0,32,20,0,0,0,21,0
3237706,32,14,21,0,0,0,0,0,0,0,0,0,0,0,0,0,34,0,0,0,0,0,0,0,0,0,0,0
114054,32,0,59,0,0,0,20,18,31,0,0,0,0,0,0,0,0,0,0,22,0,0,49,0,0,0,0,0
3028807,32,0,0,0,0,0,0,0,0,0,0,0,0,0,0,0,0,0,0,0,0,0,0,0,0,0,0,0
485898,32,0,0,0,0,12,46,0,0,0,0,0,0,0,0,0,16,0,10,0,0,0,0,0,0,12,0,0
2743,32,0,2392,245,34,330,312,35,708,0,0,0,0,0,0,0,0,0,0,0,0,0,0,0,0,56,0,0
2832500,32,0,0,0,0,0,0,0,0,0,0,0,0,0,0,0,0,0,0,0,0,47,0,0,46,0,0,0
651666,32,0,15,0,0,0,40,0,0,0,0,0,0,0,0,0,12,0,0,0,0,0,0,0,0,0,0,0
2661630,32,0,0,0,10,20,39,12,21,0,0,0,0,0,0,0,13,0,35,0,28,0,25,0,0,0,0,0
3015983,32,0,0,34,62,34,52,18,20,0,0,0,0,11,0,0,15,0,0,0,0,0,27,0,0,0,0,0
2045451,32,28,55,0,0,0,43,0,0,0,0,0,0,0,0,0,0,0,0,0,0,0,0,0,0,0,0,0
2995142,32,0,0,0,0,15,52,0,0,0,0,0,0,0,0,0,0,0,0,0,0,0,0,0,0,0,0,0
2571115,32,0,0,0,26,32,99,0,0,0,0,0,0,0,0,0,0,0,0,0,0,0,13,0,0,0,0,0
3069105,32,0,0,0,0,35,58,0,0,0,0,0,0,0,0,0,35,0,0,0,0,0,0,0,0,0,0,0
242606,32,0,0,0,0,23,74,0,0,0,0,0,0,0,0,0,0,0,0,0,0,0,0,0,0,0,0,0
2021234,32,32,40,0,0,0,55,0,10,12,0,12,36,0,0,0,0,13,0,29,13,0,0,0,0,11,0,0
260552,32,0,0,11,15,17,70,0,0,15,0,0,0,0,0,0,57,0,0,0,0,0,20,0,0,0,0,0
1335746,32,0,0,0,0,11,52,0,0,0,0,0,0,0,0,0,0,0,0,0,0,0,0,0,0,0,0,0
412034,32,0,33,0,0,12,18,0,19,0,0,0,0,0,0,20,75,0,0,26,13,0,32,0,12,0,0,0
1752398,32,20,24,0,0,54,86,23,39,0,0,0,0,0,0,15,88,0,0,17,0,0,0,0,0,0,0,0
3404055,32,0,0,0,0,33,64,0,0,0,0,0,0,0,0,0,0,0,0,0,0,0,18,0,0,0,10,0
270351,32,19,37,36,33,155,217,0,44,24,0,0,17,0,0,0,19,0,36,0,14,0,28,0,0,0,0,0
3075650,32,0,0,0,0,0,0,0,0,0,0,0,0,0,0,0,0,0,0,0,0,0,0,0,0,0,0,0
702113,32,0,0,0,0,28,100,0,0,0,0,0,0,0,0,0,0,0,0,17,0,0,17,0,0,0,20,0
310581,32,22,22,0,0,25,48,0,0,0,0,0,0,0,0,0,0,0,0,0,0,0,0,0,0,0,0,0
3349698,32,0,0,0,0,10,93,0,0,0,0,0,0,0,0,0,19,0,0,143,0,0,11,0,0,34,26,30
1979401,32,0,466,22,10,82,625,0,104,28,0,14,38,0,0,16,15,0,52,34,13,0,27,0,0,0,0,0
1664265,32,0,0,0,0,0,0,0,0,0,0,0,0,0,0,0,18,0,0,16,0,0,0,0,0,0,0,0
1312364,32,0,18,45,17,37,80,0,0,0,0,0,0,0,0,68,39,0,14,0,0,0,0,0,0,0,0,0
3241168,32,0,0,0,0,0,11,0,12,0,0,0,0,0,0,0,15,0,0,12,0,0,0,0,0,0,0,0
2689102,32,0,0,0,0,0,0,0,0,0,0,0,0,0,0,0,0,0,0,18,0,0,0,0,0,0,0,0
1855728,32,0,0,0,0,42,120,27,28,54,0,0,0,0,0,0,15,0,12,0,0,21,0,0,0,0,0,0
225992,32,0,0,0,0,0,30,0,0,0,0,0,0,0,0,0,0,0,0,0,0,49,14,0,35,0,0,0
2767222,32,0,0,0,0,0,49,0,0,0,0,0,0,0,0,0,0,0,12,0,0,0,0,0,0,0,0,0
1751150,32,11,15,0,0,0,0,0,0,0,0,0,0,0,0,0,0,0,0,0,0,0,0,0,0,0,0,0
2986280,32,0,0,0,0,0,22,0,0,0,0,0,0,0,0,0,0,0,0,0,0,0,0,0,0,0,0,0
1869339,32,0,0,0,0,0,51,0,0,0,0,0,0,0,0,24,0,0,0,17,0,0,36,0,0,0,0,22
2045208,32,0,0,19,0,44,134,24,32,0,0,0,0,0,0,0,62,0,16,34,0,0,27,0,0,20,18,20
92645,32,13,33,33,23,34,62,0,0,0,0,0,0,0,0,0,12,0,0,0,16,0,29,0,0,0,12,0
40545,32,0,0,0,0,0,17,0,0,0,71,0,248,0,0,0,0,0,15,53,0,0,0,0,0,36,19,12
1921087,32,0,0,0,0,0,13,0,0,0,0,0,0,0,0,0,14,0,0,15,0,13,32,0,0,0,0,0
2885633,32,0,16,16,23,18,46,22,61,0,0,0,0,26,21,0,0,0,0,0,0,10,42,0,11,0,0,0
3093856,32,0,0,0,0,18,20,0,0,0,0,0,0,0,0,0,0,0,22,0,0,0,0,0,0,0,0,0
1186051,32,0,0,0,0,0,0,0,0,0,0,0,0,0,0,0,0,0,0,0,0,0,0,0,0,0,0,0
2675878,32,0,0,0,0,17,25,0,0,30,0,0,0,0,0,0,33,0,0,0,0,0,12,0,0,0,0,0
2999067,32,0,14,0,18,17,30,0,0,0,0,0,0,0,0,0,0,0,0,0,0,0,0,0,0,0,0,0
28127,32,0,0,19,31,30,160,0,0,0,0,0,0,0,0,0,40,0,27,47,0,0,36,0,0,22,14,12
3048589,32,0,0,0,0,10,17,15,17,0,0,0,0,0,0,0,57,0,0,91,0,0,10,0,0,12,17,18
3042318,32,0,14,0,10,14,20,0,10,0,0,0,0,0,0,0,70,0,0,15,0,0,20,0,0,25,0,0
3391146,32,0,0,26,24,23,13,0,0,0,0,0,0,0,0,0,22,0,0,18,0,0,44,0,0,0,0,0
1210884,32,0,14,61,77,34,112,0,0,0,0,0,0,0,0,0,0,0,18,51,0,0,41,0,0,0,33,0
2527982,32,0,0,0,0,15,271,0,11,0,0,0,0,0,0,0,14,0,0,0,0,0,0,0,0,0,0,0
3230487,32,0,0,0,0,24,247,0,14,0,0,14,0,0,0,0,0,0,20,0,0,0,0,0,0,0,0,0
1882831,32,0,0,0,0,39,142,0,0,0,0,0,0,0,0,0,16,0,0,0,0,0,13,0,0,0,0,0
88916,32,0,0,0,0,0,0,0,0,0,0,0,0,0,0,0,0,0,0,0,0,0,0,0,0,0,0,0
3058374,32,0,0,0,0,0,0,0,0,0,0,0,0,0,0,0,0,0,0,22,0,0,225,0,0,0,0,0
231439,32,0,0,0,15,36,82,0,0,0,0,0,0,0,0,0,0,0,0,0,0,0,0,0,0,11,12,0
1203471,32,0,23,0,0,0,14,0,14,0,0,0,0,0,0,0,24,0,0,73,0,0,0,0,0,14,0,0
29542,32,0,0,0,0,0,22,0,0,0,0,0,0,0,0,0,0,0,10,14,0,0,0,0,0,0,0,0
3133336,32,0,0,0,0,23,57,0,0,0,0,0,0,0,0,0,0,0,0,0,0,0,32,0,0,0,0,0
2921677,32,0,0,0,16,0,13,0,0,0,0,0,0,0,0,0,0,0,16,0,0,0,14,0,0,0,0,0
2901836,32,0,0,0,19,12,15,0,0,0,0,0,0,0,0,0,45,0,20,62,0,10,32,0,13,30,32,25
3076075,32,0,13,0,0,0,0,0,0,0,0,0,0,0,0,0,0,0,0,39,0,23,0,0,32,14,13,12
248315,32,0,0,16,14,13,13,0,0,0,0,0,0,0,0,0,0,0,0,11,0,0,39,0,0,0,0,0
2975793,32,0,0,27,30,55,105,0,0,0,0,0,0,0,0,0,0,0,959,0,0,0,48,0,0,0,17,0
2837956,32,0,0,0,0,19,71,0,0,0,0,0,0,0,0,0,0,0,0,0,0,0,146,0,0,0,0,0
2975809,32,0,0,0,0,28,95,0,0,0,0,0,0,0,0,0,0,0,0,16,0,0,0,0,0,0,0,0
2903649,32,0,0,0,0,29,55,0,0,0,0,0,0,0,0,0,0,0,0,0,0,0,19,0,0,0,0,0
2975680,32,0,0,0,0,0,30,0,0,0,0,0,0,0,0,0,53,0,0,0,0,0,0,0,0,0,0,0
3028711,32,0,0,0,0,0,39,0,0,0,0,0,0,0,0,0,0,0,0,0,0,0,0,0,0,0,0,0
2975724,32,0,0,0,0,0,103,0,0,0,0,0,0,0,0,0,0,0,0,0,0,0,0,0,0,0,0,0
2975748,32,0,0,0,0,0,0,0,0,0,0,0,0,0,0,0,0,0,0,0,0,0,0,0,0,0,0,0
68179,32,0,0,0,0,0,0,0,0,0,0,0,0,0,0,0,0,0,0,0,0,0,0,0,0,0,0,0
1048205,32,0,0,12,11,31,100,0,14,0,0,0,0,0,0,0,13,0,16,10,0,0,20,0,0,0,15,15
67385,32,12,14,0,0,63,206,0,18,0,0,0,15,0,0,0,35,0,33,0,0,0,26,0,0,0,0,0
116188,32,21,17,0,0,61,116,0,0,0,0,22,0,0,0,0,0,0,17,0,0,0,19,0,0,0,0,0
68233,32,0,0,0,0,0,34,0,0,0,0,0,0,0,0,0,0,0,0,0,0,0,0,0,0,0,0,0
285574,32,0,0,0,0,43,124,0,0,0,0,0,0,0,0,0,0,0,21,30,0,0,22,0,0,46,0,43
2984338,32,0,0,0,0,15,53,0,0,0,0,0,0,0,0,0,33,0,0,0,0,0,0,0,0,0,0,0
2719119,32,0,0,0,0,0,0,0,0,0,0,0,0,0,0,0,0,0,0,17,0,0,0,0,0,0,0,0
319707,32,0,0,0,0,23,48,0,0,0,0,0,0,0,0,0,0,0,12,0,0,0,0,0,0,0,0,0
3385968,32,0,0,0,0,0,20,17,16,0,0,0,0,0,0,0,0,0,0,0,0,0,0,0,0,0,0,0
886343,32,0,0,0,0,20,35,0,16,0,0,0,0,0,0,0,0,0,0,18,0,0,0,0,0,0,0,0
36822,32,0,0,0,0,58,69,0,0,0,0,0,0,0,0,0,0,0,0,0,0,0,0,0,0,0,0,0
576926,32,0,0,0,0,11,20,0,0,0,0,0,0,0,0,0,0,0,0,0,0,0,26,0,0,0,0,0
37928,32,0,0,0,0,34,59,0,0,0,0,0,0,0,0,0,0,0,15,0,0,0,48,0,0,0,0,0
273384,32,33,0,0,45,117,145,0,0,0,0,0,0,0,0,0,0,0,0,0,0,0,0,0,0,0,0,0
1758689,32,18,31,0,0,0,93,0,0,0,0,0,0,0,0,0,0,0,20,0,0,0,0,0,0,0,0,0
2975976,32,0,0,0,0,0,62,0,0,0,0,0,0,0,0,0,0,0,0,0,0,0,0,0,0,0,0,0
3447453,32,0,18,16,18,57,138,0,15,0,0,0,15,0,0,0,0,0,25,21,0,0,28,0,0,0,0,0
630515,32,0,0,0,0,21,65,0,0,0,0,0,0,0,0,0,0,0,23,0,0,0,13,0,0,0,0,0
715473,32,0,0,0,0,29,113,0,0,0,0,0,0,0,0,0,11,0,13,15,0,0,18,0,0,0,0,0
3240071,32,0,0,0,0,98,84,0,0,0,0,0,0,0,0,0,0,0,0,23,0,0,63,0,0,43,0,0
2933797,32,0,0,0,0,22,79,0,16,0,0,0,0,0,0,0,0,0,81,0,0,0,0,0,0,0,0,0
1608957,32,0,0,0,12,34,135,0,0,15,0,0,10,0,0,0,17,0,23,0,0,0,0,0,0,0,0,0
2933959,32,0,0,0,0,70,27,0,42,0,0,0,0,0,0,0,0,0,0,0,0,0,0,0,0,0,0,0
2570468,32,0,0,0,0,0,0,0,0,0,0,0,0,0,0,0,0,0,0,10,0,0,0,0,0,0,0,0
3077933,32,0,0,0,0,0,0,0,0,0,0,0,0,0,0,0,0,0,0,0,0,0,0,0,0,0,0,0
216942,32,0,0,0,16,17,13,12,16,0,0,0,0,0,0,0,95,0,0,0,0,0,37,0,0,0,0,0
2967301,32,15,25,0,15,18,13,0,0,0,0,0,23,0,0,0,0,0,0,0,20,0,0,0,0,0,0,0
2961598,32,0,0,0,0,0,19,0,0,0,0,0,0,0,0,0,0,0,0,0,0,0,13,0,0,0,0,0
2843645,32,0,0,0,0,0,0,0,0,0,0,0,0,0,0,0,25,0,0,0,0,0,0,0,0,0,0,0
3428560,32,0,0,0,0,0,0,0,0,0,0,0,15,0,0,0,0,0,0,0,0,0,0,0,0,0,0,0
51288,31,0,0,0,0,39,65,0,0,0,0,0,0,0,0,0,0,0,0,0,0,0,30,0,0,39,0,0
3130166,31,0,31,0,0,32,40,19,0,0,0,0,0,0,0,0,41,0,0,42,0,0,20,0,0,0,18,0
470931,31,0,0,0,0,0,11,0,17,0,0,0,0,0,15,0,0,0,0,24,0,0,10,0,0,18,0,0
1619313,31,0,0,0,0,16,37,18,27,0,0,0,0,0,0,0,0,0,0,32,0,0,19,0,0,20,26,0
82995,31,0,0,0,0,0,0,0,0,0,0,0,0,0,0,0,50,0,0,15,0,0,0,0,0,10,11,10
1646377,31,0,0,0,16,15,19,0,0,0,0,0,0,0,0,0,22,0,0,49,0,0,15,0,0,19,22,27
2864213,31,0,0,0,0,0,21,0,0,0,0,0,0,0,0,0,0,0,0,0,0,0,0,0,0,0,0,0
2267264,31,0,26,0,13,15,112,133,26,0,0,0,0,0,0,0,94,0,0,43,0,0,16,0,14,22,22,35
349064,31,0,24,13,12,14,24,10,12,0,0,0,0,0,0,0,0,0,0,0,0,0,22,0,0,0,0,0
3156079,31,0,0,0,12,32,29,34,47,0,0,0,0,0,0,0,0,0,0,16,0,0,25,0,0,0,0,0
34059,31,0,10,0,0,0,0,0,0,0,0,0,0,0,0,0,49,0,0,42,0,0,40,0,0,0,0,0
1028989,31,0,0,0,17,17,59,0,0,0,0,0,0,0,0,0,47,0,0,0,0,0,18,0,0,17,16,12
1302376,31,0,0,0,0,0,0,0,0,0,0,0,0,0,0,12,51,0,0,29,0,0,43,0,0,0,0,0
2842354,31,0,0,0,0,0,0,0,0,0,0,0,0,0,0,0,0,0,0,0,0,0,0,0,0,0,0,0
53412,31,0,0,19,28,34,113,0,0,0,0,0,0,0,0,0,0,0,0,22,0,0,0,0,0,0,0,0
2488665,31,21,98,59,0,51,89,11,61,0,0,0,0,0,0,0,106,0,0,16,0,0,25,0,0,0,0,0
3158171,31,0,976,117,23,147,120,0,297,0,0,0,0,0,0,0,0,0,0,0,0,0,0,0,0,0,0,0
2668067,31,0,0,0,17,11,13,0,0,0,0,0,0,0,0,0,0,0,0,0,0,0,14,0,0,0,0,0
2770636,31,0,0,0,0,0,0,0,0,0,0,0,0,0,0,0,149,0,0,49,0,0,0,0,0,0,0,0
45065,31,0,0,0,0,0,22,0,0,0,0,0,0,0,0,0,10,0,0,21,0,0,0,0,0,0,0,0
3395314,31,0,0,0,0,0,35,0,0,0,0,0,0,0,0,0,0,0,0,0,0,0,0,0,0,0,0,0
3081201,31,0,0,0,0,0,85,0,0,0,0,0,0,0,0,0,0,0,0,0,0,0,11,0,0,0,0,0
1085647,31,0,0,0,0,30,19,0,16,0,0,0,15,0,0,21,93,0,0,17,0,0,35,0,0,15,0,0
385025,31,0,0,0,0,0,0,0,0,0,0,0,0,0,0,0,0,0,0,0,0,0,0,0,0,0,0,0
3057176,31,0,0,0,0,58,175,0,19,36,0,0,0,0,0,0,61,0,0,0,0,0,24,0,0,0,0,0
3341829,31,0,0,0,0,28,51,0,0,0,0,0,0,0,0,16,64,0,52,37,0,0,0,0,0,0,13,0
3240788,31,0,0,0,0,0,0,0,0,0,0,0,0,0,0,0,0,0,0,0,0,0,0,0,0,0,0,0
2750929,31,0,14,20,22,0,17,0,13,0,0,0,0,0,0,0,12,0,0,36,0,0,34,0,0,12,0,0
803,31,0,0,0,0,0,0,0,14,0,0,0,0,0,0,0,0,0,0,0,0,0,29,0,0,0,0,11
1712261,31,0,54,14,0,453,229,0,17,15,0,0,0,0,0,16,58,0,17,0,0,0,27,0,0,16,0,0
3062169,31,0,17,0,0,38,93,0,14,0,0,0,0,0,0,0,0,0,0,0,0,0,0,0,0,0,0,0
3078265,31,0,12,0,0,40,97,0,0,0,0,0,0,0,0,0,0,0,0,0,0,0,0,0,0,0,0,0
3127639,31,0,0,0,0,37,109,0,0,0,0,0,0,0,0,0,0,0,19,0,0,0,36,0,0,0,0,0
2724527,31,0,0,0,0,22,89,0,0,0,0,0,0,0,0,0,0,0,14,0,0,0,0,0,0,0,0,0
1389005,31,15,37,0,0,26,194,0,33,0,0,33,0,0,0,0,0,0,14,15,0,17,0,0,0,0,0,0
1435347,31,0,0,0,0,0,0,0,0,0,0,0,0,0,0,0,0,0,0,0,0,0,12,0,0,0,0,0
119542,31,0,15,0,0,20,112,0,0,0,0,0,0,0,0,0,0,0,0,0,0,0,10,0,0,0,0,0
1802984,31,0,0,0,0,0,0,0,0,0,0,0,0,0,0,0,53,0,0,12,0,0,0,0,0,0,0,0
2946605,31,0,0,0,41,86,142,41,0,0,0,0,0,0,0,0,0,0,32,0,0,0,0,0,14,0,0,0
1924941,31,0,20,0,0,24,64,0,0,0,0,0,0,0,0,0,0,0,0,0,0,0,0,0,0,0,0,0
3418716,31,0,0,0,22,11,25,0,19,0,0,0,0,0,0,0,0,0,0,0,0,0,0,0,0,0,0,0
2571747,31,18,14,0,0,23,64,0,0,0,0,0,0,0,0,0,30,16,0,0,0,0,0,0,0,0,0,0
2884455,31,0,0,0,0,0,45,0,0,0,0,0,0,0,0,0,0,0,0,0,0,0,0,0,0,0,0,0
2822760,31,0,12,0,0,15,28,0,0,0,0,0,0,0,0,0,0,0,0,0,0,0,17,0,0,14,0,0
364317,31,0,0,0,0,32,64,11,11,0,0,0,0,0,0,0,0,0,10,29,0,0,0,0,11,0,0,0
1537274,31,0,0,0,0,0,0,0,0,0,0,0,0,0,0,0,49,0,0,27,0,0,0,0,0,0,0,0
90244,31,0,0,0,0,0,33,0,0,0,0,0,0,0,0,15,84,0,0,0,0,11,12,0,15,28,0,0
103810,31,0,27,0,15,0,23,0,0,0,0,0,0,0,0,0,21,0,0,16,13,0,0,0,0,0,0,0
2763021,31,23,63,25,0,0,0,0,0,0,0,21,0,0,0,0,0,0,0,19,0,0,22,0,0,0,0,0
589436,31,14,16,0,0,13,0,0,15,0,0,0,0,0,0,0,0,0,0,14,0,0,26,0,0,16,19,0
454154,31,0,0,0,0,0,0,14,25,0,0,0,0,0,0,0,0,0,0,0,0,0,58,0,0,0,0,0
3138568,31,0,32,26,27,27,43,0,0,0,0,0,0,0,0,0,0,0,0,28,0,0,14,0,0,0,0,0
2561898,31,0,0,0,0,0,0,0,0,0,0,0,15,0,0,13,27,0,0,16,0,0,26,0,0,0,0,0
45498,31,0,0,0,0,0,0,0,0,0,0,0,0,0,0,0,30,0,0,0,0,0,94,0,0,0,0,0
3373610,31,0,0,0,0,0,0,0,0,0,0,0,0,0,0,0,0,0,21,0,0,0,0,0,0,0,0,0
1967783,31,0,0,0,0,29,0,0,0,0,0,0,0,0,0,0,0,0,0,26,0,0,0,0,0,16,0,0
2719989,31,0,0,0,0,0,0,0,0,0,0,0,0,0,0,0,0,0,0,0,0,0,0,0,0,0,0,0
1716143,31,0,0,0,0,0,76,0,0,0,0,0,40,0,0,0,0,0,0,0,0,0,0,0,0,0,0,0
3133281,31,0,0,0,0,0,0,0,0,0,0,0,0,0,0,0,0,0,0,0,0,0,0,0,0,0,0,0
83450,31,12,14,0,0,0,67,0,0,0,0,0,20,0,0,0,0,0,0,0,0,0,0,0,0,0,0,0
3394355,31,0,0,0,0,19,11,0,0,0,0,0,0,0,0,0,0,0,0,29,0,0,0,0,0,0,18,29
228745,31,0,0,0,0,0,0,0,0,0,0,0,0,0,0,0,0,0,0,0,0,0,0,0,0,0,0,0
3047872,31,0,0,0,0,0,0,0,0,0,0,0,0,0,0,0,0,0,0,15,0,12,22,0,0,0,0,0
2726185,31,0,0,0,0,11,38,0,0,0,0,0,0,0,0,0,0,0,0,0,0,0,16,0,0,0,0,0
2044912,31,0,0,0,0,13,14,0,25,0,0,0,0,10,0,0,27,0,0,0,0,0,18,0,0,0,0,0
2708346,31,0,0,0,0,0,24,23,18,0,0,0,0,10,0,28,82,0,0,116,0,0,15,0,0,145,30,41
367743,31,0,0,0,31,39,26,23,26,0,0,0,0,0,0,0,56,0,0,82,0,0,100,0,13,33,40,0
2743772,31,0,13,12,15,33,18,19,22,14,0,0,0,0,0,0,0,0,0,15,0,0,19,0,0,0,0,0
271881,31,0,0,20,41,0,0,0,0,0,0,0,0,0,0,0,0,0,0,0,0,0,15,0,0,0,0,0
1632,31,0,0,0,0,0,0,0,0,0,0,0,0,0,0,0,0,0,0,11,0,0,16,0,0,0,0,0
2749962,31,0,0,0,0,14,0,19,18,0,0,0,0,0,0,0,0,0,0,19,0,0,0,0,0,0,0,0
1468449,31,11,0,0,0,0,0,0,0,0,0,0,0,0,0,0,95,0,0,97,0,0,23,0,0,27,24,0
1871002,31,0,0,0,0,0,0,0,0,0,0,0,0,0,0,0,25,0,0,0,0,0,11,0,0,0,0,0
3049543,31,0,13,0,0,12,57,0,0,0,0,0,0,0,0,0,0,0,13,20,0,0,0,0,0,0,0,0
2903887,31,0,0,0,0,0,56,0,0,0,0,0,0,0,0,0,0,0,0,0,0,0,0,0,0,0,0,0
2005885,31,0,0,0,0,27,31,0,0,0,0,0,0,0,0,0,16,0,0,17,0,0,0,0,0,0,0,0
2903815,31,0,0,0,0,0,51,0,0,0,0,0,0,0,0,0,0,0,0,0,0,0,0,0,0,0,0,0
1661694,31,0,0,0,0,0,27,0,0,0,0,0,0,0,0,0,0,0,0,0,0,0,0,0,0,0,0,0
2879846,31,0,11,0,0,22,50,0,0,0,0,0,0,0,0,0,0,0,0,0,0,16,22,0,0,0,0,0
1616117,31,0,18,25,45,47,104,0,28,26,0,0,0,0,0,0,11,0,14,0,17,0,153,0,0,21,0,0
44752,31,0,0,0,0,0,27,0,0,0,0,0,0,0,0,0,0,0,0,0,0,0,0,0,0,0,0,0
120959,31,29,39,24,37,31,52,0,0,0,0,0,50,0,0,0,0,0,0,51,0,0,21,0,0,0,0,0
339268,31,0,0,0,0,0,37,0,0,0,0,0,0,0,0,0,0,0,0,0,0,0,0,0,0,0,0,0
1795032,31,0,0,0,0,0,19,0,29,0,0,0,0,0,0,0,0,0,0,0,0,0,0,0,0,0,0,0
2609257,31,17,42,0,0,31,53,0,0,0,0,0,0,0,0,0,0,0,0,0,0,0,0,0,0,0,0,0
2711328,31,0,0,0,0,0,19,0,0,0,0,0,0,0,0,0,15,0,0,0,0,0,0,0,0,0,0,0
3126698,31,15,16,0,0,18,31,0,0,0,0,0,0,0,0,0,0,0,0,19,0,0,12,0,0,0,0,0
3016089,31,0,0,0,0,0,50,0,0,0,0,0,0,0,0,0,0,0,0,0,0,0,0,0,0,0,0,0
3239927,31,33,30,0,0,34,121,0,0,0,0,0,0,0,0,0,0,0,0,0,11,0,0,0,0,0,0,0
1681,31,0,0,42,31,84,23,0,0,0,0,0,0,0,0,0,0,0,0,0,0,0,17,0,0,0,0,0
2884264,31,0,0,0,16,19,53,0,0,0,0,0,0,0,0,0,0,0,0,0,0,0,0,0,0,0,0,0
1586287,31,0,0,24,32,24,107,0,0,0,0,0,0,0,0,0,0,0,0,0,0,0,59,0,0,0,0,0
2820884,31,0,11,0,0,33,41,0,0,0,0,0,0,0,0,0,0,0,0,0,0,0,0,0,0,0,0,0
2762325,31,0,0,0,0,21,58,0,0,0,0,0,0,0,0,0,0,0,0,18,0,0,0,0,0,0,0,0
304895,31,0,0,12,14,35,124,0,0,17,0,0,0,0,0,0,0,0,60,31,0,0,17,0,0,0,0,0
2653852,31,0,0,0,0,30,43,0,0,0,0,0,0,0,0,0,0,0,38,13,0,0,0,0,0,0,0,0
374982,31,0,0,0,0,137,81,0,20,0,0,0,0,0,0,0,0,0,0,25,0,0,0,0,0,0,0,0
40542,31,16,20,0,14,0,0,0,0,22,0,0,11,0,0,168,0,0,0,52,0,0,57,0,0,36,27,0
2939437,31,0,0,16,14,18,25,0,0,0,0,0,0,0,0,0,0,0,0,0,0,0,11,0,0,0,0,0
213231,31,0,0,0,0,0,0,0,0,0,0,0,0,0,0,0,0,0,0,11,0,10,0,0,0,11,0,0
2733907,31,0,0,0,0,0,0,0,0,0,0,0,0,0,0,0,0,0,0,0,0,0,0,0,0,0,0,0
3059705,31,0,0,0,0,0,0,0,0,0,0,0,0,0,0,0,0,0,0,0,0,0,0,0,0,0,0,0
3110110,30,31,39,0,0,21,33,14,0,0,0,0,0,0,0,0,0,0,0,0,0,0,0,0,0,0,0,0
2047724,30,10,26,0,0,0,23,0,0,0,0,0,0,0,0,0,0,0,0,14,0,0,0,0,0,10,0,0
137545,30,0,0,0,0,0,0,0,0,0,0,0,0,0,0,0,0,0,0,0,0,0,0,0,0,0,0,0
3071081,30,0,0,0,0,0,0,0,0,0,0,0,0,0,0,0,0,0,0,0,0,0,0,0,0,0,0,0
1631968,30,0,17,10,18,51,116,0,98,0,0,0,0,0,0,0,11,0,0,17,0,15,48,0,12,0,0,0
44012,30,0,15,25,18,51,82,0,11,62,10,0,25,0,0,0,40,0,13,108,10,0,0,0,0,0,0,0
1608473,30,0,0,13,26,0,0,31,40,46,0,0,0,32,0,0,13,0,0,21,0,0,72,0,0,17,14,0
1879049,30,0,0,0,0,17,67,0,0,0,0,0,0,0,0,0,0,0,782,24,0,0,0,0,0,18,0,0
2929514,30,0,0,0,0,0,115,0,0,0,0,0,0,0,0,0,0,0,0,0,0,0,53,0,0,0,0,0
2203895,30,0,0,0,0,0,0,0,0,0,0,0,0,0,0,0,85,0,0,0,0,0,0,0,0,0,0,0
170673,30,0,35,0,0,0,0,0,0,0,0,0,0,0,0,0,0,0,0,32,0,0,19,0,0,14,16,0
2883205,30,28,50,0,0,25,48,0,0,0,22,14,0,0,0,0,0,11,0,0,18,0,0,0,0,0,0,0
3402865,30,0,0,0,0,0,0,0,0,0,0,0,0,0,0,0,0,0,0,0,0,0,0,0,0,16,0,0
2749807,30,56,133,0,0,0,0,0,0,0,0,0,116,0,0,0,0,0,0,201,39,0,0,0,0,0,0,0
43306,30,0,0,0,0,27,50,0,0,0,0,0,0,0,0,0,0,0,40,0,0,0,0,0,0,0,0,0
172371,30,61,227,576,395,283,453,36,356,0,0,0,0,0,0,0,19,0,14,13,0,0,14,0,0,0,0,0
216778,30,0,0,17,16,48,137,0,18,29,0,0,0,0,0,0,111,0,13,12,0,0,22,0,0,0,0,0
406020,30,0,0,0,12,0,19,0,0,0,0,0,0,0,0,0,49,0,0,62,0,0,18,0,0,0,10,0
3395916,30,21,30,0,0,26,80,0,23,0,0,0,0,0,0,27,122,0,35,0,0,0,0,0,19,0,0,0
2978974,30,0,0,0,0,29,63,0,0,0,0,0,0,0,0,0,0,0,22,0,0,0,0,0,0,0,0,0
3388426,30,0,0,0,0,0,50,0,0,0,0,0,0,0,0,0,12,0,0,20,0,0,0,0,0,0,0,39
83265,30,0,0,0,0,0,67,0,0,0,0,0,0,0,0,0,58,0,0,0,0,0,0,0,0,0,0,0
1608628,30,0,0,0,0,20,40,0,0,0,0,0,0,0,0,0,0,0,24,30,0,0,0,0,0,0,0,0
686597,30,0,60,0,0,184,271,0,0,0,14,0,16,0,0,0,0,0,0,0,0,0,0,0,0,0,0,0
1938607,30,0,0,0,0,46,100,0,0,0,0,0,0,0,0,0,0,0,0,0,0,0,0,0,0,0,0,0
2319844,30,0,0,0,0,27,40,0,0,0,0,0,0,0,0,0,0,0,0,0,0,0,0,0,0,0,0,0
121428,30,0,28,0,0,84,175,0,29,0,0,0,0,0,0,0,16,0,0,0,0,0,0,0,0,0,0,42
1917485,30,0,69,0,33,142,761,0,63,48,0,0,0,0,0,0,33,0,69,0,0,0,0,0,0,0,0,0
42443,30,0,16,0,0,35,288,0,16,0,0,0,0,0,0,0,10,0,13,11,0,0,0,0,0,0,0,0
2760307,30,0,0,0,0,41,125,0,10,0,0,0,0,0,0,0,0,0,31,0,0,0,19,0,0,0,0,0
1715691,30,0,65,25,23,26,268,0,79,25,0,0,18,0,0,14,10,0,81,22,0,0,0,0,0,0,0,0
1977865,30,0,0,14,14,15,26,0,18,0,0,0,0,0,0,63,18,0,0,49,0,21,31,0,0,23,23,14
3374193,30,20,0,0,0,0,0,0,0,0,0,0,0,0,0,0,0,0,0,0,0,21,30,0,0,0,0,0
1709002,30,26,67,0,35,230,117,0,11,0,0,0,0,0,0,0,27,0,0,24,0,0,0,0,0,38,0,24
3100173,30,27,137,0,19,286,283,0,22,24,0,21,28,0,0,18,16,0,21,0,34,0,27,0,0,0,0,14
1128113,30,0,22,0,0,27,54,0,142,0,0,0,0,0,0,0,0,12,0,0,0,0,0,0,0,0,0,0
1456591,30,0,0,0,0,0,16,0,11,0,0,0,0,0,0,0,0,0,0,19,0,17,27,0,21,0,0,0
434009,30,0,0,0,0,45,237,0,0,0,0,0,0,0,0,0,0,0,0,0,0,0,34,0,0,0,0,0
2028345,30,0,0,0,0,22,54,0,0,0,0,0,0,0,0,0,12,0,0,13,0,0,0,0,0,0,0,0
265175,30,10,0,0,0,10,14,0,0,0,0,0,0,0,0,0,0,0,0,0,0,0,0,0,0,0,0,0
36861,30,0,0,0,0,19,91,0,0,0,0,0,0,0,0,0,0,0,0,0,0,0,0,0,0,0,0,0
2983267,30,52,39,0,0,0,0,0,0,0,0,0,45,0,0,0,112,0,0,33,21,0,35,0,0,37,19,18
46506,30,0,22,0,0,0,28,0,0,0,0,0,24,0,0,0,142,0,0,31,19,0,44,0,0,16,21,16
589437,30,43,47,0,12,15,31,29,33,0,0,22,0,21,0,0,21,0,0,16,0,0,18,0,0,0,0,0
1962908,30,0,0,0,0,21,50,14,23,0,0,0,0,0,0,0,0,0,0,16,0,0,0,0,0,0,0,0
2517362,30,0,0,0,15,0,0,0,0,0,0,0,0,0,0,12,108,0,0,17,0,16,0,0,0,18,0,0
2774151,30,0,15,0,21,31,164,0,16,14,0,0,0,0,0,0,31,0,24,26,0,0,21,0,0,19,0,0
2974023,30,0,0,0,0,18,49,0,0,0,0,0,0,0,0,0,0,0,0,0,0,0,11,0,0,0,0,0
2681470,30,0,0,0,0,0,0,0,0,0,0,0,0,0,0,0,0,0,0,10,0,0,22,0,0,0,0,0
2973072,30,0,0,0,0,0,18,0,0,0,0,0,0,0,0,0,65,0,0,0,0,0,0,0,0,0,0,0
2678688,30,13,23,0,0,13,68,0,0,0,0,0,16,0,0,0,0,0,0,12,0,0,10,0,0,0,0,0
241368,30,0,0,0,0,33,41,0,0,0,0,0,0,0,0,0,0,0,0,14,0,0,28,0,0,0,0,0
1566351,30,14,15,19,19,14,37,0,0,0,0,0,0,0,0,0,0,14,0,0,0,0,0,0,0,0,0,0
1603606,30,16,20,0,19,36,57,0,0,0,0,10,0,0,0,0,0,0,0,0,0,0,0,0,0,0,0,0
2569540,30,0,14,10,18,0,53,0,0,0,0,0,15,0,0,0,0,0,10,0,0,15,33,12,0,0,0,0
3133331,30,0,27,0,0,24,78,0,0,0,0,0,0,0,0,0,147,0,0,0,0,0,0,0,0,0,0,0
2316736,30,0,0,0,0,35,93,0,0,0,0,0,0,0,0,0,0,0,0,0,0,0,29,0,0,0,0,0
184914,30,0,0,25,36,49,179,0,0,0,0,0,0,0,0,0,0,0,24,0,0,0,0,0,0,0,0,0
2763071,30,0,0,14,12,0,18,0,0,0,0,0,0,0,0,0,26,0,0,0,0,0,0,0,0,0,0,0
3240095,30,0,0,0,0,0,0,0,0,0,0,0,0,0,0,0,0,0,0,0,0,0,0,0,0,0,0,0
2921711,30,37,37,0,0,0,18,12,28,0,0,17,27,14,0,0,43,0,0,39,12,0,21,0,0,22,0,13
2921636,30,0,0,0,0,0,0,20,20,0,0,0,0,0,0,0,20,0,0,0,0,0,25,0,0,0,0,0
2495582,30,0,0,10,10,16,18,0,0,0,0,0,0,0,0,0,163,0,0,68,0,0,28,0,0,30,28,22
2496837,30,0,0,0,0,0,16,0,0,0,0,0,0,0,0,0,0,0,0,0,0,0,0,0,0,0,0,0
164393,30,0,0,0,0,0,0,0,0,0,0,0,0,0,0,0,19,0,0,19,0,0,15,0,0,12,0,0
3344667,30,0,0,0,0,11,0,0,0,0,0,0,0,0,0,0,0,0,0,0,0,0,18,0,0,0,0,0
2759692,30,19,19,0,15,0,43,0,0,0,0,0,0,0,0,0,36,0,14,0,16,0,0,0,0,0,0,0
1042156,30,0,17,0,0,0,0,0,0,0,0,0,0,0,0,0,0,0,0,25,0,0,15,0,0,0,0,0
745369,30,0,0,0,0,0,0,0,0,0,0,0,0,0,0,0,13,0,0,41,0,12,0,0,0,12,16,0
3118085,30,0,0,31,43,27,67,0,16,0,0,0,0,0,0,0,0,0,13,0,0,0,29,0,0,0,0,0
3454628,30,0,0,0,0,0,34,0,0,0,0,0,0,0,0,0,13,0,18,0,0,0,0,0,0,0,0,0
43770,30,0,0,30,20,40,68,0,0,0,0,0,0,0,0,0,0,0,19,19,0,0,30,0,0,0,0,0
258224,30,0,0,0,0,0,0,0,0,0,0,0,0,0,0,0,0,0,0,0,0,0,0,0,0,0,0,0
212765,30,0,17,0,0,31,73,0,0,0,0,0,16,0,0,0,0,0,12,0,0,0,22,0,0,0,0,0
2830990,30,0,0,0,0,0,0,0,0,0,0,0,0,0,0,0,0,0,0,0,0,0,0,0,0,0,0,0
3400219,30,0,0,0,0,0,0,0,0,0,0,0,0,0,0,0,0,0,0,0,0,0,0,0,0,0,0,0
169480,30,0,0,0,0,0,33,24,54,0,0,0,0,0,0,0,0,0,0,0,0,0,17,0,0,0,0,0
1685,30,18,23,0,0,0,21,16,14,0,0,0,0,0,0,0,0,0,0,0,10,0,111,0,0,0,0,0
106412,30,0,0,0,0,26,90,0,0,0,0,0,0,0,0,0,0,0,21,0,0,0,14,0,0,0,0,0
2976003,30,0,0,0,0,34,134,0,0,0,0,0,0,0,0,24,106,0,13,0,0,0,21,0,0,0,0,14
2831968,30,0,0,0,0,0,18,0,0,0,0,0,0,0,0,0,0,0,0,16,0,0,0,0,0,0,0,0
3096221,30,0,0,0,0,16,17,0,10,20,0,0,0,0,0,0,0,0,0,14,0,0,20,0,0,0,0,0
1968775,30,0,0,0,0,13,0,0,0,0,0,0,0,0,0,0,0,0,0,13,0,0,15,0,0,11,0,0
754514,30,0,0,0,0,0,0,0,0,0,0,0,0,0,0,0,0,0,0,0,0,0,11,0,0,0,0,0
57372,30,0,0,34,20,11,12,0,0,0,0,0,0,0,0,0,22,0,0,14,0,13,35,0,0,0,0,0
29561,30,0,14,0,13,25,20,0,0,0,0,0,16,0,0,0,0,0,0,24,11,0,34,0,0,12,0,11
2120,30,0,0,13,14,23,0,14,14,0,0,0,25,0,0,18,188,0,0,156,0,0,0,0,0,68,24,22
2423,30,0,0,0,0,0,0,0,0,0,0,0,0,0,0,0,0,0,0,0,0,0,0,0,0,0,0,0
1547898,30,25,32,0,0,0,41,0,0,0,0,0,32,0,0,0,0,0,27,0,16,0,45,0,0,0,0,0
2190,30,0,0,0,0,26,14,0,0,0,0,0,0,0,0,0,14,0,0,36,0,10,43,0,20,17,0,0
2016361,30,0,0,0,0,0,0,0,0,0,0,0,0,0,0,0,0,0,0,0,0,0,0,0,0,0,0,0
2280,30,10,20,0,0,0,0,0,0,0,0,0,0,0,0,0,28,0,0,13,0,0,0,0,0,0,0,0
2282148,30,0,0,0,0,0,0,0,0,0,0,0,0,0,0,0,0,0,0,11,0,0,0,0,0,0,0,0
3426242,30,0,0,0,0,0,0,0,0,0,0,0,0,0,0,0,0,0,0,0,14,0,0,0,0,0,0,0
1163710,29,12,24,50,58,16,28,10,12,0,0,0,0,0,0,0,0,0,0,0,0,0,25,0,0,0,0,0
367190,29,0,0,0,0,0,0,16,11,0,0,0,0,0,0,0,156,0,0,49,0,0,0,0,0,12,14,0
2108399,29,0,0,0,15,0,0,0,0,0,0,0,0,0,0,0,0,0,0,11,0,0,20,0,0,0,11,0
3131927,29,0,13,0,12,35,93,0,0,0,0,0,0,0,0,0,0,0,0,0,0,0,12,0,0,0,0,0
394751,29,0,18,0,0,0,0,16,32,0,0,0,0,13,0,0,0,0,75,34,0,0,41,0,0,0,52,0
2908650,29,0,15,0,0,21,19,0,0,0,0,0,10,0,0,0,0,0,0,17,0,0,21,0,0,0,16,0
2904121,29,13,14,0,0,12,21,0,0,0,13,0,10,0,0,0,11,0,0,50,15,0,33,0,0,13,35,0
2587862,29,0,45,15,17,26,30,0,18,0,0,0,0,0,0,0,0,0,0,27,0,0,60,0,0,23,0,10
3122375,29,0,0,0,0,0,26,0,0,0,0,0,0,0,0,0,45,0,0,13,0,0,0,0,0,0,0,0
2448482,29,31,48,0,11,12,49,0,0,0,14,10,20,0,0,0,12,11,0,0,12,0,0,0,0,0,0,0
3093767,29,0,0,0,0,0,15,0,0,0,0,0,0,0,0,0,0,0,0,0,0,0,11,0,0,0,0,0
3003620,29,0,0,0,0,0,0,0,0,0,0,0,0,0,0,0,0,0,0,0,0,0,0,0,0,0,0,0
1032623,29,0,0,11,20,0,0,0,0,0,0,0,0,0,0,0,71,0,0,65,0,0,11,0,0,0,17,0
3240912,29,0,0,0,0,29,52,0,0,0,0,0,0,0,0,0,20,0,0,0,0,0,0,0,0,0,0,0
2775159,29,16,19,0,0,0,21,0,0,0,0,0,0,0,0,0,0,78,0,39,0,0,64,0,0,19,0,0
2580412,29,0,12,0,0,0,18,0,0,0,0,0,0,0,0,0,0,0,0,15,12,0,40,0,0,0,0,0
2949997,29,0,0,0,18,32,21,0,0,0,0,0,0,0,0,0,24,0,0,12,0,17,18,0,0,0,0,0
1860122,29,0,0,0,10,11,43,0,0,0,0,0,0,0,0,0,0,0,0,15,0,0,0,0,0,0,0,0
1704499,29,29,37,0,0,14,39,0,13,0,0,11,34,0,0,0,10,0,0,42,16,0,31,0,0,14,17,14
2831780,29,0,21,0,12,60,118,19,22,0,0,0,0,0,0,41,197,0,136,0,0,19,12,0,43,0,26,13
3080015,29,0,0,0,0,52,40,0,0,0,0,0,0,0,0,81,377,0,311,22,0,16,0,0,60,0,43,0
1325114,29,0,0,0,0,55,45,0,0,0,0,0,0,0,0,24,75,0,120,0,0,0,108,0,0,0,0,0
278153,29,0,0,0,0,85,0,0,0,0,0,0,0,0,0,0,0,0,0,0,0,0,0,0,0,0,0,0
3345148,29,26,25,0,0,43,63,0,0,0,0,0,0,0,0,0,0,0,0,30,0,0,0,0,0,11,16,0
1881069,29,0,17,0,0,16,41,13,27,0,0,0,0,0,0,0,0,0,0,0,0,0,0,0,0,0,0,0
1384459,29,0,0,0,0,46,304,0,0,11,0,0,0,0,0,0,0,0,108,0,0,12,10,0,0,0,0,0
3458297,29,17,17,0,0,52,118,0,19,0,0,0,0,0,0,0,0,0,0,0,0,0,11,0,0,0,0,0
1648404,29,0,16,22,0,15,54,0,0,0,0,0,0,0,0,0,0,0,0,0,0,0,0,0,0,0,0,0
1086632,29,0,28,0,0,15,204,0,35,0,0,0,0,0,0,0,0,0,14,0,0,0,10,0,0,0,0,0
2161673,29,0,29,0,0,63,136,0,0,0,0,0,0,0,0,0,0,0,0,0,0,0,0,0,0,0,0,0
195913,29,0,26,10,23,33,197,0,11,0,0,0,0,0,0,0,0,0,14,0,0,0,15,0,0,0,0,0
1915078,29,0,37,14,16,75,236,0,27,0,0,0,0,0,0,0,0,0,0,0,0,0,0,0,0,0,0,0
1862145,29,15,94,0,13,156,246,0,22,20,0,0,0,0,0,22,22,0,17,0,0,0,25,0,11,0,0,0
84159,29,0,111,0,24,336,246,0,0,0,0,0,0,0,0,0,0,0,19,43,0,0,56,0,0,0,0,0
2813778,29,0,0,0,0,0,30,0,0,0,0,0,0,0,0,0,0,0,0,0,0,0,0,0,0,0,0,0
1503053,29,0,0,17,13,25,45,0,0,0,0,0,0,0,0,0,0,0,0,0,0,0,0,0,0,0,0,0
1819736,29,0,0,0,0,0,0,0,0,0,0,0,0,0,0,0,0,0,0,0,0,0,0,0,0,0,0,0
151783,29,12,35,24,33,46,156,0,0,0,0,0,0,0,0,28,81,0,0,14,82,0,22,0,20,12,20,0
1836198,29,0,0,0,0,32,59,0,0,0,0,0,0,0,0,0,0,0,0,0,0,0,0,0,0,0,0,0
436515,29,0,0,0,0,27,80,0,0,0,0,0,0,0,0,0,0,0,0,0,0,0,0,0,0,0,0,0
2497863,29,30,22,0,0,14,43,0,0,0,0,0,32,0,0,0,0,0,0,25,0,18,0,0,23,11,37,0
2979868,29,0,0,0,0,29,39,0,0,0,0,0,0,0,0,0,0,0,0,0,0,0,0,0,0,0,0,0
946333,29,22,44,25,30,103,285,0,15,25,0,22,18,0,0,0,18,0,96,0,0,0,91,0,0,15,0,0
34103,29,18,23,0,0,29,83,0,0,0,0,0,13,0,0,0,0,0,0,0,21,0,0,0,0,0,0,0
391953,29,18,22,0,0,55,139,0,0,0,12,0,30,0,20,34,24,0,13,11,0,0,0,0,0,0,0,0
2970891,29,0,0,0,0,0,11,0,0,0,0,0,0,0,0,0,0,0,0,19,0,0,0,0,0,0,0,0
57480,29,0,10,0,0,22,40,0,0,0,0,0,0,0,0,0,0,0,0,0,0,0,0,0,0,0,0,0
2588535,29,0,0,0,19,0,10,0,0,0,0,0,0,0,0,0,0,0,18,14,0,0,10,0,0,0,0,0
2980554,29,0,15,0,0,21,104,0,11,0,0,0,0,0,0,15,59,0,15,31,0,0,15,0,0,0,41,0
3403152,29,0,0,0,19,12,40,0,26,0,0,0,0,0,0,0,53,0,0,16,0,0,28,0,0,0,0,0
2932248,29,0,0,0,0,0,21,0,0,0,0,0,0,0,0,0,23,0,0,14,0,0,11,0,0,0,0,0
2692134,29,0,16,0,24,17,19,0,0,0,0,0,0,0,0,0,15,0,29,54,0,30,19,11,0,0,0,0
2364787,29,0,0,15,0,0,15,0,0,0,0,0,0,0,0,0,52,0,0,0,0,0,0,0,0,0,0,0
3120278,29,18,25,0,0,31,145,0,21,0,0,0,0,0,0,0,17,0,19,10,0,0,24,0,0,0,0,0
2684113,29,29,45,0,0,15,46,0,0,0,0,15,0,0,0,0,0,0,0,19,0,0,37,0,0,14,0,0
1674146,29,0,0,0,0,0,0,0,0,0,0,0,45,0,0,0,0,0,0,29,23,0,0,0,0,0,0,0
1391654,29,31,39,13,15,54,199,0,10,0,0,22,16,0,0,0,0,0,15,28,11,0,260,0,0,0,0,0
2763107,29,13,17,12,26,11,23,0,0,0,0,0,17,0,0,0,0,0,0,23,0,0,29,0,0,35,26,13
3052091,29,0,14,32,43,51,50,38,45,0,0,0,0,0,0,0,52,0,0,47,0,150,66,0,189,0,22,0
3073452,29,0,0,0,0,0,0,0,0,0,0,0,0,0,0,0,0,0,0,0,0,0,0,0,0,0,0,0
2683680,29,0,0,0,0,0,0,0,0,0,0,0,0,0,0,0,0,0,0,19,0,0,0,0,0,0,0,0
2502791,29,0,0,18,33,19,20,0,0,0,0,0,0,0,0,0,0,0,0,0,0,0,42,0,0,0,0,0
1667239,29,0,0,0,0,21,18,0,0,0,0,0,0,0,0,0,0,0,0,19,0,0,19,0,0,12,0,0
2565926,29,0,0,0,0,10,0,0,0,0,0,0,0,0,0,0,0,0,0,11,0,0,59,0,0,0,0,0
241244,29,0,0,0,0,56,43,0,0,0,0,0,0,0,0,0,21,0,0,14,0,0,16,0,0,14,0,0
76860,29,0,0,0,0,0,0,0,0,0,0,0,0,0,0,0,0,0,0,0,0,0,0,0,0,0,0,0
2800128,29,0,0,0,0,0,0,0,0,0,0,0,0,0,0,0,0,0,0,0,0,0,0,0,0,0,0,0
85874,29,0,0,0,0,0,11,0,0,0,0,0,0,0,0,0,0,0,0,21,0,11,0,0,0,0,0,0
2053611,29,12,0,0,0,0,13,0,0,0,0,0,0,0,0,0,0,0,0,0,0,0,0,0,0,0,0,0
3062449,29,0,0,16,13,25,72,0,0,0,0,0,0,0,0,0,0,0,0,0,0,0,41,0,0,32,17,25
2975888,29,0,0,0,0,0,46,0,0,0,0,0,0,0,0,0,13,0,0,0,0,31,0,36,0,0,0,0
2582831,29,18,34,0,0,20,49,0,0,0,0,0,0,0,0,0,0,0,0,0,0,0,13,0,0,0,0,0
2903811,29,0,0,0,0,0,0,0,0,0,0,0,0,0,0,0,0,0,0,0,0,0,0,0,0,0,0,0
68280,29,0,0,0,0,0,38,0,0,0,0,0,0,0,0,0,0,0,0,0,0,0,0,0,0,0,0,0
1950,29,0,0,0,0,48,76,0,0,0,0,0,0,0,0,0,14,0,0,0,0,0,23,0,0,0,0,0
83380,29,64,64,0,0,0,49,0,0,0,0,0,0,0,0,0,0,0,0,0,0,0,0,0,0,0,0,0
2903572,29,0,0,0,0,25,99,0,19,0,0,0,0,0,0,0,13,0,15,0,0,0,0,0,0,0,0,0
1823,29,0,0,0,0,23,77,0,15,0,0,0,0,0,0,0,0,0,13,10,0,0,0,0,0,0,0,0
679318,29,0,0,0,0,0,24,0,0,0,0,0,0,0,0,0,0,0,0,14,0,0,0,0,0,29,0,0
1136941,29,0,0,0,0,0,84,0,0,0,0,0,0,0,0,0,0,0,0,0,0,0,0,0,0,0,0,0
3135255,29,0,0,0,0,35,49,0,0,0,0,0,0,0,0,0,0,0,0,0,0,0,0,0,0,0,0,0
370764,29,0,0,0,0,0,41,0,0,0,0,0,0,0,0,0,0,0,0,0,0,0,0,0,0,0,0,0
708131,29,0,0,0,0,0,0,0,0,0,0,0,0,0,0,0,0,0,0,0,0,0,0,0,0,0,0,0
2880260,29,0,0,0,0,0,21,0,0,0,0,0,0,0,0,0,14,0,0,21,0,0,20,0,0,0,0,0
3404053,29,0,0,0,0,18,25,0,0,0,0,0,0,0,0,0,0,0,0,0,0,0,0,0,0,0,0,0
37931,29,33,0,0,0,0,0,0,0,0,0,0,0,0,0,0,0,0,0,0,0,0,0,0,0,0,0,0
3415678,29,0,17,0,19,68,147,0,13,28,0,0,0,0,0,0,36,0,21,0,0,0,27,0,0,0,0,0
3009077,29,0,0,32,40,68,94,0,0,0,0,0,0,0,0,0,0,0,0,0,0,0,11,0,18,0,0,0
2778070,29,0,0,0,0,39,114,0,0,0,0,0,0,0,0,0,0,0,15,0,0,0,14,0,0,0,0,0
2976002,29,0,14,0,0,46,105,0,24,20,0,0,27,0,0,0,0,0,23,0,0,0,65,0,0,0,0,0
404385,29,0,0,0,0,0,15,0,0,0,0,0,0,0,0,0,0,0,0,0,0,0,0,0,0,20,0,0
1442556,29,0,14,17,0,26,51,0,33,20,0,0,21,0,0,35,0,0,79,0,0,0,21,0,0,0,0,0
1332188,29,0,0,0,0,0,0,0,0,0,0,0,0,0,0,0,0,0,0,0,0,0,0,0,0,0,0,0
1126236,29,0,0,0,0,16,21,0,0,0,0,0,0,0,0,0,0,0,0,0,0,0,0,0,0,0,0,0
2949994,29,13,29,16,33,23,30,0,0,0,0,0,10,0,0,0,0,0,0,0,11,0,11,0,0,0,0,0
29284,29,0,0,0,0,0,58,0,0,0,0,0,0,0,0,0,0,0,0,0,0,0,0,0,0,0,0,0
129789,29,0,0,0,0,0,17,0,0,0,0,0,0,0,0,0,72,0,0,0,0,0,0,0,0,0,0,0
2734128,29,18,0,0,0,0,0,0,0,0,0,0,0,0,0,0,0,0,0,0,0,0,0,0,0,0,0,0
3047716,29,0,0,0,0,0,0,0,0,0,0,0,0,0,0,0,0,0,0,0,0,0,0,0,0,0,0,0
3116479,28,18,19,0,0,0,19,0,0,0,11,0,39,0,0,0,0,0,0,13,16,0,0,0,0,0,0,23
61646,28,0,0,0,0,0,22,0,0,0,0,0,0,0,0,19,91,0,0,24,0,0,32,0,0,19,14,18
61652,28,0,0,0,14,16,37,0,0,0,0,0,0,0,0,0,0,0,0,30,0,0,21,0,0,21,21,11
2864207,28,0,0,0,0,0,0,0,0,0,0,0,0,0,0,0,0,0,0,17,0,0,0,0,0,0,0,0
1479524,28,14,30,0,13,0,37,19,28,17,0,0,11,12,0,0,16,0,0,26,0,0,50,0,0,21,22,15
3028878,28,0,15,11,22,24,93,0,0,12,0,0,0,0,0,0,0,0,0,0,0,0,23,0,0,0,0,0
2715163,28,0,0,0,0,0,0,0,0,0,0,0,0,0,0,0,13,0,0,46,0,0,24,0,0,0,11,0
2714948,28,0,17,11,19,0,0,35,30,16,0,0,0,0,18,0,54,0,0,0,0,26,0,0,0,0,0,0
1632772,28,0,0,0,0,0,32,0,0,0,0,0,0,0,0,0,13,0,0,11,0,0,0,0,0,0,0,0
2730847,28,0,0,0,0,12,28,0,0,0,0,0,0,0,0,0,0,0,0,10,0,0,0,0,0,0,0,0
2815936,28,0,0,0,0,0,22,0,0,0,0,0,0,0,0,0,0,0,0,15,0,0,13,0,0,0,0,0
3234143,28,0,0,0,0,0,0,0,0,0,0,0,0,0,0,0,0,0,0,0,0,0,0,0,0,0,0,0
53409,28,0,0,0,0,0,0,0,32,0,0,0,0,0,0,0,0,0,0,0,0,0,17,0,0,0,0,0
2604832,28,0,14,0,0,0,69,0,0,0,0,0,0,0,0,21,227,0,0,0,0,0,0,0,0,0,0,0
2306583,28,314,422,75,117,172,58,0,0,0,151,144,146,0,0,0,0,193,0,0,474,0,65,0,0,0,0,0
3241169,28,0,0,0,14,23,15,36,38,0,0,0,36,0,0,0,0,0,0,17,14,0,16,0,18,0,0,0
3455201,28,0,0,0,0,0,0,0,0,0,0,0,0,0,0,0,0,0,0,0,0,0,0,0,0,0,0,0
314722,28,0,0,0,0,35,148,0,0,0,0,0,0,0,0,0,0,0,0,0,0,0,0,0,0,0,0,0
522259,28,0,0,0,0,0,50,0,0,0,0,0,0,0,0,0,0,0,17,13,0,0,10,0,12,0,0,0
2005262,28,0,0,0,0,0,0,0,0,0,0,0,0,0,0,0,81,0,0,38,0,0,0,0,0,38,27,27
3081199,28,0,16,0,21,0,17,0,0,0,0,0,0,0,0,0,0,0,0,0,0,0,31,0,0,0,0,0
1076626,28,0,11,0,0,23,19,50,46,0,0,0,10,14,12,0,21,0,0,0,0,11,0,0,15,0,0,0
1325112,28,0,20,0,0,54,88,15,36,0,0,0,0,15,0,27,113,0,91,0,0,0,267,0,22,0,0,0
28099,28,0,0,0,0,220,197,0,0,0,0,0,0,0,0,0,19,0,0,0,0,0,0,0,0,0,0,0
3066369,28,11,1363,0,0,74,172,0,13873,0,0,0,13,0,0,0,37,0,18,0,10,0,20,0,0,0,0,0
2872652,28,0,15,0,0,55,113,0,10,0,0,0,0,0,0,0,0,0,0,0,0,0,11,0,0,0,0,0
2681549,28,18,39,0,0,52,83,18,31,60,17,0,0,11,0,0,56,0,0,0,13,0,21,0,0,0,0,0
2916397,28,0,31,0,0,61,244,0,31,0,0,0,0,0,0,0,0,0,19,0,0,0,22,0,0,0,0,0
42862,28,0,0,0,0,0,0,0,0,0,0,0,0,0,0,0,0,0,0,0,0,0,0,0,0,0,0,0
1817965,28,28,82,0,0,293,205,0,22,0,0,0,0,0,0,0,0,0,32,0,0,0,31,0,0,18,0,0
2048283,28,0,12,0,0,53,58,0,0,0,0,0,18,0,0,0,0,0,0,0,0,0,15,0,0,0,0,0
3422307,28,20,48,0,0,112,90,0,10,16,10,0,0,0,0,0,0,0,24,0,0,0,0,0,0,0,0,0
81032,28,0,0,0,0,16,59,0,12,0,0,0,0,0,0,0,0,0,18,0,0,0,0,0,0,0,0,0
2735434,28,0,0,0,0,0,27,0,0,0,0,0,0,0,0,0,0,0,33,0,0,0,0,0,0,0,0,0
1855613,28,0,0,0,0,0,0,0,0,0,0,0,0,0,0,0,0,0,0,12,0,0,0,0,0,0,0,0
2878153,28,0,0,0,0,12,42,0,0,0,0,0,0,0,0,0,44,0,0,0,0,0,0,0,0,0,0,0
2940492,28,0,0,0,0,0,61,0,0,0,0,0,0,0,0,0,0,0,0,0,0,0,0,0,0,0,0,0
1858609,28,41,50,0,0,0,190,0,0,0,0,0,0,0,0,0,0,0,0,0,0,0,0,0,0,0,0,0
2798804,28,0,0,0,0,16,48,0,0,0,0,0,0,0,0,0,14,0,0,12,0,0,12,0,0,0,0,0
493,28,0,0,0,0,0,0,19,0,0,0,0,0,0,0,0,0,0,0,0,0,0,0,0,0,0,0,0
2877939,28,0,17,18,20,25,37,0,0,0,0,0,0,0,0,0,0,0,0,37,12,0,12,0,0,0,0,0
3095607,28,0,0,0,0,25,28,0,0,0,0,0,0,0,0,0,0,0,0,0,0,0,87,0,0,0,0,0
1188319,28,0,0,0,0,0,18,0,18,0,0,0,0,0,0,0,0,0,0,55,0,0,0,0,0,18,18,28
2811415,28,0,0,0,14,17,68,0,0,0,0,0,0,0,0,0,0,0,0,0,0,0,0,0,0,0,0,0
712710,28,15,18,0,0,0,31,0,0,0,0,0,0,0,0,0,34,0,0,0,0,0,13,0,0,0,0,0
281093,28,0,22,0,0,28,18,24,34,0,0,0,19,15,0,0,0,0,0,0,0,10,0,18,20,0,0,0
75658,28,0,0,0,0,0,0,0,0,0,0,0,0,0,0,0,0,0,0,14,20,0,11,0,0,0,0,0
2724528,28,0,0,0,0,23,262,0,0,36,0,0,0,0,0,0,0,0,77,17,0,0,30,0,0,0,0,0
2527980,28,0,0,0,0,20,99,0,0,10,0,0,0,0,0,0,62,0,13,0,0,0,10,0,0,0,0,0
2127060,28,0,10,0,0,37,161,0,0,0,0,16,0,0,0,0,29,0,52,32,30,0,80,0,0,0,18,11
881,28,0,0,18,32,36,110,0,0,0,0,0,0,0,0,0,18,0,20,149,0,0,42,0,0,0,21,0
2495594,28,0,0,0,0,13,33,0,0,0,0,0,0,0,0,0,0,0,0,0,0,0,22,0,0,0,0,0
2795293,28,0,0,12,27,32,52,0,0,0,0,0,0,0,0,0,0,0,153,27,0,0,27,0,0,16,0,0
3115295,28,0,28,22,17,0,0,0,0,0,0,0,0,0,0,0,0,0,0,0,0,0,11,0,0,14,0,0
1338368,28,15,15,0,0,0,12,0,0,0,0,0,12,0,0,15,17,0,0,37,16,0,10,0,12,0,0,0
159743,28,0,0,0,14,0,0,0,0,0,0,0,0,0,0,0,47,0,0,28,0,0,205,0,0,16,38,12
377615,28,0,0,0,0,14,31,0,0,0,14,0,24,0,0,0,0,0,0,16,29,0,98,0,0,0,0,0
3020056,28,25,30,0,11,0,15,0,0,0,15,0,0,0,0,0,0,16,0,28,15,0,0,0,0,12,15,0
3061240,28,0,0,0,0,0,0,0,0,0,0,0,0,0,0,0,24,0,0,50,0,0,0,0,0,17,11,14
2796143,28,0,0,22,33,38,37,0,0,0,0,0,0,0,0,0,0,0,59,0,0,0,28,0,0,0,0,0
2923362,28,0,14,0,0,0,13,0,0,0,0,0,0,0,0,0,26,0,0,13,0,11,113,15,0,11,0,14
2714946,28,0,0,0,0,0,12,0,0,0,0,0,17,0,0,19,79,0,0,36,0,0,0,0,0,11,0,0
3414029,28,0,0,0,0,0,0,0,0,0,0,0,0,0,0,0,33,0,0,0,0,0,46,0,0,0,0,0
36854,28,10,0,43,92,24,28,0,0,0,0,0,0,0,0,0,0,0,22,35,0,0,66,0,0,21,12,0
33043,28,0,0,0,22,0,0,0,0,0,0,0,0,0,0,0,0,0,0,17,0,0,17,0,0,18,12,0
2903643,28,0,0,0,0,29,75,0,13,0,0,0,0,0,0,0,0,0,0,0,0,0,0,0,0,0,0,0
2903619,28,0,0,0,0,20,82,0,0,0,0,0,0,0,0,0,0,0,14,0,0,16,0,0,0,16,0,17
2781734,28,0,0,0,0,17,67,0,0,0,0,0,0,0,0,0,44,0,0,16,0,0,0,0,0,0,19,0
2975918,28,0,0,0,0,26,48,0,0,0,0,0,0,0,0,0,0,0,0,0,0,0,0,0,0,0,0,0
355249,28,0,0,0,0,0,0,0,0,0,0,0,0,0,0,0,0,0,0,0,0,0,0,0,0,0,0,0
2282738,28,0,0,0,0,26,59,0,0,0,0,0,0,0,0,0,0,0,0,0,0,0,18,0,0,0,0,0
67345,28,0,0,0,20,19,58,0,0,45,0,0,0,0,0,0,0,0,16,25,0,16,14,0,17,0,0,0
2975963,28,24,27,0,0,25,94,0,0,0,0,0,0,0,0,0,0,0,0,0,38,0,0,0,0,0,0,0
1894,28,0,0,0,0,26,83,0,0,0,0,0,0,0,0,0,0,0,0,0,0,0,0,0,0,0,0,0
3239977,28,0,21,0,0,0,25,0,0,0,0,0,30,0,0,0,0,0,0,0,0,0,17,0,0,0,0,0
2213200,28,0,0,0,0,17,72,0,0,0,0,0,0,0,0,0,0,0,0,11,0,0,0,0,0,0,0,0
1652495,28,0,0,16,17,0,0,0,0,0,0,0,0,0,0,0,0,0,0,0,0,0,25,0,0,0,0,0
134601,28,0,18,0,0,42,106,0,0,0,0,0,0,0,0,0,0,0,0,21,0,0,26,0,0,0,0,0
2017685,28,0,0,0,18,0,21,0,0,0,0,0,0,0,0,0,44,0,0,24,0,0,18,0,0,0,0,0
3423951,28,0,0,0,0,0,27,0,0,0,0,0,0,0,0,0,0,0,0,0,0,0,0,0,0,0,0,0
3016093,28,0,0,0,0,16,30,0,0,0,0,0,0,0,0,0,0,0,0,0,0,0,0,0,0,0,23,0
1881,28,17,35,0,0,0,68,0,0,0,0,25,0,0,0,0,0,0,0,0,0,19,0,0,0,0,0,0
709883,28,42,54,0,0,69,113,0,0,40,19,34,44,0,0,0,0,0,66,55,63,0,0,0,0,0,0,0
2760089,28,0,0,0,12,41,92,0,0,0,0,0,0,0,0,0,0,0,16,0,0,0,0,0,0,0,0,0
2775081,28,0,21,0,0,29,73,0,22,0,0,0,0,0,0,0,0,0,14,0,0,0,71,0,0,0,0,0
544580,28,0,0,0,0,0,449,0,0,0,0,0,0,0,0,0,103,0,305,0,0,0,0,0,0,0,0,0
40988,28,0,0,0,0,13,63,0,16,0,0,0,0,0,0,0,0,0,11,0,0,0,0,0,0,0,0,0
280236,28,0,0,0,15,21,73,0,0,0,0,0,0,0,0,0,0,0,40,0,0,0,202,0,0,0,0,0
191495,28,0,0,0,0,47,157,0,16,0,0,0,0,0,0,30,189,0,24,197,0,0,0,0,12,93,121,58
1670830,28,0,0,0,0,29,106,0,0,0,0,0,0,0,0,0,0,0,13,0,0,0,0,0,0,0,0,0
1562720,28,0,11,0,0,32,63,0,24,14,0,0,0,0,0,0,0,0,40,0,0,0,24,0,0,0,0,0
215578,28,21,30,0,0,0,0,0,0,0,0,0,32,0,0,0,14,0,0,44,0,0,17,0,0,19,30,0
468914,28,0,0,0,0,10,27,0,0,0,0,0,0,0,0,0,0,0,0,0,0,0,0,0,0,0,0,0
3060460,28,0,0,0,0,0,0,0,11,0,0,0,0,0,0,0,0,0,0,0,0,0,0,0,0,0,0,0
2955687,28,0,0,0,0,0,0,0,0,0,0,0,0,0,0,0,0,0,0,0,0,0,0,0,0,0,0,0
1147042,28,0,0,0,0,0,0,0,0,0,0,0,0,0,0,0,0,0,0,0,0,0,0,0,0,0,0,0
62099,28,16,19,0,0,0,0,0,0,0,0,0,22,0,0,0,21,0,0,0,14,0,12,0,0,0,0,0
2071710,27,0,0,0,12,0,41,0,0,0,0,0,0,0,0,0,0,0,0,0,0,0,15,0,0,0,0,0
2675787,27,0,0,0,0,0,0,0,0,0,0,0,0,0,0,0,0,0,0,13,0,0,0,0,0,0,0,0
2675781,27,0,0,0,0,0,0,0,0,0,0,0,0,0,0,0,0,0,0,0,0,0,0,0,0,12,14,0
357233,27,0,0,0,0,0,23,0,0,0,0,0,0,0,0,0,0,0,0,14,0,0,0,0,0,11,10,0
3141543,27,0,0,13,0,20,38,12,0,0,0,0,0,0,0,0,0,0,0,32,0,0,0,0,0,0,0,0
929813,27,0,0,0,0,26,38,28,33,12,0,0,0,18,0,0,58,0,0,25,0,0,0,0,0,10,0,0
55213,27,0,0,0,0,23,25,0,0,0,0,0,0,0,0,0,145,0,0,0,0,0,22,0,0,0,0,0
3079555,27,29,49,0,0,0,0,0,0,0,0,0,0,0,0,0,24,0,0,21,0,0,10,0,0,0,0,0
3112003,27,0,0,0,0,12,11,0,0,0,0,0,11,0,0,0,41,0,0,30,13,0,29,0,12,10,17,12
2662033,27,0,0,0,0,0,40,0,0,0,0,0,0,0,0,0,26,0,0,0,0,0,0,0,0,0,0,0
2870840,27,0,0,0,0,0,0,0,0,0,0,0,0,0,0,0,0,0,0,0,0,0,0,0,0,0,0,0
2842349,27,0,0,0,0,17,0,0,0,0,0,0,0,0,0,0,0,0,0,0,0,0,0,0,0,0,0,0
490759,27,0,0,0,0,0,21,0,0,0,0,0,0,0,0,0,0,0,0,0,0,0,13,0,0,0,0,0
1761794,27,0,21,12,0,0,30,0,15,0,0,0,0,0,0,0,39,0,0,0,0,0,687,0,0,0,0,0
1635171,27,0,0,0,0,15,53,0,0,0,0,0,0,0,0,0,0,0,0,0,0,0,17,0,0,0,0,0
2939415,27,0,0,0,0,0,0,0,0,0,0,0,0,0,0,0,0,0,0,0,0,0,0,0,0,0,0,0
2763498,27,0,0,0,0,0,42,0,0,0,0,0,0,0,0,0,0,0,0,0,0,0,26,0,0,0,0,0
407164,27,0,0,42,53,52,94,15,14,32,0,0,0,0,0,0,24,0,0,0,0,0,16,0,0,0,0,0
435905,27,14,12,0,17,23,66,0,0,0,0,0,0,0,0,0,0,0,0,0,0,0,14,0,0,0,0,0
2785056,27,0,0,0,0,0,37,0,0,0,0,0,0,0,0,0,0,0,0,0,0,0,0,0,0,0,0,0
1125847,27,0,0,0,0,65,114,0,0,0,0,0,0,0,0,0,0,0,0,0,0,0,15,0,0,0,0,0
2919917,27,0,0,0,0,40,52,0,0,0,0,0,0,0,0,0,0,0,0,0,0,0,10,0,0,0,0,0
1526658,27,0,0,0,17,70,70,0,0,0,0,0,0,0,0,0,20,0,21,0,0,0,22,0,0,0,0,0
2698828,27,0,0,0,0,13,39,0,0,0,0,0,0,0,0,0,0,0,0,0,0,0,0,0,0,0,0,0
2890321,27,12,24,10,11,68,236,13,19,0,0,0,0,0,0,0,0,0,0,0,0,0,17,0,0,0,0,0
476157,27,16,19,0,0,14,55,0,0,0,12,0,0,0,0,0,0,0,0,19,0,0,23,0,0,12,0,0
1550733,27,0,0,0,0,0,28,0,0,0,0,0,0,0,0,0,10,0,0,0,0,0,14,0,0,0,0,0
1580596,27,0,96,0,0,71,323,12,71,0,0,0,0,0,0,0,0,0,0,34,0,52,21,0,39,0,12,0
1461694,27,0,43,0,0,75,227,0,22,0,0,0,14,0,0,0,0,0,0,0,10,0,0,0,0,0,0,0
198252,27,0,37,0,0,24,27,0,0,0,0,0,0,0,0,0,0,0,0,28,0,0,0,0,0,0,0,0
3458546,27,0,21,0,0,38,96,0,0,0,0,0,0,0,0,0,37,0,0,0,0,0,0,0,0,0,0,0
3157666,27,0,0,22,20,34,45,0,0,0,0,0,0,0,0,0,108,0,0,0,0,0,11,0,0,0,15,0
2152891,27,19,14,0,0,0,21,0,10,0,0,0,0,0,0,0,0,0,0,39,0,0,0,0,0,0,0,0
1855909,27,0,0,0,0,0,17,0,0,0,0,0,0,0,0,0,0,0,83,0,0,0,0,0,0,0,0,0
3436237,27,0,0,0,0,0,44,0,0,0,0,0,0,0,0,0,12,0,0,11,0,0,0,0,0,0,0,0
1082851,27,0,0,0,0,15,50,0,0,0,0,0,16,0,0,0,11,0,0,0,0,0,0,0,0,0,0,0
1658665,27,0,15,0,0,16,46,0,0,0,0,0,0,0,0,0,0,0,0,0,0,0,0,0,0,14,0,0
1853276,27,0,0,0,0,0,0,0,0,0,0,0,10,0,0,0,0,0,0,0,0,0,0,0,0,0,0,0
2571148,27,0,0,0,0,28,35,0,0,0,0,0,0,0,0,0,0,0,0,13,0,0,15,0,0,0,10,0
63745,27,0,0,0,0,17,24,0,0,0,0,0,0,0,0,0,0,0,0,0,0,0,0,0,0,0,0,0
1914471,27,0,0,27,18,16,113,0,0,0,0,0,0,0,0,0,0,0,0,0,0,0,32,0,0,0,0,0
1751046,27,0,20,0,0,17,23,0,0,0,0,0,0,0,0,0,0,0,0,0,0,0,19,0,0,0,0,0
2932250,27,0,0,0,0,0,48,0,0,0,0,0,0,0,0,0,0,0,0,0,0,0,11,0,0,0,0,0
3074898,27,0,17,0,0,0,68,0,12,0,0,0,0,0,0,0,11,0,0,19,0,11,14,0,0,0,16,0
1424653,27,0,0,25,39,13,0,0,0,0,0,0,0,0,0,0,106,0,0,547,0,0,40,0,0,29,16,15
1630693,27,0,0,0,0,25,109,0,0,0,0,0,0,0,0,0,0,0,30,0,0,0,30,0,0,0,0,0
2518322,27,21,33,0,0,18,26,0,0,0,39,12,12,0,0,0,0,0,0,0,0,0,0,0,0,0,0,0
3064161,27,0,0,0,0,0,0,0,0,0,0,0,0,0,0,0,27,0,0,0,0,0,0,0,0,0,0,0
2054641,27,0,0,0,0,0,0,0,0,0,0,0,0,0,0,0,0,0,0,0,0,0,0,0,0,17,0,0
2020716,27,0,0,0,0,20,26,0,0,0,0,0,0,0,0,0,0,0,0,19,0,15,35,0,0,0,0,0
2738867,27,0,0,0,0,0,0,0,22,0,0,0,0,0,0,0,0,0,0,0,0,0,23,0,0,0,0,0
3034233,27,0,0,0,0,14,12,12,23,0,0,0,0,0,0,0,0,0,0,47,0,0,65,0,0,0,16,11
3047463,27,22,24,0,0,25,19,0,0,0,0,0,0,0,0,0,0,15,0,26,0,0,10,0,0,0,12,0
1218494,27,0,0,14,36,15,14,0,0,0,0,0,0,0,0,0,20,0,0,98,0,0,27,0,0,17,15,11
2109687,27,0,0,0,0,0,0,0,0,0,0,0,0,0,0,0,0,0,0,0,0,0,0,0,0,0,0,0
51197,27,0,0,0,17,0,0,0,0,0,0,0,0,0,0,0,10,0,0,47,0,0,25,0,0,11,0,0
42838,27,0,0,0,0,0,0,0,0,0,0,0,0,0,0,0,0,0,0,0,0,0,0,0,0,0,0,0
291990,27,0,0,0,0,0,10,0,0,0,0,0,0,0,0,0,13,0,0,0,0,10,15,0,0,0,0,0
3366806,27,0,0,0,0,41,38,0,0,0,0,0,18,0,0,10,12,0,0,15,0,0,56,0,0,0,0,0
1642299,27,40,69,17,19,15,78,0,14,0,18,19,35,0,0,0,0,0,0,0,21,0,22,0,13,0,0,0
35621,27,0,0,0,0,20,155,0,0,0,0,0,0,0,0,0,0,0,20,13,0,0,0,0,0,0,0,0
1725,27,37,56,0,0,19,56,0,0,0,0,26,0,0,0,0,0,0,0,0,0,0,0,0,0,0,0,0
1789,27,0,0,0,0,13,42,0,0,0,0,0,0,0,0,0,0,0,0,0,0,0,0,0,0,0,0,0
2609255,27,0,0,0,0,0,44,0,0,0,0,0,0,0,0,0,0,0,0,0,0,0,0,0,0,0,0,0
2895559,27,0,13,0,0,21,40,0,0,0,0,0,13,0,0,0,0,0,0,0,0,0,25,0,0,0,0,0
98671,27,0,0,0,0,0,0,0,0,0,0,0,0,0,0,0,0,0,25,0,0,0,0,0,0,0,0,0
3015152,27,0,0,0,0,0,66,0,0,0,0,0,0,0,0,0,0,0,0,0,0,0,44,0,0,0,0,0
356851,27,0,0,0,0,34,47,0,0,0,0,0,0,0,0,0,0,0,0,0,0,0,0,0,0,0,0,41
2975968,27,0,0,0,0,31,72,0,18,0,0,0,0,0,0,0,28,0,0,0,0,0,26,0,0,0,0,0
149017,27,13,10,11,18,12,0,0,0,0,0,0,0,0,0,0,0,0,0,0,0,0,0,0,0,0,0,0
3079339,27,0,34,0,0,30,88,0,0,0,0,0,0,0,0,0,30,0,18,0,0,0,0,0,0,0,0,0
103733,27,20,28,0,16,73,141,0,0,0,0,0,0,0,0,0,29,0,18,35,19,0,11,0,0,0,0,0
53437,27,0,0,0,0,0,60,0,0,0,0,0,0,0,0,0,0,0,0,0,0,0,0,0,0,0,0,0
2849779,27,0,0,27,23,79,351,0,13,0,0,20,0,0,0,0,26,0,48,0,0,0,20,0,0,0,0,0
3066314,27,0,0,0,0,0,0,0,0,0,0,0,18,0,0,0,0,0,0,0,0,0,14,0,0,0,0,0
2792084,27,0,0,0,0,0,0,0,0,0,0,0,0,0,0,0,0,0,0,19,0,0,0,0,0,0,0,23
186171,27,0,0,0,0,0,0,0,0,0,0,0,0,0,0,0,0,0,0,0,0,0,0,0,0,0,0,0
2125,27,26,20,0,0,0,0,0,0,0,13,0,0,0,0,0,21,0,10,0,0,10,14,0,0,0,0,0
134821,27,0,0,0,0,12,11,0,10,10,0,0,0,0,0,0,0,0,0,31,0,0,0,0,0,15,23,10
157691,27,0,0,0,18,26,19,0,0,0,0,0,0,0,0,0,40,0,0,16,0,0,29,0,0,0,15,0
2899133,27,0,0,0,0,0,21,18,0,0,0,0,0,0,0,0,77,0,0,33,0,0,47,0,0,0,0,0
1073996,27,0,0,0,0,0,15,0,0,0,0,0,0,0,0,0,12,0,0,11,0,0,0,0,0,0,0,0
2841257,27,0,0,0,0,13,41,0,0,0,0,0,0,0,0,0,0,0,11,16,0,0,12,0,0,16,24,18
2784880,27,0,0,0,0,0,11,0,0,0,0,0,0,0,0,0,0,0,0,0,0,0,12,0,0,0,0,0
2866384,27,0,14,15,25,25,17,0,0,0,0,0,0,0,0,0,45,0,0,45,0,0,268,0,0,0,13,0
160233,27,0,0,0,0,0,0,0,0,0,0,0,0,0,0,0,0,0,0,0,0,0,0,0,0,0,0,0
718286,27,0,15,81,70,55,43,0,0,0,0,0,0,0,0,0,30,0,0,80,0,0,59,0,0,30,36,0
1980955,27,0,0,0,0,0,0,0,0,0,0,0,0,0,0,0,0,0,0,0,0,0,0,0,0,0,0,0
1663208,27,0,0,0,0,0,0,0,0,0,0,0,0,0,0,0,0,0,0,0,0,0,0,0,0,0,0,0
572290,27,0,0,0,0,0,0,0,0,0,0,0,0,0,0,0,0,0,0,0,0,0,0,0,0,0,0,0
3436241,26,0,0,0,0,0,0,0,0,0,0,0,0,0,0,0,0,0,0,0,0,0,0,0,0,19,0,0
3020716,26,0,0,0,0,0,0,0,0,0,0,0,0,0,0,0,0,0,0,16,0,0,0,0,0,0,0,0
472,26,0,0,0,0,0,0,13,0,0,0,0,0,0,0,0,0,0,0,63,0,0,15,0,0,21,86,22
2079596,26,0,0,0,0,0,0,0,0,0,0,0,0,0,0,0,0,0,0,28,0,0,0,0,0,0,0,0
3045147,26,0,0,0,13,0,0,0,0,0,0,0,0,0,0,0,28,0,0,19,0,0,19,0,0,16,11,0
3077589,26,10,14,0,0,19,64,0,0,0,0,0,0,0,0,18,12,0,0,0,0,10,0,0,0,0,0,0
702115,26,0,13,0,0,0,16,0,0,0,0,0,0,0,0,12,65,0,0,16,0,0,25,0,0,0,0,0
2745482,26,15,35,0,0,26,19,0,0,0,0,0,0,0,0,0,0,0,0,0,0,0,0,0,0,0,0,0
2822138,26,0,0,0,0,0,51,0,0,0,0,0,0,0,0,0,0,0,14,13,0,0,14,0,0,14,17,10
3398215,26,0,0,0,0,0,0,0,0,0,0,0,0,0,0,0,0,0,0,0,0,0,0,0,25,0,0,0
56450,26,0,0,0,0,0,23,0,0,0,0,0,0,0,0,0,0,0,0,12,0,0,0,0,0,0,0,0
453783,26,0,0,20,21,83,154,0,11,0,0,0,0,0,0,0,17,0,0,18,0,0,11,0,0,12,0,0
1871049,26,0,0,0,0,0,50,0,0,0,0,0,0,0,0,0,0,0,0,0,0,0,0,0,0,0,0,0
650,26,0,22,37,62,58,64,0,0,0,0,0,0,0,0,0,138,0,17,93,0,0,54,0,0,56,18,49
948519,26,20,34,0,0,0,51,0,0,0,0,0,28,0,0,0,0,0,0,0,22,0,0,0,0,0,0,0
2576840,26,0,0,0,0,0,133,0,0,0,0,0,53,0,0,0,0,0,0,0,0,0,0,0,0,0,0,0
1335757,26,0,0,0,0,12,75,0,0,0,0,0,0,0,0,0,14,0,0,0,0,0,0,0,15,0,0,0
3065865,26,12,16,0,13,17,86,0,0,13,0,0,15,0,0,0,47,0,13,16,0,0,0,0,0,11,0,0
47960,26,0,14,0,10,50,130,0,18,16,0,0,0,0,0,0,0,0,0,0,0,0,20,0,0,0,0,0
1248727,26,0,0,18,0,43,120,0,0,16,0,0,0,0,0,0,13,0,0,0,0,0,16,0,0,0,0,0
1810504,26,0,15,0,10,34,133,0,10,0,0,0,0,0,0,0,0,11,13,0,0,0,0,0,0,0,0,0
1521768,26,0,22,17,20,103,199,0,14,0,0,0,0,0,0,36,112,0,96,0,0,0,14,0,24,0,0,0
1882747,26,0,22,0,0,54,96,0,0,0,0,0,0,0,0,0,18,0,29,0,0,0,0,0,0,0,0,10
531813,26,15,27,0,0,84,141,0,15,0,0,0,0,0,0,0,18,0,0,0,0,0,14,0,0,0,0,0
2170729,26,0,15,33,18,68,255,0,16,17,0,0,0,0,0,0,0,0,110,0,0,0,10,0,0,0,0,0
655015,26,0,0,0,16,46,52,0,0,0,0,0,0,0,0,0,0,0,0,0,0,0,16,0,0,0,10,0
68569,26,60,88,26,37,115,266,25,27,0,0,36,0,0,0,0,0,23,0,13,0,0,0,0,0,0,0,0
543877,26,0,0,0,0,18,112,0,0,0,0,0,0,0,0,0,0,0,0,15,0,0,18,0,0,0,0,0
3127706,26,0,10,0,0,15,43,0,0,0,0,0,0,0,0,0,0,0,0,0,0,0,0,0,0,0,0,0
2860237,26,0,13,0,0,42,71,0,0,0,0,0,0,0,0,0,0,0,0,0,0,0,0,0,0,0,0,0
696760,26,0,27,0,0,24,128,0,18,0,0,0,0,0,0,0,0,0,20,22,0,0,14,40,0,13,0,15
3093869,26,0,13,0,0,20,134,0,0,0,0,0,0,0,0,0,0,0,0,0,0,0,0,0,0,0,14,0
951,26,0,0,0,0,0,0,0,0,0,0,0,0,0,0,0,0,0,0,0,0,0,10,0,0,0,0,0
391036,26,0,0,0,11,14,0,11,17,0,0,0,0,10,0,0,0,0,0,20,0,13,0,0,0,41,24,17
2594003,26,24,40,0,0,95,124,0,0,0,0,0,13,0,0,10,47,0,30,12,0,0,0,0,0,0,0,0
2558174,26,0,0,0,0,14,11,0,0,0,0,0,0,0,0,0,0,0,0,0,0,0,0,0,0,0,0,0
1678128,26,10,16,0,0,35,30,0,0,0,0,0,18,0,0,0,0,0,0,31,20,0,0,0,0,0,0,0
721785,26,0,0,0,0,0,0,0,0,0,0,0,0,0,0,0,0,0,0,0,0,0,0,0,0,0,0,0
3068633,26,11,22,0,0,28,52,0,0,0,0,0,0,0,0,0,0,0,0,24,0,0,0,0,0,0,0,0
3136634,26,0,0,0,0,15,22,0,0,0,0,0,0,0,0,0,0,0,0,17,0,0,0,0,0,0,0,0
3089814,26,0,20,0,0,25,65,0,0,0,0,0,0,0,0,0,0,0,0,10,0,0,0,0,0,0,0,0
655307,26,0,0,0,0,0,0,0,0,0,0,0,0,0,0,0,0,0,0,0,0,0,0,0,0,0,0,0
488,26,0,0,0,0,0,93,0,0,0,0,0,0,0,0,0,79,0,73,24,0,64,0,0,61,0,0,0
2584940,26,0,0,0,0,0,27,0,0,0,0,0,0,0,0,0,0,0,0,0,0,0,19,0,0,19,0,0
1385664,26,0,0,0,0,21,32,0,0,0,0,0,0,0,0,0,0,0,0,0,0,0,446,0,0,0,0,0
3128900,26,0,25,0,16,15,21,0,15,0,0,0,0,0,0,0,82,0,17,147,0,0,23,0,0,34,30,18
28117,26,0,0,0,0,13,15,0,0,0,0,0,0,0,0,0,0,0,0,0,0,0,0,0,0,0,16,0
3234028,26,0,14,0,14,16,21,27,32,0,0,0,16,19,0,0,21,0,0,37,16,0,53,0,0,25,0,0
1974213,26,0,0,0,0,0,22,0,0,0,0,0,0,0,0,0,0,0,0,37,0,0,0,0,0,0,0,0
2925411,26,0,0,0,0,19,24,0,0,0,0,0,0,0,0,0,28,0,0,38,0,0,0,0,0,24,14,0
3026424,26,0,0,11,0,13,121,0,0,0,0,0,0,0,0,0,25,0,30,0,0,0,10,0,0,0,0,0
2527984,26,0,0,0,0,24,145,28,23,10,0,0,0,19,0,0,14,0,42,18,0,0,31,0,0,14,0,0
2528024,26,0,0,86,103,108,246,0,14,0,0,13,0,0,0,0,0,0,35,157,0,0,152,0,0,19,48,24
2720720,26,19,39,0,0,0,0,0,0,0,0,15,25,0,0,12,50,0,0,32,28,0,10,0,0,0,16,0
1307761,26,0,17,0,0,15,19,0,0,0,0,0,0,0,0,0,0,0,0,0,0,0,31,0,0,0,0,0
2952228,26,0,0,24,25,32,19,0,0,0,0,0,0,0,0,0,0,0,0,0,0,0,31,0,0,0,0,0
361111,26,0,0,0,0,0,24,0,0,0,0,0,0,0,0,0,0,0,0,0,0,0,0,0,0,0,0,0
2813577,26,0,0,0,0,0,51,0,33,29,0,0,33,0,0,0,0,0,0,0,22,0,0,0,0,0,0,0
2883246,26,0,0,0,11,14,32,0,0,0,0,0,0,0,0,0,0,0,12,26,0,0,11,0,0,0,0,0
2856338,26,0,0,0,0,0,0,0,0,0,0,0,0,0,0,0,0,0,0,15,0,0,10,0,0,0,0,0
1536769,26,0,0,0,0,0,0,0,0,0,0,0,0,0,0,0,56,0,0,94,0,0,0,0,0,0,0,0
1054041,26,16,13,13,26,0,0,0,0,0,0,0,14,0,0,0,0,0,0,23,11,0,11,0,0,0,11,0
3074854,26,0,0,0,0,0,63,0,0,0,0,0,0,0,0,0,0,0,0,23,0,0,0,0,0,0,0,0
2173853,26,0,0,0,11,0,11,0,0,0,0,0,0,0,0,0,0,0,0,15,0,0,29,0,0,0,0,0
2920380,26,0,0,0,16,12,0,0,0,0,0,0,16,0,0,0,0,0,0,32,0,0,14,0,0,13,0,0
161154,26,0,0,0,0,0,0,0,0,0,0,0,0,0,0,0,0,0,0,22,0,0,13,0,0,0,0,0
1805714,26,0,0,0,0,13,16,0,0,0,0,0,0,0,0,0,0,0,0,15,0,0,126,0,0,0,0,0
1852373,26,0,0,0,0,0,0,0,0,0,0,0,0,0,0,0,0,0,0,12,0,0,0,0,0,12,0,0
487173,26,0,0,0,0,23,0,0,0,0,0,0,0,0,0,0,0,0,0,0,0,0,15,0,0,0,0,0
2975808,26,0,0,0,0,18,68,0,0,23,0,0,0,0,0,0,0,0,11,21,0,0,16,0,0,0,0,0
2720714,26,0,0,0,0,29,83,0,0,0,0,0,0,0,0,0,0,0,0,0,0,0,0,0,0,12,0,0
2903878,26,0,0,0,0,18,59,0,0,0,0,0,12,0,0,0,10,0,0,0,0,0,16,0,0,0,0,0
2975749,26,0,0,0,0,0,57,0,0,0,0,0,0,0,0,0,23,0,0,0,0,0,0,0,0,0,0,0
2975634,26,0,0,0,0,0,40,0,0,0,0,0,0,0,0,0,0,0,0,0,0,0,0,0,0,0,0,0
3050126,26,15,19,0,0,0,43,0,0,0,0,0,0,0,0,0,0,0,0,0,0,0,0,0,0,0,0,0
2903646,26,0,0,0,0,0,31,0,0,0,0,0,0,0,0,0,0,0,0,0,0,0,0,0,0,0,0,0
68274,26,0,0,0,0,0,51,0,0,0,0,0,0,0,0,0,70,0,0,0,0,0,0,0,0,0,0,0
3232308,26,0,0,18,0,24,77,13,28,19,0,0,0,0,0,0,116,0,13,0,0,0,25,0,0,0,0,0
1719,26,0,14,0,0,0,0,0,0,0,0,0,0,0,0,0,88,0,27,17,0,0,0,0,0,0,0,0
3073562,26,0,0,0,14,31,57,0,0,0,0,0,0,0,0,0,0,0,0,11,0,0,0,0,0,0,0,0
1774,26,0,0,0,0,0,71,0,31,0,0,0,0,0,0,0,0,0,0,27,0,0,44,0,0,0,0,0
1072463,26,0,0,0,0,15,60,0,0,0,0,0,0,0,0,0,0,0,0,0,0,0,0,0,0,0,0,0
2886936,26,0,0,0,0,0,19,0,0,0,0,0,0,0,0,0,0,0,39,0,0,0,0,0,0,0,0,0
3418717,26,0,0,0,0,20,75,0,0,0,0,0,0,0,0,0,0,0,0,0,0,0,0,0,0,0,0,0
1914461,26,17,0,0,0,0,56,0,0,0,0,0,0,0,0,0,0,0,0,0,0,0,0,0,0,0,0,0
709878,26,0,0,0,0,25,25,0,0,0,0,0,0,0,0,0,0,0,0,0,0,0,0,0,0,0,0,0
686309,26,0,0,0,0,46,51,0,0,0,0,0,0,0,0,0,0,0,0,0,0,0,0,0,0,0,0,0
2903582,26,0,0,0,0,31,65,0,0,0,0,0,0,0,0,0,0,0,0,0,0,0,14,0,0,0,0,0
46189,26,0,0,0,0,33,75,0,0,0,0,0,0,0,0,0,0,0,0,0,0,0,0,0,0,0,0,0
1858,26,0,24,0,0,31,79,0,0,0,0,0,17,0,0,0,0,0,0,10,0,0,11,0,0,0,0,0
2054282,26,0,0,0,18,95,63,13,51,0,0,0,0,0,0,0,87,0,17,27,0,0,24,0,12,0,0,0
1209220,26,0,13,27,24,0,0,0,0,0,0,0,0,0,0,0,0,0,0,0,0,0,32,0,0,0,0,0
167964,26,0,0,36,35,23,27,0,0,0,0,0,0,0,0,0,0,0,0,0,0,0,363,0,0,0,0,0
3058373,26,0,16,0,0,17,0,0,0,0,0,0,0,0,0,0,0,0,44,0,0,0,17,0,0,0,0,0
3072977,26,0,0,0,0,0,0,0,0,0,0,0,0,0,0,0,0,0,0,20,0,0,23,0,0,0,12,0
126734,26,0,0,0,0,0,0,0,0,0,0,0,0,0,0,0,0,0,0,0,11,0,0,0,0,0,0,0
2479928,26,0,0,10,11,0,30,0,0,0,0,0,0,0,0,0,0,0,0,25,0,0,12,0,0,0,0,0
58290,26,0,0,14,20,13,0,0,0,0,0,0,0,0,0,14,107,0,0,22,0,0,10,0,0,0,0,0
54261,26,19,0,0,0,0,0,0,0,0,0,11,22,0,0,0,0,0,0,0,19,0,27,0,0,0,0,0
2283,26,0,0,0,0,0,0,0,0,0,0,0,0,0,0,0,19,0,0,26,0,0,0,0,0,22,14,0
164451,26,24,19,0,0,0,0,0,0,0,0,0,0,0,0,0,0,0,0,33,0,0,0,0,0,0,0,0
762660,26,0,0,0,0,0,0,0,0,0,0,0,0,0,0,0,0,0,0,15,0,0,0,0,0,0,0,0
2734126,26,0,0,0,0,0,0,0,0,0,0,0,0,0,0,0,0,0,0,0,0,0,0,0,0,0,0,0
2956343,26,0,0,0,0,0,0,0,0,0,0,0,0,0,0,0,0,0,0,0,0,0,0,0,0,0,0,0
3048221,26,0,0,0,0,0,0,0,0,0,0,0,0,0,0,0,0,0,0,0,0,0,0,0,0,0,0,0
2675789,25,0,0,0,0,0,0,0,0,0,0,0,0,0,0,0,0,0,0,0,0,0,0,0,0,0,0,0
3420380,25,0,0,0,0,0,33,0,0,0,0,0,0,0,0,0,64,0,0,0,0,0,0,0,0,0,0,0
665913,25,0,0,0,0,14,24,0,0,0,0,0,0,0,0,0,56,0,0,15,10,0,0,0,0,17,0,0
300181,25,33,74,0,0,0,93,0,40,0,0,0,0,0,0,0,60,0,0,29,0,0,43,0,0,0,0,0
1805933,25,21,37,0,0,0,0,0,13,0,0,14,28,0,0,0,0,0,0,26,28,0,14,0,0,0,0,0
267375,25,0,0,0,0,0,0,0,0,0,0,0,0,0,0,0,0,0,0,0,0,0,27,0,0,0,0,0
2593655,25,0,16,19,15,25,14,0,0,0,0,0,0,0,0,0,99,0,0,0,0,0,49,0,0,0,0,0
1738770,25,0,14,0,17,12,27,0,16,0,0,0,13,0,0,0,15,0,0,23,0,0,38,0,0,0,0,0
3023715,25,11,42,0,0,0,32,22,43,14,0,0,0,13,12,0,44,0,0,13,34,0,15,0,0,0,0,0
188144,25,0,11,11,19,19,33,0,0,0,0,0,0,0,0,0,63,0,0,65,0,0,41,0,0,18,14,0
3110111,25,0,0,0,0,15,49,0,0,0,0,0,0,0,0,0,27,0,0,0,0,0,0,0,0,0,0,0
2954093,25,25,26,0,0,0,18,0,0,0,0,0,0,0,0,0,0,0,0,0,0,0,0,0,0,0,0,0
86185,25,0,16,0,0,0,39,0,0,0,0,0,11,0,0,0,0,0,18,0,11,0,10,0,0,0,0,0
104087,25,0,14,0,0,31,79,0,0,0,0,0,0,0,0,0,43,0,0,10,0,0,34,0,0,0,0,0
69963,25,0,0,0,0,0,45,0,0,0,0,0,0,0,0,0,0,0,0,0,0,0,0,0,0,0,0,0
1178482,25,16,22,0,0,25,47,0,0,0,0,0,0,0,0,0,0,0,0,0,0,0,0,0,0,0,0,0
83626,25,0,0,0,0,45,53,0,0,0,0,0,0,0,0,27,84,0,70,0,0,0,0,0,13,0,0,0
1179767,25,0,0,0,0,31,56,0,0,0,0,0,0,0,0,0,77,0,36,20,0,0,15,0,0,0,0,0
3019602,25,0,12,0,14,46,64,0,0,0,0,0,0,0,0,0,0,0,25,0,0,0,18,0,0,0,0,0
3388653,25,0,20,0,0,72,163,0,0,0,0,0,0,0,0,0,48,0,0,40,0,0,40,0,0,0,0,0
2493669,25,67,42,0,0,61,90,0,0,0,0,0,0,0,0,0,49,0,0,16,0,0,0,0,0,0,25,0
2718876,25,19,13,0,0,31,23,0,0,0,0,0,0,0,0,0,0,0,0,0,0,0,0,0,0,0,0,0
269660,25,0,0,0,17,87,120,0,35,0,0,0,0,0,0,0,35,0,24,0,0,0,0,0,0,0,0,0
1922226,25,0,19,23,32,106,813,0,17,12,0,0,0,0,0,0,12,0,33,0,0,0,20,0,0,0,0,0
1609758,25,0,0,0,0,23,64,0,0,0,0,0,0,0,0,0,16,0,0,0,0,0,0,0,0,0,0,0
2867231,25,27,32,17,0,15,41,0,0,0,0,0,0,0,0,0,0,0,0,0,0,0,0,0,0,0,0,0
3064139,25,11,29,0,0,13,49,14,23,0,12,0,37,0,0,0,0,0,0,193,22,0,0,0,0,0,0,0
2789327,25,28,25,18,39,90,244,15,0,0,0,0,0,0,0,0,74,0,42,18,0,0,0,0,0,52,40,0
1913578,25,0,0,26,25,20,25,0,12,0,0,0,0,0,0,0,38,0,0,0,0,21,35,17,19,0,0,0
335406,25,0,32,0,34,177,377,0,22,0,0,0,0,0,0,0,27,0,38,0,0,0,29,0,0,0,0,0
561184,25,0,44,24,22,96,354,0,27,23,0,0,26,0,0,0,32,0,31,0,0,0,0,0,0,0,0,0
3131929,25,0,0,0,0,0,0,0,0,0,0,0,0,0,0,0,0,0,0,0,0,0,0,0,0,0,0,0
3463852,25,0,13,0,0,58,198,0,17,0,0,0,0,0,0,0,0,0,11,10,0,0,14,0,0,18,0,0
2953971,25,0,0,0,0,0,0,0,0,0,0,0,0,0,0,0,0,0,0,0,0,0,0,0,0,0,0,0
488729,25,0,0,0,0,0,26,0,0,0,0,0,0,0,0,0,0,0,0,0,0,0,0,0,0,0,0,0
2508289,25,0,0,0,0,0,51,0,0,0,0,0,0,0,0,0,0,0,0,0,0,0,0,0,0,0,0,0
1715720,25,0,0,16,37,23,45,0,0,0,0,0,0,0,0,0,0,0,0,0,0,15,14,0,0,0,0,0
3048609,25,15,10,0,0,0,20,0,0,0,11,0,27,0,0,0,64,0,0,0,20,0,0,0,0,24,21,0
3349878,25,0,13,0,0,14,45,0,15,18,0,0,0,0,0,0,0,0,0,86,0,0,0,0,0,0,0,0
3392036,25,25,39,0,0,0,0,0,0,0,0,0,0,0,0,0,22,0,0,23,0,0,19,0,0,0,0,0
495,25,0,0,0,0,0,39,0,0,0,0,0,0,0,0,0,82,0,0,18,0,23,72,0,0,0,0,0
2739061,25,0,0,11,22,23,33,14,27,0,0,0,0,11,0,0,0,0,0,39,0,10,28,14,19,0,0,13
405,25,0,0,0,0,16,40,0,0,0,0,0,0,0,0,0,0,0,0,0,0,0,0,0,0,0,0,0
2005884,25,0,22,23,21,54,218,0,0,0,0,0,0,0,0,0,32,0,20,0,0,0,25,0,0,0,0,0
2828340,25,0,32,0,0,15,22,0,0,0,0,0,20,0,0,12,50,0,41,49,0,0,14,0,0,0,14,18
3138567,25,70,46,0,0,0,0,0,0,0,0,26,27,0,0,0,152,0,0,28,0,0,34,0,0,38,0,0
2203219,25,0,13,0,0,0,20,0,0,0,0,0,0,0,0,0,0,0,0,28,0,0,0,0,0,0,0,0
29549,25,13,16,12,15,42,162,0,27,16,0,0,0,0,0,21,121,0,10,0,0,0,0,0,0,0,13,0
861299,25,0,0,19,12,40,235,0,20,17,0,13,0,0,0,0,0,0,18,0,0,0,0,0,0,0,0,0
3056733,25,0,0,0,13,25,82,0,0,0,0,0,0,0,0,0,0,0,0,0,0,0,0,0,0,0,0,0
76936,25,0,21,0,0,0,15,0,0,0,0,0,0,0,0,0,0,0,0,37,0,0,11,0,35,0,14,0
104628,25,0,0,0,0,0,0,0,0,0,0,0,0,0,0,0,0,0,0,38,0,0,0,0,0,11,18,12
56877,25,0,0,0,0,0,11,0,0,0,0,0,0,0,0,0,0,0,0,11,0,0,0,0,0,0,0,0
1632864,25,0,0,12,0,33,212,0,11,11,0,0,10,0,0,11,0,0,40,0,0,0,47,0,0,0,0,0
1941349,25,0,0,0,0,0,0,0,0,0,0,0,0,0,0,0,67,0,0,17,0,0,15,0,0,13,0,0
1679444,25,0,0,0,0,0,60,0,0,0,0,0,0,0,0,0,36,0,0,21,0,0,20,0,0,0,0,0
1806891,25,0,0,0,18,11,0,0,0,0,0,0,0,0,0,0,0,0,0,20,0,0,17,0,0,0,0,0
3126740,25,34,41,0,0,24,35,0,14,45,0,13,0,0,0,0,0,0,10,0,0,0,58,0,0,0,0,0
453816,25,21,26,14,10,11,13,0,0,0,0,11,17,0,0,0,22,0,0,0,0,0,25,0,0,0,10,0
1473598,25,16,12,0,12,12,100,0,18,17,0,0,0,0,0,0,21,0,104,0,0,0,20,0,0,0,0,0
2026187,25,0,21,0,0,0,0,0,0,0,0,0,0,0,0,0,0,0,0,39,0,0,22,0,19,20,0,17
2911514,25,0,0,0,22,13,13,0,0,0,0,0,0,0,0,0,0,0,0,29,0,0,25,0,0,0,0,0
1230341,25,0,0,0,12,0,12,0,0,0,0,0,0,0,0,0,0,0,0,14,0,0,32,0,0,0,0,0
3048494,25,0,16,15,32,0,0,0,0,0,0,0,0,0,0,0,82,0,0,39,0,0,53,0,0,26,18,0
2975345,25,0,0,0,0,0,0,0,0,0,0,0,0,0,0,0,0,0,0,0,0,0,0,0,0,0,0,0
2954701,25,0,0,0,0,0,0,13,13,0,0,0,0,0,0,0,19,0,0,18,0,0,12,0,0,0,0,0
1221500,25,0,0,42,50,58,77,0,0,0,0,0,0,0,0,0,38,0,79,57,0,0,64,0,0,31,30,24
2983210,25,0,0,0,0,0,0,0,0,0,0,0,0,0,0,0,0,0,0,167,0,0,0,0,0,47,41,0
1704076,25,0,0,0,0,0,0,0,0,0,0,0,0,0,0,0,0,0,0,15,0,0,0,0,0,0,0,0
2779352,25,0,0,0,0,20,39,0,0,0,0,0,0,0,0,0,58,0,0,0,10,0,10,0,0,0,0,0
53442,25,0,0,0,0,14,29,0,0,0,0,0,0,0,0,0,0,0,0,68,0,0,49,0,0,41,32,31
938289,25,0,0,0,14,0,0,0,10,0,0,0,0,0,0,0,0,0,0,0,0,0,0,0,0,0,0,0
2714930,25,0,0,0,0,10,17,0,0,0,0,0,0,0,0,0,90,0,0,0,0,0,24,0,0,11,0,0
905,25,0,0,0,0,15,12,0,0,0,0,0,0,0,0,0,34,0,38,0,0,0,0,0,0,0,0,0
3075432,25,0,0,0,0,16,78,0,0,0,0,0,0,0,0,0,0,0,0,0,0,0,0,0,0,0,0,0
3038642,25,0,0,0,0,0,52,0,0,0,0,0,0,0,0,0,45,0,0,0,0,0,0,0,0,0,0,0
2014920,25,0,12,0,11,19,41,0,0,0,0,0,0,0,0,0,0,0,13,0,0,0,0,0,0,0,0,0
1967,25,0,0,0,13,24,109,0,0,0,0,0,0,0,0,0,12,0,16,0,0,0,18,0,0,0,0,0
480035,25,0,0,0,15,23,65,0,0,0,0,0,0,0,0,0,0,0,0,0,0,0,114,0,0,0,0,0
3383590,25,0,0,0,0,0,0,0,0,0,0,0,0,0,0,0,0,0,16,0,0,0,0,0,0,0,0,0
39688,25,0,0,0,0,11,59,0,0,0,0,0,0,0,0,0,0,0,14,11,0,0,0,0,0,0,0,0
39695,25,0,0,0,0,17,44,0,0,0,0,0,0,0,0,0,12,0,11,0,0,0,0,0,0,0,0,0
1764,25,19,0,0,0,43,100,0,0,0,0,0,0,0,0,0,0,0,28,51,0,0,0,0,0,0,0,0
1118379,25,0,12,0,0,0,22,0,0,0,0,0,0,0,0,0,0,0,16,11,0,0,0,0,0,12,16,0
1069220,25,0,0,0,0,17,50,0,0,0,0,0,0,0,0,0,0,0,0,0,0,0,0,0,24,0,0,0
31963,25,0,0,0,0,19,77,0,0,0,0,0,0,0,0,0,0,0,0,0,0,0,0,0,0,0,0,0
399736,25,0,0,0,0,17,75,0,0,0,0,0,0,0,0,0,26,0,34,0,0,0,0,0,0,0,0,0
2599293,25,0,0,0,0,14,58,0,0,0,0,0,0,0,0,0,0,0,0,0,0,0,0,0,0,0,0,0
2996261,25,0,0,0,0,0,18,0,0,0,0,0,0,0,0,0,0,0,0,0,0,0,0,0,0,0,0,0
43665,25,0,0,0,0,0,18,0,0,0,0,0,0,0,0,0,0,0,0,0,0,0,0,0,0,0,0,0
1548602,25,0,0,0,0,0,0,0,0,0,0,0,0,0,0,0,0,0,0,0,0,0,0,0,0,0,0,0
1690220,25,0,0,0,0,21,82,0,0,0,0,0,0,0,0,0,0,0,12,19,0,0,0,0,0,0,0,0
556288,25,23,26,0,0,14,57,0,0,0,0,0,0,0,0,13,0,0,0,0,0,0,0,0,0,0,0,0
53360,25,0,29,0,0,43,101,0,0,0,0,0,55,0,0,0,0,13,0,0,42,0,0,0,0,0,0,0
1867,25,33,43,23,22,31,86,0,0,0,0,0,0,0,0,0,0,0,0,0,0,0,11,0,0,0,0,0
3016090,25,0,0,18,20,0,56,0,0,0,0,0,0,0,0,0,67,0,0,0,0,0,20,0,0,0,0,0
2983212,25,0,0,0,0,0,0,0,0,0,0,0,0,0,0,0,0,0,0,0,0,0,0,0,0,0,0,0
3448583,25,0,0,0,0,0,0,0,0,0,0,0,0,0,0,0,0,0,0,0,0,0,0,0,0,0,0,0
2486272,25,15,16,18,19,24,72,0,0,0,0,25,0,0,0,0,18,0,18,0,0,0,11,0,0,0,0,0
2719023,25,0,0,0,0,0,46,0,0,0,0,0,0,0,0,0,0,0,0,0,0,0,18,0,0,0,0,0
60706,25,0,0,0,0,12,82,0,0,0,0,0,0,0,0,0,0,0,0,0,0,0,0,0,0,0,0,0
2811108,25,0,0,0,0,15,25,0,0,0,0,0,0,0,0,0,0,0,0,0,0,0,0,0,0,0,0,0
1871031,25,0,0,0,0,23,35,0,0,0,0,0,0,0,0,0,12,0,0,0,0,0,0,0,0,0,0,0
261284,25,0,14,0,0,27,85,0,0,0,0,0,0,0,0,10,34,0,58,0,0,0,0,0,0,0,0,0
1050646,25,0,14,32,44,27,71,0,33,0,0,0,35,0,0,73,19,0,55,0,0,0,50,0,40,0,0,0
570267,25,0,0,0,0,0,10,0,0,0,0,0,0,0,0,0,0,0,0,0,0,0,25,0,0,0,0,0
2572921,25,0,0,0,0,0,14,0,0,0,0,0,0,0,0,0,0,0,0,0,0,0,61,0,0,0,0,0
1932360,25,0,0,0,0,0,21,0,0,0,0,0,0,0,0,0,0,0,0,0,0,0,0,0,0,0,0,0
76887,25,0,0,0,0,0,0,0,15,0,0,0,0,0,0,0,0,0,0,177,24,0,26,0,0,21,67,24
498846,25,0,0,0,0,0,0,0,0,0,0,0,0,0,0,0,0,0,0,21,0,0,13,0,0,0,0,0
1353246,25,0,0,0,0,0,0,0,0,0,0,0,0,0,0,0,0,0,0,29,0,0,0,0,0,21,27,15
2956144,25,0,0,0,0,0,0,0,0,0,0,0,0,0,0,0,0,0,0,0,0,0,0,0,0,0,0,0
2955232,25,0,0,0,0,0,0,0,0,0,0,0,0,0,0,0,0,0,0,0,0,0,0,0,0,0,0,0
2955762,25,0,0,0,0,0,0,0,0,0,0,0,0,0,0,0,0,0,0,0,0,0,0,0,0,0,0,0
3060748,25,0,0,0,0,0,0,0,0,0,0,0,0,0,0,0,0,0,0,0,0,0,0,0,0,0,0,0
2560628,25,0,0,10,23,11,16,0,0,0,0,0,0,0,0,0,0,0,0,26,0,0,38,0,0,0,0,0
2560484,25,0,0,0,0,0,0,0,0,0,0,0,17,0,0,0,0,0,0,0,0,0,0,0,0,0,0,0
2126929,25,0,0,0,0,0,0,0,0,0,0,0,0,0,0,0,0,0,0,0,0,0,0,0,0,0,0,0
3433200,25,0,0,0,0,0,0,0,0,0,0,0,0,0,0,0,24,0,0,0,0,0,0,0,0,0,0,0
1923634,25,0,0,0,0,0,0,0,0,0,0,0,0,0,0,0,0,0,0,0,0,0,0,0,0,0,0,0
2107709,25,0,0,22,27,0,0,0,16,0,0,0,0,0,0,0,0,0,0,0,0,0,11,0,0,0,0,0
2755398,24,0,0,0,0,0,0,0,0,0,0,0,0,0,0,0,0,0,0,0,0,0,0,0,0,0,0,0
2742624,24,0,0,0,0,0,18,0,0,0,0,0,0,0,0,0,0,0,0,0,0,14,0,0,0,0,0,17
2815358,24,0,14,0,0,0,46,0,0,0,0,13,19,0,0,0,31,0,0,29,10,0,11,0,0,0,0,0
2891570,24,21,30,0,0,0,0,0,0,0,0,0,0,0,0,0,13,0,0,0,0,0,0,0,0,0,0,0
3053982,24,0,0,0,0,0,0,0,0,0,0,0,0,0,0,0,0,0,0,0,0,0,36,0,0,0,0,0
2575361,24,0,0,0,26,0,0,0,0,0,0,0,0,0,0,0,0,0,0,0,0,0,0,0,0,0,0,0
2588449,24,0,0,0,0,89,135,0,0,0,0,0,0,0,0,0,0,0,0,44,0,0,0,0,0,0,0,0
2055892,24,0,25,0,0,0,0,0,0,0,0,0,0,0,0,0,66,0,0,0,0,0,0,0,0,0,0,0
3414707,24,0,0,0,0,0,0,0,0,0,0,0,0,0,0,0,0,0,0,0,0,0,0,0,0,0,0,0
673,24,0,21,0,0,12,24,0,0,0,0,0,0,0,0,0,13,0,22,38,0,0,16,0,0,22,20,10
3228746,24,0,0,0,0,0,0,0,0,0,0,0,0,0,0,0,0,0,0,0,0,0,0,0,0,0,0,0
2745519,24,48,86,0,0,0,0,0,0,0,0,0,0,0,0,0,0,0,0,0,0,0,0,0,0,0,0,0
2954101,24,0,0,0,0,0,12,0,0,0,0,0,0,0,0,0,0,0,0,0,0,0,0,0,0,0,0,0
47886,24,0,0,0,0,0,28,0,0,0,0,0,0,0,0,0,91,0,0,19,0,0,56,0,0,22,24,0
3230974,24,0,0,0,0,0,18,0,0,0,0,0,0,0,0,0,0,0,0,45,0,13,0,0,0,0,0,0
2686360,24,0,0,0,0,21,43,0,0,0,0,0,0,0,0,0,0,0,0,22,0,0,59,0,0,0,0,10
343,24,0,0,16,19,20,95,98,146,0,0,0,0,47,0,0,0,0,0,37,0,0,56,0,0,0,21,20
3160841,24,0,0,0,0,22,65,0,0,0,0,0,0,0,0,0,0,0,0,0,0,0,0,0,0,0,0,0
56455,24,0,0,40,44,45,66,0,0,0,0,0,0,0,0,0,195,0,0,22,0,0,39,0,0,24,19,0
3003271,24,0,0,0,0,20,29,0,0,0,0,0,0,0,0,0,0,0,0,0,0,0,0,0,0,0,0,0
2795387,24,0,11,0,0,21,75,0,0,0,0,0,0,0,0,0,0,0,0,0,0,0,0,0,0,0,0,0
1867834,24,0,15,0,0,10,41,12,28,0,0,0,0,0,0,0,36,0,0,0,18,0,0,0,0,0,0,0
2992926,24,0,0,13,15,62,146,0,0,17,0,16,0,0,0,0,0,0,23,0,0,0,15,0,0,0,0,0
3081770,24,0,0,0,0,0,0,0,0,0,0,0,0,0,0,0,0,0,0,0,0,0,0,0,0,0,0,0
511062,24,0,0,0,0,0,70,0,0,0,0,0,0,0,0,0,0,0,0,10,0,0,0,0,0,0,0,0
3081200,24,0,0,0,0,10,91,10,14,22,0,0,0,0,0,0,113,0,0,10,0,0,10,0,0,0,0,13
2675053,24,0,0,13,20,32,27,21,25,12,0,0,0,0,0,0,0,0,0,61,0,0,135,0,0,13,32,44
1050,24,0,0,0,0,13,57,0,0,0,0,0,0,0,0,0,0,0,0,0,0,0,0,0,0,0,0,0
3438964,24,0,0,0,0,0,0,0,0,0,0,0,0,0,0,0,0,0,0,0,0,0,0,0,0,0,0,0
1675686,24,0,14,10,12,39,167,0,0,16,0,0,0,0,0,0,0,0,10,0,0,0,13,0,0,0,0,0
858422,24,0,13,0,12,48,86,0,0,0,0,0,0,0,0,41,159,0,87,16,0,0,0,0,14,0,10,0
2583231,24,0,0,0,0,46,76,0,0,0,0,0,0,0,0,0,0,0,0,0,0,0,18,0,0,0,0,0
2777475,24,0,0,0,0,51,62,0,0,0,0,0,0,0,0,0,0,0,21,0,0,0,19,0,0,0,0,0
3132743,24,0,0,0,0,46,75,0,0,0,0,0,0,0,0,0,0,0,0,17,0,0,15,0,0,0,0,0
3038546,24,0,0,0,0,72,81,0,0,0,0,0,0,0,0,0,0,0,0,0,0,0,0,0,0,0,0,0
2801335,24,0,0,0,0,35,50,0,0,0,0,0,0,0,0,0,0,0,0,0,0,0,0,0,0,0,0,0
1792307,24,0,11,12,17,58,84,0,0,0,0,0,0,0,0,0,0,0,18,20,0,0,21,0,0,0,0,0
223390,24,0,31,0,0,82,167,0,0,0,0,0,0,0,0,0,57,0,31,0,0,0,0,0,0,0,0,0
53399,24,0,14,0,0,53,124,0,0,0,0,0,0,0,0,0,18,0,23,23,0,0,0,0,0,0,0,0
1002546,24,0,63,0,0,16,47,0,19,0,0,0,0,0,0,0,62,0,18,13,0,13,0,0,0,0,0,0
2795690,24,0,21,28,31,122,135,13,11,0,0,0,0,0,0,0,0,0,33,0,0,0,12,0,0,0,0,0
3445771,24,0,0,0,0,38,71,0,0,0,0,0,0,0,0,0,17,0,0,0,0,0,0,0,0,0,0,0
2599297,24,0,0,0,0,22,86,0,0,0,0,0,0,0,0,0,0,0,0,19,0,0,115,0,0,19,0,15
1560345,24,10,18,0,11,68,150,0,14,0,0,0,0,0,0,0,20,0,0,10,0,0,0,0,0,12,0,0
424800,24,0,14,0,0,55,119,0,0,0,0,0,0,0,0,0,0,0,0,15,0,0,0,0,0,0,0,0
169176,24,0,17,0,0,24,80,0,0,0,0,0,45,0,0,0,29,13,21,0,0,0,14,0,0,0,0,0
120107,24,0,0,0,0,81,163,0,0,0,0,0,0,0,0,0,0,0,0,0,0,0,0,0,0,0,0,0
3421173,24,0,0,0,0,0,0,0,0,0,0,0,0,0,0,0,0,0,0,0,0,0,0,0,0,0,0,0
2980108,24,0,21,0,0,23,215,47,56,14,0,0,0,0,0,0,0,0,19,0,0,33,0,0,28,0,0,0
2434,24,0,38,0,0,49,339,0,45,0,0,0,0,0,0,0,14,0,18,13,0,0,0,0,0,0,12,0
2259340,24,0,18,0,0,60,145,0,0,0,0,0,0,0,0,0,0,0,0,0,0,0,16,0,0,0,0,0
1267768,24,31,59,25,18,90,348,0,32,28,0,0,0,0,0,0,0,0,21,0,0,0,0,0,0,0,0,0
2775420,24,62,247,0,0,841,360,0,0,0,0,0,0,0,0,31,0,0,0,0,0,0,0,0,0,0,0,0
87,24,0,26,0,16,75,176,0,22,0,0,0,13,0,0,0,19,0,0,13,0,0,28,0,0,15,0,0
1503055,24,0,0,0,0,0,39,0,0,0,0,0,0,0,0,0,0,0,0,0,0,0,0,0,0,0,0,0
2615214,24,0,0,0,0,20,50,0,0,0,0,0,0,0,0,0,0,0,0,0,0,0,0,0,0,0,0,0
948107,24,0,0,0,0,23,48,0,0,0,0,0,0,0,0,0,0,0,0,21,0,0,0,0,0,0,0,0
148447,24,0,0,0,0,26,48,0,0,0,0,0,0,0,0,0,64,0,17,33,0,0,13,0,0,0,0,0
1743165,24,0,0,0,17,0,0,0,0,0,0,0,0,0,0,0,0,0,0,0,0,0,125,0,0,0,0,0
1436290,24,0,0,0,0,11,19,0,10,0,0,0,0,0,0,0,24,0,0,0,0,0,0,0,0,0,0,0
447588,24,0,0,22,38,107,122,0,0,0,0,0,0,0,0,0,0,0,0,0,0,0,877,0,0,0,0,0
1735038,24,0,14,0,0,14,59,0,0,0,0,0,0,0,0,0,14,0,0,0,0,0,0,0,0,0,0,0
1867749,24,0,0,0,0,11,33,0,0,0,0,0,0,0,0,0,0,0,0,17,0,0,0,0,0,0,0,17
2678518,24,0,0,0,0,12,0,0,0,0,0,0,0,0,0,0,0,0,14,0,0,0,0,0,0,0,0,0
160808,24,0,0,0,0,18,37,17,21,17,0,0,0,0,0,0,17,0,0,28,0,0,139,0,0,16,13,0
2516559,24,0,0,0,0,11,16,0,0,0,0,0,0,0,0,0,0,0,0,34,0,0,20,0,0,18,0,0
2023866,24,0,0,0,0,0,0,0,0,0,0,0,0,0,0,0,0,0,0,40,0,0,19,0,0,45,20,0
322095,24,0,0,0,0,11,14,0,0,0,0,0,11,0,0,0,0,0,0,18,0,0,0,0,0,0,0,0
2094151,24,0,14,0,0,0,0,0,0,0,0,0,0,0,0,0,0,0,0,0,0,0,0,0,0,0,0,0
2993543,24,17,24,16,17,0,47,15,0,0,0,0,0,0,0,0,0,0,0,0,14,0,15,0,0,0,0,0
1379270,24,0,0,0,0,0,55,0,0,0,0,0,0,0,0,0,25,0,0,0,0,0,0,0,0,0,0,0
29419,24,0,0,0,11,0,0,0,0,0,0,0,0,0,0,0,100,0,0,0,0,0,18,0,0,0,0,0
2528022,24,0,0,0,0,40,379,0,15,13,0,0,0,0,0,0,79,0,29,0,0,0,15,0,0,0,0,10
57320,24,40,48,0,0,22,58,0,0,0,10,19,0,0,0,0,0,0,0,28,0,0,25,0,0,0,0,0
81425,24,0,0,0,0,0,141,0,0,0,0,0,0,0,0,0,0,0,0,0,0,0,0,0,0,0,0,0
29546,24,0,0,0,0,0,0,0,0,0,0,0,0,0,0,0,0,0,0,15,0,0,43,0,13,0,10,0
60035,24,0,12,0,0,0,41,0,0,0,0,0,38,0,0,0,0,0,0,0,0,0,12,0,0,0,0,0
2995304,24,0,15,21,0,66,439,0,34,15,0,13,0,0,0,0,78,0,22,11,0,0,0,0,0,0,0,0
1325564,24,0,0,0,0,0,46,0,0,0,0,0,0,0,0,0,0,0,0,14,0,0,26,0,0,0,12,0
423605,24,0,0,10,11,12,19,0,15,0,0,0,0,10,0,0,0,0,0,15,0,0,12,0,0,0,0,0
2921450,24,0,0,36,31,16,25,0,14,48,0,0,0,0,0,0,17,0,0,26,0,0,64,0,0,20,0,0
3234853,24,0,0,0,0,0,12,0,0,0,0,0,0,0,0,0,0,0,0,11,0,0,11,0,0,0,0,0
1252,24,0,0,20,33,11,13,36,47,14,0,0,0,16,0,0,0,0,0,40,0,52,29,0,28,11,31,0
2932184,24,0,0,0,0,0,0,0,0,0,0,0,0,0,0,0,0,0,0,46,0,0,0,0,0,12,21,15
2828286,24,0,0,0,0,0,78,0,0,0,0,0,0,0,0,0,0,0,0,0,0,0,0,0,0,0,0,0
1329,24,0,0,0,0,0,0,17,22,0,0,0,0,0,0,0,24,0,0,11,0,0,13,0,26,16,0,0
3079302,24,0,23,0,0,23,0,0,13,14,0,0,46,0,0,26,119,0,0,38,39,0,0,0,0,24,34,24
31909,24,0,10,18,12,0,0,21,22,0,0,0,0,10,0,0,0,0,0,16,0,0,33,0,15,0,0,0
3366812,24,0,0,0,0,0,0,0,0,0,0,0,0,0,0,0,0,0,0,0,0,0,0,0,0,0,0,0
112901,24,0,12,0,23,44,47,43,25,0,0,0,0,22,0,0,18,0,0,52,0,0,54,0,0,14,0,15
1955814,24,0,0,0,0,0,0,0,0,0,0,0,0,0,0,0,0,0,0,24,0,0,0,0,0,0,0,0
3452799,24,0,0,0,0,19,71,0,17,0,0,0,0,0,0,0,0,0,0,0,0,0,0,0,0,0,0,0
2903862,24,0,0,0,0,18,70,0,0,0,0,0,0,0,0,0,12,0,0,65,0,0,0,0,0,0,15,15
3112165,24,20,41,0,0,0,51,0,0,0,0,31,0,0,0,0,0,0,0,0,0,0,0,0,0,0,0,0
2975700,24,0,0,0,0,15,59,0,0,0,0,0,0,0,0,0,0,0,0,12,0,0,14,0,0,12,0,0
2975737,24,0,25,0,15,55,73,0,0,0,0,0,36,0,0,0,14,0,0,0,16,0,27,0,0,0,0,22
2054410,24,12,0,0,0,33,75,0,0,0,0,0,0,0,0,0,0,0,0,0,0,0,0,0,0,0,0,0
1888,24,0,0,0,0,46,141,0,0,0,0,0,0,0,0,0,0,0,15,0,0,0,0,0,0,0,0,0
1889,24,0,17,0,0,19,60,0,0,0,0,0,0,0,0,0,0,0,0,12,0,0,0,0,0,14,0,0
2066,24,17,22,0,19,38,103,13,30,0,0,0,14,0,0,0,0,0,0,0,0,0,0,0,0,0,0,0
571915,24,0,0,0,0,0,0,0,0,0,0,0,0,0,0,21,0,0,0,21,0,0,0,0,0,0,0,0
1724,24,0,0,0,0,0,0,0,11,0,0,0,0,0,0,0,0,0,0,0,0,0,0,0,0,0,0,0
367477,24,13,17,0,0,0,22,0,0,0,0,0,0,0,0,35,137,0,0,16,0,0,0,0,0,0,0,0
3135257,24,0,0,0,0,17,48,0,0,0,0,0,0,0,0,0,0,0,0,0,15,0,0,0,0,0,0,0
1714373,24,25,26,0,24,36,101,0,0,0,0,0,0,0,0,0,19,0,0,0,0,0,84,0,0,0,0,0
2541726,24,0,0,0,0,24,45,0,0,0,0,0,0,0,0,0,0,0,0,0,0,0,0,0,0,0,0,0
2509455,24,0,0,0,0,15,49,0,0,0,0,0,0,0,0,0,0,0,54,0,0,0,0,0,0,0,0,0
2565366,24,0,0,0,0,0,24,0,0,0,0,0,0,0,0,0,0,0,0,0,0,0,0,0,0,0,0,0
3043847,24,0,0,0,0,0,17,0,0,0,0,0,0,0,0,0,0,0,0,0,0,0,0,0,0,0,0,0
2020486,24,0,0,0,0,0,19,0,0,0,0,0,0,0,0,0,0,0,0,0,0,0,44,0,0,0,0,0
1136497,24,19,24,0,0,0,0,0,0,0,0,0,30,0,0,0,0,0,0,0,0,0,0,0,0,0,0,0
3373541,24,0,0,0,17,28,73,0,0,0,0,0,0,0,0,0,26,0,0,15,0,14,22,0,0,0,0,0
190146,24,0,0,0,0,0,0,17,33,0,0,0,0,0,0,0,0,0,0,12,0,0,19,0,0,15,0,0
2792008,24,0,0,0,0,23,90,0,0,0,0,0,0,0,0,0,0,0,0,24,13,0,0,0,0,18,0,22
2884263,24,0,0,34,18,80,369,0,15,31,0,17,0,0,0,0,0,0,63,0,0,0,10,0,0,0,0,0
3096218,24,0,0,0,0,18,0,0,0,0,0,0,0,0,0,0,90,0,0,0,0,0,0,0,0,13,0,0
1400864,24,0,0,21,33,0,0,0,0,0,0,0,0,0,0,0,18,0,20,52,0,0,0,0,0,0,0,0
3066281,24,0,0,0,0,0,0,0,0,0,0,0,0,0,0,0,24,0,0,0,0,0,0,0,0,0,0,0
219745,24,0,0,0,0,0,0,0,0,0,0,0,0,0,0,0,0,0,0,17,0,0,11,0,0,0,0,0
45363,24,0,0,0,0,13,0,0,0,0,0,0,0,0,0,15,96,0,0,42,0,0,24,0,0,35,38,28
2715735,24,0,0,0,0,0,0,0,0,0,0,0,0,0,0,0,16,0,0,13,0,10,0,0,0,0,0,0
27973,24,17,23,0,0,0,0,0,0,0,0,0,19,0,0,0,0,0,0,12,10,0,0,0,0,22,0,0
62319,24,0,0,0,0,0,21,0,0,0,0,0,0,0,0,0,0,0,0,15,0,0,0,0,0,0,0,0
1510225,24,0,0,0,0,0,10,0,0,0,0,0,0,0,0,0,40,0,95,0,0,0,17,0,0,0,0,0
187878,24,0,10,0,0,0,0,0,0,0,0,0,0,0,0,0,0,0,0,0,0,0,42,0,0,0,0,0
2955726,24,0,0,0,0,0,0,0,0,0,0,0,0,0,0,0,0,0,0,0,0,0,0,0,0,0,0,0
2969597,24,20,28,0,0,0,0,0,0,0,0,16,14,0,0,0,0,0,0,0,21,0,0,0,0,0,0,0
2845178,24,0,0,0,0,0,0,0,0,0,0,0,0,0,0,0,0,0,0,0,0,0,0,0,0,0,0,0
1084719,24,0,0,20,28,0,0,0,0,0,0,0,0,0,0,0,0,0,0,0,0,0,0,0,0,0,0,0
1813599,24,0,0,0,0,0,0,0,0,0,0,0,0,0,0,0,0,0,0,0,0,0,0,0,0,0,0,0
933845,24,0,0,0,0,0,0,0,0,0,0,0,0,0,0,0,0,0,0,0,0,0,0,0,0,0,0,0
2565304,24,0,0,0,0,0,0,0,0,0,0,0,0,0,0,0,0,0,0,0,0,0,0,0,0,0,0,0
3431241,24,0,0,0,0,0,0,0,0,0,0,0,0,0,0,0,0,0,0,10,0,0,0,0,0,0,0,0
885040,23,0,26,0,0,42,33,0,0,0,0,0,47,0,0,0,129,0,0,0,29,19,19,0,20,11,12,0
413501,23,0,0,0,0,0,0,0,0,0,0,0,0,0,0,0,40,0,0,0,0,0,0,0,0,0,0,0
28152,23,0,0,0,0,0,0,0,0,0,0,0,0,0,0,0,32,0,0,14,0,0,48,0,0,10,0,0
2816248,23,0,0,0,0,18,0,0,0,0,0,0,0,0,0,0,54,0,0,39,0,0,0,0,0,31,17,11
2949614,23,0,0,0,0,0,0,0,0,0,0,0,0,0,0,0,0,0,0,21,0,0,0,0,0,0,0,0
2994493,23,0,0,0,0,0,0,0,0,0,0,0,0,0,0,0,13,0,0,0,0,0,0,0,0,0,0,0
2864210,23,0,0,0,0,0,0,0,0,0,0,0,0,0,0,0,0,0,0,0,0,102,0,0,0,0,0,0
70864,23,0,19,0,11,10,23,0,0,0,0,0,0,0,0,0,39,0,0,34,0,0,37,0,0,12,13,0
3414030,23,0,16,0,0,0,23,0,0,0,0,0,0,0,0,0,80,0,0,81,0,0,14,0,0,0,0,0
3242680,23,0,28,0,0,0,0,0,0,0,0,0,0,0,0,0,24,0,0,0,26,0,0,0,0,0,0,0
2711221,23,0,42,10,17,0,12,10,15,0,0,0,0,0,0,0,0,0,0,20,0,0,50,0,0,21,0,16
1206777,23,0,0,0,0,0,25,0,0,0,0,0,0,0,0,0,0,0,0,0,0,0,0,0,0,0,0,0
183795,23,0,13,0,0,27,67,0,0,0,0,0,0,0,0,0,0,0,0,30,31,0,0,0,0,12,11,0
53410,23,0,0,0,0,0,0,0,0,0,0,0,0,0,0,0,0,0,0,0,0,0,0,0,0,0,0,0
53406,23,0,0,0,0,12,35,0,0,0,0,0,0,0,0,0,0,0,0,0,0,0,0,0,0,0,0,0
2497162,23,0,0,0,0,15,27,0,0,0,0,0,0,0,0,0,0,0,0,0,0,0,0,0,0,0,0,0
3002903,23,0,0,0,0,16,33,0,0,0,0,0,0,0,0,0,0,0,0,17,0,0,0,0,0,13,10,0
2886046,23,18,71,136,20,39,166,23,104,0,0,0,0,0,0,0,13,0,0,19,0,0,10,0,0,0,0,0
518898,23,11,37,32,35,18,57,0,0,0,0,11,0,0,0,0,0,10,20,0,0,0,17,0,0,0,0,0
1896164,23,0,0,0,0,18,99,0,0,0,0,0,0,0,0,0,0,0,0,0,0,10,63,0,0,0,0,0
2005046,23,0,0,0,0,0,0,0,0,0,0,0,0,0,0,0,0,0,0,0,0,0,0,0,0,0,0,0
2518994,23,10,11,0,0,0,31,0,13,0,0,0,0,0,0,0,11,0,0,0,10,0,0,0,0,0,0,0
1748242,23,14,18,17,23,26,84,23,0,0,0,0,32,0,0,0,10,0,0,22,17,0,10,0,0,12,10,0
106634,23,0,0,0,0,39,83,0,0,0,0,0,0,0,0,14,0,0,0,0,0,0,0,0,0,0,0,0
393765,23,0,0,27,34,58,137,0,0,0,0,12,0,0,0,0,18,0,0,0,0,0,14,0,0,0,0,0
947516,23,0,29,12,18,31,118,0,14,0,0,0,0,0,0,17,12,0,0,0,16,0,11,0,0,0,0,0
73780,23,0,0,0,0,16,46,0,17,13,0,0,0,0,0,0,105,0,15,0,0,12,0,0,0,0,0,0
114615,23,0,0,0,0,57,158,20,39,11,0,0,0,0,0,30,115,0,69,48,0,0,11,0,21,11,23,11
1223566,23,0,0,0,0,43,69,0,0,0,0,0,0,0,0,22,85,0,60,0,0,0,17,0,0,0,0,0
3039153,23,0,0,12,0,39,96,0,0,0,0,0,0,0,0,43,137,0,93,13,0,0,462,0,23,11,12,11
1300039,23,0,0,0,0,20,40,0,0,0,0,0,0,0,0,15,26,0,34,43,0,0,0,0,13,23,16,12
2021862,23,0,14,20,17,82,186,0,0,0,0,0,0,0,0,0,0,0,0,0,0,0,11,0,0,0,0,0
1235591,23,0,10,19,26,41,78,0,0,0,0,0,0,0,0,0,62,0,16,21,0,0,37,0,0,31,13,0
2860336,23,0,0,0,0,56,94,0,0,0,0,0,0,0,0,0,0,0,0,0,0,0,0,0,0,0,0,0
3019544,23,0,22,0,0,75,88,0,0,0,0,0,0,0,0,0,96,0,15,43,0,0,40,0,0,0,14,20
134,23,0,15,0,0,54,96,0,0,0,0,0,0,0,0,0,24,0,28,11,0,0,16,0,0,0,0,0
1855519,23,15,23,0,0,33,104,0,0,0,0,0,14,0,0,0,0,0,0,0,0,0,12,0,0,0,0,0
3137368,23,0,16,0,0,27,200,0,21,0,0,0,0,0,0,0,0,0,13,0,0,0,23,0,0,0,0,0
2494374,23,37,56,15,0,61,250,0,20,0,22,0,0,0,0,0,18,0,17,18,16,0,0,0,0,0,0,0
2840474,23,0,40,0,0,44,199,0,20,18,0,0,0,0,0,0,0,0,0,0,0,0,103,0,0,0,0,0
2883238,23,0,0,0,0,0,0,0,0,0,0,0,0,0,0,0,0,0,0,31,0,0,0,0,0,10,0,0
3066143,23,0,0,0,0,0,0,0,0,0,0,0,0,0,0,0,0,0,0,0,0,0,0,0,0,0,0,0
2605943,23,0,38,0,0,128,221,0,19,14,0,0,0,0,0,13,0,0,16,0,0,0,0,0,0,0,0,0
504468,23,0,27,10,11,176,136,0,10,11,0,0,0,0,0,0,33,0,30,21,0,0,69,0,0,11,0,0
1866326,23,16,14,0,0,24,51,0,0,0,0,0,0,0,0,0,0,0,0,0,0,0,0,0,0,0,0,0
311231,23,0,0,0,0,0,46,0,0,0,0,0,0,0,0,0,0,0,0,71,0,0,57,0,0,0,21,0
2081049,23,0,0,0,0,0,0,0,0,0,0,0,0,0,0,0,0,0,0,0,0,0,0,0,0,0,0,0
3047864,23,0,0,0,0,0,0,0,0,0,0,0,0,0,0,0,78,0,0,0,0,0,0,0,0,0,0,0
3374553,23,0,0,0,0,31,61,0,0,0,0,0,0,0,0,0,69,0,21,31,0,0,0,0,0,0,0,0
3350174,23,0,0,0,0,48,73,0,0,0,0,0,0,0,0,0,67,0,0,35,0,17,17,0,17,0,0,0
2914710,23,0,0,17,21,63,172,0,18,0,0,0,0,0,0,0,0,0,0,30,0,0,28,0,0,0,0,0
215580,23,0,0,0,0,36,139,0,0,0,0,0,0,0,0,0,0,0,20,0,0,0,21,0,0,0,0,0
1415657,23,0,0,0,0,0,0,0,0,10,0,0,0,0,0,0,0,0,0,0,0,0,0,0,0,0,0,0
2987688,23,13,19,0,0,18,24,0,0,0,0,0,10,0,0,0,14,0,0,0,0,0,12,0,0,0,0,0
2319843,23,0,0,0,0,0,18,0,0,0,0,0,0,0,0,0,27,0,0,0,0,0,0,0,0,0,0,0
247481,23,0,0,0,0,0,0,0,0,0,0,0,0,0,0,0,74,0,0,17,0,0,16,0,0,0,11,0
146919,23,0,27,11,18,24,91,0,0,16,0,0,18,0,0,0,27,0,12,27,0,0,23,0,0,0,0,0
2849642,23,0,0,0,0,0,0,0,0,0,0,0,0,0,0,0,0,0,0,13,0,0,0,0,0,0,0,0
2527968,23,10,19,10,12,21,123,0,0,0,0,16,0,0,0,0,25,0,27,27,0,0,16,0,0,0,0,0
3398393,23,0,0,0,0,16,154,0,0,18,0,0,0,0,0,0,12,0,18,0,0,0,0,0,0,0,0,0
2719987,23,0,0,0,0,0,0,10,0,0,0,0,0,0,0,0,92,0,0,28,0,0,0,0,0,13,12,0
273376,23,21,27,0,0,0,0,0,0,0,0,12,17,0,0,0,0,0,16,11,12,0,153,0,0,0,0,0
181663,23,0,0,0,0,0,31,0,0,0,0,10,0,0,0,10,11,17,0,0,0,0,0,0,0,19,10,0
3133335,23,0,15,0,0,23,123,0,0,12,0,0,0,0,0,0,0,0,0,23,0,0,0,0,0,15,0,0
2954511,23,0,0,0,14,0,30,0,0,0,0,0,0,0,0,0,1782,0,0,58,0,0,39,0,0,13,20,0
1497681,23,0,0,0,11,14,12,0,16,0,0,0,11,0,0,0,53,0,0,10,0,0,0,0,0,0,17,0
1471761,23,0,0,0,0,10,19,0,0,0,0,0,0,0,0,0,30,0,0,12,0,0,0,0,0,0,0,0
178899,23,0,0,0,0,11,0,0,13,0,0,0,0,0,0,0,14,0,0,26,0,0,18,0,0,41,18,28
3238632,23,0,0,0,0,29,40,0,0,0,0,0,0,0,0,0,0,0,0,0,0,0,0,0,0,0,0,0
3403457,23,0,0,0,13,22,65,0,0,0,0,0,0,0,0,0,14,0,0,0,0,0,0,0,0,0,0,0
2078691,23,0,0,0,0,39,90,0,0,0,0,0,0,0,0,0,0,0,0,0,0,0,0,0,0,0,0,0
1226757,23,0,0,0,0,26,53,0,0,0,0,0,0,0,0,0,0,0,0,0,0,0,13,0,0,0,0,0
3239975,23,0,0,0,0,11,91,0,0,0,0,0,12,0,0,0,87,0,15,20,0,0,20,0,0,11,15,0
204891,23,0,14,0,0,13,50,14,0,0,0,0,19,0,0,0,0,0,0,21,0,0,0,0,0,0,0,0
1705,23,15,14,0,0,14,0,0,0,0,0,0,13,0,0,0,11,0,19,0,27,0,13,0,0,18,14,0
386911,23,0,0,0,0,15,28,0,0,0,0,0,0,0,0,28,190,0,0,0,0,0,0,0,0,0,0,0
875808,23,0,0,0,0,17,42,0,0,0,0,0,0,0,0,0,0,0,0,0,0,0,0,0,0,0,0,0
2698900,23,0,0,0,0,0,0,0,0,0,0,0,0,0,0,0,0,0,0,0,0,0,0,0,0,0,0,0
2055,23,0,33,0,21,79,102,0,24,0,0,0,45,0,0,0,0,0,0,0,0,0,0,0,0,0,0,0
2915130,23,0,0,0,0,36,73,0,0,0,0,0,0,0,0,0,0,0,0,0,24,0,35,0,0,0,0,0
2760083,23,0,0,0,0,16,50,0,0,0,0,0,0,0,0,0,308,0,0,10,0,0,0,0,0,13,0,0
3153752,23,0,0,0,0,12,48,0,0,0,0,0,0,0,0,0,0,0,0,0,0,0,0,0,0,0,0,0
3418415,23,0,0,16,12,16,28,0,0,0,0,0,0,0,16,0,0,0,0,108,0,22,0,0,0,0,24,0
103817,23,0,0,0,0,34,100,0,0,0,0,0,0,0,0,0,0,0,0,24,0,0,0,0,0,0,32,0
1652028,23,0,0,0,0,0,94,0,0,0,0,0,20,0,0,0,0,0,0,0,0,0,0,0,0,0,0,0
2975982,23,0,0,0,0,46,40,0,0,0,0,0,0,0,0,0,103,0,0,0,0,0,0,0,0,0,0,0
1877,23,0,0,45,48,71,122,0,0,23,0,0,0,0,0,0,0,0,20,0,0,0,0,0,0,0,0,0
2294034,23,0,0,0,0,19,34,0,0,0,0,0,0,0,0,0,0,0,0,0,0,0,20,0,0,0,0,0
2728827,23,0,17,13,20,47,147,0,18,23,0,0,0,0,0,0,0,0,11,10,0,0,0,0,0,18,13,0
2749050,23,0,0,0,0,0,0,0,0,0,0,0,0,0,0,0,0,0,0,0,0,0,0,0,0,0,0,0
3059035,23,0,0,0,0,0,0,0,0,0,0,0,0,0,0,0,0,0,0,0,0,0,0,0,0,0,0,0
1687,23,0,0,0,0,0,0,0,0,0,0,0,0,0,0,0,0,0,0,59,0,0,0,0,0,0,0,0
200618,23,0,0,0,0,16,107,0,0,0,0,0,0,0,0,0,0,0,0,0,0,0,0,0,0,0,0,0
3052086,23,0,0,0,0,0,20,0,0,0,0,0,0,0,0,0,0,0,0,0,0,0,0,0,0,16,0,0
3239942,23,0,0,0,17,33,85,0,0,0,0,0,0,0,0,0,0,0,14,0,0,0,13,0,0,0,0,0
715472,23,0,0,0,0,40,129,0,0,0,0,0,0,0,0,0,15,0,12,24,0,0,0,0,0,0,0,0
3239995,23,0,0,0,0,41,65,0,0,0,0,0,0,0,0,0,0,0,0,0,0,0,0,0,0,0,0,0
710111,23,0,0,13,16,22,73,0,0,0,0,0,0,0,0,0,0,0,23,47,10,0,0,0,0,0,0,0
1497974,23,0,0,0,0,34,82,0,37,0,0,0,0,0,0,0,0,0,0,0,0,0,0,0,0,0,0,0
3066276,23,0,0,13,18,0,10,0,0,0,0,0,0,0,0,0,0,0,0,0,0,13,53,0,0,0,0,0
2967972,23,0,0,0,0,0,0,0,0,0,0,0,0,0,0,0,0,0,0,30,0,0,17,0,0,11,0,0
2144,23,17,24,0,0,0,0,0,0,0,26,16,32,0,0,25,115,0,0,13,13,0,0,0,0,10,0,16
1609546,23,0,13,0,0,0,0,0,0,0,0,0,0,0,13,0,83,0,0,17,13,0,52,0,0,0,12,10
133453,23,0,13,0,0,22,64,0,0,0,0,0,0,0,0,0,17,0,17,183,0,0,0,0,0,0,0,0
2203,23,0,0,0,11,11,12,13,10,0,0,0,0,0,0,0,0,0,0,15,0,0,15,0,0,0,0,0
2961596,23,0,0,0,12,13,43,0,0,0,0,0,0,0,0,0,0,0,0,0,0,0,0,0,0,0,0,0
1008152,23,10,15,0,0,34,13,0,0,0,0,0,0,0,0,0,27,0,0,0,0,0,0,0,0,0,0,0
1702103,23,17,11,0,0,0,32,0,0,0,15,0,0,0,0,0,0,0,0,16,0,0,40,0,0,0,0,0
680118,23,0,0,0,0,0,0,0,0,0,0,0,0,0,0,0,0,0,0,0,0,0,0,0,0,0,0,0
2264,23,0,0,14,17,0,0,0,0,0,0,0,0,0,0,0,0,0,0,0,0,0,11,0,0,0,0,0
3060193,23,13,14,0,0,0,0,0,0,0,0,0,0,0,0,0,0,0,0,0,0,0,0,0,0,0,0,0
2956266,23,0,0,0,0,0,0,0,0,0,0,0,0,0,0,0,0,0,0,0,0,0,0,0,0,0,0,0
3060051,23,0,0,0,0,0,0,0,0,0,0,0,0,0,0,0,0,0,0,0,0,0,0,0,0,0,0,0
2845079,23,0,0,0,0,0,0,0,0,0,0,0,0,0,0,0,0,0,0,0,0,0,0,0,0,0,0,0
3050246,23,0,0,0,0,0,0,0,0,0,0,0,0,0,0,0,0,0,0,0,0,0,0,0,0,0,0,0
3050331,23,0,0,0,0,0,0,0,0,0,0,0,0,0,0,0,0,0,0,0,0,0,0,0,0,0,0,0
3241176,23,0,0,0,0,0,0,0,0,0,0,0,0,0,0,0,0,0,0,0,0,0,0,0,0,0,0,0
3431485,23,0,0,0,0,0,0,0,0,0,0,0,0,0,0,0,0,0,0,0,11,0,0,0,0,0,0,0
3051417,23,0,0,0,0,0,0,0,0,0,0,0,0,0,0,0,0,0,0,0,0,0,0,0,0,0,0,0
2976431,22,0,0,0,0,33,28,0,0,0,0,0,0,0,0,0,0,0,0,0,0,0,13,0,0,0,0,0
2675773,22,0,0,0,0,0,0,0,0,0,0,0,0,0,0,22,0,0,0,0,0,0,0,0,0,0,0,0
1398493,22,0,11,0,0,0,16,0,0,0,0,0,14,0,0,11,122,0,0,0,0,0,21,0,0,0,0,0
2872648,22,0,0,0,0,13,0,0,0,0,0,0,0,0,0,0,0,0,0,18,0,0,0,0,0,0,0,0
1239307,22,0,26,0,0,0,25,0,24,0,0,0,0,0,0,17,99,0,0,0,0,0,12,0,0,20,11,14
77608,22,0,0,0,0,0,0,0,27,0,0,0,0,0,0,0,0,0,0,0,0,0,51,0,0,0,0,0
60478,22,0,0,16,19,0,22,0,0,0,0,0,0,0,0,0,0,0,0,11,0,0,0,0,0,0,11,0
768528,22,0,0,0,0,0,0,0,0,0,0,0,0,0,0,0,0,0,0,0,0,0,0,0,0,0,0,0
1632866,22,0,0,12,13,20,14,22,38,0,0,0,0,0,0,0,16,0,0,13,0,0,30,0,0,32,12,0
2662362,22,0,0,0,10,0,0,0,0,0,0,0,0,0,0,0,68,0,0,36,0,0,52,0,0,0,0,0
29433,22,0,0,0,0,0,0,0,0,0,0,0,0,0,0,0,0,0,0,0,0,0,0,0,0,0,0,0
1918946,22,0,25,15,25,23,21,0,0,0,0,0,20,0,0,13,185,0,0,27,0,0,58,0,0,0,11,13
865757,22,0,16,15,16,46,57,0,0,0,0,0,0,0,0,0,0,0,0,12,0,20,36,0,0,11,0,0
2954086,22,0,0,0,0,0,0,0,0,0,0,0,0,0,239,0,0,0,0,0,0,0,0,0,0,0,0,0
3388490,22,0,0,0,0,0,28,0,0,0,0,0,0,0,0,0,0,0,0,0,0,0,11,0,0,0,0,0
2825975,22,0,0,0,0,0,0,0,0,0,0,0,0,0,0,0,0,0,0,0,0,0,0,0,0,0,0,0
78543,22,0,0,0,0,0,40,0,0,0,0,0,0,0,0,0,0,0,0,17,0,0,15,0,0,0,0,0
1421430,22,0,0,0,0,23,38,0,0,0,0,0,0,0,0,0,0,0,0,0,0,0,21,0,0,0,0,0
2956797,22,0,0,0,0,0,91,0,0,0,0,0,0,0,0,0,0,0,0,0,0,0,0,0,0,0,0,0
2820817,22,0,14,0,0,0,0,0,0,0,0,0,11,0,0,0,0,0,0,0,0,0,21,0,0,12,0,0
2511995,22,0,0,0,0,17,53,0,0,14,0,0,0,0,0,0,0,0,55,19,0,0,19,0,0,0,0,10
105751,22,0,0,0,0,0,19,0,0,0,0,0,0,0,0,0,0,0,0,0,0,0,0,0,0,0,0,0
265883,22,0,0,0,0,0,0,0,0,0,0,0,0,0,0,0,0,0,0,0,0,0,0,0,0,0,0,0
553981,22,0,0,0,0,10,0,0,0,0,0,0,0,0,0,0,0,0,0,30,0,0,22,0,0,0,0,0
439387,22,0,0,0,0,31,72,0,0,0,0,0,0,0,0,31,172,0,105,15,0,0,0,0,30,0,10,0
3447427,22,0,0,0,0,38,55,0,41,0,0,0,0,0,0,23,240,0,34,46,0,0,0,0,0,49,38,36
110322,22,0,0,0,0,22,47,13,21,0,0,0,0,0,0,0,87,0,0,0,0,0,16,0,0,0,0,0
3402289,22,0,17,0,0,64,95,0,0,0,0,0,0,0,0,0,0,0,0,0,0,0,0,0,0,0,0,0
2493671,22,0,34,0,0,22,67,0,0,0,0,0,0,0,0,0,0,0,0,0,0,33,104,0,0,0,0,0
2202828,22,0,0,14,11,47,92,0,16,0,0,0,0,0,0,0,28,0,21,0,0,0,10,0,0,0,0,0
1871048,22,14,23,0,0,95,101,0,22,17,0,0,0,0,0,0,0,0,20,0,0,0,10,0,0,0,0,0
3026423,22,0,0,0,0,19,21,0,0,0,0,0,0,0,0,0,0,0,0,0,0,15,21,0,14,0,0,0
3041435,22,0,0,0,0,16,48,0,0,0,0,0,0,0,0,0,0,0,0,14,0,0,0,0,0,0,0,0
2709380,22,0,24,0,13,73,111,0,0,13,0,0,0,0,0,0,10,0,15,0,0,0,0,0,0,0,0,0
1868589,22,0,24,0,12,97,138,0,14,0,0,0,0,0,0,0,0,0,10,0,0,0,0,0,0,0,0,0
28214,22,0,15,0,0,41,109,0,0,0,0,0,0,0,0,0,27,0,0,0,0,0,0,0,0,0,0,0
1541170,22,0,11,0,0,41,115,0,15,0,0,0,0,0,0,0,0,0,0,0,0,0,0,0,0,0,0,0
2782568,22,0,0,0,0,12,56,0,0,0,0,0,0,0,0,0,0,0,0,0,0,0,0,0,0,0,0,0
941907,22,0,13,0,14,75,99,0,0,0,0,0,0,0,0,0,0,0,0,0,0,0,116,0,0,0,0,0
2587853,22,0,65,17,23,58,1651,0,109,40,0,29,0,0,0,0,0,0,89,32,0,0,19,0,0,0,17,0
2916816,22,0,0,40,47,34,29,0,0,0,0,0,0,0,0,0,0,0,0,12,0,0,26,0,0,0,0,0
3066133,22,0,0,0,0,0,0,0,0,0,0,0,0,0,0,0,0,0,0,155,0,0,0,0,0,0,0,0
168935,22,0,29,41,71,104,211,0,56,0,0,0,0,0,0,22,61,0,15,54,0,25,114,19,18,22,0,0
2821514,22,13,153,17,32,328,263,0,18,19,0,0,21,18,0,0,10,0,10,12,0,0,12,0,0,25,21,25
265960,22,0,0,0,0,0,24,0,0,0,0,0,0,0,0,0,21,0,0,0,0,0,13,0,0,0,14,0
1743159,22,0,0,0,12,0,0,0,0,0,0,0,0,0,0,0,0,0,0,0,0,0,0,0,0,0,0,0
105219,22,0,0,0,0,35,151,0,0,0,0,0,0,0,0,0,0,0,25,21,0,0,0,0,0,15,0,0
3046670,22,14,22,0,0,0,110,0,0,0,0,0,0,0,0,0,58,0,0,22,0,0,0,0,0,0,0,0
3230736,22,0,0,36,0,0,72,0,0,0,0,0,0,0,0,0,0,0,0,0,0,0,64,0,0,0,0,0
2752316,22,0,0,22,29,15,43,0,0,0,0,0,0,0,0,0,0,0,0,0,0,0,89,0,0,0,0,0
2025949,22,12,23,0,0,0,24,0,0,0,0,0,18,0,0,0,0,0,0,0,14,0,11,0,0,0,0,0
1481665,22,0,0,0,0,21,29,0,0,0,0,0,0,0,0,0,80,0,0,30,0,0,11,0,0,0,32,0
2980100,22,0,0,0,0,0,33,15,15,0,0,0,0,0,0,0,0,0,0,15,0,0,17,0,0,0,0,0
3373598,22,0,0,0,0,16,54,0,0,0,0,0,0,0,0,0,0,0,14,15,0,0,0,0,0,0,0,0
1130723,22,0,25,16,16,13,79,0,17,0,0,0,0,0,0,0,0,0,0,40,0,0,30,0,0,17,20,0
2715232,22,0,0,0,11,0,0,0,0,0,0,0,0,0,0,0,0,0,0,0,0,0,0,0,0,0,0,0
2674997,22,0,0,0,0,29,51,0,0,0,0,0,0,0,0,0,21,0,0,11,0,0,15,0,0,0,0,0
393921,22,0,0,0,0,14,17,0,0,0,0,0,0,0,0,0,0,0,0,0,0,12,0,0,10,10,0,0
3239825,22,0,13,0,0,0,0,0,0,0,0,0,0,0,0,0,41,0,0,0,0,0,30,0,0,14,0,0
214,22,36,38,0,0,0,0,0,0,14,0,0,0,0,0,0,0,0,0,0,0,0,0,0,0,0,0,0
2707525,22,0,0,0,0,18,150,0,0,0,0,0,0,0,0,0,31,0,42,0,0,0,0,0,0,0,0,0
1277350,22,0,0,0,0,0,20,32,32,0,0,0,0,12,0,0,0,19,0,11,0,0,13,0,0,0,0,0
3133333,22,0,0,0,0,0,65,0,0,0,0,0,0,0,0,0,0,0,0,0,0,0,37,0,0,0,0,0
3133286,22,0,0,0,0,0,53,0,0,0,0,0,0,0,0,0,0,0,0,0,0,0,0,0,0,0,0,0
2918171,22,0,0,0,0,26,173,0,0,0,0,11,0,0,0,0,13,0,13,0,0,0,20,0,0,0,0,0
1632018,22,0,0,0,0,0,0,0,0,0,0,0,0,0,0,12,0,0,0,0,0,10,22,0,0,0,0,0
365617,22,0,0,0,0,10,21,0,0,0,0,0,0,0,0,0,0,0,22,35,0,0,25,0,0,12,0,0
2908839,22,0,0,0,15,0,15,0,0,0,0,0,0,0,0,0,20,0,0,16,112,0,21,0,0,16,0,0
2583989,22,0,0,0,0,16,0,22,0,0,0,0,0,0,0,0,47,0,0,33,0,15,105,0,0,32,27,0
1294,22,0,0,0,0,0,0,11,20,0,0,0,0,0,0,0,37,0,0,45,0,0,25,0,0,18,0,0
3056445,22,20,24,0,0,0,0,0,0,0,0,0,0,0,0,0,0,0,0,11,0,11,17,0,0,0,0,0
1750535,22,0,0,0,0,0,0,0,0,0,0,0,0,0,0,0,0,0,0,23,0,0,0,0,0,0,0,0
3413147,22,28,0,0,0,0,70,0,0,0,0,0,0,0,0,0,66,0,0,0,0,0,0,0,0,0,0,0
2282420,22,0,0,0,0,0,0,0,0,0,0,0,0,0,0,0,0,0,0,114,0,0,24,0,0,21,0,13
1825069,22,0,0,0,0,0,0,0,0,0,0,0,0,0,0,0,0,0,0,14,0,0,0,0,0,0,0,0
512298,22,0,0,0,0,0,32,0,0,0,0,0,0,0,0,0,0,0,0,0,0,0,0,0,0,0,0,0
2903818,22,0,15,0,0,35,101,0,0,0,0,0,0,0,0,0,0,0,18,0,0,0,0,0,0,14,0,0
2903665,22,0,13,0,0,25,51,0,0,0,0,0,0,0,0,0,0,0,0,0,0,0,0,0,0,0,0,0
2898276,22,0,0,0,0,0,56,0,0,0,0,0,0,0,0,0,0,0,0,0,0,0,12,0,0,17,0,0
2903882,22,0,0,0,0,16,52,0,0,0,0,0,0,0,0,0,105,0,0,15,0,0,0,0,0,19,20,0
2768066,22,0,0,0,0,22,83,0,0,16,0,0,0,0,0,0,36,0,0,0,0,0,0,0,0,0,0,0
55404,22,0,0,0,25,20,74,0,0,0,0,0,0,0,0,0,0,0,0,0,0,0,0,0,0,0,0,0
67287,22,0,0,0,0,20,56,0,0,0,0,0,0,0,0,0,0,0,0,19,0,0,0,0,0,0,0,0
3344656,22,0,0,0,0,21,45,0,0,0,0,0,0,0,0,0,0,0,0,27,0,0,0,0,0,0,0,0
285557,22,0,0,0,19,35,38,0,0,0,0,0,0,0,0,0,0,0,0,0,0,0,14,0,0,0,0,0
1960,22,0,0,0,0,33,73,0,0,0,0,0,0,0,0,0,0,0,0,0,0,0,0,0,0,0,0,0
455432,22,0,0,15,21,36,104,0,0,20,0,0,0,0,0,0,120,0,0,28,0,0,126,0,0,42,22,18
1805840,22,0,0,0,0,0,31,0,0,0,0,0,0,0,0,0,0,0,12,0,0,0,12,0,0,0,0,0
2883169,22,0,0,0,0,0,23,0,0,0,0,0,0,0,0,0,0,0,0,0,0,0,0,0,0,0,0,0
35757,22,0,0,0,0,0,10,0,0,0,0,0,0,0,0,0,0,0,0,11,0,0,0,0,0,0,0,0
161899,22,0,0,0,0,0,0,0,0,0,0,0,0,0,0,0,0,0,36,0,0,0,0,0,0,0,0,0
1232427,22,0,0,0,0,0,0,0,0,0,0,0,0,0,0,0,0,0,25,0,0,0,0,0,0,0,0,0
1545728,22,0,0,0,0,0,42,0,0,0,0,0,0,0,0,0,25,0,0,55,0,0,0,0,0,0,36,0
43348,22,14,11,0,0,13,47,0,0,0,0,0,0,0,0,28,11,0,12,0,0,0,0,0,0,0,0,0
3135264,22,0,0,0,0,20,36,0,0,0,0,0,0,0,0,0,0,0,0,0,0,0,0,0,0,0,0,0
2763257,22,0,0,0,0,0,45,0,0,0,0,0,0,0,0,0,0,0,0,0,0,0,0,0,0,0,0,0
2773266,22,0,0,0,0,0,33,0,0,0,0,0,0,0,0,0,0,0,0,0,0,0,22,0,0,0,0,0
2886938,22,0,0,0,0,0,15,0,0,0,0,0,0,0,0,0,0,0,0,0,0,0,0,0,0,0,0,0
1703,22,0,0,0,0,0,31,0,0,0,0,0,0,0,0,0,0,0,0,0,0,0,0,0,0,0,0,32
3435412,22,0,11,0,0,17,29,0,0,0,0,0,10,0,0,0,16,0,0,15,0,0,0,0,0,0,0,0
2039,22,0,0,0,0,0,0,0,0,0,0,0,0,0,0,0,0,0,0,0,0,0,0,0,0,0,0,0
307121,22,0,0,0,0,33,76,11,34,25,0,0,0,0,0,0,52,0,13,11,0,0,0,0,0,0,0,0
2714938,22,0,0,0,13,28,64,0,0,0,0,0,0,0,0,0,0,0,0,0,0,0,0,0,0,0,0,0
1871034,22,15,0,0,0,0,0,0,0,0,0,0,0,0,0,0,0,0,0,0,0,0,0,0,0,0,0,0
2708340,22,0,0,0,0,0,0,0,0,0,0,0,0,0,0,0,38,0,0,17,0,24,19,0,0,10,12,0
3076764,22,0,0,0,0,28,74,0,0,0,0,0,0,0,0,0,0,0,0,22,0,0,0,0,0,0,0,0
93944,22,0,0,17,29,58,165,0,0,0,0,0,0,0,0,0,31,0,35,34,0,0,16,0,0,14,16,0
2903583,22,0,0,0,0,28,45,0,0,0,0,0,0,0,0,0,0,0,0,0,0,0,19,0,0,0,0,0
321332,22,0,0,0,0,115,44,0,12,0,0,0,0,0,0,0,0,0,0,0,0,0,25,0,0,0,0,0
1050635,22,0,32,27,44,64,65,0,48,60,0,18,123,0,0,78,138,16,428,15,0,36,73,0,0,18,0,41
1080068,22,0,0,30,50,327,181,0,305,0,0,0,34,0,0,0,0,0,0,0,0,0,0,0,0,0,27,35
525886,22,15,38,15,19,0,0,0,0,0,0,16,12,0,0,0,0,11,0,17,10,0,20,0,0,10,0,0
2155,22,0,0,0,0,0,0,0,0,0,0,0,0,0,0,0,0,0,0,0,0,0,0,0,0,0,0,0
33922,22,0,0,0,0,10,0,0,0,0,0,0,0,0,0,0,0,0,11,0,0,0,19,0,0,0,0,0
2111,22,0,0,21,27,11,0,16,22,15,0,0,0,0,0,0,0,0,0,30,0,0,13,0,0,13,0,0
2917691,22,0,0,0,0,0,17,0,16,0,0,0,0,0,0,0,19,0,0,0,0,0,15,0,0,0,0,0
1452353,22,0,12,0,0,17,17,0,0,0,0,0,15,0,0,0,15,0,0,18,0,0,34,0,0,12,0,13
2926850,22,0,15,0,0,0,0,0,0,0,0,0,0,0,0,0,12,0,0,0,0,0,0,0,0,0,0,0
2560679,22,0,0,0,0,0,0,0,0,0,0,0,0,0,0,0,0,0,0,0,0,0,0,0,0,0,0,0
2844242,22,13,0,0,0,0,0,0,0,0,0,0,11,0,0,0,0,0,0,0,0,0,0,0,0,0,0,0
3427928,22,0,0,0,0,0,0,0,0,0,0,0,0,0,0,0,0,0,0,0,0,0,0,0,0,0,0,0
690594,21,0,0,0,12,0,0,14,29,0,0,0,0,0,16,0,0,0,0,35,0,10,20,0,0,0,0,0
2740817,21,0,0,0,0,0,15,0,0,0,0,0,0,0,0,0,0,0,0,40,0,0,18,0,0,0,0,0
1082704,21,0,0,0,0,0,17,0,0,0,0,0,0,0,0,11,87,0,0,0,0,0,23,0,0,0,0,0
3067275,21,0,0,0,0,23,36,0,0,0,0,0,0,0,0,0,0,0,0,0,0,0,11,0,0,0,0,0
2025808,21,0,15,0,0,28,24,15,0,0,0,0,0,0,0,0,0,0,0,0,0,0,0,0,0,0,0,0
3029060,21,0,0,0,0,0,31,0,0,0,0,0,0,0,0,0,10,0,0,0,0,0,0,0,0,0,0,0
1027966,21,0,0,0,0,26,57,0,0,0,0,0,0,0,0,0,0,0,0,0,0,0,24,0,0,0,0,0
2875961,21,0,0,0,0,0,0,0,0,0,0,0,0,0,0,0,0,0,0,0,0,0,0,0,0,0,0,0
86265,21,16,27,0,0,0,18,0,0,0,0,0,16,0,0,0,0,0,0,24,17,0,0,0,0,14,0,0
3398356,21,0,0,0,0,0,0,0,0,0,0,0,0,0,0,0,0,0,0,21,0,0,0,0,0,0,0,0
640205,21,0,0,0,0,11,35,0,0,0,0,0,0,0,0,0,0,0,0,0,0,0,41,0,0,0,0,0
1949083,21,0,0,14,0,51,107,0,0,0,0,0,0,0,0,0,0,0,43,20,0,0,0,0,0,0,0,0
3421654,21,0,0,0,0,43,105,0,0,0,0,0,0,0,0,0,0,0,0,0,0,0,12,0,0,0,0,0
761,21,0,10,0,11,13,13,0,0,0,0,0,0,0,0,0,0,0,0,68,0,67,20,10,122,11,26,0
739,21,0,0,0,0,0,0,0,0,0,0,0,0,0,0,0,0,0,0,24,0,0,0,0,0,0,0,0
2971235,21,0,0,0,0,0,33,0,0,0,0,0,0,0,0,0,20,0,0,0,0,0,22,0,0,0,0,0
2763317,21,0,0,0,0,41,82,0,0,0,0,0,0,0,0,0,10,0,0,20,0,0,0,0,0,0,0,0
2976241,21,0,0,0,0,22,107,0,11,16,0,0,0,0,0,0,17,0,0,0,0,0,17,0,0,0,0,0
3066238,21,0,0,0,0,0,0,0,0,0,0,0,0,0,0,0,0,0,0,23,0,0,0,0,0,0,0,0
2944933,21,0,0,0,0,0,53,0,0,0,0,0,0,0,0,0,14,0,0,69,0,0,0,0,0,31,22,31
1033854,21,0,0,19,29,54,309,13,34,45,0,0,0,0,0,0,21,0,0,0,0,0,0,0,0,0,0,0
1404768,21,0,0,0,0,16,60,0,0,0,0,0,0,0,0,29,125,0,19,0,0,0,0,0,17,0,0,0
2992140,21,0,0,0,0,68,164,0,0,20,0,0,0,0,0,19,113,0,70,53,0,0,0,0,0,0,44,0
2041385,21,0,0,0,0,29,80,0,0,25,0,0,0,0,0,0,11,0,0,0,0,0,0,0,0,0,0,0
1585697,21,0,0,0,0,55,70,0,0,0,0,0,0,0,0,0,0,0,0,14,0,0,0,0,0,0,0,0
3080828,21,0,0,0,0,29,47,0,0,0,0,0,0,0,0,0,44,0,11,27,0,0,0,0,0,12,0,0
3025670,21,0,0,0,0,31,37,0,0,0,0,0,0,0,0,0,0,0,0,0,0,0,0,0,0,0,0,0
1843368,21,0,0,0,0,45,94,0,0,0,0,0,0,0,0,0,23,0,21,0,0,0,0,0,0,0,0,0
33050,21,31,52,0,0,36,170,0,0,0,0,0,0,0,0,0,0,0,0,0,0,0,15,0,0,0,0,0
33994,21,0,0,0,0,0,0,0,0,0,0,0,0,0,0,0,0,0,0,0,0,0,0,0,0,0,0,0
2601646,21,0,0,0,0,0,0,0,0,0,0,0,18,0,0,0,0,0,0,0,0,0,0,0,0,0,0,0
2602016,21,23,115,19,22,264,268,0,25,22,0,0,0,0,0,19,23,0,35,0,0,0,10,0,0,0,0,22
431306,21,0,0,0,0,0,0,0,0,0,0,0,0,0,0,0,0,0,0,0,0,21,0,0,0,0,0,0
2480087,21,0,0,0,0,51,83,0,0,11,0,0,0,0,0,0,0,0,31,0,0,10,12,0,0,0,0,0
3064829,21,0,26,0,14,122,88,0,14,0,0,0,0,0,0,11,85,0,0,0,0,0,14,0,0,0,0,0
1385591,21,13,19,18,17,22,48,0,15,0,12,0,0,0,0,0,52,0,0,15,0,0,24,0,0,0,0,0
1758398,21,0,0,0,0,0,19,0,0,0,0,0,0,0,0,0,0,0,0,0,0,0,0,0,0,0,0,0
2982615,21,0,0,0,0,0,0,0,0,0,0,0,0,0,0,0,100,0,0,0,0,0,0,0,0,0,0,0
2840467,21,11,0,0,0,0,0,0,0,0,0,0,0,0,0,0,0,0,0,0,0,0,98,0,0,0,0,0
742013,21,0,0,0,0,0,0,0,0,0,0,0,0,0,0,0,0,0,0,0,0,0,0,0,0,0,0,0
2495579,21,12,14,0,0,34,46,0,0,0,0,0,18,0,0,0,0,0,0,0,0,0,0,0,0,0,0,0
2072590,21,0,0,0,0,0,66,13,29,0,0,0,0,0,0,0,0,0,0,0,0,0,20,0,0,0,0,0
2070761,21,14,26,0,0,13,43,0,0,0,0,16,53,0,0,0,10,0,0,15,59,0,0,0,0,0,0,0
2588534,21,0,27,0,0,0,0,0,0,0,0,0,0,0,0,0,10,0,0,0,0,0,0,15,0,0,0,0
233181,21,0,0,0,0,0,0,11,13,0,0,0,0,0,0,0,26,0,0,32,0,0,0,0,0,0,0,14
1850093,21,17,22,18,25,27,32,0,14,0,0,10,12,0,0,0,20,0,0,18,0,49,29,0,0,18,0,0
1379910,21,0,18,12,0,14,40,0,11,0,0,0,0,0,0,0,13,0,0,25,0,0,101,0,0,0,0,0
28114,21,0,0,0,0,11,0,17,0,0,0,0,0,0,0,0,0,0,0,0,0,0,0,0,0,0,13,0
2992242,21,0,0,0,0,0,0,0,0,0,0,0,0,0,0,0,0,0,0,0,0,0,20,0,0,0,0,0
3131938,21,0,0,11,14,13,10,0,0,0,0,0,0,0,0,0,0,0,0,0,0,0,12,0,0,0,0,0
206403,21,0,0,0,0,0,0,0,0,0,0,0,0,0,0,0,0,0,0,0,0,0,36,0,0,0,58,0
2583823,21,0,14,0,0,38,41,0,0,0,0,0,0,0,0,0,16,0,10,0,0,0,0,0,0,12,0,0
3133329,21,0,0,0,0,26,48,0,0,0,0,0,0,0,0,0,0,0,0,0,0,0,0,0,0,0,13,0
3038653,21,17,17,0,0,0,0,0,0,0,0,0,23,0,0,0,66,0,0,0,0,0,0,0,0,0,0,0
3069269,21,0,0,0,0,0,0,0,0,0,0,0,0,0,0,0,10,0,0,0,0,0,0,0,0,0,0,0
57037,21,0,0,0,0,0,0,0,0,0,0,0,0,0,0,0,173,0,0,0,0,0,0,0,0,0,0,0
2940297,21,0,13,0,0,0,0,0,0,0,0,0,25,0,0,0,0,0,0,0,11,0,0,0,0,21,0,0
747656,21,0,0,0,11,12,0,0,0,0,0,0,0,0,0,0,0,0,0,0,0,0,11,0,0,0,0,0
400065,21,0,0,0,0,11,0,0,0,0,0,0,0,0,0,0,40,0,0,11,0,0,20,0,0,0,0,0
3016343,21,0,0,0,0,0,0,0,0,0,0,0,0,0,0,0,0,0,0,0,0,0,10,0,0,0,0,0
3030210,21,17,26,0,0,43,80,0,0,0,0,22,0,0,0,0,0,0,11,11,0,0,0,0,0,15,0,0
3240934,21,0,0,0,0,20,40,0,0,0,0,0,0,0,0,0,0,0,34,0,0,0,0,0,0,0,0,0
1837283,21,0,18,0,0,0,31,0,0,0,0,0,0,0,0,0,0,0,0,0,0,0,0,0,0,0,0,0
2202000,21,0,0,0,0,0,53,0,0,0,0,0,0,0,0,0,0,0,0,48,0,0,0,0,0,0,0,0
1355015,21,0,0,21,21,0,48,0,0,0,0,0,0,0,0,0,0,0,0,0,0,0,15,0,0,0,0,0
2768069,21,29,45,0,0,30,100,0,0,0,0,0,0,0,0,0,0,0,0,0,0,0,0,0,0,0,0,0
452529,21,0,0,21,19,51,68,0,0,0,0,0,0,0,0,0,69,0,11,25,0,0,0,0,0,0,0,0
3425125,21,0,28,0,0,41,113,0,0,0,0,0,0,0,0,0,0,0,15,0,0,0,0,0,0,0,0,0
3239973,21,0,0,0,0,21,31,19,18,0,0,0,0,0,0,0,0,0,0,0,0,0,0,0,0,0,0,0
2768834,21,0,0,0,13,0,0,0,0,0,0,0,0,0,0,0,0,0,0,0,0,0,0,0,0,0,0,0
679663,21,0,0,0,0,0,18,0,0,0,0,0,0,0,0,0,0,0,14,26,0,0,19,0,0,12,0,0
1721,21,0,0,0,0,0,0,0,0,0,0,0,0,0,0,0,0,0,0,0,0,0,0,0,0,0,0,0
85693,21,0,0,0,0,17,49,0,0,0,0,0,0,0,0,0,0,0,15,24,0,0,0,0,0,0,0,0
2857058,21,0,0,17,20,26,46,0,0,0,0,0,0,0,0,0,48,0,0,14,0,0,14,0,0,0,0,0
2831662,21,0,0,0,0,13,44,0,0,0,0,0,0,0,0,0,0,0,38,15,0,0,0,0,0,0,0,0
2963406,21,0,0,0,15,16,49,0,0,0,0,0,0,0,0,0,0,0,0,0,0,0,13,0,0,0,0,0
2879618,21,55,61,0,0,0,0,0,0,0,0,28,45,0,0,0,0,0,0,0,24,0,0,0,0,0,0,0
3116482,21,0,0,0,0,0,34,0,0,0,0,0,0,0,0,0,0,0,0,0,0,0,0,0,0,0,0,0
556325,21,0,0,0,16,0,0,0,0,0,0,0,0,0,0,0,14,0,0,0,0,0,0,0,0,0,0,0
2173174,21,0,0,0,0,0,0,0,0,0,0,0,0,0,0,0,0,0,0,0,0,0,0,0,0,0,0,0
1179673,21,0,0,0,0,16,64,0,0,0,0,0,0,0,0,0,0,0,0,0,0,0,0,0,0,0,0,0
3239967,21,0,0,0,0,68,67,0,0,0,0,0,0,0,0,0,0,0,17,0,0,0,24,0,0,0,0,0
3016096,21,0,0,0,0,0,0,0,0,0,0,0,0,0,0,0,0,0,0,0,0,0,0,0,0,0,0,0
946334,21,0,0,0,0,36,111,0,0,0,0,0,0,0,0,0,0,0,0,0,0,0,19,0,0,0,0,0
627624,21,0,0,0,0,22,72,0,0,0,0,0,0,0,0,0,0,0,0,0,0,0,0,0,0,0,0,0
642780,21,0,0,0,13,30,119,0,0,0,0,0,0,0,0,0,0,0,11,0,0,0,0,0,0,0,0,0
546874,21,0,0,0,0,46,115,0,0,0,0,0,0,0,0,0,74,0,21,0,0,0,0,0,0,0,0,0
33011,21,0,0,0,0,27,2011,11,0,22,57,0,0,18,0,0,86,0,454,0,0,0,0,0,12,0,0,0
1660,21,0,14,0,0,21,203,0,0,0,0,0,0,0,0,17,924,0,62,0,11,0,0,0,14,0,0,0
3108822,21,0,0,0,0,29,75,0,0,0,0,0,0,0,0,0,0,0,14,0,0,0,12,0,0,0,0,0
40990,21,0,0,0,0,0,41,0,0,0,0,0,0,0,0,0,0,0,0,0,0,0,0,0,0,0,0,0
3447451,21,0,0,0,0,27,111,0,15,0,0,0,0,0,0,0,0,0,0,0,0,14,0,0,18,0,0,0
2038343,21,0,0,0,0,11,40,0,0,0,0,0,0,0,0,14,18,0,0,0,0,0,106,0,0,0,0,0
3415671,21,0,0,12,0,59,269,0,20,20,0,0,0,0,0,0,17,0,44,0,0,0,22,0,0,0,0,0
712157,21,0,0,0,0,0,0,0,0,0,0,0,0,0,0,0,0,0,0,0,0,0,10,0,0,0,0,0
65093,21,0,0,13,0,166,127,0,78,0,0,0,0,0,23,0,43,0,29,96,0,0,37,0,0,23,20,20
2907159,21,0,0,0,0,21,35,0,11,0,0,0,0,0,0,0,16,0,16,0,0,0,0,0,0,0,0,0
195250,21,0,13,19,0,194,207,18,150,0,0,0,0,15,23,0,18,0,101,0,0,0,17,0,12,10,12,10
33070,21,0,0,0,0,102,32,0,47,0,0,0,0,0,0,0,0,0,0,0,0,0,0,0,0,0,0,0
2810348,21,0,0,0,0,0,0,0,0,0,0,0,0,0,0,0,0,0,0,17,0,0,10,0,0,16,0,11
114883,21,0,17,0,0,0,0,0,0,0,0,0,0,0,0,0,0,0,0,57,0,0,0,0,0,17,12,14
186192,21,0,0,0,0,0,32,0,0,0,0,0,0,0,0,0,0,0,0,0,0,0,11,0,0,0,0,0
54120,21,0,0,0,0,0,0,0,0,0,0,0,0,0,0,0,0,0,0,19,0,0,22,0,0,0,0,0
3033389,21,0,0,0,0,0,23,0,0,0,0,0,0,0,0,0,0,0,0,0,0,0,0,0,0,0,0,0
1198301,21,0,0,0,0,15,26,0,0,0,0,0,0,0,0,0,0,0,0,0,0,0,0,0,0,0,0,0
1679096,21,18,17,0,0,0,16,0,0,0,0,0,10,0,0,0,0,0,0,0,0,0,0,0,0,0,0,0
555573,21,0,0,0,0,0,33,0,0,0,0,0,0,0,0,0,0,0,0,0,0,0,0,0,0,0,0,0
311400,21,0,0,0,0,0,0,0,0,0,0,0,0,0,0,0,0,0,0,0,0,0,0,0,0,0,0,0
3427844,21,0,0,0,0,0,0,0,0,0,0,0,0,0,0,0,0,0,0,0,0,0,0,0,0,0,0,0
2733635,21,0,0,0,0,0,0,0,0,0,0,0,0,0,0,0,0,0,0,0,0,0,0,0,0,0,0,0
151528,21,0,0,0,0,0,16,0,0,0,0,0,0,0,0,10,0,0,108,0,0,12,0,0,0,0,0,0
3068353,21,0,0,0,0,0,0,0,0,0,0,0,0,0,0,0,0,0,0,0,0,0,0,0,0,0,0,0
1980946,21,0,0,0,0,0,0,0,0,0,0,0,0,0,0,0,0,0,0,0,0,0,0,0,0,0,0,0
3050298,21,0,0,0,11,0,0,0,0,0,0,0,0,0,0,0,0,0,0,0,0,0,0,0,0,0,0,0
3052810,21,18,13,0,0,0,0,0,0,0,0,0,0,0,0,0,0,0,0,0,0,0,0,0,0,0,0,0
307466,21,0,0,0,0,0,0,0,0,0,0,0,0,0,0,0,0,0,0,0,0,0,0,0,0,0,0,0
3050266,21,0,0,0,0,0,0,0,0,0,0,0,0,0,0,0,0,0,0,0,0,0,14,0,0,0,0,0
342409,21,0,0,0,0,0,0,0,0,0,0,0,0,0,0,0,0,0,0,0,0,0,0,0,0,0,0,0
2170255,21,0,0,0,0,0,0,0,0,0,0,0,0,0,0,0,0,0,0,0,0,0,0,0,0,0,0,0
2675790,20,0,0,0,0,27,24,0,0,0,0,0,0,0,24,0,48,0,0,34,0,0,0,0,0,12,0,0
3074822,20,0,17,19,37,32,20,0,0,0,0,0,0,0,0,0,0,0,0,0,0,0,48,0,0,0,0,0
1737515,20,0,0,0,0,0,17,0,0,0,0,0,0,0,0,0,0,0,0,14,0,0,17,0,0,0,0,0
2914983,20,0,0,0,0,15,0,0,0,0,0,0,0,0,0,0,0,0,0,0,0,0,0,0,0,0,0,0
1089444,20,0,0,0,0,0,0,0,0,0,0,0,0,0,0,0,0,0,0,21,0,0,16,0,0,0,0,0
2953738,20,0,0,0,0,20,33,0,0,0,0,0,0,0,0,0,125,0,0,17,0,25,176,0,0,13,0,12
1573718,20,0,0,0,0,0,21,0,0,0,0,0,0,0,0,0,0,0,79,0,0,0,0,0,0,0,0,0
3144666,20,0,0,0,0,0,0,0,0,0,0,0,0,0,0,0,0,0,0,0,0,0,0,0,0,0,0,0
1114970,20,22,15,0,0,32,21,0,0,0,0,0,0,0,0,0,0,0,0,0,0,0,0,0,0,0,0,0
2842346,20,0,0,0,0,0,47,0,0,0,0,0,0,0,0,37,0,0,0,0,0,0,18,0,0,0,0,0
3369658,20,0,993,104,29,153,109,33,343,0,0,0,0,0,0,0,0,0,0,0,0,0,0,0,0,0,0,0
1486246,20,0,0,0,16,0,49,0,0,0,0,0,0,0,0,0,0,0,0,0,0,0,0,0,0,0,0,0
2883106,20,0,0,0,0,0,39,0,0,0,0,0,0,0,0,0,100,0,0,36,0,0,0,0,0,0,0,0
730,20,0,15,16,28,0,0,0,0,0,0,0,0,0,0,0,0,0,28,39,0,0,70,0,24,21,0,26
69284,20,0,0,71,68,73,291,0,0,0,0,0,0,0,0,0,0,0,0,18,0,0,0,0,0,0,0,0
2662448,20,0,0,36,18,64,54,0,0,0,0,0,0,0,0,0,18,0,27,15,0,13,27,0,17,23,0,0
647,20,0,0,0,0,0,0,0,0,0,0,0,0,0,0,0,0,0,0,0,0,0,0,0,0,0,0,0
2812647,20,0,0,0,0,0,40,0,0,0,0,0,0,0,0,0,0,0,0,0,0,0,68,0,0,0,0,0
3056648,20,28,42,0,12,60,112,23,23,14,0,0,0,0,0,16,83,0,97,0,0,0,0,0,25,0,0,0
50338,20,0,0,0,0,30,65,0,13,0,0,0,0,0,0,17,327,0,0,22,0,0,13,0,0,0,14,0
1184720,20,15,23,0,0,29,30,0,0,0,0,0,0,0,0,0,0,0,0,0,0,0,11,0,0,0,0,0
375549,20,0,18,0,14,31,45,0,0,0,0,0,0,0,0,0,0,0,23,17,0,0,13,0,0,0,0,0
194963,20,0,0,0,0,37,81,0,14,0,0,0,0,0,0,0,0,0,17,14,0,0,0,0,0,0,12,0
774,20,12,15,0,17,0,16,0,0,0,0,0,16,0,12,0,0,0,0,38,0,13,30,0,12,33,16,15
2483403,20,0,0,0,0,52,59,0,0,0,0,0,0,0,0,0,0,0,0,0,0,0,0,0,0,0,0,0
2744518,20,0,42,0,0,66,93,39,130,0,0,0,0,0,0,0,0,0,0,23,30,0,14,0,0,0,0,0
2493677,20,0,0,0,0,43,70,0,0,0,0,0,0,0,0,0,0,0,0,0,0,0,0,0,0,0,0,0
1004279,20,0,0,46,45,30,70,0,0,0,0,0,0,0,0,0,0,0,27,0,0,0,11,0,0,0,0,0
2654282,20,0,0,0,0,26,29,0,0,0,0,0,0,0,0,0,17,0,0,25,0,0,0,0,0,0,0,0
2575872,20,0,25,0,10,182,151,0,0,13,0,0,0,0,0,0,0,0,20,0,0,0,0,0,0,0,0,0
399176,20,55,68,0,0,51,123,0,0,0,0,31,25,0,0,0,0,0,0,0,0,0,0,0,0,0,0,0
2997354,20,0,14,0,0,42,123,11,18,0,0,0,0,0,0,0,0,0,0,0,0,0,0,0,0,0,0,0
3018036,20,0,16,0,19,73,212,0,19,0,0,0,0,0,0,0,0,0,0,0,0,0,25,0,0,0,0,0
2899123,20,0,14,0,0,69,175,0,24,0,0,0,0,0,0,0,17,0,0,0,0,0,0,0,0,0,0,0
2854260,20,0,0,0,0,25,76,0,11,0,0,0,0,0,0,0,0,0,15,0,0,0,0,0,0,0,0,0
1886786,20,0,0,0,0,44,89,0,0,0,0,0,0,0,0,0,13,0,18,0,0,0,0,0,0,0,0,0
135719,20,0,0,0,0,78,180,0,0,0,0,0,0,0,0,0,0,0,0,0,0,0,0,0,0,0,0,0
160791,20,15,36,15,29,135,326,0,31,0,0,0,0,0,0,0,20,0,32,0,0,0,0,0,0,0,0,0
3421172,20,0,24,0,0,18,200,0,29,29,0,0,0,0,0,0,0,0,18,0,0,33,0,0,0,0,0,0
3117013,20,0,18,0,0,15,112,25,35,0,0,0,0,15,0,0,0,0,14,23,0,0,0,0,0,0,0,0
1379903,20,0,44,38,22,81,291,0,28,18,0,0,0,0,0,25,0,0,17,0,0,0,18,0,0,0,0,0
2867010,20,0,28,0,0,24,140,0,23,0,0,0,0,0,0,0,46,0,12,25,0,0,0,0,0,0,0,0
2850562,20,0,0,0,0,0,0,0,0,0,0,0,0,0,0,0,117,0,0,0,0,0,0,0,0,0,0,0
2697033,20,0,0,0,0,0,0,0,0,0,0,0,0,0,0,0,0,0,0,15,0,21,23,0,20,0,0,0
3133089,20,0,0,0,0,44,89,0,0,0,0,0,0,0,0,0,0,0,0,0,0,0,0,0,0,0,0,0
41276,20,0,27,0,0,100,155,0,0,0,0,0,0,0,0,0,74,0,0,57,0,0,32,0,0,0,0,43
1871053,20,0,23,24,37,79,157,0,11,0,0,0,0,0,0,16,70,0,10,27,0,0,284,0,12,14,0,0
2829597,20,0,48,0,17,10,122,12,128,0,0,0,0,0,0,0,0,0,0,47,0,15,51,0,0,22,17,0
3080019,20,0,12,0,0,16,85,0,27,0,0,0,0,0,0,0,0,0,15,28,0,0,0,0,0,0,0,0
252970,20,0,15,0,0,27,87,0,0,0,0,0,0,0,0,0,0,0,0,18,0,0,12,0,0,0,0,0
3065955,20,18,21,0,0,28,52,0,0,0,0,0,13,0,0,0,0,0,0,0,0,0,20,0,0,0,0,0
662548,20,0,0,0,28,50,107,0,0,0,0,0,0,0,0,0,0,0,0,0,0,0,0,0,0,0,0,0
2597701,20,0,0,0,0,16,58,0,0,0,0,0,0,0,0,0,0,0,0,12,0,0,0,0,0,0,0,0
2861284,20,0,0,0,0,20,18,0,0,0,0,0,0,0,0,0,24,0,0,0,0,0,0,0,0,0,0,0
3048606,20,0,0,0,0,0,45,0,0,0,0,0,0,0,0,0,15,0,0,11,0,0,0,0,0,0,0,0
310575,20,0,0,0,0,45,54,0,0,0,0,0,0,0,0,0,51,0,0,0,0,0,0,0,0,0,0,0
1852381,20,0,0,0,0,0,15,0,0,0,0,0,0,0,0,0,0,0,0,0,0,0,0,0,0,0,0,0
3051218,20,0,12,0,0,0,44,0,0,0,0,0,0,0,0,0,0,0,0,0,0,0,0,0,0,0,0,0
400061,20,20,30,0,0,0,40,0,0,0,0,0,0,0,0,0,57,0,0,0,15,0,0,0,0,11,0,0
418699,20,28,39,0,16,25,104,0,0,0,15,19,17,0,0,0,11,0,25,0,15,10,0,0,15,13,11,0
931101,20,0,0,0,0,0,0,0,0,0,0,0,0,0,0,0,0,0,0,0,0,0,0,0,0,0,0,0
1965590,20,0,0,0,0,0,12,11,0,0,0,0,0,0,0,0,10,0,0,31,0,0,19,0,0,15,14,11
3349874,20,0,0,0,21,0,0,0,0,0,0,0,0,0,0,0,0,0,0,19,0,28,32,17,0,0,0,0
287948,20,0,0,0,0,0,0,0,0,0,0,0,0,0,0,0,0,0,0,0,0,0,0,0,0,0,0,0
980251,20,0,17,12,16,28,90,0,13,13,0,15,29,0,0,0,0,0,26,14,18,0,26,0,0,0,0,0
114,20,0,0,0,0,35,148,18,25,17,0,0,0,0,0,0,0,0,18,0,0,0,14,0,0,0,0,0
813,20,0,0,0,0,0,0,0,0,0,0,0,0,0,0,0,43,0,31,29,0,0,0,0,0,20,0,0
165,20,0,0,0,0,0,0,0,0,0,0,0,0,0,0,0,10,0,0,13,0,0,12,0,0,0,0,0
2725288,20,0,12,0,0,0,49,23,27,20,0,0,0,12,0,0,0,0,0,23,0,17,132,0,0,0,0,0
2718620,20,0,0,0,0,0,15,0,0,0,0,0,0,0,0,0,0,0,0,0,0,0,15,0,0,0,0,0
2773299,20,0,0,0,0,11,42,0,0,0,0,0,0,0,0,0,15,0,0,0,0,0,0,0,0,0,0,0
119484,20,0,0,0,0,0,52,0,0,0,0,0,0,0,0,0,0,12,29,18,0,0,0,0,0,0,0,0
3133290,20,0,0,0,0,0,87,0,0,0,0,0,116,0,0,0,0,0,0,0,0,0,0,0,0,0,0,0
3133322,20,0,0,0,0,0,73,0,0,0,0,0,0,0,0,0,0,0,0,0,0,0,23,0,0,0,0,0
2918901,20,0,10,0,0,25,15,0,0,0,0,0,0,0,0,0,17,0,0,49,0,0,19,0,0,0,0,0
1921421,20,0,0,16,35,31,47,0,0,0,0,0,0,0,0,0,0,0,0,0,0,0,217,0,0,13,0,0
1428684,20,0,0,0,0,0,0,0,0,0,0,0,0,0,0,0,0,0,0,14,0,0,0,0,0,0,0,0
714067,20,0,0,0,0,0,0,16,20,0,0,0,0,11,0,0,0,0,0,26,0,0,0,0,0,0,0,13
3160863,20,11,23,13,14,0,0,0,0,0,0,0,0,0,0,0,0,0,0,0,0,0,16,0,0,0,0,0
2983213,20,0,0,0,0,0,0,0,0,0,0,0,0,0,0,0,0,0,0,0,0,0,0,0,0,0,0,0
2993456,20,0,13,0,0,0,0,0,0,0,0,0,0,0,0,0,22,0,0,27,0,0,0,0,0,44,28,191
931074,20,0,12,0,0,0,0,0,0,0,0,0,0,0,0,16,46,0,0,23,0,0,0,0,0,15,0,10
2774646,20,0,0,0,0,11,0,0,0,0,0,0,0,0,0,0,0,0,0,26,0,0,10,0,0,15,20,0
2094020,20,0,0,23,22,0,0,0,13,0,0,0,0,0,0,0,18,0,0,50,0,0,28,0,0,48,25,33
341220,20,0,18,0,0,15,20,16,17,0,0,0,16,0,0,0,0,0,0,0,0,0,27,0,0,0,0,0
3071453,20,22,206,26,48,11,17,17,22,0,0,0,0,0,0,0,41,0,0,24,0,0,59,0,0,13,22,0
46228,20,0,29,26,38,12,12,0,0,0,0,0,0,0,0,0,22,0,0,10,0,0,211,0,0,0,0,0
135079,20,0,0,0,0,0,0,0,0,0,0,0,0,0,0,0,0,0,0,25,0,0,0,0,0,12,14,0
2682456,20,0,0,25,32,35,49,0,0,0,0,0,0,0,0,0,25,0,0,0,0,0,25,0,0,0,0,0
2903769,20,0,0,0,0,17,69,0,0,0,0,0,0,0,0,0,0,0,11,15,0,0,0,0,0,0,0,0
2903710,20,0,0,0,0,28,63,0,0,0,0,0,0,0,0,0,12,0,28,0,0,0,20,0,0,0,0,0
2903679,20,0,0,16,20,35,81,0,0,0,0,0,0,0,0,0,23,0,0,26,0,0,17,0,0,0,0,17
2903850,20,0,19,0,0,42,60,0,0,0,0,17,0,0,0,23,11,0,0,12,0,0,0,0,0,0,0,0
3240070,20,0,0,0,12,0,63,0,0,0,0,0,0,0,0,0,0,0,0,17,0,0,0,0,0,0,0,0
2751189,20,0,0,0,0,30,66,0,0,0,0,0,0,0,0,0,0,0,0,0,0,0,0,0,0,0,0,0
2721173,20,0,0,29,24,0,68,0,48,0,0,0,0,0,0,0,0,0,0,0,0,0,0,0,0,0,0,0
83291,20,0,0,0,0,23,86,0,18,13,0,0,0,0,0,0,38,0,12,22,0,0,0,0,0,0,0,0
103232,20,0,11,0,0,24,67,0,0,0,0,0,0,0,0,0,0,0,0,55,0,0,23,0,0,0,28,0
1433415,20,0,0,0,0,19,59,0,0,0,0,0,0,0,0,0,0,0,0,11,0,0,0,0,0,0,0,0
3231716,20,0,0,19,39,90,119,0,0,0,0,0,0,0,0,0,0,0,0,0,0,0,30,0,0,0,0,0
3231513,20,0,0,34,43,43,51,0,0,38,0,0,36,0,0,0,0,0,0,0,0,0,0,0,0,0,0,0
3004092,20,0,17,0,0,41,88,0,0,0,0,0,18,0,0,0,0,0,17,0,0,0,0,0,0,0,0,0
2975995,20,0,0,0,13,0,48,0,0,0,0,0,0,0,0,0,0,0,0,0,0,0,16,0,15,0,0,0
37330,20,29,50,0,0,18,73,0,0,0,0,0,0,0,0,0,0,14,0,0,0,0,14,0,0,0,0,0
135487,20,44,48,0,0,76,172,0,0,0,12,43,0,0,0,0,13,0,24,16,0,0,0,0,0,26,0,0
598660,20,0,0,0,0,0,100,0,0,0,0,0,0,0,0,0,0,0,114,0,0,0,0,0,0,0,0,0
590652,20,0,0,0,0,0,46,0,0,0,0,0,0,0,0,0,0,0,13,0,0,0,0,0,0,0,0,0
1069221,20,0,0,0,0,28,51,0,0,0,0,0,0,0,0,0,0,0,12,13,0,0,0,0,0,0,0,0
47312,20,0,0,0,0,13,63,0,0,0,0,0,0,0,0,0,0,0,15,0,0,0,0,0,0,0,0,0
2033,20,15,19,0,16,18,114,0,0,0,0,0,0,0,0,0,0,0,28,0,0,0,0,0,0,0,0,0
3243765,20,22,25,0,19,20,67,0,0,0,0,0,0,0,0,0,0,0,0,0,0,0,12,0,0,0,0,0
453304,20,19,17,0,0,23,79,0,0,0,0,0,41,0,0,0,0,0,0,0,17,0,18,0,0,0,0,0
2070347,20,0,0,0,0,0,79,0,0,0,0,0,0,0,0,0,0,0,0,20,0,0,0,0,0,0,0,0
2830992,20,0,21,0,0,0,18,0,0,0,0,0,0,0,0,0,77,0,0,14,0,0,0,0,0,0,0,0
2987701,20,0,0,0,0,0,13,0,0,0,0,0,0,0,0,25,80,0,0,0,0,0,0,0,0,0,0,0
3402689,20,0,0,0,0,0,18,0,0,0,0,0,0,0,0,0,0,0,162,0,0,0,0,0,0,0,0,0
3073268,20,0,0,0,0,0,59,0,0,0,0,0,0,0,0,0,88,0,0,0,0,0,0,0,0,0,0,0
3239897,20,0,0,13,13,35,83,0,0,0,0,0,0,0,0,0,12,0,0,22,0,0,14,0,0,13,0,0
2983220,20,0,0,0,0,0,0,0,13,0,0,0,0,0,0,0,0,0,0,0,0,0,32,0,0,0,0,0
78259,20,0,0,0,0,0,0,0,0,0,0,0,0,0,0,0,0,0,0,0,0,0,0,0,0,0,0,0
712116,20,0,0,0,0,0,70,0,0,0,0,0,0,0,0,0,19,0,49,0,0,0,0,0,0,0,0,0
3231492,20,0,0,0,0,11,28,0,0,0,0,0,0,0,0,0,0,0,12,0,0,0,0,0,0,0,0,0
3031114,20,0,0,0,0,0,0,0,0,0,0,0,0,0,0,0,0,0,0,0,0,0,0,0,0,0,0,0
3144843,20,0,0,0,0,14,70,0,0,0,0,0,0,0,0,0,0,0,52,0,0,0,15,0,0,0,0,0
3144973,20,0,0,0,0,30,84,0,0,0,0,0,0,0,0,0,0,0,61,0,0,0,0,0,0,0,0,0
2585135,20,0,0,0,0,0,84,0,0,0,0,0,0,0,0,0,0,0,0,0,0,0,0,0,0,0,0,0
82135,20,0,0,0,0,0,0,0,0,0,0,0,0,0,0,0,38,0,0,0,0,0,55,0,0,0,16,0
1916956,20,0,0,0,0,33,64,0,18,0,0,0,0,0,0,0,0,0,20,0,0,0,0,0,0,0,0,0
321327,20,12,18,0,11,51,31,0,19,0,0,0,0,0,0,0,0,0,12,0,0,0,22,0,0,0,0,0
1182568,20,0,0,0,0,0,14,0,0,0,0,0,0,0,0,0,0,0,0,0,0,0,0,0,0,0,0,0
2066483,20,0,10,0,0,11,0,0,0,0,0,0,0,0,0,15,115,0,0,17,0,0,18,0,0,0,0,0
2224,20,0,0,0,0,0,0,0,0,0,0,0,0,0,0,0,42,0,0,0,0,0,15,0,0,0,0,0
2953753,20,0,0,0,11,0,23,0,0,0,0,0,0,0,0,0,0,0,0,0,0,0,0,0,0,0,0,0
13769,20,0,0,18,20,0,23,0,0,0,0,0,0,0,0,0,0,0,0,0,0,0,20,0,18,0,0,0
229731,20,0,0,0,0,0,32,0,0,0,0,0,0,0,0,0,44,0,0,0,0,0,0,0,0,0,0,0
3032579,20,0,0,0,0,28,46,0,0,0,0,0,0,0,0,0,0,0,0,0,0,0,0,0,0,0,0,0
3032283,20,0,21,0,0,18,20,0,0,0,0,0,0,0,0,0,0,0,0,0,0,0,0,0,0,0,0,0
3117733,20,0,0,0,0,0,21,0,0,0,0,0,0,0,0,0,0,0,0,11,0,0,0,0,0,0,0,0
277988,20,0,0,0,0,0,0,30,29,0,0,0,0,0,0,0,0,0,0,0,0,0,0,0,0,0,0,0
2956048,20,0,0,0,0,0,0,0,0,0,0,0,0,0,0,0,0,0,0,0,0,0,0,0,0,0,0,0
3060305,20,0,0,0,0,0,0,0,0,0,0,0,0,0,0,0,0,0,0,0,0,0,0,0,0,0,0,0
3430497,20,0,0,0,0,0,0,0,0,0,0,0,0,0,0,0,0,0,0,0,0,0,0,0,0,0,0,0
251749,20,0,0,0,0,0,0,0,0,0,0,0,0,0,0,0,11,0,0,0,0,0,0,0,10,0,0,0
3060653,20,0,0,0,0,0,0,0,0,0,0,0,0,0,0,0,0,0,0,0,0,0,0,0,0,0,0,0
1655646,20,0,0,0,0,0,0,0,0,0,0,0,0,0,0,0,0,0,0,0,0,0,0,0,0,0,0,0
3161071,19,48,64,0,0,12,26,0,0,0,0,25,69,0,0,0,0,0,0,0,0,0,0,0,0,0,0,0
399742,19,0,0,0,0,0,0,0,0,0,0,0,0,0,0,0,0,0,0,0,0,0,0,0,0,0,0,0
1199245,19,0,0,0,0,0,0,0,0,0,0,0,0,0,0,0,13,0,0,28,0,13,12,11,0,12,0,0
1510570,19,21,20,0,0,17,23,0,0,0,0,10,0,0,0,0,57,0,0,0,0,0,0,0,0,0,0,0
2724191,19,0,11,10,18,0,36,0,0,0,0,0,0,0,0,0,75,0,0,42,0,0,20,0,0,10,0,0
2904120,19,0,0,0,13,0,11,18,0,0,0,0,0,0,0,0,0,0,0,12,0,0,0,0,0,0,0,0
2479546,19,0,25,0,30,0,0,0,0,0,0,0,13,0,0,0,0,0,0,44,0,0,20,17,0,23,19,17
2614442,19,0,0,0,0,0,32,0,0,0,0,0,0,0,0,0,0,0,0,0,0,0,0,0,0,0,0,0
2974552,19,16,25,0,0,23,60,0,0,0,0,0,0,0,0,0,0,0,0,11,12,0,0,0,0,0,0,0
2817414,19,0,0,0,0,0,0,0,0,0,0,0,0,0,0,0,0,0,0,0,0,0,0,0,0,0,0,0
2605424,19,0,0,0,0,0,0,0,0,0,0,0,0,0,0,0,0,0,0,0,0,0,0,0,0,0,0,0
129817,19,0,0,0,0,41,52,0,0,0,0,0,0,0,0,0,0,0,17,0,0,0,14,0,0,0,0,0
2995658,19,0,0,0,0,0,11,0,0,0,0,0,0,0,0,0,10,0,0,29,0,0,0,0,0,0,0,0
2725477,19,0,0,0,0,16,74,0,0,0,0,0,0,0,0,0,0,0,0,0,0,0,0,0,0,0,0,0
2769486,19,0,28,15,10,23,64,0,18,0,0,0,0,0,0,0,0,0,0,0,0,0,0,0,0,0,0,0
1305740,19,20,46,18,0,12,82,0,12,0,0,15,0,0,0,0,28,0,0,0,0,0,0,0,0,0,0,0
1898955,19,0,21,0,0,42,96,0,13,13,0,0,0,0,0,0,10,0,0,0,0,0,16,0,0,0,0,0
712310,19,0,0,0,0,0,0,0,0,0,0,0,0,0,0,0,0,0,0,0,0,0,11,0,0,0,0,0
1443036,19,0,0,21,31,31,27,0,0,0,0,0,0,0,0,0,0,0,0,15,0,0,44,0,0,0,11,0
2971236,19,0,0,0,0,0,16,0,0,0,0,0,0,0,0,0,0,0,0,0,0,0,0,0,0,0,0,0
2053930,19,0,0,0,0,0,23,0,0,0,0,0,0,0,0,0,0,0,0,0,0,0,0,0,0,0,0,0
416169,19,0,0,0,0,35,110,0,0,0,0,0,0,0,0,0,0,0,15,14,0,0,0,0,0,0,0,0
3022676,19,0,0,0,0,0,97,0,0,0,0,0,0,0,0,0,34,0,0,0,11,0,0,0,0,0,0,0
3411322,19,0,0,0,0,0,40,0,0,0,0,0,0,0,0,0,47,0,0,0,0,0,0,0,0,0,0,0
2601894,19,0,0,21,22,30,436,0,39,36,20,15,11,0,0,13,0,0,0,13,15,0,24,0,0,0,0,0
1076588,19,0,0,0,0,14,51,0,18,0,0,0,0,0,0,0,12,0,0,0,0,20,0,0,10,0,0,0
3112558,19,0,0,0,0,0,34,0,0,0,0,0,0,0,0,0,0,0,0,0,0,0,0,0,0,0,0,0
2590772,19,0,0,0,0,20,60,0,0,0,0,0,0,0,0,19,63,0,51,0,0,0,0,0,0,0,14,0
1871066,19,0,13,0,0,46,58,0,0,0,0,0,0,0,0,0,10,0,121,11,0,0,0,0,0,0,0,0
2493675,19,0,0,0,0,46,87,0,0,0,0,0,0,0,0,0,0,0,27,0,0,0,0,0,0,0,0,0
374606,19,36,32,0,0,82,119,0,0,0,0,0,0,0,0,0,0,0,0,0,0,0,0,0,0,0,0,28
3413936,19,29,27,0,0,39,75,0,0,0,0,11,21,0,0,0,0,0,24,17,0,0,0,0,0,0,0,0
1069,19,0,0,0,0,39,72,0,0,0,0,0,24,0,0,0,20,0,0,0,0,0,0,0,0,0,0,0
3412683,19,0,21,0,14,59,140,19,0,0,0,0,0,0,0,0,0,0,10,0,0,0,0,0,0,0,0,0
2698679,19,24,31,0,0,22,72,0,0,0,0,0,0,0,0,0,0,0,10,0,0,0,0,0,0,0,0,0
158500,19,0,34,0,0,80,178,0,0,0,0,0,0,0,0,0,77,0,0,20,0,0,152,0,0,44,36,22
664426,19,0,27,0,0,17,191,0,14,0,0,0,0,0,0,0,0,0,0,0,0,0,0,0,0,0,0,0
159346,19,15,27,21,14,55,249,0,35,23,0,0,0,0,0,0,0,0,90,0,0,0,0,0,0,0,0,0
311180,19,20,52,26,18,91,674,12,23,16,0,0,17,0,0,0,0,0,30,0,0,0,11,0,0,0,0,0
3368557,19,0,15,14,15,71,259,0,13,12,0,0,0,0,0,0,0,0,10,0,0,0,11,0,0,0,0,0
2171755,19,0,22,11,0,22,127,0,14,10,0,0,0,0,0,0,0,0,15,17,0,18,13,0,13,0,0,0
2886377,19,0,0,0,0,0,0,0,0,0,0,0,0,0,0,0,0,0,0,0,0,0,158,0,0,0,0,0
3144925,19,19,65,17,30,295,140,0,16,15,0,0,0,0,0,0,19,0,20,0,0,0,11,0,0,15,14,0
2785908,19,0,0,0,0,28,50,0,0,0,0,0,0,0,0,0,81,0,0,0,0,0,0,0,0,0,0,0
94,19,24,82,14,40,250,267,0,26,25,0,10,11,0,0,0,11,0,51,0,0,0,10,0,0,0,11,0
1773489,19,0,24,0,0,52,82,11,18,10,12,0,0,0,0,0,11,10,0,13,0,0,0,0,0,0,0,0
2592655,19,0,0,0,0,13,13,0,0,0,0,0,0,0,0,0,0,0,0,27,0,0,0,0,0,11,0,0
74326,19,0,13,0,0,36,50,0,0,0,0,0,17,0,0,0,42,0,11,12,0,0,0,0,0,0,0,0
78,19,0,0,40,60,89,120,0,0,0,0,0,0,0,0,35,85,0,0,0,0,0,97,0,0,0,0,0
91604,19,0,0,54,119,59,31,16,15,11,0,0,10,0,0,0,83,0,0,13,0,23,69,0,10,0,0,0
1526572,19,0,18,0,0,32,62,0,0,0,0,0,0,0,0,0,0,0,0,0,0,0,0,0,0,0,0,0
767892,19,0,0,27,55,26,44,0,0,0,0,0,0,0,0,0,39,0,0,14,0,15,82,13,17,19,0,10
3136564,19,0,0,0,12,13,47,0,0,0,0,0,0,0,0,0,12,0,0,0,0,0,39,0,0,0,0,0
2081042,19,0,0,0,15,13,0,0,0,0,0,0,0,0,0,0,0,0,0,0,0,0,16,0,0,0,0,0
93221,19,0,0,0,0,23,57,0,0,0,0,0,0,0,0,0,12,0,0,0,0,0,10,0,0,0,0,0
80878,19,0,90,0,0,49,208,0,40,0,0,0,0,0,0,0,151,0,0,0,0,0,0,0,0,0,0,0
2741720,19,0,0,0,0,12,62,0,0,0,0,0,0,0,0,0,0,0,17,0,0,0,0,0,0,0,0,0
3068341,19,0,0,0,0,0,17,0,0,0,0,0,0,0,0,0,0,0,0,0,0,0,0,0,0,0,0,0
80869,19,0,0,0,0,20,52,0,0,0,0,0,0,0,0,0,0,0,0,0,0,0,0,0,0,0,0,0
34070,19,0,0,0,15,22,52,0,0,0,0,0,0,0,0,0,19,0,0,0,0,0,12,0,0,0,0,0
34071,19,0,0,0,0,39,78,0,0,0,0,0,22,0,0,0,0,0,0,0,0,0,0,0,0,0,0,0
80842,19,0,0,0,0,30,59,27,56,25,0,0,0,21,19,0,48,0,0,0,0,0,17,0,0,52,54,49
847,19,0,0,0,0,11,25,0,0,0,0,0,0,0,0,0,0,0,82,30,0,0,16,0,0,0,0,0
302406,19,0,0,0,0,0,20,0,0,0,0,0,0,0,0,0,114,0,0,0,0,0,11,0,0,0,0,0
3412685,19,0,0,0,27,23,71,13,31,0,0,0,0,0,0,0,10,0,13,0,0,0,0,0,0,0,0,0
3400226,19,0,17,0,0,0,75,0,0,0,0,0,0,0,0,0,15,0,0,16,0,0,0,0,0,16,0,0
1050370,19,0,0,15,21,32,89,0,0,0,0,0,0,0,0,0,0,0,0,0,0,0,23,0,0,23,20,0
2528037,19,0,0,0,0,11,0,0,0,0,0,0,0,0,0,0,0,0,0,18,0,0,0,0,0,0,0,0
198107,19,0,0,0,0,27,84,0,0,0,0,0,0,0,0,0,0,0,0,0,0,0,0,0,0,0,0,0
76123,19,0,0,0,0,0,13,0,0,0,0,0,0,0,0,0,0,0,0,15,0,0,0,0,0,12,0,0
28124,19,29,43,0,0,0,12,0,0,0,0,0,0,0,0,0,20,0,0,0,0,0,0,0,0,0,0,0
3062599,19,0,0,0,0,15,80,0,0,0,0,0,0,0,0,0,0,0,0,0,0,0,0,0,0,0,0,0
2650471,19,0,12,0,0,44,195,0,0,13,0,0,13,0,0,0,0,0,44,0,24,0,16,0,0,18,12,0
2528023,19,12,11,16,12,34,229,0,16,19,0,0,0,0,0,15,15,0,22,14,0,0,15,0,0,0,0,0
83557,19,0,0,0,0,0,0,0,0,0,0,0,0,0,0,0,0,0,0,0,0,0,0,0,0,0,0,0
3133314,19,0,0,0,0,40,44,0,0,0,0,0,0,0,0,0,0,0,0,0,0,0,0,0,0,0,0,0
2821543,19,0,0,0,0,18,27,0,0,0,0,0,0,0,0,0,0,0,0,0,0,0,28,0,0,0,0,15
2921382,19,0,0,0,0,0,0,0,0,0,0,0,0,0,0,0,0,0,0,0,0,0,0,0,0,0,0,0
172713,19,18,11,0,21,26,19,0,0,0,0,0,22,0,0,0,0,0,0,24,0,0,59,0,0,0,0,0
2799680,19,0,50,0,0,0,0,0,0,0,0,24,0,0,0,0,0,0,0,0,42,0,61,0,0,0,0,0
2025492,19,0,0,0,0,0,0,0,0,0,0,0,0,0,0,0,0,0,0,0,0,0,0,0,0,0,0,0
2594494,19,0,0,0,0,0,0,0,0,0,0,0,0,0,0,0,0,0,0,0,0,0,0,0,0,0,0,0
29389,19,0,0,0,0,0,0,0,0,0,0,0,0,0,0,14,0,0,0,0,0,0,23,0,0,0,0,0
2714355,19,0,0,0,0,0,22,0,0,0,0,0,0,0,0,0,0,0,0,14,0,0,0,0,0,0,0,0
292800,19,0,18,0,26,16,50,0,0,0,0,0,0,0,0,0,0,0,13,0,0,0,12,0,0,0,0,0
2780922,19,0,0,0,30,17,23,0,0,0,0,0,0,0,0,0,0,0,21,15,0,0,17,0,0,0,0,0
55583,19,0,0,0,0,0,0,0,0,0,0,0,0,0,0,0,0,0,0,33,0,0,104,0,0,0,0,0
356322,19,0,0,0,0,0,0,0,13,0,0,0,0,15,0,0,0,0,0,11,0,0,45,0,0,0,0,0
2890314,19,0,0,0,0,0,0,0,0,0,0,0,0,0,0,0,0,0,0,0,0,0,0,0,0,0,0,0
2975795,19,0,0,0,0,0,35,0,0,0,0,0,0,0,0,0,38,0,14,0,0,0,0,0,0,0,0,0
2203204,19,15,16,0,0,21,76,0,0,0,0,0,0,0,0,0,22,0,17,0,0,0,11,0,0,0,0,0
2903642,19,0,0,0,12,46,63,0,0,0,0,0,0,0,0,0,0,0,0,0,0,0,16,0,0,0,0,0
1927,19,0,0,0,0,39,89,0,0,0,0,0,0,0,0,0,10,0,11,31,0,0,0,0,0,0,0,13
2975997,19,0,0,0,0,28,48,0,0,0,0,0,0,0,0,0,0,0,0,0,0,0,0,0,0,0,0,0
1792,19,0,0,16,0,20,63,0,0,0,0,0,0,0,0,0,0,0,14,215,0,0,18,0,0,0,0,0
29311,19,0,0,42,40,11,21,0,0,0,0,0,0,0,0,0,0,0,0,0,0,0,40,0,0,0,0,0
3377125,19,0,0,0,0,0,24,0,0,0,0,0,0,0,0,0,0,0,0,0,0,0,0,0,0,0,0,0
283877,19,0,0,0,0,11,37,0,0,0,0,0,0,0,0,0,0,0,0,0,0,0,0,0,0,0,0,0
2985506,19,0,0,0,0,0,57,0,0,0,0,0,0,0,0,0,0,0,0,0,0,0,0,0,0,0,0,0
3388492,19,20,14,0,0,0,18,0,0,0,0,0,0,0,0,0,0,0,0,0,0,0,0,0,0,0,0,0
2991715,19,0,0,0,0,12,23,0,21,0,0,0,0,0,0,0,0,0,0,0,0,0,20,0,0,0,0,0
1671,19,0,0,0,0,0,0,0,0,0,0,0,0,0,0,0,0,0,0,0,0,0,0,0,0,0,0,0
3238584,19,0,0,0,0,0,45,0,0,0,0,0,0,0,0,0,51,0,0,0,0,0,0,0,0,0,0,0
172042,19,0,0,0,0,0,50,0,0,0,0,0,0,0,0,16,27,0,50,16,0,0,26,0,0,0,0,0
1646,19,0,0,0,0,0,0,0,11,0,0,0,0,0,0,0,0,0,0,0,0,0,0,0,0,0,0,0
2816956,19,0,0,0,0,35,75,0,0,0,0,0,0,0,0,0,0,0,0,0,0,0,0,0,0,0,0,0
100225,19,0,0,0,0,0,22,0,0,0,0,0,15,0,0,0,0,0,0,0,0,0,0,0,0,0,10,0
3457764,19,0,0,0,0,29,65,0,0,0,0,0,0,0,0,0,0,0,0,0,0,0,0,0,0,0,0,0
3016091,19,0,0,0,0,0,37,0,0,0,0,0,0,0,0,0,0,0,0,0,0,0,0,0,0,0,0,0
515350,19,25,20,0,0,24,61,0,0,0,0,0,28,0,0,0,10,0,0,0,0,0,0,0,0,0,0,0
3239931,19,0,0,0,0,48,92,0,0,0,0,0,0,0,0,0,0,0,0,0,0,0,0,0,0,0,0,0
512349,19,0,0,0,0,33,124,11,17,0,0,0,0,0,0,0,0,0,0,17,0,0,26,0,0,16,0,0
3040203,19,0,0,0,14,34,53,42,49,21,0,0,0,38,0,16,11,0,0,0,0,0,0,0,0,0,0,0
168695,19,0,0,0,0,0,34,0,13,0,0,0,0,0,0,0,22,0,0,115,10,0,0,0,0,0,0,0
77635,19,0,0,0,0,0,13,0,0,0,0,0,0,0,0,0,0,0,0,0,0,0,0,0,0,0,0,0
2996826,19,0,0,0,20,44,85,0,0,0,0,0,0,0,0,0,0,0,15,0,0,0,0,0,0,0,0,0
2685869,19,0,0,19,41,33,109,0,0,0,0,0,0,0,0,0,0,0,0,0,0,0,76,0,0,0,0,0
2975969,19,0,0,0,0,34,66,0,0,0,0,0,0,0,0,0,0,0,0,0,0,0,77,0,0,0,0,0
33914,19,0,0,0,0,28,93,0,0,0,0,0,0,0,0,0,13,0,0,13,0,0,0,0,0,0,0,0
53522,19,0,0,0,0,24,50,0,0,0,0,0,0,0,0,0,0,0,0,16,0,0,14,0,0,0,0,0
467976,19,0,0,21,21,50,287,0,15,17,0,0,0,0,0,0,0,0,26,0,0,0,11,0,0,0,0,0
3022127,19,0,0,0,0,0,0,0,0,0,0,0,0,0,0,0,0,0,0,0,0,0,0,0,0,0,0,0
110662,19,14,47,0,0,17,22,0,0,0,10,0,99,0,0,12,0,0,32,18,56,0,0,0,0,0,0,0
310037,19,0,0,0,0,14,0,0,0,0,0,0,0,0,0,0,0,0,0,0,0,0,21,0,0,0,0,0
2907343,19,0,0,0,0,0,41,0,13,0,0,0,0,0,0,0,0,0,0,0,0,0,25,0,0,0,0,0
33072,19,14,19,0,0,77,32,0,0,0,0,0,0,0,0,0,0,0,13,0,0,0,0,0,0,0,0,0
59748,19,0,0,0,10,20,24,0,0,0,0,0,0,0,0,0,0,0,0,0,0,0,19,0,0,0,0,0
2601677,19,0,0,0,0,0,56,0,11,0,0,0,0,0,0,0,0,0,0,0,0,0,0,0,0,0,0,0
108007,19,0,0,0,0,0,0,0,0,0,0,0,0,0,0,0,0,0,0,0,0,0,0,0,0,0,0,0
3070661,19,18,30,0,0,0,0,0,0,0,0,11,0,0,11,0,0,0,0,34,0,0,10,0,0,0,17,13
3439063,19,0,0,0,0,0,0,0,0,20,0,0,0,0,0,0,122,0,0,23,0,0,23,0,0,18,23,20
2961597,19,0,0,0,0,0,17,0,0,0,0,0,0,0,0,0,0,0,0,0,0,0,0,0,0,0,0,0
50339,19,0,0,11,0,0,0,0,0,0,0,0,0,0,0,0,25,0,0,23,0,0,20,0,0,0,0,0
2285,19,0,0,0,15,13,0,0,0,0,0,0,0,0,0,0,25,0,0,51,0,0,42,0,0,11,0,0
2269,19,0,0,0,0,0,0,0,0,0,0,0,0,0,0,0,0,0,0,0,0,0,0,0,0,0,0,0
1410606,19,29,44,17,20,13,10,0,0,0,13,13,0,0,0,0,25,0,0,0,0,0,32,0,0,0,0,0
2734145,19,0,0,0,0,0,0,0,0,0,0,0,0,0,0,0,0,0,0,0,0,0,0,0,0,0,0,0
3430773,19,0,0,0,0,0,0,0,0,0,0,0,0,0,0,0,19,0,0,0,0,0,0,0,0,0,0,0
3430494,19,0,0,0,0,0,0,0,0,0,0,0,0,0,0,0,30,0,0,29,0,0,13,0,0,0,0,0
3431480,19,0,0,0,0,0,0,0,0,0,0,0,0,0,0,0,0,0,0,0,0,0,0,0,0,0,0,0
3052670,19,0,0,0,0,0,0,0,0,0,0,0,0,0,0,0,0,0,0,0,0,0,0,0,0,0,0,0
3052684,19,0,0,0,0,0,0,0,0,0,0,0,0,0,0,0,0,0,0,0,0,0,0,0,0,0,0,0
1922860,19,0,0,0,0,0,0,0,0,0,0,0,0,0,0,0,0,0,0,0,0,0,0,0,0,0,0,0
1923643,19,0,0,0,0,0,0,0,0,0,0,0,0,0,0,0,0,0,0,0,0,0,0,0,0,0,0,0
3427966,19,0,0,0,0,0,0,0,0,0,0,0,0,0,0,0,0,0,0,0,0,0,0,0,0,0,0,0
3048408,19,0,0,0,0,0,0,0,0,0,0,0,0,0,0,0,0,0,0,0,0,0,0,0,0,0,0,0
28141,18,0,0,0,15,50,49,0,0,0,0,0,0,0,0,0,37,0,0,13,0,0,333,0,0,0,14,0
592316,18,0,14,0,0,14,27,21,0,0,0,0,0,0,0,0,65,0,0,23,0,0,22,0,0,0,0,0
2052056,18,0,0,0,0,11,0,0,0,0,0,0,0,0,0,0,0,0,0,0,0,0,16,0,0,0,0,0
63612,18,0,0,17,11,12,22,0,0,0,0,0,0,0,0,0,0,0,0,19,28,0,15,0,11,21,15,0
2798861,18,0,0,0,0,0,0,0,0,0,0,0,21,0,0,0,0,0,0,66,26,0,0,0,0,0,0,0
2904122,18,0,0,0,0,0,0,0,0,0,0,0,0,0,0,12,0,0,0,16,0,0,15,0,0,20,0,11
3021011,18,0,12435,0,0,22,25,0,0,0,0,0,0,0,0,0,0,0,0,24,0,0,16,0,0,0,0,0
3137398,18,0,0,0,0,0,0,0,0,0,0,0,16,0,0,0,0,0,0,36,0,0,0,0,0,0,0,0
198832,18,0,25,31,37,21,28,0,0,0,0,0,0,0,0,0,126,0,0,37,0,0,23,0,0,26,26,37
3392115,18,0,0,0,0,0,49,0,0,0,0,0,33,0,0,0,0,0,0,0,13,0,17,0,0,0,0,0
2983246,18,0,15,0,0,11,49,0,0,0,0,12,27,0,0,0,41,0,0,23,0,0,0,0,0,0,18,0
3402862,18,12,25,0,0,0,20,0,0,0,0,0,0,0,0,0,0,0,0,0,0,19,10,0,0,0,0,0
2861775,18,79,86,0,0,0,0,0,0,0,0,0,0,0,0,0,0,0,0,0,0,0,0,0,0,0,0,0
1602166,18,0,0,0,0,0,0,0,0,0,0,0,0,0,0,0,0,0,0,0,0,0,0,0,0,0,0,0
651740,18,0,0,0,0,0,15,0,0,0,0,0,0,0,0,0,0,0,0,0,0,0,0,0,0,0,0,0
321662,18,0,0,0,0,0,36,0,0,0,0,0,0,0,0,51,445,0,0,0,0,0,21,0,0,0,0,0
53408,18,0,0,0,0,77,197,0,0,0,0,0,18,0,0,0,0,0,0,0,15,0,44,0,0,0,0,0
89065,18,0,0,0,0,10,37,0,0,0,0,0,0,0,0,0,28,0,0,12,0,0,0,0,0,0,0,0
515393,18,0,15,0,0,16,40,0,23,0,0,0,0,0,0,0,0,12,0,12,0,0,0,0,0,0,11,14
44933,18,0,15,0,0,35,82,0,0,0,0,0,0,0,0,0,12,0,17,0,0,0,15,0,0,0,0,0
3031727,18,0,0,0,0,25,51,0,25,0,0,0,0,0,0,0,0,0,0,0,0,0,0,0,0,0,0,0
1897729,18,0,0,12,15,27,73,0,0,0,0,0,0,0,0,0,13,0,29,0,0,0,0,0,0,0,0,0
502821,18,0,0,0,0,22,41,0,0,0,0,0,0,0,0,0,0,0,0,0,0,0,0,0,0,0,0,0
1806667,18,0,0,0,0,11,18,0,0,0,0,0,0,0,0,0,0,0,0,14,0,22,0,0,16,10,0,0
264739,18,10,20,11,25,0,15,0,0,0,0,0,30,0,0,0,37,0,0,20,10,0,15,0,0,0,0,0
84531,18,0,0,0,0,14,66,0,0,0,0,0,0,0,0,0,155,0,0,33,0,0,19,0,0,24,0,16
3384240,18,0,0,0,0,0,35,0,0,0,0,0,0,0,0,0,0,0,0,0,0,0,14,0,0,0,0,0
1920171,18,0,0,0,0,15,56,0,0,0,0,0,0,0,0,0,0,0,0,0,0,0,0,0,0,0,0,0
3066237,18,0,0,0,10,0,18,0,0,0,0,0,0,0,0,0,0,0,0,15,0,15,0,14,0,0,0,0
954,18,10,28,0,13,48,26,10,22,0,0,0,0,14,17,15,48,0,0,0,14,16,37,0,0,0,0,0
80679,18,0,0,27,42,76,175,0,16,20,0,0,0,0,0,0,17,0,17,0,0,0,15,0,0,0,0,0
913,18,0,15,0,0,0,49,16,29,0,0,0,14,0,0,0,0,0,0,0,0,0,0,0,0,0,0,0
288436,18,0,21,0,11,63,142,0,11,0,12,0,0,0,0,0,0,0,13,0,0,0,0,0,0,14,14,0
2759660,18,0,0,0,0,0,0,0,0,0,0,0,0,0,0,0,85,0,0,0,0,283,0,60,164,0,0,0
2493680,18,0,0,0,0,36,57,0,40,0,0,0,0,0,0,0,0,0,0,0,0,0,0,0,0,0,0,0
2740529,18,0,24,0,0,94,105,0,0,0,0,0,0,0,0,0,0,0,0,26,0,0,12,0,0,17,21,0
2984530,18,0,0,0,0,40,53,0,0,0,0,0,0,0,0,0,0,0,0,0,0,0,0,0,0,0,0,0
151416,18,0,19,12,0,76,93,0,0,0,0,0,0,0,0,0,13,0,11,0,0,0,0,0,0,0,0,0
1745854,18,0,13,0,13,58,91,0,0,0,0,0,0,0,0,12,118,0,14,53,0,0,30,0,0,0,14,0
2938948,18,0,0,0,0,13,62,0,0,0,0,0,0,0,0,0,0,0,13,0,0,0,0,0,0,0,0,0
2594473,18,0,0,0,0,25,43,0,0,0,0,0,0,0,0,0,0,0,0,0,0,0,0,0,0,0,0,0
397260,18,28,35,35,37,210,398,19,38,0,0,0,0,0,0,0,22,0,26,24,0,0,19,0,0,0,31,28
3058420,18,0,47,10,0,44,256,0,16,15,0,0,0,0,0,0,0,0,13,14,0,0,10,0,0,0,0,0
3344875,18,0,45,21,10,93,244,0,25,0,0,0,0,0,0,0,0,0,14,0,0,0,0,0,0,0,0,0
2500533,18,0,19,0,0,26,113,0,13,0,0,0,0,0,0,0,0,0,0,0,0,0,0,0,0,0,0,0
2692330,18,0,14,0,0,85,113,0,14,0,0,0,0,0,0,0,0,0,0,0,0,0,18,0,0,0,0,0
2558361,18,0,0,0,0,0,13,0,0,0,0,0,0,0,0,0,11,0,27,0,0,0,0,0,0,0,0,0
2771361,18,0,34,13,26,69,63,0,0,0,0,0,0,0,0,0,11,0,10,0,0,0,11,0,0,0,0,0
74313,18,0,0,0,18,77,116,0,0,0,0,0,0,0,0,0,32,0,0,18,0,0,0,0,0,0,0,0
3143534,18,16,22,0,0,0,29,0,0,0,0,0,14,0,0,17,74,10,0,0,0,15,0,0,0,0,0,0
3237372,18,0,0,0,0,0,54,0,0,0,0,0,0,0,0,0,0,0,0,0,0,0,0,0,0,0,0,0
2576919,18,0,0,19,26,38,41,0,0,0,0,0,0,0,0,0,66,0,0,0,0,0,0,0,0,0,0,0
621374,18,0,0,0,0,14,62,0,0,0,0,0,0,0,0,0,0,0,0,13,0,0,11,0,0,0,0,0
2518343,18,0,0,0,0,0,30,0,0,0,0,0,0,0,0,0,0,0,0,0,0,0,0,0,0,0,0,0
553814,18,0,0,0,0,59,121,0,0,0,0,0,0,0,0,0,47,0,31,104,0,0,0,0,0,21,0,34
2943848,18,0,0,23,31,49,70,0,0,0,0,0,0,0,0,0,0,0,0,0,0,0,15,0,0,0,0,13
32002,18,0,26,0,0,71,130,0,0,0,0,0,0,0,0,0,19,0,16,32,0,0,18,0,0,0,0,0
463014,18,0,0,0,0,24,62,0,0,0,0,0,0,0,0,0,0,0,13,24,0,0,0,0,0,22,17,0
2163011,18,10,13,0,20,14,47,0,0,0,0,0,0,0,0,0,0,0,0,11,0,0,24,0,0,16,19,15
326523,18,0,0,0,0,0,13,0,0,0,0,0,0,0,0,0,0,0,0,0,0,0,16,0,0,0,0,0
63,18,0,0,14,18,0,46,0,0,0,0,0,0,0,0,0,0,0,0,0,0,0,0,0,0,0,0,0
3230488,18,0,13,0,0,25,75,32,31,40,0,0,0,17,0,0,0,0,13,0,0,16,51,16,24,0,0,0
1297121,18,0,17,0,0,21,45,0,11,0,0,0,0,0,0,19,147,0,0,66,0,0,16,0,0,11,0,16
2615203,18,0,0,0,0,0,17,0,0,0,0,0,0,0,0,0,0,0,0,24,0,0,0,0,0,0,0,0
3133966,18,0,0,12,24,33,39,0,0,0,0,0,0,0,0,0,26,0,0,12,0,0,40,0,0,0,15,0
2494525,18,0,0,26,14,0,0,0,0,0,0,0,0,0,0,0,0,0,0,0,0,0,0,0,0,0,0,0
2798577,18,0,15,0,0,26,17,26,27,0,0,0,0,10,17,0,14,0,0,0,12,0,43,0,0,0,0,0
184917,18,0,0,0,0,28,28,0,18,0,13,0,0,0,0,0,0,0,0,0,10,0,12,0,0,0,0,0
3133300,18,0,0,0,0,0,68,0,0,0,0,0,0,0,0,0,0,0,98,0,0,0,0,0,0,0,0,0
2703788,18,0,0,0,0,11,33,0,0,0,0,0,11,0,0,0,0,0,0,0,14,0,15,0,0,0,0,0
2602070,18,0,0,0,13,0,31,0,0,0,0,0,0,0,0,0,0,0,0,0,0,0,11,0,0,0,0,0
136094,18,0,0,0,0,0,0,0,0,0,0,0,0,0,0,0,0,0,0,0,0,0,0,0,0,0,0,0
2954507,18,0,0,15,23,13,0,0,0,0,0,0,0,0,0,0,57,0,0,30,0,0,37,0,0,0,0,0
2921417,18,0,0,0,0,19,29,0,0,0,14,0,0,0,0,0,0,0,0,18,0,0,0,0,0,0,0,0
1295,18,0,0,0,0,0,0,0,0,0,0,0,0,0,0,0,0,0,0,33,0,0,25,0,0,13,15,12
2939413,18,0,0,0,0,0,0,0,0,0,0,0,0,0,0,0,92,0,0,27,0,0,0,0,0,0,0,0
381829,18,0,0,13,15,0,0,0,0,0,0,0,0,0,0,0,0,0,0,14,0,0,0,0,0,0,0,0
1345,18,0,15,0,0,0,0,0,0,0,0,0,0,0,0,0,0,0,0,0,0,0,14,0,0,0,0,0
2021971,18,0,0,0,10,0,0,0,0,0,0,0,0,0,0,0,0,0,0,0,0,0,22,0,0,0,0,0
3036945,18,0,0,12,16,16,21,0,0,0,0,0,0,0,0,0,0,0,95,15,0,0,25,0,0,27,0,0
2929492,18,0,0,0,0,0,0,0,0,0,0,0,0,0,0,0,0,0,0,25,0,0,0,0,0,15,14,14
3402017,18,0,0,0,0,0,0,0,0,0,0,0,0,0,0,0,0,0,0,0,0,0,0,0,0,0,0,0
39490,18,0,0,0,0,19,0,0,0,0,0,0,0,0,0,0,23,0,30,37,0,0,0,0,0,14,14,13
2763667,18,0,0,23,26,12,13,0,17,13,0,0,0,0,0,0,34,0,0,20,0,0,46,0,0,13,15,10
55779,18,0,0,0,0,0,0,0,0,0,0,0,0,0,0,0,0,0,15,0,0,0,0,0,0,0,0,0
338645,18,11,18,10,10,12,20,11,18,0,0,0,0,0,0,0,39,0,0,46,0,0,42,0,0,0,19,0
1333528,18,0,0,15,24,21,62,0,0,0,0,0,0,0,0,0,0,0,17,0,0,0,16,0,0,0,0,0
2975702,18,0,0,0,0,21,66,0,0,0,0,0,0,0,0,0,0,0,0,20,0,0,0,0,0,0,0,0
3447509,18,0,0,24,22,22,62,0,0,0,0,0,0,0,0,0,0,0,13,12,0,0,0,0,0,0,0,0
3421650,18,0,0,27,22,16,79,0,0,0,0,0,0,0,0,0,0,0,0,0,0,0,28,0,0,0,0,0
2975730,18,0,0,0,0,29,71,0,0,0,0,0,0,0,0,0,142,0,0,0,0,0,0,0,0,19,0,0
2944250,18,0,0,0,0,30,63,0,0,0,0,0,0,0,0,0,0,0,0,0,0,0,0,0,0,0,0,0
3434395,18,0,0,0,0,0,49,0,0,0,0,0,0,0,0,0,0,0,0,0,0,0,46,0,0,0,0,0
2059884,18,0,0,0,0,0,41,0,0,0,0,0,0,0,0,0,49,0,0,0,0,0,0,0,0,0,0,0
3062275,18,0,0,0,0,0,0,0,0,0,0,0,0,0,0,0,0,0,0,0,0,0,0,0,0,0,0,0
2049881,18,0,0,0,0,12,49,0,0,0,0,0,0,0,0,0,0,0,14,0,0,0,0,0,0,0,0,0
553510,18,0,0,0,0,17,51,0,0,0,0,0,0,0,0,0,0,0,0,0,0,0,12,0,0,12,0,0
2064,18,15,18,0,0,37,106,0,0,0,0,0,0,0,0,0,0,0,0,0,0,0,0,0,0,0,0,0
3023370,18,0,0,0,0,15,60,0,0,0,0,0,0,0,0,0,0,0,0,0,0,0,0,0,0,0,0,0
2736649,18,0,0,0,0,20,37,0,0,0,0,0,0,0,0,0,53,0,14,0,0,0,0,0,0,0,0,0
1286180,18,0,0,0,0,22,64,0,0,0,0,0,0,0,0,0,18,0,20,0,0,0,0,0,0,0,0,0
486698,18,0,0,0,0,15,25,0,0,0,0,0,0,0,0,0,0,0,0,43,0,0,11,0,0,0,0,0
2054,18,0,0,0,27,32,66,0,0,0,0,0,0,0,0,0,34,0,23,15,0,0,10,0,0,0,0,0
2489212,18,0,0,0,0,0,32,0,0,0,0,0,0,0,0,0,0,0,0,0,0,0,0,0,0,0,0,0
2905871,18,21,24,0,0,15,44,0,0,0,0,0,0,0,0,0,0,0,0,27,0,0,0,0,0,0,0,0
3031408,18,0,0,0,0,0,0,0,0,0,0,0,15,0,0,0,96,0,0,0,0,0,22,0,0,0,0,0
674079,18,0,0,0,0,0,23,0,0,0,0,0,0,0,0,0,0,0,0,0,0,0,0,0,0,0,0,0
2894187,18,23,0,0,0,35,22,0,0,0,0,0,0,0,0,0,0,0,0,15,0,0,0,0,0,0,0,0
496857,18,0,0,0,0,0,26,0,0,0,0,0,0,0,0,0,0,0,0,0,0,0,0,0,0,0,0,0
3028808,18,0,0,0,0,22,48,0,0,0,0,0,0,0,0,0,0,0,0,0,0,0,0,0,0,0,0,0
2819979,18,0,0,0,0,33,67,0,0,0,0,0,0,0,0,0,0,0,16,0,0,0,0,0,0,0,0,0
2017484,18,0,0,0,0,12,36,0,0,0,0,0,0,0,0,0,0,0,0,0,0,0,0,0,0,0,0,0
43674,18,0,0,0,0,0,0,0,0,0,0,0,0,0,0,0,0,0,0,0,0,0,0,0,0,0,0,0
2975988,18,15,0,0,0,25,65,0,0,0,0,0,0,0,0,0,0,0,13,0,0,0,84,0,0,0,12,0
2749078,18,0,0,0,21,0,0,0,0,0,0,0,0,0,0,0,0,0,0,0,0,0,0,0,0,0,0,0
2983233,18,13,11,0,0,0,18,0,0,0,0,0,0,0,0,0,0,0,0,0,0,0,0,0,0,0,0,0
2976001,18,0,0,0,0,0,47,0,0,0,0,0,0,0,0,0,0,0,0,28,0,0,0,0,0,0,0,0
3388267,18,0,0,0,0,17,60,0,0,0,0,0,0,0,0,15,0,0,12,0,0,0,0,0,0,0,0,0
2663857,18,0,0,19,37,42,119,0,0,0,0,0,0,0,0,0,0,0,0,84,0,0,0,0,0,0,0,0
1736691,18,0,0,0,0,0,66,0,0,0,0,0,0,0,0,0,0,0,11,0,0,0,0,0,0,0,0,0
2714937,18,0,0,0,0,47,106,0,0,0,0,0,0,0,0,0,0,0,0,0,0,0,0,0,0,0,0,0
1912795,18,0,0,14,14,10,11,0,0,0,0,0,0,0,0,0,0,0,0,16,0,0,0,0,0,0,0,0
1260955,18,14,19,0,15,61,106,0,0,0,0,0,0,0,0,0,0,0,0,0,0,0,0,0,0,0,0,0
138336,18,0,0,0,0,0,113,0,0,0,0,0,0,0,0,0,0,0,65,0,0,0,0,0,0,0,0,0
3082543,18,0,0,0,0,18,28,0,20,0,0,0,0,0,0,11,0,0,10,0,0,0,15,0,0,0,0,0
1188228,18,0,0,0,0,122,56,0,32,0,0,0,0,0,0,0,0,0,0,94,0,0,0,0,10,51,51,23
315358,18,18,31,23,25,0,10,0,0,0,0,0,25,0,0,0,134,0,0,32,0,0,16,0,0,31,0,29
3447506,18,0,0,0,0,13,11,0,11,0,0,0,0,0,0,10,0,0,0,19,0,0,10,0,0,0,0,0
1108,18,16,17,0,0,21,41,0,0,0,0,0,0,0,0,0,60,0,25,10,0,0,11,0,0,0,0,0
2737050,18,0,0,0,0,15,29,0,0,0,0,0,0,0,0,0,0,0,0,0,0,0,0,0,0,0,0,0
2949993,18,0,0,0,20,0,24,0,0,0,0,0,0,0,0,0,0,0,0,0,0,0,0,0,0,0,0,0
1816183,18,0,0,0,0,0,0,0,0,0,0,0,0,0,0,0,0,0,0,0,0,0,0,0,0,0,0,0
2876194,18,0,0,0,0,0,25,0,0,0,0,0,0,0,0,0,0,0,0,0,0,0,10,0,0,0,0,0
224402,18,0,0,0,0,0,10,0,0,0,0,0,0,0,0,0,0,0,0,0,0,0,0,0,0,0,0,0
246969,18,0,0,0,10,0,0,0,0,0,0,0,0,0,0,0,18,0,0,0,0,0,0,0,0,0,0,0
1609559,18,0,0,0,15,25,17,0,0,0,10,0,0,0,0,0,15,0,0,0,0,0,14,0,0,0,0,0
164452,18,0,0,18,27,0,0,0,0,0,0,0,0,0,0,0,0,0,0,0,0,0,15,0,0,0,0,0
1104324,18,19,12,0,0,0,0,0,0,11,0,0,0,0,0,0,0,0,0,19,0,0,11,0,0,12,0,0
1459637,18,0,0,23,33,14,0,21,26,0,0,0,0,0,0,0,0,0,0,11,18,0,19,0,0,0,0,0
1603555,18,0,0,0,0,0,0,367,190,0,0,0,15,0,0,0,0,0,0,0,0,123,16,13,16,0,0,0
2560496,18,0,0,0,0,0,0,0,0,0,0,0,0,0,0,0,0,0,0,0,0,0,0,0,0,0,0,0
3427230,18,57,61,0,0,0,0,0,0,0,0,22,0,0,0,0,0,0,0,0,0,0,0,0,0,0,0,0
1985693,18,0,0,0,0,0,0,0,0,0,0,0,0,0,0,0,0,0,0,0,0,0,0,0,0,0,0,0
1980429,18,0,0,0,0,0,0,0,0,0,0,0,0,0,0,0,0,0,0,0,0,0,0,0,0,0,0,0
3047697,18,0,0,0,0,0,0,0,0,0,0,0,0,0,0,0,0,0,0,0,0,0,0,0,0,0,0,0
3048335,18,0,0,0,0,0,0,29,28,0,0,0,0,13,0,0,0,0,0,0,0,0,0,0,10,0,0,0
3047704,18,0,0,0,0,0,0,0,0,0,0,0,0,0,0,0,0,0,0,0,0,0,0,0,0,0,0,0
3047352,18,0,0,0,0,0,0,0,0,0,0,0,0,0,0,0,0,0,0,0,0,0,0,0,0,0,0,0
3047953,18,0,0,0,0,0,0,0,0,0,0,0,0,0,0,0,0,0,0,0,0,0,0,0,0,0,0,0
3052219,18,0,0,0,0,0,0,0,0,0,0,0,0,0,0,0,0,0,0,0,0,0,0,0,0,0,0,0
3138178,17,0,0,0,0,0,0,0,0,0,0,0,0,0,0,0,0,0,0,12,0,0,0,0,0,0,0,0
3073902,17,0,0,0,0,17,24,17,22,18,0,0,0,0,0,0,0,0,0,17,0,0,25,0,0,0,0,0
1505757,17,0,0,26,45,27,33,0,0,0,0,0,0,0,0,0,37,0,0,17,0,0,179,0,0,0,0,10
2697019,17,0,0,0,0,0,0,0,0,0,0,0,0,0,0,0,143,0,0,0,0,0,24,0,0,0,0,19
29483,17,0,0,0,0,0,20,0,0,0,0,0,0,0,0,12,0,0,0,15,0,0,30,0,0,0,0,0
55208,17,0,0,0,0,0,0,0,0,0,0,0,0,0,0,0,63,0,0,0,0,0,33,0,0,0,0,0
1821960,17,0,0,0,0,0,0,0,0,0,0,0,0,0,0,0,0,0,0,0,0,0,0,0,0,0,0,0
3416667,17,0,0,0,0,0,0,0,0,0,0,0,0,0,0,0,0,0,0,0,0,0,0,0,0,0,0,0
2819100,17,0,22,12,42,24,33,0,18,31,0,0,11,0,0,0,0,0,0,14,0,0,44,0,0,0,0,0
1763883,17,0,15,20,30,16,17,0,0,0,0,0,0,0,0,0,0,0,0,0,0,0,21,0,0,0,0,0
688,17,0,26,0,0,31,24,0,0,0,0,0,0,0,0,0,94,0,13,70,0,0,38,0,15,11,26,17
2054919,17,0,0,0,0,0,0,0,0,0,0,0,0,0,0,0,0,0,0,0,0,0,0,0,0,15,0,0
2895486,17,0,0,0,0,0,16,0,0,0,0,0,0,0,0,0,0,0,0,0,0,0,15,0,0,0,0,0
1283291,17,0,0,0,0,0,33,0,0,0,0,0,0,0,0,0,0,0,0,0,0,0,0,0,0,0,0,0
251699,17,0,0,0,0,23,32,0,0,18,0,0,0,0,0,0,0,0,0,10,0,0,19,0,0,0,0,0
3136737,17,0,0,0,0,0,20,0,0,0,0,0,0,0,0,0,0,0,0,0,0,0,0,0,0,0,0,0
1880678,17,0,0,0,0,0,19,0,0,0,0,0,0,0,0,0,0,0,0,0,0,0,0,0,0,0,0,0
3230972,17,0,0,0,0,0,0,0,11,0,0,0,0,0,0,0,0,0,0,0,0,16,0,0,13,0,0,0
1249552,17,0,0,11,10,10,48,0,0,0,0,0,0,0,0,0,18,0,20,0,0,0,12,0,0,0,0,0
1176240,17,0,0,11,0,13,13,0,0,0,0,0,0,0,0,0,30,0,0,19,10,0,0,0,0,10,0,0
3398207,17,0,0,0,0,0,0,0,0,0,0,0,0,0,0,0,0,0,0,0,0,0,0,0,0,0,0,0
3142973,17,0,0,0,0,12,60,0,0,0,0,0,0,0,0,0,0,0,0,0,0,0,10,0,0,0,0,0
3390026,17,16,14,36,28,0,56,14,0,0,0,0,0,0,0,0,179,0,0,23,0,0,17,0,0,0,0,0
3055080,17,0,0,0,0,0,37,0,0,0,0,0,0,0,0,0,197,0,0,0,0,0,0,0,0,0,0,0
266062,17,0,0,0,0,16,49,0,0,0,0,0,0,0,0,0,0,0,0,0,0,0,0,0,0,0,0,0
3350178,17,0,11,40,49,55,145,0,0,17,0,0,0,0,0,0,91,0,33,28,0,0,57,0,0,15,11,0
3066239,17,0,0,0,10,14,0,0,0,0,0,0,0,0,0,0,43,0,0,10,0,0,0,0,0,0,0,0
1796469,17,0,11,0,0,0,26,0,0,0,0,0,0,0,0,0,0,0,0,0,0,0,0,0,0,0,0,0
3145235,17,0,21,0,15,22,106,0,10,0,0,35,15,0,0,23,103,0,0,0,0,0,16,0,0,16,0,0
930805,17,0,0,50,15,61,501,11,56,54,0,29,12,0,0,27,20,0,0,0,0,0,38,0,11,12,0,0
3035472,17,0,0,0,0,17,20,0,12,0,0,0,0,0,0,0,14,0,0,46,0,0,0,0,0,14,0,0
1543721,17,0,0,16,0,23,90,0,10,11,0,0,0,0,0,0,23,0,0,0,0,0,22,0,0,0,0,0
2771012,17,0,0,0,0,27,128,0,0,18,0,0,0,0,0,0,0,0,0,0,0,0,11,0,0,0,0,0
3397211,17,0,0,0,0,29,45,0,0,0,0,0,0,0,0,0,0,0,18,17,0,0,0,0,0,13,0,0
29468,17,0,0,0,0,18,44,0,0,0,0,0,0,0,0,0,0,0,0,0,0,0,64,0,0,0,0,0
444444,17,0,17,0,0,66,86,0,0,0,0,0,0,0,0,0,92,0,0,0,0,0,0,0,0,0,0,0
3349877,17,0,20,0,0,32,99,0,13,0,0,0,0,0,0,0,0,0,0,0,0,0,0,0,0,0,0,0
2970925,17,0,0,0,0,0,101,0,0,0,0,0,0,0,0,0,119,0,0,26,0,0,0,0,0,0,0,0
1389004,17,0,23,13,20,22,239,0,23,0,0,0,0,0,0,0,0,0,24,11,0,34,18,0,30,0,0,0
225422,17,0,25,0,15,32,213,0,29,0,0,0,0,0,0,0,0,0,0,0,0,0,0,0,0,0,0,0
2494550,17,0,47,33,27,73,401,0,50,12,0,0,0,0,0,0,0,0,23,0,0,0,15,0,0,0,0,0
89184,17,0,80,14,11,73,549,0,63,18,0,16,0,0,0,0,10,0,47,0,0,0,0,0,0,11,0,0
3017784,17,0,15,0,0,55,194,0,0,0,0,0,0,0,0,0,0,0,0,87,0,0,34,0,0,0,0,0
659350,17,25,55,55,34,127,1139,0,26,0,0,0,0,0,0,0,0,0,14,0,0,0,0,0,0,0,0,0
3138498,17,0,18,0,0,37,145,0,22,0,0,0,0,0,0,0,0,0,12,0,0,21,76,0,0,0,0,0
1912091,17,17,45,19,16,61,301,0,33,12,0,0,0,0,0,0,0,0,23,13,0,0,145,0,12,0,0,0
2605946,17,17,81,14,0,130,582,0,39,36,0,0,0,0,0,0,0,0,32,0,0,0,0,0,0,0,0,0
1812115,17,14,16,0,0,0,0,0,0,0,14,16,0,0,0,24,200,0,0,15,0,0,35,0,18,0,10,24
91915,17,0,0,0,0,14,15,0,0,0,0,0,0,0,0,0,0,0,0,0,0,0,0,0,0,0,0,0
364410,17,0,0,0,0,31,66,0,0,0,0,0,0,0,0,0,20,0,11,15,0,0,20,0,0,0,0,0
152500,17,0,0,0,0,11,53,0,0,0,0,0,0,0,0,0,51,0,0,15,0,0,0,0,0,0,0,0
3137182,17,0,0,0,0,17,69,0,0,0,0,0,0,0,0,28,191,0,0,45,0,0,0,0,0,0,0,0
1353886,17,0,0,0,0,24,56,0,16,0,0,0,0,0,0,17,26,0,19,18,0,0,0,0,0,0,0,0
32013,17,10,12,0,0,17,51,0,0,0,0,0,17,0,0,0,0,0,0,0,19,0,0,0,0,0,15,0
1842533,17,0,0,0,0,0,72,0,0,0,0,0,0,0,0,0,0,0,0,0,0,0,20,0,0,0,0,0
2565558,17,0,0,0,0,0,43,0,0,0,0,0,0,0,0,0,14,0,25,0,0,0,0,0,18,0,0,0
2769491,17,0,12,0,0,32,75,0,0,56,0,0,0,0,15,14,64,0,0,21,0,0,69,0,33,0,0,0
194197,17,0,0,0,0,0,17,0,0,0,0,0,0,0,0,0,0,0,0,0,0,0,10,0,0,0,0,0
2715678,17,10,13,0,16,14,47,0,0,0,0,0,0,0,0,0,10,0,0,11,0,0,0,0,0,0,0,0
2231055,17,17,17,0,0,37,33,0,0,0,0,0,0,0,0,0,0,0,0,0,0,0,0,0,0,0,0,0
2729135,17,0,0,0,0,0,21,0,0,0,0,0,0,0,0,0,0,0,0,27,0,0,39,0,0,15,0,0
3016339,17,0,0,0,0,13,27,0,0,0,0,0,0,0,0,0,56,0,0,64,0,0,32,0,0,24,19,10
983548,17,0,0,19,38,11,22,0,0,0,0,0,0,0,0,0,38,0,0,31,0,0,36,0,0,0,27,12
497724,17,0,0,0,0,0,0,33,27,0,0,0,65,33,0,0,0,0,0,16,0,0,0,0,19,0,0,17
120,17,0,0,0,0,0,44,0,0,0,0,0,0,0,0,0,40,0,0,20,0,0,11,0,0,0,0,0
128,17,0,0,0,0,16,64,0,0,0,0,0,0,0,0,0,0,0,0,16,0,0,23,0,0,0,0,0
45663,17,0,0,58,80,0,27,0,0,0,0,0,0,0,0,0,0,0,0,0,0,0,136,0,0,0,0,0
2597769,17,0,0,0,0,14,49,0,0,0,0,0,0,0,0,0,0,0,0,32,0,0,17,0,0,0,0,0
98228,17,0,0,0,28,0,0,0,0,0,0,0,0,0,0,0,11,0,0,23,0,0,26,0,0,0,0,0
2954742,17,0,0,0,10,14,0,0,0,0,0,0,0,0,0,0,0,0,0,0,0,0,29,0,0,0,0,0
253703,17,0,14,0,0,18,26,0,19,0,0,0,34,0,0,0,27,0,0,50,0,0,19,0,0,29,0,10
3399689,17,0,0,0,0,0,0,0,0,0,0,0,0,0,0,0,0,0,0,0,0,0,0,0,0,0,0,0
1598147,17,0,0,0,13,0,0,0,0,0,0,0,0,0,0,0,0,0,0,0,0,0,31,0,0,0,0,0
2921653,17,0,0,0,0,22,0,0,0,0,0,0,0,0,0,0,0,0,0,73,0,0,25,0,0,19,0,0
33938,17,0,0,16,26,30,0,0,0,0,0,0,0,0,0,0,0,0,0,0,0,0,0,0,0,0,0,0
1337,17,0,0,15,15,11,11,0,0,0,0,0,0,0,0,0,0,0,0,16,0,0,20,0,0,0,0,0
2709410,17,0,0,0,0,0,0,0,0,0,0,0,0,0,0,0,0,0,0,0,0,0,0,0,0,0,0,0
1629550,17,0,0,0,0,0,0,0,0,0,0,0,0,0,0,0,19,0,0,12,0,0,0,0,0,0,0,0
3416276,17,0,0,0,0,0,0,0,0,0,0,0,0,0,0,0,0,0,0,27,0,0,0,0,0,0,11,0
2023260,17,0,0,0,0,0,0,0,0,0,0,0,0,0,0,0,0,0,0,0,0,0,0,0,0,0,0,0
3015154,17,0,0,23,24,38,82,0,0,0,0,0,0,0,0,0,0,0,11,0,0,0,0,0,0,0,0,0
2975622,17,0,0,387,282,571,456,0,0,0,0,0,0,0,0,0,0,0,0,0,0,0,378,0,0,0,0,0
42684,17,0,0,28,21,60,182,0,17,0,0,0,0,0,0,0,0,0,35,0,0,0,16,0,0,0,0,0
3239982,17,27,34,19,18,17,53,0,0,0,0,0,0,0,0,0,0,0,12,0,14,0,27,0,0,0,0,0
1032851,17,0,0,0,10,12,27,0,0,0,0,0,0,0,0,14,53,0,0,0,0,0,10,0,0,0,0,0
3064286,17,0,0,0,0,28,51,0,0,0,0,0,0,0,0,0,0,0,12,0,0,0,0,0,0,0,0,0
258505,17,17,0,0,0,32,41,0,0,0,0,0,0,0,0,0,0,0,0,12,0,0,15,0,0,0,0,0
470076,17,19,22,12,18,0,37,0,0,0,0,0,30,0,0,0,11,0,0,0,19,0,10,0,0,0,0,0
40516,17,0,0,0,32,19,47,0,0,0,0,0,0,0,0,0,0,0,60,21,0,0,64,0,0,0,0,0
3156399,17,0,0,0,0,0,51,0,0,0,0,0,0,0,0,0,0,0,0,0,0,0,0,0,0,0,0,0
2609256,17,14,17,0,0,0,0,0,0,0,0,0,0,0,0,0,0,0,0,0,0,0,0,0,0,0,0,0
1357915,17,0,0,0,0,0,15,0,0,0,0,0,0,0,0,0,0,0,0,0,0,0,0,0,0,0,0,0
2964616,17,0,0,0,0,0,0,0,0,0,0,0,0,0,0,0,10,0,0,0,0,0,0,0,0,0,0,0
98672,17,0,0,0,0,0,20,0,0,0,0,0,44,0,0,0,59,16,0,25,13,0,0,0,0,0,0,0
53458,17,0,0,0,0,31,74,0,0,0,0,0,0,0,0,0,0,0,0,0,0,0,48,0,0,0,0,0
2777556,17,0,0,0,0,0,57,0,0,0,0,0,0,0,0,0,0,0,0,0,0,0,132,0,0,0,0,0
186189,17,0,0,0,0,19,66,0,0,0,0,0,0,0,0,0,0,0,0,0,0,0,15,0,0,0,0,0
2897774,17,0,0,0,0,12,48,0,0,0,0,0,0,0,0,0,0,0,0,0,0,0,0,0,0,0,0,0
1274,17,0,0,0,0,19,75,0,0,0,0,0,0,0,0,0,0,0,32,0,0,0,0,0,0,0,0,0
2904523,17,0,0,0,0,17,38,0,0,0,0,0,0,0,0,0,19,0,0,21,0,0,0,0,0,0,0,0
3030830,17,0,0,0,0,0,51,0,0,0,0,0,0,0,0,0,0,0,17,0,0,0,0,0,0,0,0,0
3422227,17,0,0,0,0,15,51,0,0,0,0,0,0,0,0,0,27,0,0,0,0,0,0,0,0,0,0,0
2903587,17,0,0,0,0,18,41,0,0,0,0,0,0,0,0,0,0,0,0,0,0,0,0,0,0,0,0,0
1610493,17,0,0,0,0,0,49,0,0,0,0,0,0,0,0,0,0,0,0,0,0,0,0,0,0,0,0,0
3160966,17,0,0,18,23,26,74,0,0,0,0,0,0,0,0,0,0,0,21,18,0,0,11,0,0,0,0,0
2914159,17,0,21,0,0,43,92,0,0,0,0,0,0,0,0,0,110,0,20,28,0,0,24,0,0,0,20,28
941986,17,0,18,13,0,25,86,0,0,0,0,0,0,0,0,0,0,0,11,14,0,0,11,0,0,0,0,0
75289,17,0,0,0,0,60,132,0,0,19,0,0,0,0,0,0,29,0,23,0,0,0,104,0,0,0,0,0
1884907,17,0,0,0,0,0,0,0,0,0,0,0,0,0,0,11,0,0,0,13,0,0,23,0,0,0,0,0
1884915,17,0,11,0,0,0,0,0,0,0,0,0,0,0,0,0,0,0,0,0,0,0,0,0,0,0,0,0
298653,17,0,20,0,11,37,93,0,0,0,0,0,0,0,0,0,0,0,12,14,0,0,10,0,0,18,12,0
2789776,17,0,25,26,20,79,395,0,20,30,0,19,17,0,0,0,21,0,41,10,0,0,10,0,0,0,0,0
1851505,17,0,10,0,0,14,88,0,0,0,0,0,0,0,0,0,0,0,18,0,0,0,11,0,0,0,0,0
166314,17,0,15,0,0,39,20,0,32,14,0,0,14,0,0,28,149,0,22,0,0,0,0,0,0,0,0,0
216945,17,18,19,0,0,0,0,0,0,0,0,16,0,0,0,0,0,0,0,0,24,0,21,0,0,0,11,0
74700,17,0,0,0,0,0,0,0,0,0,0,0,0,0,0,0,0,0,0,24,0,0,0,0,0,17,30,17
56957,17,0,0,0,0,0,25,0,0,0,0,0,0,0,0,0,13,0,16,0,0,0,0,0,0,0,0,0
2652443,17,0,0,0,0,0,13,0,0,0,0,0,0,0,0,0,34,0,0,0,0,0,0,0,0,0,0,0
502394,17,0,0,0,0,0,38,0,0,0,0,0,0,0,0,0,0,0,0,0,0,0,0,0,0,0,0,0
464988,17,0,0,0,0,0,0,0,0,0,0,0,0,0,0,0,0,0,0,0,0,0,14,0,0,0,0,0
1434100,17,0,0,0,0,0,0,0,0,0,0,0,0,0,0,0,15,0,0,15,0,0,20,0,0,15,17,0
3439062,17,0,0,23,50,46,0,0,0,0,0,0,0,0,0,0,38,0,0,33,0,0,50,0,0,12,13,0
69525,17,0,0,0,0,0,0,0,0,0,0,0,0,0,0,0,0,0,0,0,0,0,0,0,0,0,0,0
2186,17,0,0,0,0,22,0,22,27,16,0,0,0,20,0,0,0,0,0,24,0,19,33,0,0,0,0,0
2955511,17,0,0,0,0,0,0,0,0,0,0,0,0,0,0,0,0,0,0,0,0,0,0,0,0,0,0,0
2846180,17,0,0,0,0,0,0,0,0,0,0,0,0,0,0,0,0,0,0,0,0,0,0,0,0,0,0,0
2846435,17,0,0,0,0,0,0,0,0,0,0,0,0,0,0,0,0,0,0,0,0,0,0,0,0,0,0,0
3050140,17,0,0,0,0,0,0,0,0,0,0,0,0,0,0,0,0,0,0,0,0,0,0,0,0,0,0,0
3427923,17,0,0,0,0,0,0,0,0,0,0,0,0,0,0,0,0,0,0,0,0,0,0,0,0,0,0,0
1917232,17,0,0,0,0,0,0,0,0,0,0,0,0,0,0,0,0,0,0,0,0,0,0,0,0,0,0,0
3426550,17,0,0,0,0,0,0,0,0,0,0,0,0,0,0,0,0,0,0,0,0,0,0,0,0,0,0,0
1923149,17,0,17,0,0,0,0,0,0,0,0,0,12,0,0,0,0,0,0,0,0,0,0,0,0,0,0,0
3418654,17,0,0,0,0,0,0,0,0,0,0,0,0,0,0,0,0,0,0,0,0,0,0,0,0,0,0,0
3051421,17,0,0,0,0,0,0,0,0,0,0,0,0,0,0,0,0,0,0,0,0,0,0,0,0,0,0,0
1605721,17,0,0,0,0,0,0,0,0,0,0,0,0,0,0,0,0,0,0,11,0,0,38,0,0,0,0,0
2986951,16,0,11,0,0,0,0,14,21,0,0,0,0,11,0,0,15,0,0,0,0,0,0,0,0,0,0,0
3031919,16,0,0,12,0,14,18,11,23,0,0,0,0,0,0,0,0,0,0,0,0,0,10,0,0,0,0,0
552,16,0,0,0,0,26,19,0,0,0,0,0,0,0,0,0,0,0,0,30,0,0,0,0,0,0,21,0
1507808,16,0,0,0,0,13,0,0,0,0,0,0,0,0,0,0,0,0,0,0,0,0,0,0,0,0,0,0
1709477,16,15,29,0,11,12,39,0,17,0,0,0,11,0,0,0,82,0,0,17,0,0,15,0,0,0,0,0
2864208,16,0,0,0,10,11,11,0,11,11,0,0,0,0,0,0,0,0,0,28,0,0,51,0,0,0,15,0
2814292,16,23,13,0,0,0,35,32,42,0,0,0,0,0,0,0,0,0,0,0,0,0,15,0,0,0,0,0
3395321,16,0,24,20,28,14,23,0,0,0,0,0,24,0,0,0,62,0,0,34,0,0,22,0,0,16,0,0
3034029,16,0,0,0,0,0,0,0,0,0,0,0,0,0,0,0,0,0,0,0,0,0,0,0,0,0,18,0
3136561,16,0,33,0,0,0,0,0,0,0,0,0,0,0,0,0,0,0,0,0,0,0,0,0,0,0,0,0
3388489,16,0,0,0,0,0,0,0,0,0,0,0,0,0,0,0,0,0,0,0,0,0,0,0,0,0,0,0
3016341,16,0,0,0,0,0,0,0,0,0,0,0,0,0,0,0,0,0,0,0,0,0,0,0,0,0,0,0
46679,16,0,0,0,0,0,36,0,0,0,0,0,0,0,0,0,0,0,0,0,0,0,10,0,0,0,0,0
3064349,16,0,0,0,0,21,38,0,0,0,0,0,0,0,0,0,0,0,0,0,0,0,59,0,0,0,0,0
3398358,16,0,0,0,0,0,17,0,0,0,0,0,0,0,0,0,0,0,0,13,0,0,0,0,0,0,0,0
2745503,16,0,0,0,0,0,0,0,0,0,0,0,0,0,0,0,0,0,0,0,0,0,0,0,0,0,0,0
2918528,16,0,0,15,154,41,102,69,13,0,0,0,0,0,0,0,14,0,0,10,0,0,28,0,0,0,15,0
716,16,0,0,0,0,0,0,0,0,0,0,0,0,0,0,0,0,0,0,0,0,0,0,0,0,0,0,0
48664,16,0,0,0,0,15,48,0,0,0,0,0,26,0,0,0,11,0,0,13,0,0,0,0,0,0,0,0
56460,16,0,0,0,18,35,42,0,0,0,0,0,0,0,0,0,0,0,0,25,0,0,0,0,0,24,13,0
1872431,16,10,15,0,33,83,252,0,0,14,0,0,0,0,0,10,32,0,0,0,0,0,28,0,0,0,11,11
2898149,16,17,35,13,18,74,165,0,10,0,0,13,0,0,0,16,76,0,55,44,17,0,0,13,27,0,11,0
1395951,16,0,0,0,0,21,53,0,0,0,0,0,0,0,0,0,0,0,0,0,0,0,0,0,0,11,0,0
3077335,16,0,17,0,0,61,56,0,0,0,0,0,0,0,0,0,0,0,19,0,0,0,0,0,0,0,0,0
3073270,16,0,14,0,0,61,100,0,0,0,0,0,0,0,0,0,11,0,15,12,0,0,43,0,0,0,0,0
2651334,16,21,41,0,0,82,67,0,0,0,0,13,0,0,0,0,11,0,14,0,10,0,0,0,0,0,0,0
2593653,16,36,105,18,10,140,247,0,18,14,0,0,0,0,0,0,21,0,23,0,0,0,11,0,0,0,0,0
1842539,16,0,0,0,0,57,110,0,0,0,0,0,0,0,0,0,0,0,26,148,0,0,0,0,0,35,36,22
1349819,16,0,20,0,16,71,117,0,0,0,0,0,0,0,0,0,0,0,0,0,0,0,0,0,0,0,0,0
293089,16,0,26,0,18,103,220,0,0,0,0,0,0,0,0,0,0,0,0,0,0,0,39,0,0,0,0,0
1702325,16,0,38,20,35,106,153,0,0,0,0,0,0,0,0,0,0,0,29,0,0,0,0,0,0,0,0,0
2903960,16,0,0,0,0,23,68,0,10,0,0,0,0,0,0,0,0,0,0,0,0,0,0,0,0,0,0,0
2779361,16,0,16,12,0,30,120,0,17,0,0,0,0,0,0,0,0,0,0,0,0,0,19,0,0,0,0,0
2829501,16,0,33,12,0,48,305,0,26,0,0,0,0,0,0,0,0,0,16,0,0,0,0,0,0,0,0,0
1537242,16,0,19,0,0,23,283,0,16,0,0,0,0,0,0,0,12,0,17,15,0,0,0,0,0,0,0,0
1564506,16,0,59,30,24,121,256,0,71,0,0,0,0,0,0,0,0,0,47,0,0,0,23,0,0,0,0,0
195105,16,0,43,0,0,81,258,0,0,0,0,0,0,0,0,0,0,0,0,0,0,0,0,0,0,0,0,0
167957,16,0,13,0,0,0,0,0,0,0,0,0,0,0,0,0,0,0,0,0,0,0,0,0,0,0,0,0
1750527,16,16,33,0,0,58,125,0,16,16,0,0,0,0,0,0,0,0,23,0,0,0,10,0,0,0,0,0
1679497,16,0,30,0,0,42,118,0,15,0,0,0,0,0,0,0,84,0,11,27,0,0,0,0,0,0,0,0
1979954,16,0,0,0,0,23,55,0,10,0,0,0,0,0,0,0,16,0,0,11,0,12,10,0,18,12,0,0
1871043,16,0,0,0,0,0,35,0,0,0,0,0,0,0,0,0,0,0,0,0,0,0,0,0,0,0,0,0
3411355,16,0,0,0,0,12,61,0,0,0,0,0,0,0,0,0,0,0,0,0,0,0,0,0,0,0,0,0
3141537,16,0,0,0,0,0,43,0,0,0,0,0,0,0,0,0,0,0,0,0,0,0,21,0,0,13,0,13
81479,16,0,0,0,0,15,16,0,0,0,0,0,0,0,0,0,0,0,27,0,0,0,15,0,0,0,0,0
2109913,16,0,0,0,0,26,384,0,0,0,0,0,0,0,0,0,0,0,0,0,0,0,0,0,0,0,0,0
2660641,16,0,0,16,15,45,113,0,0,0,0,0,0,0,0,0,0,0,0,0,0,0,0,0,0,0,0,0
3019553,16,0,11,0,0,26,85,0,0,0,0,0,0,0,0,0,27,0,0,0,0,0,10,0,0,0,0,0
3077590,16,0,0,0,0,0,0,0,0,0,0,0,0,0,0,0,42,0,0,35,0,0,0,0,0,0,25,0
3373597,16,0,0,0,0,0,26,0,0,0,0,0,0,0,0,0,0,0,0,12,0,0,0,0,0,0,0,0
171865,16,0,0,0,0,0,35,0,18,0,0,0,0,0,18,0,0,0,0,10,0,0,0,0,0,0,0,0
3322121,16,0,0,0,0,40,68,0,0,40,0,0,0,0,0,0,37,0,0,19,0,0,0,0,0,15,13,29
1134435,16,0,0,0,18,22,117,0,0,0,0,0,0,0,0,0,0,0,0,0,0,0,0,0,0,0,0,0
28113,16,0,0,12,20,0,16,0,0,0,0,0,0,0,0,0,22,0,0,13,0,0,28,0,0,0,0,0
3029053,16,0,12,16,21,23,23,0,0,0,0,0,0,0,0,0,46,0,0,39,31,0,10,0,0,22,27,26
203,16,0,0,14,23,10,12,0,0,0,0,0,0,0,0,0,0,0,0,0,0,0,26,0,0,0,0,0
3448124,16,0,0,0,0,11,63,12,19,0,0,0,0,0,0,0,41,0,11,17,0,0,11,0,0,21,12,11
2527983,16,0,10,0,0,27,145,0,18,10,0,0,0,0,0,0,45,0,19,18,0,0,12,0,0,0,0,0
2528017,16,0,0,0,0,22,150,0,19,0,0,0,0,0,0,0,0,0,42,0,0,0,90,0,0,0,16,0
2528009,16,0,0,14,0,52,320,0,11,13,0,0,0,0,0,0,0,0,51,0,0,0,18,0,0,0,0,0
3411797,16,0,0,10,19,63,230,0,11,17,0,0,0,0,0,0,0,0,36,0,0,0,43,0,0,0,0,0
2897342,16,0,0,0,0,10,59,0,0,0,0,0,0,0,0,0,0,0,0,43,0,0,31,0,0,23,18,11
1823759,16,0,0,0,17,25,67,0,0,0,0,0,0,0,0,0,0,0,0,0,0,0,17,0,0,0,0,0
2918170,16,0,0,22,16,31,179,0,0,25,0,0,0,0,0,0,17,0,28,0,0,0,0,0,0,0,0,0
2954661,16,0,0,0,0,11,0,0,0,0,0,0,0,0,0,0,34,0,0,21,0,172,0,38,268,23,17,0
2954526,16,0,0,0,17,24,0,0,0,0,0,0,0,0,0,0,0,0,0,0,0,0,0,0,0,0,0,0
1619311,16,11,11,0,0,14,18,13,15,0,0,0,0,0,0,0,38,0,0,15,0,0,25,0,0,20,34,14
3039389,16,0,0,27,20,30,19,0,0,0,0,0,0,0,0,0,0,0,0,0,0,0,0,0,0,0,0,0
1631871,16,0,0,0,0,0,0,0,0,0,0,0,0,0,0,19,53,0,0,24,0,0,21,0,0,11,12,0
712633,16,0,0,0,13,18,74,0,0,0,0,0,0,0,0,0,15,0,0,0,0,0,0,0,0,0,0,0
3028084,16,0,0,23,25,77,38,0,0,0,0,0,0,0,0,0,0,0,0,0,0,0,37,0,0,0,0,0
3140788,16,0,0,0,0,0,48,0,0,0,0,0,0,0,0,0,36,0,0,0,0,0,16,0,0,0,0,0
2714358,16,0,24,0,0,0,0,0,0,0,0,0,0,0,0,0,0,0,0,0,0,0,159,0,0,0,0,0
3118105,16,0,0,0,11,13,0,12,21,0,0,0,0,0,11,0,12,0,98,61,0,0,20,0,0,13,15,0
713030,16,0,0,0,0,0,0,0,0,0,0,0,0,0,0,0,0,0,0,0,0,0,0,0,0,0,0,0
3231270,16,0,0,0,0,0,49,0,0,0,0,0,0,0,0,0,36,0,0,0,0,0,0,0,0,0,0,0
2975739,16,0,0,0,0,19,56,19,27,0,0,0,0,14,0,0,0,0,12,0,0,0,19,0,0,0,0,0
2903833,16,0,0,15,16,22,72,0,0,0,0,0,0,0,0,0,0,0,0,0,0,0,17,0,0,0,0,0
1436085,16,0,0,0,0,0,0,0,0,0,0,0,0,0,0,0,0,0,0,0,0,0,0,0,0,0,0,0
2903669,16,0,0,109,59,0,91,0,0,0,0,0,0,0,0,0,47,0,0,0,0,0,24,0,0,0,0,0
1077946,16,0,0,0,0,24,55,0,0,0,0,0,18,0,0,0,0,0,0,0,0,0,23,0,0,0,0,0
3231715,16,0,0,0,0,38,53,0,0,0,0,0,0,0,0,0,65,0,0,11,0,0,0,0,0,0,0,0
1827580,16,0,0,0,0,37,101,27,22,51,0,0,0,0,21,0,0,0,0,0,0,0,15,0,0,0,0,0
1612435,16,0,0,0,0,19,50,0,0,0,0,0,0,0,0,0,42,0,0,0,0,0,0,0,0,0,0,0
67348,16,0,0,0,0,0,44,0,0,0,0,0,0,0,0,0,0,0,0,0,0,0,17,0,0,0,0,0
1302308,16,115,28,0,0,15,28,0,0,0,0,0,45,0,0,0,0,0,49,16,46,0,0,0,0,0,0,0
2789739,16,0,0,0,0,0,26,0,0,0,0,0,0,0,0,0,0,0,0,34,0,0,0,0,0,0,0,0
187491,16,0,0,0,0,0,19,0,21,0,0,0,0,0,0,0,0,0,0,0,0,0,0,0,0,14,0,0
556548,16,16,11,0,0,0,0,0,0,0,0,0,0,0,0,0,0,0,0,0,11,0,0,0,19,0,11,0
2080740,16,0,0,0,0,0,18,0,0,0,0,0,0,0,0,0,0,0,12,0,0,0,0,0,0,0,0,0
108486,16,20,21,0,0,0,26,0,0,0,0,0,28,0,0,0,0,0,0,0,33,0,0,0,0,0,0,0
160386,16,0,0,0,0,132,66,0,0,0,0,0,0,0,0,0,0,0,0,0,0,0,105,0,0,0,0,0
3457578,16,0,0,0,0,0,56,0,0,0,0,0,0,0,0,0,0,0,0,0,0,0,37,0,0,0,0,0
185642,16,0,0,0,0,28,61,0,20,0,0,0,0,0,0,0,14,0,0,0,0,0,0,0,0,0,0,0
104336,16,0,0,0,0,43,144,0,0,0,0,0,0,0,0,0,0,0,0,0,0,0,0,0,0,0,0,0
2609253,16,0,0,0,0,23,70,24,36,29,0,0,0,0,0,0,0,0,0,0,0,0,15,0,0,0,0,0
3144168,16,0,0,0,0,12,40,0,0,0,0,0,0,0,0,11,48,0,0,0,0,0,15,0,0,0,0,0
2994971,16,0,0,25,24,0,59,0,0,0,0,0,0,0,0,0,0,0,0,0,0,0,0,0,0,0,0,0
2828862,16,0,0,0,0,0,22,0,0,0,0,0,0,0,0,0,0,0,0,0,0,0,0,0,0,0,0,0
2839623,16,0,0,0,0,0,21,0,0,0,0,0,0,0,0,0,0,0,0,0,0,0,0,0,0,0,37,0
2590774,16,0,0,0,0,0,0,0,0,0,0,0,0,0,0,0,0,0,0,0,0,0,50,0,0,0,0,0
2714941,16,0,0,0,0,21,60,0,0,0,0,0,0,0,0,0,0,0,22,19,0,0,0,0,0,0,0,0
2898152,16,0,0,0,0,13,68,0,0,0,0,0,0,0,0,0,0,0,0,0,0,0,16,0,0,0,0,0
2508882,16,0,0,15,0,28,87,0,0,0,0,0,0,0,0,0,0,0,11,0,0,0,18,0,0,0,0,0
3114394,16,0,0,13,0,17,83,0,0,0,0,0,0,0,0,0,0,0,0,0,0,0,0,0,0,0,0,0
3111921,16,0,0,0,0,37,68,0,0,0,0,0,0,0,0,0,0,0,0,0,0,20,0,0,0,0,0,0
2975977,16,0,0,0,0,0,21,0,0,0,0,0,0,0,0,0,0,0,0,0,0,0,0,0,0,0,0,0
3239906,16,0,0,16,15,37,85,0,0,0,0,0,0,0,0,0,16,0,0,12,0,11,12,0,0,0,0,0
338584,16,12,0,0,13,34,89,11,20,0,0,0,0,0,0,0,38,0,0,0,0,0,0,0,0,0,0,0
2903562,16,0,0,0,0,24,99,0,20,0,0,0,0,0,0,0,0,0,15,65,0,0,0,0,0,13,23,21
340345,16,25,0,0,0,28,59,0,0,0,0,0,0,0,0,0,22,0,0,0,0,0,13,0,0,0,0,0
58117,16,0,0,0,0,27,63,0,0,0,0,0,0,0,0,0,0,0,0,0,0,0,0,0,0,0,0,0
1442555,16,0,0,0,20,30,27,0,0,0,0,0,13,0,0,0,0,0,30,0,0,0,42,0,0,0,0,0
1400865,16,0,0,0,0,0,19,0,11,0,0,0,0,0,0,0,0,0,11,0,0,0,27,0,0,0,0,0
152260,16,0,0,0,0,22,44,0,0,0,0,0,0,0,0,0,0,0,16,0,0,0,12,0,0,0,0,0
1750598,16,0,0,0,0,0,0,0,0,0,0,0,0,0,0,0,0,0,0,10,0,0,0,0,0,0,0,0
302484,16,0,0,0,0,0,17,0,0,0,0,0,0,0,0,0,0,0,0,14,0,0,0,0,0,0,0,11
2743089,16,0,0,0,0,11,38,0,0,0,0,0,0,0,0,0,0,0,0,0,0,0,0,0,0,0,0,0
62320,16,0,0,0,0,0,29,0,0,0,0,0,0,0,0,0,0,0,0,0,0,0,0,0,0,0,0,0
3075124,16,0,0,0,0,0,30,0,0,0,0,0,0,0,0,0,0,0,0,0,0,0,0,0,0,0,0,0
413810,16,0,0,0,0,22,21,0,0,0,0,0,0,0,0,0,0,0,0,0,0,0,0,0,0,0,0,0
2584467,16,15,19,0,0,0,0,0,0,0,0,0,14,0,0,0,0,0,0,20,14,0,0,0,0,0,0,0
971279,16,0,0,0,0,11,0,0,0,0,0,0,0,0,0,0,0,0,0,0,0,0,31,0,0,0,0,0
1273541,16,0,0,0,0,10,0,0,13,0,0,0,0,0,0,0,0,0,0,0,0,0,0,0,0,0,0,0
3059852,16,0,0,0,0,0,0,0,0,0,0,0,0,0,0,0,0,0,0,0,0,0,0,0,0,0,0,0
2733994,16,0,0,0,0,0,0,0,0,0,0,0,0,0,0,0,0,0,0,0,0,0,0,0,0,0,0,0
2560455,16,0,0,0,0,0,0,0,0,0,0,0,0,0,0,0,0,0,0,0,0,0,0,0,0,0,0,0
2843770,16,0,0,0,0,0,0,0,0,0,0,0,0,0,0,0,0,0,0,0,0,0,0,0,0,0,0,0
1406788,16,0,0,0,0,0,0,0,0,0,0,0,0,0,0,0,0,0,0,0,0,0,0,0,0,0,0,0
3430558,16,0,0,0,0,0,0,0,0,0,0,0,0,0,0,16,0,0,0,0,0,0,0,0,0,0,0,0
3428186,16,0,0,0,0,16,0,0,0,0,0,0,0,0,0,0,0,0,0,0,0,0,0,0,0,0,0,0
2845523,16,0,0,0,0,0,0,0,0,0,0,0,0,0,0,0,0,0,0,0,0,0,0,0,0,0,0,0
2734390,16,0,0,0,0,0,0,0,0,0,0,0,0,0,0,0,0,0,0,0,0,0,0,0,0,0,0,0
3060785,16,0,0,0,0,0,0,0,0,0,0,0,0,0,0,0,0,0,0,0,0,0,0,0,0,0,0,0
3052630,16,0,11,0,0,0,0,0,0,0,0,0,0,0,0,0,0,0,0,0,0,0,0,0,0,0,0,0
3048195,16,0,0,0,0,0,0,0,0,0,0,0,0,0,0,0,0,0,0,0,0,0,0,0,0,0,0,0
2955431,16,0,0,0,0,0,0,0,0,0,0,0,0,0,0,0,0,0,0,0,0,0,0,0,0,0,0,0
3426832,16,0,0,0,0,0,0,0,0,0,0,0,0,0,0,0,0,0,0,0,0,0,0,0,0,0,0,0
3116481,15,0,0,48,22,0,39,0,0,0,0,0,0,0,0,0,0,0,0,0,0,0,21,0,0,0,0,0
1914861,15,0,0,0,0,0,0,0,0,0,0,0,0,0,0,0,0,0,0,0,0,0,0,0,0,0,0,0
2546350,15,0,0,0,13,0,0,0,0,0,0,0,0,0,0,0,0,0,0,60,0,0,0,0,0,24,20,0
3118169,15,0,0,0,0,0,0,0,0,0,0,0,0,0,30,0,16,0,0,0,0,0,0,0,0,0,0,0
251538,15,0,0,0,15,0,0,0,0,0,0,0,0,0,0,0,0,0,0,56,0,0,29,0,0,31,13,12
134287,15,0,0,18,26,10,14,0,0,0,0,0,0,0,0,0,0,0,0,40,0,0,43,0,0,16,12,0
2675772,15,0,0,0,0,0,0,0,0,0,0,0,0,0,0,0,17,0,0,38,0,0,0,0,0,0,0,11
1851514,15,0,0,0,0,11,24,0,0,0,0,0,0,0,0,0,0,0,0,14,0,0,11,0,0,0,0,0
574964,15,0,0,0,0,0,13,0,0,0,0,0,0,0,0,0,0,0,0,24,0,0,16,0,0,0,0,0
3461145,15,0,0,0,0,0,0,0,0,0,0,0,0,0,0,0,0,0,0,0,0,0,0,0,0,0,0,0
362457,15,0,0,0,0,0,0,0,0,0,0,0,0,0,0,0,0,0,0,24,0,0,0,0,0,0,0,0
3440636,15,0,0,0,0,0,11,0,0,0,0,0,0,0,0,0,0,0,0,0,0,42,10,0,40,0,0,0
3366808,15,0,0,0,0,0,28,0,0,0,0,0,0,0,0,0,0,0,12,0,0,0,0,0,0,0,0,0
3241167,15,0,16,0,15,18,0,0,25,0,0,0,0,0,0,0,55,0,0,15,0,0,0,0,0,16,0,0
2895490,15,0,0,0,0,0,0,0,0,0,0,0,0,0,0,0,0,0,0,0,0,0,0,0,0,0,0,0
2730848,15,0,0,0,0,0,24,0,0,0,0,0,0,0,0,0,73,0,0,0,0,0,10,0,0,20,10,0
2817398,15,13,18,0,0,0,26,0,0,0,0,0,17,0,0,0,0,0,0,0,0,0,0,0,0,0,0,0
3119004,15,0,0,0,0,0,22,0,0,0,0,0,0,0,0,0,0,0,0,0,0,0,0,0,0,0,0,0
3048630,15,0,0,0,0,0,19,0,0,0,0,0,0,0,0,0,0,0,0,0,0,0,0,0,0,0,0,0
226910,15,0,0,0,0,33,39,0,0,0,0,0,0,0,0,0,0,0,0,0,0,0,38,0,0,20,0,0
2493633,15,0,0,0,0,31,108,0,0,0,0,0,26,0,0,0,0,0,0,30,0,0,0,0,0,0,0,17
3061632,15,0,0,0,0,0,56,0,0,0,0,0,0,0,0,0,0,0,0,0,0,0,0,0,0,0,0,0
2893469,15,0,0,0,14,0,32,0,0,0,0,0,15,0,0,0,20,0,0,0,0,0,35,0,0,0,0,0
2614693,15,0,0,0,0,0,39,19,17,15,0,0,0,0,12,0,21,0,0,22,0,0,0,0,0,0,13,0
2161747,15,0,10,0,0,21,48,0,0,0,0,0,0,0,0,0,0,0,0,0,0,0,0,0,0,0,0,0
29447,15,0,0,0,0,0,44,0,0,0,0,0,0,0,0,0,0,0,0,0,0,0,10,0,0,0,0,0
1885674,15,0,0,0,0,0,15,0,0,0,0,0,0,0,0,0,0,0,0,0,0,0,0,0,0,0,0,0
1985254,15,0,0,0,0,0,0,0,0,0,0,0,0,0,0,0,0,0,0,0,0,0,0,0,0,0,53,0
582702,15,13,16,0,0,0,68,0,0,0,0,0,0,0,0,0,0,0,10,0,0,0,0,0,0,0,0,0
2780091,15,0,14,0,12,0,76,0,0,0,0,0,0,0,0,0,0,0,0,47,0,0,0,0,0,0,0,0
40223,15,0,13,32,57,66,57,0,0,0,0,0,0,0,0,0,127,0,0,24,0,16,25,0,17,0,0,0
147268,15,0,0,0,0,0,0,0,0,0,0,0,0,0,0,12,45,0,12,0,0,10,0,0,14,0,0,0
2675054,15,0,0,0,0,0,15,0,0,0,0,0,0,0,0,0,0,0,0,0,0,0,19,0,0,0,0,0
1054,15,26,28,0,0,22,113,0,15,19,0,0,0,0,0,0,0,0,0,23,0,0,18,0,0,0,0,0
1442136,15,0,0,11,19,25,84,0,0,0,0,0,11,0,0,0,19,0,0,0,0,0,0,0,0,0,0,0
107637,15,0,0,0,0,83,72,0,0,0,0,0,0,0,0,0,0,0,0,0,0,0,0,0,0,0,0,0
414,15,0,22,0,0,59,130,0,0,0,0,0,0,0,0,0,31,0,0,0,0,12,14,0,11,0,0,0
2738852,15,0,0,0,0,0,0,0,0,0,0,0,0,0,0,0,0,0,0,10,0,0,0,0,0,0,0,0
1881061,15,0,30,0,0,49,142,0,11,0,0,0,0,0,0,0,0,0,16,14,0,0,0,0,0,0,0,0
293958,15,0,0,0,0,20,41,0,10,0,0,0,0,0,0,0,0,0,0,0,0,0,56,0,13,0,0,0
555317,15,0,0,0,0,57,62,0,0,0,0,0,0,0,0,0,0,0,0,0,0,0,21,0,0,0,0,0
3126689,15,0,0,0,0,47,54,0,0,0,0,0,0,0,0,0,0,0,0,14,0,0,0,0,0,0,10,0
400770,15,0,19,0,0,24,58,0,0,0,0,0,0,0,0,0,0,0,0,0,0,0,0,0,0,0,0,0
2562284,15,54,88,0,0,72,96,0,0,0,0,27,16,0,0,0,12,0,20,17,0,0,10,0,0,16,11,0
187303,15,0,0,0,0,39,44,10,0,0,0,0,0,0,0,0,0,0,0,0,0,0,12,0,0,0,0,0
2826993,15,0,18,0,0,95,99,0,14,0,0,0,0,0,0,0,24,0,22,0,0,0,39,0,0,0,0,0
1514904,15,21,25,0,0,69,75,0,14,0,0,10,12,0,0,0,0,0,0,11,0,0,0,0,0,0,15,0
3349631,15,0,0,0,0,0,72,0,0,0,0,0,0,0,0,0,0,0,0,11,0,0,0,0,0,0,0,0
3349333,15,0,0,10,0,22,66,0,0,0,0,0,0,0,0,0,20,0,0,24,0,0,0,0,0,0,0,0
2082188,15,0,0,0,0,55,118,0,0,0,0,0,0,0,0,0,0,0,24,0,0,0,0,0,0,0,0,0
394733,15,0,0,0,0,21,37,0,0,0,0,0,0,0,0,0,0,0,0,0,0,0,38,0,16,0,0,0
2976533,15,0,0,0,0,28,71,0,21,0,0,0,0,0,0,0,0,0,13,0,0,0,0,0,0,0,0,0
2867012,15,0,16,0,0,67,208,0,16,0,0,0,0,0,0,0,0,0,21,0,0,0,10,0,0,0,0,0
2895796,15,0,37,0,22,46,226,22,34,31,0,0,0,26,25,0,0,0,24,0,0,0,0,0,0,0,0,0
135740,15,0,34,0,0,38,156,0,31,0,0,0,0,0,0,0,0,0,0,0,0,0,20,0,0,14,0,0
1077935,15,0,36,52,69,88,367,0,15,0,0,0,0,0,0,0,0,0,16,13,0,0,15,0,0,16,0,0
658446,15,0,47,0,16,50,376,0,24,0,0,0,0,0,0,0,0,0,0,0,0,0,0,0,0,0,0,0
3131928,15,0,0,0,0,0,115,0,0,0,0,0,0,0,0,0,0,0,0,0,0,0,0,0,0,0,0,0
3051171,15,0,12,13,15,0,122,0,11,0,0,0,0,0,0,0,0,0,10,0,0,0,13,0,0,0,0,0
3121287,15,0,23,0,11,58,230,0,13,10,0,0,0,0,0,17,0,0,16,15,0,0,37,0,0,0,20,10
991904,15,18,63,13,18,189,216,0,0,23,0,0,0,0,0,0,18,0,15,44,0,0,0,0,0,24,16,41
2732593,15,13,12,0,15,0,0,0,15,0,0,0,0,0,0,0,0,0,0,0,0,0,11,0,39,0,0,0
96495,15,0,0,0,0,0,0,0,0,0,0,0,0,0,0,0,0,0,0,0,0,0,0,0,0,0,0,0
2686014,15,0,0,0,0,0,0,0,0,0,0,0,0,0,0,0,0,0,0,0,0,0,0,0,0,0,0,0
2268451,15,0,15,10,15,18,42,293,169,75,0,0,21,101,65,194,84,26,0,15,0,50,10,19,0,12,11,16
92933,15,28,110,0,0,247,148,0,21,0,0,0,0,0,0,0,57,0,30,0,11,0,75,0,0,0,0,0
3093845,15,0,0,0,0,21,45,0,0,0,0,0,0,0,0,0,16,0,0,0,0,0,0,0,0,0,0,0
1873716,15,0,22,13,17,33,69,0,0,0,0,0,0,0,0,0,0,0,0,0,0,0,22,0,0,0,0,0
1759059,15,0,0,0,0,17,39,0,0,0,0,0,0,0,0,0,0,0,0,0,0,0,13,0,0,0,0,0
3241601,15,0,0,0,0,19,30,0,0,0,0,0,0,0,0,0,0,0,0,22,0,0,0,0,0,0,0,0
96344,15,0,0,22,41,91,257,0,0,0,0,0,0,0,0,0,0,0,0,94,0,0,32,0,27,20,15,0
2968475,15,0,0,0,0,0,0,0,0,0,0,0,0,0,0,0,0,0,0,0,0,0,12,0,0,0,0,0
412963,15,0,0,0,0,12,37,0,0,0,0,0,0,0,0,0,0,0,0,14,0,0,0,0,0,11,0,0
417203,15,0,14,12,0,14,47,0,0,0,0,0,0,0,0,0,0,0,0,21,0,0,35,0,0,0,0,0
131080,15,16,12,0,15,27,21,0,0,0,0,0,0,0,0,0,0,0,0,0,0,0,0,0,0,0,0,0
368607,15,0,0,0,0,0,20,0,0,0,0,0,0,0,0,0,0,0,0,10,0,0,0,0,0,0,0,0
2751478,15,0,0,0,0,0,34,0,0,0,0,0,0,0,0,0,0,0,0,0,0,0,0,0,0,0,0,0
1940612,15,0,0,0,13,21,36,0,0,0,0,0,0,0,0,0,0,0,0,0,0,0,118,0,0,0,0,0
307486,15,0,0,0,0,19,84,0,0,0,0,0,0,0,0,0,0,0,25,0,0,0,0,0,0,0,0,0
607712,15,0,0,0,0,0,0,0,0,0,0,0,0,0,0,0,0,0,0,0,0,0,11,0,0,0,0,0
1009682,15,0,0,0,0,40,72,0,0,0,0,0,0,0,0,0,0,0,220,0,0,0,39,0,0,0,11,0
2027405,15,13,31,0,0,18,134,0,0,0,0,0,0,0,0,0,0,0,0,23,0,0,0,0,0,11,0,0
1124597,15,30,38,0,0,0,16,0,0,0,0,11,0,0,0,0,27,0,0,13,0,10,17,0,0,0,0,0
1385663,15,0,0,14,20,42,44,0,0,0,0,0,0,0,0,0,33,0,17,0,0,0,16,0,0,0,0,0
1446467,15,15,0,0,13,0,28,0,0,0,0,0,0,0,0,0,54,0,0,10,0,0,0,0,0,0,0,0
366522,15,0,0,0,0,0,0,0,0,0,0,0,0,0,0,0,0,0,0,0,0,0,10,0,0,0,0,0
2527972,15,0,0,0,0,0,146,0,0,0,0,0,0,0,0,14,42,0,51,0,0,0,11,0,0,0,0,0
3002742,15,0,0,0,0,0,0,0,0,0,0,0,0,0,0,0,29,0,0,0,0,0,0,0,0,0,0,0
2828656,15,13,18,0,0,18,21,0,0,0,0,0,18,0,0,0,0,0,0,26,0,14,105,0,0,12,0,0
75906,15,0,0,0,0,0,0,0,13,0,0,0,0,0,0,19,66,0,0,19,0,0,0,0,0,0,0,0
1454753,15,0,0,0,13,0,0,0,0,0,0,0,0,0,0,0,0,0,0,0,0,0,0,0,0,0,0,0
3386553,15,0,0,0,18,33,22,0,0,0,0,0,0,0,0,0,58,0,0,23,0,0,205,0,0,0,0,0
2921704,15,13,36,0,0,24,44,0,0,0,0,11,20,0,0,0,0,0,0,0,0,0,0,0,0,0,0,0
938155,15,24,23,15,16,0,0,0,0,0,0,0,0,0,0,0,15,0,0,37,0,0,20,0,0,0,0,0
1614,15,0,0,0,0,0,0,0,0,0,0,0,0,0,0,0,0,0,0,0,0,0,0,0,0,0,0,0
86170,15,0,0,0,0,0,0,0,0,0,0,0,0,0,0,0,0,0,0,15,0,0,36,0,0,0,0,0
1232428,15,0,0,0,0,0,15,0,0,0,0,0,14,0,0,0,24,0,0,0,0,0,10,0,0,0,0,0
1852379,15,0,0,0,0,0,0,0,0,0,0,0,0,0,0,0,0,0,0,0,0,0,0,0,0,0,0,0
2975642,15,0,0,0,0,25,77,0,0,0,0,0,0,0,0,0,0,0,12,0,0,0,0,0,0,0,0,0
1848900,15,0,0,0,0,23,83,14,18,0,0,0,67,0,0,0,0,0,0,20,16,0,0,0,0,0,0,0
2975714,15,0,0,0,0,17,60,0,15,0,0,0,0,0,0,0,0,0,20,0,0,0,0,0,0,0,0,0
2976011,15,0,0,0,0,26,53,0,0,0,0,0,0,0,0,0,0,0,0,0,0,0,0,0,0,0,0,0
2931983,15,0,0,0,0,0,58,0,0,0,0,0,0,0,0,0,0,0,0,0,0,0,0,0,0,0,0,0
2875706,15,0,14,0,0,11,26,0,0,0,0,0,0,0,0,0,10,0,0,0,0,0,10,0,0,0,0,0
58344,15,0,0,0,0,27,63,0,0,0,0,0,0,0,0,19,88,0,0,13,0,0,0,0,0,0,0,0
189540,15,0,0,22,30,20,33,0,0,0,0,0,0,0,0,0,0,0,0,13,0,0,13,0,0,0,0,0
1141657,15,0,0,0,0,0,63,0,24,0,0,0,0,0,0,0,30,0,0,0,0,0,0,0,0,0,0,0
2729725,15,0,36,0,0,0,34,0,0,0,0,0,0,0,0,0,0,0,15,0,0,0,0,0,0,0,0,0
1336740,15,0,0,0,0,0,19,0,0,0,0,0,0,0,0,0,0,0,0,0,0,0,0,0,0,0,0,0
36809,15,0,0,57,107,84,129,0,15,0,0,0,0,0,0,31,16,0,81,73,0,0,265,0,0,51,29,50
29314,15,0,0,0,0,15,36,0,0,0,0,0,0,0,0,0,0,0,0,0,0,0,0,0,0,0,0,0
337191,15,0,0,0,0,0,52,0,30,0,0,0,0,0,0,0,0,0,0,0,0,0,0,0,0,0,0,0
1678237,15,0,0,0,0,24,44,0,0,0,0,0,0,0,0,0,0,0,0,0,0,0,0,0,0,0,0,0
110933,15,0,0,0,0,0,28,0,0,0,0,0,0,0,0,0,0,0,0,0,0,0,0,0,0,0,0,0
145458,15,0,0,0,0,12,18,0,0,0,0,0,0,0,0,0,0,0,0,29,0,0,0,0,0,0,0,0
1784719,15,0,0,21,21,34,60,0,0,0,0,0,0,0,0,0,43,0,0,0,0,0,0,0,0,0,0,0
2583822,15,0,0,0,0,0,64,0,0,0,0,0,0,0,0,0,0,0,0,0,0,0,0,0,0,0,0,0
2603292,15,0,0,0,0,0,21,0,0,0,0,0,0,0,0,0,0,0,0,0,0,0,0,0,0,0,0,0
2861279,15,0,0,0,0,0,15,0,0,0,0,0,0,0,0,0,0,0,0,12,0,0,0,0,0,0,0,0
290399,15,0,0,23,0,19,38,0,0,0,0,0,20,0,0,43,185,0,0,0,0,0,0,0,0,0,0,0
361575,15,0,0,0,0,0,31,0,0,0,0,0,0,0,0,0,0,0,0,0,0,0,0,0,0,0,0,0
1933880,15,32,29,0,0,0,21,0,0,0,0,0,0,0,0,0,0,0,0,14,0,0,0,0,0,0,0,0
545619,15,0,0,0,0,0,39,0,0,0,0,0,0,0,0,0,0,0,0,0,0,0,22,0,0,0,0,0
1076124,15,0,0,12,0,25,90,0,0,0,0,0,0,0,0,0,0,0,0,0,0,0,13,0,0,0,0,0
2975974,15,0,0,0,0,35,70,0,0,0,0,0,0,0,0,0,0,0,0,64,0,0,0,0,0,0,0,0
2745196,15,315,396,17,20,42,119,0,0,18,0,409,0,0,0,0,21,0,11,28,0,0,19,17,0,18,20,23
3238802,15,0,0,0,0,56,92,0,15,0,0,0,0,0,0,0,0,0,12,0,0,0,10,0,0,0,0,0
2975955,15,0,15,0,18,60,99,0,0,53,0,0,0,0,0,0,42,0,0,12,0,0,0,0,0,0,0,0
2653857,15,0,16,12,20,74,89,0,12,0,0,0,42,0,0,0,0,0,0,28,0,0,72,0,0,0,0,16
1483604,15,21,21,37,27,65,119,0,0,0,0,0,0,0,0,0,25,0,13,12,0,0,17,0,0,0,0,0
211114,15,0,0,0,12,42,86,0,25,0,0,0,0,0,0,0,0,0,0,49,0,0,31,0,0,17,0,14
3103139,15,0,0,0,0,11,10,0,0,0,0,0,15,0,0,0,0,0,0,0,0,0,0,0,0,0,0,0
3082949,15,0,0,0,0,216,55,0,108,0,0,0,0,0,11,0,0,0,0,16,0,0,21,0,0,13,17,0
3066313,15,0,0,0,0,0,0,31,42,0,0,0,0,0,0,0,0,0,0,0,0,0,0,0,0,0,0,0
1548548,15,0,0,24,20,35,79,0,0,0,0,0,0,0,0,0,10,0,0,15,0,0,13,0,0,0,0,0
536044,15,0,0,0,10,11,0,0,0,0,0,0,0,0,0,0,24,0,0,19,0,0,0,11,0,0,0,0
2177,15,25,31,0,0,0,0,0,0,0,0,11,0,0,0,0,0,0,0,16,0,0,18,0,0,0,0,0
1515595,15,0,0,0,0,0,30,0,0,0,0,0,0,0,0,0,0,0,0,24,0,0,0,0,0,0,16,0
3031998,15,0,0,0,0,0,37,0,0,0,0,0,0,0,0,0,0,0,0,0,0,0,0,0,0,0,0,0
2961570,15,0,0,0,0,0,15,0,0,0,0,0,0,0,0,0,0,0,0,0,0,0,22,0,0,0,0,0
299422,15,0,0,0,0,0,0,0,0,0,0,0,0,0,0,0,0,0,0,0,0,0,0,0,0,0,0,0
2734102,15,0,0,0,0,0,0,0,0,0,0,0,0,0,0,0,0,0,0,0,0,0,0,0,0,0,0,0
2734111,15,0,0,0,0,0,0,0,0,0,0,0,0,0,0,0,0,0,0,0,0,0,12,0,0,0,0,0
2955907,15,0,0,0,0,0,0,0,0,0,0,0,0,0,0,0,0,0,0,0,0,0,0,0,0,0,0,0
3433337,15,0,0,0,0,0,0,0,0,0,0,0,0,0,0,0,0,0,0,0,0,0,0,0,0,0,0,0
3430278,15,10,0,0,0,0,0,0,0,0,0,0,36,0,0,0,0,0,0,0,26,0,0,0,0,0,0,0
3050281,15,0,0,0,0,0,0,0,0,0,0,0,0,0,0,0,0,0,0,0,0,0,0,0,0,0,0,0
3429985,15,26,45,0,0,0,0,0,0,0,14,19,17,0,0,0,0,0,0,0,17,0,0,0,0,0,0,0
3431616,15,0,0,0,0,0,0,0,0,0,0,0,0,0,0,0,0,0,0,0,0,0,0,0,0,0,0,0
2116599,15,0,0,0,0,0,0,0,0,0,0,0,0,0,0,0,0,0,0,0,0,0,0,0,0,0,0,0
1922669,15,26,20,0,0,0,0,0,0,0,0,0,25,0,0,0,0,0,0,0,0,0,0,0,0,0,0,0
1100043,15,0,0,0,0,0,0,0,0,0,0,0,0,0,0,0,0,0,0,0,0,0,0,0,0,0,0,0
3133272,14,0,11,0,0,0,0,0,0,0,0,0,0,0,0,0,0,0,0,53,0,0,18,0,0,0,20,23
2420306,14,0,0,0,0,0,0,15,20,0,0,0,0,0,0,0,0,0,0,0,0,0,0,0,0,0,13,11
1306992,14,0,24,11,24,35,76,0,0,0,0,0,0,0,0,0,18,0,0,40,0,0,32,0,0,0,0,0
2678259,14,0,0,0,0,0,31,0,0,0,0,0,0,0,0,0,0,0,0,0,17,0,0,0,0,0,0,0
2748080,14,0,0,0,0,19,51,0,0,0,0,0,0,0,0,0,0,0,0,0,0,0,15,0,0,0,0,0
2991051,14,0,0,14,0,0,28,0,0,0,0,0,0,0,0,0,43,0,0,0,0,0,48,0,0,0,0,0
3457357,14,0,0,0,0,17,25,10,0,0,0,0,0,0,0,0,0,0,0,0,0,0,11,0,0,0,0,0
47884,14,0,11,0,10,0,41,14,15,0,0,0,0,0,0,0,11,0,0,0,27,0,18,0,0,0,0,0
1931241,14,0,0,0,0,0,54,0,21,0,0,0,0,0,0,0,0,0,0,0,0,16,0,0,15,0,0,0
289370,14,0,0,0,0,0,43,0,0,0,0,0,0,0,0,0,0,0,0,0,0,0,0,0,0,0,0,0
417574,14,0,26,0,14,0,18,0,11,0,0,0,0,0,0,0,46,0,0,50,0,0,22,0,0,28,0,16
1306787,14,0,36,0,10,25,133,0,0,18,0,13,0,0,0,0,0,0,0,17,0,0,11,0,0,0,0,0
2952525,14,0,0,11,0,13,25,0,0,0,0,0,0,0,0,0,0,0,0,0,0,0,11,0,0,0,0,0
648794,14,0,0,0,0,0,45,0,0,0,0,0,0,0,0,0,49,0,10,0,0,0,49,11,0,0,0,0
1760988,14,0,0,0,23,23,72,0,10,0,0,0,0,0,0,0,11,0,0,31,0,0,18,0,0,12,0,0
261965,14,0,0,11,13,0,0,0,0,0,0,0,0,0,0,0,0,0,0,44,0,0,18,0,0,0,0,0
1325095,14,0,0,0,0,16,82,0,0,0,0,0,0,0,0,11,49,0,40,0,0,67,0,12,73,0,0,0
1325090,14,0,15,63,44,43,73,0,0,0,0,0,0,0,0,11,55,0,29,0,23,0,14,0,0,0,0,0
56426,14,0,0,0,0,0,0,44,52,25,0,0,0,19,0,0,19,0,0,29,0,13,26,0,0,17,13,11
2865838,14,0,0,0,0,74,105,0,0,0,0,0,0,0,0,0,0,0,34,25,0,0,0,0,0,0,0,0
227605,14,0,0,0,0,39,71,0,0,0,0,0,0,0,0,0,10,0,0,0,0,0,0,0,0,0,0,0
1486262,14,0,0,0,0,53,77,0,18,0,0,0,0,0,0,0,0,0,17,0,0,0,0,0,0,0,0,0
2986949,14,0,24,0,0,92,137,0,0,0,0,0,0,0,0,0,0,0,0,16,0,0,16,0,0,0,11,0
2872591,14,0,16,17,0,86,184,0,15,0,0,0,0,0,0,0,0,0,0,0,0,0,25,0,0,0,0,0
3012344,14,0,11,0,0,47,115,0,20,0,0,0,0,0,0,0,0,0,11,0,0,0,13,0,0,0,0,0
3029062,14,0,33,29,24,80,331,0,43,0,0,0,0,0,0,0,14,0,0,0,0,0,11,0,0,0,0,0
1524259,14,0,41,12,0,36,357,0,45,0,0,0,21,0,0,16,0,0,23,0,0,0,15,0,0,0,0,0
3078428,14,0,0,0,0,137,436,0,32,0,0,0,0,0,0,0,0,0,17,0,0,0,0,0,0,0,0,0
1920883,14,15,18,0,15,30,121,0,14,0,0,0,0,0,0,0,0,0,0,0,0,0,0,0,0,0,0,0
2758038,14,17,49,0,11,52,162,0,12,0,0,0,0,0,0,0,0,0,17,0,0,0,0,0,0,0,0,0
3158571,14,0,0,0,0,0,0,0,0,0,0,0,0,0,0,0,0,0,0,0,0,0,0,0,0,0,0,0
988779,14,0,0,0,10,16,45,0,0,0,0,0,0,0,0,0,0,0,0,0,0,0,100,0,0,0,12,0
1177712,14,0,0,0,0,0,48,0,0,0,0,0,0,0,0,0,0,0,0,0,0,0,0,0,0,0,0,0
2823693,14,16,32,12,13,99,152,12,11,15,0,0,13,0,0,37,259,0,12,0,0,0,15,28,27,0,0,24
3096993,14,0,0,0,0,20,119,0,14,10,0,0,0,0,0,11,0,0,0,0,0,0,0,0,0,0,0,0
3078805,14,0,11,15,17,21,32,0,0,0,0,0,0,0,0,0,0,0,0,0,0,0,10,0,0,0,0,0
1637869,14,0,0,0,0,0,21,0,0,0,0,0,0,0,0,0,0,0,0,0,0,0,0,0,0,0,0,0
2576922,14,0,0,0,0,0,0,0,0,0,0,0,0,0,0,0,0,0,0,27,0,0,20,0,0,0,0,0
1938606,14,0,0,0,0,0,31,0,0,0,0,0,0,0,0,0,0,0,0,29,0,0,21,0,0,14,0,0
1353889,14,0,0,0,0,28,110,0,0,0,0,0,0,0,0,0,0,0,0,0,0,0,0,0,0,0,0,0
546114,14,0,0,0,0,19,68,0,0,0,0,0,0,0,0,0,17,0,0,10,0,0,0,0,0,0,0,0
641148,14,0,0,23,0,24,31,0,0,0,0,0,0,0,0,0,0,0,0,0,0,0,18,0,0,0,0,0
211502,14,0,0,0,0,10,16,0,0,0,0,0,0,0,0,0,0,0,0,0,0,0,0,0,0,0,0,0
2172098,14,0,11,0,0,26,55,14,15,0,0,0,0,12,0,0,10,0,0,36,0,0,16,0,0,18,11,11
3160832,14,0,42,0,17,34,33,0,15,0,0,0,0,0,0,10,99,0,0,11,0,0,14,0,0,0,0,0
3066217,14,0,0,0,0,0,0,0,0,0,0,0,0,0,0,0,19,0,0,0,0,0,0,0,0,0,0,0
1470347,14,0,0,0,0,0,20,0,0,0,0,0,0,0,0,0,0,0,0,0,0,0,0,0,0,0,0,0
844,14,0,0,16,19,0,0,0,0,0,0,0,0,0,0,0,0,0,0,16,0,0,14,0,0,0,0,0
2528027,14,0,0,0,0,0,58,0,0,0,0,0,0,0,0,0,17,0,0,28,0,0,14,0,0,23,0,18
1930275,14,0,0,17,10,62,190,33,63,16,0,0,0,29,0,0,29,0,45,0,0,0,29,0,0,0,0,0
406548,14,0,18,20,29,43,287,0,17,19,0,0,15,0,0,0,36,0,38,0,0,0,11,0,0,0,0,0
683292,14,0,0,0,0,0,0,0,0,0,0,0,0,0,0,0,0,0,0,14,0,52,0,0,0,0,0,0
3394359,14,21,0,0,12,23,22,0,0,0,0,0,16,0,0,0,0,0,0,30,0,0,0,0,0,0,0,0
3394235,14,0,12,0,0,15,15,0,0,0,0,0,0,0,0,0,54,0,0,27,0,0,29,0,0,0,0,0
227866,14,0,0,0,0,19,20,15,20,0,0,0,0,13,0,0,106,0,0,42,0,0,21,0,0,12,16,0
2741301,14,0,0,13,25,0,12,0,0,0,0,0,0,0,0,0,0,0,0,20,0,0,27,0,0,0,0,10
1462996,14,0,0,0,0,0,14,0,0,0,0,0,0,0,0,0,0,0,0,0,0,0,15,0,0,0,0,0
2895522,14,13,29,0,0,0,18,16,26,0,0,0,0,16,0,0,0,0,0,27,0,0,45,0,0,23,12,15
1494960,14,0,0,0,0,0,0,0,0,0,0,0,0,0,0,0,32,0,0,18,0,0,44,0,0,0,16,0
2490858,14,0,0,0,0,0,17,0,0,0,0,0,0,0,0,0,0,0,0,14,0,0,0,0,0,14,0,0
1565,14,0,18,0,0,0,0,0,0,0,0,0,0,0,0,0,22,0,0,12,0,0,41,0,0,0,0,0
1322,14,0,0,12,18,0,20,0,31,0,0,0,0,16,0,0,34,0,0,54,0,0,38,0,0,0,11,0
1258,14,0,0,0,0,0,0,0,0,0,0,0,0,0,0,0,0,0,0,0,0,0,0,0,0,0,0,0
2175864,14,0,26,0,0,36,98,0,0,24,0,0,0,0,0,0,0,0,10,0,0,0,0,0,0,0,0,0
2975728,14,0,0,0,0,23,50,0,0,0,0,0,0,0,0,0,32,0,0,0,0,0,0,0,0,0,0,0
3061628,14,0,0,0,0,0,44,0,0,0,0,0,0,0,0,0,0,0,0,0,0,0,12,0,0,0,0,0
2975903,14,0,0,0,0,39,67,0,0,0,0,0,0,0,0,0,0,0,0,0,0,0,13,0,0,0,0,0
2903835,14,0,0,0,0,28,70,0,0,0,0,0,0,0,0,0,0,0,0,0,0,0,15,0,0,0,0,0
2903831,14,0,0,0,0,0,36,0,0,0,0,0,0,0,0,0,0,0,0,0,0,0,0,0,0,0,0,0
2975853,14,0,0,0,0,21,43,0,0,0,0,0,0,0,0,0,0,0,0,0,0,0,0,0,0,0,0,0
2903718,14,0,0,0,0,17,56,0,17,0,0,0,0,0,0,0,11,0,0,11,0,0,0,0,0,15,0,0
3384771,14,0,0,0,0,0,70,0,0,0,0,0,0,0,0,0,0,0,14,18,0,0,0,0,0,14,11,0
2136401,14,17,30,0,0,21,79,0,0,0,0,0,0,0,0,0,35,0,0,30,0,0,12,0,0,18,33,33
319947,14,0,0,0,0,17,86,0,0,0,0,0,0,0,0,0,0,0,0,0,0,0,0,0,0,0,0,0
3385496,14,0,0,0,0,13,43,0,0,0,0,0,0,0,0,0,0,0,24,0,0,0,0,0,0,0,0,0
1690221,14,23,13,0,13,0,51,0,0,0,0,0,0,0,0,0,52,0,12,0,0,0,16,0,0,0,0,0
3457765,14,0,0,0,0,16,53,0,0,0,0,0,0,0,0,0,0,0,0,0,0,0,128,0,0,0,0,0
3239976,14,0,0,0,0,19,44,0,0,0,0,0,0,0,0,0,0,0,0,0,0,0,0,0,0,0,0,0
228602,14,0,0,0,0,25,75,0,0,13,0,0,20,0,0,0,30,0,0,0,0,0,17,0,0,0,10,0
156978,14,0,0,0,0,0,25,0,0,0,0,0,0,0,0,0,0,0,0,14,0,0,0,0,0,0,0,0
1249101,14,0,0,0,0,22,46,0,0,0,0,0,0,0,0,0,0,0,12,0,0,0,11,0,0,0,0,0
1784,14,0,0,0,0,10,40,0,0,0,0,0,0,0,0,0,0,0,0,0,0,0,0,0,0,0,0,0
3027808,14,0,0,0,0,18,47,0,0,0,0,0,0,0,0,0,0,0,0,0,0,0,0,0,0,0,0,0
1430326,14,0,0,0,0,15,16,0,0,0,0,0,0,0,0,0,0,0,13,0,0,0,24,0,0,0,0,0
57704,14,17,24,0,0,34,87,0,0,0,0,0,0,0,0,0,0,0,0,0,0,0,0,0,0,0,0,0
912630,14,28,48,0,0,0,19,0,0,0,0,0,0,0,0,0,0,0,0,0,0,0,0,0,0,0,0,0
2782169,14,0,0,0,0,0,55,0,0,0,0,0,0,0,0,0,12,0,0,0,0,0,0,0,0,0,0,0
1389020,14,16,17,0,0,0,34,0,0,0,0,0,0,0,0,0,0,0,0,0,0,0,0,0,0,0,0,0
1285192,14,17,23,0,0,0,30,0,0,0,0,0,17,0,0,0,0,0,0,0,0,0,0,0,0,0,0,0
1708,14,0,0,0,0,30,196,0,0,0,0,0,0,0,0,0,0,0,24,0,0,0,0,0,0,0,0,0
2762331,14,19,33,0,16,14,44,0,0,0,0,43,19,0,0,0,0,0,0,0,0,0,0,0,0,0,0,0
47871,14,0,0,0,0,26,69,0,29,0,0,0,0,0,0,0,0,0,32,0,0,0,0,0,0,0,0,0
2975959,14,0,0,0,12,71,151,0,0,19,0,0,0,0,0,0,33,0,11,0,0,0,47,0,0,0,0,0
2596828,14,0,0,0,0,19,44,0,0,0,0,0,0,0,0,0,0,0,72,20,0,0,0,0,0,12,10,10
2975967,14,0,0,17,14,23,52,0,0,0,0,0,0,0,0,0,0,0,14,0,0,0,0,0,0,0,0,0
706438,14,0,0,0,0,0,36,0,0,0,0,0,0,0,0,0,0,0,30,0,0,0,0,0,0,0,0,0
1803177,14,0,0,0,0,0,11,0,0,0,0,0,51,0,0,0,0,0,0,10,38,0,0,0,0,0,0,0
3240029,14,0,0,0,0,18,65,0,0,0,0,0,0,0,0,0,0,0,11,0,0,0,0,0,0,0,0,0
1219491,14,0,0,21,25,66,133,0,0,0,0,0,0,0,0,0,49,0,15,13,0,0,0,0,0,0,19,17
1884634,14,0,26,0,0,0,0,56,51,12,0,0,0,31,0,0,0,0,0,0,0,0,11,0,16,18,0,14
3236844,14,0,11,16,14,50,249,0,17,11,0,0,12,0,0,0,0,0,40,0,0,0,14,0,0,0,0,0
446660,14,0,0,0,0,0,19,0,0,0,0,0,0,0,0,0,41,0,0,17,0,0,12,0,0,0,0,0
2894156,14,0,0,0,0,0,0,0,0,0,0,0,0,0,0,0,0,0,0,10,0,0,0,0,0,0,0,0
2898438,14,0,0,15,13,25,67,0,0,0,0,0,0,0,0,0,0,0,14,0,0,0,0,0,0,0,0,0
2511069,14,0,0,11,0,40,265,0,18,17,0,11,0,0,0,0,0,0,53,0,0,0,0,0,0,0,0,0
3161974,14,0,0,0,0,77,35,0,50,0,0,0,0,0,0,0,0,0,0,0,0,0,22,0,0,0,0,0
1312741,14,0,0,0,0,0,0,0,0,0,0,0,0,0,0,0,0,0,0,53,0,0,17,0,0,20,11,14
468916,14,0,0,0,0,11,30,0,0,0,0,0,0,0,0,0,27,0,0,0,0,0,0,0,0,0,0,0
508460,14,0,0,0,0,0,15,0,0,0,0,0,0,0,0,0,0,0,0,0,0,0,0,0,0,0,0,0
337243,14,0,0,0,0,0,25,0,0,0,0,0,0,0,0,0,0,0,0,0,0,0,0,0,0,0,0,0
387343,14,10,0,0,0,0,18,0,0,0,0,0,0,0,0,0,0,0,0,11,0,0,0,0,0,0,0,0
54262,14,20,25,0,0,11,0,0,0,0,0,0,14,0,0,0,0,0,0,39,10,0,0,0,0,0,0,0
84156,14,0,0,0,20,0,0,0,0,0,0,0,0,0,0,0,0,0,0,25,0,0,83,0,0,35,0,11
94694,14,0,0,0,0,0,0,0,0,0,0,0,0,0,0,0,0,0,0,0,0,0,14,0,0,0,0,0
3059703,14,0,0,0,0,0,0,0,0,0,0,0,0,0,0,0,0,0,0,0,0,0,0,0,0,0,0,0
2844144,14,0,0,0,0,0,0,0,0,0,0,0,0,0,0,0,0,0,0,0,0,0,0,0,0,0,0,0
3060803,14,0,0,0,0,0,0,0,0,0,0,0,0,0,0,0,0,0,0,0,0,0,0,0,0,0,0,0
3060630,14,0,0,0,0,0,0,0,0,0,0,0,0,0,0,0,0,0,0,0,0,0,0,0,0,0,0,0
880161,14,0,0,0,0,0,0,0,0,0,0,0,0,0,0,0,0,0,0,0,0,0,0,0,0,0,0,0
3052448,14,0,0,0,0,0,0,0,0,0,0,0,0,0,0,0,0,0,0,0,0,0,0,0,0,0,0,0
3052587,14,0,0,0,0,0,0,0,0,0,0,0,0,0,0,0,0,0,0,0,0,0,0,0,0,0,0,0
2083300,14,0,0,0,0,0,0,0,0,0,0,0,27,0,0,0,0,0,0,0,11,0,0,10,0,0,0,0
2866201,13,0,0,0,0,0,0,0,0,0,0,0,0,0,0,0,0,0,0,26,0,0,0,0,0,0,0,0
413503,13,0,0,26,34,35,40,29,39,0,0,0,0,0,0,0,0,0,0,0,0,0,185,0,0,0,0,0
379893,13,0,0,0,0,26,41,0,0,0,0,0,0,0,0,0,0,0,0,0,0,0,0,0,0,0,0,0
86102,13,23,15,15,22,0,29,0,0,0,0,0,0,0,0,0,0,0,0,178,0,0,18,0,0,31,0,0
2563897,13,0,0,0,0,0,26,0,0,0,0,0,0,0,0,0,0,0,0,38,0,0,37,0,0,0,0,0
2678257,13,0,0,0,0,0,22,0,0,0,0,0,0,0,0,0,0,0,0,0,0,0,0,0,0,0,0,0
3048629,13,0,0,0,0,0,33,0,0,0,0,0,0,0,0,0,0,0,0,0,0,0,0,0,0,0,0,0
2654238,13,0,0,0,0,0,0,0,0,0,0,0,0,0,0,0,0,0,0,0,0,0,0,0,0,0,0,0
3127459,13,0,0,0,0,0,0,0,0,0,0,0,0,0,0,0,38,0,0,0,0,0,0,0,0,0,0,0
2867409,13,0,0,0,0,0,0,0,0,0,0,0,0,0,0,0,0,0,0,0,0,0,0,0,0,0,0,0
2745504,13,0,0,0,0,0,12,0,0,0,0,0,0,0,0,0,0,0,13,0,0,0,0,0,0,0,0,0
2745490,13,0,0,0,0,0,25,0,0,0,0,0,0,0,0,0,0,0,0,0,0,0,0,0,0,0,0,0
1608996,13,0,12,0,0,34,48,0,0,0,0,0,0,0,0,0,0,0,13,0,0,0,10,0,0,0,0,0
2745510,13,0,0,0,0,0,0,0,0,0,0,0,0,0,0,0,0,0,0,0,0,12,0,15,0,0,0,0
301,13,22,73,0,33,147,334,0,75,0,0,0,44,0,0,36,110,0,0,197,17,0,0,0,0,59,36,65
3230973,13,18,31,0,0,0,14,0,0,0,0,0,14,0,0,0,12,0,0,0,0,25,37,0,0,0,10,0
232346,13,0,0,0,0,0,19,0,0,0,0,0,0,0,0,0,20,0,0,36,0,0,0,0,0,36,29,23
3421656,13,0,0,0,0,0,45,0,0,0,0,0,0,0,0,0,23,0,20,40,0,0,10,0,0,0,0,0
370777,13,0,0,0,0,47,101,0,16,0,0,0,0,0,0,0,0,0,0,0,0,0,0,0,0,0,0,0
2911539,13,0,0,0,0,22,65,37,47,36,0,0,0,25,13,0,0,0,0,0,0,11,0,0,18,0,0,0
252514,13,0,20,10,0,16,44,0,0,0,0,0,0,0,0,0,34,0,0,43,0,32,14,22,37,29,20,24
631362,13,0,17,0,0,15,84,0,0,0,0,0,0,0,0,0,29,0,0,0,0,0,0,0,0,0,0,0
2963939,13,0,43,0,0,27,56,0,0,0,0,0,0,0,0,0,0,0,0,0,0,0,0,0,0,0,0,0
400946,13,0,0,0,0,0,0,0,0,0,0,0,0,0,0,0,0,0,0,0,0,20,14,0,0,0,0,0
2033016,13,0,17,15,30,26,132,0,0,10,0,15,0,0,0,0,12,0,11,0,0,0,0,0,0,0,0,0
3101265,13,0,0,11,0,19,160,0,14,11,0,0,0,0,0,0,0,0,0,19,0,0,14,0,0,0,0,0
3386552,13,0,0,0,0,15,49,0,0,0,0,0,0,0,0,27,69,0,33,0,0,0,0,0,0,0,0,0
2736875,13,0,0,0,0,26,56,0,0,0,0,0,0,0,0,12,45,0,33,17,0,0,15,0,0,0,0,0
475937,13,0,0,0,0,59,172,0,16,0,0,0,0,0,0,11,53,0,14,22,0,0,0,0,0,13,10,13
1333996,13,0,0,0,0,31,89,13,11,11,0,0,0,0,0,0,19,0,16,0,0,0,0,0,0,0,0,0
2603277,13,15,35,0,0,47,67,0,0,0,0,0,11,0,0,0,0,0,0,0,19,0,0,0,0,0,0,0
2867516,13,0,0,0,0,0,20,0,0,0,0,0,0,0,0,0,36,0,0,0,0,0,18,0,0,0,0,0
3133975,13,0,16,0,0,34,61,0,11,0,0,0,0,0,0,0,0,0,26,0,0,0,0,0,0,0,0,0
155194,13,0,0,0,0,0,0,0,0,0,0,0,0,0,0,0,0,0,0,36,0,0,0,0,0,0,0,0
2589967,13,0,18,0,0,30,50,0,0,0,0,0,0,0,0,0,23,0,14,15,0,0,0,0,0,11,0,0
2498452,13,0,0,0,0,46,59,0,0,0,0,0,0,0,0,0,0,0,0,0,0,0,0,0,0,0,0,0
2650926,13,0,0,0,0,33,112,0,0,0,0,0,0,0,0,0,0,0,0,14,0,0,0,0,0,11,0,0
2942996,13,0,0,0,0,37,60,0,0,0,0,0,0,0,0,0,0,0,10,0,0,0,0,0,0,0,0,0
1921510,13,0,0,0,0,60,139,0,0,0,0,0,0,0,0,0,0,0,0,0,0,0,45,0,0,0,0,0
1982042,13,0,11,0,0,13,55,0,0,0,0,0,11,0,0,0,12,0,0,0,0,0,0,0,0,0,0,0
450378,13,0,0,11,0,32,121,0,23,0,0,0,0,0,0,0,14,0,18,31,0,0,0,0,0,0,0,0
1348774,13,0,0,24,20,52,92,0,0,0,0,0,0,0,0,0,0,0,0,0,0,0,232,0,0,0,0,0
2872646,13,0,0,0,12,15,65,0,0,0,0,0,0,0,0,0,0,0,0,15,0,0,0,0,0,0,0,0
1908224,13,0,18,0,0,70,180,0,17,0,0,0,0,0,0,0,47,0,31,18,0,0,0,0,0,14,0,0
74031,13,13,40,0,0,48,259,0,32,0,0,0,0,0,0,0,0,0,23,0,0,0,0,0,0,0,0,0
1844006,13,0,30,0,0,0,206,0,24,0,0,0,0,0,0,0,0,0,24,28,0,50,27,0,38,17,0,0
77125,13,0,31,0,0,0,0,0,0,0,0,0,0,0,0,0,0,0,0,0,0,0,36,0,0,0,0,0
1932662,13,0,24,0,0,0,14,0,0,0,0,0,0,0,0,0,0,0,23,0,13,0,0,0,0,0,0,0
2768162,13,0,21,0,0,67,101,0,0,13,0,0,0,0,0,0,19,0,0,0,0,0,13,0,0,0,0,0
3095608,13,0,0,0,0,0,32,0,0,0,0,0,0,0,0,0,16,0,0,0,0,0,0,0,0,0,0,0
2582913,13,0,11,0,0,62,60,0,12,0,0,0,0,0,0,0,10,0,0,0,0,14,13,14,16,0,0,0
3158173,13,0,0,0,0,22,39,0,0,0,0,0,0,0,0,0,0,0,0,0,0,0,0,0,0,0,0,0
3032282,13,0,0,21,29,34,65,0,0,0,0,0,0,0,0,0,0,0,0,120,0,0,21,0,0,0,0,0
656179,13,0,0,0,0,14,51,0,0,0,0,0,0,0,0,0,0,0,0,18,0,0,14,0,0,13,0,0
3243004,13,0,0,0,0,0,13,0,0,0,0,0,0,0,0,0,0,0,0,32,0,0,128,0,0,0,0,0
2842456,13,0,0,0,31,14,38,0,0,0,0,0,0,0,0,0,0,0,0,21,0,0,20,0,0,11,0,17
3149231,13,0,0,0,0,16,43,0,0,13,0,0,0,0,0,0,0,0,15,0,0,0,13,0,0,0,0,0
3081231,13,0,0,0,0,0,71,0,0,0,0,0,0,0,0,0,0,0,12,0,0,0,0,0,0,0,0,0
864828,13,0,0,0,0,35,90,0,14,0,0,0,0,0,0,0,0,0,0,29,0,12,0,0,12,25,0,0
392593,13,0,0,0,0,20,52,0,0,0,0,0,0,0,0,0,0,0,0,0,0,0,0,0,0,0,0,0
1815583,13,10,24,0,0,0,0,0,0,0,0,0,0,0,0,0,0,0,0,0,0,0,0,0,0,0,0,0
2778876,13,0,0,0,0,0,0,24,24,0,0,0,0,11,0,0,0,0,0,17,0,0,0,0,0,0,0,10
155925,13,0,0,0,0,0,16,0,0,0,0,0,0,0,0,0,0,0,0,0,0,0,0,0,0,0,0,0
2016596,13,0,0,0,0,33,115,0,0,0,0,0,0,0,0,0,0,0,0,0,0,0,0,0,0,0,0,0
1411621,13,0,0,0,0,23,45,0,0,0,0,0,0,0,0,0,0,0,18,11,0,0,0,0,0,16,14,0
173480,13,0,0,0,0,17,48,0,0,0,0,0,0,0,0,0,108,0,0,0,0,0,16,0,0,0,0,0
2732249,13,0,0,0,0,20,72,0,0,0,0,0,0,0,0,0,0,0,0,0,0,0,0,0,0,0,0,0
3237298,13,0,0,0,0,0,0,0,0,0,0,0,0,0,0,0,0,0,0,0,0,15,0,0,0,0,0,0
2993563,13,0,16,0,0,0,0,0,0,0,0,0,0,0,0,0,0,0,0,15,0,0,11,0,16,0,0,0
3448126,13,0,0,0,0,0,49,0,10,0,0,0,0,0,0,0,53,0,10,18,0,0,0,0,0,10,0,0
2528008,13,0,0,29,23,58,444,0,24,24,0,13,0,0,0,0,10,0,48,17,0,0,28,0,0,0,0,0
3034021,13,0,0,0,0,10,64,0,0,0,0,0,0,0,0,133,1994,0,0,0,0,0,30,0,0,0,0,0
1796921,13,0,0,0,0,36,68,0,0,0,0,0,0,0,0,0,0,0,0,15,0,0,20,0,0,0,0,0
58231,13,0,0,0,11,0,0,0,0,0,0,0,31,0,0,0,37,0,0,24,21,0,0,0,0,14,0,0
29510,13,0,0,0,0,0,11,0,0,0,0,0,0,0,0,0,0,0,0,32,0,0,28,0,0,14,15,20
3385991,13,0,0,0,0,17,27,25,42,16,0,0,0,0,0,0,35,0,0,38,0,0,40,0,0,0,0,0
2921375,13,0,0,0,11,0,19,0,0,0,0,0,0,0,0,0,0,0,0,16,0,0,44,0,0,35,22,0
1963025,13,0,0,0,0,0,16,0,0,0,0,0,0,0,0,0,186,0,36,0,0,0,0,0,0,0,0,0
2866627,13,0,0,0,0,0,24,0,0,0,0,0,0,0,0,0,0,0,10,0,0,0,0,0,0,0,0,0
2559928,13,0,0,0,0,0,0,0,16,0,0,0,0,0,0,32,71,0,0,43,0,0,0,0,0,0,0,0
1310,13,0,12,0,0,0,0,10,17,0,0,0,0,0,0,0,0,0,0,0,12,15,20,0,0,0,0,0
2419773,13,34,77,0,14,13,13,0,0,0,0,26,73,0,0,0,0,0,0,10,29,0,23,0,0,0,0,0
1151742,13,0,0,39,56,71,22,0,14,0,0,0,0,0,0,0,10,0,51,26,0,20,46,0,15,0,0,0
2991418,13,0,0,0,10,0,0,0,0,0,0,0,0,0,0,0,27,0,0,38,0,0,26,0,0,34,12,10
3059030,13,0,0,0,0,0,19,0,0,0,0,0,0,0,0,0,0,0,0,0,0,0,0,0,0,0,0,0
1702221,13,0,0,0,0,0,0,0,0,0,0,0,0,0,0,0,72,0,0,20,0,0,0,0,0,0,12,0
2754044,13,21,21,0,0,0,0,0,0,0,0,0,19,0,0,0,10,0,0,0,15,0,0,0,0,0,0,0
2975917,13,0,0,0,0,0,60,0,0,0,0,0,0,0,0,0,0,0,0,0,0,0,16,0,0,0,0,0
2903686,13,0,0,0,0,35,71,0,0,0,0,0,0,0,0,0,29,0,11,0,0,0,26,0,0,0,0,0
3062779,13,0,0,0,0,25,69,0,0,0,0,0,0,0,0,0,0,0,0,13,0,0,23,0,0,0,0,0
1841249,13,0,0,39,33,57,127,0,0,0,0,0,0,0,0,0,25,0,0,14,0,0,18,0,0,0,0,0
2903808,13,0,0,0,0,38,77,0,0,0,0,0,0,0,0,0,11,0,16,0,0,0,0,0,0,0,0,0
2684468,13,0,0,0,0,56,105,0,0,0,0,0,0,0,0,0,0,0,0,20,0,0,0,0,0,0,0,0
2903700,13,0,30,0,0,18,68,0,0,0,0,28,0,0,0,0,0,0,0,0,0,0,0,0,0,0,0,0
2903675,13,0,0,0,0,0,25,0,0,0,0,0,0,0,0,0,0,0,0,0,0,0,0,0,0,0,0,0
2975669,13,0,0,0,0,40,55,0,0,0,0,0,0,0,0,0,0,0,0,0,0,0,0,0,0,0,0,0
1912,13,0,0,433,478,662,699,0,0,0,0,0,0,0,0,0,0,0,37,0,0,0,1289,0,0,0,0,0
2548456,13,0,0,0,0,21,57,0,0,0,0,0,0,0,0,0,0,0,13,0,0,0,18,0,0,0,0,0
2975991,13,0,0,0,0,17,48,0,0,0,0,0,0,0,0,0,0,0,25,0,0,0,0,0,0,0,0,0
2903591,13,0,0,0,16,26,53,0,0,0,0,0,0,0,0,0,119,0,12,20,0,0,10,0,0,16,21,0
2975996,13,0,0,0,0,22,26,0,0,0,0,0,0,0,0,0,20,0,0,0,0,0,0,0,0,0,0,0
3064529,13,0,0,0,12,25,49,0,0,0,0,0,0,0,0,0,0,0,0,0,0,0,0,0,0,0,0,0
1828,13,21,20,27,19,46,153,0,0,0,0,0,0,0,0,35,132,0,62,38,0,0,24,0,0,0,29,0
2055947,13,0,0,0,0,0,0,0,0,0,0,0,0,0,0,0,0,0,0,10,0,0,11,0,0,0,0,0
1862358,13,0,0,0,0,0,0,0,0,0,0,0,0,0,0,0,0,0,0,0,0,0,10,0,0,0,0,0
161879,13,0,0,0,0,30,418,0,0,0,0,0,0,0,0,0,0,0,0,28,0,0,20,0,0,16,0,20
43769,13,0,0,0,0,0,28,0,0,0,0,0,0,0,0,0,0,0,0,32,0,0,12,0,0,0,0,0
1799,13,0,0,16,13,20,80,0,0,0,0,0,0,0,0,0,19,0,0,0,0,0,10,0,0,0,0,0
2975989,13,0,0,0,0,0,36,0,0,0,0,0,0,0,0,0,0,0,24,0,0,0,0,0,0,0,0,0
141349,13,0,0,0,0,0,28,0,0,0,0,0,0,0,0,0,0,0,19,0,0,0,0,0,0,0,0,0
1769,13,0,0,0,12,0,0,0,0,0,0,0,0,0,0,0,0,0,0,0,0,0,0,0,0,0,0,0
2094119,13,0,0,0,0,0,29,0,0,0,0,0,0,0,0,0,0,0,0,0,0,0,0,0,0,0,0,0
2665643,13,0,0,0,0,18,46,25,0,0,0,0,0,0,0,0,0,0,0,0,0,0,0,0,0,0,0,0
3025663,13,0,0,0,0,0,24,0,0,0,0,0,0,0,0,0,0,0,0,0,0,0,35,0,0,0,0,0
2782167,13,0,33,0,0,34,230,0,86,0,0,0,0,0,0,68,248,0,0,0,0,0,0,0,0,0,0,0
2769067,13,0,0,0,0,0,0,0,0,0,0,0,0,0,0,0,0,0,0,0,0,0,0,0,0,0,0,0
2596912,13,0,0,0,0,0,27,0,0,0,0,0,0,0,0,0,0,0,0,13,0,0,0,0,0,0,0,0
592378,13,0,0,0,0,17,26,0,0,0,0,0,0,0,0,0,0,0,0,0,0,0,0,0,0,0,12,0
2663847,13,0,0,0,0,0,65,0,0,0,0,0,0,0,0,0,0,0,0,0,0,0,0,0,0,0,0,0
2904790,13,0,0,0,0,32,62,0,28,0,0,0,0,0,0,0,0,0,17,0,0,0,0,0,0,0,0,0
472569,13,0,0,0,0,0,0,0,0,0,0,0,0,0,0,0,0,0,0,18,0,0,0,0,0,0,0,0
3404127,13,0,0,0,0,23,37,0,0,0,0,0,0,0,0,0,0,0,0,0,0,0,0,0,0,0,0,0
2763008,13,0,0,0,0,17,75,0,0,0,0,0,0,0,0,18,45,0,0,0,0,0,0,0,0,0,0,0
29405,13,15,21,22,39,27,52,0,0,0,0,0,0,0,0,0,0,0,0,27,0,0,14,0,0,0,0,15
1544730,13,0,0,0,0,37,57,0,0,0,0,0,0,0,0,0,31,0,0,0,0,0,11,0,0,0,0,0
2496867,13,0,0,0,0,16,18,0,0,0,0,0,0,0,0,0,0,0,0,0,0,0,0,0,0,0,0,0
178339,13,0,0,0,0,0,46,0,0,0,0,0,0,0,0,0,0,0,0,0,0,0,0,0,0,0,0,0
2975952,13,0,0,0,0,18,114,0,0,0,0,0,0,0,0,0,40,0,46,0,0,0,0,0,0,0,0,0
46165,13,0,0,0,0,24,156,0,0,0,0,0,0,0,0,0,13,0,0,0,0,0,0,0,0,0,0,0
3415676,13,0,0,0,0,28,69,0,0,0,0,0,0,0,0,0,0,0,14,0,0,0,0,0,0,0,0,0
2707299,13,0,0,0,0,26,37,0,0,0,0,0,0,0,0,0,0,0,0,0,0,0,0,0,0,0,0,0
3082534,13,93,125,0,0,0,0,0,0,0,0,0,0,0,0,71,0,0,0,0,0,0,97,0,0,0,0,0
35768,13,0,0,0,0,0,0,0,0,0,0,0,0,0,0,0,0,0,0,16,0,0,0,0,0,10,18,0
2849039,13,0,0,0,0,0,14,0,0,0,0,0,0,0,0,0,0,0,0,0,0,0,34,0,0,0,0,0
3032281,13,0,0,0,0,0,28,0,0,0,0,0,0,0,0,0,0,0,0,0,0,0,0,0,0,0,0,0
370324,13,0,0,16,0,0,14,0,0,0,0,0,0,0,0,0,36,0,0,0,0,0,0,0,0,0,0,0
387341,13,0,0,0,0,0,13,0,0,0,0,0,0,0,0,0,0,0,0,0,0,0,0,0,0,0,0,0
2953749,13,0,0,0,0,28,60,0,0,0,0,0,0,0,0,0,0,0,0,0,0,0,13,0,0,0,0,0
1903276,13,0,0,0,0,0,0,0,0,0,0,0,0,0,0,0,178,0,0,55,0,0,0,0,0,14,11,0
1985716,13,0,0,0,0,0,0,0,0,0,0,0,0,0,0,0,0,0,0,0,0,0,0,0,0,0,0,0
55510,13,0,0,0,0,0,0,11,11,0,0,0,0,0,0,0,0,0,0,0,0,0,0,0,0,0,0,0
2846183,13,0,0,0,0,0,0,0,0,0,0,0,0,0,0,0,0,0,0,0,0,0,0,0,0,0,0,0
2845410,13,0,0,0,0,0,0,0,0,0,0,0,0,0,0,0,0,0,0,0,0,0,0,0,0,0,0,0
3052596,13,0,0,0,0,0,0,0,0,0,0,0,0,0,0,0,0,0,0,0,0,0,0,0,0,0,0,0
1027468,13,0,0,0,0,0,0,0,0,0,0,0,0,0,0,0,0,0,0,0,0,0,0,0,0,0,0,0
1965238,13,0,0,0,0,0,0,0,0,0,0,0,0,0,0,0,0,0,0,0,0,0,0,0,0,0,0,0
3418653,13,0,0,0,0,0,0,0,0,0,0,0,0,0,0,0,0,0,0,0,0,0,0,0,0,0,0,0
3047831,13,0,0,0,0,0,0,0,0,0,0,0,0,0,0,0,0,0,0,0,0,0,0,0,0,0,0,0
3052207,13,0,0,0,0,0,0,0,0,0,0,0,0,0,0,0,0,0,0,0,0,0,0,0,0,0,0,0
671990,12,0,0,0,0,0,0,0,0,0,0,0,13,0,0,0,0,0,0,0,0,0,17,0,0,0,0,0
3029055,12,0,0,0,0,0,72,0,10,14,0,0,0,0,0,0,0,0,0,0,0,0,18,0,0,0,0,0
2590015,12,0,34,0,0,18,13,0,0,0,0,0,0,0,0,0,82,0,0,0,0,0,0,0,25,0,12,0
3100175,12,0,77,0,0,0,21,0,13,0,0,0,0,0,0,0,0,0,0,0,0,19,0,0,0,0,16,30
1603038,12,0,0,0,0,0,0,0,0,0,0,0,0,0,0,0,0,0,0,0,0,0,0,0,0,0,0,0
2604941,12,0,0,16,22,0,49,0,0,0,0,0,0,0,0,0,0,0,0,0,0,11,10,0,10,0,0,0
2049589,12,0,0,14,14,0,36,0,0,0,0,0,0,0,0,0,0,0,0,0,0,0,15,0,0,0,0,0
2850559,12,0,0,0,0,0,0,0,0,0,0,0,0,0,0,0,0,0,0,11,0,0,0,0,0,0,0,0
3048607,12,0,0,0,0,14,52,0,0,0,0,0,0,0,0,0,0,0,0,0,0,0,11,0,0,0,0,0
2954084,12,0,0,0,0,47,0,0,0,0,0,0,0,0,0,0,0,0,0,0,0,0,18,0,0,0,0,0
1611770,12,0,0,0,0,0,43,0,0,0,0,0,0,0,0,0,0,0,0,0,0,0,0,0,0,0,0,0
2871493,12,0,0,0,0,0,0,0,0,0,0,0,0,0,0,0,0,0,0,0,0,0,0,0,0,0,0,0
2830842,12,0,16,0,0,0,52,0,0,0,0,0,0,0,0,0,0,0,0,21,0,0,0,0,0,19,17,0
2749040,12,0,0,0,0,0,21,0,0,0,0,0,0,0,0,0,68,0,0,20,0,0,0,0,0,21,13,12
261936,12,0,0,0,0,0,33,0,0,0,0,0,0,0,0,0,0,0,0,18,0,0,0,0,0,0,0,0
2742796,12,0,0,0,0,0,42,0,0,0,0,0,0,0,0,0,0,0,0,17,0,0,25,0,0,0,0,0
285091,12,0,15,14,17,25,86,0,0,0,0,0,0,0,0,0,11,0,0,0,0,0,0,0,0,0,0,0
2799326,12,0,0,0,0,13,62,0,0,0,0,0,0,0,0,0,0,0,0,0,0,0,111,0,0,0,0,0
2487929,12,0,0,0,0,0,0,0,13,0,0,0,0,0,0,0,0,0,0,0,0,0,14,0,0,0,0,0
3153928,12,0,11,0,0,20,65,0,0,0,0,0,0,0,0,0,0,0,0,0,0,0,10,0,0,0,0,0
2211106,12,0,0,0,0,0,21,0,0,0,0,0,0,0,0,0,0,0,0,0,0,0,12,0,0,0,0,0
473531,12,0,0,0,0,19,32,0,0,0,0,0,0,0,0,0,32,0,0,18,0,10,22,0,0,0,0,0
2681310,12,0,0,0,0,19,50,0,0,0,0,0,0,0,0,0,0,0,0,17,0,0,0,0,0,0,0,0
438856,12,49,54,0,0,0,76,0,0,0,19,20,0,0,0,0,12,0,0,0,16,0,0,0,0,0,0,0
2976822,12,0,0,24,16,39,69,0,0,0,0,0,0,0,0,21,64,0,48,0,0,0,18,0,0,0,0,0
993502,12,0,0,0,0,26,51,0,0,0,0,0,34,0,0,0,27,0,23,27,0,0,0,0,0,0,0,0
2811423,12,0,0,0,0,27,95,0,0,0,0,0,0,0,0,0,0,0,0,0,0,0,0,0,0,0,0,0
2654249,12,0,0,0,0,27,55,0,12,15,0,0,0,0,0,0,0,0,12,14,0,0,17,0,0,0,0,0
925818,12,0,0,0,0,0,45,0,0,0,0,0,0,0,0,0,20,0,0,0,0,0,0,0,0,0,0,0
1458461,12,0,15,0,0,552,75,0,0,0,0,0,0,0,0,0,20,0,0,0,0,0,0,0,0,0,0,0
2570229,12,0,16,0,0,76,108,0,0,0,0,0,0,0,0,0,0,0,17,0,11,0,0,0,0,0,0,0
1327635,12,0,22,0,10,34,99,0,10,0,0,0,0,0,0,0,0,0,0,0,0,0,0,0,0,0,0,0
48935,12,0,27,0,0,52,136,0,0,0,0,0,0,0,0,0,0,0,0,0,0,0,0,0,0,0,0,0
3023518,12,0,18,0,0,0,35,0,20,0,0,0,0,0,0,0,0,0,0,0,0,0,0,0,0,0,0,0
1703340,12,0,0,0,0,50,46,0,0,0,0,0,0,0,0,0,0,0,0,0,0,0,0,0,0,0,0,0
1914525,12,0,0,0,0,35,60,0,0,0,0,0,0,0,0,0,0,0,0,0,0,0,0,0,0,0,0,0
2565556,12,0,0,0,0,12,66,0,0,0,0,0,0,0,0,0,0,0,0,0,0,0,0,0,0,0,0,0
1229164,12,0,0,0,0,10,36,0,0,0,0,0,0,0,0,0,0,0,0,0,0,0,0,0,0,0,0,0
3092148,12,0,39,16,12,56,478,0,37,11,0,0,0,0,0,0,0,0,12,17,0,0,0,0,0,0,0,0
74033,12,0,41,10,10,83,267,0,43,0,0,0,0,0,0,0,0,0,412,14,0,0,0,0,0,0,0,0
949,12,22,25,0,0,0,0,0,0,0,0,0,0,0,0,0,130,0,0,0,0,0,0,0,0,0,0,0
41899,12,0,23,0,25,21,68,0,25,0,0,0,73,0,0,0,0,0,14,0,0,0,11,0,0,0,0,0
2576932,12,0,0,0,0,0,14,0,0,0,0,0,0,0,0,0,0,0,0,0,0,0,0,0,0,0,0,0
93218,12,0,0,0,0,18,60,0,0,0,0,0,20,0,0,0,0,0,0,29,11,0,19,0,0,15,15,0
190721,12,0,0,0,0,0,79,0,0,0,0,0,0,0,0,0,22,0,0,0,0,0,21,0,0,0,0,0
1795631,12,0,0,0,0,37,67,0,0,0,0,0,0,0,0,0,0,0,0,0,0,0,0,0,0,0,0,0
1763535,12,0,0,0,0,19,51,0,0,0,0,0,0,0,0,13,0,0,0,19,0,0,15,0,0,10,0,0
871742,12,0,23,0,16,28,102,0,0,0,0,0,0,0,0,0,13,0,13,20,0,0,0,0,0,0,0,0
3095609,12,15,22,0,0,25,23,0,0,0,0,17,0,0,0,0,0,0,0,0,0,0,0,0,0,0,0,0
521,12,0,0,0,0,16,38,0,0,0,0,0,0,0,0,14,70,0,0,15,0,0,0,0,0,0,0,0
3139409,12,0,0,0,16,0,14,0,0,0,0,0,0,0,0,0,0,0,0,0,0,0,14,0,0,0,0,0
413882,12,0,17,0,0,52,91,16,17,13,0,0,0,0,0,0,12,0,13,0,0,0,0,0,0,0,29,0
2584944,12,0,0,0,10,0,0,0,0,0,0,0,0,0,0,0,0,0,0,16,0,12,11,0,0,0,0,0
2691580,12,0,0,0,0,11,0,0,0,0,0,0,0,0,0,0,18,0,0,0,0,0,0,0,0,0,0,0
2992244,12,0,0,0,0,0,0,0,0,0,0,0,0,0,0,0,0,0,0,0,0,17,0,0,0,0,0,0
870903,12,16,17,0,10,0,29,0,0,0,0,0,0,0,0,0,0,0,0,38,0,0,0,0,0,11,0,0
340145,12,0,17,0,0,0,15,14,20,0,0,0,0,0,0,0,0,0,0,0,0,0,28,0,0,0,0,0
2983232,12,0,0,28,55,0,0,0,0,0,0,0,0,0,0,0,0,0,0,0,0,0,31,0,0,0,0,0
2983208,12,0,0,0,0,0,0,0,0,0,0,0,0,0,0,0,75,0,0,0,0,0,0,0,0,0,34,0
2203724,12,0,10,0,0,0,0,16,22,0,0,0,0,0,0,0,27,0,0,13,0,0,21,0,0,0,0,0
3381348,12,0,0,0,0,0,0,0,0,0,0,0,0,0,0,0,17,0,0,0,0,0,0,0,0,0,0,0
2903790,12,0,0,0,0,0,56,0,0,0,0,0,0,0,0,0,0,0,15,23,0,0,11,0,0,0,0,0
2975735,12,0,0,37,33,0,41,0,0,0,0,0,0,0,0,0,0,0,0,0,0,0,22,0,0,0,0,0
3240046,12,0,0,0,0,29,111,0,0,0,0,0,0,0,0,17,50,0,0,60,0,0,12,0,0,0,0,0
2903798,12,0,0,0,0,0,70,0,0,0,0,0,0,0,0,0,0,0,0,0,0,0,0,0,0,0,0,0
2975710,12,16,0,0,0,20,50,0,0,0,0,0,0,0,0,0,0,0,0,0,43,0,14,0,0,0,0,0
2676871,12,25,45,0,0,33,51,0,0,0,0,29,23,0,0,0,0,0,0,0,16,0,0,0,0,0,0,0
2903702,12,0,0,0,0,0,35,0,0,0,0,0,0,0,0,0,0,0,0,0,0,0,25,0,0,0,0,0
2903704,12,0,0,0,0,35,75,0,0,0,0,0,0,0,0,0,0,0,0,0,0,0,31,0,0,0,0,0
28894,12,0,0,0,0,0,62,0,0,0,0,0,0,0,0,0,0,0,14,19,0,0,0,0,0,0,0,0
3033811,12,0,0,0,0,20,50,0,0,0,0,0,0,0,0,0,0,0,0,12,0,0,0,0,0,0,0,0
42881,12,0,0,0,0,0,48,0,0,25,0,0,0,0,0,0,0,0,0,0,0,0,0,0,0,0,15,0
1469144,12,0,0,0,0,26,69,0,0,0,0,0,0,0,0,0,0,0,0,0,0,0,0,0,0,0,0,0
223392,12,0,0,0,0,0,35,0,0,0,0,0,0,0,0,0,0,0,0,0,0,0,0,0,0,0,0,0
203263,12,0,0,0,0,0,0,0,0,0,0,0,0,0,0,0,0,0,19,0,0,0,0,0,0,0,0,0
46351,12,0,0,0,0,30,55,0,0,0,0,0,0,0,0,0,0,0,0,0,0,0,0,0,0,0,0,0
1810,12,0,0,0,0,11,40,0,0,0,0,0,0,0,0,0,0,0,18,0,0,0,0,0,0,0,0,0
3140649,12,15,16,0,0,0,45,0,0,0,0,0,0,0,0,0,0,0,0,0,12,0,0,0,0,0,0,0
3049070,12,0,0,0,11,0,35,0,0,0,0,0,0,0,0,0,0,0,0,18,0,0,0,0,0,0,0,0
3234200,12,0,0,0,0,0,55,0,0,0,0,0,0,0,0,0,0,0,0,18,0,0,0,0,0,0,0,0
3138237,12,0,0,0,0,0,10,0,0,0,0,0,0,0,0,0,0,0,0,0,0,0,0,0,0,0,0,0
2651199,12,0,0,0,0,0,17,0,0,0,0,0,0,0,0,0,0,0,0,0,0,0,0,0,0,0,0,0
3023076,12,0,0,0,12,0,0,0,0,0,0,0,0,0,0,0,0,0,0,0,0,0,0,0,0,0,0,0
3149179,12,0,0,0,0,13,60,0,0,0,0,0,0,0,0,0,0,0,0,0,0,0,10,0,0,0,0,0
2908651,12,0,0,0,0,0,22,0,0,0,0,0,0,0,0,0,0,0,0,0,0,0,0,0,0,0,0,0
3421643,12,0,0,0,0,40,52,0,0,0,0,0,0,0,0,0,0,0,0,100,0,0,0,0,0,0,0,0
3453405,12,0,0,0,0,19,73,0,0,0,0,0,0,0,0,0,13,0,20,0,0,0,0,0,0,0,0,0
3043848,12,0,19,24,25,32,80,0,0,0,0,0,0,0,0,0,0,0,0,0,0,0,33,0,0,0,0,0
2074,12,0,18,18,0,49,162,0,0,0,0,0,0,0,0,0,0,0,20,0,0,0,0,0,0,0,0,0
29401,12,0,16,15,22,45,138,0,0,0,0,0,0,0,0,0,0,0,22,0,0,0,0,0,0,0,0,0
43357,12,0,0,0,0,37,120,0,0,0,0,0,0,0,0,0,0,0,15,53,0,0,12,0,0,0,0,0
2750812,12,0,0,0,0,36,107,0,16,0,13,0,0,0,0,0,0,0,11,24,0,0,18,0,0,0,0,0
2805427,12,0,0,0,0,0,0,0,0,0,0,0,0,0,0,0,0,0,0,0,0,0,0,0,0,0,0,0
163604,12,0,46,12,18,16,63,0,0,0,0,0,0,0,0,0,0,0,0,10,0,0,11,0,0,0,0,0
2957203,12,0,0,29,18,59,320,0,20,20,0,15,11,0,0,12,12,0,62,22,0,0,0,0,0,18,0,0
1870985,12,0,0,0,0,0,26,0,0,0,0,0,0,0,0,0,0,0,0,0,0,0,0,0,0,0,0,0
3066278,12,0,0,0,16,0,0,0,0,0,0,0,0,0,0,0,0,0,0,12,0,0,0,0,0,0,0,0
2176,12,0,14,0,0,0,0,0,0,0,0,0,0,0,0,0,40,0,0,0,25,0,29,0,0,0,0,0
2201,12,0,0,0,0,0,12,0,0,0,0,0,0,0,0,0,0,0,0,0,0,0,22,0,0,0,0,0
3031916,12,0,0,0,0,0,18,0,0,0,0,0,0,0,0,0,0,0,0,0,0,0,0,0,0,0,0,0
2871694,12,0,0,0,0,0,16,0,0,0,0,0,0,0,0,0,0,0,0,51,0,0,0,0,0,0,0,0
1429914,12,0,0,0,0,0,26,0,0,0,0,0,0,0,0,0,0,0,0,42,0,0,0,0,0,16,0,0
2814576,12,0,0,15,21,12,0,0,0,0,0,0,0,0,0,0,0,0,0,0,0,0,12,0,0,0,0,0
3033386,12,0,0,0,0,0,20,0,0,0,0,0,0,0,0,0,0,0,0,0,0,0,0,0,0,0,11,0
2902624,12,0,0,0,0,0,39,17,0,0,0,0,0,0,0,0,24,0,0,0,0,0,0,0,0,17,0,0
342948,12,0,12,0,0,0,0,0,0,0,0,0,26,0,0,0,72,0,0,23,0,0,0,0,0,0,17,11
1365176,12,11,11,0,12,20,15,0,0,0,11,0,0,0,0,0,15,0,0,41,0,0,14,0,0,16,0,14
2560423,12,0,0,0,0,0,0,0,0,0,0,0,0,0,0,0,0,0,0,0,0,0,0,0,0,0,0,0
3060027,12,0,0,0,0,0,0,0,0,0,0,0,0,0,0,0,0,0,0,0,0,0,0,0,0,0,0,0
3048333,12,0,0,0,0,0,0,0,0,0,0,0,0,0,0,0,0,0,0,0,0,0,0,0,0,0,0,0
1663209,12,15,12,0,0,0,0,0,0,0,0,0,0,0,0,0,0,0,0,0,0,0,0,0,0,0,0,0
3432138,12,0,0,0,0,0,0,0,0,0,0,0,0,0,0,0,0,0,0,0,0,0,0,0,0,0,0,0
3250174,12,0,0,0,0,0,0,0,0,0,0,0,0,0,0,0,0,0,0,0,0,0,0,0,0,0,0,0
219584,12,0,0,0,0,0,0,0,0,0,0,0,0,0,0,0,0,0,0,0,0,0,0,0,0,0,0,0
3059962,12,0,0,0,0,0,0,0,0,0,0,0,0,0,0,0,0,0,0,0,11,0,0,0,0,0,0,0
1503293,12,0,0,0,0,0,0,0,0,0,0,0,0,0,0,0,0,0,0,0,0,0,0,0,0,0,0,0
2955292,12,0,0,0,0,0,0,0,0,0,0,0,0,0,0,0,0,0,0,13,0,0,0,0,0,0,0,0
2843810,12,0,0,0,0,0,0,0,0,0,0,0,0,0,0,0,0,0,0,0,0,0,0,0,0,0,0,0
1746064,12,0,0,0,0,0,0,0,0,0,0,0,0,0,0,0,0,0,0,0,0,0,0,0,0,0,0,0
3048353,12,10,10,0,0,0,0,0,0,0,0,0,18,0,0,0,0,0,0,0,0,0,0,0,0,0,0,0
3052209,12,10,19,0,0,0,0,0,0,0,0,0,0,0,0,0,0,0,0,10,0,0,0,0,0,0,0,0
346881,12,0,0,0,0,0,0,0,0,0,0,0,0,0,0,0,0,0,0,0,0,0,0,0,0,0,0,0
67825,11,0,0,0,0,0,0,13,0,0,0,0,0,0,0,12,0,0,0,0,0,0,0,0,0,0,0,0
634121,11,0,0,0,0,0,0,0,0,0,0,0,0,0,0,0,0,0,0,15,0,0,0,0,0,0,0,0
69223,11,0,17,0,0,12,22,0,0,0,0,0,0,0,0,0,0,0,0,29,0,0,15,0,0,12,0,0
3131926,11,0,0,0,0,0,25,0,0,0,0,0,0,0,0,0,28,0,0,0,0,0,0,0,0,0,0,0
1309795,11,0,0,21,26,36,25,0,0,0,0,0,0,0,0,27,102,0,0,44,0,27,30,0,0,0,0,0
2077090,11,19,57,16,13,0,33,0,0,0,0,0,0,0,0,0,0,0,0,26,0,27,19,0,31,25,15,17
2954092,11,0,0,0,13,13,18,0,0,0,0,0,0,0,0,0,0,0,0,0,0,0,0,0,0,0,0,0
3399680,11,0,0,0,0,0,0,0,0,0,0,0,0,0,0,0,0,0,0,0,0,0,0,0,0,0,0,0
3398357,11,22,0,16,24,0,0,0,0,0,0,0,0,0,0,0,0,0,0,0,0,0,0,0,0,0,0,0
1605838,11,0,0,18,26,17,42,0,0,0,0,0,0,0,0,0,0,0,0,0,0,0,0,0,0,0,11,0
1392877,11,0,0,0,0,37,88,0,0,0,0,0,0,0,0,0,0,0,0,0,0,0,46,0,0,0,0,0
2961893,11,0,0,0,0,27,121,0,0,0,0,0,0,0,0,0,35,0,0,0,0,0,0,0,0,0,0,0
1198456,11,0,0,0,0,39,57,0,0,0,0,0,0,0,0,0,43,0,0,0,0,0,0,0,0,0,0,0
2982692,11,0,0,0,14,41,95,0,53,0,0,0,0,0,0,0,0,0,56,0,0,0,0,0,0,0,0,0
141389,11,0,0,0,0,0,58,0,0,0,0,0,0,0,0,0,0,0,0,0,0,0,0,0,0,0,0,0
3141461,11,0,0,0,0,11,54,0,0,0,0,0,0,0,0,0,0,0,0,0,0,0,11,0,0,0,0,0
3235088,11,0,13,0,0,0,0,13,17,0,0,0,15,0,0,0,0,0,0,21,14,0,16,0,0,0,0,0
2912242,11,13,26,0,0,0,18,0,0,0,0,0,0,0,0,0,0,0,0,0,0,0,0,0,0,0,0,0
2904252,11,0,0,0,0,11,63,0,0,0,0,0,0,0,0,0,0,0,0,0,0,0,0,0,0,0,0,0
2745199,11,0,0,0,0,24,81,0,13,115,0,0,0,0,0,0,0,0,0,62,0,0,23,0,0,0,0,0
2518989,11,0,0,0,12,22,52,0,0,0,0,0,18,0,0,0,0,0,169,19,0,0,14,0,0,0,0,0
553982,11,0,0,0,0,60,128,0,0,0,0,0,0,0,0,0,0,0,0,0,0,0,0,0,0,0,0,0
261964,11,0,13,24,30,11,19,0,0,0,0,0,12,0,0,0,0,0,0,0,0,0,50,0,0,0,20,0
3133696,11,0,0,0,0,22,40,0,0,0,0,0,0,0,0,13,85,0,26,0,0,0,14,0,0,0,0,0
3453033,11,0,0,0,0,22,56,0,0,0,0,0,0,0,0,0,0,0,0,0,0,0,0,0,0,11,0,0
2775404,11,16,16,0,0,27,46,0,0,0,0,0,0,0,0,0,0,0,0,22,0,0,11,0,0,0,13,0
708113,11,0,0,0,0,20,58,0,0,0,0,0,0,0,0,0,0,0,0,0,0,0,98,0,0,0,0,0
3400909,11,0,0,0,0,39,68,0,12,0,0,0,0,0,0,0,0,0,0,10,0,0,0,0,0,0,0,0
2020412,11,0,31,18,16,50,76,0,0,0,0,0,0,0,0,0,13,0,0,31,0,0,0,0,0,0,19,12
3069264,11,0,25,0,0,57,90,0,10,0,0,0,0,0,0,0,0,0,23,0,0,0,11,0,0,0,0,0
386874,11,0,0,10,16,17,31,0,0,0,0,0,0,0,0,0,0,0,0,0,0,0,12,0,0,0,0,0
1166323,11,0,0,0,0,27,86,0,0,0,0,0,0,0,0,0,0,0,0,0,0,0,0,0,0,0,0,0
1763828,11,0,14,0,0,39,83,0,0,0,0,0,0,0,0,0,0,0,0,0,0,0,0,0,0,0,0,0
1112,11,14,17,0,0,18,63,0,0,0,0,0,0,0,0,0,0,0,0,0,0,0,0,0,0,0,0,0
3114367,11,0,10,0,0,14,40,0,0,0,0,0,0,0,0,0,0,0,0,0,0,0,0,0,0,0,0,0
3133972,11,0,0,0,0,25,48,0,0,0,0,0,0,0,0,0,0,0,0,15,0,0,0,0,0,0,0,0
184748,11,0,26,11,15,47,204,0,15,0,0,0,0,0,0,0,0,0,13,0,0,0,19,0,0,0,0,0
154981,11,0,59,0,0,64,328,0,41,17,0,0,0,0,0,0,16,0,27,14,0,23,18,0,20,0,12,11
1812111,11,16,17,0,0,0,0,41,50,39,0,0,11,0,0,0,0,0,0,11,0,0,26,0,0,0,0,0
1891279,11,0,0,0,0,55,92,0,0,0,0,0,0,0,0,0,0,0,0,0,0,0,30,0,0,0,0,0
1484109,11,0,17,0,0,66,70,0,11,0,0,0,0,0,0,0,10,0,0,11,0,0,0,0,0,0,13,11
69395,11,0,19,0,0,42,56,0,0,0,0,0,0,0,0,0,47,0,0,20,0,0,14,0,0,0,0,0
69666,11,0,15,0,0,65,116,31,22,0,0,0,0,0,0,0,96,0,13,88,0,0,0,0,23,0,0,0
1217274,11,0,0,0,0,26,65,0,0,0,0,0,0,0,0,0,55,0,0,0,11,0,33,0,0,0,15,10
3015177,11,0,20,0,0,37,119,12,15,0,0,0,0,0,0,17,77,0,16,0,0,0,0,0,0,0,0,13
1207504,11,0,0,0,0,28,61,0,0,0,0,0,17,0,0,0,35,0,70,12,0,0,0,0,0,0,0,0
2689110,11,0,0,0,0,0,0,0,0,0,13,0,0,0,0,0,0,0,0,0,0,0,27,0,0,0,0,0
2014887,11,0,0,0,0,68,113,0,0,0,0,0,0,0,0,0,0,0,258,0,0,0,0,0,15,0,0,0
933080,11,0,0,0,0,34,28,0,0,0,0,0,0,0,0,0,0,0,0,0,0,0,0,0,0,0,0,0
1341549,11,12,11,0,0,14,16,0,0,0,10,0,0,0,0,0,25,0,0,0,0,0,23,0,0,0,0,12
2995138,11,0,11,0,0,62,83,0,0,0,0,0,0,0,0,0,0,0,206,0,17,0,0,0,0,18,0,0
607711,11,0,0,0,0,0,0,0,22,0,0,0,10,0,0,0,11,0,0,0,0,0,0,0,0,0,0,0
3110231,11,0,11,0,0,22,78,0,0,0,0,0,0,0,0,0,0,0,12,0,0,0,0,0,0,0,0,0
200254,11,0,0,0,0,0,0,0,0,0,0,0,0,0,0,0,0,0,0,0,11,0,0,0,0,0,0,0
1017,11,0,0,0,0,0,49,0,0,0,0,0,0,0,0,0,57,0,29,33,0,0,27,0,0,19,24,20
624186,11,0,0,0,0,0,0,14,17,0,0,0,22,0,0,0,12,0,10,11,0,0,0,0,0,0,0,0
2745947,11,0,0,0,11,12,34,0,0,0,0,0,0,0,0,0,63,0,20,85,0,0,18,0,0,20,21,13
564064,11,22,29,0,0,19,27,15,26,0,0,0,0,10,0,0,50,0,0,19,0,0,22,0,0,11,0,19
1660073,11,0,0,0,0,19,10,0,0,0,0,0,0,0,0,0,0,0,0,32,0,0,26,0,0,0,10,0
107709,11,18,30,26,31,31,122,0,0,0,0,0,0,0,0,0,0,0,0,27,0,0,13,0,0,13,0,0
2887345,11,0,0,0,0,0,0,0,0,0,0,0,0,0,0,0,0,0,0,28,0,0,0,0,0,0,0,0
879567,11,0,0,11,12,0,18,0,0,0,0,0,0,0,0,11,60,0,0,46,0,0,29,0,0,0,0,10
3068893,11,0,0,0,12,11,71,0,0,19,0,0,0,0,0,0,0,0,12,0,0,0,0,0,0,0,0,0
3116653,11,19,19,0,21,10,0,0,0,0,0,0,11,0,0,0,14,0,0,17,0,0,21,0,0,10,11,0
3095364,11,0,0,16,20,12,0,0,0,0,0,0,0,0,0,0,0,0,0,0,0,0,44,0,0,0,0,0
104955,11,0,0,0,0,0,0,0,0,0,0,0,0,0,0,0,0,0,0,0,0,0,0,0,0,0,0,0
2966552,11,0,0,0,0,0,0,0,0,0,0,0,10,0,0,0,0,0,0,28,0,0,40,0,0,0,0,0
54006,11,0,0,0,0,0,0,0,0,0,0,0,0,0,0,0,0,0,0,18,0,0,0,0,0,0,0,0
3129112,11,0,0,0,14,19,56,0,0,0,15,0,0,0,0,0,0,0,0,0,0,0,0,0,0,0,0,0
2975870,11,0,0,0,13,15,54,13,32,0,0,0,0,0,0,0,0,0,0,0,0,0,137,0,0,0,0,0
2203205,11,0,0,0,0,34,67,0,0,0,0,0,0,0,0,0,0,0,0,0,0,0,0,0,0,0,0,0
2903716,11,0,0,23,0,0,39,0,0,0,0,0,0,0,0,0,0,0,0,0,0,0,12,0,0,0,0,0
2975712,11,0,0,0,14,23,47,0,0,0,0,0,0,0,0,0,0,0,0,0,0,0,0,0,0,0,0,0
3404047,11,0,0,0,0,0,62,0,0,0,0,0,0,0,0,0,0,0,0,0,0,0,0,0,0,0,0,0
576784,11,0,0,0,0,20,51,0,0,0,0,0,0,0,0,0,0,0,0,0,0,0,0,0,0,0,0,0
38300,11,0,0,0,0,53,68,0,0,0,0,0,0,0,0,0,0,0,248,0,0,0,0,0,0,0,0,0
3419766,11,0,0,0,0,14,59,0,0,0,0,0,0,0,0,0,0,0,0,0,0,0,23,0,0,0,0,0
931537,11,0,0,0,0,18,45,0,11,0,0,0,0,0,0,0,0,0,0,17,0,0,0,0,0,10,0,0
2754726,11,0,0,0,0,0,47,0,0,0,0,0,0,0,0,0,0,0,106,0,0,0,0,0,0,0,0,0
3042320,11,0,0,0,0,14,40,0,0,0,0,0,0,0,0,0,36,0,17,0,0,0,0,0,0,0,0,0
3075837,11,0,0,0,0,21,37,0,0,0,0,0,0,0,0,0,31,0,19,0,0,0,0,0,0,0,0,0
410332,11,50,28,0,0,12,41,0,0,0,0,0,0,0,0,0,0,0,0,0,28,0,10,0,0,0,0,0
3050384,11,0,0,0,0,0,33,0,0,0,0,0,49,0,0,0,0,0,0,0,0,0,0,0,0,0,0,0
2724914,11,23,17,0,0,12,59,0,0,0,0,17,0,0,0,0,27,0,17,0,0,0,0,0,0,0,0,0
2708079,11,0,0,0,0,0,21,0,16,0,0,0,0,0,0,0,20,0,0,12,0,0,0,0,0,0,0,0
2079575,11,0,0,0,0,0,0,0,0,0,0,0,0,0,0,0,0,0,0,12,0,0,0,0,0,0,15,0
3433706,11,0,0,0,0,0,24,15,20,0,0,0,0,0,0,0,0,0,0,0,0,0,0,0,0,0,0,0
3140789,11,0,0,0,0,0,19,0,0,0,0,0,0,0,0,0,0,0,0,30,0,0,0,0,0,0,0,0
2486855,11,0,0,0,0,0,25,0,0,0,0,0,0,0,0,0,0,0,0,52,0,0,13,0,0,0,0,0
43663,11,0,0,0,0,57,111,0,0,0,0,0,0,0,0,0,44,0,0,0,0,0,0,0,0,0,0,0
571913,11,0,0,0,0,15,41,0,0,0,0,0,0,0,0,0,0,0,10,0,0,0,0,0,0,0,0,0
60920,11,0,0,0,0,17,54,0,0,0,0,0,0,0,0,0,0,0,0,0,0,0,0,0,0,0,0,0
2975986,11,0,0,0,0,0,79,0,0,0,0,0,0,0,0,0,0,0,0,0,0,0,0,0,0,0,0,0
3015161,11,0,0,0,0,40,55,0,0,0,0,0,0,0,0,0,0,0,22,0,0,0,62,0,0,0,0,0
450734,11,0,0,0,46,72,131,0,0,0,0,0,0,0,0,0,0,0,15,0,0,0,0,0,0,0,0,0
2079793,11,0,0,0,0,0,56,0,0,0,0,0,0,0,0,0,0,0,0,0,0,0,0,0,0,0,0,0
1285901,11,0,0,33,15,56,77,0,0,0,0,0,0,0,0,0,0,0,0,0,0,0,12,0,0,0,0,0
1547448,11,0,0,0,0,0,25,0,0,0,0,0,0,0,0,0,0,0,0,0,0,0,0,0,0,0,0,0
1661,11,0,0,0,0,29,33,0,0,0,0,0,0,0,0,0,0,0,0,0,0,0,27,0,0,0,0,0
2903564,11,0,0,0,11,27,60,0,0,0,0,0,0,0,0,0,0,0,15,0,0,0,0,0,0,0,0,0
1805478,11,0,0,0,0,0,35,0,0,0,0,0,0,0,0,0,0,0,0,15,0,0,0,0,0,16,22,0
147206,11,0,0,0,0,0,18,0,0,0,0,0,0,0,0,0,0,0,0,0,0,0,0,0,0,0,0,0
316279,11,0,22,0,0,36,19,0,0,0,0,0,21,0,0,0,74,0,23,0,13,0,0,0,0,0,0,0
64471,11,0,0,0,0,23,0,0,0,0,0,0,0,0,0,0,0,0,10,13,0,0,14,0,0,0,0,0
638849,11,0,0,0,0,0,15,0,0,0,0,0,11,0,0,0,54,0,0,15,0,0,15,0,0,0,0,0
2572088,11,0,0,0,0,0,0,0,0,0,0,0,0,0,0,0,0,0,0,0,0,0,0,0,0,0,0,0
1699371,11,0,0,0,0,0,16,0,0,0,0,0,0,0,0,0,0,0,0,0,0,0,0,0,0,0,0,0
2257,11,0,0,0,0,0,10,0,0,0,0,0,0,0,0,0,41,0,0,0,0,0,0,0,0,0,0,0
71997,11,13,12,0,0,0,0,0,0,0,0,0,0,0,0,0,0,0,0,0,0,0,10,0,0,0,0,0
3060183,11,0,32,0,0,0,0,0,0,0,0,0,0,0,0,0,0,0,44,0,0,0,0,0,0,0,0,0
3050269,11,0,0,0,0,0,0,0,0,0,0,0,0,0,0,0,28,0,0,0,0,0,0,0,0,0,0,0
3429984,11,0,0,0,0,0,0,0,0,0,0,0,0,0,0,0,0,0,0,0,0,0,0,0,0,0,0,0
2846159,11,0,0,0,0,0,0,0,0,0,0,0,0,0,0,0,0,0,0,0,0,0,0,0,0,0,0,0
3052510,11,0,0,0,0,0,0,0,0,0,0,0,0,0,0,0,23,0,0,0,0,0,0,0,0,0,0,0
3052549,11,0,0,0,0,0,0,0,0,0,0,0,0,0,0,0,0,0,0,0,0,0,0,0,0,0,0,0
2956521,11,0,0,0,0,0,0,0,0,0,0,0,0,0,0,0,0,0,0,0,0,0,0,0,0,0,0,0
3240513,11,0,0,0,0,0,0,0,0,0,0,0,0,0,0,0,0,0,0,0,0,0,0,0,0,0,0,0
3427221,11,0,0,0,0,0,0,0,0,0,0,0,0,0,0,0,0,0,0,0,0,0,0,0,0,0,0,0
3431239,11,0,0,0,0,0,0,0,0,0,0,0,0,0,0,0,0,0,0,0,0,0,0,0,0,0,0,0
40050,11,0,0,0,0,0,0,0,0,0,0,0,0,0,0,0,0,0,0,0,0,0,0,0,0,0,0,0
3078441,11,0,0,0,0,0,0,0,0,0,0,0,0,0,0,0,0,0,0,28,0,0,0,0,0,0,16,0
3051418,11,0,0,0,0,0,0,0,0,0,0,0,0,0,0,0,0,0,0,0,0,0,0,0,0,0,0,0
2955240,11,0,0,0,0,0,0,0,0,0,0,0,0,0,0,0,0,0,0,0,0,0,0,0,0,0,0,0
3047353,11,0,12,0,0,0,0,0,0,0,0,0,0,0,0,0,0,0,0,0,0,0,0,0,0,0,0,0
1959845,11,0,0,0,0,0,0,0,0,0,0,0,0,0,0,0,0,0,0,0,0,0,0,0,0,0,0,0
551989,10,0,0,16,18,0,17,0,11,0,0,0,0,0,0,0,53,0,0,11,0,0,10,0,0,0,0,0
255519,10,15,21,0,0,0,13,0,0,0,0,0,0,0,0,0,0,0,0,0,0,0,0,0,0,0,0,0
69221,10,0,0,0,0,18,26,0,0,0,0,0,0,0,0,0,0,0,0,0,0,0,11,0,0,0,0,0
568768,10,0,0,0,0,0,16,0,0,0,0,0,0,0,0,0,11,0,0,73,0,0,12,0,0,11,12,10
2487742,10,13,20,0,0,16,22,28,28,12,0,0,0,0,0,0,20,0,11,20,0,11,75,0,0,17,0,10
3048583,10,0,0,0,0,0,27,0,0,0,0,0,0,0,0,0,0,0,0,0,0,0,13,0,0,0,0,0
2895495,10,0,18,20,14,22,39,0,0,0,20,0,0,0,0,0,0,0,0,0,0,0,10,0,0,0,0,0
75692,10,0,0,0,0,0,35,0,0,0,0,0,0,0,0,0,52,0,0,0,0,0,0,0,0,0,0,0
1949085,10,0,0,0,0,24,91,13,23,0,0,0,0,0,0,0,13,0,0,0,0,0,0,0,0,0,12,0
420402,10,0,12,0,0,30,86,0,14,16,0,0,0,0,0,0,39,0,0,15,0,12,10,0,0,0,0,0
2508168,10,0,14,0,0,16,53,0,0,0,0,0,0,0,0,0,0,0,0,0,0,0,0,0,0,0,0,0
2901869,10,0,0,0,0,20,59,0,0,0,0,0,0,0,0,0,14,0,0,64,0,0,0,0,0,0,0,0
2820808,10,0,0,0,11,50,69,0,0,0,0,0,0,0,0,0,0,0,0,0,0,0,19,0,0,0,0,0
463,10,0,0,21,27,18,17,0,12,0,0,0,0,0,0,20,99,0,0,23,0,0,49,0,0,0,0,0
2708301,10,0,0,39,67,75,401,0,29,39,0,26,0,0,0,12,12,0,10,18,0,0,440,0,0,19,0,0
2183911,10,0,11,0,0,19,99,0,18,11,0,0,0,0,0,0,0,0,0,0,0,0,11,0,0,0,0,0
3240374,10,0,0,0,0,39,75,0,0,0,0,0,0,0,0,37,109,0,56,0,0,0,66,0,0,0,13,0
160699,10,21,34,25,32,63,116,0,0,0,19,0,0,0,0,0,36,0,0,11,0,41,71,0,21,0,0,0
515361,10,0,21,0,0,56,149,0,0,0,0,0,0,0,0,0,18,0,20,0,0,0,11,0,14,0,0,0
3067904,10,0,22,0,0,33,91,0,12,10,0,0,0,0,0,0,0,0,0,0,0,0,0,0,19,0,0,0
3028735,10,0,23,0,0,103,107,0,0,0,0,0,0,0,0,12,13,0,11,0,0,0,0,0,0,0,0,0
2984843,10,0,27,0,0,66,95,0,0,0,0,0,0,0,0,0,249,0,17,0,0,0,0,0,0,0,0,0
2976680,10,0,0,0,0,44,49,0,0,0,0,0,0,0,0,0,0,0,22,10,0,0,0,0,0,0,0,0
2822761,10,0,0,0,0,28,36,0,0,0,0,0,0,0,0,0,22,0,0,0,0,0,0,0,0,0,0,0
2735134,10,0,10,11,0,37,99,0,10,48,0,0,0,0,0,0,16,0,17,0,0,0,23,0,0,0,0,0
2011159,10,12,36,0,0,13,137,0,0,0,0,0,14,0,0,0,0,0,0,15,0,0,0,0,0,0,0,0
361183,10,0,0,0,0,12,47,0,0,0,0,0,0,0,0,0,0,0,0,0,0,0,0,0,0,0,0,0
2613965,10,0,19,23,27,38,182,0,10,11,0,0,0,0,0,0,0,0,25,0,19,0,0,0,0,0,0,0
2483033,10,0,33,0,0,26,175,18,35,0,0,0,0,0,0,0,0,0,16,25,0,20,11,0,31,0,0,0
3388424,10,0,64,24,34,138,403,0,53,14,0,0,0,0,0,0,0,0,26,13,0,0,14,0,0,0,0,0
2233999,10,27,87,0,21,235,123,0,14,18,0,0,0,0,0,0,0,0,17,61,0,0,0,0,0,0,0,0
2804529,10,0,17,0,0,47,71,0,0,0,0,0,0,0,0,0,0,0,0,0,0,0,0,0,0,13,12,0
2558360,10,13,34,0,0,13,20,0,0,0,0,0,0,0,0,0,0,0,0,72,0,0,0,0,0,59,0,22
2800818,10,0,0,0,18,15,39,0,0,0,0,0,0,0,0,11,25,0,0,0,0,0,0,0,0,0,0,0
2732163,10,0,0,0,97,30,46,27,0,0,0,0,0,0,0,0,59,0,0,34,0,20,51,0,0,0,0,0
37448,10,0,0,0,0,17,12,17,0,16,0,0,0,11,0,0,0,0,0,18,0,0,27,0,0,0,0,0
2714925,10,0,0,0,0,0,48,0,0,0,0,0,0,0,0,0,0,0,16,27,0,0,0,0,0,34,26,20
1844971,10,0,0,0,0,0,19,0,0,0,0,0,0,0,0,0,0,0,0,0,0,0,17,0,0,0,0,0
1644131,10,0,0,0,0,0,39,0,0,0,0,0,0,0,0,0,0,0,0,12,0,0,0,0,0,0,0,0
3415750,10,0,21,0,0,52,119,0,0,14,0,0,0,0,0,0,20,0,22,15,0,0,14,0,0,17,0,0
639200,10,0,0,0,0,29,72,0,0,0,0,0,0,0,0,0,0,0,0,0,0,0,75,0,0,0,0,0
3345112,10,0,0,0,0,0,0,0,0,0,0,0,0,0,0,0,0,0,0,0,0,0,0,0,0,0,0,0
3135646,10,0,0,0,0,17,65,0,13,12,0,0,0,0,0,0,0,0,0,14,0,0,0,0,0,0,0,0
1921086,10,0,25,0,0,11,18,0,0,0,0,0,18,0,0,0,0,0,0,0,11,0,0,0,0,0,0,0
1796646,10,0,0,0,0,16,0,0,0,0,0,0,0,0,0,0,0,0,0,30,0,0,30,0,0,23,0,12
1636152,10,0,0,10,0,43,188,0,10,0,0,0,0,0,0,24,11,0,10,0,0,0,0,0,0,0,0,0
2527974,10,0,11,29,31,65,264,0,14,20,0,10,0,0,0,15,0,0,21,21,0,0,16,0,0,0,0,0
2802975,10,0,0,0,0,29,80,0,11,0,0,0,19,0,0,0,11,0,22,10,0,0,0,0,0,0,0,0
2674991,10,0,0,0,0,19,28,0,0,0,0,0,0,0,0,0,0,0,0,16,0,0,28,0,0,0,0,0
227942,10,0,0,0,11,0,12,0,0,0,0,0,0,0,0,0,0,0,0,103,0,0,37,0,0,14,15,18
2940301,10,0,0,0,0,0,0,0,0,0,0,0,0,0,0,0,0,0,0,15,0,0,0,0,0,0,0,0
1720083,10,0,0,0,0,0,11,0,0,0,0,0,0,0,0,0,0,0,0,12,0,0,30,0,0,0,11,0
2744474,10,0,0,0,0,24,45,0,0,0,16,0,0,0,0,0,0,0,0,0,38,0,21,0,0,0,0,0
3403460,10,0,12,0,0,44,63,0,0,0,0,0,0,0,0,0,0,0,14,0,0,0,0,0,0,0,0,0
40318,10,0,0,0,15,15,59,0,0,0,0,0,0,0,0,0,29,0,0,0,0,0,0,0,0,0,0,0
2903594,10,0,0,0,0,16,31,0,0,0,0,0,0,0,0,0,0,0,0,0,0,0,0,0,0,0,0,0
2079535,10,0,0,0,0,0,15,0,0,0,0,0,0,0,0,0,0,0,0,0,0,0,0,0,0,0,0,0
1697,10,0,0,0,0,0,0,0,0,0,0,0,0,0,0,0,0,0,29,0,0,0,10,0,0,0,0,0
89154,10,0,0,0,22,0,24,0,0,0,0,0,0,0,0,0,0,0,0,0,0,0,0,0,0,0,0,0
722731,10,0,0,0,0,14,33,0,0,0,0,0,0,0,0,0,31,0,0,0,0,0,0,0,0,0,0,0
1389713,10,0,0,27,33,15,47,0,0,0,0,0,0,0,0,0,14,0,12,0,0,0,0,0,0,0,0,0
110505,10,0,0,0,0,11,35,0,0,0,0,0,0,0,0,0,14,0,0,20,0,0,0,0,0,0,0,0
512402,10,0,0,0,0,16,43,0,0,0,0,0,0,0,0,0,0,0,0,0,0,0,0,0,0,0,0,0
3093864,10,0,0,0,0,0,12,36,44,0,0,0,0,0,0,0,12,0,0,65,0,0,0,0,0,0,0,0
2968831,10,0,0,0,0,0,0,0,0,0,0,0,0,0,0,0,0,0,0,0,0,0,0,0,0,0,0,0
1987356,10,0,13,0,0,0,0,0,0,0,0,0,0,0,0,0,119,0,0,12,0,0,0,0,0,0,15,0
2708084,10,0,0,0,0,0,28,0,0,0,0,0,0,0,0,0,0,0,0,0,0,0,0,0,0,0,0,0
2972479,10,0,0,0,0,0,30,0,0,0,0,0,0,0,0,0,0,0,0,0,0,0,30,0,0,0,0,0
1494608,10,0,0,0,0,14,18,0,0,0,0,0,0,0,0,0,0,0,0,0,0,0,0,0,0,0,0,0
211146,10,0,0,26,30,23,75,0,0,0,0,0,0,0,0,0,0,0,0,0,0,0,34,0,0,0,0,0
2909672,10,0,0,0,0,0,21,0,0,0,0,0,0,0,0,0,0,0,0,0,0,0,0,0,0,0,0,0
3402691,10,0,0,0,0,14,73,0,0,0,0,0,0,0,0,0,0,0,0,0,0,0,0,0,0,0,0,0
2582905,10,0,0,0,0,47,100,0,0,0,0,0,0,0,0,0,0,0,15,61,0,0,14,0,0,0,0,0
1302235,10,0,0,11,0,44,27,0,0,13,0,0,0,0,0,0,0,0,0,33,0,13,12,0,0,0,0,0
2051,10,0,0,0,0,0,0,0,0,0,0,0,0,0,0,0,0,0,0,0,0,0,0,0,0,0,0,0
133926,10,0,0,0,0,0,12,13,19,0,0,0,0,11,0,0,0,0,0,0,0,0,0,0,0,0,0,0
3458296,10,0,0,0,0,24,107,0,0,0,0,0,0,0,0,15,45,0,17,0,0,0,0,0,0,0,0,0
1353136,10,0,0,0,0,33,119,0,13,0,0,0,0,0,0,0,0,0,37,11,0,0,0,0,0,0,0,0
3045816,10,0,0,0,0,161,52,17,200,0,0,0,0,0,0,0,0,0,0,50,0,0,12,0,0,13,39,10
3066289,10,0,0,0,0,20,14,15,0,0,0,0,0,0,0,32,109,0,0,0,0,0,0,0,0,0,0,0
3166643,10,0,0,0,0,0,11,16,26,0,0,0,0,12,0,0,0,0,0,0,0,0,0,0,0,0,0,0
3127115,10,0,0,0,0,0,0,0,0,0,0,0,0,0,0,0,0,0,0,0,0,0,0,0,0,0,0,0
83986,10,0,0,0,0,0,16,0,0,0,0,0,0,0,0,0,0,0,0,0,0,0,14,0,0,0,0,0
2497325,10,0,0,0,0,16,22,0,0,0,0,0,0,0,0,0,0,0,0,0,0,0,23,0,0,0,0,0
2934937,10,0,0,0,0,0,0,0,0,0,0,0,0,0,0,0,57,0,0,12,0,0,0,0,0,0,0,0
1980959,10,0,0,0,0,0,0,0,0,0,0,0,0,0,0,0,0,0,0,0,0,0,0,0,0,0,0,0
2560434,10,0,0,0,0,0,0,0,0,0,0,0,0,0,0,0,0,0,0,0,0,0,0,0,0,0,0,0
1458716,10,16,23,0,0,0,0,0,0,0,0,0,31,0,0,0,0,0,0,0,0,0,0,0,0,0,0,0
1357714,10,0,0,0,0,0,0,0,0,0,0,0,0,0,0,0,0,0,0,0,0,0,0,0,0,0,0,0
148943,10,0,0,0,0,0,0,0,0,0,0,0,0,0,0,0,0,0,0,0,0,0,0,0,0,0,0,0
1921698,10,12,0,0,0,0,0,0,0,0,0,0,0,14,0,0,0,0,11,10,0,0,0,0,0,31,0,11
2560286,10,0,0,0,0,15,20,0,0,0,0,0,21,0,0,0,0,0,0,0,12,0,0,0,0,0,0,0
2956108,10,0,0,0,0,17,0,0,0,0,0,0,0,0,0,0,0,0,0,0,0,0,0,0,0,0,0,0
3050268,10,0,0,0,0,0,0,0,0,0,0,0,0,0,0,0,0,0,0,0,0,0,0,0,0,0,0,0
2845680,10,0,0,0,0,0,0,0,0,0,0,0,0,0,0,0,0,0,0,0,0,0,0,0,0,0,0,0
2170044,10,10,0,0,0,0,0,0,0,0,0,0,0,0,0,0,0,0,0,0,0,0,0,0,0,0,0,0
1923622,10,0,0,0,0,0,0,0,0,0,0,0,0,0,0,0,0,0,0,0,0,0,0,0,0,0,0,0
3048237,10,0,0,0,0,0,0,0,0,0,0,0,0,0,0,0,0,0,0,0,0,0,0,0,0,0,0,0
3051998,10,0,0,0,0,0,0,0,0,0,0,0,0,0,0,0,0,0,0,0,0,0,0,0,0,10,0,0
3051615,10,0,13,0,0,0,0,0,0,0,0,0,0,0,0,0,0,0,0,0,0,0,0,0,0,0,0,0
3060633,10,0,0,0,0,0,0,0,0,0,0,0,0,0,0,0,0,0,0,0,0,0,0,0,0,0,0,0
2049444,10,0,0,0,0,0,0,0,0,0,0,0,0,0,0,0,0,0,0,0,0,0,0,0,0,0,0,0
3240067,0,292,432,0,0,0,0,0,0,0,87,254,0,0,0,0,0,0,0,0,348,0,0,0,0,0,0,0
3425945,0,216,829,513,1243,1113,4071,735,285,0,0,0,0,0,0,0,0,0,11,0,0,0,0,0,0,0,0,0
3243388,0,106,170,0,0,0,0,0,0,0,0,0,42,0,0,0,0,0,0,0,0,0,0,0,0,0,0,0
2975872,0,91,97,0,0,0,0,0,0,0,0,89,0,0,0,0,0,0,0,0,40,0,0,0,0,0,0,0
2686210,0,73,108,0,0,0,0,30,40,0,99,41,65,0,0,0,77,0,0,143,161,0,0,0,0,19,16,15
2500548,0,64,59,0,0,0,0,0,0,0,0,0,0,0,0,0,0,0,0,0,0,0,0,0,0,0,0,0
1963026,0,63,0,0,0,0,0,0,0,0,0,0,0,0,0,0,0,0,0,0,39,0,0,0,0,0,0,0
3003349,0,61,2433,290,52,364,395,77,891,0,0,0,0,0,0,0,0,0,0,0,0,0,0,0,0,0,0,0
2610896,0,60,82,0,0,0,47,0,0,0,0,39,63,0,0,0,0,0,0,0,0,0,0,0,0,0,23,0
570156,0,54,179,0,0,0,0,0,0,0,0,0,0,0,0,0,0,0,0,96,0,0,71,0,0,0,0,0
432329,0,53,54,0,0,0,25,0,0,0,24,23,0,0,0,0,0,0,0,16,0,0,0,0,0,0,12,0
45462,0,52,64,0,0,0,0,0,0,0,0,0,0,0,0,0,0,0,0,0,0,0,0,0,0,0,0,0
2898725,0,51,50,0,0,0,0,0,0,0,0,34,0,0,0,0,0,0,0,0,0,0,0,0,0,0,0,0
2867016,0,43,69,0,11,38,289,0,79,0,0,30,0,0,0,0,0,0,29,0,0,0,0,0,0,0,0,0
1619308,0,42,52,0,0,22,64,0,32,0,0,47,43,15,0,0,0,0,0,0,28,0,0,0,0,0,0,0
3393757,0,42,37,0,0,0,0,0,0,0,0,0,0,0,0,0,0,0,0,0,0,0,0,0,0,0,0,0
2921702,0,41,45,0,35,0,0,0,0,0,0,0,0,0,0,0,53,0,0,54,0,0,0,0,0,0,0,0
2202148,0,40,106,0,20,386,204,0,20,0,0,0,0,0,0,67,19,0,25,14,0,0,10,0,0,0,0,17
34018,0,39,115,18,24,336,169,0,0,16,0,0,0,0,0,0,17,0,10,0,0,0,0,0,0,0,0,0
1663591,0,39,113,0,28,206,216,0,27,0,0,0,0,0,0,0,0,0,27,0,0,0,14,0,0,0,0,0
72557,0,39,71,0,0,0,51,0,0,0,0,0,0,0,0,0,0,0,0,0,0,0,0,0,0,0,0,0
3233381,0,39,37,0,0,35,28,151,159,50,0,0,0,0,24,0,175,0,0,49,0,0,49,0,0,0,0,0
2022740,0,38,159,25,22,287,311,0,26,18,0,17,0,15,0,14,0,0,18,0,0,0,22,0,0,13,17,22
55206,0,37,48,0,0,33,27,30,28,20,0,18,0,19,0,0,0,0,0,17,14,0,31,0,0,0,0,0
682998,0,35,57,0,0,102,65,0,0,26,0,0,0,0,0,0,25,0,0,0,0,0,23,0,0,17,15,0
2903717,0,34,42,0,0,0,60,0,0,0,0,23,16,0,0,0,14,0,0,12,13,0,0,0,0,0,0,0
3028375,0,33,52,0,0,0,0,0,0,0,0,0,0,0,0,0,0,0,0,0,0,23,0,0,0,0,0,0
3126690,0,33,47,0,0,0,108,0,0,0,0,0,0,0,0,0,0,0,0,0,0,0,0,0,0,0,0,0
1798223,0,33,47,0,0,17,55,0,0,0,0,29,0,0,0,0,0,0,0,0,0,0,0,0,0,0,0,0
538381,0,31,113,36,23,367,391,0,21,38,0,0,0,0,0,0,19,0,30,0,0,0,14,0,0,0,0,0
1233113,0,31,74,12,22,200,110,0,0,0,0,15,0,0,0,0,0,0,15,0,0,0,23,0,0,0,0,0
2234,0,31,19,0,0,0,13,0,0,0,0,10,0,0,0,0,28,0,17,25,0,0,18,0,0,0,0,0
442121,0,30,43,0,0,158,194,0,0,0,0,0,0,0,0,0,0,0,37,0,0,0,0,0,0,0,0,18
1750719,0,29,0,0,0,0,0,0,0,0,0,0,0,0,0,0,0,0,0,0,0,0,0,0,0,0,0,38
28092,0,28,25,0,15,22,25,0,0,0,11,0,13,0,0,0,0,0,35,13,0,0,26,0,0,0,0,0
1848903,0,28,39,0,0,0,0,0,0,0,0,0,38,0,0,0,0,0,0,0,0,0,68,0,0,0,0,0
3445777,0,28,35,0,0,21,45,0,0,0,0,49,0,0,0,0,35,0,0,0,0,0,0,0,0,0,0,0
2836373,0,27,27,17,13,47,155,0,22,0,13,18,64,0,0,0,0,0,23,14,0,0,0,0,0,0,24,20
2493676,0,26,37,0,0,61,68,0,0,0,60,0,74,0,0,0,0,0,0,0,0,0,23,0,0,0,14,0
1226968,0,25,73,17,0,123,85,0,0,0,0,0,25,0,0,0,0,0,0,10,0,0,0,0,0,0,0,50
116598,0,25,27,0,0,0,0,0,0,0,0,0,0,0,0,0,0,0,0,15,0,0,0,0,0,0,0,0
889268,0,25,25,19,13,67,510,0,31,19,0,20,0,0,0,17,39,0,31,10,0,0,0,0,0,0,0,0
3020906,0,25,0,0,0,0,0,0,0,0,0,0,0,0,0,0,0,0,0,0,0,0,0,0,0,0,0,0
3075121,0,25,24,0,0,0,44,0,0,0,0,16,0,0,0,0,0,0,0,0,0,0,0,0,0,0,0,0
1857890,0,25,28,0,0,0,0,0,0,0,0,0,0,0,0,0,0,0,0,0,0,0,0,0,0,0,0,0
3394751,0,24,26,0,0,0,17,0,0,0,0,0,0,0,0,0,0,0,0,0,0,0,0,0,0,0,0,0
1084,0,24,60,0,0,105,109,0,15,0,0,0,0,0,0,0,0,0,18,0,0,14,13,0,0,0,0,10
3447013,0,24,31,0,0,15,23,0,0,0,0,15,0,0,0,0,36,0,0,18,0,0,13,0,0,0,0,11
2830998,0,24,35,0,0,18,26,0,0,0,0,26,13,0,0,0,0,0,0,0,0,0,0,0,0,0,0,0
3144951,0,24,30,0,21,205,57,0,63,0,0,0,0,0,0,0,74,0,34,13,0,0,0,0,0,0,0,10
2202647,0,24,21,0,0,0,0,0,0,0,20,0,92,0,0,0,0,0,0,0,0,0,0,0,0,0,0,0
3111414,0,23,15,0,0,0,13,11,21,0,0,0,0,0,0,0,0,0,0,0,0,0,0,0,0,0,0,0
2252,0,23,62,0,0,0,11,0,0,0,0,18,22,0,0,0,33,0,0,18,13,0,0,0,0,0,0,0
137722,0,22,61,0,0,154,105,0,0,0,0,0,0,0,0,0,13,0,0,21,0,0,0,0,0,0,0,15
2220096,0,22,82,19,18,228,139,0,20,0,0,0,0,0,0,0,0,0,18,0,0,0,10,0,0,0,0,0
1789672,0,21,78,0,28,350,160,0,0,22,0,0,0,0,0,0,25,0,15,14,0,0,18,0,0,0,0,27
2024842,0,21,127,23,29,251,307,0,22,22,0,0,0,0,0,0,21,0,123,0,0,0,0,0,0,0,15,17
3435229,0,21,31,0,0,0,32,0,0,0,0,0,0,0,0,0,0,0,0,16,0,0,0,0,0,0,0,0
2768068,0,20,25,0,0,25,78,0,0,0,0,18,39,0,0,0,13,0,0,0,16,0,0,0,0,0,0,0
1420889,0,20,22,0,0,14,40,0,0,0,0,0,0,0,0,0,0,0,0,0,0,0,0,0,0,0,0,0
113562,0,20,30,13,18,44,71,0,0,0,0,0,0,0,0,0,0,0,14,11,0,0,20,0,0,0,13,16
2982531,0,19,31,0,0,16,49,0,0,0,0,0,16,0,0,0,0,0,0,0,0,0,0,0,0,14,0,0
257708,0,19,75,0,0,102,122,0,0,0,0,0,0,0,0,0,0,0,12,0,0,0,11,0,0,0,15,0
2714923,0,19,25,0,0,0,86,0,0,0,0,0,0,0,0,0,0,0,0,0,0,0,0,0,0,0,0,0
2903883,0,19,34,0,0,0,79,0,0,0,0,0,0,0,0,0,0,0,0,0,0,0,0,0,0,0,0,0
131111,0,19,16,0,0,0,20,0,0,0,0,0,0,0,0,0,0,0,0,0,13,0,22,0,0,0,0,0
2785909,0,18,23,0,0,17,31,0,0,0,0,0,0,0,0,0,16,0,0,0,0,0,0,0,0,0,0,0
1882682,0,18,24,0,15,61,126,0,17,81,0,0,11,0,0,0,0,0,18,21,0,0,18,0,0,18,16,53
337701,0,18,41,10,0,58,567,0,26,0,0,0,0,0,0,24,87,0,12,32,0,0,0,0,0,11,13,0
55518,0,18,47,14,13,164,130,0,11,12,0,0,0,0,0,0,15,0,14,0,0,0,0,0,0,0,0,13
3114537,0,18,38,0,0,97,184,0,18,14,0,0,0,0,0,0,13,0,21,0,0,0,0,0,0,0,0,0
202,0,18,0,0,0,0,0,0,0,0,0,0,0,0,0,0,0,0,15,29,0,12,21,0,13,10,0,16
632569,0,18,34,0,0,30,77,0,0,0,0,0,0,0,0,0,0,0,0,0,0,0,20,0,0,0,0,0
1442553,0,18,22,28,33,52,47,0,43,0,0,0,41,0,0,94,17,0,34,30,0,0,0,0,0,0,0,0
1462994,0,17,13,0,0,0,0,0,0,0,0,0,0,0,0,0,0,0,0,0,0,0,1378,0,0,0,0,0
2991496,0,17,0,0,0,0,36,0,0,0,0,0,0,0,0,0,0,0,0,0,0,0,0,0,0,0,0,0
3414739,0,17,15,0,0,19,56,0,0,0,0,0,23,0,0,0,0,0,0,0,0,0,0,0,0,0,0,0
568844,0,17,32,0,0,21,99,0,0,0,0,16,0,0,0,0,15,0,0,0,0,0,16,0,0,0,0,0
221350,0,17,23,19,20,31,64,0,25,0,0,0,35,0,0,57,18,26,46,0,0,0,31,0,0,0,0,0
2711215,0,16,15,0,13,36,85,0,11,0,0,0,0,0,0,0,0,0,17,15,0,0,0,0,0,0,0,0
2791991,0,16,17,0,0,14,61,0,0,0,0,0,0,0,0,0,0,0,0,0,0,0,0,0,0,0,0,0
2975684,0,16,15,0,0,0,64,0,14,0,0,0,0,0,0,0,14,0,0,0,0,0,0,0,0,0,0,0
61858,0,16,0,0,0,0,13,0,0,0,0,0,12,0,0,0,0,0,0,16,0,0,0,0,0,0,0,0
2817411,0,15,34,0,0,0,0,0,0,0,0,0,47,0,0,0,0,0,0,0,12,0,0,0,0,0,0,0
2182432,0,15,23,0,0,53,188,0,19,17,0,0,0,0,0,0,14,0,15,0,0,0,39,0,0,0,0,0
233055,0,15,20,0,0,0,0,0,0,0,0,0,0,0,0,0,0,0,0,33,0,0,33,0,0,0,0,0
2975699,0,15,0,0,0,0,47,0,0,0,0,0,0,0,0,0,0,0,0,0,0,0,0,0,0,0,0,0
3428192,0,15,0,0,0,0,0,0,0,0,0,0,0,0,0,0,0,0,0,0,0,0,0,0,0,0,0,0
3430368,0,15,10,0,0,0,0,0,0,0,0,0,0,0,0,0,0,0,0,0,0,0,0,0,0,0,0,0
3052626,0,15,0,0,0,0,0,0,0,0,0,0,0,0,0,0,0,0,0,0,0,0,0,0,0,0,0,0
1972431,0,14,50,22,52,0,53,0,0,0,0,20,25,0,0,0,0,0,0,202,0,0,67,0,0,0,0,0
3416058,0,14,21,0,0,53,79,0,0,0,0,0,16,0,0,0,0,0,0,0,0,0,0,0,0,0,0,0
3390038,0,14,19,0,0,13,56,0,0,0,0,0,0,0,0,0,0,0,20,0,0,0,0,0,0,0,0,0
3027225,0,14,0,0,0,0,0,0,0,0,0,0,0,0,0,0,0,0,0,0,0,0,0,0,0,0,0,0
1138190,0,14,17,0,0,60,48,0,0,0,0,0,0,0,0,0,0,0,0,12,0,0,27,0,0,0,0,0
2898433,0,14,15,0,0,41,99,16,0,0,0,0,0,0,0,0,0,0,0,0,0,0,0,0,0,0,0,0
2065379,0,14,42,0,0,52,166,0,0,0,0,0,0,0,0,0,0,0,0,0,0,0,0,0,0,0,0,0
2768161,0,14,29,0,0,66,97,0,0,0,0,0,0,0,0,0,16,0,0,25,0,0,0,0,0,0,0,0
436397,0,14,0,0,0,17,41,0,0,0,0,0,0,0,0,0,0,0,0,0,0,0,0,0,0,0,0,0
2726118,0,14,22,0,0,18,47,0,0,0,0,0,0,0,0,0,0,0,0,0,0,0,0,0,0,0,0,0
2846075,0,14,17,0,0,0,0,0,0,0,0,0,13,0,0,0,0,0,0,0,17,0,0,0,0,0,0,0
3429999,0,14,21,0,0,0,0,0,0,0,0,0,0,0,0,0,0,0,0,0,0,0,0,0,0,0,0,0
1234606,0,13,13,0,0,15,11,0,0,0,0,0,0,0,0,0,0,0,0,0,0,0,0,0,0,10,0,0
1972134,0,13,10,0,0,0,0,0,0,0,0,0,0,0,0,0,0,0,0,0,0,0,0,0,0,0,0,0
2928472,0,13,34,0,0,193,238,0,13,12,0,0,0,0,0,0,0,0,21,0,0,0,11,0,0,0,0,0
653931,0,13,16,0,0,77,138,11,15,0,0,0,0,0,0,0,0,0,0,0,0,0,0,0,0,0,0,0
2579971,0,13,44,22,12,127,313,12,25,20,0,0,0,0,0,0,0,0,26,0,0,0,17,0,0,0,0,0
1768242,0,13,26,0,0,15,46,16,25,0,0,0,0,0,0,0,19,0,0,0,0,0,0,0,0,0,0,0
1833852,0,13,23,0,0,0,0,0,0,0,0,0,0,0,0,0,32,0,0,0,0,0,42,0,0,0,0,0
2763540,0,13,11,0,0,0,0,0,0,0,0,0,16,0,0,0,0,0,0,0,31,0,0,0,0,0,0,0
1921699,0,13,0,0,0,0,0,0,0,0,0,0,0,16,0,0,0,0,13,0,0,0,0,0,0,30,0,10
2842345,0,12,0,0,0,0,0,0,0,0,0,0,0,0,0,0,0,0,0,0,0,0,0,0,0,0,0,0
1138189,0,12,13,53,63,125,108,0,0,0,0,0,0,0,0,0,0,0,0,0,0,0,57,0,0,0,0,0
2906072,0,12,41,0,0,85,133,0,11,0,0,13,0,0,0,0,0,0,17,0,0,0,0,0,0,0,0,0
2712222,0,12,23,12,0,90,160,13,25,12,0,11,0,0,0,0,14,0,13,13,0,0,0,0,0,0,0,0
3366811,0,12,0,0,0,22,49,0,0,0,0,0,0,0,0,0,0,0,0,0,0,0,0,0,0,0,0,0
2899220,0,12,12,0,0,21,60,0,0,0,0,0,0,0,0,0,0,0,0,0,0,0,17,0,0,0,0,0
3240052,0,12,15,0,0,47,102,0,0,0,0,0,0,0,0,0,0,0,0,0,0,0,0,0,0,0,0,0
3390025,0,11,17,0,22,16,14,0,0,0,0,0,0,0,0,0,21,0,0,0,15,0,36,0,0,0,0,0
1432792,0,11,0,0,0,27,72,0,0,0,0,0,0,0,0,17,12,0,0,17,0,0,18,0,0,0,0,0
180400,0,11,16,0,0,22,43,0,0,0,0,0,0,0,0,0,0,0,0,0,0,0,0,0,0,0,0,0
3231000,0,11,27,0,0,24,19,0,0,0,0,0,0,0,0,0,0,0,0,0,0,10,14,0,19,0,0,0
2692125,0,11,0,0,0,0,27,0,0,0,0,0,10,0,0,0,0,0,0,0,0,0,0,0,0,0,0,0
2844309,0,11,13,0,0,0,0,0,0,0,0,0,0,0,0,0,0,0,0,0,0,0,0,0,0,0,0,0
2734211,0,11,17,0,0,0,0,0,0,14,0,0,0,0,0,0,13,0,0,0,0,0,0,0,0,0,0,0
2971264,0,10,12,0,0,0,0,0,0,0,0,0,10,0,0,0,0,0,0,0,0,0,10,0,0,0,0,0
90241,0,10,32,0,0,0,11,16,30,0,0,11,15,13,0,0,114,0,0,24,11,0,30,12,0,0,0,0
3074855,0,10,27,0,0,87,101,0,0,0,0,0,0,0,0,0,10,0,11,0,0,0,13,0,0,0,0,0
2883126,0,10,18,0,0,0,0,0,0,0,0,0,0,0,0,0,0,0,0,0,0,0,0,0,0,0,0,0
53501,0,10,47,0,0,35,177,0,27,0,0,0,0,0,0,0,0,0,16,0,0,0,0,0,0,0,0,0
3035935,0,10,63,0,15,157,181,0,14,11,0,0,13,0,0,0,11,0,15,0,0,0,31,0,0,0,0,0
3037797,0,10,16,0,0,43,108,0,0,0,0,0,0,0,0,18,102,0,0,0,0,0,0,0,0,0,0,0
2594795,0,10,0,0,0,11,44,0,0,0,0,0,0,0,0,0,37,0,0,10,0,0,0,0,0,0,15,0
692036,0,10,20,0,16,11,51,0,0,0,22,0,27,0,0,0,54,0,0,15,22,0,31,0,0,0,0,0
2975961,0,10,0,15,17,24,109,0,0,0,0,0,0,0,0,0,14,0,0,0,0,0,10,0,0,12,0,0
2921563,0,0,457,0,0,0,0,0,0,0,0,0,0,0,0,0,0,0,0,0,0,0,0,0,0,0,0,0
2819104,0,0,266,0,0,0,0,0,0,0,0,0,0,0,0,0,0,0,0,0,0,0,0,0,0,0,0,0
2774562,0,0,168,0,0,0,164,0,0,0,0,0,67,0,0,0,0,0,0,0,50,0,0,0,0,0,0,0
3421645,0,0,155,0,0,0,0,0,0,0,0,0,0,0,0,0,0,0,0,0,0,0,0,0,0,0,0,0
2744523,0,0,147,0,0,96,160,0,0,0,0,0,0,0,0,0,0,0,0,0,0,0,0,0,0,0,0,0
2979870,0,0,115,0,0,0,144,0,0,0,0,0,0,0,0,0,0,0,0,0,0,0,0,0,0,0,0,0
2587855,0,0,110,35,0,116,538,0,77,45,0,0,0,0,0,0,0,0,68,0,0,0,0,0,0,0,0,0
1250539,0,0,107,19,21,160,457,0,39,0,0,0,0,0,0,0,0,0,19,20,0,0,0,0,0,20,0,0
3096995,0,0,91,0,0,0,61,0,129,0,0,0,0,0,0,0,0,0,0,0,0,0,94,0,0,0,0,0
2954608,0,0,89,0,0,0,0,0,0,0,0,0,0,0,0,0,0,0,0,0,0,0,0,0,0,0,0,0
3068314,0,0,87,0,0,0,67,0,0,0,0,0,0,0,0,0,36,0,0,0,0,0,0,0,0,0,0,0
328839,0,0,76,0,0,148,102,0,0,0,0,0,0,0,0,0,0,0,0,0,0,0,0,0,0,0,0,0
60552,0,0,70,0,0,36,137,0,0,0,0,0,566,0,0,0,126,0,0,0,0,0,0,0,0,0,0,0
1229727,0,0,69,22,16,142,564,0,49,0,0,0,0,0,0,0,16,0,40,0,0,0,0,0,0,0,0,0
2587852,0,0,67,22,0,90,301,0,48,0,0,0,0,0,0,0,0,0,46,0,0,0,30,0,0,0,0,0
1639348,0,0,66,0,0,163,172,0,0,0,0,0,0,0,0,0,0,0,0,0,0,0,0,0,0,0,0,0
2508306,0,0,64,0,0,108,181,0,0,0,0,0,0,0,0,0,0,0,0,0,0,0,0,0,0,0,0,0
2966453,0,0,63,19,18,37,986,0,70,18,0,0,0,0,0,0,0,0,38,0,0,0,14,0,0,0,0,0
2883100,0,0,62,0,0,74,443,0,47,0,0,0,0,0,0,0,22,0,36,0,0,0,0,0,0,0,0,0
879274,0,0,61,0,29,91,212,0,0,0,0,0,0,0,0,0,0,0,0,0,0,0,0,0,0,0,0,0
83219,0,0,61,11,17,48,523,0,67,34,0,0,0,0,0,0,44,0,159,14,0,0,13,0,0,0,0,0
3070658,0,0,60,0,0,23,24,0,0,0,0,0,0,0,0,0,0,0,0,32,15,0,0,0,0,27,0,26
3388337,0,0,56,0,0,58,105,0,0,0,0,0,0,0,0,0,0,0,0,0,0,0,0,0,0,0,0,0
2897332,0,0,55,0,16,152,204,0,0,40,0,0,0,0,0,0,0,0,26,0,0,0,0,0,0,0,0,0
3048007,0,0,53,31,41,47,297,0,0,0,0,0,0,0,0,0,0,0,39,0,0,0,0,0,0,0,0,0
3158548,0,0,52,33,0,0,0,0,108,0,0,0,0,0,0,0,0,0,0,0,0,0,0,0,0,0,0,0
2587847,0,0,52,0,0,66,323,0,77,0,0,0,0,0,0,0,0,0,37,64,0,0,30,0,0,0,15,0
1943633,0,0,52,14,0,53,256,0,15,0,0,0,0,0,0,0,0,0,16,18,0,0,11,0,0,0,0,0
2815167,0,0,51,0,0,44,246,0,40,0,0,0,0,0,0,0,15,0,0,0,0,0,26,0,0,0,0,0
2717374,0,0,50,47,0,0,0,0,88,0,0,0,0,0,0,0,0,0,0,19,0,0,0,0,0,0,0,0
2867015,0,0,50,41,47,0,127,0,0,0,0,0,0,0,0,0,0,0,96,0,0,0,32,0,0,0,0,0
215743,0,0,49,0,0,70,289,0,0,0,0,0,0,0,0,0,0,0,38,0,0,0,55,0,0,0,0,0
517719,0,0,49,22,29,69,239,0,34,0,0,0,0,0,0,0,0,0,13,0,0,0,16,0,0,0,0,0
652764,0,0,49,0,0,116,98,0,0,0,0,0,0,0,0,0,0,0,0,0,0,0,0,0,0,0,0,0
2774055,0,0,48,0,0,0,0,0,0,0,0,0,0,0,0,0,0,0,0,0,0,0,0,0,0,0,0,0
2528964,0,0,47,0,0,98,171,0,0,0,0,0,0,0,0,32,80,0,161,0,0,0,0,0,15,0,0,0
299262,0,0,47,10,13,80,486,0,36,13,0,0,11,0,0,0,73,0,13,0,0,0,16,0,0,0,0,0
3096079,0,0,47,0,0,0,0,0,0,0,0,0,0,0,0,0,0,0,0,40,0,0,0,0,0,0,0,0
334852,0,0,46,0,0,62,92,0,0,0,0,0,0,0,0,0,83,0,0,0,0,0,0,0,0,0,0,0
1924940,0,0,46,0,0,69,356,0,24,0,0,0,0,0,0,0,0,0,23,11,0,0,0,0,0,0,0,0
43057,0,0,46,13,18,132,374,0,0,0,0,0,0,0,0,0,0,0,33,0,0,0,23,0,0,0,0,0
2587850,0,0,45,31,0,0,194,0,0,0,0,0,0,0,0,0,0,0,0,0,0,0,0,0,0,0,0,0
709810,0,0,45,0,0,144,98,0,0,0,0,0,0,0,0,0,0,0,0,18,0,0,21,0,0,0,0,0
2903713,0,0,45,0,0,0,0,0,0,0,0,0,0,0,0,0,0,0,0,0,0,0,0,0,0,0,0,0
664962,0,0,44,0,0,113,98,0,0,0,0,0,0,0,0,0,0,0,32,0,0,0,0,0,0,0,0,0
2971606,0,0,43,0,0,0,31,0,119,0,0,0,0,0,0,0,0,0,0,0,0,0,0,0,0,0,0,0
2304600,0,0,43,0,17,103,195,0,14,13,0,12,0,0,0,0,45,0,23,23,0,0,0,0,0,14,0,0
3240783,0,0,42,0,36,42,79,0,0,0,0,0,0,0,0,0,56,0,14,0,0,0,71,0,0,0,0,0
3017782,0,0,42,23,26,192,384,0,0,0,0,0,0,0,0,0,0,0,0,0,0,0,23,0,0,0,0,0
293,0,0,42,0,35,136,242,0,41,0,0,0,0,0,0,43,111,0,70,0,0,0,46,0,0,0,15,0
1671721,0,0,41,19,0,0,34,0,43,0,0,0,0,0,0,0,0,0,0,0,0,0,0,0,0,0,0,0
3243332,0,0,41,0,0,128,150,0,12,0,0,0,0,0,0,0,21,0,11,15,0,0,0,0,0,0,0,0
2867024,0,0,40,29,24,45,91,0,0,0,0,0,0,0,0,0,0,0,0,0,0,0,0,0,0,0,0,0
3092147,0,0,40,0,17,52,498,0,51,11,0,0,15,0,0,14,91,0,25,15,0,0,0,0,0,0,0,0
133924,0,0,39,11,16,37,234,0,17,0,0,0,0,0,0,0,0,0,11,0,0,0,0,0,0,0,0,0
2602067,0,0,39,0,0,38,252,0,39,0,0,0,0,0,0,0,0,0,0,0,0,0,0,0,0,0,0,0
2997337,0,0,39,20,21,47,211,0,15,0,0,0,0,0,0,0,21,0,19,0,0,15,14,0,28,0,0,0
452627,0,0,38,0,12,0,23,0,0,0,0,0,0,0,0,0,0,0,0,25,16,0,17,0,0,12,0,16
911045,0,0,38,0,451,23,160,0,4282,0,0,0,0,0,0,0,134,0,0,41,0,0,17,0,0,25,0,0
2816454,0,0,38,0,0,145,228,0,0,0,0,0,0,0,0,0,0,0,0,0,0,0,0,0,0,0,0,0
1758178,0,0,38,0,15,24,206,0,19,0,0,0,0,0,0,0,99,0,0,0,0,0,0,0,0,0,0,0
2999062,0,0,38,0,0,38,66,0,79,0,0,0,0,0,0,0,0,0,0,0,0,0,0,0,0,0,0,0
3075616,0,0,37,0,0,0,0,0,61,0,0,0,0,0,0,0,0,0,0,42,0,0,0,0,0,0,0,0
1335048,0,0,37,17,0,85,320,0,0,0,0,0,0,0,0,0,0,0,24,13,0,0,0,0,0,0,0,0
1852017,0,0,36,10,11,140,277,0,15,0,0,0,0,0,0,0,0,0,18,11,0,0,25,0,0,0,0,0
483013,0,0,36,12,10,47,214,0,21,0,0,0,13,0,0,0,44,0,0,45,0,0,0,0,0,21,11,0
2976236,0,0,35,0,0,0,0,0,0,0,0,0,0,0,0,0,0,0,0,0,0,0,0,0,0,0,0,0
2589976,0,0,35,0,0,54,76,0,0,0,0,0,0,0,0,0,17,0,0,13,0,0,0,0,0,0,0,0
34002,0,0,35,16,14,67,391,0,24,0,0,0,0,0,0,0,0,0,22,21,0,0,0,0,15,0,0,0
225971,0,0,35,17,0,38,127,0,22,0,0,0,0,0,0,0,0,0,16,0,0,0,0,0,0,0,0,0
2843330,0,0,35,12,20,110,134,0,0,11,0,0,0,0,0,0,0,0,10,0,0,13,46,0,0,0,0,0
1486281,0,0,34,17,23,81,287,0,42,25,0,0,0,0,0,0,0,0,22,32,0,0,32,0,0,16,0,18
3242492,0,0,34,0,0,46,148,0,11,0,0,0,0,0,0,0,0,0,18,0,0,0,0,0,0,0,0,0
1604335,0,0,33,0,0,0,0,0,0,0,0,0,0,0,0,0,0,0,0,0,0,0,0,0,0,0,0,0
3038773,0,0,33,13,0,72,274,0,23,11,0,0,0,0,0,0,0,0,0,0,0,0,0,0,0,0,0,0
3030011,0,0,33,23,15,101,318,0,0,0,0,0,0,0,0,0,34,0,57,0,0,0,0,0,0,0,0,0
59779,0,0,33,45,32,126,366,40,77,49,0,0,0,0,0,0,19,0,33,0,0,171,0,0,245,0,0,0
1085,0,0,33,0,11,165,126,0,0,0,0,0,0,0,0,0,0,0,11,0,0,0,0,0,0,0,0,0
92945,0,0,32,0,0,57,134,0,12,0,0,0,0,0,0,0,0,0,0,0,0,0,17,0,0,0,0,0
453842,0,0,32,23,24,70,227,0,0,0,0,0,0,0,0,0,122,0,11,0,0,0,0,0,0,0,12,0
204525,0,0,32,0,0,54,96,0,0,22,0,0,0,0,0,0,0,0,13,0,0,0,0,0,0,0,0,0
1867715,0,0,31,0,0,83,89,0,0,0,0,0,0,0,0,19,62,0,19,0,0,0,0,0,0,30,0,0
3149229,0,0,31,0,0,120,158,0,0,0,0,0,0,0,0,0,0,0,15,18,0,0,0,0,0,0,0,0
2823043,0,0,31,21,14,54,460,0,28,0,0,0,0,0,0,0,0,0,13,0,0,0,0,0,0,0,0,0
2789856,0,0,31,12,19,217,369,0,33,23,0,0,10,0,0,0,0,0,31,0,0,0,16,0,0,0,0,0
3423955,0,0,31,0,0,93,149,0,15,39,0,0,0,0,0,0,33,0,27,0,0,0,10,0,0,0,0,0
62140,0,0,31,0,0,44,68,13,23,0,0,0,0,0,0,0,0,0,0,0,0,0,0,0,0,0,0,0
88688,0,0,31,0,0,106,171,0,0,19,0,0,0,0,0,20,131,0,16,12,0,0,41,0,32,11,0,0
103855,0,0,31,0,18,76,87,0,0,0,0,0,0,0,0,0,59,0,0,33,0,0,18,0,0,0,20,0
1442558,0,0,31,37,30,91,61,0,28,0,0,0,45,0,0,99,17,0,39,0,0,22,0,0,0,0,0,0
2734118,0,0,31,11,0,0,0,0,17,13,0,0,12,0,0,16,0,0,62,0,0,23,17,0,0,0,0,11
2743575,0,0,30,0,29,0,0,0,0,0,0,0,0,0,0,0,0,0,0,0,0,0,0,0,0,0,0,0
1079,0,0,30,0,0,72,82,0,0,12,0,0,0,0,0,0,0,0,15,0,0,0,0,0,0,0,0,0
2867025,0,0,30,11,0,0,136,0,59,0,0,0,0,0,0,0,0,0,0,0,0,0,0,0,0,0,0,0
3080976,0,0,30,0,25,0,249,0,39,0,0,0,0,0,0,0,0,0,18,0,0,0,0,0,0,0,20,0
1545044,0,0,30,11,0,62,164,18,21,22,0,0,0,0,0,0,28,0,39,0,0,0,40,0,0,0,0,0
3159496,0,0,30,0,0,191,83,0,0,0,0,0,0,0,0,0,0,0,0,0,0,0,0,0,0,0,0,0
193,0,0,30,0,0,95,78,0,23,0,0,0,0,0,0,0,0,0,0,0,0,0,0,0,0,0,0,0
111831,0,0,30,0,0,166,117,0,0,0,0,0,0,0,0,0,20,0,11,0,0,0,0,0,0,0,0,0
3080827,0,0,29,0,0,25,205,0,42,0,0,0,0,0,0,0,0,0,14,0,0,0,0,0,0,0,0,0
2587163,0,0,29,15,10,46,165,0,15,0,0,0,0,0,0,11,0,0,12,0,0,0,0,0,0,0,0,0
3138066,0,0,29,23,29,80,251,0,0,0,0,0,0,0,0,0,0,0,0,0,0,0,25,0,0,0,0,0
286727,0,0,29,0,0,168,99,0,0,0,0,0,0,0,0,0,0,24,24,0,28,0,0,0,0,0,0,0
2903570,0,0,29,25,20,40,86,0,0,0,0,0,0,0,0,0,0,0,16,0,0,0,254,0,0,0,0,0
2817385,0,0,28,0,0,0,0,0,0,0,0,0,0,0,0,0,0,0,0,0,0,0,0,0,34,0,0,0
1852022,0,0,28,11,11,181,189,0,15,13,0,0,0,0,0,0,11,0,21,0,0,0,11,0,0,0,0,0
35806,0,0,28,0,0,82,287,0,17,0,0,0,0,0,0,0,17,0,17,0,0,0,28,0,0,0,0,0
2169400,0,0,28,0,0,49,189,0,0,0,0,0,0,0,0,0,0,0,88,66,0,0,0,0,0,37,38,50
2231721,0,0,28,0,0,74,114,0,14,11,0,0,0,0,0,0,0,0,28,0,0,0,0,0,0,0,0,0
754429,0,0,28,0,14,0,67,0,0,0,0,0,0,0,0,0,0,0,0,0,0,0,0,0,0,0,0,0
83462,0,0,28,0,11,17,52,0,0,0,0,0,0,0,0,0,0,0,23,0,0,0,0,0,0,0,0,0
418719,0,0,27,0,0,0,32,0,59,0,0,0,0,0,0,0,0,0,0,0,0,0,0,0,0,0,0,0
2867011,0,0,27,0,0,56,269,0,26,15,0,0,0,0,0,0,0,0,21,12,0,0,0,0,0,0,0,11
1945662,0,0,27,11,0,34,113,0,0,0,0,0,0,0,0,0,0,0,21,0,0,0,0,0,0,0,0,0
3137370,0,0,27,0,0,23,210,0,25,0,0,0,0,0,0,0,0,0,11,0,0,0,10,0,0,0,0,0
2807096,0,0,27,11,14,76,229,0,15,21,0,0,0,0,0,0,0,0,35,0,0,0,0,0,0,0,0,0
2881428,0,0,27,23,39,56,79,0,40,36,0,0,100,0,0,54,146,19,315,15,0,11,41,0,0,0,0,18
1115757,0,0,27,0,10,576,80,0,145,0,0,0,0,0,0,0,186,0,0,10,0,0,0,0,0,0,14,0
2955235,0,0,27,0,0,0,0,0,0,0,0,0,0,0,0,0,0,0,0,0,0,0,0,0,0,15,0,0
3158582,0,0,26,35,53,36,99,0,0,0,0,0,0,0,0,0,18,0,0,0,0,0,61,0,0,0,0,0
2856823,0,0,26,23,24,96,208,10,22,0,0,0,0,0,0,0,0,0,12,13,0,0,0,0,0,0,0,0
1232575,0,0,26,0,0,0,0,0,0,0,0,0,0,0,0,0,0,0,0,0,0,0,0,0,0,0,0,0
3239953,0,0,26,23,25,36,74,0,0,0,0,0,0,0,0,0,0,0,0,0,0,0,18,0,0,0,0,0
1389223,0,0,25,0,0,0,40,0,0,0,0,0,0,0,0,0,0,0,0,32,0,0,0,0,0,0,0,0
3438965,0,0,25,0,0,0,0,0,0,0,0,0,34,0,0,0,0,0,0,0,38,0,0,0,0,0,0,0
2202826,0,0,25,0,0,65,95,0,0,0,0,0,0,0,0,0,111,0,30,0,0,0,0,0,0,0,0,0
1850374,0,0,25,0,0,53,81,0,0,0,0,0,0,0,0,0,0,0,16,0,0,0,0,0,0,0,0,0
1166078,0,0,25,0,0,67,113,0,0,0,0,0,0,0,0,0,0,0,18,17,0,0,0,0,0,16,13,17
3092120,0,0,25,0,0,33,165,0,13,0,0,0,0,0,0,13,11,0,11,0,0,0,0,0,0,0,0,0
2796141,0,0,25,0,0,0,0,0,0,0,0,0,0,0,0,0,0,0,0,0,0,0,0,0,0,0,0,0
2750011,0,0,25,0,0,41,79,0,0,0,0,0,0,0,0,0,52,0,0,0,0,0,63,0,0,0,0,0
3162530,0,0,24,0,0,109,141,0,0,0,0,0,0,0,0,0,10,0,22,0,0,0,31,0,0,0,0,0
1042,0,0,24,18,28,73,335,0,35,0,0,0,0,0,0,0,0,0,19,24,0,0,12,0,0,0,0,0
3160606,0,0,24,0,0,91,69,0,0,0,0,0,0,0,0,0,0,0,0,0,0,0,0,0,0,0,0,0
2507538,0,0,24,30,35,30,97,0,0,0,0,0,0,0,0,0,28,0,12,18,0,0,32,0,0,0,11,0
1836,0,0,24,21,12,58,186,0,17,0,0,0,0,0,0,20,47,0,19,11,0,0,13,0,0,15,0,0
3445772,0,0,23,0,28,65,161,0,0,0,0,0,0,0,0,96,10,0,13,19,0,0,37,0,0,0,0,10
3166644,0,0,23,0,0,85,183,0,0,0,0,0,0,0,0,0,21,0,15,0,0,0,283,0,0,0,0,0
1872567,0,0,23,0,14,61,77,0,0,0,0,0,0,0,0,0,0,0,0,0,0,0,0,0,0,0,12,18
921,0,0,23,0,0,85,126,0,0,0,0,0,0,0,0,0,14,0,17,0,0,0,0,0,0,0,0,0
1850250,0,0,23,0,0,46,283,0,25,0,0,0,0,0,0,0,0,0,18,0,0,0,0,0,0,0,0,0
311182,0,0,23,16,38,109,73,0,29,0,0,0,12,13,0,0,10,0,0,25,0,0,23,0,0,36,0,0
164330,0,0,23,0,0,65,171,0,0,0,0,0,0,0,0,0,0,0,0,0,0,0,0,0,0,0,0,0
2614639,0,0,23,0,0,25,29,0,0,0,0,0,0,0,0,0,0,0,0,0,0,0,0,0,0,0,0,0
2070777,0,0,22,0,0,0,0,0,0,0,0,0,0,0,0,0,0,0,0,35,22,0,0,0,0,0,0,0
7,0,0,22,0,13,64,101,0,0,0,0,0,0,0,0,0,12,0,19,0,0,0,13,0,0,0,0,0
1701758,0,0,22,0,0,63,82,0,0,0,0,0,0,0,0,0,0,0,13,0,0,0,0,0,0,0,0,0
2969621,0,0,22,0,17,48,73,0,0,0,0,0,0,0,0,0,0,0,17,0,0,0,13,0,0,0,0,0
1075,0,0,22,0,0,57,139,0,0,0,0,0,0,0,0,0,0,0,13,0,0,0,0,0,0,0,0,0
436663,0,0,22,0,37,61,143,0,0,0,0,0,0,0,0,0,0,0,0,0,0,0,457,0,0,0,0,0
2488560,0,0,22,0,0,46,78,0,0,0,0,0,0,0,0,0,0,0,12,0,0,0,0,0,0,0,0,0
2975776,0,0,22,16,30,41,60,0,0,0,0,0,0,0,0,0,0,0,0,0,0,0,0,0,0,0,0,0
2864203,0,0,21,0,0,0,26,0,0,0,0,0,0,0,0,0,0,0,0,0,0,0,0,0,0,0,0,0
1705394,0,0,21,11,15,0,0,16,0,16,0,0,0,0,0,0,54,0,13,38,0,0,13,0,0,16,21,0
1842534,0,0,21,0,0,65,79,0,0,0,0,0,0,0,0,0,22,0,0,16,0,0,16,0,0,0,0,0
1335043,0,0,21,0,0,74,108,0,0,0,0,0,0,0,0,0,0,0,15,0,0,0,0,0,0,0,0,0
331696,0,0,21,12,0,61,94,0,0,0,0,0,0,0,0,0,0,0,32,0,0,0,0,0,0,0,0,0
1852027,0,0,21,0,0,31,173,0,35,0,0,0,0,0,0,0,62,0,16,0,0,0,0,0,0,0,0,0
3415141,0,0,21,0,0,16,114,0,16,0,0,0,0,0,0,0,0,0,10,0,0,0,0,0,0,0,0,0
2978973,0,0,21,0,0,45,199,0,28,0,0,0,0,0,0,0,0,0,0,73,0,0,27,0,0,0,0,0
627192,0,0,21,0,0,42,111,0,0,0,0,0,0,0,0,0,0,0,0,0,0,0,0,0,0,0,0,0
2697363,0,0,21,11,10,61,46,0,0,0,0,0,0,0,0,0,39,0,0,0,0,13,16,0,0,0,0,0
172043,0,0,21,0,0,39,74,0,0,0,0,0,0,0,0,0,23,0,0,0,0,0,0,0,0,0,0,0
3016000,0,0,21,0,0,67,97,0,0,25,0,0,0,0,0,18,76,0,17,0,0,0,0,0,0,0,0,0
3230994,0,0,21,0,0,0,0,0,0,0,0,0,0,0,0,0,0,0,0,0,0,0,0,0,0,0,0,0
1805827,0,0,21,0,0,16,81,0,0,0,0,0,0,0,0,0,50,0,0,0,0,0,96,0,0,0,0,0
196162,0,0,21,0,0,77,132,14,25,47,0,0,0,0,0,0,20,0,19,0,0,0,0,0,0,0,0,0
2904243,0,0,21,0,0,0,60,0,0,0,0,0,0,0,0,0,0,0,0,0,0,0,0,0,0,0,0,0
1708783,0,0,20,0,30,12,65,0,0,0,0,0,0,0,0,0,0,0,0,10,0,0,14,0,0,0,0,0
716925,0,0,20,0,0,61,82,0,0,0,0,0,0,0,0,0,0,0,0,14,0,0,17,0,0,0,0,0
2806348,0,0,20,0,0,53,53,0,13,0,0,0,0,0,0,0,41,0,0,10,0,0,0,0,0,16,0,0
2528642,0,0,20,0,0,36,48,0,0,0,0,0,0,0,0,0,0,0,0,0,12,0,0,0,0,0,0,0
2812658,0,0,20,0,0,39,143,0,0,0,0,0,0,0,0,0,0,0,0,0,0,0,0,0,0,0,0,0
3017783,0,0,20,14,0,87,278,0,19,0,0,0,0,0,0,84,181,0,24,0,0,0,26,0,0,0,0,0
3421107,0,0,20,0,0,40,157,25,45,11,0,0,0,17,0,0,0,0,0,0,0,0,0,0,0,0,0,0
3234199,0,0,20,0,0,49,113,0,17,0,0,0,0,0,0,0,0,0,10,30,0,0,20,0,0,0,0,0
2867233,0,0,20,10,0,21,49,0,0,0,0,0,0,0,0,0,0,0,0,0,0,0,0,0,0,0,0,0
3384241,0,0,20,0,0,31,90,0,0,21,0,0,11,0,0,0,15,0,73,0,0,0,30,0,0,0,0,0
2861282,0,0,20,0,0,33,92,0,0,0,0,0,0,0,0,41,0,0,115,0,0,0,0,0,0,0,0,0
2968085,0,0,20,0,0,22,53,0,0,0,0,0,0,0,0,0,0,0,0,0,0,0,0,0,0,0,0,0
2607663,0,0,19,0,15,18,15,0,0,0,0,0,0,0,0,20,205,0,0,58,0,17,11,0,0,11,14,10
244596,0,0,19,0,0,58,124,0,13,0,0,0,0,0,0,0,0,0,15,0,0,0,0,0,0,0,0,0
2603276,0,0,19,0,25,68,76,0,35,0,0,0,0,0,0,0,26,0,0,0,0,0,0,0,0,0,0,0
2742204,0,0,19,0,10,59,110,0,0,0,0,0,0,0,0,0,0,0,15,0,0,0,0,0,0,0,0,0
569860,0,0,19,0,0,26,51,0,0,0,0,0,0,0,0,0,0,0,0,0,0,0,0,0,0,0,0,0
1891787,0,0,19,0,0,42,298,0,26,0,0,0,0,0,0,0,0,0,15,0,0,0,14,0,0,0,0,0
3055847,0,0,19,0,0,62,216,0,31,0,0,0,0,0,0,0,0,0,20,0,0,0,0,0,0,0,0,0
1030157,0,0,19,0,0,45,125,0,14,0,0,0,0,0,0,0,0,0,0,17,0,0,0,0,0,0,0,0
1634516,0,0,19,12,0,28,73,0,13,0,0,0,0,0,0,0,11,0,0,15,0,0,0,0,0,0,0,0
3444112,0,0,19,0,10,0,22,0,0,0,0,0,0,0,0,0,0,0,0,0,12,0,17,0,0,0,0,0
28448,0,0,19,0,0,61,34,0,19,0,0,0,11,0,0,0,0,0,0,0,0,0,0,0,0,0,0,0
3421106,0,0,19,0,0,52,86,0,0,0,0,0,0,0,0,0,0,0,15,0,0,0,0,0,0,0,0,0
3349635,0,0,19,11,13,28,56,0,20,0,0,0,0,0,0,0,13,0,0,0,0,0,0,0,0,0,0,0
153233,0,0,19,32,20,41,83,0,0,0,0,0,0,0,0,0,0,0,0,13,0,0,0,0,0,0,0,0
1620385,0,0,19,0,0,34,69,0,0,0,0,0,0,0,0,0,0,0,17,0,0,0,0,0,0,0,0,0
38288,0,0,19,0,0,15,25,0,0,0,0,0,19,0,0,0,0,0,35,0,21,0,0,0,0,0,0,0
3239934,0,0,19,0,21,61,152,19,32,20,0,0,0,0,0,0,0,0,17,0,0,0,46,0,0,0,0,0
2751170,0,0,19,0,0,15,27,0,0,0,0,0,0,0,0,0,0,0,17,0,0,0,0,0,0,0,0,0
3035454,0,0,18,0,0,20,47,0,0,0,0,0,0,0,0,0,11,0,0,0,0,0,0,0,0,0,0,0
1096243,0,0,18,0,0,51,60,0,0,0,0,0,0,0,0,0,0,0,310,0,0,0,13,0,0,0,0,0
1572645,0,0,18,0,0,17,30,0,0,0,0,0,0,0,0,0,65,0,0,74,0,0,47,0,23,18,28,0
2773308,0,0,18,0,0,17,46,0,0,0,0,0,0,0,0,0,0,0,0,0,0,0,0,0,0,0,0,0
2846777,0,0,18,0,0,24,70,0,0,0,0,0,0,0,0,0,0,0,0,19,0,0,0,0,0,12,0,11
86183,0,0,18,0,0,24,133,0,0,0,0,0,0,0,0,0,0,0,0,0,0,0,0,0,0,0,0,0
114616,0,0,18,0,0,80,117,0,12,0,0,0,0,0,0,0,25,0,19,0,0,0,0,0,0,0,0,0
2897334,0,0,18,0,13,51,78,0,0,17,0,0,0,0,0,20,37,0,21,14,0,0,22,0,0,0,0,0
370111,0,0,18,0,0,36,51,0,0,0,0,0,0,0,0,0,0,0,0,23,0,0,12,0,0,0,0,0
401562,0,0,18,0,0,46,78,0,0,0,0,0,0,0,0,0,17,0,0,0,0,0,0,0,0,0,0,0
1979950,0,0,18,0,0,84,124,0,11,0,0,0,0,0,0,0,0,0,19,0,0,0,0,0,0,0,0,0
2881234,0,0,18,0,0,20,149,0,13,0,0,0,0,0,0,0,48,0,12,0,0,27,0,30,26,0,0,0
13160,0,0,18,0,0,42,91,0,0,0,0,0,0,0,0,0,23,0,0,0,0,0,0,0,0,0,0,0
463025,0,0,18,0,0,32,99,0,0,0,0,0,0,0,0,0,15,0,16,0,0,0,14,0,0,0,0,0
1707785,0,0,18,0,0,27,86,0,0,0,0,0,0,0,0,0,27,0,0,0,0,0,25,0,0,0,0,0
2865673,0,0,18,15,14,0,58,0,38,20,0,0,0,0,0,0,0,0,0,0,0,23,67,18,15,0,0,0
84109,0,0,18,0,0,0,0,0,0,0,0,0,0,0,0,0,31,0,0,0,0,0,0,0,0,0,0,0
2025658,0,0,17,0,0,0,0,0,0,0,0,0,0,0,0,0,0,0,0,0,0,0,0,0,0,0,0,0
2813827,0,0,17,0,0,28,53,0,0,0,0,0,0,0,0,0,0,0,20,0,0,0,10,0,0,0,0,0
3031126,0,0,17,0,0,37,62,0,0,0,0,0,0,0,0,0,29,0,0,18,0,0,0,0,0,0,0,0
2606717,0,0,17,0,0,98,155,0,0,0,0,0,0,0,0,0,10,0,13,0,0,0,29,0,0,0,0,13
1437009,0,0,17,0,0,65,104,0,0,0,0,0,0,0,0,0,18,0,24,14,0,0,0,0,0,0,0,0
2883127,0,0,17,0,0,16,129,33,52,0,0,0,0,0,0,0,0,0,62,21,0,0,0,0,0,0,0,0
2867021,0,0,17,0,0,35,102,0,0,0,0,0,0,0,0,0,0,0,0,0,0,0,0,0,0,0,0,0
1529068,0,0,17,11,15,54,189,0,16,0,0,0,0,0,0,0,0,0,12,0,0,0,0,0,0,0,0,0
402884,0,0,17,10,0,62,150,0,11,0,0,0,0,0,0,0,0,0,10,10,0,0,0,0,0,0,0,0
1225128,0,0,17,0,0,89,102,0,0,0,0,0,0,0,0,0,0,0,0,0,0,0,0,0,0,0,0,0
3161137,0,0,17,0,0,36,84,0,0,0,0,0,0,0,0,0,103,0,13,0,0,0,0,0,0,0,0,0
2728020,0,0,17,0,0,53,113,0,15,0,0,0,0,0,0,0,0,0,12,20,0,0,0,0,0,0,16,0
1261,0,0,17,0,0,21,0,0,0,0,0,0,11,0,0,0,0,0,0,28,0,0,24,0,0,15,0,0
67350,0,0,17,0,0,20,89,0,25,0,0,0,0,0,0,0,0,0,0,78,0,0,27,0,0,0,0,0
2867005,0,0,17,0,0,18,44,0,0,0,0,0,0,0,0,0,0,0,15,0,0,0,0,0,0,0,0,0
3239887,0,0,17,18,18,41,135,0,0,21,0,0,0,0,0,0,43,0,25,0,0,0,23,0,0,0,0,0
565,0,0,16,0,0,16,38,0,0,0,0,0,0,0,0,16,63,0,0,20,0,0,12,0,0,0,14,0
2172103,0,0,16,0,10,0,22,0,0,0,0,0,0,0,0,0,29,0,0,59,0,0,42,0,0,10,15,10
2811227,0,0,16,0,0,24,75,0,0,0,0,0,0,0,0,0,23,0,0,0,0,0,0,0,0,0,0,0
500610,0,0,16,14,12,30,91,0,0,0,0,0,0,0,0,0,17,0,0,41,0,0,16,0,0,20,24,0
393662,0,0,16,19,14,34,294,0,21,32,0,0,0,0,0,0,0,0,0,14,0,0,47,0,0,0,0,0
451876,0,0,16,0,0,21,58,0,0,0,0,0,0,0,0,0,14,0,0,10,0,0,0,0,0,0,0,0
3377108,0,0,16,18,12,18,126,0,0,0,0,0,0,0,0,0,20,0,13,13,0,0,0,0,0,0,0,0
3064531,0,0,16,0,0,45,118,0,0,0,0,0,0,0,0,0,0,0,20,0,0,0,12,0,0,0,0,0
1549850,0,0,16,44,53,103,191,0,0,0,0,0,0,0,0,0,0,0,0,0,0,0,27,0,0,0,0,0
1284658,0,0,16,24,25,51,82,10,17,0,0,0,0,0,0,0,40,0,0,13,0,0,10,0,0,0,0,0
2029849,0,0,16,0,0,68,143,0,0,0,0,0,0,0,0,0,12,0,18,0,0,0,0,0,0,0,0,0
323273,0,0,16,0,20,0,0,0,0,0,0,0,0,0,0,0,0,0,0,0,0,0,0,0,0,0,0,0
2740185,0,0,16,0,0,14,67,0,0,0,0,0,0,0,0,0,0,0,0,13,0,0,0,0,0,0,0,0
2026194,0,0,16,0,15,0,0,0,0,0,0,0,0,0,0,0,0,0,0,12,0,0,0,0,0,12,0,0
2775496,0,0,16,0,0,11,28,0,0,0,0,0,0,0,0,0,13,0,0,0,0,0,0,0,0,0,0,0
36814,0,0,16,0,0,21,41,0,0,0,0,0,0,0,0,0,53,0,21,0,0,0,152,0,0,0,0,0
2849501,0,0,16,0,0,35,79,0,0,0,0,0,0,0,0,0,0,0,11,14,0,0,0,0,0,0,0,0
3028298,0,0,16,0,0,0,0,0,0,0,0,0,0,0,0,0,16,0,0,14,0,0,29,0,0,0,11,0
2841303,0,0,16,0,0,0,0,0,0,0,0,0,0,0,0,0,0,0,0,0,0,0,0,0,0,0,0,0
2774461,0,0,15,0,0,0,0,0,0,0,0,13,13,0,0,0,0,0,0,0,0,0,0,0,0,0,0,0
2675797,0,0,15,0,19,0,0,38,36,0,0,0,0,17,0,0,17,0,0,19,0,0,0,0,0,0,0,0
1176533,0,0,15,0,25,31,89,0,0,0,0,13,22,0,0,0,0,0,0,0,19,0,0,0,0,0,0,0
2082949,0,0,15,0,0,56,79,0,18,13,0,0,0,0,0,0,0,0,20,0,0,0,0,0,0,0,0,0
864069,0,0,15,14,0,61,100,0,0,0,0,0,0,0,0,0,0,0,13,0,0,0,17,0,0,0,0,0
290400,0,0,15,12,10,57,219,23,39,29,0,0,0,12,0,0,0,0,13,0,0,0,0,0,0,0,0,0
2683284,0,0,15,0,0,39,169,0,12,0,0,0,0,0,0,0,0,0,13,0,0,14,0,14,0,0,0,0
1874826,0,0,15,0,16,47,130,0,20,0,0,0,12,0,0,0,0,0,14,0,0,0,0,0,0,0,0,0
1592790,0,0,15,0,0,39,71,0,23,0,0,0,0,0,0,0,0,0,26,0,0,0,0,0,0,0,0,0
1582356,0,0,15,0,0,22,56,0,0,0,0,0,0,0,0,0,11,0,0,0,0,0,0,0,0,0,0,0
1969806,0,0,15,0,0,58,79,0,0,0,0,0,0,0,0,0,0,0,0,0,0,0,11,0,0,0,0,0
3133721,0,0,15,0,0,74,92,0,12,0,0,0,0,0,0,0,25,0,0,0,0,0,63,0,0,0,0,0
2774190,0,0,15,0,0,23,56,0,0,0,0,0,0,0,0,0,18,0,0,0,0,0,20,0,0,0,0,0
274537,0,0,15,0,0,13,34,0,0,0,0,0,0,0,0,0,0,0,0,0,0,0,0,0,0,0,0,0
154,0,0,15,0,0,10,18,0,0,0,0,0,0,0,0,0,51,0,0,43,0,0,10,0,0,50,35,11
2233998,0,0,15,0,0,0,0,0,0,0,0,0,0,0,0,0,0,0,0,0,0,0,16,0,0,0,0,0
2903767,0,0,15,0,0,44,87,0,0,0,0,0,0,0,0,0,0,0,0,0,0,12,0,0,0,0,0,0
2949637,0,0,15,0,0,14,72,0,0,0,0,0,0,0,0,0,22,0,0,12,0,0,0,0,0,0,0,0
68217,0,0,15,0,0,32,85,0,0,0,0,0,0,0,0,0,45,0,17,0,0,0,0,0,0,0,0,0
11,0,0,15,0,0,0,62,0,0,0,0,0,0,0,0,0,0,0,0,0,0,0,22,0,0,0,0,0
470932,0,0,14,0,0,0,0,0,0,0,0,14,15,0,0,0,0,0,0,0,0,0,0,0,0,0,0,0
2047966,0,0,14,0,0,12,24,31,17,26,0,0,0,0,0,0,74,0,0,27,0,0,15,0,12,29,18,15
290,0,0,14,0,18,67,166,0,0,0,0,0,0,0,0,0,11,0,22,0,0,0,12,0,0,0,0,0
2657486,0,0,14,0,0,37,69,0,0,0,0,0,0,0,0,0,0,0,0,0,0,0,0,0,0,0,0,0
370622,0,0,14,0,0,53,81,0,0,0,0,0,0,0,0,0,80,0,0,0,0,0,0,0,0,0,0,0
3072793,0,0,14,12,17,135,163,0,0,13,0,0,0,0,0,0,152,0,14,15,0,0,12,0,0,14,0,0
92947,0,0,14,0,0,17,85,0,0,0,0,0,0,0,0,0,0,0,0,0,0,0,0,0,0,0,0,0
266809,0,0,14,0,0,13,140,0,0,0,0,0,0,0,0,0,0,0,14,26,0,0,0,0,0,0,20,0
2588711,0,0,14,14,0,64,234,0,11,0,0,0,0,0,0,0,0,0,16,0,0,0,22,0,19,0,0,0
3042299,0,0,14,0,23,72,177,0,13,0,0,0,0,0,0,0,0,0,16,0,0,0,0,0,18,0,0,0
604088,0,0,14,0,0,20,81,0,0,0,0,0,0,0,0,0,0,0,0,0,0,0,0,0,0,0,0,0
1343899,0,0,14,0,0,13,31,0,0,0,0,0,0,0,0,0,0,0,0,0,17,0,0,0,0,0,0,0
215221,0,0,14,0,0,28,29,0,0,0,0,0,0,0,0,0,0,0,0,0,0,0,0,0,0,0,0,0
2708539,0,0,14,0,0,39,82,0,14,0,0,0,0,0,0,17,60,0,11,59,0,0,0,0,0,46,23,43
2903901,0,0,14,0,11,69,113,0,0,0,0,0,11,0,0,13,101,0,0,0,0,0,0,0,21,0,0,15
1434191,0,0,14,0,0,32,51,0,0,0,0,0,0,0,0,0,0,0,0,0,0,0,0,0,0,0,0,0
2898431,0,0,14,0,13,39,120,0,0,0,0,0,0,0,0,0,19,0,0,0,0,0,13,0,0,0,0,0
894,0,0,14,0,0,21,48,0,0,14,0,0,0,0,0,0,0,0,13,0,0,0,0,0,0,0,0,0
412593,0,0,14,0,0,0,12,0,0,0,0,0,0,0,0,0,0,0,0,0,0,0,10,0,0,0,0,0
3447507,0,0,14,0,0,19,67,0,0,0,0,0,16,0,0,46,148,0,0,13,0,0,0,0,0,0,13,0
649831,0,0,14,0,0,35,86,0,0,0,0,0,0,0,0,0,0,0,11,0,0,0,12,0,0,0,0,0
1955412,0,0,14,30,15,60,159,0,0,21,0,0,0,0,0,0,0,0,28,44,0,0,18,0,0,18,0,0
2079536,0,0,14,0,0,24,17,0,0,0,0,0,0,0,0,0,0,0,11,0,0,0,0,0,0,0,0,0
221345,0,0,14,26,33,72,49,0,0,24,0,0,25,0,0,89,266,0,45,0,0,0,0,0,0,29,0,0
3402707,0,0,14,0,0,0,0,0,0,0,0,0,0,0,0,0,0,0,0,16,0,0,0,0,0,0,0,0
3047947,0,0,14,0,0,0,0,0,0,0,0,0,0,0,0,0,0,0,0,0,0,0,0,0,0,0,0,0
2993714,0,0,13,0,0,0,0,0,0,0,0,0,0,0,0,0,0,0,0,0,0,0,25,0,0,0,0,0
2259620,0,0,13,0,0,12,59,0,0,0,0,0,0,0,0,0,0,0,0,50,0,0,10,0,0,14,10,14
501572,0,0,13,0,0,35,88,0,0,0,0,0,0,0,0,0,0,0,0,13,0,0,0,0,0,25,19,11
1041159,0,0,13,0,0,28,54,0,0,0,0,0,0,0,0,0,65,0,0,13,0,0,128,0,0,0,0,0
1458307,0,0,13,0,0,23,102,0,21,0,0,0,0,0,0,0,67,0,0,0,0,0,13,0,0,0,0,0
2587842,0,0,13,10,0,46,170,0,0,0,0,0,0,0,0,0,12,0,0,18,0,0,12,0,0,0,0,0
3039851,0,0,13,22,34,24,103,0,10,0,0,0,10,0,0,0,0,0,0,0,0,16,23,0,0,0,0,0
3114300,0,0,13,21,10,42,90,0,0,0,0,0,0,0,0,0,0,0,0,0,0,0,0,0,0,0,0,0
2728851,0,0,13,0,0,26,50,0,0,0,0,0,0,0,0,0,0,0,0,0,0,0,0,0,0,0,0,0
2077182,0,0,13,0,0,22,57,14,24,0,0,0,0,0,0,0,0,0,0,11,0,0,28,0,0,0,0,0
3040935,0,0,13,0,0,27,55,0,0,0,0,0,0,0,0,0,0,0,0,15,0,0,12,0,0,0,0,0
2591463,0,0,13,0,0,49,47,0,0,0,0,0,0,0,0,0,19,0,0,0,0,0,0,0,36,0,0,0
2038636,0,0,13,13,0,59,134,0,11,0,0,0,0,0,0,12,49,0,0,11,0,0,12,0,0,0,0,0
134536,0,0,13,0,0,0,25,0,0,0,0,0,0,0,0,0,103,0,0,0,0,0,0,0,0,0,0,0
556054,0,0,13,0,22,0,0,0,0,0,0,0,0,0,0,0,143,0,0,18,0,0,0,0,0,0,0,0
2949090,0,0,13,0,0,22,57,0,0,0,0,0,0,0,0,0,0,0,0,11,0,0,0,0,0,0,0,0
3420950,0,0,13,0,0,0,0,0,0,0,0,0,0,0,0,0,22,0,0,0,0,0,0,0,0,0,0,0
155537,0,0,13,0,0,0,0,0,0,0,0,0,0,0,0,0,0,0,0,0,0,0,0,0,0,0,0,0
2009266,0,0,13,0,0,11,36,0,0,0,0,0,0,0,0,0,0,0,0,0,0,0,17,0,0,0,0,0
173860,0,0,13,0,0,24,85,13,15,0,0,0,0,0,0,0,0,0,0,0,0,12,0,0,0,0,0,0
1331682,0,0,13,0,0,13,61,0,0,0,0,0,0,0,0,0,0,0,14,0,0,0,0,0,0,0,0,0
56438,0,0,13,0,0,44,116,0,16,0,0,0,0,0,0,0,0,0,24,0,0,0,0,0,0,0,0,0
2592334,0,0,13,0,0,37,57,0,0,0,0,0,0,0,0,0,0,0,0,35,0,0,0,0,0,29,30,0
2712223,0,0,13,0,17,39,111,0,0,33,0,0,0,0,0,0,0,0,15,0,0,0,0,0,0,0,0,0
3239996,0,0,13,0,0,36,140,0,20,25,0,0,0,0,0,0,69,0,42,0,0,0,15,0,0,0,0,0
2047744,0,0,13,0,0,35,109,0,0,20,0,0,0,0,0,0,33,0,21,0,0,0,10,0,0,0,0,0
131568,0,0,13,0,0,0,65,0,0,0,0,0,0,0,0,0,0,0,0,12,0,0,0,0,0,0,0,0
585425,0,0,13,0,0,30,17,0,0,12,0,0,13,0,0,15,59,0,47,10,0,0,0,0,0,0,0,0
3131993,0,0,13,0,0,0,13,0,0,0,0,0,24,0,0,0,0,0,0,0,0,0,13,0,0,0,0,0
187880,0,0,13,0,0,22,0,0,0,0,0,0,0,0,0,0,0,0,0,41,0,0,0,0,0,0,0,0
3059911,0,0,13,0,0,0,0,0,0,0,0,0,0,0,0,0,0,0,0,0,0,0,0,0,0,0,0,0
1516059,0,0,12,0,0,15,89,0,28,0,0,0,0,0,0,0,41,0,0,31,0,0,13,0,0,0,0,0
2794344,0,0,12,0,28,58,238,567,28,17,0,0,13,0,0,0,33,0,0,11,10,0,0,0,0,0,0,0
37487,0,0,12,0,15,61,223,0,15,27,0,0,0,0,0,0,11,0,0,0,0,0,11,0,0,0,0,0
421628,0,0,12,0,0,21,96,0,0,0,0,0,10,0,0,0,0,0,0,0,0,0,0,0,0,0,0,0
1736675,0,0,12,0,12,71,82,0,0,0,0,0,0,0,0,0,0,0,19,16,0,0,0,0,0,15,15,0
3026418,0,0,12,0,0,16,40,11,24,0,0,0,0,0,0,0,0,0,0,15,0,16,0,0,14,0,0,0
1447062,0,0,12,0,0,54,94,0,0,13,0,0,0,0,0,0,0,0,13,0,0,0,0,0,0,0,0,0
2820278,0,0,12,0,0,65,92,0,18,0,0,0,0,0,0,0,40,0,31,0,0,0,11,0,0,0,0,0
428,0,0,12,13,29,91,130,0,0,0,0,0,0,0,0,19,41,0,15,0,0,0,18,0,0,0,0,0
502682,0,0,12,0,0,22,44,0,0,0,0,0,0,0,0,0,0,0,0,0,0,0,0,0,0,0,0,0
1144307,0,0,12,0,0,19,38,0,0,0,0,0,0,0,0,0,0,0,0,0,0,0,0,0,0,0,0,0
356302,0,0,12,0,0,63,115,0,0,14,0,0,0,0,0,15,11,0,14,10,0,0,11,0,0,0,0,0
3066216,0,0,12,0,16,14,0,0,0,0,0,0,0,0,0,0,161,0,0,15,0,0,17,0,0,0,0,0
2983836,0,0,12,0,0,0,0,0,0,0,0,0,14,0,0,0,51,0,0,0,0,0,13,0,0,0,0,0
3068640,0,0,12,0,0,12,31,23,26,0,0,0,0,0,0,0,37,0,0,0,0,0,15,0,0,0,0,0
2717324,0,0,12,0,0,15,80,0,0,0,0,0,0,0,0,0,0,0,0,0,0,0,0,0,0,0,0,0
3120158,0,0,12,0,0,22,58,0,0,0,0,0,0,0,0,0,0,0,0,0,0,0,0,0,0,0,17,0
3088255,0,0,12,0,0,32,90,21,22,25,0,0,0,0,0,0,0,0,0,0,0,0,17,0,0,0,0,0
496014,0,0,12,23,31,43,156,0,0,0,0,0,0,0,0,0,0,0,24,0,0,0,11,0,0,0,0,0
2866381,0,0,12,0,0,0,22,0,0,0,0,0,13,0,0,0,0,0,0,0,0,0,0,0,0,0,0,0
2878680,0,0,12,0,0,40,33,20,36,0,0,11,13,0,0,0,0,0,0,0,23,0,25,0,0,0,16,0
3446116,0,0,12,0,0,0,12,0,0,0,0,0,0,0,0,0,0,0,0,13,0,0,0,0,0,17,12,0
1605379,0,0,12,0,0,0,0,0,0,0,0,0,0,0,0,0,0,0,0,0,0,0,0,0,0,0,0,0
2518644,0,0,11,0,0,0,25,0,0,0,0,0,0,0,0,0,11,0,0,0,0,0,0,0,0,0,0,0
2738125,0,0,11,0,0,12,35,0,0,0,0,0,0,0,0,0,0,0,0,0,0,0,12,0,0,0,0,0
475662,0,0,11,0,0,29,106,0,0,0,0,0,0,0,0,0,14,0,0,0,0,0,0,0,0,0,0,0
2852117,0,0,11,0,0,39,33,0,0,0,0,0,0,0,0,0,0,0,490,13,0,0,0,0,0,0,0,0
351052,0,0,11,18,0,26,128,0,14,14,0,0,0,0,0,0,0,0,14,0,0,0,0,0,0,0,0,0
2880934,0,0,11,0,0,32,76,0,0,118,0,0,0,0,0,0,0,0,17,0,0,0,0,0,0,0,0,0
3026161,0,0,11,0,0,24,51,0,0,0,0,0,0,0,0,0,0,0,11,0,0,0,0,0,0,0,0,0
405559,0,0,11,0,0,49,228,0,20,0,0,0,0,0,0,0,22,0,0,0,0,0,0,0,0,0,0,0
3137369,0,0,11,0,0,24,144,0,19,0,0,0,0,0,0,0,0,0,0,0,0,20,0,0,30,0,0,0
3035471,0,0,11,12,18,33,120,0,0,0,0,0,0,0,0,0,0,0,0,0,0,0,39,0,0,0,0,0
1045317,0,0,11,0,0,22,34,0,0,0,0,0,0,0,0,0,0,0,0,10,0,0,0,0,0,12,0,0
2907154,0,0,11,0,0,35,41,0,0,0,0,0,0,0,0,0,0,0,15,0,28,0,0,0,0,0,0,0
2739433,0,0,11,0,0,23,63,0,0,0,0,0,0,0,0,0,0,0,0,38,0,0,0,0,0,0,0,0
1909290,0,0,11,0,0,22,50,0,0,0,0,0,0,0,0,0,0,0,0,0,0,0,0,0,0,0,0,0
2759707,0,0,11,0,0,59,96,0,0,0,0,0,0,0,0,0,0,0,0,0,0,0,0,0,0,0,0,0
33996,0,0,11,0,0,59,42,0,0,0,0,0,0,0,0,0,0,0,0,33,0,0,15,0,0,38,31,33
2714952,0,0,11,0,0,33,101,0,0,0,0,0,0,0,0,0,25,0,0,61,0,0,0,0,0,46,45,29
34029,0,0,11,0,0,48,103,0,0,0,0,0,0,0,0,0,0,0,0,10,0,0,0,0,0,0,0,0
1930277,0,0,11,0,0,36,112,0,25,0,0,0,0,0,0,0,66,0,36,55,0,0,18,0,0,21,19,24
3447454,0,0,11,0,0,19,50,0,0,0,0,0,0,0,0,0,0,0,0,10,0,0,14,0,0,27,17,0
588898,0,0,11,0,0,0,14,0,0,0,0,0,0,0,0,0,0,0,0,0,0,0,0,0,0,0,0,0
2956469,0,0,11,0,0,0,0,0,0,0,0,0,0,0,0,0,0,0,0,0,0,0,0,0,0,0,0,0
2956112,0,0,11,0,0,0,0,0,0,0,0,0,0,0,0,0,0,0,0,0,0,0,0,0,0,0,0,0
3068990,0,0,10,0,0,30,66,0,14,0,0,0,0,0,0,0,0,0,0,0,0,0,10,0,0,0,0,0
2745495,0,0,10,0,0,0,31,0,0,0,0,0,0,0,0,18,44,0,0,0,0,0,13,0,0,0,0,0
2992837,0,0,10,0,0,0,29,0,0,0,0,0,0,0,0,0,0,0,0,0,0,0,0,0,0,0,0,0
2829809,0,0,10,17,21,0,25,0,0,0,0,0,0,0,0,0,67,0,0,27,0,0,19,0,0,0,0,0
3108176,0,0,10,0,0,24,85,0,0,0,0,0,0,0,0,0,0,0,0,11,0,0,0,0,0,0,0,0
1579979,0,0,10,0,13,44,175,0,0,22,0,10,0,0,0,0,11,0,15,0,0,0,0,0,0,0,0,0
64002,0,0,10,0,18,40,137,0,0,0,0,0,0,0,0,0,0,0,11,12,0,0,15,0,0,0,0,0
2740464,0,0,10,0,0,26,72,0,0,0,0,0,0,0,0,0,0,0,17,0,0,0,11,0,0,0,0,0
2917991,0,0,10,0,0,63,74,0,0,0,0,0,0,0,0,0,0,0,0,0,0,0,15,0,0,0,0,0
2712698,0,0,10,0,0,53,102,0,0,0,0,0,0,0,0,0,0,0,10,10,0,0,23,0,0,0,0,0
3079304,0,0,10,0,0,68,211,0,15,0,0,0,0,0,0,0,0,0,16,16,0,0,0,0,0,19,0,19
1813879,0,0,10,0,0,51,106,0,11,0,0,0,0,0,0,0,0,0,0,0,0,0,0,0,0,0,0,0
2949093,0,0,10,0,0,28,85,0,0,0,0,0,0,0,0,0,0,0,0,0,0,0,0,0,0,0,0,0
2675225,0,0,10,0,11,42,70,0,10,0,0,0,0,0,0,0,0,0,13,12,0,0,10,0,0,0,0,0
2604537,0,0,10,0,0,14,58,0,0,0,0,0,0,0,0,0,0,0,0,0,0,0,0,0,0,0,0,0
1892855,0,0,10,0,0,47,72,0,0,19,0,0,0,0,0,0,12,0,0,0,0,0,16,0,0,0,0,0
3155932,0,0,10,0,0,0,19,0,0,0,0,0,0,0,0,0,0,0,0,0,0,0,0,0,0,0,0,0
3024400,0,0,10,0,0,32,101,0,0,0,0,0,0,0,0,0,0,0,0,0,0,0,0,0,0,0,0,0
2047767,0,0,10,0,0,0,10,0,0,0,0,0,0,0,0,0,67,0,0,0,0,0,0,0,0,0,0,0
2006,0,0,10,0,0,28,59,0,0,0,0,0,0,0,0,0,0,0,0,0,0,0,0,0,0,0,0,0
2271,0,0,10,0,0,0,0,0,0,0,0,0,0,0,0,0,0,0,0,0,0,0,0,0,0,0,0,0
2776706,0,0,10,0,0,0,0,0,0,0,0,0,18,0,0,0,0,0,0,0,0,0,41,0,0,0,0,0
3060804,0,0,10,0,0,0,0,0,0,0,0,0,0,0,0,0,0,0,0,0,0,0,0,0,0,0,0,0
1921187,0,0,10,0,0,0,0,0,0,0,0,0,0,0,0,0,0,0,0,0,22,0,0,0,0,0,0,0
3048365,0,0,10,0,10,0,0,0,0,0,0,0,0,0,0,0,10,0,0,0,0,0,0,0,0,0,0,0
2961995,0,0,0,502,473,0,66,0,0,0,0,0,0,0,0,0,0,0,0,0,0,0,116,0,0,0,0,0
487559,0,0,0,229,240,0,0,0,0,0,0,0,0,0,0,0,0,0,0,0,0,0,277,0,0,0,0,0
1926,0,0,0,175,192,234,192,0,0,0,0,0,0,0,0,0,0,0,0,0,0,0,0,0,0,0,0,0
82541,0,0,0,122,151,282,380,0,25,59,0,0,0,0,0,0,17,0,25,39,0,0,174,0,0,0,0,0
3133297,0,0,0,114,80,116,0,0,0,0,0,0,0,0,0,0,0,0,0,0,0,0,0,0,0,0,0,0
3445672,0,0,0,111,76,39,58,0,0,0,0,0,0,0,0,0,0,0,0,0,0,0,20,0,0,0,0,0
3239962,0,0,0,107,95,38,63,0,0,0,0,0,0,0,0,0,0,0,0,0,0,0,57,0,0,0,0,0
1637831,0,0,0,103,98,179,143,0,0,0,0,0,0,0,0,0,0,0,0,0,0,0,58,0,0,0,0,0
2175646,0,0,0,91,106,0,47,0,0,0,0,0,0,0,0,0,0,0,0,0,0,0,26,0,0,0,0,0
1501269,0,0,0,90,129,29,43,0,0,0,0,0,0,0,0,0,63,0,0,65,0,0,81,0,0,27,48,25
296,0,0,0,86,61,88,147,0,0,0,0,0,0,0,0,24,98,0,29,21,0,0,112,0,0,0,0,0
2847045,0,0,0,84,111,14,62,0,0,0,0,0,0,0,0,0,12,0,0,0,0,0,42,0,0,0,0,0
3243368,0,0,0,83,53,0,0,0,0,0,0,0,0,0,0,0,0,0,0,0,0,0,0,0,0,0,0,0
1758196,0,0,0,75,84,0,0,0,0,0,0,0,0,0,0,0,0,0,0,0,0,0,0,0,0,0,0,0
2749046,0,0,0,75,93,0,0,0,0,0,0,0,0,0,0,0,0,0,0,0,0,0,0,0,0,0,0,0
3015149,0,0,0,71,68,40,31,0,0,0,0,0,0,0,0,0,0,0,0,0,0,0,0,0,0,0,0,0
1896196,0,0,0,66,109,128,159,0,0,0,0,0,0,0,0,0,0,0,0,12,0,0,228,0,0,0,0,0
3418557,0,0,0,65,65,0,0,0,0,0,0,0,0,0,0,0,0,0,0,0,0,0,19,0,0,0,0,0
132604,0,0,0,61,77,174,91,0,0,0,0,0,53,0,0,0,228,0,0,61,0,0,57,0,0,0,0,0
3398775,0,0,0,60,82,21,20,0,0,0,0,0,0,0,0,0,0,0,0,0,0,0,23,0,0,0,0,0
3002962,0,0,0,57,93,0,0,0,0,0,0,0,0,0,0,0,0,0,0,0,0,0,0,0,0,0,0,0
3033392,0,0,0,57,47,33,39,0,0,0,0,0,0,0,0,0,0,0,0,0,0,0,0,0,0,0,0,0
3077928,0,0,0,52,69,0,0,0,0,0,0,0,0,0,0,0,0,0,0,0,0,0,0,0,0,0,0,0
3409691,0,0,0,49,70,0,0,0,0,0,0,0,0,0,0,0,0,0,0,0,0,0,67,0,0,0,0,0
373543,0,0,0,49,43,0,0,0,0,0,0,0,0,0,0,0,0,0,0,0,0,0,33,0,0,0,0,0
449461,0,0,0,48,66,54,115,0,18,0,0,0,0,0,0,0,0,0,14,0,0,0,42,0,0,0,0,0
2058136,0,0,0,47,55,0,0,0,0,0,0,0,0,0,0,0,0,0,0,0,0,0,48,0,0,0,0,0
47760,0,0,0,47,68,25,54,0,0,0,0,0,0,0,0,21,62,0,0,12,0,0,52,0,0,0,0,21
3079768,0,0,0,45,39,0,34,0,0,0,0,0,0,0,0,0,0,0,0,0,0,0,0,0,0,0,0,0
2950874,0,0,0,44,0,0,162,0,0,0,0,0,0,0,0,0,0,0,0,0,0,0,0,0,0,0,0,0
35791,0,0,0,41,61,0,0,0,0,0,0,0,0,0,0,0,0,0,0,0,0,0,0,0,0,0,0,0
539,0,0,0,41,72,93,56,0,0,0,0,0,0,0,0,0,16,0,0,0,0,0,31,0,0,0,0,0
330922,0,0,0,39,46,0,0,0,0,0,0,0,0,0,0,0,0,0,0,35,0,0,0,0,0,0,0,0
2211108,0,0,0,39,33,37,66,0,0,0,0,0,0,0,0,0,20,0,0,39,0,0,53,0,0,15,15,17
421115,0,0,0,39,19,0,29,0,0,0,0,0,0,0,0,0,110,0,0,0,0,0,0,0,0,0,0,0
2913503,0,0,0,39,33,26,95,0,0,0,0,0,0,0,0,0,39,0,188,0,0,0,37,0,0,0,0,0
2734088,0,0,0,39,61,0,0,0,0,0,0,0,0,0,0,0,0,0,0,0,0,0,0,0,0,0,0,0
2878151,0,0,0,38,49,84,49,0,0,0,0,0,0,0,0,0,0,0,0,0,0,0,303,0,0,0,0,0
356837,0,0,0,38,31,31,97,0,0,0,0,0,0,0,0,0,0,0,20,0,0,0,0,0,0,0,0,0
2904242,0,0,0,37,51,29,146,29,39,15,0,37,0,0,68,40,152,0,0,59,0,0,20,0,0,0,132,0
2897772,0,0,0,37,33,60,120,0,0,0,0,0,0,0,0,31,0,0,0,0,0,0,17,0,0,15,20,0
2954699,0,0,0,37,42,0,0,0,0,0,0,0,0,0,0,0,0,0,0,28,0,0,56,0,0,0,0,0
2794089,0,0,0,37,57,25,29,0,0,0,0,0,0,0,0,0,0,0,0,0,0,0,17,0,0,0,0,0
2835648,0,0,0,36,22,0,20,160,88,0,0,0,0,0,0,0,0,0,0,44,0,0,17,0,0,95,49,0
3133332,0,0,0,36,22,0,85,0,0,0,0,0,0,0,0,0,0,0,0,0,0,0,67,0,0,0,0,0
2575440,0,0,0,36,50,20,54,0,0,0,0,0,22,0,0,0,0,0,0,0,0,0,27,0,0,0,0,0
2109914,0,0,0,35,41,46,56,0,0,0,0,0,0,0,0,0,11,0,0,0,0,0,23,0,0,14,0,0
657323,0,0,0,34,0,0,0,0,0,0,0,0,0,0,0,0,0,0,0,0,0,0,0,0,0,0,0,0
444103,0,0,0,34,0,0,54,0,0,0,0,0,0,0,0,0,0,0,0,0,0,0,0,0,0,0,0,0
2851598,0,0,0,34,33,53,42,0,0,0,0,0,0,0,0,0,0,0,0,0,0,0,17,0,0,0,0,0
47989,0,0,0,34,24,33,73,0,0,0,0,0,0,0,0,0,0,0,0,0,0,0,0,0,0,0,0,0
712368,0,0,0,34,26,0,0,0,0,0,0,0,73,0,0,0,0,0,0,0,49,0,0,0,0,0,0,0
2975796,0,0,0,33,21,0,64,0,0,0,0,0,0,0,0,0,146,0,0,0,0,0,23,0,0,0,0,0
2975947,0,0,0,32,22,32,69,0,0,0,0,0,0,0,0,0,0,0,0,0,0,0,0,0,0,0,0,0
3125785,0,0,0,32,30,0,0,0,0,0,0,0,0,0,0,0,128,0,0,10,0,0,15,0,0,0,0,0
3230987,0,0,0,31,38,60,55,0,0,0,0,0,0,0,0,0,0,0,0,37,0,0,29,0,0,0,0,0
123899,0,0,0,31,40,51,83,0,38,32,0,0,0,0,0,0,0,0,17,0,0,0,15,0,0,0,0,0
66883,0,0,0,31,32,77,136,0,0,0,0,0,0,0,0,0,23,0,46,0,0,0,32,0,0,0,0,0
370524,0,0,0,31,46,64,69,0,0,0,0,0,0,0,0,0,0,0,0,0,0,0,18,0,0,0,0,0
1749,0,0,0,31,22,0,65,0,0,0,0,0,0,0,0,0,0,0,0,17,0,0,18,0,0,0,0,0
2447890,0,0,0,30,48,0,0,0,0,0,0,0,0,0,0,0,0,0,0,0,0,0,0,0,0,0,0,0
56459,0,0,0,30,56,25,62,0,0,0,0,0,11,0,0,0,0,0,0,0,0,0,55,0,0,0,0,0
33052,0,0,0,30,0,54,152,0,26,0,0,0,0,0,0,0,0,0,0,0,0,34,34,0,0,0,0,0
1855617,0,0,0,30,37,15,0,0,0,0,0,0,0,0,0,0,0,0,0,27,0,0,70,0,0,0,0,0
2565554,0,0,0,29,51,0,44,0,0,0,0,0,0,0,0,0,0,0,0,0,0,0,35,0,0,0,0,0
261292,0,0,0,29,26,0,21,0,11,0,0,0,0,0,0,0,0,0,0,11,0,0,31,0,0,0,0,0
2590020,0,0,0,29,49,34,0,0,0,0,0,0,0,0,0,0,0,0,0,215,0,0,24,0,0,53,53,45
2903659,0,0,0,29,14,27,53,0,0,0,0,0,0,0,0,0,0,0,0,0,0,0,17,0,0,0,203,33
139021,0,0,0,29,17,0,37,0,0,0,0,0,0,0,0,0,0,0,0,0,0,0,0,0,0,0,0,0
2920387,0,0,0,28,22,19,32,0,0,0,0,0,0,0,0,0,0,0,0,0,0,0,0,0,0,0,0,0
571124,0,0,0,28,37,18,35,0,0,0,0,0,0,0,0,0,0,0,0,0,0,0,15,0,0,0,0,0
2758442,0,0,0,28,0,0,79,0,0,0,0,0,0,0,0,0,0,0,0,0,0,0,11,0,0,0,0,0
2675523,0,0,0,28,36,18,31,0,0,0,0,0,0,0,0,0,0,0,0,0,0,0,0,0,0,0,0,0
53431,0,0,0,28,51,107,117,0,0,0,0,0,0,0,0,0,0,0,20,0,0,0,71,0,0,0,0,0
2903584,0,0,0,28,28,28,53,0,0,0,0,0,0,0,0,0,0,0,0,0,0,0,0,0,0,0,0,0
3100174,0,0,0,27,21,49,193,0,0,0,0,0,0,0,0,0,0,0,0,0,0,0,48,0,0,0,0,0
3017781,0,0,0,27,82,97,433,0,31,0,0,0,0,0,0,0,0,0,0,0,0,0,87,0,0,0,0,0
273677,0,0,0,27,17,14,68,0,0,0,0,0,0,0,0,0,0,0,19,0,0,0,0,0,0,0,0,0
2527691,0,0,0,26,0,18,51,0,0,0,0,0,0,0,0,0,104,0,0,39,0,0,11,0,0,16,0,11
451514,0,0,0,26,41,0,10,0,0,0,0,0,0,0,0,0,0,0,0,0,0,0,13,0,0,0,0,0
3081765,0,0,0,26,16,32,99,0,0,0,0,0,0,0,0,0,130,0,0,0,0,0,0,0,0,0,0,0
124798,0,0,0,26,19,0,18,0,0,0,0,0,0,0,0,0,0,0,0,0,0,0,33,0,0,0,0,0
3049047,0,0,0,26,0,21,36,0,0,0,0,0,0,0,0,0,0,0,0,0,0,0,0,0,0,0,0,0
2961599,0,0,0,26,24,26,45,0,0,0,0,0,0,0,0,0,0,0,0,0,0,0,27,0,0,0,0,0
3122079,0,0,0,25,20,14,28,0,0,0,0,0,0,0,0,0,0,0,0,0,0,0,25,0,0,0,0,0
208216,0,0,0,25,36,82,99,0,0,0,0,0,0,0,0,0,42,0,0,0,0,0,17,0,0,0,0,0
68212,0,0,0,25,26,38,73,0,0,0,0,0,0,0,0,28,173,0,0,0,0,0,19,0,0,0,0,0
1737425,0,0,0,25,41,17,26,0,0,0,0,0,0,0,0,0,0,0,0,0,0,0,50,0,0,0,0,0
2778058,0,0,0,24,21,0,0,0,0,0,0,0,0,0,0,0,0,0,0,0,0,0,21,0,0,0,0,0
2662363,0,0,0,24,18,22,22,0,0,0,0,0,0,0,0,0,0,0,0,0,0,17,0,0,19,0,0,0
2735868,0,0,0,24,32,0,0,0,0,0,0,0,0,0,0,0,0,0,0,0,0,0,64,0,0,0,0,0
2976015,0,0,0,24,24,87,138,0,0,0,0,0,0,0,0,0,0,0,0,0,0,0,15,0,0,0,0,0
2975769,0,0,0,24,21,13,88,12,0,0,0,0,0,0,0,0,0,0,0,0,0,0,14,0,0,0,0,0
3125779,0,0,0,24,32,18,52,0,0,0,0,0,0,0,0,0,0,0,0,0,0,0,19,0,0,0,0,0
3415677,0,0,0,24,40,47,41,0,0,0,0,0,0,0,0,0,11,0,0,0,0,0,64,0,0,0,0,0
1881017,0,0,0,23,21,13,40,0,0,0,0,0,0,0,0,0,0,0,0,0,0,0,14,0,0,11,0,0
2878388,0,0,0,23,13,53,127,0,0,0,0,0,0,0,0,0,0,0,21,0,0,0,15,0,0,0,0,0
441501,0,0,0,23,0,0,34,0,0,0,0,0,0,0,0,0,0,0,12,0,0,0,23,0,0,0,0,0
2865832,0,0,0,23,0,32,98,0,0,0,0,0,0,0,0,0,51,0,0,23,0,0,0,0,0,12,0,0
33910,0,0,0,23,24,33,88,0,0,0,0,0,0,0,0,0,13,0,0,0,0,0,0,0,0,0,0,0
2840457,0,0,0,23,22,52,134,0,0,0,0,0,0,0,0,0,0,0,18,0,0,0,20,0,0,0,0,0
566,0,0,0,22,37,39,65,0,0,0,0,0,0,0,0,0,0,0,0,22,0,0,13,0,0,0,21,0
1972068,0,0,0,22,30,39,201,0,0,0,0,0,0,0,0,0,34,0,0,10,0,0,0,0,0,0,0,0
2928154,0,0,0,22,17,0,0,16,28,0,0,0,0,0,0,0,89,0,0,28,0,0,44,0,0,0,0,0
2976809,0,0,0,22,39,0,0,0,21,0,0,0,0,0,0,0,0,0,0,0,0,0,24,0,0,0,0,0
2903787,0,0,0,22,20,0,67,0,0,0,0,0,0,0,0,0,0,0,0,0,0,0,20,0,0,0,0,0
2116510,0,0,0,22,11,11,30,0,0,0,0,0,0,0,0,0,0,0,0,0,0,0,0,0,0,0,0,0
2683590,0,0,0,22,22,65,58,0,0,0,0,0,0,0,0,0,0,0,0,0,0,0,25,0,0,0,0,0
2566013,0,0,0,22,0,21,79,0,0,0,0,0,0,0,0,0,0,0,0,0,0,0,11,0,0,0,0,0
3435883,0,0,0,22,21,20,82,0,17,0,0,0,0,0,0,0,80,0,0,31,0,0,109,0,0,0,0,0
35760,0,0,0,22,15,25,45,0,0,0,0,0,0,0,0,0,0,0,0,0,0,0,0,0,0,0,0,0
1280380,0,0,0,22,18,22,30,0,0,17,0,0,38,0,0,25,17,0,155,13,0,13,40,0,0,0,0,0
3077930,0,0,0,22,24,21,0,0,0,0,0,0,0,0,0,0,0,0,0,17,0,25,20,0,0,0,0,0
1775910,0,0,0,21,0,102,125,0,0,0,0,0,0,0,0,0,18,0,26,0,0,0,0,0,18,0,0,0
656178,0,0,0,21,42,0,65,0,0,0,0,0,0,0,0,0,0,0,0,0,0,0,0,0,0,19,0,0
68192,0,0,0,21,0,0,52,0,0,0,0,0,0,0,0,0,0,0,0,0,0,0,0,0,0,0,0,0
2654190,0,0,0,21,29,44,27,0,0,0,0,0,0,0,0,0,0,0,0,0,0,0,20,0,0,0,0,0
3039385,0,0,0,21,19,0,30,0,0,0,0,0,0,0,0,0,0,0,0,0,0,0,0,0,0,0,0,0
3416666,0,0,0,21,0,12,63,0,0,0,0,0,0,0,0,0,0,0,26,0,0,0,19,0,0,0,0,0
99653,0,0,0,21,17,14,58,0,0,0,0,0,0,0,0,0,0,0,0,15,0,0,13,0,0,0,0,0
3396619,0,0,0,21,46,42,54,0,0,0,0,0,0,0,0,0,0,0,0,0,0,0,42,0,0,0,0,0
340268,0,0,0,20,17,57,97,0,0,0,0,0,0,0,0,0,0,0,12,0,0,0,0,0,0,0,0,0
2494234,0,0,0,20,37,0,24,0,0,0,0,0,0,0,0,0,0,0,0,0,0,0,36,0,0,0,0,0
319501,0,0,0,20,26,0,19,0,0,0,0,0,0,0,0,0,0,0,0,0,0,0,16,0,0,0,0,0
2507582,0,0,0,20,41,0,40,18,25,0,0,0,0,0,0,0,0,0,0,0,0,0,13,0,0,0,0,0
38012,0,0,0,20,25,15,0,0,0,0,0,0,0,0,0,0,0,0,0,0,0,0,187,0,0,0,0,0
3422216,0,0,0,19,15,18,94,0,0,0,0,0,0,0,0,0,0,0,0,20,0,0,0,0,0,11,0,0
1849581,0,0,0,19,18,26,55,0,0,0,0,0,0,0,0,0,0,0,27,34,0,0,25,0,0,0,0,0
347534,0,0,0,19,26,0,57,0,0,0,0,0,0,0,0,0,0,0,0,0,0,0,17,0,0,0,0,0
2942908,0,0,0,19,26,18,16,0,0,0,0,0,0,0,23,0,0,0,15,0,0,0,16,0,0,0,0,0
3142977,0,0,0,19,27,0,60,0,0,0,0,0,0,0,0,0,0,0,63,0,0,0,20,0,0,0,0,0
3391614,0,0,0,19,18,36,133,0,18,0,0,0,0,0,0,0,13,0,17,0,0,0,0,0,0,0,0,0
83556,0,0,0,19,23,29,27,0,0,0,0,0,0,0,0,0,0,0,0,20,29,0,13,0,0,0,14,0
2975623,0,0,0,19,0,0,79,0,17,0,0,0,0,0,0,0,0,0,0,0,0,0,0,0,0,0,0,0
2975672,0,0,0,19,0,0,29,0,0,0,0,0,0,0,0,0,0,0,17,0,0,0,0,0,0,0,0,0
2810513,0,0,0,19,0,15,49,0,0,0,0,0,0,0,0,0,0,0,0,0,0,0,0,0,0,0,0,0
3289775,0,0,0,19,21,15,43,0,0,0,0,0,0,0,0,0,0,0,0,0,0,0,12,0,0,0,0,0
84110,0,0,0,19,37,13,10,0,0,0,0,0,0,0,0,0,0,0,0,0,0,0,0,0,0,0,11,0
1034015,0,0,0,19,25,42,39,0,0,0,0,0,0,0,0,0,0,0,0,0,0,0,15,0,0,0,0,0
3430798,0,0,0,19,44,23,12,0,0,0,0,0,0,0,0,0,0,0,0,0,0,0,12,0,0,0,0,0
507626,0,0,0,18,13,29,48,0,0,0,0,0,0,0,0,0,0,0,0,14,0,0,0,0,0,15,12,12
2183934,0,0,0,18,15,0,32,0,0,0,0,0,0,0,0,0,15,0,0,0,0,0,18,0,0,0,0,0
3028314,0,0,0,18,14,38,64,0,0,0,0,0,0,0,0,0,12,0,0,14,0,0,0,0,0,0,0,0
2587808,0,0,0,18,0,0,54,0,0,0,0,0,0,0,0,0,0,0,0,0,0,0,0,0,0,0,0,0
2697565,0,0,0,18,20,0,29,0,0,0,0,0,0,0,0,0,0,0,0,0,0,0,23,0,0,0,0,0
3240027,0,0,0,18,0,31,120,0,0,22,0,0,0,0,0,0,0,0,0,0,0,0,15,0,0,0,0,0
2708082,0,0,0,18,17,0,59,0,0,0,0,0,0,0,0,0,0,0,0,0,0,0,21,0,0,0,0,0
2878391,0,0,0,18,23,40,56,0,0,0,0,0,0,0,0,0,0,0,17,0,0,0,11,0,0,0,0,0
3059856,0,0,0,18,16,24,10,0,0,0,0,0,0,0,0,0,0,0,0,10,0,0,0,0,0,0,0,0
3043441,0,0,0,17,22,0,37,0,0,0,0,0,0,0,0,0,72,0,0,0,0,0,10,0,0,0,0,0
2698682,0,0,0,17,16,0,66,0,0,0,0,0,0,0,0,0,48,0,0,0,0,0,70,0,0,0,0,0
2069367,0,0,0,17,16,36,44,0,0,0,0,0,0,0,0,0,0,0,0,0,0,0,25,0,0,0,0,0
3394356,0,0,0,17,11,24,28,0,0,0,0,0,0,0,0,0,0,0,109,0,0,0,15,0,0,0,0,0
2135430,0,0,0,17,0,20,96,0,0,0,0,0,0,0,0,0,13,0,0,16,0,0,0,0,0,0,0,20
67282,0,0,0,17,13,15,58,0,0,0,0,0,0,0,0,0,0,0,0,0,0,0,0,0,0,0,0,0
3439530,0,0,0,17,21,21,91,0,0,0,0,0,0,0,0,0,0,0,0,0,0,0,0,0,0,0,0,0
98668,0,0,0,17,16,30,63,0,0,0,0,0,0,0,0,0,47,0,0,0,0,0,0,0,0,37,36,0
2499145,0,0,0,17,19,19,91,0,0,0,0,0,0,0,0,0,0,0,0,0,0,0,39,0,0,0,0,0
323415,0,0,0,16,21,46,107,0,13,0,0,0,0,0,0,0,15,0,0,0,0,0,11,0,0,0,0,0
3398208,0,0,0,16,39,0,0,0,0,0,0,0,0,0,0,0,0,0,0,0,0,0,86,0,0,0,0,0
3113984,0,0,0,16,0,0,64,0,0,0,0,0,0,0,0,0,0,0,0,0,0,0,0,0,0,0,0,0
2743470,0,0,0,16,32,38,127,0,22,0,0,0,0,0,0,0,0,0,0,22,0,0,24,0,0,20,12,0
3119007,0,0,0,16,19,43,254,0,0,14,0,0,0,0,0,0,0,0,0,0,0,0,0,0,0,0,0,0
3132938,0,0,0,16,0,18,48,0,0,0,0,0,0,0,0,0,0,0,11,0,0,0,0,0,0,0,0,0
110319,0,0,0,16,14,31,64,0,0,0,0,0,0,0,0,0,0,0,0,0,0,0,0,0,0,0,0,0
433659,0,0,0,16,15,34,81,0,0,0,0,0,0,0,0,19,42,0,11,0,0,0,0,0,0,0,0,0
2843215,0,0,0,16,0,30,122,0,0,0,0,0,0,0,0,0,12,0,17,21,0,0,0,0,0,10,0,0
3432289,0,0,0,16,12,0,0,0,0,0,0,0,0,0,0,0,0,0,0,0,0,0,18,0,0,0,0,0
2975049,0,0,0,15,25,18,35,0,0,0,0,0,0,0,0,0,33,0,0,21,0,0,0,0,0,0,0,0
2836161,0,0,0,15,0,0,0,0,0,0,0,0,0,0,0,0,0,0,55,0,0,0,0,0,0,0,0,0
136992,0,0,0,15,11,15,67,0,0,0,0,0,0,0,0,0,20,0,0,0,0,0,20,0,0,0,0,0
1549855,0,0,0,15,19,25,29,0,0,0,0,0,0,0,0,0,0,0,0,0,0,0,0,0,0,0,0,0
3036926,0,0,0,15,16,10,12,0,16,0,0,0,0,0,0,0,0,0,0,17,0,0,15,0,0,0,0,0
2047,0,0,0,15,29,31,1655,30,0,0,0,0,0,0,0,41,144,0,79,33,0,0,17,0,14,0,14,0
1772,0,0,0,15,13,27,98,0,32,0,0,0,0,0,0,0,0,0,20,22,0,0,19,0,0,0,0,0
860235,0,0,0,15,23,47,107,0,11,0,0,0,0,0,0,0,11,0,13,0,0,0,16,0,0,0,0,0
3428176,0,0,0,15,11,0,0,0,0,0,0,0,0,0,0,0,0,0,0,0,0,0,0,0,0,0,0,0
2944234,0,0,0,14,0,25,39,0,0,0,0,0,0,0,0,0,0,0,0,0,0,0,22,0,0,0,0,0
327160,0,0,0,14,15,46,107,0,0,0,0,0,0,0,0,0,0,0,0,0,0,0,0,0,0,0,0,0
1957,0,0,0,14,12,26,64,0,0,0,0,0,0,0,0,0,0,0,11,0,0,0,19,0,0,0,0,0
2898796,0,0,0,14,13,50,88,0,0,0,0,0,0,0,0,0,0,0,13,0,0,0,0,0,0,0,0,0
2678260,0,0,0,13,11,30,54,0,0,0,0,0,0,0,0,0,0,0,0,0,0,0,0,0,0,0,0,0
2775403,0,0,0,13,26,56,102,0,11,0,0,0,0,0,0,0,0,0,55,0,0,0,0,0,0,0,0,0
3039156,0,0,0,13,20,55,78,0,0,0,0,0,0,0,0,0,11,0,0,0,0,0,14,0,0,0,0,0
2653850,0,0,0,13,0,27,83,0,0,0,0,0,0,0,0,0,0,0,0,0,0,0,0,0,0,0,0,0
1267766,0,0,0,13,0,20,56,0,0,0,0,0,0,0,0,0,0,0,12,0,0,0,0,0,0,0,0,0
1851544,0,0,0,13,17,28,67,0,0,0,0,0,0,0,0,0,0,0,0,0,0,0,18,0,0,11,0,0
748247,0,0,0,13,40,87,142,0,0,0,0,0,0,0,0,0,0,0,29,0,0,0,44,0,0,0,0,0
326320,0,0,0,13,23,20,31,28,41,0,0,0,0,23,13,0,0,0,0,0,0,0,26,0,0,0,0,0
2807512,0,0,0,13,11,28,182,0,14,0,0,0,0,0,0,0,40,0,19,72,0,0,19,0,0,0,0,0
2802971,0,0,0,13,12,40,222,0,11,0,0,13,0,0,0,0,18,0,37,0,0,0,11,0,0,0,0,0
3028710,0,0,0,13,18,14,33,0,0,0,0,0,0,0,0,0,11,0,0,0,0,0,12,0,0,0,0,0
1915,0,0,0,13,14,26,56,12,0,0,0,0,0,0,0,0,0,0,0,0,0,0,17,0,0,0,0,0
81468,0,0,0,13,15,0,0,0,0,0,0,0,0,0,0,0,176,0,28,22,0,0,35,0,0,0,0,0
2733904,0,0,0,13,29,0,0,0,0,0,0,0,0,0,0,0,0,0,0,0,0,0,0,0,0,0,0,0
116759,0,0,0,13,17,0,0,0,0,0,0,0,0,0,0,0,0,0,0,16,0,0,0,0,0,0,0,0
3415679,0,0,0,12,12,15,54,0,0,0,0,0,0,0,0,0,0,0,0,0,0,0,0,0,0,0,0,0
2952527,0,0,0,12,0,32,59,0,0,0,0,0,0,0,0,0,0,0,0,0,0,0,0,0,0,0,0,0
318683,0,0,0,12,0,36,34,0,0,0,0,0,0,0,0,0,0,0,0,0,0,0,0,0,0,13,0,0
2576930,0,0,0,12,17,0,0,0,0,0,0,0,0,0,0,0,0,0,0,18,0,0,38,0,0,0,0,0
1472345,0,0,0,12,13,0,0,0,0,0,0,0,0,0,0,0,0,0,0,11,0,0,26,0,0,0,0,0
2940300,0,0,0,12,24,32,24,0,0,0,0,0,0,0,0,0,0,0,0,12,0,0,27,0,0,13,0,0
152142,0,0,0,12,19,18,63,0,0,0,0,0,0,0,0,0,0,0,10,0,0,0,14,0,0,0,0,0
2690837,0,0,0,12,13,14,41,0,0,0,0,0,0,0,0,0,0,0,18,0,0,0,12,0,0,0,0,0
1985176,0,0,0,12,19,0,0,0,0,0,0,0,0,0,0,0,0,0,0,0,0,0,0,0,0,0,0,0
29442,0,0,0,11,14,39,52,0,0,0,0,0,0,0,0,0,0,0,0,0,0,0,21,0,0,0,0,0
3423910,0,0,0,11,11,38,86,0,0,0,0,0,0,0,0,0,0,0,0,0,0,0,10,0,0,0,0,0
34061,0,0,0,11,0,13,0,0,0,0,0,0,0,0,0,0,21,0,0,32,0,0,16,0,0,0,11,10
266951,0,0,0,11,0,22,43,0,0,0,0,0,0,0,0,12,54,0,0,12,0,0,0,0,0,17,0,0
234827,0,0,0,11,30,0,0,0,0,0,0,0,0,0,0,0,0,0,0,16,0,0,19,0,0,15,10,0
1509244,0,0,0,11,13,30,22,0,0,0,0,0,0,0,0,0,12,0,0,19,0,0,15,0,0,14,0,12
879,0,0,0,11,14,61,39,0,0,0,0,0,0,0,0,0,0,0,0,27,0,0,15,0,0,0,0,0
3020900,0,0,0,11,11,21,13,0,0,0,0,0,0,0,0,0,0,0,0,44,0,0,20,10,0,29,27,12
459472,0,0,0,11,16,33,30,0,0,0,0,0,0,0,0,0,113,0,16,29,0,27,15,0,13,25,24,0
2498135,0,0,0,11,21,35,92,0,0,0,0,0,0,0,0,0,39,0,0,0,0,0,177,0,0,0,0,0
1442557,0,0,0,11,25,14,14,25,34,12,0,0,0,25,0,0,46,0,11,23,0,0,16,0,0,0,24,0
3398776,0,0,0,11,27,10,0,0,0,0,0,0,0,0,0,0,61,0,0,46,0,0,32,0,0,27,0,0
353800,0,0,0,11,11,0,17,0,0,0,0,0,0,0,0,0,0,0,0,0,0,0,0,0,0,0,0,0
2884876,0,0,0,11,12,0,35,0,0,0,0,0,0,0,0,0,0,0,0,21,0,0,13,0,0,0,0,0
3433590,0,0,0,11,0,0,0,0,0,0,0,0,0,0,0,0,0,0,0,0,0,0,0,0,0,0,0,0
3060801,0,0,0,11,12,0,0,0,0,0,0,0,0,0,0,0,0,0,0,0,0,0,0,0,0,0,0,0
2842348,0,0,0,10,0,21,40,0,0,0,0,0,0,0,0,0,0,0,23,0,0,0,0,0,0,0,0,0
2991500,0,0,0,10,16,0,0,0,0,0,0,0,0,0,0,0,0,0,0,0,0,0,0,0,0,0,0,0
3400272,0,0,0,10,10,20,35,0,0,0,0,0,0,0,0,0,0,0,0,0,0,0,0,0,0,0,0,0
1192162,0,0,0,10,0,22,57,0,0,0,0,0,0,0,0,0,0,0,0,0,0,0,10,0,0,0,0,0
28123,0,0,0,10,0,0,0,0,0,0,0,0,0,0,0,0,0,0,0,0,0,0,0,0,0,0,0,0
3040201,0,0,0,10,16,0,0,0,13,0,0,0,0,0,0,0,0,0,0,0,0,0,0,0,0,0,0,0
71667,0,0,0,10,23,22,17,0,0,0,0,0,0,0,0,0,0,0,0,10,0,0,13,0,0,0,0,0
2927975,0,0,0,10,11,21,49,0,0,0,0,0,0,0,0,0,63,0,11,12,0,0,16,0,0,0,11,0
471827,0,0,0,10,11,0,20,0,0,16,0,0,0,0,19,0,0,0,11,0,0,0,37,0,0,0,0,0
2709403,0,0,0,10,28,0,0,0,0,0,0,0,0,0,0,0,0,0,0,0,0,0,0,0,0,0,0,0
3038979,0,0,0,10,0,0,0,0,0,0,0,0,0,0,0,0,0,0,0,0,0,0,11,0,0,0,0,0
3415223,0,0,0,10,14,0,0,0,0,0,0,0,0,0,0,0,0,0,0,0,0,0,0,0,0,0,0,0
2975625,0,0,0,0,373,0,0,0,0,0,0,0,0,0,0,0,0,0,0,0,0,0,0,0,0,0,0,0
1141221,0,0,0,0,284,0,0,0,0,0,0,0,0,0,0,0,0,0,0,0,0,0,0,0,0,0,0,0
2730851,0,0,0,0,131,361,378,0,0,0,0,0,0,0,0,0,0,0,0,0,0,0,130,0,0,0,0,0
3133288,0,0,0,0,92,0,100,0,0,0,0,0,0,0,0,0,0,0,0,0,0,0,0,0,0,0,0,0
857252,0,0,0,0,81,58,121,0,0,0,0,0,0,0,0,0,0,0,0,0,0,0,0,0,0,0,0,0
3075825,0,0,0,0,80,0,0,0,0,0,0,0,0,0,0,0,0,0,0,0,0,0,130,0,0,0,0,0
3243379,0,0,0,0,70,0,0,0,0,0,0,0,0,0,0,0,0,0,0,0,0,0,0,0,0,0,0,0
2921631,0,0,0,0,61,0,0,0,0,0,0,0,0,0,0,0,0,0,0,0,0,0,0,0,0,0,0,0
664683,0,0,0,0,60,178,292,0,0,0,0,0,0,0,0,0,0,0,0,0,0,0,73,0,0,0,0,0
2953988,0,0,0,0,56,0,0,0,0,0,0,0,0,0,0,0,0,0,0,0,0,0,0,0,0,0,0,0
3066292,0,0,0,0,55,0,0,0,0,0,0,0,0,0,0,0,0,0,11,0,0,0,0,0,0,0,0,0
2420313,0,0,0,0,54,0,0,0,0,0,0,0,0,0,0,0,0,0,0,0,0,0,0,0,0,0,0,0
3243033,0,0,0,0,53,31,83,0,0,0,0,0,0,0,0,0,13,0,22,0,0,0,0,0,0,0,0,0
1921565,0,0,0,0,52,50,0,0,0,0,0,0,0,0,0,0,0,0,46,0,0,0,0,0,0,0,0,0
3438963,0,0,0,0,52,46,86,0,0,0,0,0,0,0,0,0,0,0,0,0,0,0,0,0,0,0,0,0
3151599,0,0,0,0,51,0,0,0,0,0,0,0,0,0,0,0,0,0,0,80,0,0,0,0,0,0,47,0
207340,0,0,0,0,51,149,190,0,0,0,0,0,0,0,0,0,0,0,29,26,0,0,24,0,0,0,0,0
363952,0,0,0,0,51,48,136,32,26,0,0,0,34,0,0,47,354,0,22,15,23,0,0,0,0,25,15,0
2921699,0,0,0,0,49,0,0,0,0,0,0,0,0,0,0,0,0,0,0,0,0,0,89,0,0,0,0,0
3004095,0,0,0,0,49,0,0,0,0,0,0,0,0,0,0,0,0,0,0,0,0,0,0,0,0,0,0,0
2855441,0,0,0,0,47,0,58,0,0,0,0,0,0,0,0,0,0,0,0,0,0,0,58,0,0,0,0,0
2854261,0,0,0,0,47,0,0,0,0,0,0,0,0,0,0,0,0,0,0,0,0,0,0,0,0,0,0,0
2954726,0,0,0,0,47,0,0,0,0,0,0,0,0,0,0,0,0,0,0,0,0,0,0,0,0,0,0,0
2107999,0,0,0,0,45,0,0,0,0,0,0,0,0,0,0,0,49,0,0,85,0,0,0,0,0,20,0,29
2057791,0,0,0,0,44,0,0,0,0,0,0,0,0,0,0,0,0,0,0,0,0,0,0,0,0,0,0,0
595468,0,0,0,0,42,0,0,0,0,0,0,0,0,0,0,0,61,0,0,0,0,0,0,0,0,0,0,0
2742129,0,0,0,0,39,32,48,0,0,0,0,0,0,0,0,0,0,0,0,0,0,0,0,0,0,0,0,0
3143936,0,0,0,0,39,24,59,0,0,0,0,0,0,0,0,0,0,0,0,0,0,0,16,0,0,0,0,0
3394334,0,0,0,0,38,0,0,0,0,0,0,0,0,0,0,0,0,0,0,0,0,0,0,0,0,0,0,0
3243376,0,0,0,0,37,136,149,0,421,0,0,0,0,0,0,0,0,0,0,0,0,0,250,0,0,0,0,0
481743,0,0,0,0,37,0,0,0,0,0,0,0,0,0,0,0,0,0,0,0,0,0,41,0,0,0,0,0
2975990,0,0,0,0,37,31,49,0,24,0,0,0,0,0,0,0,34,0,0,0,0,0,114,0,0,0,0,0
2917725,0,0,0,0,37,97,160,0,0,0,0,0,0,0,0,0,0,0,0,0,0,0,48,0,0,0,0,0
1652545,0,0,0,0,36,0,0,0,0,0,0,0,0,0,0,0,0,0,0,0,0,0,0,0,0,0,0,0
419476,0,0,0,0,36,89,128,0,0,0,0,0,0,0,0,28,0,0,24,0,0,0,32,0,0,0,0,0
2975948,0,0,0,0,36,0,183,0,0,0,0,0,0,0,0,0,0,0,0,0,0,0,0,0,0,0,0,0
3133287,0,0,0,0,35,0,86,16,0,0,0,0,0,0,0,0,0,0,0,0,0,0,0,0,0,0,0,0
2879149,0,0,0,0,34,0,0,0,0,0,0,0,0,0,0,0,0,0,0,0,0,0,15,0,0,0,0,0
2502979,0,0,0,0,33,0,85,0,0,0,0,0,0,0,0,0,0,0,0,0,0,0,0,0,0,0,0,0
42109,0,0,0,0,32,0,0,0,0,0,0,0,0,0,0,0,0,0,0,0,0,0,16,0,27,0,0,0
195498,0,0,0,0,32,39,0,14,37,0,0,0,0,0,0,0,0,0,0,0,0,0,0,0,0,0,0,0
3096219,0,0,0,0,32,13,16,0,0,0,0,0,0,0,0,0,0,0,30,41,17,0,22,0,0,20,21,14
2732364,0,0,0,0,31,0,0,0,0,0,0,0,0,0,0,0,0,0,0,0,0,0,0,0,0,0,0,0
2931390,0,0,0,0,31,61,130,0,0,0,0,0,0,0,0,0,12,0,14,0,0,0,0,0,0,0,0,0
2583532,0,0,0,0,30,104,128,14,0,0,0,0,0,0,0,0,0,0,0,0,0,0,0,0,0,0,0,0
3049086,0,0,0,0,30,0,0,0,0,0,0,0,0,0,0,0,0,0,0,0,0,0,0,0,0,0,0,0
2744574,0,0,0,0,30,28,37,0,0,0,0,0,0,0,0,0,0,0,0,0,0,0,0,0,0,0,0,0
3166650,0,0,0,0,30,0,0,0,0,0,0,0,0,0,0,0,0,0,0,0,0,0,0,0,0,0,0,0
622,0,0,0,0,29,0,0,0,0,0,0,0,0,0,0,0,0,0,0,0,0,0,24,0,0,0,0,0
1906272,0,0,0,0,29,0,0,0,0,0,0,0,0,0,0,0,39,0,0,0,0,0,46,0,0,0,0,0
2975923,0,0,0,0,28,0,40,0,0,0,0,0,0,0,0,0,0,0,0,0,0,0,0,0,0,0,0,0
2971912,0,0,0,0,27,0,0,0,0,0,0,0,0,0,0,0,66,0,0,0,0,0,12,0,0,0,0,0
556533,0,0,0,0,27,61,106,0,0,0,0,0,0,0,0,23,125,0,0,0,0,0,13,0,0,0,0,0
2942997,0,0,0,0,27,0,0,0,0,0,0,0,0,0,0,0,0,0,0,0,0,0,53,0,0,0,0,0
2835531,0,0,0,0,27,62,80,0,0,0,0,0,0,0,0,0,49,0,0,89,0,0,1051,0,0,0,50,67
216465,0,0,0,0,26,21,54,0,0,0,0,0,0,0,0,0,0,0,11,0,0,0,0,0,0,0,0,0
3133277,0,0,0,0,26,0,49,0,0,0,0,0,0,0,0,0,0,0,0,16,47,0,0,0,0,0,0,0
3414159,0,0,0,0,26,0,0,0,0,0,0,0,0,0,0,0,0,0,0,0,0,0,0,0,0,0,0,0
3238630,0,0,0,0,26,0,40,0,0,0,0,0,0,0,0,222,91,0,0,0,0,0,23,0,0,0,0,0
2830983,0,0,0,0,26,14,16,0,0,0,0,0,0,0,0,0,0,0,0,19,0,0,0,0,31,0,0,0
3073064,0,0,0,0,26,14,81,0,0,0,0,0,0,0,0,0,0,0,0,0,0,0,0,0,0,0,0,0
2083786,0,0,0,0,25,34,69,16,28,0,0,0,0,12,0,0,0,0,0,0,0,0,0,0,0,0,0,0
2777984,0,0,0,0,25,0,0,0,0,0,0,0,0,0,0,0,36,0,0,35,0,0,0,0,0,0,0,0
3238801,0,0,0,0,25,34,114,0,26,0,0,0,0,0,0,0,0,0,52,0,0,0,0,0,0,0,0,0
169427,0,0,0,0,24,81,0,0,0,0,0,0,0,0,0,0,0,0,0,0,0,0,0,0,0,0,0,0
2870339,0,0,0,0,24,0,36,0,0,0,0,0,0,0,0,0,0,0,0,0,0,0,19,0,0,0,0,0
3152363,0,0,0,0,24,41,109,0,0,0,0,0,0,0,0,0,0,0,0,0,0,0,150,0,0,0,0,0
3059713,0,0,0,0,24,0,0,0,0,0,0,0,0,0,0,0,0,0,0,0,0,0,0,0,0,0,0,0
341027,0,0,0,0,23,0,0,0,0,0,0,0,0,0,0,0,83,0,0,37,0,0,49,0,0,0,0,0
2705439,0,0,0,0,23,0,0,0,0,0,0,0,0,0,0,0,59,0,0,33,0,0,0,0,0,0,0,0
155177,0,0,0,0,23,25,65,0,0,0,0,0,0,0,0,0,0,0,0,0,0,0,68,0,27,0,0,0
3139324,0,0,0,0,23,0,0,0,0,0,0,0,0,0,0,0,28,0,0,0,0,0,0,0,0,0,0,0
769,0,0,0,0,22,30,22,0,0,0,0,0,0,0,0,0,0,0,0,0,0,0,0,0,0,0,0,0
2860286,0,0,0,0,22,95,77,0,0,0,0,0,0,0,0,0,0,0,0,0,0,0,0,0,0,0,0,0
2843197,0,0,0,0,22,26,69,0,0,0,0,0,0,0,0,0,17,0,0,0,0,0,25,0,0,0,0,0
1725411,0,0,0,0,22,18,85,0,0,0,0,0,0,0,0,0,0,0,0,0,0,0,0,0,0,0,0,0
710705,0,0,0,0,22,17,58,0,0,0,0,0,0,0,0,0,0,0,15,0,0,19,19,0,14,0,0,0
1944,0,0,0,0,22,19,59,0,0,0,0,0,0,0,0,0,0,0,0,0,0,0,0,0,0,0,0,0
2742639,0,0,0,0,21,0,0,0,0,0,0,0,0,0,0,0,0,0,0,0,0,0,0,0,0,0,0,0
370038,0,0,0,0,21,29,70,0,19,0,0,0,0,0,0,0,0,0,62,0,0,0,0,0,0,0,0,0
2018025,0,0,0,0,21,50,135,0,0,0,0,0,0,0,0,28,132,0,18,0,0,0,0,0,0,0,0,0
2483798,0,0,0,0,21,52,84,0,0,0,0,0,0,0,0,0,0,0,0,0,0,0,10,0,0,0,0,0
404386,0,0,0,0,21,55,163,0,23,34,0,0,0,0,0,21,0,0,0,21,0,0,12,0,0,0,0,0
416273,0,0,0,0,21,18,20,0,0,0,0,0,0,0,0,0,0,0,0,0,0,0,21,0,0,0,0,0
2806615,0,0,0,0,20,0,0,0,0,0,0,0,0,0,0,0,0,0,0,0,0,0,22,0,0,0,0,0
3384452,0,0,0,0,20,22,28,0,0,0,0,0,0,0,0,0,0,0,0,0,0,0,0,0,0,0,0,0
65656,0,0,0,0,20,34,74,0,16,0,0,0,0,0,0,0,0,0,0,0,0,0,0,0,0,0,0,0
3344655,0,0,0,0,20,14,45,0,0,0,0,0,0,0,0,0,0,0,0,0,0,0,18,0,0,0,0,0
1520670,0,0,0,0,20,16,19,0,0,0,0,0,0,0,0,0,0,0,0,0,0,0,0,0,0,0,0,0
3377110,0,0,0,0,20,0,25,0,0,0,0,0,0,0,0,0,0,0,0,0,0,0,110,0,0,0,0,0
3156489,0,0,0,0,19,19,0,0,0,0,0,0,0,0,0,0,24,0,0,30,0,0,111,0,0,0,0,0
2921720,0,0,0,0,19,0,0,0,0,0,0,0,0,0,0,0,0,0,0,0,0,0,0,0,0,0,0,0
3235037,0,0,0,0,19,21,0,0,0,0,0,0,0,0,0,0,0,0,0,0,0,0,0,0,0,24,0,0
3435889,0,0,0,0,19,31,54,0,0,0,0,0,14,0,0,0,47,0,21,0,0,0,16,0,0,0,0,0
408015,0,0,0,0,19,0,0,0,0,0,0,0,0,0,0,0,0,0,0,0,0,0,0,0,0,0,0,0
2886940,0,0,0,0,19,0,0,0,0,0,0,0,0,0,0,0,0,0,0,0,0,0,19,0,0,0,0,0
199591,0,0,0,0,19,36,82,0,0,0,0,0,0,0,0,0,0,0,27,0,0,0,13,0,0,0,0,0
3024246,0,0,0,0,19,23,70,0,0,0,0,0,0,0,0,0,0,0,17,0,0,0,0,0,0,0,0,0
160826,0,0,0,0,19,60,102,52,46,0,0,0,0,29,0,0,0,0,13,0,0,0,18,0,0,0,0,0
3041175,0,0,0,0,19,0,30,0,0,0,0,0,0,0,0,0,0,0,0,0,0,0,0,0,0,0,0,0
2956579,0,0,0,0,19,0,0,0,0,0,0,0,0,0,0,0,0,0,0,0,0,0,0,0,0,0,0,0
1867408,0,0,0,0,18,12,51,0,0,0,0,0,0,0,0,0,0,0,0,0,0,0,0,0,0,0,0,0
1758194,0,0,0,0,18,123,241,0,0,0,0,0,0,0,0,0,87,0,0,0,0,0,14,0,0,0,0,0
1592323,0,0,0,0,18,0,89,0,0,0,0,0,0,0,0,0,0,0,18,0,0,0,19,0,0,0,0,0
1682113,0,0,0,0,18,24,71,0,0,0,0,0,0,0,0,0,0,0,32,0,0,0,0,0,0,0,0,0
2733654,0,0,0,0,18,0,0,0,0,0,0,0,0,0,0,0,0,0,0,0,0,0,0,0,0,0,0,0
47879,0,0,0,0,17,0,37,0,0,0,0,0,11,0,0,0,0,0,0,11,0,0,0,0,0,0,0,0
85401,0,0,0,0,17,0,0,0,0,0,0,0,0,0,0,0,0,0,0,0,0,21,0,0,0,0,0,0
1769779,0,0,0,0,17,12,90,0,12,25,0,0,0,0,0,0,13,0,12,20,0,0,12,0,0,0,0,0
2879116,0,0,0,0,17,0,37,0,0,0,0,0,0,0,0,0,0,0,0,0,0,0,0,0,0,0,0,0
3017325,0,0,0,0,17,71,88,0,0,0,0,0,0,0,0,0,0,0,0,0,0,0,0,0,0,0,0,0
3015997,0,0,0,0,17,25,62,0,0,0,0,0,0,0,0,0,14,0,0,0,0,0,61,0,0,0,0,0
57975,0,0,0,0,17,101,1178,0,13,0,0,0,0,0,0,0,0,0,21,43,0,0,21,0,0,0,33,33
434008,0,0,0,0,17,76,152,0,0,0,0,0,0,0,0,0,0,0,283,0,0,0,19,0,0,0,0,17
3236805,0,0,0,0,17,18,44,0,0,0,0,0,0,0,0,0,14,0,0,0,0,0,17,0,0,0,0,0
2772253,0,0,0,0,17,0,44,0,0,0,0,0,0,0,0,0,0,0,0,0,0,0,0,0,0,0,0,0
2942909,0,0,0,0,17,21,68,0,0,0,0,0,0,0,0,0,0,0,0,0,0,0,0,0,0,0,0,0
2978047,0,0,0,0,17,0,0,0,0,0,0,0,0,0,0,0,0,0,14,0,0,0,0,0,0,0,0,0
2956308,0,0,0,0,17,0,0,0,0,0,0,0,0,0,0,0,0,0,0,0,0,0,0,0,0,0,0,0
1351702,0,0,0,0,17,12,11,0,0,0,0,0,0,0,0,0,0,0,0,0,0,0,0,0,0,0,0,0
1511895,0,0,0,0,17,17,0,0,0,0,0,0,0,0,0,0,0,0,0,0,0,0,0,0,0,0,0,0
2605945,0,0,0,0,16,29,44,0,0,0,0,0,0,0,0,0,18,0,0,23,0,0,119,0,0,0,0,0
1457153,0,0,0,0,16,12,0,0,0,0,0,0,0,0,0,0,52,0,0,16,0,0,21,0,0,0,0,0
33040,0,0,0,0,16,0,0,0,0,0,0,0,0,0,0,0,0,0,0,0,0,0,108,0,0,0,0,0
1266771,0,0,0,0,16,33,48,0,0,0,0,0,0,0,0,0,0,0,0,0,0,0,0,0,0,0,0,0
1276,0,0,0,0,16,49,126,0,21,0,0,0,0,0,0,0,0,0,15,0,0,0,13,0,0,0,0,0
53359,0,0,0,0,16,26,117,0,0,0,0,0,0,0,0,0,0,0,0,0,0,0,0,0,0,0,18,19
2571748,0,0,0,0,15,18,74,0,0,0,0,0,0,0,0,0,11,0,15,12,0,0,0,0,0,12,29,0
2026239,0,0,0,0,15,0,22,0,0,0,0,0,0,0,0,0,0,0,0,10,0,0,0,0,0,0,0,0
153493,0,0,0,0,15,25,19,16,18,0,0,0,0,0,0,0,0,0,0,16,0,0,61,0,0,0,0,0
85991,0,0,0,0,15,0,0,0,0,0,0,0,0,0,0,16,0,0,0,0,0,13,15,0,10,0,0,0
333367,0,0,0,0,15,0,0,0,0,0,0,0,0,0,0,29,191,0,19,19,0,0,0,0,0,0,0,0
2080742,0,0,0,0,15,13,56,0,0,0,0,0,0,0,0,0,0,0,0,0,0,0,0,0,0,0,0,0
2951806,0,0,0,0,15,40,113,0,0,0,14,0,0,0,0,0,0,0,25,0,0,0,0,0,0,0,0,0
3073066,0,0,0,0,15,49,91,0,17,0,0,0,0,0,0,0,0,0,60,0,0,0,10,0,0,0,0,0
3349638,0,0,0,0,15,28,80,0,0,0,0,0,0,0,0,0,0,0,0,0,0,0,15,0,0,0,0,0
317577,0,0,0,0,15,12,27,0,0,0,0,0,0,0,0,0,0,0,0,0,0,0,12,0,0,0,0,0
1552990,0,0,0,0,15,27,42,0,0,0,0,0,0,0,0,0,0,0,18,0,0,0,0,0,0,0,0,0
2845949,0,0,0,0,15,0,0,0,0,0,0,0,0,0,0,0,0,0,0,0,0,0,20,0,0,0,0,0
3048452,0,0,0,0,15,21,0,0,0,0,0,0,0,0,0,0,0,0,0,0,0,0,0,0,0,0,0,0
29471,0,0,0,0,14,0,23,0,0,0,0,0,0,0,0,0,29,0,0,49,0,0,23,0,0,13,18,13
747457,0,0,0,0,14,0,0,0,0,0,0,0,0,0,0,0,0,0,0,0,0,0,0,0,0,0,0,0
2919598,0,0,0,0,14,11,0,0,0,0,0,0,0,0,0,0,39,0,0,19,0,0,27,0,0,0,0,0
2995169,0,0,0,0,14,54,67,0,0,0,0,0,0,0,0,0,19,0,12,0,0,0,0,0,0,0,0,0
2774189,0,0,0,0,14,14,23,0,0,0,0,0,0,0,0,0,14,0,0,0,0,0,0,0,0,0,0,0
3140381,0,0,0,0,14,0,46,0,0,0,0,0,0,0,0,0,0,0,14,0,0,0,0,0,0,0,0,0
1218492,0,0,0,0,14,13,0,0,0,0,0,0,0,0,0,0,0,0,0,0,0,0,0,0,0,0,0,0
2108523,0,0,0,0,14,12,22,0,0,0,0,0,0,0,0,0,0,0,0,11,0,0,0,0,0,0,0,0
2903760,0,0,0,0,14,50,69,0,0,0,0,0,0,0,0,0,0,0,0,0,0,0,18,0,0,0,0,0
47759,0,0,0,0,14,26,71,0,0,0,0,0,0,0,0,0,11,0,0,0,0,0,15,0,0,0,0,0
3028316,0,0,0,0,14,0,22,0,0,0,0,0,0,0,0,0,0,0,0,0,0,0,0,0,0,0,0,0
3144669,0,0,0,0,14,23,36,0,0,0,0,0,0,0,0,0,0,0,0,0,0,0,12,0,0,0,0,0
300560,0,0,0,0,14,0,58,0,0,0,0,0,0,0,0,0,12,0,0,0,0,0,0,0,0,0,0,0
2509457,0,0,0,0,14,32,83,0,0,0,0,0,0,0,0,0,0,0,0,0,0,0,0,0,0,0,0,0
318424,0,0,0,0,14,21,87,0,18,0,0,0,0,0,0,0,0,0,29,0,0,0,0,0,0,0,0,0
57497,0,0,0,0,14,14,21,0,0,0,0,0,0,0,0,0,29,0,0,0,0,0,15,0,0,0,0,0
869889,0,0,0,0,14,0,38,0,0,0,0,0,0,0,0,0,0,0,0,0,0,0,0,0,0,0,0,0
871584,0,0,0,0,14,0,0,0,0,0,0,0,0,0,0,0,0,0,0,0,0,0,0,0,0,0,0,0
3426936,0,0,0,0,14,0,0,0,0,0,0,0,0,0,0,0,0,0,0,0,0,0,0,0,0,0,0,0
2986947,0,0,0,0,13,27,30,0,0,0,0,0,0,0,0,0,0,0,0,0,0,0,12,0,0,0,0,0
158627,0,0,0,0,13,0,20,16,17,0,0,0,0,0,0,0,0,0,0,14,0,0,12,0,0,0,0,0
2501295,0,0,0,0,13,15,29,0,0,0,0,0,0,0,0,0,0,0,0,10,0,0,0,0,0,0,0,0
2992143,0,0,0,0,13,24,35,0,0,0,0,0,0,0,0,0,0,0,0,14,0,0,13,0,0,20,21,0
698828,0,0,0,0,13,0,30,0,0,0,0,0,0,0,0,0,0,0,52,0,0,0,0,0,0,0,0,0
70856,0,0,0,0,13,0,25,0,0,0,0,0,0,0,0,0,0,0,0,0,0,0,0,0,0,0,0,0
445709,0,0,0,0,13,24,52,0,0,0,0,0,0,0,0,0,62,0,0,0,0,0,19,0,0,0,0,0
2937774,0,0,0,0,13,14,16,0,0,0,0,0,0,0,0,0,62,0,0,0,0,0,37,0,0,0,0,0
28128,0,0,0,0,13,0,0,0,0,0,0,0,0,0,0,0,12,0,0,0,0,0,0,0,0,0,0,0
100716,0,0,0,0,13,0,18,31,35,11,0,0,0,23,0,0,53,0,0,16,0,0,41,0,0,0,0,0
3058419,0,0,0,0,13,21,60,0,0,0,0,0,0,0,0,0,0,0,15,0,0,0,0,0,0,0,0,0
1962974,0,0,0,0,13,15,71,0,0,0,0,0,0,0,0,0,0,0,0,0,0,0,0,0,0,0,0,0
67304,0,0,0,0,13,56,157,49,77,35,0,0,0,24,0,21,698,0,19,75,0,0,65,0,0,29,22,34
2567881,0,0,0,0,13,20,58,0,0,0,0,0,0,0,0,0,0,0,0,0,0,0,0,0,0,0,0,0
75294,0,0,0,0,13,26,41,0,0,0,0,0,0,0,0,0,0,0,0,0,0,0,29,0,0,0,0,0
1852377,0,0,0,0,13,0,0,0,0,0,0,0,0,0,0,0,0,0,0,0,0,0,0,0,0,0,0,0
547987,0,0,0,0,13,0,0,11,12,11,0,0,0,0,0,0,62,0,0,0,0,0,15,0,0,0,0,0
3060070,0,0,0,0,13,18,0,0,0,0,0,0,0,0,0,0,11,0,0,0,0,0,0,0,0,10,0,0
1166130,0,0,0,0,12,0,0,0,0,0,0,0,0,0,0,0,49,0,0,0,0,0,0,0,0,0,0,0
2006110,0,0,0,0,12,18,61,0,0,0,0,0,0,0,0,0,0,0,0,0,0,0,22,0,0,0,0,0
396595,0,0,0,0,12,14,71,0,0,0,0,0,0,0,0,0,0,0,0,0,0,0,0,0,0,0,0,0
2698684,0,0,0,0,12,20,69,0,0,0,0,0,0,0,0,0,0,0,0,25,0,0,0,0,0,0,0,0
2984322,0,0,0,0,12,16,43,0,0,0,0,0,0,0,0,0,0,0,0,0,0,0,159,0,0,0,0,0
945844,0,0,0,0,12,22,56,0,0,0,0,0,0,0,0,0,40,0,0,0,0,0,0,0,0,0,0,0
3383024,0,0,0,0,12,0,13,0,0,0,0,0,0,0,0,0,0,0,0,0,0,0,14,0,0,0,0,0
2975689,0,0,0,0,12,18,38,0,0,0,0,0,0,0,0,0,0,0,0,0,0,0,0,0,0,0,0,0
3228804,0,0,0,0,12,14,60,0,0,0,0,0,0,0,0,0,0,0,0,0,0,0,0,0,0,0,0,0
455344,0,0,0,0,12,40,80,28,28,0,0,0,0,19,0,0,0,0,24,0,0,0,11,0,0,0,0,0
2937801,0,0,0,0,12,25,58,21,18,12,0,0,0,0,0,0,14,0,11,17,0,0,0,0,0,11,14,0
3108224,0,0,0,0,12,16,56,0,0,0,0,0,0,0,0,0,0,0,0,0,0,0,0,0,0,0,0,0
163003,0,0,0,0,12,0,0,0,0,0,0,0,0,0,0,0,0,0,0,0,0,0,0,0,0,0,0,0
2846436,0,0,0,0,12,11,0,0,0,0,0,0,0,0,0,0,0,0,0,0,0,0,26,0,0,0,0,0
3433539,0,0,0,0,12,0,0,0,0,0,0,0,0,0,0,0,0,0,0,0,0,0,0,0,0,0,0,0
67780,0,0,0,0,11,0,42,0,0,0,0,0,0,0,0,0,0,0,0,0,0,0,16,0,0,0,0,0
2866808,0,0,0,0,11,11,37,0,0,0,0,0,0,0,0,0,33,0,0,0,0,10,493,0,0,0,0,0
321846,0,0,0,0,11,17,23,0,0,0,0,0,0,0,0,0,0,0,0,0,0,0,0,0,0,0,0,0
3075430,0,0,0,0,11,25,62,0,0,0,0,0,0,0,0,0,0,0,0,0,0,0,0,0,0,0,0,0
1427356,0,0,0,0,11,40,72,0,0,0,0,0,0,0,0,0,0,0,14,0,0,0,13,0,0,0,0,0
2753607,0,0,0,0,11,45,104,0,0,14,0,0,0,0,0,0,0,0,26,48,0,0,0,0,0,0,0,0
1261635,0,0,0,0,11,13,0,0,0,0,0,0,0,0,0,0,11,0,0,34,0,0,41,0,0,0,11,0
2714934,0,0,0,0,11,0,15,0,0,0,0,0,0,0,0,0,0,0,0,14,0,0,0,0,0,12,0,0
2943498,0,0,0,0,11,15,22,0,0,0,0,0,0,0,0,0,0,0,0,0,0,0,14,0,0,0,0,0
3056937,0,0,0,0,11,0,48,0,0,0,0,0,0,0,0,0,0,0,14,0,0,0,0,0,0,0,0,0
1534348,0,0,0,0,11,30,39,0,0,0,0,0,0,0,0,0,0,0,0,0,0,0,17,0,0,0,0,0
155976,0,0,0,0,11,24,90,0,0,0,0,0,0,0,0,0,0,0,14,0,0,0,10,0,0,0,0,0
78258,0,0,0,0,11,0,0,0,0,0,0,0,0,0,0,0,0,0,0,0,0,0,0,0,0,0,0,0
1448929,0,0,0,0,11,0,10,0,0,0,0,0,0,0,0,0,0,0,0,29,0,11,11,10,0,0,0,0
2955383,0,0,0,0,11,0,0,0,0,0,0,0,0,0,0,0,0,0,0,0,0,0,12,0,0,0,0,0
86173,0,0,0,0,10,15,63,0,0,0,0,0,0,0,0,0,25,0,0,0,0,0,10,0,0,0,0,0
3057550,0,0,0,0,10,0,21,0,0,0,0,0,0,0,0,0,12,0,0,0,0,21,0,0,11,0,0,0
2569862,0,0,0,0,10,56,64,0,0,13,0,0,0,0,0,0,0,0,0,0,0,0,0,0,0,0,0,0
2732067,0,0,0,0,10,51,125,0,0,0,0,0,0,0,0,0,0,0,0,0,0,0,12,0,0,0,0,0
297,0,0,0,0,10,0,191,0,0,0,0,0,0,0,0,0,0,0,0,13,0,0,0,0,0,10,0,0
2527989,0,0,0,0,10,21,184,0,12,0,0,0,0,0,0,0,0,0,30,39,0,0,0,0,0,0,0,0
52773,0,0,0,0,10,0,0,0,0,0,0,0,0,0,0,0,0,0,0,0,0,0,0,0,0,0,0,0
2997339,0,0,0,0,10,23,111,0,0,0,0,0,0,0,0,0,0,0,20,0,0,0,0,0,0,0,0,0
59930,0,0,0,0,10,20,131,0,0,0,0,0,0,0,0,0,0,0,17,0,0,0,0,0,0,0,0,0
651822,0,0,0,0,10,20,21,0,0,0,0,0,0,0,0,0,0,0,0,0,0,0,0,0,0,0,0,0
54259,0,0,0,0,10,0,0,0,0,0,0,0,0,0,0,14,96,0,0,30,0,0,0,14,18,28,38,0
1984781,0,0,0,0,10,0,0,0,0,0,0,0,0,0,0,0,0,0,0,0,0,0,0,0,0,0,0,0
3430779,0,0,0,0,10,0,0,0,0,0,0,0,0,0,0,0,0,0,0,0,0,0,0,0,0,0,0,0
3432517,0,0,0,0,10,0,0,0,0,0,0,0,0,0,0,0,0,0,0,0,0,0,0,0,0,0,0,0
3052803,0,0,0,0,10,0,0,0,0,0,0,0,0,0,0,0,0,0,0,0,0,0,0,0,0,0,0,0
3428771,0,0,0,0,10,0,0,0,0,0,0,0,0,0,0,0,0,0,0,0,0,0,0,0,0,0,0,0
3074094,0,0,0,0,0,2619,0,0,0,0,0,0,0,0,0,0,0,0,0,0,0,0,0,0,0,0,0,0
2903809,0,0,0,0,0,422,352,0,0,0,0,0,0,0,0,0,0,0,692,0,0,0,0,0,0,0,0,0
2803751,0,0,0,0,0,415,26,0,18,0,0,0,0,0,0,0,0,0,0,0,0,0,0,0,0,0,0,0
2954530,0,0,0,0,0,273,0,0,0,0,0,0,0,0,0,0,0,0,0,0,0,0,0,0,0,0,0,0
1503041,0,0,0,0,0,257,177,0,0,0,0,0,0,0,0,0,11,0,4453,14,0,0,10,0,0,0,0,0
2811482,0,0,0,0,0,231,0,0,0,0,0,0,0,0,0,0,0,0,0,0,0,0,0,0,0,0,0,0
68213,0,0,0,0,0,222,292,224,453,313,0,0,0,121,128,0,0,0,0,0,0,90,0,131,105,0,0,0
2975717,0,0,0,0,0,203,230,0,0,0,0,0,0,0,0,0,0,0,0,0,0,0,0,0,0,0,0,0
1678309,0,0,0,0,0,174,116,0,0,0,0,0,0,0,0,0,0,0,0,67,0,0,31,0,0,75,69,0
2782213,0,0,0,0,0,166,0,0,0,0,0,0,0,0,0,0,0,0,0,0,0,16,0,0,0,0,0,0
107400,0,0,0,0,0,154,148,0,0,0,0,0,0,0,0,0,107,0,70,0,0,0,0,0,29,0,0,0
199592,0,0,0,0,0,139,152,0,0,0,0,0,0,0,0,0,0,0,0,0,0,0,0,0,0,0,0,0
43774,0,0,0,0,0,138,56,0,0,0,0,0,0,0,0,0,0,0,0,0,0,0,0,0,0,0,0,0
103816,0,0,0,0,0,134,355,0,0,0,0,0,0,0,0,0,0,0,95,120,0,0,71,0,0,56,0,0
2681547,0,0,0,0,0,133,153,0,0,0,0,0,0,0,0,0,0,0,0,0,0,0,0,0,0,0,0,0
2921427,0,0,0,0,0,128,0,0,0,0,0,0,0,0,0,0,0,0,0,0,0,0,0,0,0,0,0,0
465797,0,0,0,0,0,124,112,0,0,0,0,0,0,0,0,0,0,0,0,0,0,0,150,0,0,0,0,0
2744522,0,0,0,0,0,123,141,0,0,0,0,0,0,0,0,0,0,0,0,0,0,0,38,0,0,0,0,0
2956833,0,0,0,0,0,121,0,0,0,0,0,0,0,0,0,0,0,0,0,0,0,0,0,0,0,0,0,0
82367,0,0,0,0,0,117,265,0,0,0,0,0,0,0,0,0,0,0,0,0,0,0,0,0,0,0,0,0
2861800,0,0,0,0,0,116,120,0,0,0,0,0,0,0,0,0,0,0,0,0,0,0,0,0,0,0,0,0
1799667,0,0,0,0,0,112,0,0,0,0,0,0,0,0,0,0,0,0,0,71,0,0,0,0,0,0,0,0
1332080,0,0,0,0,0,111,175,28,0,0,0,0,0,0,0,0,97,0,65,44,0,0,0,0,0,0,0,0
151081,0,0,0,0,0,109,60,0,0,0,0,0,41,0,0,0,0,0,0,0,21,0,19,0,0,0,0,0
3240102,0,0,0,0,0,107,0,0,0,0,0,0,0,0,0,0,0,0,0,0,0,0,0,0,0,0,0,0
2724151,0,0,0,0,0,105,0,0,0,0,0,0,0,0,0,0,0,0,0,0,0,0,0,0,0,0,0,0
28104,0,0,0,0,0,103,107,0,41,0,0,0,0,0,0,0,0,0,0,15,0,0,11,0,0,0,0,0
3234198,0,0,0,0,0,103,128,0,0,0,0,0,0,0,0,0,0,0,0,0,0,0,0,0,0,0,0,0
3160608,0,0,0,0,0,103,87,0,0,0,0,0,0,0,0,0,0,0,0,0,0,0,0,0,0,0,0,0
2613770,0,0,0,0,0,101,60,0,0,0,0,0,0,0,0,0,0,0,0,0,0,0,0,0,0,0,0,0
304378,0,0,0,0,0,100,262,0,0,0,0,0,0,0,0,0,34,0,0,0,0,0,25,0,0,0,0,0
3240787,0,0,0,0,0,98,78,0,0,0,0,0,0,0,0,0,0,0,69,0,0,0,0,0,0,0,0,0
336203,0,0,0,0,0,96,166,0,0,0,0,0,0,0,0,0,0,0,0,0,0,0,0,0,0,0,0,0
3003393,0,0,0,0,0,94,0,0,0,0,0,0,0,0,0,0,0,0,0,0,0,0,207,0,0,0,0,0
2903867,0,0,0,0,0,94,116,0,0,0,0,0,0,0,0,0,0,0,0,0,0,0,18,0,0,0,0,0
2035,0,0,0,0,0,94,238,0,0,0,0,0,0,0,0,0,0,0,0,37,0,0,34,0,0,0,0,0
2894310,0,0,0,0,0,93,128,0,0,0,0,0,0,0,0,0,0,0,0,35,0,0,0,0,0,0,0,0
2009329,0,0,0,0,0,90,339,0,46,0,0,0,0,0,0,0,0,0,0,0,0,0,0,0,0,0,0,0
56689,0,0,0,0,0,88,86,0,0,0,0,0,0,0,0,0,0,0,0,0,0,0,0,0,0,0,0,0
3378765,0,0,0,0,0,87,54,0,0,0,0,0,49,0,0,27,163,0,51,0,0,0,0,0,0,0,0,0
2903571,0,0,0,0,0,86,155,0,0,0,0,0,0,0,0,0,67,0,0,0,0,0,0,0,0,0,0,0
2975956,0,0,0,0,0,85,85,0,0,0,0,0,0,0,0,0,0,0,0,0,0,0,0,0,0,0,0,0
3166645,0,0,0,0,0,84,83,0,0,0,0,0,0,0,0,0,0,0,0,0,0,0,0,0,0,0,0,0
2493672,0,0,0,0,0,82,77,0,0,0,0,0,0,0,0,0,0,0,48,28,0,0,0,0,0,18,0,0
463040,0,0,0,0,0,78,147,0,0,0,0,0,0,0,0,0,0,0,19,0,0,0,0,0,0,0,0,0
31998,0,0,0,0,0,77,150,0,0,0,0,0,0,0,0,0,41,0,50,0,0,0,0,0,0,0,0,0
2878542,0,0,0,0,0,77,88,0,0,0,0,0,0,0,0,0,178,0,0,0,0,0,0,0,0,0,0,0
1756988,0,0,0,0,0,75,56,0,0,0,0,0,0,0,0,0,0,0,0,0,0,0,0,0,0,0,0,0
3399573,0,0,0,0,0,75,117,0,0,0,0,0,0,0,0,0,0,0,0,0,0,0,0,0,0,0,0,0
2493674,0,0,0,0,0,73,75,0,0,0,0,0,46,0,0,0,0,0,0,0,0,0,0,0,0,0,0,0
3035275,0,0,0,0,0,73,0,0,0,0,0,0,0,0,0,0,0,0,0,0,0,0,0,0,0,0,0,0
1718,0,0,0,0,0,73,81,0,0,0,0,0,0,0,0,0,0,0,0,0,0,0,93,0,0,0,0,0
2587854,0,0,0,0,0,72,94,0,0,0,0,0,0,0,0,0,81,0,0,0,0,0,28,0,0,0,0,0
1064539,0,0,0,0,0,72,83,22,39,0,0,0,0,0,0,0,68,0,0,0,0,0,0,0,0,0,0,0
2831893,0,0,0,0,0,72,50,0,0,0,0,0,0,0,0,0,0,0,0,80,0,0,0,0,0,54,30,26
146827,0,0,0,0,0,72,53,0,0,0,0,0,0,0,0,0,0,0,17,0,0,0,47,0,0,0,0,0
1720344,0,0,0,0,0,71,76,0,0,0,0,0,0,0,0,0,0,0,0,75,0,0,0,0,0,69,0,0
3122075,0,0,0,0,0,71,103,0,0,0,0,0,0,0,0,0,0,0,120,0,0,0,15,0,0,0,0,0
588932,0,0,0,0,0,70,137,0,0,0,0,0,0,0,0,0,62,0,0,0,0,0,15,0,0,0,0,0
3133285,0,0,0,0,0,70,71,0,0,0,0,0,0,0,0,0,0,0,0,0,0,0,0,0,0,0,0,0
169184,0,0,0,0,0,69,0,0,0,0,0,0,0,0,0,0,0,0,0,0,0,0,0,0,0,0,0,0
3139329,0,0,0,0,0,69,70,0,0,0,0,0,0,0,0,0,0,0,0,0,0,0,0,0,0,0,0,0
282217,0,0,0,0,0,67,122,0,0,0,0,0,0,0,0,0,0,0,80,97,0,0,0,0,0,0,53,0
2698673,0,0,0,0,0,66,129,0,0,0,0,0,0,0,0,0,27,0,17,0,0,0,14,0,0,0,0,0
1411117,0,0,0,0,0,66,111,0,0,0,0,0,0,0,0,0,0,0,13,0,0,0,0,0,0,0,0,0
3449278,0,0,0,0,0,65,87,0,0,0,0,0,0,0,0,0,150,0,0,26,0,0,30,0,0,0,13,0
2697371,0,0,0,0,0,64,0,62,60,0,0,0,0,0,0,0,0,0,0,0,0,0,0,0,0,0,0,0
2500532,0,0,0,0,0,63,100,0,0,0,0,0,0,0,0,0,0,0,0,40,0,0,0,0,0,0,0,0
69665,0,0,0,0,0,62,82,0,0,0,0,0,0,0,0,0,52,0,16,0,0,0,0,0,0,0,0,0
2885078,0,0,0,0,0,61,32,0,0,0,0,0,0,0,0,0,0,0,0,0,0,0,17,0,0,0,0,0
2976007,0,0,0,0,0,61,136,0,20,27,0,0,0,0,0,0,21,0,22,0,0,0,0,0,0,0,0,0
2744516,0,0,0,0,0,60,77,0,0,0,0,0,0,0,0,0,0,0,45,0,0,0,0,0,0,21,0,34
3239306,0,0,0,0,0,60,69,0,0,0,0,0,0,0,0,0,0,0,10,43,0,0,0,0,0,13,16,10
205844,0,0,0,0,0,60,145,0,31,0,0,0,0,0,0,0,0,0,0,0,0,0,0,0,0,0,0,0
321265,0,0,0,0,0,60,103,0,0,0,0,0,0,0,0,0,0,0,0,19,0,0,0,0,0,0,0,0
72000,0,0,0,0,0,60,82,0,0,0,0,0,0,0,0,0,0,0,29,0,0,0,0,0,0,0,0,0
2560029,0,0,0,0,0,59,0,0,0,0,0,0,0,0,0,0,0,0,0,0,0,0,0,0,0,0,0,0
2968500,0,0,0,0,0,58,216,0,16,0,0,0,0,0,0,37,106,0,0,0,0,0,0,0,0,0,0,0
2201350,0,0,0,0,0,58,89,0,11,0,0,0,0,0,0,14,66,0,18,0,0,0,0,0,0,0,0,0
1270,0,0,0,0,0,58,280,0,0,0,0,0,0,0,0,0,0,0,144,0,0,0,0,0,0,0,0,0
32049,0,0,0,0,0,58,0,0,31,0,0,0,0,0,0,0,29,0,0,0,0,0,112,0,0,0,0,0
1404799,0,0,0,0,0,57,87,0,0,0,0,0,0,0,0,0,0,0,0,0,0,0,0,0,0,0,0,0
3133697,0,0,0,0,0,57,54,0,0,0,0,0,0,0,0,0,0,0,0,0,0,0,0,0,0,0,0,0
3383698,0,0,0,0,0,57,86,0,0,0,0,0,0,0,0,0,0,0,0,0,0,0,18,0,0,0,0,0
795665,0,0,0,0,0,57,134,0,0,0,0,0,0,0,0,0,0,0,0,0,0,0,0,0,0,0,0,0
2734618,0,0,0,0,0,57,105,0,0,0,0,0,0,0,0,0,405,0,0,0,0,0,0,0,0,0,0,0
2879620,0,0,0,0,0,57,112,0,0,0,0,0,0,0,0,0,0,0,0,0,0,0,0,0,0,0,0,0
1821625,0,0,0,0,0,56,88,0,0,0,0,0,0,0,0,0,0,0,0,0,0,0,0,0,0,0,0,0
2933562,0,0,0,0,0,55,153,0,0,0,0,0,0,0,0,0,0,0,0,0,0,0,0,0,0,0,0,0
3457761,0,0,0,0,0,55,51,0,0,0,0,0,0,0,0,0,0,0,0,0,0,0,0,0,0,0,0,0
3060047,0,0,0,0,0,55,44,0,0,0,0,0,0,0,0,0,0,0,0,0,0,0,0,0,0,0,0,0
2782660,0,0,0,0,0,54,55,0,0,0,0,0,0,0,0,0,23,0,0,26,0,0,0,0,0,0,0,0
2676077,0,0,0,0,0,54,96,0,0,0,0,0,0,0,0,0,0,0,0,0,0,0,0,0,0,0,0,0
3374551,0,0,0,0,0,54,90,0,26,0,0,0,0,0,0,0,63,0,17,0,0,0,14,0,0,0,0,0
83617,0,0,0,0,0,54,160,0,0,0,0,0,0,0,0,0,0,0,0,0,0,0,136,0,0,0,0,0
2587844,0,0,0,0,0,54,104,0,0,0,0,0,0,0,0,0,0,0,0,0,0,0,0,0,0,0,0,0
2305220,0,0,0,0,0,54,97,0,0,0,0,0,0,0,0,0,0,0,12,0,0,0,0,0,0,0,0,0
1670831,0,0,0,0,0,54,105,0,0,0,0,0,0,0,0,0,0,0,0,0,0,0,0,0,0,0,0,0
2903747,0,0,0,0,0,53,72,0,0,0,0,0,0,0,0,0,0,0,0,0,0,0,0,0,0,0,0,0
322509,0,0,0,0,0,53,114,0,0,0,0,0,0,0,0,0,0,0,0,0,0,0,0,0,0,0,0,0
3015167,0,0,0,0,0,53,53,0,0,0,0,0,0,0,0,0,0,0,0,0,0,0,0,0,0,0,0,0
1620421,0,0,0,0,0,52,74,0,10,0,0,10,0,0,0,0,349,0,0,21,0,0,0,0,0,10,0,0
3114999,0,0,0,0,0,52,81,0,0,0,0,0,0,0,0,0,0,0,0,0,0,0,0,0,0,0,0,0
2560058,0,0,0,0,0,52,0,0,0,0,0,0,0,0,0,0,68,0,0,0,0,0,0,0,0,0,0,0
1038928,0,0,0,0,0,52,126,0,0,29,0,0,0,0,0,0,11,0,19,0,0,0,18,0,0,0,0,0
2903585,0,0,0,0,0,52,39,0,0,0,0,0,0,0,0,0,0,0,0,0,0,0,0,0,0,0,0,0
121616,0,0,0,0,0,52,73,15,26,0,0,0,0,0,0,0,0,0,0,0,0,0,0,0,0,0,0,0
33907,0,0,0,0,0,52,106,0,0,0,0,0,0,0,0,0,23,0,14,0,0,0,0,0,0,0,0,0
2865839,0,0,0,0,0,51,69,22,37,0,0,0,0,52,0,0,0,0,19,0,32,0,0,0,0,0,0,0
483,0,0,0,0,0,51,37,0,0,0,0,0,0,0,0,0,0,0,26,13,0,0,25,0,0,0,0,0
3367513,0,0,0,0,0,51,86,0,20,0,0,0,0,0,0,0,12,0,14,0,0,0,28,0,0,0,0,0
182141,0,0,0,0,0,50,76,0,0,0,0,0,0,0,0,0,0,0,0,27,0,0,0,0,0,0,0,95
3403079,0,0,0,0,0,50,50,0,0,0,0,0,0,0,0,0,0,0,0,0,0,0,0,0,0,0,0,0
2059672,0,0,0,0,0,50,49,0,0,0,0,0,0,0,0,0,0,0,0,21,0,0,0,0,0,0,0,0
86174,0,0,0,0,0,50,177,0,0,0,0,0,0,0,0,0,0,0,0,0,0,0,0,0,0,0,0,0
2171623,0,0,0,0,0,50,112,0,0,0,0,0,0,0,0,0,0,0,0,0,0,0,14,0,0,0,0,0
3142975,0,0,0,0,0,50,41,0,0,0,0,0,0,0,0,0,0,0,0,0,0,0,0,0,0,0,0,0
2843216,0,0,0,0,0,50,131,0,0,0,0,0,0,0,0,0,0,0,23,0,0,0,10,0,0,0,0,0
146786,0,0,0,0,0,50,14,0,0,0,0,0,0,0,0,0,0,0,0,0,0,10,0,0,0,0,0,0
2995166,0,0,0,0,0,49,58,0,0,0,0,0,0,0,0,0,11,0,0,0,0,0,18,0,0,0,0,0
3039801,0,0,0,0,0,49,66,0,0,0,0,0,15,0,0,0,0,0,0,0,0,0,0,0,0,0,0,0
524,0,0,0,0,0,49,54,0,0,0,0,0,0,0,0,0,0,0,68,0,0,0,0,0,0,0,0,0
2010829,0,0,0,0,0,49,298,0,0,0,0,0,0,0,0,0,62,0,19,0,0,0,0,0,0,0,0,0
3162562,0,0,0,0,0,49,73,0,0,0,0,24,0,0,0,0,0,0,26,0,0,0,0,0,0,0,0,0
943830,0,0,0,0,0,48,69,12,0,0,0,0,0,0,0,0,0,0,0,0,0,0,0,0,0,0,0,0
3081984,0,0,0,0,0,48,95,0,0,0,0,0,0,0,0,0,0,0,0,0,0,0,0,0,0,0,0,0
2903673,0,0,0,0,0,48,98,0,0,0,0,0,0,0,0,0,0,0,0,0,0,0,60,0,0,0,0,0
2108470,0,0,0,0,0,48,51,0,0,0,0,0,0,0,0,0,0,0,0,0,0,0,0,0,0,0,0,0
390989,0,0,0,0,0,48,120,17,16,0,0,0,0,0,0,0,0,0,21,52,0,16,0,0,0,0,0,0
2654248,0,0,0,0,0,47,60,0,0,0,0,0,0,0,0,0,0,0,16,0,0,0,0,0,0,0,0,0
207745,0,0,0,0,0,47,201,0,0,0,0,0,0,0,0,0,38,0,35,0,0,0,28,0,0,0,0,0
2944810,0,0,0,0,0,47,150,0,0,0,0,0,0,0,0,0,0,0,0,16,0,0,23,0,0,0,0,0
3238634,0,0,0,0,0,47,141,0,0,0,0,0,0,0,0,0,0,0,15,0,0,0,0,0,0,0,0,0
1690815,0,0,0,0,0,47,130,0,0,0,0,0,0,0,0,0,0,0,32,0,0,0,0,0,0,0,0,0
2268449,0,0,0,0,0,47,102,0,13,0,0,0,0,0,0,0,17,0,0,0,0,0,0,0,0,0,0,0
3239388,0,0,0,0,0,46,43,0,0,0,0,0,0,0,0,0,75,0,55,0,0,0,0,0,0,0,0,0
1967288,0,0,0,0,0,46,63,0,21,0,0,0,0,0,0,0,0,0,0,0,0,0,0,0,0,0,0,0
1176536,0,0,0,0,0,46,63,0,0,0,0,0,0,0,0,0,15,0,349,0,0,0,0,0,0,0,0,0
2004515,0,0,0,0,0,46,82,15,15,0,0,0,0,0,0,0,39,0,114,0,0,0,0,0,0,0,0,0
3160989,0,0,0,0,0,46,148,0,0,0,0,0,0,0,0,0,38,0,27,0,0,0,15,0,0,0,0,0
2903590,0,0,0,0,0,46,55,0,0,0,0,0,0,0,0,0,0,0,0,0,0,0,0,0,0,0,0,0
2736640,0,0,0,0,0,46,164,0,21,0,0,0,0,0,0,0,24,0,28,18,0,0,26,0,0,0,0,0
221352,0,0,0,0,0,46,28,0,14,0,0,0,0,0,0,0,0,0,22,0,0,0,0,0,0,0,27,0
2082387,0,0,0,0,0,45,81,0,11,0,0,0,0,0,0,0,38,0,22,0,0,0,13,0,0,0,0,0
3389970,0,0,0,0,0,45,99,0,0,0,0,0,0,0,0,0,0,0,0,0,0,0,0,0,0,0,0,0
2587851,0,0,0,0,0,45,127,0,0,0,0,0,0,0,0,0,0,0,0,0,0,0,0,0,0,0,0,0
1649184,0,0,0,0,0,45,135,0,0,0,0,0,0,0,0,0,0,0,0,0,0,0,429,0,0,0,0,0
2763006,0,0,0,0,0,45,98,0,0,0,0,0,0,0,0,0,0,0,18,0,0,0,17,0,0,0,0,0
38322,0,0,0,0,0,45,0,0,0,0,0,0,0,0,0,0,0,0,0,39,0,0,0,0,0,0,0,0
3417741,0,0,0,0,0,44,69,0,0,0,0,0,0,0,0,0,0,0,0,0,0,0,27,0,0,0,0,0
1046114,0,0,0,0,0,44,70,0,0,0,0,0,0,0,0,0,0,0,0,0,0,0,0,0,0,0,0,0
2799564,0,0,0,0,0,44,0,0,0,0,0,0,0,0,0,0,99,0,0,106,0,0,0,0,0,83,258,0
3404058,0,0,0,0,0,44,30,0,0,0,0,0,0,0,0,0,0,0,0,0,0,0,0,0,0,0,0,0
372663,0,0,0,0,0,44,80,0,0,0,0,0,0,0,0,0,0,0,0,0,0,0,0,0,0,0,0,0
3391424,0,0,0,0,0,44,46,0,0,0,0,0,0,0,0,0,0,0,19,0,0,0,0,0,0,0,0,0
3239898,0,0,0,0,0,44,125,0,0,26,0,0,0,0,0,0,18,0,19,0,0,0,0,0,0,0,0,0
2714939,0,0,0,0,0,44,83,0,0,0,0,0,0,0,0,0,0,0,0,15,0,0,10,0,0,0,0,0
2714924,0,0,0,0,0,43,192,31,57,68,0,0,0,32,0,0,28,0,38,27,0,0,269,0,0,0,0,0
53358,0,0,0,0,0,43,88,0,16,0,0,0,0,0,0,0,0,0,14,0,0,0,10,0,0,0,0,0
136857,0,0,0,0,0,43,48,0,0,0,0,0,0,0,0,0,0,0,0,0,0,0,24,0,0,0,0,0
3120520,0,0,0,0,0,43,111,0,0,0,0,0,0,0,0,0,0,0,0,0,0,0,0,0,0,0,0,0
513223,0,0,0,0,0,43,34,0,0,0,0,0,0,0,0,0,0,0,0,28,0,0,29,0,0,0,0,0
2744517,0,0,0,0,0,42,74,0,0,0,0,0,0,0,0,0,77,0,0,0,0,0,0,0,0,0,0,0
3095343,0,0,0,0,0,42,72,0,0,48,0,0,0,0,0,0,0,0,0,0,0,0,0,0,0,0,0,0
33995,0,0,0,0,0,42,44,0,0,0,0,0,0,0,0,0,0,0,0,0,0,0,21,0,0,0,0,0
2746,0,0,0,0,0,42,78,0,0,0,0,0,0,0,0,0,0,0,0,0,0,0,0,0,0,0,11,0
37927,0,0,0,0,0,42,124,0,0,0,0,0,0,0,0,0,0,0,17,25,0,0,0,0,0,0,0,0
2819978,0,0,0,0,0,42,59,0,0,0,0,0,0,0,0,0,0,0,13,0,0,0,0,0,0,0,0,0
1796,0,0,0,0,0,42,0,0,0,0,0,0,0,0,0,0,0,0,0,114,0,0,0,0,0,0,0,0
122358,0,0,0,0,0,42,123,0,0,0,0,0,0,0,0,0,12,0,18,0,0,0,0,0,0,0,0,0
2975972,0,0,0,0,0,42,85,0,0,0,0,0,0,0,0,0,0,0,0,0,0,0,0,0,0,0,0,0
3240072,0,0,0,0,0,42,95,0,0,0,0,0,0,0,0,32,105,0,0,0,0,0,0,0,0,0,0,0
1798224,0,0,0,0,0,42,119,0,14,0,0,0,0,0,0,0,0,0,17,0,0,0,0,0,0,0,0,0
3421955,0,0,0,0,0,41,94,0,0,0,0,0,0,0,0,0,0,0,0,0,0,0,0,0,0,0,0,0
3350165,0,0,0,0,0,41,79,0,0,0,0,0,0,0,0,0,0,0,16,24,0,0,0,0,0,0,0,0
3075605,0,0,0,0,0,41,55,0,0,0,0,0,0,0,0,0,10,0,0,0,0,0,0,0,0,0,0,0
2482763,0,0,0,0,0,41,91,0,0,0,0,0,0,0,0,0,0,0,0,0,0,0,0,0,0,0,0,0
1792846,0,0,0,0,0,41,75,0,0,0,0,0,0,0,0,0,0,0,10,0,0,0,14,0,0,0,0,0
2811788,0,0,0,0,0,41,0,0,0,0,0,0,0,0,0,0,0,0,0,0,0,0,0,0,0,0,0,0
161493,0,0,0,0,0,41,220,0,0,0,0,0,0,0,0,0,0,0,23,0,0,0,0,0,0,0,0,0
2742133,0,0,0,0,0,41,0,0,0,0,0,0,0,0,0,0,0,0,0,0,0,0,0,0,0,0,0,0
2975964,0,0,0,0,0,41,90,0,0,0,0,0,0,0,0,0,0,0,0,0,0,0,0,0,0,0,0,0
1804990,0,0,0,0,0,41,67,0,0,0,0,0,0,0,0,0,0,0,0,0,0,0,18,0,0,0,0,0
3400182,0,0,0,0,0,41,81,0,0,0,0,0,0,0,0,0,76,0,31,0,0,0,0,0,0,0,0,0
2017486,0,0,0,0,0,41,99,0,0,0,0,0,0,0,0,0,0,0,19,0,0,0,0,0,0,0,0,0
1871025,0,0,0,0,0,41,36,0,0,0,0,0,0,0,0,0,0,0,0,0,0,0,38,0,0,0,0,0
2579791,0,0,0,0,0,41,0,0,18,0,0,0,0,0,0,0,0,0,0,0,0,0,0,0,0,0,0,0
195248,0,0,0,0,0,41,0,39,140,34,0,0,0,34,18,0,0,0,0,42,0,21,0,0,21,33,28,0
415996,0,0,0,0,0,40,90,0,0,0,0,0,0,0,0,0,0,0,0,0,0,0,0,0,0,0,0,0
2072414,0,0,0,0,0,40,55,0,0,0,0,0,0,0,0,0,0,0,0,0,0,0,0,0,0,0,0,0
1605891,0,0,0,0,0,40,69,0,0,0,0,0,0,0,0,0,0,0,0,0,0,0,55,0,0,0,0,0
1981880,0,0,0,0,0,40,114,0,0,0,0,0,0,0,0,0,185,0,0,0,0,0,0,0,0,0,0,0
1521117,0,0,0,0,0,40,96,0,0,0,0,0,0,0,0,0,0,0,17,0,0,0,0,0,0,0,0,0
2903641,0,0,0,0,0,40,65,0,0,0,0,0,0,0,0,0,99,0,0,0,0,0,0,0,0,0,0,0
2975756,0,0,0,0,0,40,78,0,0,0,0,0,0,0,0,0,0,0,0,0,0,0,0,0,0,0,0,0
2876939,0,0,0,0,0,40,21,0,0,0,0,0,0,0,0,0,0,0,0,0,0,0,0,0,0,0,0,0
29320,0,0,0,0,0,40,0,0,0,0,0,0,0,0,0,0,0,0,0,0,0,0,0,0,0,0,0,0
1552759,0,0,0,0,0,40,129,0,0,0,0,0,0,0,0,0,0,0,92,0,0,0,0,0,0,0,0,0
2591108,0,0,0,0,0,40,105,0,0,0,0,0,0,0,0,0,0,0,25,0,0,0,0,0,0,12,0,0
3447018,0,0,0,0,0,40,38,0,0,0,0,0,0,0,0,0,0,0,0,0,0,0,0,0,0,0,0,0
2026624,0,0,0,0,0,39,87,0,0,0,0,0,0,0,0,0,0,0,16,16,0,0,0,0,0,0,0,0
46680,0,0,0,0,0,39,116,0,0,0,0,0,28,0,0,0,0,0,0,14,18,0,18,0,0,0,0,0
146939,0,0,0,0,0,39,62,0,0,0,0,0,0,0,0,0,0,0,0,0,0,0,0,0,0,0,0,0
1895,0,0,0,0,0,39,88,0,0,0,0,0,0,0,0,0,0,0,0,12,0,0,19,0,0,0,0,0
2126346,0,0,0,0,0,39,76,0,0,0,0,0,0,0,0,0,0,0,0,18,0,0,0,0,0,0,0,0
758802,0,0,0,0,0,39,127,0,0,95,0,0,0,0,0,0,15,0,34,0,0,0,0,0,0,0,0,0
2024580,0,0,0,0,0,39,75,12,26,0,0,0,0,0,0,0,111,0,16,25,0,0,0,0,0,0,0,0
524884,0,0,0,0,0,39,70,0,0,17,0,0,0,0,0,0,0,0,17,0,0,0,14,0,0,0,0,0
1854057,0,0,0,0,0,38,54,0,0,0,0,0,0,0,0,0,0,0,0,0,0,0,0,0,0,0,13,0
407020,0,0,0,0,0,38,145,0,37,0,0,0,0,0,0,0,28,0,0,0,0,0,0,0,0,0,0,0
3015996,0,0,0,0,0,38,92,0,0,0,0,0,0,0,0,0,87,0,0,0,0,0,0,0,0,0,0,0
2879114,0,0,0,0,0,38,62,0,0,0,0,0,0,0,0,0,0,0,0,0,0,0,0,0,0,0,0,0
1503054,0,0,0,0,0,38,50,24,28,0,0,0,0,20,0,0,0,0,0,12,0,17,0,0,0,0,0,0
95485,0,0,0,0,0,38,108,0,0,0,0,0,0,0,0,0,0,0,20,0,0,0,0,0,0,0,0,0
3080983,0,0,0,0,0,38,84,0,0,0,0,0,0,0,0,0,0,0,0,0,0,0,0,0,0,0,0,0
3036128,0,0,0,0,0,38,133,0,0,0,0,0,0,0,0,0,0,0,0,0,0,0,0,0,0,0,0,0
2903778,0,0,0,0,0,38,64,0,0,0,0,0,0,0,0,0,0,0,0,0,0,0,0,0,0,0,0,0
1952,0,0,0,0,0,38,39,0,0,0,0,0,0,0,0,0,0,0,0,0,0,0,0,0,0,0,0,0
2174846,0,0,0,0,0,38,45,0,0,0,0,0,13,0,0,0,0,0,0,0,0,0,29,0,0,0,16,0
3239958,0,0,0,0,0,38,54,0,0,0,0,0,0,0,0,0,0,0,0,0,0,0,0,0,0,0,0,0
3239917,0,0,0,0,0,38,118,0,0,0,0,0,0,0,0,0,0,0,14,0,0,0,0,0,0,0,0,0
46158,0,0,0,0,0,38,87,0,0,0,0,0,0,0,0,0,13,0,0,20,0,0,20,0,0,0,0,0
2732864,0,0,0,0,0,38,94,0,13,0,0,0,0,0,0,0,0,0,35,20,0,0,0,0,0,23,0,0
419479,0,0,0,0,0,38,143,0,0,0,0,0,0,0,0,31,80,0,14,0,0,0,0,0,0,0,0,0
1922330,0,0,0,0,0,38,27,0,0,0,0,0,0,0,0,0,0,0,0,0,0,0,81,0,0,0,0,0
2857014,0,0,0,0,0,37,59,0,0,0,0,0,0,0,0,0,0,0,0,0,0,0,0,0,0,0,0,0
1071679,0,0,0,0,0,37,108,0,0,0,0,0,0,0,0,0,0,0,0,0,0,0,0,0,0,0,0,0
434010,0,0,0,0,0,37,133,0,0,0,0,0,0,0,0,41,57,0,38,0,0,0,0,0,0,0,0,0
1003110,0,0,0,0,0,37,80,0,0,0,0,0,0,0,0,0,0,0,0,0,0,0,0,0,0,17,0,0
299152,0,0,0,0,0,37,63,0,0,0,0,0,0,0,0,0,0,0,90,0,0,0,0,0,0,0,0,0
299146,0,0,0,0,0,37,83,0,0,0,0,0,0,0,0,0,23,0,0,0,0,0,0,0,0,0,0,0
3095075,0,0,0,0,0,37,63,0,0,0,0,0,0,0,0,0,14,0,0,0,0,0,0,0,0,0,0,0
2712970,0,0,0,0,0,37,42,0,0,0,0,0,0,0,0,0,0,0,0,0,0,0,0,0,0,0,0,0
2871820,0,0,0,0,0,36,60,0,0,0,0,0,0,0,0,0,0,0,0,16,0,0,0,0,0,0,0,0
2493678,0,0,0,0,0,36,73,0,0,0,0,0,0,0,0,0,17,0,0,16,0,0,0,0,0,0,0,0
3049774,0,0,0,0,0,36,36,0,13,0,0,0,0,0,0,0,0,0,0,13,0,0,24,0,0,0,0,0
2547601,0,0,0,0,0,36,116,0,0,0,0,0,0,0,0,0,0,0,0,0,0,0,0,0,0,0,0,0
2054227,0,0,0,0,0,36,90,17,19,0,0,0,0,0,0,0,0,0,0,33,0,0,0,0,0,37,0,0
2970464,0,0,0,0,0,36,44,0,0,0,0,0,37,0,0,0,0,0,0,0,32,0,0,0,0,0,0,0
457921,0,0,0,0,0,36,66,0,12,0,0,0,0,0,0,0,16,0,32,0,0,0,0,0,0,0,0,0
252130,0,0,0,0,0,36,27,25,15,0,0,0,0,0,0,0,0,0,0,13,0,0,0,0,0,0,0,0
3394231,0,0,0,0,0,36,75,0,0,0,0,0,0,0,0,0,0,0,0,0,0,0,0,0,0,0,0,0
2989684,0,0,0,0,0,36,99,0,0,0,0,0,0,0,0,0,10,0,17,0,0,0,0,0,0,0,0,0
1972846,0,0,0,0,0,36,0,0,0,0,0,0,0,0,0,0,0,0,0,0,0,0,0,0,0,0,0,0
1885,0,0,0,0,0,36,81,0,0,0,0,0,0,0,0,0,0,0,0,31,0,0,0,0,0,13,0,0
285578,0,0,0,0,0,36,81,0,0,0,0,0,0,0,0,0,23,0,27,15,0,0,0,0,0,0,0,0
3156397,0,0,0,0,0,36,96,0,0,0,0,0,0,0,0,0,0,0,0,36,0,0,13,0,0,0,0,0
2591145,0,0,0,0,0,36,93,0,0,0,0,0,0,0,0,0,0,0,0,0,0,0,0,0,0,0,0,0
220927,0,0,0,0,0,36,57,0,0,0,0,0,0,0,0,0,26,0,0,0,0,0,12,0,0,0,0,0
1643322,0,0,0,0,0,36,94,0,0,0,0,0,0,0,0,0,0,0,14,0,0,0,0,0,0,0,0,0
40567,0,0,0,0,0,36,92,0,0,0,0,0,0,0,0,0,93,0,0,19,0,0,0,0,0,0,0,0
202462,0,0,0,0,0,36,0,0,0,0,0,0,0,0,0,0,0,0,0,0,0,0,0,0,0,0,0,0
2949307,0,0,0,0,0,36,26,0,0,0,0,0,0,0,0,0,0,0,0,0,0,0,0,0,0,0,0,0
2499144,0,0,0,0,0,35,52,0,0,0,0,0,0,0,0,0,0,0,15,0,0,0,0,0,0,0,0,0
2903900,0,0,0,0,0,35,73,0,0,0,0,0,0,0,0,0,0,0,0,0,0,0,0,0,0,0,0,0
2711156,0,0,0,0,0,35,104,0,0,0,0,0,0,0,0,0,0,0,0,0,0,0,0,0,0,0,0,0
3096605,0,0,0,0,0,35,94,0,0,0,0,0,0,0,0,0,27,0,0,0,0,0,18,0,0,0,0,0
2911538,0,0,0,0,0,35,76,0,0,0,0,0,0,0,0,0,22,0,0,11,0,0,26,0,0,0,0,0
3273430,0,0,0,0,0,35,43,0,0,0,0,0,0,0,0,0,21,0,0,0,0,0,0,0,0,0,0,0
2072505,0,0,0,0,0,35,66,0,0,0,0,0,0,0,0,0,0,0,0,0,0,0,0,0,0,0,0,0
2975847,0,0,0,0,0,35,64,0,0,0,0,0,0,0,0,0,0,0,0,0,0,0,0,0,0,0,0,0
887464,0,0,0,0,0,35,34,0,0,0,0,0,0,0,0,0,0,0,0,0,0,0,0,0,0,0,0,0
2755382,0,0,0,0,0,35,75,0,0,0,0,0,0,0,0,0,0,0,16,0,0,0,21,0,0,0,0,0
1894969,0,0,0,0,0,35,102,0,0,0,0,0,0,0,0,0,0,0,0,0,0,0,0,0,0,0,0,0
1866,0,0,0,0,0,35,82,0,0,0,0,0,0,0,0,0,12,0,0,0,0,0,0,0,0,0,0,0
2962676,0,0,0,0,0,35,39,0,0,0,0,0,0,0,0,0,0,0,0,0,0,0,15,0,0,0,0,0
2613773,0,0,0,0,0,34,97,0,0,0,0,0,0,0,0,0,20,0,11,0,0,0,0,0,0,0,0,0
2341112,0,0,0,0,0,34,77,0,0,0,0,0,0,0,0,0,18,0,0,0,0,0,0,0,0,0,0,0
3376989,0,0,0,0,0,34,51,0,0,0,0,0,0,0,0,0,0,0,0,0,0,0,0,0,0,0,0,0
536018,0,0,0,0,0,34,36,0,0,0,0,0,0,0,0,0,0,0,0,0,0,0,0,0,0,0,0,0
280,0,0,0,0,0,34,65,0,0,0,0,0,0,0,0,0,26,0,0,0,0,0,0,0,0,0,0,0
1938605,0,0,0,0,0,34,44,0,0,0,0,0,0,0,0,0,19,0,0,0,0,0,0,0,0,0,0,0
1280948,0,0,0,0,0,34,73,0,19,0,0,0,0,0,0,0,0,0,0,0,0,0,0,0,0,0,0,0
1691904,0,0,0,0,0,34,62,0,0,0,0,0,0,0,0,0,0,0,0,0,0,0,19,0,11,0,0,0
3228789,0,0,0,0,0,34,181,0,0,0,0,0,0,0,0,0,0,0,0,0,0,0,0,0,0,0,0,0
1267217,0,0,0,0,0,34,383,21,0,0,0,0,0,0,0,0,0,0,16,0,0,0,14,0,0,0,0,0
3350177,0,0,0,0,0,34,25,0,0,0,0,0,0,0,0,0,0,0,0,0,0,0,0,0,0,0,0,0
28091,0,0,0,0,0,34,22,0,0,0,0,0,0,0,0,0,33,0,11,0,0,0,13,0,0,0,0,0
2067960,0,0,0,0,0,34,97,0,0,0,0,0,0,0,0,0,0,0,0,0,0,0,0,0,0,0,0,0
2591109,0,0,0,0,0,34,103,0,0,0,0,0,0,0,0,0,0,0,12,0,0,0,0,0,0,0,0,0
3238798,0,0,0,0,0,34,105,0,0,0,0,0,0,0,0,0,0,0,0,0,0,0,23,0,0,0,0,0
2975723,0,0,0,0,0,34,52,0,0,0,0,0,0,0,0,0,0,0,0,0,0,0,0,0,0,0,18,0
36818,0,0,0,0,0,34,44,0,0,0,0,0,0,0,0,0,43,0,0,0,0,0,0,0,0,0,0,0
2596916,0,0,0,0,0,34,67,0,0,0,0,0,0,0,0,0,0,0,0,0,0,0,0,0,0,0,0,0
2996004,0,0,0,0,0,34,35,0,0,0,0,0,0,0,0,0,0,0,0,28,0,0,0,0,0,0,0,0
2742132,0,0,0,0,0,34,40,0,0,0,0,0,0,0,0,0,37,0,19,0,0,0,0,0,0,0,0,0
1641402,0,0,0,0,0,34,123,0,0,0,0,0,0,0,0,0,0,0,0,0,0,0,0,0,0,0,0,0
108015,0,0,0,0,0,33,127,0,0,0,0,0,0,0,0,14,50,0,36,0,0,0,0,0,0,0,0,0
3382192,0,0,0,0,0,33,75,0,0,0,0,0,0,0,0,0,0,0,25,0,0,0,0,0,0,0,0,0
2486273,0,0,0,0,0,33,86,0,0,0,0,0,0,0,0,0,0,0,0,0,0,0,0,0,0,0,0,0
2840468,0,0,0,0,0,33,48,0,0,0,0,0,0,0,0,0,113,0,0,10,0,0,11,0,0,0,0,10
1053,0,0,0,0,0,33,93,0,12,0,0,0,0,0,0,0,0,0,0,18,0,13,0,0,0,0,0,0
3342097,0,0,0,0,0,33,29,0,0,0,0,0,0,0,0,0,0,0,0,0,0,0,26,0,0,0,0,17
3123041,0,0,0,0,0,33,71,0,0,0,0,0,0,0,0,0,0,0,0,0,0,0,22,0,0,0,0,0
1331258,0,0,0,0,0,33,53,0,0,0,0,0,0,0,0,0,0,0,0,0,0,0,22,0,0,0,0,0
2184083,0,0,0,0,0,33,41,0,0,0,0,0,0,0,0,0,0,0,0,10,0,0,0,0,0,0,0,0
2903863,0,0,0,0,0,33,70,0,0,0,0,0,0,0,0,0,0,0,0,13,0,0,0,0,0,12,0,0
68278,0,0,0,0,0,33,31,0,0,0,0,0,0,0,0,0,0,0,0,0,0,0,0,0,0,19,0,0
1802,0,0,0,0,0,33,49,0,0,0,0,0,0,0,0,0,0,0,0,0,0,0,0,0,0,0,0,0
2589074,0,0,0,0,0,33,69,0,0,0,0,0,0,0,0,0,0,0,0,0,0,0,14,0,0,0,0,0
2932773,0,0,0,0,0,33,83,0,0,0,0,0,0,0,0,0,0,0,0,0,0,0,0,0,0,0,0,0
1394889,0,0,0,0,0,33,41,0,84,0,0,0,0,0,0,0,0,0,0,0,0,0,0,0,0,0,0,0
3133974,0,0,0,0,0,32,53,0,0,0,0,0,0,0,0,0,34,0,40,0,0,0,0,0,0,0,0,0
3028319,0,0,0,0,0,32,57,0,0,0,0,0,0,0,0,0,0,0,0,0,0,0,0,0,0,0,0,0
364197,0,0,0,0,0,32,67,0,0,0,0,0,0,0,0,0,13,0,0,0,0,0,0,0,0,0,0,0
1771309,0,0,0,0,0,32,46,0,0,0,0,0,0,0,0,0,13,0,0,0,0,0,0,0,0,0,0,0
3459196,0,0,0,0,0,32,37,0,0,0,0,0,0,0,0,0,57,0,0,0,0,0,0,0,0,0,0,0
2962065,0,0,0,0,0,32,30,0,0,0,0,0,0,0,0,0,18,0,43,0,0,0,22,0,0,0,0,0
3063951,0,0,0,0,0,32,39,0,0,0,0,0,0,0,0,0,0,0,0,0,0,0,0,0,0,0,0,0
929,0,0,0,0,0,32,121,0,0,0,0,0,0,0,0,0,0,0,0,0,0,0,0,0,0,0,16,0
1458492,0,0,0,0,0,32,0,0,0,0,0,0,0,0,0,0,0,0,0,0,0,0,0,0,0,0,0,0
2903788,0,0,0,0,0,32,70,0,0,0,0,0,0,0,0,0,26,0,0,15,0,0,0,0,0,14,16,0
2975674,0,0,0,0,0,32,28,0,0,0,0,0,0,0,0,0,0,0,0,0,0,0,0,0,0,0,0,0
2705012,0,0,0,0,0,32,79,0,0,0,0,0,0,0,0,0,0,0,0,18,0,0,0,0,0,24,19,16
3135260,0,0,0,0,0,32,28,0,0,0,0,0,0,0,0,0,0,0,0,0,0,0,14,0,0,0,0,0
2929802,0,0,0,0,0,32,74,0,0,0,0,0,0,0,0,0,0,0,0,0,0,0,0,0,0,0,0,0
347209,0,0,0,0,0,32,0,0,0,0,0,0,0,0,0,0,0,0,0,0,0,0,0,0,0,0,0,0
2871170,0,0,0,0,0,32,61,0,0,0,0,0,0,0,0,0,0,0,0,0,0,0,0,0,0,0,0,0
2934158,0,0,0,0,0,32,59,0,0,0,0,0,0,0,0,0,0,0,0,14,0,13,14,0,0,0,0,0
3424769,0,0,0,0,0,32,70,0,0,0,0,0,0,0,0,0,0,0,20,0,0,0,0,0,0,0,0,0
2917724,0,0,0,0,0,32,117,0,0,0,0,0,0,0,0,0,0,0,0,0,0,0,0,0,0,0,0,0
2894081,0,0,0,0,0,32,104,0,31,0,0,0,0,0,0,0,0,0,0,13,0,0,0,0,0,0,0,21
1774216,0,0,0,0,0,32,78,0,0,0,0,0,0,0,0,0,26,0,15,14,0,0,0,0,0,32,0,27
546871,0,0,0,0,0,32,79,0,0,0,0,0,0,0,0,0,0,0,21,0,0,0,0,0,0,0,0,0
2919322,0,0,0,0,0,32,73,0,0,0,0,0,0,0,0,66,67,0,0,67,0,0,0,0,0,59,97,0
3127120,0,0,0,0,0,32,37,0,0,0,0,0,0,0,0,0,0,0,0,0,0,0,0,0,0,0,0,0
2565555,0,0,0,0,0,31,102,0,19,0,0,0,0,0,0,0,0,0,0,0,0,0,0,0,0,0,0,0
363835,0,0,0,0,0,31,91,0,0,0,0,0,0,0,0,0,0,0,0,0,0,0,0,0,0,0,0,0
3402778,0,0,0,0,0,31,57,0,0,0,0,0,0,0,0,0,33,0,0,19,0,0,12,0,0,0,0,0
3066224,0,0,0,0,0,31,0,0,0,0,0,0,0,0,0,0,0,0,0,0,0,0,22,0,0,0,0,0
1736226,0,0,0,0,0,31,0,0,0,0,0,0,0,0,0,0,38,0,0,0,0,0,18,0,0,0,0,0
69964,0,0,0,0,0,31,92,0,0,0,0,0,0,0,0,0,0,0,0,0,0,0,0,0,0,0,0,0
1878942,0,0,0,0,0,31,25,0,0,0,0,0,0,0,0,0,0,0,375,0,0,0,0,0,0,0,0,0
231455,0,0,0,0,0,31,63,0,0,0,0,0,0,0,0,0,100,0,0,0,0,0,71,0,0,0,0,14
376175,0,0,0,0,0,31,231,0,0,0,0,0,0,0,0,0,31,0,28,0,0,0,14,0,0,0,0,0
345370,0,0,0,0,0,31,45,0,0,0,0,0,0,0,0,0,0,0,0,49,0,0,0,0,0,0,0,0
2742137,0,0,0,0,0,31,98,0,0,0,0,0,0,0,0,0,0,0,0,0,0,0,11,0,0,0,0,0
2730915,0,0,0,0,0,31,59,0,0,0,0,0,0,0,0,0,0,0,0,0,0,0,0,0,0,0,0,0
2979468,0,0,0,0,0,31,42,0,0,0,0,0,0,0,0,0,0,0,0,0,0,0,0,0,0,0,0,0
68223,0,0,0,0,0,31,59,0,0,0,0,0,0,0,0,0,0,0,0,0,0,0,0,0,0,0,0,0
1436133,0,0,0,0,0,31,73,0,0,0,0,0,0,0,0,0,49,0,0,0,0,0,0,0,0,0,0,0
684552,0,0,0,0,0,31,59,0,0,0,0,0,0,0,0,0,0,0,0,14,0,0,0,0,0,0,0,0
1076331,0,0,0,0,0,31,88,0,0,0,0,0,27,0,0,0,0,0,13,0,15,0,0,0,0,0,0,0
2903588,0,0,0,0,0,31,55,0,0,0,0,0,0,0,0,0,0,0,0,0,0,0,0,0,0,0,0,0
261654,0,0,0,0,0,31,62,0,0,0,0,0,0,0,0,0,0,0,0,0,0,0,0,0,0,0,0,0
47858,0,0,0,0,0,31,80,17,35,0,0,0,0,0,0,0,0,0,0,0,0,0,0,0,0,0,0,0
1896961,0,0,0,0,0,31,78,0,0,0,0,0,0,0,0,0,62,0,20,15,0,0,0,0,0,0,0,0
3082547,0,0,0,0,0,31,22,0,0,0,0,0,0,0,0,0,0,0,16,0,0,0,0,0,0,0,0,0
2020312,0,0,0,0,0,30,51,0,0,0,0,0,0,0,0,0,82,0,0,0,0,0,16,0,0,0,0,0
2664893,0,0,0,0,0,30,44,0,0,0,0,0,0,0,0,0,0,0,0,0,0,0,0,0,0,0,0,0
2926709,0,0,0,0,0,30,74,23,26,13,0,0,0,0,0,0,0,0,16,0,0,0,10,0,0,10,0,0
2780074,0,0,0,0,0,30,69,0,0,0,0,0,0,0,0,0,0,0,0,0,0,0,0,0,0,0,0,0
3121290,0,0,0,0,0,30,55,0,0,0,0,0,0,0,0,0,0,0,0,0,0,0,0,0,0,0,0,0
1902408,0,0,0,0,0,30,48,0,0,0,0,0,0,0,0,0,0,0,0,0,0,0,17,0,0,0,0,0
2886821,0,0,0,0,0,30,27,0,0,0,0,0,0,0,0,0,0,0,0,0,0,0,0,0,0,0,0,0
56453,0,0,0,0,0,30,0,0,0,0,81,0,0,0,0,0,0,0,0,0,0,0,0,0,0,0,0,0
3350175,0,0,0,0,0,30,59,0,0,0,0,0,0,0,0,0,0,0,0,0,0,0,20,0,0,0,0,0
3400218,0,0,0,0,0,30,74,22,23,0,0,0,0,11,0,0,0,0,0,13,0,0,10,0,0,0,0,0
96773,0,0,0,0,0,30,92,0,0,0,0,0,0,0,0,0,0,0,0,0,0,0,0,0,0,0,0,0
404405,0,0,0,0,0,30,166,0,0,30,0,0,0,0,0,0,0,0,0,0,0,0,0,0,0,0,0,0
3345111,0,0,0,0,0,30,33,0,0,0,0,0,0,0,0,0,12,0,0,10,0,0,0,0,0,0,0,0
3435775,0,0,0,0,0,30,156,0,0,14,0,0,0,0,0,0,0,0,28,20,0,0,0,0,0,26,24,0
3133302,0,0,0,0,0,30,103,0,0,0,0,0,0,0,0,0,0,0,0,0,0,0,0,0,0,0,0,0
3108485,0,0,0,0,0,30,61,0,0,0,0,0,0,0,0,0,46,0,18,22,0,0,20,0,0,21,0,0
3231173,0,0,0,0,0,30,57,13,35,0,0,0,0,0,0,0,0,0,12,15,0,0,0,0,0,0,0,0
2903667,0,0,0,0,0,30,48,0,0,0,0,0,0,0,0,0,27,0,0,0,0,0,0,0,0,0,0,0
1460244,0,0,0,0,0,30,41,0,0,0,0,0,0,0,0,0,0,0,0,21,0,0,0,0,0,0,0,0
1911,0,0,0,0,0,30,153,0,0,0,0,0,0,0,0,0,0,0,0,0,0,0,0,0,0,0,0,0
3388266,0,0,0,0,0,30,64,0,0,0,0,0,0,0,0,0,0,0,0,0,0,0,0,0,0,0,0,0
3128980,0,0,0,0,0,30,45,0,0,0,0,0,0,0,0,0,0,0,0,29,0,0,0,0,0,24,0,0
247333,0,0,0,0,0,30,65,0,0,0,0,0,0,0,0,0,0,0,0,0,0,0,0,0,0,0,0,0
2603206,0,0,0,0,0,30,48,0,0,0,0,0,0,0,0,0,11,0,10,0,0,0,0,0,0,0,0,0
709879,0,0,0,0,0,30,51,0,0,0,0,0,0,0,0,0,0,0,0,0,0,0,0,0,0,0,0,0
461393,0,0,0,0,0,30,38,0,0,0,0,0,0,0,0,0,30,0,55,15,0,0,16,0,0,0,0,0
2929494,0,0,0,0,0,30,0,0,0,0,0,0,0,0,0,0,0,0,0,0,0,0,23,0,0,0,0,0
2293838,0,0,0,0,0,30,49,0,0,0,0,0,0,0,0,0,0,0,0,0,0,0,0,0,0,0,0,0
2782659,0,0,0,0,0,29,57,0,0,0,0,0,0,0,0,0,80,0,110,0,0,0,0,0,0,0,15,0
1404864,0,0,0,0,0,29,64,11,24,0,0,0,0,0,0,25,136,0,46,0,0,0,0,0,11,0,0,0
1515612,0,0,0,0,0,29,68,0,0,0,0,0,0,0,0,0,0,0,0,0,0,0,0,0,0,0,0,0
95301,0,0,0,0,0,29,27,0,0,0,0,0,0,0,0,19,103,0,0,0,0,0,0,0,0,0,0,0
2497861,0,0,0,0,0,29,75,0,0,0,0,0,15,0,0,0,0,0,0,0,20,0,0,0,0,0,0,0
1763998,0,0,0,0,0,29,20,0,0,0,0,0,0,0,0,0,0,0,0,23,0,0,44,0,0,14,0,18
108010,0,0,0,0,0,29,110,0,0,0,0,0,0,0,0,0,0,0,0,0,0,0,0,0,0,0,0,0
519081,0,0,0,0,0,29,25,0,0,0,0,0,0,0,0,0,0,0,0,0,0,0,0,0,0,0,0,0
3133330,0,0,0,0,0,29,59,0,0,0,0,0,0,0,0,0,0,0,0,0,0,0,69,0,0,0,0,0
2975763,0,0,0,0,0,29,49,0,0,0,0,0,0,0,0,0,19,0,0,0,0,0,0,0,0,0,0,0
3043734,0,0,0,0,0,29,62,0,0,0,0,0,0,0,0,0,0,0,242,18,0,0,0,0,0,15,0,0
2903674,0,0,0,0,0,29,45,0,0,0,0,0,0,0,0,0,0,0,0,0,0,0,0,0,0,0,0,0
2203210,0,0,0,0,0,29,87,0,0,0,0,0,0,0,0,0,0,0,0,0,0,0,0,0,0,0,0,0
2653200,0,0,0,0,0,29,72,0,15,0,0,0,0,0,0,0,0,0,14,21,0,0,0,0,0,0,0,21
2997335,0,0,0,0,0,29,44,0,0,0,0,0,0,0,0,0,0,0,0,0,0,0,0,0,0,0,0,0
2283195,0,0,0,0,0,29,61,0,0,0,0,0,0,0,0,0,0,0,36,16,0,0,0,0,0,14,0,0
39694,0,0,0,0,0,29,41,0,0,0,0,0,0,0,0,0,0,0,0,0,0,0,0,0,0,0,0,0
2857060,0,0,0,0,0,29,79,0,0,0,0,0,0,0,0,0,0,0,25,0,0,0,0,0,0,0,0,0
1004901,0,0,0,0,0,29,63,0,0,0,0,0,0,0,0,0,0,0,0,0,0,0,25,0,0,0,0,0
3016419,0,0,0,0,0,29,40,0,0,0,0,0,0,0,0,0,0,0,0,0,0,0,0,0,0,0,0,0
3239936,0,0,0,0,0,29,118,0,14,0,0,0,0,0,0,25,0,0,29,0,0,0,0,0,0,0,0,0
2803858,0,0,0,0,0,29,75,0,0,0,0,0,0,0,0,0,11,0,0,0,0,0,0,0,0,0,0,0
37331,0,0,0,0,0,29,121,0,0,22,0,0,0,0,0,0,0,0,0,0,0,0,0,0,0,0,0,0
60894,0,0,0,0,0,29,64,0,0,0,0,0,14,0,0,0,65,0,0,17,0,0,21,0,0,0,0,0
3239893,0,0,0,0,0,29,118,0,0,0,0,0,0,0,0,0,21,0,41,12,0,0,19,0,0,0,0,0
1765219,0,0,0,0,0,29,18,0,0,0,0,0,0,0,0,0,0,0,0,0,0,0,11,0,0,0,0,0
2812560,0,0,0,0,0,29,140,0,0,25,0,16,0,0,0,0,0,0,14,13,0,0,0,0,0,0,22,0
2770776,0,0,0,0,0,29,31,0,0,0,0,0,0,0,0,0,0,0,147,0,0,0,36,0,0,0,0,0
261291,0,0,0,0,0,29,25,0,0,0,0,0,0,0,0,0,0,0,0,0,0,0,0,0,0,0,0,0
1708715,0,0,0,0,0,28,50,0,0,0,0,0,0,0,0,0,28,0,0,0,0,0,0,0,0,0,0,0
743836,0,0,0,0,0,28,0,0,0,0,0,0,0,0,0,0,0,0,0,0,0,0,0,0,0,0,0,0
2886361,0,0,0,0,0,28,47,0,0,0,0,0,0,0,0,0,0,0,0,0,0,0,0,0,0,0,0,0
2778082,0,0,0,0,0,28,84,0,0,0,0,0,0,0,0,0,0,0,0,0,0,0,0,0,0,15,0,0
2762322,0,0,0,0,0,28,56,0,52,0,0,0,0,0,0,0,0,0,0,23,0,0,0,0,0,0,0,0
1141883,0,0,0,0,0,28,78,0,0,0,0,0,0,0,0,0,17,0,15,0,0,0,0,0,0,0,0,0
1416806,0,0,0,0,0,28,73,0,0,0,0,0,0,0,0,0,11,0,0,0,0,0,32,0,0,0,0,0
3040076,0,0,0,0,0,28,91,0,0,0,0,0,0,0,0,0,0,0,0,0,0,0,15,0,0,0,0,0
2903762,0,0,0,0,0,28,42,0,0,0,0,0,0,0,0,0,0,0,0,0,0,0,0,0,0,0,0,0
67296,0,0,0,0,0,28,41,0,0,0,0,0,0,0,0,0,0,0,0,0,0,0,0,0,0,0,0,0
285450,0,0,0,0,0,28,62,32,45,0,0,0,0,20,0,0,11,0,0,0,0,0,0,0,0,0,0,0
3142976,0,0,0,0,0,28,73,0,0,0,0,0,0,0,0,0,0,0,0,0,0,0,0,0,0,0,0,0
2175650,0,0,0,0,0,28,59,0,0,0,0,0,0,0,0,0,26,0,71,0,0,0,0,0,0,0,0,0
71999,0,0,0,0,0,28,93,0,0,0,0,0,0,0,0,0,20,0,39,0,0,0,0,0,0,0,0,0
1930058,0,0,0,0,0,28,34,0,0,0,0,0,0,0,0,0,0,0,0,0,0,0,0,0,0,0,0,0
227318,0,0,0,0,0,28,68,0,0,0,0,0,0,0,0,0,0,0,12,0,0,0,0,0,0,0,0,0
2969247,0,0,0,0,0,28,52,0,0,0,0,0,0,0,0,0,0,0,0,0,0,0,0,0,0,0,0,0
3081651,0,0,0,0,0,28,56,0,0,0,0,0,0,0,0,0,0,0,12,0,0,0,0,0,0,0,0,0
3052846,0,0,0,0,0,28,87,0,0,0,0,0,0,0,0,0,17,0,26,17,0,0,0,0,0,0,0,0
2861750,0,0,0,0,0,28,74,0,0,0,0,0,0,0,0,0,0,0,0,0,0,0,0,0,0,0,0,0
2921562,0,0,0,0,0,28,0,0,0,0,0,0,0,0,0,0,0,0,0,33,0,0,0,0,0,0,0,0
2774137,0,0,0,0,0,27,37,0,0,0,0,0,0,0,0,0,0,0,12,0,0,0,0,0,0,0,0,0
2804617,0,0,0,0,0,27,51,0,10,0,0,0,0,0,0,0,0,0,10,0,0,0,0,33,0,0,0,0
2909673,0,0,0,0,0,27,65,0,0,0,0,0,0,0,0,76,0,0,0,0,0,0,0,0,0,0,0,0
3038927,0,0,0,0,0,27,68,0,0,0,0,0,0,0,0,0,0,0,0,15,0,0,0,0,0,0,0,0
2561924,0,0,0,0,0,27,52,0,0,0,0,0,0,0,0,0,36,0,0,0,0,19,0,0,0,0,0,0
2861285,0,0,0,0,0,27,33,0,0,0,0,0,0,0,0,15,19,0,15,0,0,0,0,0,0,0,0,0
638269,0,0,0,0,0,27,92,0,11,0,0,0,0,0,0,0,15,0,13,0,0,0,0,0,0,0,0,0
92490,0,0,0,0,0,27,0,0,0,0,0,0,0,0,0,0,0,0,0,0,0,0,0,0,0,0,0,0
2762611,0,0,0,0,0,27,80,0,0,0,0,0,0,0,0,0,0,0,32,0,0,0,0,0,0,0,0,0
1620215,0,0,0,0,0,27,105,0,0,0,0,0,0,0,0,0,14,0,0,0,0,0,14,0,0,0,0,0
248026,0,0,0,0,0,27,63,0,0,0,0,0,0,0,0,0,0,0,0,0,0,0,0,0,0,0,0,0
1912599,0,0,0,0,0,27,40,0,0,0,0,0,0,0,0,0,114,0,0,0,0,0,34,0,0,0,0,0
75697,0,0,0,0,0,27,99,0,0,0,0,0,0,0,0,0,0,0,36,0,0,0,0,0,18,0,0,0
2862869,0,0,0,0,0,27,59,0,0,0,0,0,0,0,0,0,0,0,0,0,0,0,18,0,0,0,0,0
2742136,0,0,0,0,0,27,105,0,0,0,0,0,0,0,0,0,0,0,0,10,0,0,27,0,0,0,0,17
3129111,0,0,0,0,0,27,61,0,0,0,0,0,0,0,0,0,0,0,0,0,0,0,0,0,0,0,0,0
188770,0,0,0,0,0,27,52,0,0,0,0,0,0,0,0,0,0,0,0,18,0,0,18,0,0,0,0,0
3156398,0,0,0,0,0,27,63,0,0,0,0,0,0,0,0,0,0,0,0,0,0,0,0,0,0,0,0,0
33883,0,0,0,0,0,27,23,0,0,0,0,0,0,0,0,0,0,0,0,0,0,0,0,0,0,0,0,0
1935379,0,0,0,0,0,27,52,0,0,0,0,0,0,0,0,0,0,0,0,0,0,0,0,0,0,23,0,0
446860,0,0,0,0,0,27,106,0,0,0,0,0,0,0,0,0,0,0,16,0,0,0,0,0,0,0,0,0
2819238,0,0,0,0,0,27,85,0,0,0,0,0,0,0,0,0,0,0,0,0,0,0,0,0,0,0,0,0
2975985,0,0,0,0,0,27,36,0,0,0,0,0,0,0,0,0,0,0,18,13,0,0,0,0,0,0,0,0
3239963,0,0,0,0,0,27,39,0,0,0,0,0,0,0,0,0,0,0,29,0,0,0,0,0,0,0,0,0
2045452,0,0,0,0,0,27,52,0,0,0,0,0,0,0,0,0,0,0,0,0,0,0,0,0,0,0,0,0
3138240,0,0,0,0,0,27,82,0,0,0,0,0,0,0,0,0,0,0,0,0,0,0,0,0,0,0,0,0
2020,0,0,0,0,0,27,75,0,0,0,0,0,0,0,0,0,13,0,0,0,0,0,15,0,0,0,0,0
2731096,0,0,0,0,0,26,47,0,0,0,0,0,0,0,0,0,0,0,0,11,0,0,0,0,0,0,0,0
2493679,0,0,0,0,0,26,66,0,0,0,0,0,0,0,0,0,0,0,0,0,0,0,0,0,0,0,0,0
2865837,0,0,0,0,0,26,61,0,0,0,0,0,0,0,0,0,83,0,0,39,0,24,0,0,0,0,0,0
2762591,0,0,0,0,0,26,69,0,13,0,0,0,0,0,0,0,0,0,70,0,0,0,0,0,0,0,0,0
3400908,0,0,0,0,0,26,48,0,0,0,0,0,0,0,0,0,12,0,0,158,0,0,0,0,0,0,0,0
2829500,0,0,0,0,0,26,139,0,0,0,0,0,0,0,0,0,12,0,13,0,0,0,11,0,0,21,0,0
1357916,0,0,0,0,0,26,55,0,13,0,0,0,0,0,0,0,0,0,0,61,0,0,0,0,0,0,0,0
2584094,0,0,0,0,0,26,40,0,0,0,0,0,0,0,0,0,0,0,0,0,0,0,0,17,0,0,0,0
3078084,0,0,0,0,0,26,41,0,0,0,0,0,0,0,0,0,0,0,0,0,0,0,0,0,0,0,0,0
3137451,0,0,0,0,0,26,38,0,0,0,0,0,0,0,0,0,0,0,0,0,0,0,12,0,0,0,0,0
3003272,0,0,0,0,0,26,46,0,0,0,0,0,0,0,0,0,0,0,0,0,0,0,31,0,0,0,0,0
3366815,0,0,0,0,0,26,71,0,22,0,0,0,0,0,0,0,0,0,0,0,0,0,11,0,0,0,0,0
2591633,0,0,0,0,0,26,74,15,24,0,0,0,0,0,0,0,0,0,0,0,0,0,0,0,0,0,0,0
2993564,0,0,0,0,0,26,84,0,0,0,0,0,0,0,0,0,0,0,0,0,0,0,0,0,0,0,0,0
3411354,0,0,0,0,0,26,40,0,0,0,0,0,0,0,0,0,0,0,0,0,0,0,68,0,0,0,0,0
3039386,0,0,0,0,0,26,105,0,0,0,0,0,0,0,0,0,0,0,0,27,0,0,0,0,0,52,0,18
1537400,0,0,0,0,0,26,22,0,0,0,0,0,0,0,0,14,0,0,0,18,0,0,24,0,0,12,0,0
2831967,0,0,0,0,0,26,60,0,0,0,0,0,0,0,0,0,0,0,0,0,0,0,0,0,0,0,0,0
1812480,0,0,0,0,0,26,73,0,0,0,0,0,0,0,0,0,0,0,0,0,0,0,0,0,0,0,0,0
3372855,0,0,0,0,0,26,34,0,0,0,0,0,0,0,0,0,0,0,0,16,0,0,0,0,0,0,0,0
33903,0,0,0,0,0,26,56,0,0,0,0,0,0,0,0,0,0,0,0,0,0,0,0,0,0,0,0,0
42234,0,0,0,0,0,26,74,0,0,0,0,0,0,0,0,0,0,0,0,0,0,0,0,0,0,0,0,0
1794,0,0,0,0,0,26,43,0,0,0,0,0,0,0,0,0,0,0,0,0,0,0,0,0,0,0,0,0
2903536,0,0,0,0,0,26,44,0,22,0,0,0,0,0,0,0,0,0,0,19,0,0,0,0,0,0,0,0
2041036,0,0,0,0,0,26,29,0,0,0,0,0,0,0,0,0,0,0,21,0,0,0,0,0,0,0,0,0
2975984,0,0,0,0,0,26,75,0,0,0,0,0,0,0,0,0,65,0,0,13,0,0,27,0,0,0,0,0
2975999,0,0,0,0,0,26,49,0,0,0,0,0,0,0,0,0,0,0,0,0,0,0,0,0,0,0,0,0
3081204,0,0,0,0,0,26,52,0,0,0,0,0,0,0,0,0,0,0,0,0,0,0,0,0,0,0,0,0
3144104,0,0,0,0,0,26,85,0,0,0,0,0,0,0,0,0,0,0,0,24,0,0,0,0,0,13,0,0
2851567,0,0,0,0,0,26,95,0,0,0,0,0,0,0,0,0,0,0,33,0,0,0,0,0,0,13,0,0
684066,0,0,0,0,0,26,38,0,15,0,0,0,0,0,0,0,0,0,0,11,0,0,23,0,0,10,15,13
3104321,0,0,0,0,0,26,0,0,0,0,0,0,0,0,0,0,0,0,0,0,0,0,0,0,0,28,26,0
2862331,0,0,0,0,0,25,59,0,0,0,0,0,0,0,0,0,20,0,0,0,0,0,0,0,0,0,0,0
169669,0,0,0,0,0,25,0,0,0,0,0,0,0,0,0,0,34,0,0,0,0,0,0,0,0,0,0,0
415229,0,0,0,0,0,25,74,0,0,0,0,0,0,0,0,0,0,0,48,0,0,0,0,0,0,0,0,0
666685,0,0,0,0,0,25,103,0,0,0,0,0,0,0,0,0,19,0,0,0,0,0,0,0,0,0,0,0
81475,0,0,0,0,0,25,63,0,22,0,0,0,0,0,0,0,12,0,0,0,0,0,0,0,0,0,0,0
2891210,0,0,0,0,0,25,31,0,0,0,0,0,0,0,0,0,0,0,0,0,0,0,14,0,0,0,0,0
3058603,0,0,0,0,0,25,42,0,0,0,0,0,0,0,0,0,76,12,14,0,0,0,0,0,0,0,0,0
516702,0,0,0,0,0,25,54,0,0,0,0,0,0,0,0,0,0,0,0,0,0,0,0,0,0,0,0,0
3133695,0,0,0,0,0,25,48,0,0,0,0,0,0,0,0,0,0,0,0,0,0,0,0,0,0,0,0,0
994696,0,0,0,0,0,25,11,0,0,0,0,0,0,0,0,0,19,0,0,16,0,0,10,0,0,0,0,0
28232,0,0,0,0,0,25,39,0,0,0,0,0,0,0,0,0,0,0,13,0,0,0,0,0,0,0,0,0
2903638,0,0,0,0,0,25,65,0,0,0,0,0,0,0,0,0,0,0,0,0,0,0,0,0,0,0,0,0
862751,0,0,0,0,0,25,43,0,0,0,0,0,0,0,0,0,0,0,0,0,0,0,17,0,0,0,0,0
2903897,0,0,0,0,0,25,71,0,0,0,0,0,0,0,0,0,0,0,0,0,0,0,0,0,0,0,0,0
1938841,0,0,0,0,0,25,47,0,0,0,0,0,0,0,0,0,0,0,0,0,0,0,0,0,0,0,0,0
2903890,0,0,0,0,0,25,49,0,0,0,0,0,0,0,0,0,0,0,0,66,0,0,0,0,0,0,0,0
80860,0,0,0,0,0,25,50,34,50,25,0,0,0,14,0,0,0,0,0,0,0,0,0,0,0,0,0,0
582680,0,0,0,0,0,25,39,0,0,0,0,0,0,0,0,0,0,0,64,0,0,0,0,0,0,0,0,0
2593973,0,0,0,0,0,25,33,0,0,0,0,0,0,0,0,0,0,0,11,0,0,0,10,0,0,0,0,0
3145017,0,0,0,0,0,25,33,0,0,0,0,0,0,0,0,0,0,0,0,0,0,0,0,0,0,0,0,0
1783348,0,0,0,0,0,25,45,0,0,0,0,0,0,0,0,0,0,0,0,0,0,0,0,0,0,0,0,0
3403464,0,0,0,0,0,25,71,0,0,0,0,0,0,0,0,0,0,0,55,26,0,0,0,0,0,0,0,0
2872154,0,0,0,0,0,25,72,0,13,0,0,0,0,0,0,0,0,0,0,0,0,0,35,0,0,0,0,0
402297,0,0,0,0,0,25,65,0,0,0,0,0,0,0,0,0,0,0,13,15,0,0,0,0,0,0,0,0
3419765,0,0,0,0,0,25,80,27,36,0,0,0,0,0,0,0,0,0,17,0,0,0,0,0,0,0,0,0
3034022,0,0,0,0,0,25,62,0,0,0,0,0,0,0,0,0,0,0,0,0,0,0,0,0,0,0,0,0
208439,0,0,0,0,0,25,49,0,0,0,0,0,0,0,0,0,0,0,0,0,0,0,0,0,0,0,0,0
333966,0,0,0,0,0,25,57,0,0,0,0,0,0,0,0,0,0,0,0,0,0,0,0,0,0,0,0,0
2483799,0,0,0,0,0,25,75,0,0,0,0,0,0,0,0,0,0,0,0,0,0,0,0,0,0,0,0,0
2949664,0,0,0,0,0,25,122,0,0,0,0,0,0,0,0,0,0,0,11,0,0,0,13,0,0,0,0,0
1982577,0,0,0,0,0,25,12,0,0,0,0,0,0,0,0,0,0,0,0,0,0,0,0,0,0,0,0,0
104102,0,0,0,0,0,24,0,0,0,0,0,0,0,0,0,0,0,0,0,49,0,0,0,0,0,0,31,0
376620,0,0,0,0,0,24,0,0,0,0,0,0,0,0,0,0,0,0,0,0,0,0,0,0,0,0,0,0
3040605,0,0,0,0,0,24,51,0,0,0,0,0,0,0,0,0,0,0,0,0,0,0,53,0,0,0,0,0
1843581,0,0,0,0,0,24,29,0,0,0,0,0,0,0,0,0,0,0,0,0,0,0,0,0,0,0,0,0
2480810,0,0,0,0,0,24,54,0,0,0,0,0,0,0,0,0,0,0,0,0,0,0,0,0,0,0,0,0
2202149,0,0,0,0,0,24,66,0,0,0,0,0,0,0,0,0,0,0,0,0,0,0,0,0,0,0,0,0
3376687,0,0,0,0,0,24,45,0,0,0,0,0,0,0,0,0,122,0,0,36,0,0,0,0,0,13,0,0
1329899,0,0,0,0,0,24,0,0,0,0,0,0,0,0,0,0,47,0,0,0,0,0,0,0,0,0,0,0
3064278,0,0,0,0,0,24,64,0,0,0,0,0,0,0,0,0,0,0,322,0,0,0,36,0,0,0,0,0
1906741,0,0,0,0,0,24,70,0,0,0,0,0,0,0,0,0,0,0,0,19,0,0,0,0,0,0,0,0
3133316,0,0,0,0,0,24,85,0,0,0,0,0,0,0,0,0,0,0,0,0,0,0,55,0,0,0,0,0
2692234,0,0,0,0,0,24,85,0,0,0,0,0,0,0,0,0,28,0,0,0,0,0,0,0,0,0,14,0
3448653,0,0,0,0,0,24,71,0,0,0,0,0,0,0,0,0,0,0,0,0,0,0,0,0,0,0,0,0
2975804,0,0,0,0,0,24,58,0,0,0,0,0,0,0,0,0,0,0,0,0,0,0,0,0,0,0,0,0
2975842,0,0,0,0,0,24,66,0,0,0,0,0,0,0,0,0,0,0,0,0,0,0,0,0,0,0,0,32
2903806,0,0,0,0,0,24,96,0,0,0,0,0,0,0,0,0,86,0,0,0,0,0,14,0,0,0,0,0
2903627,0,0,0,0,0,24,73,0,0,0,0,0,0,0,0,0,0,0,0,0,0,0,0,0,0,0,0,0
249586,0,0,0,0,0,24,43,0,0,0,0,0,0,0,0,0,0,0,0,15,0,0,0,0,0,0,0,0
412690,0,0,0,0,0,24,87,0,0,25,0,0,0,0,0,20,86,0,19,37,0,0,0,0,0,25,21,0
2879619,0,0,0,0,0,24,16,0,0,0,0,0,0,0,0,0,0,0,0,0,0,0,0,0,0,0,0,0
560555,0,0,0,0,0,24,33,0,0,0,0,0,0,0,0,0,0,0,0,0,0,0,0,0,0,0,0,0
2975993,0,0,0,0,0,24,50,0,0,0,0,0,0,0,0,0,0,0,0,0,0,0,0,0,0,0,0,0
2061,0,0,0,0,0,24,106,0,0,0,0,0,0,0,0,0,67,0,15,0,0,0,20,0,0,0,0,0
3015151,0,0,0,0,0,24,72,0,0,0,0,0,0,0,0,0,14,0,0,0,0,0,0,0,0,0,0,0
2662361,0,0,0,0,0,24,85,0,0,0,0,0,0,0,0,0,0,0,0,0,0,0,0,0,0,0,18,0
2937800,0,0,0,0,0,24,33,0,0,0,0,0,0,0,0,0,0,0,0,0,0,0,0,0,0,22,0,0
177758,0,0,0,0,0,24,0,0,0,0,0,0,0,0,0,0,0,0,0,0,0,0,0,0,0,0,0,0
1223565,0,0,0,0,0,23,59,0,0,0,0,0,0,0,0,0,0,0,0,0,0,0,26,0,0,0,0,0
2880932,0,0,0,0,0,23,50,0,0,0,0,0,0,0,0,0,0,0,0,0,0,0,0,0,0,0,0,0
2762748,0,0,0,0,0,23,49,0,0,0,0,0,0,0,0,0,0,0,0,0,0,0,0,0,0,0,0,0
2185142,0,0,0,0,0,23,36,0,0,0,0,0,0,0,0,0,0,0,0,0,0,0,10,0,0,0,12,0
292913,0,0,0,0,0,23,110,0,16,0,0,0,0,0,0,0,0,0,0,0,0,0,0,0,0,0,0,0
797277,0,0,0,0,0,23,80,0,0,0,0,0,0,0,0,0,23,0,0,0,0,0,0,0,0,0,0,0
3051119,0,0,0,0,0,23,32,0,0,0,0,0,0,0,0,0,129,0,0,13,0,0,0,0,0,0,0,0
3456954,0,0,0,0,0,23,53,0,0,0,0,0,0,0,0,0,34,0,0,0,0,0,29,0,0,0,0,0
1049,0,0,0,0,0,23,108,0,0,0,0,0,0,0,0,0,10,0,0,0,0,0,0,0,0,0,0,0
2840183,0,0,0,0,0,23,91,0,0,0,0,0,0,0,0,0,0,0,0,0,0,0,0,0,0,0,0,0
2509614,0,0,0,0,0,23,46,0,0,0,0,0,0,0,0,0,10,0,15,0,0,0,0,0,0,0,0,0
105560,0,0,0,0,0,23,102,0,0,0,0,0,0,0,0,0,0,0,26,0,0,0,15,0,0,0,0,0
2953890,0,0,0,0,0,23,28,0,0,0,0,0,0,0,0,0,0,0,0,0,0,0,0,0,0,0,0,0
1938604,0,0,0,0,0,23,43,0,0,0,0,0,0,0,0,0,0,0,0,0,0,0,10,0,0,0,0,0
3142262,0,0,0,0,0,23,88,0,0,0,0,0,0,0,0,0,0,0,33,0,0,0,0,0,0,0,0,0
418702,0,0,0,0,0,23,84,0,0,0,0,0,0,0,0,0,0,0,0,0,0,0,0,0,0,0,0,0
2903640,0,0,0,0,0,23,78,0,0,0,0,0,0,0,0,0,12,0,17,21,0,0,19,0,0,0,0,0
3238627,0,0,0,0,0,23,92,0,0,0,0,0,0,0,0,0,0,0,0,0,0,0,0,0,0,0,0,0
1849967,0,0,0,0,0,23,94,0,0,0,0,0,0,0,0,0,12,0,0,0,0,0,31,0,0,0,0,0
3342488,0,0,0,0,0,23,56,0,0,0,0,0,0,0,0,0,0,0,0,0,0,0,0,0,0,0,0,0
2903896,0,0,0,0,0,23,64,0,14,0,0,0,0,0,0,0,16,0,16,26,0,0,0,0,0,0,13,0
2975752,0,0,0,0,0,23,36,0,0,0,0,0,0,0,0,0,49,0,0,0,0,0,0,0,0,0,0,0
2710756,0,0,0,0,0,23,60,0,0,0,0,0,0,0,0,0,0,0,0,31,0,0,23,0,0,0,0,0
2508722,0,0,0,0,0,23,64,40,56,49,0,0,0,20,25,26,52,0,13,0,0,0,17,0,0,0,0,0
1977088,0,0,0,0,0,23,80,0,0,0,0,0,0,0,0,0,0,0,0,0,0,0,0,0,0,0,0,0
68200,0,0,0,0,0,23,79,0,0,0,0,0,0,0,0,0,0,0,0,0,0,0,0,0,0,0,0,0
2704468,0,0,0,0,0,23,118,0,0,0,0,0,0,0,0,0,0,0,0,0,0,0,0,0,0,0,0,0
2932244,0,0,0,0,0,23,73,0,0,0,0,0,0,0,0,0,0,0,0,0,0,0,0,0,0,0,0,0
1858653,0,0,0,0,0,23,86,0,0,0,0,0,0,0,0,0,0,0,0,0,0,0,48,0,0,0,0,0
1978566,0,0,0,0,0,23,35,0,0,0,0,0,0,0,0,14,54,0,0,0,0,0,0,0,0,0,0,0
2934161,0,0,0,0,0,23,45,0,0,0,0,0,0,0,0,0,0,0,10,0,0,0,0,0,0,0,0,0
3404117,0,0,0,0,0,23,66,0,0,0,0,0,0,0,0,0,0,0,0,0,0,0,31,0,0,0,0,0
3061627,0,0,0,0,0,23,54,0,0,0,0,0,0,0,0,0,0,0,0,0,0,0,0,0,0,0,0,0
47857,0,0,0,0,0,23,65,0,0,0,0,0,0,0,0,0,0,0,0,0,0,0,0,0,0,0,0,0
2749844,0,0,0,0,0,23,60,0,0,0,0,0,0,0,0,0,0,0,0,0,0,0,0,0,0,0,0,0
715471,0,0,0,0,0,23,83,0,0,0,0,0,0,0,0,0,0,0,0,0,0,0,0,0,0,0,0,0
3118084,0,0,0,0,0,23,61,0,0,83,0,0,70,0,27,0,27,0,271,46,0,14,20,0,37,18,0,0
3239891,0,0,0,0,0,23,116,0,0,0,0,0,0,0,0,0,0,0,0,14,0,0,0,0,0,0,0,0
3240033,0,0,0,0,0,23,88,0,14,0,0,0,0,0,0,0,57,0,0,0,0,0,0,0,0,0,0,0
1433513,0,0,0,0,0,23,81,0,0,0,0,0,0,0,0,0,0,0,0,0,0,0,0,0,0,0,0,0
232348,0,0,0,0,0,23,52,0,0,0,0,0,0,0,0,0,0,0,17,0,0,0,0,0,0,0,0,0
2714944,0,0,0,0,0,22,45,0,0,0,0,0,0,0,0,0,0,0,0,0,0,0,0,0,0,11,0,0
2798724,0,0,0,0,0,22,57,0,0,0,0,0,0,0,0,0,0,0,23,0,0,0,0,0,0,14,0,0
3053610,0,0,0,0,0,22,52,0,0,0,0,0,0,0,0,0,0,0,0,0,0,0,0,0,0,0,0,0
2219057,0,0,0,0,0,22,21,0,0,0,0,0,0,0,0,0,0,0,0,23,0,0,31,0,0,0,0,0
445710,0,0,0,0,0,22,83,0,0,0,0,0,0,0,0,0,27,0,0,52,0,0,0,0,0,0,0,0
2911537,0,0,0,0,0,22,92,0,0,0,0,0,0,0,0,23,60,0,0,0,0,0,0,0,0,0,0,0
3141544,0,0,0,0,0,22,49,0,0,0,0,0,0,0,0,0,0,0,15,0,0,0,0,0,0,0,0,0
3058602,0,0,0,0,0,22,52,0,0,0,0,0,0,0,0,0,0,0,0,0,0,0,0,0,0,0,0,0
335476,0,0,0,0,0,22,40,0,0,0,0,0,0,0,0,0,0,0,0,0,0,0,0,0,0,0,0,0
321984,0,0,0,0,0,22,64,0,0,0,0,0,0,0,0,0,0,0,0,0,0,0,38,0,0,0,0,0
1881016,0,0,0,0,0,22,63,0,0,0,0,0,0,0,0,0,26,0,0,0,0,0,0,0,0,0,0,0
2082386,0,0,0,0,0,22,53,0,0,0,0,0,0,0,0,0,0,0,0,0,0,0,0,0,0,0,0,0
2202141,0,0,0,0,0,22,66,0,0,0,0,0,0,0,0,0,0,0,0,17,0,0,43,0,38,0,0,0
2981137,0,0,0,0,0,22,68,0,14,0,0,0,0,0,0,0,118,0,0,13,0,0,16,0,0,0,0,0
2785627,0,0,0,0,0,22,45,0,0,0,0,0,0,0,0,0,0,0,0,16,0,0,0,0,0,0,0,0
2728835,0,0,0,0,0,22,161,13,13,10,0,0,0,0,0,0,0,0,40,0,0,0,0,0,0,0,0,0
447217,0,0,0,0,0,22,125,0,0,0,0,0,0,0,0,0,0,0,0,0,0,0,0,0,0,0,0,0
3133299,0,0,0,0,0,22,81,0,0,0,0,0,0,0,0,0,0,0,0,0,0,0,0,0,0,0,0,0
3372854,0,0,0,0,0,22,64,0,0,0,0,0,0,0,0,0,31,0,0,0,0,0,0,0,0,0,0,0
3404052,0,0,0,0,0,22,64,0,0,0,0,0,0,0,0,0,0,0,0,0,0,0,0,0,33,0,0,0
3238633,0,0,0,0,0,22,55,0,0,0,0,0,0,0,0,0,0,0,0,0,0,0,0,0,0,0,0,0
283878,0,0,0,0,0,22,34,0,0,0,0,0,0,0,0,0,0,0,0,0,0,0,0,0,0,0,0,0
3158143,0,0,0,0,0,22,34,0,0,0,0,0,0,0,0,0,0,0,19,12,0,0,0,0,0,0,0,0
2968084,0,0,0,0,0,22,57,0,0,0,0,0,0,0,0,0,0,0,0,0,0,0,0,0,0,0,0,0
1658671,0,0,0,0,0,22,63,0,0,0,0,0,0,0,0,0,0,0,0,0,0,0,0,0,0,0,0,0
3108389,0,0,0,0,0,22,85,0,0,0,0,0,0,0,0,0,0,0,0,0,0,0,0,0,0,0,0,0
1534349,0,0,0,0,0,22,41,0,0,0,0,0,0,0,0,25,67,0,12,0,0,0,0,0,0,0,0,0
1791,0,0,0,0,0,22,50,14,31,0,0,0,0,0,0,0,0,0,27,0,0,0,0,0,0,0,0,0
2975998,0,0,0,0,0,22,30,0,0,0,0,0,0,0,0,0,0,0,0,0,0,0,0,0,0,0,0,0
2742603,0,0,0,0,0,22,67,0,0,0,0,0,0,0,0,0,0,0,28,0,0,0,0,0,0,0,0,0
2935861,0,0,0,0,0,22,58,0,0,0,0,0,0,0,0,0,0,0,0,0,0,0,19,0,0,0,0,0
3016086,0,0,0,0,0,22,60,0,0,0,0,0,0,0,0,0,21,0,0,0,0,0,0,0,0,0,0,0
3383502,0,0,0,0,0,22,89,0,0,0,0,0,0,0,0,0,0,0,0,0,0,0,11,0,0,0,0,0
993414,0,0,0,0,0,22,28,0,0,0,0,0,0,0,0,0,0,0,0,0,0,0,0,0,0,0,0,0
3240036,0,0,0,0,0,22,65,0,0,0,0,0,0,0,0,0,0,0,0,0,0,0,34,0,0,0,0,0
111015,0,0,0,0,0,22,65,0,0,0,0,0,0,0,0,0,0,0,0,0,0,0,0,0,0,0,0,0
2741953,0,0,0,0,0,22,0,0,0,0,0,0,0,0,0,0,0,0,0,0,27,0,0,0,0,0,0,0
2857077,0,0,0,0,0,22,19,0,10,0,0,0,0,0,0,0,27,0,0,12,0,0,0,11,12,0,0,0
2962672,0,0,0,0,0,22,41,0,0,0,0,0,0,0,0,0,0,0,0,0,0,0,0,0,0,0,0,0
2067415,0,0,0,0,0,21,38,0,0,0,0,0,0,0,0,0,0,0,0,0,0,0,0,0,0,0,0,0
3108391,0,0,0,0,0,21,61,0,0,0,0,0,0,0,0,0,36,0,0,0,0,0,0,0,0,0,0,0
158823,0,0,0,0,0,21,31,0,0,0,0,0,0,0,0,11,0,0,0,21,0,0,0,0,0,17,14,10
266061,0,0,0,0,0,21,58,0,0,0,0,0,0,0,0,0,0,0,0,0,0,0,0,0,0,0,0,0
2822368,0,0,0,0,0,21,67,0,0,0,0,0,0,0,0,0,0,0,0,0,0,0,0,0,0,0,0,0
564369,0,0,0,0,0,21,76,0,0,0,0,0,0,0,0,0,0,0,0,0,0,0,0,0,0,0,0,0
3056107,0,0,0,0,0,21,85,0,0,0,0,0,0,0,0,0,0,0,0,32,0,0,0,0,0,25,0,59
1904254,0,0,0,0,0,21,72,0,0,0,0,0,0,0,0,0,14,0,0,0,0,0,210,0,0,0,0,0
454148,0,0,0,0,0,21,152,0,13,0,0,0,0,0,0,19,0,0,0,19,0,0,23,0,0,17,12,14
2966192,0,0,0,0,0,21,52,0,0,0,0,0,0,0,0,0,0,0,0,0,0,17,0,0,0,0,0,0
2083284,0,0,0,0,0,21,41,0,0,0,0,0,0,0,0,0,0,0,0,0,0,0,0,0,0,0,0,0
68231,0,0,0,0,0,21,99,0,0,0,0,19,0,0,0,0,16,0,14,24,0,0,12,0,0,19,0,19
2975962,0,0,0,0,0,21,78,0,0,0,0,0,0,0,0,0,0,0,0,0,0,0,0,0,0,0,0,0
150026,0,0,0,0,0,21,73,0,0,0,0,0,0,0,0,0,0,0,0,0,0,0,0,0,0,0,0,0
3372850,0,0,0,0,0,21,77,0,0,0,0,0,0,0,0,0,0,0,0,0,0,0,15,0,0,0,0,0
659012,0,0,0,0,0,21,95,0,0,0,0,0,0,0,0,17,130,0,0,0,0,0,0,0,0,0,0,0
110937,0,0,0,0,0,21,89,0,0,0,0,0,0,0,0,0,0,0,0,0,0,0,0,0,0,0,0,0
3068634,0,0,0,0,0,21,69,0,0,0,0,0,0,0,0,0,0,0,0,0,0,0,0,0,0,0,0,0
2220095,0,0,0,0,0,21,29,0,0,0,0,0,0,0,0,0,0,0,0,0,0,0,0,0,0,0,0,0
3418421,0,0,0,0,0,21,22,0,0,0,0,0,0,0,0,0,0,0,0,0,0,0,0,0,0,0,0,0
3064284,0,0,0,0,0,21,46,0,0,0,0,0,0,0,0,0,0,0,0,0,0,0,0,0,0,0,0,0
3239972,0,0,0,0,0,21,54,0,0,0,0,0,0,0,0,0,62,0,0,15,0,0,19,0,0,18,16,0
2057743,0,0,0,0,0,21,26,0,0,0,0,0,0,0,0,0,0,0,0,0,0,0,0,0,0,0,0,0
1938353,0,0,0,0,0,21,0,0,0,0,0,0,0,0,0,0,0,0,0,13,0,0,10,0,0,0,0,0
3082546,0,0,0,0,0,21,21,0,0,0,0,0,0,0,0,23,0,0,51,26,0,0,0,0,0,11,24,15
1551649,0,0,0,0,0,20,83,0,15,0,0,0,0,0,0,0,16,0,0,0,0,0,12,0,0,0,0,0
1532023,0,0,0,0,0,20,35,0,0,0,0,0,0,0,0,0,0,0,0,0,0,0,0,0,0,0,0,0
2771430,0,0,0,0,0,20,22,0,0,0,0,0,0,0,0,0,0,0,0,0,0,0,0,0,0,0,0,0
320497,0,0,0,0,0,20,32,0,0,0,0,0,0,0,0,0,0,0,0,0,0,0,12,0,0,0,0,0
1357074,0,0,0,0,0,20,51,0,0,0,0,0,0,0,0,0,0,0,0,0,0,0,0,0,0,0,0,0
3409857,0,0,0,0,0,20,37,0,12,0,0,0,0,0,0,0,0,0,26,10,0,0,0,0,0,11,0,0
2570351,0,0,0,0,0,20,0,0,0,0,0,0,0,0,0,0,0,0,0,0,0,0,0,0,0,0,0,0
3396310,0,0,0,0,0,20,59,0,0,0,0,0,0,0,0,0,0,0,0,0,0,0,0,0,0,0,0,0
2792603,0,0,0,0,0,20,114,0,0,13,0,0,0,0,0,0,0,0,77,13,0,0,0,0,0,0,0,0
3231487,0,0,0,0,0,20,26,0,0,0,0,0,11,0,0,0,0,0,0,0,0,0,0,0,0,0,0,0
379895,0,0,0,0,0,20,33,0,0,0,0,0,0,0,0,0,13,0,0,0,0,0,20,0,0,0,0,0
80868,0,0,0,0,0,20,34,0,0,0,0,0,0,0,0,0,0,0,0,0,0,0,37,0,0,0,0,0
487174,0,0,0,0,0,20,32,0,0,0,0,0,0,0,0,0,0,0,0,0,0,15,25,0,0,0,0,0
3425129,0,0,0,0,0,20,68,0,0,0,0,0,0,0,0,0,34,0,0,22,0,0,164,10,0,0,0,0
2903885,0,0,0,0,0,20,71,0,0,0,0,0,0,0,0,0,22,0,0,0,0,0,10,0,0,0,0,0
2942449,0,0,0,0,0,20,80,0,0,0,0,0,0,0,0,0,0,0,0,11,0,0,0,0,0,0,12,0
2903824,0,0,0,0,0,20,46,0,0,0,0,0,0,0,0,0,62,0,0,28,0,0,0,0,0,0,0,0
665007,0,0,0,0,0,20,59,0,21,0,0,0,0,0,0,0,0,0,0,0,0,0,0,0,0,0,0,0
887462,0,0,0,0,0,20,60,0,0,0,0,0,0,0,0,0,0,0,0,19,0,0,0,0,0,17,0,0
1904616,0,0,0,0,0,20,66,0,0,0,0,0,0,0,0,0,0,0,0,0,0,0,15,0,0,0,0,0
1890,0,0,0,0,0,20,66,18,26,0,0,0,25,0,0,0,0,0,0,0,0,0,0,0,0,0,0,0
1648182,0,0,0,0,0,20,35,0,0,0,0,0,0,0,0,0,0,0,0,0,0,0,0,0,0,0,0,0
42237,0,0,0,0,0,20,39,0,0,0,0,0,0,0,0,0,0,0,0,0,0,0,0,0,0,0,0,0
3075199,0,0,0,0,0,20,52,0,0,0,0,0,0,0,0,0,0,0,0,0,0,0,11,0,0,19,0,0
904291,0,0,0,0,0,20,80,0,0,0,0,0,0,0,0,0,0,0,0,0,0,0,0,0,0,0,0,0
31964,0,0,0,0,0,20,27,0,0,0,0,0,0,0,0,0,0,0,0,0,0,0,0,0,0,0,0,0
683150,0,0,0,0,0,20,22,0,0,0,0,0,0,0,0,0,0,0,0,0,0,0,0,0,0,0,0,0
37923,0,0,0,0,0,20,76,0,0,0,0,0,0,0,0,0,0,0,0,0,0,0,0,0,0,0,0,0
1793,0,0,0,0,0,20,39,0,0,0,0,0,0,0,0,0,0,0,13,0,0,0,0,0,0,0,0,0
53376,0,0,0,0,0,20,36,0,0,0,0,0,0,0,0,0,0,0,0,0,0,0,151,0,0,0,0,0
2895565,0,0,0,0,0,20,54,0,0,0,0,0,0,0,0,0,0,0,0,0,0,0,0,0,0,0,0,0
1332264,0,0,0,0,0,20,44,0,0,0,0,0,0,0,0,0,56,0,0,42,0,0,0,0,0,0,0,0
2560010,0,0,0,0,0,20,19,0,0,0,0,0,0,0,0,0,0,0,0,0,0,0,0,0,0,0,0,0
1859,0,0,0,0,0,20,83,0,0,0,0,0,0,0,0,0,0,0,0,19,0,0,11,0,0,0,0,0
414996,0,0,0,0,0,20,50,0,0,0,0,0,0,0,0,0,0,0,0,0,0,0,12,0,0,0,0,0
2653851,0,0,0,0,0,20,56,0,24,0,0,0,0,0,0,10,0,0,56,0,0,0,0,0,0,0,0,0
2026191,0,0,0,0,0,20,0,0,26,0,0,0,0,0,0,15,36,0,0,33,0,0,29,0,0,20,12,0
2071607,0,0,0,0,0,19,59,0,0,0,0,0,0,0,0,0,0,0,12,0,0,0,0,0,0,0,0,0
46429,0,0,0,0,0,19,37,0,0,0,0,0,0,0,0,0,0,0,0,0,0,0,0,0,0,0,0,0
2835787,0,0,0,0,0,19,53,0,0,0,0,0,0,0,0,13,40,0,0,0,0,0,0,0,0,0,0,0
2964670,0,0,0,0,0,19,31,0,0,0,0,0,0,0,0,0,0,0,0,16,0,0,0,0,0,0,0,0
2290922,0,0,0,0,0,19,72,0,0,0,0,0,0,0,0,0,0,0,0,0,0,0,0,0,0,0,0,0
1542730,0,0,0,0,0,19,68,0,0,0,0,0,0,0,0,0,0,0,0,0,0,0,0,0,0,0,0,0
47920,0,0,0,0,0,19,32,0,0,0,0,0,0,0,0,0,0,0,0,0,0,0,13,0,0,0,0,0
1007105,0,0,0,0,0,19,40,0,0,0,0,0,0,0,0,0,0,0,0,15,0,0,0,0,0,0,0,0
453230,0,0,0,0,0,19,57,0,0,19,0,0,0,0,0,0,0,0,0,0,0,0,0,0,0,0,0,0
2975736,0,0,0,0,0,19,55,0,0,0,0,0,0,0,0,0,0,0,0,0,0,0,18,0,0,0,0,0
2975703,0,0,0,0,0,19,59,0,0,0,0,0,0,0,0,0,13,0,11,0,0,0,15,0,0,0,12,0
2903748,0,0,0,0,0,19,86,0,0,0,0,0,0,0,0,0,0,0,0,0,0,0,0,0,0,0,0,0
2903682,0,0,0,0,0,19,55,0,0,0,0,0,0,0,0,0,0,0,0,16,0,0,0,0,0,0,16,0
2801030,0,0,0,0,0,19,56,0,0,0,0,0,0,0,0,0,0,0,23,35,0,0,0,0,0,16,0,0
3444503,0,0,0,0,0,19,46,0,0,0,0,0,0,0,0,0,0,0,0,0,0,0,0,0,0,0,0,0
2903832,0,0,0,0,0,19,73,0,0,0,0,0,0,0,0,0,0,0,0,0,0,0,21,0,0,0,0,0
3053466,0,0,0,0,0,19,50,0,0,0,0,0,0,0,0,0,0,0,0,0,0,0,0,0,0,0,0,0
2496836,0,0,0,0,0,19,59,0,0,0,0,0,0,0,0,0,0,0,0,0,0,0,15,0,0,0,0,0
1930,0,0,0,0,0,19,97,0,0,0,0,0,0,0,0,0,0,0,0,0,0,0,0,0,0,0,0,0
2903568,0,0,0,0,0,19,82,0,37,0,0,0,0,0,36,0,0,0,0,0,0,0,0,0,0,0,0,0
2932247,0,0,0,0,0,19,74,0,0,0,0,0,0,0,0,0,14,0,0,0,0,0,0,0,0,0,0,0
3050197,0,0,0,0,0,19,63,0,0,0,0,0,0,0,0,0,0,0,0,0,0,0,0,0,0,0,0,0
47854,0,0,0,0,0,19,54,0,0,0,0,0,0,0,0,0,0,0,0,0,0,0,40,0,0,0,0,0
3095076,0,0,0,0,0,19,76,0,0,0,0,0,0,0,0,0,0,0,0,0,0,0,0,0,0,0,0,0
2662028,0,0,0,0,0,19,61,0,0,0,0,0,0,0,0,0,0,0,0,0,0,0,18,0,0,0,0,0
2760308,0,0,0,0,0,19,62,0,0,0,0,0,0,0,0,0,0,0,0,0,0,0,0,0,0,0,0,0
42197,0,0,0,0,0,19,96,0,0,0,0,0,0,0,0,0,0,0,0,0,0,0,0,0,0,0,0,0
1538159,0,0,0,0,0,18,34,0,0,0,0,0,0,0,0,0,0,0,0,0,0,0,0,0,0,0,0,0
2714943,0,0,0,0,0,18,38,0,0,0,0,0,0,0,0,0,17,0,0,0,0,0,10,0,0,0,0,0
3025315,0,0,0,0,0,18,63,0,0,0,0,0,0,0,0,0,0,0,0,0,0,0,0,0,0,0,0,0
3032592,0,0,0,0,0,18,68,0,0,0,0,0,0,0,0,0,0,0,0,0,0,0,65,0,0,0,14,0
117207,0,0,0,0,0,18,56,0,0,0,0,0,0,0,0,0,0,0,0,0,0,0,23,0,0,0,0,0
146474,0,0,0,0,0,18,19,0,13,0,0,0,0,0,0,0,0,0,0,0,0,0,12,0,0,0,0,0
2995143,0,0,0,0,0,18,38,0,0,0,0,0,0,0,0,0,14,0,0,0,0,0,0,0,0,0,0,0
2364649,0,0,0,0,0,18,52,0,0,0,0,0,0,0,0,0,10,0,0,0,0,0,0,0,0,0,0,0
2925843,0,0,0,0,0,18,39,0,0,0,0,0,0,0,0,0,0,0,0,0,0,0,0,0,0,0,0,0
1242174,0,0,0,0,0,18,64,0,0,0,0,0,0,0,0,0,0,0,0,0,0,0,0,0,0,0,0,0
2699430,0,0,0,0,0,18,54,0,0,10,0,0,0,0,0,0,14,0,0,0,0,0,0,0,0,0,0,0
3108543,0,0,0,0,0,18,75,0,0,0,0,0,0,0,0,0,30,0,0,0,0,0,0,0,0,0,0,0
3136632,0,0,0,0,0,18,122,0,0,0,0,0,0,0,0,0,0,0,0,0,0,0,0,0,0,0,0,0
3098762,0,0,0,0,0,18,63,0,0,0,0,0,0,0,0,0,0,0,0,13,0,0,0,0,0,0,0,0
2816950,0,0,0,0,0,18,55,0,0,0,0,0,0,0,0,0,11,0,0,16,0,0,0,0,0,0,0,0
1809410,0,0,0,0,0,18,19,0,0,0,0,0,0,0,0,0,25,0,0,0,0,0,11,0,0,0,0,0
76115,0,0,0,0,0,18,67,0,0,0,0,0,0,0,0,0,0,0,0,13,0,0,0,0,0,16,23,0
1391653,0,0,0,0,0,18,114,0,20,0,0,0,0,0,0,0,0,0,0,11,0,0,0,0,0,0,0,0
2927979,0,0,0,0,0,18,62,0,0,0,0,0,0,0,0,0,0,0,0,0,0,0,0,0,0,0,0,0
2975946,0,0,0,0,0,18,64,0,0,0,0,0,0,0,0,0,0,0,0,0,0,0,0,0,0,0,0,0
3419764,0,0,0,0,0,18,67,0,0,0,0,0,0,0,0,0,0,0,0,0,0,0,14,0,0,0,0,0
3064901,0,0,0,0,0,18,39,0,0,0,0,0,0,0,0,0,0,0,0,0,0,0,0,0,0,0,0,0
2981135,0,0,0,0,0,18,60,0,0,0,0,0,0,0,0,0,0,0,0,0,0,0,0,0,0,0,0,0
2962064,0,0,0,0,0,18,39,0,0,0,0,0,0,0,0,0,34,0,0,20,0,0,12,0,0,0,0,0
2175648,0,0,0,0,0,18,37,0,0,0,0,0,0,0,0,0,0,0,0,0,0,0,0,0,0,0,0,0
2759943,0,0,0,0,0,18,69,0,0,0,0,0,0,0,0,0,0,0,0,0,0,0,0,0,0,0,0,0
40001,0,0,0,0,0,18,70,27,24,0,0,0,0,0,0,0,0,0,0,0,0,0,0,0,0,0,0,0
2704467,0,0,0,0,0,18,73,0,0,0,0,0,0,0,0,0,0,0,0,0,0,0,0,0,0,0,0,0
767452,0,0,0,0,0,18,52,0,0,0,0,0,0,0,0,0,0,0,25,15,0,0,0,0,0,0,0,0
2903597,0,0,0,0,0,18,59,0,0,0,0,0,0,0,0,0,0,0,18,73,0,0,0,0,0,55,21,25
191493,0,0,0,0,0,18,48,0,0,0,0,0,0,0,0,0,0,0,0,13,0,0,0,0,0,26,0,0
2420509,0,0,0,0,0,18,69,0,0,0,0,0,0,0,0,0,0,0,21,0,0,0,0,0,0,0,0,0
2597660,0,0,0,0,0,18,45,0,0,0,0,0,0,0,0,0,37,0,0,56,0,0,11,0,0,0,0,0
47875,0,0,0,0,0,18,47,0,0,0,0,0,0,0,0,0,0,0,0,0,0,0,0,0,0,0,0,0
2518370,0,0,0,0,0,18,103,0,0,0,0,0,0,0,0,0,140,0,11,19,0,0,0,0,0,0,0,0
1736306,0,0,0,0,0,18,67,0,13,0,0,0,0,0,0,0,0,0,0,0,0,0,0,0,0,0,0,0
700274,0,0,0,0,0,18,75,0,0,0,0,0,0,0,0,0,0,0,0,0,0,0,54,0,0,0,0,0
2589797,0,0,0,0,0,18,47,0,0,0,0,0,0,0,0,0,0,0,13,0,0,0,0,0,0,0,0,0
1801629,0,0,0,0,0,18,11,0,13,0,0,0,0,0,0,0,0,0,11,0,0,14,0,0,0,0,0,0
3384159,0,0,0,0,0,18,27,0,0,0,0,0,18,0,0,0,0,0,0,0,0,0,0,0,0,0,0,0
2991074,0,0,0,0,0,17,76,0,0,0,0,0,0,0,0,0,0,0,0,0,0,0,0,0,0,0,0,0
2764186,0,0,0,0,0,17,71,0,0,0,0,0,0,0,0,0,0,0,0,0,0,0,0,0,0,0,0,11
3132797,0,0,0,0,0,17,27,0,0,0,0,0,20,0,0,0,0,0,0,0,11,0,0,0,0,0,0,0
1874061,0,0,0,0,0,17,73,18,22,0,0,0,0,0,0,0,0,0,0,0,0,0,14,0,19,0,0,0
2752515,0,0,0,0,0,17,36,0,15,0,0,0,0,0,0,0,14,0,0,0,0,0,0,0,0,0,0,0
122355,0,0,0,0,0,17,31,0,0,0,0,0,0,0,0,0,0,0,0,0,0,0,0,0,0,0,0,0
359110,0,0,0,0,0,17,42,0,0,0,0,0,0,0,0,0,21,0,0,0,0,0,0,0,0,19,0,0
2650745,0,0,0,0,0,17,0,0,0,0,0,0,0,0,0,0,0,0,0,0,0,0,0,0,0,0,0,0
1765967,0,0,0,0,0,17,77,0,0,10,0,0,0,0,0,0,15,0,0,0,0,0,18,0,0,0,0,0
2866570,0,0,0,0,0,17,15,0,0,0,0,0,0,0,0,0,0,0,0,39,0,0,0,0,0,27,14,0
652,0,0,0,0,0,17,52,16,32,0,0,0,0,0,0,0,0,0,0,14,0,0,0,0,0,0,10,0
2806262,0,0,0,0,0,17,81,0,0,0,0,0,0,0,0,0,23,0,0,10,0,0,0,0,0,0,0,0
2290923,0,0,0,0,0,17,68,0,0,0,0,0,0,0,0,0,0,0,0,0,0,0,12,0,0,0,0,0
1617967,0,0,0,0,0,17,44,0,0,0,0,0,0,0,0,0,0,0,12,0,0,86,10,0,125,0,0,0
2903657,0,0,0,0,0,17,52,0,0,195,0,0,0,0,0,0,0,0,0,0,0,0,0,0,0,0,0,0
2840373,0,0,0,0,0,17,37,0,0,0,0,0,0,0,0,0,0,0,0,14,0,0,0,0,0,0,0,0
2903705,0,0,0,0,0,17,71,0,0,0,0,0,0,0,0,0,0,0,0,0,0,0,0,0,0,0,0,0
2975866,0,0,0,0,0,17,64,0,0,0,0,0,0,0,0,0,20,0,0,22,0,0,27,0,0,0,0,0
2880933,0,0,0,0,0,17,46,0,0,0,0,0,0,0,0,0,0,0,0,0,0,0,0,0,0,0,0,0
67332,0,0,0,0,0,17,35,0,0,0,0,0,0,0,0,0,80,0,0,0,0,0,0,0,0,0,0,0
3049073,0,0,0,0,0,17,33,0,0,0,0,0,0,0,0,0,0,0,0,0,0,0,0,0,0,0,0,0
153731,0,0,0,0,0,17,29,0,0,0,0,0,0,0,0,0,0,0,0,0,0,0,0,0,0,0,0,0
3138181,0,0,0,0,0,17,43,0,0,0,0,0,0,0,0,0,0,0,0,0,0,0,21,0,0,0,0,0
340320,0,0,0,0,0,17,72,0,0,0,0,0,0,0,0,0,0,0,0,0,0,0,26,0,0,0,0,0
2879617,0,0,0,0,0,17,29,0,0,0,0,0,0,0,0,0,0,0,0,0,0,0,0,0,0,0,0,0
3018929,0,0,0,0,0,17,22,0,0,0,0,0,0,0,0,0,0,0,0,42,0,0,0,0,0,45,0,0
388357,0,0,0,0,0,17,66,0,0,0,0,0,0,0,0,0,12,0,0,0,0,0,0,0,0,0,0,0
1711,0,0,0,0,0,17,66,0,0,0,0,0,0,0,0,0,0,0,0,0,0,0,0,0,0,0,0,0
3115209,0,0,0,0,0,17,36,0,0,0,0,0,0,0,0,0,0,0,0,0,0,0,18,0,0,0,0,0
1431246,0,0,0,0,0,17,49,0,0,0,0,0,0,0,0,0,0,0,0,0,0,0,10,0,0,0,0,0
85968,0,0,0,0,0,17,37,0,0,0,0,0,0,0,0,0,0,0,0,0,0,0,0,0,0,0,0,0
3239978,0,0,0,0,0,17,26,0,0,0,0,0,0,0,0,0,0,0,0,0,0,0,0,0,0,0,0,0
2382165,0,0,0,0,0,17,57,0,0,0,0,0,0,0,0,0,0,0,20,0,0,0,18,0,0,0,0,0
2567884,0,0,0,0,0,17,51,0,0,0,0,0,0,0,0,0,0,0,0,0,0,0,11,0,0,0,0,0
3028804,0,0,0,0,0,17,48,0,0,0,0,0,0,0,0,0,0,0,0,19,0,0,0,0,0,14,30,0
3404122,0,0,0,0,0,17,73,0,0,0,0,0,0,0,0,0,38,0,33,0,0,0,0,0,0,0,0,0
1814,0,0,0,0,0,17,86,0,0,0,0,0,0,0,0,0,24,0,15,0,0,0,0,0,0,0,0,17
1689,0,0,0,0,0,17,19,0,0,0,0,0,0,0,0,0,24,0,0,13,0,0,19,0,0,0,0,0
1564165,0,0,0,0,0,17,90,0,0,0,0,0,0,0,0,0,0,0,58,0,0,0,0,0,0,13,0,0
2944128,0,0,0,0,0,17,59,0,0,0,0,0,0,0,0,0,0,0,0,0,0,0,0,0,0,0,0,0
2955344,0,0,0,0,0,17,24,0,0,0,0,0,0,0,0,0,0,0,0,0,0,0,0,0,0,0,0,0
3039154,0,0,0,0,0,16,63,0,0,0,0,0,0,0,0,20,52,0,44,0,0,0,0,0,11,0,0,0
3398703,0,0,0,0,0,16,51,0,0,0,0,0,0,0,0,0,18,0,18,0,0,0,0,0,0,0,13,0
2865112,0,0,0,0,0,16,58,0,0,0,0,0,0,0,0,15,75,0,0,13,0,0,0,0,0,0,0,0
2861283,0,0,0,0,0,16,53,0,30,0,0,0,0,0,0,0,0,0,0,15,0,0,0,0,18,0,0,0
3047478,0,0,0,0,0,16,37,0,0,0,0,0,0,0,0,0,0,0,0,0,0,0,0,0,0,0,0,0
1282863,0,0,0,0,0,16,16,0,0,0,0,0,0,0,0,0,0,0,0,11,0,0,21,0,0,0,0,0
59406,0,0,0,0,0,16,70,0,0,0,0,0,0,0,0,0,0,0,0,0,0,0,0,0,0,0,0,0
3135776,0,0,0,0,0,16,68,0,0,0,0,0,0,0,0,0,0,0,0,11,0,0,116,0,0,0,0,0
345632,0,0,0,0,0,16,34,0,0,0,0,0,0,0,0,0,0,0,0,0,0,0,0,0,0,0,0,0
1323948,0,0,0,0,0,16,30,0,0,0,0,0,0,0,0,12,67,0,0,50,0,0,0,0,0,23,0,14
3447510,0,0,0,0,0,16,69,0,0,0,0,0,0,0,0,0,0,0,0,0,0,0,0,0,0,0,0,0
2975740,0,0,0,0,0,16,79,0,0,0,0,0,0,0,0,0,0,0,0,0,0,0,0,0,0,0,0,0
477697,0,0,0,0,0,16,87,0,0,0,0,0,0,0,0,0,0,0,0,0,16,0,0,0,0,0,0,0
1442032,0,0,0,0,0,16,60,0,0,0,0,0,0,0,0,0,0,0,0,0,0,0,0,0,0,0,0,0
3081768,0,0,0,0,0,16,69,0,0,0,0,0,0,0,0,0,43,0,12,0,0,0,11,0,0,0,0,0
67367,0,0,0,0,0,16,53,0,15,0,0,0,0,0,0,0,0,0,0,0,0,0,0,0,0,0,0,0
73044,0,0,0,0,0,16,90,0,0,0,0,0,0,0,0,0,0,0,0,0,0,0,0,0,0,0,0,0
3369522,0,0,0,0,0,16,79,0,0,0,0,0,0,0,0,0,0,0,0,0,0,0,0,0,0,0,0,0
3079935,0,0,0,0,0,16,37,0,0,0,0,0,0,0,0,0,0,0,0,0,0,0,0,0,0,0,0,0
1795630,0,0,0,0,0,16,58,0,0,0,0,0,0,0,0,0,0,0,0,0,0,0,0,0,0,0,0,0
3445774,0,0,0,0,0,16,23,0,0,0,0,0,0,0,0,0,0,0,0,0,0,0,0,0,0,0,0,0
2831000,0,0,0,0,0,16,23,0,0,0,0,0,0,0,0,0,0,0,0,0,0,0,103,0,0,0,0,0
3418416,0,0,0,0,0,16,29,0,0,0,0,0,0,0,0,0,0,0,0,0,0,0,0,0,0,0,0,0
2962632,0,0,0,0,0,16,57,0,0,0,0,0,0,0,0,0,0,0,0,0,0,0,0,0,0,0,0,0
1780,0,0,0,0,0,16,23,0,0,0,0,0,0,0,0,0,0,0,0,0,0,0,0,0,0,0,0,0
38310,0,0,0,0,0,16,45,0,0,0,0,0,0,0,0,0,0,0,0,0,0,0,0,0,0,0,0,0
225326,0,0,0,0,0,16,46,0,0,0,0,0,0,0,0,0,0,0,0,0,0,0,0,0,0,0,0,0
286802,0,0,0,0,0,16,29,0,0,0,0,0,0,0,0,0,0,0,0,0,0,0,0,0,0,0,0,0
2558918,0,0,0,0,0,16,71,0,0,0,0,0,0,0,0,0,0,0,0,0,0,0,0,0,0,0,0,0
219314,0,0,0,0,0,16,53,0,0,0,0,0,0,0,0,0,65,0,0,0,0,0,0,0,0,0,0,0
2760310,0,0,0,0,0,16,40,0,0,0,0,0,0,0,0,0,0,0,0,0,0,0,0,0,0,0,0,0
119981,0,0,0,0,0,16,21,0,0,0,0,0,0,0,0,0,0,0,0,0,0,0,0,0,0,0,0,0
76021,0,0,0,0,0,16,31,0,20,0,0,0,0,0,0,0,0,0,0,0,0,0,0,0,0,0,0,0
40989,0,0,0,0,0,16,48,0,0,0,0,0,0,0,0,0,0,0,0,0,0,0,12,0,0,0,0,0
2734,0,0,0,0,0,16,38,0,0,0,0,0,0,0,0,0,0,0,0,0,0,0,0,0,0,0,0,0
2770772,0,0,0,0,0,16,15,0,0,0,0,0,0,0,0,0,0,0,0,79,0,0,238,0,0,0,0,22
52226,0,0,0,0,0,16,46,0,0,0,0,0,0,0,0,0,0,0,0,31,0,0,0,0,0,19,10,0
2202254,0,0,0,0,0,16,31,0,0,0,0,0,0,0,0,0,0,0,0,0,0,0,12,0,0,0,0,0
55148,0,0,0,0,0,16,28,0,0,0,0,0,0,0,0,0,0,0,0,22,0,0,0,0,0,0,0,0
1853699,0,0,0,0,0,16,33,0,0,0,0,0,0,0,0,0,0,0,0,0,0,0,0,0,0,0,0,0
2816475,0,0,0,0,0,16,39,0,0,0,0,0,0,0,0,0,0,0,0,0,0,0,13,0,0,0,0,0
3398704,0,0,0,0,0,15,43,0,0,0,0,0,0,0,0,0,0,0,0,0,0,0,0,0,0,0,0,0
2867238,0,0,0,0,0,15,46,0,0,0,0,0,0,0,0,0,0,0,0,11,0,0,27,0,0,0,0,0
645517,0,0,0,0,0,15,46,0,0,0,0,0,0,0,0,0,0,0,0,0,0,0,0,0,0,0,0,0
2830667,0,0,0,0,0,15,49,0,0,0,0,0,0,0,0,0,0,0,0,0,0,0,21,0,0,0,0,0
2749086,0,0,0,0,0,15,45,0,0,0,0,0,0,0,0,0,0,0,0,0,0,0,13,0,0,0,0,0
2898441,0,0,0,0,0,15,61,0,0,0,0,0,0,0,0,0,65,0,76,0,0,0,0,0,0,0,0,0
2842356,0,0,0,0,0,15,42,26,21,0,0,0,0,21,12,0,0,0,0,0,0,0,0,0,0,0,0,0
3068324,0,0,0,0,0,15,44,0,0,0,0,0,0,0,0,0,0,0,0,0,0,0,0,0,0,0,0,0
2656746,0,0,0,0,0,15,46,0,0,0,0,0,0,0,0,0,0,0,0,0,0,0,0,0,0,0,0,0
2771436,0,0,0,0,0,15,80,0,0,0,0,0,0,0,0,0,0,0,0,0,0,0,0,0,0,0,0,0
1849580,0,0,0,0,0,15,49,0,0,0,0,0,0,0,0,0,49,0,0,17,0,0,12,0,0,0,0,0
2587843,0,0,0,0,0,15,0,0,0,0,0,0,0,0,0,0,13,0,0,30,0,0,23,0,0,0,0,0
163359,0,0,0,0,0,15,34,0,0,0,0,0,0,0,0,0,0,0,0,58,0,0,16,0,0,0,17,0
60548,0,0,0,0,0,15,53,0,0,0,0,0,0,0,0,0,0,0,0,0,0,17,12,0,0,0,0,0
3093895,0,0,0,0,0,15,46,0,0,0,0,0,0,0,0,0,0,0,0,0,0,0,0,0,0,0,0,0
2109915,0,0,0,0,0,15,66,0,22,24,0,0,0,0,0,0,0,0,17,0,0,0,0,0,0,0,0,0
76731,0,0,0,0,0,15,46,0,0,0,0,0,0,0,0,0,18,0,11,12,0,0,0,0,0,0,0,0
926,0,0,0,0,0,15,51,0,0,0,0,0,0,0,0,0,0,0,16,0,0,0,0,0,0,0,0,0
2764705,0,0,0,0,0,15,42,0,14,0,0,0,0,0,0,0,0,0,0,0,0,0,0,0,0,0,0,0
2592049,0,0,0,0,0,15,41,0,0,0,0,0,0,0,0,11,40,0,0,40,0,0,12,0,0,17,11,16
1457141,0,0,0,0,0,15,0,0,0,0,0,0,0,0,0,0,0,0,0,21,0,0,15,0,0,0,0,0
2973512,0,0,0,0,0,15,45,11,13,14,0,0,0,0,0,0,0,0,82,15,0,0,18,0,0,0,0,0
3377215,0,0,0,0,0,15,59,0,0,0,0,0,0,0,0,0,21,0,0,0,0,0,12,0,0,0,0,0
3057122,0,0,0,0,0,15,84,0,0,0,0,0,0,0,0,0,14,0,16,0,0,0,0,0,0,0,0,0
2695266,0,0,0,0,0,15,79,0,0,0,0,0,0,0,0,0,0,0,0,0,0,0,0,0,0,0,0,0
3002640,0,0,0,0,0,15,56,0,0,0,0,0,0,0,0,0,0,0,0,0,0,0,22,0,0,0,0,0
2903746,0,0,0,0,0,15,53,0,0,0,0,0,0,0,0,0,0,0,0,0,0,0,0,0,0,0,0,0
2903671,0,0,0,0,0,15,70,0,0,0,0,0,0,0,0,0,0,0,0,0,0,0,0,0,0,0,0,0
2975859,0,0,0,0,0,15,38,0,0,0,0,0,0,0,0,0,15,0,0,0,0,0,0,0,0,0,0,0
1150371,0,0,0,0,0,15,67,0,0,0,0,0,0,0,0,0,0,0,0,0,0,0,178,0,0,0,0,0
3153754,0,0,0,0,0,15,48,0,0,0,0,0,0,0,0,0,0,0,17,0,0,0,0,0,0,0,0,0
57043,0,0,0,0,0,15,66,0,0,0,0,0,0,0,0,0,13,0,0,20,0,0,19,0,0,50,58,0
2592654,0,0,0,0,0,15,42,0,0,0,0,0,0,0,0,0,0,0,0,0,0,0,0,0,0,0,0,0
2968083,0,0,0,0,0,15,62,0,0,0,0,0,0,0,0,0,0,0,0,0,0,0,12,0,0,0,0,0
2729175,0,0,0,0,0,15,47,0,0,0,0,0,0,0,0,0,0,0,0,24,0,0,0,0,0,0,0,0
443156,0,0,0,0,0,15,65,0,0,0,0,0,14,0,0,0,0,0,11,0,0,0,32,0,0,0,0,0
370526,0,0,0,0,0,15,55,0,0,0,0,0,0,0,0,0,0,0,13,0,0,0,26,0,0,0,0,0
59750,0,0,0,0,0,15,55,0,0,0,0,0,0,0,0,0,0,0,0,0,0,0,13,0,0,0,0,0
404941,0,0,0,0,0,15,27,0,0,0,0,0,0,0,0,0,0,0,0,10,0,0,0,0,0,0,0,0
2929795,0,0,0,0,0,15,65,0,0,0,0,0,0,0,0,0,62,0,14,17,0,0,0,0,0,0,0,0
1804624,0,0,0,0,0,15,27,0,0,0,0,0,0,0,0,0,0,0,0,0,0,0,0,0,0,0,0,0
2672569,0,0,0,0,0,15,49,0,13,0,0,0,0,0,0,0,0,0,0,0,0,0,0,0,0,0,0,0
2057246,0,0,0,0,0,15,42,0,0,0,0,0,0,0,0,0,0,0,0,0,0,0,0,0,0,0,0,0
2755559,0,0,0,0,0,15,31,0,0,0,0,0,0,0,0,0,0,0,0,0,0,0,0,0,0,0,0,0
445930,0,0,0,0,0,15,24,0,0,0,0,0,0,0,0,0,0,0,0,0,0,0,0,0,0,0,0,0
253239,0,0,0,0,0,15,22,0,0,0,0,0,0,0,0,0,0,0,0,16,0,0,0,0,0,0,0,0
2304190,0,0,0,0,0,15,48,0,12,0,0,0,0,0,0,0,0,0,10,0,0,0,0,0,0,0,0,0
2963433,0,0,0,0,0,15,41,0,0,0,0,0,0,0,0,0,0,0,0,0,0,0,0,0,0,0,0,0
692370,0,0,0,0,0,14,50,0,0,0,0,0,0,0,0,12,0,0,0,16,0,0,0,0,0,0,0,0
2733867,0,0,0,0,0,14,40,0,0,0,0,0,0,0,0,0,0,0,0,12,0,0,0,0,0,0,17,0
1806885,0,0,0,0,0,14,33,0,0,0,0,0,0,0,0,0,0,0,0,0,0,0,0,0,0,0,0,0
3043445,0,0,0,0,0,14,23,0,0,0,0,0,0,0,0,0,11,0,0,0,0,0,0,0,0,0,0,0
2201998,0,0,0,0,0,14,27,0,0,0,0,0,0,0,0,0,0,0,0,0,0,0,40,0,0,0,0,0
3451557,0,0,0,0,0,14,26,0,0,0,0,0,0,0,0,0,0,0,0,0,0,0,0,0,0,0,0,0
2705472,0,0,0,0,0,14,72,0,0,0,0,0,0,0,0,0,43,0,0,0,0,0,13,0,0,0,0,0
2320867,0,0,0,0,0,14,45,0,0,0,0,0,0,0,0,0,12,0,0,0,0,0,0,0,0,0,0,0
3136739,0,0,0,0,0,14,17,0,0,0,0,0,0,0,0,0,0,0,0,0,0,0,0,0,0,0,0,0
321661,0,0,0,0,0,14,37,0,0,0,0,0,22,0,0,0,35,0,0,0,0,0,30,0,0,0,0,0
488732,0,0,0,0,0,14,31,0,0,0,0,0,0,0,0,0,0,0,0,53,0,0,0,0,0,25,45,28
3374555,0,0,0,0,0,14,57,0,0,0,0,0,0,0,0,0,0,0,0,0,0,0,0,0,0,0,0,0
2815343,0,0,0,0,0,14,71,0,0,0,0,0,0,0,0,0,13,0,0,19,0,0,10,0,0,15,16,13
1097,0,0,0,0,0,14,15,0,0,0,0,0,0,0,0,0,0,0,0,0,0,0,43,0,0,0,0,0
2903812,0,0,0,0,0,14,54,0,0,0,0,0,0,0,0,0,0,0,0,0,0,0,0,0,0,0,0,0
2975783,0,0,0,0,0,14,108,0,0,0,0,0,0,0,0,0,0,0,0,0,0,0,17,0,0,0,0,0
2909588,0,0,0,0,0,14,39,0,0,0,0,0,0,0,0,0,0,0,25,0,0,0,0,0,0,0,0,0
69370,0,0,0,0,0,14,39,0,0,0,0,0,0,0,0,0,0,0,0,0,0,0,0,0,0,0,0,0
683047,0,0,0,0,0,14,35,0,0,0,0,0,0,0,0,0,0,0,0,0,0,0,0,0,0,0,0,0
3415006,0,0,0,0,0,14,33,0,0,0,0,0,0,0,0,0,0,0,17,0,0,0,0,0,0,0,0,0
2419774,0,0,0,0,0,14,56,0,0,0,0,0,0,0,0,0,0,0,15,0,0,0,0,0,0,0,0,0
2895818,0,0,0,0,0,14,53,0,0,0,0,0,0,0,0,0,0,0,13,10,0,0,0,0,0,0,0,0
409290,0,0,0,0,0,14,34,0,0,0,0,0,0,0,0,0,0,0,0,0,0,0,0,0,0,0,0,0
1275,0,0,0,0,0,14,104,57,0,0,0,0,0,0,0,0,14,0,14,26,0,0,0,0,0,0,0,0
3149228,0,0,0,0,0,14,67,0,0,0,0,0,0,0,0,0,0,0,11,0,0,0,0,0,0,0,0,0
1813880,0,0,0,0,0,14,42,0,0,0,0,0,0,0,0,0,45,0,0,0,0,0,0,0,0,0,0,0
126673,0,0,0,0,0,14,27,0,0,0,0,0,0,0,0,0,0,0,0,0,0,0,0,0,0,0,0,0
3122055,0,0,0,0,0,14,38,0,0,0,0,0,0,0,0,0,13,0,0,0,0,0,0,0,0,0,0,0
1768,0,0,0,0,0,14,30,0,0,0,0,0,0,0,0,0,15,0,0,0,0,0,0,0,0,0,0,0
1775,0,0,0,0,0,14,37,0,0,0,0,0,0,0,0,12,68,0,0,16,0,0,0,0,0,0,0,0
39689,0,0,0,0,0,14,42,0,0,0,0,0,0,0,0,0,54,0,18,0,0,0,0,0,0,0,0,0
1578165,0,0,0,0,0,14,23,0,0,0,0,0,21,0,0,0,0,0,0,0,0,0,0,0,0,0,0,0
28028,0,0,0,0,0,14,15,0,0,0,0,0,0,0,0,0,0,0,0,0,0,0,0,0,0,0,0,0
546160,0,0,0,0,0,14,48,0,0,0,0,0,0,0,0,0,0,0,0,0,0,0,0,0,0,0,0,0
3239957,0,0,0,0,0,14,45,0,0,0,0,0,0,0,0,0,0,0,0,14,0,0,0,0,0,0,0,0
2908642,0,0,0,0,0,14,55,0,0,0,0,0,0,0,0,0,0,0,13,0,0,0,0,0,0,0,0,0
1911175,0,0,0,0,0,14,79,0,14,0,0,0,0,0,0,0,0,0,0,12,0,0,22,0,0,0,0,0
1659,0,0,0,0,0,14,49,0,0,0,0,0,0,0,0,0,0,0,0,0,0,0,0,0,0,0,0,0
52774,0,0,0,0,0,14,20,0,0,0,0,0,0,0,0,0,0,0,0,0,0,0,0,0,0,0,0,0
1555112,0,0,0,0,0,14,58,0,0,0,0,0,0,0,0,0,0,0,0,0,0,0,0,0,0,0,0,0
309891,0,0,0,0,0,14,42,0,0,0,0,0,0,0,0,0,0,0,0,0,0,0,0,0,0,0,0,0
68909,0,0,0,0,0,14,26,0,0,0,0,0,0,0,0,0,0,0,12,0,0,0,0,0,0,16,0,0
660522,0,0,0,0,0,14,39,0,0,0,0,0,0,0,0,0,0,0,0,80,0,0,26,0,0,0,0,0
1918723,0,0,0,0,0,14,0,0,0,0,0,0,0,0,0,0,0,0,0,0,0,0,0,0,0,0,0,0
3241450,0,0,0,0,0,14,0,0,0,0,0,0,0,0,0,0,0,0,0,0,0,0,0,0,0,0,0,0
298708,0,0,0,0,0,13,51,0,0,0,0,0,0,0,0,0,0,0,15,0,0,0,0,0,0,0,0,0
2502843,0,0,0,0,0,13,72,0,0,0,0,0,0,0,0,0,0,0,0,0,0,0,0,0,0,0,0,0
3015999,0,0,0,0,0,13,39,20,49,0,0,0,0,48,0,0,22,0,0,0,0,0,0,0,0,0,0,0
3019968,0,0,0,0,0,13,38,0,0,0,0,0,0,0,0,0,19,0,0,10,0,0,0,0,0,0,0,0
1785145,0,0,0,0,0,13,0,0,0,0,0,0,0,0,0,0,0,0,0,0,0,0,18,0,0,0,0,0
2925842,0,0,0,0,0,13,53,0,0,0,0,0,0,0,0,0,0,0,0,0,0,0,0,0,0,0,0,0
215691,0,0,0,0,0,13,56,23,37,0,0,0,0,13,0,0,0,0,0,0,0,0,0,0,0,0,0,0
712036,0,0,0,0,0,13,24,19,30,0,0,0,0,0,16,0,0,0,0,29,0,0,25,0,0,0,0,0
3084920,0,0,0,0,0,13,48,0,0,0,0,0,0,0,0,0,44,0,0,11,0,0,0,0,0,0,0,0
3400273,0,0,0,0,0,13,31,0,0,0,0,0,0,0,0,0,55,0,0,0,0,0,17,0,0,0,0,0
2908648,0,0,0,0,0,13,19,0,0,0,0,0,0,0,0,0,0,0,0,11,0,0,0,0,0,0,0,0
2853163,0,0,0,0,0,13,52,0,0,0,0,0,0,0,0,0,0,0,0,0,0,0,0,0,0,0,0,0
80880,0,0,0,0,0,13,45,0,0,0,0,0,0,0,0,0,0,0,0,0,0,0,0,0,0,0,0,0
2116657,0,0,0,0,0,13,187,15,21,0,0,0,0,0,0,0,0,0,0,18,0,0,0,0,0,0,0,0
1930274,0,0,0,0,0,13,119,0,0,0,0,0,0,0,0,0,0,0,35,44,0,0,36,0,23,18,12,12
2927980,0,0,0,0,0,13,62,0,0,0,0,0,0,0,0,0,0,0,12,0,0,0,0,0,0,0,0,0
2975930,0,0,0,0,0,13,55,0,0,0,0,0,0,0,0,0,0,0,11,0,0,0,0,0,0,0,0,0
2903755,0,0,0,0,0,13,55,0,0,0,0,0,0,0,0,0,20,0,0,0,0,0,0,0,0,0,0,0
2781978,0,0,0,0,0,13,40,0,0,0,0,0,0,0,0,0,0,0,0,22,0,0,0,0,0,0,0,0
1671680,0,0,0,0,0,13,28,0,0,0,0,0,0,0,0,0,0,0,0,0,0,0,0,0,0,0,0,0
1849032,0,0,0,0,0,13,20,0,0,0,0,0,0,0,0,0,0,0,0,0,0,0,0,0,0,0,0,0
3415675,0,0,0,0,0,13,59,0,0,0,0,0,0,0,0,0,0,0,17,0,0,0,11,0,0,0,0,0
2594265,0,0,0,0,0,13,45,0,0,0,0,0,0,0,0,0,0,0,0,0,0,0,0,0,0,0,0,0
36813,0,0,0,0,0,13,53,0,0,0,0,0,0,0,0,0,0,0,0,0,0,0,14,0,0,0,0,0
3378087,0,0,0,0,0,13,30,0,0,0,0,0,0,0,0,0,0,0,0,0,0,0,60,0,0,0,0,0
1788,0,0,0,0,0,13,45,0,0,0,0,0,0,0,0,0,46,0,0,0,0,0,0,0,0,0,0,0
3064287,0,0,0,0,0,13,40,0,0,0,0,0,0,0,0,0,0,0,0,0,0,0,0,0,0,0,0,0
96468,0,0,0,0,0,13,45,0,0,0,0,0,0,0,0,0,0,0,0,15,0,0,11,0,0,0,0,0
2665642,0,0,0,0,0,13,63,0,0,0,0,0,0,0,0,0,0,0,17,0,0,0,0,0,0,0,0,0
3093660,0,0,0,0,0,13,41,0,0,0,0,0,0,0,0,0,0,0,11,0,0,0,0,0,0,0,0,0
200252,0,0,0,0,0,13,37,0,0,0,0,0,0,0,0,0,0,0,0,0,0,0,0,0,0,0,0,0
2876193,0,0,0,0,0,13,11,0,0,0,0,0,0,0,0,0,0,0,0,0,0,0,0,0,0,0,0,0
44930,0,0,0,0,0,13,10,0,0,0,0,0,0,0,0,0,0,0,0,0,0,0,0,0,0,0,0,0
3033387,0,0,0,0,0,13,16,0,0,0,0,0,11,0,0,0,0,0,0,0,0,0,0,0,0,0,0,0
3373674,0,0,0,0,0,12,29,0,0,0,0,0,0,0,0,0,0,0,0,0,0,0,10,0,0,0,0,0
2811422,0,0,0,0,0,12,56,0,0,0,0,0,0,0,0,0,0,0,0,0,0,0,0,0,0,0,0,0
1506334,0,0,0,0,0,12,21,0,0,0,0,0,0,0,0,0,12,0,0,0,0,0,16,0,0,0,0,0
3139142,0,0,0,0,0,12,40,0,0,0,0,0,0,0,0,0,0,0,0,0,0,0,0,0,0,0,11,0
1499686,0,0,0,0,0,12,39,0,0,0,0,0,0,0,0,0,0,0,0,0,0,0,0,0,0,0,0,0
3060212,0,0,0,0,0,12,0,0,0,0,0,0,0,0,0,0,0,0,0,0,0,0,18,0,0,0,0,0
2714945,0,0,0,0,0,12,31,0,0,0,0,0,0,0,0,0,0,0,0,0,0,0,0,0,0,0,0,0
1463158,0,0,0,0,0,12,52,12,17,0,0,0,0,0,0,0,0,0,0,0,0,0,0,0,0,0,0,0
2666185,0,0,0,0,0,12,65,0,0,0,0,0,0,0,0,0,0,0,0,0,0,0,0,0,0,0,0,0
3081749,0,0,0,0,0,12,96,0,0,0,0,0,0,0,0,0,16,0,0,15,0,0,0,0,0,15,13,0
2604158,0,0,0,0,0,12,37,0,0,0,0,0,0,0,0,0,0,0,0,0,0,0,0,0,0,0,0,0
132132,0,0,0,0,0,12,30,0,0,0,0,0,0,0,0,0,0,0,0,0,0,0,13,0,0,0,0,0
1732569,0,0,0,0,0,12,14,0,0,0,0,0,0,0,0,0,17,0,0,37,0,0,18,0,0,0,16,0
3039681,0,0,0,0,0,12,0,0,0,0,0,0,0,0,0,0,0,0,0,0,0,12,31,0,0,0,0,0
2981134,0,0,0,0,0,12,60,0,0,0,0,0,0,0,0,0,0,0,0,0,0,0,27,0,0,0,0,0
2981139,0,0,0,0,0,12,50,0,0,0,0,0,0,0,0,0,0,0,0,0,0,0,10,0,0,0,0,0
2781962,0,0,0,0,0,12,66,0,0,0,0,0,0,0,0,0,0,0,0,0,0,0,0,0,0,0,0,0
2419771,0,0,0,0,0,12,55,0,0,0,0,0,0,0,0,0,0,0,0,0,0,0,0,0,0,0,0,0
2575374,0,0,0,0,0,12,25,0,0,0,0,0,0,0,0,0,19,0,0,0,0,0,21,0,0,0,0,0
85085,0,0,0,0,0,12,18,0,0,0,0,0,0,0,0,0,0,0,0,0,0,0,0,0,0,0,0,0
3442646,0,0,0,0,0,12,55,0,0,0,0,0,0,0,0,0,0,0,0,0,0,0,0,0,0,0,0,0
882824,0,0,0,0,0,12,55,0,0,0,0,0,15,0,0,0,0,0,0,0,0,0,0,0,0,0,0,0
1286181,0,0,0,0,0,12,62,0,0,0,0,0,0,0,0,24,54,0,75,33,0,0,0,0,0,11,14,0
1801,0,0,0,0,0,12,39,0,18,0,0,0,0,0,0,0,0,0,14,41,0,0,0,0,0,0,19,33
2991728,0,0,0,0,0,12,28,0,0,0,0,0,0,0,0,0,0,0,0,0,0,0,12,0,0,0,0,0
3391399,0,0,0,0,0,12,59,0,0,0,0,0,0,0,0,0,0,0,20,0,0,0,0,0,0,0,0,0
2962047,0,0,0,0,0,12,56,0,0,0,0,0,0,0,0,0,0,0,22,0,0,0,10,0,0,0,0,0
1603258,0,0,0,0,0,12,45,0,0,0,0,0,0,0,0,0,0,0,0,0,0,0,0,0,0,0,0,0
2758710,0,0,0,0,0,12,44,0,0,0,0,0,0,0,0,0,0,0,0,34,0,0,0,0,0,0,14,0
2041,0,0,0,0,0,12,62,0,0,16,0,0,0,0,0,0,67,0,17,0,0,0,0,0,0,0,0,0
33871,0,0,0,0,0,12,10,0,0,0,0,0,0,0,0,0,0,0,0,0,0,0,0,0,0,0,0,0
671077,0,0,0,0,0,12,53,0,0,14,0,0,0,0,0,0,0,0,12,29,0,0,0,0,0,16,10,18
2173831,0,0,0,0,0,11,33,0,0,0,0,0,0,0,0,0,0,0,0,0,0,0,0,0,0,0,0,0
3122054,0,0,0,0,0,11,40,0,0,0,0,0,0,0,0,0,0,0,38,0,0,0,0,0,0,0,0,0
1324796,0,0,0,0,0,11,58,0,0,0,0,0,0,0,0,0,0,0,14,0,0,0,0,0,0,0,0,0
2589080,0,0,0,0,0,11,86,0,0,0,0,0,0,0,0,0,83,0,0,0,0,43,0,0,68,0,0,0
2071621,0,0,0,0,0,11,15,0,0,0,0,0,0,0,0,22,54,0,0,11,0,0,13,0,0,0,0,0
2823902,0,0,0,0,0,11,23,0,0,0,0,0,0,0,0,0,0,0,0,0,0,0,36,0,0,0,0,0
1743174,0,0,0,0,0,11,0,0,0,0,0,0,0,0,0,0,14,0,0,15,0,0,14,0,0,13,0,0
1658672,0,0,0,0,0,11,33,0,0,0,0,0,0,0,0,0,13,0,11,0,0,0,0,0,0,0,0,0
75659,0,0,0,0,0,11,46,0,0,0,0,0,0,0,0,0,0,0,0,18,0,0,0,0,0,14,0,0
2919506,0,0,0,0,0,11,41,0,0,0,0,0,0,0,0,0,0,0,27,0,0,0,0,0,0,0,0,0
2708338,0,0,0,0,0,11,40,0,0,0,0,0,0,0,0,0,26,0,58,0,0,0,0,0,0,0,0,0
2813727,0,0,0,0,0,11,11,0,0,0,0,0,0,0,0,0,0,0,0,0,0,0,14,0,0,0,0,0
2759167,0,0,0,0,0,11,38,0,0,0,0,0,0,0,0,0,27,0,0,0,0,0,0,0,0,0,0,0
2770551,0,0,0,0,0,11,34,0,0,0,0,0,0,0,0,0,0,0,0,0,0,0,0,0,0,0,0,0
530584,0,0,0,0,0,11,67,0,0,0,0,0,0,0,0,0,0,0,16,0,0,0,0,0,0,0,0,0
52771,0,0,0,0,0,11,37,0,0,0,0,0,0,0,0,0,0,0,0,0,0,0,0,0,0,0,0,0
1090615,0,0,0,0,0,11,56,0,0,0,0,0,0,0,0,0,0,0,0,0,0,0,0,0,0,0,0,0
29539,0,0,0,0,0,11,31,0,0,0,0,0,0,0,0,0,0,0,0,0,0,0,0,0,0,0,0,0
1536771,0,0,0,0,0,11,0,0,0,0,0,0,0,0,0,0,16,0,0,19,0,0,29,0,0,0,0,0
58135,0,0,0,0,0,11,16,0,0,0,0,0,0,0,0,0,0,0,0,16,0,0,21,0,0,0,0,0
1889240,0,0,0,0,0,11,17,0,0,0,0,0,0,0,0,0,0,0,0,0,0,0,0,0,0,0,0,0
187137,0,0,0,0,0,11,56,0,0,10,0,0,0,0,0,0,0,0,15,0,0,0,0,0,0,0,0,0
3068275,0,0,0,0,0,11,24,0,0,0,0,0,0,0,0,0,0,0,0,0,0,0,0,0,0,0,0,0
3033390,0,0,0,0,0,11,28,0,0,0,0,0,0,0,0,0,0,0,121,0,0,0,36,0,0,0,0,0
3060634,0,0,0,0,0,11,0,0,0,0,0,0,0,0,0,0,0,0,0,0,0,0,0,0,0,0,0,0
3431515,0,0,0,0,0,11,0,0,0,0,0,0,0,0,0,0,0,0,0,0,0,0,0,0,0,0,0,0
3047759,0,0,0,0,0,11,0,0,0,0,0,0,0,0,0,0,0,0,0,0,0,0,0,0,0,0,0,0
3003265,0,0,0,0,0,10,63,0,0,0,0,0,0,0,0,0,0,0,0,0,0,0,0,0,0,0,0,0
2893890,0,0,0,0,0,10,46,0,0,0,0,0,0,0,0,0,0,0,0,0,0,0,20,0,0,0,0,0
3141539,0,0,0,0,0,10,35,16,22,0,0,0,0,0,0,0,12,0,0,0,0,0,12,0,0,0,0,0
281739,0,0,0,0,0,10,23,0,0,0,0,0,0,0,0,0,0,0,0,12,0,0,0,0,0,0,0,0
1793872,0,0,0,0,0,10,62,0,0,0,0,0,0,0,0,0,0,0,0,0,0,0,11,0,0,0,0,0
682798,0,0,0,0,0,10,48,11,0,0,0,0,0,0,0,0,13,0,0,0,0,0,0,0,0,0,0,0
1838286,0,0,0,0,0,10,100,0,0,0,0,0,0,0,0,0,21,0,15,0,0,0,25,0,0,0,0,0
2916410,0,0,0,0,0,10,27,0,0,0,0,0,0,0,0,0,10,0,0,79,0,0,0,0,0,0,0,0
2714935,0,0,0,0,0,10,0,0,0,0,0,0,0,0,0,0,0,0,0,0,0,0,0,0,0,0,0,0
2897773,0,0,0,0,0,10,34,31,55,0,0,0,0,27,0,0,0,0,0,0,0,0,0,0,0,0,0,0
1404244,0,0,0,0,0,10,15,0,0,0,0,0,0,0,0,0,0,0,20,0,0,0,0,0,0,0,0,0
39122,0,0,0,0,0,10,39,0,0,0,0,0,0,0,0,0,0,0,0,0,0,0,10,0,0,0,0,0
3004094,0,0,0,0,0,10,50,0,0,0,0,0,0,0,0,0,0,0,0,26,0,0,30,0,0,0,0,0
1048396,0,0,0,0,0,10,21,0,0,0,0,0,0,0,0,0,0,0,0,0,0,0,13,0,0,0,0,0
2845939,0,0,0,0,0,10,12,0,0,0,0,0,0,0,0,0,0,0,0,0,0,0,20,0,0,0,0,0
2955711,0,0,0,0,0,10,0,0,0,0,0,0,0,0,0,0,0,0,0,0,0,0,0,0,0,0,0,0
2956060,0,0,0,0,0,10,0,0,0,0,0,0,0,0,0,0,0,0,0,0,0,0,0,0,0,0,0,0
53988,0,0,0,0,0,10,0,0,0,0,0,0,0,0,0,0,0,0,0,0,0,0,0,0,0,0,0,0
3240578,0,0,0,0,0,10,0,0,0,0,0,0,0,0,0,0,0,0,0,0,0,0,0,0,0,0,0,0
3038077,0,0,0,0,0,0,449,0,0,0,0,0,0,0,0,0,0,0,0,0,0,0,0,0,0,0,0,0
2072413,0,0,0,0,0,0,444,0,0,0,0,0,0,0,0,0,0,0,0,0,0,0,0,0,0,0,0,0
2588299,0,0,0,0,0,0,338,0,0,0,0,0,0,0,0,0,0,0,0,0,0,0,0,0,0,0,0,0
2512235,0,0,0,0,0,0,338,47,0,0,0,0,0,0,0,0,0,0,0,0,0,0,0,0,0,0,0,0
712624,0,0,0,0,0,0,330,0,0,0,0,0,0,0,0,0,0,0,0,0,0,0,0,0,0,0,0,0
3391429,0,0,0,0,0,0,274,0,0,0,0,0,0,0,0,0,0,0,0,0,0,0,0,0,0,0,0,0
2975349,0,0,0,0,0,0,251,0,0,0,0,0,0,0,0,0,0,0,0,0,0,0,0,0,0,0,0,0
2866628,0,0,0,0,0,0,244,0,0,0,0,0,0,0,0,0,0,0,0,0,0,0,0,0,0,0,0,0
68174,0,0,0,0,0,0,244,0,0,0,0,0,0,0,0,0,0,0,0,0,0,0,0,0,0,0,0,0
1464011,0,0,0,0,0,0,225,0,0,0,0,0,0,0,0,0,0,0,0,0,0,0,0,0,0,0,0,0
3423954,0,0,0,0,0,0,217,0,0,0,0,0,0,0,0,0,0,0,0,0,0,0,25,0,0,0,0,0
89053,0,0,0,0,0,0,217,0,0,0,0,0,0,0,0,0,0,0,0,0,0,0,47,0,0,0,0,0
47850,0,0,0,0,0,0,204,0,0,0,0,0,0,0,0,0,0,0,0,81,0,0,0,0,0,0,0,0
3395918,0,0,0,0,0,0,202,0,0,0,0,0,0,0,0,0,0,0,0,0,0,0,0,0,0,0,0,0
2989732,0,0,0,0,0,0,193,0,0,0,0,0,0,0,0,0,0,0,0,0,0,0,0,0,0,0,0,0
391613,0,0,0,0,0,0,191,0,0,0,0,0,0,0,0,0,0,0,0,0,0,0,0,0,0,0,0,0
43768,0,0,0,0,0,0,189,13,0,0,0,0,0,0,0,15,28,0,36,0,0,0,21,0,0,0,0,0
3243370,0,0,0,0,0,0,177,0,0,0,0,0,0,0,0,0,0,0,0,0,0,0,0,0,0,0,0,0
3079556,0,0,0,0,0,0,176,0,0,0,0,0,0,0,0,0,0,0,0,0,0,0,0,0,0,0,0,0
2508307,0,0,0,0,0,0,175,0,0,0,0,0,0,0,0,0,0,0,0,0,0,0,0,0,0,0,0,0
518,0,0,0,0,0,0,173,0,0,0,0,0,0,0,0,0,0,0,0,0,0,0,0,0,0,0,0,0
2587846,0,0,0,0,0,0,167,0,0,0,0,0,0,0,0,0,0,0,0,0,0,0,0,0,0,0,0,0
1830,0,0,0,0,0,0,167,0,0,0,0,0,122,0,0,0,0,0,0,0,65,0,0,0,0,0,0,0
2721245,0,0,0,0,0,0,156,0,0,0,0,0,0,0,0,0,0,0,0,0,0,0,0,0,0,0,0,0
1528099,0,0,0,0,0,0,152,0,0,0,0,0,0,0,0,0,0,0,61,0,0,0,10,0,0,0,0,0
2950872,0,0,0,0,0,0,151,0,0,0,0,0,0,0,0,0,49,0,0,0,0,0,0,0,0,0,0,0
2072503,0,0,0,0,0,0,149,0,0,0,0,0,0,0,0,0,0,0,0,0,0,0,0,0,0,0,0,0
1914329,0,0,0,0,0,0,144,0,0,0,0,0,0,0,0,0,0,0,0,0,0,0,0,0,0,0,0,0
2956824,0,0,0,0,0,0,143,0,0,0,0,0,0,0,0,0,0,0,0,73,0,0,0,0,0,56,0,0
1930622,0,0,0,0,0,0,143,0,0,0,0,0,0,0,0,0,0,0,0,28,0,0,0,0,0,0,0,0
2781023,0,0,0,0,0,0,141,0,0,0,0,0,0,0,0,0,0,0,0,0,0,0,0,0,0,0,0,0
2048897,0,0,0,0,0,0,140,0,0,0,0,0,0,0,0,0,0,0,0,0,0,0,0,0,0,0,0,0
3024245,0,0,0,0,0,0,140,0,0,0,0,0,0,0,0,0,0,0,0,0,0,0,0,0,0,0,0,0
2903678,0,0,0,0,0,0,137,0,0,0,0,0,0,0,0,0,0,0,0,0,0,0,0,0,0,0,0,0
2781024,0,0,0,0,0,0,135,0,0,0,0,0,0,0,0,0,0,0,0,0,0,0,0,0,0,0,0,0
712122,0,0,0,0,0,0,135,0,0,0,0,0,0,0,0,0,10,0,19,0,0,0,0,0,0,0,0,0
1920,0,0,0,0,0,0,133,0,0,0,0,0,0,0,0,0,0,0,58,0,0,40,0,0,0,0,0,0
1353138,0,0,0,0,0,0,130,0,0,0,0,0,0,0,0,0,0,0,0,0,0,0,0,0,0,0,0,0
2070369,0,0,0,0,0,0,128,0,0,0,0,0,0,0,0,0,0,0,0,0,0,0,0,0,0,0,0,0
2819619,0,0,0,0,0,0,127,0,0,0,0,0,0,0,0,0,0,0,0,0,0,0,0,0,0,0,0,0
2867013,0,0,0,0,0,0,126,0,0,0,0,0,0,0,0,0,0,0,0,0,0,0,0,0,0,0,0,0
2903802,0,0,0,0,0,0,124,0,0,0,0,0,0,0,0,0,0,0,0,0,0,0,0,0,0,0,0,0
1968541,0,0,0,0,0,0,122,0,0,0,0,0,0,0,0,0,0,0,0,0,0,0,0,0,0,0,0,0
3434346,0,0,0,0,0,0,120,0,0,0,0,0,0,0,0,0,0,0,0,0,0,0,0,0,0,0,0,0
2903609,0,0,0,0,0,0,116,0,0,0,0,0,0,0,0,0,0,0,0,324,0,0,0,0,0,60,0,0
2907241,0,0,0,0,0,0,115,0,0,0,0,0,0,0,0,0,0,0,0,0,0,0,0,0,0,0,0,0
3034028,0,0,0,0,0,0,114,0,0,0,0,0,0,0,0,0,0,0,0,0,0,0,0,0,0,0,0,0
1778675,0,0,0,0,0,0,113,0,0,0,0,0,0,0,0,0,0,0,39,0,0,0,0,0,0,0,0,0
308754,0,0,0,0,0,0,111,0,0,0,0,0,0,0,0,0,0,0,0,0,0,0,0,0,0,0,0,0
3133315,0,0,0,0,0,0,111,0,0,0,0,0,0,0,0,0,0,0,0,22,0,0,0,0,0,40,28,25
2975896,0,0,0,0,0,0,111,0,0,0,0,0,0,0,0,0,0,0,0,0,0,0,47,0,0,0,0,0
296544,0,0,0,0,0,0,110,0,0,0,0,0,0,0,0,0,0,0,0,0,0,0,0,0,0,0,0,0
2267833,0,0,0,0,0,0,109,0,0,0,0,0,0,0,0,0,0,0,0,0,0,0,0,0,0,0,0,0
65741,0,0,0,0,0,0,109,0,0,0,0,0,0,0,0,0,32,0,27,0,0,0,0,0,0,0,0,0
585455,0,0,0,0,0,0,109,0,0,0,0,0,0,0,0,0,0,0,0,0,0,0,0,0,0,0,0,0
904039,0,0,0,0,0,0,108,0,0,69,0,0,0,0,0,0,0,0,43,0,0,0,0,0,0,0,0,0
3387397,0,0,0,0,0,0,107,0,0,0,0,0,0,0,0,0,0,0,0,33,0,0,0,0,0,19,31,29
1479019,0,0,0,0,0,0,107,0,0,0,0,0,0,0,0,0,0,0,0,0,0,0,0,0,0,0,0,0
3228751,0,0,0,0,0,0,107,0,0,0,0,0,0,0,0,0,0,0,0,0,0,0,0,0,0,0,0,0
3445768,0,0,0,0,0,0,107,0,0,0,0,0,0,0,0,0,0,0,0,0,0,0,0,0,0,0,0,0
3133323,0,0,0,0,0,0,107,0,0,0,0,0,0,0,0,0,0,0,0,0,0,0,0,0,0,0,0,0
1531429,0,0,0,0,0,0,107,0,63,0,0,0,0,0,0,0,0,0,0,0,0,0,0,0,0,0,0,0
376,0,0,0,0,0,0,105,0,0,0,0,0,0,0,0,43,186,0,152,0,0,0,0,0,59,0,0,0
33918,0,0,0,0,0,0,105,0,0,0,0,0,0,0,0,0,0,0,0,63,0,0,0,0,0,0,0,0
33889,0,0,0,0,0,0,105,0,0,0,0,0,0,0,0,0,0,0,0,0,0,0,0,0,0,0,0,0
334542,0,0,0,0,0,0,105,65,163,86,0,0,0,34,0,0,0,0,0,38,0,0,37,0,0,0,0,0
3039155,0,0,0,0,0,0,104,0,0,0,0,0,0,0,0,0,32,0,50,0,0,0,0,0,0,0,0,0
2730360,0,0,0,0,0,0,104,0,0,0,0,0,0,0,0,0,0,0,0,0,0,0,0,0,0,0,0,0
35814,0,0,0,0,0,0,103,0,0,0,0,0,0,0,0,0,0,0,0,16,0,0,0,0,0,0,0,0
2654191,0,0,0,0,0,0,103,0,0,0,0,0,0,0,0,0,0,0,0,0,0,0,0,0,0,0,0,0
2815360,0,0,0,0,0,0,101,0,0,0,0,0,0,0,0,0,0,0,0,0,0,0,19,0,0,0,0,0
3157334,0,0,0,0,0,0,101,0,0,0,0,0,0,0,0,0,0,0,0,0,0,0,0,0,0,0,0,0
2795687,0,0,0,0,0,0,100,0,0,0,0,0,0,0,0,0,0,0,0,27,0,0,0,0,0,0,0,0
262209,0,0,0,0,0,0,100,0,0,0,0,0,0,0,0,0,0,0,79,0,0,0,0,0,0,0,0,0
2575923,0,0,0,0,0,0,100,0,0,0,0,0,0,0,0,0,0,0,40,0,0,0,0,0,0,0,0,0
2953657,0,0,0,0,0,0,99,0,0,0,0,0,0,0,0,0,0,0,0,0,0,0,0,0,0,0,0,0
1389922,0,0,0,0,0,0,99,0,0,0,0,0,0,0,0,0,0,0,0,0,0,0,0,0,0,0,0,0
2903895,0,0,0,0,0,0,99,0,0,0,0,0,0,0,0,0,0,0,0,0,0,0,0,0,0,0,0,0
3240774,0,0,0,0,0,0,98,0,0,0,0,0,0,0,0,0,0,0,0,0,0,0,0,0,0,0,0,0
1866325,0,0,0,0,0,0,97,0,0,0,0,0,0,0,0,0,0,0,0,0,0,0,0,0,0,0,0,0
37929,0,0,0,0,0,0,97,0,0,0,0,0,0,0,0,0,0,0,0,0,0,0,0,0,0,0,0,67
3133294,0,0,0,0,0,0,96,0,0,0,0,0,0,0,0,0,0,0,0,0,0,0,0,0,0,0,0,0
2903834,0,0,0,0,0,0,96,0,0,0,0,0,0,0,0,0,0,0,0,0,0,0,0,0,0,0,0,0
2964669,0,0,0,0,0,0,95,0,0,0,0,0,0,0,0,0,15,0,0,0,0,0,0,0,0,0,0,0
1656,0,0,0,0,0,0,95,0,0,0,0,0,0,0,0,0,0,0,66,0,0,0,0,0,0,0,0,0
2706126,0,0,0,0,0,0,94,0,0,0,0,0,0,0,0,0,30,0,33,0,0,0,0,0,0,0,12,0
2716225,0,0,0,0,0,0,92,26,30,0,0,0,0,0,0,0,0,0,0,0,0,0,0,0,0,0,0,0
1898738,0,0,0,0,0,0,91,0,0,0,0,0,0,0,0,0,0,0,0,0,0,0,0,0,0,0,0,0
3395917,0,0,0,0,0,0,90,0,0,0,0,0,0,0,0,0,0,0,0,0,0,0,0,0,0,0,0,0
2998079,0,0,0,0,0,0,89,0,0,0,0,0,0,0,0,0,0,0,0,0,0,0,0,0,0,0,0,0
2878545,0,0,0,0,0,0,87,0,0,0,0,0,0,0,0,0,0,0,0,0,0,0,0,0,0,0,0,0
1904944,0,0,0,0,0,0,87,0,0,0,0,0,0,0,0,0,0,0,0,30,0,0,0,0,0,0,0,0
2975894,0,0,0,0,0,0,87,0,0,0,0,0,0,0,0,0,0,0,0,0,0,0,0,0,0,0,0,0
3135258,0,0,0,0,0,0,87,0,0,0,0,0,0,0,0,0,0,0,0,0,0,0,0,0,0,0,0,0
499555,0,0,0,0,0,0,86,0,0,0,0,0,0,0,0,0,0,0,0,0,0,0,0,0,0,0,0,0
3149044,0,0,0,0,0,0,84,0,0,0,0,0,0,0,0,0,0,0,0,0,0,0,0,0,0,0,0,0
140098,0,0,0,0,0,0,84,0,0,0,0,0,0,0,0,0,0,0,0,0,0,0,0,0,0,0,0,0
3015150,0,0,0,0,0,0,84,0,0,0,0,0,0,0,0,0,0,0,0,0,0,0,0,0,0,0,0,0
47853,0,0,0,0,0,0,84,0,0,0,0,0,0,0,0,0,0,0,0,0,0,0,0,0,0,0,0,0
2903561,0,0,0,0,0,0,84,0,0,0,0,0,0,0,0,0,0,0,0,0,0,0,0,0,0,0,0,0
2979467,0,0,0,0,0,0,83,23,46,0,0,0,0,0,0,0,0,0,0,0,0,0,0,0,0,0,0,0
2804917,0,0,0,0,0,0,83,0,0,0,0,0,0,0,0,0,0,0,0,0,0,0,13,0,0,0,0,0
3059028,0,0,0,0,0,0,83,0,0,0,0,0,0,0,0,0,116,0,0,0,0,0,0,0,0,0,0,0
2744520,0,0,0,0,0,0,82,0,0,0,0,0,0,0,0,0,0,0,0,0,0,0,0,0,0,0,0,0
3177515,0,0,0,0,0,0,82,0,0,0,0,0,0,0,0,0,59,0,0,0,0,0,0,0,0,0,0,0
67258,0,0,0,0,0,0,82,0,0,0,0,0,0,0,0,0,0,0,0,49,0,0,0,0,0,0,0,0
1535208,0,0,0,0,0,0,82,0,0,0,0,0,0,0,0,0,0,0,0,0,0,0,0,0,0,0,0,0
3402868,0,0,0,0,0,0,82,0,0,0,0,0,0,0,0,0,32,0,27,0,0,0,0,0,0,0,0,0
3133309,0,0,0,0,0,0,81,0,0,0,0,0,0,0,0,0,37,0,0,0,0,0,0,0,0,0,0,0
3133307,0,0,0,0,0,0,81,26,82,55,0,0,0,18,0,0,0,0,0,0,0,0,0,0,0,0,0,0
139208,0,0,0,0,0,0,81,0,0,0,0,0,0,0,0,0,0,0,0,0,0,0,0,0,0,0,0,0
29573,0,0,0,0,0,0,80,0,0,0,0,0,0,0,0,0,0,0,0,0,0,0,0,0,0,0,0,0
43771,0,0,0,0,0,0,80,0,0,0,0,0,0,0,0,0,0,0,22,0,0,0,33,0,0,0,0,0
3140246,0,0,0,0,0,0,79,0,0,0,0,0,0,0,0,25,32,0,42,0,0,0,0,0,0,0,0,0
3133308,0,0,0,0,0,0,79,0,0,0,0,0,0,0,0,0,0,0,0,0,0,0,39,0,0,0,0,0
3138497,0,0,0,0,0,0,78,0,0,0,0,0,0,0,0,0,0,0,0,0,0,0,0,0,0,0,0,0
3389872,0,0,0,0,0,0,78,0,0,0,0,0,0,0,0,0,0,0,0,65,0,0,0,0,0,0,0,0
35554,0,0,0,0,0,0,78,0,0,0,0,0,0,0,0,18,47,0,0,0,0,0,40,0,0,0,0,0
2903629,0,0,0,0,0,0,78,0,0,0,0,0,0,0,0,0,0,0,0,0,0,0,0,0,0,0,0,0
574649,0,0,0,0,0,0,78,0,0,0,0,0,0,0,0,0,0,0,0,0,0,0,0,0,0,0,0,0
3451558,0,0,0,0,0,0,77,0,0,0,0,0,0,0,0,0,0,0,0,0,0,0,0,0,0,0,0,0
3055079,0,0,0,0,0,0,77,0,0,0,0,0,0,0,0,0,0,0,0,0,0,0,0,0,0,0,0,0
3243390,0,0,0,0,0,0,77,0,0,0,0,0,0,0,0,0,0,0,0,0,0,0,0,0,0,0,0,0
1133546,0,0,0,0,0,0,77,0,0,0,0,0,0,0,0,0,0,0,11,0,0,0,0,0,0,0,0,0
291594,0,0,0,0,0,0,77,0,0,0,0,0,0,0,0,49,113,0,0,0,0,0,0,0,0,0,0,0
3138254,0,0,0,0,0,0,76,91,95,0,0,0,0,0,0,0,0,0,0,0,0,0,0,0,0,0,0,0
2023229,0,0,0,0,0,0,76,0,0,0,0,0,0,0,0,0,0,0,0,0,0,0,13,0,0,0,0,0
47421,0,0,0,0,0,0,76,0,0,0,0,0,0,0,0,0,0,0,0,39,0,0,18,0,0,28,0,0
2608402,0,0,0,0,0,0,76,0,0,0,0,0,0,0,0,0,0,0,16,0,0,0,0,0,0,0,0,0
1320552,0,0,0,0,0,0,75,0,0,0,0,0,0,0,0,0,40,0,0,0,0,0,0,0,0,0,0,0
758782,0,0,0,0,0,0,75,0,0,0,0,0,0,0,0,0,0,0,0,0,0,0,0,0,0,0,0,0
1926868,0,0,0,0,0,0,75,0,0,19,0,0,0,0,0,0,40,0,0,11,0,0,0,0,0,0,16,0
641491,0,0,0,0,0,0,75,0,0,0,0,0,0,0,0,0,34,0,0,0,0,0,10,0,0,0,0,0
2975745,0,0,0,0,0,0,75,0,0,0,0,0,0,0,0,0,0,0,0,0,0,0,0,0,0,0,0,0
2027911,0,0,0,0,0,0,74,0,0,0,0,0,0,0,0,0,0,0,0,0,0,0,0,0,0,0,0,0
2903871,0,0,0,0,0,0,74,0,0,0,0,0,0,0,0,0,0,0,0,0,0,0,0,0,0,0,0,0
456163,0,0,0,0,0,0,74,0,0,0,0,0,0,0,0,0,0,0,0,0,0,0,0,0,0,0,0,0
2866279,0,0,0,0,0,0,73,0,0,0,0,0,0,0,0,0,0,0,0,0,0,0,14,0,0,0,0,0
1132417,0,0,0,0,0,0,73,0,0,0,0,0,0,0,0,0,0,0,0,0,0,0,0,0,0,0,0,0
3378074,0,0,0,0,0,0,73,0,0,0,0,0,0,0,0,0,0,0,0,0,0,0,0,0,0,0,0,0
2993430,0,0,0,0,0,0,73,0,0,0,0,0,0,0,0,0,0,0,0,0,0,0,0,0,0,0,0,0
2982694,0,0,0,0,0,0,72,0,0,0,0,0,0,0,0,0,0,0,0,0,0,0,0,0,0,0,0,0
3422597,0,0,0,0,0,0,72,0,0,0,0,0,0,0,0,0,62,0,0,0,0,22,0,0,77,0,0,0
3157631,0,0,0,0,0,0,72,0,0,0,0,0,0,0,0,0,0,0,0,27,0,0,0,0,0,0,0,0
3133321,0,0,0,0,0,0,71,0,0,0,0,0,0,0,0,0,0,0,0,0,0,0,0,0,0,0,0,0
3239420,0,0,0,0,0,0,71,0,0,0,0,0,0,0,0,0,0,0,0,0,0,0,12,0,0,0,0,0
2962597,0,0,0,0,0,0,69,0,0,0,0,0,0,0,0,0,0,0,0,0,0,0,0,0,0,0,0,0
1245526,0,0,0,0,0,0,69,0,0,0,0,0,10,0,0,0,0,0,0,0,0,0,0,0,0,0,0,0
67267,0,0,0,0,0,0,69,0,0,0,0,0,0,0,0,0,0,0,0,0,0,0,0,0,0,0,0,0
2975957,0,0,0,0,0,0,69,0,0,0,0,0,0,0,0,0,0,0,0,0,0,0,0,0,0,43,0,0
3423221,0,0,0,0,0,0,68,0,0,0,0,0,0,0,0,0,0,0,0,0,0,0,0,0,0,0,0,0
367299,0,0,0,0,0,0,68,0,0,0,0,0,0,0,0,0,11,0,0,0,0,0,0,0,0,0,0,0
1701090,0,0,0,0,0,0,68,0,0,0,0,0,0,0,0,0,0,0,0,0,0,0,0,0,0,0,0,0
3115001,0,0,0,0,0,0,67,0,0,0,0,0,0,0,0,0,0,0,0,0,0,0,0,0,0,0,0,0
3133291,0,0,0,0,0,0,67,0,0,0,0,0,0,0,0,0,42,0,0,34,0,0,24,0,0,11,13,13
3096010,0,0,0,0,0,0,67,0,0,0,0,0,0,0,0,0,0,0,0,0,0,0,0,0,0,0,0,0
2606451,0,0,0,0,0,0,67,0,0,0,0,0,0,0,0,0,0,0,0,0,0,0,0,0,0,0,0,0
55395,0,0,0,0,0,0,66,0,0,0,0,0,0,0,0,0,45,0,0,0,0,0,0,0,0,0,0,0
2933290,0,0,0,0,0,0,66,0,0,0,0,0,0,0,0,0,0,0,0,0,0,0,0,0,0,0,0,0
1827742,0,0,0,0,0,0,65,0,0,0,0,0,0,0,0,0,11,0,0,0,0,0,0,0,0,0,0,0
2975624,0,0,0,0,0,0,64,0,0,0,0,0,0,0,0,0,0,0,0,0,0,0,0,0,0,0,0,0
2975992,0,0,0,0,0,0,64,0,0,0,0,0,0,0,0,0,0,0,13,0,0,0,0,0,0,0,0,0
479978,0,0,0,0,0,0,64,0,0,0,0,0,0,0,0,0,0,0,0,0,0,0,0,0,0,0,0,0
2518599,0,0,0,0,0,0,63,0,0,0,0,0,0,0,0,0,0,0,0,0,0,0,0,0,0,0,0,0
2903779,0,0,0,0,0,0,63,0,0,0,0,0,0,0,0,0,0,0,0,17,0,0,0,0,0,0,0,0
2903579,0,0,0,0,0,0,63,0,0,0,0,0,0,0,0,0,0,0,0,0,0,0,0,0,0,0,0,0
162393,0,0,0,0,0,0,63,0,0,0,0,0,0,0,0,0,0,0,0,0,0,0,0,0,0,0,0,0
2841594,0,0,0,0,0,0,63,0,0,0,0,0,0,0,0,0,0,0,0,0,0,0,0,0,0,0,0,0
2058657,0,0,0,0,0,0,63,0,0,0,0,0,0,0,0,0,0,0,0,0,0,0,0,0,0,0,0,0
2714931,0,0,0,0,0,0,63,0,0,0,0,0,0,0,0,0,0,0,0,0,0,0,0,0,0,0,0,0
2742602,0,0,0,0,0,0,63,0,0,0,0,0,0,0,0,0,0,0,0,13,0,0,0,0,0,0,20,0
329,0,0,0,0,0,0,62,0,0,0,0,0,0,0,0,0,0,0,33,0,0,0,0,0,0,0,0,0
2282475,0,0,0,0,0,0,62,0,0,0,0,0,0,0,0,0,0,0,0,0,0,0,0,0,0,0,0,0
2975855,0,0,0,0,0,0,62,0,0,0,0,0,0,0,0,0,0,0,0,0,0,0,0,0,0,0,0,0
59299,0,0,0,0,0,0,62,0,0,0,0,0,0,0,0,0,0,0,0,0,0,0,0,0,0,0,0,0
1211807,0,0,0,0,0,0,61,0,0,0,0,0,0,0,0,0,0,0,0,0,0,19,0,0,19,0,0,0
1003114,0,0,0,0,0,0,61,0,0,0,0,0,0,0,0,0,0,0,0,0,0,0,0,0,0,0,0,0
496,0,0,0,0,0,0,61,0,0,0,0,0,26,0,0,0,0,0,18,0,0,0,0,0,0,0,0,0
3459121,0,0,0,0,0,0,61,0,0,0,0,0,45,0,0,0,54,0,0,0,0,0,29,0,0,0,0,0
2903672,0,0,0,0,0,0,61,0,0,0,0,0,0,0,0,0,0,0,0,0,0,0,0,0,0,0,0,0
132473,0,0,0,0,0,0,61,0,0,0,0,0,0,0,0,0,12,0,0,0,0,0,0,0,0,0,0,0
3434457,0,0,0,0,0,0,61,0,0,0,0,0,0,0,0,0,0,0,0,0,0,0,0,0,0,0,0,0
262324,0,0,0,0,0,0,60,0,0,0,0,0,0,0,0,0,0,0,0,0,0,0,0,0,0,0,0,0
2184519,0,0,0,0,0,0,60,0,0,0,0,0,0,0,0,0,0,0,0,0,0,0,0,0,0,0,0,0
42253,0,0,0,0,0,0,60,0,0,0,0,0,0,0,0,0,26,0,0,11,0,0,17,0,0,0,13,15
2975650,0,0,0,0,0,0,60,0,0,0,0,0,0,0,0,0,0,0,0,0,0,0,120,0,0,0,0,0
712270,0,0,0,0,0,0,60,0,0,0,0,0,0,0,0,0,0,0,0,0,0,0,0,0,0,0,0,0
2201999,0,0,0,0,0,0,60,0,0,0,0,0,0,0,0,0,0,0,0,0,0,0,0,0,0,0,0,0
3041098,0,0,0,0,0,0,59,0,0,0,0,0,0,0,0,0,17,0,0,0,0,0,0,0,0,0,0,0
3133274,0,0,0,0,0,0,59,0,0,0,0,0,0,0,0,0,0,0,0,0,0,0,0,0,0,0,0,0
3133301,0,0,0,0,0,0,59,0,0,0,0,0,0,0,0,0,0,0,0,0,0,0,0,0,0,0,0,0
2856555,0,0,0,0,0,0,59,0,0,0,0,0,0,0,0,0,0,0,18,0,0,0,0,0,0,0,0,0
2903586,0,0,0,0,0,0,59,0,0,0,0,0,0,0,0,0,0,0,0,0,0,0,0,0,0,0,0,0
73919,0,0,0,0,0,0,59,0,0,0,0,0,0,0,0,0,0,0,0,0,0,0,0,0,0,0,0,0
3133296,0,0,0,0,0,0,58,0,0,0,0,0,0,0,0,0,0,0,0,0,0,0,0,0,0,0,0,0
589382,0,0,0,0,0,0,58,0,18,0,0,0,0,0,0,0,0,0,0,0,0,0,15,0,0,0,0,0
1288636,0,0,0,0,0,0,58,0,0,0,0,0,0,0,0,0,0,0,29,0,0,0,0,0,0,0,0,0
3069708,0,0,0,0,0,0,58,0,0,0,0,0,0,0,0,0,0,0,49,0,0,0,0,0,0,0,0,0
59561,0,0,0,0,0,0,58,0,0,0,0,0,0,0,0,0,0,0,0,0,0,0,0,0,0,0,0,0
3229275,0,0,0,0,0,0,57,0,0,0,0,0,0,0,0,0,0,0,0,0,0,0,0,0,0,0,0,0
2182384,0,0,0,0,0,0,57,0,18,0,0,0,0,0,0,0,86,0,0,0,0,12,0,0,0,0,0,0
47878,0,0,0,0,0,0,57,0,0,0,0,0,0,0,0,0,0,0,0,26,0,0,0,0,0,0,17,0
3404050,0,0,0,0,0,0,57,0,0,0,0,0,0,0,0,0,0,0,14,0,0,0,0,0,0,0,0,0
218936,0,0,0,0,0,0,57,0,0,0,0,0,0,0,0,0,0,0,0,0,0,0,0,0,0,0,13,0
2932253,0,0,0,0,0,0,57,0,0,0,0,0,0,0,0,0,0,0,0,0,0,0,0,0,0,0,0,0
2903869,0,0,0,0,0,0,57,0,0,0,0,0,0,0,0,0,0,0,0,0,0,0,0,0,0,0,0,0
285558,0,0,0,0,0,0,57,0,0,0,0,0,0,0,0,0,0,0,0,0,0,0,33,0,0,0,0,0
3458249,0,0,0,0,0,0,57,0,0,0,0,0,0,0,0,0,0,0,0,0,0,0,0,0,0,0,0,0
117567,0,0,0,0,0,0,57,0,0,0,0,0,0,0,0,0,0,0,25,0,0,0,18,0,0,0,0,0
578928,0,0,0,0,0,0,56,0,0,0,0,0,0,0,0,0,0,0,0,0,0,0,0,0,0,0,0,0
43617,0,0,0,0,0,0,56,0,0,0,0,0,0,0,0,0,0,0,0,0,0,0,0,0,0,0,0,0
2968968,0,0,0,0,0,0,56,0,0,0,0,0,0,0,0,0,0,0,0,0,0,0,0,0,0,0,0,0
1761789,0,0,0,0,0,0,56,0,0,0,0,0,0,0,0,0,0,0,0,0,0,0,0,0,0,0,0,0
2796366,0,0,0,0,0,0,56,0,0,0,0,0,0,0,0,0,0,0,0,0,0,0,0,0,0,0,0,0
2995154,0,0,0,0,0,0,56,0,0,0,0,0,0,0,0,0,0,0,0,0,0,19,15,0,0,0,0,0
2483401,0,0,0,0,0,0,56,0,0,0,0,0,0,0,0,0,0,0,0,0,0,0,0,0,0,0,0,0
3446363,0,0,0,0,0,0,55,0,0,0,0,0,0,0,0,0,0,0,41,0,0,0,0,0,0,0,0,0
2608999,0,0,0,0,0,0,55,0,0,0,0,0,0,0,0,0,0,0,0,0,0,0,0,0,0,0,0,0
2903893,0,0,0,0,0,0,55,0,0,0,0,0,0,0,0,0,0,0,0,0,0,0,0,0,0,0,0,0
2903660,0,0,0,0,0,0,55,0,0,0,0,0,0,0,0,0,0,0,0,0,0,0,0,0,0,0,0,0
234612,0,0,0,0,0,0,55,0,0,0,0,0,0,0,0,0,0,0,0,0,0,0,0,0,0,16,0,0
3383314,0,0,0,0,0,0,55,0,0,79,0,0,0,0,0,0,0,0,0,0,0,0,21,0,0,0,0,0
2903714,0,0,0,0,0,0,55,0,0,0,0,0,0,0,0,0,0,0,0,0,0,0,0,0,0,0,0,0
68249,0,0,0,0,0,0,55,0,0,0,0,0,0,0,0,0,0,0,0,0,20,0,0,0,0,0,0,0
1162966,0,0,0,0,0,0,55,0,0,0,0,0,0,0,0,0,0,0,0,0,0,0,13,0,0,0,0,0
1138587,0,0,0,0,0,0,55,0,0,0,0,0,0,0,0,0,17,0,0,0,0,0,0,0,0,0,0,0
3405419,0,0,0,0,0,0,55,0,0,0,0,0,0,0,0,0,0,0,0,23,0,0,0,0,0,0,14,0
1078471,0,0,0,0,0,0,55,0,0,0,0,0,39,0,0,0,0,0,24,94,0,0,0,0,0,0,11,0
1781,0,0,0,0,0,0,55,0,0,0,0,0,0,0,0,0,0,0,17,0,0,0,0,0,0,0,0,0
1543852,0,0,0,0,0,0,55,0,15,0,0,0,0,0,0,0,0,0,0,0,0,0,0,0,0,0,0,0
3111768,0,0,0,0,0,0,55,0,0,0,0,0,0,0,0,0,0,0,0,0,0,0,0,0,0,0,0,0
3016097,0,0,0,0,0,0,55,0,0,0,0,0,0,0,0,0,0,0,0,0,0,0,0,0,0,0,0,0
3240766,0,0,0,0,0,0,54,0,0,0,0,0,0,0,0,0,0,0,0,0,0,0,0,0,0,0,0,0
3140242,0,0,0,0,0,0,54,0,0,0,0,0,0,0,0,0,16,0,0,0,0,0,0,0,0,0,0,0
2718,0,0,0,0,0,0,54,0,0,0,0,0,0,0,0,0,0,0,124,0,0,0,15,0,0,0,0,0
3028312,0,0,0,0,0,0,54,0,0,0,0,0,0,0,0,25,37,0,0,0,0,0,15,0,0,0,0,0
2735795,0,0,0,0,0,0,54,0,0,0,0,0,0,0,0,0,0,0,0,0,0,0,98,0,0,0,0,0
2903820,0,0,0,0,0,0,54,0,0,0,0,0,0,0,0,0,0,0,0,0,0,0,0,0,0,0,0,0
1169025,0,0,0,0,0,0,54,0,0,0,0,0,0,0,0,0,0,0,0,0,0,0,0,0,0,0,0,0
2851649,0,0,0,0,0,0,54,0,0,0,0,0,0,0,0,0,0,0,0,0,0,0,0,0,0,0,0,0
3435230,0,0,0,0,0,0,54,0,0,0,0,0,0,0,0,0,0,0,0,0,0,0,0,0,0,0,0,0
2795215,0,0,0,0,0,0,54,0,0,0,0,0,0,0,0,0,0,0,0,0,0,0,0,0,0,0,0,0
2071627,0,0,0,0,0,0,54,0,0,0,0,0,0,0,0,0,0,0,0,0,0,0,0,0,0,0,0,0
1407499,0,0,0,0,0,0,54,0,0,0,0,0,0,0,0,0,0,0,0,0,0,0,32,0,0,0,0,0
1499308,0,0,0,0,0,0,53,0,0,0,0,0,0,0,0,0,0,0,0,0,0,0,0,0,0,0,0,0
2867236,0,0,0,0,0,0,53,0,0,0,0,0,0,0,0,0,0,0,0,30,0,0,0,0,0,0,0,0
2992573,0,0,0,0,0,0,53,0,0,0,0,0,0,0,0,0,0,0,0,0,0,0,0,0,0,0,0,0
3241602,0,0,0,0,0,0,53,0,0,0,0,0,0,0,0,0,0,0,0,0,0,0,0,0,0,43,38,29
47671,0,0,0,0,0,0,53,0,0,0,0,0,0,0,0,0,26,0,26,14,0,0,38,0,0,0,0,0
3026420,0,0,0,0,0,0,53,0,0,0,0,0,0,0,0,0,0,0,0,0,0,0,18,0,0,0,0,0
1522758,0,0,0,0,0,0,53,0,0,0,0,0,0,0,0,93,482,0,0,38,0,0,0,0,0,0,0,0
2161816,0,0,0,0,0,0,53,0,0,0,0,0,0,0,0,0,0,0,0,0,0,0,0,0,0,0,0,0
31965,0,0,0,0,0,0,53,0,0,0,0,0,0,0,0,0,0,0,0,0,0,0,0,0,0,0,0,0
3350166,0,0,0,0,0,0,53,0,0,0,0,0,0,0,0,0,0,0,0,12,0,0,0,0,0,18,0,13
761804,0,0,0,0,0,0,53,0,0,0,0,0,0,0,0,0,21,0,0,0,0,0,0,0,0,0,0,0
293050,0,0,0,0,0,0,53,15,19,0,0,0,0,0,0,0,15,0,0,0,0,0,0,0,0,0,0,0
2316359,0,0,0,0,0,0,53,0,0,0,0,0,0,0,0,0,0,0,0,0,0,0,0,0,0,0,0,0
2962671,0,0,0,0,0,0,53,0,0,0,0,0,0,0,0,0,0,0,0,18,0,0,0,0,0,13,12,0
2909249,0,0,0,0,0,0,52,0,0,0,0,0,0,0,0,0,54,0,0,0,0,0,0,0,0,0,0,0
2771362,0,0,0,0,0,0,52,0,0,0,0,0,0,0,0,0,0,0,0,0,0,0,0,0,0,0,0,0
2903884,0,0,0,0,0,0,52,0,0,0,0,0,0,0,0,0,0,0,12,0,0,0,16,0,0,0,0,0
2975751,0,0,0,0,0,0,52,0,0,0,0,0,0,0,0,0,0,0,0,96,0,0,0,0,0,0,0,0
2559073,0,0,0,0,0,0,52,0,0,0,0,0,0,0,0,0,18,0,13,0,0,0,0,0,0,0,0,0
3041766,0,0,0,0,0,0,52,20,41,0,0,0,0,0,0,0,0,0,0,0,0,0,0,0,0,0,0,0
2968086,0,0,0,0,0,0,52,0,0,0,0,0,0,0,0,0,12,0,0,0,0,0,0,0,0,0,0,0
43990,0,0,0,0,0,0,52,0,0,0,0,0,0,0,0,0,0,0,0,0,0,0,0,0,0,0,0,0
47865,0,0,0,0,0,0,52,0,0,0,0,0,0,0,0,0,0,0,0,0,0,0,0,0,0,32,0,0
3238303,0,0,0,0,0,0,52,0,0,0,0,0,0,0,0,0,0,0,0,30,0,0,0,0,0,0,0,0
309887,0,0,0,0,0,0,52,0,0,0,0,0,0,0,0,0,0,0,0,0,0,0,10,0,0,0,0,0
3131931,0,0,0,0,0,0,51,0,0,0,0,0,0,0,0,0,0,0,0,0,0,0,0,0,0,0,0,0
3045157,0,0,0,0,0,0,51,0,0,0,0,0,0,0,0,0,0,0,0,0,0,0,0,0,0,0,0,0
2870860,0,0,0,0,0,0,51,0,0,0,0,0,0,0,0,0,0,0,0,0,0,0,0,0,0,0,0,0
487184,0,0,0,0,0,0,51,0,0,18,0,0,0,0,0,0,0,0,0,0,0,0,0,0,0,0,0,0
1478019,0,0,0,0,0,0,51,0,0,0,0,0,0,0,0,0,0,0,0,0,0,0,0,0,0,0,0,0
1964449,0,0,0,0,0,0,51,14,28,0,0,0,0,32,0,0,0,0,0,0,0,0,0,0,0,0,0,0
3238624,0,0,0,0,0,0,51,0,0,0,0,0,0,0,0,0,0,0,0,0,0,0,0,0,0,0,0,0
3074897,0,0,0,0,0,0,51,0,0,0,0,0,0,0,0,0,0,0,0,0,0,0,0,0,0,0,0,0
67326,0,0,0,0,0,0,51,0,0,0,0,0,0,0,0,0,0,0,0,0,0,0,0,0,0,0,0,0
2500546,0,0,0,0,0,0,51,0,0,0,0,0,0,0,0,0,0,0,0,0,0,0,0,0,0,0,0,0
2909587,0,0,0,0,0,0,51,65,43,67,0,0,0,0,0,0,0,0,0,0,0,0,0,0,0,0,0,0
2592652,0,0,0,0,0,0,51,0,0,0,0,0,0,0,0,0,0,0,0,0,0,0,0,0,0,0,0,0
2099694,0,0,0,0,0,0,51,0,0,0,0,0,0,0,0,0,0,0,13,0,0,0,0,0,0,0,0,0
1234680,0,0,0,0,0,0,51,0,0,0,0,0,0,0,0,0,0,0,0,0,0,0,15,0,0,0,0,0
3395316,0,0,0,0,0,0,50,19,18,0,0,0,0,12,0,0,0,0,0,0,0,0,0,0,0,0,0,0
3009083,0,0,0,0,0,0,50,0,0,0,0,0,0,0,0,0,0,0,0,0,0,0,0,0,0,0,0,0
3235110,0,0,0,0,0,0,50,0,0,0,0,0,0,0,0,0,0,0,0,0,0,0,0,0,0,32,57,63
3140250,0,0,0,0,0,0,50,0,0,0,0,0,0,0,0,0,0,0,0,0,0,0,0,0,0,0,0,0
83456,0,0,0,0,0,0,50,0,0,0,0,0,0,0,0,0,0,0,0,0,0,0,0,0,0,0,0,0
2903774,0,0,0,0,0,0,50,0,0,0,0,0,0,0,0,0,0,0,0,0,0,0,0,0,0,0,0,29
1851167,0,0,0,0,0,0,50,0,0,0,0,0,0,0,0,0,0,0,0,0,0,0,14,0,0,0,0,0
3026192,0,0,0,0,0,0,50,0,0,0,0,0,0,0,0,0,0,0,0,0,0,0,41,0,0,0,0,0
3341830,0,0,0,0,0,0,50,0,0,0,0,0,0,0,0,0,0,0,0,0,0,0,0,0,0,0,0,0
3404049,0,0,0,0,0,0,50,0,0,0,0,0,0,0,0,0,0,0,0,0,0,0,0,0,0,0,0,0
1414719,0,0,0,0,0,0,50,0,0,0,0,0,0,0,0,0,0,0,0,0,0,0,0,0,0,0,0,0
794846,0,0,0,0,0,0,49,0,0,0,0,0,0,0,0,0,0,0,0,0,0,0,0,0,0,0,0,0
2969308,0,0,0,0,0,0,49,0,0,0,0,0,0,0,0,16,94,0,0,0,0,0,97,0,0,0,0,0
2814653,0,0,0,0,0,0,49,0,0,0,0,0,0,0,0,0,0,0,0,0,0,0,0,0,0,0,0,0
3238628,0,0,0,0,0,0,49,0,0,0,0,0,0,0,0,0,0,0,0,0,0,0,0,0,0,0,0,0
2903891,0,0,0,0,0,0,49,24,30,0,0,0,0,0,0,0,104,0,0,0,0,0,0,0,0,0,0,0
2967224,0,0,0,0,0,0,49,0,0,0,0,0,0,0,0,0,0,0,0,0,0,0,0,0,0,0,0,0
67255,0,0,0,0,0,0,49,0,0,0,0,0,0,0,0,0,0,0,0,0,0,0,0,0,0,0,0,0
2975966,0,0,0,0,0,0,49,0,0,0,0,0,0,0,0,0,0,0,0,0,0,0,0,0,0,0,0,0
2609252,0,0,0,0,0,0,49,0,0,0,0,0,0,0,0,0,0,0,0,0,0,0,36,0,0,0,0,0
444597,0,0,0,0,0,0,49,0,0,0,0,0,0,0,0,0,0,0,0,0,0,0,0,0,0,0,0,0
2099695,0,0,0,0,0,0,49,0,0,0,0,0,0,0,0,0,0,0,26,0,0,0,0,0,0,0,0,0
2975979,0,0,0,0,0,0,49,0,0,0,0,0,0,0,0,0,0,0,0,0,0,0,0,0,0,0,0,0
1282737,0,0,0,0,0,0,49,0,0,0,0,0,0,0,0,0,0,0,0,0,0,0,0,0,0,0,0,0
3026162,0,0,0,0,0,0,49,0,0,0,0,0,0,0,0,0,0,0,0,0,0,0,0,0,0,0,0,0
3442642,0,0,0,0,0,0,48,0,0,0,0,0,0,0,0,0,26,0,0,0,0,0,0,0,0,0,0,0
2843303,0,0,0,0,0,0,48,0,0,0,0,0,0,0,0,0,0,0,0,0,0,0,0,0,0,0,0,0
1040979,0,0,0,0,0,0,48,0,0,0,0,0,0,0,0,0,0,0,0,0,0,0,0,0,0,0,0,0
3388843,0,0,0,0,0,0,48,0,0,0,0,0,0,0,0,0,0,0,0,0,0,0,17,0,0,0,16,0
1287523,0,0,0,0,0,0,48,0,0,0,0,0,0,0,0,0,0,0,17,0,0,0,0,0,0,0,0,0
3448171,0,0,0,0,0,0,48,0,0,0,0,0,0,0,0,0,0,0,0,0,0,0,0,0,0,0,0,0
2975705,0,0,0,0,0,0,48,0,0,0,0,0,0,0,0,0,0,0,138,0,0,0,0,0,0,0,0,0
2975797,0,0,0,0,0,0,48,0,0,0,0,0,91,0,0,0,0,0,0,0,0,0,0,0,0,0,0,0
743009,0,0,0,0,0,0,48,0,0,0,0,0,0,0,0,0,0,0,0,0,0,0,0,0,0,0,0,0
3372858,0,0,0,0,0,0,48,0,0,0,0,0,0,0,0,41,62,0,0,46,0,0,0,0,0,0,0,0
3132259,0,0,0,0,0,0,48,0,0,0,0,0,0,0,0,0,0,0,0,0,0,0,0,0,0,0,0,0
3459136,0,0,0,0,0,0,48,0,0,0,0,0,0,0,0,0,0,0,0,0,0,0,0,0,0,0,0,0
2995145,0,0,0,0,0,0,48,0,0,0,0,0,0,0,0,0,0,0,0,0,0,0,0,0,0,0,0,0
113107,0,0,0,0,0,0,48,0,0,0,0,0,0,0,0,0,47,0,0,0,0,0,0,0,0,0,0,0
3109564,0,0,0,0,0,0,48,0,0,0,0,0,0,0,0,0,0,0,0,0,0,0,0,0,0,0,0,0
1586233,0,0,0,0,0,0,48,0,0,0,0,0,0,0,0,0,0,0,0,0,0,0,0,0,0,0,0,15
2338327,0,0,0,0,0,0,47,0,0,0,0,0,0,0,0,0,0,0,0,0,0,0,0,0,0,0,0,0
2911495,0,0,0,0,0,0,47,0,0,0,0,0,0,0,0,0,11,0,0,0,0,0,0,0,0,0,0,0
1909299,0,0,0,0,0,0,47,0,0,0,0,0,0,0,0,0,0,0,0,0,0,0,0,0,0,0,0,0
1856685,0,0,0,0,0,0,47,0,0,0,0,0,0,0,0,0,15,0,0,14,0,0,0,0,0,0,0,0
2746321,0,0,0,0,0,0,47,0,0,0,0,0,0,0,0,0,0,0,0,0,0,0,0,0,0,0,0,0
68334,0,0,0,0,0,0,47,0,0,0,0,0,0,0,0,0,0,0,0,55,0,0,0,0,0,0,0,0
358220,0,0,0,0,0,0,47,32,0,0,0,0,0,0,0,0,0,0,0,0,0,0,0,0,0,0,46,0
2975849,0,0,0,0,0,0,47,0,0,0,0,0,0,0,0,0,0,0,0,0,0,0,0,0,0,0,0,0
1932,0,0,0,0,0,0,47,0,0,0,0,0,0,0,0,0,0,0,0,0,0,0,14,0,0,0,0,0
1437453,0,0,0,0,0,0,47,0,0,0,0,0,0,0,0,0,0,0,0,0,0,0,0,0,0,0,0,0
2746961,0,0,0,0,0,0,47,0,0,0,0,0,0,0,0,0,0,0,0,0,0,0,0,0,0,0,0,0
67294,0,0,0,0,0,0,47,0,0,0,0,0,0,0,0,0,0,0,0,0,0,0,0,0,0,0,0,0
2663859,0,0,0,0,0,0,47,0,0,0,0,0,0,0,0,0,0,0,0,0,0,0,0,0,0,0,0,0
1906274,0,0,0,0,0,0,47,0,0,0,0,0,0,0,0,0,0,0,0,0,0,0,0,0,0,0,0,0
2782168,0,0,0,0,0,0,47,0,0,0,0,0,0,0,0,0,0,0,0,0,0,0,41,0,0,0,0,0
2994664,0,0,0,0,0,0,47,0,0,0,0,0,0,0,0,0,0,0,0,0,0,0,0,0,0,0,0,0
745408,0,0,0,0,0,0,47,0,0,0,0,0,0,0,0,0,0,0,0,0,0,0,0,0,0,0,0,0
3051832,0,0,0,0,0,0,47,0,0,0,0,0,0,0,0,0,0,0,0,0,0,0,31,0,0,0,0,0
1176646,0,0,0,0,0,0,46,0,0,0,0,0,0,0,0,0,78,0,0,13,0,0,0,0,0,0,0,0
1550728,0,0,0,0,0,0,46,0,0,0,0,0,0,0,0,0,0,0,0,0,0,0,0,0,0,0,0,0
2661553,0,0,0,0,0,0,46,0,0,0,0,0,0,0,0,0,0,0,0,0,0,0,0,0,0,0,0,0
3020055,0,0,0,0,0,0,46,0,0,0,0,0,0,0,0,0,0,0,0,0,0,0,0,0,0,0,0,0
1577075,0,0,0,0,0,0,46,0,0,0,0,0,0,0,0,0,0,0,0,0,0,0,0,0,0,0,0,0
424188,0,0,0,0,0,0,46,0,0,0,0,0,0,0,0,30,16,0,0,23,0,0,0,0,0,0,15,0
285562,0,0,0,0,0,0,46,0,0,0,0,0,0,0,0,0,91,0,0,0,0,0,0,0,0,0,0,0
3015156,0,0,0,0,0,0,46,0,0,0,0,0,0,0,0,0,0,0,0,0,0,0,0,0,0,0,0,0
2867026,0,0,0,0,0,0,45,0,0,0,0,0,0,0,0,0,0,0,0,0,0,0,0,0,0,0,0,0
3445779,0,0,0,0,0,0,45,0,0,0,0,0,0,0,0,0,15,0,0,0,0,0,0,0,0,0,0,0
924,0,0,0,0,0,0,45,0,14,0,0,0,0,0,0,0,14,0,0,0,0,0,0,0,0,0,0,0
3132291,0,0,0,0,0,0,45,0,0,0,0,0,0,0,0,0,0,0,85,0,0,0,0,0,0,0,0,0
515415,0,0,0,0,0,0,45,0,0,0,0,0,0,0,0,0,0,0,0,0,0,0,0,0,0,0,0,0
1272,0,0,0,0,0,0,45,0,0,0,0,0,0,0,0,0,0,0,0,0,0,0,0,0,0,0,0,0
604330,0,0,0,0,0,0,45,0,0,0,0,0,21,0,0,0,55,0,19,0,0,0,0,0,0,0,0,0
3048493,0,0,0,0,0,0,44,0,0,0,0,0,0,0,0,0,0,0,0,0,0,0,0,0,0,0,0,0
136996,0,0,0,0,0,0,44,0,0,0,0,0,0,0,0,0,27,0,27,0,0,0,0,0,0,0,0,0
3093862,0,0,0,0,0,0,44,0,0,0,0,0,0,0,0,0,0,0,20,0,0,0,0,0,0,0,0,0
56464,0,0,0,0,0,0,44,0,0,0,0,0,0,0,0,0,0,0,16,0,0,0,0,0,0,0,0,0
3075222,0,0,0,0,0,0,44,0,0,0,0,0,0,0,0,0,0,0,0,0,0,0,0,0,0,0,0,0
1765049,0,0,0,0,0,0,44,0,0,0,0,0,0,0,0,0,0,0,28,0,0,0,0,0,0,0,0,0
2927875,0,0,0,0,0,0,44,0,0,0,0,0,0,0,0,0,0,0,0,0,0,0,0,0,0,0,0,0
2903814,0,0,0,0,0,0,44,0,0,0,0,0,0,0,0,0,0,0,0,0,0,0,18,0,0,0,0,0
1231063,0,0,0,0,0,0,44,0,0,0,0,0,0,0,0,0,0,0,0,0,0,0,11,0,0,0,0,0
3140248,0,0,0,0,0,0,44,0,0,0,0,0,0,0,0,0,0,0,0,0,0,0,0,0,0,0,0,0
2609258,0,0,0,0,0,0,44,0,0,0,0,0,0,0,0,0,0,0,0,0,0,0,0,0,0,0,0,0
3163031,0,0,0,0,0,0,44,0,0,0,0,0,0,0,0,0,0,0,0,0,0,0,0,0,0,0,0,0
212767,0,0,0,0,0,0,44,0,0,0,0,0,0,0,0,0,0,0,19,16,0,0,0,0,0,40,0,0
3016092,0,0,0,0,0,0,44,0,0,0,0,0,0,0,0,0,0,0,0,0,0,0,0,0,0,0,0,0
3061626,0,0,0,0,0,0,44,0,0,0,0,0,0,0,0,0,0,0,0,26,0,0,0,0,0,0,0,0
2903558,0,0,0,0,0,0,44,0,0,0,0,0,0,0,0,0,0,0,0,36,0,0,0,0,0,0,0,0
3016050,0,0,0,0,0,0,44,0,0,0,0,0,0,0,0,0,0,0,0,17,0,0,0,0,0,0,0,0
2918899,0,0,0,0,0,0,44,0,0,0,0,0,0,0,0,0,41,0,0,0,0,0,0,0,0,0,0,0
3424718,0,0,0,0,0,0,43,0,0,0,0,0,0,0,0,0,0,0,0,0,0,0,0,0,0,0,0,0
3078264,0,0,0,0,0,0,43,0,0,0,0,0,0,0,0,0,64,0,0,0,0,0,12,0,0,0,0,0
2599595,0,0,0,0,0,0,43,0,0,0,0,0,0,0,0,0,0,0,0,11,0,0,10,0,0,0,0,0
2799325,0,0,0,0,0,0,43,0,0,0,0,0,0,0,0,0,0,0,0,0,0,0,0,0,0,0,0,0
2903670,0,0,0,0,0,0,43,0,0,0,0,0,0,0,0,0,13,0,0,0,0,0,0,0,0,0,0,0
3239284,0,0,0,0,0,0,43,0,0,0,0,0,0,0,0,0,0,0,0,0,0,0,0,0,0,0,0,0
3142634,0,0,0,0,0,0,43,0,0,0,0,0,0,0,0,0,33,0,0,0,0,0,0,0,0,0,0,0
2975914,0,0,0,0,0,0,43,0,0,0,0,0,0,0,0,0,0,0,19,0,0,0,0,0,0,0,0,0
202862,0,0,0,0,0,0,43,0,0,0,0,0,0,0,0,0,0,0,0,0,0,0,0,0,0,0,0,0
2875948,0,0,0,0,0,0,43,0,0,0,0,0,0,0,0,0,0,0,0,0,0,0,0,0,0,0,0,0
2048898,0,0,0,0,0,0,43,0,0,0,0,0,0,0,0,0,0,0,0,0,0,0,17,0,0,0,0,0
156977,0,0,0,0,0,0,43,0,0,0,0,0,0,0,0,0,0,0,0,0,0,0,0,0,0,0,0,0
3023517,0,0,0,0,0,0,43,0,0,0,0,0,0,0,0,0,0,0,18,0,0,0,0,0,0,0,0,0
2739057,0,0,0,0,0,0,43,0,0,0,0,0,0,0,0,0,0,0,0,0,0,0,0,0,0,0,0,0
2898442,0,0,0,0,0,0,42,0,0,0,0,0,0,0,0,27,54,0,50,40,0,0,0,0,15,0,0,0
3425947,0,0,0,0,0,0,42,0,0,0,0,0,0,0,0,0,0,0,0,0,0,0,0,0,0,0,0,0
3384787,0,0,0,0,0,0,42,0,0,0,0,0,0,0,0,0,26,0,0,0,0,0,0,0,0,0,0,0
2724122,0,0,0,0,0,0,42,0,0,0,0,0,0,0,0,0,0,0,0,0,0,0,0,0,0,0,0,0
3133310,0,0,0,0,0,0,42,0,0,0,0,0,0,0,0,0,0,0,0,0,0,0,0,0,0,0,0,0
3256999,0,0,0,0,0,0,42,0,0,0,0,0,0,0,0,0,61,0,0,44,0,0,0,0,0,0,0,0
556499,0,0,0,0,0,0,42,0,0,0,0,0,0,0,0,0,0,0,0,0,0,0,0,0,0,0,0,0
3135263,0,0,0,0,0,0,42,0,0,0,0,0,0,0,0,0,0,0,0,0,0,0,0,0,0,0,0,0
344163,0,0,0,0,0,0,42,0,0,0,0,0,0,0,0,0,0,0,0,62,0,0,0,0,0,29,0,46
3050069,0,0,0,0,0,0,42,0,0,0,0,0,0,0,0,0,0,0,0,0,0,0,0,0,0,0,0,0
1913979,0,0,0,0,0,0,42,0,0,0,0,0,0,0,0,0,0,0,0,0,0,0,0,0,0,0,0,0
1936029,0,0,0,0,0,0,42,0,0,0,0,0,0,0,0,0,0,0,0,0,0,0,12,0,0,0,0,0
2731552,0,0,0,0,0,0,41,0,0,0,0,0,0,0,0,0,0,0,0,15,0,13,16,26,13,0,0,0
2781021,0,0,0,0,0,0,41,0,0,0,0,0,0,0,0,0,0,0,0,36,0,0,0,0,0,0,19,0
2781022,0,0,0,0,0,0,41,0,0,0,0,0,0,0,0,0,0,0,0,0,0,0,0,0,0,0,0,0
2796139,0,0,0,0,0,0,41,0,0,0,0,0,0,0,0,0,0,0,0,13,0,0,0,0,0,10,21,0
3068889,0,0,0,0,0,0,41,0,0,0,0,0,0,0,0,0,0,0,0,0,0,0,0,0,0,0,0,0
2975733,0,0,0,0,0,0,41,0,0,0,0,0,0,0,0,0,0,0,0,0,0,0,0,0,0,0,0,0
2975747,0,0,0,0,0,0,41,0,0,0,0,0,0,0,0,0,0,0,0,0,0,0,0,0,0,0,0,0
3423201,0,0,0,0,0,0,41,0,0,0,0,0,0,0,0,0,0,0,0,15,0,0,0,0,0,0,0,0
36805,0,0,0,0,0,0,41,0,0,0,0,0,0,0,0,0,0,0,0,0,0,0,0,0,0,0,0,0
2761047,0,0,0,0,0,0,41,0,0,0,0,0,0,0,0,0,0,0,0,0,0,0,0,0,0,0,0,0
2903593,0,0,0,0,0,0,41,0,0,0,0,0,0,0,0,0,0,0,0,18,0,0,16,0,0,0,0,0
71254,0,0,0,0,0,0,41,0,0,0,0,0,0,0,0,0,0,0,0,0,0,0,0,0,0,0,0,0
3239968,0,0,0,0,0,0,41,0,45,0,0,0,0,0,0,0,128,0,0,14,0,0,49,0,0,0,0,0
2983230,0,0,0,0,0,0,41,0,11,0,0,0,0,0,0,0,0,0,0,0,0,0,0,0,0,0,0,0
3034026,0,0,0,0,0,0,41,0,0,0,0,0,0,0,0,0,0,0,0,0,0,0,15,0,0,0,0,0
2072407,0,0,0,0,0,0,40,0,0,0,0,0,0,0,0,0,0,0,0,0,0,0,0,0,0,0,0,0
2100422,0,0,0,0,0,0,40,0,0,0,0,0,0,0,0,0,0,0,0,17,0,0,0,0,0,0,0,0
3434465,0,0,0,0,0,0,40,0,0,0,0,0,0,0,0,0,0,0,0,0,0,0,0,0,23,0,0,0
2903757,0,0,0,0,0,0,40,0,0,0,0,0,0,0,0,0,0,0,0,0,0,0,0,0,0,0,0,0
3231942,0,0,0,0,0,0,40,0,0,0,0,0,0,0,0,0,0,0,0,0,0,0,0,0,0,0,0,0
3078227,0,0,0,0,0,0,40,0,0,0,0,0,0,0,0,0,0,0,0,0,0,0,0,0,0,0,0,0
1176198,0,0,0,0,0,0,40,0,0,0,0,0,0,0,0,0,0,0,0,0,0,0,0,0,0,0,0,0
1897061,0,0,0,0,0,0,40,0,0,0,0,0,0,0,0,0,0,0,0,0,0,0,11,0,0,0,0,0
3418418,0,0,0,0,0,0,40,0,0,0,0,0,0,0,0,0,0,0,0,0,0,0,16,0,0,0,0,0
3140787,0,0,0,0,0,0,40,0,0,0,0,0,0,0,0,0,0,0,0,0,0,0,0,0,0,0,0,0
2811421,0,0,0,0,0,0,40,0,0,0,0,0,0,0,0,0,0,0,0,0,0,0,0,0,0,0,0,0
1644129,0,0,0,0,0,0,40,0,0,0,0,0,0,0,0,0,0,0,0,0,0,0,0,0,0,0,0,0
1223514,0,0,0,0,0,0,40,0,0,0,0,0,0,0,0,0,0,0,19,0,0,0,0,0,0,0,0,0
2789425,0,0,0,0,0,0,40,0,0,0,0,0,0,0,0,0,20,0,33,0,0,0,0,0,0,0,0,0
2080419,0,0,0,0,0,0,40,0,0,0,0,0,0,0,0,0,0,0,161,0,0,0,0,0,0,0,0,0
114707,0,0,0,0,0,0,39,0,0,0,0,0,0,0,0,0,0,0,0,0,0,0,14,0,0,0,0,0
554344,0,0,0,0,0,0,39,0,0,0,0,0,0,0,0,0,0,0,0,0,0,0,0,0,0,0,0,0
3021710,0,0,0,0,0,0,39,0,37,0,0,0,0,0,0,0,0,0,0,0,0,0,0,0,0,0,0,0
2797167,0,0,0,0,0,0,39,0,0,0,0,0,0,0,0,0,0,0,0,0,0,0,0,0,0,0,0,0
2903830,0,0,0,0,0,0,39,0,0,0,0,0,0,0,0,0,0,0,0,0,0,0,26,0,0,0,0,0
3049069,0,0,0,0,0,0,39,0,0,0,0,0,0,0,0,0,0,0,0,0,0,0,0,0,0,0,0,0
3019890,0,0,0,0,0,0,39,0,0,0,0,0,0,0,0,0,0,0,0,0,0,0,0,0,0,0,0,0
2175655,0,0,0,0,0,0,39,0,0,0,0,0,17,0,0,0,0,0,0,0,0,0,0,0,0,0,0,0
2175620,0,0,0,0,0,0,39,0,0,0,0,0,0,0,0,0,0,0,0,0,0,0,0,0,0,0,0,0
2768071,0,0,0,0,0,0,39,0,0,0,0,0,0,0,0,0,0,0,0,0,0,0,0,0,0,0,0,0
2600159,0,0,0,0,0,0,39,0,0,0,0,0,0,0,0,0,0,0,0,0,0,0,0,0,0,0,0,0
3162566,0,0,0,0,0,0,39,0,0,0,0,0,0,0,0,0,0,0,0,0,0,0,0,0,0,0,0,0
574650,0,0,0,0,0,0,39,0,0,0,0,0,0,0,0,0,0,0,16,0,0,0,0,0,0,0,0,0
42256,0,0,0,0,0,0,39,0,0,0,0,0,0,0,0,0,0,0,16,12,0,0,0,0,0,0,0,0
367282,0,0,0,0,0,0,39,0,0,0,0,0,0,0,0,0,0,0,11,0,0,0,0,0,0,0,0,0
3033388,0,0,0,0,0,0,39,0,0,0,0,0,0,0,0,0,0,0,0,0,0,0,0,0,0,0,0,0
2961939,0,0,0,0,0,0,39,0,0,0,0,0,0,0,0,0,0,0,0,14,0,0,0,0,0,0,0,0
2842357,0,0,0,0,0,0,38,0,0,0,0,0,0,0,0,0,0,0,0,0,0,0,0,0,0,0,0,0
157782,0,0,0,0,0,0,38,0,0,0,0,0,0,0,0,0,0,0,0,0,0,0,0,0,0,0,0,0
2884874,0,0,0,0,0,0,38,0,0,0,0,0,0,0,0,0,0,0,0,0,0,0,0,0,0,0,0,0
426114,0,0,0,0,0,0,38,0,0,0,0,0,0,0,0,0,26,0,0,0,0,0,0,0,0,0,0,0
1356852,0,0,0,0,0,0,38,0,0,0,0,0,0,0,0,0,0,0,0,31,0,0,0,0,0,0,0,0
2903827,0,0,0,0,0,0,38,0,0,0,0,0,0,0,0,0,0,0,0,0,0,0,0,0,0,0,0,0
114687,0,0,0,0,0,0,38,0,0,0,0,0,0,0,0,0,0,0,0,0,0,0,0,0,0,0,0,0
3242192,0,0,0,0,0,0,38,0,0,0,0,0,0,0,0,0,0,0,0,0,0,0,0,0,0,0,0,0
2175645,0,0,0,0,0,0,38,0,0,0,0,0,0,0,0,0,0,0,0,0,0,0,0,0,0,0,0,0
1905847,0,0,0,0,0,0,38,0,0,0,0,0,0,0,0,27,106,0,0,19,0,0,0,0,0,0,0,48
2862880,0,0,0,0,0,0,38,0,0,0,0,0,0,0,0,0,0,0,0,0,0,0,0,0,0,0,0,0
2585717,0,0,0,0,0,0,38,0,0,0,0,0,0,0,0,0,0,0,0,0,0,0,0,0,0,0,0,0
3415672,0,0,0,0,0,0,38,0,0,0,0,0,0,0,0,0,0,0,0,0,0,0,0,0,0,0,0,0
2779775,0,0,0,0,0,0,38,0,0,0,0,0,0,0,0,0,0,0,0,0,0,0,0,0,0,0,0,0
3018339,0,0,0,0,0,0,38,0,0,0,0,0,0,0,0,0,0,0,0,0,0,0,0,0,0,0,0,0
2931975,0,0,0,0,0,0,38,0,0,0,0,0,0,0,0,0,0,0,0,13,0,0,0,0,0,0,0,0
2931976,0,0,0,0,0,0,38,0,0,0,0,0,0,0,0,0,0,0,0,15,0,0,0,0,0,0,16,0
3080012,0,0,0,0,0,0,37,0,0,0,0,0,0,0,0,0,24,0,0,0,0,0,0,0,0,0,0,0
2726956,0,0,0,0,0,0,37,0,0,0,0,0,0,0,0,0,0,0,0,0,0,0,0,0,0,0,0,0
233100,0,0,0,0,0,0,37,0,0,0,0,0,0,0,0,0,0,0,80,0,0,0,0,0,0,0,0,0
488446,0,0,0,0,0,0,37,0,0,0,0,0,0,0,0,0,0,0,0,0,0,0,0,0,0,0,0,0
2918299,0,0,0,0,0,0,37,0,0,0,0,0,0,0,0,0,0,0,0,0,0,0,0,0,0,0,0,0
1458426,0,0,0,0,0,0,37,0,0,0,0,0,0,0,0,0,0,0,0,0,0,0,0,0,0,0,0,0
3075197,0,0,0,0,0,0,37,0,0,0,0,0,0,0,0,0,0,0,0,0,0,0,0,0,0,0,0,0
2975765,0,0,0,0,0,0,37,0,0,0,0,0,0,0,0,0,0,0,0,0,0,0,0,0,0,0,0,0
1736046,0,0,0,0,0,0,37,0,0,0,0,0,0,0,0,0,0,0,0,0,0,0,0,0,0,0,0,0
3093850,0,0,0,0,0,0,37,0,0,0,0,0,0,0,0,0,0,0,0,0,0,0,0,0,0,0,0,0
3075620,0,0,0,0,0,0,37,0,0,0,0,0,0,0,0,0,0,0,0,0,0,0,0,0,0,0,0,0
2663121,0,0,0,0,0,0,37,0,0,0,0,0,0,0,0,0,0,0,0,0,0,0,0,0,0,0,0,0
163202,0,0,0,0,0,0,37,0,0,0,0,0,0,0,0,0,0,0,31,0,0,0,0,0,0,0,0,0
2913502,0,0,0,0,0,0,37,0,0,0,0,0,0,0,0,0,0,0,23,0,0,0,0,0,0,0,0,0
401472,0,0,0,0,0,0,37,0,0,0,0,0,0,0,0,0,28,0,423,0,0,0,0,0,0,0,0,0
1490225,0,0,0,0,0,0,37,0,0,0,0,0,0,0,0,0,0,0,0,0,0,0,0,0,0,0,0,0
2949995,0,0,0,0,0,0,37,0,0,0,0,0,0,0,0,0,0,0,0,0,0,0,0,0,0,0,0,0
88724,0,0,0,0,0,0,37,0,0,0,0,0,0,0,0,0,0,0,0,0,0,0,0,0,0,0,0,0
1183413,0,0,0,0,0,0,36,0,0,0,0,0,0,0,0,0,0,0,0,16,0,0,13,0,0,0,0,0
3024399,0,0,0,0,0,0,36,0,0,0,0,0,0,0,0,0,0,0,0,0,0,0,0,0,0,0,0,0
3130163,0,0,0,0,0,0,36,0,0,0,0,0,0,0,0,0,0,0,0,0,0,0,0,0,0,0,0,0
2903752,0,0,0,0,0,0,36,0,0,0,0,0,0,0,0,0,60,0,0,0,0,0,0,0,0,0,0,0
38305,0,0,0,0,0,0,36,0,0,0,0,0,0,0,0,0,0,0,0,28,0,0,0,0,0,0,0,0
3022769,0,0,0,0,0,0,36,0,0,0,0,0,0,0,0,0,0,0,0,0,0,0,10,0,0,0,0,0
2811424,0,0,0,0,0,0,36,0,0,0,0,0,0,0,0,0,0,0,85,0,0,16,0,0,0,0,0,0
321318,0,0,0,0,0,0,36,0,0,0,0,0,0,0,0,0,0,0,0,0,0,0,0,0,0,0,0,0
2903589,0,0,0,0,0,0,36,0,0,0,0,0,0,0,0,0,97,0,0,0,0,0,0,0,0,0,0,0
3239955,0,0,0,0,0,0,36,0,0,0,0,0,0,0,0,0,140,0,0,0,0,0,0,0,0,0,0,0
1323731,0,0,0,0,0,0,36,0,0,0,0,0,0,0,0,0,11,0,0,0,0,0,0,0,0,0,0,0
3158264,0,0,0,0,0,0,36,0,0,0,0,0,0,0,0,0,0,0,0,18,0,0,0,0,0,13,0,0
2949629,0,0,0,0,0,0,35,0,0,0,0,0,0,0,0,0,0,0,0,0,0,0,0,0,0,0,0,0
3160842,0,0,0,0,0,0,35,0,15,0,0,0,0,0,0,0,0,0,0,0,0,0,0,0,0,0,0,0
2609415,0,0,0,0,0,0,35,0,0,0,0,0,0,0,0,0,0,0,0,0,0,0,0,0,0,0,0,0
2903856,0,0,0,0,0,0,35,0,0,0,0,0,0,0,0,0,0,0,0,0,0,0,15,0,0,0,0,0
66892,0,0,0,0,0,0,35,0,0,0,0,0,0,0,0,0,0,0,0,0,0,0,0,0,0,0,0,0
68219,0,0,0,0,0,0,35,0,0,0,0,0,0,0,0,0,0,0,0,0,0,0,38,0,0,0,0,0
279828,0,0,0,0,0,0,35,0,0,0,0,0,0,0,0,0,0,0,0,0,0,0,16,0,0,0,0,0
2654547,0,0,0,0,0,0,35,0,0,0,0,0,0,0,0,0,0,0,0,23,0,0,21,0,0,0,0,0
248551,0,0,0,0,0,0,35,0,0,0,0,0,0,0,0,17,41,0,0,0,0,0,0,0,0,0,11,0
56956,0,0,0,0,0,0,35,0,0,0,0,0,0,0,0,0,0,0,0,11,0,0,0,0,0,0,0,0
2962888,0,0,0,0,0,0,34,0,0,0,0,0,0,0,0,0,0,0,0,0,0,0,0,0,0,0,0,0
2055955,0,0,0,0,0,0,34,0,0,0,0,0,0,0,0,0,0,0,0,0,0,0,0,0,0,0,0,0
657642,0,0,0,0,0,0,34,0,0,0,0,0,0,0,0,0,17,0,0,0,0,0,0,0,0,0,0,0
216142,0,0,0,0,0,0,34,0,0,0,0,0,0,0,0,0,0,0,0,0,0,0,12,0,0,0,0,0
157779,0,0,0,0,0,0,34,0,0,0,0,0,0,0,0,0,0,0,0,15,0,0,0,0,0,0,0,0
3140252,0,0,0,0,0,0,34,0,0,0,0,0,0,0,0,0,14,0,0,0,0,0,0,0,0,0,0,0
758826,0,0,0,0,0,0,34,0,0,0,0,0,0,0,0,0,0,0,0,0,0,0,0,0,0,0,0,0
2969820,0,0,0,0,0,0,34,0,0,0,0,0,0,0,0,0,0,0,0,0,0,0,0,0,0,0,0,0
3041765,0,0,0,0,0,0,34,0,0,0,0,0,0,0,0,0,0,0,0,0,0,0,0,0,0,0,0,0
2795488,0,0,0,0,0,0,34,0,0,0,0,0,0,0,0,0,0,0,0,0,0,0,0,0,0,0,0,0
1734031,0,0,0,0,0,0,34,0,0,0,0,0,0,0,0,0,0,0,0,0,0,0,0,0,0,0,0,0
863575,0,0,0,0,0,0,34,0,0,0,0,0,0,0,0,0,0,0,0,0,0,0,0,0,0,0,0,0
3055869,0,0,0,0,0,0,34,0,0,0,0,0,0,0,0,0,0,0,0,0,0,0,0,0,0,0,0,0
1121358,0,0,0,0,0,0,34,0,0,0,0,0,0,0,0,0,0,0,0,0,0,0,0,0,0,0,0,0
415421,0,0,0,0,0,0,33,0,0,0,0,0,0,0,0,0,14,0,0,0,0,0,0,0,0,0,0,0
3003351,0,0,0,0,0,0,33,0,0,0,0,0,0,0,0,0,0,0,0,0,0,0,30,0,0,0,0,0
2894079,0,0,0,0,0,0,33,0,0,0,0,0,0,0,0,0,0,0,80,0,0,0,0,0,0,0,0,0
2975645,0,0,0,0,0,0,33,0,0,0,0,0,0,0,0,0,0,0,0,0,0,0,0,0,0,0,0,0
2268461,0,0,0,0,0,0,33,0,0,0,0,0,0,0,0,0,0,0,0,306,0,0,0,0,0,0,0,0
3120157,0,0,0,0,0,0,33,0,0,0,0,0,0,0,0,0,0,0,0,0,0,0,0,0,0,0,0,0
3049072,0,0,0,0,0,0,33,0,0,0,0,0,0,0,0,0,0,0,23,0,0,0,0,0,0,0,0,0
2652444,0,0,0,0,0,0,33,0,0,0,0,0,0,0,0,0,0,0,0,0,0,0,0,0,0,0,0,0
2247,0,0,0,0,0,0,33,0,0,0,0,0,0,0,0,0,0,0,0,0,0,0,18,0,0,0,0,0
1710540,0,0,0,0,0,0,33,0,0,0,0,0,0,0,0,0,0,0,0,0,0,0,0,0,0,0,0,0
1930532,0,0,0,0,0,0,32,0,12,0,0,0,0,0,0,0,0,0,0,0,0,0,0,0,0,0,0,0
3034675,0,0,0,0,0,0,32,0,0,0,0,0,0,0,0,0,36,0,0,22,0,0,0,0,0,0,0,0
418701,0,0,0,0,0,0,32,0,0,0,0,0,0,0,0,10,46,0,0,0,0,0,0,0,0,0,0,0
927,0,0,0,0,0,0,32,0,0,0,0,0,0,0,0,0,0,0,0,0,0,0,0,0,0,0,0,0
3366817,0,0,0,0,0,0,32,0,0,0,0,0,0,0,0,0,0,0,0,0,0,0,0,0,0,0,0,0
1458425,0,0,0,0,0,0,32,0,0,0,0,0,0,0,0,0,16,0,0,0,0,0,0,0,0,0,0,0
3074430,0,0,0,0,0,0,32,0,0,0,0,0,0,0,0,0,0,0,0,0,0,0,0,0,0,0,0,0
2932245,0,0,0,0,0,0,32,0,0,0,0,0,0,0,0,0,0,0,0,0,0,0,0,0,0,0,0,0
3136676,0,0,0,0,0,0,32,0,0,0,0,0,0,0,0,0,0,0,0,0,0,0,0,0,0,0,0,0
701042,0,0,0,0,0,0,32,0,0,0,0,0,0,0,0,0,0,0,0,0,0,0,0,0,0,0,0,0
1564114,0,0,0,0,0,0,32,0,0,0,0,0,0,0,0,0,0,0,0,0,0,0,0,0,0,0,0,0
38301,0,0,0,0,0,0,32,0,0,0,0,0,0,0,0,0,0,0,0,0,0,0,0,0,0,0,0,0
3239959,0,0,0,0,0,0,32,0,0,0,0,0,0,0,0,0,0,0,0,0,0,0,0,0,0,0,0,0
2922394,0,0,0,0,0,0,31,0,0,0,0,0,0,0,0,0,0,0,0,0,0,0,13,0,0,0,0,0
2918527,0,0,0,0,0,0,31,0,0,0,0,0,0,0,0,0,0,0,0,0,0,0,70,0,0,0,0,0
2979461,0,0,0,0,0,0,31,0,0,0,0,0,0,0,0,0,0,0,0,0,0,0,0,0,0,0,0,0
2954091,0,0,0,0,0,0,31,0,0,0,0,0,0,0,0,0,0,0,0,0,0,0,0,0,0,0,0,0
2760084,0,0,0,0,0,0,31,0,0,0,0,0,0,0,0,0,0,0,0,0,0,0,0,0,0,0,0,0
2497875,0,0,0,0,0,0,31,21,27,0,0,0,0,21,0,0,85,0,0,11,0,0,0,0,0,0,0,0
2733866,0,0,0,0,0,0,31,0,0,0,0,0,0,0,0,0,0,0,0,0,0,0,45,0,0,0,28,0
2778064,0,0,0,0,0,0,31,0,0,0,0,0,0,0,0,0,0,0,0,0,0,0,0,0,0,0,0,0
2662397,0,0,0,0,0,0,31,0,0,0,0,0,0,0,0,0,0,0,0,0,0,0,0,0,20,0,0,0
3132289,0,0,0,0,0,0,31,0,0,0,0,0,0,0,0,0,0,0,0,0,0,0,0,0,0,0,0,0
2175660,0,0,0,0,0,0,31,0,0,0,0,0,0,0,0,0,0,0,0,0,0,0,0,0,0,0,0,0
256821,0,0,0,0,0,0,31,0,0,0,0,0,0,0,0,0,0,0,0,67,0,0,0,0,0,0,0,0
3016094,0,0,0,0,0,0,31,0,0,0,0,0,0,0,0,0,0,0,0,0,0,0,0,0,0,0,0,0
59932,0,0,0,0,0,0,31,0,0,0,0,0,0,0,0,0,0,0,23,0,0,0,0,0,0,0,0,0
2175149,0,0,0,0,0,0,31,0,0,0,0,0,0,0,0,0,0,0,0,0,0,0,0,0,0,0,0,0
2250,0,0,0,0,0,0,31,0,0,0,0,0,0,0,0,0,0,0,0,0,0,0,0,0,0,0,0,0
1333523,0,0,0,0,0,0,31,0,0,0,0,0,0,0,0,0,0,0,0,0,0,0,0,0,0,0,0,0
2895494,0,0,0,0,0,0,30,0,0,0,0,0,0,0,0,0,0,0,0,0,0,0,0,0,0,0,0,0
2729997,0,0,0,0,0,0,30,0,0,0,0,0,0,0,0,19,124,0,0,36,0,0,17,0,0,0,0,0
2903783,0,0,0,0,0,0,30,0,0,0,0,0,0,0,0,0,0,0,0,0,0,0,0,0,0,0,0,0
1546107,0,0,0,0,0,0,30,0,0,0,0,0,0,0,0,0,0,0,0,0,0,0,0,0,0,0,0,0
1924,0,0,0,0,0,0,30,0,0,0,0,0,0,0,0,0,0,0,0,0,0,0,0,0,0,0,0,0
3016342,0,0,0,0,0,0,30,0,0,0,0,0,0,0,0,0,19,0,0,0,0,0,0,0,0,0,0,0
2851646,0,0,0,0,0,0,30,0,0,0,0,0,0,0,0,0,0,0,0,0,0,0,0,0,0,0,0,0
2175641,0,0,0,0,0,0,30,0,0,0,0,0,0,0,0,0,0,0,0,0,0,0,0,0,0,0,0,0
2813744,0,0,0,0,0,0,30,0,0,0,0,0,0,0,0,0,24,0,0,13,0,0,0,0,0,0,0,0
619291,0,0,0,0,0,0,30,0,0,0,0,0,0,0,0,0,0,0,0,0,0,0,0,0,0,0,0,0
2830995,0,0,0,0,0,0,30,0,0,0,0,0,0,0,0,0,0,0,0,0,0,0,16,0,0,0,0,0
2017485,0,0,0,0,0,0,30,0,0,0,0,0,0,0,0,0,0,0,0,0,0,0,0,0,0,0,0,0
394964,0,0,0,0,0,0,30,0,0,16,0,0,0,0,0,0,0,0,0,0,0,0,0,0,0,0,0,0
3109565,0,0,0,0,0,0,30,0,0,0,0,0,0,0,0,0,0,0,0,0,0,0,0,0,0,0,0,0
2978474,0,0,0,0,0,0,30,0,0,0,0,0,0,0,0,0,0,0,0,0,0,0,0,0,0,0,0,0
3117459,0,0,0,0,0,0,30,0,0,0,0,0,0,0,0,0,0,0,0,0,0,0,0,0,0,0,0,0
3414496,0,0,0,0,0,0,29,0,0,0,0,0,0,0,0,0,0,0,0,0,0,0,0,0,0,0,0,0
2774459,0,0,0,0,0,0,29,0,0,0,0,0,0,0,0,0,0,0,0,0,0,0,0,0,0,0,0,0
2201355,0,0,0,0,0,0,29,0,0,0,0,0,0,0,0,0,0,0,0,0,0,0,0,0,0,0,0,0
1163398,0,0,0,0,0,0,29,0,0,0,0,0,0,0,0,0,0,0,0,0,0,0,0,0,0,0,0,0
2980557,0,0,0,0,0,0,29,0,0,0,0,0,0,0,0,0,0,0,0,26,0,0,0,0,0,19,0,0
2758724,0,0,0,0,0,0,29,0,0,0,0,0,0,0,0,0,92,0,0,0,0,0,0,0,0,0,0,0
1052,0,0,0,0,0,0,29,0,0,0,0,0,0,0,0,0,0,0,0,0,0,0,0,0,0,0,0,0
3398229,0,0,0,0,0,0,29,0,0,0,0,0,0,0,0,0,0,0,0,0,0,0,0,0,0,0,0,0
1715989,0,0,0,0,0,0,29,0,0,0,0,0,0,0,0,0,0,0,0,0,0,0,15,0,0,0,0,0
2070337,0,0,0,0,0,0,29,0,0,0,0,0,0,0,0,0,70,0,0,0,0,0,0,0,0,0,0,0
1897060,0,0,0,0,0,0,29,0,0,0,0,0,0,0,0,0,78,0,0,0,0,0,0,0,0,0,0,0
2565934,0,0,0,0,0,0,29,0,0,0,0,0,0,0,0,0,0,0,0,0,0,0,0,0,0,0,0,0
2816859,0,0,0,0,0,0,29,0,0,0,0,0,0,0,0,0,0,0,0,0,0,0,0,0,0,0,0,0
67081,0,0,0,0,0,0,29,0,0,0,0,0,0,0,0,0,0,0,0,28,0,0,0,0,0,0,0,0
3385969,0,0,0,0,0,0,29,0,0,0,0,0,0,0,0,0,0,0,0,0,0,0,0,0,0,0,0,0
169765,0,0,0,0,0,0,29,0,0,0,0,0,0,0,0,0,0,0,0,0,0,0,0,0,0,0,0,0
134034,0,0,0,0,0,0,29,0,0,0,0,0,0,0,0,0,0,0,0,0,0,0,0,0,0,0,0,0
2982699,0,0,0,0,0,0,29,0,0,0,0,0,0,0,0,0,0,0,0,0,0,0,0,0,0,0,0,0
158787,0,0,0,0,0,0,29,0,0,0,0,0,0,0,0,0,37,0,0,0,0,0,19,0,0,0,0,0
3434353,0,0,0,0,0,0,29,0,0,0,0,0,0,0,0,0,18,0,40,0,0,0,27,0,0,0,0,0
1839799,0,0,0,0,0,0,29,0,0,0,0,0,0,0,0,0,0,0,0,0,0,0,0,0,0,0,0,0
3031996,0,0,0,0,0,0,29,0,0,0,0,0,0,0,0,0,0,0,0,0,0,0,0,0,0,0,0,0
3032001,0,0,0,0,0,0,29,0,0,0,0,0,0,0,0,0,0,0,0,0,0,0,0,0,0,0,0,0
1586232,0,0,0,0,0,0,29,0,0,0,0,0,0,0,0,0,0,0,0,12,0,0,0,0,0,0,0,0
2954096,0,0,0,0,0,0,28,0,0,0,0,0,0,0,0,0,0,0,0,0,0,0,0,0,0,0,0,0
3458058,0,0,0,0,0,0,28,0,0,0,0,0,0,0,0,0,0,0,0,0,0,0,0,0,0,0,0,0
3022791,0,0,0,0,0,0,28,0,0,0,0,0,0,0,0,0,0,0,0,0,0,0,0,0,0,0,0,0
3035470,0,0,0,0,0,0,28,0,0,0,0,0,0,0,0,0,0,0,0,0,11,0,0,0,0,0,0,0
1637862,0,0,0,0,0,0,28,0,0,0,0,0,0,0,0,0,0,0,0,0,0,0,0,0,0,0,0,0
573737,0,0,0,0,0,0,28,0,0,0,0,0,0,0,0,0,0,0,0,0,0,0,0,0,0,0,0,0
3374103,0,0,0,0,0,0,28,0,0,0,0,0,0,0,0,0,0,0,0,18,0,0,0,0,0,0,0,0
52227,0,0,0,0,0,0,28,0,0,0,0,0,0,0,0,0,13,0,0,0,0,0,12,0,0,0,0,0
3448123,0,0,0,0,0,0,28,13,11,0,0,0,0,0,0,0,10,0,0,0,0,0,14,17,0,0,0,0
273678,0,0,0,0,0,0,28,0,0,0,0,0,0,0,0,0,0,0,0,11,0,0,0,0,0,0,0,0
33888,0,0,0,0,0,0,28,0,25,0,0,0,0,0,0,0,0,0,0,0,0,0,0,0,0,0,0,0
2772401,0,0,0,0,0,0,28,0,0,0,0,0,0,0,0,0,0,0,0,14,0,0,0,0,0,0,0,0
728066,0,0,0,0,0,0,28,0,0,0,0,0,0,0,0,0,0,0,0,0,0,0,0,0,0,0,0,0
1852,0,0,0,0,0,0,28,0,0,0,0,0,0,0,0,0,0,0,0,12,0,0,69,0,0,11,0,0
1768108,0,0,0,0,0,0,28,0,0,0,0,0,0,0,0,0,0,0,0,0,0,0,0,0,0,0,0,0
81412,0,0,0,0,0,0,28,0,0,0,0,0,0,0,0,0,0,0,0,0,0,0,0,0,0,0,0,0
3121295,0,0,0,0,0,0,28,0,0,0,0,0,0,0,0,0,96,0,0,329,0,0,15,0,0,0,0,0
2995155,0,0,0,0,0,0,27,0,0,0,0,0,13,0,0,0,0,0,0,0,0,0,0,0,14,0,0,0
2724121,0,0,0,0,0,0,27,0,0,0,0,0,0,0,0,0,0,0,0,0,0,0,0,0,0,0,0,0
1516159,0,0,0,0,0,0,27,0,0,0,0,0,0,0,0,0,16,0,136,0,0,0,21,0,0,0,0,0
3404059,0,0,0,0,0,0,27,0,0,0,0,0,0,0,0,0,0,0,0,0,0,0,0,0,0,0,0,0
1382803,0,0,0,0,0,0,27,0,0,0,0,0,0,0,0,0,0,0,0,0,0,0,0,0,0,0,0,0
920,0,0,0,0,0,0,27,0,0,0,0,0,0,0,0,0,0,0,0,0,0,0,0,0,0,0,0,0
626932,0,0,0,0,0,0,27,0,0,0,0,0,0,0,0,0,11,0,0,12,0,16,28,0,0,20,0,17
194673,0,0,0,0,0,0,27,0,0,0,0,0,0,0,0,0,0,0,0,0,0,0,0,0,0,0,0,0
2995140,0,0,0,0,0,0,27,0,0,0,0,0,0,0,0,0,0,0,0,0,0,0,0,0,0,0,0,0
3048582,0,0,0,0,0,0,27,0,0,0,0,0,0,0,0,0,0,0,0,0,0,0,119,0,0,0,0,0
3042517,0,0,0,0,0,0,27,0,0,0,0,0,0,0,0,0,0,0,0,0,0,0,0,0,0,0,0,0
2211210,0,0,0,0,0,0,27,0,0,0,0,0,0,0,0,0,0,0,0,12,0,0,0,0,0,17,13,0
2020377,0,0,0,0,0,0,27,0,0,0,0,0,0,0,0,0,0,0,31,19,0,0,0,0,0,0,0,0
2571029,0,0,0,0,0,0,27,0,0,0,0,0,0,0,0,0,0,0,20,0,0,0,0,0,0,0,0,0
3376990,0,0,0,0,0,0,27,0,0,0,0,0,0,0,0,24,26,0,0,0,0,0,0,0,0,0,0,0
3058426,0,0,0,0,0,0,27,0,0,0,0,0,28,0,0,0,0,0,0,0,28,0,15,0,0,0,0,0
249058,0,0,0,0,0,0,27,0,0,0,0,0,0,0,0,0,0,0,18,0,0,0,0,0,0,0,0,0
2911208,0,0,0,0,0,0,27,0,41,0,0,0,0,0,0,0,0,0,0,0,0,0,0,0,0,0,0,0
3098076,0,0,0,0,0,0,27,0,0,0,0,0,0,0,0,0,17,0,0,0,0,0,0,0,0,0,0,0
3388343,0,0,0,0,0,0,26,0,0,0,0,0,0,0,0,0,0,0,0,0,0,0,0,0,0,0,0,0
2011015,0,0,0,0,0,0,26,0,0,0,0,0,0,0,0,0,41,0,0,23,0,0,0,0,0,11,0,0
2478662,0,0,0,0,0,0,26,0,0,0,0,0,0,0,0,0,11,0,0,12,0,0,20,0,0,0,0,0
463024,0,0,0,0,0,0,26,0,0,0,0,0,0,0,0,0,0,0,0,0,0,0,0,0,0,0,0,0
712435,0,0,0,0,0,0,26,0,0,0,0,0,0,0,0,0,0,0,12,0,0,0,0,0,0,0,0,0
274539,0,0,0,0,0,0,26,0,0,0,0,0,0,0,0,0,0,0,0,14,0,0,0,0,0,0,0,0
3160749,0,0,0,0,0,0,26,0,0,0,0,0,0,0,0,0,0,0,0,0,0,0,0,0,0,0,0,0
59737,0,0,0,0,0,0,26,0,0,0,0,0,0,0,0,0,13,0,0,0,0,0,0,0,0,0,0,0
2578107,0,0,0,0,0,0,26,0,0,0,0,0,0,0,0,0,0,0,0,0,0,0,0,0,0,0,0,0
156980,0,0,0,0,0,0,26,0,0,0,0,0,0,0,0,0,0,0,0,0,0,0,0,0,0,0,0,0
3049801,0,0,0,0,0,0,26,0,0,0,0,0,0,0,0,0,0,0,14,0,0,0,0,0,0,0,0,0
2975980,0,0,0,0,0,0,26,0,0,0,0,0,0,0,0,0,15,0,0,0,0,0,0,0,0,0,0,0
2722820,0,0,0,0,0,0,26,0,0,0,0,0,0,0,0,0,0,0,0,0,0,0,0,0,0,0,0,0
2878535,0,0,0,0,0,0,26,0,14,0,0,0,0,0,0,0,0,0,0,0,0,10,0,0,0,0,0,0
1981173,0,0,0,0,0,0,25,0,0,0,0,0,0,0,0,0,0,0,0,0,0,0,0,0,0,0,0,0
1785161,0,0,0,0,0,0,25,0,0,0,0,0,0,0,0,0,0,0,0,0,0,0,0,0,0,0,0,0
3376685,0,0,0,0,0,0,25,0,0,0,0,0,0,0,0,0,0,0,0,38,0,0,14,0,0,20,0,0
1637853,0,0,0,0,0,0,25,0,0,0,0,0,0,0,0,0,0,0,0,39,0,0,0,0,0,41,0,43
1105204,0,0,0,0,0,0,25,0,0,0,0,0,0,0,0,0,30,0,0,0,0,0,0,0,0,0,0,0
1484693,0,0,0,0,0,0,25,0,0,0,0,0,0,0,0,0,19,0,0,0,0,0,11,0,0,0,0,0
2654218,0,0,0,0,0,0,25,0,0,0,0,0,0,0,0,0,11,0,0,0,0,0,88,0,0,0,0,0
3111774,0,0,0,0,0,0,25,0,0,0,0,0,0,0,0,0,0,0,0,0,0,0,0,0,0,0,0,0
3143537,0,0,0,0,0,0,25,0,0,0,0,0,0,0,0,0,0,0,0,0,0,0,0,0,0,0,0,0
2830997,0,0,0,0,0,0,25,0,0,0,0,0,0,0,0,0,0,0,0,0,0,0,0,0,0,0,0,0
2697563,0,0,0,0,0,0,25,0,0,0,0,0,0,0,0,0,0,0,0,0,0,0,0,0,0,0,0,0
2881056,0,0,0,0,0,0,25,0,0,0,0,0,0,0,0,0,65,0,0,0,0,0,0,0,0,0,0,0
3059080,0,0,0,0,0,0,25,0,0,0,0,0,0,0,0,0,0,0,0,0,0,0,0,0,0,0,0,0
3450454,0,0,0,0,0,0,25,0,0,0,0,0,0,0,0,0,0,0,0,0,0,0,0,0,0,0,0,0
2021,0,0,0,0,0,0,25,0,0,0,0,0,0,0,0,0,0,0,0,0,0,0,0,0,0,0,0,0
3416710,0,0,0,0,0,0,25,0,21,0,0,0,0,0,0,0,0,0,0,0,0,0,0,0,0,0,0,10
2953748,0,0,0,0,0,0,25,0,0,0,0,0,0,0,0,0,0,0,0,0,0,0,0,0,0,0,0,0
3395317,0,0,0,0,0,0,24,0,23,0,0,0,0,0,0,0,0,0,0,0,0,38,0,37,26,0,0,0
3020907,0,0,0,0,0,0,24,0,0,0,0,0,0,0,0,0,0,0,0,0,0,0,0,0,0,0,0,0
2895491,0,0,0,0,0,0,24,0,0,0,0,0,0,0,0,0,0,0,0,0,0,0,0,0,0,0,0,0
2864204,0,0,0,0,0,0,24,0,0,0,0,0,0,0,0,0,0,0,0,0,0,0,0,0,0,0,0,0
2033033,0,0,0,0,0,0,24,0,0,0,0,0,0,0,0,0,13,0,0,0,0,0,0,0,0,0,0,0
686831,0,0,0,0,0,0,24,0,0,0,0,0,0,0,0,0,0,0,0,0,0,0,0,0,0,0,0,0
2829499,0,0,0,0,0,0,24,0,0,0,0,0,0,0,0,0,16,0,45,0,0,0,0,0,0,0,0,0
2782166,0,0,0,0,0,0,24,0,0,0,0,0,0,0,0,0,0,0,0,0,0,0,0,0,0,0,0,0
2873270,0,0,0,0,0,0,24,0,0,0,0,0,0,0,0,0,0,0,0,0,0,0,0,0,0,0,0,0
123320,0,0,0,0,0,0,24,0,0,0,0,0,0,0,0,0,0,0,0,0,0,0,0,0,0,0,0,0
328692,0,0,0,0,0,0,24,0,0,0,0,0,0,0,0,0,13,0,0,11,0,0,0,0,0,0,0,0
745377,0,0,0,0,0,0,24,0,0,0,0,0,0,0,0,0,0,0,0,0,0,0,0,0,0,0,0,0
2931977,0,0,0,0,0,0,24,0,0,0,0,0,0,0,0,0,0,0,0,0,0,0,0,0,0,0,0,0
3349632,0,0,0,0,0,0,23,0,0,0,0,0,0,0,0,0,0,0,0,0,0,0,0,0,0,0,0,0
3401633,0,0,0,0,0,0,23,0,0,0,0,0,18,0,0,0,0,0,0,0,0,0,0,0,0,0,0,0
3110772,0,0,0,0,0,0,23,0,0,0,0,0,0,0,0,12,0,0,0,0,0,0,0,0,0,0,0,0
665914,0,0,0,0,0,0,23,0,0,0,0,0,0,0,0,0,0,0,0,17,0,0,0,0,0,13,0,0
2742613,0,0,0,0,0,0,23,0,0,0,0,0,0,0,0,0,0,0,0,0,0,0,0,0,0,0,0,0
2717697,0,0,0,0,0,0,23,0,0,0,0,0,0,0,0,0,0,0,0,0,0,0,0,0,0,0,0,0
332411,0,0,0,0,0,0,23,0,0,0,0,0,0,0,0,0,0,0,0,0,0,0,0,0,0,0,0,0
2730359,0,0,0,0,0,0,23,0,0,0,0,0,0,0,0,0,34,0,0,16,0,0,0,0,0,0,0,0
33075,0,0,0,0,0,0,23,0,0,0,0,0,0,0,0,0,0,0,0,0,0,0,10,0,0,0,0,0
3446480,0,0,0,0,0,0,23,0,0,0,0,0,0,0,0,0,0,0,0,0,0,0,0,0,0,0,0,0
3049071,0,0,0,0,0,0,23,0,0,0,0,0,0,0,0,0,0,0,0,0,0,0,0,0,0,0,0,0
1793722,0,0,0,0,0,0,23,0,0,0,0,0,0,0,0,0,0,0,0,0,0,0,0,0,0,0,0,0
3457358,0,0,0,0,0,0,23,0,0,0,0,0,0,0,0,0,0,0,0,27,0,0,0,0,0,0,0,0
162496,0,0,0,0,0,0,23,0,0,0,0,0,0,0,0,0,0,0,0,0,0,0,0,0,0,0,0,0
43667,0,0,0,0,0,0,23,0,0,0,0,0,0,0,0,0,0,0,0,0,0,0,0,0,0,0,0,0
2782567,0,0,0,0,0,0,23,0,0,0,0,0,0,0,0,0,0,0,0,0,0,0,0,0,0,0,0,0
3064288,0,0,0,0,0,0,23,0,0,0,0,0,0,0,0,0,0,0,0,0,0,0,0,0,0,0,0,0
292462,0,0,0,0,0,0,23,0,0,0,0,0,0,0,0,0,0,0,0,0,0,0,0,0,0,0,0,0
2014528,0,0,0,0,0,0,23,0,0,0,0,0,0,0,0,0,0,0,0,0,0,0,0,0,0,0,0,0
38286,0,0,0,0,0,0,23,67,104,0,0,0,0,43,0,0,0,0,57,0,0,0,0,0,0,0,0,0
1683,0,0,0,0,0,0,23,0,0,0,0,0,0,0,0,0,0,0,0,0,0,0,0,0,0,0,0,0
2382163,0,0,0,0,0,0,23,0,0,0,0,0,0,0,0,0,29,0,0,14,0,0,0,0,0,0,0,0
2872158,0,0,0,0,0,0,23,0,0,0,0,0,0,0,0,0,0,0,0,0,0,0,0,0,0,0,0,0
1017351,0,0,0,0,0,0,23,0,0,0,0,0,0,0,0,0,0,0,0,13,0,0,0,0,0,0,0,0
1853690,0,0,0,0,0,0,23,0,0,0,0,0,0,0,0,0,0,0,0,0,0,0,0,0,0,0,0,0
1453760,0,0,0,0,0,0,23,0,0,0,0,0,0,0,0,0,0,0,0,0,0,0,0,0,0,0,0,0
3104265,0,0,0,0,0,0,22,0,0,0,0,0,0,0,0,0,0,0,0,0,0,0,0,0,0,0,0,0
2745494,0,0,0,0,0,0,22,0,0,0,0,0,0,0,0,0,0,0,0,0,0,0,0,0,0,0,0,0
2764185,0,0,0,0,0,0,22,0,0,0,0,0,0,0,0,0,0,0,0,0,0,0,0,0,0,0,0,0
2994951,0,0,0,0,0,0,22,0,0,0,0,0,0,0,0,0,0,0,56,0,0,0,0,0,0,0,0,0
1981031,0,0,0,0,0,0,22,0,0,0,0,0,0,0,0,0,0,0,0,0,0,0,0,0,0,0,0,0
1401995,0,0,0,0,0,0,22,0,0,0,0,0,0,0,0,0,0,0,0,0,0,0,0,0,0,0,0,0
85336,0,0,0,0,0,0,22,0,0,0,0,0,0,0,0,0,0,0,0,0,0,0,0,0,0,0,0,0
2894192,0,0,0,0,0,0,22,0,0,0,0,0,0,0,0,0,0,0,0,0,0,0,0,0,0,0,0,0
398694,0,0,0,0,0,0,22,0,0,0,0,0,0,0,0,0,0,0,0,0,0,0,0,0,0,0,0,0
2738409,0,0,0,0,0,0,22,0,0,0,0,0,0,0,0,0,24,0,0,0,0,0,11,0,0,0,0,0
3061629,0,0,0,0,0,0,22,0,0,0,0,0,0,0,0,0,0,0,0,0,0,0,0,0,0,0,0,0
2779519,0,0,0,0,0,0,22,0,0,0,0,0,0,0,0,0,0,0,0,11,0,0,0,0,0,0,0,0
3068310,0,0,0,0,0,0,22,0,0,0,0,0,0,0,0,0,0,0,0,0,0,0,0,0,0,0,0,0
2675099,0,0,0,0,0,0,22,0,0,0,0,0,0,0,0,0,0,0,0,0,0,0,16,0,0,0,0,0
3161136,0,0,0,0,0,0,21,0,0,0,0,0,0,0,0,0,0,0,0,0,0,0,0,0,0,0,0,0
2954094,0,0,0,0,0,0,21,0,0,0,0,0,0,0,0,0,0,0,0,47,0,0,0,0,0,39,28,82
2762577,0,0,0,0,0,0,21,0,0,0,0,0,0,0,0,0,0,0,0,13,0,0,0,0,0,0,0,0
2812000,0,0,0,0,0,0,21,0,0,0,0,0,0,0,0,0,0,0,17,0,0,0,0,0,0,0,0,0
3003247,0,0,0,0,0,0,21,0,0,0,0,0,0,0,0,0,0,0,0,0,0,0,11,0,0,0,0,0
2978127,0,0,0,0,0,0,21,0,0,0,0,0,0,0,0,0,0,0,0,10,0,0,0,0,12,0,0,0
3418175,0,0,0,0,0,0,21,0,0,0,0,0,0,0,0,0,0,0,0,0,0,0,0,0,0,0,0,0
3092262,0,0,0,0,0,0,21,0,21,0,0,0,0,0,0,0,0,0,0,16,0,0,0,0,0,0,0,0
1775880,0,0,0,0,0,0,21,0,0,0,0,0,0,0,0,0,18,0,0,15,0,0,0,0,0,0,0,0
459858,0,0,0,0,0,0,21,0,0,0,0,0,0,0,0,0,0,0,0,12,0,0,0,0,0,0,0,0
2675218,0,0,0,0,0,0,21,0,0,0,0,0,0,0,0,0,0,0,0,42,0,0,0,0,0,0,0,0
44750,0,0,0,0,0,0,21,0,0,0,0,0,0,0,0,0,0,0,0,0,0,0,0,0,0,0,0,0
191610,0,0,0,0,0,0,21,0,0,0,0,0,0,0,0,0,0,0,0,0,0,0,13,0,0,0,0,0
2929493,0,0,0,0,0,0,21,0,0,0,0,0,0,0,0,0,0,0,0,10,0,0,0,0,0,0,0,0
69527,0,0,0,0,0,0,21,0,0,0,0,0,0,0,0,0,72,0,0,0,0,0,0,0,0,0,0,0
3111776,0,0,0,0,0,0,21,0,0,0,0,0,0,0,0,0,0,0,0,0,0,0,0,0,0,0,0,0
223182,0,0,0,0,0,0,21,0,0,0,0,0,0,0,0,0,0,0,0,0,0,0,0,0,0,0,0,0
1053551,0,0,0,0,0,0,20,0,0,0,0,0,0,0,0,0,0,0,0,0,0,0,0,0,0,0,0,0
574987,0,0,0,0,0,0,20,0,0,0,0,0,0,0,0,0,0,0,0,0,0,0,0,0,0,0,0,0
2895480,0,0,0,0,0,0,20,0,0,0,0,0,0,0,0,0,26,0,0,0,0,0,0,0,0,14,0,0
2684212,0,0,0,0,0,0,20,0,0,0,0,0,0,0,0,0,0,0,0,0,0,0,13,0,0,0,0,0
3447363,0,0,0,0,0,0,20,0,0,0,0,0,0,0,0,0,0,0,0,0,0,0,0,0,0,0,0,0
3374104,0,0,0,0,0,0,20,0,0,0,0,0,0,0,0,0,0,0,0,0,0,0,0,0,0,0,0,0
33887,0,0,0,0,0,0,20,0,0,0,0,0,0,0,0,0,53,0,0,0,0,0,0,0,0,0,0,0
670052,0,0,0,0,0,0,20,0,0,0,0,0,0,0,0,0,0,0,0,0,0,0,0,0,0,0,0,0
521392,0,0,0,0,0,0,20,0,0,0,0,0,0,0,0,0,0,0,0,0,0,0,0,0,0,0,0,0
2909229,0,0,0,0,0,0,20,0,0,0,0,0,0,0,0,0,0,0,0,0,0,0,0,0,0,0,0,0
3457577,0,0,0,0,0,0,20,0,0,0,0,0,0,0,0,0,0,0,0,0,0,0,0,0,0,0,0,0
1450,0,0,0,0,0,0,20,0,0,0,0,0,0,0,0,0,0,0,0,0,0,0,253,0,0,0,0,0
712538,0,0,0,0,0,0,20,0,0,0,0,0,0,0,0,0,0,0,0,0,0,0,0,0,0,0,0,0
1050624,0,0,0,0,0,0,20,0,0,13,0,0,57,0,0,24,29,0,161,0,0,0,31,0,0,0,0,0
310783,0,0,0,0,0,0,20,0,0,0,0,0,0,0,0,0,0,0,0,20,0,0,15,0,0,21,22,19
37636,0,0,0,0,0,0,20,0,0,0,0,0,0,0,0,0,0,0,0,0,0,0,0,0,0,0,0,0
1487865,0,0,0,0,0,0,20,0,0,0,0,0,10,0,0,0,0,0,11,0,0,0,0,0,0,0,0,0
2963434,0,0,0,0,0,0,20,0,0,0,0,0,0,0,0,0,0,0,0,0,0,0,0,0,0,0,0,0
2961574,0,0,0,0,0,0,20,0,0,0,0,0,0,0,0,0,0,0,0,0,0,0,0,0,0,0,0,0
3048622,0,0,0,0,0,0,19,0,0,0,0,0,0,0,0,0,0,0,0,11,0,0,0,0,0,0,0,14
3235111,0,0,0,0,0,0,19,0,0,0,0,0,0,0,0,0,0,0,0,0,0,0,11,0,0,0,0,0
1649877,0,0,0,0,0,0,19,0,0,0,0,0,0,0,0,0,0,0,0,0,0,0,0,0,0,0,0,0
2961896,0,0,0,0,0,0,19,0,0,0,0,0,0,0,0,0,0,0,11,15,0,0,18,0,0,0,0,0
2993566,0,0,0,0,0,0,19,0,0,0,0,0,0,0,0,0,0,0,0,0,0,0,0,0,0,0,0,0
3090699,0,0,0,0,0,0,19,0,0,0,0,0,0,0,0,0,0,0,0,0,0,0,16,0,0,0,0,0
2985511,0,0,0,0,0,0,19,11,14,0,0,0,0,0,0,0,0,0,0,0,0,0,0,0,0,0,0,0
485,0,0,0,0,0,0,19,0,0,0,0,0,0,0,0,0,0,0,0,27,0,0,18,0,0,30,31,0
1795832,0,0,0,0,0,0,19,0,0,0,0,0,0,0,0,0,0,0,0,0,0,0,21,0,0,0,0,0
57664,0,0,0,0,0,0,19,0,0,0,0,0,0,0,0,0,0,0,0,0,0,0,0,0,0,0,0,0
46355,0,0,0,0,0,0,19,0,0,0,0,0,0,0,0,0,16,0,0,0,0,0,0,0,0,0,0,0
2846775,0,0,0,0,0,0,19,0,0,0,0,0,0,0,0,0,0,0,0,0,10,0,0,0,0,0,0,0
1522174,0,0,0,0,0,0,19,0,0,0,0,0,0,0,0,0,19,0,0,13,0,0,0,0,0,0,0,0
2763010,0,0,0,0,0,0,19,19,28,30,0,0,0,20,0,0,0,0,0,34,0,0,0,0,0,0,0,21
1400866,0,0,0,0,0,0,19,0,20,0,0,0,12,0,0,18,17,0,57,0,0,0,0,0,0,0,0,0
2982524,0,0,0,0,0,0,19,0,0,0,0,0,0,0,0,0,0,0,0,0,0,0,0,0,0,0,0,0
2961595,0,0,0,0,0,0,19,0,0,0,0,0,0,0,0,0,0,0,0,0,0,0,0,0,0,0,0,0
118126,0,0,0,0,0,0,19,0,0,0,0,0,0,0,0,0,0,0,0,0,0,0,18,0,0,0,0,0
267,0,0,0,0,0,0,18,0,0,0,0,0,0,0,0,0,0,0,0,0,0,0,0,0,0,0,0,0
1703338,0,0,0,0,0,0,18,31,50,0,0,0,0,43,0,0,0,0,0,0,0,23,0,0,47,0,0,0
38307,0,0,0,0,0,0,18,0,0,0,0,0,0,0,0,0,0,0,0,0,0,0,0,0,0,0,0,0
2745514,0,0,0,0,0,0,18,0,0,0,0,0,0,0,0,0,0,0,0,0,0,0,0,0,0,0,0,0
3115848,0,0,0,0,0,0,18,0,0,0,0,0,0,0,0,0,0,0,0,24,0,0,0,0,0,0,0,0
357240,0,0,0,0,0,0,18,0,0,0,0,0,0,0,0,0,0,0,0,0,0,0,0,0,0,0,0,14
359303,0,0,0,0,0,0,18,0,0,0,0,0,0,0,0,0,0,0,0,18,0,0,0,0,0,0,0,0
462710,0,0,0,0,0,0,18,0,0,0,0,0,0,0,0,0,0,0,0,0,0,0,0,0,0,0,0,0
2175666,0,0,0,0,0,0,18,0,0,0,0,0,0,0,0,0,0,0,0,0,0,0,0,0,0,0,0,0
358099,0,0,0,0,0,0,18,0,0,0,0,0,0,0,0,0,0,0,0,0,0,0,0,0,0,0,0,0
629680,0,0,0,0,0,0,18,0,0,0,0,0,0,0,0,0,23,0,0,0,0,0,0,0,0,0,0,0
1960083,0,0,0,0,0,0,18,0,0,0,0,0,0,0,0,0,0,0,0,0,0,0,0,0,0,0,0,0
2951804,0,0,0,0,0,0,18,0,0,0,0,0,0,0,0,0,0,0,0,0,0,0,0,0,0,0,0,0
1349409,0,0,0,0,0,0,18,0,0,0,0,0,0,0,0,0,0,0,0,0,0,0,309,0,0,0,0,0
1344094,0,0,0,0,0,0,17,0,0,0,0,0,0,0,0,0,0,0,0,27,0,0,0,0,0,0,0,0
2827099,0,0,0,0,0,0,17,0,0,0,0,0,0,0,0,0,0,0,0,0,0,0,0,0,0,12,0,0
330734,0,0,0,0,0,0,17,15,19,0,0,0,0,0,0,0,0,0,0,0,0,0,0,0,0,0,0,0
1486991,0,0,0,0,0,0,17,0,0,0,0,0,0,0,0,0,0,0,0,20,0,0,0,0,0,0,0,0
484,0,0,0,0,0,0,17,0,0,0,0,0,0,0,0,0,0,0,0,0,0,0,0,0,0,0,0,0
2976335,0,0,0,0,0,0,17,0,0,0,0,0,0,0,0,0,0,0,0,0,0,0,12,0,0,0,0,0
2964610,0,0,0,0,0,0,17,0,0,0,0,0,0,0,0,0,0,0,0,0,0,0,0,0,0,27,0,0
2979324,0,0,0,0,0,0,17,0,0,0,0,0,0,0,0,0,0,0,0,76,0,0,0,0,0,0,0,0
2853258,0,0,0,0,0,0,17,0,0,0,0,0,0,0,0,0,0,0,0,0,0,0,0,0,0,0,0,0
1231000,0,0,0,0,0,0,17,0,0,0,0,0,0,0,0,0,0,0,0,0,0,0,0,0,0,0,0,0
3062461,0,0,0,0,0,0,17,0,0,0,0,0,0,0,0,0,37,0,0,0,0,0,10,0,0,0,0,0
2709392,0,0,0,0,0,0,17,0,0,0,0,0,0,0,0,0,0,0,0,0,0,0,0,0,0,0,0,0
634157,0,0,0,0,0,0,17,0,0,0,0,0,0,0,0,0,0,0,0,0,0,0,0,0,0,0,0,0
430914,0,0,0,0,0,0,17,0,0,0,0,0,0,0,0,0,0,0,0,47,0,0,0,0,0,38,17,32
2747817,0,0,0,0,0,0,17,0,0,0,0,0,0,0,0,0,0,0,0,0,0,0,0,0,0,0,0,0
2954082,0,0,0,0,0,0,16,0,17,0,0,0,0,0,0,0,0,0,0,0,0,0,15,0,0,0,0,0
3133271,0,0,0,0,0,0,16,0,0,0,0,0,0,0,0,0,0,0,0,0,0,0,0,0,0,0,0,0
1380362,0,0,0,0,0,0,16,0,0,0,0,0,0,0,0,0,15,0,0,0,0,0,0,0,0,0,0,0
2606626,0,0,0,0,0,0,16,0,0,0,0,0,0,0,0,0,0,0,0,0,0,0,85,0,0,0,19,0
936337,0,0,0,0,0,0,16,0,0,0,0,0,0,0,0,0,0,0,0,0,0,0,0,0,0,0,0,0
1259258,0,0,0,0,0,0,16,0,0,0,0,0,0,0,0,0,0,0,0,0,0,0,0,0,0,0,0,0
2508880,0,0,0,0,0,0,16,0,0,0,0,0,0,0,0,0,0,0,20,0,0,0,11,0,0,0,0,0
2079792,0,0,0,0,0,0,16,0,12,0,0,0,0,0,0,0,0,0,0,0,0,14,0,0,0,0,0,0
2487344,0,0,0,0,0,0,16,0,0,0,0,0,0,0,0,0,0,0,0,0,0,0,0,0,0,0,0,0
152794,0,0,0,0,0,0,16,0,0,0,0,0,0,0,0,0,0,0,0,0,0,0,0,0,0,0,0,0
441500,0,0,0,0,0,0,16,0,0,0,0,0,0,0,0,0,58,0,0,0,0,0,0,0,0,0,0,0
1851395,0,0,0,0,0,0,16,0,0,0,0,0,0,0,0,0,0,0,0,0,0,0,0,0,0,0,0,0
675090,0,0,0,0,0,0,16,0,0,0,0,0,0,0,0,0,0,0,0,0,0,0,21,0,0,0,0,0
28049,0,0,0,0,0,0,16,0,0,0,0,0,0,0,0,0,0,0,0,0,0,0,0,0,0,0,0,0
2527867,0,0,0,0,0,0,16,0,0,0,0,0,0,0,0,0,0,0,0,0,0,0,0,0,0,0,0,0
3409687,0,0,0,0,0,0,16,0,0,0,0,0,0,0,0,0,0,0,0,0,0,0,40,0,0,0,0,0
869892,0,0,0,0,0,0,16,0,0,0,0,0,0,0,0,0,0,0,0,0,0,0,0,0,0,0,0,0
3034023,0,0,0,0,0,0,16,0,0,0,0,0,0,0,0,0,0,0,0,0,0,0,13,0,0,10,0,0
49899,0,0,0,0,0,0,16,0,0,0,0,0,0,0,0,0,0,0,0,0,0,0,0,0,0,0,0,0
185588,0,0,0,0,0,0,15,0,0,0,0,0,0,0,0,0,0,0,0,0,0,0,0,0,0,0,0,0
1076596,0,0,0,0,0,0,15,0,0,0,0,0,0,0,0,0,0,0,0,0,0,0,11,0,0,0,0,20
2973088,0,0,0,0,0,0,15,0,0,0,0,0,0,0,0,0,0,0,0,0,0,0,0,0,0,0,0,0
2804761,0,0,0,0,0,0,15,0,0,0,0,0,0,0,0,0,71,0,0,0,0,0,0,0,0,0,0,0
556053,0,0,0,0,0,0,15,0,0,0,0,0,0,0,0,0,0,0,0,0,0,0,0,0,0,0,0,0
1565605,0,0,0,0,0,0,15,0,0,0,0,0,0,0,0,0,0,0,0,16,0,0,14,0,0,0,0,0
2761579,0,0,0,0,0,0,15,21,25,0,0,0,0,0,0,0,0,0,0,19,0,0,24,0,0,0,0,0
2859226,0,0,0,0,0,0,15,0,0,0,0,0,0,0,0,0,0,0,0,0,0,0,0,0,0,0,0,0
2057798,0,0,0,0,0,0,15,0,0,0,0,0,0,0,0,0,0,0,0,0,0,0,0,0,0,0,0,0
585423,0,0,0,0,0,0,15,0,20,25,0,0,70,0,0,27,12,0,253,12,0,13,0,0,0,0,0,0
1111069,0,0,0,0,0,0,15,0,0,0,0,0,0,0,0,0,0,0,0,0,0,0,0,0,0,0,0,0
88190,0,0,0,0,0,0,15,0,0,0,0,0,0,0,0,0,0,0,0,0,0,0,0,0,0,0,0,0
277,0,0,0,0,0,0,15,0,0,0,0,0,0,0,0,0,0,0,0,15,0,0,0,0,0,0,0,0
35745,0,0,0,0,0,0,15,0,0,0,0,0,0,0,0,0,0,0,0,0,0,0,0,0,0,0,0,0
2876190,0,0,0,0,0,0,15,0,0,0,0,0,0,0,0,0,0,0,0,0,0,0,0,0,0,0,0,0
2055893,0,0,0,0,0,0,15,0,0,0,0,0,0,0,0,0,0,0,0,0,0,0,18,0,0,0,0,0
1710539,0,0,0,0,0,0,15,0,0,0,0,0,0,0,0,0,0,0,0,0,0,0,22,0,0,0,0,0
2730425,0,0,0,0,0,0,14,0,0,0,0,0,0,0,0,0,0,0,0,0,0,0,0,0,0,0,0,0
53336,0,0,0,0,0,0,14,0,0,0,0,0,16,0,0,0,33,0,0,162,0,0,17,0,0,21,24,0
3423946,0,0,0,0,0,0,14,0,0,0,0,0,15,0,0,0,64,0,0,27,0,17,36,0,0,0,0,0
2986281,0,0,0,0,0,0,14,0,0,0,0,0,0,0,0,0,0,0,0,0,0,0,0,0,0,0,0,0
1288494,0,0,0,0,0,0,14,0,0,0,0,0,0,0,0,0,12,0,0,0,0,0,11,0,0,0,0,0
2079791,0,0,0,0,0,0,14,0,0,0,0,0,0,0,0,0,0,0,0,0,0,0,0,0,0,0,0,0
3447965,0,0,0,0,0,0,14,0,0,0,0,0,0,0,0,0,0,0,0,0,0,0,0,0,0,0,0,0
199136,0,0,0,0,0,0,14,0,0,0,0,0,0,0,0,0,0,0,16,0,0,0,0,0,0,0,0,0
2758572,0,0,0,0,0,0,14,10,13,0,0,0,0,0,0,0,0,0,0,0,0,0,0,0,0,0,0,0
33905,0,0,0,0,0,0,14,0,0,0,0,0,0,0,0,0,0,0,0,0,0,0,0,0,0,0,0,0
2734634,0,0,0,0,0,0,14,0,0,0,0,0,0,0,0,0,0,0,0,0,0,0,0,0,0,0,0,0
2682776,0,0,0,0,0,0,14,0,0,0,0,0,0,0,0,0,0,0,0,0,0,0,0,0,0,0,0,0
1871019,0,0,0,0,0,0,14,0,0,0,0,0,0,0,0,0,12,0,0,15,0,0,0,0,0,0,0,0
2682455,0,0,0,0,0,0,14,0,0,0,0,0,0,0,0,11,66,0,0,0,0,0,23,0,0,0,0,0
2026885,0,0,0,0,0,0,14,0,0,0,0,0,0,0,0,0,0,0,0,0,0,0,0,0,0,0,0,0
2953747,0,0,0,0,0,0,14,0,0,0,0,0,0,0,0,0,0,0,0,14,0,0,0,0,0,0,0,0
1457250,0,0,0,0,0,0,14,0,0,0,0,0,0,0,0,0,0,0,0,0,0,0,0,0,0,0,0,0
2505977,0,0,0,0,0,0,14,0,0,0,0,0,0,0,0,0,0,0,0,20,0,0,19,0,0,0,0,0
2650975,0,0,0,0,0,0,14,0,0,0,0,0,0,0,0,0,0,0,0,0,0,10,41,0,0,0,0,0
278132,0,0,0,0,0,0,13,0,0,0,0,0,0,0,0,0,0,0,0,0,0,0,0,0,0,0,0,0
2979862,0,0,0,0,0,0,13,0,0,0,0,0,0,0,0,0,71,0,0,12,0,0,0,0,0,0,0,0
2003368,0,0,0,0,0,0,13,0,0,0,0,0,0,0,0,0,39,0,0,0,0,0,0,0,0,0,0,0
35833,0,0,0,0,0,0,13,14,13,0,0,0,0,0,0,0,0,0,12,10,0,0,13,0,0,0,0,0
3138179,0,0,0,0,0,0,13,0,0,0,0,0,0,0,0,0,35,0,0,0,0,0,0,0,0,0,0,0
2737173,0,0,0,0,0,0,13,0,0,0,0,0,0,0,0,0,0,0,0,0,0,0,0,0,0,0,0,0
1382,0,0,0,0,0,0,13,0,0,0,0,0,0,0,0,0,0,0,0,21,0,0,14,0,0,0,0,0
3062783,0,0,0,0,0,0,13,10,11,0,0,0,0,0,0,0,0,0,0,13,0,0,0,0,0,0,0,0
271,0,0,0,0,0,0,13,0,0,0,0,0,0,0,0,0,0,0,0,0,0,0,0,0,0,0,0,0
2483360,0,0,0,0,0,0,13,0,0,0,0,0,0,0,0,0,0,0,0,21,0,0,0,0,0,0,0,0
3342641,0,0,0,0,0,0,12,0,0,0,0,0,0,0,0,0,0,0,0,0,0,0,0,0,0,0,0,0
661191,0,0,0,0,0,0,12,0,0,0,0,0,0,0,0,0,0,0,0,0,0,0,11,0,0,0,0,0
3046274,0,0,0,0,0,0,12,0,0,0,0,0,0,0,0,0,69,0,0,0,0,0,0,0,0,0,0,0
1868325,0,0,0,0,0,0,12,0,0,0,0,0,0,0,0,0,53,0,0,0,0,0,22,0,0,0,0,0
3017361,0,0,0,0,0,0,12,0,0,0,0,0,0,0,0,0,0,0,0,0,0,0,0,0,0,0,0,0
42817,0,0,0,0,0,0,12,0,0,0,0,0,0,0,0,0,55,0,0,20,0,0,0,0,0,0,0,0
2495645,0,0,0,0,0,0,12,0,0,0,0,0,0,0,0,0,0,0,0,0,0,0,0,0,0,0,0,0
3079930,0,0,0,0,0,0,12,0,0,0,0,0,0,0,0,0,0,0,0,0,0,0,0,0,0,0,0,0
1603886,0,0,0,0,0,0,12,0,0,0,0,0,0,0,0,0,0,0,0,0,0,0,14,0,0,0,0,0
2051957,0,0,0,0,0,0,12,0,0,0,0,0,0,0,0,0,0,0,0,0,0,0,0,0,0,10,17,0
2763056,0,0,0,0,0,0,12,0,0,0,0,0,0,0,0,0,0,0,0,0,0,0,0,0,0,0,0,0
2836432,0,0,0,0,0,0,12,0,0,0,0,0,0,0,0,0,0,0,0,0,0,0,0,0,0,0,0,0
1873524,0,0,0,0,0,0,12,0,0,0,0,0,0,0,0,0,0,0,0,0,0,0,0,0,0,0,0,0
1982371,0,0,0,0,0,0,12,0,0,0,0,0,0,0,0,0,0,0,0,0,0,0,0,0,0,0,0,0
370405,0,0,0,0,0,0,11,0,0,0,0,0,0,0,0,0,0,0,0,0,0,14,0,0,0,0,0,0
2859228,0,0,0,0,0,0,11,0,0,0,0,0,0,0,0,10,73,0,0,18,0,0,17,0,0,0,0,0
2716717,0,0,0,0,0,0,11,0,0,0,0,0,0,0,0,0,0,0,0,0,0,0,0,0,0,14,0,0
3034025,0,0,0,0,0,0,11,0,0,0,0,0,18,0,0,0,17,0,0,0,0,0,0,0,0,0,0,0
54254,0,0,0,0,0,0,11,0,0,0,0,0,0,0,0,0,0,0,0,0,0,0,0,0,0,0,0,0
1987150,0,0,0,0,0,0,11,0,0,0,0,0,0,0,0,0,0,0,0,0,0,0,0,0,0,0,0,0
3432133,0,0,0,0,0,0,11,0,0,0,0,0,0,0,0,0,0,0,0,0,0,0,0,0,0,0,0,0
3048435,0,0,0,0,0,0,11,0,0,0,0,0,0,0,0,0,0,0,0,0,0,0,0,0,0,0,0,0
3392035,0,0,0,0,0,0,10,0,0,0,0,0,0,0,0,0,0,0,0,0,0,0,0,0,0,12,0,0
227319,0,0,0,0,0,0,10,0,0,0,0,0,0,0,0,0,0,0,0,0,0,0,11,0,0,0,0,0
699041,0,0,0,0,0,0,10,0,0,0,0,0,0,0,0,0,0,0,0,0,0,0,109,0,0,0,0,0
161895,0,0,0,0,0,0,10,0,0,0,0,0,0,0,0,0,36,0,0,0,0,0,24,0,0,0,0,0
181487,0,0,0,0,0,0,10,0,0,0,0,0,0,0,0,0,0,0,0,0,0,0,0,0,0,0,0,0
3095337,0,0,0,0,0,0,10,0,0,0,0,0,0,0,0,0,0,0,0,13,0,0,0,0,0,0,0,0
1874539,0,0,0,0,0,0,10,0,0,0,0,0,0,0,0,0,0,0,0,30,0,0,0,0,0,0,0,0
2420300,0,0,0,0,0,0,0,376,564,0,0,0,0,0,0,0,0,0,0,0,0,0,0,0,0,0,0,0
2774873,0,0,0,0,0,0,0,143,251,0,0,0,0,177,0,0,0,0,0,0,0,0,0,0,0,0,0,0
2709390,0,0,0,0,0,0,0,86,105,0,0,0,0,0,0,0,0,0,0,0,0,0,0,0,0,0,0,0
3057114,0,0,0,0,0,0,0,84,99,0,0,0,0,0,0,0,0,0,0,0,0,0,0,0,0,0,0,0
658643,0,0,0,0,0,0,0,83,200,0,0,0,0,0,0,0,0,0,0,0,0,0,0,0,0,0,0,0
2756107,0,0,0,0,0,0,0,82,31,0,0,0,0,0,0,0,0,0,0,0,0,0,41,0,0,0,0,0
2975755,0,0,0,0,0,0,0,80,198,0,0,0,0,0,0,0,0,0,0,0,0,0,0,0,0,0,0,0
2831149,0,0,0,0,0,0,0,76,209,0,0,0,0,145,0,0,0,0,0,0,0,0,0,0,0,0,0,0
2921515,0,0,0,0,0,0,0,67,0,0,0,0,0,0,0,0,75,0,0,0,0,0,0,0,0,0,0,0
2029164,0,0,0,0,0,0,0,62,66,0,0,0,0,0,0,0,0,0,0,0,0,0,0,0,0,0,0,0
3031124,0,0,0,0,0,0,0,60,0,0,0,0,0,0,0,0,0,0,0,0,0,0,0,0,0,0,0,0
2954046,0,0,0,0,0,0,0,59,103,0,0,0,0,43,0,0,0,0,0,0,0,0,0,0,0,0,0,0
2903644,0,0,0,0,0,0,0,56,116,0,0,0,0,0,0,0,0,0,0,0,0,0,0,0,0,0,0,0
34087,0,0,0,0,0,0,0,53,0,0,0,0,0,30,0,0,77,0,0,71,0,0,34,0,70,62,59,60
3402864,0,0,0,0,0,0,0,51,43,0,0,0,0,0,0,0,0,0,0,0,0,0,0,0,0,0,0,0
233316,0,0,0,0,0,0,0,50,0,0,0,0,0,0,0,0,0,0,0,39,0,0,171,0,0,0,0,0
2903661,0,0,0,0,0,0,0,49,158,0,0,0,0,0,0,0,0,0,0,0,0,0,0,0,0,0,0,0
1233873,0,0,0,0,0,0,0,43,52,0,0,0,0,0,0,0,0,0,0,0,0,0,0,0,0,0,0,0
2793103,0,0,0,0,0,0,0,41,0,0,0,0,0,0,0,0,0,0,0,17,0,0,0,0,0,0,0,0
406552,0,0,0,0,0,0,0,40,56,0,0,0,0,18,0,0,0,0,0,0,0,0,49,0,13,0,0,0
2249302,0,0,0,0,0,0,0,39,54,0,0,0,0,38,0,0,0,0,0,0,0,0,0,0,0,0,0,0
46020,0,0,0,0,0,0,0,39,37,10,0,0,0,14,0,0,86,0,0,51,0,0,0,0,0,0,0,0
288,0,0,0,0,0,0,0,38,31,0,0,0,0,0,0,0,131,0,0,0,0,0,0,0,0,0,0,0
2862870,0,0,0,0,0,0,0,34,50,0,0,0,0,13,0,0,0,0,10,0,0,0,0,0,0,0,0,0
251542,0,0,0,0,0,0,0,33,26,0,0,0,0,16,0,0,0,0,0,0,0,0,24,0,0,0,0,0
1529058,0,0,0,0,0,0,0,32,49,14,0,0,0,16,0,0,0,0,0,0,0,10,0,11,0,0,0,0
2597515,0,0,0,0,0,0,0,31,0,0,0,0,0,0,0,0,70,0,0,0,0,34,0,0,0,0,0,0
1399115,0,0,0,0,0,0,0,29,22,0,0,0,0,13,0,0,132,0,0,41,0,0,0,0,0,24,21,0
3059716,0,0,0,0,0,0,0,27,18,0,0,0,0,0,11,0,0,0,0,0,0,0,0,0,0,0,0,0
2748316,0,0,0,0,0,0,0,26,0,0,0,0,0,0,0,0,0,0,0,85,0,0,0,0,0,0,0,0
2448483,0,0,0,0,0,0,0,25,26,0,0,0,0,14,0,0,0,0,0,0,0,0,0,0,0,0,0,0
3459034,0,0,0,0,0,0,0,25,35,0,0,0,0,19,0,0,0,0,0,0,0,0,19,0,0,0,0,0
2843640,0,0,0,0,0,0,0,25,14,0,0,0,0,11,0,0,52,0,0,10,0,0,0,0,0,0,0,0
283699,0,0,0,0,0,0,0,22,26,0,0,0,0,0,0,0,0,0,0,0,0,0,0,0,0,32,0,0
1220542,0,0,0,0,0,0,0,22,0,0,0,0,0,0,0,0,0,0,0,0,0,0,0,0,0,0,0,0
1984801,0,0,0,0,0,0,0,22,58,0,0,0,0,0,0,0,0,0,0,0,0,0,0,0,0,0,0,0
3046593,0,0,0,0,0,0,0,22,34,0,0,0,0,0,0,0,0,0,0,0,0,0,0,0,0,0,0,0
3048338,0,0,0,0,0,0,0,22,36,0,0,0,0,13,0,0,0,0,0,0,0,0,0,0,0,0,0,0
1835721,0,0,0,0,0,0,0,21,14,0,0,0,0,12,13,0,0,0,0,0,0,0,0,0,0,0,0,0
762210,0,0,0,0,0,0,0,21,13,16,0,0,0,0,0,0,109,0,0,694,0,0,11,0,0,46,43,22
1434099,0,0,0,0,0,0,0,21,20,0,0,0,0,0,0,15,50,0,0,42,0,0,34,0,0,31,0,0
2956679,0,0,0,0,0,0,0,20,22,0,0,0,0,0,0,0,0,0,0,0,0,0,0,0,0,0,0,0
491893,0,0,0,0,0,0,0,20,26,0,0,0,0,0,0,0,0,0,0,0,0,0,0,0,0,0,0,0
2545798,0,0,0,0,0,0,0,19,18,0,0,0,0,13,0,0,0,0,0,0,0,0,20,0,0,0,0,0
631220,0,0,0,0,0,0,0,19,0,0,0,0,0,0,0,0,0,0,0,63,0,0,22,0,0,0,0,0
1911685,0,0,0,0,0,0,0,19,0,0,0,0,0,0,0,0,91,0,0,79,0,0,0,0,0,0,0,0
3050270,0,0,0,0,0,0,0,19,28,10,0,0,0,10,0,0,0,0,0,0,0,0,0,0,0,0,0,0
1699623,0,0,0,0,0,0,0,18,0,0,0,0,20,0,0,0,66,0,0,0,15,0,0,0,0,12,0,0
3398205,0,0,0,0,0,0,0,18,34,0,0,0,0,0,0,0,0,0,0,36,0,0,0,0,0,0,0,0
240427,0,0,0,0,0,0,0,18,21,0,0,0,18,0,0,0,18,0,48,0,0,0,19,0,0,0,0,10
480418,0,0,0,0,0,0,0,18,42,0,0,0,0,27,0,0,0,0,0,0,0,0,0,0,0,0,0,0
3426554,0,0,0,0,0,0,0,18,17,0,0,0,0,10,0,0,0,0,0,0,0,0,0,0,0,0,0,0
2681861,0,0,0,0,0,0,0,17,14,0,0,0,0,0,0,0,0,0,0,12,0,0,0,0,0,0,0,0
2487892,0,0,0,0,0,0,0,17,20,0,0,0,0,0,29,0,0,0,0,0,0,0,0,0,0,0,0,0
1178537,0,0,0,0,0,0,0,15,36,0,0,0,0,0,0,0,0,0,0,20,0,0,0,0,0,0,0,0
3050360,0,0,0,0,0,0,0,15,16,0,0,0,0,10,0,0,0,0,0,0,0,0,0,0,0,0,0,0
1302411,0,0,0,0,0,0,0,14,12,0,0,0,0,0,0,0,0,0,0,10,11,0,0,0,0,0,0,0
48221,0,0,0,0,0,0,0,14,10,0,0,0,0,0,0,0,0,0,0,0,0,0,0,0,0,0,0,0
179637,0,0,0,0,0,0,0,14,14,0,0,0,0,0,0,0,19,0,0,0,0,0,0,0,0,0,0,0
1505907,0,0,0,0,0,0,0,14,22,0,0,0,0,20,0,0,0,0,0,0,0,0,0,0,0,0,0,0
2894202,0,0,0,0,0,0,0,13,24,0,0,0,0,0,0,0,0,0,0,0,0,0,0,0,0,0,0,0
458639,0,0,0,0,0,0,0,12,0,0,0,0,0,0,0,0,0,0,0,0,0,0,0,0,0,0,0,0
478807,0,0,0,0,0,0,0,10,17,0,0,0,0,0,0,0,0,0,0,0,0,0,41,0,0,0,0,0
273528,0,0,0,0,0,0,0,10,0,0,0,0,0,0,0,0,0,0,0,0,0,0,16,0,0,0,0,0
1577685,0,0,0,0,0,0,0,10,0,0,0,0,0,0,0,0,0,0,0,0,0,0,11,0,0,0,0,0
3234139,0,0,0,0,0,0,0,0,126,0,0,0,0,0,0,0,0,0,0,125,0,0,0,0,0,0,0,0
2607911,0,0,0,0,0,0,0,0,126,0,0,0,0,0,0,0,0,0,0,0,0,0,0,0,0,0,0,0
3158549,0,0,0,0,0,0,0,0,56,0,0,0,0,0,0,0,0,0,0,0,0,0,0,0,0,0,0,0
3051614,0,0,0,0,0,0,0,0,56,0,0,0,0,0,0,0,0,0,0,84,0,0,0,0,25,99,63,0
755175,0,0,0,0,0,0,0,0,50,0,0,0,0,0,0,0,16,0,0,0,0,0,19,0,0,0,0,0
2921443,0,0,0,0,0,0,0,0,42,0,0,0,0,56,0,0,0,0,0,0,0,0,0,0,0,0,0,0
2954012,0,0,0,0,0,0,0,0,39,0,0,0,0,0,0,0,0,0,0,0,0,0,0,0,0,0,0,0
3061286,0,0,0,0,0,0,0,0,37,0,0,0,0,0,0,0,0,0,0,0,0,0,13,0,0,0,0,0
2921647,0,0,0,0,0,0,0,0,33,0,0,0,0,0,0,0,0,0,0,0,0,0,43,0,0,0,0,0
2675784,0,0,0,0,0,0,0,0,31,0,0,0,0,0,0,0,0,0,0,0,0,0,0,0,0,0,0,0
1871022,0,0,0,0,0,0,0,0,30,0,0,0,0,0,0,0,0,0,0,0,0,0,0,0,0,0,0,0
3070220,0,0,0,0,0,0,0,0,28,0,0,0,0,0,0,0,16,0,0,111,0,0,12,0,0,0,0,0
3057057,0,0,0,0,0,0,0,0,25,0,0,0,0,0,0,0,0,0,0,0,0,0,29,0,0,0,0,0
59845,0,0,0,0,0,0,0,0,24,0,0,0,0,15,0,0,15,0,0,0,0,0,25,0,21,0,0,0
1224749,0,0,0,0,0,0,0,0,23,0,0,0,0,0,0,0,0,0,0,29,0,0,0,0,0,0,0,0
2921648,0,0,0,0,0,0,0,0,22,0,0,0,0,0,0,0,0,0,0,0,0,0,0,0,0,0,0,0
149715,0,0,0,0,0,0,0,0,22,0,0,0,0,0,0,0,0,0,0,92,0,0,0,0,0,0,0,0
2590869,0,0,0,0,0,0,0,0,20,0,0,0,0,0,0,0,0,0,0,18,0,0,0,0,0,15,0,12
111504,0,0,0,0,0,0,0,0,19,0,0,0,0,0,0,0,0,0,0,11,0,0,0,0,0,31,0,0
2954613,0,0,0,0,0,0,0,0,18,0,0,0,0,0,0,0,0,0,0,0,0,0,0,0,0,0,0,0
67476,0,0,0,0,0,0,0,0,18,0,0,0,0,0,0,0,0,0,15,0,0,0,0,0,0,0,0,0
3047825,0,0,0,0,0,0,0,0,16,0,0,0,0,0,0,0,0,0,0,40,0,0,0,0,0,0,10,0
640030,0,0,0,0,0,0,0,0,14,0,0,0,0,0,0,0,0,0,0,0,0,0,0,0,0,0,0,0
3239904,0,0,0,0,0,0,0,0,12,0,0,0,0,0,0,0,0,0,0,0,0,0,0,0,0,0,0,0
2025360,0,0,0,0,0,0,0,0,11,0,0,0,0,0,0,0,0,0,0,126,0,0,0,0,0,0,0,0
458197,0,0,0,0,0,0,0,0,0,51,0,0,0,0,0,0,0,0,0,0,0,0,0,0,0,0,0,0
3082538,0,0,0,0,0,0,0,0,0,36,0,0,0,0,0,0,0,0,0,0,0,0,0,0,0,0,0,0
1923130,0,0,0,0,0,0,0,0,0,22,0,0,0,0,0,0,0,0,0,0,0,0,0,0,0,0,0,0
2008440,0,0,0,0,0,0,0,0,0,19,0,0,0,0,0,0,76,0,0,17,26,0,25,0,0,0,0,0
2921604,0,0,0,0,0,0,0,0,0,0,33,0,0,0,0,0,0,0,0,0,58,35,0,0,0,0,0,0
3390033,0,0,0,0,0,0,0,0,0,0,24,0,25,0,0,0,0,0,0,0,0,0,0,0,0,0,0,0
3003618,0,0,0,0,0,0,0,0,0,0,13,0,0,0,0,0,0,0,0,0,0,0,0,0,0,0,0,0
3060381,0,0,0,0,0,0,0,0,0,0,13,0,0,0,0,0,0,0,0,0,0,0,0,0,0,0,0,0
2913412,0,0,0,0,0,0,0,0,0,0,0,0,165,0,0,0,0,0,0,0,0,0,0,0,0,0,0,0
2954512,0,0,0,0,0,0,0,0,0,0,0,0,81,0,0,0,0,0,0,0,0,0,0,0,0,0,0,0
2963283,0,0,0,0,0,0,0,0,0,0,0,0,75,0,0,0,0,0,0,0,47,0,0,0,0,0,0,0
3449740,0,0,0,0,0,0,0,0,0,0,0,0,72,0,0,0,0,0,0,0,0,0,0,0,0,0,0,0
2774693,0,0,0,0,0,0,0,0,0,0,0,0,66,0,0,0,0,0,0,0,0,0,0,0,0,0,0,0
159612,0,0,0,0,0,0,0,0,0,0,0,0,65,0,0,0,0,0,0,0,0,0,0,0,0,0,0,0
1604004,0,0,0,0,0,0,0,0,0,0,0,0,49,0,0,0,0,0,0,0,0,0,0,0,0,0,0,0
3066252,0,0,0,0,0,0,0,0,0,0,0,0,46,0,0,0,0,0,0,0,0,0,0,0,0,0,0,0
1827300,0,0,0,0,0,0,0,0,0,0,0,0,45,0,0,0,0,0,0,0,0,0,0,0,0,0,0,0
2053832,0,0,0,0,0,0,0,0,0,0,0,0,45,0,0,0,0,0,0,0,0,0,0,0,0,0,0,0
2970818,0,0,0,0,0,0,0,0,0,0,0,0,44,0,0,0,0,0,0,0,45,0,0,0,0,0,0,0
2724469,0,0,0,0,0,0,0,0,0,0,0,0,33,0,0,0,0,0,0,0,0,0,0,0,0,0,0,0
583357,0,0,0,0,0,0,0,0,0,0,0,0,22,0,0,0,0,0,0,52,0,0,0,0,0,22,0,0
2870346,0,0,0,0,0,0,0,0,0,0,0,0,18,0,0,0,0,0,0,0,0,0,139,0,0,16,0,0
1803865,0,0,0,0,0,0,0,0,0,0,0,0,17,0,0,0,40,0,0,11,0,0,0,0,0,0,0,0
65958,0,0,0,0,0,0,0,0,0,0,0,0,16,0,0,0,0,0,0,0,0,0,21,0,0,0,0,0
2955861,0,0,0,0,0,0,0,0,0,0,0,0,12,0,0,0,0,0,0,0,0,0,0,0,0,0,0,0
2161803,0,0,0,0,0,0,0,0,0,0,0,0,10,0,0,0,0,0,0,0,0,0,0,0,0,0,0,0
3060697,0,0,0,0,0,0,0,0,0,0,0,0,0,0,11,0,0,0,0,0,0,0,0,0,0,0,0,0
3140247,0,0,0,0,0,0,0,0,0,0,0,0,0,0,0,243,1006,0,0,0,0,0,0,0,265,0,0,0
783,0,0,0,0,0,0,0,0,0,0,0,0,0,0,0,133,2066,0,0,0,0,0,0,0,0,0,0,0
2479392,0,0,0,0,0,0,0,0,0,0,0,0,0,0,0,95,0,0,0,0,0,0,0,0,0,0,0,0
649161,0,0,0,0,0,0,0,0,0,0,0,0,0,0,0,89,145,0,0,78,0,0,0,0,0,0,0,0
2954021,0,0,0,0,0,0,0,0,0,0,0,0,0,0,0,76,42,0,0,0,0,0,0,0,0,0,0,0
36740,0,0,0,0,0,0,0,0,0,0,0,0,0,0,0,53,81,0,0,0,0,0,0,0,0,0,0,0
1777491,0,0,0,0,0,0,0,0,0,0,0,0,0,0,0,47,0,0,0,0,0,0,0,0,0,0,0,0
2843630,0,0,0,0,0,0,0,0,0,0,0,0,0,0,0,43,401,0,0,174,0,0,0,0,0,66,60,49
2979861,0,0,0,0,0,0,0,0,0,0,0,0,0,0,0,39,108,0,0,0,0,0,0,0,0,0,0,0
3230992,0,0,0,0,0,0,0,0,0,0,0,0,0,0,0,25,131,0,0,0,0,0,57,0,0,0,0,0
3427599,0,0,0,0,0,0,0,0,0,0,0,0,0,0,0,22,83,0,0,0,0,0,0,0,0,0,0,0
2983214,0,0,0,0,0,0,0,0,0,0,0,0,0,0,0,21,91,0,0,0,0,0,0,0,0,0,0,0
3119830,0,0,0,0,0,0,0,0,0,0,0,0,0,0,0,15,46,0,85,0,0,0,0,0,0,0,0,0
3077946,0,0,0,0,0,0,0,0,0,0,0,0,0,0,0,14,47,0,0,18,0,19,0,0,0,16,21,12
3136736,0,0,0,0,0,0,0,0,0,0,0,0,0,0,0,14,105,0,0,23,0,0,0,0,0,0,13,0
2277,0,0,0,0,0,0,0,0,0,0,0,0,0,0,0,13,13,0,0,0,14,0,0,0,0,0,0,0
1200300,0,0,0,0,0,0,0,0,0,0,0,0,0,0,0,12,0,0,0,0,0,0,0,0,0,0,0,0
1915209,0,0,0,0,0,0,0,0,0,0,0,0,0,0,0,12,56,0,0,12,0,0,0,0,0,0,0,0
3060418,0,0,0,0,0,0,0,0,0,0,0,0,0,0,0,11,0,0,0,0,0,0,0,0,0,0,0,0
428712,0,0,0,0,0,0,0,0,0,0,0,0,0,0,0,10,0,0,0,36,0,0,0,0,0,0,0,0
2975777,0,0,0,0,0,0,0,0,0,0,0,0,0,0,0,0,529,0,0,0,0,0,0,0,0,0,0,0
2975902,0,0,0,0,0,0,0,0,0,0,0,0,0,0,0,0,405,0,0,0,0,0,0,0,0,0,0,0
163164,0,0,0,0,0,0,0,0,0,0,0,0,0,0,0,0,351,0,0,0,0,0,0,0,0,0,0,0
3243375,0,0,0,0,0,0,0,0,0,0,0,0,0,0,0,0,332,0,0,0,0,0,0,0,0,0,0,0
1149953,0,0,0,0,0,0,0,0,0,0,0,0,0,0,0,0,326,0,0,0,0,0,0,0,0,0,0,0
3366266,0,0,0,0,0,0,0,0,0,0,0,0,0,0,0,0,304,0,0,0,0,0,0,0,0,0,0,0
2490635,0,0,0,0,0,0,0,0,0,0,0,0,0,0,0,0,253,0,0,34,0,0,0,0,0,117,374,102
2817408,0,0,0,0,0,0,0,0,0,0,0,0,0,0,0,0,245,0,0,0,0,0,0,0,0,61,0,0
2903874,0,0,0,0,0,0,0,0,0,0,0,0,0,0,0,0,244,0,0,0,0,0,0,0,0,0,0,0
2742675,0,0,0,0,0,0,0,0,0,0,0,0,0,0,0,0,231,0,0,0,0,0,0,0,0,0,0,0
2819999,0,0,0,0,0,0,0,0,0,0,0,0,0,0,0,0,228,0,0,0,0,0,0,0,0,0,0,0
3398770,0,0,0,0,0,0,0,0,0,0,0,0,0,0,0,0,221,0,0,0,0,0,0,0,0,0,0,0
1703969,0,0,0,0,0,0,0,0,0,0,0,0,0,0,0,0,207,0,0,0,0,0,0,0,0,0,0,0
33941,0,0,0,0,0,0,0,0,0,0,0,0,0,0,0,0,206,0,0,0,0,0,0,31,0,0,0,0
3041439,0,0,0,0,0,0,0,0,0,0,0,0,0,0,0,0,205,0,0,0,0,0,0,0,0,0,0,0
2921383,0,0,0,0,0,0,0,0,0,0,0,0,0,0,0,0,205,0,0,0,0,0,0,0,0,0,0,0
2775909,0,0,0,0,0,0,0,0,0,0,0,0,0,0,0,0,201,0,0,0,0,0,0,0,0,0,0,0
3382150,0,0,0,0,0,0,0,0,0,0,0,0,0,0,0,0,197,0,0,98,0,0,0,0,0,0,30,0
2483402,0,0,0,0,0,0,0,0,0,0,0,0,0,0,0,0,196,0,0,0,0,0,0,0,0,0,0,0
624,0,0,0,0,0,0,0,0,0,0,0,0,0,0,0,0,182,0,0,0,140,0,0,0,0,0,0,0
2954056,0,0,0,0,0,0,0,0,0,0,0,0,0,0,0,0,177,0,0,0,0,0,0,0,0,0,34,0
3394330,0,0,0,0,0,0,0,0,0,0,0,0,0,0,0,0,175,0,0,0,0,0,0,0,0,0,0,0
2126319,0,0,0,0,0,0,0,0,0,0,0,0,0,0,0,0,173,0,0,0,0,0,0,0,0,0,0,0
2861802,0,0,0,0,0,0,0,0,0,0,0,0,0,0,0,0,172,0,0,0,0,0,0,0,0,0,0,0
2026189,0,0,0,0,0,0,0,0,0,0,0,0,0,0,0,0,167,0,0,0,0,0,0,0,0,0,0,0
3066316,0,0,0,0,0,0,0,0,0,0,0,0,0,0,0,0,167,0,0,0,0,0,0,0,0,0,0,0
1636423,0,0,0,0,0,0,0,0,0,0,0,0,0,0,0,0,164,0,0,0,0,0,18,0,0,0,0,0
2796169,0,0,0,0,0,0,0,0,0,0,0,0,0,0,0,0,156,0,0,0,0,0,33,0,0,0,0,0
1077945,0,0,0,0,0,0,0,0,0,0,0,0,0,0,0,0,156,0,142,0,0,0,0,0,0,0,0,0
2745511,0,0,0,0,0,0,0,0,0,0,0,0,0,0,0,0,155,0,0,105,0,0,31,0,0,18,22,0
3077923,0,0,0,0,0,0,0,0,0,0,0,0,0,0,0,0,152,0,0,0,0,0,0,0,0,0,0,0
2734103,0,0,0,0,0,0,0,0,0,0,0,0,0,0,0,0,149,0,0,0,0,0,0,0,0,0,0,0
2766470,0,0,0,0,0,0,0,0,0,0,0,0,0,0,0,0,148,0,0,28,0,0,12,0,0,0,0,0
2482769,0,0,0,0,0,0,0,0,0,0,0,0,0,0,0,0,137,0,0,0,0,0,0,0,0,0,0,0
3402279,0,0,0,0,0,0,0,0,0,0,0,0,0,0,0,0,134,0,0,168,0,0,0,0,0,14,18,22
2831895,0,0,0,0,0,0,0,0,0,0,0,0,0,0,0,0,133,0,0,0,0,0,0,0,0,0,0,0
2656761,0,0,0,0,0,0,0,0,0,0,0,0,0,0,0,0,129,0,0,49,0,0,42,0,0,0,0,0
2905879,0,0,0,0,0,0,0,0,0,0,0,0,0,0,0,0,127,0,0,0,0,0,0,0,0,0,0,0
2487928,0,0,0,0,0,0,0,0,0,0,0,0,0,0,0,0,127,0,0,0,0,0,0,0,0,0,0,0
1653839,0,0,0,0,0,0,0,0,0,0,0,0,0,0,0,0,121,0,0,0,0,0,0,0,0,0,0,0
3453032,0,0,0,0,0,0,0,0,0,0,0,0,0,0,0,0,120,0,0,0,0,0,0,0,0,0,0,0
3003617,0,0,0,0,0,0,0,0,0,0,0,0,0,0,0,0,113,0,0,0,0,19,0,0,0,0,0,0
33992,0,0,0,0,0,0,0,0,0,0,0,0,0,0,0,0,109,0,0,0,0,0,0,0,0,0,0,0
2921437,0,0,0,0,0,0,0,0,0,0,0,0,0,0,0,0,106,0,0,0,0,0,0,0,0,0,0,0
3039426,0,0,0,0,0,0,0,0,0,0,0,0,0,0,0,0,105,0,0,233,0,0,50,0,0,0,69,0
3426342,0,0,0,0,0,0,0,0,0,0,0,0,0,0,0,0,101,0,0,0,0,0,0,0,0,0,0,0
1508419,0,0,0,0,0,0,0,0,0,0,0,0,0,0,0,0,98,0,0,0,0,0,0,0,0,0,0,0
2782655,0,0,0,0,0,0,0,0,0,0,0,0,0,0,0,0,96,0,0,0,0,0,0,0,0,0,0,0
2734149,0,0,0,0,0,0,0,0,0,0,0,0,0,0,0,0,95,0,0,0,0,0,0,0,0,0,0,0
3059961,0,0,0,0,0,0,0,0,0,0,0,0,0,0,0,0,95,0,0,0,0,0,0,0,0,0,0,0
2843653,0,0,0,0,0,0,0,0,0,0,0,0,0,0,0,0,92,0,0,0,0,0,0,0,0,0,0,0
73098,0,0,0,0,0,0,0,0,0,0,0,0,0,0,0,0,91,0,0,0,0,0,0,0,0,0,0,0
2738410,0,0,0,0,0,0,0,0,0,0,0,0,0,0,0,0,91,0,0,0,0,0,0,0,0,0,0,0
2954611,0,0,0,0,0,0,0,0,0,0,0,0,0,0,0,0,89,0,0,0,0,0,0,0,0,0,0,0
720,0,0,0,0,0,0,0,0,0,0,0,0,0,0,0,0,87,0,0,0,0,0,24,0,0,0,0,0
1848580,0,0,0,0,0,0,0,0,0,0,0,0,0,0,0,0,84,0,0,0,0,0,0,0,0,0,0,0
2815720,0,0,0,0,0,0,0,0,0,0,0,0,0,0,0,0,81,0,0,0,0,0,0,0,0,0,0,0
323284,0,0,0,0,0,0,0,0,0,0,0,0,0,0,0,0,80,0,0,0,0,0,331,0,0,0,0,0
1309411,0,0,0,0,0,0,0,0,0,0,0,0,0,0,0,0,80,0,0,0,0,0,0,0,0,0,0,0
2864205,0,0,0,0,0,0,0,0,0,0,0,0,0,0,0,0,79,0,0,0,0,0,26,0,0,0,0,0
3066134,0,0,0,0,0,0,0,0,0,0,0,0,0,0,0,0,77,0,0,0,0,0,0,0,0,0,0,0
313590,0,0,0,0,0,0,0,0,0,0,0,0,0,0,0,0,77,0,0,62,0,0,42,0,0,0,20,0
1872084,0,0,0,0,0,0,0,0,0,0,0,0,0,0,0,0,75,0,0,13,0,0,0,0,0,0,0,0
83555,0,0,0,0,0,0,0,0,0,0,0,0,0,0,0,0,75,0,0,38,0,0,13,0,0,0,0,0
454662,0,0,0,0,0,0,0,0,0,0,0,0,0,0,0,0,74,0,0,0,0,0,41,0,0,0,0,0
2661583,0,0,0,0,0,0,0,0,0,0,0,0,0,0,0,0,71,0,0,0,0,0,0,0,0,0,0,0
141,0,0,0,0,0,0,0,0,0,0,0,0,0,0,0,0,71,0,0,70,0,0,67,0,0,42,116,41
2004647,0,0,0,0,0,0,0,0,0,0,0,0,0,0,0,0,69,0,0,29,0,0,51,0,0,0,0,0
3427924,0,0,0,0,0,0,0,0,0,0,0,0,0,0,0,0,65,0,0,10,0,0,30,0,0,11,19,0
3240375,0,0,0,0,0,0,0,0,0,0,0,0,0,0,0,0,62,0,61,0,0,0,0,0,0,0,0,0
2975322,0,0,0,0,0,0,0,0,0,0,0,0,0,0,0,0,62,0,0,0,0,0,0,0,0,0,0,0
3108484,0,0,0,0,0,0,0,0,0,0,0,0,0,0,0,0,61,0,0,0,0,0,0,0,0,0,0,0
2911970,0,0,0,0,0,0,0,0,0,0,0,0,0,0,0,0,60,0,0,0,0,0,0,0,0,0,0,0
3060432,0,0,0,0,0,0,0,0,0,0,0,0,0,0,0,0,60,0,0,26,0,0,0,0,0,0,12,11
3243382,0,0,0,0,0,0,0,0,0,0,0,0,0,0,0,0,58,0,0,0,0,0,0,0,0,0,0,0
2844213,0,0,0,0,0,0,0,0,0,0,0,0,0,0,0,0,58,0,0,0,0,0,0,0,0,0,0,0
114528,0,0,0,0,0,0,0,0,0,0,0,0,0,0,0,0,57,0,0,0,0,0,0,0,0,0,0,0
1982291,0,0,0,0,0,0,0,0,0,0,0,0,0,0,0,0,57,0,52,0,0,0,0,0,0,0,0,0
2732591,0,0,0,0,0,0,0,0,0,0,0,0,0,0,0,0,57,0,0,14,10,0,16,0,0,0,13,0
2809036,0,0,0,0,0,0,0,0,0,0,0,0,0,0,0,0,56,0,0,0,0,0,0,0,0,0,0,0
1536774,0,0,0,0,0,0,0,0,0,0,0,0,0,0,0,0,56,0,0,60,0,0,20,0,0,68,118,20
999183,0,0,0,0,0,0,0,0,0,0,0,0,0,0,0,0,55,0,0,0,0,0,0,0,0,0,0,0
2775498,0,0,0,0,0,0,0,0,0,0,0,0,0,0,0,0,54,0,0,12,0,0,24,0,0,0,0,0
1441723,0,0,0,0,0,0,0,0,0,0,0,0,0,0,0,0,53,0,0,0,0,0,0,0,0,0,0,0
83984,0,0,0,0,0,0,0,0,0,0,0,0,0,0,0,0,53,0,0,0,0,0,11,0,0,0,0,0
1819725,0,0,0,0,0,0,0,0,0,0,0,0,0,0,0,0,52,0,0,0,0,0,0,0,0,0,0,15
1050174,0,0,0,0,0,0,0,0,0,0,0,0,0,0,0,0,52,0,0,15,0,0,10,0,0,0,0,0
334715,0,0,0,0,0,0,0,0,0,0,0,0,0,0,0,0,51,0,0,0,0,0,0,0,0,0,0,0
867076,0,0,0,0,0,0,0,0,0,0,0,0,0,0,0,0,51,0,0,0,0,0,0,0,0,0,0,0
2733985,0,0,0,0,0,0,0,0,0,0,0,0,0,0,0,0,51,0,0,21,0,0,0,0,0,0,0,0
2956338,0,0,0,0,0,0,0,0,0,0,0,0,0,0,0,0,51,0,0,0,0,0,0,0,0,0,0,0
3074145,0,0,0,0,0,0,0,0,0,0,0,0,0,0,0,0,50,0,0,0,0,0,0,0,0,0,0,0
3059743,0,0,0,0,0,0,0,0,0,0,0,0,0,0,0,0,50,0,0,0,0,0,0,0,0,0,0,0
1740264,0,0,0,0,0,0,0,0,0,0,0,0,0,0,0,0,49,0,0,0,0,0,0,0,0,0,0,0
1920424,0,0,0,0,0,0,0,0,0,0,0,0,0,0,0,0,49,0,0,0,0,0,0,0,0,0,0,0
2921435,0,0,0,0,0,0,0,0,0,0,0,0,0,0,0,0,49,0,0,0,0,0,0,0,0,0,0,0
1327037,0,0,0,0,0,0,0,0,0,0,0,0,0,0,0,0,48,0,0,0,0,0,0,0,0,11,0,0
2843870,0,0,0,0,0,0,0,0,0,0,0,0,0,0,0,0,48,0,0,0,0,0,0,0,0,0,0,0
2560335,0,0,0,0,0,0,0,0,0,0,0,0,0,0,0,0,47,0,0,0,0,0,0,0,0,0,0,0
2493093,0,0,0,0,0,0,0,0,0,0,0,0,0,0,0,0,46,0,32,0,0,0,0,0,0,0,0,0
1971364,0,0,0,0,0,0,0,0,0,0,0,0,0,0,0,0,46,0,0,30,0,0,0,0,0,0,0,29
373540,0,0,0,0,0,0,0,0,0,0,0,0,0,0,0,0,43,0,0,0,0,0,0,0,0,0,0,0
3059038,0,0,0,0,0,0,0,0,0,0,0,0,0,0,0,0,43,0,0,20,0,0,15,0,0,0,0,0
2956300,0,0,0,0,0,0,0,0,0,0,0,0,0,0,0,0,43,0,0,0,0,0,0,0,0,0,0,0
3412482,0,0,0,0,0,0,0,0,0,0,0,0,0,0,0,0,42,0,0,0,0,0,0,0,0,0,0,0
2320,0,0,0,0,0,0,0,0,0,0,0,0,0,0,0,0,41,0,0,0,0,0,0,0,0,0,12,0
2983222,0,0,0,0,0,0,0,0,0,0,0,0,0,0,0,0,40,0,0,0,0,0,0,0,0,0,0,0
3351346,0,0,0,0,0,0,0,0,0,0,0,0,0,0,0,0,38,0,0,0,0,0,0,0,0,0,0,0
3066214,0,0,0,0,0,0,0,0,0,0,0,0,0,0,0,0,37,0,0,0,0,0,0,0,0,0,0,0
3411633,0,0,0,0,0,0,0,0,0,0,0,0,0,0,0,0,37,0,0,0,0,0,0,0,0,0,0,0
419015,0,0,0,0,0,0,0,0,0,0,0,0,0,0,0,0,37,0,0,37,0,0,0,0,0,0,0,0
1366055,0,0,0,0,0,0,0,0,0,0,0,0,0,0,0,0,37,0,0,0,0,0,0,0,0,0,0,0
2774460,0,0,0,0,0,0,0,0,0,0,0,0,0,0,0,0,36,0,0,0,0,0,0,0,0,0,0,0
866786,0,0,0,0,0,0,0,0,0,0,0,0,0,0,0,0,36,0,0,0,0,0,0,0,0,0,0,0
3066297,0,0,0,0,0,0,0,0,0,0,0,0,0,0,0,0,36,0,0,0,0,0,0,0,0,0,0,0
230709,0,0,0,0,0,0,0,0,0,0,0,0,0,0,0,0,35,0,0,0,0,0,0,0,0,0,0,0
1806216,0,0,0,0,0,0,0,0,0,0,0,0,0,0,0,0,35,0,0,0,0,0,0,0,0,0,0,0
2499157,0,0,0,0,0,0,0,0,0,0,0,0,0,0,0,0,35,0,0,0,0,0,0,0,0,0,0,0
1720526,0,0,0,0,0,0,0,0,0,0,0,0,0,0,0,0,34,0,0,0,0,0,0,0,0,0,0,0
1922544,0,0,0,0,0,0,0,0,0,0,0,0,0,0,0,0,34,0,0,0,0,0,0,0,0,0,0,0
3392295,0,0,0,0,0,0,0,0,0,0,0,0,0,0,0,0,33,0,30,0,0,0,0,0,0,0,0,0
92401,0,0,0,0,0,0,0,0,0,0,0,0,0,0,0,0,33,0,0,38,0,0,10,0,0,0,0,0
2060092,0,0,0,0,0,0,0,0,0,0,0,0,0,0,0,0,33,0,0,0,0,0,0,0,0,0,0,0
1926968,0,0,0,0,0,0,0,0,0,0,0,0,0,0,0,0,33,0,0,0,0,0,0,0,0,0,0,0
2025659,0,0,0,0,0,0,0,0,0,0,0,0,0,0,0,0,32,0,0,0,0,0,0,0,0,0,0,0
3350244,0,0,0,0,0,0,0,0,0,0,0,0,0,0,0,0,32,0,0,12,0,0,0,0,0,0,0,0
658401,0,0,0,0,0,0,0,0,0,0,0,0,0,0,0,0,32,0,0,0,0,0,0,0,0,0,0,0
3047737,0,0,0,0,0,0,0,0,0,0,0,0,0,0,0,0,31,0,0,16,0,0,0,0,0,20,0,0
3066168,0,0,0,0,0,0,0,0,0,0,0,0,0,0,0,0,29,0,0,0,0,0,0,0,0,0,0,0
2976810,0,0,0,0,0,0,0,0,0,0,0,0,0,0,0,0,29,0,0,36,0,0,0,0,0,31,0,0
3066305,0,0,0,0,0,0,0,0,0,0,0,0,0,0,0,0,29,0,0,13,0,0,21,0,0,0,0,0
3032584,0,0,0,0,0,0,0,0,0,0,0,0,0,0,0,0,29,0,0,11,0,0,0,0,0,0,0,0
1855377,0,0,0,0,0,0,0,0,0,0,0,0,0,0,0,0,28,0,0,0,0,0,0,0,0,0,0,0
3344879,0,0,0,0,0,0,0,0,0,0,0,0,0,0,0,0,27,0,0,0,0,0,0,0,0,0,0,0
2951138,0,0,0,0,0,0,0,0,0,0,0,0,0,0,0,0,27,0,0,0,0,0,0,0,0,0,0,0
2175621,0,0,0,0,0,0,0,0,0,0,0,0,0,0,0,0,27,0,0,0,0,0,0,0,0,0,0,0
2949630,0,0,0,0,0,0,0,0,0,0,0,0,0,0,0,0,26,0,0,0,0,0,0,0,0,0,0,0
3139315,0,0,0,0,0,0,0,0,0,0,0,0,0,0,0,0,26,0,0,0,0,0,0,0,0,0,0,0
3060806,0,0,0,0,0,0,0,0,0,0,0,0,0,0,0,0,26,0,0,0,16,0,16,0,0,0,0,0
3060756,0,0,0,0,0,0,0,0,0,0,0,0,0,0,0,0,26,0,0,0,0,0,0,0,0,0,0,0
358766,0,0,0,0,0,0,0,0,0,0,0,0,0,0,0,0,25,0,0,0,0,0,0,0,0,0,0,0
2580515,0,0,0,0,0,0,0,0,0,0,0,0,0,0,0,0,24,0,0,0,0,0,0,0,0,0,0,0
1756993,0,0,0,0,0,0,0,0,0,0,0,0,0,0,0,0,24,0,0,16,0,0,0,0,0,20,23,20
36874,0,0,0,0,0,0,0,0,0,0,0,0,0,0,0,0,24,0,0,0,0,0,0,0,0,0,0,0
2740515,0,0,0,0,0,0,0,0,0,0,0,0,0,0,0,0,24,0,0,0,0,0,0,0,0,0,0,0
3047677,0,0,0,0,0,0,0,0,0,0,0,0,0,0,0,0,24,0,0,0,0,0,0,0,0,0,0,0
3230997,0,0,0,0,0,0,0,0,0,0,0,0,0,0,0,0,23,0,0,0,0,0,0,0,0,0,0,0
3004105,0,0,0,0,0,0,0,0,0,0,0,0,0,0,0,0,23,0,0,14,0,0,20,0,0,0,0,0
2953978,0,0,0,0,0,0,0,0,0,0,0,0,0,0,0,0,22,0,0,15,0,0,0,0,0,40,0,0
131112,0,0,0,0,0,0,0,0,0,0,0,0,0,0,0,0,22,0,0,0,0,0,15,0,0,0,0,0
2955969,0,0,0,0,0,0,0,0,0,0,0,0,0,0,0,0,22,0,0,0,0,0,0,0,0,0,0,0
3059995,0,0,0,0,0,0,0,0,0,0,0,0,0,0,0,0,22,0,0,0,0,0,0,0,0,0,0,0
3433538,0,0,0,0,0,0,0,0,0,0,0,0,0,0,0,0,22,0,0,0,0,0,11,0,0,0,0,0
3426937,0,0,0,0,0,0,0,0,0,0,0,0,0,0,0,0,22,0,0,0,0,0,0,0,0,0,0,0
2003316,0,0,0,0,0,0,0,0,0,0,0,0,0,0,0,0,21,0,0,33,0,0,38,0,0,23,0,64
83560,0,0,0,0,0,0,0,0,0,0,0,0,0,0,0,0,21,0,0,0,0,0,0,0,0,0,0,0
3047860,0,0,0,0,0,0,0,0,0,0,0,0,0,0,0,0,21,0,0,0,0,0,0,0,0,0,0,0
3066283,0,0,0,0,0,0,0,0,0,0,0,0,0,0,0,0,20,0,0,0,0,0,0,0,0,0,0,0
2734135,0,0,0,0,0,0,0,0,0,0,0,0,0,0,0,0,20,0,0,0,0,0,0,0,0,0,0,0
2955996,0,0,0,0,0,0,0,0,0,0,0,0,0,0,0,0,19,0,0,0,0,0,0,0,0,0,0,0
90239,0,0,0,0,0,0,0,0,0,0,0,0,0,0,0,0,18,0,0,17,0,0,0,0,0,0,12,0
2733372,0,0,0,0,0,0,0,0,0,0,0,0,0,0,0,0,18,0,0,0,0,0,0,0,0,0,0,0
3132096,0,0,0,0,0,0,0,0,0,0,0,0,0,0,0,0,17,0,0,0,0,0,0,0,0,0,0,0
883811,0,0,0,0,0,0,0,0,0,0,0,0,0,0,0,0,17,0,0,0,0,0,31,0,0,0,0,0
70771,0,0,0,0,0,0,0,0,0,0,0,0,0,0,0,0,17,0,0,0,0,0,0,0,0,0,0,0
2978046,0,0,0,0,0,0,0,0,0,0,0,0,0,0,0,0,17,0,0,0,0,0,0,0,0,0,0,0
2734106,0,0,0,0,0,0,0,0,0,0,0,0,0,0,0,0,17,0,0,0,0,0,0,0,0,0,0,0
2714951,0,0,0,0,0,0,0,0,0,0,0,0,0,0,0,0,16,0,0,0,0,0,0,0,0,0,0,0
3059730,0,0,0,0,0,0,0,0,0,0,0,0,0,0,0,0,16,0,0,0,0,0,0,0,0,0,0,0
2846672,0,0,0,0,0,0,0,0,0,0,0,0,0,0,0,0,16,0,0,23,0,0,0,0,0,0,0,0
3429958,0,0,0,0,0,0,0,0,0,0,0,0,0,0,0,0,16,0,0,0,0,0,0,0,0,0,0,0
3428769,0,0,0,0,0,0,0,0,0,0,0,0,0,0,0,0,15,0,0,0,0,0,0,0,0,0,0,0
164516,0,0,0,0,0,0,0,0,0,0,0,0,0,0,0,0,14,0,0,19,0,0,0,0,0,0,0,0
3043284,0,0,0,0,0,0,0,0,0,0,0,0,0,0,0,0,14,0,0,0,0,0,0,0,0,0,0,0
54077,0,0,0,0,0,0,0,0,0,0,0,0,0,0,0,0,14,0,0,11,0,0,0,0,0,0,0,0
2745518,0,0,0,0,0,0,0,0,0,0,0,0,0,0,0,0,13,0,0,14,0,0,0,0,0,0,0,0
90426,0,0,0,0,0,0,0,0,0,0,0,0,0,0,0,0,13,0,0,0,0,0,0,0,0,0,0,0
2845858,0,0,0,0,0,0,0,0,0,0,0,0,0,0,0,0,13,0,0,0,0,0,0,0,0,0,0,0
2560706,0,0,0,0,0,0,0,0,0,0,0,0,0,0,0,0,12,0,0,0,0,0,0,0,0,0,0,0
1923378,0,0,0,0,0,0,0,0,0,0,0,0,0,0,0,0,12,0,0,0,0,0,0,0,0,0,0,0
3078442,0,0,0,0,0,0,0,0,0,0,0,0,0,0,0,0,12,0,0,0,0,0,0,0,0,0,0,0
1391455,0,0,0,0,0,0,0,0,0,0,0,0,0,0,0,0,12,0,0,0,0,0,0,0,0,0,0,0
3066287,0,0,0,0,0,0,0,0,0,0,0,0,0,0,0,0,11,0,0,40,0,0,0,0,0,20,19,0
2734052,0,0,0,0,0,0,0,0,0,0,0,0,0,0,0,0,11,0,0,0,0,0,0,0,0,0,0,0
1971485,0,0,0,0,0,0,0,0,0,0,0,0,0,0,0,0,10,0,11,0,0,0,0,0,0,0,0,0
2684406,0,0,0,0,0,0,0,0,0,0,0,0,0,0,0,0,10,13,0,0,0,0,0,0,0,0,0,0
1008460,0,0,0,0,0,0,0,0,0,0,0,0,0,0,0,0,10,0,0,0,0,0,0,0,0,0,0,0
2734371,0,0,0,0,0,0,0,0,0,0,0,0,0,0,0,0,10,0,0,0,0,0,0,0,0,0,0,0
2903645,0,0,0,0,0,0,0,0,0,0,0,0,0,0,0,0,0,0,288,0,0,0,0,0,0,0,0,0
2217832,0,0,0,0,0,0,0,0,0,0,0,0,0,0,0,0,0,0,109,0,0,0,63,0,0,0,0,0
396015,0,0,0,0,0,0,0,0,0,0,0,0,0,0,0,0,0,0,82,0,0,0,0,0,0,0,0,0
1179675,0,0,0,0,0,0,0,0,0,0,0,0,0,0,0,0,0,0,80,0,0,0,0,0,0,0,0,0
2994495,0,0,0,0,0,0,0,0,0,0,0,0,0,0,0,0,0,0,71,0,0,0,0,0,0,0,0,0
3243373,0,0,0,0,0,0,0,0,0,0,0,0,0,0,0,0,0,0,61,0,0,0,0,0,0,0,0,0
1353277,0,0,0,0,0,0,0,0,0,0,0,0,0,0,0,0,0,0,48,0,0,0,0,0,0,0,0,0
2986279,0,0,0,0,0,0,0,0,0,0,0,0,0,0,0,0,0,0,40,0,0,0,0,0,0,0,0,0
578923,0,0,0,0,0,0,0,0,0,0,0,0,0,0,0,0,0,0,34,0,0,0,0,0,0,0,0,0
3383589,0,0,0,0,0,0,0,0,0,0,0,0,0,0,0,0,0,0,32,0,0,0,0,0,0,0,0,0
3047866,0,0,0,0,0,0,0,0,0,0,0,0,0,0,0,0,0,0,27,0,0,0,0,0,0,0,0,0
2733924,0,0,0,0,0,0,0,0,0,0,0,0,0,0,0,0,0,0,23,0,0,0,0,0,0,0,0,0
2925318,0,0,0,0,0,0,0,0,0,0,0,0,0,0,0,0,0,0,18,0,0,0,0,0,0,0,0,0
32062,0,0,0,0,0,0,0,0,0,0,0,0,0,0,0,0,0,0,16,0,0,0,29,0,0,0,0,0
2583374,0,0,0,0,0,0,0,0,0,0,0,0,0,0,0,0,0,0,15,0,0,0,0,0,0,0,0,0
2956223,0,0,0,0,0,0,0,0,0,0,0,0,0,0,0,0,0,0,14,0,0,0,0,0,0,0,0,0
2733930,0,0,0,0,0,0,0,0,0,0,0,0,0,0,0,0,0,0,14,0,0,0,0,0,0,0,0,0
753084,0,0,0,0,0,0,0,0,0,0,0,0,0,0,0,0,0,0,14,0,0,0,0,0,0,0,0,0
349751,0,0,0,0,0,0,0,0,0,0,0,0,0,0,0,0,0,0,13,0,0,0,0,0,0,0,0,0
53374,0,0,0,0,0,0,0,0,0,0,0,0,0,0,0,0,0,0,11,0,0,0,0,0,0,0,0,0
3060828,0,0,0,0,0,0,0,0,0,0,0,0,0,0,0,0,0,0,11,0,0,0,0,0,0,0,0,0
2733943,0,0,0,0,0,0,0,0,0,0,0,0,0,0,0,0,0,0,10,0,0,0,0,0,0,0,0,0
3428500,0,0,0,0,0,0,0,0,0,0,0,0,0,0,0,0,0,0,10,0,0,0,0,0,0,0,0,0
2825845,0,0,0,0,0,0,0,0,0,0,0,0,0,0,0,0,0,0,0,191,0,0,110,0,0,72,84,0
2774767,0,0,0,0,0,0,0,0,0,0,0,0,0,0,0,0,0,0,0,184,0,0,0,0,0,0,0,0
2975666,0,0,0,0,0,0,0,0,0,0,0,0,0,0,0,0,0,0,0,184,0,0,0,0,0,213,207,0
115551,0,0,0,0,0,0,0,0,0,0,0,0,0,0,0,0,0,0,0,181,0,0,0,0,0,43,116,74
3396405,0,0,0,0,0,0,0,0,0,0,0,0,0,0,0,0,0,0,0,149,0,0,0,0,0,45,42,0
69328,0,0,0,0,0,0,0,0,0,0,0,0,0,0,0,0,0,0,0,141,0,0,0,0,0,0,0,0
120576,0,0,0,0,0,0,0,0,0,0,0,0,0,0,0,0,0,0,0,135,0,0,0,0,0,0,0,0
3141459,0,0,0,0,0,0,0,0,0,0,0,0,0,0,0,0,0,0,0,126,0,0,0,0,0,0,0,0
3066288,0,0,0,0,0,0,0,0,0,0,0,0,0,0,0,0,0,0,0,125,0,0,0,0,0,0,53,0
234831,0,0,0,0,0,0,0,0,0,0,0,0,0,0,0,0,0,0,0,117,0,0,0,0,0,0,0,0
2929515,0,0,0,0,0,0,0,0,0,0,0,0,0,0,0,0,0,0,0,117,0,0,0,0,0,0,0,0
2838237,0,0,0,0,0,0,0,0,0,0,0,0,0,0,0,0,0,0,0,109,0,0,0,0,0,55,0,0
3406419,0,0,0,0,0,0,0,0,0,0,0,0,0,0,0,0,0,0,0,105,0,0,0,0,0,0,0,0
623,0,0,0,0,0,0,0,0,0,0,0,0,0,0,0,0,0,0,0,96,0,0,0,0,0,0,0,0
2954025,0,0,0,0,0,0,0,0,0,0,0,0,0,0,0,0,0,0,0,96,0,0,0,0,0,0,0,0
3028374,0,0,0,0,0,0,0,0,0,0,0,0,0,0,0,0,0,0,0,96,0,0,0,0,0,0,0,0
2654189,0,0,0,0,0,0,0,0,0,0,0,0,0,0,0,0,0,0,0,80,0,0,0,0,0,0,0,0
2692624,0,0,0,0,0,0,0,0,0,0,0,0,0,0,0,0,0,0,0,80,0,0,153,0,0,0,0,0
2756133,0,0,0,0,0,0,0,0,0,0,0,0,0,0,0,0,0,0,0,79,0,0,0,0,0,0,0,0
1511761,0,0,0,0,0,0,0,0,0,0,0,0,0,0,0,0,0,0,0,79,0,0,0,0,0,49,0,0
3094916,0,0,0,0,0,0,0,0,0,0,0,0,0,0,0,0,0,0,0,71,0,0,0,0,0,0,0,0
3376152,0,0,0,0,0,0,0,0,0,0,0,0,0,0,0,0,0,0,0,69,0,0,0,0,0,0,0,0
2987533,0,0,0,0,0,0,0,0,0,0,0,0,0,0,0,0,0,0,0,66,0,0,0,0,0,0,0,0
2792480,0,0,0,0,0,0,0,0,0,0,0,0,0,0,0,0,0,0,0,65,0,0,0,0,0,0,0,0
2883107,0,0,0,0,0,0,0,0,0,0,0,0,0,0,0,0,0,0,0,64,0,0,49,0,0,0,0,0
2774749,0,0,0,0,0,0,0,0,0,0,0,0,0,0,0,0,0,0,0,60,0,0,0,0,0,0,0,0
2976237,0,0,0,0,0,0,0,0,0,0,0,0,0,0,0,0,0,0,0,59,0,0,0,0,0,0,73,0
319970,0,0,0,0,0,0,0,0,0,0,0,0,0,0,0,0,0,0,0,59,0,0,10,0,0,0,0,0
2598861,0,0,0,0,0,0,0,0,0,0,0,0,0,0,0,0,0,0,0,58,0,0,0,0,0,0,38,0
3041497,0,0,0,0,0,0,0,0,0,0,0,0,0,0,0,0,0,0,0,56,0,0,0,0,0,0,0,0
2963940,0,0,0,0,0,0,0,0,0,0,0,0,0,0,0,0,0,0,0,55,0,0,0,33,0,0,0,0
112002,0,0,0,0,0,0,0,0,0,0,0,0,0,0,0,0,0,0,0,53,0,0,0,0,0,0,29,0
1705310,0,0,0,0,0,0,0,0,0,0,0,0,0,0,0,0,0,0,0,53,0,0,0,0,0,0,0,0
2921378,0,0,0,0,0,0,0,0,0,0,0,0,0,0,0,0,0,0,0,53,0,0,0,0,0,0,0,0
218673,0,0,0,0,0,0,0,0,0,0,0,0,0,0,0,0,0,0,0,52,25,0,0,0,0,0,0,0
1813182,0,0,0,0,0,0,0,0,0,0,0,0,0,0,0,0,0,0,0,52,0,0,0,0,0,0,27,0
213419,0,0,0,0,0,0,0,0,0,0,0,0,0,0,0,0,0,0,0,52,0,0,0,0,0,0,0,0
3077925,0,0,0,0,0,0,0,0,0,0,0,0,0,0,0,0,0,0,0,47,0,0,0,0,0,0,0,0
580459,0,0,0,0,0,0,0,0,0,0,0,0,0,0,0,0,0,0,0,47,0,0,0,0,0,32,0,0
1678028,0,0,0,0,0,0,0,0,0,0,0,0,0,0,0,0,0,0,0,46,0,0,29,0,0,0,0,0
1659192,0,0,0,0,0,0,0,0,0,0,0,0,0,0,0,0,0,0,0,46,0,0,0,0,0,0,0,0
2975324,0,0,0,0,0,0,0,0,0,0,0,0,0,0,0,0,0,0,0,45,0,0,0,0,0,56,31,0
2774663,0,0,0,0,0,0,0,0,0,0,0,0,0,0,0,0,0,0,0,45,0,0,0,0,0,0,0,0
2692233,0,0,0,0,0,0,0,0,0,0,0,0,0,0,0,0,0,0,0,45,0,0,0,0,0,0,0,0
2907242,0,0,0,0,0,0,0,0,0,0,0,0,0,0,0,0,0,0,0,44,0,0,0,0,0,0,0,0
1636610,0,0,0,0,0,0,0,0,0,0,0,0,0,0,0,0,0,0,0,44,0,0,0,0,0,0,0,0
293388,0,0,0,0,0,0,0,0,0,0,0,0,0,0,0,0,0,0,0,44,0,0,0,0,0,0,0,0
131318,0,0,0,0,0,0,0,0,0,0,0,0,0,0,0,0,0,0,0,44,0,0,0,0,0,42,48,15
3035514,0,0,0,0,0,0,0,0,0,0,0,0,0,0,0,0,0,0,0,43,0,0,0,0,0,20,0,0
131110,0,0,0,0,0,0,0,0,0,0,0,0,0,0,0,0,0,0,0,43,0,0,10,0,0,0,0,0
3111325,0,0,0,0,0,0,0,0,0,0,0,0,0,0,0,0,0,0,0,43,0,0,0,0,0,0,0,0
391290,0,0,0,0,0,0,0,0,0,0,0,0,0,0,0,0,0,0,0,42,0,0,0,0,0,33,42,0
3398213,0,0,0,0,0,0,0,0,0,0,0,0,0,0,0,0,0,0,0,40,0,0,0,0,0,0,0,0
10685,0,0,0,0,0,0,0,0,0,0,0,0,0,0,0,0,0,0,0,40,0,0,0,0,0,0,0,0
2576928,0,0,0,0,0,0,0,0,0,0,0,0,0,0,0,0,0,0,0,39,0,0,44,0,0,0,0,0
3409688,0,0,0,0,0,0,0,0,0,0,0,0,0,0,0,0,0,0,0,39,0,0,0,0,0,0,0,0
2303,0,0,0,0,0,0,0,0,0,0,0,0,0,0,0,0,0,0,0,39,0,0,17,0,0,17,20,0
1757,0,0,0,0,0,0,0,0,0,0,0,0,0,0,0,0,0,0,0,37,0,0,0,0,0,0,0,0
29459,0,0,0,0,0,0,0,0,0,0,0,0,0,0,0,0,0,0,0,36,0,0,0,0,0,0,39,55
2651972,0,0,0,0,0,0,0,0,0,0,0,0,0,0,0,0,0,0,0,36,0,18,0,0,0,0,12,0
2975317,0,0,0,0,0,0,0,0,0,0,0,0,0,0,0,0,0,0,0,36,0,0,0,0,0,0,0,0
2876713,0,0,0,0,0,0,0,0,0,0,0,0,0,0,0,0,0,0,0,35,0,0,0,0,0,0,0,0
642926,0,0,0,0,0,0,0,0,0,0,0,0,0,0,0,0,0,0,0,35,0,0,0,0,0,0,0,0
3066310,0,0,0,0,0,0,0,0,0,0,0,0,0,0,0,0,0,0,0,34,0,0,0,0,0,0,0,0
3066299,0,0,0,0,0,0,0,0,0,0,0,0,0,0,0,0,0,0,0,34,0,0,0,0,0,0,0,0
84599,0,0,0,0,0,0,0,0,0,0,0,0,0,0,0,0,0,0,0,34,0,0,28,0,0,17,13,0
3381355,0,0,0,0,0,0,0,0,0,0,0,0,0,0,0,0,0,0,0,32,0,0,0,0,0,0,0,0
3066130,0,0,0,0,0,0,0,0,0,0,0,0,0,0,0,0,0,0,0,32,0,0,0,0,0,0,0,0
238800,0,0,0,0,0,0,0,0,0,0,0,0,0,0,0,0,0,0,0,32,0,0,0,0,0,0,0,0
2843793,0,0,0,0,0,0,0,0,0,0,0,0,0,0,0,0,0,0,0,32,0,0,0,0,0,24,0,11
2734141,0,0,0,0,0,0,0,0,0,0,0,0,0,0,0,0,0,0,0,32,0,0,0,0,0,0,0,0
3427737,0,0,0,0,0,0,0,0,0,0,0,0,0,0,0,0,0,0,0,32,0,0,0,0,0,12,0,0
634,0,0,0,0,0,0,0,0,0,0,0,0,0,0,0,0,0,0,0,31,0,0,0,0,0,0,0,0
3348344,0,0,0,0,0,0,0,0,0,0,0,0,0,0,0,0,0,0,0,31,0,53,0,0,68,0,19,0
2843753,0,0,0,0,0,0,0,0,0,0,0,0,0,0,0,0,0,0,0,31,0,0,0,0,0,0,0,0
2608867,0,0,0,0,0,0,0,0,0,0,0,0,0,0,0,0,0,0,0,30,0,0,0,0,0,0,0,0
2954064,0,0,0,0,0,0,0,0,0,0,0,0,0,0,0,0,0,0,0,30,0,0,0,0,0,0,0,0
2829816,0,0,0,0,0,0,0,0,0,0,0,0,0,0,0,0,0,0,0,30,0,0,12,0,0,12,17,15
3028622,0,0,0,0,0,0,0,0,0,0,0,0,0,0,0,0,0,0,0,29,0,0,0,0,0,22,17,25
2045200,0,0,0,0,0,0,0,0,0,0,0,0,0,0,0,0,0,0,0,29,0,0,0,0,0,38,0,0
3060698,0,0,0,0,0,0,0,0,0,0,0,0,0,0,0,0,0,0,0,29,0,0,10,0,0,0,0,0
3133295,0,0,0,0,0,0,0,0,0,0,0,0,0,0,0,0,0,0,0,27,0,0,0,0,0,0,0,0
2921361,0,0,0,0,0,0,0,0,0,0,0,0,0,0,0,0,0,0,0,27,0,0,15,0,0,0,0,0
3133304,0,0,0,0,0,0,0,0,0,0,0,0,0,0,0,0,0,0,0,26,0,0,0,0,0,19,0,0
299308,0,0,0,0,0,0,0,0,0,0,0,0,0,0,0,0,0,0,0,26,0,0,473,0,0,0,0,12
3433152,0,0,0,0,0,0,0,0,0,0,0,0,0,0,0,0,0,0,0,26,0,0,0,0,0,0,18,0
2675776,0,0,0,0,0,0,0,0,0,0,0,0,0,0,0,0,0,0,0,25,0,0,0,0,0,14,21,24
653940,0,0,0,0,0,0,0,0,0,0,0,0,0,0,0,0,0,0,0,25,0,0,0,0,0,0,0,0
3379815,0,0,0,0,0,0,0,0,0,0,0,0,0,0,0,0,0,0,0,25,0,0,0,0,0,0,0,0
2681308,0,0,0,0,0,0,0,0,0,0,0,0,0,0,0,0,0,0,0,24,0,0,0,0,0,0,0,0
3376142,0,0,0,0,0,0,0,0,0,0,0,0,0,0,0,0,0,0,0,23,0,0,33,0,0,0,0,0
3097255,0,0,0,0,0,0,0,0,0,0,0,0,0,0,0,0,0,0,0,23,0,0,28,0,0,0,0,0
2006980,0,0,0,0,0,0,0,0,0,0,0,0,0,0,0,0,0,0,0,22,0,0,0,0,0,0,0,0
3230995,0,0,0,0,0,0,0,0,0,0,0,0,0,0,0,0,0,0,0,22,0,0,0,0,0,0,0,0
2732590,0,0,0,0,0,0,0,0,0,0,0,0,0,0,0,0,0,0,0,22,0,0,10,0,0,0,0,0
3430721,0,0,0,0,0,0,0,0,0,0,0,0,0,0,0,0,0,0,0,22,0,0,0,0,0,0,0,0
2895487,0,0,0,0,0,0,0,0,0,0,0,0,0,0,0,0,0,0,0,21,0,0,0,0,0,0,0,0
2754727,0,0,0,0,0,0,0,0,0,0,0,0,0,0,0,0,0,0,0,20,0,0,0,0,0,0,0,0
2972775,0,0,0,0,0,0,0,0,0,0,0,0,0,0,0,0,0,0,0,20,0,0,0,0,0,0,0,0
3078812,0,0,0,0,0,0,0,0,0,0,0,0,0,0,0,0,0,0,0,20,0,0,13,0,0,0,27,0
2886375,0,0,0,0,0,0,0,0,0,0,0,0,0,0,0,0,0,0,0,20,0,0,0,0,0,14,0,0
2734193,0,0,0,0,0,0,0,0,0,0,0,0,0,0,0,0,0,0,0,20,0,0,0,0,0,14,14,0
548913,0,0,0,0,0,0,0,0,0,0,0,0,0,0,0,0,0,0,0,20,0,0,0,0,0,0,0,0
497725,0,0,0,0,0,0,0,0,0,0,0,0,0,0,0,0,0,0,0,19,0,0,0,0,0,0,0,0
110163,0,0,0,0,0,0,0,0,0,0,0,0,0,0,0,0,0,0,0,19,0,0,0,0,0,0,10,0
1283076,0,0,0,0,0,0,0,0,0,0,0,0,0,0,0,0,0,0,0,19,0,0,0,0,0,15,0,0
3432031,0,0,0,0,0,0,0,0,0,0,0,0,0,0,0,0,0,0,0,19,0,0,0,0,0,0,0,0
2883236,0,0,0,0,0,0,0,0,0,0,0,0,0,0,0,0,0,0,0,18,0,0,56,0,0,61,54,0
142058,0,0,0,0,0,0,0,0,0,0,0,0,0,0,0,0,0,0,0,18,0,0,0,0,0,0,0,0
2932182,0,0,0,0,0,0,0,0,0,0,0,0,0,0,0,0,0,0,0,18,0,0,0,0,0,13,0,0
2734115,0,0,0,0,0,0,0,0,0,0,0,0,0,0,0,0,0,0,0,18,0,0,0,0,0,0,0,0
2478464,0,0,0,0,0,0,0,0,0,0,0,0,0,0,0,0,0,0,0,17,0,0,0,0,0,0,0,0
1921710,0,0,0,0,0,0,0,0,0,0,0,0,0,0,0,0,0,0,0,17,0,0,0,0,0,0,0,0
1068590,0,0,0,0,0,0,0,0,0,0,0,0,0,0,0,0,0,0,0,16,0,0,0,0,0,0,0,0
2929495,0,0,0,0,0,0,0,0,0,0,0,0,0,0,0,0,0,0,0,16,0,0,0,0,0,0,0,0
338644,0,0,0,0,0,0,0,0,0,0,0,0,0,0,0,0,0,0,0,16,0,0,21,0,0,18,10,0
3418422,0,0,0,0,0,0,0,0,0,0,0,0,0,0,0,0,0,0,0,16,0,0,0,0,0,0,0,0
2853159,0,0,0,0,0,0,0,0,0,0,0,0,0,0,0,0,0,0,0,15,0,0,0,0,0,0,0,0
3042029,0,0,0,0,0,0,0,0,0,0,0,0,0,0,0,0,0,0,0,15,0,0,0,0,0,0,0,0
3230996,0,0,0,0,0,0,0,0,0,0,0,0,0,0,0,0,0,0,0,15,0,0,0,0,0,0,0,0
882104,0,0,0,0,0,0,0,0,0,0,0,0,0,0,0,0,0,0,0,15,0,11,14,0,23,0,16,14
2934340,0,0,0,0,0,0,0,0,0,0,0,0,0,0,0,0,0,0,0,15,0,0,0,0,0,0,0,0
1920763,0,0,0,0,0,0,0,0,0,0,0,0,0,0,0,0,0,0,0,15,0,0,0,0,0,13,0,0
1105380,0,0,0,0,0,0,0,0,0,0,0,0,0,0,0,0,0,0,0,15,0,0,0,0,0,12,20,24
3047765,0,0,0,0,0,0,0,0,0,0,0,0,0,0,0,0,0,0,0,15,0,0,0,0,0,0,0,0
2316720,0,0,0,0,0,0,0,0,0,0,0,0,0,0,0,0,0,0,0,14,0,0,0,0,0,0,0,0
2560631,0,0,0,0,0,0,0,0,0,0,0,0,0,0,0,0,0,0,0,14,0,0,0,0,0,0,0,0
417280,0,0,0,0,0,0,0,0,0,0,0,0,0,0,0,0,0,0,0,14,0,0,0,0,0,0,0,0
2956139,0,0,0,0,0,0,0,0,0,0,0,0,0,0,0,0,0,0,0,14,0,0,0,0,0,0,0,0
3436239,0,0,0,0,0,0,0,0,0,0,0,0,0,0,0,0,0,0,0,13,0,0,0,0,0,0,0,0
931100,0,0,0,0,0,0,0,0,0,0,0,0,0,0,0,0,0,0,0,13,0,0,0,0,0,0,0,0
1863,0,0,0,0,0,0,0,0,0,0,0,0,0,0,0,0,0,0,0,13,0,0,0,0,0,0,0,0
1846278,0,0,0,0,0,0,0,0,0,0,0,0,0,0,0,0,0,0,0,13,0,0,0,0,0,0,0,0
2734134,0,0,0,0,0,0,0,0,0,0,0,0,0,0,0,0,0,0,0,13,0,0,0,0,0,0,0,0
2955562,0,0,0,0,0,0,0,0,0,0,0,0,0,0,0,0,0,0,0,13,0,0,0,0,0,0,0,0
3050350,0,0,0,0,0,0,0,0,0,0,0,0,0,0,0,0,0,0,0,13,0,0,0,0,0,0,0,0
3427847,0,0,0,0,0,0,0,0,0,0,0,0,0,0,0,0,0,0,0,13,0,0,0,0,0,0,0,0
3240497,0,0,0,0,0,0,0,0,0,0,0,0,0,0,0,0,0,0,0,13,0,0,0,0,0,0,0,0
1923706,0,0,0,0,0,0,0,0,0,0,0,0,0,0,0,0,0,0,0,13,0,0,0,0,0,0,0,0
1923698,0,0,0,0,0,0,0,0,0,0,0,0,0,0,0,0,0,0,0,13,0,0,0,0,0,0,0,0
3038539,0,0,0,0,0,0,0,0,0,0,0,0,0,0,0,0,0,0,0,12,0,0,0,0,0,10,0,0
2576923,0,0,0,0,0,0,0,0,0,0,0,0,0,0,0,0,0,0,0,12,0,0,0,0,0,0,0,0
492,0,0,0,0,0,0,0,0,0,0,0,0,0,0,0,0,0,0,0,12,0,0,10,0,0,0,0,0
2929490,0,0,0,0,0,0,0,0,0,0,0,0,0,0,0,0,0,0,0,12,0,0,0,0,0,16,21,0
2104,0,0,0,0,0,0,0,0,0,0,0,0,0,0,0,0,0,0,0,12,0,0,11,0,0,0,0,0
2016373,0,0,0,0,0,0,0,0,0,0,0,0,0,0,0,0,0,0,0,12,0,0,0,0,0,0,0,0
181486,0,0,0,0,0,0,0,0,0,0,0,0,0,0,0,0,0,0,0,12,0,0,0,0,0,0,16,0
2275,0,0,0,0,0,0,0,0,0,0,0,0,0,0,0,0,0,0,0,12,0,0,0,0,0,0,0,13
2675785,0,0,0,0,0,0,0,0,0,0,0,0,0,0,0,0,0,0,0,11,0,0,0,0,0,0,0,0
3394854,0,0,0,0,0,0,0,0,0,0,0,0,0,0,0,0,0,0,0,11,0,0,0,0,0,0,0,0
3049799,0,0,0,0,0,0,0,0,0,0,0,0,0,0,0,0,0,0,0,11,0,0,18,0,0,0,0,0
79604,0,0,0,0,0,0,0,0,0,0,0,0,0,0,0,0,0,0,0,11,0,0,0,0,0,0,0,0
184117,0,0,0,0,0,0,0,0,0,0,0,0,0,0,0,0,0,0,0,11,0,0,0,0,0,0,0,0
754058,0,0,0,0,0,0,0,0,0,0,0,0,0,0,0,0,0,0,0,11,0,0,0,0,0,0,0,0
2956698,0,0,0,0,0,0,0,0,0,0,0,0,0,0,0,0,0,0,0,11,0,0,0,0,0,0,0,0
2734195,0,0,0,0,0,0,0,0,0,0,0,0,0,0,0,0,0,0,0,11,0,0,0,0,0,0,10,0
3050324,0,0,0,0,0,0,0,0,0,0,0,0,0,0,0,0,0,0,0,11,0,0,0,0,0,11,0,0
3428200,0,0,0,0,0,0,0,0,0,0,0,0,0,0,0,0,0,0,0,11,0,0,0,0,0,0,0,0
3433814,0,0,0,0,0,0,0,0,0,0,0,0,0,0,0,0,0,0,0,11,0,0,0,0,0,0,0,0
1527523,0,0,0,0,0,0,0,0,0,0,0,0,0,0,0,0,0,0,0,11,0,0,0,0,0,0,0,14
38308,0,0,0,0,0,0,0,0,0,0,0,0,0,0,0,0,0,0,0,10,0,0,0,0,0,16,0,0
678601,0,0,0,0,0,0,0,0,0,0,0,0,0,0,0,0,0,0,0,10,0,0,0,0,0,0,12,0
2845137,0,0,0,0,0,0,0,0,0,0,0,0,0,0,0,0,0,0,0,10,0,0,0,0,0,0,0,0
2955986,0,0,0,0,0,0,0,0,0,0,0,0,0,0,0,0,0,0,0,10,0,0,0,0,0,0,0,0
2843993,0,0,0,0,0,0,0,0,0,0,0,0,0,0,0,0,0,0,0,10,0,0,0,0,0,0,0,0
2560269,0,0,0,0,0,0,0,0,0,0,0,0,0,0,0,0,0,0,0,10,0,0,13,0,0,0,0,0
3050251,0,0,0,0,0,0,0,0,0,0,0,0,0,0,0,0,0,0,0,10,0,0,0,0,0,0,0,0
1931371,0,0,0,0,0,0,0,0,0,0,0,0,0,0,0,0,0,0,0,10,0,0,0,0,0,0,0,0
1497848,0,0,0,0,0,0,0,0,0,0,0,0,0,0,0,0,0,0,0,10,0,0,0,0,0,0,0,0
1922892,0,0,0,0,0,0,0,0,0,0,0,0,0,0,0,0,0,0,0,10,0,0,0,0,0,0,0,0
362830,0,0,0,0,0,0,0,0,0,0,0,0,0,0,0,0,0,0,0,10,0,0,0,0,0,0,0,0
3463858,0,0,0,0,0,0,0,0,0,0,0,0,0,0,0,0,0,0,0,0,429,0,0,0,0,0,0,0
2851540,0,0,0,0,0,0,0,0,0,0,0,0,0,0,0,0,0,0,0,0,89,0,0,0,0,0,0,0
2757,0,0,0,0,0,0,0,0,0,0,0,0,0,0,0,0,0,0,0,0,21,0,11,0,0,0,0,0
80852,0,0,0,0,0,0,0,0,0,0,0,0,0,0,0,0,0,0,0,0,19,0,0,0,0,0,0,0
2844071,0,0,0,0,0,0,0,0,0,0,0,0,0,0,0,0,0,0,0,0,13,0,0,0,0,0,0,0
220752,0,0,0,0,0,0,0,0,0,0,0,0,0,0,0,0,0,0,0,0,12,0,0,0,0,0,0,0
1884904,0,0,0,0,0,0,0,0,0,0,0,0,0,0,0,0,0,0,0,0,10,0,0,0,0,0,0,0
1712654,0,0,0,0,0,0,0,0,0,0,0,0,0,0,0,0,0,0,0,0,10,0,14,0,0,0,0,0
2975676,0,0,0,0,0,0,0,0,0,0,0,0,0,0,0,0,0,0,0,0,0,187,0,0,321,0,0,0
3068989,0,0,0,0,0,0,0,0,0,0,0,0,0,0,0,0,0,0,0,0,0,75,0,0,0,0,0,0
2817413,0,0,0,0,0,0,0,0,0,0,0,0,0,0,0,0,0,0,0,0,0,50,0,0,0,0,0,0
2708348,0,0,0,0,0,0,0,0,0,0,0,0,0,0,0,0,0,0,0,0,0,42,0,0,0,0,0,0
234828,0,0,0,0,0,0,0,0,0,0,0,0,0,0,0,0,0,0,0,0,0,40,0,0,89,0,0,0
1386941,0,0,0,0,0,0,0,0,0,0,0,0,0,0,0,0,0,0,0,0,0,29,0,0,0,0,0,0
3047815,0,0,0,0,0,0,0,0,0,0,0,0,0,0,0,0,0,0,0,0,0,28,0,27,38,0,0,0
3077944,0,0,0,0,0,0,0,0,0,0,0,0,0,0,0,0,0,0,0,0,0,27,74,0,22,0,0,0
86188,0,0,0,0,0,0,0,0,0,0,0,0,0,0,0,0,0,0,0,0,0,26,0,0,18,0,0,0
2072412,0,0,0,0,0,0,0,0,0,0,0,0,0,0,0,0,0,0,0,0,0,20,0,0,0,0,0,0
2849641,0,0,0,0,0,0,0,0,0,0,0,0,0,0,0,0,0,0,0,0,0,19,20,0,0,0,0,0
3230991,0,0,0,0,0,0,0,0,0,0,0,0,0,0,0,0,0,0,0,0,0,18,17,0,0,0,0,0
1470200,0,0,0,0,0,0,0,0,0,0,0,0,0,0,0,0,0,0,0,0,0,12,13,0,0,0,0,0
2242,0,0,0,0,0,0,0,0,0,0,0,0,0,0,0,0,0,0,0,0,0,12,0,0,12,0,0,0
2954099,0,0,0,0,0,0,0,0,0,0,0,0,0,0,0,0,0,0,0,0,0,0,546,0,0,0,0,0
3243383,0,0,0,0,0,0,0,0,0,0,0,0,0,0,0,0,0,0,0,0,0,0,526,0,0,0,0,0
2083051,0,0,0,0,0,0,0,0,0,0,0,0,0,0,0,0,0,0,0,0,0,0,517,0,0,0,0,0
599,0,0,0,0,0,0,0,0,0,0,0,0,0,0,0,0,0,0,0,0,0,0,504,0,0,0,0,0
2903857,0,0,0,0,0,0,0,0,0,0,0,0,0,0,0,0,0,0,0,0,0,0,432,0,0,0,0,0
2903764,0,0,0,0,0,0,0,0,0,0,0,0,0,0,0,0,0,0,0,0,0,0,277,0,0,0,0,0
2975942,0,0,0,0,0,0,0,0,0,0,0,0,0,0,0,0,0,0,0,0,0,0,220,0,0,0,0,0
3243395,0,0,0,0,0,0,0,0,0,0,0,0,0,0,0,0,0,0,0,0,0,0,219,0,0,0,0,0
2893881,0,0,0,0,0,0,0,0,0,0,0,0,0,0,0,0,0,0,0,0,0,0,205,0,0,0,0,0
2921645,0,0,0,0,0,0,0,0,0,0,0,0,0,0,0,0,0,0,0,0,0,0,177,0,0,0,0,0
3049084,0,0,0,0,0,0,0,0,0,0,0,0,0,0,0,0,0,0,0,0,0,0,165,0,0,0,0,0
3015951,0,0,0,0,0,0,0,0,0,0,0,0,0,0,0,0,0,0,0,0,0,0,125,0,0,0,0,0
35790,0,0,0,0,0,0,0,0,0,0,0,0,0,0,0,0,0,0,0,0,0,0,121,0,0,0,0,0
1292359,0,0,0,0,0,0,0,0,0,0,0,0,0,0,0,0,0,0,0,0,0,0,119,0,0,0,0,0
3427229,0,0,0,0,0,0,0,0,0,0,0,0,0,0,0,0,0,0,0,0,0,0,113,0,0,0,0,0
1536775,0,0,0,0,0,0,0,0,0,0,0,0,0,0,0,0,0,0,0,0,0,0,98,0,0,0,0,0
2903663,0,0,0,0,0,0,0,0,0,0,0,0,0,0,0,0,0,0,0,0,0,0,98,0,0,0,0,0
2954741,0,0,0,0,0,0,0,0,0,0,0,0,0,0,0,0,0,0,0,0,0,0,96,0,0,0,0,0
2796140,0,0,0,0,0,0,0,0,0,0,0,0,0,0,0,0,0,0,0,0,0,0,93,0,0,0,0,0
3019934,0,0,0,0,0,0,0,0,0,0,0,0,0,0,0,0,0,0,0,0,0,0,91,0,0,0,0,0
2937433,0,0,0,0,0,0,0,0,0,0,0,0,0,0,0,0,0,0,0,0,0,0,90,0,0,0,0,0
3404063,0,0,0,0,0,0,0,0,0,0,0,0,0,0,0,0,0,0,0,0,0,0,85,0,0,0,0,0
284035,0,0,0,0,0,0,0,0,0,0,0,0,0,0,0,0,0,0,0,0,0,0,83,0,0,0,0,0
2774933,0,0,0,0,0,0,0,0,0,0,0,0,0,0,0,0,0,0,0,0,0,0,82,0,0,0,0,0
2954560,0,0,0,0,0,0,0,0,0,0,0,0,0,0,0,0,0,0,0,0,0,0,81,0,0,0,0,0
2903837,0,0,0,0,0,0,0,0,0,0,0,0,0,0,0,0,0,0,0,0,0,0,80,0,0,0,0,0
3066282,0,0,0,0,0,0,0,0,0,0,0,0,0,0,0,0,0,0,0,0,0,0,80,0,0,0,0,0
2921652,0,0,0,0,0,0,0,0,0,0,0,0,0,0,0,0,0,0,0,0,0,0,78,0,0,0,0,0
1917158,0,0,0,0,0,0,0,0,0,0,0,0,0,0,0,0,0,0,0,0,0,0,76,0,0,0,0,0
2751177,0,0,0,0,0,0,0,0,0,0,0,0,0,0,0,0,0,0,0,0,0,0,68,0,0,0,0,0
1643512,0,0,0,0,0,0,0,0,0,0,0,0,0,0,0,0,0,0,0,0,0,0,67,0,0,0,0,0
1920114,0,0,0,0,0,0,0,0,0,0,0,0,0,0,0,0,0,0,0,0,0,0,66,0,0,0,0,0
28321,0,0,0,0,0,0,0,0,0,0,0,0,0,0,0,0,0,0,0,0,0,0,64,0,0,0,0,0
2817409,0,0,0,0,0,0,0,0,0,0,0,0,0,0,0,0,0,0,0,0,0,0,63,0,0,0,0,0
2996785,0,0,0,0,0,0,0,0,0,0,0,0,0,0,0,0,0,0,0,0,0,0,58,0,0,0,0,0
3438232,0,0,0,0,0,0,0,0,0,0,0,0,0,0,0,0,0,0,0,0,0,0,58,0,0,0,0,0
1508644,0,0,0,0,0,0,0,0,0,0,0,0,0,0,0,0,0,0,0,0,0,0,53,0,0,0,0,0
3394331,0,0,0,0,0,0,0,0,0,0,0,0,0,0,0,0,0,0,0,0,0,0,52,0,0,0,0,0
2774834,0,0,0,0,0,0,0,0,0,0,0,0,0,0,0,0,0,0,0,0,0,0,51,0,0,0,0,0
1727196,0,0,0,0,0,0,0,0,0,0,0,0,0,0,0,0,0,0,0,0,0,0,50,0,0,0,0,0
2856522,0,0,0,0,0,0,0,0,0,0,0,0,0,0,0,0,0,0,0,0,0,0,48,0,0,0,0,0
3390729,0,0,0,0,0,0,0,0,0,0,0,0,0,0,0,0,0,0,0,0,0,0,47,0,0,0,0,0
2654192,0,0,0,0,0,0,0,0,0,0,0,0,0,0,0,0,0,0,0,0,0,0,45,0,0,0,0,0
3032287,0,0,0,0,0,0,0,0,0,0,0,0,0,0,0,0,0,0,0,0,0,0,42,0,0,0,0,0
1930593,0,0,0,0,0,0,0,0,0,0,0,0,0,0,0,0,0,0,0,0,0,0,40,0,0,0,0,0
3066300,0,0,0,0,0,0,0,0,0,0,0,0,0,0,0,0,0,0,0,0,0,0,40,0,0,0,0,0
2903838,0,0,0,0,0,0,0,0,0,0,0,0,0,0,0,0,0,0,0,0,0,0,39,0,0,0,0,0
2933777,0,0,0,0,0,0,0,0,0,0,0,0,0,0,0,0,0,0,0,0,0,0,35,0,0,0,0,0
3059822,0,0,0,0,0,0,0,0,0,0,0,0,0,0,0,0,0,0,0,0,0,0,35,0,0,0,0,0
1795888,0,0,0,0,0,0,0,0,0,0,0,0,0,0,0,0,0,0,0,0,0,0,34,0,0,0,0,0
1982225,0,0,0,0,0,0,0,0,0,0,0,0,0,0,0,0,0,0,0,0,0,0,34,0,0,0,0,0
2072409,0,0,0,0,0,0,0,0,0,0,0,0,0,0,0,0,0,0,0,0,0,0,31,0,0,0,0,0
2850561,0,0,0,0,0,0,0,0,0,0,0,0,0,0,0,0,0,0,0,0,0,0,31,0,0,0,0,0
3439066,0,0,0,0,0,0,0,0,0,0,0,0,0,0,0,0,0,0,0,0,0,0,31,0,0,0,0,0
1674922,0,0,0,0,0,0,0,0,0,0,0,0,0,0,0,0,0,0,0,0,0,0,30,0,0,0,0,0
2610902,0,0,0,0,0,0,0,0,0,0,0,0,0,0,0,0,0,0,0,0,0,0,30,0,0,0,0,0
3090665,0,0,0,0,0,0,0,0,0,0,0,0,0,0,0,0,0,0,0,0,0,0,29,0,0,0,0,0
3429804,0,0,0,0,0,0,0,0,0,0,0,0,0,0,0,0,0,0,0,0,0,0,29,0,0,0,0,0
487529,0,0,0,0,0,0,0,0,0,0,0,0,0,0,0,0,0,0,0,0,0,0,28,0,0,0,0,0
1705617,0,0,0,0,0,0,0,0,0,0,0,0,0,0,0,0,0,0,0,0,0,0,28,0,0,0,0,0
2781952,0,0,0,0,0,0,0,0,0,0,0,0,0,0,0,0,0,0,0,0,0,0,27,0,0,0,0,0
2886505,0,0,0,0,0,0,0,0,0,0,0,0,0,0,0,0,0,0,0,0,0,0,27,0,0,0,0,0
2734369,0,0,0,0,0,0,0,0,0,0,0,0,0,0,0,0,0,0,0,0,0,0,27,0,0,0,0,0
2734120,0,0,0,0,0,0,0,0,0,0,0,0,0,0,0,0,0,0,0,0,0,0,25,0,0,0,0,0
3066235,0,0,0,0,0,0,0,0,0,0,0,0,0,0,0,0,0,0,0,0,0,0,24,0,0,0,0,0
2709394,0,0,0,0,0,0,0,0,0,0,0,0,0,0,0,0,0,0,0,0,0,0,24,0,0,0,0,0
78398,0,0,0,0,0,0,0,0,0,0,0,0,0,0,0,0,0,0,0,0,0,0,23,0,0,0,16,0
2785123,0,0,0,0,0,0,0,0,0,0,0,0,0,0,0,0,0,0,0,0,0,0,23,0,0,0,0,0
2067959,0,0,0,0,0,0,0,0,0,0,0,0,0,0,0,0,0,0,0,0,0,0,22,0,0,0,0,0
3410924,0,0,0,0,0,0,0,0,0,0,0,0,0,0,0,0,0,0,0,0,0,0,22,0,0,0,0,0
2003551,0,0,0,0,0,0,0,0,0,0,0,0,0,0,0,0,0,0,0,0,0,0,22,0,0,0,108,0
1175445,0,0,0,0,0,0,0,0,0,0,0,0,0,0,0,0,0,0,0,0,0,0,22,0,0,0,0,0
3235106,0,0,0,0,0,0,0,0,0,0,0,0,0,0,0,0,0,0,0,0,0,0,21,0,0,0,0,0
2204145,0,0,0,0,0,0,0,0,0,0,0,0,0,0,0,0,0,0,0,0,0,0,20,0,0,0,0,0
3418365,0,0,0,0,0,0,0,0,0,0,0,0,0,0,0,0,0,0,0,0,0,0,20,0,0,0,0,0
56636,0,0,0,0,0,0,0,0,0,0,0,0,0,0,0,0,0,0,0,0,0,0,20,0,0,0,0,0
326927,0,0,0,0,0,0,0,0,0,0,0,0,0,0,0,0,0,0,0,0,0,0,19,0,0,0,0,0
3051120,0,0,0,0,0,0,0,0,0,0,0,0,0,0,0,0,0,0,0,0,0,0,19,0,0,0,0,0
157339,0,0,0,0,0,0,0,0,0,0,0,0,0,0,0,0,0,0,0,0,0,0,19,0,0,0,0,0
34020,0,0,0,0,0,0,0,0,0,0,0,0,0,0,0,0,0,0,0,0,0,0,19,0,0,0,0,0
2734158,0,0,0,0,0,0,0,0,0,0,0,0,0,0,0,0,0,0,0,0,0,0,19,0,0,0,0,0
3450718,0,0,0,0,0,0,0,0,0,0,0,0,0,0,0,0,0,0,0,0,0,0,18,0,0,0,0,0
1844051,0,0,0,0,0,0,0,0,0,0,0,0,0,0,0,0,0,0,0,0,0,0,17,0,0,0,0,0
2560334,0,0,0,0,0,0,0,0,0,0,0,0,0,0,0,0,0,0,0,0,0,0,17,0,0,0,0,0
3060397,0,0,0,0,0,0,0,0,0,0,0,0,0,0,0,0,0,0,0,0,0,0,17,0,0,0,0,0
3426175,0,0,0,0,0,0,0,0,0,0,0,0,0,0,0,0,0,0,0,0,0,0,17,0,0,0,0,0
2066049,0,0,0,0,0,0,0,0,0,0,0,0,0,0,0,0,0,0,0,0,0,0,16,0,0,0,0,0
1936021,0,0,0,0,0,0,0,0,0,0,0,0,0,0,0,0,0,0,0,0,0,0,16,0,0,0,0,0
2590775,0,0,0,0,0,0,0,0,0,0,0,0,0,0,0,0,0,0,0,0,0,0,16,0,0,0,0,0
2097,0,0,0,0,0,0,0,0,0,0,0,0,0,0,0,0,0,0,0,0,0,0,16,0,0,0,0,0
3060524,0,0,0,0,0,0,0,0,0,0,0,0,0,0,0,0,0,0,0,0,0,0,16,0,0,0,0,0
2843760,0,0,0,0,0,0,0,0,0,0,0,0,0,0,0,0,0,0,0,0,0,0,16,0,0,0,0,0
3050308,0,0,0,0,0,0,0,0,0,0,0,0,0,0,0,0,0,0,0,0,0,0,16,0,0,0,0,0
2984142,0,0,0,0,0,0,0,0,0,0,0,0,0,0,0,0,0,0,0,0,0,0,15,0,0,0,0,0
3060716,0,0,0,0,0,0,0,0,0,0,0,0,0,0,0,0,0,0,0,0,0,0,15,0,0,0,0,0
1586712,0,0,0,0,0,0,0,0,0,0,0,0,0,0,0,0,0,0,0,0,0,0,15,0,0,0,0,0
3428816,0,0,0,0,0,0,0,0,0,0,0,0,0,0,0,0,0,0,0,0,0,0,15,0,0,0,0,0
2741499,0,0,0,0,0,0,0,0,0,0,0,0,0,0,0,0,0,0,0,0,0,0,14,0,0,0,0,0
2018052,0,0,0,0,0,0,0,0,0,0,0,0,0,0,0,0,0,0,0,0,0,0,14,0,0,0,0,0
54252,0,0,0,0,0,0,0,0,0,0,0,0,0,0,0,0,0,0,0,0,0,0,14,0,0,0,0,0
2842350,0,0,0,0,0,0,0,0,0,0,0,0,0,0,0,0,0,0,0,0,0,0,13,0,0,0,0,0
1920990,0,0,0,0,0,0,0,0,0,0,0,0,0,0,0,0,0,0,0,0,0,0,13,0,0,0,0,0
67307,0,0,0,0,0,0,0,0,0,0,0,0,0,0,0,0,0,0,0,0,0,0,13,0,0,0,0,0
35780,0,0,0,0,0,0,0,0,0,0,0,0,0,0,0,0,0,0,0,0,0,0,13,0,0,0,0,0
2993314,0,0,0,0,0,0,0,0,0,0,0,0,0,0,0,0,0,0,0,0,0,0,13,0,0,0,0,0
113653,0,0,0,0,0,0,0,0,0,0,0,0,0,0,0,0,0,0,0,0,0,0,13,0,0,0,0,0
242703,0,0,0,0,0,0,0,0,0,0,0,0,0,0,0,0,0,0,0,0,0,0,13,0,0,0,0,0
2045011,0,0,0,0,0,0,0,0,0,0,0,0,0,0,0,0,0,0,0,0,0,0,13,0,0,0,0,0
2955765,0,0,0,0,0,0,0,0,0,0,0,0,0,0,0,0,0,0,0,0,0,0,13,0,0,0,0,0
2560554,0,0,0,0,0,0,0,0,0,0,0,0,0,0,0,0,0,0,0,0,0,0,13,0,0,0,0,0
2956556,0,0,0,0,0,0,0,0,0,0,0,0,0,0,0,0,0,0,0,0,0,0,13,0,0,0,0,0
2734008,0,0,0,0,0,0,0,0,0,0,0,0,0,0,0,0,0,0,0,0,0,0,13,0,0,0,0,0
1725232,0,0,0,0,0,0,0,0,0,0,0,0,0,0,0,0,0,0,0,0,0,0,12,0,0,0,0,0
2488819,0,0,0,0,0,0,0,0,0,0,0,0,0,0,0,0,0,0,0,0,0,0,12,0,0,0,0,0
1536648,0,0,0,0,0,0,0,0,0,0,0,0,0,0,0,0,0,0,0,0,0,0,12,0,0,0,0,0
121277,0,0,0,0,0,0,0,0,0,0,0,0,0,0,0,0,0,0,0,0,0,0,12,0,0,0,0,0
2955958,0,0,0,0,0,0,0,0,0,0,0,0,0,0,0,0,0,0,0,0,0,0,12,0,0,0,0,0
2955429,0,0,0,0,0,0,0,0,0,0,0,0,0,0,0,0,0,0,0,0,0,0,12,0,0,0,0,0
1173297,0,0,0,0,0,0,0,0,0,0,0,0,0,0,0,0,0,0,0,0,0,0,12,0,0,0,0,0
3427055,0,0,0,0,0,0,0,0,0,0,0,0,0,0,0,0,0,0,0,0,0,0,12,0,0,0,0,0
53952,0,0,0,0,0,0,0,0,0,0,0,0,0,0,0,0,0,0,0,0,0,0,11,0,0,0,0,10
2955583,0,0,0,0,0,0,0,0,0,0,0,0,0,0,0,0,0,0,0,0,0,0,11,0,0,0,0,0
2734235,0,0,0,0,0,0,0,0,0,0,0,0,0,0,0,0,0,0,0,0,0,0,11,0,0,0,0,0
2955208,0,0,0,0,0,0,0,0,0,0,0,0,0,0,0,0,0,0,0,0,0,0,10,0,0,0,0,0
131081,0,0,0,0,0,0,0,0,0,0,0,0,0,0,0,0,0,0,0,0,0,0,10,0,0,0,0,0
65123,0,0,0,0,0,0,0,0,0,0,0,0,0,0,0,0,0,0,0,0,0,0,10,0,0,0,0,0
2956014,0,0,0,0,0,0,0,0,0,0,0,0,0,0,0,0,0,0,0,0,0,0,10,0,0,0,0,0
2841283,0,0,0,0,0,0,0,0,0,0,0,0,0,0,0,0,0,0,0,0,0,0,10,0,0,0,0,0
2956210,0,0,0,0,0,0,0,0,0,0,0,0,0,0,0,0,0,0,0,0,0,0,10,0,0,0,0,0
3048436,0,0,0,0,0,0,0,0,0,0,0,0,0,0,0,0,0,0,0,0,0,0,10,0,0,0,0,0
3047858,0,0,0,0,0,0,0,0,0,0,0,0,0,0,0,0,0,0,0,0,0,0,10,0,0,0,0,0
2020311,0,0,0,0,0,0,0,0,0,0,0,0,0,0,0,0,0,0,0,0,0,0,0,47,0,0,0,0
75588,0,0,0,0,0,0,0,0,0,0,0,0,0,0,0,0,0,0,0,0,0,0,0,0,20,0,0,0
2903668,0,0,0,0,0,0,0,0,0,0,0,0,0,0,0,0,0,0,0,0,0,0,0,0,0,87,0,0
2774835,0,0,0,0,0,0,0,0,0,0,0,0,0,0,0,0,0,0,0,0,0,0,0,0,0,70,48,0
2976834,0,0,0,0,0,0,0,0,0,0,0,0,0,0,0,0,0,0,0,0,0,0,0,0,0,60,0,0
3066312,0,0,0,0,0,0,0,0,0,0,0,0,0,0,0,0,0,0,0,0,0,0,0,0,0,60,0,0
2811425,0,0,0,0,0,0,0,0,0,0,0,0,0,0,0,0,0,0,0,0,0,0,0,0,0,55,0,73
2975719,0,0,0,0,0,0,0,0,0,0,0,0,0,0,0,0,0,0,0,0,0,0,0,0,0,52,0,0
2834819,0,0,0,0,0,0,0,0,0,0,0,0,0,0,0,0,0,0,0,0,0,0,0,0,0,50,0,0
2778078,0,0,0,0,0,0,0,0,0,0,0,0,0,0,0,0,0,0,0,0,0,0,0,0,0,25,0,0
2785124,0,0,0,0,0,0,0,0,0,0,0,0,0,0,0,0,0,0,0,0,0,0,0,0,0,21,0,0
3050267,0,0,0,0,0,0,0,0,0,0,0,0,0,0,0,0,0,0,0,0,0,0,0,0,0,21,0,0
2675774,0,0,0,0,0,0,0,0,0,0,0,0,0,0,0,0,0,0,0,0,0,0,0,0,0,20,0,0
1196056,0,0,0,0,0,0,0,0,0,0,0,0,0,0,0,0,0,0,0,0,0,0,0,0,0,19,0,0
3066321,0,0,0,0,0,0,0,0,0,0,0,0,0,0,0,0,0,0,0,0,0,0,0,0,0,17,0,0
3428204,0,0,0,0,0,0,0,0,0,0,0,0,0,0,0,0,0,0,0,0,0,0,0,0,0,17,20,0
3388844,0,0,0,0,0,0,0,0,0,0,0,0,0,0,0,0,0,0,0,0,0,0,0,0,0,14,0,0
2955294,0,0,0,0,0,0,0,0,0,0,0,0,0,0,0,0,0,0,0,0,0,0,0,0,0,14,0,0
2976676,0,0,0,0,0,0,0,0,0,0,0,0,0,0,0,0,0,0,0,0,0,0,0,0,0,10,0,0
75291,0,0,0,0,0,0,0,0,0,0,0,0,0,0,0,0,0,0,0,0,0,0,0,0,0,10,0,0
2722751,0,0,0,0,0,0,0,0,0,0,0,0,0,0,0,0,0,0,0,0,0,0,0,0,0,10,0,0
229980,0,0,0,0,0,0,0,0,0,0,0,0,0,0,0,0,0,0,0,0,0,0,0,0,0,10,0,0
2976005,0,0,0,0,0,0,0,0,0,0,0,0,0,0,0,0,0,0,0,0,0,0,0,0,0,0,78,0
2921465,0,0,0,0,0,0,0,0,0,0,0,0,0,0,0,0,0,0,0,0,0,0,0,0,0,0,54,53
1773,0,0,0,0,0,0,0,0,0,0,0,0,0,0,0,0,0,0,0,0,0,0,0,0,0,0,50,0
2768165,0,0,0,0,0,0,0,0,0,0,0,0,0,0,0,0,0,0,0,0,0,0,0,0,0,0,44,0
3133312,0,0,0,0,0,0,0,0,0,0,0,0,0,0,0,0,0,0,0,0,0,0,0,0,0,0,42,0
1758390,0,0,0,0,0,0,0,0,0,0,0,0,0,0,0,0,0,0,0,0,0,0,0,0,0,0,41,28
3151598,0,0,0,0,0,0,0,0,0,0,0,0,0,0,0,0,0,0,0,0,0,0,0,0,0,0,35,0
3042028,0,0,0,0,0,0,0,0,0,0,0,0,0,0,0,0,0,0,0,0,0,0,0,0,0,0,29,0
2931399,0,0,0,0,0,0,0,0,0,0,0,0,0,0,0,0,0,0,0,0,0,0,0,0,0,0,22,0
3377113,0,0,0,0,0,0,0,0,0,0,0,0,0,0,0,0,0,0,0,0,0,0,0,0,0,0,19,0
2904129,0,0,0,0,0,0,0,0,0,0,0,0,0,0,0,0,0,0,0,0,0,0,0,0,0,0,16,0
3048337,0,0,0,0,0,0,0,0,0,0,0,0,0,0,0,0,0,0,0,0,0,0,0,0,0,0,12,0
3068506,0,0,0,0,0,0,0,0,0,0,0,0,0,0,0,0,0,0,0,0,0,0,0,0,0,0,10,0
1902245,0,0,0,0,0,0,0,0,0,0,0,0,0,0,0,0,0,0,0,0,0,0,0,0,0,0,10,0
3060540,0,0,0,0,0,0,0,0,0,0,0,0,0,0,0,0,0,0,0,0,0,0,0,0,0,0,10,0
1340801,0,0,0,0,0,0,0,0,0,0,0,0,0,0,0,0,0,0,0,0,0,0,0,0,0,0,10,0
2749077,0,0,0,0,0,0,0,0,0,0,0,0,0,0,0,0,0,0,0,0,0,0,0,0,0,0,0,53
3378073,0,0,0,0,0,0,0,0,0,0,0,0,0,0,0,0,0,0,0,0,0,0,0,0,0,0,0,35
2170403,0,0,0,0,0,0,0,0,0,0,0,0,0,0,0,0,0,0,0,0,0,0,0,0,0,0,0,10
