,122021_Coralina_2021_Baya_027_PSTR4_S34,122021_Coralina_2021_Baya_033_PSTR7_S35,122021_Coralina_2021_Baya_035_PSTR_S32,122021_Coralina_2021_Baya_037_PSTR_S33
2057741,1471.793861,4442.652566,22942.80593,9828.686356
5722,2761.133938,4698.512138,4464.722177,4082.316745
562,8120.409767,5349.791048,4766.172397,5423.136321
588596,9353.79735,11505.92741,9931.562653,10163.89125
573,2340.273875,2434.542593,2615.284341,5530.880751
1747,518.1687479,232.5996108,1490.956493,0
28901,3683.133729,5954.550036,5189.832166,7757.598975
1396,4792.452738,4876.838506,4839.498126,4656.953706
470,5558.758633,4520.18577,4269.186899,3663.310627
1280,2525.160377,4799.305302,4081.798925,5279.47708
492670,1435.303104,2411.282632,2159.035359,2705.582359
1428,4592.969934,2271.722865,2574.547825,2298.547845
2004662,1381.783328,147.3130868,325.8921297,395.0629108
287,929.2979422,2279.476186,2403.454457,2573.894722
3066369,48.65434252,0,0,0
1173583,167.8574817,147.3130868,27114.22519,38500.6764
1502,1912.115661,2108.903138,1906.468959,2526.008308
647221,773.6040461,752.0720749,814.7303243,718.2962014
9,1989.962609,3132.341425,2802.672315,3280.21932
1325120,243.2717126,527.2257844,3886.263647,2549.951515
158836,1800.210673,2015.863293,1751.670197,2226.718224
1351,1698.036554,1783.263683,2061.26772,1400.677593
5811,943.8942449,2504.322476,1686.491771,2035.172571
1491,1880.490338,1791.017003,1890.174352,1843.626917
208375,204.3482386,511.7191437,2802.672315,2118.973794
1936156,355.1767004,620.2656288,1010.265602,622.5233746
1219,1131.213464,1566.170713,1385.041551,1436.592403
1405,1372.052459,2333.749428,1979.794688,2130.945398
1795815,608.1792815,1139.738093,920.6452664,1915.456537
1404,2924.125986,3016.04162,2362.71794,2657.695945
1929291,807.6620859,2450.049234,114.0622454,251.4036705
27350,1625.05504,1666.963877,1800.554017,1340.819576
192812,0,0,228.1244908,0
450367,676.2953611,984.6716856,1270.979306,1209.131939
1406,1819.67241,1341.324422,1776.112107,1616.166453
1282,1554.506244,845.1119192,928.7925697,1101.387509
44689,1311.234531,1713.483799,1564.282223,1687.996073
3344828,155.6938961,170.5730479,2533.811308,1472.507213
5825,924.4325079,1449.870907,1385.041551,1101.387509
1653831,1406.110499,1798.770323,1759.8175,1843.626917
587,1016.875759,1449.870907,1336.157732,1532.36523
1496,909.8362052,1178.504695,2501.222095,6237.205349
3021011,38.92347402,0,0,0
5827,1194.464109,767.5787156,798.4357178,1448.564006
546,1065.530101,1054.451569,928.7925697,1173.217129
40559,1722.363725,1697.977159,1678.344468,2262.633034
208348,1515.58277,1666.963877,1279.126609,1676.02447
5821,722.5169864,1403.350985,1482.80919,1197.160336
85471,778.4694803,2682.648844,2044.973114,2095.030587
587753,2697.883293,767.5787156,611.0477432,670.409788
210,1398.812347,2186.436341,2012.383901,2130.945398
303,622.7755843,1604.937314,1222.095486,1388.705989
28198,493.8415766,604.758988,382.9232524,562.6653578
3140245,124.0685734,0,1710.933681,1005.614682
3140244,124.0685734,232.5996108,1678.344468,1017.586285
3425945,0,0,0,0
3410088,143.5303104,317.8861347,1613.166042,1017.586285
1583098,70.54879666,178.3263683,154.7987616,0
1358,1041.20293,1465.377548,1499.103797,1592.223246
358,656.833624,1038.944928,708.8153821,1388.705989
29448,187.3192187,0,1792.406713,1185.188732
41,1347.725288,0,0,0
1267423,82.71238229,690.045512,2590.842431,1197.160336
1520,875.7781654,1581.677353,1091.738635,1448.564006
68213,0,0,0,0
2562892,703.0552494,1108.724811,985.8236924,1125.330716
5860,1989.962609,1736.743761,1311.715822,2083.058984
1404443,243.2717126,248.1062515,1784.25941,1137.302319
1352,1525.313638,2225.202943,2664.16816,2825.298392
5861,1466.928427,1488.637509,1523.545706,1699.967677
2761107,1265.012906,0,0,0
1492,608.1792815,1085.46485,692.5207756,646.4665813
1117645,428.1582142,527.2257844,1222.095486,993.6430786
2058762,515.7360307,1170.751374,896.2033567,933.7850618
288000,48.65434252,0,374.7759492,335.204894
911045,41.35619114,193.833009,0,0
1071379,673.8626439,1349.077743,1189.506273,861.9554417
1442551,287.0606209,170.5730479,0,838.012235
40324,323.5513778,449.6925808,496.9854978,790.1258216
28031,253.0025811,635.7722695,464.3962848,730.2678048
1325100,87.57781654,263.6128922,1425.778067,838.012235
145971,934.1633764,930.3984431,1034.707512,849.9838383
238834,1004.712173,1333.571102,1515.398403,1364.762783
1296,608.1792815,542.7324252,537.722014,957.7282685
197,1182.300523,961.4117246,1108.033241,646.4665813
48296,880.6435996,1426.610946,1238.390093,754.2110115
585,471.9471225,426.4326198,415.5124654,359.1481007
94643,464.6489711,783.0853563,651.7842594,550.6937544
907046,260.3007325,271.3662126,619.1950464,0
2306583,158.1266132,0,0,0
28197,532.7650506,682.2921916,855.4668405,849.9838383
316,180.0210673,488.4591826,358.4813427,1125.330716
27289,634.9391699,1310.311141,1108.033241,1149.273922
83637,107.0395535,139.5597665,1246.537396,814.0690283
1660078,87.57781654,0,0,119.7160336
1505,501.139728,1473.130868,1336.157732,1484.478816
5850,3979.925218,1077.71153,1148.769757,1412.649196
28116,576.5539589,1387.844344,545.8693173,694.3529947
5507,739.5460063,1783.263683,1246.537396,1364.762783
1314,997.4140217,248.1062515,236.271794,155.6308436
986,600.8811301,620.2656288,407.3651621,574.6369611
1624,506.0051622,503.9658234,317.7448265,909.8418551
5476,710.3534008,876.1252006,1165.064364,838.012235
35128,630.0737357,1325.817781,904.3506599,1616.166453
2653203,0,0,0,0
1397703,192.184653,1364.584383,773.993808,1268.989956
28108,386.802023,279.1195329,260.7137038,275.3468772
5141,547.3613534,1046.698249,1287.273912,1113.359112
40214,420.8600628,465.1992216,904.3506599,1029.557889
2704140,464.6489711,209.3396497,366.6286459,442.9493242
1307,391.6674573,837.3585988,733.2572918,778.1542182
253,552.2267876,1542.910752,1376.894248,1795.740504
1587,1128.780747,434.1859401,855.4668405,514.7789443
1639,496.2742937,1093.218171,896.2033567,1939.399744
5858,1177.435089,1434.364266,1645.755255,1867.570124
1197460,124.0685734,0,1018.412905,849.9838383
4779,1043.635647,721.0587934,1042.854815,706.3245981
644,739.5460063,480.7058623,448.1016783,718.2962014
384,474.3798396,759.8253952,912.4979632,1077.444302
42374,1021.741193,876.1252006,733.2572918,778.1542182
208452,866.0472969,984.6716856,749.5518983,838.012235
69781,199.4828043,519.4724641,692.5207756,658.4381846
1931238,143.5303104,488.4591826,472.5435881,1448.564006
1423,883.0763168,3109.081464,1458.36728,2561.923118
1775881,36.49075689,0,0,0
1590,921.9997908,1411.104305,521.4274075,670.409788
615,559.524939,852.8652395,985.8236924,1125.330716
34073,588.7175445,558.2390659,228.1244908,287.3184806
5854,600.8811301,752.0720749,969.5290859,802.0974249
446,686.0262296,542.7324252,847.3195372,730.2678048
913109,116.7704221,341.1460958,171.0933681,167.602447
1159556,506.0051622,899.3851617,594.7531367,682.3813913
5127,569.2558075,783.0853563,806.583021,610.5517712
1501,289.493338,969.1650449,765.8465048,933.7850618
5855,452.4853855,883.878521,839.172234,682.3813913
64104,440.3217998,403.1726587,464.3962848,514.7789443
34085,695.7570981,519.4724641,374.7759492,586.6085645
36914,639.8046042,713.3054731,342.1867362,610.5517712
738,313.8205093,131.8064461,293.3029167,155.6308436
1303,1576.400698,441.9392605,554.0166205,658.4381846
680,566.8230904,728.8121138,513.2801043,622.5233746
4896,523.0341821,829.6052785,953.2344794,885.8986484
2268451,24.32717126,93.03984431,89.62033567,191.5456537
2748629,38.92347402,155.0664072,871.761447,706.3245981
158,1301.503662,558.2390659,749.5518983,778.1542182
1126,807.6620859,852.8652395,676.2261691,646.4665813
3003349,0,0,0,0
2704654,46.2216254,387.666018,293.3029167,227.4604638
663,934.1633764,674.5388713,464.3962848,0
3139728,0,0,1197.653577,838.012235
121627,720.0842693,1054.451569,668.0788659,1233.075146
1578925,581.4193931,1341.324422,1051.002118,1197.160336
1069201,588.7175445,969.1650449,1287.273912,1041.529492
45286,666.5644925,519.4724641,847.3195372,371.1197041
36845,291.9260551,635.7722695,464.3962848,610.5517712
670,491.4088595,1038.944928,831.0249307,730.2678048
1922217,442.7545169,589.2523473,659.9315627,622.5233746
148305,454.9181026,868.3718803,822.8776275,754.2110115
263511,189.7519358,364.4060569,301.45022,191.5456537
1303590,0,100.7931647,138.5041551,0
1898042,379.5038717,0,0,0
36050,690.8916638,434.1859401,391.0705556,419.0061175
5454,581.4193931,628.0189491,684.3734724,921.8134585
5147,895.2399024,767.5787156,814.7303243,742.2394081
76857,851.4509941,767.5787156,692.5207756,814.0690283
280754,914.7016394,364.4060569,725.1099886,538.7221511
459526,525.4668992,341.1460958,448.1016783,514.7789443
1404429,0,0,822.8776275,706.3245981
83641,55.9524939,116.2998054,790.2884145,419.0061175
2916754,153.2611789,186.0796886,219.9771876,263.3752739
29388,948.7596792,178.3263683,211.8298843,0
5833,323.5513778,697.7988323,1173.211667,993.6430786
669,403.8310429,860.6185599,651.7842594,670.409788
1892,384.3693059,759.8253952,659.9315627,0
196024,63.25064528,945.9050839,602.90044,490.8357376
2321133,729.8151378,713.3054731,439.9543751,478.8641343
2099387,661.6990583,503.9658234,0,574.6369611
317,608.1792815,604.758988,219.9771876,885.8986484
880535,673.8626439,821.8519581,725.1099886,826.0406316
5691,759.0077433,550.4857455,635.4896529,1041.529492
1503041,24.32717126,0,0,0
1355477,325.9840949,876.1252006,0,0
1462615,350.3112662,341.1460958,334.0394329,454.9209276
550,277.3297524,527.2257844,358.4813427,407.0345141
2743,0,434.1859401,0,0
5807,454.9181026,876.1252006,741.4045951,957.7282685
5824,527.8996164,2155.42306,1458.36728,1580.251643
101201,1123.915312,511.7191437,692.5207756,634.4949779
463800,316.2532264,457.4459012,374.7759492,359.1481007
996,372.2057203,860.6185599,977.6763891,1029.557889
2721244,0,2031.369934,2403.454457,4405.550035
107401,403.8310429,418.6792994,423.6597686,502.807341
1290,340.5803977,899.3851617,382.9232524,622.5233746
2697010,194.6173701,620.2656288,741.4045951,574.6369611
500148,464.6489711,372.1593773,293.3029167,634.4949779
817,527.8996164,488.4591826,464.3962848,466.8925309
36745,506.0051622,845.1119192,545.8693173,694.3529947
4952,776.0367632,976.9183653,1165.064364,1304.904766
4975,605.7465644,883.878521,831.0249307,1089.415905
584,450.0526683,1310.311141,1376.894248,1771.797297
367791,226.2426927,364.4060569,480.6908913,335.204894
28132,386.802023,534.9791048,472.5435881,598.5801678
36839,389.2347402,496.212503,472.5435881,634.4949779
2066072,104.6068364,2070.136536,2330.128727,3495.70818
181124,540.063202,914.8918024,602.90044,1029.557889
165179,501.139728,775.3320359,545.8693173,646.4665813
132608,172.722916,147.3130868,130.3568519,239.4320671
188913,844.1528428,1015.684967,773.993808,945.7566652
38293,756.5750262,449.6925808,423.6597686,502.807341
101028,844.1528428,705.5521527,765.8465048,694.3529947
3240067,0,0,0,0
181762,552.2267876,1162.998054,993.9709956,802.0974249
2034170,1094.722707,565.9923862,627.3423497,730.2678048
34406,535.1977677,969.1650449,806.583021,718.2962014
43675,38.92347402,108.546485,211.8298843,0
43658,175.1556331,116.2998054,228.1244908,239.4320671
1206,343.0131148,341.1460958,309.5975232,311.2616873
195108,486.5434252,1069.95821,1580.576829,1328.847973
42260,384.3693059,263.6128922,309.5975232,323.2332906
2764711,218.9445413,659.0322306,676.2261691,802.0974249
76859,406.2637601,907.1384821,977.6763891,682.3813913
3133280,0,0,0,0
796027,1099.588141,565.9923862,472.5435881,502.807341
453459,639.8046042,643.5255898,716.9626854,562.6653578
63577,1019.308476,1271.544539,798.4357178,1077.444302
715475,793.0657831,0,0,0
1220207,343.0131148,992.425006,611.0477432,849.9838383
1598,343.0131148,496.212503,619.1950464,574.6369611
1437360,109.4722707,193.833009,293.3029167,311.2616873
1421,391.6674573,883.878521,888.0560534,754.2110115
346,46.2216254,0,0,0
318829,571.6885246,480.7058623,399.2178589,383.0913074
851,471.9471225,426.4326198,293.3029167,454.9209276
45151,1153.107918,418.6792994,309.5975232,419.0061175
48095,474.3798396,891.6318413,904.3506599,897.8702518
1160,328.416812,550.4857455,439.9543751,1029.557889
1006,527.8996164,736.5654341,374.7759492,610.5517712
244734,209.2136728,217.0929701,741.4045951,538.7221511
1419277,124.0685734,0,847.3195372,466.8925309
199306,503.5724451,814.0986377,945.0871761,1065.472699
959,508.4378794,403.1726587,521.4274075,574.6369611
696485,265.1661667,0,146.6514584,0
3101277,352.7439833,193.833009,293.3029167,395.0629108
779,128.9340077,263.6128922,260.7137038,239.4320671
36035,413.5619114,503.9658234,782.1411113,921.8134585
113608,501.139728,589.2523473,505.132801,634.4949779
2745196,46.2216254,139.5597665,162.9460649,275.3468772
1328300,442.7545169,348.8994162,431.8070719,610.5517712
2663009,355.1767004,271.3662126,382.9232524,407.0345141
1573823,751.709592,232.5996108,358.4813427,562.6653578
314275,119.2031392,372.1593773,472.5435881,550.6937544
666563,240.8389955,317.8861347,285.1556135,454.9209276
28450,240.8389955,302.379494,285.1556135,0
33038,734.6805721,170.5730479,358.4813427,179.5740504
4924,335.7149634,806.3453174,439.9543751,574.6369611
79883,1036.337496,496.212503,757.6992016,634.4949779
28985,598.448413,457.4459012,472.5435881,538.7221511
2583452,107.0395535,449.6925808,171.0933681,251.4036705
324769,566.8230904,472.9525419,301.45022,454.9209276
2748319,228.6754099,178.3263683,154.7987616,0
1904463,167.8574817,209.3396497,179.2406713,383.0913074
1288,289.493338,333.3927755,309.5975232,287.3184806
273371,386.802023,597.0056677,578.4585302,466.8925309
78579,535.1977677,798.591997,936.9398729,730.2678048
1784714,121.6358563,3675.07385,969.5290859,2980.929236
197653,484.1107081,612.5123084,716.9626854,742.2394081
293387,576.5539589,2822.208611,1735.375591,2705.582359
582,839.2874085,620.2656288,757.6992016,407.0345141
1004,218.9445413,255.8595719,285.1556135,203.5172571
37727,2388.928218,271.3662126,244.4190973,442.9493242
1714849,411.1291943,666.7855509,374.7759492,538.7221511
136468,43.78890827,232.5996108,219.9771876,215.4888604
1283,379.5038717,682.2921916,562.1639237,790.1258216
1460447,778.4694803,775.3320359,741.4045951,730.2678048
2546360,257.8680154,201.5863293,309.5975232,263.3752739
818,379.5038717,302.379494,570.311227,442.9493242
729,425.7254971,465.1992216,765.8465048,359.1481007
1478,445.1872341,426.4326198,513.2801043,670.409788
258,994.9813046,674.5388713,529.5747108,694.3529947
1080349,381.9365888,573.7457066,570.311227,490.8357376
630,165.4247646,558.2390659,537.722014,766.1826148
456999,328.416812,690.045512,725.1099886,945.7566652
1775926,357.6094175,356.6527365,268.861007,335.204894
1685958,51.08705965,0,676.2261691,383.0913074
155978,177.5883502,356.6527365,545.8693173,478.8641343
83655,136.2321591,333.3927755,268.861007,287.3184806
40410,282.1951866,263.6128922,496.9854978,430.9777208
76335,333.2822463,224.8462904,0,514.7789443
548,150.8284618,1744.497081,105.9149422,4932.300583
172371,34.05803977,0,0,0
324770,304.0896408,341.1460958,464.3962848,430.9777208
1517,620.3428672,310.1328144,374.7759492,347.1764973
2060973,681.1607953,317.8861347,602.90044,502.807341
1588,155.6938961,798.591997,847.3195372,634.4949779
333140,48.65434252,0,0,0
1507512,272.4643181,263.6128922,521.4274075,395.0629108
2778902,53.51977677,0,0,0
246432,437.8890827,573.7457066,619.1950464,574.6369611
1335,209.2136728,635.7722695,423.6597686,957.7282685
3239899,36.49075689,124.0531258,0,0
2845819,233.5408441,0,0,0
5868,287.0606209,480.7058623,382.9232524,658.4381846
4909,454.9181026,1108.724811,977.6763891,1424.620799
1392,931.7306593,1705.730479,0,0
727,260.3007325,387.666018,350.3340394,478.8641343
1714848,226.2426927,224.8462904,334.0394329,490.8357376
1076,204.3482386,255.8595719,171.0933681,323.2332906
52584,267.5988839,697.7988323,692.5207756,802.0974249
29176,488.9761423,620.2656288,741.4045951,861.9554417
104268,226.2426927,356.6527365,342.1867362,191.5456537
756892,250.569864,1124.231452,790.2884145,957.7282685
930124,206.7809557,162.8197275,285.1556135,155.6308436
5665,321.1186606,457.4459012,448.1016783,407.0345141
1561,282.1951866,302.379494,505.132801,359.1481007
1912,3135.772376,0,0,0
169679,240.8389955,721.0587934,659.9315627,670.409788
36651,321.1186606,341.1460958,635.4896529,419.0061175
113287,46.2216254,0,0,0
1509,501.139728,395.4193383,366.6286459,1053.501095
2608089,508.4378794,628.0189491,554.0166205,730.2678048
5007,559.524939,783.0853563,741.4045951,861.9554417
1155739,231.108127,441.9392605,659.9315627,730.2678048
1648,211.64639,379.9126976,334.0394329,502.807341
1685970,72.98151378,0,741.4045951,359.1481007
4959,406.2637601,480.7058623,407.3651621,347.1764973
553611,634.9391699,503.9658234,627.3423497,562.6653578
1534,180.0210673,1147.491413,936.9398729,1149.273922
1354,620.3428672,480.7058623,423.6597686,634.4949779
1191912,153.2611789,612.5123084,668.0788659,610.5517712
3139729,0,0,1197.653577,0
672,321.1186606,651.2789102,773.993808,814.0690283
1054033,133.7994419,395.4193383,236.271794,359.1481007
2850,688.4589467,395.4193383,293.3029167,478.8641343
29562,605.7465644,604.758988,643.6369562,634.4949779
1393,299.2242065,628.0189491,602.90044,610.5517712
3028315,126.5012906,0,195.5352778,0
5872,180.0210673,410.9259791,309.5975232,215.4888604
2576904,277.3297524,201.5863293,415.5124654,203.5172571
28037,155.6938961,317.8861347,277.0083102,143.6592403
201,343.0131148,480.7058623,472.5435881,442.9493242
182096,425.7254971,581.499027,741.4045951,454.9209276
856,338.1476805,628.0189491,554.0166205,359.1481007
412384,223.8099756,325.6394551,391.0705556,478.8641343
182773,99.74140217,162.8197275,211.8298843,203.5172571
38304,63.25064528,255.8595719,195.5352778,0
1617448,291.9260551,286.8728533,252.5664005,442.9493242
247,274.8970352,294.6261737,374.7759492,383.0913074
5875,284.6279038,395.4193383,431.8070719,586.6085645
190893,323.5513778,434.1859401,391.0705556,419.0061175
654,287.0606209,310.1328144,407.3651621,598.5801678
1042133,630.0737357,496.212503,488.8381946,0
80884,530.3323335,721.0587934,431.8070719,514.7789443
419475,493.8415766,0,0,0
228899,352.7439833,542.7324252,651.7842594,538.7221511
2954086,0,0,0,0
823,250.569864,379.9126976,496.9854978,586.6085645
2591606,153.2611789,1069.95821,0,0
1714860,270.031601,472.9525419,391.0705556,287.3184806
1463165,255.4352982,325.6394551,627.3423497,682.3813913
747,362.4748518,310.1328144,415.5124654,502.807341
171437,102.1741193,302.379494,277.0083102,383.0913074
114525,1289.340077,434.1859401,260.7137038,263.3752739
373994,250.569864,542.7324252,513.2801043,502.807341
45972,265.1661667,209.3396497,309.5975232,203.5172571
1286,1953.471852,348.8994162,211.8298843,442.9493242
1547,374.6384374,441.9392605,472.5435881,646.4665813
27288,469.5144053,992.425006,993.9709956,1316.876369
37326,141.0975933,651.2789102,496.9854978,682.3813913
1872427,119.2031392,0,0,0
5518,564.3903733,472.9525419,602.90044,550.6937544
59893,184.8865016,852.8652395,545.8693173,0
122368,316.2532264,372.1593773,146.6514584,167.602447
2795000,304.0896408,255.8595719,285.1556135,323.2332906
1261031,1367.187025,333.3927755,293.3029167,179.5740504
2932258,111.9049878,240.3529311,89.62033567,454.9209276
2320868,274.8970352,860.6185599,554.0166205,395.0629108
2208,384.3693059,496.212503,505.132801,419.0061175
588,318.6859435,472.9525419,325.8921297,0
398743,121.6358563,783.0853563,431.8070719,287.3184806
4911,357.6094175,503.9658234,374.7759492,383.0913074
254839,0,0,0,0
1404411,63.25064528,0,480.6908913,335.204894
1304,231.108127,294.6261737,219.9771876,454.9209276
1311,270.031601,1038.944928,1539.840313,1580.251643
1574161,720.0842693,620.2656288,0,574.6369611
1465,270.031601,612.5123084,651.7842594,610.5517712
2725666,58.38521103,108.546485,488.8381946,191.5456537
239,596.0156959,651.2789102,448.1016783,718.2962014
2975289,46.2216254,0,0,0
2587410,452.4853855,449.6925808,399.2178589,311.2616873
254,294.3587723,573.7457066,374.7759492,430.9777208
77097,75.41423091,403.1726587,277.0083102,143.6592403
40215,167.8574817,286.8728533,358.4813427,454.9209276
106654,313.8205093,372.1593773,382.9232524,287.3184806
571177,58.38521103,77.53320359,0,0
1134687,189.7519358,488.4591826,342.1867362,407.0345141
564305,715.2188351,534.9791048,521.4274075,742.2394081
432096,372.2057203,759.8253952,488.8381946,706.3245981
1942464,111.9049878,0,162.9460649,179.5740504
343874,420.8600628,713.3054731,464.3962848,610.5517712
348837,457.3508197,534.9791048,529.5747108,526.7505477
5499,875.7781654,465.1992216,342.1867362,514.7789443
2934315,413.5619114,426.4326198,415.5124654,227.4604638
59779,0,0,0,0
2994555,1549.640809,503.9658234,505.132801,490.8357376
379064,381.9365888,465.1992216,578.4585302,407.0345141
100886,92.44325079,1170.751374,708.8153821,682.3813913
199,467.0816882,395.4193383,301.45022,311.2616873
1530123,459.7835368,674.5388713,627.3423497,646.4665813
2759660,0,0,0,0
28182,218.9445413,364.4060569,374.7759492,299.2900839
1399,491.4088595,441.9392605,480.6908913,742.2394081
244366,184.8865016,620.2656288,448.1016783,670.409788
1218801,291.9260551,147.3130868,195.5352778,263.3752739
371601,576.5539589,581.499027,366.6286459,514.7789443
33045,141.0975933,93.03984431,0,0
5478,357.6094175,418.6792994,277.0083102,466.8925309
1260,304.0896408,441.9392605,219.9771876,311.2616873
2774873,0,0,0,0
1382466,277.3297524,0,81.47303243,0
1408,352.7439833,224.8462904,480.6908913,407.0345141
2545709,201.9155215,279.1195329,293.3029167,155.6308436
1490,270.031601,341.1460958,391.0705556,550.6937544
4956,333.2822463,472.9525419,293.3029167,239.4320671
191579,121.6358563,162.8197275,122.2095486,0
332186,389.2347402,0,0,335.204894
3034676,60.81792815,124.0531258,382.9232524,0
1196083,255.4352982,488.4591826,179.2406713,490.8357376
1047171,270.031601,426.4326198,521.4274075,490.8357376
294,415.9946286,100.7931647,187.3879746,323.2332906
2738,313.8205093,310.1328144,277.0083102,287.3184806
173,715.2188351,379.9126976,692.5207756,0
655353,160.5593303,2209.696302,1947.205475,1999.257761
283734,167.8574817,286.8728533,114.0622454,311.2616873
38313,245.7044297,224.8462904,277.0083102,239.4320671
72144,428.1582142,217.0929701,301.45022,203.5172571
360422,189.7519358,310.1328144,285.1556135,383.0913074
43657,121.6358563,573.7457066,529.5747108,622.5233746
1615909,231.108127,286.8728533,301.45022,466.8925309
28898,72.98151378,1465.377548,1189.506273,1759.825693
2795738,92.44325079,263.6128922,154.7987616,179.5740504
564,65.6833624,0,537.722014,0
2686362,182.4537845,713.3054731,236.271794,1831.655314
2749052,0,0,0,0
163877,491.4088595,410.9259791,358.4813427,442.9493242
2864201,170.2901988,333.3927755,342.1867362,682.3813913
1550579,111.9049878,310.1328144,374.7759492,179.5740504
62322,347.878549,403.1726587,236.271794,0
1979344,279.7624695,395.4193383,415.5124654,514.7789443
2686077,350.3112662,379.9126976,391.0705556,454.9209276
98403,216.5118242,193.833009,252.5664005,179.5740504
2749995,180.0210673,217.0929701,236.271794,167.602447
2921687,0,0,0,0
159,128.9340077,1085.46485,936.9398729,1268.989956
2027860,856.3164284,511.7191437,407.3651621,0
339,430.5909313,938.1517635,896.2033567,1173.217129
102116,294.3587723,534.9791048,317.7448265,407.0345141
1355330,284.6279038,426.4326198,415.5124654,706.3245981
33959,323.5513778,550.4857455,472.5435881,586.6085645
231049,131.3667248,108.546485,171.0933681,227.4604638
2068654,145.9630276,279.1195329,268.861007,191.5456537
784,141.0975933,217.0929701,334.0394329,287.3184806
1603555,38.92347402,0,0,0
3140247,0,0,0,0
5270,396.5328916,310.1328144,309.5975232,407.0345141
2029677,136.2321591,302.379494,0,490.8357376
996801,231.108127,271.3662126,154.7987616,203.5172571
2794344,0,0,0,0
648,2454.61158,0,374.7759492,0
13502,211.64639,395.4193383,219.9771876,335.204894
4932,423.2927799,147.3130868,236.271794,287.3184806
2878255,119.2031392,0,187.3879746,227.4604638
1305,323.5513778,379.9126976,439.9543751,287.3184806
569,308.955075,372.1593773,488.8381946,407.0345141
1742359,900.1053367,976.9183653,904.3506599,885.8986484
2954661,0,178.3263683,138.5041551,0
328812,235.9735612,410.9259791,496.9854978,323.2332906
55601,189.7519358,0,0,0
2282170,243.2717126,193.833009,391.0705556,287.3184806
2779359,204.3482386,240.3529311,162.9460649,287.3184806
33035,301.6569236,410.9259791,472.5435881,1041.529492
1306274,235.9735612,310.1328144,407.3651621,371.1197041
713887,92.44325079,193.833009,162.9460649,251.4036705
71237,858.7491455,0,146.6514584,215.4888604
6039,481.677991,581.499027,562.1639237,538.7221511
1355374,352.7439833,348.8994162,366.6286459,251.4036705
2516557,199.4828043,100.7931647,0,0
2231603,367.340286,410.9259791,277.0083102,251.4036705
112234,162.9920474,263.6128922,195.5352778,131.6876369
2806551,408.6964772,0,0,0
5664,428.1582142,418.6792994,611.0477432,538.7221511
1872629,265.1661667,426.4326198,529.5747108,466.8925309
2371,82.71238229,193.833009,146.6514584,143.6592403
29384,116.7704221,240.3529311,203.6825811,155.6308436
285,333.2822463,379.9126976,480.6908913,634.4949779
1451,284.6279038,620.2656288,806.583021,897.8702518
1080223,80.27966516,255.8595719,285.1556135,239.4320671
666,868.480014,317.8861347,285.1556135,634.4949779
1908341,333.2822463,480.7058623,309.5975232,430.9777208
2494373,233.5408441,217.0929701,456.2489816,490.8357376
826,121.6358563,310.1328144,154.7987616,359.1481007
33033,218.9445413,317.8861347,301.45022,251.4036705
3070681,401.3983258,224.8462904,439.9543751,395.0629108
255507,350.3112662,550.4857455,456.2489816,466.8925309
2768948,294.3587723,279.1195329,317.7448265,347.1764973
2808900,233.5408441,434.1859401,505.132801,718.2962014
5874,333.2822463,395.4193383,350.3340394,179.5740504
1894999,150.8284618,379.9126976,0,0
85698,43.78890827,0,0,0
746128,493.8415766,426.4326198,203.6825811,263.3752739
50741,104.6068364,186.0796886,0,0
1185412,260.3007325,511.7191437,423.6597686,718.2962014
162425,311.3877921,581.499027,472.5435881,538.7221511
280333,0,0,488.8381946,335.204894
2686210,0,147.3130868,130.3568519,179.5740504
89586,58.38521103,0,0,0
1493872,216.5118242,496.212503,399.2178589,275.3468772
104270,199.4828043,441.9392605,668.0788659,323.2332906
44935,97.30868504,0,97.76763891,0
1241981,277.3297524,186.0796886,179.2406713,227.4604638
2283160,143.5303104,1666.963877,2900.439954,1927.42814
1855912,265.1661667,0,0,0
2761500,471.9471225,248.1062515,228.1244908,251.4036705
2704465,299.2242065,279.1195329,366.6286459,323.2332906
704125,238.4062784,914.8918024,716.9626854,574.6369611
2739062,245.7044297,426.4326198,382.9232524,299.2900839
3093875,97.30868504,248.1062515,211.8298843,239.4320671
314281,214.0791071,193.833009,211.8298843,155.6308436
1774273,260.3007325,155.0664072,252.5664005,454.9209276
1050635,177.5883502,139.5597665,0,490.8357376
70799,138.6648762,139.5597665,293.3029167,371.1197041
280036,1060.664667,232.5996108,325.8921297,395.0629108
37769,345.4458319,775.3320359,570.311227,969.6998719
996558,347.878549,736.5654341,562.1639237,634.4949779
224012,238.4062784,217.0929701,350.3340394,251.4036705
2847778,2914.395117,116.2998054,81.47303243,179.5740504
104,124.0685734,217.0929701,154.7987616,239.4320671
2681766,793.0657831,457.4459012,374.7759492,395.0629108
76759,0,0,0,0
2999116,201.9155215,759.8253952,651.7842594,526.7505477
2527964,211.64639,635.7722695,529.5747108,718.2962014
2419841,58.38521103,0,203.6825811,0
651561,209.2136728,550.4857455,415.5124654,610.5517712
3134896,158.1266132,162.8197275,138.5041551,0
4950,162.9920474,992.425006,619.1950464,790.1258216
1647413,104.6068364,860.6185599,562.1639237,981.6714753
2420300,0,0,0,0
1313,223.8099756,271.3662126,277.0083102,287.3184806
2748,136.2321591,271.3662126,260.7137038,239.4320671
279356,153.2611789,263.6128922,285.1556135,383.0913074
3384157,153.2611789,519.4724641,676.2261691,454.9209276
3074109,0,829.6052785,1222.095486,670.409788
3158075,355.1767004,286.8728533,293.3029167,323.2332906
164546,126.5012906,426.4326198,627.3423497,897.8702518
3031997,323.5513778,465.1992216,211.8298843,215.4888604
311410,68.11607953,193.833009,81.47303243,191.5456537
2770780,153.2611789,558.2390659,456.2489816,251.4036705
2653681,150.8284618,294.6261737,415.5124654,419.0061175
55603,126.5012906,674.5388713,863.6141437,1257.018352
3059026,165.4247646,232.5996108,236.271794,143.6592403
1912871,148.3957447,294.6261737,252.5664005,347.1764973
2897333,223.8099756,744.3187545,0,0
1798806,167.8574817,193.833009,301.45022,323.2332906
750,162.9920474,573.7457066,456.2489816,933.7850618
54571,960.9232648,178.3263683,138.5041551,227.4604638
1513,822.2583886,868.3718803,399.2178589,514.7789443
1855336,228.6754099,186.0796886,211.8298843,167.602447
2893882,145.9630276,170.5730479,252.5664005,275.3468772
152268,262.7334496,573.7457066,1205.80088,790.1258216
1870903,94.87596792,139.5597665,171.0933681,287.3184806
1363,707.9206837,279.1195329,219.9771876,179.5740504
1402861,686.0262296,441.9392605,464.3962848,275.3468772
877500,102.1741193,271.3662126,195.5352778,275.3468772
2005462,143.5303104,379.9126976,325.8921297,359.1481007
1452,321.1186606,395.4193383,537.722014,359.1481007
166486,291.9260551,240.3529311,130.3568519,0
380,620.3428672,310.1328144,277.0083102,538.7221511
2975676,0,0,0,0
1597,248.1371469,550.4857455,496.9854978,526.7505477
3447503,204.3482386,348.8994162,236.271794,287.3184806
2763062,82.71238229,0,0,0
51669,350.3112662,294.6261737,464.3962848,407.0345141
294671,90.01053367,279.1195329,211.8298843,227.4604638
108980,231.108127,635.7722695,537.722014,586.6085645
2976982,165.4247646,217.0929701,81.47303243,0
83451,231.108127,589.2523473,0,0
687844,267.5988839,333.3927755,358.4813427,383.0913074
56,301.6569236,240.3529311,219.9771876,239.4320671
28131,398.9656087,356.6527365,431.8070719,275.3468772
668,248.1371469,232.5996108,358.4813427,383.0913074
2961520,182.4537845,310.1328144,920.6452664,335.204894
192,72.98151378,240.3529311,439.9543751,0
352475,85.14509941,193.833009,244.4190973,419.0061175
46234,398.9656087,0,741.4045951,778.1542182
379347,92.44325079,240.3529311,260.7137038,0
3231550,165.4247646,317.8861347,325.8921297,251.4036705
2975622,919.5670737,0,0,0
1307839,162.9920474,279.1195329,537.722014,634.4949779
1238,328.416812,519.4724641,219.9771876,538.7221511
2567941,158.1266132,248.1062515,358.4813427,251.4036705
208199,328.416812,449.6925808,374.7759492,371.1197041
1655500,55.9524939,0,130.3568519,0
2500547,126.5012906,317.8861347,366.6286459,347.1764973
754423,272.4643181,217.0929701,89.62033567,0
114524,773.6040461,426.4326198,382.9232524,335.204894
2904242,48.65434252,0,1075.444028,0
47466,187.3192187,193.833009,277.0083102,419.0061175
196,238.4062784,496.212503,545.8693173,442.9493242
235986,58.38521103,0,0,0
373,299.2242065,108.546485,130.3568519,0
1492737,262.7334496,449.6925808,456.2489816,514.7789443
365349,34.05803977,317.8861347,366.6286459,215.4888604
197482,167.8574817,162.8197275,285.1556135,311.2616873
549,469.5144053,418.6792994,195.5352778,287.3184806
2831149,0,0,0,0
3027472,145.9630276,0,0,215.4888604
79880,233.5408441,465.1992216,187.3879746,0
157687,145.9630276,139.5597665,236.271794,311.2616873
1537215,29.19260551,0,0,0
3052091,160.5593303,0,179.2406713,0
2545455,116.7704221,310.1328144,431.8070719,287.3184806
60550,97.30868504,0,0,383.0913074
1915309,133.7994419,348.8994162,285.1556135,275.3468772
33028,136.2321591,209.3396497,334.0394329,167.602447
1492771,0,0,0,0
979,277.3297524,364.4060569,472.5435881,347.1764973
209247,46.2216254,0,0,0
3369658,0,0,0,0
2027857,148.3957447,162.8197275,0,0
2961995,282.1951866,0,0,0
2782665,85.14509941,0,309.5975232,239.4320671
58343,296.7914894,333.3927755,0,0
1896175,0,728.8121138,342.1867362,754.2110115
1074311,51.08705965,356.6527365,162.9460649,203.5172571
2724135,214.0791071,240.3529311,285.1556135,299.2900839
2778370,0,0,0,0
308354,162.9920474,341.1460958,391.0705556,275.3468772
2049305,109.4722707,178.3263683,342.1867362,275.3468772
2779362,228.6754099,480.7058623,325.8921297,538.7221511
33011,0,0,0,0
2907623,90.01053367,201.5863293,211.8298843,191.5456537
117187,262.7334496,356.6527365,725.1099886,861.9554417
2918453,124.0685734,124.0531258,0,227.4604638
2315449,501.139728,279.1195329,130.3568519,502.807341
947919,102.1741193,139.5597665,89.62033567,155.6308436
28110,150.8284618,348.8994162,415.5124654,191.5456537
1542,111.9049878,147.3130868,97.76763891,0
2893884,109.4722707,279.1195329,195.5352778,359.1481007
161358,82.71238229,907.1384821,1254.684699,1556.308436
2209,267.5988839,248.1062515,162.9460649,0
1604,240.8389955,170.5730479,179.2406713,143.6592403
3415140,386.802023,302.379494,700.6680789,802.0974249
413889,170.2901988,248.1062515,154.7987616,311.2616873
106648,233.5408441,0,391.0705556,191.5456537
1639133,274.8970352,472.9525419,285.1556135,1185.188732
256,408.6964772,279.1195329,277.0083102,371.1197041
2816357,274.8970352,310.1328144,382.9232524,263.3752739
754397,162.9920474,635.7722695,570.311227,419.0061175
67352,206.7809557,209.3396497,0,0
223967,53.51977677,240.3529311,0,0
45285,260.3007325,550.4857455,488.8381946,658.4381846
2493639,240.8389955,232.5996108,496.9854978,311.2616873
2725414,277.3297524,294.6261737,195.5352778,299.2900839
2856519,43.78890827,100.7931647,0,0
3101276,165.4247646,116.2998054,97.76763891,275.3468772
570161,279.7624695,341.1460958,293.3029167,311.2616873
1584,102.1741193,0,89.62033567,0
1550240,204.3482386,162.8197275,285.1556135,311.2616873
1890302,347.878549,604.758988,472.5435881,383.0913074
1911586,1488.822881,0,81.47303243,0
27291,352.7439833,744.3187545,708.8153821,670.409788
1265445,197.0500872,310.1328144,260.7137038,227.4604638
373672,323.5513778,387.666018,374.7759492,514.7789443
260714,48.65434252,100.7931647,268.861007,167.602447
1493,291.9260551,604.758988,505.132801,311.2616873
58346,148.3957447,0,0,0
155322,464.6489711,395.4193383,448.1016783,359.1481007
1734106,148.3957447,426.4326198,464.3962848,383.0913074
1287690,170.2901988,302.379494,317.7448265,215.4888604
1379,141.0975933,860.6185599,529.5747108,502.807341
1967498,63.25064528,0,0,0
1357545,177.5883502,612.5123084,700.6680789,419.0061175
3070677,124.0685734,77.53320359,89.62033567,119.7160336
323732,111.9049878,255.8595719,317.7448265,155.6308436
2913506,1026.606627,0,0,0
2893885,160.5593303,201.5863293,122.2095486,179.5740504
218144,104.6068364,240.3529311,228.1244908,0
685565,70.54879666,410.9259791,505.132801,466.8925309
3349875,262.7334496,248.1062515,187.3879746,155.6308436
46126,228.6754099,852.8652395,798.4357178,861.9554417
1871086,41.35619114,449.6925808,162.9460649,359.1481007
2004710,291.9260551,217.0929701,423.6597686,430.9777208
446679,284.6279038,224.8462904,228.1244908,215.4888604
2576902,184.8865016,325.6394551,415.5124654,191.5456537
2594004,360.0421347,387.666018,407.3651621,838.012235
2706014,304.0896408,100.7931647,97.76763891,0
174633,80.27966516,403.1726587,309.5975232,383.0913074
1622118,111.9049878,224.8462904,407.3651621,622.5233746
2654325,126.5012906,620.2656288,521.4274075,442.9493242
2736252,131.3667248,186.0796886,301.45022,287.3184806
2212991,158.1266132,186.0796886,171.0933681,0
2546359,153.2611789,666.7855509,431.8070719,909.8418551
1397,464.6489711,612.5123084,659.9315627,562.6653578
2596890,257.8680154,310.1328144,195.5352778,419.0061175
2917832,26.75988839,302.379494,154.7987616,430.9777208
1178,221.3772585,193.833009,187.3879746,323.2332906
29378,216.5118242,271.3662126,0,167.602447
2822846,63.25064528,224.8462904,268.861007,466.8925309
119219,114.3377049,116.2998054,0,0
2903611,0,0,0,0
241425,92.44325079,0,130.3568519,0
1850246,128.9340077,240.3529311,407.3651621,514.7789443
45655,527.8996164,224.8462904,171.0933681,215.4888604
1977864,0,116.2998054,97.76763891,119.7160336
84023,0,2380.26935,2704.904677,0
2487065,306.5223579,286.8728533,179.2406713,155.6308436
5660,133.7994419,263.6128922,228.1244908,347.1764973
1234841,102.1741193,209.3396497,0,0
2115968,437.8890827,922.6451228,651.7842594,1340.819576
3158171,0,0,0,0
1917830,165.4247646,364.4060569,309.5975232,347.1764973
2594042,175.1556331,108.546485,114.0622454,203.5172571
1170699,141.0975933,93.03984431,325.8921297,251.4036705
2855841,345.4458319,325.6394551,219.9771876,442.9493242
981384,94.87596792,0,0,0
39491,136.2321591,395.4193383,391.0705556,395.0629108
2900152,0,0,0,0
1366,170.2901988,209.3396497,309.5975232,191.5456537
437897,218.9445413,186.0796886,122.2095486,215.4888604
1488,182.4537845,426.4326198,350.3340394,395.0629108
2864206,46.2216254,100.7931647,219.9771876,167.602447
158849,107.0395535,372.1593773,382.9232524,586.6085645
588726,386.802023,108.546485,203.6825811,0
2584122,197.0500872,418.6792994,285.1556135,251.4036705
2816908,182.4537845,403.1726587,374.7759492,191.5456537
51663,34.05803977,0,0,0
636,145.9630276,131.8064461,114.0622454,0
3074094,0,0,0,0
1850252,119.2031392,162.8197275,187.3879746,0
1836467,177.5883502,131.8064461,228.1244908,131.6876369
5865,245.7044297,193.833009,252.5664005,263.3752739
1168034,189.7519358,186.0796886,89.62033567,275.3468772
2962858,126.5012906,930.3984431,1051.002118,1221.103542
2499688,175.1556331,302.379494,366.6286459,634.4949779
39488,423.2927799,0,358.4813427,454.9209276
1336804,357.6094175,302.379494,407.3651621,227.4604638
584609,274.8970352,294.6261737,334.0394329,311.2616873
2898187,121.6358563,170.5730479,162.9460649,0
2748320,85.14509941,434.1859401,317.7448265,383.0913074
467094,85.14509941,139.5597665,0,0
42858,323.5513778,891.6318413,562.1639237,574.6369611
2183896,282.1951866,310.1328144,187.3879746,347.1764973
250,162.9920474,372.1593773,480.6908913,239.4320671
28035,131.3667248,124.0531258,97.76763891,143.6592403
2267275,58.38521103,519.4724641,236.271794,730.2678048
616991,243.2717126,581.499027,431.8070719,442.9493242
76775,65.6833624,116.2998054,0,0
603050,428.1582142,162.8197275,187.3879746,179.5740504
247523,85.14509941,131.8064461,456.2489816,538.7221511
2682810,145.9630276,279.1195329,146.6514584,0
34105,150.8284618,100.7931647,195.5352778,203.5172571
3395320,425.7254971,124.0531258,260.7137038,275.3468772
1637975,172.722916,472.9525419,358.4813427,682.3813913
29494,87.57781654,519.4724641,578.4585302,454.9209276
24,420.8600628,852.8652395,879.9087502,1209.131939
3127472,243.2717126,162.8197275,195.5352778,215.4888604
28188,128.9340077,209.3396497,317.7448265,191.5456537
208479,184.8865016,209.3396497,244.4190973,430.9777208
999,347.878549,403.1726587,415.5124654,419.0061175
3064703,77.84694803,0,154.7987616,0
28454,233.5408441,263.6128922,187.3879746,0
2829569,306.5223579,0,0,0
2478552,206.7809557,472.9525419,366.6286459,490.8357376
246787,199.4828043,333.3927755,496.9854978,562.6653578
29380,43.78890827,0,0,0
2812896,87.57781654,348.8994162,195.5352778,275.3468772
206,260.3007325,155.0664072,407.3651621,311.2616873
2506420,72.98151378,0,0,0
821,491.4088595,333.3927755,285.1556135,347.1764973
86664,143.5303104,721.0587934,904.3506599,981.6714753
3342247,138.6648762,217.0929701,89.62033567,167.602447
1504,231.108127,302.379494,138.5041551,323.2332906
118163,94.87596792,147.3130868,195.5352778,0
1411316,238.4062784,310.1328144,594.7531367,490.8357376
2986823,111.9049878,162.8197275,236.271794,203.5172571
146819,668.9972097,395.4193383,228.1244908,0
138563,114.3377049,217.0929701,162.9460649,167.602447
179879,0,0,0,0
3233381,119.2031392,0,0,0
1855823,301.6569236,511.7191437,399.2178589,239.4320671
2911172,506.0051622,449.6925808,350.3340394,442.9493242
663364,102.1741193,131.8064461,219.9771876,167.602447
1928857,289.493338,255.8595719,301.45022,0
2746231,235.9735612,0,0,0
126385,99.74140217,511.7191437,391.0705556,622.5233746
57863,119.2031392,0,0,0
83564,126.5012906,77.53320359,0,155.6308436
252967,153.2611789,403.1726587,407.3651621,383.0913074
3088895,289.493338,279.1195329,195.5352778,323.2332906
2731219,260.3007325,85.28652395,179.2406713,323.2332906
1359,226.2426927,519.4724641,399.2178589,371.1197041
199441,141.0975933,155.0664072,154.7987616,0
2767188,245.7044297,108.546485,0,335.204894
2738844,260.3007325,217.0929701,138.5041551,263.3752739
54291,301.6569236,341.1460958,309.5975232,0
29466,299.2242065,93.03984431,81.47303243,131.6876369
2879938,124.0685734,410.9259791,415.5124654,335.204894
2921381,0,0,0,0
154046,350.3112662,403.1726587,146.6514584,203.5172571
315405,82.71238229,519.4724641,171.0933681,239.4320671
1124,287.0606209,240.3529311,594.7531367,239.4320671
2745560,87.57781654,333.3927755,301.45022,323.2332906
55529,31.62532264,0,0,0
3349876,160.5593303,0,0,0
540747,36.49075689,155.0664072,0,311.2616873
1677857,111.9049878,0,203.6825811,0
2341117,145.9630276,201.5863293,0,131.6876369
342113,0,0,0,0
859143,467.0816882,0,0,0
2775246,216.5118242,147.3130868,171.0933681,131.6876369
1906,104.6068364,193.833009,211.8298843,0
2017483,204.3482386,0,0,0
143232,272.4643181,271.3662126,317.7448265,263.3752739
486398,172.722916,100.7931647,0,143.6592403
1348613,296.7914894,387.666018,472.5435881,371.1197041
1063,31.62532264,0,0,0
2764720,308.955075,255.8595719,342.1867362,251.4036705
558152,279.7624695,333.3927755,203.6825811,454.9209276
118323,55.9524939,271.3662126,277.0083102,251.4036705
2058137,148.3957447,379.9126976,325.8921297,502.807341
79329,109.4722707,426.4326198,236.271794,419.0061175
561879,211.64639,325.6394551,537.722014,562.6653578
2102,177.5883502,0,317.7448265,203.5172571
347,63.25064528,0,97.76763891,155.6308436
2763022,75.41423091,0,0,0
2070463,525.4668992,271.3662126,203.6825811,263.3752739
5208,197.0500872,317.8861347,374.7759492,347.1764973
460519,304.0896408,286.8728533,260.7137038,263.3752739
1813611,109.4722707,348.8994162,382.9232524,646.4665813
259,170.2901988,674.5388713,268.861007,347.1764973
2249356,233.5408441,263.6128922,252.5664005,0
291645,126.5012906,310.1328144,0,0
2994319,206.7809557,224.8462904,154.7987616,442.9493242
2931930,87.57781654,403.1726587,277.0083102,634.4949779
549687,119.2031392,1007.931647,545.8693173,538.7221511
831,180.0210673,372.1593773,203.6825811,287.3184806
109328,243.2717126,155.0664072,0,0
1241978,1012.010324,418.6792994,521.4274075,658.4381846
450,627.6410185,713.3054731,627.3423497,646.4665813
2300,408.6964772,0,105.9149422,227.4604638
1532552,189.7519358,193.833009,293.3029167,251.4036705
221822,138.6648762,116.2998054,146.6514584,442.9493242
1397264,109.4722707,348.8994162,317.7448265,371.1197041
2853439,92.44325079,240.3529311,334.0394329,0
871694,94.87596792,527.2257844,366.6286459,514.7789443
298657,133.7994419,100.7931647,179.2406713,275.3468772
147645,80.27966516,286.8728533,228.1244908,562.6653578
29348,145.9630276,333.3927755,325.8921297,658.4381846
2751,301.6569236,170.5730479,391.0705556,347.1764973
1547283,153.2611789,240.3529311,236.271794,442.9493242
2793010,29.19260551,0,0,0
2906077,116.7704221,325.6394551,187.3879746,371.1197041
2570561,355.1767004,263.6128922,244.4190973,0
1481914,160.5593303,0,0,0
28133,55.9524939,108.546485,0,131.6876369
174,197.0500872,209.3396497,203.6825811,191.5456537
116090,94.87596792,279.1195329,252.5664005,490.8357376
985043,284.6279038,426.4326198,456.2489816,407.0345141
2925782,184.8865016,155.0664072,366.6286459,359.1481007
184755,114.3377049,0,0,0
2010992,175.1556331,279.1195329,130.3568519,155.6308436
1556,226.2426927,821.8519581,334.0394329,419.0061175
67304,158.1266132,224.8462904,179.2406713,407.0345141
820,148.3957447,178.3263683,342.1867362,0
155894,85.14509941,193.833009,342.1867362,359.1481007
3344876,223.8099756,124.0531258,89.62033567,143.6592403
3118084,48.65434252,139.5597665,0,0
151895,99.74140217,279.1195329,171.0933681,155.6308436
418240,345.4458319,310.1328144,244.4190973,287.3184806
498019,321.1186606,403.1726587,480.6908913,371.1197041
2881428,99.74140217,0,0,215.4888604
1859096,233.5408441,248.1062515,236.271794,227.4604638
239935,437.8890827,511.7191437,554.0166205,646.4665813
291644,233.5408441,325.6394551,236.271794,287.3184806
148814,209.2136728,348.8994162,154.7987616,275.3468772
2912824,119.2031392,597.0056677,505.132801,323.2332906
2830782,197.0500872,240.3529311,146.6514584,0
46224,150.8284618,224.8462904,146.6514584,0
317936,60.81792815,155.0664072,236.271794,143.6592403
1177574,41.35619114,0,130.3568519,227.4604638
2861765,289.493338,379.9126976,268.861007,203.5172571
2576903,65.6833624,690.045512,554.0166205,442.9493242
669359,245.7044297,147.3130868,0,191.5456537
208226,238.4062784,155.0664072,268.861007,395.0629108
202956,119.2031392,356.6527365,415.5124654,442.9493242
3374599,145.9630276,131.8064461,122.2095486,167.602447
417367,136.2321591,0,252.5664005,131.6876369
3342246,63.25064528,155.0664072,81.47303243,131.6876369
2904246,209.2136728,170.5730479,211.8298843,155.6308436
1424294,914.7016394,255.8595719,81.47303243,131.6876369
536441,160.5593303,0,0,0
69966,187.3192187,333.3927755,480.6908913,598.5801678
1834189,75.41423091,0,0,0
247480,216.5118242,0,0,0
1306519,70.54879666,736.5654341,627.3423497,586.6085645
1596,299.2242065,209.3396497,0,0
69,433.0236484,240.3529311,0,215.4888604
2821559,0,0,0,0
1462527,170.2901988,263.6128922,154.7987616,323.2332906
37919,102.1741193,0,0,0
1398,277.3297524,503.9658234,334.0394329,0
1278232,116.7704221,217.0929701,179.2406713,0
1524260,104.6068364,100.7931647,0,0
2187,53.51977677,0,81.47303243,0
1315211,126.5012906,232.5996108,252.5664005,311.2616873
155615,80.27966516,0,0,0
580165,245.7044297,193.833009,122.2095486,203.5172571
683124,63.25064528,232.5996108,317.7448265,0
45656,284.6279038,348.8994162,285.1556135,215.4888604
2879939,160.5593303,465.1992216,814.7303243,598.5801678
3095367,311.3877921,341.1460958,366.6286459,419.0061175
2546366,48.65434252,100.7931647,146.6514584,0
1209493,80.27966516,201.5863293,219.9771876,419.0061175
3070996,199.4828043,248.1062515,171.0933681,227.4604638
3034021,72.98151378,0,0,0
2681265,0,0,708.8153821,2286.576241
1245,192.184653,302.379494,448.1016783,227.4604638
106590,167.8574817,0,0,0
3047875,53.51977677,217.0929701,219.9771876,179.5740504
930972,87.57781654,217.0929701,138.5041551,131.6876369
3087234,24.32717126,0,0,0
2049879,201.9155215,108.546485,0,0
1879050,240.8389955,232.5996108,97.76763891,0
2782641,68.11607953,0,309.5975232,227.4604638
28251,153.2611789,116.2998054,179.2406713,215.4888604
76594,211.64639,131.8064461,293.3029167,0
3047343,265.1661667,248.1062515,146.6514584,227.4604638
783,0,0,0,0
380021,306.5223579,186.0796886,179.2406713,311.2616873
3040204,148.3957447,0,105.9149422,0
2483110,51.08705965,271.3662126,228.1244908,239.4320671
3081750,126.5012906,674.5388713,619.1950464,395.0629108
3440143,206.7809557,209.3396497,277.0083102,371.1197041
106592,206.7809557,255.8595719,89.62033567,179.5740504
1736674,162.9920474,170.5730479,171.0933681,191.5456537
57706,296.7914894,922.6451228,594.7531367,550.6937544
1813871,153.2611789,302.379494,277.0083102,155.6308436
135569,111.9049878,85.28652395,146.6514584,155.6308436
2835869,0,240.3529311,105.9149422,227.4604638
1178778,155.6938961,116.2998054,146.6514584,0
2745563,0,0,0,0
195248,0,255.8595719,228.1244908,0
3231911,136.2321591,0,114.0622454,155.6308436
2764325,60.81792815,209.3396497,0,215.4888604
221402,136.2321591,85.28652395,97.76763891,119.7160336
2663022,111.9049878,240.3529311,252.5664005,191.5456537
50719,148.3957447,0,0,682.3813913
858423,104.6068364,155.0664072,130.3568519,263.3752739
3116594,0,0,211.8298843,323.2332906
754409,107.0395535,240.3529311,97.76763891,215.4888604
1170562,235.9735612,302.379494,382.9232524,430.9777208
1286698,194.6173701,457.4459012,187.3879746,335.204894
2904247,155.6938961,271.3662126,179.2406713,143.6592403
511,656.833624,558.2390659,301.45022,0
129985,209.2136728,209.3396497,171.0933681,227.4604638
2744027,162.9920474,364.4060569,244.4190973,239.4320671
195,240.8389955,372.1593773,309.5975232,478.8641343
53345,138.6648762,100.7931647,171.0933681,323.2332906
1790137,172.722916,310.1328144,244.4190973,407.0345141
2772483,172.722916,217.0929701,301.45022,155.6308436
1740721,80.27966516,124.0531258,0,155.6308436
3028070,68.11607953,0,89.62033567,131.6876369
56448,160.5593303,0,0,0
1216932,231.108127,0,105.9149422,0
2986829,111.9049878,248.1062515,293.3029167,239.4320671
332101,177.5883502,294.6261737,195.5352778,562.6653578
2979469,0,0,0,0
638,111.9049878,139.5597665,0,430.9777208
1482,428.1582142,845.1119192,537.722014,299.2900839
119532,299.2242065,356.6527365,203.6825811,0
33970,99.74140217,170.5730479,146.6514584,167.602447
3243060,55.9524939,201.5863293,260.7137038,131.6876369
3059076,167.8574817,395.4193383,187.3879746,203.5172571
2490635,0,907.1384821,3047.091413,1221.103542
121719,48.65434252,193.833009,130.3568519,0
488447,55.9524939,124.0531258,195.5352778,0
1979401,65.6833624,0,0,0
2689569,124.0685734,325.6394551,219.9771876,239.4320671
43662,189.7519358,682.2921916,1515.398403,0
3463858,0,0,0,0
60961,260.3007325,209.3396497,162.9460649,0
82633,29.19260551,364.4060569,301.45022,263.3752739
1620816,177.5883502,387.666018,293.3029167,395.0629108
3108175,0,0,0,0
2713573,92.44325079,317.8861347,146.6514584,383.0913074
85404,182.4537845,0,0,0
81947,77.84694803,147.3130868,114.0622454,0
2488810,214.0791071,472.9525419,586.6058335,478.8641343
1969,121.6358563,589.2523473,277.0083102,993.6430786
2502784,58.38521103,100.7931647,0,0
5062,617.91015,0,0,0
60552,0,0,0,0
985,107.0395535,271.3662126,293.3029167,407.0345141
169760,68.11607953,108.546485,219.9771876,0
2683272,150.8284618,387.666018,260.7137038,251.4036705
189381,240.8389955,224.8462904,0,0
759811,177.5883502,457.4459012,260.7137038,371.1197041
3387402,43.78890827,441.9392605,839.172234,538.7221511
96345,170.2901988,426.4326198,537.722014,526.7505477
433286,785.7676317,139.5597665,219.9771876,0
2892440,85.14509941,124.0531258,236.271794,0
334542,90.01053367,0,0,0
2093779,189.7519358,0,203.6825811,167.602447
666686,155.6938961,263.6128922,244.4190973,263.3752739
71452,192.184653,131.8064461,89.62033567,119.7160336
2587853,46.2216254,0,138.5041551,0
1476025,204.3482386,139.5597665,122.2095486,0
43305,2831.682735,178.3263683,0,263.3752739
336810,111.9049878,426.4326198,317.7448265,407.0345141
1869241,218.9445413,286.8728533,97.76763891,239.4320671
3236815,80.27966516,124.0531258,105.9149422,0
2818493,187.3192187,255.8595719,260.7137038,251.4036705
2829187,150.8284618,232.5996108,211.8298843,155.6308436
1651941,389.2347402,519.4724641,439.9543751,454.9209276
363852,82.71238229,209.3396497,122.2095486,179.5740504
1268659,308.955075,201.5863293,203.6825811,383.0913074
2038776,94.87596792,418.6792994,562.1639237,263.3752739
2802991,131.3667248,108.546485,130.3568519,179.5740504
984207,214.0791071,224.8462904,122.2095486,215.4888604
430522,104.6068364,162.8197275,268.861007,191.5456537
33034,63.25064528,255.8595719,431.8070719,430.9777208
373891,335.7149634,744.3187545,415.5124654,323.2332906
44008,211.64639,372.1593773,203.6825811,371.1197041
28199,143.5303104,147.3130868,130.3568519,335.204894
3458683,80.27966516,348.8994162,309.5975232,323.2332906
519450,99.74140217,449.6925808,391.0705556,407.0345141
2926907,90.01053367,410.9259791,382.9232524,359.1481007
577489,111.9049878,969.1650449,733.2572918,1316.876369
3137852,175.1556331,286.8728533,171.0933681,311.2616873
1402135,53.51977677,0,0,0
3298610,141.0975933,317.8861347,228.1244908,251.4036705
82541,423.2927799,0,0,0
3070999,97.30868504,155.0664072,236.271794,143.6592403
1736,48.65434252,85.28652395,0,215.4888604
649756,158.1266132,457.4459012,358.4813427,466.8925309
222819,243.2717126,116.2998054,81.47303243,0
2913495,58.38521103,0,0,0
2424,70.54879666,201.5863293,114.0622454,0
582475,182.4537845,263.6128922,105.9149422,143.6592403
292,116.7704221,271.3662126,154.7987616,323.2332906
2726954,167.8574817,379.9126976,171.0933681,562.6653578
28087,165.4247646,201.5863293,211.8298843,131.6876369
3034146,182.4537845,372.1593773,260.7137038,155.6308436
1871076,136.2321591,488.4591826,268.861007,395.0629108
29552,265.1661667,255.8595719,162.9460649,287.3184806
60890,36.49075689,240.3529311,162.9460649,335.204894
1936080,77.84694803,178.3263683,268.861007,215.4888604
853,510.8705965,286.8728533,211.8298843,227.4604638
2714927,80.27966516,279.1195329,154.7987616,227.4604638
2597771,111.9049878,217.0929701,105.9149422,119.7160336
2024843,170.2901988,240.3529311,228.1244908,299.2900839
1592897,138.6648762,85.28652395,138.5041551,0
187304,197.0500872,217.0929701,211.8298843,347.1764973
2487063,148.3957447,255.8595719,138.5041551,263.3752739
2951137,55.9524939,0,0,0
272131,209.2136728,635.7722695,464.3962848,466.8925309
3049772,43.78890827,0,285.1556135,131.6876369
52764,34.05803977,0,105.9149422,0
202747,124.0685734,0,0,0
2875539,107.0395535,108.546485,138.5041551,155.6308436
754417,138.6648762,139.5597665,114.0622454,0
301,0,457.4459012,293.3029167,778.1542182
5207,279.7624695,488.4591826,228.1244908,383.0913074
29430,184.8865016,217.0929701,358.4813427,383.0913074
212667,143.5303104,186.0796886,146.6514584,179.5740504
246,401.3983258,279.1195329,130.3568519,191.5456537
1191459,201.9155215,0,105.9149422,0
2605747,114.3377049,317.8861347,285.1556135,335.204894
2904245,167.8574817,286.8728533,130.3568519,251.4036705
1061,85.14509941,0,0,0
343,136.2321591,0,171.0933681,239.4320671
1416779,248.1371469,224.8462904,146.6514584,167.602447
3051121,141.0975933,116.2998054,0,227.4604638
2151,107.0395535,286.8728533,260.7137038,395.0629108
553239,158.1266132,85.28652395,0,119.7160336
2546356,299.2242065,155.0664072,211.8298843,0
158822,150.8284618,496.212503,407.3651621,562.6653578
264023,109.4722707,77.53320359,97.76763891,251.4036705
2705473,102.1741193,426.4326198,342.1867362,383.0913074
2148,325.9840949,263.6128922,374.7759492,239.4320671
2723089,90.01053367,232.5996108,228.1244908,371.1197041
3393449,29.19260551,85.28652395,162.9460649,167.602447
2929510,262.7334496,131.8064461,97.76763891,0
263,328.416812,465.1992216,464.3962848,299.2900839
1308,211.64639,232.5996108,293.3029167,419.0061175
1705566,87.57781654,317.8861347,586.6058335,454.9209276
2867020,41.35619114,0,0,0
2921503,184.8865016,496.212503,268.861007,395.0629108
2841925,0,0,0,0
2320140,136.2321591,0,0,0
1965231,175.1556331,1170.751374,1075.444028,526.7505477
40545,0,279.1195329,154.7987616,143.6592403
29497,131.3667248,821.8519581,488.8381946,323.2332906
983544,226.2426927,201.5863293,252.5664005,0
327575,136.2321591,0,0,0
39496,462.216254,232.5996108,301.45022,335.204894
2742683,192.184653,116.2998054,0,0
72026,128.9340077,131.8064461,195.5352778,0
2930131,311.3877921,116.2998054,0,0
3350403,243.2717126,93.03984431,260.7137038,191.5456537
200991,0,0,0,0
421767,99.74140217,155.0664072,211.8298843,0
76832,104.6068364,426.4326198,277.0083102,598.5801678
80816,51.08705965,0,0,0
1648923,145.9630276,162.8197275,0,0
483913,80.27966516,108.546485,0,0
2740405,175.1556331,263.6128922,138.5041551,227.4604638
28189,136.2321591,139.5597665,203.6825811,0
2862460,58.38521103,0,0,0
2954771,65.6833624,0,285.1556135,131.6876369
208962,214.0791071,193.833009,228.1244908,179.5740504
95486,931.7306593,333.3927755,382.9232524,0
34087,82.71238229,480.7058623,480.6908913,718.2962014
28112,36.49075689,155.0664072,334.0394329,239.4320671
1580590,355.1767004,178.3263683,138.5041551,299.2900839
76259,85.14509941,162.8197275,260.7137038,227.4604638
2703787,131.3667248,0,0,0
2093780,133.7994419,418.6792994,725.1099886,993.6430786
2497879,119.2031392,162.8197275,81.47303243,167.602447
2929800,284.6279038,961.4117246,716.9626854,1149.273922
2487072,218.9445413,170.5730479,187.3879746,0
3418555,92.44325079,162.8197275,130.3568519,263.3752739
2949996,109.4722707,527.2257844,619.1950464,634.4949779
1970093,274.8970352,217.0929701,301.45022,251.4036705
1390,311.3877921,0,0,0
1854492,223.8099756,310.1328144,195.5352778,203.5172571
2879427,0,953.6584042,2403.454457,1268.989956
2108365,304.0896408,193.833009,162.9460649,359.1481007
264686,187.3192187,85.28652395,244.4190973,0
1970738,262.7334496,193.833009,130.3568519,383.0913074
2571030,145.9630276,379.9126976,757.6992016,311.2616873
563172,58.38521103,124.0531258,0,0
3075618,85.14509941,93.03984431,203.6825811,203.5172571
1263550,0,178.3263683,0,0
180282,133.7994419,348.8994162,423.6597686,0
861,211.64639,255.8595719,195.5352778,466.8925309
571,253.0025811,0,252.5664005,155.6308436
2292766,48.65434252,170.5730479,89.62033567,131.6876369
573570,155.6938961,155.0664072,122.2095486,119.7160336
111781,46.2216254,0,0,251.4036705
1247712,367.340286,527.2257844,309.5975232,311.2616873
2050967,41.35619114,178.3263683,244.4190973,215.4888604
28213,0,0,0,0
512649,109.4722707,170.5730479,97.76763891,131.6876369
5866,165.4247646,108.546485,268.861007,227.4604638
29324,99.74140217,0,0,0
687,381.9365888,201.5863293,187.3879746,323.2332906
2665914,53.51977677,201.5863293,228.1244908,167.602447
641107,124.0685734,449.6925808,456.2489816,478.8641343
1571,250.569864,310.1328144,228.1244908,538.7221511
1785996,160.5593303,0,0,0
2672567,274.8970352,255.8595719,293.3029167,263.3752739
2715131,284.6279038,341.1460958,325.8921297,287.3184806
2686363,172.722916,155.0664072,89.62033567,263.3752739
574376,630.0737357,139.5597665,97.76763891,419.0061175
3080015,0,0,350.3340394,0
2024849,26.75988839,217.0929701,203.6825811,215.4888604
421058,172.722916,85.28652395,146.6514584,167.602447
371142,153.2611789,248.1062515,138.5041551,275.3468772
1473112,48.65434252,0,0,0
3439050,162.9920474,255.8595719,301.45022,562.6653578
2590012,114.3377049,271.3662126,285.1556135,323.2332906
2864040,121.6358563,124.0531258,0,0
215813,0,0,0,0
2976818,38.92347402,0,0,0
3060758,248.1371469,201.5863293,162.9460649,251.4036705
1498,401.3983258,217.0929701,325.8921297,167.602447
1413,199.4828043,209.3396497,171.0933681,119.7160336
2686304,85.14509941,0,0,0
1826872,238.4062784,77.53320359,81.47303243,143.6592403
1310165,65.6833624,0,0,0
708186,114.3377049,209.3396497,138.5041551,143.6592403
745310,0,0,0,0
1859122,97.30868504,116.2998054,342.1867362,251.4036705
1803846,221.3772585,108.546485,219.9771876,131.6876369
3463334,41.35619114,116.2998054,114.0622454,275.3468772
2975697,0,0,0,0
28095,85.14509941,0,0,0
2775080,0,93.03984431,81.47303243,0
29341,313.8205093,441.9392605,448.1016783,251.4036705
2758563,1605.593303,131.8064461,89.62033567,119.7160336
195250,41.35619114,77.53320359,97.76763891,119.7160336
80866,107.0395535,201.5863293,0,0
2952571,172.722916,155.0664072,0,191.5456537
260364,0,845.1119192,171.0933681,1125.330716
413402,77.84694803,0,0,155.6308436
2714924,654.4009069,0,0,0
2906078,143.5303104,255.8595719,268.861007,263.3752739
279058,155.6938961,0,0,167.602447
279322,1102.020858,0,0,0
92644,0,0,0,0
3149230,206.7809557,635.7722695,798.4357178,921.8134585
2095,267.5988839,248.1062515,130.3568519,287.3184806
3230970,85.14509941,100.7931647,146.6514584,407.0345141
72361,109.4722707,116.2998054,105.9149422,0
2908842,90.01053367,0,0,0
2782006,119.2031392,217.0929701,130.3568519,0
927083,65.6833624,124.0531258,0,191.5456537
2164067,0,116.2998054,114.0622454,466.8925309
1176649,119.2031392,302.379494,0,0
2986835,141.0975933,100.7931647,130.3568519,167.602447
238,355.1767004,155.0664072,138.5041551,119.7160336
83656,48.65434252,0,130.3568519,0
2906456,104.6068364,108.546485,97.76763891,179.5740504
2937442,233.5408441,690.045512,399.2178589,694.3529947
326329,104.6068364,333.3927755,228.1244908,227.4604638
1850254,323.5513778,0,0,0
2059726,116.7704221,139.5597665,219.9771876,287.3184806
398053,82.71238229,178.3263683,195.5352778,131.6876369
54299,116.7704221,263.6128922,285.1556135,514.7789443
158899,38.92347402,0,0,0
1816218,184.8865016,852.8652395,782.1411113,586.6085645
2508722,41.35619114,0,0,0
1617283,450.0526683,310.1328144,342.1867362,407.0345141
80842,41.35619114,403.1726587,439.9543751,586.6085645
217159,187.3192187,263.6128922,252.5664005,263.3752739
1805431,141.0975933,124.0531258,97.76763891,0
1965332,255.4352982,232.5996108,293.3029167,287.3184806
2325,235.9735612,100.7931647,219.9771876,191.5456537
86668,143.5303104,434.1859401,423.6597686,766.1826148
3447504,107.0395535,317.8861347,146.6514584,227.4604638
2572090,413.5619114,178.3263683,171.0933681,239.4320671
1336,262.7334496,209.3396497,114.0622454,119.7160336
73913,70.54879666,124.0531258,114.0622454,155.6308436
328515,265.1661667,279.1195329,195.5352778,311.2616873
2022740,53.51977677,100.7931647,138.5041551,263.3752739
33923,87.57781654,279.1195329,219.9771876,251.4036705
2823693,36.49075689,0,0,287.3184806
3135641,201.9155215,0,0,0
89152,182.4537845,690.045512,203.6825811,383.0913074
709883,0,0,0,0
2918526,141.0975933,534.9791048,244.4190973,227.4604638
1278212,111.9049878,131.8064461,138.5041551,227.4604638
3457544,75.41423091,108.546485,105.9149422,143.6592403
2899121,90.01053367,379.9126976,154.7987616,251.4036705
2679963,145.9630276,240.3529311,260.7137038,0
161398,211.64639,248.1062515,195.5352778,155.6308436
1848904,102.1741193,248.1062515,211.8298843,191.5456537
446683,60.81792815,93.03984431,0,0
2614441,350.3112662,480.7058623,211.8298843,0
1660079,187.3192187,85.28652395,81.47303243,131.6876369
3426221,34.05803977,116.2998054,162.9460649,131.6876369
1723361,141.0975933,201.5863293,260.7137038,203.5172571
137584,102.1741193,77.53320359,122.2095486,0
29498,182.4537845,124.0531258,179.2406713,239.4320671
282676,99.74140217,224.8462904,154.7987616,131.6876369
3028318,48.65434252,356.6527365,171.0933681,263.3752739
2698686,214.0791071,85.28652395,105.9149422,0
3070678,77.84694803,108.546485,187.3879746,0
1434103,926.865225,0,0,0
544433,318.6859435,310.1328144,162.9460649,359.1481007
3158229,24.32717126,100.7931647,114.0622454,215.4888604
232259,211.64639,85.28652395,0,131.6876369
1050638,58.38521103,0,0,215.4888604
2766984,77.84694803,286.8728533,423.6597686,335.204894
2932268,150.8284618,178.3263683,366.6286459,287.3184806
2651167,119.2031392,434.1859401,195.5352778,203.5172571
36746,34.05803977,0,0,0
28072,172.722916,426.4326198,228.1244908,514.7789443
2906798,72.98151378,0,0,263.3752739
82996,279.7624695,139.5597665,211.8298843,167.602447
3070997,223.8099756,263.6128922,171.0933681,143.6592403
575378,291.9260551,147.3130868,203.6825811,251.4036705
2744227,99.74140217,410.9259791,651.7842594,430.9777208
3080013,24.32717126,0,236.271794,0
2975793,116.7704221,0,138.5041551,0
45634,80.27966516,581.499027,521.4274075,490.8357376
1686,38.92347402,162.8197275,0,478.8641343
2835648,41.35619114,736.5654341,399.2178589,0
33031,38.92347402,155.0664072,0,0
2058175,92.44325079,170.5730479,130.3568519,0
2527978,121.6358563,0,162.9460649,0
633807,70.54879666,0,114.0622454,0
3230981,24.32717126,0,0,0
2976768,116.7704221,341.1460958,105.9149422,143.6592403
930805,92.44325079,93.03984431,0,0
280473,87.57781654,279.1195329,203.6825811,311.2616873
170679,498.7070108,310.1328144,350.3340394,191.5456537
1849015,323.5513778,124.0531258,146.6514584,251.4036705
2750025,0,0,0,0
2529032,197.0500872,124.0531258,81.47303243,0
2022749,398.9656087,403.1726587,407.3651621,215.4888604
2775420,0,0,0,0
357794,77.84694803,147.3130868,146.6514584,0
2859768,192.184653,232.5996108,277.0083102,323.2332906
110321,55.9524939,0,130.3568519,0
56458,270.031601,0,130.3568519,203.5172571
2708301,1070.395535,147.3130868,0,0
381046,85.14509941,263.6128922,179.2406713,131.6876369
2751178,153.2611789,356.6527365,496.9854978,718.2962014
3009078,712.7861179,0,179.2406713,0
1193713,265.1661667,201.5863293,203.6825811,299.2900839
1717717,199.4828043,364.4060569,325.8921297,275.3468772
2785025,167.8574817,255.8595719,228.1244908,251.4036705
2764326,31.62532264,279.1195329,366.6286459,335.204894
2903657,0,0,0,0
165435,180.0210673,449.6925808,252.5664005,275.3468772
676,90.01053367,372.1593773,366.6286459,251.4036705
2914041,87.57781654,131.8064461,236.271794,335.204894
762954,197.0500872,162.8197275,211.8298843,155.6308436
2583851,277.3297524,131.8064461,97.76763891,131.6876369
63186,104.6068364,100.7931647,0,0
168935,277.3297524,170.5730479,0,0
1660076,104.6068364,108.546485,0,191.5456537
1080068,0,0,219.9771876,419.0061175
1494,68.11607953,170.5730479,219.9771876,0
505249,226.2426927,317.8861347,236.271794,263.3752739
2686365,630.0737357,255.8595719,203.6825811,167.602447
2047,41.35619114,0,114.0622454,0
29484,596.0156959,0,219.9771876,0
2665645,226.2426927,178.3263683,260.7137038,263.3752739
387093,0,519.4724641,0,0
36809,644.6700384,395.4193383,236.271794,598.5801678
97084,136.2321591,224.8462904,219.9771876,239.4320671
2884875,97.30868504,124.0531258,130.3568519,119.7160336
712362,90.01053367,333.3927755,496.9854978,454.9209276
1254,335.7149634,511.7191437,374.7759492,359.1481007
40091,201.9155215,147.3130868,0,0
28229,114.3377049,108.546485,89.62033567,0
2528018,48.65434252,0,0,0
624315,31.62532264,217.0929701,0,0
1610,133.7994419,162.8197275,105.9149422,311.2616873
2895980,43.78890827,0,0,0
1515,223.8099756,139.5597665,179.2406713,155.6308436
3137860,136.2321591,186.0796886,130.3568519,263.3752739
2756,119.2031392,100.7931647,0,143.6592403
1775173,43.78890827,124.0531258,81.47303243,0
2835531,2556.7857,0,407.3651621,802.0974249
1936,0,0,0,0
1923,75.41423091,170.5730479,114.0622454,227.4604638
1155388,199.4828043,628.0189491,529.5747108,0
3388429,121.6358563,0,211.8298843,0
2779445,272.4643181,217.0929701,154.7987616,0
436114,36.49075689,139.5597665,97.76763891,167.602447
3040348,99.74140217,0,179.2406713,203.5172571
3453416,138.6648762,217.0929701,236.271794,191.5456537
99598,206.7809557,116.2998054,97.76763891,0
3074124,253.0025811,503.9658234,252.5664005,407.0345141
576610,338.1476805,317.8861347,203.6825811,287.3184806
147802,253.0025811,294.6261737,472.5435881,347.1764973
2821514,29.19260551,193.833009,171.0933681,299.2900839
2303529,80.27966516,0,0,0
995,162.9920474,224.8462904,309.5975232,323.2332906
2731755,51.08705965,178.3263683,0,215.4888604
2893886,330.8495291,201.5863293,244.4190973,167.602447
191495,0,721.0587934,985.8236924,694.3529947
1913577,77.84694803,0,0,0
1032072,243.2717126,93.03984431,0,119.7160336
40137,0,0,0,0
657419,48.65434252,0,0,227.4604638
3100173,65.6833624,0,0,167.602447
2759528,192.184653,209.3396497,187.3879746,0
1179672,330.8495291,387.666018,187.3879746,191.5456537
3240913,162.9920474,0,122.2095486,215.4888604
260554,102.1741193,193.833009,179.2406713,0
35795,31.62532264,1225.024617,985.8236924,1029.557889
3109366,111.9049878,426.4326198,211.8298843,347.1764973
2267699,26.75988839,0,0,0
47770,243.2717126,317.8861347,334.0394329,430.9777208
29394,138.6648762,286.8728533,358.4813427,215.4888604
2714947,180.0210673,186.0796886,138.5041551,167.602447
1255,206.7809557,372.1593773,138.5041551,227.4604638
57029,187.3192187,325.6394551,268.861007,251.4036705
29329,141.0975933,155.0664072,0,0
477680,94.87596792,279.1195329,81.47303243,311.2616873
43263,41.35619114,0,0,0
361101,148.3957447,0,130.3568519,0
1519,253.0025811,263.6128922,244.4190973,371.1197041
101571,454.9181026,0,0,0
3058402,58.38521103,155.0664072,146.6514584,227.4604638
3047871,216.5118242,100.7931647,171.0933681,203.5172571
218284,148.3957447,0,0,0
2136147,48.65434252,116.2998054,228.1244908,179.5740504
3160830,158.1266132,178.3263683,154.7987616,155.6308436
761,48.65434252,85.28652395,211.8298843,0
1653434,63.25064528,85.28652395,138.5041551,179.5740504
1737571,92.44325079,348.8994162,228.1244908,335.204894
128785,53.51977677,131.8064461,0,0
2937786,469.5144053,310.1328144,179.2406713,155.6308436
2527995,60.81792815,333.3927755,285.1556135,179.5740504
33945,148.3957447,147.3130868,114.0622454,179.5740504
33169,306.5223579,271.3662126,334.0394329,311.2616873
712357,75.41423091,263.6128922,334.0394329,323.2332906
1164,270.031601,418.6792994,334.0394329,227.4604638
3100987,744.4114406,100.7931647,0,0
1467,55.9524939,93.03984431,130.3568519,0
484770,121.6358563,310.1328144,317.7448265,263.3752739
2602769,70.54879666,240.3529311,138.5041551,0
43080,197.0500872,333.3927755,374.7759492,502.807341
548579,0,0,0,0
728,231.108127,193.833009,317.7448265,0
2895796,0,0,0,0
1548,413.5619114,193.833009,415.5124654,287.3184806
2855394,162.9920474,100.7931647,81.47303243,275.3468772
2714926,80.27966516,147.3130868,0,0
487559,673.8626439,0,0,0
2358187,63.25064528,162.8197275,0,0
1847728,250.569864,186.0796886,154.7987616,167.602447
40542,138.6648762,279.1195329,219.9771876,0
561061,148.3957447,85.28652395,0,0
3031802,90.01053367,162.8197275,0,0
58049,121.6358563,496.212503,268.861007,670.409788
2774694,75.41423091,170.5730479,0,0
1646498,82.71238229,131.8064461,0,239.4320671
68886,265.1661667,325.6394551,154.7987616,311.2616873
665099,566.8230904,565.9923862,0,0
2086471,119.2031392,472.9525419,415.5124654,490.8357376
1982626,253.0025811,240.3529311,187.3879746,131.6876369
1855875,0,0,0,0
2249476,109.4722707,224.8462904,244.4190973,0
2895947,282.1951866,333.3927755,366.6286459,634.4949779
2903809,0,0,0,0
2905121,109.4722707,124.0531258,138.5041551,143.6592403
1324352,136.2321591,333.3927755,211.8298843,239.4320671
1247,99.74140217,108.546485,301.45022,0
2608253,75.41423091,232.5996108,154.7987616,167.602447
1535204,116.7704221,232.5996108,0,0
218490,99.74140217,170.5730479,0,0
674529,136.2321591,116.2998054,171.0933681,0
288965,206.7809557,279.1195329,301.45022,0
3434999,0,0,0,0
2874213,121.6358563,85.28652395,154.7987616,143.6592403
1566379,0,0,317.7448265,191.5456537
156213,53.51977677,85.28652395,130.3568519,131.6876369
2010828,82.71238229,232.5996108,187.3879746,227.4604638
849,119.2031392,0,122.2095486,0
1812935,124.0685734,93.03984431,146.6514584,0
1006576,43.78890827,139.5597665,0,0
38875,216.5118242,449.6925808,602.90044,981.6714753
702745,170.2901988,93.03984431,97.76763891,0
320787,201.9155215,263.6128922,195.5352778,335.204894
5679,277.3297524,589.2523473,431.8070719,622.5233746
2813578,43.78890827,922.6451228,871.761447,790.1258216
39956,0,0,0,0
3070683,107.0395535,240.3529311,187.3879746,227.4604638
28090,593.5829788,124.0531258,187.3879746,203.5172571
2130,85.14509941,0,0,0
326544,63.25064528,348.8994162,399.2178589,275.3468772
251747,0,131.8064461,0,0
722472,90.01053367,147.3130868,154.7987616,179.5740504
371036,177.5883502,232.5996108,195.5352778,227.4604638
1804986,0,0,0,0
142650,0,310.1328144,89.62033567,299.2900839
213,128.9340077,418.6792994,236.271794,287.3184806
1334,325.9840949,279.1195329,293.3029167,347.1764973
263475,250.569864,186.0796886,317.7448265,371.1197041
1252,70.54879666,85.28652395,252.5664005,0
2293317,68.11607953,379.9126976,97.76763891,227.4604638
2528024,369.7730032,147.3130868,391.0705556,287.3184806
2547394,216.5118242,186.0796886,309.5975232,0
3048005,41.35619114,217.0929701,146.6514584,143.6592403
2920939,136.2321591,271.3662126,252.5664005,311.2616873
291208,197.0500872,387.666018,350.3340394,323.2332906
2774656,75.41423091,0,154.7987616,0
66219,199.4828043,224.8462904,195.5352778,143.6592403
2731220,214.0791071,93.03984431,97.76763891,0
700220,70.54879666,85.28652395,0,0
578924,72.98151378,0,203.6825811,0
1609531,216.5118242,403.1726587,0,514.7789443
726,226.2426927,155.0664072,122.2095486,143.6592403
381,2298.917684,0,0,0
2977321,260.3007325,403.1726587,252.5664005,167.602447
2745197,55.9524939,193.833009,114.0622454,167.602447
36835,153.2611789,178.3263683,114.0622454,143.6592403
2974039,75.41423091,85.28652395,114.0622454,0
859,92.44325079,186.0796886,268.861007,227.4604638
1452732,72.98151378,0,0,0
2760713,267.5988839,131.8064461,146.6514584,0
2886352,153.2611789,131.8064461,146.6514584,0
2268026,228.6754099,224.8462904,146.6514584,538.7221511
3112573,0,457.4459012,0,0
2528593,82.71238229,100.7931647,0,155.6308436
84378,235.9735612,131.8064461,130.3568519,0
1018,63.25064528,310.1328144,0,383.0913074
1501662,141.0975933,155.0664072,211.8298843,371.1197041
1936081,148.3957447,356.6527365,268.861007,215.4888604
3230488,124.0685734,0,0,0
86304,92.44325079,131.8064461,154.7987616,119.7160336
28223,121.6358563,209.3396497,228.1244908,263.3752739
200415,138.6648762,286.8728533,138.5041551,155.6308436
1353260,145.9630276,248.1062515,162.9460649,143.6592403
3019969,90.01053367,100.7931647,122.2095486,0
1173032,94.87596792,217.0929701,179.2406713,359.1481007
689904,197.0500872,232.5996108,236.271794,215.4888604
2735723,138.6648762,131.8064461,0,0
496057,177.5883502,131.8064461,130.3568519,347.1764973
1486245,109.4722707,147.3130868,228.1244908,179.5740504
3374196,0,294.6261737,285.1556135,371.1197041
171284,102.1741193,286.8728533,407.3651621,335.204894
248906,175.1556331,139.5597665,0,0
324079,294.3587723,0,89.62033567,0
2925845,2257.561493,0,0,0
394958,209.2136728,310.1328144,219.9771876,239.4320671
3243376,608.1792815,0,0,0
170861,523.0341821,434.1859401,488.8381946,778.1542182
2954511,94.87596792,100.7931647,162.9460649,0
162,107.0395535,403.1726587,317.7448265,203.5172571
3060302,90.01053367,0,114.0622454,0
2219224,29.19260551,0,0,0
68569,0,0,0,0
1752063,143.5303104,170.5730479,171.0933681,251.4036705
45658,201.9155215,186.0796886,122.2095486,0
2984951,1106.886292,302.379494,228.1244908,287.3184806
2795974,94.87596792,108.546485,268.861007,0
75985,126.5012906,317.8861347,431.8070719,574.6369611
837,177.5883502,0,0,0
158327,0,0,0,0
2026186,391.6674573,310.1328144,399.2178589,706.3245981
2502779,111.9049878,139.5597665,260.7137038,215.4888604
312279,245.7044297,372.1593773,195.5352778,287.3184806
1217282,82.71238229,232.5996108,219.9771876,191.5456537
305,223.8099756,248.1062515,203.6825811,0
3037479,0,0,122.2095486,167.602447
1481672,116.7704221,116.2998054,0,0
1249,138.6648762,372.1593773,228.1244908,574.6369611
2892442,0,0,0,0
1871111,158.1266132,441.9392605,496.9854978,311.2616873
691,330.8495291,410.9259791,350.3340394,335.204894
2885764,0,178.3263683,244.4190973,299.2900839
3234137,1595.862435,348.8994162,342.1867362,538.7221511
3382641,265.1661667,124.0531258,154.7987616,119.7160336
2813371,99.74140217,0,0,0
2293862,0,0,0,0
2070537,46.2216254,85.28652395,89.62033567,0
135577,294.3587723,0,260.7137038,0
3038772,379.5038717,217.0929701,293.3029167,215.4888604
2724896,94.87596792,170.5730479,301.45022,227.4604638
1892382,85.14509941,100.7931647,0,143.6592403
2493630,65.6833624,139.5597665,195.5352778,227.4604638
1396826,60.81792815,116.2998054,0,0
2057808,211.64639,155.0664072,162.9460649,239.4320671
1580,167.8574817,426.4326198,423.6597686,574.6369611
206042,119.2031392,217.0929701,985.8236924,514.7789443
5059,732.247855,0,0,0
2903876,0,0,0,0
2201271,99.74140217,240.3529311,203.6825811,119.7160336
39152,287.0606209,294.6261737,358.4813427,191.5456537
3239929,90.01053367,0,0,263.3752739
1337936,107.0395535,263.6128922,114.0622454,586.6085645
2911539,0,0,0,0
3096220,46.2216254,333.3927755,0,0
3101350,80.27966516,85.28652395,171.0933681,203.5172571
221066,121.6358563,232.5996108,97.76763891,155.6308436
1055487,77.84694803,116.2998054,89.62033567,203.5172571
137591,362.4748518,302.379494,179.2406713,0
29507,141.0975933,209.3396497,146.6514584,694.3529947
28080,43.78890827,294.6261737,228.1244908,167.602447
1497,82.71238229,317.8861347,252.5664005,359.1481007
1755241,82.71238229,0,105.9149422,215.4888604
3065157,128.9340077,217.0929701,122.2095486,0
1005962,114.3377049,170.5730479,122.2095486,227.4604638
2856523,131.3667248,418.6792994,309.5975232,311.2616873
2497456,80.27966516,147.3130868,130.3568519,131.6876369
111844,170.2901988,0,0,0
3133334,0,317.8861347,0,646.4665813
554880,0,108.546485,0,0
2929803,170.2901988,155.0664072,252.5664005,263.3752739
76761,85.14509941,232.5996108,301.45022,0
1312072,170.2901988,821.8519581,399.2178589,311.2616873
3126507,29.19260551,0,0,0
3045158,158.1266132,480.7058623,293.3029167,287.3184806
80850,34.05803977,0,0,0
2486578,58.38521103,364.4060569,146.6514584,215.4888604
2878915,43.78890827,0,0,0
167642,121.6358563,403.1726587,244.4190973,0
2792977,0,426.4326198,0,0
2602015,0,0,122.2095486,227.4604638
29575,53.51977677,248.1062515,81.47303243,239.4320671
401619,60.81792815,0,162.9460649,155.6308436
435897,68.11607953,162.8197275,130.3568519,0
1751286,250.569864,294.6261737,219.9771876,407.0345141
1983719,121.6358563,209.3396497,382.9232524,359.1481007
454,165.4247646,255.8595719,81.47303243,131.6876369
182710,104.6068364,0,0,0
208224,165.4247646,783.0853563,439.9543751,0
221027,80.27966516,162.8197275,138.5041551,0
384636,469.5144053,155.0664072,195.5352778,131.6876369
2593672,53.51977677,232.5996108,138.5041551,251.4036705
204042,53.51977677,217.0929701,358.4813427,191.5456537
312277,131.3667248,178.3263683,236.271794,215.4888604
2305508,111.9049878,147.3130868,293.3029167,239.4320671
2169540,162.9920474,162.8197275,0,0
2831780,29.19260551,0,211.8298843,155.6308436
216934,29.19260551,155.0664072,293.3029167,287.3184806
3420668,114.3377049,565.9923862,521.4274075,383.0913074
703,77.84694803,85.28652395,81.47303243,0
1031542,99.74140217,248.1062515,228.1244908,179.5740504
2038411,70.54879666,0,0,0
1499683,128.9340077,240.3529311,244.4190973,311.2616873
386487,24.32717126,310.1328144,171.0933681,335.204894
3036126,70.54879666,356.6527365,179.2406713,155.6308436
2487064,126.5012906,0,0,0
3238630,55.9524939,0,0,0
3109030,87.57781654,124.0531258,0,143.6592403
1933929,0,0,252.5664005,395.0629108
2672570,97.30868504,85.28652395,179.2406713,119.7160336
1935204,849.018277,131.8064461,105.9149422,0
2107,58.38521103,410.9259791,382.9232524,359.1481007
29581,321.1186606,240.3529311,0,287.3184806
47478,53.51977677,0,0,0
180957,192.184653,558.2390659,496.9854978,622.5233746
1608473,175.1556331,131.8064461,114.0622454,0
2907205,60.81792815,263.6128922,195.5352778,371.1197041
538381,34.05803977,0,0,0
150055,0,255.8595719,0,407.0345141
1616788,36.49075689,240.3529311,325.8921297,0
3394321,0,108.546485,0,0
2862509,153.2611789,116.2998054,244.4190973,227.4604638
1014,48.65434252,116.2998054,138.5041551,167.602447
2267264,38.92347402,170.5730479,179.2406713,419.0061175
2975666,0,1651.457237,1686.491771,0
1302,272.4643181,263.6128922,236.271794,155.6308436
2809031,145.9630276,736.5654341,757.6992016,610.5517712
1795355,109.4722707,162.8197275,187.3879746,239.4320671
2109558,284.6279038,131.8064461,97.76763891,0
2875540,141.0975933,224.8462904,252.5664005,251.4036705
221345,0,224.8462904,0,0
1882682,43.78890827,139.5597665,130.3568519,634.4949779
2778065,450.0526683,0,0,0
3136677,415.9946286,155.0664072,114.0622454,251.4036705
1620392,34.05803977,0,0,0
42444,0,0,0,0
1617967,24.32717126,0,0,0
1623,75.41423091,0,0,0
137816,41.35619114,240.3529311,236.271794,263.3752739
3039392,94.87596792,232.5996108,317.7448265,167.602447
3417654,72.98151378,100.7931647,138.5041551,0
476,48.65434252,503.9658234,407.3651621,478.8641343
2728022,53.51977677,155.0664072,81.47303243,0
343403,165.4247646,100.7931647,122.2095486,203.5172571
1117707,77.84694803,131.8064461,0,347.1764973
762210,26.75988839,356.6527365,350.3340394,263.3752739
2946865,0,108.546485,0,0
332158,75.41423091,0,0,0
2583805,175.1556331,387.666018,537.722014,430.9777208
59610,148.3957447,124.0531258,89.62033567,179.5740504
2605989,107.0395535,0,146.6514584,0
2045,75.41423091,131.8064461,0,155.6308436
1940789,296.7914894,255.8595719,252.5664005,383.0913074
2563664,291.9260551,0,0,0
1961,53.51977677,0,0,0
2746225,233.5408441,186.0796886,187.3879746,251.4036705
1402,420.8600628,0,0,1268.989956
873191,116.7704221,0,0,0
3132260,109.4722707,116.2998054,97.76763891,179.5740504
3153519,121.6358563,131.8064461,146.6514584,0
1124835,201.9155215,124.0531258,122.2095486,167.602447
2885633,102.1741193,0,0,0
2482728,231.108127,0,171.0933681,203.5172571
3423948,228.6754099,364.4060569,554.0166205,502.807341
1784713,43.78890827,85.28652395,105.9149422,0
2681549,51.08705965,0,0,0
1702097,102.1741193,0,0,119.7160336
3135773,53.51977677,224.8462904,138.5041551,191.5456537
47951,503.5724451,155.0664072,171.0933681,299.2900839
2202148,24.32717126,0,0,203.5172571
136073,162.9920474,441.9392605,211.8298843,0
320324,128.9340077,201.5863293,89.62033567,155.6308436
2322,68.11607953,85.28652395,228.1244908,311.2616873
1926,0,0,0,0
78331,119.2031392,0,171.0933681,263.3752739
37734,231.108127,302.379494,334.0394329,658.4381846
2708346,36.49075689,1124.231452,244.4190973,490.8357376
134537,72.98151378,0,0,0
363952,0,193.833009,122.2095486,0
2970906,107.0395535,0,0,0
3404064,65.6833624,155.0664072,252.5664005,203.5172571
1737490,77.84694803,519.4724641,236.271794,191.5456537
375,43.78890827,224.8462904,0,335.204894
1703338,0,0,0,0
142864,119.2031392,193.833009,211.8298843,0
1190813,65.6833624,0,0,0
67824,31.62532264,139.5597665,0,203.5172571
1184,158.1266132,0,382.9232524,0
1589,284.6279038,85.28652395,81.47303243,179.5740504
1442558,0,0,0,0
3298609,143.5303104,255.8595719,529.5747108,251.4036705
3034016,60.81792815,155.0664072,0,0
1115758,810.094803,100.7931647,0,179.5740504
280147,36.49075689,248.1062515,162.9460649,0
1917485,0,0,0,0
2583814,104.6068364,333.3927755,0,430.9777208
2421,104.6068364,0,0,0
216946,51.08705965,0,89.62033567,0
538966,170.2901988,139.5597665,301.45022,131.6876369
3093870,119.2031392,85.28652395,187.3879746,275.3468772
656519,133.7994419,0,0,0
143361,72.98151378,232.5996108,105.9149422,0
2840469,34.05803977,0,195.5352778,191.5456537
92172,75.41423091,124.0531258,0,0
554,744.4114406,457.4459012,0,490.8357376
3442644,158.1266132,186.0796886,277.0083102,0
2954672,124.0685734,0,0,0
3003262,85.14509941,186.0796886,211.8298843,155.6308436
67581,68.11607953,0,277.0083102,0
3035696,90.01053367,147.3130868,0,227.4604638
2917790,75.41423091,286.8728533,391.0705556,215.4888604
3234142,187.3192187,0,0,0
882626,90.01053367,131.8064461,114.0622454,0
1582439,0,108.546485,130.3568519,131.6876369
3231488,111.9049878,348.8994162,325.8921297,419.0061175
158847,77.84694803,232.5996108,97.76763891,167.602447
2666025,192.184653,147.3130868,122.2095486,0
54910,85.14509941,116.2998054,146.6514584,0
61645,245.7044297,0,0,0
3350173,82.71238229,0,0,0
146017,0,0,0,0
29495,60.81792815,100.7931647,0,0
51365,0,0,0,0
1564138,175.1556331,0,105.9149422,0
2601894,58.38521103,0,0,0
51101,440.3217998,457.4459012,0,0
2692425,119.2031392,201.5863293,105.9149422,0
1309,189.7519358,410.9259791,236.271794,251.4036705
1348114,116.7704221,465.1992216,374.7759492,239.4320671
1338,80.27966516,131.8064461,0,0
3450747,226.2426927,170.5730479,187.3879746,179.5740504
61624,55.9524939,224.8462904,252.5664005,227.4604638
2840371,253.0025811,224.8462904,211.8298843,215.4888604
2781243,53.51977677,178.3263683,260.7137038,227.4604638
2552945,131.3667248,0,138.5041551,0
38286,0,0,0,0
40543,77.84694803,93.03984431,0,0
2024842,0,0,122.2095486,203.5172571
5661,715.2188351,186.0796886,342.1867362,287.3184806
631,104.6068364,0,0,0
156976,29.19260551,0,0,0
2839759,0,0,0,0
3415987,170.2901988,77.53320359,285.1556135,0
1263979,107.0395535,139.5597665,146.6514584,0
2939494,107.0395535,0,130.3568519,0
3060017,155.6938961,201.5863293,244.4190973,179.5740504
2962693,72.98151378,201.5863293,260.7137038,335.204894
1325095,0,0,0,0
271097,107.0395535,418.6792994,244.4190973,514.7789443
38027,464.6489711,480.7058623,545.8693173,514.7789443
2975872,0,0,0,0
29382,291.9260551,441.9392605,277.0083102,311.2616873
1324350,77.84694803,333.3927755,179.2406713,155.6308436
633,85.14509941,131.8064461,130.3568519,299.2900839
1202712,162.9920474,201.5863293,89.62033567,275.3468772
2774747,109.4722707,170.5730479,105.9149422,0
866807,245.7044297,201.5863293,219.9771876,131.6876369
2915619,116.7704221,108.546485,97.76763891,155.6308436
3143118,138.6648762,201.5863293,0,167.602447
550542,0,0,0,0
1583,175.1556331,341.1460958,342.1867362,203.5172571
1883156,141.0975933,263.6128922,162.9460649,131.6876369
2528011,48.65434252,0,0,0
1462994,3352.2842,0,0,0
312539,104.6068364,426.4326198,187.3879746,742.2394081
2662364,119.2031392,263.6128922,228.1244908,0
266748,172.722916,217.0929701,187.3879746,0
160453,51.08705965,85.28652395,0,0
2564040,153.2611789,193.833009,211.8298843,143.6592403
1529,102.1741193,162.8197275,236.271794,215.4888604
77022,58.38521103,317.8861347,570.311227,430.9777208
2871165,620.3428672,341.1460958,374.7759492,311.2616873
643214,143.5303104,0,219.9771876,143.6592403
2742195,63.25064528,232.5996108,366.6286459,191.5456537
1920034,187.3192187,201.5863293,277.0083102,167.602447
187145,68.11607953,232.5996108,187.3879746,0
40520,270.031601,434.1859401,138.5041551,239.4320671
292566,77.84694803,0,0,0
2609667,0,0,0,0
3137178,141.0975933,193.833009,219.9771876,0
2963431,0,0,0,0
5663,262.7334496,348.8994162,358.4813427,646.4665813
147322,0,0,171.0933681,0
65093,90.01053367,178.3263683,162.9460649,239.4320671
106649,143.5303104,356.6527365,244.4190973,203.5172571
506591,43.78890827,0,0,0
2587855,0,0,0,0
2507161,540.063202,193.833009,187.3879746,203.5172571
1905730,46.2216254,131.8064461,130.3568519,0
115808,114.3377049,0,130.3568519,0
2806205,99.74140217,209.3396497,236.271794,335.204894
591197,170.2901988,209.3396497,228.1244908,359.1481007
2686361,124.0685734,116.2998054,130.3568519,203.5172571
2703789,160.5593303,116.2998054,122.2095486,0
482564,566.8230904,0,171.0933681,335.204894
3003260,192.184653,217.0929701,146.6514584,203.5172571
2740837,228.6754099,271.3662126,309.5975232,263.3752739
162156,116.7704221,209.3396497,154.7987616,179.5740504
40216,187.3192187,310.1328144,244.4190973,0
1600,148.3957447,0,81.47303243,0
3039153,1123.915312,85.28652395,97.76763891,131.6876369
2930219,204.3482386,193.833009,228.1244908,179.5740504
2763023,547.3613534,0,586.6058335,1221.103542
3160967,80.27966516,155.0664072,244.4190973,275.3468772
519472,34.05803977,139.5597665,252.5664005,191.5456537
2843630,0,511.7191437,488.8381946,586.6085645
946333,221.3772585,116.2998054,0,0
3025190,131.3667248,108.546485,0,0
718,141.0975933,0,179.2406713,0
1050646,121.6358563,0,0,0
1816219,26.75988839,356.6527365,358.4813427,442.9493242
3036714,0,0,0,0
1761453,136.2321591,201.5863293,89.62033567,263.3752739
1912064,53.51977677,162.8197275,195.5352778,395.0629108
1353,119.2031392,201.5863293,0,0
487316,248.1371469,77.53320359,154.7987616,179.5740504
1513297,121.6358563,170.5730479,162.9460649,179.5740504
3447508,34.05803977,0,0,0
3040203,0,0,0,0
392416,143.5303104,170.5730479,0,167.602447
1287055,82.71238229,240.3529311,146.6514584,299.2900839
270918,248.1371469,0,146.6514584,179.5740504
43,77.84694803,170.5730479,203.6825811,167.602447
392734,29.19260551,0,97.76763891,0
2929799,333.2822463,217.0929701,244.4190973,179.5740504
1580596,51.08705965,0,97.76763891,0
2909339,131.3667248,542.7324252,366.6286459,419.0061175
171281,184.8865016,155.0664072,0,203.5172571
2896848,686.0262296,0,0,0
2602016,24.32717126,0,0,263.3752739
2986837,90.01053367,131.8064461,0,0
1685010,85.14509941,356.6527365,228.1244908,287.3184806
3395267,367.340286,162.8197275,138.5041551,0
2824673,46.2216254,0,0,0
689,527.8996164,124.0531258,219.9771876,215.4888604
528191,148.3957447,224.8462904,0,0
2954055,0,0,0,0
2779360,128.9340077,0,0,167.602447
2706887,574.1212418,0,0,119.7160336
336820,245.7044297,178.3263683,130.3568519,191.5456537
39960,0,0,0,0
331648,80.27966516,139.5597665,285.1556135,0
208223,90.01053367,271.3662126,293.3029167,251.4036705
2099788,75.41423091,0,0,0
755731,165.4247646,85.28652395,171.0933681,0
2547451,218.9445413,147.3130868,138.5041551,215.4888604
252514,34.05803977,224.8462904,162.9460649,287.3184806
3379707,160.5593303,0,203.6825811,203.5172571
3043332,94.87596792,0,0,0
984991,0,0,0,0
2714940,48.65434252,170.5730479,211.8298843,239.4320671
105841,116.7704221,0,0,0
1325112,649.5354727,0,0,0
2067992,38.92347402,0,0,0
1019,172.722916,201.5863293,114.0622454,203.5172571
2769491,167.8574817,0,0,0
1879049,0,139.5597665,0,0
2065378,46.2216254,77.53320359,0,119.7160336
179636,131.3667248,0,0,0
1340,65.6833624,93.03984431,0,0
2745198,328.416812,0,0,0
122,199.4828043,364.4060569,138.5041551,299.2900839
397260,46.2216254,0,252.5664005,335.204894
1008307,92.44325079,0,0,0
2572594,75.41423091,209.3396497,130.3568519,131.6876369
279359,46.2216254,155.0664072,203.6825811,167.602447
478,26.75988839,0,0,0
3132284,63.25064528,170.5730479,219.9771876,0
151783,53.51977677,93.03984431,162.9460649,0
1756150,97.30868504,217.0929701,179.2406713,203.5172571
1884634,26.75988839,139.5597665,0,167.602447
2652177,85.14509941,0,89.62033567,0
2898149,0,0,89.62033567,0
152480,184.8865016,232.5996108,0,0
2605694,80.27966516,0,0,0
645,70.54879666,0,81.47303243,0
1292,138.6648762,162.8197275,0,263.3752739
2528010,46.2216254,85.28652395,0,0
1930275,70.54879666,0,0,0
3442641,55.9524939,0,0,0
2865839,0,0,0,0
2011099,90.01053367,108.546485,236.271794,215.4888604
2857064,77.84694803,0,0,0
2799564,0,643.5255898,2102.004237,0
1715806,82.71238229,209.3396497,293.3029167,454.9209276
2286,51.08705965,108.546485,195.5352778,0
293371,31.62532264,100.7931647,114.0622454,0
1176239,55.9524939,85.28652395,195.5352778,143.6592403
2751313,65.6833624,279.1195329,187.3879746,215.4888604
2493676,55.9524939,0,114.0622454,0
2992805,0,0,0,0
1776384,63.25064528,0,114.0622454,155.6308436
1844999,31.62532264,666.7855509,676.2261691,395.0629108
2754694,53.51977677,271.3662126,122.2095486,430.9777208
3051176,121.6358563,0,0,0
2782654,0,93.03984431,260.7137038,0
1888915,150.8284618,294.6261737,162.9460649,215.4888604
3415670,102.1741193,85.28652395,0,0
168169,0,0,0,0
2098,97.30868504,147.3130868,130.3568519,0
281120,133.7994419,108.546485,0,0
3404051,128.9340077,116.2998054,138.5041551,275.3468772
387638,68.11607953,124.0531258,138.5041551,0
3015168,138.6648762,186.0796886,138.5041551,287.3184806
198467,128.9340077,0,0,0
1542390,68.11607953,0,0,155.6308436
94,24.32717126,0,89.62033567,0
914153,34.05803977,0,130.3568519,0
69656,46.2216254,209.3396497,211.8298843,167.602447
651,51.08705965,341.1460958,105.9149422,0
3238594,121.6358563,224.8462904,211.8298843,0
1940281,53.51977677,0,0,0
1914871,206.7809557,0,0,0
3230999,51.08705965,217.0929701,195.5352778,167.602447
1824,99.74140217,0,0,0
94625,55.9524939,0,0,167.602447
2420510,116.7704221,116.2998054,0,131.6876369
29347,452.4853855,162.8197275,0,155.6308436
2004463,0,0,0,0
2872157,68.11607953,0,0,0
1401,128.9340077,155.0664072,154.7987616,335.204894
308053,194.6173701,162.8197275,105.9149422,0
2803181,153.2611789,255.8595719,366.6286459,287.3184806
2599308,102.1741193,387.666018,146.6514584,179.5740504
2875962,1104.453575,0,0,0
75105,77.84694803,255.8595719,0,0
214473,170.2901988,333.3927755,309.5975232,311.2616873
3386644,133.7994419,201.5863293,162.9460649,179.5740504
44012,0,0,0,0
1115757,0,0,114.0622454,0
2886046,24.32717126,0,0,0
51665,160.5593303,271.3662126,252.5664005,0
718192,90.01053367,131.8064461,179.2406713,0
2696063,408.6964772,317.8861347,154.7987616,383.0913074
87883,128.9340077,0,146.6514584,0
1619308,0,0,0,0
466153,46.2216254,0,0,0
1241982,201.9155215,418.6792994,285.1556135,0
2609844,347.878549,0,211.8298843,0
2683967,55.9524939,0,130.3568519,179.5740504
2969821,70.54879666,162.8197275,0,0
88431,170.2901988,0,179.2406713,179.5740504
3350098,0,0,0,0
2184521,94.87596792,193.833009,138.5041551,0
1581557,167.8574817,0,162.9460649,0
52133,85.14509941,0,0,0
731,218.9445413,0,0,0
1442553,0,0,0,0
2954046,0,0,0,0
3445778,85.14509941,325.6394551,179.2406713,167.602447
850,136.2321591,186.0796886,179.2406713,227.4604638
59600,94.87596792,0,187.3879746,143.6592403
49319,1646.949494,0,0,0
984,111.9049878,0,89.62033567,179.5740504
3073563,55.9524939,0,0,0
29519,223.8099756,0,130.3568519,0
2100,844.1528428,0,0,0
1638,216.5118242,527.2257844,350.3340394,335.204894
351614,116.7704221,178.3263683,260.7137038,275.3468772
2936682,121.6358563,550.4857455,219.9771876,155.6308436
108981,165.4247646,263.6128922,268.861007,203.5172571
2916755,162.9920474,147.3130868,187.3879746,119.7160336
563996,51.08705965,0,0,0
2781961,177.5883502,131.8064461,97.76763891,191.5456537
1486034,99.74140217,170.5730479,114.0622454,371.1197041
2731377,70.54879666,193.833009,195.5352778,383.0913074
198,189.7519358,162.8197275,89.62033567,143.6592403
1461582,0,124.0531258,130.3568519,167.602447
83219,31.62532264,0,0,0
338192,38.92347402,0,0,0
709868,109.4722707,0,0,0
255247,72.98151378,286.8728533,244.4190973,407.0345141
578920,24.32717126,0,211.8298843,119.7160336
1960881,128.9340077,209.3396497,179.2406713,0
243629,68.11607953,0,0,0
2723088,90.01053367,0,138.5041551,0
2802641,41.35619114,85.28652395,0,0
13690,46.2216254,0,0,0
2048654,160.5593303,162.8197275,162.9460649,0
60137,138.6648762,0,0,0
2775159,155.6938961,147.3130868,0,0
359370,150.8284618,0,0,0
1178825,77.84694803,0,89.62033567,215.4888604
1761016,60.81792815,116.2998054,252.5664005,574.6369611
3035452,0,0,0,0
1501269,197.0500872,209.3396497,391.0705556,299.2900839
1266052,102.1741193,162.8197275,0,0
221350,75.41423091,0,0,0
1111760,48.65434252,0,0,0
2820661,55.9524939,85.28652395,0,0
2746230,46.2216254,589.2523473,733.2572918,802.0974249
53413,82.71238229,333.3927755,244.4190973,419.0061175
1176482,445.1872341,0,97.76763891,0
3039159,51.08705965,0,195.5352778,0
3035694,177.5883502,193.833009,114.0622454,131.6876369
254955,87.57781654,0,431.8070719,0
3237103,75.41423091,248.1062515,244.4190973,419.0061175
2715164,82.71238229,147.3130868,162.9460649,287.3184806
40576,82.71238229,93.03984431,114.0622454,0
659350,0,0,0,0
2745199,55.9524939,0,0,0
1534743,201.9155215,0,0,0
55206,75.41423091,0,0,0
2895286,167.8574817,162.8197275,81.47303243,0
54005,233.5408441,124.0531258,179.2406713,0
1914963,63.25064528,0,0,0
3418997,277.3297524,139.5597665,187.3879746,155.6308436
1166,206.7809557,0,0,0
960,197.0500872,0,0,0
3039158,0,77.53320359,195.5352778,0
574710,167.8574817,178.3263683,138.5041551,143.6592403
3140251,121.6358563,108.546485,0,119.7160336
3026967,72.98151378,0,0,0
76258,38.92347402,116.2998054,130.3568519,215.4888604
382,165.4247646,0,0,251.4036705
2903866,0,310.1328144,0,419.0061175
2806552,0,77.53320359,0,0
46124,143.5303104,263.6128922,105.9149422,251.4036705
1538644,243.2717126,201.5863293,114.0622454,0
201828,85.14509941,0,0,143.6592403
3374194,0,0,0,0
313598,216.5118242,85.28652395,130.3568519,0
3133282,0,0,0,0
2979115,34.05803977,0,0,0
1514074,0,0,0,0
56426,63.25064528,131.8064461,105.9149422,131.6876369
2844358,48.65434252,0,122.2095486,0
3375704,141.0975933,108.546485,0,0
220684,102.1741193,100.7931647,179.2406713,143.6592403
1566358,55.9524939,0,130.3568519,119.7160336
674,68.11607953,186.0796886,138.5041551,0
2303332,111.9049878,263.6128922,179.2406713,131.6876369
1679721,72.98151378,279.1195329,97.76763891,203.5172571
48074,566.8230904,209.3396497,0,0
497724,0,0,0,203.5172571
3415673,41.35619114,0,187.3879746,0
1112103,65.6833624,100.7931647,179.2406713,119.7160336
1903056,124.0685734,310.1328144,187.3879746,263.3752739
2854389,77.84694803,0,122.2095486,0
1710,85.14509941,0,0,0
1054034,102.1741193,0,0,0
1714840,63.25064528,263.6128922,228.1244908,323.2332906
1612,48.65434252,240.3529311,187.3879746,227.4604638
5671,0,364.4060569,301.45022,299.2900839
2704463,41.35619114,139.5597665,195.5352778,167.602447
91604,167.8574817,0,0,0
1749036,97.30868504,0,114.0622454,0
2003365,0,0,0,0
1980674,0,0,0,0
3400631,0,232.5996108,325.8921297,0
155085,150.8284618,186.0796886,89.62033567,0
409322,60.81792815,108.546485,122.2095486,203.5172571
3410791,60.81792815,364.4060569,171.0933681,287.3184806
2520506,133.7994419,209.3396497,219.9771876,155.6308436
188932,177.5883502,224.8462904,203.6825811,119.7160336
77007,0,0,0,0
3391574,102.1741193,108.546485,114.0622454,0
2763672,58.38521103,85.28652395,0,0
1310418,350.3112662,379.9126976,635.4896529,311.2616873
1965571,1267.445623,232.5996108,211.8298843,239.4320671
374106,60.81792815,0,114.0622454,155.6308436
2029983,80.27966516,0,105.9149422,167.602447
669041,48.65434252,155.0664072,0,0
2944914,75.41423091,240.3529311,219.9771876,275.3468772
2041044,172.722916,178.3263683,162.9460649,131.6876369
1618022,158.1266132,496.212503,431.8070719,0
1827580,36.49075689,0,0,0
2507159,150.8284618,116.2998054,105.9149422,119.7160336
2991053,97.30868504,0,0,0
447588,2133.49292,0,0,0
3395317,0,0,0,0
3112958,55.9524939,434.1859401,488.8381946,610.5517712
2294119,695.7570981,232.5996108,89.62033567,167.602447
2931922,124.0685734,224.8462904,285.1556135,299.2900839
160699,172.722916,0,0,0
1378299,82.71238229,519.4724641,350.3340394,562.6653578
2993456,0,341.1460958,228.1244908,2286.576241
954,90.01053367,0,0,0
3065649,82.71238229,0,0,179.5740504
76760,0,85.28652395,179.2406713,0
2749807,0,0,0,0
2715212,155.6938961,93.03984431,89.62033567,0
33069,31.62532264,0,187.3879746,0
585423,0,0,0,0
435912,65.6833624,124.0531258,0,0
1660,0,0,0,0
2590022,70.54879666,0,195.5352778,155.6308436
1193095,172.722916,0,0,0
2735563,160.5593303,193.833009,105.9149422,227.4604638
2880934,0,0,0,0
2123,53.51977677,139.5597665,114.0622454,0
2942204,0,116.2998054,89.62033567,155.6308436
114615,26.75988839,85.28652395,187.3879746,131.6876369
2291,41.35619114,0,0,0
46125,68.11607953,139.5597665,162.9460649,407.0345141
3132300,75.41423091,248.1062515,350.3340394,454.9209276
628,126.5012906,139.5597665,138.5041551,179.5740504
178399,109.4722707,155.0664072,301.45022,167.602447
83561,43.78890827,85.28652395,0,0
3415265,65.6833624,139.5597665,154.7987616,155.6308436
2012495,114.3377049,178.3263683,179.2406713,203.5172571
2819096,532.7650506,170.5730479,203.6825811,167.602447
868131,109.4722707,100.7931647,130.3568519,0
2015316,0,0,0,0
3133307,0,0,0,0
388950,148.3957447,108.546485,162.9460649,0
2744479,1337.994419,100.7931647,122.2095486,203.5172571
3137857,111.9049878,0,138.5041551,0
33039,287.0606209,286.8728533,260.7137038,287.3184806
104663,72.98151378,85.28652395,0,0
3079302,0,186.0796886,277.0083102,287.3184806
2042961,51.08705965,139.5597665,114.0622454,119.7160336
270351,68.11607953,0,0,0
3093872,189.7519358,131.8064461,0,0
2686366,145.9630276,232.5996108,219.9771876,287.3184806
2115978,77.84694803,0,0,0
1276936,63.25064528,310.1328144,456.2489816,347.1764973
1354726,116.7704221,155.0664072,122.2095486,323.2332906
1925020,231.108127,193.833009,211.8298843,263.3752739
1609968,107.0395535,155.0664072,203.6825811,239.4320671
991904,0,186.0796886,130.3568519,490.8357376
859144,114.3377049,0,0,0
3127471,221.3772585,240.3529311,171.0933681,263.3752739
1353147,43.78890827,0,0,0
39486,243.2717126,379.9126976,342.1867362,263.3752739
3023715,36.49075689,0,0,0
48,99.74140217,0,700.6680789,0
2282849,43.78890827,0,162.9460649,227.4604638
1506,80.27966516,193.833009,187.3879746,0
1114861,167.8574817,255.8595719,0,155.6308436
1712261,65.6833624,124.0531258,0,0
2951803,102.1741193,193.833009,114.0622454,131.6876369
2836373,0,0,195.5352778,239.4320671
1642299,53.51977677,0,0,0
1173025,26.75988839,139.5597665,138.5041551,0
650,131.3667248,434.1859401,146.6514584,586.6085645
1622,197.0500872,93.03984431,162.9460649,0
2906443,99.74140217,217.0929701,195.5352778,203.5172571
2980108,0,0,0,0
49338,90.01053367,224.8462904,293.3029167,251.4036705
138851,72.98151378,139.5597665,105.9149422,131.6876369
3066149,0,0,0,1065.472699
256326,70.54879666,77.53320359,81.47303243,155.6308436
574096,51.08705965,232.5996108,171.0933681,0
86106,77.84694803,286.8728533,171.0933681,323.2332906
889268,0,0,0,0
143223,104.6068364,178.3263683,211.8298843,347.1764973
191026,55.9524939,93.03984431,236.271794,263.3752739
220687,72.98151378,263.6128922,244.4190973,419.0061175
549298,85.14509941,124.0531258,138.5041551,131.6876369
715179,167.8574817,147.3130868,0,0
249567,75.41423091,217.0929701,301.45022,574.6369611
3025668,216.5118242,155.0664072,309.5975232,335.204894
2426,104.6068364,0,81.47303243,131.6876369
3115292,46.2216254,108.546485,0,0
2173,165.4247646,0,89.62033567,0
1076626,0,0,0,0
2820710,1213.925846,0,0,0
2937286,124.0685734,224.8462904,179.2406713,0
53461,0,0,0,0
35620,143.5303104,0,0,0
2218628,145.9630276,286.8728533,179.2406713,287.3184806
2803864,65.6833624,0,0,0
84377,133.7994419,217.0929701,179.2406713,275.3468772
359,109.4722707,139.5597665,0,0
2966453,34.05803977,0,0,0
3415674,34.05803977,255.8595719,179.2406713,263.3752739
1715691,0,0,0,0
1239415,80.27966516,674.5388713,301.45022,682.3813913
281093,0,0,0,0
157268,85.14509941,100.7931647,187.3879746,239.4320671
1316596,72.98151378,263.6128922,211.8298843,191.5456537
2746060,85.14509941,348.8994162,342.1867362,251.4036705
391953,0,0,0,0
2714948,0,0,0,0
89059,199.4828043,178.3263683,0,0
2605946,0,0,0,0
2283194,75.41423091,131.8064461,122.2095486,179.5740504
48254,226.2426927,240.3529311,236.271794,167.602447
797291,150.8284618,0,0,0
2881234,0,0,0,0
3379128,102.1741193,0,0,0
2739058,111.9049878,0,0,0
139438,31.62532264,341.1460958,244.4190973,263.3752739
1729720,90.01053367,131.8064461,0,155.6308436
351672,65.6833624,108.546485,0,0
1721091,372.2057203,310.1328144,203.6825811,191.5456537
1510,544.9286362,0,171.0933681,0
3151764,48.65434252,0,130.3568519,131.6876369
2686358,109.4722707,170.5730479,138.5041551,215.4888604
3079014,0,0,0,0
2909587,0,0,0,0
2120,0,527.2257844,195.5352778,263.3752739
57975,51.08705965,0,268.861007,395.0629108
89184,0,85.28652395,0,0
85402,145.9630276,155.0664072,154.7987616,215.4888604
3415683,43.78890827,0,0,0
240139,41.35619114,85.28652395,0,0
3059777,53.51977677,162.8197275,219.9771876,119.7160336
132604,138.6648762,0,0,0
1481923,170.2901988,178.3263683,0,119.7160336
2591634,107.0395535,85.28652395,97.76763891,155.6308436
860,0,410.9259791,342.1867362,359.1481007
3241576,124.0685734,162.8197275,0,143.6592403
2831148,68.11607953,139.5597665,0,155.6308436
2724150,145.9630276,232.5996108,195.5352778,0
1581038,70.54879666,147.3130868,130.3568519,167.602447
682956,46.2216254,77.53320359,97.76763891,131.6876369
3016006,48.65434252,0,0,0
3070660,63.25064528,162.8197275,138.5041551,179.5740504
2026188,491.4088595,240.3529311,203.6825811,562.6653578
3120519,63.25064528,131.8064461,146.6514584,0
488,0,0,0,0
714,90.01053367,100.7931647,0,0
1760811,72.98151378,0,0,0
1751056,250.569864,170.5730479,179.2406713,311.2616873
2789776,24.32717126,0,0,0
1789672,43.78890827,0,0,323.2332906
28118,26.75988839,85.28652395,97.76763891,167.602447
3459125,87.57781654,0,81.47303243,155.6308436
118000,92.44325079,108.546485,114.0622454,143.6592403
227086,36.49075689,100.7931647,81.47303243,0
3032586,111.9049878,155.0664072,0,0
311180,26.75988839,0,0,0
2057025,145.9630276,124.0531258,0,143.6592403
388408,41.35619114,139.5597665,0,0
5888,43.78890827,85.28652395,179.2406713,0
141451,138.6648762,0,0,0
2560057,267.5988839,0,105.9149422,0
290335,114.3377049,418.6792994,114.0622454,395.0629108
1424653,97.30868504,224.8462904,130.3568519,179.5740504
2908210,99.74140217,139.5597665,211.8298843,191.5456537
862126,260.3007325,124.0531258,89.62033567,131.6876369
2352,133.7994419,395.4193383,325.8921297,562.6653578
1281,180.0210673,116.2998054,219.9771876,0
1807691,121.6358563,348.8994162,244.4190973,191.5456537
279826,114.3377049,162.8197275,195.5352778,215.4888604
2954535,53.51977677,155.0664072,122.2095486,0
3383026,138.6648762,124.0531258,195.5352778,215.4888604
32046,43.78890827,100.7931647,187.3879746,119.7160336
696760,34.05803977,100.7931647,0,179.5740504
357808,126.5012906,93.03984431,0,0
2144,0,77.53320359,0,191.5456537
269259,48.65434252,201.5863293,211.8298843,299.2900839
1230998,0,0,0,0
97138,114.3377049,286.8728533,154.7987616,155.6308436
589437,43.78890827,0,0,0
74033,0,0,0,0
3056648,0,0,0,0
1521,153.2611789,201.5863293,179.2406713,215.4888604
357276,235.9735612,186.0796886,0,323.2332906
3402687,160.5593303,248.1062515,293.3029167,131.6876369
112900,53.51977677,0,0,119.7160336
1641,65.6833624,139.5597665,0,0
1348,248.1371469,124.0531258,154.7987616,143.6592403
44577,111.9049878,116.2998054,228.1244908,155.6308436
43948,114.3377049,0,0,0
35754,0,0,114.0622454,0
3119568,0,0,0,0
2714855,51.08705965,116.2998054,138.5041551,143.6592403
1028416,114.3377049,255.8595719,138.5041551,299.2900839
1605,0,0,0,0
197222,379.5038717,232.5996108,162.9460649,0
410072,75.41423091,162.8197275,114.0622454,143.6592403
3413133,51.08705965,217.0929701,252.5664005,215.4888604
144,72.98151378,209.3396497,219.9771876,466.8925309
1381081,51.08705965,0,0,0
573658,24.32717126,186.0796886,105.9149422,131.6876369
94869,235.9735612,209.3396497,342.1867362,179.5740504
2686078,128.9340077,186.0796886,97.76763891,155.6308436
2919322,0,457.4459012,790.2884145,0
61644,0,0,0,0
2865673,162.9920474,0,0,0
44273,0,0,0,0
2789740,175.1556331,0,81.47303243,0
3096992,0,0,0,191.5456537
96241,60.81792815,356.6527365,317.7448265,466.8925309
3242468,82.71238229,0,268.861007,203.5172571
1426,223.8099756,0,0,179.5740504
408,255.4352982,0,0,0
2975965,0,279.1195329,391.0705556,490.8357376
55197,250.569864,155.0664072,219.9771876,143.6592403
3066266,31.62532264,0,0,0
2810512,162.9920474,240.3529311,236.271794,275.3468772
3064705,92.44325079,286.8728533,309.5975232,251.4036705
2979464,116.7704221,77.53320359,0,0
37372,94.87596792,77.53320359,0,0
3045816,29.19260551,100.7931647,317.7448265,119.7160336
2527963,60.81792815,116.2998054,0,0
412710,0,0,0,0
1917215,92.44325079,108.546485,162.9460649,0
29533,253.0025811,255.8595719,260.7137038,347.1764973
1563,68.11607953,155.0664072,0,119.7160336
1137606,150.8284618,162.8197275,81.47303243,0
489910,65.6833624,147.3130868,179.2406713,323.2332906
2921711,51.08705965,170.5730479,0,155.6308436
2704655,58.38521103,232.5996108,219.9771876,191.5456537
3400345,148.3957447,0,0,0
2893202,155.6938961,0,0,191.5456537
3382189,255.4352982,348.8994162,586.6058335,287.3184806
1612173,0,0,0,0
1826727,369.7730032,77.53320359,105.9149422,119.7160336
53344,226.2426927,255.8595719,154.7987616,167.602447
1522,182.4537845,0,130.3568519,251.4036705
2906076,0,0,0,0
3017783,63.25064528,0,0,0
2527979,0,0,0,0
2956784,209.2136728,302.379494,146.6514584,191.5456537
718217,206.7809557,108.546485,162.9460649,0
3243057,94.87596792,0,0,0
68895,107.0395535,193.833009,0,323.2332906
160826,43.78890827,0,0,0
3374109,46.2216254,0,0,0
2304606,80.27966516,155.0664072,122.2095486,0
3072980,97.30868504,155.0664072,0,0
3063533,72.98151378,147.3130868,97.76763891,0
84032,109.4722707,0,146.6514584,0
238836,87.57781654,131.8064461,138.5041551,191.5456537
33935,201.9155215,131.8064461,122.2095486,0
3053613,116.7704221,100.7931647,122.2095486,119.7160336
2900738,124.0685734,100.7931647,97.76763891,155.6308436
563177,90.01053367,162.8197275,81.47303243,0
2058135,92.44325079,294.6261737,0,251.4036705
376,0,0,0,0
3376682,221.3772585,77.53320359,0,0
2201181,184.8865016,93.03984431,211.8298843,299.2900839
293,111.9049878,0,122.2095486,0
1297617,31.62532264,0,0,0
1678728,92.44325079,162.8197275,244.4190973,227.4604638
2918528,68.11607953,0,122.2095486,0
261299,131.3667248,271.3662126,105.9149422,227.4604638
1229909,51.08705965,116.2998054,138.5041551,131.6876369
2093777,131.3667248,356.6527365,277.0083102,478.8641343
84030,80.27966516,0,138.5041551,0
1609966,0,0,0,0
2590020,58.38521103,410.9259791,431.8070719,538.7221511
1479,138.6648762,100.7931647,0,0
56453,0,0,0,0
110662,0,0,0,0
418699,0,100.7931647,89.62033567,0
150120,94.87596792,542.7324252,431.8070719,550.6937544
154981,43.78890827,0,97.76763891,131.6876369
1034889,0,0,0,0
1041504,304.0896408,333.3927755,0,0
2739061,68.11607953,0,0,155.6308436
326320,63.25064528,0,0,0
55209,31.62532264,0,0,0
135487,0,201.5863293,0,0
1580092,116.7704221,0,114.0622454,0
3391823,131.3667248,131.8064461,154.7987616,143.6592403
1185873,36.49075689,209.3396497,130.3568519,0
2578106,111.9049878,0,0,0
2069432,43.78890827,232.5996108,97.76763891,155.6308436
168384,68.11607953,0,0,0
2697030,121.6358563,224.8462904,187.3879746,119.7160336
155892,55.9524939,131.8064461,154.7987616,0
1346319,34.05803977,193.833009,195.5352778,155.6308436
2975981,0,0,0,0
321985,143.5303104,0,162.9460649,0
3447427,0,379.9126976,309.5975232,430.9777208
28903,43.78890827,209.3396497,138.5041551,323.2332906
115551,0,333.3927755,945.0871761,885.8986484
592064,41.35619114,0,0,0
83455,29.19260551,0,0,0
112901,131.3667248,108.546485,0,179.5740504
28200,138.6648762,255.8595719,0,299.2900839
3138177,294.3587723,186.0796886,130.3568519,203.5172571
34018,0,0,0,0
2259622,82.71238229,0,0,0
28038,53.51977677,294.6261737,301.45022,0
3015999,0,0,0,0
265606,55.9524939,100.7931647,114.0622454,131.6876369
1281486,77.84694803,0,244.4190973,359.1481007
56454,99.74140217,0,0,0
1919,218.9445413,0,496.9854978,0
1391654,632.5064528,0,0,0
2576307,121.6358563,147.3130868,97.76763891,167.602447
3034506,58.38521103,0,0,0
758802,0,0,0,0
303541,75.41423091,93.03984431,0,0
1778678,111.9049878,0,0,0
2917965,0,155.0664072,0,239.4320671
3157368,0,0,0,0
2838877,148.3957447,0,0,155.6308436
1435069,111.9049878,108.546485,122.2095486,119.7160336
3241603,26.75988839,0,0,0
3402688,430.5909313,201.5863293,105.9149422,203.5172571
2749049,0,286.8728533,431.8070719,155.6308436
3398614,41.35619114,341.1460958,423.6597686,442.9493242
261302,223.8099756,0,0,0
2789327,0,403.1726587,325.8921297,0
2957203,0,139.5597665,0,0
296,272.4643181,0,0,0
877455,133.7994419,0,0,0
1642646,304.0896408,116.2998054,114.0622454,275.3468772
217203,92.44325079,0,0,0
403957,116.7704221,333.3927755,203.6825811,359.1481007
163,85.14509941,279.1195329,146.6514584,167.602447
183417,131.3667248,0,0,0
544645,65.6833624,333.3927755,187.3879746,407.0345141
1441095,109.4722707,263.6128922,325.8921297,275.3468772
34062,58.38521103,0,154.7987616,155.6308436
2903659,41.35619114,0,1653.902558,395.0629108
1727145,155.6938961,255.8595719,219.9771876,227.4604638
1862145,60.81792815,0,0,0
516051,53.51977677,100.7931647,244.4190973,263.3752739
1315974,0,0,0,0
84590,209.2136728,0,0,0
94132,70.54879666,0,0,0
1442557,38.92347402,0,195.5352778,0
545501,53.51977677,387.666018,244.4190973,203.5172571
90241,72.98151378,0,0,0
1855728,0,0,0,0
2782167,0,0,0,0
3082534,235.9735612,0,0,0
189834,53.51977677,193.833009,228.1244908,0
3233375,0,0,554.0166205,0
1004159,72.98151378,0,0,0
2884263,24.32717126,0,0,0
2730851,316.2532264,0,0,0
1085644,48.65434252,131.8064461,162.9460649,0
2924032,257.8680154,170.5730479,122.2095486,167.602447
2880651,48.65434252,0,0,0
28262,155.6938961,93.03984431,81.47303243,0
1977865,75.41423091,178.3263683,187.3879746,167.602447
274,0,0,0,0
81408,36.49075689,232.5996108,211.8298843,203.5172571
1521768,34.05803977,0,0,0
42906,892.8071853,0,0,119.7160336
554406,0,131.8064461,130.3568519,0
1503925,126.5012906,186.0796886,350.3340394,179.5740504
182640,31.62532264,0,0,0
1197717,0,0,122.2095486,0
2133,72.98151378,0,0,0
3144925,26.75988839,116.2998054,114.0622454,0
2980107,41.35619114,0,130.3568519,203.5172571
1642,209.2136728,77.53320359,146.6514584,131.6876369
291112,141.0975933,131.8064461,171.0933681,215.4888604
827,197.0500872,271.3662126,203.6825811,239.4320671
47885,70.54879666,131.8064461,97.76763891,0
3236840,99.74140217,395.4193383,456.2489816,538.7221511
3422590,136.2321591,0,0,227.4604638
39950,114.3377049,0,0,0
3003261,102.1741193,131.8064461,114.0622454,299.2900839
3096217,0,0,0,0
1699621,65.6833624,0,0,0
299767,194.6173701,0,146.6514584,0
526944,82.71238229,170.5730479,0,0
413888,0,0,0,0
2976343,53.51977677,0,0,0
1548547,38.92347402,0,0,0
1479524,121.6358563,162.8197275,179.2406713,179.5740504
2282419,197.0500872,325.6394551,293.3029167,454.9209276
912,0,0,187.3879746,0
1336794,107.0395535,124.0531258,179.2406713,0
2022337,201.9155215,325.6394551,0,0
1643336,109.4722707,426.4326198,439.9543751,299.2900839
1318,192.184653,116.2998054,0,131.6876369
1280380,97.30868504,0,0,0
2986831,114.3377049,248.1062515,268.861007,359.1481007
2350,360.0421347,170.5730479,179.2406713,119.7160336
1464,206.7809557,155.0664072,236.271794,239.4320671
5741,133.7994419,240.3529311,211.8298843,179.5740504
2705471,65.6833624,93.03984431,244.4190973,179.5740504
1336796,162.9920474,186.0796886,203.6825811,335.204894
2741701,0,0,0,0
1761012,46.2216254,147.3130868,171.0933681,155.6308436
889453,51.08705965,341.1460958,244.4190973,215.4888604
1522758,0,0,0,0
3230968,197.0500872,85.28652395,130.3568519,0
1161942,0,162.8197275,146.6514584,263.3752739
1871053,690.8916638,108.546485,0,0
1812115,85.14509941,0,81.47303243,287.3184806
386891,114.3377049,0,0,0
2968490,128.9340077,147.3130868,260.7137038,239.4320671
2919499,60.81792815,193.833009,171.0933681,323.2332906
2795383,68.11607953,178.3263683,187.3879746,478.8641343
1792508,1172.569655,0,0,0
2859516,51.08705965,162.8197275,0,155.6308436
362787,668.9972097,0,0,0
2932257,58.38521103,217.0929701,0,191.5456537
2675053,328.416812,100.7931647,260.7137038,526.7505477
1971,136.2321591,155.0664072,0,0
3074111,36.49075689,162.8197275,154.7987616,0
487686,43.78890827,0,97.76763891,0
3003256,199.4828043,348.8994162,236.271794,347.1764973
3096994,0,0,0,0
2015076,94.87596792,201.5863293,162.9460649,227.4604638
101070,150.8284618,317.8861347,260.7137038,155.6308436
3071453,143.5303104,100.7931647,179.2406713,0
2921474,162.9920474,0,0,0
187101,63.25064528,224.8462904,130.3568519,227.4604638
3048535,124.0685734,232.5996108,301.45022,323.2332906
1871047,0,85.28652395,154.7987616,167.602447
658643,0,0,0,0
83771,435.4563656,209.3396497,81.47303243,119.7160336
28082,48.65434252,302.379494,154.7987616,191.5456537
1179777,476.8125567,124.0531258,97.76763891,0
2921604,0,0,0,0
2921443,0,0,0,0
319939,97.30868504,0,0,0
1616117,372.2057203,162.8197275,0,0
313588,172.722916,124.0531258,187.3879746,0
767892,199.4828043,147.3130868,0,119.7160336
2762320,48.65434252,0,0,0
171282,87.57781654,0,179.2406713,131.6876369
174587,445.1872341,193.833009,0,0
675281,111.9049878,209.3396497,260.7137038,335.204894
2321403,72.98151378,248.1062515,146.6514584,167.602447
2315862,111.9049878,240.3529311,154.7987616,0
69710,65.6833624,248.1062515,277.0083102,203.5172571
1602,145.9630276,0,81.47303243,0
1010,131.3667248,186.0796886,89.62033567,0
490095,0,0,0,0
29555,53.51977677,178.3263683,415.5124654,167.602447
49283,60.81792815,271.3662126,105.9149422,179.5740504
3445773,65.6833624,0,0,0
2653189,119.2031392,224.8462904,171.0933681,0
1471,255.4352982,356.6527365,211.8298843,347.1764973
332999,165.4247646,209.3396497,130.3568519,299.2900839
2060723,316.2532264,93.03984431,105.9149422,0
3065396,80.27966516,93.03984431,0,0
248907,111.9049878,93.03984431,0,0
1114873,94.87596792,558.2390659,570.311227,299.2900839
387661,116.7704221,0,0,0
29385,289.493338,379.9126976,309.5975232,0
2954748,133.7994419,356.6527365,325.8921297,466.8925309
2823904,0,0,0,0
1267768,0,0,0,0
545,75.41423091,286.8728533,211.8298843,0
2038737,109.4722707,77.53320359,122.2095486,143.6592403
1284,124.0685734,186.0796886,138.5041551,179.5740504
3445772,90.01053367,0,0,119.7160336
1930273,77.84694803,124.0531258,154.7987616,191.5456537
2518645,124.0685734,85.28652395,211.8298843,131.6876369
171279,644.6700384,255.8595719,195.5352778,299.2900839
1844006,65.6833624,131.8064461,0,0
1529058,0,0,0,0
2528008,68.11607953,0,0,0
2217913,51.08705965,0,0,0
2664091,0,0,0,0
290400,0,0,0,0
542,131.3667248,116.2998054,0,0
2901381,68.11607953,325.6394551,293.3029167,227.4604638
39441,111.9049878,93.03984431,97.76763891,131.6876369
1486281,77.84694803,124.0531258,0,215.4888604
3141542,48.65434252,0,81.47303243,0
2610896,0,0,187.3879746,0
3115646,53.51977677,325.6394551,480.6908913,275.3468772
38284,48.65434252,0,0,0
1221500,155.6938961,240.3529311,244.4190973,287.3184806
2975755,0,0,0,0
1318743,48.65434252,93.03984431,0,0
2054173,97.30868504,224.8462904,244.4190973,323.2332906
1789224,65.6833624,426.4326198,317.7448265,191.5456537
1896196,554.6595047,0,0,0
2096,36.49075689,201.5863293,89.62033567,0
3047874,90.01053367,379.9126976,293.3029167,538.7221511
3045146,92.44325079,147.3130868,0,0
2249302,0,0,0,0
2732161,70.54879666,0,0,0
60217,97.30868504,0,81.47303243,119.7160336
748197,0,0,0,0
1099853,94.87596792,0,0,0
3374195,0,0,0,0
2775245,313.8205093,248.1062515,0,0
718286,143.5303104,232.5996108,293.3029167,0
449520,124.0685734,0,81.47303243,0
467262,114.3377049,0,0,0
88688,99.74140217,85.28652395,0,0
3047815,0,0,0,0
2743000,55.9524939,155.0664072,154.7987616,0
2867016,0,0,0,0
1813019,80.27966516,240.3529311,260.7137038,215.4888604
1324864,85.14509941,356.6527365,366.6286459,395.0629108
84022,126.5012906,0,0,0
1789226,0,0,0,0
1302308,0,0,0,0
1033854,0,0,0,0
1328,228.6754099,612.5123084,252.5664005,323.2332906
83453,82.71238229,162.8197275,81.47303243,155.6308436
1796616,128.9340077,0,0,0
3234028,128.9340077,193.833009,0,0
3082521,82.71238229,139.5597665,293.3029167,0
1922226,48.65434252,0,0,0
3022697,87.57781654,0,130.3568519,119.7160336
35703,145.9630276,162.8197275,0,0
1561924,63.25064528,100.7931647,0,0
2594269,724.9497036,0,146.6514584,0
1474,65.6833624,93.03984431,0,0
3388424,34.05803977,0,0,0
990268,104.6068364,85.28652395,0,167.602447
2789856,38.92347402,0,0,0
1892404,0,0,0,0
1637831,141.0975933,0,0,0
2126553,92.44325079,139.5597665,0,0
3342096,48.65434252,248.1062515,179.2406713,299.2900839
2590900,0,100.7931647,146.6514584,0
2975888,0,0,0,0
29559,29.19260551,85.28652395,105.9149422,155.6308436
2419773,55.9524939,0,0,0
1420917,58.38521103,0,0,0
1828,58.38521103,0,236.271794,0
1628248,177.5883502,441.9392605,423.6597686,407.0345141
3093871,128.9340077,0,0,143.6592403
2774330,277.3297524,201.5863293,105.9149422,251.4036705
3232307,104.6068364,0,138.5041551,0
2997336,99.74140217,387.666018,513.2801043,275.3468772
3459527,0,0,0,0
324767,167.8574817,155.0664072,244.4190973,143.6592403
1033900,162.9920474,85.28652395,114.0622454,227.4604638
1383885,141.0975933,108.546485,203.6825811,119.7160336
3239997,48.65434252,0,0,0
2921713,238.4062784,85.28652395,0,0
2744518,34.05803977,0,0,0
1295609,46.2216254,0,114.0622454,0
561184,0,0,0,0
3023713,65.6833624,139.5597665,138.5041551,0
1501392,121.6358563,0,97.76763891,227.4604638
3239304,41.35619114,178.3263683,0,0
3434352,53.51977677,0,0,0
2039166,537.6304849,0,122.2095486,0
2961895,0,0,0,0
1211326,77.84694803,108.546485,122.2095486,251.4036705
2713414,153.2611789,162.8197275,146.6514584,323.2332906
323450,0,162.8197275,0,119.7160336
2699395,0,0,0,0
1379903,43.78890827,0,0,0
1885344,0,0,0,0
2494374,0,0,0,0
3118333,34.05803977,0,122.2095486,0
3080055,36.49075689,0,0,0
438033,109.4722707,100.7931647,89.62033567,179.5740504
3003263,111.9049878,0,211.8298843,0
3389972,107.0395535,0,0,0
225194,90.01053367,0,0,0
2745153,133.7994419,170.5730479,89.62033567,119.7160336
375929,46.2216254,147.3130868,105.9149422,347.1764973
29391,165.4247646,178.3263683,195.5352778,155.6308436
1780362,58.38521103,155.0664072,97.76763891,0
149016,51.08705965,178.3263683,105.9149422,0
2740462,316.2532264,224.8462904,187.3879746,131.6876369
28449,248.1371469,240.3529311,187.3879746,0
2880218,63.25064528,147.3130868,350.3340394,538.7221511
2735562,63.25064528,108.546485,97.76763891,0
45668,82.71238229,403.1726587,439.9543751,610.5517712
1979527,0,0,0,0
1531,588.7175445,193.833009,0,0
1640,36.49075689,85.28652395,0,131.6876369
62763,525.4668992,217.0929701,162.9460649,179.5740504
2587848,77.84694803,209.3396497,391.0705556,407.0345141
1455,90.01053367,147.3130868,97.76763891,0
3348344,0,0,154.7987616,0
45242,65.6833624,0,0,0
2230867,55.9524939,0,0,0
2789857,82.71238229,240.3529311,0,0
2983267,85.14509941,286.8728533,154.7987616,215.4888604
2819101,34.05803977,139.5597665,0,0
58180,36.49075689,0,0,0
2983299,109.4722707,0,0,0
166485,90.01053367,0,0,0
3394358,43.78890827,124.0531258,122.2095486,0
200452,0,511.7191437,374.7759492,526.7505477
980254,141.0975933,0,0,0
3138567,82.71238229,294.6261737,0,0
2358,131.3667248,0,0,0
1247023,145.9630276,0,0,0
455432,306.5223579,325.6394551,179.2406713,215.4888604
2903803,58.38521103,0,0,0
301953,177.5883502,0,97.76763891,0
2058134,87.57781654,209.3396497,154.7987616,215.4888604
2763010,0,0,0,251.4036705
118562,77.84694803,0,0,0
2829597,124.0685734,170.5730479,138.5041551,0
204936,68.11607953,116.2998054,171.0933681,131.6876369
2975157,77.84694803,93.03984431,0,119.7160336
2950108,41.35619114,0,0,0
1850093,70.54879666,139.5597665,0,0
70255,145.9630276,224.8462904,130.3568519,239.4320671
1912091,352.7439833,0,0,0
3023090,627.6410185,0,0,0
2161872,97.30868504,403.1726587,325.8921297,251.4036705
913107,0,209.3396497,146.6514584,167.602447
1891926,70.54879666,155.0664072,179.2406713,0
2052660,38.92347402,77.53320359,81.47303243,119.7160336
2419842,554.6595047,0,0,0
3400422,58.38521103,224.8462904,122.2095486,251.4036705
931866,0,0,0,0
2903098,109.4722707,209.3396497,228.1244908,311.2616873
254719,87.57781654,0,0,0
2077090,46.2216254,193.833009,122.2095486,203.5172571
1443941,698.1898152,0,0,0
1165090,46.2216254,0,0,0
44674,77.84694803,0,0,0
2741071,131.3667248,0,0,0
278860,68.11607953,100.7931647,0,0
1734049,92.44325079,124.0531258,171.0933681,179.5740504
337701,0,85.28652395,105.9149422,0
2975625,0,0,0,0
551996,51.08705965,100.7931647,0,275.3468772
33952,116.7704221,209.3396497,195.5352778,466.8925309
1267021,90.01053367,116.2998054,0,0
470934,111.9049878,0,130.3568519,0
379547,343.0131148,0,154.7987616,0
1501268,128.9340077,0,0,0
83816,153.2611789,0,81.47303243,119.7160336
1699411,114.3377049,248.1062515,89.62033567,311.2616873
2051553,43.78890827,0,0,0
2047966,36.49075689,224.8462904,146.6514584,179.5740504
1610576,0,0,0,0
2725288,321.1186606,0,0,0
44255,34.05803977,85.28652395,171.0933681,167.602447
57487,0,0,0,0
1561003,53.51977677,0,0,0
354356,245.7044297,263.6128922,211.8298843,215.4888604
1241979,46.2216254,170.5730479,138.5041551,0
157692,102.1741193,217.0929701,195.5352778,215.4888604
2360,34.05803977,0,0,0
1413221,97.30868504,0,0,0
2043170,36.49075689,0,138.5041551,0
3003257,153.2611789,147.3130868,97.76763891,155.6308436
2870839,34.05803977,170.5730479,130.3568519,155.6308436
2478954,929.2979422,0,0,0
39766,75.41423091,131.8064461,154.7987616,263.3752739
3051614,0,767.5787156,513.2801043,0
3101308,136.2321591,0,0,0
3092665,299.2242065,108.546485,114.0622454,0
165694,94.87596792,201.5863293,122.2095486,0
2026193,248.1371469,0,105.9149422,143.6592403
374981,92.44325079,0,171.0933681,0
2527976,126.5012906,0,114.0622454,0
3070682,94.87596792,85.28652395,0,0
2875764,138.6648762,162.8197275,130.3568519,167.602447
2798577,104.6068364,0,0,0
2806443,145.9630276,0,0,0
253245,92.44325079,0,81.47303243,0
680279,48.65434252,0,171.0933681,0
3408580,41.35619114,0,105.9149422,0
2173034,289.493338,147.3130868,171.0933681,167.602447
3092147,0,0,0,0
2879119,94.87596792,85.28652395,0,0
141,162.9920474,325.6394551,945.0871761,490.8357376
1709002,0,294.6261737,0,287.3184806
151781,0,170.5730479,154.7987616,203.5172571
53346,51.08705965,201.5863293,154.7987616,311.2616873
3140744,58.38521103,77.53320359,97.76763891,0
3082949,51.08705965,100.7931647,138.5041551,0
2596913,0,0,0,0
28097,0,0,0,0
1160721,70.54879666,85.28652395,122.2095486,131.6876369
1913578,85.14509941,0,0,0
2921450,155.6938961,155.0664072,0,0
33047,60.81792815,0,0,131.6876369
2931400,124.0685734,240.3529311,0,0
3242688,0,0,171.0933681,335.204894
118060,82.71238229,0,0,0
2912187,111.9049878,162.8197275,211.8298843,0
1250539,0,155.0664072,0,0
2983606,141.0975933,147.3130868,0,0
2186,80.27966516,0,0,0
2651284,80.27966516,178.3263683,187.3879746,119.7160336
477666,65.6833624,116.2998054,171.0933681,143.6592403
2527984,75.41423091,108.546485,0,0
2954691,26.75988839,0,268.861007,131.6876369
3239935,0,0,0,0
3059904,401.3983258,147.3130868,154.7987616,0
2579971,41.35619114,0,0,0
1972431,162.9920474,0,0,0
2003188,0,0,0,0
885040,46.2216254,85.28652395,97.76763891,0
2488665,60.81792815,0,0,0
29449,68.11607953,0,0,0
300825,121.6358563,155.0664072,236.271794,442.9493242
2966625,65.6833624,124.0531258,146.6514584,263.3752739
624,0,0,0,0
83526,102.1741193,116.2998054,179.2406713,143.6592403
1812111,63.25064528,0,0,0
367743,243.2717126,255.8595719,325.8921297,0
3231032,51.08705965,0,0,0
2593653,26.75988839,0,0,0
2907827,85.14509941,170.5730479,211.8298843,263.3752739
2714928,43.78890827,93.03984431,0,0
774,72.98151378,255.8595719,130.3568519,179.5740504
271420,41.35619114,0,0,0
1448857,0,201.5863293,179.2406713,0
176102,0,0,0,0
76758,128.9340077,131.8064461,179.2406713,239.4320671
52692,53.51977677,0,0,0
2020311,0,0,0,0
2562284,24.32717126,124.0531258,89.62033567,0
3231511,72.98151378,108.546485,105.9149422,299.2900839
2233999,0,0,0,0
3082444,102.1741193,496.212503,325.8921297,299.2900839
1526571,53.51977677,0,146.6514584,0
2930213,68.11607953,85.28652395,89.62033567,0
2653858,92.44325079,348.8994162,211.8298843,287.3184806
223919,0,441.9392605,0,0
468911,48.65434252,155.0664072,154.7987616,227.4604638
2589080,0,0,0,0
1759089,51.08705965,217.0929701,154.7987616,191.5456537
2213226,116.7704221,131.8064461,81.47303243,131.6876369
92933,182.4537845,0,0,0
3070679,192.184653,124.0531258,228.1244908,227.4604638
2527974,38.92347402,0,0,0
2996035,104.6068364,209.3396497,211.8298843,119.7160336
2903568,0,0,0,0
499229,65.6833624,333.3927755,97.76763891,251.4036705
100716,99.74140217,0,0,0
126333,172.722916,0,0,0
234828,0,0,0,0
2654676,80.27966516,108.546485,162.9460649,0
454155,0,333.3927755,0,215.4888604
2169400,0,286.8728533,309.5975232,598.5801678
2161677,180.0210673,77.53320359,130.3568519,251.4036705
1920809,0,0,162.9460649,0
115778,0,248.1062515,236.271794,275.3468772
3160833,99.74140217,0,0,0
3350178,138.6648762,116.2998054,89.62033567,0
2021234,0,85.28652395,0,0
3065648,128.9340077,217.0929701,138.5041551,287.3184806
3454466,58.38521103,0,0,0
2007306,68.11607953,85.28652395,0,215.4888604
138853,102.1741193,232.5996108,154.7987616,143.6592403
935222,369.7730032,0,162.9460649,131.6876369
2748098,38.92347402,0,0,0
1888890,0,294.6261737,301.45022,227.4604638
1147,313.8205093,0,0,0
2883205,0,0,0,0
3064139,0,0,0,0
1870984,150.8284618,255.8595719,244.4190973,0
3135640,0,0,0,0
195253,34.05803977,0,0,0
3440637,0,0,0,0
97393,0,0,105.9149422,179.5740504
1959104,75.41423091,162.8197275,146.6514584,155.6308436
2528964,0,0,0,0
3031799,0,0,0,0
1908198,0,0,0,0
3459122,48.65434252,93.03984431,89.62033567,0
3126740,141.0975933,0,0,0
1260629,194.6173701,100.7931647,81.47303243,275.3468772
2929509,0,0,0,0
3397060,55.9524939,0,0,0
2675331,41.35619114,0,138.5041551,694.3529947
2906515,75.41423091,248.1062515,228.1244908,263.3752739
1855616,0,0,0,0
754516,87.57781654,93.03984431,0,0
326522,36.49075689,0,0,0
2992140,0,0,358.4813427,0
1727,0,0,0,0
648995,92.44325079,232.5996108,219.9771876,0
1229727,0,0,0,0
644281,111.9049878,170.5730479,195.5352778,191.5456537
1776392,194.6173701,0,0,0
1178516,48.65434252,0,358.4813427,191.5456537
2833628,128.9340077,0,0,0
2213194,406.2637601,0,0,0
433296,214.0791071,302.379494,285.1556135,335.204894
1912855,0,108.546485,0,0
3384444,211.64639,0,0,0
320912,165.4247646,0,0,0
59512,0,0,0,0
2796927,0,0,0,0
407164,38.92347402,0,0,0
1830,0,0,0,0
2991499,291.9260551,100.7931647,97.76763891,0
1389004,43.78890827,0,0,0
1628086,155.6938961,0,0,0
3374600,124.0685734,186.0796886,203.6825811,119.7160336
97481,223.8099756,224.8462904,374.7759492,0
34,1479.092013,0,0,0
1442556,51.08705965,0,0,0
2303505,55.9524939,271.3662126,0,0
2709688,65.6833624,162.8197275,179.2406713,167.602447
84159,136.2321591,0,0,0
47678,109.4722707,403.1726587,325.8921297,251.4036705
2780077,145.9630276,0,0,0
1188228,0,395.4193383,415.5124654,275.3468772
708126,80.27966516,178.3263683,154.7987616,275.3468772
59733,170.2901988,0,252.5664005,0
2818388,34.05803977,162.8197275,81.47303243,0
2852117,0,0,0,0
2589790,0,0,0,0
185300,70.54879666,395.4193383,293.3029167,203.5172571
3098297,0,186.0796886,171.0933681,0
2810514,111.9049878,217.0929701,399.2178589,227.4604638
1077935,36.49075689,124.0531258,0,0
2995304,0,0,0,0
2020875,216.5118242,224.8462904,146.6514584,0
715,136.2321591,201.5863293,146.6514584,0
3020883,92.44325079,441.9392605,195.5352778,299.2900839
3252900,194.6173701,0,89.62033567,0
2984846,124.0685734,162.8197275,252.5664005,179.5740504
529,0,0,0,0
2676868,77.84694803,0,0,0
383750,68.11607953,0,0,0
1499687,36.49075689,124.0531258,0,0
2986838,150.8284618,0,0,0
1761794,1671.276666,0,0,0
103816,172.722916,434.1859401,0,0
571256,111.9049878,0,0,0
2952477,26.75988839,0,0,0
78,235.9735612,0,0,0
2230877,41.35619114,0,0,0
1817965,75.41423091,139.5597665,0,0
3042300,109.4722707,0,0,0
2980026,53.51977677,232.5996108,162.9460649,179.5740504
2782163,70.54879666,0,0,0
1215089,46.2216254,93.03984431,0,0
159346,0,0,0,0
2036206,51.08705965,178.3263683,138.5041551,227.4604638
29486,148.3957447,0,211.8298843,0
2729421,75.41423091,139.5597665,105.9149422,0
553,158.1266132,0,0,323.2332906
28137,82.71238229,0,0,0
2494550,36.49075689,0,0,0
3028296,0,0,0,0
546367,70.54879666,0,0,0
80860,0,0,0,0
3424766,170.2901988,232.5996108,122.2095486,179.5740504
1094342,85.14509941,0,0,0
311182,55.9524939,279.1195329,0,0
1930071,85.14509941,341.1460958,122.2095486,251.4036705
1008,63.25064528,0,0,0
3042615,141.0975933,100.7931647,0,0
96344,77.84694803,155.0664072,122.2095486,0
2589986,29.19260551,0,0,0
2597518,0,1473.130868,0,0
2908843,24.32717126,310.1328144,252.5664005,347.1764973
28446,80.27966516,116.2998054,0,0
432329,0,0,97.76763891,0
2975482,201.9155215,0,130.3568519,239.4320671
2777186,114.3377049,108.546485,130.3568519,0
2695882,313.8205093,131.8064461,146.6514584,0
80867,104.6068364,0,0,0
1028752,90.01053367,0,81.47303243,0
2937758,138.6648762,0,0,0
897,0,0,0,0
2774562,0,0,0,0
28447,0,108.546485,154.7987616,0
3296934,133.7994419,147.3130868,0,0
2498451,170.2901988,0,0,0
316068,165.4247646,178.3263683,0,167.602447
1904862,38.92347402,100.7931647,122.2095486,0
1845000,51.08705965,0,0,0
2108445,48.65434252,170.5730479,81.47303243,0
2073078,36.49075689,0,0,0
96232,114.3377049,193.833009,0,0
1636720,318.6859435,0,0,0
309805,24.32717126,93.03984431,0,119.7160336
2557994,116.7704221,178.3263683,0,0
2708350,141.0975933,0,0,0
1663591,34.05803977,0,0,0
46503,94.87596792,0,0,155.6308436
1967665,80.27966516,341.1460958,293.3029167,215.4888604
158500,369.7730032,341.1460958,293.3029167,263.3752739
3404132,0,0,0,0
197162,107.0395535,348.8994162,179.2406713,203.5172571
52694,82.71238229,155.0664072,162.9460649,0
67345,34.05803977,0,0,0
1151742,111.9049878,0,0,0
1536774,48.65434252,527.2257844,961.3817826,239.4320671
285729,48.65434252,426.4326198,374.7759492,299.2900839
317658,60.81792815,93.03984431,0,0
2921670,102.1741193,116.2998054,0,335.204894
349221,48.65434252,147.3130868,146.6514584,0
2842356,0,0,0,0
528187,51.08705965,0,0,0
437900,165.4247646,147.3130868,187.3879746,227.4604638
2710596,116.7704221,0,89.62033567,0
3080760,143.5303104,0,0,0
3145235,38.92347402,124.0531258,0,0
673862,68.11607953,341.1460958,260.7137038,430.9777208
1109412,46.2216254,0,0,0
3138254,0,0,0,0
516075,145.9630276,0,0,0
570162,55.9524939,0,0,0
106,90.01053367,310.1328144,146.6514584,167.602447
907,270.031601,0,0,0
2316383,99.74140217,224.8462904,122.2095486,179.5740504
3242681,0,0,0,0
2911520,321.1186606,0,122.2095486,215.4888604
47735,90.01053367,0,0,0
84595,0,0,0,0
652716,99.74140217,139.5597665,97.76763891,0
675,141.0975933,0,0,0
313603,102.1741193,0,97.76763891,0
249188,0,0,97.76763891,0
3093873,87.57781654,116.2998054,154.7987616,131.6876369
299262,38.92347402,0,0,0
940614,51.08705965,0,0,0
3440155,41.35619114,0,0,0
1650,148.3957447,263.6128922,268.861007,0
29520,160.5593303,0,0,0
2115,248.1371469,131.8064461,0,0
3290090,80.27966516,186.0796886,195.5352778,335.204894
2886510,0,0,0,0
411153,97.30868504,178.3263683,0,0
1712410,793.0657831,108.546485,0,0
3097547,160.5593303,162.8197275,146.6514584,167.602447
1333845,55.9524939,0,0,0
2879618,0,0,0,0
1678309,75.41423091,581.499027,562.1639237,0
3003258,180.0210673,116.2998054,105.9149422,155.6308436
196162,0,0,0,0
54259,0,217.0929701,309.5975232,0
1763534,143.5303104,85.28652395,0,0
1955013,94.87596792,85.28652395,0,0
3418415,0,0,195.5352778,0
3067780,0,0,0,0
3350167,114.3377049,217.0929701,521.4274075,203.5172571
439387,0,0,81.47303243,0
2202827,63.25064528,0,0,0
2825845,267.5988839,558.2390659,684.3734724,0
2918516,0,147.3130868,138.5041551,215.4888604
3018314,72.98151378,248.1062515,0,335.204894
2518322,0,0,0,0
3036359,124.0685734,147.3130868,171.0933681,263.3752739
929813,0,77.53320359,0,0
172,153.2611789,0,114.0622454,0
2528025,38.92347402,0,0,0
858422,0,0,81.47303243,0
1312364,0,0,0,0
53946,43.78890827,0,171.0933681,359.1481007
33964,165.4247646,162.8197275,0,502.807341
2992802,0,0,0,0
944547,201.9155215,480.7058623,325.8921297,0
1173026,114.3377049,186.0796886,89.62033567,0
471,248.1371469,155.0664072,0,167.602447
2033137,265.1661667,131.8064461,122.2095486,0
1564506,55.9524939,0,0,0
28169,65.6833624,0,0,0
3342538,70.54879666,372.1593773,293.3029167,167.602447
3070680,53.51977677,100.7931647,228.1244908,119.7160336
46867,121.6358563,131.8064461,195.5352778,0
2448482,0,0,0,0
265668,97.30868504,77.53320359,81.47303243,0
2897332,0,0,0,0
3077735,72.98151378,139.5597665,0,0
1196095,80.27966516,317.8861347,317.7448265,155.6308436
2666183,0,0,0,0
1343,58.38521103,139.5597665,203.6825811,0
1301915,51.08705965,178.3263683,260.7137038,203.5172571
2567896,51.08705965,0,0,0
438856,0,0,0,0
143,306.5223579,0,0,0
3097546,85.14509941,77.53320359,146.6514584,0
632773,226.2426927,100.7931647,171.0933681,143.6592403
406552,119.2031392,0,0,0
2708539,0,356.6527365,187.3879746,514.7789443
414771,75.41423091,100.7931647,0,143.6592403
3075823,175.1556331,100.7931647,89.62033567,203.5172571
1229621,87.57781654,201.5863293,154.7987616,0
2060312,0,0,171.0933681,0
3115297,92.44325079,108.546485,0,119.7160336
2034517,85.14509941,93.03984431,0,119.7160336
2975292,0,0,0,0
3231513,0,0,0,0
1176721,153.2611789,124.0531258,171.0933681,131.6876369
29556,68.11607953,116.2998054,171.0933681,239.4320671
3058398,48.65434252,209.3396497,154.7987616,0
2782678,148.3957447,0,0,0
985762,87.57781654,0,0,0
1727164,160.5593303,0,203.6825811,143.6592403
2921466,48.65434252,139.5597665,0,203.5172571
2801997,85.14509941,108.546485,81.47303243,0
2017482,31.62532264,0,0,0
1882438,65.6833624,131.8064461,0,167.602447
3386277,80.27966516,0,0,0
2070761,0,0,0,0
3017781,211.64639,0,0,0
198832,55.9524939,201.5863293,211.8298843,442.9493242
351679,63.25064528,178.3263683,105.9149422,359.1481007
1388755,53.51977677,217.0929701,0,119.7160336
1964215,323.5513778,209.3396497,0,143.6592403
167,77.84694803,77.53320359,171.0933681,155.6308436
3058393,1595.862435,0,0,0
2528005,58.38521103,186.0796886,211.8298843,275.3468772
3374549,119.2031392,162.8197275,138.5041551,442.9493242
76887,63.25064528,162.8197275,545.8693173,287.3184806
1625,97.30868504,0,0,0
544580,0,0,0,0
2898793,0,457.4459012,374.7759492,622.5233746
1601,201.9155215,139.5597665,138.5041551,0
3421107,0,0,0,0
2589903,0,0,146.6514584,275.3468772
256618,0,0,0,0
552386,177.5883502,124.0531258,309.5975232,323.2332906
285983,72.98151378,0,0,0
29549,0,0,105.9149422,0
92406,24.32717126,0,0,0
2705319,80.27966516,0,138.5041551,0
2897181,104.6068364,0,0,0
264697,126.5012906,0,0,0
44251,547.3613534,147.3130868,130.3568519,227.4604638
2746932,102.1741193,0,122.2095486,0
3383314,51.08705965,0,0,0
423351,189.7519358,139.5597665,122.2095486,119.7160336
302167,55.9524939,434.1859401,488.8381946,227.4604638
3421172,0,0,0,0
2724,75.41423091,186.0796886,301.45022,311.2616873
2170729,24.32717126,0,0,0
394751,99.74140217,0,423.6597686,0
28107,38.92347402,0,439.9543751,0
1050624,75.41423091,0,0,0
419257,0,170.5730479,277.0083102,0
1492898,143.5303104,0,122.2095486,0
2861782,24.32717126,0,0,0
2897773,0,0,0,0
166501,58.38521103,0,0,0
28184,133.7994419,186.0796886,171.0933681,179.5740504
84757,0,0,0,0
3119977,138.6648762,0,0,0
104609,552.2267876,85.28652395,97.76763891,0
1704499,75.41423091,108.546485,138.5041551,167.602447
138072,231.108127,0,162.9460649,466.8925309
1208324,0,0,0,0
2864210,0,0,0,0
2483033,26.75988839,0,0,0
1449,46.2216254,263.6128922,179.2406713,347.1764973
2932255,94.87596792,108.546485,122.2095486,0
28068,0,85.28652395,97.76763891,0
1929246,60.81792815,131.8064461,81.47303243,0
1389005,0,0,0,0
3402159,68.11607953,0,97.76763891,287.3184806
1210884,99.74140217,0,268.861007,0
2709390,0,0,0,0
29358,148.3957447,217.0929701,325.8921297,143.6592403
515256,464.6489711,0,0,0
2045208,65.6833624,155.0664072,146.6514584,239.4320671
28111,245.7044297,387.666018,162.9460649,203.5172571
286727,0,0,0,0
3412034,97.30868504,372.1593773,244.4190973,502.807341
248903,0,162.8197275,0,0
3039116,65.6833624,0,0,0
2895352,48.65434252,155.0664072,105.9149422,227.4604638
28171,107.0395535,108.546485,0,191.5456537
1226968,0,0,0,598.5801678
266749,65.6833624,131.8064461,122.2095486,0
357441,128.9340077,0,0,0
435,143.5303104,0,81.47303243,0
2921616,80.27966516,116.2998054,0,0
2127060,194.6173701,0,146.6514584,131.6876369
109790,92.44325079,255.8595719,146.6514584,0
2895522,109.4722707,178.3263683,97.76763891,179.5740504
3093923,109.4722707,170.5730479,146.6514584,143.6592403
2792479,41.35619114,0,0,0
2681984,0,0,0,0
423477,48.65434252,100.7931647,162.9460649,0
39791,43.78890827,0,0,0
45497,187.3192187,209.3396497,154.7987616,167.602447
3060757,141.0975933,100.7931647,114.0622454,0
3070659,31.62532264,0,0,179.5740504
1434102,0,0,0,0
357999,68.11607953,193.833009,171.0933681,335.204894
2686359,109.4722707,193.833009,138.5041551,155.6308436
3239962,138.6648762,0,0,0
1445505,128.9340077,85.28652395,81.47303243,0
3020056,0,93.03984431,122.2095486,0
3003623,243.2717126,0,0,0
1470067,63.25064528,162.8197275,89.62033567,0
1294262,90.01053367,0,138.5041551,143.6592403
3398209,0,0,0,0
2774875,0,0,0,0
2954078,0,0,0,0
596095,0,0,0,0
2923283,75.41423091,341.1460958,496.9854978,754.2110115
399176,0,0,0,0
2479546,48.65434252,178.3263683,154.7987616,203.5172571
40223,60.81792815,0,0,0
2487742,182.4537845,131.8064461,0,119.7160336
70346,270.031601,0,0,0
2921460,75.41423091,0,0,0
126156,104.6068364,162.8197275,0,0
1500254,287.0606209,255.8595719,122.2095486,359.1481007
399,24.32717126,162.8197275,0,0
1755811,90.01053367,178.3263683,114.0622454,0
904039,0,0,0,0
3144951,0,0,0,119.7160336
1233113,55.9524939,0,0,0
50052,0,77.53320359,0,0
3374189,0,0,228.1244908,0
3423439,0,0,0,0
52022,0,0,0,0
171288,26.75988839,147.3130868,187.3879746,0
2508708,63.25064528,108.546485,162.9460649,167.602447
46020,0,0,0,0
3395467,109.4722707,0,114.0622454,0
2497863,0,85.28652395,301.45022,0
1778540,223.8099756,0,0,0
717609,172.722916,0,105.9149422,0
216932,80.27966516,379.9126976,203.6825811,263.3752739
185007,75.41423091,124.0531258,97.76763891,0
3069118,0,286.8728533,130.3568519,383.0913074
3133297,0,0,0,0
2908839,51.08705965,124.0531258,0,0
2741070,53.51977677,224.8462904,162.9460649,227.4604638
2068655,72.98151378,0,0,0
652787,51.08705965,0,0,0
980251,63.25064528,0,0,0
1658616,80.27966516,93.03984431,146.6514584,155.6308436
1689834,0,0,0,0
3243388,0,0,0,0
44250,75.41423091,85.28652395,122.2095486,0
41673,360.0421347,0,130.3568519,0
1250205,126.5012906,209.3396497,81.47303243,131.6876369
3016528,41.35619114,294.6261737,187.3879746,287.3184806
66969,38.92347402,294.6261737,162.9460649,203.5172571
3018315,75.41423091,209.3396497,203.6825811,203.5172571
2849779,48.65434252,0,0,0
2909669,29.19260551,480.7058623,171.0933681,466.8925309
1325090,34.05803977,0,0,0
29423,126.5012906,0,0,0
2908646,58.38521103,0,138.5041551,0
28183,114.3377049,93.03984431,138.5041551,0
393657,43.78890827,0,0,0
123899,36.49075689,0,0,0
2766526,0,0,0,0
753,184.8865016,85.28652395,162.9460649,131.6876369
1277350,31.62532264,0,0,0
3057114,0,0,0,0
2598579,80.27966516,0,0,191.5456537
2682541,99.74140217,0,0,0
3422597,0,0,0,0
3076558,102.1741193,263.6128922,219.9771876,311.2616873
41170,238.4062784,201.5863293,162.9460649,0
47715,85.14509941,186.0796886,130.3568519,239.4320671
269673,65.6833624,0,0,143.6592403
2877527,165.4247646,155.0664072,114.0622454,0
1631968,116.7704221,0,0,0
3161071,0,0,0,0
878220,136.2321591,108.546485,244.4190973,239.4320671
649161,0,0,0,0
1504981,0,0,0,0
3440154,128.9340077,201.5863293,122.2095486,0
1333662,85.14509941,85.28652395,105.9149422,0
2763670,46.2216254,124.0531258,0,0
2014,124.0685734,155.0664072,0,0
2986834,90.01053367,155.0664072,0,0
1500960,72.98151378,403.1726587,277.0083102,502.807341
3058432,65.6833624,124.0531258,236.271794,191.5456537
33941,0,0,0,0
47760,126.5012906,0,0,251.4036705
41997,85.14509941,108.546485,114.0622454,0
315358,38.92347402,240.3529311,0,347.1764973
36841,94.87596792,527.2257844,203.6825811,359.1481007
2518973,53.51977677,0,0,0
204039,58.38521103,201.5863293,252.5664005,263.3752739
2921679,36.49075689,0,0,0
1234143,119.2031392,0,122.2095486,0
434008,46.2216254,0,0,203.5172571
3077789,58.38521103,116.2998054,187.3879746,179.5740504
421,24.32717126,77.53320359,0,0
3092138,0,93.03984431,211.8298843,0
592978,267.5988839,0,0,0
406548,26.75988839,0,0,0
418008,55.9524939,0,228.1244908,0
2921364,70.54879666,209.3396497,301.45022,215.4888604
2732163,124.0685734,0,0,0
3156486,94.87596792,155.0664072,0,0
1503054,0,0,0,0
1629,31.62532264,116.2998054,154.7987616,0
204,36.49075689,85.28652395,81.47303243,179.5740504
1293,228.6754099,162.8197275,162.9460649,0
3241169,38.92347402,0,0,0
935293,199.4828043,0,0,0
2738883,0,0,0,0
2864209,0,0,0,0
173366,31.62532264,0,0,0
2153354,0,85.28652395,0,0
890415,0,255.8595719,162.9460649,335.204894
1935446,136.2321591,116.2998054,0,0
313985,70.54879666,77.53320359,97.76763891,155.6308436
2487892,0,0,0,0
53360,0,0,0,0
3123317,124.0685734,193.833009,187.3879746,466.8925309
3034674,107.0395535,85.28652395,0,167.602447
2143,128.9340077,77.53320359,0,0
2997337,34.05803977,0,0,0
459472,36.49075689,193.833009,195.5352778,0
82688,114.3377049,139.5597665,146.6514584,215.4888604
3322121,0,116.2998054,105.9149422,347.1764973
79885,153.2611789,186.0796886,211.8298843,251.4036705
404386,29.19260551,0,0,0
2755338,0,77.53320359,252.5664005,167.602447
3064265,284.6279038,77.53320359,0,0
682998,55.9524939,131.8064461,122.2095486,0
3065647,97.30868504,0,0,0
2734118,41.35619114,0,0,131.6876369
3395462,184.8865016,224.8462904,203.6825811,203.5172571
2006131,55.9524939,0,0,0
1993,70.54879666,0,0,0
53443,68.11607953,0,0,0
86660,29.19260551,0,0,0
1541,70.54879666,279.1195329,179.2406713,383.0913074
69666,0,0,0,0
2509675,257.8680154,0,0,155.6308436
333962,272.4643181,93.03984431,114.0622454,0
3118105,48.65434252,100.7931647,122.2095486,0
2921389,85.14509941,0,138.5041551,0
202951,48.65434252,255.8595719,260.7137038,0
391036,0,317.8861347,195.5352778,203.5172571
393662,114.3377049,0,0,0
2755562,63.25064528,155.0664072,130.3568519,155.6308436
1867719,0,0,97.76763891,131.6876369
3015983,65.6833624,0,0,0
1834192,0,465.1992216,187.3879746,179.5740504
2698672,136.2321591,0,0,0
2662262,990.1158703,85.28652395,0,143.6592403
2975955,0,0,0,0
2731552,38.92347402,0,0,0
1309795,72.98151378,0,0,0
1904378,0,0,0,0
2704462,111.9049878,155.0664072,138.5041551,275.3468772
2259672,24.32717126,0,0,0
1166950,29.19260551,147.3130868,0,0
3412684,0,0,0,0
2006115,68.11607953,139.5597665,0,0
1748242,24.32717126,93.03984431,81.47303243,0
1148196,29.19260551,0,0,0
2478663,158.1266132,178.3263683,162.9460649,155.6308436
1399115,0,186.0796886,171.0933681,0
692036,75.41423091,0,0,0
39777,0,0,97.76763891,0
673372,97.30868504,224.8462904,146.6514584,0
101385,90.01053367,294.6261737,228.1244908,239.4320671
2979869,124.0685734,155.0664072,146.6514584,143.6592403
1545044,97.30868504,0,0,0
3153301,357.6094175,0,0,0
1336802,0,0,122.2095486,0
291048,136.2321591,193.833009,171.0933681,155.6308436
2689109,51.08705965,0,0,0
2901836,77.84694803,232.5996108,260.7137038,299.2900839
2233542,38.92347402,0,0,0
2220096,24.32717126,0,0,0
2804617,0,0,0,0
55212,131.3667248,116.2998054,146.6514584,191.5456537
29370,102.1741193,224.8462904,114.0622454,215.4888604
271098,214.0791071,0,122.2095486,119.7160336
300231,116.7704221,0,0,0
3077734,0,0,0,0
47917,425.7254971,0,89.62033567,0
1873425,55.9524939,0,0,0
1972867,55.9524939,0,0,0
2051959,82.71238229,116.2998054,0,0
1716543,107.0395535,0,0,0
2852098,82.71238229,317.8861347,350.3340394,335.204894
3423956,0,341.1460958,0,0
243899,24.32717126,534.9791048,252.5664005,191.5456537
2912315,87.57781654,170.5730479,0,0
876,85.14509941,240.3529311,0,215.4888604
1891207,150.8284618,217.0929701,179.2406713,203.5172571
2994078,31.62532264,131.8064461,114.0622454,0
1751095,265.1661667,0,0,0
2109,141.0975933,0,0,119.7160336
2723092,109.4722707,116.2998054,171.0933681,0
36854,160.5593303,162.8197275,97.76763891,0
2304600,0,108.546485,0,0
400092,90.01053367,294.6261737,268.861007,215.4888604
404011,75.41423091,0,105.9149422,0
2745562,245.7044297,341.1460958,480.6908913,0
2787629,0,0,0,0
459529,248.1371469,0,366.6286459,0
712368,0,0,0,0
2219696,75.41423091,0,0,0
1525218,0,0,0,0
1798225,175.1556331,0,0,0
2778911,87.57781654,0,0,0
2694930,104.6068364,100.7931647,105.9149422,0
2587847,72.98151378,0,122.2095486,0
436663,1111.751727,0,0,0
3115296,65.6833624,0,162.9460649,0
879970,90.01053367,93.03984431,97.76763891,179.5740504
28173,116.7704221,302.379494,0,143.6592403
86665,111.9049878,271.3662126,236.271794,131.6876369
1244531,99.74140217,170.5730479,138.5041551,275.3468772
3093854,65.6833624,333.3927755,366.6286459,466.8925309
1795874,53.51977677,0,0,0
412690,0,193.833009,171.0933681,0
1128137,104.6068364,155.0664072,0,0
1453352,70.54879666,124.0531258,162.9460649,143.6592403
3100176,63.25064528,0,0,0
3029053,24.32717126,170.5730479,219.9771876,311.2616873
3128900,55.9524939,263.6128922,244.4190973,215.4888604
3059078,141.0975933,0,0,0
95619,0,1046.698249,260.7137038,0
2720720,24.32717126,0,130.3568519,0
61435,133.7994419,0,0,0
495820,167.8574817,131.8064461,203.6825811,227.4604638
402384,68.11607953,0,0,0
2496266,0,139.5597665,0,0
3073816,148.3957447,93.03984431,0,131.6876369
116718,75.41423091,232.5996108,211.8298843,215.4888604
2267253,58.38521103,108.546485,114.0622454,0
321662,51.08705965,0,0,0
255045,80.27966516,0,138.5041551,0
2608982,0,0,0,0
2592382,55.9524939,240.3529311,187.3879746,227.4604638
2607663,26.75988839,85.28652395,114.0622454,119.7160336
1758374,0,0,0,0
2925838,70.54879666,116.2998054,0,0
3230969,90.01053367,108.546485,97.76763891,0
746691,172.722916,147.3130868,171.0933681,0
2725558,43.78890827,0,0,0
2924033,155.6938961,93.03984431,81.47303243,0
455344,26.75988839,0,0,0
3423955,24.32717126,0,0,0
47877,192.184653,248.1062515,203.6825811,0
3445672,48.65434252,0,0,0
1288970,53.51977677,77.53320359,89.62033567,131.6876369
128780,0,0,0,0
56455,94.87596792,186.0796886,154.7987616,0
1528106,0,0,162.9460649,0
931531,104.6068364,131.8064461,0,0
390884,53.51977677,131.8064461,130.3568519,0
1141221,0,0,0,0
3079861,228.6754099,0,0,0
2518177,158.1266132,162.8197275,268.861007,251.4036705
2946593,0,0,0,0
504468,167.8574817,85.28652395,0,0
413503,450.0526683,0,0,0
1917421,43.78890827,0,0,0
1735111,60.81792815,131.8064461,187.3879746,191.5456537
1302659,194.6173701,162.8197275,301.45022,323.2332906
680026,201.9155215,0,0,167.602447
1108595,0,0,0,0
2739434,90.01053367,0,0,0
2689107,46.2216254,0,0,0
401472,0,0,0,0
3389876,51.08705965,0,0,0
52,116.7704221,0,0,0
2572923,99.74140217,93.03984431,105.9149422,143.6592403
981385,107.0395535,186.0796886,154.7987616,131.6876369
55518,0,0,0,155.6308436
284581,87.57781654,100.7931647,89.62033567,119.7160336
34004,0,116.2998054,228.1244908,478.8641343
1387353,46.2216254,0,0,0
3050131,38.92347402,248.1062515,122.2095486,131.6876369
521520,82.71238229,93.03984431,81.47303243,119.7160336
160791,0,0,0,0
198119,46.2216254,85.28652395,211.8298843,167.602447
1872431,68.11607953,0,89.62033567,131.6876369
2106,65.6833624,0,0,0
3242727,43.78890827,0,0,0
3080056,119.2031392,302.379494,0,0
2903661,0,0,0,0
2910158,121.6358563,85.28652395,0,131.6876369
158850,175.1556331,0,0,0
285450,0,0,0,0
81459,38.92347402,0,138.5041551,0
2590016,0,0,0,0
3395916,0,0,0,0
2528023,36.49075689,0,0,0
216778,53.51977677,0,0,0
164608,0,0,0,0
58839,29.19260551,209.3396497,138.5041551,299.2900839
2652274,75.41423091,0,0,0
1246,133.7994419,0,0,0
2712222,0,0,0,0
1325358,70.54879666,85.28652395,122.2095486,0
322019,0,0,0,0
2202647,0,0,0,0
226505,111.9049878,155.0664072,138.5041551,251.4036705
169430,0,0,0,0
2593652,109.4722707,116.2998054,138.5041551,167.602447
1825976,102.1741193,0,0,0
2589987,128.9340077,0,105.9149422,0
2847045,102.1741193,0,0,0
1964449,0,0,0,0
69284,0,0,0,0
2675797,0,0,0,0
1404888,0,0,97.76763891,0
353851,0,0,0,0
3342640,109.4722707,0,0,0
454601,0,0,0,0
861445,38.92347402,193.833009,0,0
339862,114.3377049,201.5863293,154.7987616,251.4036705
1855610,34.05803977,93.03984431,0,0
3053655,0,302.379494,374.7759492,239.4320671
1621989,36.49075689,77.53320359,0,0
3410790,58.38521103,0,0,0
2124,55.9524939,0,0,0
335406,70.54879666,0,0,0
2785746,53.51977677,0,154.7987616,263.3752739
1788301,24.32717126,0,0,0
198483,369.7730032,201.5863293,0,0
2809707,34.05803977,124.0531258,81.47303243,119.7160336
2692134,46.2216254,0,0,0
3092148,0,0,0,0
1630406,133.7994419,116.2998054,122.2095486,0
34090,0,0,81.47303243,0
3029272,38.92347402,77.53320359,293.3029167,311.2616873
1458461,0,0,0,0
2715959,0,279.1195329,203.6825811,0
129338,141.0975933,441.9392605,236.271794,538.7221511
2035858,0,0,0,0
2735134,55.9524939,0,0,0
2744521,172.722916,286.8728533,309.5975232,442.9493242
184064,58.38521103,193.833009,138.5041551,119.7160336
1877,0,0,0,0
2819290,111.9049878,217.0929701,244.4190973,179.5740504
3454464,0,0,0,0
2963940,0,0,0,0
3416668,60.81792815,232.5996108,0,0
574727,0,0,0,0
171523,85.14509941,0,0,0
3139328,131.3667248,0,122.2095486,0
1763363,85.14509941,0,0,0
2952932,53.51977677,0,0,0
2878151,737.1132892,0,0,0
66269,114.3377049,0,179.2406713,0
640330,94.87596792,124.0531258,146.6514584,0
2722752,31.62532264,0,0,0
938288,0,108.546485,81.47303243,0
505341,97.30868504,124.0531258,97.76763891,179.5740504
2259595,162.9920474,201.5863293,0,131.6876369
2214,138.6648762,209.3396497,391.0705556,287.3184806
1244,36.49075689,93.03984431,325.8921297,0
1955412,43.78890827,139.5597665,0,0
1918946,141.0975933,0,89.62033567,155.6308436
564064,53.51977677,85.28652395,0,227.4604638
1499973,87.57781654,341.1460958,244.4190973,251.4036705
3406418,31.62532264,0,0,0
1027273,80.27966516,162.8197275,130.3568519,0
3070815,55.9524939,100.7931647,277.0083102,430.9777208
1918945,107.0395535,279.1195329,179.2406713,347.1764973
360911,0,240.3529311,285.1556135,167.602447
3239934,111.9049878,0,0,0
522485,87.57781654,162.8197275,162.9460649,0
1472767,68.11607953,131.8064461,0,0
2053287,92.44325079,0,162.9460649,0
2920382,0,255.8595719,138.5041551,239.4320671
3036303,38.92347402,170.5730479,146.6514584,0
2040469,99.74140217,93.03984431,154.7987616,143.6592403
187493,126.5012906,131.8064461,138.5041551,143.6592403
3136295,0,0,0,0
859058,0,0,0,0
2921573,379.5038717,0,0,0
3035935,75.41423091,0,0,0
686597,0,0,0,0
36873,0,255.8595719,0,0
1261634,58.38521103,0,0,0
539262,162.9920474,0,0,0
2487118,65.6833624,201.5863293,0,0
2552947,48.65434252,124.0531258,81.47303243,0
2986827,94.87596792,108.546485,0,0
2903669,58.38521103,0,0,0
2897772,41.35619114,116.2998054,162.9460649,0
2954094,0,302.379494,228.1244908,981.6714753
558537,0,0,0,0
2742685,63.25064528,224.8462904,228.1244908,191.5456537
38323,97.30868504,155.0664072,154.7987616,0
2772557,102.1741193,310.1328144,211.8298843,478.8641343
1529069,114.3377049,155.0664072,0,407.0345141
3072793,29.19260551,108.546485,0,0
2724528,72.98151378,0,0,0
2937788,29.19260551,0,0,0
2921563,0,0,0,0
3121287,90.01053367,0,162.9460649,119.7160336
2479367,0,0,0,0
1524259,36.49075689,0,0,0
2918914,153.2611789,0,0,0
2094020,68.11607953,372.1593773,203.6825811,395.0629108
3378765,0,0,0,0
3342676,245.7044297,193.833009,260.7137038,371.1197041
2942908,38.92347402,0,0,0
470565,46.2216254,0,0,0
74109,80.27966516,0,122.2095486,0
166314,0,0,0,0
2600598,0,0,0,0
80679,36.49075689,0,0,0
2175619,0,0,0,0
1886,0,0,0,0
2303538,0,240.3529311,0,191.5456537
2913503,90.01053367,0,0,0
216427,63.25064528,0,0,0
2832500,0,0,0,0
3080759,250.569864,0,0,0
2662448,65.6833624,178.3263683,0,0
1138189,138.6648762,0,0,0
1720343,277.3297524,0,0,0
3070676,68.11607953,193.833009,0,0
525886,48.65434252,77.53320359,0,0
242600,51.08705965,131.8064461,105.9149422,0
1336795,0,0,154.7987616,0
248039,77.84694803,271.3662126,244.4190973,119.7160336
2740404,51.08705965,139.5597665,122.2095486,0
3132747,0,0,0,0
2819100,107.0395535,0,0,0
1006005,0,162.8197275,187.3879746,275.3468772
2981138,647.1027555,0,0,0
471827,90.01053367,0,0,0
2946605,0,0,0,0
3391828,63.25064528,0,0,0
1532350,26.75988839,0,0,0
3463854,65.6833624,201.5863293,0,155.6308436
337,29.19260551,0,0,0
1806508,43.78890827,0,0,251.4036705
730,170.2901988,162.8197275,0,311.2616873
712361,72.98151378,217.0929701,162.9460649,335.204894
120959,51.08705965,0,0,0
1481663,80.27966516,100.7931647,171.0933681,191.5456537
2932183,97.30868504,0,0,0
170573,150.8284618,93.03984431,105.9149422,0
69896,58.38521103,310.1328144,0,0
1740262,170.2901988,139.5597665,97.76763891,0
2839024,206.7809557,0,0,0
2560053,0,0,0,0
3422307,0,0,0,0
2175646,63.25064528,0,0,0
83683,82.71238229,0,0,203.5172571
3077926,347.878549,0,578.4585302,0
395922,36.49075689,0,0,0
2961941,82.71238229,147.3130868,130.3568519,335.204894
2587852,72.98151378,0,0,0
2995223,0,0,0,0
653937,104.6068364,124.0531258,0,0
1273132,214.0791071,209.3396497,244.4190973,0
3093867,121.6358563,224.8462904,0,131.6876369
1325115,75.41423091,0,0,0
52443,94.87596792,77.53320359,0,119.7160336
3429985,0,0,0,0
2872754,80.27966516,0,0,203.5172571
79263,116.7704221,0,97.76763891,0
2913614,143.5303104,0,0,0
186490,184.8865016,201.5863293,301.45022,239.4320671
240495,0,0,0,0
428411,26.75988839,0,0,0
1642819,92.44325079,0,0,0
1842539,0,271.3662126,293.3029167,263.3752739
748280,0,0,0,0
940,85.14509941,186.0796886,203.6825811,299.2900839
2704651,41.35619114,0,187.3879746,0
2184161,0,0,0,0
985002,153.2611789,279.1195329,252.5664005,263.3752739
45067,0,0,0,0
3414511,34.05803977,93.03984431,0,131.6876369
46541,60.81792815,139.5597665,211.8298843,0
2269374,41.35619114,124.0531258,171.0933681,239.4320671
3069686,68.11607953,178.3263683,187.3879746,311.2616873
107327,36.49075689,224.8462904,114.0622454,0
1776742,133.7994419,0,0,0
29362,136.2321591,0,171.0933681,0
2923362,274.8970352,85.28652395,0,167.602447
1773489,0,0,0,0
293091,29.19260551,186.0796886,105.9149422,155.6308436
573501,80.27966516,178.3263683,0,167.602447
3022250,0,139.5597665,0,0
481353,75.41423091,201.5863293,97.76763891,0
102134,119.2031392,0,89.62033567,0
480520,138.6648762,155.0664072,0,0
690594,48.65434252,0,0,0
1323375,99.74140217,294.6261737,162.9460649,191.5456537
2331,63.25064528,100.7931647,146.6514584,167.602447
2650471,38.92347402,139.5597665,97.76763891,0
1563703,0,0,0,0
2781899,0,0,0,0
2583587,48.65434252,0,0,0
379097,0,116.2998054,0,0
2614693,0,0,105.9149422,0
2582913,31.62532264,0,0,0
2728827,0,139.5597665,105.9149422,0
480418,0,0,0,0
1834193,72.98151378,0,0,0
2138,94.87596792,100.7931647,0,0
710190,124.0685734,116.2998054,0,0
59814,77.84694803,0,105.9149422,0
1316941,102.1741193,0,0,0
2866808,1199.329543,0,0,0
3349874,77.84694803,0,0,0
3445777,0,0,0,0
2675790,0,93.03984431,0,0
42422,114.3377049,0,0,0
1387555,189.7519358,100.7931647,146.6514584,227.4604638
87541,55.9524939,0,0,0
41675,75.41423091,0,0,0
44009,58.38521103,0,0,0
414778,63.25064528,131.8064461,0,0
3017782,55.9524939,0,0,0
1071983,65.6833624,100.7931647,162.9460649,0
658062,0,0,0,0
351604,143.5303104,100.7931647,171.0933681,0
3152361,58.38521103,0,0,0
2202721,124.0685734,147.3130868,122.2095486,0
3004093,31.62532264,0,0,0
225992,34.05803977,0,0,0
1176536,0,0,0,0
89014,257.8680154,93.03984431,0,0
570505,34.05803977,279.1195329,0,0
1987580,46.2216254,170.5730479,0,299.2900839
138118,34.05803977,0,0,0
3234141,0,0,0,0
3436242,0,0,0,0
552467,111.9049878,193.833009,219.9771876,0
45243,0,0,0,0
2676871,0,0,0,0
2014887,0,0,0,0
2711231,53.51977677,0,0,0
2762331,0,0,0,0
1410606,77.84694803,0,0,0
2189,46.2216254,139.5597665,89.62033567,155.6308436
33934,0,232.5996108,0,287.3184806
1125966,55.9524939,240.3529311,244.4190973,263.3752739
214853,87.57781654,93.03984431,0,143.6592403
2583989,255.4352982,248.1062515,219.9771876,0
34002,0,0,0,0
1752398,0,0,0,0
160808,338.1476805,124.0531258,105.9149422,0
28227,206.7809557,170.5730479,244.4190973,227.4604638
2998077,46.2216254,0,0,0
1249630,0,0,81.47303243,0
2904121,80.27966516,100.7931647,285.1556135,0
2878680,60.81792815,0,130.3568519,0
2528026,0,100.7931647,0,0
2704653,124.0685734,341.1460958,268.861007,167.602447
1878942,0,0,0,0
2785785,34.05803977,0,0,442.9493242
2930200,121.6358563,85.28652395,97.76763891,0
496056,68.11607953,178.3263683,0,0
3060301,415.9946286,93.03984431,0,155.6308436
2828763,94.87596792,457.4459012,325.8921297,251.4036705
2750995,26.75988839,108.546485,0,0
1673428,77.84694803,395.4193383,252.5664005,179.5740504
586733,703.0552494,0,89.62033567,0
3117013,0,0,0,0
518898,41.35619114,0,0,0
1395624,53.51977677,0,0,0
3074378,0,0,0,0
2903644,0,0,0,0
167964,883.0763168,0,0,0
491948,206.7809557,0,0,0
45363,58.38521103,271.3662126,309.5975232,335.204894
2317,92.44325079,85.28652395,97.76763891,179.5740504
617123,87.57781654,116.2998054,0,0
1731,0,0,0,0
555315,38.92347402,186.0796886,97.76763891,0
1848766,31.62532264,85.28652395,0,0
2781774,70.54879666,255.8595719,0,131.6876369
2708020,274.8970352,0,0,0
2287,48.65434252,155.0664072,171.0933681,0
3132265,60.81792815,108.546485,187.3879746,0
2996794,46.2216254,100.7931647,146.6514584,131.6876369
747522,99.74140217,0,0,0
2782004,0,0,0,0
46506,107.0395535,124.0531258,171.0933681,191.5456537
3002900,119.2031392,0,0,0
2303331,0,0,0,0
2723090,141.0975933,85.28652395,89.62033567,131.6876369
214888,124.0685734,147.3130868,89.62033567,251.4036705
2912228,121.6358563,100.7931647,179.2406713,0
2893889,82.71238229,0,0,0
2807101,206.7809557,93.03984431,0,0
2681552,0,0,0,0
2813577,0,0,0,0
107400,0,0,0,0
1867846,175.1556331,0,0,0
861299,0,0,0,0
2081791,109.4722707,201.5863293,162.9460649,0
3118169,0,0,0,0
280145,0,108.546485,97.76763891,155.6308436
472,36.49075689,162.8197275,700.6680789,263.3752739
659,126.5012906,488.4591826,195.5352778,0
3048609,0,186.0796886,171.0933681,0
484184,0,0,268.861007,203.5172571
72360,38.92347402,0,0,0
2528021,51.08705965,0,0,0
2497875,0,0,0,0
2054282,58.38521103,0,0,0
2953738,428.1582142,100.7931647,0,143.6592403
114881,29.19260551,100.7931647,0,0
2713501,80.27966516,0,0,0
544718,162.9920474,248.1062515,179.2406713,191.5456537
227866,51.08705965,93.03984431,130.3568519,0
2921697,0,0,0,0
2714952,0,356.6527365,366.6286459,347.1764973
1128113,0,0,0,0
3395319,333.2822463,162.8197275,154.7987616,0
2603215,0,0,0,0
3235110,0,248.1062515,464.3962848,754.2110115
3057176,58.38521103,0,0,0
51515,46.2216254,77.53320359,89.62033567,407.0345141
2495582,68.11607953,232.5996108,228.1244908,263.3752739
3400420,102.1741193,131.8064461,228.1244908,311.2616873
964,0,0,89.62033567,191.5456537
1511,126.5012906,0,0,0
1852022,26.75988839,0,0,0
570156,172.722916,0,0,0
2769490,48.65434252,0,0,0
3025666,87.57781654,139.5597665,114.0622454,299.2900839
57320,60.81792815,0,0,0
3120525,296.7914894,0,0,0
2928472,26.75988839,0,0,0
1987723,70.54879666,147.3130868,0,0
3135644,75.41423091,0,114.0622454,143.6592403
1891675,75.41423091,224.8462904,0,215.4888604
111501,63.25064528,131.8064461,114.0622454,155.6308436
1835721,0,0,0,0
290399,0,0,0,0
3096987,0,0,0,0
2950245,63.25064528,139.5597665,146.6514584,167.602447
3234145,55.9524939,108.546485,105.9149422,0
411486,87.57781654,0,0,0
398049,72.98151378,77.53320359,211.8298843,155.6308436
875171,31.62532264,0,0,0
2880221,0,0,105.9149422,0
456827,75.41423091,0,0,0
3415678,65.6833624,0,0,0
139,158.1266132,193.833009,423.6597686,0
70258,92.44325079,0,0,0
1579316,0,77.53320359,114.0622454,143.6592403
284016,0,0,0,179.5740504
885581,148.3957447,85.28652395,179.2406713,0
76517,65.6833624,147.3130868,97.76763891,0
2029860,0,0,0,0
1903704,70.54879666,100.7931647,0,131.6876369
511487,0,0,0,0
1974203,165.4247646,224.8462904,0,0
68286,214.0791071,0,203.6825811,442.9493242
3238809,80.27966516,93.03984431,0,119.7160336
185008,75.41423091,224.8462904,122.2095486,167.602447
1893,68.11607953,0,0,0
53558,102.1741193,0,0,0
1158459,85.14509941,186.0796886,114.0622454,0
577,0,434.1859401,374.7759492,347.1764973
3029062,26.75988839,0,0,0
1639118,87.57781654,116.2998054,0,0
1380675,116.7704221,85.28652395,81.47303243,143.6592403
3228750,97.30868504,147.3130868,154.7987616,179.5740504
171695,31.62532264,170.5730479,0,0
1096243,31.62532264,0,0,0
31909,80.27966516,0,0,0
1836,31.62532264,116.2998054,0,0
3449832,99.74140217,0,0,0
33052,82.71238229,0,0,0
123841,0,100.7931647,130.3568519,155.6308436
2511069,0,0,0,0
2739,85.14509941,0,0,0
2923272,24.32717126,0,0,0
2653857,175.1556331,0,0,191.5456537
33900,111.9049878,0,0,0
1173263,72.98151378,0,97.76763891,0
2756107,99.74140217,0,0,0
1763536,85.14509941,116.2998054,179.2406713,0
2908211,75.41423091,0,89.62033567,167.602447
28127,87.57781654,170.5730479,114.0622454,143.6592403
992289,72.98151378,93.03984431,130.3568519,0
2807096,0,0,0,0
1183377,0,0,105.9149422,155.6308436
2967130,0,0,0,0
3073862,0,0,0,0
3232308,60.81792815,0,0,0
3073602,38.92347402,0,0,0
1930277,43.78890827,162.8197275,154.7987616,287.3184806
388413,92.44325079,0,0,0
2527996,46.2216254,0,0,0
353852,63.25064528,93.03984431,0,0
3039426,121.6358563,0,562.1639237,0
2605943,0,0,0,0
2748865,82.71238229,93.03984431,219.9771876,0
1482074,36.49075689,155.0664072,0,155.6308436
83552,80.27966516,139.5597665,260.7137038,155.6308436
1854498,77.84694803,0,0,0
2259673,68.11607953,224.8462904,195.5352778,239.4320671
33025,104.6068364,193.833009,366.6286459,490.8357376
2139,111.9049878,85.28652395,154.7987616,0
1742358,211.64639,100.7931647,97.76763891,251.4036705
2920935,53.51977677,255.8595719,162.9460649,299.2900839
461876,133.7994419,0,0,0
2995138,0,139.5597665,0,0
114186,31.62532264,279.1195329,236.271794,0
1332080,0,0,0,0
2899122,65.6833624,124.0531258,0,143.6592403
539813,226.2426927,0,0,0
3440636,24.32717126,0,0,0
2745558,82.71238229,0,0,0
3116479,0,0,0,275.3468772
3076075,0,108.546485,105.9149422,143.6592403
1201031,167.8574817,0,0,0
2172098,38.92347402,139.5597665,89.62033567,131.6876369
3457576,0,0,0,0
2822842,128.9340077,217.0929701,105.9149422,155.6308436
2843330,111.9049878,0,0,0
1322,92.44325079,0,89.62033567,0
1100,0,0,0,0
3238304,38.92347402,0,0,0
2749996,0,0,0,0
1264,94.87596792,85.28652395,114.0622454,155.6308436
3064278,87.57781654,0,0,0
3423225,0,124.0531258,114.0622454,119.7160336
674703,24.32717126,0,0,0
1404864,0,0,0,0
3415671,53.51977677,0,0,0
108,153.2611789,0,203.6825811,119.7160336
2942278,119.2031392,0,0,0
1325114,262.7334496,0,0,0
3240374,160.5593303,0,105.9149422,0
712036,60.81792815,0,0,0
688,92.44325079,85.28652395,211.8298843,203.5172571
2562285,48.65434252,170.5730479,81.47303243,191.5456537
3070661,24.32717126,0,138.5041551,155.6308436
2898794,192.184653,155.0664072,97.76763891,0
2972478,0,0,0,0
2795690,29.19260551,0,0,0
413401,41.35619114,116.2998054,0,131.6876369
3073092,80.27966516,116.2998054,0,0
2479392,0,0,0,0
1045776,29.19260551,0,0,0
2999068,36.49075689,108.546485,0,0
3020900,48.65434252,224.8462904,219.9771876,143.6592403
116092,68.11607953,108.546485,146.6514584,131.6876369
2975701,0,85.28652395,0,0
716816,63.25064528,162.8197275,154.7987616,227.4604638
171438,158.1266132,100.7931647,162.9460649,0
2697371,0,0,0,0
41276,77.84694803,0,0,514.7789443
2211108,128.9340077,116.2998054,122.2095486,203.5172571
225148,58.38521103,77.53320359,0,0
2867015,77.84694803,0,0,0
788,0,124.0531258,203.6825811,179.5740504
28885,43.78890827,170.5730479,122.2095486,215.4888604
1891280,48.65434252,108.546485,162.9460649,0
218208,31.62532264,139.5597665,0,0
3447507,0,0,105.9149422,0
2883100,0,0,0,0
2613965,0,0,0,0
1032243,24.32717126,108.546485,0,0
225991,0,0,0,0
2781735,0,0,0,0
1705394,31.62532264,124.0531258,171.0933681,0
2024551,0,0,0,0
3096995,228.6754099,0,0,0
2903901,0,0,0,179.5740504
109472,55.9524939,162.8197275,130.3568519,155.6308436
2940302,31.62532264,0,0,0
467976,26.75988839,0,0,0
2903609,0,465.1992216,0,0
2609253,36.49075689,0,0,0
2774154,109.4722707,0,0,0
1675036,53.51977677,0,0,0
1407071,114.3377049,100.7931647,105.9149422,0
1384459,24.32717126,0,0,0
3440865,65.6833624,85.28652395,0,0
586239,0,0,0,0
1908,287.0606209,0,0,0
2992926,36.49075689,0,0,0
2921554,175.1556331,0,81.47303243,0
3060215,68.11607953,240.3529311,162.9460649,143.6592403
2976983,0,0,0,0
1826607,26.75988839,0,0,0
216937,72.98151378,155.0664072,179.2406713,299.2900839
3016000,0,0,0,0
2931921,60.81792815,77.53320359,0,0
2763107,70.54879666,271.3662126,211.8298843,155.6308436
1017270,55.9524939,131.8064461,146.6514584,0
3394320,36.49075689,224.8462904,0,0
1510466,46.2216254,0,105.9149422,155.6308436
693075,26.75988839,116.2998054,130.3568519,179.5740504
2829812,63.25064528,131.8064461,138.5041551,0
187452,48.65434252,139.5597665,171.0933681,131.6876369
1744,0,0,0,0
2932254,29.19260551,0,105.9149422,0
2831893,0,418.6792994,244.4190973,311.2616873
2812560,0,0,179.2406713,0
3349698,26.75988839,263.6128922,211.8298843,359.1481007
1235990,53.51977677,0,0,0
2569540,80.27966516,0,0,0
182141,0,0,0,1137.302319
193462,77.84694803,131.8064461,130.3568519,0
28172,48.65434252,108.546485,130.3568519,191.5456537
946435,75.41423091,0,114.0622454,323.2332906
442121,0,0,0,215.4888604
2723091,60.81792815,131.8064461,0,0
3069689,87.57781654,85.28652395,0,0
3050072,90.01053367,0,0,0
1609546,126.5012906,0,97.76763891,119.7160336
3423947,0,0,0,0
2774633,194.6173701,271.3662126,130.3568519,502.807341
2697032,0,0,0,0
2913412,0,0,0,0
1805933,34.05803977,0,0,0
2777185,107.0395535,116.2998054,122.2095486,0
1798205,26.75988839,100.7931647,0,0
216929,48.65434252,0,0,0
2831673,114.3377049,131.8064461,89.62033567,191.5456537
3236891,29.19260551,178.3263683,0,359.1481007
1042,29.19260551,0,0,0
3127470,192.184653,155.0664072,252.5664005,0
3390026,41.35619114,0,0,0
702114,0,255.8595719,277.0083102,0
2976002,158.1266132,0,0,0
37692,26.75988839,0,122.2095486,0
351671,0,0,81.47303243,0
1473598,48.65434252,0,0,0
449,104.6068364,162.8197275,0,0
1599,170.2901988,131.8064461,0,0
1912897,107.0395535,124.0531258,219.9771876,131.6876369
1902580,63.25064528,0,0,0
930166,107.0395535,232.5996108,0,0
377615,238.4062784,0,0,0
2799680,148.3957447,0,0,0
2763667,111.9049878,100.7931647,122.2095486,119.7160336
89153,48.65434252,85.28652395,0,0
1084,31.62532264,0,0,119.7160336
2912314,48.65434252,0,0,131.6876369
463192,77.84694803,0,0,0
2866384,651.9681898,0,105.9149422,0
42094,65.6833624,77.53320359,0,0
754,43.78890827,93.03984431,0,0
2171755,31.62532264,0,0,0
449461,102.1741193,0,0,0
2724901,114.3377049,186.0796886,0,323.2332906
2528022,36.49075689,0,0,119.7160336
2683284,0,0,0,0
45663,330.8495291,0,0,0
298654,0,0,0,275.3468772
28151,36.49075689,0,0,0
190148,0,0,0,0
999141,51.08705965,0,0,0
2564099,107.0395535,193.833009,114.0622454,227.4604638
162209,51.08705965,170.5730479,81.47303243,0
2569541,94.87596792,0,0,0
556259,255.4352982,0,219.9771876,0
3163026,90.01053367,139.5597665,130.3568519,191.5456537
3094839,36.49075689,93.03984431,0,263.3752739
2952610,29.19260551,170.5730479,81.47303243,0
2220073,77.84694803,178.3263683,219.9771876,0
61647,75.41423091,93.03984431,203.6825811,0
2226,68.11607953,131.8064461,0,0
43057,55.9524939,0,0,0
942150,0,0,0,0
79209,104.6068364,100.7931647,260.7137038,203.5172571
3398773,0,0,0,0
342950,121.6358563,131.8064461,171.0933681,143.6592403
1968839,24.32717126,0,0,0
64160,80.27966516,162.8197275,105.9149422,0
3068989,0,0,0,0
2810562,226.2426927,124.0531258,0,0
3455945,622.7755843,0,0,0
1737446,0,0,0,0
1163710,60.81792815,0,0,0
3066284,36.49075689,0,0,0
2819286,43.78890827,0,0,0
2527975,172.722916,0,0,0
483013,0,162.8197275,89.62033567,0
33008,26.75988839,0,0,0
1524258,63.25064528,0,0,0
68212,46.2216254,0,0,0
1973002,26.75988839,0,0,0
2136401,29.19260551,139.5597665,268.861007,395.0629108
3400348,0,0,0,0
389348,58.38521103,0,0,0
777,58.38521103,139.5597665,0,0
881,102.1741193,0,171.0933681,0
2883998,34.05803977,162.8197275,97.76763891,215.4888604
3439063,55.9524939,139.5597665,187.3879746,239.4320671
1484118,0,0,0,0
3143534,0,0,0,0
664683,177.5883502,0,0,0
594679,0,124.0531258,154.7987616,143.6592403
1325107,0,0,0,0
2601122,0,379.9126976,0,0
2508726,51.08705965,193.833009,97.76763891,191.5456537
2835041,182.4537845,0,0,0
3236844,34.05803977,0,0,0
2782662,0,0,105.9149422,0
3411797,104.6068364,0,0,0
2601898,133.7994419,0,122.2095486,119.7160336
3445781,70.54879666,108.546485,171.0933681,0
2571749,29.19260551,0,0,0
2039724,143.5303104,0,0,0
2768068,0,0,0,0
37329,90.01053367,0,0,0
512763,80.27966516,0,97.76763891,0
133539,99.74140217,0,0,0
2651974,0,0,0,0
3459034,46.2216254,0,0,0
44001,255.4352982,0,154.7987616,0
2907534,92.44325079,131.8064461,195.5352778,0
285574,53.51977677,356.6527365,0,514.7789443
3030011,0,0,0,0
2058152,72.98151378,0,0,0
2935863,70.54879666,0,105.9149422,0
649196,145.9630276,108.546485,0,0
2878534,277.3297524,0,81.47303243,0
2913620,87.57781654,0,0,0
3048007,0,0,0,0
346911,26.75988839,0,0,0
153151,160.5593303,0,0,0
273136,63.25064528,0,0,0
1549850,65.6833624,0,0,0
216816,77.84694803,0,0,395.0629108
2599296,0,0,0,0
43767,65.6833624,0,0,0
2004650,0,0,0,155.6308436
911092,102.1741193,131.8064461,130.3568519,299.2900839
553814,0,162.8197275,0,407.0345141
2903717,0,0,0,0
1927128,26.75988839,232.5996108,146.6514584,215.4888604
1824638,26.75988839,108.546485,0,0
2883127,0,0,0,0
2894082,124.0685734,0,114.0622454,0
1448059,0,209.3396497,301.45022,0
2932259,121.6358563,108.546485,122.2095486,0
562959,38.92347402,0,0,0
1353976,143.5303104,0,171.0933681,0
61015,192.184653,0,0,0
1470434,31.62532264,162.8197275,0,0
2862870,0,0,0,0
1861,63.25064528,0,0,0
82380,0,0,0,0
1741,318.6859435,0,0,0
299308,1150.675201,0,0,143.6592403
2039455,29.19260551,0,0,0
2762576,34.05803977,0,0,0
3240853,55.9524939,147.3130868,0,0
2903570,617.91015,0,0,0
2714036,65.6833624,170.5730479,0,203.5172571
537596,0,372.1593773,219.9771876,239.4320671
329854,128.9340077,0,97.76763891,0
3385991,97.30868504,0,0,0
3096260,46.2216254,0,0,0
2892541,0,0,203.6825811,0
2493669,0,0,203.6825811,0
3239996,36.49075689,0,0,0
396,60.81792815,0,0,0
216935,60.81792815,248.1062515,122.2095486,131.6876369
485447,63.25064528,0,0,0
465721,0,0,0,0
2861282,0,0,0,0
1850526,75.41423091,77.53320359,122.2095486,0
517719,38.92347402,0,0,0
349094,51.08705965,170.5730479,0,0
50338,31.62532264,0,114.0622454,0
2030797,43.78890827,209.3396497,97.76763891,203.5172571
46507,284.6279038,0,0,0
159743,498.7070108,124.0531258,309.5975232,143.6592403
2496865,289.493338,139.5597665,146.6514584,0
37487,26.75988839,0,0,0
1848900,0,0,0,0
2856823,0,0,0,0
2918170,0,0,0,0
3450128,97.30868504,240.3529311,203.6825811,0
3067653,97.30868504,0,0,0
3230977,36.49075689,0,0,0
2823043,0,0,0,0
2111,31.62532264,100.7931647,0,0
53442,119.2031392,317.8861347,260.7137038,371.1197041
45495,36.49075689,0,105.9149422,0
2044521,0,0,0,0
150829,36.49075689,108.546485,130.3568519,0
2867011,0,0,0,131.6876369
3239887,55.9524939,0,0,0
376805,82.71238229,0,0,0
2774151,51.08705965,147.3130868,0,0
2886935,53.51977677,0,0,0
2898725,0,0,0,0
251542,58.38521103,0,0,0
1632864,114.3377049,0,0,0
2855434,0,0,1034.707512,0
312306,38.92347402,0,0,0
307121,0,0,0,0
2806210,60.81792815,0,0,0
1654388,389.2347402,100.7931647,0,0
1649184,1043.635647,0,0,0
237258,126.5012906,147.3130868,0,0
28141,810.094803,0,114.0622454,0
2838157,90.01053367,77.53320359,0,0
2829795,119.2031392,170.5730479,146.6514584,0
3047873,143.5303104,162.8197275,0,0
291403,94.87596792,147.3130868,97.76763891,0
1858656,90.01053367,0,97.76763891,0
1632866,72.98151378,248.1062515,97.76763891,0
273251,38.92347402,131.8064461,179.2406713,0
3166644,688.4589467,0,0,0
3423952,34.05803977,0,0,155.6308436
1660063,36.49075689,186.0796886,97.76763891,191.5456537
2954099,1328.263551,0,0,0
2202249,0,193.833009,0,742.2394081
944,51.08705965,224.8462904,130.3568519,227.4604638
3118173,34.05803977,0,0,0
2029164,0,0,0,0
168471,0,0,0,0
3081200,24.32717126,0,0,155.6308436
2909673,0,0,0,0
282217,0,0,431.8070719,0
2840474,250.569864,0,0,0
2975737,65.6833624,0,0,263.3752739
453842,0,0,97.76763891,0
3114537,0,0,0,0
3229863,41.35619114,178.3263683,130.3568519,155.6308436
28129,63.25064528,0,105.9149422,191.5456537
2897334,53.51977677,0,0,0
3063957,99.74140217,209.3396497,114.0622454,0
2488639,90.01053367,0,0,0
2940299,34.05803977,232.5996108,154.7987616,0
273376,372.2057203,0,0,0
1297121,38.92347402,85.28652395,0,191.5456537
171404,38.92347402,139.5597665,146.6514584,251.4036705
33943,0,0,0,0
1505757,435.4563656,0,0,119.7160336
2608631,41.35619114,116.2998054,0,0
547188,41.35619114,0,89.62033567,0
60520,141.0975933,0,81.47303243,131.6876369
33996,36.49075689,294.6261737,252.5664005,395.0629108
2903723,0,325.6394551,342.1867362,395.0629108
2562282,540.063202,0,0,0
1572645,114.3377049,139.5597665,228.1244908,0
86102,43.78890827,240.3529311,0,0
82348,143.5303104,124.0531258,219.9771876,0
1123043,41.35619114,0,89.62033567,0
2995161,245.7044297,0,130.3568519,0
1925548,58.38521103,0,0,0
2486272,26.75988839,0,0,0
3095343,0,0,0,0
375175,46.2216254,147.3130868,97.76763891,167.602447
3238806,0,0,0,0
2010183,60.81792815,170.5730479,162.9460649,0
1620421,0,77.53320359,0,0
485448,111.9049878,0,0,0
1300039,0,178.3263683,130.3568519,143.6592403
2828340,34.05803977,0,114.0622454,215.4888604
3088255,41.35619114,0,0,0
3447380,24.32717126,0,0,0
44252,70.54879666,162.8197275,146.6514584,0
3399565,26.75988839,139.5597665,130.3568519,0
112331,68.11607953,116.2998054,130.3568519,0
2496265,94.87596792,0,228.1244908,0
92758,58.38521103,131.8064461,0,0
2494375,165.4247646,0,130.3568519,0
2795293,65.6833624,124.0531258,0,0
76947,0,0,0,0
3242415,124.0685734,85.28652395,122.2095486,0
480391,55.9524939,286.8728533,195.5352778,203.5172571
1592106,29.19260551,170.5730479,219.9771876,287.3184806
2968500,0,0,0,0
3098914,97.30868504,0,0,0
2811425,0,426.4326198,0,873.927045
2663019,381.9365888,0,0,0
2950605,104.6068364,0,0,0
1932669,167.8574817,0,0,0
106370,0,0,0,0
70348,51.08705965,0,0,0
2979727,77.84694803,0,97.76763891,143.6592403
2983215,99.74140217,170.5730479,244.4190973,335.204894
2172099,60.81792815,178.3263683,0,0
3141541,0,0,0,0
2838156,85.14509941,162.8197275,187.3879746,227.4604638
54913,41.35619114,124.0531258,0,155.6308436
2528009,43.78890827,0,0,0
2293,102.1741193,170.5730479,0,143.6592403
3425950,102.1741193,93.03984431,0,0
92647,80.27966516,0,0,0
3048335,0,0,0,0
1920422,43.78890827,170.5730479,195.5352778,227.4604638
121428,0,0,0,502.807341
2252,0,0,0,0
1611422,41.35619114,108.546485,130.3568519,0
1905847,0,0,0,574.6369611
747548,75.41423091,0,0,0
2834768,0,0,0,0
69823,53.51977677,0,0,0
2497860,150.8284618,0,0,0
1796652,43.78890827,193.833009,154.7987616,119.7160336
42879,87.57781654,0,0,0
412034,77.84694803,0,0,0
2594003,0,0,0,0
98672,0,0,0,0
3349434,85.14509941,0,0,0
33987,0,147.3130868,105.9149422,0
91844,68.11607953,85.28652395,0,0
916,0,0,0,0
2527973,75.41423091,0,154.7987616,0
183759,0,139.5597665,114.0622454,0
54062,82.71238229,162.8197275,244.4190973,0
202950,211.64639,85.28652395,89.62033567,179.5740504
92645,70.54879666,0,97.76763891,0
2867022,0,0,0,0
172045,0,0,0,0
3416742,48.65434252,147.3130868,0,0
2182432,94.87596792,0,0,0
3243383,1279.609208,0,0,0
1884914,72.98151378,0,0,0
93944,38.92347402,108.546485,130.3568519,0
413882,0,0,236.271794,0
2903597,0,426.4326198,171.0933681,299.2900839
405212,0,0,0,0
2963283,0,0,0,0
3058420,24.32717126,0,0,0
80878,0,0,0,0
513050,99.74140217,209.3396497,89.62033567,0
2803751,0,0,0,0
3025667,343.0131148,0,0,0
2016196,43.78890827,0,114.0622454,0
782,48.65434252,0,0,407.0345141
2496847,0,0,0,0
84135,170.2901988,0,0,0
1508420,221.3772585,0,105.9149422,215.4888604
1176587,24.32717126,186.0796886,122.2095486,155.6308436
2796470,0,162.8197275,228.1244908,179.5740504
2749046,0,0,0,0
1483604,41.35619114,0,0,0
1162633,26.75988839,0,0,0
1660080,111.9049878,0,0,0
66821,72.98151378,0,0,0
1235591,90.01053367,240.3529311,105.9149422,0
1404367,41.35619114,0,211.8298843,0
259059,128.9340077,201.5863293,114.0622454,179.5740504
2562451,60.81792815,116.2998054,154.7987616,0
2094025,148.3957447,77.53320359,97.76763891,0
1470088,133.7994419,0,105.9149422,0
3149048,36.49075689,248.1062515,130.3568519,155.6308436
1852017,60.81792815,0,0,0
3242416,63.25064528,0,0,0
1249480,0,0,0,0
1930274,87.57781654,139.5597665,97.76763891,143.6592403
1881,0,0,0,0
3374191,0,0,0,0
227945,31.62532264,193.833009,252.5664005,155.6308436
863372,68.11607953,0,0,0
2912675,31.62532264,0,0,0
2505970,55.9524939,178.3263683,130.3568519,0
3406626,31.62532264,0,0,0
2527994,80.27966516,0,114.0622454,0
83626,0,0,0,0
1526927,53.51977677,0,0,0
1619311,60.81792815,155.0664072,277.0083102,167.602447
39645,0,0,0,0
1385591,58.38521103,0,0,0
236753,80.27966516,0,0,143.6592403
53431,172.722916,0,0,0
41899,26.75988839,0,0,0
3137369,0,0,0,0
103733,26.75988839,0,0,0
254246,65.6833624,0,0,0
146919,55.9524939,0,0,0
1459637,46.2216254,0,0,0
1407,136.2321591,131.8064461,81.47303243,167.602447
474953,97.30868504,0,0,0
2083051,1257.714754,0,0,0
1987584,0,0,0,0
2731681,0,0,0,0
2893883,155.6938961,0,122.2095486,347.1764973
539,75.41423091,0,0,0
1579979,0,0,0,0
190895,51.08705965,0,0,0
3391145,58.38521103,0,81.47303243,0
2954021,0,0,0,0
3043734,0,116.2998054,0,0
1219491,0,0,154.7987616,203.5172571
426703,65.6833624,209.3396497,162.9460649,0
2033016,0,0,0,0
233316,415.9946286,0,0,0
74969,77.84694803,209.3396497,236.271794,275.3468772
474394,124.0685734,0,0,0
1898749,90.01053367,108.546485,105.9149422,131.6876369
46127,116.7704221,100.7931647,162.9460649,0
3096219,53.51977677,155.0664072,171.0933681,167.602447
1126833,72.98151378,0,0,0
2594005,72.98151378,0,0,0
3115650,0,0,0,0
74315,0,0,0,0
1009682,94.87596792,0,89.62033567,0
2315,34.05803977,224.8462904,0,251.4036705
3100175,0,0,130.3568519,359.1481007
3408576,41.35619114,0,0,0
1296540,36.49075689,0,122.2095486,0
2116,90.01053367,0,0,191.5456537
51367,245.7044297,0,0,0
1400387,48.65434252,0,0,0
2014076,150.8284618,108.546485,0,0
661481,48.65434252,131.8064461,0,0
533,38.92347402,0,0,0
1763538,36.49075689,85.28652395,179.2406713,203.5172571
2914159,58.38521103,0,162.9460649,335.204894
157688,94.87596792,0,0,0
413497,38.92347402,170.5730479,122.2095486,311.2616873
1871048,24.32717126,0,0,0
225848,58.38521103,0,0,0
2763021,53.51977677,0,0,0
3234852,0,0,0,0
575112,65.6833624,0,0,0
37448,65.6833624,0,0,0
3368557,26.75988839,0,0,0
1008305,31.62532264,77.53320359,97.76763891,0
2777983,31.62532264,224.8462904,244.4190973,167.602447
3384241,72.98151378,0,0,0
3015149,0,0,0,0
288436,0,108.546485,114.0622454,0
223786,65.6833624,93.03984431,97.76763891,0
3243389,0,0,0,0
2717374,0,0,0,0
2603817,48.65434252,240.3529311,334.0394329,0
300181,104.6068364,0,0,0
2976127,60.81792815,93.03984431,97.76763891,0
2975739,46.2216254,0,0,0
2575872,0,0,0,0
2175091,63.25064528,0,0,0
300876,82.71238229,155.0664072,162.9460649,0
46228,513.3033136,0,0,0
3015177,0,0,0,155.6308436
2434,0,0,97.76763891,0
599,1226.089432,0,0,0
2933872,58.38521103,77.53320359,0,0
184924,0,0,0,0
428,43.78890827,0,0,0
169176,34.05803977,0,0,0
2937801,0,85.28652395,114.0622454,0
2829596,34.05803977,0,0,0
63612,36.49075689,162.8197275,122.2095486,0
1411902,0,0,0,0
2597515,0,0,0,0
419476,77.84694803,0,0,0
56730,0,0,122.2095486,0
754476,63.25064528,0,0,0
87162,0,0,0,0
181663,0,147.3130868,81.47303243,0
2586965,34.05803977,0,0,0
2508687,58.38521103,147.3130868,0,155.6308436
3070656,68.11607953,139.5597665,138.5041551,0
304895,41.35619114,0,0,0
3048589,24.32717126,93.03984431,138.5041551,215.4888604
2881052,128.9340077,0,0,0
1758196,0,0,0,0
359408,41.35619114,116.2998054,0,239.4320671
3228953,26.75988839,0,0,0
2870563,0,201.5863293,122.2095486,251.4036705
55504,43.78890827,302.379494,252.5664005,131.6876369
2743772,46.2216254,0,0,0
3019544,97.30868504,0,114.0622454,239.4320671
1785128,162.9920474,131.8064461,0,0
2083786,0,0,0,0
3230980,206.7809557,0,0,0
2700081,51.08705965,348.8994162,236.271794,227.4604638
1725,0,0,0,0
2546128,46.2216254,139.5597665,97.76763891,0
2712223,0,0,0,0
137722,0,0,0,179.5740504
114,34.05803977,0,0,0
3416081,51.08705965,0,0,0
2834276,107.0395535,193.833009,162.9460649,227.4604638
1756149,82.71238229,0,162.9460649,0
2929481,70.54879666,255.8595719,0,0
3067902,51.08705965,0,0,0
1052257,0,0,0,0
3066251,60.81792815,0,0,0
332249,0,0,0,0
2496866,77.84694803,372.1593773,171.0933681,155.6308436
2081052,0,0,0,0
364199,0,0,0,0
3077941,29.19260551,170.5730479,187.3879746,251.4036705
37482,367.340286,139.5597665,114.0622454,0
2976007,0,0,0,0
3402279,0,108.546485,146.6514584,263.3752739
2558360,0,457.4459012,0,263.3752739
591154,58.38521103,0,0,0
481146,0,356.6527365,154.7987616,0
994695,34.05803977,0,130.3568519,167.602447
475937,0,100.7931647,81.47303243,155.6308436
2563668,0,0,0,395.0629108
3344875,0,0,0,0
230361,63.25064528,186.0796886,0,155.6308436
1940610,0,0,0,0
2747268,162.9920474,0,0,0
1385664,1084.991838,0,0,0
3416605,277.3297524,348.8994162,228.1244908,0
3398775,55.9524939,0,0,0
2890321,41.35619114,0,0,0
28092,63.25064528,0,0,0
93466,143.5303104,0,0,0
1306787,26.75988839,0,0,0
1745854,72.98151378,0,114.0622454,0
28135,107.0395535,77.53320359,97.76763891,0
2976822,43.78890827,0,0,0
216931,41.35619114,116.2998054,244.4190973,167.602447
2850441,43.78890827,93.03984431,89.62033567,0
3062449,99.74140217,248.1062515,138.5041551,299.2900839
40269,126.5012906,116.2998054,0,143.6592403
78327,34.05803977,0,0,0
2744474,51.08705965,0,0,0
3078428,0,0,0,0
2930199,0,0,0,0
1940790,0,139.5597665,0,0
1177216,63.25064528,77.53320359,0,0
192421,63.25064528,0,260.7137038,0
96230,131.3667248,108.546485,0,0
463,119.2031392,0,0,0
38300,0,0,0,0
3108483,38.92347402,201.5863293,179.2406713,371.1197041
1434099,82.71238229,240.3529311,0,0
947516,26.75988839,0,0,0
1767,0,0,0,0
1476901,111.9049878,0,0,0
3239807,55.9524939,0,399.2178589,0
207340,58.38521103,0,0,0
215691,0,0,0,0
1239307,29.19260551,155.0664072,89.62033567,167.602447
3009077,26.75988839,0,0,0
2980554,36.49075689,0,334.0394329,0
1868793,41.35619114,147.3130868,179.2406713,155.6308436
3427230,0,0,0,0
1789762,381.9365888,131.8064461,0,0
3233574,41.35619114,0,130.3568519,0
2851540,0,0,0,0
2951805,38.92347402,0,0,0
2018025,0,0,0,0
1190508,0,0,586.6058335,299.2900839
2725268,0,0,0,0
3158548,0,0,0,0
1798223,0,0,0,0
33060,31.62532264,100.7931647,130.3568519,0
1134405,77.84694803,93.03984431,0,0
153496,38.92347402,100.7931647,0,239.4320671
3066146,0,0,0,0
53407,31.62532264,155.0664072,244.4190973,227.4604638
290110,153.2611789,0,0,0
1236046,60.81792815,0,0,0
3395315,0,0,0,0
44754,119.2031392,0,105.9149422,0
3035453,0,0,0,0
1795,46.2216254,0,0,0
251540,116.7704221,124.0531258,0,0
1348774,564.3903733,0,0,0
3423914,90.01053367,93.03984431,81.47303243,0
2320858,0,124.0531258,81.47303243,0
2908840,175.1556331,116.2998054,105.9149422,0
1872114,70.54879666,0,0,0
2963128,158.1266132,193.833009,228.1244908,0
3038773,0,0,0,0
75289,253.0025811,0,0,0
458197,0,0,0,0
2864212,26.75988839,0,0,0
1218494,65.6833624,131.8064461,122.2095486,131.6876369
2820270,87.57781654,139.5597665,89.62033567,143.6592403
180,0,77.53320359,0,0
1930276,0,0,0,0
29303,43.78890827,0,0,0
2589818,72.98151378,0,0,0
3400421,131.3667248,0,114.0622454,0
3342349,277.3297524,0,0,0
1145276,0,0,0,0
59845,60.81792815,0,0,0
2995170,29.19260551,0,0,0
1054,43.78890827,0,0,0
2703885,68.11607953,0,138.5041551,155.6308436
2738979,0,0,0,0
3120518,77.84694803,85.28652395,0,0
2587862,145.9630276,178.3263683,0,119.7160336
865,145.9630276,116.2998054,0,167.602447
3160834,116.7704221,85.28652395,0,0
3230988,0,286.8728533,0,275.3468772
2110,145.9630276,100.7931647,130.3568519,119.7160336
328813,75.41423091,0,0,0
1563479,92.44325079,0,114.0622454,0
2715679,46.2216254,100.7931647,0,0
1404768,0,0,0,0
2895946,58.38521103,0,0,0
3003259,111.9049878,0,0,0
1867715,0,232.5996108,0,0
1144748,34.05803977,93.03984431,0,0
1855883,46.2216254,0,0,0
2904253,0,0,0,0
2112,51.08705965,0,0,0
1750527,24.32717126,0,0,0
66883,77.84694803,0,0,0
103731,0,0,0,0
155863,87.57781654,0,162.9460649,0
28187,68.11607953,0,105.9149422,454.9209276
2736,43.78890827,0,0,0
71190,48.65434252,131.8064461,252.5664005,203.5172571
2003316,92.44325079,178.3263683,0,766.1826148
94624,0,0,0,0
3082546,0,85.28652395,195.5352778,179.5740504
758793,148.3957447,0,0,0
215578,41.35619114,147.3130868,244.4190973,0
3125783,255.4352982,0,0,0
2739063,29.19260551,186.0796886,219.9771876,215.4888604
3039851,55.9524939,0,0,0
413502,82.71238229,139.5597665,171.0933681,131.6876369
116188,46.2216254,0,0,0
29558,31.62532264,0,0,0
3029174,150.8284618,108.546485,0,0
693153,70.54879666,279.1195329,456.2489816,0
199596,138.6648762,0,0,0
186931,0,0,0,0
1286181,0,85.28652395,114.0622454,0
1613,231.108127,0,171.0933681,0
3435775,0,201.5863293,195.5352778,0
2493671,253.0025811,0,0,0
2711221,121.6358563,162.8197275,0,191.5456537
2527968,38.92347402,0,0,0
1921421,527.8996164,100.7931647,0,0
434010,0,0,0,0
2983210,0,364.4060569,334.0394329,0
2055,0,0,0,0
90244,29.19260551,217.0929701,0,0
2664436,72.98151378,0,0,0
3158582,148.3957447,0,0,0
3048494,128.9340077,201.5863293,146.6514584,0
38986,114.3377049,209.3396497,195.5352778,227.4604638
3439547,41.35619114,0,81.47303243,0
2588536,99.74140217,0,219.9771876,0
1275,0,0,0,0
48076,0,0,0,0
3074107,24.32717126,131.8064461,0,0
1218493,80.27966516,85.28652395,154.7987616,227.4604638
434014,153.2611789,0,0,0
3077946,0,124.0531258,171.0933681,143.6592403
2907156,0,0,0,0
3056107,0,193.833009,0,706.3245981
113562,48.65434252,0,105.9149422,191.5456537
2810347,60.81792815,0,195.5352778,0
2921549,77.84694803,0,154.7987616,0
390989,0,0,0,0
487,0,0,0,0
1702325,0,0,0,0
3448123,34.05803977,0,0,0
839,70.54879666,77.53320359,122.2095486,167.602447
1719132,29.19260551,0,0,0
2599927,141.0975933,403.1726587,0,419.0061175
1921699,0,232.5996108,0,119.7160336
90736,94.87596792,0,0,167.602447
2072642,97.30868504,116.2998054,97.76763891,119.7160336
564137,0,124.0531258,122.2095486,203.5172571
87,68.11607953,116.2998054,0,0
107709,31.62532264,100.7931647,0,0
154,24.32717126,387.666018,285.1556135,131.6876369
374606,0,0,0,335.204894
3014784,0,178.3263683,0,0
3439062,121.6358563,93.03984431,105.9149422,0
2527990,29.19260551,0,0,143.6592403
130049,158.1266132,0,0,0
2292255,0,0,0,0
1643,102.1741193,0,0,0
1306526,87.57781654,93.03984431,0,0
2296,60.81792815,248.1062515,130.3568519,191.5456537
2926709,24.32717126,77.53320359,0,0
158841,243.2717126,0,0,0
68231,29.19260551,147.3130868,0,227.4604638
2588711,53.51977677,0,0,0
2954618,0,0,0,1005.614682
1920,0,0,0,0
2358479,109.4722707,0,0,0
267818,80.27966516,0,171.0933681,0
216936,63.25064528,0,81.47303243,0
393765,34.05803977,0,0,0
2911527,0,0,138.5041551,730.2678048
61646,77.84694803,147.3130868,114.0622454,215.4888604
119394,60.81792815,232.5996108,244.4190973,0
253703,46.2216254,224.8462904,0,119.7160336
1766,0,0,0,0
1505907,0,0,0,0
555791,0,0,0,0
3400218,24.32717126,0,0,0
3039384,0,0,0,0
2802971,26.75988839,0,0,0
3133290,0,0,0,0
82981,43.78890827,100.7931647,130.3568519,0
2651334,0,0,0,0
3030210,0,116.2998054,0,0
1390185,0,0,0,0
2026199,72.98151378,217.0929701,325.8921297,0
34094,31.62532264,286.8728533,244.4190973,299.2900839
3035692,80.27966516,0,0,0
398736,0,77.53320359,0,131.6876369
3425129,398.9656087,0,0,0
3383027,102.1741193,155.0664072,130.3568519,155.6308436
207949,51.08705965,162.8197275,268.861007,323.2332906
2976003,51.08705965,0,0,167.602447
192389,29.19260551,155.0664072,130.3568519,179.5740504
2866162,0,0,0,0
2975959,114.3377049,0,0,0
1176533,0,0,0,0
3447453,68.11607953,0,0,0
3138498,184.8865016,0,0,0
2921515,0,0,0,0
454148,55.9524939,131.8064461,97.76763891,167.602447
470931,24.32717126,139.5597665,0,0
3234139,0,0,0,0
1581,87.57781654,108.546485,0,0
267363,0,0,0,0
3156079,60.81792815,0,0,0
54911,165.4247646,0,81.47303243,0
472181,43.78890827,0,195.5352778,179.5740504
538949,53.51977677,0,89.62033567,0
3395321,53.51977677,124.0531258,0,0
1514904,0,0,122.2095486,0
77095,175.1556331,0,0,0
3034020,620.3428672,85.28652395,0,0
3112003,70.54879666,77.53320359,138.5041551,143.6592403
301302,155.6938961,147.3130868,260.7137038,203.5172571
2895495,24.32717126,0,0,0
47679,0,0,268.861007,0
2005262,0,294.6261737,219.9771876,323.2332906
2743470,58.38521103,155.0664072,97.76763891,0
577386,99.74140217,0,0,0
3157343,143.5303104,0,0,0
2770788,145.9630276,0,0,0
1338368,24.32717126,0,0,0
3070658,0,209.3396497,0,311.2616873
2778876,0,0,0,119.7160336
1833,287.0606209,364.4060569,0,0
1644130,162.9920474,379.9126976,0,0
3413030,77.84694803,170.5730479,0,119.7160336
3413936,0,0,0,0
338645,102.1741193,0,154.7987616,0
3160607,0,0,0,0
633404,31.62532264,0,0,0
664643,107.0395535,0,0,0
3028082,36.49075689,0,0,0
3065865,0,85.28652395,0,0
1085647,85.14509941,116.2998054,0,0
152331,51.08705965,93.03984431,81.47303243,0
488732,0,193.833009,366.6286459,335.204894
47880,0,0,0,0
2770772,578.986676,0,0,263.3752739
2903645,0,0,0,0
2898442,0,0,0,0
67385,63.25064528,0,0,0
2512235,0,0,0,0
1547898,109.4722707,0,0,0
3121295,36.49075689,0,0,0
1642647,87.57781654,0,0,0
1305740,0,0,0,0
57043,46.2216254,387.666018,472.5435881,0
1038928,43.78890827,0,0,0
388640,0,0,0,0
2137,53.51977677,85.28652395,122.2095486,167.602447
3243368,0,0,0,0
3002962,0,0,0,0
185951,24.32717126,0,0,0
2219225,0,0,0,0
1921698,0,240.3529311,0,131.6876369
3144874,70.54879666,0,0,0
29379,29.19260551,0,0,0
3151487,34.05803977,77.53320359,211.8298843,0
2563896,72.98151378,0,211.8298843,0
520,0,0,0,0
1365176,34.05803977,124.0531258,0,167.602447
2507538,77.84694803,0,89.62033567,0
2684113,90.01053367,108.546485,0,0
453816,60.81792815,0,81.47303243,0
45254,58.38521103,77.53320359,0,131.6876369
3435883,265.1661667,0,0,0
2518989,34.05803977,0,0,0
161879,48.65434252,124.0531258,0,239.4320671
40577,34.05803977,193.833009,146.6514584,131.6876369
2828656,255.4352982,93.03984431,0,0
171865,0,0,0,0
2883236,136.2321591,472.9525419,439.9543751,0
2903562,0,100.7931647,187.3879746,251.4036705
2745947,43.78890827,155.0664072,171.0933681,155.6308436
3064829,34.05803977,0,0,0
2661630,60.81792815,0,0,0
120962,0,0,0,0
339617,0,0,0,0
2066,0,0,0,0
3424717,0,0,0,0
521689,0,0,0,0
3350174,41.35619114,0,0,0
2749999,0,0,0,0
392011,138.6648762,131.8064461,138.5041551,119.7160336
1874630,0,271.3662126,187.3879746,335.204894
2267891,0,108.546485,130.3568519,0
2107999,0,155.0664072,0,347.1764973
178214,55.9524939,248.1062515,89.62033567,0
2675378,162.9920474,155.0664072,162.9460649,0
585425,0,0,0,0
865757,87.57781654,85.28652395,0,0
300,65.6833624,0,0,0
1931275,0,0,0,0
3138066,60.81792815,0,0,0
2099786,92.44325079,108.546485,97.76763891,0
1178515,36.49075689,186.0796886,162.9460649,251.4036705
98668,0,286.8728533,293.3029167,0
556533,31.62532264,0,0,0
983548,87.57781654,0,219.9771876,143.6592403
3435409,0,0,97.76763891,131.6876369
2058625,53.51977677,0,0,0
1705,31.62532264,139.5597665,114.0622454,0
3161138,60.81792815,0,0,0
786,0,131.8064461,146.6514584,0
2448483,0,0,0,0
230089,41.35619114,131.8064461,154.7987616,0
470076,24.32717126,0,0,0
1145106,46.2216254,0,0,0
3050270,0,0,0,0
55205,583.8521103,147.3130868,105.9149422,0
1553431,559.524939,0,0,0
29405,34.05803977,0,0,179.5740504
2944933,0,240.3529311,179.2406713,371.1197041
264636,124.0685734,0,0,0
2817477,126.5012906,0,122.2095486,0
2830998,0,0,0,0
1749074,0,232.5996108,268.861007,191.5456537
273384,0,0,0,0
2884022,51.08705965,0,0,0
42684,38.92347402,0,0,0
3396405,0,348.8994162,342.1867362,0
2866807,0,418.6792994,0,526.7505477
3230973,90.01053367,0,81.47303243,0
1850238,0,0,0,0
3131995,55.9524939,0,0,0
82987,31.62532264,108.546485,114.0622454,0
3381777,128.9340077,0,0,0
2921465,0,0,439.9543751,634.4949779
3066237,0,0,0,0
3379131,0,0,0,0
237609,182.4537845,0,0,0
311230,141.0975933,0,0,0
861533,0,0,0,0
2928154,107.0395535,0,0,0
2725494,38.92347402,0,0,0
1130723,72.98151378,131.8064461,162.9460649,0
3060737,126.5012906,0,0,0
178899,43.78890827,317.8861347,146.6514584,335.204894
622488,65.6833624,0,0,0
29459,0,0,317.7448265,658.4381846
3243766,379.5038717,0,211.8298843,0
2814292,36.49075689,0,0,0
37930,111.9049878,0,0,0
3240024,325.9840949,0,0,0
1882662,0,100.7931647,0,0
291594,0,0,0,0
1924940,0,0,0,0
1284658,24.32717126,0,0,0
2789216,0,0,0,0
3112165,0,0,0,0
37330,34.05803977,0,0,0
3133968,31.62532264,155.0664072,97.76763891,155.6308436
3239982,65.6833624,0,0,0
45398,0,201.5863293,130.3568519,0
3048338,0,0,0,0
2005884,60.81792815,0,0,0
1834167,65.6833624,85.28652395,105.9149422,0
2973512,43.78890827,0,0,0
3115291,58.38521103,0,0,0
367477,0,0,0,0
420402,24.32717126,0,0,0
72556,26.75988839,0,0,0
1270,0,0,0,0
39687,0,0,0,0
3366810,55.9524939,0,105.9149422,131.6876369
1461694,0,0,0,0
2906072,0,0,0,0
3137182,0,0,0,0
154288,284.6279038,139.5597665,0,0
2734618,0,0,0,0
2589990,119.2031392,0,0,0
3059716,0,0,0,0
214856,0,0,171.0933681,0
1915078,0,0,0,0
1274631,58.38521103,0,0,0
3047463,24.32717126,0,97.76763891,0
93064,0,0,0,0
2903821,184.8865016,0,0,191.5456537
1329,31.62532264,124.0531258,0,0
3079304,0,147.3130868,0,227.4604638
3241602,0,333.3927755,309.5975232,347.1764973
257708,26.75988839,0,122.2095486,0
565033,34.05803977,0,0,167.602447
2004515,0,0,0,0
3418557,46.2216254,0,0,0
1775910,0,0,0,0
3133306,72.98151378,139.5597665,122.2095486,0
1769779,29.19260551,0,0,0
319706,0,0,0,0
151081,46.2216254,0,0,0
3409691,162.9920474,0,0,0
3117012,197.0500872,116.2998054,97.76763891,0
2377,90.01053367,85.28652395,81.47303243,263.3752739
2903857,1050.933798,0,0,0
404589,48.65434252,0,0,0
3080976,0,0,162.9460649,0
1335048,0,0,0,0
1963026,0,0,0,0
2597358,63.25064528,325.6394551,0,0
83262,0,0,0,0
1619313,46.2216254,155.0664072,211.8298843,0
2793009,0,0,0,0
744515,65.6833624,0,114.0622454,155.6308436
2662363,0,0,0,0
2903850,0,0,0,0
1646377,36.49075689,147.3130868,179.2406713,323.2332906
2924034,80.27966516,279.1195329,114.0622454,0
1496080,36.49075689,0,0,0
3042299,0,0,0,0
391586,0,0,0,0
356302,26.75988839,0,0,0
2795386,0,108.546485,0,0
53336,41.35619114,162.8197275,195.5352778,0
2570586,63.25064528,0,97.76763891,0
3077944,180.0210673,0,0,0
32025,68.11607953,124.0531258,114.0622454,0
68239,0,0,0,0
216945,51.08705965,0,89.62033567,0
202,51.08705965,77.53320359,0,191.5456537
2954679,0,139.5597665,122.2095486,0
298596,77.84694803,0,122.2095486,0
658446,0,0,0,0
162426,233.5408441,0,0,0
714067,0,0,0,155.6308436
1297742,0,201.5863293,187.3879746,239.4320671
2008440,60.81792815,0,0,0
1232430,58.38521103,0,0,0
2969597,0,0,0,0
1945512,43.78890827,0,122.2095486,0
56142,38.92347402,0,0,0
3423959,661.6990583,0,0,0
2708053,143.5303104,0,0,0
3133315,0,310.1328144,228.1244908,299.2900839
2691918,0,108.546485,130.3568519,0
2681987,0,263.6128922,0,263.3752739
1230533,41.35619114,263.6128922,114.0622454,155.6308436
1814128,51.08705965,131.8064461,0,0
1689272,85.14509941,0,0,0
412965,48.65434252,178.3263683,171.0933681,0
2233851,24.32717126,0,0,0
109232,0,0,0,0
2585716,216.5118242,0,105.9149422,0
3394361,133.7994419,0,0,0
62088,65.6833624,279.1195329,122.2095486,287.3184806
82801,58.38521103,0,0,0
2125,34.05803977,0,0,0
576611,153.2611789,0,0,0
1566351,0,0,0,0
29291,72.98151378,0,0,0
453304,43.78890827,0,0,0
333367,0,0,0,0
453783,26.75988839,93.03984431,0,0
3415750,34.05803977,131.8064461,0,0
1004279,26.75988839,0,0,0
2903557,26.75988839,0,0,0
1017,65.6833624,147.3130868,195.5352778,239.4320671
1867,26.75988839,0,0,0
2020412,0,0,154.7987616,143.6592403
3119007,0,0,0,0
2716812,0,0,0,0
2575440,65.6833624,0,0,0
2117,68.11607953,77.53320359,0,131.6876369
28119,153.2611789,108.546485,97.76763891,0
2806347,41.35619114,0,0,0
3093864,0,0,0,0
1841249,43.78890827,0,0,0
683292,0,0,0,0
2721545,102.1741193,124.0531258,89.62033567,119.7160336
3117746,55.9524939,0,0,0
2594883,63.25064528,0,114.0622454,0
3410268,29.19260551,0,0,0
3402864,0,0,0,0
2903580,0,240.3529311,0,0
3070215,99.74140217,85.28652395,0,131.6876369
2819098,0,0,0,0
132920,0,0,0,0
1806670,55.9524939,0,122.2095486,0
70775,46.2216254,108.546485,0,0
1720344,0,534.9791048,0,0
290053,68.11607953,178.3263683,114.0622454,119.7160336
1986204,0,147.3130868,130.3568519,0
3060621,65.6833624,116.2998054,138.5041551,203.5172571
188144,99.74140217,139.5597665,114.0622454,0
2932256,75.41423091,124.0531258,0,0
83556,31.62532264,0,114.0622454,0
294699,65.6833624,0,0,0
2215,87.57781654,364.4060569,0,0
171291,24.32717126,0,0,0
2975963,0,0,0,0
2843640,0,0,0,0
1943633,26.75988839,0,0,0
3026418,0,0,0,0
1685,270.031601,0,0,0
2954647,0,0,431.8070719,550.6937544
1468449,55.9524939,209.3396497,195.5352778,0
410332,24.32717126,0,0,0
148813,58.38521103,0,0,0
2817656,0,0,0,0
73780,0,0,0,0
52690,369.7730032,0,0,0
504,114.3377049,0,0,0
131318,0,325.6394551,391.0705556,179.5740504
571949,63.25064528,0,0,0
2975777,0,0,0,0
74031,0,0,0,0
1859475,131.3667248,147.3130868,89.62033567,119.7160336
69499,80.27966516,178.3263683,89.62033567,119.7160336
2758573,0,0,0,0
200,124.0685734,0,0,0
215743,133.7994419,0,0,0
262076,51.08705965,0,0,0
656366,0,162.8197275,0,0
55802,63.25064528,139.5597665,0,0
189425,46.2216254,116.2998054,105.9149422,0
2903797,55.9524939,0,138.5041551,215.4888604
2993543,36.49075689,0,0,0
1884905,63.25064528,0,0,0
2732593,26.75988839,0,0,0
3387407,97.30868504,0,0,0
2866311,0,0,146.6514584,191.5456537
288,0,0,0,0
69362,34.05803977,0,0,0
2744516,0,162.8197275,0,407.0345141
2051906,204.3482386,0,0,0
3448124,26.75988839,162.8197275,97.76763891,131.6876369
191302,0,0,0,0
3366809,0,108.546485,89.62033567,0
879969,97.30868504,0,0,0
3066289,0,0,0,0
3041619,63.25064528,100.7931647,0,0
1803177,0,0,0,0
2599305,104.6068364,0,0,0
3073902,60.81792815,0,0,0
264739,36.49075689,0,0,0
56459,133.7994419,0,0,0
748247,107.0395535,0,0,0
1064539,0,0,0,0
430679,60.81792815,0,0,0
3064001,338.1476805,108.546485,0,0
319653,0,0,0,0
2796928,111.9049878,0,0,0
1547922,542.4959191,0,0,0
1223566,41.35619114,0,0,0
1945658,0,0,0,0
2824561,24.32717126,0,0,0
2763068,0,0,0,0
1961362,0,0,0,0
1199245,29.19260551,93.03984431,0,0
864828,0,193.833009,0,0
1653480,428.1582142,0,0,0
29375,53.51977677,124.0531258,203.6825811,0
229155,99.74140217,147.3130868,0,0
1397108,0,0,0,0
3383025,87.57781654,0,97.76763891,0
2744523,0,0,0,0
216963,0,100.7931647,105.9149422,0
84980,29.19260551,0,0,0
1675686,31.62532264,0,0,0
3131936,36.49075689,162.8197275,0,203.5172571
2004646,36.49075689,0,0,0
2518971,70.54879666,0,0,0
2908645,99.74140217,0,0,0
2517362,0,139.5597665,0,0
1325102,60.81792815,0,0,0
2861775,0,0,0,0
204038,29.19260551,0,89.62033567,0
70863,0,0,0,0
2865833,31.62532264,0,0,0
3273802,26.75988839,0,0,0
344163,0,224.8462904,0,550.6937544
47883,94.87596792,178.3263683,105.9149422,0
73141,0,0,0,0
2740163,53.51977677,0,0,0
3439042,63.25064528,147.3130868,97.76763891,0
500610,38.92347402,155.0664072,195.5352778,0
58138,111.9049878,0,0,0
1759399,0,0,0,0
2745561,0,0,0,0
680248,31.62532264,0,0,0
3447013,31.62532264,0,0,131.6876369
3239898,0,0,0,0
2829501,0,0,0,0
515393,0,0,89.62033567,167.602447
2970818,0,0,0,0
404405,0,0,0,0
1536773,138.6648762,93.03984431,0,0
3390033,0,0,0,0
1874361,36.49075689,0,0,0
2921401,68.11607953,0,105.9149422,0
2190,104.6068364,131.8064461,0,0
1590041,46.2216254,0,97.76763891,0
224719,55.9524939,124.0531258,97.76763891,0
3077948,31.62532264,0,0,0
1699622,0,147.3130868,0,275.3468772
2547970,107.0395535,77.53320359,0,0
2119,0,93.03984431,0,131.6876369
1524460,94.87596792,0,0,0
2490855,121.6358563,147.3130868,0,239.4320671
108486,0,0,0,0
3103144,29.19260551,108.546485,130.3568519,0
1267217,34.05803977,0,0,0
1124597,41.35619114,0,0,0
1328770,92.44325079,0,0,0
1903686,0,0,0,0
36740,0,0,0,0
3077930,48.65434252,0,0,0
3036945,60.81792815,209.3396497,0,0
2589076,0,0,0,0
1583100,104.6068364,0,285.1556135,0
2740807,0,0,0,0
1523415,0,0,0,0
40834,0,162.8197275,0,0
94254,72.98151378,0,0,0
2943192,36.49075689,0,0,0
1048205,48.65434252,0,122.2095486,179.5740504
211114,75.41423091,131.8064461,0,167.602447
447689,158.1266132,100.7931647,105.9149422,0
3413029,128.9340077,93.03984431,130.3568519,0
419479,0,0,0,0
3387397,0,147.3130868,252.5664005,347.1764973
1712516,92.44325079,0,81.47303243,0
2121,26.75988839,0,0,0
1637853,0,317.8861347,0,514.7789443
408783,0,0,0,0
47960,48.65434252,0,0,0
671077,0,124.0531258,81.47303243,215.4888604
2819104,0,0,0,0
3240042,26.75988839,0,0,0
1886670,92.44325079,0,0,0
2758440,226.2426927,0,0,0
417574,53.51977677,217.0929701,0,191.5456537
2807512,46.2216254,0,0,0
71433,36.49075689,294.6261737,154.7987616,179.5740504
1908224,0,108.546485,0,0
2921702,0,0,0,0
2745511,75.41423091,139.5597665,179.2406713,0
2779518,72.98151378,124.0531258,146.6514584,0
171632,26.75988839,0,0,0
3033392,0,0,0,0
1523392,138.6648762,77.53320359,0,0
2231053,36.49075689,209.3396497,187.3879746,0
43765,85.14509941,0,0,0
113267,31.62532264,193.833009,114.0622454,0
367190,0,93.03984431,114.0622454,0
1166078,0,124.0531258,105.9149422,203.5172571
1514105,80.27966516,100.7931647,0,119.7160336
2109914,55.9524939,108.546485,0,0
2864217,46.2216254,0,0,0
3118085,70.54879666,0,0,0
430914,0,294.6261737,138.5041551,383.0913074
1233873,0,0,0,0
2926399,31.62532264,193.833009,154.7987616,0
3458682,53.51977677,0,138.5041551,0
3234954,80.27966516,193.833009,277.0083102,0
2009329,0,0,0,0
323284,805.2293687,0,0,0
1138194,162.9920474,0,0,0
1639108,43.78890827,0,0,0
232346,0,279.1195329,236.271794,275.3468772
157592,80.27966516,0,0,0
2815167,63.25064528,0,0,0
35806,68.11607953,0,0,0
1792,43.78890827,0,0,0
2305987,58.38521103,0,89.62033567,0
3400846,0,317.8861347,309.5975232,0
198620,0,0,0,0
2545798,48.65434252,0,0,0
2914710,68.11607953,0,0,0
76116,0,0,0,0
914150,34.05803977,0,0,0
28125,0,0,0,131.6876369
137732,111.9049878,0,0,0
3015170,41.35619114,0,0,0
191390,63.25064528,0,89.62033567,0
2054227,0,286.8728533,0,0
2949994,26.75988839,0,0,0
3230990,85.14509941,0,130.3568519,275.3468772
56146,0,155.0664072,0,203.5172571
2773454,43.78890827,0,0,0
2971606,0,0,0,0
3391822,41.35619114,0,0,0
2587163,0,0,0,0
2528007,65.6833624,0,0,0
3066271,0,0,0,0
3240027,36.49075689,0,0,0
2498135,430.5909313,0,0,0
1636152,0,0,0,0
882104,34.05803977,0,130.3568519,167.602447
3075198,0,0,0,0
3240071,153.2611789,333.3927755,0,0
2984843,0,0,0,0
1758194,34.05803977,0,0,0
2020962,46.2216254,0,0,0
197614,177.5883502,0,0,0
2996782,0,0,0,0
536,0,0,105.9149422,0
1406512,24.32717126,0,0,0
833,26.75988839,0,171.0933681,215.4888604
103855,43.78890827,0,162.9460649,0
2507582,31.62532264,0,0,0
906888,99.74140217,116.2998054,97.76763891,0
2571747,0,0,0,0
84531,46.2216254,186.0796886,0,191.5456537
2817408,0,472.9525419,0,0
204525,0,0,0,0
198618,245.7044297,85.28652395,122.2095486,0
3034233,158.1266132,0,130.3568519,131.6876369
452,43.78890827,139.5597665,138.5041551,167.602447
2527691,26.75988839,124.0531258,0,131.6876369
2954506,0,0,0,0
3242193,121.6358563,0,0,0
2100116,90.01053367,0,0,0
3003348,63.25064528,77.53320359,0,0
2745510,0,0,0,0
240427,46.2216254,0,0,119.7160336
2857077,0,0,0,0
3341829,0,0,105.9149422,0
710705,46.2216254,0,0,0
2983246,0,0,146.6514584,0
3130166,48.65434252,0,146.6514584,0
1002546,0,0,0,0
1928,0,0,0,0
1714373,204.3482386,0,0,0
2675792,0,0,0,0
2817413,0,0,0,0
1006155,0,77.53320359,105.9149422,0
111955,65.6833624,0,0,0
2774835,0,542.7324252,391.0705556,0
2493668,34.05803977,0,0,0
2003551,53.51977677,0,879.9087502,0
53408,107.0395535,0,0,0
732,41.35619114,0,146.6514584,179.5740504
3030492,70.54879666,77.53320359,130.3568519,0
3445355,0,0,0,0
537,43.78890827,0,0,0
375489,82.71238229,131.8064461,122.2095486,335.204894
36738,0,0,0,0
3034648,0,0,0,0
2919921,121.6358563,85.28652395,228.1244908,0
184914,0,0,0,0
2916397,53.51977677,0,0,0
1054041,26.75988839,0,89.62033567,0
3372858,0,0,0,0
82983,0,0,0,0
3160831,0,0,138.5041551,0
2026191,70.54879666,155.0664072,97.76763891,0
3395316,0,0,0,0
54261,65.6833624,0,0,0
3394146,60.81792815,0,0,0
1714845,0,0,0,0
1173101,68.11607953,93.03984431,81.47303243,0
39669,24.32717126,0,0,0
3385202,0,0,105.9149422,0
3240072,0,0,0,0
1664069,53.51977677,0,0,0
189691,87.57781654,85.28652395,105.9149422,0
1188319,0,139.5597665,146.6514584,335.204894
3242682,0,0,97.76763891,155.6308436
1302235,29.19260551,0,0,0
2975870,333.2822463,0,0,0
3118332,109.4722707,248.1062515,162.9460649,251.4036705
208216,41.35619114,0,0,0
1981510,109.4722707,0,97.76763891,0
37929,0,0,0,802.0974249
2005703,41.35619114,178.3263683,0,0
3230987,70.54879666,0,0,0
33940,0,0,0,0
1874317,55.9524939,0,0,0
3032282,51.08705965,0,0,0
2184053,31.62532264,0,0,0
340146,48.65434252,0,0,0
57372,85.14509941,0,0,0
2925841,0,0,0,0
2726189,0,0,0,0
2175864,0,0,0,0
2058624,75.41423091,0,0,0
102862,204.3482386,0,0,0
1005039,24.32717126,0,114.0622454,0
120963,136.2321591,255.8595719,277.0083102,143.6592403
3240783,172.722916,0,0,0
3398231,26.75988839,0,0,0
2604832,0,0,0,0
212403,420.8600628,0,114.0622454,0
2728835,0,0,0,0
936476,92.44325079,0,0,0
1562720,58.38521103,0,0,0
34007,0,0,0,0
267128,0,0,0,0
2584094,0,0,0,0
2751171,34.05803977,0,0,0
60893,107.0395535,100.7931647,105.9149422,0
2026187,53.51977677,155.0664072,0,203.5172571
3080014,31.62532264,0,0,0
1608957,0,0,0,0
76936,26.75988839,0,114.0622454,0
2714925,0,263.6128922,211.8298843,239.4320671
114885,107.0395535,147.3130868,81.47303243,0
948519,0,0,0,0
476157,55.9524939,93.03984431,0,0
68246,60.81792815,0,0,0
3139408,0,248.1062515,105.9149422,119.7160336
410,55.9524939,0,0,0
2996034,24.32717126,108.546485,146.6514584,215.4888604
2815577,80.27966516,0,0,0
3078083,51.08705965,93.03984431,0,179.5740504
1549858,0,0,0,0
3077928,0,0,0,0
2163011,58.38521103,124.0531258,154.7987616,179.5740504
401471,46.2216254,0,0,0
1681,41.35619114,0,0,0
1891644,0,0,0,0
879274,0,0,0,0
414,34.05803977,0,0,0
280236,491.4088595,0,0,0
3386553,498.7070108,0,0,0
281362,0,147.3130868,154.7987616,0
93220,68.11607953,139.5597665,154.7987616,0
2211212,65.6833624,0,0,0
261964,121.6358563,0,162.9460649,0
3157618,0,116.2998054,146.6514584,0
2047744,24.32717126,0,0,0
593909,51.08705965,0,0,0
556287,29.19260551,0,0,0
3019892,0,0,0,0
685,0,0,0,0
661488,155.6938961,0,0,0
3237371,0,0,0,0
2898581,0,0,0,0
2916816,63.25064528,0,0,0
33037,0,255.8595719,236.271794,0
1801,0,0,154.7987616,395.0629108
351052,0,0,0,0
2750812,43.78890827,0,0,0
28099,0,0,0,0
29561,82.71238229,93.03984431,0,131.6876369
3071567,43.78890827,0,0,0
3067904,0,0,0,0
37637,46.2216254,0,0,0
2890318,136.2321591,224.8462904,81.47303243,0
2038636,29.19260551,0,0,0
114054,119.2031392,0,0,0
283686,53.51977677,0,0,0
3160832,34.05803977,0,0,0
3072790,0,201.5863293,0,0
3151599,0,0,382.9232524,0
358220,0,0,374.7759492,0
292414,0,0,0,0
2202141,104.6068364,0,0,0
47872,0,0,0,0
2663857,0,0,0,0
3231716,72.98151378,0,0,0
2970464,0,0,0,0
43768,51.08705965,0,0,0
1842727,31.62532264,0,0,0
2709380,0,0,0,0
1774216,0,248.1062515,0,323.2332906
1349410,0,85.28652395,0,0
1979954,24.32717126,93.03984431,0,0
1872122,177.5883502,0,0,0
3418417,0,0,0,0
2710758,26.75988839,77.53320359,105.9149422,0
183795,0,93.03984431,89.62033567,0
1128151,228.6754099,0,0,0
1639348,0,0,0,0
55211,0,0,0,0
3349878,0,0,0,0
2485124,0,0,0,0
3028375,0,0,0,0
2231721,0,0,0,0
3237105,82.71238229,201.5863293,122.2095486,0
2058136,116.7704221,0,0,0
3166643,0,0,0,0
2579250,58.38521103,170.5730479,89.62033567,0
3016339,77.84694803,186.0796886,154.7987616,119.7160336
3236892,0,0,97.76763891,0
33990,51.08705965,0,0,0
2585771,51.08705965,77.53320359,89.62033567,0
2725994,204.3482386,0,0,0
1970157,63.25064528,0,0,0
58169,0,0,0,0
227942,90.01053367,108.546485,122.2095486,215.4888604
2975743,0,0,0,0
2067065,97.30868504,0,0,0
1817405,70.54879666,0,0,0
269660,0,0,0,0
3438965,0,0,0,0
2528017,218.9445413,0,130.3568519,0
2173169,109.4722707,0,0,0
1248727,38.92347402,0,0,0
2975953,29.19260551,0,0,0
2698458,90.01053367,0,0,0
1618,72.98151378,147.3130868,228.1244908,0
2576891,24.32717126,0,0,0
2921557,82.71238229,0,0,0
2903591,24.32717126,124.0531258,171.0933681,0
3039386,0,403.1726587,0,215.4888604
386911,0,0,0,0
2675878,29.19260551,0,0,0
31958,345.4458319,0,0,0
1632865,24.32717126,0,114.0622454,131.6876369
2735436,58.38521103,147.3130868,122.2095486,191.5456537
47884,43.78890827,0,0,0
2740529,29.19260551,131.8064461,171.0933681,0
155177,165.4247646,0,0,0
2754725,0,0,0,0
29553,109.4722707,116.2998054,114.0622454,0
3133277,0,0,0,0
240521,0,0,0,0
161360,24.32717126,0,130.3568519,203.5172571
2530200,55.9524939,178.3263683,97.76763891,0
1798193,0,0,0,0
1456591,65.6833624,0,0,0
1804,0,0,0,0
133924,0,0,0,0
2758038,0,0,0,0
2527983,29.19260551,0,0,0
33059,82.71238229,0,0,0
2592049,29.19260551,131.8064461,89.62033567,191.5456537
1965282,38.92347402,100.7931647,0,0
1349,133.7994419,155.0664072,105.9149422,0
2857059,0,0,0,0
2951806,0,0,0,0
170651,41.35619114,100.7931647,0,0
3144975,58.38521103,108.546485,0,0
2507160,75.41423091,124.0531258,89.62033567,0
2093856,109.4722707,0,138.5041551,0
2109915,0,0,0,0
2511995,46.2216254,0,0,119.7160336
3243332,0,0,0,0
1050370,55.9524939,178.3263683,162.9460649,0
1737424,0,0,0,0
2099,55.9524939,131.8064461,97.76763891,0
81028,0,0,0,0
566,31.62532264,0,171.0933681,0
225084,0,77.53320359,138.5041551,0
496014,26.75988839,0,0,0
1874061,34.05803977,0,0,0
2210,46.2216254,0,0,0
2483404,0,0,0,0
495,175.1556331,0,0,0
2978973,65.6833624,0,0,0
3031124,0,0,0,0
2024580,0,0,0,0
2796143,68.11607953,0,0,0
1591088,0,131.8064461,0,0
293552,31.62532264,0,0,0
2956798,41.35619114,0,89.62033567,119.7160336
370524,43.78890827,0,0,0
2982692,0,0,0,0
483937,104.6068364,116.2998054,154.7987616,0
3447451,0,0,0,0
3039154,0,0,0,0
3382150,0,0,244.4190973,0
2558931,24.32717126,0,0,0
3100174,116.7704221,0,0,0
2909671,70.54879666,77.53320359,0,131.6876369
184748,46.2216254,0,0,0
1848903,165.4247646,0,0,0
34003,53.51977677,0,0,0
2571116,70.54879666,0,0,0
3242158,0,0,0,0
2010972,0,0,0,0
1323948,0,178.3263683,0,167.602447
2590772,0,0,114.0622454,0
173858,153.2611789,0,0,0
58231,0,108.546485,0,0
2975710,34.05803977,0,0,0
52603,0,0,0,0
134821,0,116.2998054,187.3879746,119.7160336
2967301,0,0,0,0
293089,94.87596792,0,0,0
2753607,0,0,0,0
2815358,26.75988839,0,0,0
3141581,0,0,0,0
3230487,0,0,0,0
2975990,277.3297524,0,0,0
3037797,0,0,0,0
3241170,72.98151378,108.546485,105.9149422,119.7160336
754517,53.51977677,0,0,0
3238631,0,0,0,0
3115649,121.6358563,108.546485,171.0933681,179.5740504
155077,51.08705965,0,0,0
1810504,0,0,0,0
2963092,162.9920474,0,0,0
397865,38.92347402,186.0796886,105.9149422,155.6308436
2903619,0,124.0531258,0,203.5172571
3129297,68.11607953,93.03984431,130.3568519,0
2055160,788.2003489,0,0,0
2083300,0,0,0,0
1353891,0,0,0,0
1758178,0,0,0,0
260552,48.65434252,0,0,0
673,38.92347402,170.5730479,162.9460649,119.7160336
2594496,0,0,0,0
1743162,31.62532264,0,0,0
2903577,75.41423091,131.8064461,0,251.4036705
3085177,38.92347402,0,0,0
575,116.7704221,0,0,0
1702103,97.30868504,0,0,0
1364,0,0,0,0
53417,51.08705965,93.03984431,0,0
2039234,0,0,0,0
3118174,107.0395535,0,0,0
279113,36.49075689,0,0,0
3419765,0,0,0,0
2291597,65.6833624,0,0,0
1870819,265.1661667,0,0,0
3157666,26.75988839,0,122.2095486,0
1869339,87.57781654,0,0,263.3752739
2685869,184.8865016,0,0,0
1699623,0,93.03984431,0,0
83380,0,0,0,0
1448929,26.75988839,0,0,0
3239903,29.19260551,0,0,0
3372856,0,0,228.1244908,0
2975801,34.05803977,0,0,0
2865837,0,0,0,0
53635,557.0922219,0,0,0
1560345,0,93.03984431,0,0
3120278,58.38521103,0,0,0
1811193,48.65434252,85.28652395,97.76763891,167.602447
2590015,0,0,97.76763891,0
2986951,0,0,0,0
2726117,77.84694803,0,114.0622454,155.6308436
2591463,0,0,0,0
2903700,0,0,0,0
2975796,55.9524939,0,0,0
2559928,0,0,0,0
1131703,48.65434252,0,0,0
152682,0,0,0,0
2724914,0,0,0,0
1796613,0,263.6128922,171.0933681,179.5740504
433659,0,0,0,0
1806667,0,77.53320359,0,0
39485,60.81792815,131.8064461,179.2406713,0
1891186,114.3377049,147.3130868,0,0
2480087,29.19260551,0,0,0
2975797,0,0,0,0
568844,38.92347402,0,0,0
2872591,60.81792815,0,0,0
2993455,55.9524939,0,0,0
195913,36.49075689,0,0,0
1813468,0,0,0,0
2572577,70.54879666,0,0,0
538382,0,0,0,0
2782659,0,0,122.2095486,0
249402,26.75988839,0,89.62033567,0
2512240,51.08705965,147.3130868,0,0
712150,65.6833624,0,0,0
357278,46.2216254,0,0,0
3042315,68.11607953,0,162.9460649,167.602447
1077945,0,0,0,0
446692,0,0,0,0
2021862,26.75988839,0,0,0
2599297,279.7624695,147.3130868,0,179.5740504
452627,41.35619114,93.03984431,0,191.5456537
2903679,41.35619114,0,0,203.5172571
2775403,0,0,0,0
2794089,41.35619114,0,0,0
465797,364.9075689,0,0,0
2527971,87.57781654,0,0,0
668570,43.78890827,93.03984431,89.62033567,0
123824,51.08705965,0,0,0
142,0,240.3529311,0,0
244566,68.11607953,217.0929701,154.7987616,167.602447
208596,97.30868504,0,0,0
2760083,0,100.7931647,0,0
1249553,63.25064528,0,0,0
2731756,53.51977677,139.5597665,138.5041551,155.6308436
2136,29.19260551,0,0,0
3040764,41.35619114,0,0,0
2975717,0,0,0,0
3162562,0,0,0,0
83554,70.54879666,147.3130868,0,0
2588534,0,0,0,0
1972068,0,0,0,0
38012,454.9181026,0,0,0
1884263,29.19260551,0,0,0
3018036,60.81792815,0,0,0
1085,0,0,0,0
34103,0,0,0,0
648794,119.2031392,0,0,0
2267521,34.05803977,217.0929701,0,0
1635327,46.2216254,0,0,0
1597781,43.78890827,0,0,0
2268461,0,0,0,0
2943848,36.49075689,0,0,155.6308436
2792008,0,139.5597665,0,263.3752739
1709477,36.49075689,0,0,0
2005166,0,85.28652395,89.62033567,0
1078471,0,0,89.62033567,0
151528,0,0,0,0
536979,131.3667248,0,0,131.6876369
1697053,153.2611789,116.2998054,89.62033567,0
2983842,0,0,0,0
1715720,34.05803977,0,0,0
3451555,29.19260551,0,0,0
1236179,58.38521103,100.7931647,0,0
3082538,0,0,0,0
2149,58.38521103,0,0,0
3028878,55.9524939,0,0,0
142877,63.25064528,0,146.6514584,0
2583532,0,0,0,0
436,0,0,0,0
3412683,0,0,0,0
1071078,0,0,0,0
127893,0,0,0,0
356837,0,0,0,0
551760,36.49075689,0,105.9149422,0
114686,46.2216254,0,0,0
356322,109.4722707,0,0,0
2685834,72.98151378,178.3263683,162.9460649,179.5740504
754477,0,100.7931647,171.0933681,179.5740504
2921447,63.25064528,0,0,0
3050071,60.81792815,0,0,0
1917441,0,108.546485,0,0
945,36.49075689,0,0,0
228602,41.35619114,0,81.47303243,0
172713,143.5303104,0,0,0
2792603,0,0,0,0
1070130,87.57781654,85.28652395,114.0622454,167.602447
2697033,55.9524939,0,0,0
438,284.6279038,0,0,0
3388665,92.44325079,85.28652395,0,203.5172571
2721173,0,0,0,0
3415677,155.6938961,0,0,0
1176257,82.71238229,0,0,0
2785331,63.25064528,170.5730479,146.6514584,0
2145,38.92347402,100.7931647,187.3879746,299.2900839
3025669,38.92347402,131.8064461,0,0
2999062,0,0,0,0
2603277,0,0,0,0
3345148,0,85.28652395,130.3568519,0
2975808,38.92347402,0,0,0
580,43.78890827,93.03984431,0,263.3752739
3463852,34.05803977,139.5597665,0,0
207809,72.98151378,0,0,0
2916802,51.08705965,0,0,0
3071082,0,0,0,0
3243051,53.51977677,0,0,0
2141,77.84694803,116.2998054,0,0
528244,0,0,0,0
3414510,31.62532264,139.5597665,105.9149422,0
2697363,38.92347402,0,0,0
1656159,31.62532264,0,0,0
3122075,36.49075689,0,0,0
43770,72.98151378,0,0,0
61648,60.81792815,0,0,0
3242677,0,0,0,0
3398776,77.84694803,209.3396497,0,0
1333996,0,0,0,0
3449278,72.98151378,0,105.9149422,0
146826,0,0,0,0
2976015,36.49075689,0,0,0
2817411,0,0,0,0
184917,29.19260551,0,0,0
1814290,0,0,0,0
2608247,126.5012906,100.7931647,0,0
2606717,70.54879666,0,0,155.6308436
2816454,0,0,0,0
134287,104.6068364,124.0531258,97.76763891,0
51201,0,0,0,0
1867834,0,0,0,0
1859121,102.1741193,178.3263683,0,0
93218,46.2216254,116.2998054,122.2095486,0
2719912,65.6833624,0,0,0
531813,34.05803977,0,0,0
1434072,31.62532264,93.03984431,171.0933681,0
2954699,136.2321591,0,0,0
46680,43.78890827,0,0,0
74318,0,0,0,0
58290,24.32717126,0,0,0
72,26.75988839,93.03984431,0,0
33050,36.49075689,0,0,0
3133324,0,131.8064461,358.4813427,0
626932,68.11607953,155.0664072,0,203.5172571
2849865,0,0,0,0
3239936,0,0,0,0
1891787,34.05803977,0,0,0
2715209,0,0,0,0
2912855,209.2136728,0,81.47303243,0
251538,70.54879666,240.3529311,105.9149422,143.6592403
933262,41.35619114,0,0,0
29311,97.30868504,0,0,0
2714946,0,85.28652395,0,0
86265,0,108.546485,0,0
1182444,90.01053367,139.5597665,81.47303243,0
2921510,131.3667248,0,0,0
875932,114.3377049,0,0,0
102148,87.57781654,93.03984431,0,0
3077585,116.7704221,0,0,0
2979861,0,0,0,0
225999,116.7704221,0,0,0
2708340,46.2216254,77.53320359,97.76763891,0
2917725,116.7704221,0,0,0
266,102.1741193,0,0,0
2950604,48.65434252,201.5863293,81.47303243,0
3233343,0,0,0,0
3231000,34.05803977,0,0,0
2602067,0,0,0,0
328839,0,0,0,0
1415568,26.75988839,0,0,0
3075825,316.2532264,0,0,0
653931,0,0,0,0
74829,0,0,0,0
373543,80.27966516,0,0,0
84156,201.9155215,271.3662126,0,131.6876369
2736757,0,0,0,0
67760,85.14509941,162.8197275,0,0
2975324,0,434.1859401,252.5664005,0
2211140,180.0210673,162.8197275,0,0
857252,0,0,0,0
53501,0,0,0,0
3239927,0,0,0,0
879567,70.54879666,0,0,119.7160336
169480,41.35619114,0,0,0
2980027,65.6833624,116.2998054,122.2095486,0
2956824,0,434.1859401,0,0
2844289,0,0,0,0
28025,362.4748518,0,0,0
2903891,0,0,0,0
3081765,0,0,0,0
1748,265.1661667,0,0,0
2714929,102.1741193,0,0,0
2867024,0,0,0,0
1678128,0,0,0,0
81468,85.14509941,0,0,0
75612,0,0,0,0
296591,0,139.5597665,0,0
1772,46.2216254,0,0,0
3239975,48.65434252,85.28652395,122.2095486,0
2946699,0,147.3130868,203.6825811,227.4604638
2607911,0,0,0,0
2498113,41.35619114,0,0,0
34021,189.7519358,147.3130868,97.76763891,0
216933,65.6833624,0,0,0
1310,48.65434252,0,0,0
2599600,24.32717126,0,0,0
1674146,0,0,0,0
169402,85.14509941,193.833009,97.76763891,0
2082949,0,0,0,0
423605,29.19260551,0,0,0
316279,0,0,0,0
1435348,128.9340077,0,0,0
2750929,82.71238229,93.03984431,0,0
2041385,0,0,0,0
452529,0,0,0,0
2975960,31.62532264,0,0,0
61652,51.08705965,162.8197275,171.0933681,131.6876369
223390,0,0,0,0
3101265,34.05803977,0,0,0
3125785,36.49075689,0,0,0
1586287,143.5303104,0,0,0
2812648,0,0,0,0
1076588,0,0,0,0
1028989,43.78890827,131.8064461,130.3568519,143.6592403
1855617,170.2901988,0,0,0
1138822,43.78890827,0,0,0
2728023,141.0975933,0,0,0
126157,94.87596792,139.5597665,105.9149422,0
1850250,0,0,0,0
1031538,41.35619114,77.53320359,0,0
3412685,0,0,0,0
3239892,0,0,0,191.5456537
3386552,0,0,0,0
1291556,31.62532264,0,0,0
3066290,153.2611789,124.0531258,114.0622454,251.4036705
135740,48.65434252,108.546485,0,0
2968969,82.71238229,0,0,0
2234,43.78890827,0,0,0
111831,0,0,0,0
1529068,0,0,0,0
1541959,43.78890827,100.7931647,81.47303243,0
1858609,0,0,0,0
408139,87.57781654,0,89.62033567,0
3138568,34.05803977,0,0,0
901,0,0,0,0
2597702,0,0,0,0
146922,267.5988839,0,0,0
515361,26.75988839,0,0,0
67827,0,139.5597665,0,335.204894
3388653,97.30868504,0,0,0
2708348,0,0,0,0
3052000,0,85.28652395,122.2095486,0
1461000,0,0,0,0
1416803,0,0,0,0
192073,145.9630276,0,0,0
1400866,0,0,0,0
2816248,0,240.3529311,138.5041551,131.6876369
3394356,36.49075689,0,0,0
73010,0,0,0,0
1917219,99.74140217,93.03984431,130.3568519,0
1415574,0,178.3263683,97.76763891,287.3184806
2746232,189.7519358,0,0,0
2763669,274.8970352,0,0,179.5740504
214,0,0,0,0
2921704,0,0,0,0
1890,0,0,0,0
3044187,0,0,130.3568519,0
507626,0,116.2998054,97.76763891,143.6592403
2268024,31.62532264,0,89.62033567,0
47886,136.2321591,170.5730479,195.5352778,0
3050112,46.2216254,255.8595719,0,0
3055847,0,0,0,0
51161,31.62532264,93.03984431,0,0
14,90.01053367,77.53320359,81.47303243,167.602447
2829502,48.65434252,0,0,0
133453,0,0,0,0
2592334,0,224.8462904,244.4190973,0
85991,36.49075689,0,0,0
3116653,51.08705965,77.53320359,89.62033567,0
1852027,0,0,0,0
1705399,141.0975933,0,0,0
55508,53.51977677,0,0,143.6592403
2840457,48.65434252,0,0,0
83291,0,0,0,0
2877939,29.19260551,0,0,0
3080532,48.65434252,0,0,0
2172103,102.1741193,77.53320359,122.2095486,119.7160336
3077589,0,0,0,0
2530390,29.19260551,0,0,0
2854036,0,131.8064461,0,0
2921420,82.71238229,0,0,0
2675754,31.62532264,0,0,0
86188,0,0,0,0
32013,0,0,122.2095486,0
709810,51.08705965,0,0,0
1871066,0,0,0,0
2826993,94.87596792,0,0,0
1349409,751.709592,0,0,0
3230992,138.6648762,0,0,0
1341549,55.9524939,0,0,143.6592403
172049,63.25064528,108.546485,203.6825811,155.6308436
2975902,0,0,0,0
2603276,0,0,0,0
589873,0,0,0,0
2771361,26.75988839,0,0,0
285070,48.65434252,0,0,0
2735528,46.2216254,0,0,0
2770776,87.57781654,0,0,0
2675298,43.78890827,286.8728533,0,0
2921714,63.25064528,139.5597665,81.47303243,0
2894201,51.08705965,0,114.0622454,0
68173,0,0,0,0
1536772,24.32717126,0,122.2095486,0
472693,46.2216254,0,0,0
3240046,29.19260551,0,0,0
42881,0,0,122.2095486,0
1902136,0,170.5730479,138.5041551,0
43348,0,0,0,0
133926,0,0,0,0
3017784,82.71238229,0,0,0
2952158,0,0,0,0
69967,0,170.5730479,130.3568519,131.6876369
1408281,53.51977677,116.2998054,122.2095486,0
1926868,0,0,130.3568519,0
1898955,38.92347402,0,0,0
2991418,63.25064528,263.6128922,97.76763891,119.7160336
436516,51.08705965,77.53320359,89.62033567,131.6876369
3426554,0,0,0,0
200451,60.81792815,0,0,0
501572,0,193.833009,154.7987616,131.6876369
1736675,0,116.2998054,122.2095486,0
1549949,0,0,0,0
2886040,92.44325079,0,0,0
3235088,38.92347402,0,0,0
208602,0,0,0,0
2953752,0,0,0,0
2663020,221.3772585,0,0,0
2528020,131.3667248,0,0,0
2705012,0,186.0796886,154.7987616,191.5456537
2830983,0,0,0,0
76629,65.6833624,0,0,0
2768162,31.62532264,0,0,0
1512,31.62532264,100.7931647,114.0622454,0
51049,0,0,0,407.0345141
3398393,0,0,0,0
3396619,102.1741193,0,0,0
1630141,41.35619114,77.53320359,0,0
40516,155.6938961,0,0,0
1670800,24.32717126,0,0,0
941907,282.1951866,0,0,0
2066070,0,0,138.5041551,287.3184806
2864208,124.0685734,0,122.2095486,0
512349,63.25064528,124.0531258,0,0
472183,65.6833624,0,0,0
511435,29.19260551,93.03984431,0,0
2565368,46.2216254,0,0,0
2851598,41.35619114,0,0,0
3003393,503.5724451,0,0,0
128574,85.14509941,85.28652395,89.62033567,0
1615494,38.92347402,0,130.3568519,0
3239906,29.19260551,0,0,0
710191,46.2216254,178.3263683,105.9149422,119.7160336
3152363,364.9075689,0,0,0
82985,58.38521103,116.2998054,0,0
35791,0,0,0,0
2961619,38.92347402,139.5597665,219.9771876,0
2545632,104.6068364,85.28652395,89.62033567,191.5456537
2897342,75.41423091,178.3263683,146.6514584,131.6876369
2841257,29.19260551,124.0531258,195.5352778,215.4888604
338584,0,0,0,0
3028735,0,0,0,0
3082387,0,0,0,0
1579,46.2216254,85.28652395,179.2406713,119.7160336
1443036,107.0395535,0,89.62033567,0
3391614,0,0,0,0
3430278,0,0,0,0
3066288,0,0,431.8070719,0
2867025,0,0,0,0
29471,55.9524939,100.7931647,146.6514584,155.6308436
1306992,77.84694803,0,0,0
1543721,53.51977677,0,0,0
1892855,38.92347402,0,0,0
223818,150.8284618,0,0,0
1907,0,0,0,0
1931241,0,0,0,0
2518176,153.2611789,0,0,0
3238801,0,0,0,0
2162,48.65434252,162.8197275,146.6514584,167.602447
2975734,53.51977677,0,0,0
40519,0,131.8064461,89.62033567,155.6308436
2382161,201.9155215,0,0,0
1679497,0,0,0,0
2500548,0,0,0,0
2782213,0,0,0,0
1636603,0,0,0,574.6369611
2508306,0,0,0,0
1581011,94.87596792,85.28652395,114.0622454,0
362837,80.27966516,108.546485,97.76763891,131.6876369
2726122,0,0,0,0
3239306,0,100.7931647,130.3568519,119.7160336
2201350,0,0,0,0
225971,0,0,0,0
2827233,0,0,0,0
3080827,0,0,0,0
2742128,0,0,0,0
2976237,0,0,594.7531367,0
2604941,24.32717126,0,0,0
2650158,75.41423091,116.2998054,138.5041551,0
342948,0,0,138.5041551,131.6876369
27973,0,170.5730479,0,0
3111011,34.05803977,0,0,0
2924031,99.74140217,0,0,0
3367156,0,193.833009,0,203.5172571
3423946,87.57781654,0,0,0
454171,24.32717126,0,0,0
1177213,41.35619114,85.28652395,0,0
2599640,36.49075689,0,0,0
502,0,0,0,0
46354,0,0,0,0
3020899,0,0,0,0
1872567,0,0,97.76763891,215.4888604
3391575,0,0,0,0
2593655,119.2031392,0,0,0
380749,0,0,0,0
47763,145.9630276,0,0,0
2954530,0,0,0,0
3133335,0,116.2998054,0,0
1868589,0,0,0,0
2697027,0,93.03984431,81.47303243,179.5740504
147268,0,0,0,0
3133332,162.9920474,0,0,0
2596828,0,93.03984431,81.47303243,119.7160336
1751071,72.98151378,131.8064461,195.5352778,0
1079,0,0,0,0
2742676,48.65434252,0,0,0
2065312,70.54879666,0,0,0
195498,0,0,0,0
153233,0,0,0,0
51364,48.65434252,0,0,0
3149229,0,0,0,0
2734088,0,0,0,0
420336,104.6068364,0,0,0
33010,75.41423091,0,0,0
28104,26.75988839,0,0,0
3096000,160.5593303,0,179.2406713,0
330922,0,0,0,0
2493633,0,0,0,203.5172571
3162530,75.41423091,0,0,0
400061,0,85.28652395,0,0
37331,0,0,0,0
3230993,0,0,0,0
2954814,0,0,0,0
153491,51.08705965,131.8064461,105.9149422,0
42443,0,0,0,0
1619153,77.84694803,85.28652395,0,131.6876369
1211807,0,0,0,0
216942,90.01053367,0,0,0
1380685,0,0,89.62033567,0
3239968,119.2031392,0,0,0
2745519,0,0,0,0
2759692,0,0,0,0
2806609,38.92347402,0,138.5041551,0
283699,0,248.1062515,0,0
1217274,80.27966516,0,122.2095486,119.7160336
33962,155.6938961,85.28652395,0,0
710111,0,0,0,0
288004,36.49075689,0,0,0
3066313,0,0,0,0
3394605,0,0,0,0
225422,0,0,0,0
1129264,72.98151378,0,0,0
1603606,0,0,0,0
424188,0,0,122.2095486,0
3159496,0,0,0,0
2136182,68.11607953,0,97.76763891,131.6876369
3092120,0,0,0,0
2979467,0,0,0,0
3110110,0,0,0,0
2507935,58.38521103,193.833009,0,131.6876369
2035,82.71238229,0,0,0
1768242,0,0,0,0
3239940,38.92347402,0,0,0
3028084,90.01053367,0,0,0
556548,0,0,89.62033567,0
51664,55.9524939,0,97.76763891,0
421115,0,0,0,0
1535768,0,0,0,0
1727163,128.9340077,85.28652395,0,0
2044912,43.78890827,0,0,0
173860,0,0,0,0
1408191,605.7465644,0,0,0
2728024,55.9524939,0,0,0
1874826,0,0,0,0
3239974,0,0,0,0
3024837,80.27966516,0,0,0
1537242,0,0,0,0
2736640,63.25064528,0,0,0
2949758,0,0,0,0
2665646,65.6833624,0,0,0
547987,36.49075689,0,0,0
3134142,0,0,0,0
3043848,80.27966516,0,0,0
1218495,63.25064528,124.0531258,97.76763891,119.7160336
1777491,0,0,0,0
2565554,85.14509941,0,0,0
2976241,41.35619114,0,0,0
304378,60.81792815,0,0,0
3068640,36.49075689,0,0,0
1816680,116.7704221,0,0,0
2969308,235.9735612,0,0,0
29401,0,0,0,0
860235,38.92347402,0,0,0
1263728,0,0,0,0
3094884,60.81792815,0,0,0
153493,148.3957447,0,0,0
1086632,24.32717126,0,0,0
2202828,24.32717126,0,0,0
38288,0,0,0,0
3117747,279.7624695,0,0,0
159450,0,0,0,0
1032623,26.75988839,0,138.5041551,0
3036704,131.3667248,0,0,0
68270,29.19260551,116.2998054,0,0
2867012,24.32717126,0,0,0
299583,70.54879666,0,0,0
2696560,0,0,0,0
36814,369.7730032,0,0,0
1981174,43.78890827,116.2998054,0,143.6592403
1882757,462.216254,0,0,0
59405,0,0,0,0
46163,0,0,0,0
2493672,0,139.5597665,0,0
3050360,0,0,0,0
2878388,36.49075689,0,0,0
2798861,0,0,0,0
45056,77.84694803,0,0,0
3405120,243.2717126,155.0664072,0,179.5740504
298653,24.32717126,139.5597665,97.76763891,0
364317,0,0,0,0
2921707,0,271.3662126,0,0
536044,0,0,0,0
2752316,216.5118242,0,0,0
2997333,0,85.28652395,0,0
3133966,97.30868504,0,122.2095486,0
2527972,26.75988839,0,0,0
1156431,0,0,0,0
2202826,0,0,0,0
2682456,60.81792815,0,0,0
3074822,116.7704221,0,0,0
216938,26.75988839,155.0664072,89.62033567,179.5740504
664962,0,0,0,0
1792307,51.08705965,0,0,0
33046,63.25064528,0,0,179.5740504
3074437,72.98151378,0,0,0
699433,0,0,0,0
589436,63.25064528,124.0531258,154.7987616,0
195105,0,0,0,0
565,29.19260551,0,114.0622454,0
160386,255.4352982,0,0,0
2777577,0,124.0531258,130.3568519,167.602447
1470066,38.92347402,100.7931647,0,0
938155,48.65434252,0,0,0
1609977,0,0,0,0
3142977,48.65434252,0,0,0
2838237,0,426.4326198,0,0
387090,104.6068364,124.0531258,0,0
2975769,34.05803977,0,0,0
2066133,53.51977677,0,0,0
1033846,0,0,0,0
3238686,0,0,0,0
1002672,72.98151378,0,0,0
446372,0,0,0,0
35,34.05803977,0,0,0
450734,0,0,0,0
391290,0,255.8595719,342.1867362,0
3132707,29.19260551,162.8197275,0,0
3140246,0,0,0,0
451,36.49075689,155.0664072,89.62033567,0
971,58.38521103,131.8064461,97.76763891,0
252966,116.7704221,0,0,0
3239970,51.08705965,116.2998054,0,0
3398817,77.84694803,0,0,0
437505,60.81792815,124.0531258,0,0
1050657,0,0,0,0
1631871,51.08705965,85.28652395,97.76763891,0
134602,0,0,0,0
3079768,0,0,0,0
3058603,0,0,0,0
3096993,0,0,0,0
2954512,0,0,0,0
2867010,0,0,0,0
1416627,0,0,0,0
2761580,114.3377049,0,0,0
515350,0,0,0,0
3066275,0,0,0,0
3035702,63.25064528,0,0,0
2729997,41.35619114,0,0,0
3073066,24.32717126,0,0,0
2921375,107.0395535,271.3662126,179.2406713,0
751585,48.65434252,131.8064461,130.3568519,0
1965590,46.2216254,116.2998054,114.0622454,131.6876369
2763540,0,0,0,0
39490,0,108.546485,114.0622454,155.6308436
3096221,48.65434252,0,0,0
2234087,63.25064528,93.03984431,0,203.5172571
936456,34.05803977,0,0,0
1903258,70.54879666,0,114.0622454,0
3116481,51.08705965,0,0,0
3075927,0,0,0,0
1750719,0,0,0,454.9209276
2654249,41.35619114,0,0,0
1570,29.19260551,0,81.47303243,0
2894081,0,0,0,251.4036705
2707005,109.4722707,124.0531258,0,0
108015,0,0,0,0
3239953,43.78890827,0,0,0
296199,92.44325079,0,97.76763891,0
3458298,36.49075689,0,0,0
2607656,58.38521103,0,0,0
2587850,0,0,0,0
2864218,0,0,0,0
2010829,0,0,0,0
3373541,53.51977677,0,0,0
1182263,0,426.4326198,0,0
341220,65.6833624,0,0,0
1294,60.81792815,139.5597665,0,0
3075121,0,0,0,0
261284,0,0,0,0
231455,172.722916,0,0,167.602447
3133318,170.2901988,0,0,0
1743168,0,0,0,0
3391146,107.0395535,0,0,0
3129112,0,0,0,0
2810563,221.3772585,0,0,0
2922729,0,0,0,0
1484109,0,0,105.9149422,131.6876369
2738886,31.62532264,0,0,0
374982,0,0,0,0
2520507,94.87596792,77.53320359,0,0
2487276,48.65434252,108.546485,122.2095486,155.6308436
245188,0,0,0,0
1903276,0,108.546485,89.62033567,0
1379909,48.65434252,0,122.2095486,0
2282420,58.38521103,162.8197275,0,155.6308436
2493674,0,0,0,0
931074,0,116.2998054,0,119.7160336
3366806,136.2321591,0,0,0
502366,0,0,0,0
1377,75.41423091,0,0,0
2054316,38.92347402,85.28652395,0,0
2986949,38.92347402,0,89.62033567,0
2842346,43.78890827,0,0,0
1984801,0,0,0,0
2771012,26.75988839,0,0,0
2607662,51.08705965,0,0,0
32002,43.78890827,0,0,0
1379910,245.7044297,0,0,0
1285901,29.19260551,0,0,0
3031803,0,0,0,0
1695218,0,0,0,0
2921411,177.5883502,0,0,0
2662455,94.87596792,0,0,0
53359,0,0,146.6514584,227.4604638
65553,0,116.2998054,81.47303243,0
3235173,82.71238229,0,89.62033567,0
2949997,43.78890827,0,0,0
522262,36.49075689,0,203.6825811,0
3058426,36.49075689,0,0,0
3133288,0,0,0,0
3074898,34.05803977,0,130.3568519,0
1737425,121.6358563,0,0,0
3068893,0,0,0,0
2937787,0,0,0,0
659012,0,0,0,0
158823,0,131.8064461,114.0622454,119.7160336
2983232,75.41423091,0,0,0
2716225,0,0,0,0
524884,34.05803977,0,0,0
169435,48.65434252,0,122.2095486,0
290,29.19260551,0,0,0
1904254,510.8705965,0,0,0
3028622,0,170.5730479,138.5041551,299.2900839
40001,0,0,0,0
2724191,48.65434252,77.53320359,0,0
2571750,80.27966516,155.0664072,114.0622454,0
310783,36.49075689,162.8197275,179.2406713,227.4604638
1353886,0,0,0,0
592316,53.51977677,0,0,0
2023866,46.2216254,348.8994162,162.9460649,0
1758395,0,395.4193383,0,0
656178,0,147.3130868,0,0
32049,272.4643181,0,0,0
2708117,133.7994419,0,0,0
1944646,0,0,0,0
2841528,109.4722707,0,0,0
3042318,48.65434252,193.833009,0,0
1849581,60.81792815,0,0,0
2879113,0,0,0,0
3057550,0,0,0,0
2856608,0,0,0,0
1808001,55.9524939,0,0,155.6308436
453162,29.19260551,0,0,0
1076331,0,0,0,0
2842456,48.65434252,85.28652395,0,203.5172571
3095609,0,0,0,0
2903882,0,147.3130868,162.9460649,0
83617,330.8495291,0,0,0
3390025,87.57781654,0,0,0
1207504,0,0,0,0
3069691,82.71238229,85.28652395,114.0622454,0
2506452,43.78890827,85.28652395,0,215.4888604
1160784,0,0,0,0
2865832,0,93.03984431,0,0
2921698,0,0,0,0
13769,48.65434252,0,0,0
211146,82.71238229,0,0,0
323415,26.75988839,0,0,0
2906514,0,0,179.2406713,0
450378,0,0,0,0
2903668,0,674.5388713,0,0
3062598,0,0,0,0
1812112,85.14509941,100.7931647,122.2095486,0
553151,75.41423091,0,0,0
62099,29.19260551,0,0,0
1408204,53.51977677,0,0,0
172042,63.25064528,0,0,0
2975961,24.32717126,93.03984431,0,0
2903764,673.8626439,0,0,0
1394889,0,0,0,0
13689,0,0,0,0
3240383,128.9340077,0,0,0
190146,46.2216254,116.2998054,0,0
2041,0,0,0,0
881260,51.08705965,0,0,0
3121289,87.57781654,0,0,167.602447
2571748,0,93.03984431,236.271794,0
2820278,26.75988839,0,0,0
3133272,43.78890827,0,162.9460649,275.3468772
2811424,0,0,0,0
216964,53.51977677,93.03984431,171.0933681,0
1074467,63.25064528,170.5730479,0,0
913,0,0,0,0
1534349,0,0,0,0
3039180,182.4537845,0,97.76763891,0
163164,0,0,0,0
2728020,0,0,130.3568519,0
2080419,0,0,0,0
3404052,0,0,0,0
2766537,82.71238229,0,89.62033567,0
1758390,0,0,334.0394329,335.204894
1756993,0,155.0664072,187.3879746,239.4320671
34038,63.25064528,0,0,0
3139327,111.9049878,0,0,0
45462,0,0,0,0
1909699,36.49075689,124.0531258,0,0
42109,38.92347402,0,0,0
292461,0,100.7931647,154.7987616,203.5172571
327277,0,108.546485,0,383.0913074
266951,0,131.8064461,0,0
2732864,0,178.3263683,0,0
2779363,0,0,0,0
45361,126.5012906,0,0,0
2116657,0,0,0,0
1538553,77.84694803,100.7931647,122.2095486,0
31998,0,0,0,0
53412,0,0,0,0
1452353,82.71238229,93.03984431,0,155.6308436
3023936,34.05803977,0,0,167.602447
1400864,0,0,0,0
2984146,0,85.28652395,89.62033567,0
110322,38.92347402,0,0,0
652,0,0,81.47303243,0
356851,0,0,0,490.8357376
2494702,0,0,0,0
3458297,26.75988839,0,0,0
2975735,53.51977677,0,0,0
2259620,24.32717126,108.546485,81.47303243,167.602447
2001,0,0,0,0
150123,0,0,0,0
88233,31.62532264,139.5597665,171.0933681,0
2918171,48.65434252,0,0,0
3002436,0,0,0,0
2991545,0,0,0,0
2027290,0,193.833009,171.0933681,0
2246,0,100.7931647,138.5041551,131.6876369
1442554,60.81792815,0,0,0
3402689,0,0,0,0
2563669,0,0,0,0
92757,53.51977677,77.53320359,89.62033567,0
70864,90.01053367,93.03984431,105.9149422,0
1510570,0,0,0,0
1764,0,0,0,0
33936,0,0,0,0
39768,34.05803977,0,0,0
1007676,36.49075689,0,0,0
3394355,0,0,146.6514584,347.1764973
1472417,41.35619114,0,0,0
1746199,0,0,0,0
86663,65.6833624,77.53320359,0,0
3050637,63.25064528,0,89.62033567,0
2893471,0,0,0,0
2600596,136.2321591,0,0,0
3082520,0,0,171.0933681,407.0345141
295596,29.19260551,0,0,0
29518,0,0,0,0
2899133,114.3377049,0,0,0
3374193,72.98151378,0,0,0
1041159,311.3877921,0,0,0
58344,0,0,0,0
1353246,0,162.8197275,219.9771876,179.5740504
1585976,111.9049878,0,0,0
3233341,26.75988839,0,0,0
2878542,0,0,0,0
2589888,0,0,0,0
2899123,0,0,0,0
1447062,0,0,0,0
2074,0,0,0,0
3133291,58.38521103,85.28652395,105.9149422,155.6308436
715451,0,0,0,0
74700,0,131.8064461,244.4190973,203.5172571
2315729,180.0210673,0,0,0
1911685,0,0,0,0
54262,0,0,0,0
2177,43.78890827,0,0,0
1508404,29.19260551,0,0,0
1217908,0,0,0,0
47858,0,0,0,0
219572,34.05803977,147.3130868,0,0
1398493,51.08705965,0,0,0
349064,53.51977677,0,0,0
370038,0,0,0,0
3026423,51.08705965,0,0,0
207745,68.11607953,0,0,0
586416,46.2216254,93.03984431,105.9149422,0
67350,65.6833624,0,0,0
684066,55.9524939,77.53320359,122.2095486,155.6308436
1509244,36.49075689,108.546485,0,143.6592403
62140,0,0,0,0
3061989,0,116.2998054,114.0622454,0
1750,102.1741193,0,0,0
1564,68.11607953,124.0531258,0,0
2683590,60.81792815,0,0,0
1476,347.878549,0,0,0
2903862,0,0,122.2095486,179.5740504
190897,31.62532264,108.546485,114.0622454,0
3231173,0,0,0,0
993502,0,0,0,0
1914471,77.84694803,0,0,0
33932,114.3377049,0,0,0
3384767,87.57781654,0,0,0
196914,90.01053367,0,0,0
246167,63.25064528,0,114.0622454,0
72557,0,0,0,0
321327,53.51977677,0,0,0
82367,0,0,0,0
2576840,0,0,0,0
2762729,0,116.2998054,0,0
2817385,0,0,0,0
2754044,0,0,0,0
3133721,153.2611789,0,0,0
47989,0,0,0,0
3137370,24.32717126,0,0,0
3119830,0,0,0,0
29510,68.11607953,108.546485,122.2095486,239.4320671
2653851,0,0,0,0
2711215,0,0,0,0
1949085,0,0,97.76763891,0
3066221,58.38521103,0,0,0
402884,0,0,0,0
2793103,0,0,0,0
1548548,31.62532264,0,0,0
3374551,34.05803977,0,0,0
2911537,0,0,0,0
3073143,46.2216254,85.28652395,0,0
2975988,204.3482386,0,97.76763891,0
1427364,58.38521103,0,81.47303243,215.4888604
1671721,0,0,0,0
3160966,26.75988839,0,0,0
1104324,26.75988839,93.03984431,0,0
2912268,65.6833624,0,0,0
2898433,0,0,0,0
310300,82.71238229,0,0,0
277988,0,0,0,0
1450,615.4774329,0,0,0
3125784,55.9524939,0,0,0
2903872,26.75988839,0,0,0
3459121,70.54879666,0,0,0
2527989,0,0,0,0
2135430,0,0,0,239.4320671
2867023,31.62532264,0,0,0
1316444,48.65434252,0,0,0
99807,68.11607953,0,0,0
1949083,0,0,0,0
3137368,55.9524939,0,0,0
1516159,51.08705965,0,0,0
2502781,24.32717126,85.28652395,0,0
2871826,82.71238229,0,0,0
1945634,34.05803977,0,0,179.5740504
3241167,0,124.0531258,0,0
1738770,92.44325079,0,0,0
3074855,31.62532264,0,0,0
2976809,58.38521103,0,0,0
3066276,128.9340077,0,0,0
1389713,0,0,0,0
47835,0,0,0,0
2775081,172.722916,0,0,0
3161974,53.51977677,0,0,0
2976005,0,0,635.4896529,0
2749077,0,0,0,634.4949779
1882747,0,0,0,119.7160336
48003,0,0,0,0
1883414,0,0,0,0
3243375,0,0,0,0
33070,0,0,0,0
2576919,0,0,0,0
1967501,0,325.6394551,0,0
68214,0,0,0,0
103232,55.9524939,0,228.1244908,0
3239897,34.05803977,100.7931647,0,0
1785995,0,0,0,0
3058374,547.3613534,0,0,0
3077956,38.92347402,0,179.2406713,0
2675776,0,108.546485,171.0933681,287.3184806
3114359,0,0,0,0
2077182,68.11607953,0,0,0
261292,75.41423091,0,0,0
2768069,0,0,0,0
1921565,0,0,0,0
1214604,131.3667248,0,0,0
2749040,0,162.8197275,105.9149422,143.6592403
116085,182.4537845,0,0,0
1481665,26.75988839,0,260.7137038,0
2736875,36.49075689,0,0,0
3388426,0,0,0,466.8925309
3075616,0,0,0,0
3240787,0,0,0,0
680247,0,0,0,0
3031330,0,0,0,0
194424,63.25064528,0,0,0
2811482,0,0,0,0
3377108,0,0,0,0
1432792,43.78890827,0,0,0
56460,0,186.0796886,105.9149422,0
2861283,0,0,0,0
1791,0,0,0,0
497727,0,0,0,0
2815343,24.32717126,116.2998054,130.3568519,155.6308436
265426,97.30868504,77.53320359,89.62033567,0
3242679,119.2031392,0,0,0
252130,0,0,0,0
405559,0,0,0,0
3015154,0,0,0,0
114616,0,0,0,0
2527980,24.32717126,0,0,0
1330330,0,0,0,0
2980099,58.38521103,0,97.76763891,0
2954547,128.9340077,0,0,0
119484,0,0,0,0
3449740,0,0,0,0
285665,0,0,0,0
114883,0,131.8064461,97.76763891,167.602447
75697,0,0,0,0
1435036,55.9524939,0,0,0
2982531,0,108.546485,0,0
1552759,0,0,0,0
2653200,0,0,0,251.4036705
1277351,75.41423091,0,114.0622454,0
256701,233.5408441,0,0,0
485,43.78890827,232.5996108,252.5664005,0
1149953,0,0,0,0
2066483,43.78890827,0,0,0
3151850,65.6833624,131.8064461,0,0
2570229,0,0,0,0
1986146,43.78890827,0,0,0
2809020,0,93.03984431,81.47303243,0
3243033,0,0,0,0
455364,48.65434252,0,0,0
1593482,0,0,0,0
2768066,0,0,0,0
2755385,38.92347402,0,0,0
2890317,0,85.28652395,0,0
471189,313.8205093,0,0,0
2921709,24.32717126,0,0,0
3234199,48.65434252,0,0,0
2932251,31.62532264,0,0,0
576131,41.35619114,0,0,0
2903595,43.78890827,0,0,0
2718938,63.25064528,0,219.9771876,0
571124,36.49075689,0,0,0
556288,0,0,0,0
2870346,338.1476805,124.0531258,0,0
2768161,0,0,0,0
3033390,87.57781654,0,0,0
2183911,26.75988839,0,0,0
1050655,0,0,0,0
2065379,0,0,0,0
152335,63.25064528,0,0,0
535744,0,0,0,0
3041766,0,0,0,0
2528027,34.05803977,178.3263683,0,215.4888604
2907154,0,0,0,0
573569,0,0,0,0
121616,0,0,0,0
2867231,0,0,0,0
3133696,34.05803977,0,0,0
1920883,0,0,0,0
348826,0,147.3130868,105.9149422,143.6592403
2938695,46.2216254,0,0,0
2950874,0,0,0,0
1092,31.62532264,0,0,0
652764,0,0,0,0
2003315,0,0,0,0
2954056,0,0,277.0083102,0
2605945,289.493338,0,0,0
2923279,80.27966516,0,0,0
675864,36.49075689,0,0,0
168695,0,0,0,0
2749994,72.98151378,0,0,0
340268,0,0,0,0
3421650,68.11607953,0,0,0
2834459,51.08705965,0,0,0
762,467.0816882,0,0,0
2915130,85.14509941,0,0,0
2719987,0,100.7931647,97.76763891,0
2921658,107.0395535,232.5996108,0,0
2967302,36.49075689,0,0,0
3402862,24.32717126,0,0,0
1936003,63.25064528,0,0,0
215591,43.78890827,0,0,0
2906062,0,0,0,0
2997354,0,0,0,0
1276,31.62532264,0,0,0
3374192,92.44325079,0,0,0
2773709,0,0,0,0
193,0,0,0,0
3031993,36.49075689,147.3130868,0,0
158877,38.92347402,0,0,0
2954507,90.01053367,0,0,0
3064277,180.0210673,0,0,0
2903789,0,0,0,0
2975947,0,0,0,0
2033,0,0,0,0
334852,0,0,0,0
309806,94.87596792,93.03984431,81.47303243,203.5172571
2972485,0,0,0,0
252307,0,0,114.0622454,0
2743090,0,0,0,0
218822,107.0395535,0,0,0
639313,0,0,0,0
1933912,0,0,0,0
3230301,0,0,0,0
1760988,43.78890827,93.03984431,0,0
2586909,60.81792815,0,97.76763891,0
2011159,0,0,0,0
2038343,257.8680154,0,0,0
1699624,214.0791071,0,0,0
50718,58.38521103,0,0,191.5456537
3243076,0,0,0,0
2144175,0,155.0664072,138.5041551,0
3416808,92.44325079,0,0,0
745369,0,93.03984431,130.3568519,0
251699,46.2216254,0,0,0
2843215,0,77.53320359,0,0
1981880,0,0,0,0
1385663,38.92347402,0,0,0
2782176,0,0,0,0
712623,0,0,0,0
3230736,155.6938961,0,0,0
1312741,41.35619114,155.0664072,89.62033567,167.602447
624186,0,0,0,0
3377707,121.6358563,0,0,0
1497681,0,0,138.5041551,0
2744522,92.44325079,0,0,0
2025949,26.75988839,0,0,0
95301,0,0,0,0
2791037,72.98151378,0,0,0
2698682,170.2901988,0,0,0
2282397,24.32717126,170.5730479,0,0
2927975,38.92347402,0,89.62033567,0
2933293,31.62532264,77.53320359,0,0
12917,41.35619114,0,0,0
2975730,0,147.3130868,0,0
328814,0,0,0,0
2748316,0,0,0,0
395599,38.92347402,0,0,0
2975776,0,0,0,0
2829809,46.2216254,0,0,0
1881061,0,0,0,0
2933797,0,0,0,0
2604421,102.1741193,77.53320359,89.62033567,143.6592403
1855519,29.19260551,0,0,0
3403152,68.11607953,0,0,0
2590551,114.3377049,85.28652395,0,131.6876369
1901,24.32717126,0,0,0
3435889,38.92347402,0,0,0
3427931,0,0,0,0
3398208,209.2136728,0,0,0
3239972,46.2216254,139.5597665,130.3568519,0
83558,0,0,146.6514584,0
354351,46.2216254,0,0,0
221341,0,0,0,0
2202825,0,0,0,0
2546350,0,186.0796886,162.9460649,0
3035471,94.87596792,0,0,0
2420306,0,0,105.9149422,131.6876369
1851148,72.98151378,0,0,0
2979870,0,0,0,0
314282,75.41423091,0,0,0
2921417,0,0,0,0
331696,0,0,0,0
2027405,0,85.28652395,0,0
1749,43.78890827,0,0,0
45610,60.81792815,0,0,0
1796635,53.51977677,0,0,0
1763998,107.0395535,108.546485,0,215.4888604
2975641,0,0,0,0
3447509,0,0,0,0
3239922,0,0,0,0
2931390,0,0,0,0
2806348,0,124.0531258,0,0
2569862,0,0,0,0
2681986,0,0,0,0
3230972,0,0,0,0
204891,0,0,0,0
2761579,58.38521103,0,0,0
2940297,0,162.8197275,0,0
1260955,0,0,0,0
2975705,0,0,0,0
2954659,0,0,0,0
1979950,0,0,0,0
2320270,99.74140217,0,81.47303243,179.5740504
2857058,34.05803977,0,0,0
505,24.32717126,0,130.3568519,119.7160336
3458296,0,0,0,0
2594495,48.65434252,0,0,0
51288,72.98151378,302.379494,0,0
3061240,0,131.8064461,89.62033567,167.602447
1784719,0,0,0,0
2952228,75.41423091,0,0,0
33910,0,0,0,0
151416,0,0,0,0
74313,0,0,0,0
7,31.62532264,0,0,0
222136,70.54879666,0,0,0
2751176,141.0975933,0,0,0
3416654,0,0,0,0
2600177,0,93.03984431,0,0
1511761,0,379.9126976,0,0
2961599,65.6833624,0,0,0
2932184,0,93.03984431,171.0933681,179.5740504
3028805,68.11607953,0,0,0
1108,26.75988839,0,0,0
3108485,48.65434252,162.8197275,0,0
1441386,55.9524939,0,0,0
1368430,36.49075689,0,114.0622454,0
2992143,31.62532264,155.0664072,171.0933681,0
1105380,0,93.03984431,162.9460649,287.3184806
221126,165.4247646,0,0,0
2903881,65.6833624,0,0,0
3126690,0,0,0,0
1442555,102.1741193,0,0,0
3136736,0,0,105.9149422,0
662858,99.74140217,131.8064461,97.76763891,0
3125779,46.2216254,0,0,0
2718,36.49075689,0,0,0
3391839,0,0,0,0
556,65.6833624,0,0,0
598660,0,0,0,0
2878391,26.75988839,0,0,0
296745,29.19260551,0,81.47303243,0
3366266,0,0,0,0
2094,34.05803977,248.1062515,97.76763891,0
2518605,36.49075689,232.5996108,0,0
1690221,38.92347402,0,0,0
2692624,372.2057203,0,0,0
463014,0,170.5730479,138.5041551,0
3121288,0,0,0,0
2583377,124.0685734,0,0,0
206403,87.57781654,0,472.5435881,0
1517551,0,0,0,0
2792015,0,0,97.76763891,0
29360,136.2321591,0,0,0
3392115,41.35619114,0,0,0
1526658,53.51977677,0,0,0
1609559,34.05803977,0,0,0
2735868,155.6938961,0,0,0
2818390,65.6833624,0,0,0
2654190,48.65434252,0,0,0
2903584,0,0,0,0
2587842,29.19260551,0,0,0
361277,46.2216254,0,0,0
2769486,0,0,0,0
13688,0,0,0,0
3243765,29.19260551,0,0,0
2447890,0,0,0,0
2762277,0,0,0,143.6592403
3416058,0,0,0,0
2559804,0,0,0,0
2502791,102.1741193,0,0,0
55602,0,0,89.62033567,0
163604,26.75988839,0,0,0
2822138,34.05803977,108.546485,138.5041551,119.7160336
2940300,65.6833624,100.7931647,0,0
1768011,70.54879666,0,0,0
2738142,26.75988839,0,0,0
3450237,0,0,0,0
2182384,0,0,0,0
2697019,58.38521103,0,0,227.4604638
3422216,0,85.28652395,0,0
2892996,43.78890827,0,146.6514584,0
3111921,0,0,0,0
2692802,0,0,0,0
2217832,153.2611789,0,0,0
2774693,0,0,0,0
313590,102.1741193,0,162.9460649,0
376175,34.05803977,0,0,0
33968,68.11607953,85.28652395,195.5352778,131.6876369
3398205,0,0,0,0
234827,46.2216254,116.2998054,81.47303243,0
53953,0,100.7931647,0,0
3115295,26.75988839,108.546485,0,0
95641,199.4828043,0,0,0
407020,0,0,0,0
2949635,0,0,0,0
3242491,0,162.8197275,0,0
3242492,0,0,0,0
2987701,0,0,0,0
1053,0,0,0,0
3003617,0,0,0,0
2675523,0,0,0,0
311231,138.6648762,0,171.0933681,0
2133944,0,162.8197275,81.47303243,0
2692330,43.78890827,0,0,0
568768,29.19260551,85.28652395,97.76763891,119.7160336
3445780,41.35619114,0,0,0
3341726,43.78890827,0,0,0
2779361,46.2216254,0,0,0
3073270,104.6068364,0,0,0
324078,0,116.2998054,0,0
105219,0,116.2998054,0,0
3079555,24.32717126,0,0,0
2497861,0,0,0,0
3416711,31.62532264,0,0,0
2033869,0,0,0,0
2584467,0,0,0,0
3394359,0,0,0,0
129921,48.65434252,0,0,0
3070814,72.98151378,0,0,0
1259973,46.2216254,0,0,0
864069,41.35619114,0,0,0
19,0,0,0,0
3367288,26.75988839,0,0,0
199592,0,0,0,0
2974552,0,0,0,0
1852390,0,0,0,0
3066216,41.35619114,0,0,0
3133331,0,0,0,0
244787,41.35619114,155.0664072,0,0
2054,24.32717126,0,0,0
1096,0,0,138.5041551,167.602447
101192,31.62532264,131.8064461,81.47303243,0
1915,41.35619114,0,0,0
2742131,41.35619114,0,0,0
2904122,36.49075689,155.0664072,0,131.6876369
1618207,0,0,0,0
159612,0,0,0,0
189540,31.62532264,0,0,0
921,0,0,0,0
69539,92.44325079,0,0,0
2499213,0,147.3130868,0,203.5172571
75906,0,0,0,0
2584466,0,0,0,0
2762563,150.8284618,0,0,0
3400908,0,0,0,0
65555,274.8970352,0,0,0
1516059,31.62532264,0,0,0
111769,29.19260551,0,0,0
656,58.38521103,116.2998054,0,0
2109913,0,0,0,0
2561924,0,0,0,0
3051171,31.62532264,0,0,0
233181,0,0,0,167.602447
255984,158.1266132,0,0,0
134,38.92347402,0,0,0
3421645,0,0,0,0
2598453,233.5408441,0,0,0
3447454,34.05803977,209.3396497,138.5041551,0
35554,97.30868504,0,0,0
3156489,270.031601,0,0,0
453230,0,0,0,0
1203471,0,108.546485,0,0
3054939,38.92347402,0,0,0
658629,0,0,0,0
2265,60.81792815,131.8064461,0,179.5740504
103817,0,0,260.7137038,0
3028312,36.49075689,0,0,0
3016090,48.65434252,0,0,0
486,85.14509941,232.5996108,0,0
2419772,197.0500872,85.28652395,0,0
3038077,0,0,0,0
126569,68.11607953,0,0,0
472834,58.38521103,0,0,0
3111414,0,0,0,0
990078,0,0,81.47303243,0
1150371,433.0236484,0,0,0
2984322,386.802023,0,0,0
2203724,51.08705965,0,0,0
1763883,51.08705965,0,0,0
2925411,0,186.0796886,114.0622454,0
2589974,0,0,0,0
92945,41.35619114,0,0,0
1545728,0,0,293.3029167,0
3133287,0,0,0,0
2903571,0,0,0,0
824,0,0,122.2095486,0
3430798,29.19260551,0,0,0
273677,0,0,0,0
221352,0,0,219.9771876,0
2802975,0,0,0,0
35799,0,131.8064461,0,0
1575,0,0,0,0
2903563,0,0,0,0
3088362,36.49075689,0,0,0
2750011,153.2611789,0,0,0
3156396,0,0,0,0
53399,0,0,0,0
2681547,0,0,0,0
2072413,0,0,0,0
2339259,80.27966516,0,0,0
2100729,99.74140217,0,0,0
651143,60.81792815,77.53320359,0,0
2071621,31.62532264,0,0,0
2547600,65.6833624,0,0,0
83171,38.92347402,85.28652395,0,0
3367691,51.08705965,0,0,0
3438963,0,0,0,0
1179767,36.49075689,0,0,0
3056445,41.35619114,0,0,0
1805827,233.5408441,0,0,0
3349635,0,0,0,0
1881017,34.05803977,85.28652395,0,0
3060697,0,0,0,0
97478,77.84694803,0,0,0
3376687,0,100.7931647,0,0
1209220,77.84694803,0,0,0
3038653,0,0,0,0
60480,53.51977677,0,0,0
2976459,0,0,0,0
128944,0,0,0,0
1873716,53.51977677,0,0,0
2945587,0,139.5597665,138.5041551,0
2162713,51.08705965,93.03984431,81.47303243,0
1594731,51.08705965,116.2998054,105.9149422,0
3065955,48.65434252,0,0,0
3068305,0,0,0,0
2819280,0,0,0,0
2742145,0,0,0,0
3403077,0,0,0,0
3039156,34.05803977,0,0,0
3069264,26.75988839,0,0,0
356852,0,0,0,0
2588449,0,0,0,0
3065298,0,0,0,0
2921636,60.81792815,0,0,0
266809,0,0,162.9460649,0
108150,53.51977677,0,0,0
3436240,0,0,0,0
2817392,0,0,0,0
1564681,243.2717126,0,0,0
1881069,0,0,0,0
1386941,0,0,0,0
84110,0,0,89.62033567,0
1333528,38.92347402,0,0,0
2879846,53.51977677,0,0,0
3077937,43.78890827,0,0,0
2176,70.54879666,0,0,0
393921,0,77.53320359,0,0
894,0,0,0,0
205844,0,0,0,0
2865838,0,0,0,0
2656760,289.493338,0,0,0
2741301,65.6833624,0,0,119.7160336
2015348,70.54879666,0,0,0
451514,31.62532264,0,0,0
2487074,107.0395535,0,0,0
265959,0,0,0,0
444444,0,0,0,0
3003601,34.05803977,147.3130868,89.62033567,0
157691,70.54879666,0,122.2095486,0
1829,0,0,0,0
246786,124.0685734,0,0,0
2923363,72.98151378,0,114.0622454,0
2840468,26.75988839,0,0,119.7160336
3046593,0,0,0,0
1962908,0,0,0,0
41202,38.92347402,0,0,0
1442136,0,0,0,0
2571746,0,0,0,0
53362,94.87596792,0,0,0
2518370,0,0,0,0
251535,0,0,97.76763891,0
2499145,94.87596792,0,0,0
2587854,68.11607953,0,0,0
64002,36.49075689,0,0,0
2975942,535.1977677,0,0,0
2762322,0,0,0,0
2592653,60.81792815,0,0,0
2591633,0,0,0,0
480035,277.3297524,0,0,0
949,0,0,0,0
3239388,0,0,0,0
2898441,0,0,0,0
3125786,43.78890827,0,0,0
2678688,24.32717126,0,0,0
3243395,532.7650506,0,0,0
1531429,0,0,0,0
1896164,153.2611789,0,0,0
155866,87.57781654,0,0,0
3071408,0,0,0,0
3114300,0,0,0,0
2494234,87.57781654,0,0,0
3135646,0,0,0,0
454154,141.0975933,0,0,0
3018929,0,348.8994162,0,0
2981137,38.92347402,0,0,0
1437009,0,0,0,0
1034015,36.49075689,0,0,0
1927,0,0,0,155.6308436
31899,162.9920474,170.5730479,130.3568519,0
984307,0,0,0,0
2975842,0,0,0,383.0913074
83627,0,0,0,0
3029055,43.78890827,0,0,0
1458307,31.62532264,0,0,0
2913616,94.87596792,0,0,0
399025,85.14509941,0,0,0
1295,60.81792815,100.7931647,122.2095486,143.6592403
45851,51.08705965,77.53320359,0,155.6308436
1136497,0,0,0,0
2651972,0,0,97.76763891,0
293958,136.2321591,0,0,0
3082533,0,0,0,0
434009,82.71238229,0,0,0
1605838,0,0,89.62033567,0
3421658,133.7994419,0,0,0
1718,226.2426927,0,0,0
299152,0,0,0,0
2020716,85.14509941,0,0,0
74326,0,0,0,0
1796646,72.98151378,178.3263683,0,143.6592403
3070220,29.19260551,0,0,0
2652721,165.4247646,0,0,0
319017,0,0,0,0
1963025,0,0,0,0
35755,0,100.7931647,0,215.4888604
3100113,36.49075689,0,0,0
2709396,0,0,81.47303243,0
3012344,31.62532264,0,0,0
321332,60.81792815,0,0,0
2865112,0,0,0,0
1505597,26.75988839,85.28652395,0,167.602447
2163644,77.84694803,0,0,0
2072590,48.65434252,0,0,0
2837956,355.1767004,0,0,0
1349819,0,0,0,0
2921399,0,77.53320359,146.6514584,0
3025671,0,0,244.4190973,0
374432,65.6833624,0,0,0
2775404,26.75988839,0,105.9149422,0
2732487,0,0,0,0
3160989,36.49075689,0,0,0
2760307,46.2216254,0,0,0
35818,31.62532264,124.0531258,97.76763891,0
2107709,26.75988839,0,0,0
3004092,0,0,0,0
871742,0,0,0,0
244596,0,0,0,0
1897729,0,0,0,0
3046670,0,0,0,0
170673,46.2216254,108.546485,130.3568519,0
1922669,0,0,0,0
3392036,46.2216254,0,0,0
2660641,0,0,0,0
2846075,0,0,0,0
3031919,24.32717126,0,0,0
2698679,0,0,0,0
2933959,0,0,0,0
3414739,0,0,0,0
2829816,29.19260551,93.03984431,138.5041551,179.5740504
3374187,51.08705965,0,0,0
3054208,109.4722707,0,0,0
3367513,68.11607953,0,0,0
2378,109.4722707,155.0664072,0,0
1888195,53.51977677,116.2998054,130.3568519,0
2728021,41.35619114,0,0,0
1510225,41.35619114,0,0,0
3020843,0,0,0,0
588932,36.49075689,0,0,0
2045451,0,0,0,0
2921699,216.5118242,0,0,0
1069220,0,0,0,0
1868794,0,0,0,0
3072978,0,0,0,0
1945662,0,0,0,0
3034024,0,0,0,0
1851544,43.78890827,85.28652395,0,0
2763008,0,0,0,0
551989,24.32717126,0,0,0
2975921,0,0,0,0
341027,119.2031392,0,0,0
988779,243.2717126,0,97.76763891,0
2561898,63.25064528,0,0,0
3242680,0,0,0,0
2029849,0,0,0,0
1374,58.38521103,0,0,0
1971364,0,0,0,347.1764973
1794699,65.6833624,0,0,0
1537400,58.38521103,93.03984431,0,0
3093922,55.9524939,0,0,0
418719,0,0,0,0
158627,29.19260551,0,0,0
3080019,0,0,0,0
2806346,0,0,0,0
2582905,34.05803977,0,0,0
2285,102.1741193,85.28652395,0,0
3161137,0,0,0,0
2565782,0,0,0,0
2880008,70.54879666,0,130.3568519,119.7160336
34061,38.92347402,0,89.62033567,119.7160336
879,36.49075689,0,0,0
847,38.92347402,0,0,0
3079766,0,0,0,0
480,46.2216254,0,171.0933681,0
2920380,34.05803977,100.7931647,0,0
254247,26.75988839,0,0,0
546874,0,0,0,0
2762591,0,0,0,0
2742624,0,0,0,203.5172571
53419,0,0,122.2095486,0
353,0,0,0,0
3028804,0,108.546485,244.4190973,0
1923130,0,0,0,0
614,109.4722707,0,0,0
1933220,0,0,0,0
1674923,0,85.28652395,130.3568519,119.7160336
194963,0,0,97.76763891,0
2898796,0,0,0,0
2903767,0,0,0,0
2749962,0,0,0,0
2976812,75.41423091,0,0,0
2829500,26.75988839,162.8197275,0,0
3239973,0,0,0,0
3141543,0,0,0,0
3027796,0,0,0,0
3242369,41.35619114,0,0,0
56438,0,0,0,0
282402,92.44325079,85.28652395,187.3879746,0
2975049,0,0,0,0
1410383,0,0,0,0
3414030,34.05803977,0,0,0
2894310,0,0,0,0
33072,0,0,0,0
406020,43.78890827,0,81.47303243,0
231439,0,85.28652395,97.76763891,0
3043441,24.32717126,0,0,0
2527982,0,0,0,0
2969621,31.62532264,0,0,0
271881,36.49075689,0,0,0
2734211,0,0,0,0
2903788,0,108.546485,130.3568519,0
114090,0,0,0,0
212765,53.51977677,0,0,0
2684405,51.08705965,0,0,203.5172571
556054,0,0,0,0
3239893,46.2216254,0,0,0
2766982,75.41423091,0,0,0
702115,60.81792815,0,0,0
2682968,0,0,0,0
632569,48.65434252,0,0,0
665913,0,131.8064461,0,0
3136731,0,139.5597665,171.0933681,0
2855441,141.0975933,0,0,0
1353136,0,0,0,0
87458,70.54879666,0,0,0
3104321,0,217.0929701,211.8298843,0
103810,0,0,0,0
1178537,0,0,0,0
3026424,24.32717126,0,0,0
2728853,0,85.28652395,0,0
60894,51.08705965,0,0,0
2742136,65.6833624,0,0,203.5172571
1138190,65.6833624,0,0,0
2893881,498.7070108,0,0,0
3149231,31.62532264,0,0,0
2918765,109.4722707,0,0,0
3427599,0,0,0,0
2983214,0,0,0,0
3028314,0,0,0,0
3141539,29.19260551,0,0,0
85401,0,0,0,0
2903896,0,0,105.9149422,0
285091,0,0,0,0
583357,0,170.5730479,0,0
3421432,0,0,0,0
930802,38.92347402,0,122.2095486,0
381751,24.32717126,131.8064461,0,0
104628,0,85.28652395,146.6514584,143.6592403
1942,0,0,0,0
3019602,43.78890827,0,0,0
3039389,0,0,0,0
1458716,0,0,0,0
2694929,24.32717126,0,0,0
2913621,141.0975933,0,179.2406713,0
994692,121.6358563,0,0,119.7160336
2587856,0,0,0,0
631220,53.51977677,0,0,0
1592790,0,0,0,0
3036374,0,0,0,0
3115294,34.05803977,0,0,0
1811807,38.92347402,0,0,0
3116654,0,0,0,0
2986767,167.8574817,0,0,0
28448,0,0,0,0
1457365,82.71238229,93.03984431,81.47303243,0
1379870,0,0,130.3568519,0
1858,26.75988839,0,0,0
2943497,124.0685734,0,0,0
398,0,0,0,0
2954585,0,0,0,0
1287640,272.4643181,0,0,0
2846777,0,93.03984431,0,131.6876369
3398357,0,0,0,0
3388337,0,0,0,0
3122079,60.81792815,0,0,0
2698673,34.05803977,0,0,0
1634516,0,0,0,0
41977,0,0,0,0
3111456,24.32717126,108.546485,114.0622454,0
340145,68.11607953,0,0,0
3065910,31.62532264,0,0,0
2113,60.81792815,0,97.76763891,0
2795216,0,0,0,0
160799,0,108.546485,0,227.4604638
521,0,0,0,0
2920387,0,0,0,0
2866570,0,209.3396497,114.0622454,0
1763535,36.49075689,77.53320359,0,0
119,41.35619114,0,0,0
1302376,104.6068364,0,0,0
1799667,0,0,0,0
2860286,0,0,0,0
2689110,65.6833624,0,0,0
3082549,48.65434252,0,0,0
2714358,386.802023,0,0,0
2719911,0,0,0,0
870903,0,85.28652395,0,0
2028343,0,0,0,0
1176240,0,77.53320359,0,0
664426,0,0,0,0
3393757,0,0,0,0
2203204,26.75988839,0,0,0
2107713,36.49075689,0,0,0
28084,60.81792815,0,89.62033567,0
2769024,26.75988839,147.3130868,0,0
2902624,0,131.8064461,0,0
2742204,0,0,0,0
2804529,0,100.7931647,97.76763891,0
43357,29.19260551,0,0,0
102886,29.19260551,0,0,167.602447
1774,107.0395535,0,0,0
1758689,0,0,0,0
2743001,85.14509941,0,0,0
2665643,0,0,0,0
1032851,24.32717126,0,0,0
941986,26.75988839,0,0,0
3036300,60.81792815,0,0,0
1564165,0,100.7931647,0,0
99653,31.62532264,0,0,0
36821,0,170.5730479,138.5041551,0
412689,0,0,0,0
2825844,0,0,0,0
2082387,31.62532264,0,0,0
327160,0,0,0,0
1538,165.4247646,0,0,0
3388845,38.92347402,0,0,0
1940612,287.0606209,0,0,0
33043,41.35619114,139.5597665,97.76763891,0
470932,0,0,0,0
2903828,0,217.0929701,0,0
2565558,0,0,0,0
2758041,31.62532264,0,0,0
1030157,0,0,0,0
42253,41.35619114,0,105.9149422,179.5740504
212767,0,310.1328144,0,0
1796644,58.38521103,0,0,0
46632,0,0,0,0
487184,0,0,0,0
1148157,85.14509941,100.7931647,162.9460649,0
415217,0,0,0,0
3425693,109.4722707,325.6394551,0,0
2929492,0,116.2998054,114.0622454,167.602447
1528104,0,0,0,0
787,0,162.8197275,236.271794,0
1985873,0,0,0,0
3133300,0,0,0,0
76115,0,124.0531258,187.3879746,0
2496028,177.5883502,0,0,0
2048283,36.49075689,0,0,0
2774767,0,0,0,0
3400182,0,0,0,0
702113,41.35619114,0,162.9460649,0
1295612,60.81792815,0,171.0933681,0
318424,0,0,0,0
2754726,0,0,0,0
1312183,34.05803977,77.53320359,0,0
3050384,0,0,0,0
47871,0,0,0,0
461393,38.92347402,0,0,0
2495579,0,0,0,0
2707525,0,0,0,0
1855352,0,0,0,0
2656761,102.1741193,0,0,0
39775,55.9524939,0,0,0
60035,29.19260551,0,0,0
379684,26.75988839,0,0,0
3004096,80.27966516,217.0929701,0,0
2934158,34.05803977,0,0,0
161493,0,0,0,0
2675225,24.32717126,0,0,0
1842534,38.92347402,0,0,0
248551,0,0,89.62033567,0
95300,31.62532264,0,0,0
2830842,0,147.3130868,138.5041551,0
570278,31.62532264,0,0,0
2174846,70.54879666,0,130.3568519,0
3374553,0,0,0,0
164330,0,0,0,0
375549,31.62532264,0,0,0
2175650,0,0,0,0
2908650,51.08705965,0,130.3568519,0
2609257,0,0,0,0
2903818,0,108.546485,0,0
1680,90.01053367,0,0,0
2921653,60.81792815,147.3130868,0,0
508451,53.51977677,0,105.9149422,0
2069367,60.81792815,0,0,0
2161673,0,0,0,0
3082543,36.49075689,0,0,0
1855652,214.0791071,0,0,0
1335043,0,0,0,0
92400,0,0,0,0
131111,53.51977677,0,0,0
2994971,0,0,0,0
3395318,189.7519358,0,0,0
28124,0,0,0,0
2259340,38.92347402,0,0,0
1716143,0,0,0,0
463040,0,0,0,0
781,0,0,0,0
218673,0,0,0,0
2745495,31.62532264,0,0,0
336203,0,0,0,0
2606450,124.0685734,100.7931647,0,0
1177211,0,0,0,0
3413147,0,0,0,0
3068314,0,0,0,0
2811778,0,170.5730479,0,0
435905,34.05803977,0,0,0
53376,367.340286,0,0,0
1678078,0,0,81.47303243,0
2560628,92.44325079,0,0,0
1411621,0,124.0531258,114.0622454,0
2903874,0,0,0,0
394733,92.44325079,0,0,0
1451454,36.49075689,0,0,0
2976834,0,465.1992216,0,0
3066312,0,465.1992216,0,0
3394354,31.62532264,0,0,0
2861800,0,0,0,0
3045147,46.2216254,124.0531258,89.62033567,0
2128,24.32717126,131.8064461,0,119.7160336
3079339,0,0,0,0
1796606,0,0,0,0
2814293,46.2216254,0,0,0
86185,24.32717126,0,0,0
2975620,58.38521103,0,0,0
47850,0,0,0,0
2070777,0,0,0,0
124798,80.27966516,0,0,0
3036926,36.49075689,0,0,0
3427924,72.98151378,85.28652395,154.7987616,0
857417,0,0,0,0
2787751,58.38521103,85.28652395,0,0
524,0,0,0,0
863643,34.05803977,100.7931647,154.7987616,0
2765360,0,0,0,0
28258,0,100.7931647,0,0
1261,58.38521103,116.2998054,0,0
2995154,36.49075689,0,0,0
2903787,48.65434252,0,0,0
2714942,0,0,0,0
2203,36.49075689,0,0,0
79601,143.5303104,0,0,0
2315464,92.44325079,85.28652395,0,0
1814,0,0,0,203.5172571
2518371,265.1661667,0,0,0
3066260,430.5909313,0,0,0
2598861,0,0,309.5975232,0
2598458,87.57781654,0,97.76763891,0
3080537,107.0395535,0,0,0
2872652,26.75988839,0,0,0
1240404,0,224.8462904,162.9460649,0
1069,0,0,0,0
3439530,0,0,0,0
33051,31.62532264,0,0,0
1075,0,0,0,0
491893,0,0,0,0
662548,0,0,0,0
483547,70.54879666,100.7931647,0,0
1921510,109.4722707,0,0,0
117157,0,0,0,0
47421,43.78890827,217.0929701,0,0
298,68.11607953,0,0,0
148447,31.62532264,0,0,0
1799,24.32717126,0,0,0
2975952,0,0,0,0
2060726,0,0,0,0
3416666,46.2216254,0,0,0
2980100,41.35619114,0,0,0
241244,38.92347402,108.546485,0,0
29546,104.6068364,0,81.47303243,0
216944,85.14509941,85.28652395,97.76763891,0
1921086,0,0,0,0
324057,99.74140217,0,0,0
1795043,51.08705965,0,0,0
2814294,34.05803977,0,0,0
60548,29.19260551,0,0,0
135719,0,0,0,0
1302411,0,0,0,0
2898431,31.62532264,0,0,0
134601,63.25064528,0,0,0
3376990,0,0,0,0
1184387,0,0,0,0
3052729,0,0,0,0
3421652,0,0,0,0
1813595,53.51977677,0,0,0
1926494,29.19260551,0,0,0
456,70.54879666,0,0,0
2975671,0,0,0,0
2686360,143.5303104,0,0,119.7160336
199591,31.62532264,0,0,0
869886,0,0,0,0
431057,0,0,0,0
473531,53.51977677,0,0,0
347534,41.35619114,0,0,0
2878098,65.6833624,0,0,0
119864,119.2031392,0,81.47303243,0
1933880,0,0,0,0
1801629,0,0,0,0
1497974,0,0,0,0
813,0,155.0664072,0,0
370622,0,0,0,0
74706,87.57781654,0,0,0
1528099,24.32717126,0,0,0
2797636,0,0,0,0
82995,0,77.53320359,89.62033567,119.7160336
2908837,53.51977677,0,0,0
2975948,0,0,0,0
55213,53.51977677,0,0,0
340345,31.62532264,0,0,0
86332,116.7704221,0,0,0
2355,29.19260551,0,0,0
2582831,31.62532264,0,0,0
2219043,34.05803977,108.546485,0,0
1920749,0,0,0,0
104087,82.71238229,0,0,0
2774461,0,0,0,0
3238802,24.32717126,0,0,0
3393744,0,0,0,0
43774,0,0,0,0
1765967,43.78890827,0,0,0
106634,0,0,0,0
867595,26.75988839,0,0,0
3080828,0,93.03984431,0,0
912630,0,0,0,0
104102,0,0,252.5664005,0
1985254,0,0,431.8070719,0
1525,24.32717126,0,0,0
1632018,53.51977677,0,0,0
2905871,0,0,0,0
1149133,0,0,0,0
120107,0,0,0,0
1957,46.2216254,0,0,0
147709,26.75988839,0,0,0
2903867,43.78890827,0,0,0
3081749,0,116.2998054,105.9149422,0
2903833,41.35619114,0,0,0
1488356,0,0,0,0
2283195,0,108.546485,0,0
3421643,0,0,0,0
2730848,24.32717126,155.0664072,81.47303243,0
3422304,41.35619114,0,0,0
57704,0,0,0,0
2589967,0,85.28652395,0,0
39765,24.32717126,0,0,0
2918900,41.35619114,85.28652395,0,0
2937985,0,0,285.1556135,0
146827,114.3377049,0,0,0
118062,24.32717126,108.546485,0,0
2742675,0,0,0,0
1703,0,0,0,383.0913074
1800,0,0,0,0
2931382,0,0,0,0
1697043,153.2611789,0,0,0
1775,0,0,0,0
1355015,36.49075689,0,0,0
1678129,34.05803977,0,0,0
3160863,38.92347402,0,0,0
2861285,0,0,0,0
1038856,31.62532264,0,0,0
2966192,0,0,0,0
3055805,99.74140217,0,0,0
3234198,0,0,0,0
2064,0,0,0,0
40567,0,0,0,0
2975967,0,0,0,0
3135776,282.1951866,0,0,0
248315,94.87596792,0,0,0
192843,70.54879666,0,0,0
3144973,0,0,0,0
2770636,0,0,0,0
33056,38.92347402,0,89.62033567,155.6308436
2493680,0,0,0,0
2898438,0,0,0,0
69395,34.05803977,0,0,0
2596915,55.9524939,0,0,0
164514,72.98151378,0,0,0
2303,41.35619114,131.8064461,162.9460649,0
2093824,0,0,0,203.5172571
217204,0,0,97.76763891,0
94138,0,0,0,0
3055080,0,0,0,0
3111767,0,0,0,0
2975995,38.92347402,0,0,0
1987356,0,0,122.2095486,0
2684406,0,0,0,0
2780922,41.35619114,0,0,0
487174,60.81792815,0,0,0
3403464,0,0,0,0
683737,43.78890827,100.7931647,0,0
83450,0,0,0,0
2819999,0,0,0,0
2970925,0,0,0,0
293050,0,0,0,0
3066287,0,155.0664072,154.7987616,0
2589976,0,0,0,0
1550241,90.01053367,0,0,0
2781734,0,0,154.7987616,0
36863,0,0,0,0
3064531,29.19260551,0,0,0
2590869,0,116.2998054,0,143.6592403
3239977,41.35619114,0,0,0
1231,0,0,0,0
3457765,311.3877921,0,0,0
1032242,0,0,0,0
2956679,0,0,0,0
1486262,0,0,0,0
69665,0,0,0,0
2061,48.65434252,0,0,0
60478,0,0,89.62033567,0
82989,46.2216254,155.0664072,187.3879746,0
2973976,0,0,0,0
1081631,0,0,0,0
460384,38.92347402,0,0,0
1082704,55.9524939,0,0,0
1225128,0,0,0,0
3289775,29.19260551,0,0,0
2921645,430.5909313,0,0,0
2983208,0,0,277.0083102,0
655015,38.92347402,0,81.47303243,0
1921087,77.84694803,0,0,0
1327635,0,0,0,0
1967,43.78890827,0,0,0
754515,24.32717126,0,0,0
1708,0,0,0,0
3092156,65.6833624,85.28652395,0,0
2662362,126.5012906,0,0,0
3425125,0,0,0,0
1708783,34.05803977,0,0,0
152142,34.05803977,0,0,0
2591108,0,93.03984431,0,0
1743165,304.0896408,0,0,0
262209,0,0,0,0
3066262,24.32717126,0,0,0
2571115,31.62532264,0,0,0
2975968,63.25064528,0,0,0
39778,51.08705965,0,0,0
2712698,55.9524939,0,0,0
2509456,99.74140217,0,0,0
2099789,0,0,0,0
1655,99.74140217,0,0,0
3243379,0,0,0,0
2785918,70.54879666,0,0,0
1572644,29.19260551,0,0,0
2759526,0,0,0,0
715472,0,0,0,0
2508882,43.78890827,0,0,0
292800,29.19260551,0,0,0
1604004,0,0,0,0
2800818,0,0,0,0
1978566,0,0,0,0
2801030,0,124.0531258,0,0
74426,0,0,0,0
2986763,51.08705965,0,0,0
2152891,0,0,0,0
2878390,0,0,0,0
3070995,347.878549,0,0,0
3398215,0,0,0,0
3015997,148.3957447,0,0,0
3448125,0,0,0,0
3127639,87.57781654,0,0,0
2946555,0,0,105.9149422,0
1912599,82.71238229,0,0,0
1805714,306.5223579,0,0,0
1285192,0,0,0,0
2732591,38.92347402,0,105.9149422,0
3073561,60.81792815,0,0,0
139021,0,0,0,0
3067903,38.92347402,0,0,0
35760,0,0,0,0
512749,90.01053367,0,89.62033567,155.6308436
3015161,150.8284618,0,0,0
1293412,0,100.7931647,0,0
3095364,107.0395535,0,0,0
2996826,0,0,0,0
3398770,0,0,0,0
3243004,311.3877921,0,0,0
3133325,85.14509941,0,0,0
3028294,29.19260551,0,0,0
29554,48.65434252,0,0,0
3410269,0,0,0,0
3377110,267.5988839,0,0,0
3066133,0,0,0,0
3160606,0,0,0,0
2588299,0,0,0,0
140,65.6833624,139.5597665,0,0
2862866,0,0,0,0
310581,0,0,0,0
2815309,26.75988839,0,0,0
3134807,0,0,0,0
2741953,0,0,0,0
2987688,29.19260551,0,0,0
2903572,0,0,0,0
136992,48.65434252,0,0,0
400946,34.05803977,0,0,0
3434465,0,0,0,0
2975957,0,333.3927755,0,0
2518994,0,0,0,0
3378073,0,0,0,419.0061175
48935,0,0,0,0
215580,51.08705965,0,0,0
1184151,0,0,0,0
2904790,0,0,0,0
3078805,24.32717126,0,0,0
2774646,24.32717126,116.2998054,162.9460649,0
716925,41.35619114,0,0,0
2896849,63.25064528,0,0,0
2722756,36.49075689,0,0,0
2242,0,0,0,0
2183582,0,0,0,0
1889013,0,0,0,0
2851567,0,100.7931647,0,0
1798224,0,0,0,0
1808979,24.32717126,0,0,0
2560286,0,0,0,0
3035472,0,108.546485,0,0
604330,0,0,0,0
3229854,43.78890827,0,0,0
1335757,0,0,0,0
3143936,38.92347402,0,0,0
1871050,41.35619114,0,0,0
1896961,0,0,0,0
1630693,72.98151378,0,0,0
149017,0,0,0,0
321661,72.98151378,0,0,0
2746233,0,0,0,0
2840456,31.62532264,0,0,0
51197,60.81792815,85.28652395,0,0
1307763,0,0,0,0
3388267,0,0,0,0
54736,68.11607953,0,0,0
3003618,0,0,0,0
3060381,0,0,0,0
35841,0,0,0,0
56812,0,0,0,0
866790,0,0,0,0
1690815,0,0,0,0
417203,85.14509941,0,0,0
334543,104.6068364,0,0,0
28113,68.11607953,0,0,0
2843216,24.32717126,0,0,0
2944810,55.9524939,0,0,0
2277,0,0,0,0
37332,0,131.8064461,0,0
3158365,0,0,0,0
2703794,345.4458319,0,0,0
3060432,0,0,97.76763891,131.6876369
29442,51.08705965,0,0,0
431306,0,0,0,0
163359,38.92347402,0,138.5041551,0
2283,0,170.5730479,114.0622454,0
1472416,87.57781654,0,0,0
34071,0,0,0,0
3239967,58.38521103,0,0,0
712624,0,0,0,0
3140649,0,0,0,0
3127640,0,0,0,0
3240052,0,0,0,0
457921,0,0,0,0
52226,0,147.3130868,81.47303243,0
297,0,77.53320359,0,0
1796,0,0,0,0
3058963,38.92347402,77.53320359,0,0
319501,38.92347402,0,0,0
2903774,0,0,0,347.1764973
65058,85.14509941,0,0,0
1541170,0,0,0,0
65656,0,0,0,0
424800,0,0,0,0
1433403,24.32717126,0,0,0
53462,48.65434252,0,0,0
3133975,0,0,0,0
1773,0,0,407.3651621,0
35833,31.62532264,0,0,0
3040509,29.19260551,0,0,0
407035,38.92347402,131.8064461,105.9149422,0
1249552,29.19260551,0,0,0
2777556,321.1186606,0,0,0
394964,0,0,0,0
301301,80.27966516,0,0,0
3017325,0,0,0,0
2954701,29.19260551,0,0,0
138336,0,0,0,0
2527775,80.27966516,0,0,191.5456537
47834,36.49075689,0,0,0
53358,24.32717126,0,0,0
1118379,0,93.03984431,130.3568519,0
3239948,41.35619114,0,0,0
33938,0,0,0,0
3032592,158.1266132,0,114.0622454,0
3423910,24.32717126,0,0,0
2778058,51.08705965,0,0,0
2703788,36.49075689,0,0,0
2213202,29.19260551,0,0,0
3239942,31.62532264,0,0,0
3093869,0,0,114.0622454,0
3141545,0,0,0,0
373687,38.92347402,0,0,143.6592403
355243,31.62532264,0,0,0
93222,31.62532264,0,0,0
2904120,0,0,0,0
309868,26.75988839,0,0,0
2849641,48.65434252,0,0,0
3018446,0,0,0,0
28202,29.19260551,0,0,0
2238,97.30868504,0,0,0
1701758,0,0,0,0
3133311,0,0,0,0
2975719,0,403.1726587,0,0
3230974,0,0,0,0
3385968,0,0,0,0
28114,0,0,105.9149422,0
2118,0,0,0,0
522259,24.32717126,0,0,0
493781,38.92347402,139.5597665,114.0622454,0
3230117,72.98151378,0,0,0
2082188,0,0,0,0
365617,60.81792815,93.03984431,0,0
2903718,0,116.2998054,0,0
3049084,401.3983258,0,0,0
3415141,0,0,0,0
1532905,41.35619114,0,0,0
2921550,0,0,154.7987616,0
1261635,99.74140217,0,89.62033567,0
715473,43.78890827,0,0,0
2886377,384.3693059,0,0,0
2843793,0,186.0796886,0,131.6876369
2994035,141.0975933,0,0,0
110319,0,0,0,0
3132797,0,0,0,0
3080057,0,0,0,0
463025,34.05803977,0,0,0
66425,29.19260551,0,0,0
2500532,0,0,0,0
3448126,0,77.53320359,0,0
3066252,0,0,0,0
2706126,0,0,97.76763891,0
571915,0,0,0,0
2772254,60.81792815,0,0,191.5456537
3128980,0,186.0796886,0,0
226910,92.44325079,155.0664072,0,0
37927,0,0,0,0
2483798,24.32717126,0,0,0
2807626,36.49075689,0,0,0
68217,0,0,0,0
2903673,145.9630276,0,0,0
2029986,0,0,195.5352778,0
2995169,0,0,0,0
1648404,0,0,0,0
2025808,0,0,0,0
3384771,0,108.546485,89.62033567,0
29543,0,0,0,0
3231719,0,0,0,0
3068633,0,0,0,0
2708082,51.08705965,0,0,0
89093,31.62532264,77.53320359,0,0
1850374,0,0,0,0
980427,0,0,0,0
2853432,36.49075689,124.0531258,0,119.7160336
51362,0,0,236.271794,0
3062169,0,0,0,0
2801918,26.75988839,0,146.6514584,0
2025360,0,0,0,0
1805478,0,124.0531258,179.2406713,0
3066279,0,0,0,227.4604638
2859228,41.35619114,0,0,0
1703969,0,0,0,0
48664,0,0,0,0
2835787,0,0,0,0
1288121,126.5012906,0,0,0
84599,68.11607953,131.8064461,105.9149422,0
3144168,36.49075689,0,0,0
59505,0,0,105.9149422,0
755175,46.2216254,0,0,0
3458546,0,0,0,0
61635,99.74140217,0,0,0
2799326,270.031601,0,0,0
2779352,24.32717126,0,0,0
3066267,128.9340077,0,0,0
3342097,63.25064528,0,0,203.5172571
3240053,0,0,0,0
1691904,46.2216254,0,0,0
3350166,0,139.5597665,0,155.6308436
943830,0,0,0,0
44933,36.49075689,0,0,0
3068632,0,0,0,0
2993563,26.75988839,0,0,0
2893469,85.14509941,0,0,0
2975982,0,0,0,0
203,63.25064528,0,0,0
3041439,0,0,0,0
2921383,0,0,0,0
2923364,38.92347402,93.03984431,105.9149422,0
2953978,0,310.1328144,0,0
1612150,55.9524939,0,81.47303243,0
1827300,0,0,0,0
2053832,0,0,0,0
85683,107.0395535,0,0,0
2528642,0,0,0,0
2587861,0,0,0,0
68892,24.32717126,77.53320359,0,0
2925830,41.35619114,0,89.62033567,0
111504,0,240.3529311,0,0
2566013,26.75988839,0,0,0
1719,0,0,0,0
2675791,0,0,97.76763891,0
3367525,31.62532264,0,0,0
2976810,0,240.3529311,0,0
2758442,26.75988839,0,0,0
1503053,0,0,0,0
3160608,0,0,0,0
1821621,24.32717126,0,0,0
3077590,0,0,203.6825811,0
187137,0,0,0,0
3409857,0,85.28652395,0,0
388459,51.08705965,0,0,0
2715678,0,0,0,0
2834819,0,387.666018,0,0
2975984,65.6833624,0,0,0
2594795,0,0,122.2095486,0
444103,0,0,0,0
2580412,97.30868504,0,0,0
2792979,0,0,0,0
1682113,0,0,0,0
43663,0,0,0,0
164452,36.49075689,0,0,0
3433706,0,0,0,0
1434100,48.65434252,116.2998054,138.5041551,0
3131927,29.19260551,0,0,0
2714930,58.38521103,85.28652395,0,0
285578,0,0,0,0
2583823,0,93.03984431,0,0
488546,104.6068364,0,0,0
2760089,0,0,0,0
2742129,0,0,0,0
2975623,0,0,0,0
2601668,0,0,0,0
67825,0,0,0,0
3076039,0,0,0,0
2732067,29.19260551,0,0,0
3077335,0,0,0,0
2766470,29.19260551,0,0,0
89053,114.3377049,0,0,0
2843197,60.81792815,0,0,0
1777866,24.32717126,0,0,0
3015996,0,0,0,0
2975684,0,0,0,0
2775909,0,0,0,0
2697565,55.9524939,0,0,0
3132291,0,0,0,0
3039155,0,0,0,0
2903806,34.05803977,0,0,0
3031408,53.51977677,0,0,0
1843368,0,0,0,0
3051119,0,0,0,0
1446467,0,0,0,0
131080,0,0,0,0
341045,104.6068364,0,0,0
2606626,206.7809557,0,154.7987616,0
35621,0,0,0,0
1337,48.65434252,0,0,0
2903883,0,0,0,0
2921495,82.71238229,100.7931647,0,0
1463158,0,0,0,0
2592345,65.6833624,0,0,0
3022126,29.19260551,0,0,0
2903817,34.05803977,0,0,0
3400627,330.8495291,0,0,0
71999,0,0,0,0
283811,0,0,0,0
1084719,0,0,0,0
2690837,29.19260551,0,0,0
3454626,0,0,0,0
3349877,0,0,0,0
1885,0,100.7931647,0,0
1357916,0,0,0,0
1118202,94.87596792,0,0,0
483,60.81792815,0,0,0
1853130,72.98151378,0,0,0
3144843,36.49075689,0,0,0
1888,0,0,0,0
3231906,0,0,0,0
2903641,0,0,0,0
1125847,36.49075689,0,0,0
164451,0,0,0,0
2975969,187.3192187,0,0,0
69218,0,0,0,0
2500533,0,0,0,0
3066292,0,0,0,0
2796169,80.27966516,0,0,0
582419,97.30868504,0,0,0
3230991,41.35619114,0,0,0
1916956,0,0,0,0
149715,0,0,0,0
2962065,53.51977677,0,0,0
659352,0,0,0,0
2991051,116.7704221,0,0,0
1932662,0,0,0,0
72000,0,0,0,0
3126698,29.19260551,0,0,0
1813879,0,0,0,0
641148,43.78890827,0,0,0
1345117,0,0,0,0
2733866,109.4722707,0,228.1244908,0
2921657,0,0,0,0
2801029,48.65434252,0,0,0
3421106,0,0,0,0
3026426,153.2611789,0,0,0
2735870,68.11607953,0,0,0
3141537,51.08705965,100.7931647,0,155.6308436
2583243,0,0,0,0
708113,238.4062784,0,0,0
2483402,0,0,0,0
2072412,0,0,0,0
445709,46.2216254,0,0,0
1694,41.35619114,0,0,0
2699430,0,0,0,0
112002,0,0,236.271794,0
39664,0,0,0,0
2183934,43.78890827,0,0,0
71667,31.62532264,0,0,0
3402289,0,0,0,0
1536769,0,0,0,0
595468,0,0,0,0
712528,0,0,0,0
1882831,31.62532264,0,0,0
2921631,0,0,0,0
1656,0,0,0,0
28214,0,0,0,0
3133974,0,0,0,0
1758189,160.5593303,0,0,0
189426,153.2611789,0,0,0
2995155,0,0,0,0
33907,0,0,0,0
447471,0,0,0,0
3059856,0,0,0,0
496,0,0,0,0
2894187,0,0,0,0
1522312,63.25064528,0,0,0
3435229,0,0,0,0
580459,0,248.1062515,0,0
1637837,0,0,0,0
2939437,26.75988839,0,0,0
2745482,0,0,0,0
2045200,0,294.6261737,0,0
1114970,0,0,0,0
1184720,26.75988839,0,0,0
2268449,0,0,0,0
642780,0,0,0,0
3240033,0,0,0,0
315953,0,0,0,0
66871,38.92347402,0,0,0
2682455,55.9524939,0,0,0
3078263,0,0,0,0
2681861,0,0,0,0
39692,0,0,0,0
3390038,0,0,0,0
37928,116.7704221,0,0,0
83462,0,0,0,0
929,0,0,130.3568519,0
3066291,0,0,0,0
399497,0,0,0,0
2921462,0,0,0,0
1411117,0,0,0,0
2817398,0,0,0,0
169427,0,0,0,0
2682091,29.19260551,0,0,0
2709400,26.75988839,0,0,0
1335613,145.9630276,0,0,0
1783515,31.62532264,0,0,0
2975650,291.9260551,0,0,0
1513468,36.49075689,0,0,0
370777,0,0,0,0
1387557,0,93.03984431,0,0
3400226,0,124.0531258,0,0
69328,0,0,0,0
871203,0,0,0,0
2778070,34.05803977,0,0,0
477697,0,0,0,0
2909285,41.35619114,0,0,0
2987689,0,0,0,0
233055,80.27966516,0,0,0
1855909,0,0,0,0
2584944,26.75988839,0,0,0
2777475,46.2216254,0,0,0
3397211,0,100.7931647,0,0
1839785,0,0,260.7137038,0
2758037,55.9524939,0,89.62033567,0
1906272,111.9049878,0,0,0
443156,77.84694803,0,0,0
3397245,121.6358563,0,0,0
258505,36.49075689,0,0,0
582680,0,0,0,0
2681469,46.2216254,77.53320359,0,0
34059,97.30868504,0,0,0
114527,41.35619114,0,0,0
2921556,104.6068364,0,0,0
1178482,0,0,0,0
173480,38.92347402,0,0,0
3447506,24.32717126,0,0,0
2650926,0,85.28652395,0,0
2865840,63.25064528,77.53320359,0,119.7160336
2769485,0,0,0,119.7160336
3028710,29.19260551,0,0,0
420952,0,0,162.9460649,0
1549855,0,0,0,0
659243,0,0,0,0
2975974,0,0,0,0
330734,0,0,0,0
3238634,0,0,0,0
3052846,0,0,0,0
441501,55.9524939,0,0,0
2231055,0,0,0,0
3239303,53.51977677,0,0,0
2976533,0,0,0,0
33040,262.7334496,0,0,0
2966586,41.35619114,0,0,0
2494701,0,0,0,0
256839,102.1741193,0,0,0
2662397,0,0,0,0
1077946,55.9524939,0,0,0
376149,0,0,0,0
639200,182.4537845,0,0,0
1517554,0,0,0,0
122358,0,0,0,0
2714949,75.41423091,0,0,0
3235037,0,186.0796886,0,0
35769,0,0,0,0
3394235,70.54879666,0,0,0
3111540,36.49075689,0,0,0
3444112,41.35619114,0,0,0
376489,36.49075689,0,0,0
2768165,0,0,358.4813427,0
93378,0,0,97.76763891,0
321983,0,0,0,0
112009,58.38521103,0,0,0
2675773,0,0,0,0
1707785,60.81792815,0,0,0
2079792,0,0,0,0
59277,0,0,0,0
485880,0,0,0,0
2592333,55.9524939,0,0,0
2822137,77.84694803,0,0,0
1494960,107.0395535,0,130.3568519,0
660522,63.25064528,0,0,0
254758,34.05803977,131.8064461,81.47303243,0
2714923,0,0,0,0
552,0,0,171.0933681,0
3118470,0,0,0,0
1636423,43.78890827,0,0,0
1655277,24.32717126,0,0,0
2812658,0,0,0,0
2978473,0,0,0,0
86174,0,0,0,0
1336806,0,0,0,0
2975898,0,0,0,0
2576930,92.44325079,0,0,0
2903686,63.25064528,0,0,0
1833852,102.1741193,0,0,0
3424133,0,186.0796886,0,0
1857215,55.9524939,0,0,0
3158549,0,0,0,0
2763006,41.35619114,0,0,0
55583,253.0025811,0,0,0
2975900,31.62532264,0,0,0
2576841,0,0,0,0
1813182,0,0,219.9771876,0
1823,0,0,0,0
298656,0,0,0,0
844,34.05803977,0,0,0
2921393,34.05803977,0,0,0
233100,0,0,0,0
2708110,0,0,0,0
318683,0,100.7931647,0,0
82135,133.7994419,0,130.3568519,0
478807,99.74140217,0,0,0
2493675,0,0,0,0
75658,26.75988839,0,0,0
75385,0,0,0,155.6308436
2780091,0,0,0,0
2744517,0,0,0,0
3240375,0,0,0,0
263819,24.32717126,0,0,0
2836161,0,0,0,0
261965,43.78890827,0,0,0
2708338,0,0,0,0
490,92.44325079,0,0,0
1732569,43.78890827,0,130.3568519,0
67282,0,0,0,0
2675788,0,0,0,0
78587,0,0,0,0
296842,111.9049878,0,0,0
2903710,48.65434252,0,0,0
82977,24.32717126,0,81.47303243,0
2903760,43.78890827,0,0,0
1343899,0,0,0,0
1427356,31.62532264,0,0,0
2895559,60.81792815,0,0,0
3039385,0,0,0,0
3045156,0,0,0,0
2866573,36.49075689,0,0,0
1582259,70.54879666,0,0,0
712710,31.62532264,0,0,0
2609417,38.92347402,0,0,0
2782674,0,0,0,0
762833,43.78890827,0,0,0
2017685,43.78890827,0,0,0
2883106,0,0,0,0
2785909,0,0,0,0
120576,0,0,0,0
3399573,0,0,0,0
2822844,43.78890827,0,0,0
2613770,0,0,0,0
3349333,0,0,0,0
187303,29.19260551,0,0,0
1771,0,0,0,0
445710,0,0,0,0
863,0,0,0,0
364410,48.65434252,0,0,0
2916633,92.44325079,0,0,0
2894079,0,0,0,0
2840467,238.4062784,0,0,0
2650157,48.65434252,0,0,0
2903640,46.2216254,0,0,0
3022676,0,0,0,0
2921427,0,0,0,0
42353,38.92347402,0,0,0
57037,0,0,0,0
1889,0,108.546485,0,0
2954093,0,0,0,0
2488560,0,0,0,0
2792084,0,0,0,275.3468772
1882749,0,0,0,0
1573718,0,0,0,0
2811111,0,0,97.76763891,0
2597660,26.75988839,0,0,0
413712,0,0,0,0
2917727,0,0,0,0
1646340,0,0,0,0
2516559,48.65434252,139.5597665,0,0
3114296,102.1741193,0,0,0
2821543,68.11607953,0,0,179.5740504
116598,0,0,0,0
3049047,0,0,0,0
1891279,72.98151378,0,0,0
2047724,0,77.53320359,0,0
56689,0,0,0,0
2684468,0,0,0,0
1391653,0,0,0,0
2918901,46.2216254,0,0,0
2494525,0,0,0,0
880,94.87596792,0,0,0
3394203,0,0,0,0
2937774,90.01053367,0,0,0
3039801,0,0,0,0
2921497,0,0,0,0
200450,150.8284618,0,0,0
415229,0,0,0,0
3066286,31.62532264,0,0,0
3238481,0,0,0,0
47671,92.44325079,0,0,0
3144103,68.11607953,0,0,0
1630135,0,0,0,0
2820808,46.2216254,0,0,0
191493,0,201.5863293,0,0
442,0,0,0,0
59930,0,0,0,0
413403,38.92347402,0,0,0
3047872,53.51977677,0,0,0
2911514,60.81792815,0,0,0
2709784,70.54879666,0,89.62033567,0
3117552,60.81792815,108.546485,0,0
915099,46.2216254,147.3130868,0,0
3418716,0,0,0,0
416169,0,0,0,0
2894202,0,0,0,0
3096218,0,100.7931647,0,0
2810348,24.32717126,124.0531258,0,131.6876369
3156397,31.62532264,0,0,0
657387,26.75988839,0,0,0
3133312,0,0,342.1867362,0
2653852,0,0,0,0
1886786,0,0,0,0
2953988,0,0,0,0
399736,0,0,0,0
2814576,29.19260551,0,0,0
1827285,0,0,0,0
2116510,0,0,0,0
2839623,0,0,301.45022,0
3031126,0,0,0,0
2718876,0,0,0,0
1295382,0,0,0,0
3391429,0,0,0,0
321265,0,0,0,0
2020312,38.92347402,0,0,0
146786,0,0,0,0
3036127,29.19260551,0,0,0
60847,114.3377049,0,0,0
2933562,0,0,0,0
1294143,0,0,0,0
1652495,60.81792815,0,0,0
1922222,48.65434252,0,122.2095486,0
3144104,0,100.7931647,0,0
1867749,0,0,0,203.5172571
3095607,211.64639,0,0,0
2905690,34.05803977,0,0,0
2997339,0,0,0,0
2705439,0,0,0,0
2692234,0,0,114.0622454,0
1416614,0,0,114.0622454,0
2678260,0,0,0,0
93219,0,0,0,0
2929795,0,0,0,0
1679096,0,0,0,0
2653853,0,0,0,0
1076124,31.62532264,0,0,0
3058373,41.35619114,0,0,0
1969806,26.75988839,0,0,0
2975956,0,0,0,0
46158,48.65434252,0,0,0
2604047,46.2216254,0,0,0
1967288,0,0,0,0
3404122,0,0,0,0
13160,0,0,0,0
2283318,0,0,0,0
141390,31.62532264,0,0,0
29483,72.98151378,0,0,0
638269,0,0,0,0
2917991,36.49075689,0,0,0
1592323,46.2216254,0,0,0
69223,36.49075689,93.03984431,0,0
3231715,0,0,0,0
3115648,31.62532264,0,0,0
488730,0,139.5597665,0,0
1420889,0,0,0,0
1670,90.01053367,0,0,0
227,97.30868504,0,0,0
1510150,0,0,0,0
68249,0,0,0,0
482957,29.19260551,0,0,0
1245436,0,0,0,0
1922330,197.0500872,0,0,0
3394330,0,0,0,0
1866326,0,0,0,0
247481,38.92347402,0,89.62033567,0
3350165,0,0,0,0
3342751,0,0,0,0
2837624,0,0,0,0
2796139,0,77.53320359,171.0933681,0
1827526,0,0,0,0
1950,55.9524939,0,0,0
2599401,0,0,0,0
67280,0,0,0,0
3039681,75.41423091,0,0,0
2903642,38.92347402,0,0,0
69968,0,0,81.47303243,0
553982,0,0,0,0
1003110,0,131.8064461,0,0
3166645,0,0,0,0
2565555,0,0,0,0
1392877,111.9049878,0,0,0
950,131.3667248,0,0,0
2675795,0,0,0,0
3024246,0,0,0,0
2813777,0,0,0,0
2004647,124.0685734,0,0,0
39647,0,0,0,0
1941349,36.49075689,100.7931647,0,0
3002903,0,100.7931647,81.47303243,0
2891570,0,0,0,0
3423954,60.81792815,0,0,0
3458239,0,0,0,0
446374,24.32717126,0,0,0
2509455,0,0,0,0
2126319,0,0,0,0
2849501,0,0,0,0
179637,0,0,0,0
2420313,0,0,0,0
98228,63.25064528,0,0,0
1324217,41.35619114,93.03984431,0,0
2956833,0,0,0,0
712116,0,0,0,0
1921187,0,0,0,0
252970,29.19260551,0,0,0
1134435,0,0,0,0
2901869,0,0,0,0
198252,0,0,0,0
2714936,0,0,0,0
2842453,38.92347402,0,0,0
2953750,41.35619114,0,0,0
2885079,0,0,0,0
171286,24.32717126,0,0,0
108080,63.25064528,0,0,0
3374190,238.4062784,0,0,0
107637,0,0,0,0
1605891,133.7994419,0,0,0
171285,58.38521103,0,97.76763891,0
627192,0,0,0,0
78448,0,0,0,0
2992244,0,0,0,0
2861802,0,0,0,0
2968057,0,0,0,0
2798724,0,108.546485,0,0
2749961,0,0,0,0
213231,0,85.28652395,0,0
1148509,34.05803977,0,0,0
2023772,0,0,81.47303243,0
2763338,0,0,0,0
3375356,0,0,0,0
692370,0,0,0,0
2782660,0,0,0,0
3135257,0,0,0,0
3141459,0,0,0,0
2975703,36.49075689,0,97.76763891,0
500,0,0,0,0
92402,0,0,187.3879746,0
2929490,0,124.0531258,171.0933681,0
3066294,0,0,0,0
105560,36.49075689,0,0,0
3239825,72.98151378,108.546485,0,0
3126689,0,0,81.47303243,0
3381356,38.92347402,124.0531258,0,0
481743,99.74140217,0,0,0
216465,0,0,0,0
3366815,26.75988839,0,0,0
2872154,85.14509941,0,0,0
3029061,150.8284618,0,0,0
2025351,36.49075689,0,0,0
1332264,0,0,0,0
1346,116.7704221,0,89.62033567,0
3059028,0,0,0,0
34029,0,0,0,0
649831,29.19260551,0,0,0
2846100,0,0,0,0
106412,34.05803977,0,0,0
2911538,63.25064528,0,0,0
1325111,0,0,0,0
497967,36.49075689,0,0,0
172044,0,0,0,0
3048582,289.493338,0,0,0
1915209,0,0,0,0
2831000,250.569864,0,0,0
155976,24.32717126,0,0,0
29419,43.78890827,0,0,0
2954608,0,0,0,0
3404055,43.78890827,0,81.47303243,0
3376061,70.54879666,0,0,0
2056258,0,0,0,0
1457153,51.08705965,0,0,0
2921386,218.9445413,0,0,0
1220542,0,0,0,0
2729135,94.87596792,116.2998054,0,0
795665,0,0,0,0
1922225,0,0,0,0
3446116,0,131.8064461,97.76763891,0
82803,24.32717126,0,0,0
2950074,48.65434252,93.03984431,0,0
75588,0,0,0,0
3133330,167.8574817,0,0,0
657323,0,0,0,0
2971912,29.19260551,0,0,0
3242979,29.19260551,0,0,0
401562,0,0,0,0
2759707,0,0,0,0
3132743,36.49075689,0,0,0
1914,92.44325079,0,0,0
185642,0,0,0,0
1852,167.8574817,85.28652395,0,0
2026189,0,0,0,0
3066316,0,0,0,0
3376685,34.05803977,155.0664072,0,0
1008152,0,0,0,0
2760705,0,0,0,0
55404,0,0,0,0
172043,0,0,0,0
803,70.54879666,0,0,131.6876369
2662361,0,0,146.6514584,0
3228789,0,0,0,0
3038546,0,0,0,0
1691903,48.65434252,0,0,0
2026624,0,0,0,0
2899220,41.35619114,0,0,0
3049774,58.38521103,0,0,0
3394751,0,0,0,0
698828,0,0,0,0
940615,34.05803977,0,0,0
2819994,0,0,0,0
3398703,0,0,105.9149422,0
1935379,0,178.3263683,0,0
1882918,0,93.03984431,97.76763891,0
2715163,58.38521103,0,89.62033567,0
3421656,24.32717126,0,0,0
679318,0,224.8462904,0,0
1112,0,0,0,0
396015,0,0,0,0
43306,0,0,0,0
3025665,38.92347402,0,0,0
342949,90.01053367,0,0,0
370111,29.19260551,0,0,0
386874,29.19260551,0,0,0
1576550,0,0,0,0
1912795,0,0,0,0
2479928,29.19260551,0,0,0
95485,0,0,0,0
1288495,0,0,0,0
3342386,24.32717126,0,0,0
63,0,0,0,0
77608,124.0685734,0,0,0
2903536,0,0,0,0
3120158,0,0,138.5041551,0
67854,65.6833624,0,81.47303243,0
2305220,0,0,0,0
2921647,104.6068364,0,0,0
338644,51.08705965,139.5597665,81.47303243,0
2975751,0,0,0,0
3068990,24.32717126,0,0,0
45498,228.6754099,0,0,0
304207,53.51977677,0,0,0
47865,0,248.1062515,0,0
2338073,85.14509941,0,0,0
1620385,0,0,0,0
1551649,29.19260551,0,0,0
2975349,0,0,0,0
1046043,0,0,0,0
2777984,0,0,0,0
3423949,104.6068364,0,0,0
3239955,0,0,0,0
43661,0,0,0,0
66374,55.9524939,0,0,0
285557,34.05803977,0,0,0
28152,116.7704221,77.53320359,0,0
1857890,0,0,0,0
1987921,34.05803977,0,97.76763891,0
2962671,0,100.7931647,97.76763891,0
182210,82.71238229,0,0,0
717785,0,0,0,0
2921721,0,0,0,0
1652028,0,0,0,0
3239980,0,0,0,0
1823759,41.35619114,0,0,0
1838286,60.81792815,0,0,0
2963939,0,0,0,0
2126352,29.19260551,0,0,0
887462,0,131.8064461,0,0
104336,0,0,0,0
2791991,0,0,0,0
2576756,0,0,0,0
1911175,53.51977677,0,0,0
2785908,0,0,0,0
2171623,34.05803977,0,0,0
2820817,51.08705965,93.03984431,0,0
1982291,0,0,0,0
2049589,36.49075689,0,0,0
81475,0,0,0,0
349096,38.92347402,0,0,0
2878535,0,0,0,0
1179675,0,0,0,0
2077101,63.25064528,0,0,0
2883246,26.75988839,0,0,0
53458,116.7704221,0,0,0
2017486,0,0,0,0
194196,34.05803977,0,0,0
2316736,70.54879666,0,0,0
3096605,43.78890827,0,0,0
2854260,0,0,0,0
2502979,0,0,0,0
2903878,38.92347402,0,0,0
3081199,75.41423091,0,0,0
1494466,0,0,0,0
421628,0,0,0,0
2909283,0,0,0,0
2757,26.75988839,0,0,0
2884876,31.62532264,0,0,0
3019553,24.32717126,0,0,0
2975714,0,0,0,0
2666100,63.25064528,0,0,0
3383698,43.78890827,0,0,0
931537,0,77.53320359,0,0
2810479,0,0,0,143.6592403
2989684,0,0,0,0
3031727,0,0,0,0
2735795,238.4062784,0,0,0
2744574,0,0,0,0
2787628,43.78890827,0,81.47303243,0
228229,94.87596792,0,0,0
2813827,24.32717126,0,0,0
3133316,133.7994419,0,0,0
2919598,65.6833624,0,0,0
2726118,0,0,0,0
2054410,0,0,0,0
2976000,0,0,0,0
1870820,38.92347402,0,0,0
310575,0,0,0,0
171287,0,0,0,0
2594474,97.30868504,0,0,0
3403460,0,0,0,0
2650975,99.74140217,0,0,0
1172565,31.62532264,0,0,0
3239917,0,0,0,0
3015951,304.0896408,0,0,0
2975723,0,0,146.6514584,0
3139392,38.92347402,0,0,0
1280948,0,0,0,0
3349638,36.49075689,0,0,0
2903716,29.19260551,0,0,0
314722,0,0,0,0
2903863,0,93.03984431,0,0
2866628,0,0,0,0
68174,0,0,0,0
3078812,31.62532264,0,219.9771876,0
582702,0,0,0,0
234831,0,0,0,0
2929515,0,0,0,0
3131993,31.62532264,0,0,0
2763071,0,0,0,0
103621,0,0,0,0
2763317,0,0,0,0
1295642,0,0,89.62033567,0
2921416,138.6648762,0,0,0
2903824,0,0,0,0
513223,70.54879666,0,0,0
493,0,0,0,0
2211210,0,131.8064461,105.9149422,0
37931,0,0,0,0
3400909,0,0,0,0
638849,36.49075689,0,0,0
2057,0,0,0,0
47759,36.49075689,0,0,0
2944234,53.51977677,0,0,0
3389070,0,0,0,0
3060806,38.92347402,0,0,0
3132938,0,0,0,0
3136564,94.87596792,0,0,0
1660073,63.25064528,0,81.47303243,0
2755382,51.08705965,0,0,0
679663,46.2216254,93.03984431,0,0
2025349,24.32717126,0,0,0
2746,0,0,89.62033567,0
673860,0,0,0,0
292913,0,0,0,0
1222016,0,0,0,0
1141657,0,0,0,0
65741,0,0,0,0
946334,46.2216254,0,0,0
1608628,0,0,0,0
2961893,0,0,0,0
271065,0,0,0,0
2903890,0,0,0,0
2976680,0,0,0,0
3078265,0,0,0,0
2733904,0,0,0,0
119542,24.32717126,0,0,0
3004095,0,0,0,0
3142262,0,0,0,0
2653850,0,0,0,0
2528019,41.35619114,0,0,0
2781021,0,0,154.7987616,0
2830992,0,0,0,0
85874,0,0,0,0
2981789,0,201.5863293,0,0
1005665,80.27966516,0,89.62033567,0
470868,0,0,0,0
2419844,0,0,0,0
2921619,197.0500872,0,0,0
1702221,0,0,97.76763891,0
34070,29.19260551,0,0,0
93973,0,0,0,0
2929514,128.9340077,0,0,0
2720714,0,93.03984431,0,0
3073064,0,0,0,0
3435412,0,0,0,0
550984,51.08705965,0,0,0
1967783,0,124.0531258,0,0
2778082,0,116.2998054,0,0
1420916,0,0,0,0
3402778,29.19260551,0,0,0
944492,43.78890827,0,0,0
555317,51.08705965,0,0,0
2762611,0,0,0,0
61858,0,0,0,0
86183,0,0,0,0
2822760,41.35619114,108.546485,0,0
2921587,0,0,0,0
2903578,0,0,0,0
46165,0,0,0,0
1967666,0,0,0,0
3421654,29.19260551,0,0,0
3060183,0,0,0,0
2571148,36.49075689,0,81.47303243,0
3428204,0,131.8064461,162.9460649,0
2748871,0,0,244.4190973,0
1851505,26.75988839,0,0,0
256325,0,100.7931647,0,0
2609668,58.38521103,0,0,0
2879620,0,0,0,0
683846,46.2216254,0,0,0
35790,294.3587723,0,0,0
656179,34.05803977,100.7931647,0,0
3415679,0,0,0,0
573600,0,0,0,0
2983836,31.62532264,0,0,0
33918,0,0,0,0
2942997,128.9340077,0,0,0
2949664,31.62532264,0,0,0
1521117,0,0,0,0
2613773,0,0,0,0
2911208,0,0,0,0
2831662,0,0,0,0
59310,0,201.5863293,0,0
543877,43.78890827,0,0,0
2975700,34.05803977,93.03984431,0,0
1667239,46.2216254,93.03984431,0,0
3075199,26.75988839,147.3130868,0,0
2903808,0,0,0,0
1895,46.2216254,0,0,0
1267766,0,0,0,0
3016093,0,0,187.3879746,0
2903680,0,0,0,0
2977320,0,0,0,0
2903879,0,0,0,0
650378,0,93.03984431,0,0
129817,34.05803977,0,0,0
2776706,99.74140217,0,0,0
1855880,0,0,0,0
2903682,0,0,130.3568519,0
3073562,0,0,0,0
3237298,0,0,0,0
1470176,34.05803977,0,0,0
1776741,114.3377049,0,0,0
1585697,0,0,0,0
3240102,0,0,0,0
889300,0,0,0,0
1969821,0,0,0,0
1778675,0,0,0,0
1813451,0,0,0,0
2770234,34.05803977,0,0,0
3404065,24.32717126,0,0,0
13076,0,0,0,0
2565531,0,0,0,0
2954532,0,0,0,0
3434353,65.6833624,0,0,0
3077923,0,0,0,0
3234144,0,0,0,0
2975720,0,0,0,0
2842348,0,0,0,0
2758710,0,0,114.0622454,0
1292359,289.493338,0,0,0
2860336,0,0,0,0
135079,0,93.03984431,114.0622454,0
1725411,0,0,0,0
1971397,0,0,0,0
2740464,26.75988839,0,0,0
3094835,60.81792815,0,0,0
905,0,0,0,0
1234606,0,77.53320359,0,0
67351,0,0,0,0
29389,55.9524939,0,0,0
2994492,0,0,0,0
1702238,0,0,146.6514584,0
2714932,0,0,0,0
2293571,0,0,0,0
1658665,0,108.546485,0,0
2854261,0,0,0,0
2954726,0,0,0,0
3048353,0,0,0,0
2975866,65.6833624,0,0,0
1552990,0,0,0,0
81032,0,0,0,0
3047825,0,0,81.47303243,0
3230971,38.92347402,0,0,0
2724469,0,0,0,0
3237706,0,0,0,0
1858653,116.7704221,0,0,0
1082851,0,0,0,0
2714939,24.32717126,0,0,0
2742132,0,0,0,0
322509,0,0,0,0
630515,31.62532264,0,0,0
3411354,165.4247646,0,0,0
3416606,0,0,0,0
359110,0,147.3130868,0,0
2724151,0,0,0,0
2743575,0,0,0,0
3114394,0,0,0,0
302406,26.75988839,0,0,0
2060066,0,0,0,0
1938606,51.08705965,108.546485,0,0
2067958,0,0,0,0
3151598,0,0,285.1556135,0
1670830,0,0,0,0
2014920,0,0,0,0
2883107,119.2031392,0,0,0
3028298,70.54879666,0,89.62033567,0
517398,0,0,0,0
1076596,26.75988839,0,0,239.4320671
2839983,43.78890827,0,0,0
2867233,0,0,0,0
2916410,0,0,0,0
3081768,26.75988839,0,0,0
2734103,0,0,0,0
1446794,0,0,0,0
2583231,43.78890827,0,0,0
2364787,0,0,0,0
3131938,29.19260551,0,0,0
291990,36.49075689,0,0,0
1472345,63.25064528,0,0,0
3416710,0,0,0,119.7160336
2867021,0,0,0,0
1002689,65.6833624,0,0,0
2588535,24.32717126,0,0,0
2108399,48.65434252,0,89.62033567,0
2921385,0,0,0,0
2027919,0,0,0,0
3021710,0,0,0,0
1274,0,0,0,0
2587849,34.05803977,0,0,0
3256999,0,0,0,0
1296669,0,0,0,0
2903564,0,0,0,0
2823317,34.05803977,147.3130868,0,0
931099,0,0,0,0
3077584,155.6938961,0,0,0
2264,26.75988839,0,0,0
3095606,0,0,0,0
538220,51.08705965,0,0,0
3082531,0,0,0,0
40988,0,0,0,0
418701,0,0,0,0
187327,41.35619114,85.28652395,0,0
1608996,24.32717126,0,0,0
1796921,48.65434252,0,0,0
2950872,0,0,0,0
1852374,46.2216254,0,0,0
2907159,0,0,0,0
2810513,0,0,0,0
2726434,65.6833624,0,0,0
2547399,46.2216254,0,0,0
2702,0,0,0,0
2587851,0,0,0,0
2975672,0,0,0,0
2942449,0,0,97.76763891,0
1464011,0,0,0,0
2678261,0,0,0,0
485898,0,93.03984431,0,0
2714941,0,0,0,0
3049543,0,0,0,0
3382192,0,0,0,0
2739433,0,0,0,0
2978392,0,0,0,0
187491,0,108.546485,0,0
945844,0,0,0,0
3238798,55.9524939,0,0,0
3058394,31.62532264,0,0,0
2903643,0,0,0,0
3133285,0,0,0,0
2004644,126.5012906,0,0,0
1819725,0,0,0,179.5740504
3233335,0,0,0,0
2575923,0,0,0,0
2698684,0,0,0,0
54297,0,0,0,0
1849967,75.41423091,0,0,0
699041,265.1661667,0,0,0
1670831,0,0,0,0
1792846,34.05803977,0,0,0
475662,0,0,0,0
2678259,0,0,0,0
2937800,0,170.5730479,0,0
35768,0,77.53320359,146.6514584,0
1432056,82.71238229,0,0,0
47878,0,0,138.5041551,0
2921379,0,0,0,0
1854057,0,0,105.9149422,0
2587844,0,0,0,0
1216297,38.92347402,0,0,0
1690220,0,0,0,0
50339,48.65434252,0,0,0
2509457,0,0,0,0
2567934,136.2321591,0,0,0
68278,0,147.3130868,0,0
1429914,0,124.0531258,0,0
2058133,0,0,0,0
2675772,0,0,0,131.6876369
1938607,0,0,0,0
3236805,41.35619114,0,0,0
129958,31.62532264,0,0,0
618,70.54879666,0,0,0
370405,0,0,0,0
2714937,0,0,0,0
1325564,63.25064528,0,97.76763891,0
2742602,0,0,162.9460649,0
3139329,0,0,0,0
3427229,274.8970352,0,0,0
76862,0,0,0,0
134536,0,0,0,0
1545835,177.5883502,0,0,0
1704044,58.38521103,0,0,0
2734193,0,108.546485,114.0622454,0
2903704,75.41423091,0,0,0
391905,24.32717126,0,0,0
3040201,0,0,0,0
29468,155.6938961,0,0,0
3096079,0,0,0,0
1884907,55.9524939,0,0,0
886343,0,0,0,0
1756988,0,0,0,0
47879,0,0,0,0
2026194,0,93.03984431,0,0
700274,131.3667248,0,0,0
3108822,29.19260551,0,0,0
631362,0,0,0,0
2710756,55.9524939,0,0,0
2493681,0,0,0,0
2857060,0,0,0,0
2952527,0,0,0,0
2985511,0,0,0,0
2994495,0,0,0,0
1056807,0,0,0,0
1982042,0,0,0,0
83555,31.62532264,0,0,0
3046383,53.51977677,0,0,0
2867410,26.75988839,0,0,0
682798,0,0,0,0
2860237,0,0,0,0
3406419,0,0,0,0
2715735,0,0,0,0
2999067,0,0,0,0
1911,0,0,0,0
312285,0,77.53320359,0,119.7160336
75294,70.54879666,0,0,0
36822,0,0,0,0
2560058,0,0,0,0
3417741,65.6833624,0,0,0
241368,68.11607953,0,0,0
2736649,0,0,0,0
3056733,0,0,0,0
3050126,0,0,0,0
35701,41.35619114,77.53320359,0,0
3158972,34.05803977,0,0,0
525917,46.2216254,0,0,0
39691,34.05803977,0,0,0
2995166,43.78890827,0,0,0
754429,0,0,0,0
3073271,43.78890827,0,0,0
3089814,0,0,0,0
40318,0,0,0,0
1763828,0,0,0,0
2280,0,0,0,0
2774190,48.65434252,0,0,0
2923375,53.51977677,108.546485,0,0
29288,0,0,0,0
142649,0,100.7931647,0,0
1505596,0,0,0,0
3058419,0,0,0,0
2820002,0,0,0,0
3060313,0,0,0,0
3036128,0,0,0,0
1544730,26.75988839,0,0,0
1643322,0,0,0,0
1436133,0,0,0,0
1198456,0,0,0,0
2057791,0,0,0,0
3452799,0,0,0,0
1849580,29.19260551,0,0,0
53409,41.35619114,0,0,0
48221,0,0,0,0
1679444,48.65434252,0,0,0
2903651,0,0,0,0
2978974,0,0,0,0
337191,0,0,0,0
1385715,38.92347402,0,0,0
3432289,43.78890827,0,0,0
116759,0,0,0,0
84405,80.27966516,0,0,0
345370,0,0,0,0
3402868,0,0,0,0
446860,0,0,0,0
33914,0,0,0,0
2591109,0,0,0,0
348043,0,0,0,0
3403457,0,0,0,0
2674997,36.49075689,0,0,0
3035514,0,155.0664072,0,0
1286180,0,0,0,0
2676077,0,0,0,0
237612,0,0,0,0
2764186,0,0,0,131.6876369
546871,0,0,0,0
3061286,31.62532264,0,0,0
2966552,97.30868504,0,0,0
2654218,214.0791071,0,0,0
3062783,0,0,0,0
381829,0,0,0,0
1416806,77.84694803,0,0,0
3051092,0,0,0,0
307486,0,0,0,0
3389872,0,0,0,0
2709403,0,0,0,0
33865,90.01053367,0,0,0
1620215,34.05803977,0,0,0
3435000,158.1266132,0,0,0
521720,0,0,0,0
1903186,0,0,0,0
43771,80.27966516,0,0,0
491950,31.62532264,0,0,0
2654248,0,0,0,0
3456954,70.54879666,0,0,0
180400,0,0,0,0
2975809,0,0,0,0
1141883,0,0,0,0
1404799,0,0,0,0
2998080,0,0,0,0
1664560,0,0,0,0
712633,0,0,0,0
362257,0,0,0,0
39689,0,0,0,0
2493678,0,0,0,0
3457357,26.75988839,0,0,0
2806442,143.5303104,0,0,0
68192,0,0,0,0
1376,34.05803977,0,0,0
3069105,0,0,0,0
1821625,0,0,0,0
3064349,143.5303104,0,0,0
3239931,0,0,0,0
2482769,0,0,0,0
1016987,24.32717126,0,0,0
3341793,170.2901988,0,0,0
2939413,0,0,0,0
1045317,0,93.03984431,0,0
1076550,41.35619114,0,0,0
665007,0,0,0,0
3069708,0,0,0,0
92404,0,0,0,0
166935,0,0,0,0
2811227,0,0,0,0
3430558,0,0,0,0
712122,0,0,0,0
1653478,0,0,0,0
3344655,43.78890827,0,0,0
3110539,92.44325079,0,0,0
2991715,48.65434252,0,0,0
1944,0,0,0,0
3003483,0,0,0,0
3073268,0,0,0,0
2975987,0,0,0,0
3016103,0,0,0,0
338188,55.9524939,0,0,0
2840180,34.05803977,0,81.47303243,0
649841,60.81792815,0,0,0
3040605,128.9340077,0,0,0
3388492,0,0,0,0
2733867,0,0,138.5041551,0
870,0,147.3130868,0,0
2903574,0,0,0,0
3040935,29.19260551,0,0,0
28091,31.62532264,0,0,0
607711,0,0,0,0
278153,0,0,0,0
28047,0,0,0,0
1470200,31.62532264,0,0,0
955,107.0395535,0,0,0
3047737,0,155.0664072,0,0
100225,0,0,81.47303243,0
2011015,0,85.28652395,0,0
1936990,29.19260551,0,0,143.6592403
3120520,0,0,0,0
2949637,0,0,0,0
357233,0,85.28652395,81.47303243,0
1562974,36.49075689,0,0,0
3062779,55.9524939,0,0,0
3453405,0,0,0,0
1806891,41.35619114,0,0,0
3133329,0,0,105.9149422,0
2714938,0,0,0,0
2831895,0,0,0,0
3240934,0,0,0,0
416273,51.08705965,0,0,0
3400272,0,0,0,0
80852,0,0,0,0
511746,46.2216254,0,0,0
2493673,0,0,0,0
1607,34.05803977,0,0,0
3110231,0,0,0,0
575200,0,0,0,0
1803865,0,0,0,0
2975896,114.3377049,0,0,0
86173,24.32717126,0,0,0
3042152,46.2216254,0,0,0
301585,48.65434252,0,0,0
2006110,53.51977677,0,0,0
2059672,0,0,0,0
2806553,0,85.28652395,0,0
2724527,0,0,0,0
3101273,31.62532264,0,0,0
3395918,0,0,0,0
3424769,0,0,0,0
2742603,0,0,0,0
2497989,48.65434252,0,0,0
2903652,0,0,0,0
1415657,0,0,0,0
2980557,0,147.3130868,0,0
1389020,0,0,0,0
1930622,0,0,0,0
2819979,0,0,0,0
1565,99.74140217,0,0,0
3391424,0,0,0,0
2898276,29.19260551,131.8064461,0,0
2584940,46.2216254,147.3130868,0,0
1192162,24.32717126,0,0,0
65700,38.92347402,0,0,0
1578165,0,0,0,0
3024400,0,0,0,0
1871025,92.44325079,0,0,0
3081984,0,0,0,0
767452,0,0,0,0
623,0,0,0,0
2954025,0,0,0,0
3028374,0,0,0,0
2138101,0,77.53320359,0,0
1967782,48.65434252,85.28652395,0,0
370324,0,0,0,0
299146,0,0,0,0
3133089,0,0,0,0
3137398,0,0,0,0
220927,29.19260551,0,0,0
553510,29.19260551,93.03984431,0,0
2293567,0,0,0,0
428712,0,0,0,0
2126346,0,0,0,0
2954012,0,0,0,0
1266771,0,0,0,0
2885078,41.35619114,0,0,0
2034769,90.01053367,0,0,0
152500,0,0,0,0
3404048,0,0,0,0
3238807,102.1741193,0,0,0
2487887,0,0,0,0
2758572,0,0,0,0
3023518,0,0,0,0
2963406,31.62532264,0,0,0
1526572,0,0,0,0
3230989,0,0,0,0
3389970,0,0,0,0
2942909,0,0,0,0
1641402,0,0,0,0
85693,0,0,0,0
2872646,0,0,0,0
3075837,0,0,0,0
3445771,0,0,0,0
2978127,0,0,0,0
3076764,0,0,0,0
1924941,0,0,0,0
2016596,0,0,0,0
2879149,36.49075689,0,0,0
2729725,0,0,0,0
2962064,29.19260551,0,0,0
769,0,0,0,0
3239891,0,0,0,0
2994951,0,0,0,0
1515595,0,0,130.3568519,0
67332,0,0,0,0
2905879,0,0,0,0
2487928,0,0,0,0
75659,0,108.546485,0,0
3114999,0,0,0,0
2547601,0,0,0,0
28094,0,0,0,0
2884264,0,0,0,0
90245,31.62532264,0,0,0
2953881,0,0,0,0
3405419,0,0,114.0622454,0
55510,0,0,0,0
3459196,0,0,0,0
2903822,0,0,0,0
57497,36.49075689,0,0,0
2705472,31.62532264,0,0,0
164393,36.49075689,93.03984431,0,0
454662,99.74140217,0,0,0
212663,0,0,0,0
68909,0,124.0531258,0,0
2850562,0,0,0,0
2811415,0,0,0,0
487698,0,0,0,0
2989732,0,0,0,0
451876,0,0,0,0
1176646,0,0,0,0
2851959,0,0,0,0
2871688,0,0,0,0
1586233,0,0,0,179.5740504
3133336,77.84694803,0,0,0
2930091,55.9524939,0,0,0
3384159,0,0,0,0
2964606,0,0,0,0
1804990,43.78890827,0,0,0
1534348,41.35619114,0,0,0
2971264,24.32717126,0,0,0
2109328,0,0,0,0
3060064,0,0,0,0
1536775,238.4062784,0,0,0
2903663,238.4062784,0,0,0
2675794,0,0,0,0
2597769,41.35619114,0,0,0
2078691,0,0,0,0
2382165,43.78890827,0,0,0
402297,0,0,0,0
2819978,0,0,0,0
3409994,0,0,0,0
3131933,51.08705965,0,0,0
391613,0,0,0,0
2870339,46.2216254,0,0,0
2055892,0,0,0,0
2921677,34.05803977,0,0,0
2657486,0,0,0,0
1069221,0,0,0,0
2822847,0,0,0,0
2587808,0,0,0,0
1472,51.08705965,0,0,0
3042028,0,0,236.271794,0
2742135,0,0,0,0
1670455,0,0,0,0
3108176,0,0,0,0
710648,0,0,0,0
622,58.38521103,0,0,0
2759954,60.81792815,0,0,0
2912242,0,0,0,0
128,55.9524939,0,0,0
136857,58.38521103,0,0,0
1071679,0,0,0,0
1914461,0,0,0,0
3243373,0,0,0,0
1545702,87.57781654,0,0,0
265960,31.62532264,0,114.0622454,0
74329,0,0,0,0
1795032,0,0,0,0
63561,0,0,0,0
1173586,34.05803977,0,0,0
2903747,0,0,0,0
2590021,167.8574817,0,0,0
3239963,0,0,0,0
2829499,0,0,0,0
1859,26.75988839,0,0,0
3057122,0,0,0,0
3056444,72.98151378,0,0,0
219314,0,0,0,0
2954741,233.5408441,0,0,0
29489,36.49075689,0,0,0
2975903,31.62532264,0,0,0
2548456,43.78890827,0,0,0
2742137,26.75988839,0,0,0
2917724,0,0,0,0
2867264,34.05803977,100.7931647,0,0
2812647,165.4247646,0,0,0
666685,0,0,0,0
2483403,0,0,0,0
2563897,90.01053367,0,0,0
3394334,0,0,0,0
321984,92.44325079,0,0,0
563,119.2031392,0,0,0
3123041,53.51977677,0,0,0
3042320,0,0,0,0
3388843,41.35619114,0,130.3568519,0
882824,0,0,0,0
2051957,0,77.53320359,138.5041551,0
1653839,0,0,0,0
285562,0,0,0,0
271865,26.75988839,0,0,0
61592,0,0,0,0
2903769,0,0,0,0
2675781,0,93.03984431,114.0622454,0
1268041,0,0,0,0
2964610,0,209.3396497,0,0
1743174,34.05803977,100.7931647,0,0
3113984,0,0,0,0
2994661,0,0,0,0
2903589,0,0,0,0
3004094,72.98151378,0,0,0
2185142,24.32717126,0,97.76763891,0
36818,0,0,0,0
2100821,0,0,0,0
3057057,70.54879666,0,0,0
3453032,0,0,0,0
1985176,0,0,0,0
67258,0,0,0,0
2675877,68.11607953,0,0,0
2230878,46.2216254,0,0,0
1796620,55.9524939,0,0,0
188770,43.78890827,0,0,0
3421955,0,0,0,0
34095,0,93.03984431,0,0
44742,46.2216254,0,0,0
251701,0,0,0,0
3072977,55.9524939,0,97.76763891,0
2020,36.49075689,0,0,0
217,24.32717126,0,0,0
2755400,55.9524939,0,0,0
1907575,46.2216254,0,0,0
3415676,0,0,0,0
255519,0,0,0,0
3060070,0,77.53320359,0,0
2932249,0,0,0,0
3446363,0,0,0,0
2796140,226.2426927,0,0,0
3122054,0,0,0,0
3040076,36.49075689,0,0,0
486698,26.75988839,0,0,0
2579791,0,0,0,0
227605,0,0,0,0
3039157,0,0,0,0
1094,0,0,0,0
1047172,0,0,0,0
1353889,0,0,0,0
2942996,0,0,0,0
2482763,0,0,0,0
873,34.05803977,0,0,0
2711156,0,0,0,0
2903960,0,0,0,0
3385497,0,77.53320359,0,0
720,58.38521103,0,0,0
2565926,143.5303104,0,0,0
120,26.75988839,0,0,0
3453033,0,85.28652395,0,0
2967972,41.35619114,85.28652395,0,0
2059264,58.38521103,0,0,0
2903790,26.75988839,0,0,0
664662,0,0,0,0
3096006,0,0,0,0
1307761,75.41423091,0,0,0
1230341,77.84694803,0,0,0
2026,41.35619114,0,0,0
2874846,26.75988839,0,0,0
3239979,0,0,0,0
2844242,0,0,0,0
38322,0,0,0,0
2975964,0,0,0,0
2878150,0,0,0,0
3240036,82.71238229,0,0,0
1232428,24.32717126,0,0,0
2592655,0,85.28652395,0,0
1389223,0,0,0,0
3420932,0,0,0,0
1102,34.05803977,0,0,0
2867005,0,0,0,0
2975642,0,0,0,0
280,0,0,0,0
63363,0,0,0,0
589382,36.49075689,0,0,0
2341112,0,0,0,0
3373598,0,0,0,0
370526,63.25064528,0,0,0
2975940,0,0,0,0
3133697,0,0,0,0
1395951,0,85.28652395,0,0
1071080,0,0,0,0
1894969,0,0,0,0
2994496,29.19260551,0,0,0
3144669,29.19260551,0,0,0
3241166,34.05803977,0,0,0
3066239,0,0,0,0
2903582,34.05803977,0,0,0
3366811,0,0,0,0
2714844,0,0,0,0
2493677,0,0,0,0
2654282,0,0,0,0
3019934,221.3772585,0,0,0
2903649,46.2216254,0,0,0
2919917,24.32717126,0,0,0
2975985,0,0,0,0
2219057,75.41423091,0,0,0
1224749,0,0,0,0
214851,0,0,0,0
415996,0,0,0,0
2975923,0,0,0,0
477976,75.41423091,0,0,0
2029117,0,0,0,0
3133279,104.6068364,0,0,0
3400273,41.35619114,0,0,0
1866,0,0,0,0
169292,80.27966516,0,0,0
33995,51.08705965,0,0,0
3243370,0,0,0,0
3404117,75.41423091,0,0,0
83265,0,0,0,0
2975972,0,0,0,0
29485,31.62532264,0,0,0
1652545,0,0,0,0
3048622,0,0,0,167.602447
68274,0,0,0,0
53522,34.05803977,0,0,0
2986947,29.19260551,0,0,0
400770,0,0,0,0
152260,29.19260551,0,0,0
372663,0,0,0,0
2831894,0,0,0,0
2937433,218.9445413,0,0,0
3079556,0,0,0,0
2726989,26.75988839,0,0,0
2738867,55.9524939,0,0,0
785,26.75988839,0,0,0
3378087,145.9630276,0,0,0
1606,0,0,0,0
1027966,58.38521103,0,0,0
2949093,0,0,0,0
2057800,0,0,0,0
1004901,60.81792815,0,0,0
2979324,0,0,0,0
3388313,0,0,0,0
2499144,0,0,0,0
2508307,0,0,0,0
163011,43.78890827,0,0,0
568869,0,0,0,0
1751046,46.2216254,0,0,0
1968775,36.49075689,85.28652395,0,0
2806262,0,0,0,0
3384452,0,0,0,0
49118,34.05803977,0,114.0622454,0
3052810,0,0,0,0
2931976,0,0,130.3568519,0
948,65.6833624,0,0,0
2614538,0,0,0,0
2752475,0,0,0,0
47854,97.30868504,0,0,0
2975712,0,0,0,0
1720083,72.98151378,0,89.62033567,0
1049,0,0,0,0
108010,0,0,0,0
2052484,94.87596792,0,0,0
2420509,0,0,0,0
447217,0,0,0,0
2003121,0,0,0,0
1400865,65.6833624,0,0,0
55208,80.27966516,0,0,0
46677,0,0,0,0
518,0,0,0,0
2714934,0,93.03984431,0,0
2304190,0,0,0,0
3417757,0,0,0,0
81479,36.49075689,0,0,0
2498704,0,0,0,0
2789425,0,0,0,0
2683193,0,0,0,0
436397,0,0,0,0
1736306,0,0,0,0
3133304,0,147.3130868,0,0
3177515,0,0,0,0
2798804,29.19260551,0,0,0
2917691,36.49075689,0,0,0
1891094,0,0,0,0
2955235,0,116.2998054,0,0
2871820,0,0,0,0
2864205,63.25064528,0,0,0
3433152,0,0,146.6514584,0
2975783,41.35619114,0,0,0
3066314,34.05803977,0,0,0
2591145,0,0,0,0
2867014,0,0,0,0
3110772,0,0,0,0
3064529,0,0,0,0
2005885,0,0,0,0
2975991,0,0,0,0
412963,0,85.28652395,0,0
187880,0,0,0,0
2067960,0,0,0,0
3457761,0,0,0,0
2740185,0,0,0,0
3240070,0,0,0,0
2752515,0,0,0,0
2173853,70.54879666,0,0,0
2692125,0,0,0,0
2975784,0,0,0,0
3015152,107.0395535,0,0,0
3426242,0,0,0,0
87791,0,0,0,0
3078441,0,0,130.3568519,0
3239995,0,0,0,0
3075430,0,0,0,0
1331682,0,0,0,0
2282738,43.78890827,0,0,0
256821,0,0,0,0
2903835,36.49075689,0,0,0
2758724,0,0,0,0
3141462,0,0,0,0
2716226,0,0,0,0
2962047,24.32717126,0,0,0
686309,0,0,0,0
77125,87.57781654,0,0,0
2795387,0,0,0,0
3377529,0,0,0,0
165096,77.84694803,0,0,0
2493093,0,0,0,0
3026161,0,0,0,0
117567,43.78890827,0,0,0
2668067,34.05803977,0,0,0
2907343,60.81792815,0,0,0
3410987,0,0,0,0
6035,43.78890827,0,0,0
322095,0,0,0,0
136996,0,0,0,0
3015167,0,0,0,0
2973977,0,0,0,0
1842537,29.19260551,0,0,0
3020906,0,0,0,0
3153928,24.32717126,0,0,0
2498452,0,0,0,0
3133302,0,0,0,0
1735038,0,0,0,0
2589074,34.05803977,0,0,0
1628392,87.57781654,0,0,0
2028345,0,0,0,0
483545,0,0,0,0
2849093,167.8574817,0,0,0
3019889,0,0,0,0
2704468,0,0,0,0
3133976,0,0,0,0
1331258,53.51977677,0,0,0
676208,36.49075689,100.7931647,0,0
2842355,0,0,0,0
2982615,0,0,0,0
2903885,24.32717126,0,0,0
2952525,26.75988839,0,0,0
76021,0,0,0,0
2918527,170.2901988,0,0,0
2864211,0,0,0,0
2751170,0,0,0,0
2996004,0,0,0,0
2202000,0,0,0,0
1962974,0,0,0,0
1860122,0,0,0,0
3428176,0,0,0,0
2762323,0,0,0,0
2576928,107.0395535,0,0,0
59748,46.2216254,0,0,0
33992,0,0,0,0
1612435,0,0,0,0
3080983,0,0,0,0
1842532,24.32717126,0,0,0
2587846,0,0,0,0
3084920,0,0,0,0
2820884,0,0,0,0
3342249,36.49075689,0,0,0
39688,0,0,0,0
2654189,0,0,0,0
2898,109.4722707,0,0,0
2486855,31.62532264,0,0,0
227318,0,0,0,0
28117,0,0,130.3568519,0
3240912,0,0,0,0
1046114,0,0,0,0
546114,0,0,0,0
3404063,206.7809557,0,0,0
2975702,0,0,0,0
3120264,24.32717126,0,0,0
2975934,0,0,0,0
3158143,0,0,0,0
2949090,0,0,0,0
2708079,0,0,0,0
3394234,34.05803977,77.53320359,0,0
3229851,0,0,0,0
76853,80.27966516,0,0,0
797277,0,0,0,0
1867408,0,0,0,0
2567881,0,0,0,0
604088,0,0,0,0
2975756,0,0,0,0
76731,0,0,0,0
3095075,0,0,0,0
46189,0,0,0,0
1911587,124.0685734,0,0,0
2903889,0,0,0,0
2816956,0,0,0,0
1582356,0,0,0,0
3078264,29.19260551,0,0,0
2674991,68.11607953,0,0,0
2756133,0,0,0,0
1175444,26.75988839,0,0,0
67367,0,0,0,0
3060047,0,0,0,0
329,0,0,0,0
1703340,0,0,0,0
3350175,48.65434252,0,0,0
1561005,24.32717126,0,0,0
1961713,85.14509941,0,0,0
3003272,75.41423091,0,0,0
637971,34.05803977,0,0,0
569860,0,0,0,0
302484,0,0,0,131.6876369
2845508,0,0,0,0
2762325,0,0,0,0
332657,0,0,0,0
92947,0,0,0,0
712471,85.14509941,0,0,0
1907662,0,0,0,0
3034025,0,0,0,0
2921437,0,0,0,0
1249101,26.75988839,0,0,0
2020377,0,0,0,0
3344656,0,0,0,0
2811423,0,0,0,0
2766701,38.92347402,0,0,0
284035,201.9155215,0,0,0
3108391,0,0,0,0
190721,51.08705965,0,0,0
400065,48.65434252,0,0,0
1906741,0,0,0,0
1434191,0,0,0,0
2714944,0,85.28652395,0,0
68334,0,0,0,0
3415675,26.75988839,0,0,0
2975752,0,0,0,0
2603206,0,0,0,0
3131937,116.7704221,0,0,0
3092262,0,0,0,0
3136632,0,0,0,0
1736226,43.78890827,0,0,0
203192,0,0,0,0
3064286,0,0,0,0
119206,38.92347402,0,97.76763891,0
2878152,0,0,0,0
1960,0,0,0,0
396595,0,0,0,0
2697043,0,0,0,0
3108543,0,0,0,0
2774933,199.4828043,0,0,0
2587843,55.9524939,0,0,0
1223565,63.25064528,0,0,0
3414029,111.9049878,0,0,0
3035454,0,0,0,0
3075605,0,0,0,0
340320,63.25064528,0,0,0
251749,0,0,0,0
2904523,0,0,0,0
404385,0,155.0664072,0,0
69964,0,0,0,0
3385967,87.57781654,0,0,0
3035275,0,0,0,0
3372854,0,0,0,0
3403079,0,0,0,0
1894,0,0,0,0
2968085,0,0,0,0
436515,0,0,0,0
2975728,0,0,0,0
2529381,0,0,0,0
2903665,0,0,0,0
363835,0,0,0,0
948107,0,0,0,0
2749991,0,0,0,0
2984338,0,0,0,0
2903583,46.2216254,0,0,0
3383502,26.75988839,0,0,0
93221,24.32717126,0,0,0
2814275,0,0,0,0
2954560,197.0500872,0,0,0
558541,0,0,0,0
3038927,0,0,0,0
2486273,0,0,0,0
2509614,0,0,0,0
2744515,34.05803977,0,0,0
2080742,0,0,0,0
3140381,0,0,0,0
200618,0,0,0,0
2675784,0,0,0,0
2886936,0,0,0,0
319707,0,0,0,0
81425,0,0,0,0
1527523,0,0,0,167.602447
96773,0,0,0,0
2175655,0,0,0,0
3238625,0,0,0,0
1689,46.2216254,0,0,0
3153927,0,0,0,0
364197,0,0,0,0
1661,65.6833624,0,0,0
3065954,0,0,0,0
759620,0,0,0,0
2903837,194.6173701,0,0,0
3066282,194.6173701,0,0,0
1795631,0,0,0,0
198107,0,0,0,0
1609758,0,0,0,0
2778550,0,0,0,0
2795687,0,0,0,0
53444,51.08705965,0,0,0
2108470,0,0,0,0
684552,0,0,0,0
2721245,0,0,0,0
2609256,0,0,0,0
3139324,0,0,0,0
2778078,0,193.833009,0,0
2953749,31.62532264,0,0,0
3429999,0,0,0,0
2903590,0,0,0,0
2903832,51.08705965,0,0,0
92407,24.32717126,0,0,0
2509458,0,0,0,0
3385496,0,0,0,0
121292,92.44325079,0,0,0
33888,0,0,0,0
2803858,0,0,0,0
2878153,0,0,0,0
3133308,94.87596792,0,0,0
2932773,0,0,0,0
2903667,0,0,0,0
3426342,0,0,0,0
232348,0,0,0,0
2853257,0,0,0,0
2775498,58.38521103,0,0,0
1225769,0,0,0,0
234612,0,124.0531258,0,0
399726,126.5012906,0,0,0
67287,0,0,0,0
3427843,0,0,0,0
2867238,65.6833624,0,0,0
3158264,0,100.7931647,0,0
3037654,29.19260551,0,0,0
3081651,0,0,0,0
2802577,0,0,0,0
353800,0,0,0,0
1708715,0,0,0,0
2991500,0,0,0,0
2741720,0,0,0,0
640205,99.74140217,0,0,0
621374,26.75988839,0,0,0
3394231,0,0,0,0
2847992,0,0,0,0
36861,0,0,0,0
1853278,0,0,0,0
257438,0,0,0,0
28894,0,0,0,0
2862869,43.78890827,0,0,0
2984530,0,0,0,0
1537274,0,0,0,0
1871022,0,0,0,0
2781599,43.78890827,0,0,0
2903585,0,0,0,0
1166323,0,0,0,0
357240,0,0,0,167.602447
65958,51.08705965,0,0,0
3133333,90.01053367,0,0,0
1678028,70.54879666,0,0,0
2921652,189.7519358,0,0,0
3098669,26.75988839,0,0,0
3372850,36.49075689,0,0,0
1520670,0,0,0,0
2732364,0,0,0,0
3052209,0,0,0,0
1042156,36.49075689,0,0,0
3404056,53.51977677,0,0,0
47312,0,0,0,0
3273430,0,0,0,0
2213200,0,0,0,0
2975669,0,0,0,0
3434395,111.9049878,0,0,0
3401635,0,0,0,0
1226757,31.62532264,0,0,0
2203895,0,0,0,0
39695,0,0,0,0
494,0,0,0,0
1881016,0,0,0,0
169184,0,0,0,0
2041036,0,0,0,0
592378,0,0,97.76763891,0
2991496,0,0,0,0
2572921,148.3957447,0,0,0
2044467,38.92347402,0,0,0
2614639,0,0,0,0
748811,0,0,0,0
446660,29.19260551,0,0,0
2203210,0,0,0,0
3142975,0,0,0,0
1460244,0,0,0,0
2983233,0,0,0,0
1508419,0,0,0,0
317577,29.19260551,0,0,0
3075627,0,0,0,0
80868,90.01053367,0,0,0
2275,0,0,0,155.6308436
1940690,26.75988839,0,0,0
71997,24.32717126,0,0,0
138074,53.51977677,0,0,0
3108224,0,0,0,0
2975795,0,0,0,0
3093856,0,0,0,0
78398,55.9524939,0,130.3568519,0
1561023,0,0,0,0
2903900,0,0,0,0
3228804,0,0,0,0
1903694,48.65434252,0,0,0
1904944,0,0,0,0
2006,0,0,0,0
482462,0,0,0,0
92401,24.32717126,0,0,0
2509459,0,0,0,0
1836198,0,0,0,0
3103139,0,0,0,0
2203205,0,0,0,0
2072503,0,0,0,0
273528,38.92347402,0,0,0
1797,34.05803977,0,0,0
186189,36.49075689,0,0,0
11,53.51977677,0,0,0
1200300,0,0,0,0
1897060,0,0,0,0
2735434,0,0,0,0
2919506,0,0,0,0
3420380,0,0,0,0
1917158,184.8865016,0,0,0
3133319,0,0,0,0
3104013,0,0,0,0
1353277,0,0,0,0
3401633,0,0,0,0
2954742,70.54879666,0,0,0
2975699,0,0,0,0
3240029,0,0,0,0
2740817,43.78890827,0,0,0
146474,29.19260551,0,0,0
2672569,0,0,0,0
2071710,36.49075689,0,0,0
2654982,24.32717126,0,0,0
3094916,0,0,0,0
2587865,34.05803977,0,0,0
2717324,0,0,0,0
1288636,0,0,0,0
994696,24.32717126,0,0,0
129789,0,0,0,0
2866381,0,0,0,0
1436290,0,0,0,0
1938605,0,0,0,0
1761891,104.6068364,0,0,0
3377215,29.19260551,0,0,0
146939,0,0,0,0
182262,145.9630276,0,0,0
2782655,0,0,0,0
1273,0,0,0,0
3049086,0,0,0,0
3166650,0,0,0,0
3391399,0,0,0,0
2895480,0,108.546485,0,0
2903778,0,0,0,0
2954526,0,0,0,0
3230979,31.62532264,0,0,0
2909588,0,0,0,0
142651,75.41423091,0,0,0
2979862,0,0,0,0
1902408,41.35619114,0,0,0
641491,24.32717126,0,0,0
242606,0,0,0,0
2081042,38.92347402,0,0,0
338565,34.05803977,0,0,0
3231487,0,0,0,0
1815583,0,0,0,0
2501295,0,0,0,0
2954084,43.78890827,0,0,0
2961596,0,0,0,0
2764705,0,0,0,0
3015151,0,0,0,0
3135255,0,0,0,0
3035470,0,0,0,0
2734149,0,0,0,0
3059961,0,0,0,0
1430326,58.38521103,0,0,0
3140788,38.92347402,0,0,0
1326,70.54879666,0,0,0
2751189,0,0,0,0
2880260,48.65434252,0,0,0
3239941,0,0,0,0
3056937,0,0,0,0
3239302,94.87596792,0,0,0
2879114,0,0,0,0
2576917,0,0,0,0
3430494,31.62532264,0,0,0
300560,0,0,0,0
1923149,0,0,0,0
2901142,0,0,0,0
1914525,0,0,0,0
1536771,70.54879666,0,0,0
2962676,36.49075689,0,0,0
323273,0,0,0,0
3133314,0,0,0,0
2728851,0,0,0,0
1421430,51.08705965,0,0,0
2895818,0,0,0,0
342942,92.44325079,0,0,0
1663209,0,0,0,0
3060193,0,0,0,0
2816950,0,0,0,0
3415223,0,0,0,0
2862331,0,0,0,0
2575361,0,0,0,0
2079536,0,0,0,0
2594007,0,0,0,0
2953746,0,0,0,0
2931399,0,0,179.2406713,0
2819238,0,0,0,0
2665642,0,0,0,0
1788,0,0,0,0
2929802,0,0,0,0
1914329,0,0,0,0
2774189,0,0,0,0
3376152,0,0,0,0
3141544,0,0,0,0
3392295,0,0,0,0
416213,24.32717126,0,0,0
64471,34.05803977,0,0,0
2801335,0,0,0,0
2935861,46.2216254,0,0,0
2925844,24.32717126,0,0,0
2938948,0,0,0,0
2490858,0,108.546485,0,0
2660554,0,0,0,0
2883238,0,77.53320359,0,0
2983220,77.84694803,0,0,0
553981,53.51977677,0,0,0
322009,31.62532264,0,0,0
2072505,0,0,0,0
2562449,131.3667248,0,0,0
2072414,0,0,0,0
3241168,0,0,0,0
319970,24.32717126,0,0,0
3122375,0,0,0,0
3238627,0,0,0,0
3419766,55.9524939,0,0,0
1327037,0,85.28652395,0,0
206506,75.41423091,0,0,0
1872084,0,0,0,0
3060801,0,0,0,0
218936,0,0,105.9149422,0
2047767,0,0,0,0
2734128,0,0,0,0
3457764,0,0,0,0
1813880,0,0,0,0
90239,0,0,97.76763891,0
3133972,0,0,0,0
2975763,0,0,0,0
3243378,0,0,0,0
68188,31.62532264,0,0,0
2320,0,0,97.76763891,0
1486246,0,0,0,0
2687299,24.32717126,0,0,0
3427737,0,93.03984431,0,0
2596916,0,0,0,0
2840183,0,0,0,0
2593973,24.32717126,0,0,0
3412035,31.62532264,0,0,0
458639,0,0,0,0
2806615,53.51977677,0,0,0
2944250,0,0,0,0
2843653,0,0,0,0
3138240,0,0,0,0
2976431,31.62532264,0,0,0
2781023,0,0,0,0
45362,60.81792815,0,0,0
2993564,0,0,0,0
3110111,0,0,0,0
3395915,0,0,0,0
530584,0,0,0,0
2975847,0,0,0,0
1603,0,0,0,0
2599641,0,0,0,0
2807631,0,0,0,0
117207,55.9524939,0,0,0
3016086,0,0,0,0
2761578,0,0,0,0
1751150,0,0,0,0
2601646,0,0,0,0
3118768,0,0,0,0
3416276,0,0,89.62033567,0
2995413,36.49075689,0,0,0
2048897,0,0,0,0
3024245,0,0,0,0
2857014,0,0,0,0
2108523,0,0,0,0
2774055,0,0,0,0
73098,0,0,0,0
2738410,0,0,0,0
3457578,90.01053367,0,0,0
665914,0,100.7931647,0,0
89065,0,0,0,0
2601575,51.08705965,0,0,0
3082547,0,0,0,0
2844071,0,0,0,0
1577685,26.75988839,0,0,0
2683234,0,0,0,0
1904616,36.49075689,0,0,0
2981134,65.6833624,0,0,0
1687,0,0,0,0
89154,0,0,0,0
2099693,26.75988839,0,0,0
2898152,38.92347402,0,0,0
1245526,0,0,0,0
2973072,0,0,0,0
706438,0,0,0,0
1930,0,0,0,0
3243030,26.75988839,0,0,0
3038642,0,0,0,0
2126321,0,0,0,0
3139142,0,0,89.62033567,0
67476,0,0,0,0
2815360,46.2216254,0,0,0
3151385,0,0,0,0
42817,0,0,0,0
2822761,0,0,0,0
3345111,0,0,0,0
1635171,41.35619114,0,0,0
1717,141.0975933,0,0,0
924,0,0,0,0
2662028,43.78890827,0,0,0
3133309,0,0,0,0
2071607,0,0,0,0
42197,0,0,0,0
2987533,0,0,0,0
57480,0,0,0,0
1433415,0,0,0,0
3031131,0,0,0,0
3344666,0,0,0,0
3239958,0,0,0,0
938289,0,0,0,0
3422227,0,0,0,0
2932247,0,0,0,0
3059038,36.49075689,0,0,0
2903678,0,0,0,0
2559597,51.08705965,0,0,0
2798799,0,0,0,0
3418717,0,0,0,0
320778,0,0,0,0
2954611,0,0,0,0
3436241,0,147.3130868,0,0
3238584,0,0,0,0
2070337,0,0,0,0
1320552,0,0,0,0
1868325,53.51977677,0,0,0
35814,0,0,0,0
3060418,0,0,0,0
1598147,75.41423091,0,0,0
2975689,0,0,0,0
2875706,24.32717126,0,0,0
2943498,34.05803977,0,0,0
2560484,0,0,0,0
31963,0,0,0,0
1771309,0,0,0,0
126734,0,0,0,0
2201998,97.30868504,0,0,0
379895,48.65434252,0,0,0
2508168,0,0,0,0
3052086,0,124.0531258,0,0
3047864,0,0,0,0
2773308,0,0,0,0
3092086,82.71238229,0,0,0
2792480,0,0,0,0
2681310,0,0,0,0
2861750,0,0,0,0
55395,0,0,0,0
2781024,0,0,0,0
110937,0,0,0,0
157783,0,0,0,0
2898795,0,0,0,0
3049070,0,0,0,0
2909249,0,0,0,0
627624,0,0,0,0
2949993,0,0,0,0
2742796,60.81792815,0,0,0
2780074,0,0,0,0
2070347,0,0,0,0
3032283,0,0,0,0
1712654,34.05803977,0,0,0
3426474,31.62532264,0,0,0
307249,0,0,138.5041551,0
418702,0,0,0,0
3142976,0,0,0,0
1469144,0,0,0,0
2871095,0,0,0,0
1166130,0,0,0,0
2184083,0,0,0,0
28232,0,0,0,0
419015,0,0,0,0
3431485,0,0,0,0
3399679,68.11607953,0,0,0
2846436,63.25064528,0,0,0
3419764,34.05803977,0,0,0
2203219,0,0,0,0
2975680,0,0,0,0
2161747,0,0,0,0
3153754,0,0,0,0
3137778,0,0,0,0
926,0,0,0,0
3077936,41.35619114,0,0,0
715471,0,0,0,0
58117,0,0,0,0
2774137,0,0,0,0
1331910,24.32717126,0,0,0
3108389,0,0,0,0
1283076,0,116.2998054,0,0
3034675,0,0,0,0
2419774,0,0,0,0
387092,0,0,0,0
2751177,165.4247646,0,0,0
163202,0,0,0,0
319947,0,0,0,0
3433755,0,0,0,0
2493670,0,0,0,0
671990,41.35619114,0,0,0
76123,0,93.03984431,0,0
2954082,36.49075689,0,0,0
2597701,0,0,0,0
3133322,55.9524939,0,0,0
3002640,53.51977677,0,0,0
2975736,43.78890827,0,0,0
3149228,0,0,0,0
2748080,36.49075689,0,0,0
69527,0,0,0,0
1515612,0,0,0,0
1543852,0,0,0,0
676200,0,0,0,0
1433513,0,0,0,0
2009266,41.35619114,0,0,0
2049881,0,0,0,0
2903713,0,0,0,0
215221,0,0,0,0
1643512,162.9920474,0,0,0
2871170,0,0,0,0
862751,41.35619114,0,0,0
2079575,0,0,122.2095486,0
2785124,0,162.8197275,0,0
3050267,0,162.8197275,0,0
42234,0,0,0,0
2974023,26.75988839,0,0,0
2294034,48.65434252,0,0,0
1765049,0,0,0,0
247333,0,0,0,0
2871694,0,0,0,0
1050174,24.32717126,0,0,0
3454628,0,0,0,0
3074379,0,0,0,0
3075432,0,0,0,0
3430368,0,0,0,0
2886940,46.2216254,0,0,0
1977088,0,0,0,0
1909290,0,0,0,0
3026192,99.74140217,0,0,0
2211211,38.92347402,0,0,0
2921562,0,0,0,0
1353138,0,0,0,0
2496836,36.49075689,0,0,0
1812480,0,0,0,0
3160841,0,0,0,0
261654,0,0,0,0
2729175,0,0,0,0
181486,0,0,130.3568519,0
1097,104.6068364,0,0,0
3350168,0,0,0,0
2483799,0,0,0,0
3388266,0,0,0,0
2099695,0,0,0,0
3098762,0,0,0,0
68200,0,0,0,0
2590884,119.2031392,0,0,0
110505,0,0,0,0
3133299,0,0,0,0
2725560,46.2216254,0,0,0
2560029,0,0,0,0
1920114,160.5593303,0,0,0
3034029,0,0,146.6514584,0
3074854,0,0,0,0
46351,0,0,0,0
2886375,0,108.546485,0,0
1848580,0,0,0,0
2602070,26.75988839,0,0,0
2059884,0,0,0,0
2290923,29.19260551,0,0,0
671211,107.0395535,0,0,0
220752,0,0,0,0
44449,0,0,0,0
2940488,0,0,0,0
3139409,34.05803977,0,0,0
3157631,0,0,0,0
2817969,38.92347402,0,0,0
1810,0,0,0,0
1444770,63.25064528,0,0,0
3081201,26.75988839,0,0,0
2903752,0,0,0,0
187878,102.1741193,0,0,0
2070369,0,0,0,0
1471761,0,0,0,0
1802984,0,0,0,0
3241601,0,0,0,0
131568,0,0,0,0
3414159,0,0,0,0
2927980,0,0,0,0
2903748,0,0,0,0
3041435,0,0,0,0
3238629,0,0,0,0
2772253,0,0,0,0
1131707,38.92347402,0,0,0
67780,38.92347402,0,0,0
43769,29.19260551,0,0,0
2932248,26.75988839,0,0,0
2782168,99.74140217,0,0,0
1457,0,0,0,0
3033811,0,0,0,0
502682,0,0,0,0
3028319,0,0,0,0
2819619,0,0,0,0
3428560,0,0,0,0
2903776,0,0,0,0
2730915,0,0,0,0
68223,0,0,0,0
2731096,0,0,0,0
2978047,0,0,0,0
161899,0,0,0,0
249586,0,0,0,0
3446364,0,0,0,0
2589797,0,0,0,0
2785627,0,0,0,0
3404058,0,0,0,0
2934161,0,0,0,0
96468,26.75988839,0,0,0
3059962,0,0,0,0
2662261,0,0,0,0
2846775,0,0,0,0
3062599,0,0,0,0
2975055,36.49075689,0,0,0
88058,36.49075689,0,0,0
2558361,0,0,0,0
2867013,0,0,0,0
3093845,0,0,0,0
298708,0,0,0,0
2908642,0,0,0,0
2903897,0,0,0,0
60706,0,0,0,0
3447018,0,0,0,0
2608402,0,0,0,0
2903627,0,0,0,0
200254,0,0,0,0
3131928,0,0,0,0
3135260,34.05803977,0,0,0
1324796,0,0,0,0
3376989,0,0,0,0
3411322,0,0,0,0
2601677,0,0,0,0
2975724,0,0,0,0
93929,0,0,0,0
28321,155.6938961,0,0,0
3243393,0,0,0,0
2774749,0,0,0,0
73044,0,0,0,0
2732249,0,0,0,0
2054641,0,131.8064461,0,0
2881056,0,0,0,0
2675774,0,155.0664072,0,0
1329899,0,0,0,0
2585118,43.78890827,0,0,0
3377113,0,0,154.7987616,0
651666,0,0,0,0
2975918,0,0,0,0
265175,0,0,0,0
2815720,0,0,0,0
3372855,0,0,0,0
577492,0,0,0,0
3004109,51.08705965,0,0,0
2495594,53.51977677,0,0,0
2654547,51.08705965,0,0,0
2903802,0,0,0,0
2804761,0,0,0,0
2975962,0,0,0,0
2986279,0,0,0,0
1487865,0,0,0,0
904291,0,0,0,0
3026433,0,0,0,0
3448653,0,0,0,0
2903596,0,0,0,0
2997793,0,0,0,0
2932244,0,0,0,0
1211322,46.2216254,0,0,0
2847989,0,0,0,0
3041175,0,0,0,0
2817409,153.2611789,0,0,0
3127706,0,0,0,0
2714943,24.32717126,0,0,0
1793,0,0,0,0
2712970,0,0,0,0
1842533,48.65434252,0,0,0
158787,46.2216254,0,0,0
2493679,0,0,0,0
2830667,51.08705965,0,0,0
2903588,0,0,0,0
1309411,0,0,0,0
2903655,0,0,0,0
2979868,0,0,0,0
3374554,0,0,0,0
2975997,0,0,0,0
3067275,26.75988839,0,0,0
2733487,0,0,0,0
2929512,0,0,0,0
2725477,0,0,0,0
2929489,34.05803977,0,0,0
1952,0,0,0,0
248026,0,0,0,0
3156398,0,0,0,0
2733985,0,0,0,0
84112,0,0,0,0
1968541,0,0,0,0
564369,0,0,0,0
1216886,0,0,0,0
3095341,0,0,0,0
2903844,0,0,0,0
2020486,107.0395535,0,0,0
75692,0,0,0,0
388357,0,0,0,0
285558,80.27966516,0,0,0
2575374,51.08705965,0,0,0
2971235,53.51977677,0,0,0
2072936,0,0,0,0
3138181,51.08705965,0,0,0
3032579,0,0,0,0
1802,0,0,0,0
3033387,0,0,0,0
1871031,0,0,0,0
2904243,0,0,0,0
930,0,0,0,0
67305,0,0,0,0
104623,0,0,0,0
376490,53.51977677,0,0,0
2995141,0,0,0,0
1351702,0,0,0,0
1511895,0,0,0,0
3402865,0,124.0531258,0,0
3121290,0,0,0,0
38308,0,124.0531258,0,0
1842540,0,0,0,0
755307,0,0,0,0
2879116,0,0,0,0
2903884,38.92347402,0,0,0
2686094,0,0,0,0
2976011,0,0,0,0
113107,0,0,0,0
78543,36.49075689,0,0,0
3129111,0,0,0,0
2614638,0,0,0,0
2319844,0,0,0,0
3434346,0,0,0,0
2883126,0,0,0,0
2559073,0,0,0,0
37923,0,0,0,0
2903638,0,0,0,0
3048452,0,0,0,0
2867516,43.78890827,0,0,0
2961896,43.78890827,0,0,0
3238632,0,0,0,0
3025670,0,0,0,0
2934937,0,0,0,0
2609252,87.57781654,0,0,0
2975989,0,0,0,0
3240930,0,0,0,0
96472,0,0,0,0
2903558,0,0,0,0
150026,0,0,0,0
1334193,34.05803977,0,0,0
2775496,0,0,0,0
3367743,0,0,0,0
2932182,0,100.7931647,0,0
2202149,0,0,0,0
1196056,0,147.3130868,0,0
3137451,29.19260551,0,0,0
2968083,29.19260551,0,0,0
1809410,26.75988839,0,0,0
387343,0,0,0,0
722731,0,0,0,0
3066134,0,0,0,0
2964669,0,0,0,0
2751179,0,0,0,0
2954092,0,0,0,0
1852373,0,93.03984431,0,0
2976001,0,0,0,0
3046274,0,0,0,0
3059713,0,0,0,0
2903772,0,0,0,0
2604537,0,0,0,0
53952,26.75988839,0,0,119.7160336
3142973,24.32717126,0,0,0
3095076,0,0,0,0
2975930,0,0,0,0
2823902,87.57781654,0,0,0
1573676,0,0,0,0
1316412,0,0,0,0
576926,63.25064528,0,0,0
414996,29.19260551,0,0,0
1974213,0,0,0,0
3081231,0,0,0,0
246273,0,0,0,0
2806989,0,0,0,0
1972134,0,0,0,0
2831967,0,0,0,0
2738125,29.19260551,0,0,0
3034022,0,0,0,0
3041497,0,0,0,0
3141789,58.38521103,0,0,0
3074108,36.49075689,0,0,0
709879,0,0,0,0
1871034,0,0,0,0
1407499,77.84694803,0,0,0
2026239,0,0,0,0
3019968,0,0,0,0
747656,26.75988839,0,0,0
3149179,24.32717126,0,0,0
1697,24.32717126,0,0,0
3415006,0,0,0,0
3160839,0,0,0,0
395598,0,0,0,0
2921504,0,0,0,0
2954607,0,0,0,0
2749078,0,0,0,0
2867236,0,0,0,0
3030830,0,0,0,0
2903865,0,0,0,0
3231270,0,0,0,0
47857,0,0,0,0
2903639,0,0,0,0
145458,0,0,0,0
3035476,0,0,0,0
3344550,53.51977677,0,0,0
2904123,0,0,0,0
1282863,51.08705965,0,0,0
2907241,0,0,0,0
2726185,38.92347402,0,0,0
3143496,0,0,0,0
3068634,0,0,0,0
85701,77.84694803,0,0,0
2856555,0,0,0,0
556325,0,0,0,0
2293838,0,0,0,0
1144307,0,0,0,0
3238303,0,0,0,0
58135,51.08705965,0,0,0
29571,0,0,0,0
2903599,0,0,0,0
392610,0,0,0,0
2781978,0,0,0,0
2053611,0,0,0,0
2541726,0,0,0,0
321846,0,0,0,0
2903755,0,0,0,0
2105,0,0,0,0
2954686,0,0,0,0
47493,0,0,0,0
2975740,0,0,0,0
3369522,0,0,0,0
3034028,0,0,0,0
2975996,0,0,0,0
651822,0,0,0,0
2975640,0,0,0,0
1179673,0,0,0,0
2290922,0,0,0,0
42256,0,0,0,0
229731,0,0,0,0
2996785,141.0975933,0,0,0
3438232,141.0975933,0,0,0
2969247,0,0,0,0
59750,31.62532264,0,0,0
2954685,41.35619114,0,0,0
2991074,0,0,0,0
111015,0,0,0,0
2709690,0,0,0,0
2891210,34.05803977,0,0,0
2822368,0,0,0,0
2866810,87.57781654,0,0,0
33903,0,0,0,0
1938604,24.32717126,0,0,0
1007105,0,0,0,0
2771436,0,0,0,0
2845949,48.65434252,0,0,0
3066305,51.08705965,0,0,0
1736691,0,0,0,0
2861284,0,0,0,0
3048607,26.75988839,0,0,0
3376142,80.27966516,0,0,0
571913,0,0,0,0
2704467,0,0,0,0
1920763,0,100.7931647,0,0
161895,58.38521103,0,0,0
2844309,0,0,0,0
2921648,0,0,0,0
86170,87.57781654,0,0,0
1759059,31.62532264,0,0,0
3066278,0,0,0,0
2695266,0,0,0,0
333966,0,0,0,0
2763498,63.25064528,0,0,0
3160842,0,0,0,0
1658671,0,0,0,0
626937,0,0,0,0
2045452,0,0,0,0
1658672,0,0,0,0
1133546,0,0,0,0
308754,0,0,0,0
1072463,0,0,0,0
915,0,0,0,0
3066224,53.51977677,0,0,0
2774015,0,0,0,0
2929494,55.9524939,0,0,0
3402691,0,0,0,0
887464,0,0,0,0
2874628,0,0,0,0
3115647,0,0,0,0
2975804,0,0,0,0
2615214,0,0,0,0
1705310,0,0,0,0
2921378,0,0,0,0
2975749,0,0,0,0
536018,0,0,0,0
2749844,0,0,0,0
2594473,0,0,0,0
1379270,0,0,0,0
316277,0,0,0,0
933080,0,0,0,0
296544,0,0,0,0
766224,0,0,0,0
2921610,0,0,0,0
2979468,0,0,0,0
2903593,38.92347402,0,0,0
3050258,0,0,0,0
2567884,26.75988839,0,0,0
3139326,34.05803977,0,0,0
2664893,0,0,0,0
1542730,0,0,0,0
1653476,0,0,0,0
3436238,0,0,0,0
475088,0,0,0,0
68219,92.44325079,0,0,0
1851514,26.75988839,0,0,0
131110,24.32717126,0,0,0
1605721,92.44325079,0,0,0
3063951,0,0,0,0
80869,0,0,0,0
2267833,0,0,0,0
585455,0,0,0,0
2497325,55.9524939,0,0,0
2661583,0,0,0,0
2590774,121.6358563,0,0,0
3081204,0,0,0,0
55148,0,0,0,0
36813,34.05803977,0,0,0
3077916,0,0,0,0
1921001,0,0,0,0
516702,0,0,0,0
3028808,0,0,0,0
3133326,0,0,0,0
2876939,0,0,0,0
2730359,0,0,0,0
2675218,0,0,0,0
305719,92.44325079,0,0,0
2903674,0,0,0,0
2767222,0,0,0,0
33922,46.2216254,0,0,0
2804917,31.62532264,0,0,0
3115209,43.78890827,0,0,0
37921,0,0,0,0
2759943,0,0,0,0
3136634,0,0,0,0
213419,0,0,0,0
2886361,0,0,0,0
2913502,0,0,0,0
2903705,0,0,0,0
2789739,0,0,0,0
2987751,0,0,0,0
2921639,0,0,0,0
2224,36.49075689,0,0,0
3051832,75.41423091,0,0,0
1781,0,0,0,0
511062,0,0,0,0
2997335,0,0,0,0
3114367,0,0,0,0
3136561,0,0,0,0
3141461,26.75988839,0,0,0
1933044,41.35619114,0,0,0
2995142,0,0,0,0
1884904,0,0,0,0
3127120,0,0,0,0
2893890,48.65434252,0,0,0
2478662,48.65434252,0,0,0
1479019,0,0,0,0
3228751,0,0,0,0
3445768,0,0,0,0
3133323,0,0,0,0
1678237,0,0,0,0
379893,0,0,0,0
1805840,29.19260551,0,0,0
2918899,0,0,0,0
169669,0,0,0,0
2364649,0,0,0,0
869889,0,0,0,0
267212,0,0,0,0
860353,102.1741193,0,0,0
3401630,0,0,0,0
2480810,0,0,0,0
40989,29.19260551,0,0,0
56957,0,0,0,0
2956797,0,0,0,0
3342488,0,0,0,0
32062,70.54879666,0,0,0
274537,0,0,0,0
2599293,0,0,0,0
2558918,0,0,0,0
3066321,0,131.8064461,0,0
1457141,36.49075689,0,0,0
2964670,0,0,0,0
3093862,0,0,0,0
3110288,38.92347402,0,0,0
2975999,0,0,0,0
3066322,0,0,0,0
1431246,24.32717126,0,0,0
3082544,0,0,0,0
1793872,26.75988839,0,0,0
3023370,0,0,0,0
3349631,0,0,0,0
2054919,0,116.2998054,0,0
468916,0,0,0,0
578923,0,0,0,0
2968084,0,0,0,0
2576922,48.65434252,0,0,0
176292,0,0,97.76763891,0
110163,0,0,81.47303243,0
59406,0,0,0,0
441500,0,0,0,0
33889,0,0,0,0
3048606,0,0,0,0
392593,0,0,0,0
3239957,0,0,0,0
2904129,0,0,130.3568519,0
2949307,0,0,0,0
574964,38.92347402,0,0,0
2021971,53.51977677,0,0,0
2954703,0,0,0,0
3050197,0,0,0,0
39694,0,0,0,0
29542,0,0,0,0
1930764,0,0,0,0
3061627,0,0,0,0
2975992,0,0,0,0
1136941,0,0,0,0
3049072,0,0,0,0
2732594,26.75988839,0,0,0
3436237,0,0,0,0
2902623,63.25064528,0,0,0
3447510,0,0,0,0
2730360,0,0,0,0
266061,0,0,0,0
3463359,34.05803977,0,0,0
1364945,0,0,0,0
3034023,31.62532264,77.53320359,0,0
208439,0,0,0,0
1508644,128.9340077,0,0,0
3004105,48.65434252,0,0,0
2760308,0,0,0,0
2759167,0,0,0,0
3093660,0,0,0,0
3016419,0,0,0,0
1242174,0,0,0,0
2975946,0,0,0,0
2840373,0,0,0,0
2903762,0,0,0,0
2749086,31.62532264,0,0,0
1711,0,0,0,0
3231492,0,0,0,0
3238633,0,0,0,0
2742639,0,0,0,0
2773299,0,0,0,0
2930198,0,0,0,0
2654191,0,0,0,0
1765219,26.75988839,0,0,0
2707299,0,0,0,0
1229,41.35619114,0,0,0
83984,26.75988839,0,0,0
2903671,0,0,0,0
3396310,0,0,0,0
45065,0,0,0,0
3133695,0,0,0,0
3097255,68.11607953,0,0,0
1356852,0,0,0,0
2975993,0,0,0,0
576784,0,0,0,0
3025315,0,0,0,0
1072256,0,0,0,0
67296,0,0,0,0
269261,48.65434252,0,0,0
59932,0,0,0,0
1050,0,0,0,0
2487929,34.05803977,0,0,0
2976236,0,0,0,0
2975914,0,0,0,0
1938841,0,0,0,0
3394331,126.5012906,0,0,0
502821,0,0,0,0
2199,34.05803977,0,0,0
3025663,85.14509941,0,0,0
2023229,31.62532264,0,0,0
2927979,0,0,0,0
1550024,0,0,0,0
1920171,0,0,0,0
33887,0,0,0,0
3428192,0,0,0,0
3052626,0,0,0,0
2082386,0,0,0,0
351745,0,0,0,0
3157334,0,0,0,0
3234200,0,0,0,0
1287523,0,0,0,0
2565556,0,0,0,0
2961571,26.75988839,0,0,0
2502843,0,0,0,0
3033386,0,0,89.62033567,0
2866279,34.05803977,0,0,0
17,0,0,0,0
2975917,38.92347402,0,0,0
3404050,0,0,0,0
2880932,0,0,0,0
590652,0,0,0,0
3053610,0,0,0,0
3058602,0,0,0,0
2321394,0,0,0,0
3243021,29.19260551,0,0,0
3127701,0,0,0,0
2995658,0,0,0,0
84109,0,0,0,0
3066285,82.71238229,0,0,0
1794,0,0,0,0
2774834,124.0685734,0,0,0
1783348,0,0,0,0
36808,0,0,0,0
2734095,0,0,0,0
2816475,31.62532264,0,0,0
678601,0,0,97.76763891,0
2508880,26.75988839,0,0,0
3350177,0,0,0,0
2981135,0,0,0,0
2762748,0,0,0,0
1273541,0,0,0,0
3383024,34.05803977,0,0,0
320497,29.19260551,0,0,0
1856685,0,0,0,0
2742601,0,0,0,0
3383589,0,0,0,0
47920,31.62532264,0,0,0
2953657,0,0,0,0
1389922,0,0,0,0
2903895,0,0,0,0
2995143,0,0,0,0
60920,0,0,0,0
3028295,26.75988839,0,0,0
1223514,0,0,0,0
1404244,0,0,0,0
2662033,0,0,0,0
3023517,0,0,0,0
2975853,0,0,0,0
2719023,43.78890827,0,0,0
2903779,0,0,0,0
3411355,0,0,0,0
1335746,0,0,0,0
3243381,0,0,0,0
2986424,0,0,0,0
430531,0,0,0,0
2716717,0,108.546485,0,0
2815936,31.62532264,0,0,0
2675793,0,0,0,0
3061626,0,0,0,0
1837283,0,0,0,0
2975674,0,0,0,0
3240774,0,0,0,0
2585135,0,0,0,0
3077925,0,0,0,0
3078084,0,0,0,0
709878,0,0,0,0
487173,36.49075689,0,0,0
1727196,121.6358563,0,0,0
2895565,0,0,0,0
3026425,0,0,0,0
2782568,0,0,0,0
54120,53.51977677,0,0,0
3038979,26.75988839,0,0,0
1218492,0,0,0,0
2983230,0,0,0,0
1866325,0,0,0,0
1506334,38.92347402,0,0,0
3238623,0,0,0,0
2382163,0,0,0,0
2591003,68.11607953,0,0,0
2675524,0,0,0,0
3404127,0,0,0,0
2170403,0,0,0,119.7160336
1050714,63.25064528,0,0,0
98671,0,0,0,0
3158173,0,0,0,0
2944128,0,0,0,0
3027808,0,0,0,0
1604335,0,0,0,0
3133294,0,0,0,0
2903834,0,0,0,0
1933904,80.27966516,0,0,0
35787,0,0,0,0
141349,0,0,0,0
266062,0,0,0,0
971279,75.41423091,0,0,0
1659192,0,0,0,0
2981139,24.32717126,0,0,0
3136601,0,0,89.62033567,0
1341,46.2216254,0,0,0
2972479,72.98151378,0,0,0
114880,0,0,0,0
2014537,0,0,0,0
3239976,0,0,0,0
1930058,0,0,0,0
875808,0,0,0,0
2975322,0,0,0,0
3135264,0,0,0,0
2954236,0,0,0,0
1442032,0,0,0,0
658666,0,0,0,0
1357074,0,0,0,0
1183413,31.62532264,0,0,0
2904252,0,0,0,0
2828286,0,0,0,0
2133959,0,0,0,0
2730847,0,0,0,0
3027225,0,0,0,0
3239420,29.19260551,0,0,0
1632772,0,0,0,0
38305,0,0,0,0
3409687,97.30868504,0,0,0
2956013,0,0,0,0
2903581,0,0,0,0
2320867,0,0,0,0
257758,0,0,0,0
2813744,0,0,0,0
69221,26.75988839,0,0,0
2856522,116.7704221,0,0,0
2975859,0,0,0,0
2774663,0,0,0,0
2692233,0,0,0,0
3142634,0,0,0,0
3108484,0,0,0,0
84025,0,0,0,0
3048365,0,0,0,0
56464,0,0,0,0
2953998,0,0,0,0
2485784,0,0,0,0
1737515,41.35619114,0,0,0
3062461,24.32717126,0,0,0
2921720,0,0,0,0
408015,0,0,0,0
2956579,0,0,0,0
3066248,0,0,0,0
1930532,0,0,0,0
2675219,0,0,0,0
1795630,0,0,0,0
2923366,0,85.28652395,0,0
3029274,46.2216254,0,0,0
3051218,0,0,0,0
2505977,46.2216254,0,0,0
3066139,0,0,0,0
2975800,0,0,0,0
3035280,0,0,0,0
1232427,0,0,0,0
2886821,0,0,0,0
1938353,24.32717126,0,0,0
545619,53.51977677,0,0,0
405,0,0,0,0
2903702,60.81792815,0,0,0
2781962,0,0,0,0
2903587,0,0,0,0
2911970,0,0,0,0
3432425,0,0,0,0
2962632,0,0,0,0
3064284,0,0,0,0
2879107,0,0,0,0
3390729,114.3377049,0,0,0
2827099,0,93.03984431,0,0
2954613,0,0,0,0
2733571,0,0,0,0
2907242,0,0,0,0
1636610,0,0,0,0
293388,0,0,0,0
3003351,72.98151378,0,0,0
1778,0,0,0,0
3053466,0,0,0,0
3050324,0,85.28652395,0,0
2773266,53.51977677,0,0,0
2921673,0,0,0,0
3430559,0,0,0,0
2666185,0,0,0,0
2099694,0,0,0,0
3463856,34.05803977,0,0,0
1898738,0,0,0,0
2953753,0,0,0,0
51229,0,0,0,0
1632019,60.81792815,0,0,0
3028316,0,0,0,0
884684,0,0,0,0
2903560,0,0,0,0
169177,29.19260551,0,0,0
3133305,0,0,0,0
107445,0,0,0,0
3153752,0,0,0,0
2364647,0,0,0,0
3395917,0,0,0,0
2956255,0,0,0,0
3141540,0,0,0,0
2903830,63.25064528,0,0,0
2654193,0,0,0,0
2811788,0,0,0,0
2742133,0,0,0,0
3111325,0,0,0,0
2849039,82.71238229,0,0,0
1550733,34.05803977,0,0,0
1281578,0,0,0,0
3003271,0,0,0,0
2202254,29.19260551,0,0,0
161154,31.62532264,0,0,0
1789,0,0,0,0
246969,0,0,0,0
3140789,0,0,0,0
2962672,0,0,0,0
3243382,0,0,0,0
2844213,0,0,0,0
1089444,38.92347402,0,0,0
2998079,0,0,0,0
2571029,0,0,0,0
70856,0,0,0,0
1555112,0,0,0,0
1853276,0,0,0,0
2866382,0,0,0,0
3122055,0,0,0,0
2489213,51.08705965,0,0,0
574650,0,0,0,0
519081,0,0,0,0
261291,0,0,0,0
2734195,0,0,81.47303243,0
735,0,0,0,0
67348,41.35619114,0,0,0
2733654,0,0,0,0
2932250,26.75988839,0,0,0
3026420,43.78890827,0,0,0
253239,0,0,0,0
335476,0,0,0,0
2654192,109.4722707,0,0,0
3442642,0,0,0,0
3145017,0,0,0,0
3374555,0,0,0,0
3444503,0,0,0,0
29320,0,0,0,0
114528,0,0,0,0
67081,0,0,0,0
3038539,0,77.53320359,0,0
3388844,0,108.546485,0,0
2955294,0,108.546485,0,0
2864203,0,0,0,0
3242725,0,0,0,0
2072025,0,0,0,0
3053982,87.57781654,0,0,0
1274359,0,0,0,0
3406645,0,0,0,0
2878545,0,0,0,0
2975894,0,0,0,0
3135258,0,0,0,0
2083284,0,0,0,0
2716227,0,0,0,0
2993714,60.81792815,0,0,0
883811,75.41423091,0,0,0
2975986,0,0,0,0
3373610,0,0,0,0
498846,31.62532264,0,0,0
3047810,0,0,0,0
35789,0,0,0,0
2874282,0,0,0,0
47875,0,0,0,0
44010,0,0,0,0
2678518,0,0,0,0
2698828,0,0,0,0
2897774,0,0,0,0
499555,0,0,0,0
2809036,0,0,0,0
2903746,0,0,0,0
985052,29.19260551,0,0,0
2956010,0,0,0,0
2597659,36.49075689,0,0,0
2921361,36.49075689,0,0,0
560555,0,0,0,0
2599595,24.32717126,0,0,0
761804,0,0,0,0
2954079,0,0,0,0
3041098,0,0,0,0
3034358,0,0,0,0
512402,0,0,0,0
310037,51.08705965,0,0,0
3003265,0,0,0,0
367299,0,0,0,0
2505979,34.05803977,0,0,0
3392035,0,93.03984431,0,0
2681470,53.51977677,0,0,0
2903812,0,0,0,0
3404053,0,0,0,0
2562582,60.81792815,0,0,0
2954684,0,0,0,0
999183,0,0,0,0
2975976,0,0,0,0
3439061,38.92347402,0,0,0
3158172,0,0,0,0
1963862,0,0,0,0
1382,34.05803977,0,0,0
155194,0,0,0,0
925818,0,0,0,0
3149044,0,0,0,0
140098,0,0,0,0
3015150,0,0,0,0
47853,0,0,0,0
2903561,0,0,0,0
2067415,0,0,0,0
83559,31.62532264,0,0,0
2955861,0,0,0,0
571800,0,0,0,0
2675713,0,0,0,0
3243360,0,0,0,0
1390395,0,0,0,0
1768,0,0,0,0
1345,34.05803977,0,0,0
420953,0,0,0,0
3047866,0,0,0,0
2956308,0,0,0,0
3398213,0,0,0,0
10685,0,0,0,0
1664265,0,0,0,0
3433590,0,0,0,0
2880933,0,0,0,0
2782169,0,0,0,0
2842457,0,0,0,0
42237,0,0,0,0
2042057,29.19260551,0,0,0
249058,0,0,0,0
3243367,0,0,0,0
2903801,0,0,0,0
2811422,0,0,0,0
28128,0,0,0,0
283878,0,0,0,0
3032287,102.1741193,0,0,0
33883,0,0,0,0
2744520,0,0,0,0
1535208,0,0,0,0
3384787,0,0,0,0
1827742,0,0,0,0
1475485,72.98151378,0,0,0
132132,31.62532264,0,0,0
2989766,0,0,0,0
1843581,0,0,0,0
1871002,26.75988839,0,0,0
2925842,0,0,0,0
28264,0,0,0,0
1441723,0,0,0,0
2872648,0,0,0,0
3409688,0,0,0,0
2419771,0,0,0,0
3442646,0,0,0,0
2907545,0,0,0,0
1138587,0,0,0,0
2842345,0,0,0,0
225326,0,0,0,0
139208,0,0,0,0
235559,0,0,0,0
2955554,0,0,0,0
404941,0,0,0,0
2257,0,0,0,0
2940492,0,0,0,0
2853163,0,0,0,0
39122,24.32717126,0,0,0
1162966,31.62532264,0,0,0
2738409,26.75988839,0,0,0
1234680,36.49075689,0,0,0
413810,0,0,0,0
67362,0,0,0,0
361183,0,0,0,0
3375707,0,0,0,0
3344667,43.78890827,0,0,0
2903794,0,0,0,0
1090615,0,0,0,0
63745,0,0,0,0
38310,0,0,0,0
29573,0,0,0,0
3060698,24.32717126,0,0,0
1775880,0,0,0,0
2982691,0,0,0,0
165,29.19260551,0,0,0
427923,0,0,0,0
1659,0,0,0,0
2615203,0,0,0,0
3016050,0,0,0,0
132473,0,0,0,0
29314,0,0,0,0
3457358,0,0,0,0
2903814,43.78890827,0,0,0
182337,0,0,0,0
1853682,0,0,0,0
2962673,0,0,0,0
261936,0,0,0,0
645517,0,0,0,0
2656746,0,0,0,0
3093895,0,0,0,0
53437,0,0,0,0
2925837,0,0,0,0
1835254,0,0,0,0
1972846,0,0,0,0
202462,0,0,0,0
1532023,0,0,0,0
1648182,0,0,0,0
2033438,0,0,0,0
546160,0,0,0,0
3048337,0,0,97.76763891,0
676965,0,0,0,0
46429,0,0,0,0
3140242,0,0,0,0
2768834,0,0,0,0
2925843,0,0,0,0
3064901,0,0,0,0
2903798,0,0,0,0
2953890,0,0,0,0
334715,0,0,0,0
867076,0,0,0,0
2956338,0,0,0,0
1930593,97.30868504,0,0,0
3066300,97.30868504,0,0,0
29284,0,0,0,0
2975998,0,0,0,0
3448587,0,0,0,0
3138497,0,0,0,0
2903629,0,0,0,0
574649,0,0,0,0
100177,0,0,0,0
426114,0,0,0,0
2991728,29.19260551,0,0,0
2066479,0,0,0,0
2903887,0,0,0,0
2955383,29.19260551,0,0,0
2926850,0,0,0,0
413501,0,0,0,0
1851167,34.05803977,0,0,0
53406,0,0,0,0
3061628,29.19260551,0,0,0
1757,0,0,0,0
2652443,0,0,0,0
3451558,0,0,0,0
3055079,0,0,0,0
3243390,0,0,0,0
3068324,0,0,0,0
3074145,0,0,0,0
3059743,0,0,0,0
1964448,0,0,0,0
2917715,0,0,0,0
2921651,0,0,0,0
2079596,0,0,0,0
2175648,0,0,0,0
570267,60.81792815,0,0,0
2903838,94.87596792,0,0,0
2048898,41.35619114,0,0,0
1126236,0,0,0,0
3131999,0,0,0,0
993414,0,0,0,0
2895470,0,0,0,0
2921369,0,0,0,0
102684,0,0,0,0
3383591,0,0,0,0
1940555,0,0,0,0
2497162,0,0,0,0
1632,38.92347402,0,0,0
3398704,0,0,0,0
1232575,0,0,0,0
1565605,34.05803977,0,0,0
28123,0,0,0,0
3046382,29.19260551,0,0,0
1484693,26.75988839,0,0,0
3131926,0,0,0,0
3366808,0,0,0,0
3060460,0,0,0,0
2319843,0,0,0,0
2100422,0,0,0,0
2785912,0,0,0,0
2811108,0,0,0,0
1522174,0,0,0,0
1740264,0,0,0,0
1920424,0,0,0,0
2921435,0,0,0,0
1073996,0,0,0,0
2760310,0,0,0,0
2975317,0,0,0,0
2233998,38.92347402,0,0,0
758782,0,0,0,0
2975745,0,0,0,0
2220095,0,0,0,0
3384240,34.05803977,0,0,0
2528037,0,0,0,0
2592654,0,0,0,0
2057246,0,0,0,0
3373674,24.32717126,0,0,0
2017484,0,0,0,0
3066293,0,0,0,0
2745230,26.75988839,0,0,0
28026,0,0,0,0
2170044,0,0,0,0
2583822,0,0,0,0
2737050,0,0,0,0
1932,34.05803977,0,0,0
283877,0,0,0,0
1454753,0,0,0,0
1743159,0,0,0,0
85968,0,0,0,0
3402707,0,0,0,0
3350244,0,0,0,0
2663847,0,0,0,0
29447,24.32717126,0,0,0
2027911,0,0,0,0
2903871,0,0,0,0
456163,0,0,0,0
2518644,0,0,0,0
869888,0,0,0,0
3080012,0,0,0,0
2963433,0,0,0,0
2282309,0,0,0,0
1299,0,0,0,0
219745,26.75988839,0,0,0
2843870,0,0,0,0
2812000,0,0,0,0
1198301,0,0,0,0
80880,0,0,0,0
2594265,0,0,0,0
1538159,0,0,0,0
1344094,0,0,0,0
2743089,0,0,0,0
69220,0,0,0,0
212,0,0,0,0
2975753,0,0,0,0
3234853,26.75988839,0,0,0
367282,0,0,0,0
2734,0,0,0,0
2845939,48.65434252,0,0,0
1132417,0,0,0,0
3378074,0,0,0,0
2993430,0,0,0,0
2903594,0,0,0,0
2876713,0,0,0,0
642926,0,0,0,0
2003368,0,0,0,0
2796141,0,0,0,0
1724,0,0,0,0
79967,0,0,0,0
309891,0,0,0,0
2903815,0,0,0,0
1874539,0,0,0,0
2846672,0,0,0,0
412593,24.32717126,0,0,0
2831968,0,0,0,0
3423201,0,0,0,0
2560335,0,0,0,0
3047478,0,0,0,0
3079935,0,0,0,0
2982694,0,0,0,0
2057743,0,0,0,0
3373596,0,0,0,0
3059027,0,0,0,0
1784,0,0,0,0
3420950,0,0,0,0
3016089,0,0,0,0
309887,24.32717126,0,0,0
52227,29.19260551,0,0,0
640030,0,0,0,0
3418418,38.92347402,0,0,0
1603258,0,0,0,0
2733924,0,0,0,0
3044399,0,0,0,0
2975656,0,0,0,0
1380432,0,0,0,0
1105204,0,0,0,0
3133321,0,0,0,0
1644131,0,0,0,0
1662285,0,0,0,0
3066310,0,0,0,0
3066299,0,0,0,0
2970891,0,0,0,0
31964,0,0,0,0
2492396,58.38521103,0,0,0
3043445,0,0,0,0
121872,0,0,0,0
2936799,0,0,0,0
2759705,0,0,0,0
2968086,0,0,0,0
2908648,0,0,0,0
3034026,36.49075689,0,0,0
743699,0,0,0,0
2586643,0,0,0,0
2985506,0,0,0,0
267375,65.6833624,0,0,0
3049073,0,0,0,0
1458492,0,0,0,0
347209,0,0,0,0
1796469,0,0,0,0
281739,0,0,0,0
2161803,0,0,0,0
152297,0,0,0,0
3230984,0,0,0,0
3233380,0,0,0,0
3404047,0,0,0,0
2675216,0,0,0,0
69370,0,0,0,0
2715232,0,0,0,0
3049801,0,0,0,0
1646,0,0,0,0
3051998,0,77.53320359,0,0
345632,0,0,0,0
2962597,0,0,0,0
67267,0,0,0,0
62319,0,0,0,0
2856338,24.32717126,0,0,0
747457,0,0,0,0
871584,0,0,0,0
3426936,0,0,0,0
3050298,0,0,0,0
2879619,0,0,0,0
2961570,53.51977677,0,0,0
2931983,0,0,0,0
2933777,85.14509941,0,0,0
3059822,85.14509941,0,0,0
3064287,0,0,0,0
2508289,0,0,0,0
468914,0,0,0,0
2911853,0,0,0,0
3133286,0,0,0,0
1048396,31.62532264,0,0,0
122355,0,0,0,0
2247,43.78890827,0,0,0
2961939,0,0,0,0
186192,26.75988839,0,0,0
1871049,0,0,0,0
1853699,0,0,0,0
3445779,0,0,0,0
3115848,0,0,0,0
3423221,0,0,0,0
1701090,0,0,0,0
1769,0,0,0,0
3418421,0,0,0,0
3374550,0,0,0,0
2052056,38.92347402,0,0,0
301375,0,0,0,0
2921718,0,0,0,0
2986803,0,0,0,0
1884916,0,0,0,0
3032584,0,0,0,0
3127459,0,0,0,0
38290,38.92347402,0,0,0
3023076,0,0,0,0
203263,0,0,0,0
300028,0,0,0,0
3115001,0,0,0,0
3096010,0,0,0,0
2606451,0,0,0,0
3383590,0,0,0,0
328692,0,0,0,0
2316085,0,0,0,0
1955814,0,0,0,0
2961598,31.62532264,0,0,0
1982577,0,0,0,0
46679,24.32717126,0,0,0
3138179,0,0,0,0
3381355,0,0,0,0
3066130,0,0,0,0
238800,0,0,0,0
2734141,0,0,0,0
2884455,0,0,0,0
712411,0,0,0,0
3237372,0,0,0,0
1795888,82.71238229,0,0,0
1982225,82.71238229,0,0,0
3061632,0,0,0,0
114707,34.05803977,0,0,0
1947037,0,0,0,0
1495650,0,0,0,0
2080740,0,0,0,0
279828,38.92347402,0,0,0
3446693,0,0,0,0
1229164,0,0,0,0
153731,0,0,0,0
2879617,0,0,0,0
899,0,0,0,0
56450,0,0,0,0
1629550,0,0,0,0
2887345,0,0,0,0
2933290,0,0,0,0
1573711,0,0,0,0
373540,0,0,0,0
2956300,0,0,0,0
2771430,0,0,0,0
683150,0,0,0,0
141389,0,0,0,0
683047,0,0,0,0
3095608,0,0,0,0
266805,0,0,0,0
2975692,0,0,0,0
1231063,26.75988839,0,0,0
3374103,0,0,0,0
3068506,0,0,81.47303243,0
1902245,0,0,81.47303243,0
3060540,0,0,81.47303243,0
1340801,0,0,81.47303243,0
1936029,29.19260551,0,0,0
200252,0,0,0,0
2259638,0,0,0,0
2732590,24.32717126,0,0,0
1499686,0,0,0,0
490759,31.62532264,0,0,0
157779,0,0,0,0
2931975,0,0,0,0
2201356,0,0,0,0
3066173,0,0,0,0
3388490,26.75988839,0,0,0
739,0,0,0,0
409290,0,0,0,0
634,0,0,0,0
2843753,0,0,0,0
3416181,0,0,0,0
3412482,0,0,0,0
2714355,0,0,0,0
2903856,36.49075689,0,0,0
2866627,0,0,0,0
3418416,0,0,0,0
286802,0,0,0,0
2975624,0,0,0,0
479978,0,0,0,0
156978,0,0,0,0
2911495,0,0,0,0
2755559,0,0,0,0
1852377,0,0,0,0
1871019,0,0,0,0
2079793,0,0,0,0
1785145,43.78890827,0,0,0
1806885,0,0,0,0
2711328,0,0,0,0
199136,0,0,0,0
2201,53.51977677,0,0,0
651457,26.75988839,0,0,0
1750535,0,0,0,0
2604158,0,0,0,0
2866201,0,0,0,0
3239978,0,0,0,0
2596912,0,0,0,0
712435,0,0,0,0
131112,36.49075689,0,0,0
2518599,0,0,0,0
2903579,0,0,0,0
162393,0,0,0,0
2841594,0,0,0,0
2058657,0,0,0,0
2714931,0,0,0,0
2903670,0,0,0,0
3156399,0,0,0,0
2609255,0,0,0,0
2026240,0,0,0,0
2560010,0,0,0,0
3391182,0,0,0,0
35786,0,0,0,0
2107708,0,0,0,0
2675054,46.2216254,0,0,0
122420,0,0,0,0
3066238,0,0,0,0
2608867,0,0,0,0
2954064,0,0,0,0
2813727,34.05803977,0,0,0
69963,0,0,0,0
2976676,0,77.53320359,0,0
75291,0,77.53320359,0,0
2722751,0,77.53320359,0,0
229980,0,77.53320359,0,0
2991729,0,0,0,0
3373597,0,0,0,0
2496867,0,0,0,0
2282475,0,0,0,0
2975855,0,0,0,0
59299,0,0,0,0
3074146,0,0,0,0
1573719,0,0,0,0
3239961,0,0,0,0
3004129,0,0,0,0
1897061,26.75988839,0,0,0
1682490,0,0,0,0
3060212,43.78890827,0,0,0
2983222,0,0,0,0
2895493,0,0,0,0
2997426,0,0,0,0
3445784,0,0,0,0
3028711,0,0,0,0
2745504,0,0,0,0
2830995,38.92347402,0,0,0
743836,0,0,0,0
2811781,0,0,0,0
1884913,24.32717126,0,0,0
370764,0,0,0,0
2955344,0,0,0,0
3230994,0,0,0,0
3239904,0,0,0,0
164516,0,0,0,0
52771,0,0,0,0
1003114,0,0,0,0
2903672,0,0,0,0
3434457,0,0,0,0
3029060,0,0,0,0
1610493,0,0,0,0
2843645,0,0,0,0
2965074,0,0,0,0
2775920,0,0,0,0
2072409,75.41423091,0,0,0
2850561,75.41423091,0,0,0
3439066,75.41423091,0,0,0
362457,0,0,0,0
2763257,0,0,0,0
35773,43.78890827,0,0,0
3064161,0,0,0,0
657642,0,0,0,0
1795832,51.08705965,0,0,0
2691580,0,0,0,0
262324,0,0,0,0
2184519,0,0,0,0
712270,0,0,0,0
2201999,0,0,0,0
2081051,0,0,0,0
1804624,0,0,0,0
2689102,0,0,0,0
2683680,0,0,0,0
2949614,0,0,0,0
2558174,0,0,0,0
3048583,31.62532264,0,0,0
2778055,0,0,0,0
1844971,41.35619114,0,0,0
3016342,0,0,0,0
92490,0,0,0,0
3014995,0,0,0,0
3133274,0,0,0,0
3133301,0,0,0,0
2903586,0,0,0,0
73919,0,0,0,0
55779,0,0,0,0
163003,0,0,0,0
3433539,0,0,0,0
1674922,72.98151378,0,0,0
2610902,72.98151378,0,0,0
1486991,0,0,0,0
339268,0,0,0,0
3461144,0,0,0,0
33053,0,0,0,0
1633,0,0,0,0
3398356,0,0,0,0
1715989,36.49075689,0,0,0
3351346,0,0,0,0
2718620,36.49075689,0,0,0
68280,0,0,0,0
2992837,0,0,0,0
2975634,0,0,0,0
3049799,43.78890827,0,0,0
2770551,0,0,0,0
1710539,53.51977677,0,0,0
3445774,0,0,0,0
1780,0,0,0,0
3133296,0,0,0,0
59561,0,0,0,0
56956,0,0,0,0
3117733,0,0,0,0
71998,0,0,0,0
1177712,0,0,0,0
10683,0,0,0,0
2719119,0,0,0,0
126673,0,0,0,0
3388491,0,0,0,0
2094151,0,0,0,0
91915,0,0,0,0
216142,29.19260551,0,0,0
2861288,0,0,0,0
2714945,0,0,0,0
2895486,36.49075689,0,0,0
3374281,0,0,0,0
1684483,0,0,0,0
2772401,0,0,0,0
2876194,24.32717126,0,0,0
2173831,0,0,0,0
675090,51.08705965,0,0,0
3229275,0,0,0,0
2932253,0,0,0,0
2903869,0,0,0,0
3458249,0,0,0,0
326523,38.92347402,0,0,0
445930,0,0,0,0
3066214,0,0,0,0
3411633,0,0,0,0
1366055,0,0,0,0
2483360,0,0,0,0
3093767,26.75988839,0,0,0
3090665,70.54879666,0,0,0
3429804,70.54879666,0,0,0
3451557,0,0,0,0
3395314,0,0,0,0
1458425,0,0,0,0
1868734,0,0,0,0
1671680,0,0,0,0
2922394,31.62532264,0,0,0
2969672,38.92347402,0,0,0
68233,0,0,0,0
927614,41.35619114,0,0,0
3133295,0,0,0,0
2842349,0,0,0,0
119981,0,0,0,0
578928,0,0,0,0
43617,0,0,0,0
2968968,0,0,0,0
1761789,0,0,0,0
2796366,0,0,0,0
2483401,0,0,0,0
2785056,0,0,0,0
61,0,0,0,0
2774706,0,0,0,0
2846098,0,0,0,0
1503055,0,0,0,0
2925318,0,0,0,0
40990,0,0,0,0
1494608,0,0,0,0
2585119,0,0,0,0
3022769,24.32717126,0,0,0
35746,0,0,0,0
359303,0,0,0,0
3140252,0,0,0,0
3433538,26.75988839,0,0,0
2774460,0,0,0,0
866786,0,0,0,0
3066297,0,0,0,0
3398358,0,0,0,0
274539,0,0,0,0
3096996,0,0,0,0
2750620,0,0,0,0
29539,0,0,0,0
178339,0,0,0,0
2608999,0,0,0,0
2903893,0,0,0,0
2903660,0,0,0,0
2903714,0,0,0,0
3111768,0,0,0,0
3016097,0,0,0,0
3002742,0,0,0,0
2864207,0,0,0,0
487529,68.11607953,0,0,0
1705617,68.11607953,0,0,0
415421,0,0,0,0
2961994,0,0,0,0
2716879,0,0,0,0
3230998,0,0,0,0
3433200,0,0,0,0
118126,43.78890827,0,0,0
1586232,0,0,0,0
78258,0,0,0,0
3240766,0,0,0,0
2903820,0,0,0,0
1169025,0,0,0,0
2851649,0,0,0,0
3435230,0,0,0,0
2795215,0,0,0,0
2071627,0,0,0,0
1288494,26.75988839,0,0,0
2992242,48.65434252,0,0,0
230709,0,0,0,0
1806216,0,0,0,0
2499157,0,0,0,0
2895485,0,0,0,0
2903766,0,0,0,0
3066281,0,0,0,0
2784880,29.19260551,0,0,0
629680,0,0,0,0
2675099,38.92347402,0,0,0
1462996,36.49075689,0,0,0
3098076,0,0,0,0
3122488,0,0,0,0
3066319,0,0,0,0
2560831,0,0,0,0
1499308,0,0,0,0
2992573,0,0,0,0
2161816,0,0,0,0
31965,0,0,0,0
2316359,0,0,0,0
2652803,0,0,0,0
1323731,0,0,0,0
2211106,29.19260551,0,0,0
2781952,65.6833624,0,0,0
2886505,65.6833624,0,0,0
2734369,65.6833624,0,0,0
289370,0,0,0,0
376620,0,0,0,0
177758,0,0,0,0
38302,0,0,0,0
3398212,0,0,0,0
3003619,0,0,0,0
3038545,0,0,0,0
266009,0,0,0,0
1720526,0,0,0,0
1922544,0,0,0,0
653940,0,0,0,0
3379815,0,0,0,0
2771362,0,0,0,0
43990,0,0,0,0
54914,0,0,0,0
3404115,0,0,0,0
3388566,0,0,0,0
2170045,0,0,0,0
1715285,0,0,0,0
3020716,0,0,0,0
2055947,26.75988839,0,0,0
1611770,0,0,0,0
56877,0,0,0,0
368607,0,0,0,0
3131931,0,0,0,0
3045157,0,0,0,0
2870860,0,0,0,0
1478019,0,0,0,0
3238624,0,0,0,0
3074897,0,0,0,0
67326,0,0,0,0
2500546,0,0,0,0
2592652,0,0,0,0
273678,0,0,0,0
1394,0,0,0,0
1938334,0,0,0,0
2864102,0,0,0,0
2060092,0,0,0,0
1926968,0,0,0,0
3050269,0,0,0,0
52774,0,0,0,0
2861279,0,0,0,0
83986,34.05803977,0,0,0
3090699,38.92347402,0,0,0
3016091,0,0,0,0
2813778,0,0,0,0
453836,0,0,0,0
2055893,43.78890827,0,0,0
3047786,0,0,0,0
35817,0,0,0,0
1017351,0,0,0,0
2681308,0,0,0,0
3009083,0,0,0,0
3140250,0,0,0,0
83456,0,0,0,0
3341830,0,0,0,0
3404049,0,0,0,0
1414719,0,0,0,0
3230978,0,0,0,0
502394,0,0,0,0
2025658,0,0,0,0
2979331,0,0,0,0
1667,0,0,0,0
3426548,26.75988839,0,0,0
1971485,0,0,0,0
762660,0,0,0,0
2903646,0,0,0,0
2745518,0,0,0,0
2025659,0,0,0,0
658401,0,0,0,0
52773,0,0,0,0
1984781,0,0,0,0
3430779,0,0,0,0
3432517,0,0,0,0
3052803,0,0,0,0
3428771,0,0,0,0
167957,0,0,0,0
2975980,0,0,0,0
794846,0,0,0,0
2814653,0,0,0,0
3238628,0,0,0,0
2967224,0,0,0,0
67255,0,0,0,0
2975966,0,0,0,0
444597,0,0,0,0
2975979,0,0,0,0
1282737,0,0,0,0
3026162,0,0,0,0
2734120,60.81792815,0,0,0
3066184,0,0,0,0
38303,0,0,0,0
3048149,0,0,0,0
1704076,0,0,0,0
3116482,0,0,0,0
1661694,0,0,0,0
44752,0,0,0,0
1849032,0,0,0,0
194197,24.32717126,0,0,0
35757,0,0,0,0
3155932,0,0,0,0
3394855,0,0,0,0
3115152,0,0,0,0
2921432,0,0,0,0
1131462,0,0,0,0
3114695,0,0,0,0
3051617,0,0,0,0
2762577,0,0,0,0
3068275,0,0,0,0
2843303,0,0,0,0
1040979,0,0,0,0
3448171,0,0,0,0
743009,0,0,0,0
3132259,0,0,0,0
3459136,0,0,0,0
2995145,0,0,0,0
3109564,0,0,0,0
211502,0,0,0,0
555573,0,0,0,0
3136739,0,0,0,0
3031998,0,0,0,0
260149,0,0,0,0
3047383,0,0,0,0
512298,0,0,0,0
3112558,0,0,0,0
2338327,0,0,0,0
1909299,0,0,0,0
2746321,0,0,0,0
2975849,0,0,0,0
1437453,0,0,0,0
2746961,0,0,0,0
67294,0,0,0,0
2663859,0,0,0,0
1906274,0,0,0,0
2994664,0,0,0,0
745408,0,0,0,0
3066235,58.38521103,0,0,0
2709394,58.38521103,0,0,0
2914983,0,0,0,0
1807141,0,0,0,0
132919,0,0,0,0
2841303,0,0,0,0
472569,0,0,0,0
3423951,0,0,0,0
2104,26.75988839,0,0,0
2583374,0,0,0,0
191610,31.62532264,0,0,0
2560269,31.62532264,0,0,0
277,0,0,0,0
3428186,0,0,0,0
1871043,0,0,0,0
588898,0,0,0,0
3234138,0,0,0,0
2576356,0,0,0,0
459858,0,0,0,0
1550728,0,0,0,0
2661553,0,0,0,0
3020055,0,0,0,0
1577075,0,0,0,0
3015156,0,0,0,0
59737,0,0,0,0
2675787,0,0,0,0
2006980,0,0,0,0
3230995,0,0,0,0
3430721,0,0,0,0
2903831,0,0,0,0
28028,0,0,0,0
2684212,31.62532264,0,0,0
101534,0,0,0,0
1839798,0,0,0,0
2921415,0,0,0,0
3024576,0,0,0,0
2903898,0,0,0,0
3427283,0,0,0,0
2614442,0,0,0,0
3053904,0,0,0,0
54006,0,0,0,0
1435347,29.19260551,0,0,0
2867026,0,0,0,0
515415,0,0,0,0
1272,0,0,0,0
2785123,55.9524939,0,0,0
2779519,0,0,0,0
1283291,0,0,0,0
3051615,0,0,0,0
2069255,0,0,0,0
492,24.32717126,0,0,0
2489212,0,0,0,0
1855613,0,0,0,0
1825069,0,0,0,0
3066168,0,0,0,0
2751478,0,0,0,0
54077,0,0,0,0
2986280,0,0,0,0
85085,0,0,0,0
2956108,0,0,0,0
3048493,0,0,0,0
3075222,0,0,0,0
2927875,0,0,0,0
3140248,0,0,0,0
2609258,0,0,0,0
3163031,0,0,0,0
3016092,0,0,0,0
2033033,0,0,0,0
2952152,0,0,0,0
2813780,0,0,0,0
1884915,0,0,0,0
2282148,0,0,0,0
2570351,0,0,0,0
2895487,0,0,0,0
46355,0,0,0,0
488729,0,0,0,0
223392,0,0,0,0
2956223,0,0,0,0
2733930,0,0,0,0
753084,0,0,0,0
3116480,0,0,0,0
876364,0,0,0,0
2563662,0,0,0,0
3047695,0,0,0,0
3052630,0,0,0,0
2953747,0,0,0,0
2570468,0,0,0,0
2849642,0,0,0,0
1428684,0,0,0,0
2067959,53.51977677,0,0,0
3410924,53.51977677,0,0,0
1175445,53.51977677,0,0,0
3424718,0,0,0,0
2799325,0,0,0,0
3239284,0,0,0,0
202862,0,0,0,0
2875948,0,0,0,0
156977,0,0,0,0
2739057,0,0,0,0
1855377,0,0,0,0
3052510,0,0,0,0
3047353,0,0,0,0
2864213,0,0,0,0
33075,24.32717126,0,0,0
2518343,0,0,0,0
3391579,0,0,0,0
2979330,0,0,0,0
2769078,0,0,0,0
2859227,0,0,0,0
3003247,26.75988839,0,0,0
754514,26.75988839,0,0,0
3430773,0,0,0,0
361111,0,0,0,0
3048629,0,0,0,0
3050266,34.05803977,0,0,0
3425947,0,0,0,0
2724122,0,0,0,0
3133310,0,0,0,0
556499,0,0,0,0
3135263,0,0,0,0
3050069,0,0,0,0
1913979,0,0,0,0
3230986,0,0,0,0
307580,0,0,0,0
3077723,0,0,0,0
2929493,0,0,0,0
2754727,0,0,0,0
2972775,0,0,0,0
548913,0,0,0,0
361575,0,0,0,0
3344879,0,0,0,0
2951138,0,0,0,0
2175621,0,0,0,0
3075124,0,0,0,0
3043447,0,0,0,0
195522,0,0,0,0
1889240,0,0,0,0
3235106,51.08705965,0,0,0
1206777,0,0,0,0
2781022,0,0,0,0
3068889,0,0,0,0
2975733,0,0,0,0
2975747,0,0,0,0
36805,0,0,0,0
2761047,0,0,0,0
71254,0,0,0,0
3047947,0,0,0,0
2565366,0,0,0,0
3235111,26.75988839,0,0,0
2976335,29.19260551,0,0,0
807,0,0,0,0
2824910,0,0,0,0
2875729,0,0,0,0
349751,0,0,0,0
62320,0,0,0,0
2072407,0,0,0,0
2903757,0,0,0,0
3231942,0,0,0,0
3078227,0,0,0,0
1176198,0,0,0,0
3140787,0,0,0,0
2811421,0,0,0,0
1644129,0,0,0,0
2949630,0,0,0,0
3139315,0,0,0,0
3060756,0,0,0,0
1507808,0,0,0,0
497725,0,0,0,0
3432031,0,0,0,0
2876193,0,0,0,0
1603886,34.05803977,0,0,0
464988,34.05803977,0,0,0
2204145,48.65434252,0,0,0
3418365,48.65434252,0,0,0
56636,48.65434252,0,0,0
1667168,0,0,0,0
2169883,0,0,0,0
1380362,0,0,0,0
554344,0,0,0,0
2797167,0,0,0,0
3049069,0,0,0,0
3019890,0,0,0,0
2175620,0,0,0,0
2768071,0,0,0,0
2600159,0,0,0,0
3162566,0,0,0,0
3033388,0,0,0,0
634121,0,0,0,0
3066217,0,0,0,0
496857,0,0,0,0
110933,0,0,0,0
44930,0,0,0,0
1932360,0,0,0,0
358766,0,0,0,0
3113369,0,0,0,0
2879621,0,0,0,0
2560545,0,0,0,0
2883169,0,0,0,0
2940301,0,0,0,0
2094119,0,0,0,0
2842357,0,0,0,0
157782,0,0,0,0
2884874,0,0,0,0
2903827,0,0,0,0
114687,0,0,0,0
3242192,0,0,0,0
2175645,0,0,0,0
2862880,0,0,0,0
2585717,0,0,0,0
3415672,0,0,0,0
2779775,0,0,0,0
3018339,0,0,0,0
155537,0,0,0,0
3059911,0,0,0,0
951,24.32717126,0,0,0
2992843,0,0,0,0
2490633,0,0,0,0
285676,0,0,0,0
3033389,0,0,0,0
3431241,0,0,0,0
142058,0,0,0,0
2734115,0,0,0,0
3377125,0,0,0,0
2650745,0,0,0,0
326927,46.2216254,0,0,0
3051120,46.2216254,0,0,0
157339,46.2216254,0,0,0
34020,46.2216254,0,0,0
2734158,46.2216254,0,0,0
94694,34.05803977,0,0,0
2610895,0,0,0,0
3095337,0,0,0,0
3032281,0,0,0,0
2726956,0,0,0,0
488446,0,0,0,0
2918299,0,0,0,0
1458426,0,0,0,0
3075197,0,0,0,0
2975765,0,0,0,0
1736046,0,0,0,0
3093850,0,0,0,0
3075620,0,0,0,0
2663121,0,0,0,0
1490225,0,0,0,0
2949995,0,0,0,0
88724,0,0,0,0
28109,0,0,0,0
2879622,0,0,0,0
230143,0,0,0,0
2496837,0,0,0,0
3138178,0,0,0,0
2580515,0,0,0,0
36874,0,0,0,0
2740515,0,0,0,0
3047677,0,0,0,0
172827,0,0,0,0
3142537,0,0,0,0
2056231,0,0,0,0
2903780,0,0,0,0
84163,0,0,0,0
2955844,0,0,0,0
2560336,0,0,0,0
33871,0,0,0,0
2053930,0,0,0,0
3024399,0,0,0,0
3130163,0,0,0,0
321318,0,0,0,0
2994493,0,0,0,0
3414495,0,0,0,0
2903781,0,0,0,0
2903749,0,0,0,0
2817475,0,0,0,0
638619,0,0,0,0
3139323,0,0,0,0
674079,0,0,0,0
2955292,0,0,0,0
2996261,0,0,0,0
43665,0,0,0,0
2478464,0,0,0,0
1921710,0,0,0,0
3230997,0,0,0,0
3450718,43.78890827,0,0,0
2949629,0,0,0,0
2609415,0,0,0,0
66892,0,0,0,0
2708084,0,0,0,0
1605379,0,0,0,0
1702170,0,0,0,0
1194427,0,0,0,0
529884,0,0,0,0
3433523,0,0,0,0
712310,26.75988839,0,0,0
337243,0,0,0,0
2937524,0,0,0,0
3381348,0,0,0,0
1870985,0,0,0,0
105751,0,0,0,0
3016343,24.32717126,0,0,0
712157,24.32717126,0,0,0
2996112,0,0,0,0
2921430,0,0,0,0
2749058,0,0,0,0
2745490,0,0,0,0
2903675,0,0,0,0
53374,0,0,0,0
3060828,0,0,0,0
2962888,0,0,0,0
2055955,0,0,0,0
758826,0,0,0,0
2969820,0,0,0,0
3041765,0,0,0,0
2795488,0,0,0,0
1734031,0,0,0,0
863575,0,0,0,0
3055869,0,0,0,0
1121358,0,0,0,0
2968475,29.19260551,0,0,0
2734111,29.19260551,0,0,0
2955969,0,0,0,0
3059995,0,0,0,0
3426937,0,0,0,0
3043847,0,0,0,0
1758398,0,0,0,0
661191,26.75988839,0,0,0
1231049,0,0,0,0
2761623,0,0,0,0
1561022,0,0,0,0
2967300,0,0,0,0
1068590,0,0,0,0
2929495,0,0,0,0
3418422,0,0,0,0
1844051,41.35619114,0,0,0
2560334,41.35619114,0,0,0
3060397,41.35619114,0,0,0
3426175,41.35619114,0,0,0
2828862,0,0,0,0
1684,0,0,0,0
2975645,0,0,0,0
3120157,0,0,0,0
2652444,0,0,0,0
1710540,0,0,0,0
2490851,0,0,0,0
178606,0,0,0,0
3015166,0,0,0,0
310769,0,0,0,0
1547448,0,0,0,0
3119004,0,0,0,0
83560,0,0,0,0
3047860,0,0,0,0
2975977,0,0,0,0
1048758,0,0,0,0
2725684,0,0,0,0
2867408,0,0,0,0
3139336,0,0,0,0
67384,0,0,0,0
2044576,0,0,0,0
3066315,0,0,0,0
2955989,0,0,0,0
2956469,0,0,0,0
2956112,0,0,0,0
927,0,0,0,0
3366817,0,0,0,0
3074430,0,0,0,0
2932245,0,0,0,0
3136676,0,0,0,0
701042,0,0,0,0
1564114,0,0,0,0
38301,0,0,0,0
3239959,0,0,0,0
1750598,0,0,0,0
607712,26.75988839,0,0,0
3136737,0,0,0,0
227319,26.75988839,0,0,0
2603292,0,0,0,0
2785913,0,0,0,0
2014541,0,0,0,0
92245,0,0,0,0
1868655,0,0,0,0
135735,0,0,0,0
254785,0,0,0,0
2733906,0,0,0,0
2845399,0,0,0,0
2282206,0,0,0,0
2738852,0,0,0,0
2066049,38.92347402,0,0,0
1936021,38.92347402,0,0,0
2590775,38.92347402,0,0,0
2097,38.92347402,0,0,0
3060524,38.92347402,0,0,0
2843760,38.92347402,0,0,0
3050308,38.92347402,0,0,0
2850559,0,0,0,0
2853159,0,0,0,0
3042029,0,0,0,0
3230996,0,0,0,0
2934340,0,0,0,0
3047765,0,0,0,0
2678257,0,0,0,0
2979461,0,0,0,0
2954091,0,0,0,0
2760084,0,0,0,0
2778064,0,0,0,0
3132289,0,0,0,0
2175660,0,0,0,0
3016094,0,0,0,0
2175149,0,0,0,0
2250,0,0,0,0
1333523,0,0,0,0
2733943,0,0,0,0
3428500,0,0,0,0
1880678,0,0,0,0
1637869,0,0,0,0
3066283,0,0,0,0
2734135,0,0,0,0
2303750,0,0,0,0
2975778,0,0,0,0
3056647,0,0,0,0
3058903,0,0,0,0
1918723,0,0,0,0
3241450,0,0,0,0
2894156,0,0,0,0
2908651,0,0,0,0
2886938,0,0,0,0
3068341,0,0,0,0
2961597,0,0,0,0
366522,24.32717126,0,0,0
2895494,0,0,0,0
2903783,0,0,0,0
1546107,0,0,0,0
1924,0,0,0,0
2851646,0,0,0,0
2175641,0,0,0,0
619291,0,0,0,0
2017485,0,0,0,0
3109565,0,0,0,0
2978474,0,0,0,0
3117459,0,0,0,0
3069269,0,0,0,0
2675775,0,0,0,0
2282124,0,0,0,0
2954752,0,0,0,0
1316411,0,0,0,0
3066307,0,0,0,0
29292,0,0,0,0
2560476,0,0,0,0
1470347,0,0,0,0
3048630,0,0,0,0
1336740,0,0,0,0
2984142,36.49075689,0,0,0
3060716,36.49075689,0,0,0
1586712,36.49075689,0,0,0
3428816,36.49075689,0,0,0
3066296,0,0,0,0
1932881,0,0,0,0
2971236,0,0,0,0
2316720,0,0,0,0
2560631,0,0,0,0
417280,0,0,0,0
2956139,0,0,0,0
2955996,0,0,0,0
2271,0,0,0,0
3060804,0,0,0,0
3414496,0,0,0,0
2774459,0,0,0,0
2201355,0,0,0,0
1163398,0,0,0,0
1052,0,0,0,0
3398229,0,0,0,0
2565934,0,0,0,0
2816859,0,0,0,0
3385969,0,0,0,0
169765,0,0,0,0
134034,0,0,0,0
2982699,0,0,0,0
1839799,0,0,0,0
3031996,0,0,0,0
3032001,0,0,0,0
1852381,0,0,0,0
2954101,0,0,0,0
1862358,24.32717126,0,0,0
2755386,0,0,0,0
43659,0,0,0,0
2937790,0,0,0,0
220697,0,0,0,0
3384451,0,0,0,0
411483,0,0,0,0
2749071,0,0,0,0
3059030,0,0,0,0
2954096,0,0,0,0
3458058,0,0,0,0
3022791,0,0,0,0
1637862,0,0,0,0
573737,0,0,0,0
728066,0,0,0,0
1768108,0,0,0,0
81412,0,0,0,0
2909672,0,0,0,0
1182568,0,0,0,0
2935858,0,0,0,0
3398214,0,0,0,0
2975857,0,0,0,0
2955533,0,0,0,0
2733372,0,0,0,0
651740,0,0,0,0
2741499,34.05803977,0,0,0
2018052,34.05803977,0,0,0
54252,34.05803977,0,0,0
2964616,0,0,0,0
2921489,0,0,0,0
228574,0,0,0,0
3436239,0,0,0,0
931100,0,0,0,0
1863,0,0,0,0
1846278,0,0,0,0
2734134,0,0,0,0
2955562,0,0,0,0
3050350,0,0,0,0
3427847,0,0,0,0
3240497,0,0,0,0
1923706,0,0,0,0
1923698,0,0,0,0
2724121,0,0,0,0
3404059,0,0,0,0
1382803,0,0,0,0
920,0,0,0,0
194673,0,0,0,0
2995140,0,0,0,0
3042517,0,0,0,0
1357915,0,0,0,0
487568,0,0,0,0
2704652,0,0,0,0
2927224,0,0,0,0
2789208,0,0,0,0
307643,0,0,0,0
2956181,0,0,0,0
3031916,0,0,0,0
77635,0,0,0,0
3132096,0,0,0,0
70771,0,0,0,0
2978046,0,0,0,0
2734106,0,0,0,0
3388343,0,0,0,0
463024,0,0,0,0
3160749,0,0,0,0
2578107,0,0,0,0
156980,0,0,0,0
2722820,0,0,0,0
1500687,0,0,0,0
2066024,0,0,0,0
489,0,0,0,0
3435187,0,0,0,0
1987727,0,0,0,0
548914,0,0,0,0
10484,0,0,0,0
147206,0,0,0,0
1885674,0,0,0,0
2842350,31.62532264,0,0,0
1920990,31.62532264,0,0,0
67307,31.62532264,0,0,0
35780,31.62532264,0,0,0
2993314,31.62532264,0,0,0
113653,31.62532264,0,0,0
242703,31.62532264,0,0,0
2045011,31.62532264,0,0,0
2955765,31.62532264,0,0,0
2560554,31.62532264,0,0,0
2956556,31.62532264,0,0,0
2734008,31.62532264,0,0,0
2651199,0,0,0,0
3025782,0,0,0,0
2954587,0,0,0,0
232537,0,0,0,0
3060402,0,0,0,0
2501954,0,0,0,0
155925,0,0,0,0
2576923,0,0,0,0
2016373,0,0,0,0
1981173,0,0,0,0
1785161,0,0,0,0
3111774,0,0,0,0
3143537,0,0,0,0
2830997,0,0,0,0
2697563,0,0,0,0
3059080,0,0,0,0
3450454,0,0,0,0
2021,0,0,0,0
2953748,0,0,0,0
508460,0,0,0,0
2714951,0,0,0,0
3059730,0,0,0,0
3429958,0,0,0,0
2921370,0,0,0,0
3060323,0,0,0,0
3060634,0,0,0,0
3431515,0,0,0,0
3047759,0,0,0,0
3020907,0,0,0,0
2895491,0,0,0,0
2864204,0,0,0,0
686831,0,0,0,0
2782166,0,0,0,0
2873270,0,0,0,0
123320,0,0,0,0
745377,0,0,0,0
2931977,0,0,0,0
2873269,0,0,0,0
2864202,0,0,0,0
2058328,0,0,0,0
44822,0,0,0,0
3066306,0,0,0,0
2080449,0,0,0,0
1699371,0,0,0,0
1725232,29.19260551,0,0,0
2488819,29.19260551,0,0,0
1536648,29.19260551,0,0,0
121277,29.19260551,0,0,0
2955958,29.19260551,0,0,0
2955429,29.19260551,0,0,0
1173297,29.19260551,0,0,0
3427055,29.19260551,0,0,0
3428769,0,0,0,0
33074,0,0,0,0
3122489,0,0,0,0
2921710,0,0,0,0
3427970,0,0,0,0
3349632,0,0,0,0
2742613,0,0,0,0
2717697,0,0,0,0
332411,0,0,0,0
3446480,0,0,0,0
3049071,0,0,0,0
1793722,0,0,0,0
162496,0,0,0,0
43667,0,0,0,0
2782567,0,0,0,0
3064288,0,0,0,0
292462,0,0,0,0
2014528,0,0,0,0
1683,0,0,0,0
2872158,0,0,0,0
1853690,0,0,0,0
1453760,0,0,0,0
2675785,0,0,0,0
3394854,0,0,0,0
79604,0,0,0,0
184117,0,0,0,0
754058,0,0,0,0
2956698,0,0,0,0
3428200,0,0,0,0
3433814,0,0,0,0
224402,0,0,0,0
2576932,0,0,0,0
3141322,0,0,0,0
3028807,0,0,0,0
3075650,0,0,0,0
1186051,0,0,0,0
88916,0,0,0,0
2975748,0,0,0,0
68179,0,0,0,0
3077933,0,0,0,0
387341,0,0,0,0
3104265,0,0,0,0
2745494,0,0,0,0
2764185,0,0,0,0
1981031,0,0,0,0
1401995,0,0,0,0
85336,0,0,0,0
2894192,0,0,0,0
398694,0,0,0,0
3061629,0,0,0,0
3068310,0,0,0,0
2079535,0,0,0,0
2714935,0,0,0,0
2955711,0,0,0,0
2956060,0,0,0,0
53988,0,0,0,0
3240578,0,0,0,0
2842354,0,0,0,0
385025,0,0,0,0
3240788,0,0,0,0
2719989,0,0,0,0
3133281,0,0,0,0
228745,0,0,0,0
2733907,0,0,0,0
3059705,0,0,0,0
2955583,26.75988839,0,0,0
2734235,26.75988839,0,0,0
3043284,0,0,0,0
3161136,0,0,0,0
3418175,0,0,0,0
44750,0,0,0,0
3111776,0,0,0,0
223182,0,0,0,0
137545,0,0,0,0
3071081,0,0,0,0
3240095,0,0,0,0
258224,0,0,0,0
2830990,0,0,0,0
3400219,0,0,0,0
2423,0,0,0,0
2016361,0,0,0,0
2845137,0,0,0,0
2955986,0,0,0,0
2843993,0,0,0,0
3050251,0,0,0,0
1931371,0,0,0,0
1497848,0,0,0,0
1922892,0,0,0,0
362830,0,0,0,0
3003620,0,0,0,0
1819736,0,0,0,0
3073452,0,0,0,0
76860,0,0,0,0
2800128,0,0,0,0
2903811,0,0,0,0
708131,0,0,0,0
1332188,0,0,0,0
3047716,0,0,0,0
1053551,0,0,0,0
574987,0,0,0,0
3447363,0,0,0,0
3374104,0,0,0,0
670052,0,0,0,0
521392,0,0,0,0
2909229,0,0,0,0
3457577,0,0,0,0
712538,0,0,0,0
37636,0,0,0,0
2963434,0,0,0,0
2961574,0,0,0,0
90426,0,0,0,0
2845858,0,0,0,0
2955208,24.32717126,0,0,0
131081,24.32717126,0,0,0
65123,24.32717126,0,0,0
2956014,24.32717126,0,0,0
2841283,24.32717126,0,0,0
2956210,24.32717126,0,0,0
3048436,24.32717126,0,0,0
3047858,24.32717126,0,0,0
3234143,0,0,0,0
3455201,0,0,0,0
42862,0,0,0,0
355249,0,0,0,0
2955687,0,0,0,0
1147042,0,0,0,0
1649877,0,0,0,0
2993566,0,0,0,0
57664,0,0,0,0
2982524,0,0,0,0
2961595,0,0,0,0
2870840,0,0,0,0
2939415,0,0,0,0
2109687,0,0,0,0
42838,0,0,0,0
186171,0,0,0,0
160233,0,0,0,0
1980955,0,0,0,0
1663208,0,0,0,0
572290,0,0,0,0
2560706,0,0,0,0
1923378,0,0,0,0
3078442,0,0,0,0
1391455,0,0,0,0
3138237,0,0,0,0
721785,0,0,0,0
655307,0,0,0,0
2734126,0,0,0,0
2956343,0,0,0,0
3048221,0,0,0,0
267,0,0,0,0
38307,0,0,0,0
2745514,0,0,0,0
462710,0,0,0,0
2175666,0,0,0,0
358099,0,0,0,0
1960083,0,0,0,0
2951804,0,0,0,0
2675789,0,0,0,0
3131929,0,0,0,0
2953971,0,0,0,0
2975345,0,0,0,0
1548602,0,0,0,0
2983212,0,0,0,0
3448583,0,0,0,0
2956144,0,0,0,0
2955232,0,0,0,0
2955762,0,0,0,0
3060748,0,0,0,0
2126929,0,0,0,0
1923634,0,0,0,0
484,0,0,0,0
2853258,0,0,0,0
1231000,0,0,0,0
2709392,0,0,0,0
634157,0,0,0,0
2747817,0,0,0,0
2734052,0,0,0,0
2755398,0,0,0,0
3414707,0,0,0,0
3228746,0,0,0,0
3081770,0,0,0,0
3438964,0,0,0,0
3421173,0,0,0,0
3366812,0,0,0,0
2955726,0,0,0,0
2845178,0,0,0,0
1813599,0,0,0,0
933845,0,0,0,0
2565304,0,0,0,0
53410,0,0,0,0
2005046,0,0,0,0
3066143,0,0,0,0
2081049,0,0,0,0
2698900,0,0,0,0
2749050,0,0,0,0
3059035,0,0,0,0
680118,0,0,0,0
2956266,0,0,0,0
3060051,0,0,0,0
2845079,0,0,0,0
3050246,0,0,0,0
3050331,0,0,0,0
3241176,0,0,0,0
3051417,0,0,0,0
3133271,0,0,0,0
936337,0,0,0,0
1259258,0,0,0,0
2487344,0,0,0,0
152794,0,0,0,0
1851395,0,0,0,0
28049,0,0,0,0
2527867,0,0,0,0
869892,0,0,0,0
49899,0,0,0,0
1008460,0,0,0,0
2734371,0,0,0,0
768528,0,0,0,0
29433,0,0,0,0
2825975,0,0,0,0
265883,0,0,0,0
2039,0,0,0,0
2155,0,0,0,0
2560679,0,0,0,0
3427928,0,0,0,0
185588,0,0,0,0
2973088,0,0,0,0
556053,0,0,0,0
2859226,0,0,0,0
2057798,0,0,0,0
1111069,0,0,0,0
88190,0,0,0,0
35745,0,0,0,0
2876190,0,0,0,0
2875961,0,0,0,0
33994,0,0,0,0
742013,0,0,0,0
1721,0,0,0,0
2173174,0,0,0,0
3016096,0,0,0,0
311400,0,0,0,0
3427844,0,0,0,0
2733635,0,0,0,0
3068353,0,0,0,0
1980946,0,0,0,0
307466,0,0,0,0
342409,0,0,0,0
2170255,0,0,0,0
2730425,0,0,0,0
2986281,0,0,0,0
2079791,0,0,0,0
3447965,0,0,0,0
33905,0,0,0,0
2734634,0,0,0,0
2682776,0,0,0,0
2026885,0,0,0,0
1457250,0,0,0,0
3144666,0,0,0,0
647,0,0,0,0
931101,0,0,0,0
287948,0,0,0,0
2983213,0,0,0,0
78259,0,0,0,0
3031114,0,0,0,0
2956048,0,0,0,0
3060305,0,0,0,0
3430497,0,0,0,0
3060653,0,0,0,0
1655646,0,0,0,0
399742,0,0,0,0
2817414,0,0,0,0
2605424,0,0,0,0
83557,0,0,0,0
2921382,0,0,0,0
2025492,0,0,0,0
2594494,0,0,0,0
2890314,0,0,0,0
1671,0,0,0,0
3022127,0,0,0,0
108007,0,0,0,0
2269,0,0,0,0
2734145,0,0,0,0
3431480,0,0,0,0
3052670,0,0,0,0
3052684,0,0,0,0
1922860,0,0,0,0
1923643,0,0,0,0
3427966,0,0,0,0
3048408,0,0,0,0
278132,0,0,0,0
2737173,0,0,0,0
271,0,0,0,0
1602166,0,0,0,0
136094,0,0,0,0
3402017,0,0,0,0
3062275,0,0,0,0
43674,0,0,0,0
1816183,0,0,0,0
2560496,0,0,0,0
1985693,0,0,0,0
1980429,0,0,0,0
3047697,0,0,0,0
3047704,0,0,0,0
3047352,0,0,0,0
3047953,0,0,0,0
3052219,0,0,0,0
3342641,0,0,0,0
3017361,0,0,0,0
2495645,0,0,0,0
3079930,0,0,0,0
2763056,0,0,0,0
2836432,0,0,0,0
1873524,0,0,0,0
1982371,0,0,0,0
1821960,0,0,0,0
3416667,0,0,0,0
3398207,0,0,0,0
3399689,0,0,0,0
2709410,0,0,0,0
2023260,0,0,0,0
69525,0,0,0,0
2955511,0,0,0,0
2846180,0,0,0,0
2846435,0,0,0,0
3050140,0,0,0,0
3427923,0,0,0,0
1917232,0,0,0,0
3426550,0,0,0,0
3418654,0,0,0,0
3051421,0,0,0,0
3388489,0,0,0,0
3016341,0,0,0,0
2745503,0,0,0,0
716,0,0,0,0
713030,0,0,0,0
1436085,0,0,0,0
3059852,0,0,0,0
2733994,0,0,0,0
2560455,0,0,0,0
2843770,0,0,0,0
1406788,0,0,0,0
2845523,0,0,0,0
2734390,0,0,0,0
3060785,0,0,0,0
3048195,0,0,0,0
2955431,0,0,0,0
3426832,0,0,0,0
54254,0,0,0,0
1987150,0,0,0,0
3432133,0,0,0,0
3048435,0,0,0,0
1914861,0,0,0,0
3461145,0,0,0,0
2895490,0,0,0,0
96495,0,0,0,0
2686014,0,0,0,0
1614,0,0,0,0
1852379,0,0,0,0
299422,0,0,0,0
2734102,0,0,0,0
2955907,0,0,0,0
3433337,0,0,0,0
3050281,0,0,0,0
3431616,0,0,0,0
2116599,0,0,0,0
1100043,0,0,0,0
181487,0,0,0,0
3158571,0,0,0,0
1258,0,0,0,0
3059703,0,0,0,0
2844144,0,0,0,0
3060803,0,0,0,0
3060630,0,0,0,0
880161,0,0,0,0
3052448,0,0,0,0
3052587,0,0,0,0
2654238,0,0,0,0
2867409,0,0,0,0
2769067,0,0,0,0
1985716,0,0,0,0
2846183,0,0,0,0
2845410,0,0,0,0
3052596,0,0,0,0
1027468,0,0,0,0
1965238,0,0,0,0
3418653,0,0,0,0
3047831,0,0,0,0
3052207,0,0,0,0
1603038,0,0,0,0
2871493,0,0,0,0
2805427,0,0,0,0
2560423,0,0,0,0
3060027,0,0,0,0
3048333,0,0,0,0
3432138,0,0,0,0
3250174,0,0,0,0
219584,0,0,0,0
1503293,0,0,0,0
2843810,0,0,0,0
1746064,0,0,0,0
346881,0,0,0,0
3399680,0,0,0,0
104955,0,0,0,0
2572088,0,0,0,0
3429984,0,0,0,0
2846159,0,0,0,0
3052549,0,0,0,0
2956521,0,0,0,0
3240513,0,0,0,0
3427221,0,0,0,0
3431239,0,0,0,0
40050,0,0,0,0
3051418,0,0,0,0
2955240,0,0,0,0
1959845,0,0,0,0
3345112,0,0,0,0
2968831,0,0,0,0
2051,0,0,0,0
3127115,0,0,0,0
1980959,0,0,0,0
2560434,0,0,0,0
1357714,0,0,0,0
148943,0,0,0,0
3050268,0,0,0,0
2845680,0,0,0,0
1923622,0,0,0,0
3048237,0,0,0,0
3060633,0,0,0,0
2049444,0,0,0,0