,072023_Carolina_2023_Baya_057_SSID_S7,072023_Carolina_2023_Baya_059_SSID_S8,072023_Carolina_2023_Baya_061_SSID_S5,072023_Carolina_2023_Baya_063_SSID_S6,122021_Coralina_2021_Baya_019_SSID1_S46,122021_Coralina_2021_Baya_021_SSID2_S36
2057741,329.5141079,305.3062221,313.0631734,532.3118253,116692.2748,2016.348491
5722,2975.04166,3285.09495,2041.716348,740.0129347,12168.68259,4805.025839
562,8953.369046,11931.36716,7644.186009,7141.435749,2125.668604,4398.12775
588596,6740.917179,6460.27966,3596.143062,1131.784488,1112.895338,9827.755115
573,9574.738507,6667.887892,3269.468446,4022.187951,1990.888891,2910.487604
1747,1223.909544,1282.286133,1695.985713,44637.08273,33182.76514,212.5200209
28901,6081.888963,4329.24223,3892.872504,1871.797423,931.9054386,2840.511499
1396,4443.733112,4341.454479,3340.247946,1512.362569,1505.681928,4605.464356
470,4104.804316,4402.515723,2752.233638,1297.199144,1008.922417,2721.292951
1280,2796.162573,2845.45399,3002.684176,1833.242127,1844.556633,3687.999876
492670,2174.793112,1911.216951,1241.36354,1016.118601,0,2182.217776
1428,4095.389627,2717.225377,4472.719947,1395.452963,454.4001725,2485.447562
2004662,11109.33278,7614.33718,2670.564984,2309.586588,19801.06514,479.4659009
287,3464.605477,1764.669964,3168.743773,6345.45545,6249.927797,2677.233922
3066369,0,0,201.4493464,213.9197055,69.31528055,0
1173583,263.6112863,177.0776088,133.3921348,59.69852246,0,19575.16729
1502,2485.477843,2668.376382,1099.80454,283.5679817,5283.364718,2148.525578
647221,772.0044814,885.3880442,326.6746157,93.27894135,69.31528055,510.5663918
9,2306.598755,3004.213226,1671.485117,685.2892891,12045.45542,2265.152418
1325120,0,134.3347377,193.282481,202.7262325,7278.104458,733.453243
158836,2852.650706,1978.384319,1301.253886,2292.174519,0,1498.006977
1351,2042.987469,1660.865848,2335.723503,1220.088553,1702.075222,1790.869933
5811,1440.447386,1312.816755,969.1346934,181.5830058,600.7324315,1127.392794
1491,2118.304979,2265.372168,925.578078,319.635839,2452.990762,2550.240251
208375,357.7581743,262.563351,225.9499426,309.6860853,5760.869984,681.6190916
1936156,1346.300498,873.1757953,4848.395755,4441.321327,689.3019566,642.743478
1219,1139.177344,1691.396471,944.6340972,355.7036963,612.2849782,1308.812324
1405,2024.158091,2015.021066,541.7354045,200.2387941,103.9729208,1741.627489
1795815,2363.086888,1080.784026,2014.493464,2771.006418,1621.207395,694.5776294
1404,1685.229295,1990.596568,1192.362347,400.4775882,381.234043,2195.176314
1929291,367.1728631,207.6082311,1276.75329,948.9577633,41335.0123,440.5902873
27350,847.3219918,879.2819198,577.1251545,203.9699517,1047.430906,1850.479207
192812,22011.54241,2192.098675,1848.433867,1417.839908,73.16612947,0
450367,809.6632366,897.6002931,386.564962,148.0025869,42.35933812,1155.901577
1406,2419.575021,2387.494657,642.4600776,345.7539426,1162.956374,1163.6767
1282,1035.615768,1013.616658,639.7377892,2355.604199,12153.27919,559.8088356
44689,1214.494855,1172.375893,732.295597,218.8945824,797.1257264,1606.858695
3344828,0,128.2286133,81.66865394,140.5402716,4474.686445,406.8980889
5825,875.5660582,964.767662,536.2908275,150.4900254,115.5254676,945.9732639
1653831,1845.279004,2240.947671,735.0178854,313.4172429,150.1831079,2008.573369
587,1911.181826,1160.163644,1023.580463,695.2390428,173.2882014,1288.078664
1496,1110.933278,848.7512976,555.3468468,180.3392866,111.6746187,1663.876262
3021011,0,0,59.89034622,31.09298045,0,62.20098174
5827,1176.8361,1056.359529,343.0083465,114.4221681,581.4781869,673.8439688
546,2862.065394,2076.082311,1058.970213,930.301975,0,1054.824982
40559,2155.963735,1911.216951,756.7961932,276.1056664,342.7255538,1461.723071
208348,1148.592033,1178.482017,577.1251545,197.7513557,616.1358271,1371.013306
5821,583.7107054,738.8410576,340.2860581,104.4724143,96.27122299,1132.576209
85471,950.8835685,1031.935031,552.6245583,212.6759863,196.3932949,2091.508011
587753,6524.379337,3779.69103,1693.263425,1188.995572,184.8407481,406.8980889
210,1148.592033,1422.726995,694.1835585,235.0629322,700.8545034,2122.608502
303,1383.959253,635.0369421,1478.202636,2386.697179,1016.624115,4916.469265
28198,301.2700415,470.1715821,394.7318274,108.203572,88.56952515,624.601525
3140245,0,0,185.1156156,140.5402716,3615.947136,323.9634466
3140244,0,0,166.0595963,151.7337446,3126.889323,391.3478434
3425945,4829.735353,7589.912682,3029.907061,5063.180936,42.35933812,0
3410088,0,207.6082311,130.6698463,148.0025869,3650.604776,264.3541724
1583098,0,0,40.83432697,22.38694592,0,178.8278225
1358,348.3434855,427.428711,285.8402888,361.9222924,1732.882014,927.8313109
358,1835.864316,1074.677902,2553.50658,1917.815034,566.0747912,806.021055
29448,800.2485478,0,302.1740196,496.243968,4921.384919,344.6971071
41,10469.13394,7821.945411,1012.691309,1524.799761,7782.565667,189.1946528
1267423,112.9762656,183.1837333,125.2252694,297.2488931,350.4272517,1788.278225
1520,1270.982988,1392.196373,432.8438659,205.213671,2037.099078,977.0737548
68213,0,0,604.3480391,363.1660116,0,0
2562892,2221.866556,2393.600782,1086.193097,587.0354709,107.8237698,940.7898488
5860,527.2225727,482.383831,225.9499426,83.3291876,238.752633,1373.605013
1404443,0,134.3347377,103.4469617,125.615641,3542.781006,266.94588
1352,1393.373942,1294.498382,623.4040584,394.2589921,207.9458417,1656.101139
5861,1205.080166,1178.482017,637.0155007,164.1709368,215.6475395,2765.35198
2761107,9668.885395,7247.969714,1056.247924,1446.44545,7435.989264,129.5853786
1492,517.8078839,757.1594309,427.3992889,135.5653948,1752.136258,837.1215459
1117645,508.3931951,616.7185687,334.8414811,149.2463062,0,831.9381308
2058762,950.8835685,806.0084265,740.4624624,3904.034625,177.1390503,749.0034884
288000,0,116.0163644,138.8367117,194.020198,388.9357409,287.6795405
911045,0,2753.862124,62.61263469,198.9950749,0,106.2600105
1071379,941.4688797,952.5554131,451.8998851,148.0025869,150.1831079,772.3288566
1442551,2042.987469,1111.314649,511.7902313,595.7415054,3057.574042,69.97610446
40324,649.613527,482.383831,1012.691309,1777.274762,516.0137552,430.223457
28031,423.6609959,311.4123466,326.6746157,103.2286951,231.0509352,329.1468617
1325100,0,0,127.9475578,167.9020944,3858.550617,212.5200209
145971,743.760415,659.4614398,329.3969042,135.5653948,346.5764028,971.8903397
238834,903.8101246,903.7064175,345.730635,126.8593602,211.7966906,1119.617671
1296,498.9785063,573.9756976,351.1752119,115.6658873,84.71867623,686.8025067
197,1214.494855,1276.180009,1274.031001,670.3646585,0,995.2157078
48296,781.4191702,665.5675643,451.8998851,208.9448286,127.0780143,914.8727731
585,809.6632366,677.7798132,304.896308,171.6332521,0,396.5312586
94643,611.9547718,757.1594309,315.7854619,159.1960599,323.4713093,375.797598
907046,0,0,1222.307521,528.5806676,17633.0372,82.93464232
2306583,706.1016598,714.4165598,468.2336159,72.13571464,0,0
28197,574.2960166,659.4614398,215.0607887,101.9849759,535.2679998,1044.458152
316,828.4926142,586.1879465,852.0762894,1069.598527,281.1119711,196.9697755
27289,1016.78639,751.0533065,299.4517311,104.4724143,103.9729208,1560.207959
83637,0,85.4857422,122.5029809,143.0277101,3577.438646,209.9283134
1660078,0,0,0,0,0,129.5853786
1505,753.1751038,604.5063198,288.5625772,99.49753744,92.42037407,1244.019635
5850,1016.78639,1050.253404,386.564962,95.76637978,103.9729208,751.595196
28116,828.4926142,573.9756976,332.1191927,143.0277101,0,409.4897964
5507,668.4429046,689.992062,419.2324235,148.0025869,207.9458417,1080.742058
1314,4961.540996,3248.458204,2526.283695,2868.016517,69.31528055,152.9107468
986,1205.080166,1245.649386,302.1740196,144.2714293,0,393.939551
1624,376.5875519,439.6409599,849.3540009,293.5177354,9711.840975,676.4356764
5476,724.9310374,757.1594309,411.0655582,133.0779563,215.6475395,1399.522089
35128,1007.371701,922.0247909,405.6209812,671.6083777,720.108748,808.6127626
2653203,1327.47112,1343.347377,4219.54712,6152.678971,0,0
1397703,348.3434855,213.7143555,435.5661543,149.2463062,127.0780143,15073.37124
28108,819.0779254,2149.355804,468.2336159,937.7642903,111.6746187,233.2536815
5141,583.7107054,543.4450754,364.7866543,108.203572,188.6915971,795.6542247
40214,1186.250788,867.0696709,372.9535196,269.8870703,361.9797984,803.4293475
2704140,611.9547718,580.0818221,1176.028617,543.5052982,18680.46811,241.0288042
1307,376.5875519,457.9593332,225.9499426,151.7337446,57.76273379,552.0337129
253,781.4191702,934.2370398,443.7330197,240.0378091,100.1220719,1052.233274
1587,3210.40888,2723.331501,530.8462506,404.2087458,3442.658934,290.2712481
1639,1082.689212,1135.739146,160.6150194,88.30406447,123.2271654,676.4356764
5858,1553.423652,1520.424986,672.4052507,205.213671,0,1010.765953
1197460,0,0,73.50178854,106.9598527,2780.31292,215.1117285
4779,546.0519503,622.8246932,326.6746157,155.4649022,138.6305611,834.5298383
644,640.1988382,500.7022043,495.4565006,476.3444605,404.3391366,311.0049087
384,1327.47112,879.2819198,1668.762829,1049.69902,623.837525,523.5249296
42374,894.3954358,909.812542,381.120385,139.2965524,184.8407481,539.0751751
208452,442.4903735,421.3225866,348.4529235,156.7086215,184.8407481,686.8025067
69781,225.9525311,299.2000977,171.5041733,70.89199542,150.1831079,419.8566267
1931238,583.7107054,543.4450754,2482.72708,1717.57624,165.5865035,38.87561359
1423,1374.544564,1092.996275,2539.895137,1509.875131,1093.641093,1783.09481
1775881,8087.217677,567.8695732,658.7938084,1395.452963,438.9967768,57.01756659
1590,386.0022407,451.8532088,247.7282503,136.809114,1263.078446,857.8552065
615,649.613527,708.3104354,675.1275392,667.87722,215.6475395,679.027384
34073,2852.650706,2479.086524,1284.920155,1496.194219,2841.926503,142.5439165
5854,856.7366806,1001.404409,288.5625772,59.69852246,0,720.4947051
446,772.0044814,561.7634487,245.0059618,136.809114,111.6746187,645.3351855
913109,0,91.59186664,1050.803347,482.5630566,17548.31853,184.0112376
1159556,762.5897926,952.5554131,405.6209812,184.0704443,96.27122299,606.459572
5127,866.1513694,836.5390487,484.5673467,156.7086215,69.31528055,712.7195824
1501,414.2463071,403.0042132,201.4493464,110.6910104,130.9288633,920.0561882
5855,517.8078839,622.8246932,318.5077504,100.7412567,234.9017841,689.3942143
64104,310.6847303,262.563351,223.2276541,80.84174917,57.76273379,546.8502978
34085,367.1728631,366.3674666,171.5041733,120.6407641,0,471.6907782
36914,687.2722822,439.6409599,209.6162118,84.57290682,150.1831079,546.8502978
738,103.5615768,103.8041155,111.613827,46.01761106,0,116.6268408
1303,583.7107054,482.383831,329.3969042,6474.802249,670.047712,476.8741933
680,894.3954358,500.7022043,511.7902313,233.819213,0,298.0463708
4896,809.6632366,781.5839287,166.0595963,52.23620715,80.86782731,624.601525
2268451,94.14688797,91.59186664,49.00119236,52.23620715,0,38.87561359
2748629,0,97.69799109,106.1692501,93.27894135,2422.18397,173.6444074
158,997.9570125,1502.106613,386.564962,145.5151485,73.16612947,474.2824858
1126,1449.862075,1099.1024,925.578078,718.869708,804.8274242,380.9810132
3003349,2730.259751,317.518471,990.9130011,491.2690911,0,0
2704654,310.6847303,311.4123466,1080.74852,577.0857171,15576.68388,813.7961777
663,1082.689212,1172.375893,628.8486353,261.1810358,227.2000863,298.0463708
3139728,0,0,220.5053656,75.86687229,2703.295942,202.1531907
121627,913.2248134,818.2206753,416.5101351,169.1458136,265.7085755,881.1805746
1578925,376.5875519,396.8980888,266.7842695,97.010099,127.0780143,793.0625172
1069201,1120.347967,610.6124443,288.5625772,203.9699517,365.8306474,829.3464232
45286,884.980747,677.7798132,0,34.8241381,0,300.6380784
36845,263.6112863,213.7143555,130.6698463,41.04273419,0,749.0034884
670,677.8575934,531.2328265,424.6770005,254.9624397,315.7696114,660.885431
1922217,386.0022407,561.7634487,212.3385002,75.86687229,142.48141,645.3351855
148305,310.6847303,439.6409599,182.3933271,118.1533257,296.5153668,725.6781203
263511,837.907303,464.0654577,579.847443,1634.247052,7147.175595,251.3956345
1303590,122.3909544,109.91024,70.77950008,22.38694592,0,184.0112376
1898042,141.220332,1813.51896,89.83551933,133.0779563,0,67.38439688
36050,244.7819087,293.0939733,334.8414811,130.5905179,177.1390503,585.7259114
5454,404.8316183,305.3062221,345.730635,118.1533257,242.6034819,492.4244388
5147,244.7819087,299.2000977,160.6150194,67.16083777,211.7966906,938.1981412
76857,960.2982573,1325.029004,590.7365968,238.7940898,119.3763165,577.9507887
280754,913.2248134,818.2206753,419.2324235,186.5578827,169.4373525,684.2107991
459526,141.220332,238.1388533,182.3933271,78.35431073,0,870.8137443
1404429,0,0,201.4493464,212.6759863,2922.79433,186.6029452
83641,0,61.06124443,141.5590002,198.9950749,2891.987539,152.9107468
2916754,188.2937759,262.563351,413.7878466,225.1131784,7955.853868,160.6858695
29388,461.3197511,537.338951,337.5637696,534.7992637,3600.54374,396.5312586
5833,0,268.6694755,291.2848657,83.3291876,180.9898992,1378.788429
669,715.5163486,555.6573243,955.5232511,300.9800507,0,743.8200733
1892,1675.814606,891.4941687,598.9034622,570.867121,512.1629063,168.4609922
196024,0,0,130.6698463,236.3066514,184.8407481,349.8805223
2321133,376.5875519,348.0490932,258.6174041,77.11059151,65.46443163,544.2585902
2099387,969.7129461,885.3880442,1467.313482,310.9298045,242.6034819,329.1468617
317,715.5163486,793.7961776,696.9058469,564.6485249,365.8306474,355.0639374
880535,546.0519503,403.0042132,157.8927309,88.30406447,111.6746187,803.4293475
5691,461.3197511,427.428711,296.7294426,99.49753744,438.9967768,590.9093265
1503041,0,0,699.6281354,220.1383016,17147.83024,36.28390601
1355477,0,891.4941687,1660.595963,1613.103826,2048.651625,0
1462615,0,0,76.22407701,36.06785732,61.61358271,484.649316
550,414.2463071,238.1388533,231.3945195,254.9624397,80.86782731,300.6380784
2743,2306.598755,207.6082311,898.3551933,388.040396,0,0
5807,357.7581743,445.7470843,277.6734234,72.13571464,142.48141,549.4420054
5824,254.1965975,409.1103377,236.8390964,72.13571464,0,1593.900157
101201,489.5638175,714.4165598,375.6758081,133.0779563,134.7797122,606.459572
463800,376.5875519,335.8368444,201.4493464,70.89199542,69.31528055,383.5727207
996,555.4666391,592.294071,92.5578078,80.84174917,107.8237698,4268.542372
2721244,0,0,0,0,0,2107.058256
107401,555.4666391,531.2328265,98.00238472,92.03522213,50.06103596,689.3942143
1290,291.8553527,415.2164621,294.0071542,348.241381,4054.943912,342.1053996
2697010,150.6350208,232.0327288,78.94636547,101.9849759,0,761.9620263
500148,320.0994191,250.3511022,266.7842695,99.49753744,485.2069639,432.8151646
817,480.1491287,909.812542,179.6710387,90.79150291,338.8747049,596.0927417
36745,273.0259751,335.8368444,239.5613849,70.89199542,103.9729208,479.4659009
4952,329.5141079,317.518471,329.3969042,72.13571464,107.8237698,886.3639898
4975,564.8813278,592.294071,394.7318274,121.8844834,173.2882014,746.4117809
584,376.5875519,280.8817244,220.5053656,197.7513557,77.01697839,966.7069245
367791,395.4169295,476.2777065,51.72348083,33.58041888,0,318.7800314
28132,357.7581743,573.9756976,299.4517311,225.1131784,462.1018704,603.8678644
36839,244.7819087,451.8532088,209.6162118,78.35431073,296.5153668,308.4132011
2066072,216.5378423,177.0776088,78.94636547,88.30406447,0,1809.011886
181124,451.9050623,561.7634487,291.2848657,89.54778369,396.6374387,769.737149
165179,367.1728631,457.9593332,348.4529235,154.221183,142.48141,751.595196
132608,564.8813278,274.7755999,680.5721161,164.1709368,103.9729208,199.5614831
188913,451.9050623,433.5348354,272.2288465,114.4221681,46.21018704,2910.487604
38293,320.0994191,323.6245955,258.6174041,129.3467987,215.6475395,580.5424962
101028,169.4643984,177.0776088,269.506558,124.3719218,46.21018704,842.304961
3240067,0,0,0,0,0,0
181762,621.3694606,580.0818221,522.6793852,167.9020944,747.0646904,710.1278749
2034170,329.5141079,341.9429688,274.9511349,88.30406447,161.7356546,518.3415145
34406,659.0282158,464.0654577,236.8390964,118.1533257,169.4373525,495.0161463
43675,141.220332,146.5469866,32.66746157,1157.902592,508.3120574,31.10049087
43658,160.0497096,170.9714844,155.1704425,128.1030794,57.76273379,207.3366058
1206,574.2960166,580.0818221,280.3957119,1166.608626,219.4983884,396.5312586
195108,301.2700415,366.3674666,291.2848657,134.3216755,100.1220719,1212.919144
42260,451.9050623,457.9593332,168.7818848,63.42968012,0,479.4659009
2764711,301.2700415,250.3511022,351.1752119,98.25381822,46.21018704,746.4117809
76859,762.5897926,781.5839287,231.3945195,84.57290682,165.5865035,541.6668826
3133280,0,0,0,90.79150291,0,0
796027,1176.8361,1337.241253,691.46127,207.7011094,223.3492373,676.4356764
453459,1026.201079,1007.510533,343.0083465,124.3719218,53.91188488,1513.557222
63577,527.2225727,543.4450754,225.9499426,79.59802995,157.8848057,759.3703187
715475,5093.346639,3877.389021,577.1251545,620.6158898,3808.489582,108.851718
1220207,122.3909544,244.2449777,136.1144232,53.47992637,138.6305611,520.9332221
1598,687.2722822,696.0981865,302.1740196,92.03522213,88.56952515,689.3942143
1437360,263.6112863,158.7592355,457.344462,522.3620715,720.108748,139.9522089
1421,1054.445145,476.2777065,511.7902313,235.0629322,138.6305611,308.4132011
346,0,85.4857422,1415.590002,1235.013183,3974.076085,290.2712481
318829,621.3694606,653.3553154,318.5077504,129.3467987,161.7356546,596.0927417
851,602.540083,396.8980888,198.7270579,72.13571464,0,505.3829766
45151,753.1751038,580.0818221,187.8379041,72.13571464,211.7966906,474.2824858
48095,753.1751038,860.9635464,236.8390964,94.52266056,250.3051798,666.0688461
1160,0,238.1388533,430.1215774,216.4071439,335.023856,368.0224753
1006,150.6350208,305.3062221,315.7854619,181.5830058,0,653.1103083
244734,0,0,204.1716348,284.8117009,3188.502905,80.34293475
1419277,0,0,163.3373079,119.3970449,2110.265208,150.3190392
199306,687.2722822,806.0084265,299.4517311,90.79150291,150.1831079,606.459572
959,0,140.4408622,141.5590002,113.1784488,111.6746187,642.743478
696485,1459.276764,409.1103377,963.6901165,201.4825133,0,178.8278225
3101277,809.6632366,427.428711,617.9594815,1351.92279,573.776489,1176.635238
779,301.2700415,305.3062221,419.2324235,134.3216755,4628.720401,176.2361149
36035,480.1491287,586.1879465,239.5613849,68.40455699,0,596.0927417
113608,395.4169295,390.7919643,277.6734234,92.03522213,115.5254676,668.6605537
2745196,160.0497096,122.1224889,114.3361155,148.0025869,42.35933812,72.56781203
1328300,489.5638175,457.9593332,206.8939233,124.3719218,747.0646904,580.5424962
2663009,254.1965975,238.1388533,114.3361155,77.11059151,250.3051798,311.0049087
1573823,574.2960166,433.5348354,323.9523273,172.8769713,77.01697839,437.9985797
314275,273.0259751,232.0327288,198.7270579,195.2639172,0,334.3302768
666563,433.0756847,647.2491909,171.5041733,90.79150291,0,137.3605013
28450,414.2463071,305.3062221,318.5077504,245.0126859,204.0949927,75.1595196
33038,291.8553527,201.5021066,196.0047694,83.3291876,0,266.94588
4924,386.0022407,427.428711,236.8390964,84.57290682,431.295079,528.7083448
79883,423.6609959,476.2777065,367.5089427,124.3719218,100.1220719,466.507363
28985,386.0022407,451.8532088,201.4493464,80.84174917,0,450.9571176
2583452,263.6112863,250.3511022,0,0,0,326.5551541
324769,677.8575934,689.992062,280.3957119,110.6910104,327.3221582,427.6317495
2748319,338.9287967,396.8980888,193.282481,146.7588677,69.31528055,67.38439688
1904463,131.8056432,0,111.613827,60.94224168,0,126.9936711
1288,263.6112863,299.2000977,73.50178854,33.58041888,0,173.6444074
273371,527.2225727,769.3716798,372.9535196,109.4472912,73.16612947,572.7673735
78579,800.2485478,696.0981865,348.4529235,186.5578827,88.56952515,495.0161463
1784714,0,134.3347377,157.8927309,87.06034526,46.21018704,2700.55929
197653,743.760415,665.5675643,688.7389815,249.9875628,319.6204603,484.649316
293387,677.8575934,677.7798132,362.0643658,131.8342371,0,1275.120126
582,235.3672199,213.7143555,261.3396926,281.0805433,308.0679136,357.655645
1004,141.220332,170.9714844,593.4588853,243.7689667,7905.792832,186.6029452
37727,273.0259751,445.7470843,294.0071542,87.06034526,169.4373525,300.6380784
1714849,386.0022407,421.3225866,206.8939233,101.9849759,57.76273379,220.2951437
136468,0,0,46.2789039,0,0,75.1595196
1283,593.1253942,525.1267021,495.4565006,164.1709368,338.8747049,518.3415145
1460447,423.6609959,573.9756976,283.1180003,94.52266056,0,500.1995615
2546360,1299.227054,635.0369421,424.6770005,1992.438187,2468.394157,259.1707572
818,564.8813278,659.4614398,351.1752119,141.7839908,223.3492373,396.5312586
729,386.0022407,348.0490932,274.9511349,241.2815283,435.1459279,375.797598
1478,282.4406639,366.3674666,187.8379041,78.35431073,80.86782731,785.2873945
258,715.5163486,610.6124443,509.0679429,225.1131784,296.5153668,308.4132011
1080349,451.9050623,268.6694755,119.7806924,42.28645341,42.35933812,425.0400419
630,169.4643984,238.1388533,133.3921348,64.67339933,107.8237698,974.4820472
456999,611.9547718,842.6451731,217.7830772,97.010099,323.4713093,422.4483343
1775926,357.7581743,470.1715821,160.6150194,113.1784488,4694.184833,318.7800314
1685958,0,0,122.5029809,108.203572,1856.109179,124.4019635
155978,0,0,2695.06558,228.8443361,173.2882014,308.4132011
83655,508.3931951,341.9429688,310.340885,380.5780807,0,204.7448982
40410,291.8553527,250.3511022,190.5601925,73.37943386,554.5222444,207.3366058
76335,762.5897926,793.7961776,198.7270579,97.010099,0,95.89318018
548,160.0497096,183.1837333,114.3361155,154.221183,0,199.5614831
172371,5422.860747,2411.919155,770.4076355,563.4048057,53.91188488,33.69219844
324770,461.3197511,445.7470843,204.1716348,77.11059151,766.318935,339.513692
1517,480.1491287,647.2491909,310.340885,93.27894135,80.86782731,243.6205118
2060973,404.8316183,329.7307199,343.0083465,157.9523407,107.8237698,334.3302768
1588,160.0497096,85.4857422,0,0,0,715.31129
333140,310.6847303,2088.294559,427.3992889,684.0455699,0,44.05902873
1507512,188.2937759,116.0163644,32.66746157,28.60554201,57.76273379,360.2473526
2778902,0,85.4857422,43.55661543,24.87438436,0,342.1053996
246432,1638.155851,1361.665751,378.3980966,154.221183,88.56952515,484.649316
1335,0,85.4857422,106.1692501,23.63066514,0,663.4771385
3239899,178.8790872,170.9714844,201.4493464,141.7839908,96.27122299,38.87561359
2845819,0,0,0,33.58041888,0,31.10049087
5868,291.8553527,378.5797155,209.6162118,59.69852246,88.56952515,298.0463708
4909,555.4666391,512.9144532,117.058404,34.8241381,0,531.3000524
1392,0,0,0,0,0,720.4947051
727,254.1965975,293.0939733,166.0595963,88.30406447,65.46443163,285.087833
1714848,329.5141079,256.4572266,119.7806924,60.94224168,0,181.4195301
1076,451.9050623,384.6858399,1331.199059,1052.186458,369.6814963,142.5439165
52584,131.8056432,409.1103377,122.5029809,29.84926123,0,577.9507887
29176,480.1491287,512.9144532,315.7854619,150.4900254,188.6915971,500.1995615
104268,480.1491287,635.0369421,201.4493464,136.809114,0,173.6444074
756892,282.4406639,195.3959822,337.5637696,187.8016019,377.3831941,347.2888147
930124,188.2937759,183.1837333,100.7246732,46.01761106,0,212.5200209
5665,357.7581743,366.3674666,168.7818848,77.11059151,100.1220719,326.5551541
1561,188.2937759,299.2000977,119.7806924,62.1859609,331.1730071,520.9332221
1912,4076.560249,2918.727484,1802.154964,869.3597333,142.48141,0
169679,263.6112863,213.7143555,89.83551933,54.72364559,350.4272517,767.1454414
36651,160.0497096,341.9429688,174.2264617,78.35431073,61.61358271,349.8805223
113287,0,0,0,0,0,0
1509,0,0,547.1799814,216.4071439,0,1018.541076
2608089,367.1728631,580.0818221,457.344462,577.0857171,115.5254676,523.5249296
5007,338.9287967,335.8368444,152.448154,52.23620715,42.35933812,533.8917599
1155739,621.3694606,232.0327288,849.3540009,538.5304214,473.6544171,308.4132011
1648,0,0,46.2789039,0,0,399.1229662
1685970,0,0,152.448154,141.7839908,1775.241352,116.6268408
4959,263.6112863,311.4123466,277.6734234,88.30406447,77.01697839,292.8629557
553611,131.8056432,183.1837333,166.0595963,82.08546838,0,445.7737025
1534,141.220332,213.7143555,100.7246732,46.01761106,0,927.8313109
1354,724.9310374,1123.526897,775.8522124,243.7689667,0,186.6029452
1191912,0,177.0776088,92.5578078,59.69852246,0,323.9634466
3139729,0,0,0,118.1533257,2106.414359,186.6029452
672,404.8316183,372.473591,345.730635,200.2387941,77.01697839,393.939551
1054033,103.5615768,140.4408622,100.7246732,33.58041888,0,220.2951437
2850,433.0756847,451.8532088,212.3385002,101.9849759,88.56952515,430.223457
29562,536.6372615,567.8695732,253.1728272,89.54778369,1201.464863,368.0224753
1393,273.0259751,201.5021066,294.0071542,125.615641,77.01697839,435.4068722
3028315,141.220332,116.0163644,492.7342121,152.9774638,10455.05482,137.3605013
5872,442.4903735,403.0042132,98.00238472,32.33669967,0,349.8805223
2576904,414.2463071,360.2613421,1048.081059,130.5905179,80.86782731,212.5200209
28037,197.7084647,201.5021066,155.1704425,1764.83757,758.6172372,329.1468617
201,404.8316183,262.563351,147.0035771,37.31157654,42.35933812,427.6317495
182096,282.4406639,299.2000977,321.2300388,106.9598527,154.0339568,642.743478
856,0,140.4408622,171.5041733,72.13571464,0,414.6732116
412384,0,0,114.3361155,58.45480324,111.6746187,365.4307677
182773,0,91.59186664,122.5029809,43.53017263,0,233.2536815
38304,0,0,144.2812886,491.2690911,1883.065122,0
1617448,169.4643984,189.2898577,196.0047694,145.5151485,134.7797122,85.52634989
247,131.8056432,97.69799109,198.7270579,93.27894135,0,292.8629557
5875,762.5897926,867.0696709,416.5101351,134.3216755,273.4102733,409.4897964
190893,536.6372615,555.6573243,98.00238472,97.010099,0,469.0990706
654,423.6609959,409.1103377,228.672231,460.1761106,207.9458417,279.9044178
1042133,602.540083,665.5675643,476.4004813,176.6081289,0,432.8151646
80884,376.5875519,348.0490932,291.2848657,126.8593602,342.7255538,476.8741933
419475,367.1728631,335.8368444,321.2300388,273.6182279,173.2882014,204.7448982
228899,112.9762656,238.1388533,231.3945195,90.79150291,53.91188488,492.4244388
2954086,0,0,0,0,0,0
823,527.2225727,604.5063198,400.1764043,140.5402716,0,733.453243
2591606,0,97.69799109,51.72348083,73.37943386,0,0
1714860,282.4406639,341.9429688,89.83551933,64.67339933,0,233.2536815
1463165,1233.324232,732.7349331,206.8939233,330.829312,0,624.601525
747,809.6632366,824.3267998,332.1191927,131.8342371,46.21018704,220.2951437
171437,273.0259751,421.3225866,2006.326598,844.485349,227.2000863,49.24244388
114525,131.8056432,219.8204799,228.672231,72.13571464,96.27122299,300.6380784
373994,423.6609959,372.473591,549.9022698,216.4071439,161.7356546,292.8629557
45972,696.686971,464.0654577,136.1144232,120.6407641,73.16612947,484.649316
1286,1233.324232,1318.92288,737.7401739,281.0805433,111.6746187,184.0112376
1547,451.9050623,421.3225866,176.9487502,50.99248794,107.8237698,466.507363
27288,244.7819087,268.6694755,190.5601925,54.72364559,103.9729208,1609.450402
37326,0,140.4408622,225.9499426,308.4423661,142.48141,300.6380784
1872427,772.0044814,2124.931306,882.0214625,1182.776976,377.3831941,855.2634989
5518,348.3434855,341.9429688,225.9499426,74.62315308,342.7255538,404.3063813
59893,630.7841494,427.428711,0,0,0,1067.78352
122368,273.0259751,238.1388533,250.4505387,83.3291876,157.8848057,256.5790497
2795000,122.3909544,201.5021066,168.7818848,93.27894135,96.27122299,251.3956345
1261031,2071.231535,1892.898577,955.5232511,303.4674892,173.2882014,124.4019635
2932258,0,109.91024,280.3957119,191.5327596,4004.882876,178.8278225
2320868,273.0259751,305.3062221,100.7246732,42.28645341,0,414.6732116
2208,480.1491287,390.7919643,174.2264617,49.74876872,150.1831079,531.3000524
588,0,299.2000977,231.3945195,0,0,0
398743,423.6609959,305.3062221,206.8939233,149.2463062,0,577.9507887
4911,611.9547718,689.992062,198.7270579,111.9347296,53.91188488,658.2937234
254839,0,0,0,0,0,0
1404411,0,0,81.66865394,83.3291876,1621.207395,106.2600105
1304,160.0497096,177.0776088,141.5590002,342.0227849,100.1220719,406.8980889
1311,367.1728631,433.5348354,0,0,0,448.36541
1574161,329.5141079,116.0163644,0,143.0277101,0,253.9873421
1465,0,134.3347377,204.1716348,69.64827621,173.2882014,248.803927
2725666,0,0,206.8939233,115.6658873,2772.611222,57.01756659
239,395.4169295,488.4899554,166.0595963,135.5653948,61.61358271,437.9985797
2975289,0,0,588.0143083,203.9699517,10247.10898,77.75122717
2587410,461.3197511,586.1879465,272.2288465,135.5653948,138.6305611,305.8214935
254,423.6609959,500.7022043,108.8915386,48.5050495,103.9729208,526.1166372
77097,997.9570125,451.8532088,138.8367117,609.4224168,0,129.5853786
40215,0,128.2286133,149.7258656,151.7337446,0,238.4370967
106654,0,85.4857422,98.00238472,80.84174917,0,279.9044178
571177,0,146.5469866,187.8379041,186.5578827,130.9288633,57.01756659
1134687,320.0994191,286.9878488,204.1716348,308.4423661,96.27122299,204.7448982
564305,498.9785063,421.3225866,239.5613849,89.54778369,96.27122299,839.7132535
432096,103.5615768,134.3347377,182.3933271,73.37943386,0,673.8439688
1942464,0,0,46.2789039,70.89199542,88.56952515,194.3780679
343874,423.6609959,341.9429688,315.7854619,167.9020944,0,401.7146737
348837,282.4406639,348.0490932,225.9499426,50.99248794,46.21018704,383.5727207
5499,216.5378423,232.0327288,245.0059618,95.76637978,138.6305611,344.6971071
2934315,0,0,54.44576929,36.06785732,69.31528055,178.8278225
59779,423.6609959,195.3959822,343.0083465,455.2012338,127.0780143,0
2994555,470.7344399,457.9593332,294.0071542,123.1282026,57.76273379,380.9810132
379064,301.2700415,384.6858399,212.3385002,152.9774638,119.3763165,380.9810132
100886,188.2937759,189.2898577,65.33492315,19.89950749,0,7010.568983
199,451.9050623,555.6573243,204.1716348,74.62315308,42.35933812,342.1053996
1530123,141.220332,116.0163644,62.61263469,80.84174917,0,321.371739
2759660,0,0,0,0,0,0
28182,282.4406639,500.7022043,111.613827,67.16083777,0,145.1356241
1399,1063.859834,830.4329242,351.1752119,123.1282026,92.42037407,393.939551
244366,0,415.2164621,615.237193,394.2589921,1459.471741,505.3829766
1218801,367.1728631,354.1552177,272.2288465,152.9774638,88.56952515,212.5200209
371601,0,384.6858399,405.6209812,180.3392866,0,378.3893056
33045,0,213.7143555,127.9475578,52.23620715,0,152.9107468
5478,216.5378423,219.8204799,76.22407701,39.79901497,77.01697839,368.0224753
1260,329.5141079,500.7022043,250.4505387,206.4573902,261.8577265,204.7448982
2774873,0,0,0,0,0,0
1382466,517.8078839,531.2328265,106.1692501,103.2286951,0,147.7273316
1408,282.4406639,335.8368444,144.2812886,94.52266056,165.5865035,391.3478434
2545709,131.8056432,152.6531111,68.05721161,26.11810358,0,199.5614831
1490,263.6112863,262.563351,217.7830772,68.40455699,80.86782731,191.7863604
4956,367.1728631,396.8980888,291.2848657,87.06034526,542.9696977,305.8214935
191579,160.0497096,152.6531111,103.4469617,58.45480324,0,126.9936711
332186,433.0756847,0,560.7914237,424.1082533,115.5254676,176.2361149
3034676,207.1231535,0,465.5113274,296.0051739,3142.292718,46.6507363
1196083,357.7581743,311.4123466,130.6698463,210.1885478,42.35933812,290.2712481
1047171,301.2700415,396.8980888,223.2276541,77.11059151,346.5764028,596.0927417
294,546.0519503,476.2777065,394.7318274,507.4374409,146.3322589,171.0526998
2738,254.1965975,268.6694755,209.6162118,116.9096065,0,279.9044178
173,790.833859,1056.359529,359.3420773,257.4498781,88.56952515,557.2171281
655353,0,73.27349331,130.6698463,94.52266056,0,831.9381308
283734,367.1728631,293.0939733,451.8998851,144.2714293,0,152.9107468
38313,498.9785063,470.1715821,187.8379041,180.3392866,50.06103596,176.2361149
72144,800.2485478,720.5226843,266.7842695,164.1709368,238.752633,261.7624648
360422,131.8056432,170.9714844,95.28009626,32.33669967,73.16612947,331.7385693
43657,131.8056432,109.91024,337.5637696,131.8342371,1124.447885,357.655645
1615909,357.7581743,293.0939733,274.9511349,213.9197055,130.9288633,445.7737025
28898,282.4406639,152.6531111,0,0,0,1148.126455
2795738,0,73.27349331,125.2252694,64.67339933,0,186.6029452
564,0,109.91024,185.1156156,115.6658873,130.9288633,194.3780679
2686362,216.5378423,280.8817244,157.8927309,95.76637978,0,585.7259114
2749052,0,0,196.0047694,0,0,0
163877,244.7819087,189.2898577,76.22407701,17.41206905,0,181.4195301
2864201,423.6609959,256.4572266,187.8379041,87.06034526,42.35933812,290.2712481
1550579,197.7084647,268.6694755,46.2789039,26.11810358,0,204.7448982
62322,254.1965975,232.0327288,106.1692501,87.06034526,65.46443163,471.6907782
1979344,207.1231535,232.0327288,136.1144232,57.21108403,38.5084892,401.7146737
2686077,367.1728631,451.8532088,231.3945195,196.5076364,0,448.36541
98403,103.5615768,268.6694755,119.7806924,98.25381822,80.86782731,233.2536815
2749995,216.5378423,164.86536,130.6698463,124.3719218,0,295.4546633
2921687,0,0,0,0,0,0
159,282.4406639,232.0327288,103.4469617,47.26133028,42.35933812,520.9332221
2027860,1223.909544,1257.861635,854.7985779,444.0077608,0,458.7322403
339,1016.78639,769.3716798,713.2395777,611.9098552,96.27122299,365.4307677
102116,470.7344399,225.9266044,585.2920199,643.0028357,839.4850645,360.2473526
1355330,320.0994191,457.9593332,155.1704425,88.30406447,0,357.655645
33959,423.6609959,390.7919643,217.7830772,78.35431073,0,279.9044178
231049,0,0,32.66746157,22.38694592,69.31528055,184.0112376
2068654,122.3909544,164.86536,258.6174041,111.9347296,6338.497322,184.0112376
784,160.0497096,262.563351,68.05721161,34.8241381,0,251.3956345
1603555,0,0,0,0,0,0
3140247,0,0,0,0,0,0
5270,216.5378423,268.6694755,103.4469617,59.69852246,115.5254676,212.5200209
2029677,225.9525311,232.0327288,70.77950008,65.91711855,0,290.2712481
996801,141.220332,109.91024,68.05721161,58.45480324,0,251.3956345
2794344,0,170.9714844,157.8927309,296.0051739,0,28.5087833
648,1007.371701,689.992062,781.2967893,717.6259888,0,388.7561359
13502,244.7819087,164.86536,133.3921348,43.53017263,53.91188488,344.6971071
4932,169.4643984,91.59186664,108.8915386,68.40455699,0,539.0751751
2878255,216.5378423,207.6082311,313.0631734,139.2965524,138.6305611,150.3190392
1305,677.8575934,506.8083288,182.3933271,394.2589921,200.2441438,217.7034361
569,263.6112863,329.7307199,92.5578078,80.84174917,0,308.4132011
1742359,131.8056432,170.9714844,95.28009626,60.94224168,0,266.94588
2954661,0,0,29.94517311,0,0,54.42585902
328812,225.9525311,335.8368444,59.89034622,39.79901497,0,261.7624648
55601,0,0,51.72348083,28.60554201,0,269.5375875
2282170,386.0022407,360.2613421,234.116808,123.1282026,42.35933812,272.1292951
2779359,320.0994191,348.0490932,130.6698463,279.836824,0,207.3366058
33035,263.6112863,323.6245955,103.4469617,42.28645341,0,500.1995615
1306274,602.540083,531.2328265,696.9058469,146.7588677,0,295.4546633
713887,0,116.0163644,269.506558,134.3216755,96.27122299,220.2951437
71237,320.0994191,341.9429688,119.7806924,38.55529576,0,103.6683029
6039,423.6609959,299.2000977,234.116808,73.37943386,346.5764028,375.797598
1355374,489.5638175,476.2777065,223.2276541,105.7161335,50.06103596,165.8692846
2516557,0,103.8041155,46.2789039,38.55529576,0,186.6029452
2231603,433.0756847,366.3674666,234.116808,121.8844834,38.5084892,207.3366058
112234,0,140.4408622,119.7806924,43.53017263,0,241.0288042
2806551,1591.082407,1343.347377,157.8927309,78.35431073,0,137.3605013
5664,291.8553527,238.1388533,280.3957119,100.7412567,608.4341293,318.7800314
1872629,367.1728631,238.1388533,108.8915386,34.8241381,0,393.939551
2371,254.1965975,286.9878488,416.5101351,223.8694592,0,77.75122717
29384,94.14688797,109.91024,46.2789039,0,0,103.6683029
285,282.4406639,445.7470843,375.6758081,376.846923,154.0339568,370.6141829
1451,0,195.3959822,87.11323087,69.64827621,0,469.0990706
1080223,169.4643984,189.2898577,76.22407701,23.63066514,0,388.7561359
666,338.9287967,360.2613421,182.3933271,139.2965524,0,378.3893056
1908341,216.5378423,152.6531111,68.05721161,58.45480324,73.16612947,279.9044178
2494373,310.6847303,213.7143555,111.613827,38.55529576,0,259.1707572
826,0,91.59186664,114.3361155,27.36182279,0,189.1946528
33033,0,0,274.9511349,175.3644097,65.46443163,215.1117285
3070681,188.2937759,177.0776088,114.3361155,23.63066514,0,487.2410236
255507,197.7084647,195.3959822,89.83551933,36.06785732,57.76273379,261.7624648
2768948,169.4643984,164.86536,732.295597,292.2740162,142.48141,178.8278225
2808900,244.7819087,256.4572266,59.89034622,55.96736481,0,225.4785588
5874,348.3434855,415.2164621,147.0035771,62.1859609,46.21018704,368.0224753
1894999,273.0259751,286.9878488,296.7294426,215.1634247,6584.951653,38.87561359
85698,376.5875519,268.6694755,767.685347,639.271678,123.2271654,64.79268931
746128,291.8553527,305.3062221,209.6162118,73.37943386,369.6814963,246.2122194
50741,875.5660582,280.8817244,234.116808,276.1056664,0,67.38439688
1185412,913.2248134,879.2819198,196.0047694,83.3291876,38.5084892,313.5966163
162425,442.4903735,549.5511999,193.282481,62.1859609,150.1831079,417.2649192
280333,0,0,84.3909424,118.1533257,1332.393726,137.3605013
2686210,0,0,0,0,0,370.6141829
89586,0,73.27349331,0,0,0,90.70976504
1493872,433.0756847,341.9429688,111.613827,72.13571464,0,251.3956345
104270,254.1965975,116.0163644,166.0595963,120.6407641,46.21018704,541.6668826
44935,160.0497096,116.0163644,127.9475578,79.59802995,65.46443163,126.9936711
1241981,263.6112863,225.9266044,117.058404,74.62315308,0,287.6795405
2283160,178.8790872,201.5021066,84.3909424,59.69852246,0,1316.587447
1855912,1073.274523,1007.510533,345.730635,278.5931048,103.9729208,75.1595196
2761500,178.8790872,116.0163644,106.1692501,29.84926123,188.6915971,220.2951437
2704465,254.1965975,299.2000977,168.7818848,85.81662604,42.35933812,212.5200209
704125,338.9287967,451.8532088,193.282481,87.06034526,115.5254676,816.3878853
2739062,0,0,76.22407701,46.01761106,0,290.2712481
3093875,150.6350208,158.7592355,51.72348083,72.13571464,0,189.1946528
314281,225.9525311,213.7143555,32.66746157,36.06785732,0,215.1117285
1774273,112.9762656,109.91024,59.89034622,63.42968012,0,95.89318018
1050635,254.1965975,268.6694755,174.2264617,80.84174917,1648.163338,38.87561359
70799,112.9762656,189.2898577,228.672231,88.30406447,215.6475395,126.9936711
280036,122.3909544,225.9266044,196.0047694,93.27894135,57.76273379,238.4370967
37769,0,201.5021066,0,0,119.3763165,653.1103083
996558,301.2700415,488.4899554,274.9511349,238.7940898,0,445.7737025
224012,0,0,702.3504239,221.3820208,161.7356546,207.3366058
2847778,611.9547718,677.7798132,272.2288465,95.76637978,50.06103596,106.2600105
104,0,116.0163644,215.0607887,1687.726979,0,285.087833
2681766,395.4169295,378.5797155,209.6162118,84.57290682,42.35933812,456.1405328
76759,0,2973.682604,3969.096581,1800.905428,0,0
2999116,536.6372615,580.0818221,133.3921348,53.47992637,0,375.797598
2527964,112.9762656,128.2286133,111.613827,131.8342371,107.8237698,305.8214935
2419841,0,286.9878488,0,0,0,246.2122194
651561,367.1728631,268.6694755,206.8939233,100.7412567,103.9729208,430.223457
3134896,131.8056432,415.2164621,359.3420773,94.52266056,119.3763165,124.4019635
4950,329.5141079,250.3511022,130.6698463,74.62315308,0,430.223457
1647413,367.1728631,268.6694755,280.3957119,105.7161335,0,186.6029452
2420300,0,0,0,0,0,0
1313,508.3931951,543.4450754,136.1144232,536.0429829,566.0747912,1586.125034
2748,141.220332,232.0327288,95.28009626,37.31157654,0,228.0702664
279356,188.2937759,189.2898577,201.4493464,77.11059151,0,155.5024543
3384157,508.3931951,396.8980888,144.2812886,95.76637978,0,979.6654624
3074109,0,79.37961776,46.2789039,0,0,3156.699823
3158075,320.0994191,268.6694755,100.7246732,33.58041888,80.86782731,199.5614831
164546,291.8553527,158.7592355,457.344462,355.7036963,196.3932949,510.5663918
3031997,310.6847303,323.6245955,57.16805776,54.72364559,0,207.3366058
311410,0,61.06124443,144.2812886,249.9875628,73.16612947,41.46732116
2770780,197.7084647,146.5469866,81.66865394,26.11810358,0,331.7385693
2653681,244.7819087,207.6082311,198.7270579,111.9347296,0,334.3302768
55603,442.4903735,439.6409599,106.1692501,38.55529576,0,305.8214935
3059026,0,0,0,32.33669967,0,165.8692846
1912871,0,0,133.3921348,28.60554201,0,158.0941619
2897333,546.0519503,250.3511022,416.5101351,139.2965524,0,186.6029452
1798806,188.2937759,146.5469866,76.22407701,13.6809114,0,202.1531907
750,112.9762656,73.27349331,70.77950008,63.42968012,0,414.6732116
54571,338.9287967,207.6082311,372.9535196,514.8997562,188.6915971,235.8453891
1513,254.1965975,225.9266044,111.613827,32.33669967,0,298.0463708
1855336,442.4903735,238.1388533,155.1704425,89.54778369,0,101.0765953
2893882,197.7084647,134.3347377,62.61263469,33.58041888,0,101.0765953
152268,0,354.1552177,220.5053656,73.37943386,569.9256401,246.2122194
1870903,357.7581743,213.7143555,1524.48154,921.5959405,192.542446,88.11805746
1363,1026.201079,909.812542,302.1740196,103.2286951,0,282.4961254
1402861,527.2225727,561.7634487,133.3921348,54.72364559,46.21018704,362.8390601
877500,150.6350208,232.0327288,155.1704425,43.53017263,0,362.8390601
2005462,225.9525311,225.9266044,294.0071542,110.6910104,127.0780143,238.4370967
1452,451.9050623,372.473591,196.0047694,53.47992637,0,339.513692
166486,235.3672199,256.4572266,49.00119236,24.87438436,0,209.9283134
380,301.2700415,183.1837333,794.9082317,488.7816527,234.9017841,186.6029452
2975676,0,0,0,0,0,0
1597,0,207.6082311,400.1764043,110.6910104,42.35933812,502.7912691
3447503,0,85.4857422,98.00238472,119.3970449,0,427.6317495
2763062,0,0,261.3396926,80.84174917,5568.327538,59.60927417
51669,301.2700415,250.3511022,174.2264617,60.94224168,0,440.5902873
294671,0,116.0163644,81.66865394,28.60554201,0,158.0941619
108980,0,0,206.8939233,78.35431073,73.16612947,259.1707572
2976982,0,116.0163644,49.00119236,27.36182279,0,184.0112376
83451,517.8078839,348.0490932,408.3432697,606.9349784,204.0949927,585.7259114
687844,301.2700415,409.1103377,78.94636547,55.96736481,0,295.4546633
56,659.0282158,256.4572266,604.3480391,1202.676484,446.6984747,207.3366058
28131,564.8813278,561.7634487,182.3933271,139.2965524,50.06103596,316.1883238
668,225.9525311,250.3511022,144.2812886,82.08546838,0,489.8327312
2961520,131.8056432,67.16736887,130.6698463,33.58041888,0,539.0751751
192,348.3434855,348.0490932,1293.087021,444.0077608,157.8848057,54.42585902
352475,395.4169295,170.9714844,822.1311163,680.3144122,231.0509352,1490.231854
46234,866.1513694,769.3716798,315.7854619,146.7588677,0,352.4722299
379347,1299.227054,189.2898577,321.2300388,1049.69902,157.8848057,0
3231550,0,109.91024,294.0071542,92.03522213,115.5254676,777.5122717
2975622,3643.484565,1721.927093,1554.426713,567.1359634,0,0
1307839,188.2937759,213.7143555,73.50178854,36.06785732,0,321.371739
1238,395.4169295,519.0205776,160.6150194,88.30406447,207.9458417,368.0224753
2567941,404.8316183,512.9144532,283.1180003,85.81662604,0,305.8214935
208199,320.0994191,268.6694755,111.613827,48.5050495,77.01697839,279.9044178
1655500,0,0,166.0595963,84.57290682,2949.750272,54.42585902
2500547,112.9762656,195.3959822,236.8390964,114.4221681,3731.472603,215.1117285
754423,160.0497096,250.3511022,160.6150194,103.2286951,0,155.5024543
114524,301.2700415,348.0490932,193.282481,60.94224168,50.06103596,463.9156555
2904242,348.3434855,311.4123466,78.94636547,181.5830058,0,152.9107468
47466,602.540083,500.7022043,125.2252694,27.36182279,0,225.4785588
196,178.8790872,158.7592355,127.9475578,27.36182279,0,344.6971071
235986,141.220332,0,174.2264617,164.1709368,84.71867623,145.1356241
373,856.7366806,647.2491909,743.1847508,448.9826377,107.8237698,132.1770862
1492737,414.2463071,348.0490932,155.1704425,77.11059151,0,199.5614831
365349,103.5615768,0,78.94636547,22.38694592,720.108748,189.1946528
197482,0,79.37961776,0,14.92463062,0,176.2361149
549,489.5638175,512.9144532,362.0643658,277.3493856,739.3629926,261.7624648
2831149,0,0,0,0,0,0
3027472,640.1988382,293.0939733,136.1144232,184.0704443,0,28.5087833
79880,0,470.1715821,193.282481,52.23620715,0,500.1995615
157687,0,103.8041155,125.2252694,101.9849759,0,585.7259114
1537215,94.14688797,0,87.11323087,208.9448286,0,0
3052091,301.2700415,262.563351,138.8367117,62.1859609,0,121.8102559
2545455,367.1728631,427.428711,185.1156156,57.21108403,0,139.9522089
60550,197.7084647,164.86536,111.613827,174.1206905,0,98.48488775
1915309,0,0,57.16805776,23.63066514,0,77.75122717
33028,122.3909544,177.0776088,0,18.65578827,0,311.0049087
1492771,2071.231535,842.6451731,626.1263469,667.87722,53.91188488,72.56781203
979,254.1965975,195.3959822,185.1156156,131.8342371,0,272.1292951
209247,254.1965975,134.3347377,54.44576929,79.59802995,100.1220719,49.24244388
3369658,979.1276349,177.0776088,416.5101351,135.5653948,0,0
2027857,160.0497096,238.1388533,84.3909424,84.57290682,0,108.851718
2961995,4726.173776,2888.196861,0,82.08546838,0,0
2782665,0,0,136.1144232,138.0528332,477.505266,59.60927417
58343,160.0497096,250.3511022,503.6233659,601.9601015,188.6915971,220.2951437
1896175,0,183.1837333,0,0,0,339.513692
1074311,301.2700415,195.3959822,54.44576929,52.23620715,0,318.7800314
2724135,225.9525311,274.7755999,138.8367117,83.3291876,61.61358271,132.1770862
2778370,0,0,0,0,0,0
308354,0,85.4857422,133.3921348,54.72364559,0,355.0639374
2049305,131.8056432,116.0163644,59.89034622,84.57290682,0,139.9522089
2779362,498.9785063,512.9144532,155.1704425,482.5630566,0,259.1707572
33011,0,0,73.50178854,2501.119347,1748.28541,0
2907623,0,152.6531111,92.5578078,33.58041888,0,158.0941619
117187,423.6609959,439.6409599,220.5053656,70.89199542,0,655.7020158
2918453,348.3434855,305.3062221,127.9475578,74.62315308,0,199.5614831
2315449,244.7819087,232.0327288,168.7818848,59.69852246,46.21018704,277.3127103
947919,178.8790872,225.9266044,114.3361155,139.2965524,69.31528055,57.01756659
28110,0,0,125.2252694,55.96736481,0,380.9810132
1542,0,134.3347377,87.11323087,22.38694592,0,126.9936711
2893884,0,67.16736887,78.94636547,49.74876872,0,199.5614831
161358,122.3909544,134.3347377,258.6174041,267.3996319,311.9187625,510.5663918
2209,367.1728631,506.8083288,302.1740196,106.9598527,412.0408344,311.0049087
1604,0,0,231.3945195,87.06034526,0,274.7210027
3415140,197.7084647,183.1837333,106.1692501,73.37943386,0,292.8629557
413889,1449.862075,1367.771875,438.2884428,111.9347296,192.542446,160.6858695
106648,0,140.4408622,174.2264617,64.67339933,0,75.1595196
1639133,0,225.9266044,187.8379041,180.3392866,0,272.1292951
256,178.8790872,158.7592355,258.6174041,93.27894135,107.8237698,207.3366058
2816357,273.0259751,354.1552177,193.282481,48.5050495,0,292.8629557
754397,386.0022407,348.0490932,68.05721161,63.42968012,0,746.4117809
67352,640.1988382,378.5797155,326.6746157,529.8243868,238.752633,51.83415145
223967,254.1965975,464.0654577,1510.870098,682.8018507,177.1390503,67.38439688
45285,320.0994191,219.8204799,144.2812886,65.91711855,69.31528055,466.507363
2493639,0,183.1837333,144.2812886,47.26133028,0,145.1356241
2725414,0,0,78.94636547,54.72364559,0,147.7273316
2856519,0,0,68.05721161,44.77389185,254.1560287,33.69219844
3101276,621.3694606,329.7307199,479.1227698,782.2993881,458.2510214,69.97610446
570161,235.3672199,183.1837333,106.1692501,60.94224168,0,287.6795405
1584,216.5378423,134.3347377,49.00119236,31.09298045,0,33.69219844
1550240,0,0,46.2789039,16.16834983,0,279.9044178
1890302,498.9785063,384.6858399,185.1156156,90.79150291,0,458.7322403
1911586,273.0259751,280.8817244,95.28009626,0,0,85.52634989
27291,611.9547718,696.0981865,255.8951157,78.35431073,146.3322589,500.1995615
1265445,404.8316183,384.6858399,73.50178854,52.23620715,0,313.5966163
373672,517.8078839,470.1715821,76.22407701,38.55529576,0,238.4370967
260714,0,0,29.94517311,14.92463062,92.42037407,679.027384
1493,160.0497096,140.4408622,89.83551933,46.01761106,0,774.9205642
58346,0,195.3959822,144.2812886,145.5151485,0,54.42585902
155322,348.3434855,262.563351,0,64.67339933,0,365.4307677
1734106,0,109.91024,141.5590002,67.16083777,77.01697839,355.0639374
1287690,216.5378423,97.69799109,215.0607887,151.7337446,1120.597036,199.5614831
1379,122.3909544,183.1837333,125.2252694,315.9046814,111.6746187,479.4659009
1967498,997.9570125,366.3674666,541.7354045,1457.638923,516.0137552,0
1357545,178.8790872,152.6531111,413.7878466,145.5151485,69.31528055,406.8980889
3070677,273.0259751,244.2449777,32.66746157,29.84926123,0,134.7687938
323732,207.1231535,146.5469866,144.2812886,37.31157654,50.06103596,155.5024543
2913506,2353.672199,2308.115039,993.6352896,397.9901497,0,0
2893885,122.3909544,274.7755999,125.2252694,79.59802995,281.1119711,103.6683029
218144,0,97.69799109,78.94636547,27.36182279,0,165.8692846
685565,0,103.8041155,245.0059618,59.69852246,0,243.6205118
3349875,433.0756847,280.8817244,588.0143083,148.0025869,61.61358271,129.5853786
46126,131.8056432,146.5469866,51.72348083,28.60554201,0,362.8390601
1871086,0,177.0776088,261.3396926,206.4573902,192.542446,93.30147261
2004710,0,0,106.1692501,44.77389185,173.2882014,126.9936711
446679,207.1231535,128.2286133,389.2872504,180.3392866,385.084892,189.1946528
2576902,131.8056432,116.0163644,449.1775967,111.9347296,115.5254676,399.1229662
2594004,178.8790872,232.0327288,70.77950008,57.21108403,0,806.021055
2706014,301.2700415,354.1552177,280.3957119,114.4221681,4636.422099,41.46732116
174633,0,91.59186664,0,18.65578827,0,184.0112376
1622118,593.1253942,488.4899554,171.5041733,85.81662604,0,380.9810132
2654325,122.3909544,195.3959822,65.33492315,59.69852246,0,448.36541
2736252,131.8056432,201.5021066,65.33492315,72.13571464,0,114.0351332
2212991,244.7819087,152.6531111,220.5053656,97.010099,0,256.5790497
2546359,197.7084647,146.5469866,473.6781928,343.2665042,284.9628201,305.8214935
1397,291.8553527,354.1552177,209.6162118,60.94224168,38.5084892,559.8088356
2596890,216.5378423,232.0327288,198.7270579,87.06034526,65.46443163,614.2346947
2917832,0,0,1031.747328,130.5905179,57.76273379,108.851718
1178,207.1231535,189.2898577,288.5625772,82.08546838,84.71867623,62.20098174
29378,112.9762656,103.8041155,149.7258656,47.26133028,0,85.52634989
2822846,0,0,0,0,0,199.5614831
119219,254.1965975,97.69799109,343.0083465,262.424755,96.27122299,62.20098174
2903611,0,0,84.3909424,77.11059151,0,0
241425,291.8553527,177.0776088,400.1764043,167.9020944,142.48141,75.1595196
1850246,254.1965975,170.9714844,89.83551933,93.27894135,0,360.2473526
45655,461.3197511,610.6124443,81.66865394,68.40455699,38.5084892,220.2951437
1977864,188.2937759,164.86536,62.61263469,33.58041888,184.8407481,106.2600105
84023,0,0,0,0,0,2034.490444
2487065,244.7819087,329.7307199,193.282481,72.13571464,46.21018704,184.0112376
5660,0,0,70.77950008,39.79901497,0,230.6619739
1234841,357.7581743,323.6245955,133.3921348,47.26133028,0,54.42585902
2115968,470.7344399,531.2328265,179.6710387,162.9272176,0,1316.587447
3158171,1101.518589,140.4408622,400.1764043,149.2463062,0,0
1917830,310.6847303,311.4123466,133.3921348,58.45480324,96.27122299,202.1531907
2594042,611.9547718,635.0369421,236.8390964,75.86687229,0,189.1946528
1170699,178.8790872,207.6082311,57.16805776,94.52266056,0,101.0765953
2855841,611.9547718,354.1552177,76.22407701,46.01761106,0,253.9873421
981384,282.4406639,146.5469866,277.6734234,2322.02378,254.1560287,64.79268931
39491,0,0,29.94517311,0,61.61358271,220.2951437
2900152,0,0,65.33492315,98.25381822,0,31.10049087
1366,244.7819087,293.0939733,38.1120385,0,0,274.7210027
437897,414.2463071,305.3062221,95.28009626,24.87438436,0,233.2536815
1488,131.8056432,85.4857422,70.77950008,26.11810358,0,225.4785588
2864206,0,0,38.1120385,37.31157654,0,129.5853786
158849,0,103.8041155,160.6150194,90.79150291,65.46443163,139.9522089
588726,659.0282158,604.5063198,147.0035771,49.74876872,77.01697839,178.8278225
2584122,0,103.8041155,84.3909424,54.72364559,84.71867623,277.3127103
2816908,0,79.37961776,29.94517311,12.43719218,61.61358271,160.6858695
51663,0,0,59.89034622,18.65578827,0,0
636,555.4666391,445.7470843,353.8975004,200.2387941,750.9155393,191.7863604
3074094,0,0,7129.673489,0,0,0
1850252,141.220332,140.4408622,70.77950008,62.1859609,0,220.2951437
1836467,160.0497096,213.7143555,111.613827,100.7412567,0,228.0702664
5865,320.0994191,335.8368444,144.2812886,27.36182279,0,181.4195301
1168034,404.8316183,238.1388533,54.44576929,58.45480324,0,184.0112376
2962858,310.6847303,360.2613421,198.7270579,87.06034526,0,891.5474049
2499688,0,0,57.16805776,22.38694592,0,194.3780679
39488,178.8790872,250.3511022,182.3933271,64.67339933,0,212.5200209
1336804,263.6112863,232.0327288,103.4469617,62.1859609,0,207.3366058
584609,282.4406639,396.8980888,119.7806924,105.7161335,0,171.0526998
2898187,0,0,59.89034622,21.14322671,0,62.20098174
2748320,207.1231535,183.1837333,114.3361155,68.40455699,38.5084892,202.1531907
467094,828.4926142,403.0042132,490.0119236,1238.744341,523.7154531,25.91707572
42858,291.8553527,293.0939733,223.2276541,92.03522213,0,404.3063813
2183896,489.5638175,366.3674666,111.613827,47.26133028,215.6475395,238.4370967
250,197.7084647,152.6531111,291.2848657,151.7337446,0,233.2536815
28035,0,79.37961776,103.4469617,114.4221681,323.4713093,339.513692
2267275,0,0,0,0,0,282.4961254
616991,386.0022407,354.1552177,130.6698463,232.5754938,0,342.1053996
76775,0,0,89.83551933,792.2491418,2345.166992,57.01756659
603050,131.8056432,201.5021066,70.77950008,27.36182279,0,184.0112376
247523,273.0259751,232.0327288,57.16805776,52.23620715,0,272.1292951
2682810,0,0,29.94517311,16.16834983,0,259.1707572
34105,536.6372615,537.338951,92.5578078,73.37943386,415.8916833,101.0765953
3395320,329.5141079,195.3959822,89.83551933,68.40455699,0,202.1531907
1637975,0,67.16736887,59.89034622,21.14322671,111.6746187,238.4370967
29494,0,97.69799109,65.33492315,82.08546838,0,241.0288042
24,0,213.7143555,160.6150194,150.4900254,0,1231.061097
3127472,301.2700415,378.5797155,127.9475578,54.72364559,250.3051798,171.0526998
28188,216.5378423,158.7592355,119.7806924,54.72364559,46.21018704,256.5790497
208479,254.1965975,262.563351,171.5041733,53.47992637,96.27122299,220.2951437
999,244.7819087,195.3959822,84.3909424,39.79901497,57.76273379,300.6380784
3064703,0,103.8041155,92.5578078,23.63066514,38.5084892,95.89318018
28454,0,0,127.9475578,90.79150291,0,181.4195301
2829569,0,61.06124443,40.83432697,36.06785732,0,57.01756659
2478552,131.8056432,134.3347377,658.7938084,192.7764788,61.61358271,209.9283134
246787,395.4169295,170.9714844,193.282481,82.08546838,0,331.7385693
29380,0,73.27349331,40.83432697,19.89950749,0,147.7273316
2812896,0,0,470.9559044,69.64827621,0,189.1946528
206,169.4643984,274.7755999,108.8915386,39.79901497,0,189.1946528
2506420,0,109.91024,32.66746157,0,0,90.70976504
821,498.9785063,348.0490932,98.00238472,44.77389185,0,305.8214935
86664,169.4643984,256.4572266,166.0595963,83.3291876,57.76273379,863.0386216
3342247,103.5615768,128.2286133,106.1692501,60.94224168,0,82.93464232
1504,131.8056432,232.0327288,68.05721161,27.36182279,0,163.2775771
118163,348.3434855,244.2449777,326.6746157,241.2815283,261.8577265,139.9522089
1411316,291.8553527,164.86536,108.8915386,67.16083777,69.31528055,199.5614831
2986823,0,0,57.16805776,37.31157654,0,90.70976504
146819,1412.20332,1343.347377,748.6293278,384.3092383,69.31528055,49.24244388
138563,103.5615768,97.69799109,54.44576929,14.92463062,0,253.9873421
179879,0,0,166.0595963,176.6081289,92.42037407,51.83415145
3233381,0,0,95.28009626,34.8241381,0,126.9936711
1855823,150.6350208,286.9878488,122.5029809,31.09298045,0,964.115217
2911172,301.2700415,274.7755999,65.33492315,19.89950749,0,269.5375875
663364,0,79.37961776,54.44576929,37.31157654,0,152.9107468
1928857,216.5378423,225.9266044,92.5578078,54.72364559,273.4102733,121.8102559
2746231,150.6350208,134.3347377,0,0,0,88.11805746
126385,103.5615768,116.0163644,155.1704425,99.49753744,0,344.6971071
57863,0,0,0,0,0,0
83564,0,134.3347377,89.83551933,149.2463062,80.86782731,57.01756659
252967,0,140.4408622,46.2789039,17.41206905,0,300.6380784
3088895,141.220332,97.69799109,73.50178854,32.33669967,46.21018704,186.6029452
2731219,0,97.69799109,122.5029809,50.99248794,46.21018704,194.3780679
1359,357.7581743,250.3511022,157.8927309,125.615641,608.4341293,326.5551541
199441,160.0497096,134.3347377,76.22407701,28.60554201,0,103.6683029
2767188,320.0994191,329.7307199,133.3921348,59.69852246,0,155.5024543
2738844,640.1988382,512.9144532,204.1716348,125.615641,196.3932949,264.3541724
54291,0,586.1879465,0,145.5151485,0,165.8692846
29466,216.5378423,354.1552177,141.5590002,266.1559126,180.9898992,147.7273316
2879938,0,134.3347377,0,0,0,176.2361149
2921381,0,0,0,0,0,0
154046,122.3909544,128.2286133,54.44576929,36.06785732,0,124.4019635
315405,0,183.1837333,0,0,0,235.8453891
1124,244.7819087,170.9714844,438.2884428,136.809114,127.0780143,277.3127103
2745560,0,0,152.448154,111.9347296,127.0780143,209.9283134
55529,131.8056432,567.8695732,125.2252694,74.62315308,227.2000863,0
3349876,0,0,353.8975004,67.16083777,0,0
540747,329.5141079,177.0776088,473.6781928,890.5029601,231.0509352,44.05902873
1677857,94.14688797,170.9714844,201.4493464,67.16083777,111.6746187,75.1595196
2341117,433.0756847,286.9878488,98.00238472,34.8241381,0,145.1356241
342113,0,0,0,42.28645341,0,0
859143,649.613527,549.5511999,215.0607887,83.3291876,0,69.97610446
2775246,291.8553527,152.6531111,51.72348083,69.64827621,0,318.7800314
1906,0,0,231.3945195,294.7614547,177.1390503,114.0351332
2017483,131.8056432,213.7143555,84.3909424,31.09298045,0,41.46732116
143232,291.8553527,232.0327288,209.6162118,136.809114,69.31528055,316.1883238
486398,254.1965975,311.4123466,59.89034622,27.36182279,57.76273379,173.6444074
1348613,103.5615768,140.4408622,144.2812886,53.47992637,0,759.3703187
1063,244.7819087,85.4857422,340.2860581,462.6635491,84.71867623,0
2764720,357.7581743,555.6573243,136.1144232,89.54778369,0,178.8278225
558152,1214.494855,1154.05752,98.00238472,49.74876872,0,225.4785588
118323,160.0497096,134.3347377,781.2967893,189.0453211,96.27122299,134.7687938
2058137,160.0497096,219.8204799,125.2252694,95.76637978,331.1730071,217.7034361
79329,338.9287967,433.5348354,87.11323087,73.37943386,885.6952515,352.4722299
561879,546.0519503,464.0654577,236.8390964,95.76637978,0,303.229786
2102,244.7819087,299.2000977,100.7246732,23.63066514,0,215.1117285
347,0,73.27349331,38.1120385,69.64827621,0,80.34293475
2763022,0,0,0,0,0,121.8102559
2070463,216.5378423,256.4572266,78.94636547,18.65578827,0,106.2600105
5208,122.3909544,91.59186664,62.61263469,24.87438436,84.71867623,279.9044178
460519,320.0994191,311.4123466,78.94636547,19.89950749,0,241.0288042
1813611,0,103.8041155,106.1692501,0,0,228.0702664
259,207.1231535,128.2286133,201.4493464,106.9598527,0,373.2058904
2249356,442.4903735,409.1103377,59.89034622,29.84926123,50.06103596,207.3366058
291645,141.220332,85.4857422,76.22407701,26.11810358,0,145.1356241
2994319,160.0497096,244.2449777,81.66865394,41.04273419,0,215.1117285
2931930,150.6350208,164.86536,1072.581655,140.5402716,100.1220719,246.2122194
549687,0,0,49.00119236,17.41206905,0,386.1644283
831,141.220332,177.0776088,84.3909424,54.72364559,92.42037407,184.0112376
109328,263.6112863,225.9266044,166.0595963,49.74876872,115.5254676,181.4195301
1241978,0,0,334.8414811,184.0704443,0,1669.059677
450,329.5141079,219.8204799,111.613827,34.8241381,0,277.3127103
2300,160.0497096,244.2449777,108.8915386,125.615641,77.01697839,64.79268931
1532552,131.8056432,219.8204799,70.77950008,27.36182279,53.91188488,235.8453891
221822,376.5875519,0,313.0631734,1014.874882,211.7966906,126.9936711
1397264,169.4643984,256.4572266,127.9475578,83.3291876,0,155.5024543
2853439,150.6350208,183.1837333,103.4469617,34.8241381,0,82.93464232
871694,0,134.3347377,40.83432697,27.36182279,65.46443163,163.2775771
298657,357.7581743,256.4572266,49.00119236,41.04273419,0,126.9936711
147645,649.613527,549.5511999,737.7401739,808.4174917,396.6374387,62.20098174
29348,94.14688797,85.4857422,95.28009626,37.31157654,0,233.2536815
2751,244.7819087,244.2449777,179.6710387,59.69852246,0,256.5790497
1547283,188.2937759,152.6531111,62.61263469,29.84926123,0,176.2361149
2793010,169.4643984,0,280.3957119,2665.290284,404.3391366,0
2906077,160.0497096,164.86536,49.00119236,47.26133028,0,448.36541
2570561,451.9050623,378.5797155,152.448154,100.7412567,0,88.11805746
1481914,357.7581743,201.5021066,84.3909424,88.30406447,288.813669,67.38439688
28133,0,0,32.66746157,109.4472912,69.31528055,95.89318018
174,263.6112863,244.2449777,84.3909424,32.33669967,0,178.8278225
116090,169.4643984,146.5469866,27.22288465,0,215.6475395,321.371739
985043,0,103.8041155,119.7806924,62.1859609,0,375.797598
2925782,0,164.86536,62.61263469,18.65578827,0,311.0049087
184755,0,0,315.7854619,202.7262325,5117.778214,103.6683029
2010992,188.2937759,128.2286133,193.282481,72.13571464,0,101.0765953
1556,0,140.4408622,0,18.65578827,111.6746187,246.2122194
67304,0,79.37961776,152.448154,195.2639172,73.16612947,194.3780679
820,0,195.3959822,155.1704425,65.91711855,0,101.0765953
155894,244.7819087,0,402.8986928,115.6658873,177.1390503,126.9936711
3344876,235.3672199,354.1552177,136.1144232,49.74876872,0,248.803927
3118084,0,0,62.61263469,75.86687229,1043.580057,119.2185483
151895,0,73.27349331,103.4469617,62.1859609,0,212.5200209
418240,254.1965975,213.7143555,215.0607887,82.08546838,107.8237698,290.2712481
498019,0,109.91024,38.1120385,21.14322671,103.9729208,303.229786
2881428,216.5378423,238.1388533,152.448154,98.25381822,1213.01741,38.87561359
1859096,0,0,0,0,0,145.1356241
239935,480.1491287,280.8817244,95.28009626,109.4472912,0,246.2122194
291644,169.4643984,128.2286133,141.5590002,74.62315308,0,311.0049087
148814,254.1965975,177.0776088,147.0035771,59.69852246,0,264.3541724
2912824,0,0,196.0047694,52.23620715,46.21018704,303.229786
2830782,338.9287967,457.9593332,253.1728272,106.9598527,0,184.0112376
46224,0,116.0163644,68.05721161,23.63066514,0,80.34293475
317936,94.14688797,0,261.3396926,110.6910104,169.4373525,90.70976504
1177574,0,0,57.16805776,101.9849759,111.6746187,150.3190392
2861765,178.8790872,146.5469866,247.7282503,93.27894135,123.2271654,209.9283134
2576903,188.2937759,317.518471,432.8438659,150.4900254,0,323.9634466
669359,263.6112863,268.6694755,171.5041733,138.0528332,80.86782731,101.0765953
208226,0,0,40.83432697,17.41206905,134.7797122,380.9810132
202956,0,128.2286133,0,68.40455699,0,261.7624648
3374599,0,79.37961776,32.66746157,18.65578827,0,184.0112376
417367,0,67.16736887,54.44576929,23.63066514,0,228.0702664
3342246,94.14688797,97.69799109,57.16805776,55.96736481,0,49.24244388
2904246,197.7084647,280.8817244,149.7258656,87.06034526,0,199.5614831
1424294,94.14688797,177.0776088,100.7246732,50.99248794,0,134.7687938
536441,320.0994191,421.3225866,100.7246732,69.64827621,0,103.6683029
69966,0,0,62.61263469,24.87438436,0,132.1770862
1834189,0,0,0,0,0,0
247480,357.7581743,348.0490932,49.00119236,13.6809114,0,75.1595196
1306519,131.8056432,122.1224889,43.55661543,53.47992637,0,336.9219844
1596,0,0,411.0655582,103.2286951,0,243.6205118
69,160.0497096,232.0327288,239.5613849,412.9147804,161.7356546,90.70976504
2821559,0,0,0,0,0,0
1462527,188.2937759,201.5021066,92.5578078,23.63066514,0,191.7863604
37919,536.6372615,421.3225866,332.1191927,283.5679817,277.2611222,38.87561359
1398,338.9287967,329.7307199,168.7818848,65.91711855,0,570.1756659
1278232,122.3909544,67.16736887,40.83432697,0,53.91188488,116.6268408
1524260,122.3909544,0,108.8915386,114.4221681,0,80.34293475
2187,0,85.4857422,0,0,0,0
1315211,160.0497096,91.59186664,40.83432697,19.89950749,0,259.1707572
155615,0,0,0,0,0,142.5439165
580165,338.9287967,280.8817244,89.83551933,26.11810358,0,425.0400419
683124,0,116.0163644,119.7806924,57.21108403,0,220.2951437
45656,150.6350208,177.0776088,141.5590002,75.86687229,0,277.3127103
2879939,291.8553527,293.0939733,155.1704425,57.21108403,0,295.4546633
3095367,414.2463071,372.473591,176.9487502,54.72364559,0,215.1117285
2546366,320.0994191,274.7755999,375.6758081,481.3193373,269.5594244,64.79268931
1209493,0,79.37961776,3541.697292,138.0528332,0,0
3070996,112.9762656,201.5021066,57.16805776,26.11810358,0,103.6683029
3034021,0,0,27.22288465,79.59802995,0,0
2681265,0,0,0,0,0,0
1245,0,0,117.058404,53.47992637,0,176.2361149
106590,254.1965975,256.4572266,204.1716348,287.2991393,165.5865035,253.9873421
3047875,0,97.69799109,0,0,0,546.8502978
930972,1158.006722,494.5960799,255.8951157,528.5806676,0,90.70976504
3087234,301.2700415,256.4572266,103.4469617,58.45480324,0,0
2049879,0,238.1388533,122.5029809,48.5050495,0,57.01756659
1879050,461.3197511,433.5348354,215.0607887,74.62315308,0,171.0526998
2782641,0,116.0163644,119.7806924,146.7588677,635.3900717,69.97610446
28251,338.9287967,341.9429688,138.8367117,95.76637978,0,282.4961254
76594,207.1231535,164.86536,89.83551933,78.35431073,42.35933812,126.9936711
3047343,207.1231535,250.3511022,100.7246732,32.33669967,0,181.4195301
783,0,0,0,0,0,0
380021,263.6112863,360.2613421,432.8438659,547.2364559,188.6915971,163.2775771
3040204,216.5378423,85.4857422,329.3969042,376.846923,646.9426185,88.11805746
2483110,0,128.2286133,57.16805776,16.16834983,73.16612947,139.9522089
3081750,131.8056432,146.5469866,40.83432697,13.6809114,0,798.2459323
3440143,188.2937759,146.5469866,367.5089427,126.8593602,627.6883739,230.6619739
106592,273.0259751,268.6694755,637.0155007,436.5454455,254.1560287,173.6444074
1736674,357.7581743,433.5348354,225.9499426,113.1784488,0,173.6444074
57706,0,0,571.6805776,313.4172429,0,663.4771385
1813871,395.4169295,305.3062221,185.1156156,58.45480324,0,173.6444074
135569,338.9287967,329.7307199,152.448154,46.01761106,0,155.5024543
2835869,0,0,51.72348083,27.36182279,0,152.9107468
1178778,273.0259751,256.4572266,228.672231,314.6609621,0,114.0351332
2745563,0,0,225.9499426,99.49753744,0,0
195248,0,0,111.613827,0,0,108.851718
3231911,0,0,54.44576929,108.203572,38.5084892,90.70976504
2764325,0,0,155.1704425,67.16083777,354.2781006,235.8453891
221402,160.0497096,91.59186664,103.4469617,32.33669967,0,80.34293475
2663022,0,0,29.94517311,14.92463062,0,1181.818653
50719,0,323.6245955,0,93.27894135,0,217.7034361
858423,376.5875519,219.8204799,370.2312312,323.3669967,423.5933812,41.46732116
3116594,0,0,0,0,0,69.97610446
754409,0,152.6531111,89.83551933,116.9096065,0,308.4132011
1170562,527.2225727,384.6858399,239.5613849,126.8593602,130.9288633,134.7687938
1286698,207.1231535,250.3511022,98.00238472,34.8241381,46.21018704,313.5966163
2904247,131.8056432,280.8817244,179.6710387,97.010099,0,220.2951437
511,659.0282158,726.6288087,367.5089427,283.5679817,234.9017841,326.5551541
129985,225.9525311,195.3959822,144.2812886,57.21108403,0,282.4961254
2744027,103.5615768,207.6082311,70.77950008,65.91711855,0,108.851718
195,611.9547718,457.9593332,138.8367117,58.45480324,0,101.0765953
53345,150.6350208,207.6082311,179.6710387,65.91711855,0,507.9746842
1790137,112.9762656,225.9266044,108.8915386,60.94224168,0,292.8629557
2772483,197.7084647,207.6082311,100.7246732,77.11059151,0,191.7863604
1740721,112.9762656,225.9266044,70.77950008,18.65578827,0,116.6268408
3028070,254.1965975,244.2449777,100.7246732,62.1859609,0,204.7448982
56448,301.2700415,250.3511022,187.8379041,148.0025869,138.6305611,69.97610446
1216932,0,164.86536,236.8390964,62.1859609,0,121.8102559
2986829,282.4406639,213.7143555,70.77950008,43.53017263,103.9729208,256.5790497
332101,160.0497096,164.86536,103.4469617,26.11810358,0,176.2361149
2979469,141.220332,73.27349331,0,26.11810358,0,31.10049087
638,0,0,78.94636547,32.33669967,0,191.7863604
1482,546.0519503,384.6858399,152.448154,57.21108403,0,469.0990706
119532,451.9050623,506.8083288,607.0703276,186.5578827,138.6305611,145.1356241
33970,254.1965975,164.86536,27.22288465,12.43719218,0,72.56781203
3243060,169.4643984,293.0939733,0,12.43719218,0,163.2775771
3059076,188.2937759,384.6858399,119.7806924,100.7412567,138.6305611,352.4722299
2490635,0,0,0,0,0,88.11805746
121719,367.1728631,164.86536,1015.413597,559.6736481,84.71867623,49.24244388
488447,0,0,185.1156156,182.826725,73.16612947,49.24244388
1979401,207.1231535,61.06124443,223.2276541,777.3245112,200.2441438,88.11805746
2689569,0,134.3347377,40.83432697,24.87438436,0,202.1531907
43662,0,323.6245955,231.3945195,152.9774638,0,321.371739
3463858,0,0,0,0,0,0
60961,112.9762656,79.37961776,127.9475578,49.74876872,0,165.8692846
82633,0,128.2286133,264.0619811,342.0227849,173.2882014,437.9985797
1620816,197.7084647,201.5021066,302.1740196,92.03522213,92.42037407,323.9634466
3108175,0,0,51.72348083,211.4322671,53.91188488,0
2713573,94.14688797,116.0163644,54.44576929,27.36182279,0,171.0526998
85404,621.3694606,561.7634487,49.00119236,19.89950749,0,0
81947,0,79.37961776,65.33492315,49.74876872,0,165.8692846
2488810,367.1728631,299.2000977,174.2264617,68.40455699,0,375.797598
1969,338.9287967,183.1837333,215.0607887,342.0227849,127.0780143,124.4019635
2502784,197.7084647,232.0327288,76.22407701,64.67339933,0,147.7273316
5062,0,702.2043109,0,0,0,0
60552,0,0,98.00238472,170.3895329,0,0
985,0,0,0,33.58041888,0,279.9044178
169760,197.7084647,195.3959822,0,17.41206905,57.76273379,191.7863604
2683272,131.8056432,146.5469866,76.22407701,53.47992637,69.31528055,342.1053996
189381,169.4643984,164.86536,70.77950008,59.69852246,111.6746187,75.1595196
759811,291.8553527,299.2000977,98.00238472,63.42968012,100.1220719,209.9283134
3387402,0,73.27349331,62.61263469,14.92463062,0,1065.191812
96345,178.8790872,250.3511022,119.7806924,59.69852246,0,305.8214935
433286,555.4666391,445.7470843,171.5041733,63.42968012,42.35933812,101.0765953
2892440,188.2937759,225.9266044,40.83432697,22.38694592,0,98.48488775
334542,0,0,0,130.5905179,0,98.48488775
2093779,508.3931951,238.1388533,0,0,0,554.6254205
666686,621.3694606,598.4001954,98.00238472,23.63066514,0,181.4195301
71452,301.2700415,244.2449777,70.77950008,21.14322671,0,80.34293475
2587853,160.0497096,140.4408622,157.8927309,2053.380429,342.7255538,82.93464232
1476025,0,0,32.66746157,17.41206905,0,77.75122717
43305,423.6609959,592.294071,119.7806924,46.01761106,0,163.2775771
336810,178.8790872,189.2898577,54.44576929,44.77389185,0,238.4370967
1869241,310.6847303,268.6694755,481.8450582,139.2965524,61.61358271,158.0941619
3236815,0,103.8041155,27.22288465,0,80.86782731,69.97610446
2818493,216.5378423,158.7592355,125.2252694,72.13571464,0,357.655645
2829187,122.3909544,73.27349331,76.22407701,31.09298045,0,155.5024543
1651941,141.220332,201.5021066,40.83432697,24.87438436,77.01697839,326.5551541
363852,0,67.16736887,62.61263469,36.06785732,0,274.7210027
1268659,0,91.59186664,68.05721161,29.84926123,38.5084892,152.9107468
2038776,131.8056432,79.37961776,117.058404,57.21108403,0,194.3780679
2802991,0,0,65.33492315,24.87438436,169.4373525,129.5853786
984207,310.6847303,378.5797155,176.9487502,151.7337446,96.27122299,69.97610446
430522,244.7819087,207.6082311,95.28009626,42.28645341,0,184.0112376
33034,0,0,217.7830772,50.99248794,100.1220719,326.5551541
373891,273.0259751,189.2898577,130.6698463,80.84174917,0,406.8980889
44008,254.1965975,372.473591,130.6698463,64.67339933,69.31528055,300.6380784
28199,329.5141079,213.7143555,166.0595963,55.96736481,0,132.1770862
3458683,0,152.6531111,149.7258656,54.72364559,92.42037407,279.9044178
519450,188.2937759,225.9266044,136.1144232,42.28645341,966.5630788,425.0400419
2926907,160.0497096,152.6531111,59.89034622,70.89199542,0,329.1468617
577489,141.220332,152.6531111,269.506558,92.03522213,61.61358271,572.7673735
3137852,197.7084647,116.0163644,78.94636547,69.64827621,0,308.4132011
1402135,367.1728631,286.9878488,558.0691352,1190.239292,100.1220719,69.97610446
3298610,0,109.91024,29.94517311,19.89950749,0,101.0765953
82541,1148.592033,922.0247909,767.685347,472.6133028,96.27122299,101.0765953
3070999,122.3909544,164.86536,168.7818848,53.47992637,0,90.70976504
1736,0,116.0163644,43.55661543,0,0,75.1595196
649756,461.3197511,354.1552177,201.4493464,63.42968012,53.91188488,290.2712481
222819,404.8316183,366.3674666,596.1811737,157.9523407,103.9729208,114.0351332
2913495,0,0,0,0,0,0
2424,131.8056432,170.9714844,225.9499426,84.57290682,0,90.70976504
582475,668.4429046,372.473591,57.16805776,32.33669967,0,212.5200209
292,131.8056432,0,220.5053656,305.9549276,119.3763165,189.1946528
2726954,0,79.37961776,43.55661543,31.09298045,0,95.89318018
28087,0,0,95.28009626,37.31157654,0,616.8264022
3034146,0,0,0,17.41206905,0,163.2775771
1871076,310.6847303,329.7307199,57.16805776,53.47992637,50.06103596,300.6380784
29552,197.7084647,170.9714844,100.7246732,32.33669967,53.91188488,95.89318018
60890,320.0994191,256.4572266,266.7842695,1070.842247,165.5865035,54.42585902
1936080,103.5615768,73.27349331,59.89034622,155.4649022,0,272.1292951
853,188.2937759,256.4572266,155.1704425,167.9020944,138.6305611,401.7146737
2714927,0,0,0,0,0,184.0112376
2597771,178.8790872,97.69799109,296.7294426,80.84174917,65.46443163,256.5790497
2024843,734.3457262,146.5469866,141.5590002,73.37943386,42.35933812,207.3366058
1592897,178.8790872,225.9266044,95.28009626,44.77389185,0,155.5024543
187304,593.1253942,403.0042132,691.46127,453.9575146,138.6305611,277.3127103
2487063,216.5378423,109.91024,125.2252694,38.55529576,0,178.8278225
2951137,0,0,0,0,0,72.56781203
272131,131.8056432,170.9714844,348.4529235,89.54778369,0,736.0449506
3049772,0,0,141.5590002,203.9699517,789.4240285,101.0765953
52764,0,0,0,0,0,57.01756659
202747,0,0,62.61263469,17.41206905,177.1390503,25.91707572
2875539,197.7084647,274.7755999,51.72348083,26.11810358,0,46.6507363
754417,112.9762656,189.2898577,65.33492315,103.2286951,0,152.9107468
301,0,201.5021066,400.1764043,415.4022188,0,510.5663918
5207,263.6112863,335.8368444,76.22407701,29.84926123,107.8237698,269.5375875
29430,0,232.0327288,239.5613849,100.7412567,0,331.7385693
212667,235.3672199,329.7307199,253.1728272,88.30406447,0,147.7273316
246,207.1231535,207.6082311,130.6698463,50.99248794,77.01697839,316.1883238
1191459,0,158.7592355,103.4469617,42.28645341,0,111.4434256
2605747,207.1231535,164.86536,100.7246732,43.53017263,0,209.9283134
2904245,301.2700415,262.563351,304.896308,136.809114,69.31528055,230.6619739
1061,178.8790872,79.37961776,400.1764043,471.3695836,123.2271654,28.5087833
343,150.6350208,116.0163644,54.44576929,118.1533257,0,95.89318018
1416779,103.5615768,146.5469866,65.33492315,26.11810358,0,137.3605013
3051121,0,177.0776088,119.7806924,78.35431073,0,217.7034361
2151,0,73.27349331,138.8367117,33.58041888,0,178.8278225
553239,178.8790872,140.4408622,54.44576929,34.8241381,0,0
2546356,225.9525311,189.2898577,400.1764043,281.0805433,296.5153668,386.1644283
158822,0,0,81.66865394,90.79150291,138.6305611,207.3366058
264023,160.0497096,116.0163644,68.05721161,47.26133028,0,119.2185483
2705473,0,134.3347377,95.28009626,84.57290682,0,202.1531907
2148,150.6350208,116.0163644,68.05721161,18.65578827,0,163.2775771
2723089,0,67.16736887,54.44576929,34.8241381,0,155.5024543
3393449,0,0,0,0,0,116.6268408
2929510,263.6112863,372.473591,70.77950008,211.4322671,107.8237698,126.9936711
263,150.6350208,219.8204799,223.2276541,47.26133028,0,300.6380784
1308,0,0,49.00119236,16.16834983,1162.956374,202.1531907
1705566,0,0,32.66746157,18.65578827,42.35933812,539.0751751
2867020,310.6847303,189.2898577,212.3385002,1839.460723,308.0679136,0
2921503,273.0259751,555.6573243,89.83551933,38.55529576,138.6305611,220.2951437
2841925,0,0,0,0,0,0
2320140,0,0,0,0,0,393.939551
1965231,103.5615768,201.5021066,95.28009626,50.99248794,42.35933812,461.3239479
40545,0,0,0,21.14322671,57.76273379,137.3605013
29497,348.3434855,488.4899554,136.1144232,72.13571464,0,230.6619739
983544,169.4643984,244.2449777,81.66865394,108.203572,0,119.2185483
327575,0,0,0,67.16083777,134.7797122,121.8102559
39496,0,140.4408622,87.11323087,24.87438436,0,222.8868512
2742683,169.4643984,238.1388533,239.5613849,77.11059151,0,217.7034361
72026,0,109.91024,65.33492315,26.11810358,42.35933812,155.5024543
2930131,0,116.0163644,0,23.63066514,0,51.83415145
3350403,320.0994191,238.1388533,89.83551933,33.58041888,0,209.9283134
200991,0,0,0,39.79901497,0,152.9107468
421767,0,0,49.00119236,0,0,98.48488775
76832,357.7581743,433.5348354,0,0,0,230.6619739
80816,254.1965975,183.1837333,209.6162118,960.1512363,92.42037407,0
1648923,0,225.9266044,62.61263469,83.3291876,0,62.20098174
483913,273.0259751,177.0776088,0,0,0,101.0765953
2740405,1205.080166,1270.073884,579.847443,182.826725,0,189.1946528
28189,743.760415,311.4123466,0,21.14322671,0,106.2600105
2862460,216.5378423,116.0163644,217.7830772,241.2815283,65.46443163,46.6507363
2954771,0,0,201.4493464,196.5076364,750.9155393,57.01756659
208962,263.6112863,232.0327288,797.6305201,258.6935973,57.76273379,176.2361149
95486,508.3931951,317.518471,764.9630585,674.0958161,192.542446,163.2775771
34087,0,0,0,0,0,184.0112376
28112,0,0,29.94517311,18.65578827,0,36.28390601
1580590,348.3434855,366.3674666,100.7246732,54.72364559,142.48141,230.6619739
76259,94.14688797,73.27349331,84.3909424,155.4649022,96.27122299,134.7687938
2703787,367.1728631,335.8368444,89.83551933,28.60554201,0,31.10049087
2093780,0,0,0,0,0,440.5902873
2497879,122.3909544,134.3347377,84.3909424,22.38694592,0,90.70976504
2929800,0,0,0,29.84926123,0,396.5312586
2487072,169.4643984,177.0776088,302.1740196,95.76637978,0,142.5439165
3418555,291.8553527,91.59186664,38.1120385,0,0,64.79268931
2949996,150.6350208,146.5469866,160.6150194,110.6910104,38.5084892,450.9571176
1970093,235.3672199,195.3959822,62.61263469,0,0,184.0112376
1390,630.7841494,616.7185687,362.0643658,111.9347296,0,0
1854492,0,0,32.66746157,23.63066514,0,155.5024543
2879427,0,0,125.2252694,65.91711855,0,150.3190392
2108365,0,97.69799109,160.6150194,73.37943386,0,168.4609922
264686,376.5875519,439.6409599,628.8486353,67.16083777,0,98.48488775
1970738,291.8553527,341.9429688,111.613827,49.74876872,0,145.1356241
2571030,0,0,89.83551933,42.28645341,173.2882014,274.7210027
563172,0,0,32.66746157,23.63066514,0,44.05902873
3075618,103.5615768,158.7592355,0,29.84926123,0,132.1770862
1263550,0,0,0,75.86687229,0,0
180282,0,311.4123466,400.1764043,705.1887966,1139.85128,186.6029452
861,216.5378423,140.4408622,206.8939233,36.06785732,0,212.5200209
571,0,177.0776088,117.058404,114.4221681,61.61358271,132.1770862
2292766,141.220332,79.37961776,81.66865394,218.8945824,138.6305611,103.6683029
573570,273.0259751,164.86536,57.16805776,23.63066514,0,168.4609922
111781,348.3434855,183.1837333,696.9058469,169.1458136,207.9458417,33.69219844
1247712,301.2700415,299.2000977,54.44576929,32.33669967,0,520.9332221
2050967,0,79.37961776,38.1120385,23.63066514,0,160.6858695
28213,0,0,51.72348083,57.21108403,0,0
512649,112.9762656,128.2286133,0,21.14322671,0,134.7687938
5866,0,85.4857422,119.7806924,36.06785732,0,119.2185483
29324,0,354.1552177,100.7246732,0,0,0
687,470.7344399,537.338951,76.22407701,49.74876872,0,186.6029452
2665914,122.3909544,61.06124443,73.50178854,176.6081289,0,137.3605013
641107,291.8553527,244.2449777,27.22288465,18.65578827,77.01697839,282.4961254
1571,188.2937759,201.5021066,89.83551933,44.77389185,46.21018704,261.7624648
1785996,0,0,57.16805776,16.16834983,0,121.8102559
2672567,216.5378423,299.2000977,43.55661543,22.38694592,0,129.5853786
2715131,244.7819087,109.91024,81.66865394,63.42968012,0,316.1883238
2686363,0,97.69799109,70.77950008,49.74876872,50.06103596,158.0941619
574376,0,170.9714844,163.3373079,63.42968012,42.35933812,77.75122717
3080015,0,0,141.5590002,49.74876872,1197.614014,57.01756659
2024849,103.5615768,109.91024,81.66865394,62.1859609,0,119.2185483
421058,150.6350208,183.1837333,68.05721161,24.87438436,0,318.7800314
371142,376.5875519,390.7919643,117.058404,55.96736481,0,158.0941619
1473112,122.3909544,116.0163644,46.2789039,21.14322671,0,0
3439050,160.0497096,183.1837333,443.7330197,73.37943386,238.752633,290.2712481
2590012,0,73.27349331,32.66746157,18.65578827,0,238.4370967
2864040,0,122.1224889,133.3921348,44.77389185,0,119.2185483
215813,131.8056432,189.2898577,601.6257507,966.3698323,169.4373525,57.01756659
2976818,122.3909544,268.6694755,0,29.84926123,0,33.69219844
3060758,141.220332,183.1837333,149.7258656,55.96736481,0,163.2775771
1498,386.0022407,445.7470843,209.6162118,75.86687229,0,230.6619739
1413,0,73.27349331,92.5578078,23.63066514,0,277.3127103
2686304,988.5423237,995.2982842,84.3909424,67.16083777,69.31528055,62.20098174
1826872,244.7819087,183.1837333,100.7246732,24.87438436,0,114.0351332
1310165,367.1728631,195.3959822,266.7842695,243.7689667,223.3492373,67.38439688
708186,367.1728631,280.8817244,114.3361155,52.23620715,0,129.5853786
745310,0,0,612.5149045,485.050495,0,0
1859122,0,213.7143555,198.7270579,27.36182279,0,85.52634989
1803846,244.7819087,286.9878488,190.5601925,129.3467987,0,147.7273316
3463334,0,0,1113.415982,90.79150291,65.46443163,67.38439688
2975697,0,0,0,0,0,0
28095,329.5141079,311.4123466,334.8414811,329.5855928,231.0509352,44.05902873
2775080,0,0,136.1144232,143.0277101,0,36.28390601
29341,112.9762656,195.3959822,68.05721161,34.8241381,69.31528055,266.94588
2758563,160.0497096,164.86536,92.5578078,27.36182279,0,111.4434256
195250,178.8790872,0,528.1239621,257.4498781,388.9357409,0
80866,310.6847303,183.1837333,239.5613849,324.6107159,200.2441438,165.8692846
2952571,0,0,106.1692501,87.06034526,0,176.2361149
260364,0,0,51.72348083,44.77389185,0,313.5966163
413402,0,67.16736887,51.72348083,36.06785732,0,44.05902873
2714924,0,0,117.058404,238.7940898,146.3322589,69.97610446
2906078,141.220332,274.7755999,92.5578078,72.13571464,73.16612947,305.8214935
279058,94.14688797,85.4857422,87.11323087,77.11059151,0,51.83415145
279322,470.7344399,396.8980888,103.4469617,84.57290682,80.86782731,173.6444074
92644,0,0,236.8390964,350.7288195,0,0
3149230,94.14688797,97.69799109,49.00119236,31.09298045,0,295.4546633
2095,216.5378423,164.86536,73.50178854,34.8241381,0,279.9044178
3230970,0,0,51.72348083,58.45480324,0,75.1595196
72361,141.220332,152.6531111,108.8915386,38.55529576,0,101.0765953
2908842,216.5378423,225.9266044,122.5029809,384.3092383,0,114.0351332
2782006,103.5615768,195.3959822,119.7806924,67.16083777,0,152.9107468
927083,451.9050623,274.7755999,261.3396926,1063.379931,192.542446,124.4019635
2164067,207.1231535,122.1224889,1246.808117,328.3418735,53.91188488,0
1176649,0,0,334.8414811,313.4172429,0,0
2986835,301.2700415,305.3062221,111.613827,59.69852246,0,129.5853786
238,169.4643984,140.4408622,215.0607887,93.27894135,0,181.4195301
83656,0,73.27349331,122.5029809,195.2639172,53.91188488,0
2906456,0,97.69799109,59.89034622,49.74876872,0,59.60927417
2937442,367.1728631,341.9429688,103.4469617,55.96736481,0,238.4370967
326329,235.3672199,158.7592355,57.16805776,50.99248794,0,98.48488775
1850254,480.1491287,592.294071,114.3361155,0,0,119.2185483
2059726,0,97.69799109,35.38975004,64.67339933,0,126.9936711
398053,178.8790872,158.7592355,84.3909424,23.63066514,0,176.2361149
54299,0,0,310.340885,130.5905179,1132.149582,238.4370967
158899,0,0,62.61263469,82.08546838,38.5084892,0
1816218,216.5378423,262.563351,147.0035771,49.74876872,0,360.2473526
2508722,0,0,62.61263469,79.59802995,50.06103596,0
1617283,348.3434855,305.3062221,171.5041733,62.1859609,0,264.3541724
80842,0,0,81.66865394,73.37943386,0,0
217159,291.8553527,427.428711,196.0047694,46.01761106,0,207.3366058
1805431,0,158.7592355,84.3909424,0,0,114.0351332
1965332,404.8316183,403.0042132,133.3921348,98.25381822,0,152.9107468
2325,0,73.27349331,0,0,0,54.42585902
86668,169.4643984,348.0490932,51.72348083,17.41206905,69.31528055,264.3541724
3447504,282.4406639,268.6694755,176.9487502,69.64827621,0,292.8629557
2572090,131.8056432,225.9266044,280.3957119,53.47992637,0,246.2122194
1336,291.8553527,244.2449777,65.33492315,34.8241381,0,186.6029452
73913,0,0,40.83432697,0,77.01697839,119.2185483
328515,178.8790872,244.2449777,193.282481,98.25381822,0,108.851718
2022740,235.3672199,134.3347377,781.2967893,386.7966768,69.31528055,0
33923,141.220332,134.3347377,81.66865394,18.65578827,107.8237698,230.6619739
2823693,112.9762656,79.37961776,269.506558,189.0453211,46.21018704,0
3135641,0,268.6694755,168.7818848,0,0,0
89152,0,0,108.8915386,44.77389185,0,406.8980889
709883,0,0,187.8379041,140.5402716,254.1560287,142.5439165
2918526,630.7841494,549.5511999,103.4469617,74.62315308,103.9729208,121.8102559
1278212,131.8056432,183.1837333,0,14.92463062,57.76273379,150.3190392
3457544,131.8056432,85.4857422,329.3969042,60.94224168,0,90.70976504
2899121,197.7084647,158.7592355,84.3909424,77.11059151,454.4001725,111.4434256
2679963,0,128.2286133,46.2789039,23.63066514,0,215.1117285
161398,160.0497096,219.8204799,187.8379041,84.57290682,0,168.4609922
1848904,0,0,130.6698463,88.30406447,0,173.6444074
446683,0,152.6531111,27.22288465,26.11810358,0,51.83415145
2614441,0,122.1224889,0,0,0,212.5200209
1660079,244.7819087,335.8368444,81.66865394,29.84926123,65.46443163,259.1707572
3426221,0,0,0,0,0,90.70976504
1723361,150.6350208,158.7592355,117.058404,52.23620715,0,158.0941619
137584,141.220332,116.0163644,76.22407701,69.64827621,0,82.93464232
29498,404.8316183,250.3511022,62.61263469,106.9598527,0,106.2600105
282676,0,103.8041155,89.83551933,24.87438436,0,108.851718
3028318,0,0,51.72348083,50.99248794,0,233.2536815
2698686,273.0259751,238.1388533,84.3909424,50.99248794,0,129.5853786
3070678,131.8056432,128.2286133,73.50178854,13.6809114,0,145.1356241
1434103,1365.129876,995.2982842,0,0,0,114.0351332
544433,386.0022407,293.0939733,149.7258656,38.55529576,46.21018704,220.2951437
3158229,122.3909544,140.4408622,0,0,0,67.38439688
232259,564.8813278,628.9308176,157.8927309,111.9347296,0,95.89318018
1050638,94.14688797,103.8041155,40.83432697,44.77389185,816.379971,36.28390601
2766984,0,0,43.55661543,19.89950749,0,311.0049087
2932268,273.0259751,170.9714844,98.00238472,111.9347296,0,295.4546633
2651167,414.2463071,286.9878488,68.05721161,33.58041888,0,458.7322403
36746,0,0,0,4639.072683,0,0
28072,470.7344399,378.5797155,321.2300388,121.8844834,119.3763165,134.7687938
2906798,131.8056432,250.3511022,1083.470809,166.6583752,258.0068776,0
82996,0,0,119.7806924,63.42968012,0,88.11805746
3070997,103.5615768,0,27.22288465,13.6809114,0,228.0702664
575378,207.1231535,201.5021066,84.3909424,42.28645341,0,101.0765953
2744227,169.4643984,213.7143555,35.38975004,0,0,554.6254205
3080013,103.5615768,122.1224889,125.2252694,90.79150291,435.1459279,59.60927417
2975793,254.1965975,183.1837333,149.7258656,130.5905179,3692.964114,0
45634,0,122.1224889,100.7246732,138.0528332,50.06103596,168.4609922
1686,0,97.69799109,0,21.14322671,0,101.0765953
2835648,338.9287967,134.3347377,0,24.87438436,0,114.0351332
33031,0,0,0,0,0,77.75122717
2058175,0,73.27349331,152.448154,90.79150291,650.7934674,88.11805746
2527978,216.5378423,122.1224889,89.83551933,201.4825133,150.1831079,90.70976504
633807,207.1231535,140.4408622,51.72348083,13.6809114,0,57.01756659
3230981,0,0,0,0,0,46.6507363
2976768,94.14688797,85.4857422,54.44576929,97.010099,200.2441438,152.9107468
930805,470.7344399,91.59186664,166.0595963,623.1033282,0,0
280473,0,61.06124443,111.613827,64.67339933,38.5084892,375.797598
170679,338.9287967,360.2613421,255.8951157,110.6910104,46.21018704,222.8868512
1849015,207.1231535,323.6245955,78.94636547,28.60554201,0,147.7273316
2750025,0,0,0,50.99248794,0,0
2529032,169.4643984,79.37961776,46.2789039,80.84174917,0,103.6683029
2022749,376.5875519,329.7307199,209.6162118,54.72364559,0,404.3063813
2775420,0,0,2289.444599,447.7389185,0,0
357794,131.8056432,79.37961776,49.00119236,12.43719218,0,98.48488775
2859768,207.1231535,274.7755999,193.282481,87.06034526,0,152.9107468
110321,0,0,313.0631734,165.414656,0,0
56458,423.6609959,494.5960799,402.8986928,258.6935973,46.21018704,111.4434256
2708301,367.1728631,409.1103377,204.1716348,498.7314064,38.5084892,46.6507363
381046,188.2937759,195.3959822,103.4469617,31.09298045,0,261.7624648
2751178,141.220332,109.91024,46.2789039,41.04273419,69.31528055,432.8151646
3009078,602.540083,683.8859376,141.5590002,90.79150291,0,51.83415145
1193713,197.7084647,195.3959822,122.5029809,50.99248794,38.5084892,274.7210027
1717717,0,85.4857422,98.00238472,58.45480324,0,178.8278225
2785025,301.2700415,378.5797155,155.1704425,60.94224168,69.31528055,147.7273316
2764326,150.6350208,152.6531111,106.1692501,0,0,282.4961254
2903657,0,0,46.2789039,64.67339933,0,0
165435,197.7084647,122.1224889,149.7258656,53.47992637,0,272.1292951
676,470.7344399,403.0042132,212.3385002,141.7839908,0,331.7385693
2914041,169.4643984,164.86536,552.6245583,154.221183,165.5865035,106.2600105
762954,0,0,38.1120385,60.94224168,0,116.6268408
2583851,244.7819087,207.6082311,65.33492315,36.06785732,0,152.9107468
63186,112.9762656,116.0163644,144.2812886,160.4397791,0,101.0765953
168935,386.0022407,433.5348354,283.1180003,262.424755,57.76273379,139.9522089
1660076,0,73.27349331,81.66865394,31.09298045,0,82.93464232
1080068,282.4406639,305.3062221,890.1883279,225.1131784,0,0
1494,0,109.91024,62.61263469,16.16834983,0,90.70976504
505249,254.1965975,164.86536,73.50178854,42.28645341,0,142.5439165
2686365,329.5141079,366.3674666,291.2848657,162.9272176,0,238.4370967
2047,141.220332,177.0776088,84.3909424,2058.355306,304.2170647,85.52634989
29484,0,0,185.1156156,83.3291876,0,176.2361149
2665645,0,85.4857422,81.66865394,59.69852246,0,158.0941619
387093,0,0,0,0,0,181.4195301
36809,536.6372615,653.3553154,228.672231,160.4397791,311.9187625,189.1946528
97084,141.220332,219.8204799,166.0595963,58.45480324,0,326.5551541
2884875,0,0,0,23.63066514,0,225.4785588
712362,0,0,40.83432697,16.16834983,65.46443163,178.8278225
1254,338.9287967,317.518471,51.72348083,26.11810358,0,419.8566267
40091,291.8553527,317.518471,119.7806924,38.55529576,38.5084892,64.79268931
28229,0,85.4857422,108.8915386,42.28645341,0,111.4434256
2528018,273.0259751,244.2449777,138.8367117,674.0958161,92.42037407,0
624315,461.3197511,177.0776088,182.3933271,211.4322671,107.8237698,69.97610446
1610,357.7581743,232.0327288,144.2812886,55.96736481,73.16612947,178.8278225
2895980,103.5615768,79.37961776,204.1716348,128.1030794,92.42037407,93.30147261
1515,480.1491287,586.1879465,220.5053656,73.37943386,42.35933812,295.4546633
3137860,169.4643984,140.4408622,160.6150194,74.62315308,0,228.0702664
2756,103.5615768,122.1224889,73.50178854,23.63066514,0,51.83415145
1775173,0,0,0,65.91711855,0,46.6507363
2835531,0,164.86536,168.7818848,99.49753744,0,230.6619739
1936,0,0,0,106.9598527,0,59.60927417
1923,131.8056432,134.3347377,111.613827,181.5830058,0,103.6683029
1155388,0,0,212.3385002,120.6407641,0,412.081504
3388429,0,128.2286133,49.00119236,33.58041888,0,88.11805746
2779445,197.7084647,244.2449777,49.00119236,16.16834983,46.21018704,212.5200209
436114,0,0,59.89034622,17.41206905,0,59.60927417
3040348,263.6112863,323.6245955,76.22407701,83.3291876,0,546.8502978
3453416,112.9762656,238.1388533,32.66746157,13.6809114,50.06103596,230.6619739
99598,254.1965975,250.3511022,405.6209812,144.2714293,80.86782731,67.38439688
3074124,0,79.37961776,111.613827,97.010099,0,158.0941619
576610,291.8553527,219.8204799,98.00238472,68.40455699,0,152.9107468
147802,0,0,127.9475578,55.96736481,0,233.2536815
2821514,160.0497096,195.3959822,892.9106164,327.0981543,38.5084892,31.10049087
2303529,1026.201079,787.6900531,617.9594815,241.2815283,0,57.01756659
995,357.7581743,372.473591,182.3933271,63.42968012,0,233.2536815
2731755,0,0,122.5029809,44.77389185,0,57.01756659
2893886,188.2937759,225.9266044,87.11323087,55.96736481,0,108.851718
191495,0,0,127.9475578,195.2639172,92.42037407,510.5663918
1913577,0,0,0,36.06785732,0,67.38439688
1032072,244.7819087,293.0939733,125.2252694,43.53017263,123.2271654,51.83415145
40137,0,0,362.0643658,400.4775882,539.1188488,0
657419,338.9287967,219.8204799,794.9082317,363.1660116,92.42037407,0
3100173,0,116.0163644,778.5745009,351.9725387,80.86782731,0
2759528,188.2937759,158.7592355,81.66865394,47.26133028,100.1220719,132.1770862
1179672,150.6350208,103.8041155,40.83432697,37.31157654,0,178.8278225
3240913,0,183.1837333,122.5029809,68.40455699,0,134.7687938
260554,0,97.69799109,247.7282503,73.37943386,0,80.34293475
35795,0,0,0,0,0,575.3590811
3109366,0,128.2286133,70.77950008,22.38694592,0,220.2951437
2267699,0,0,503.6233659,238.7940898,150.1831079,0
47770,235.3672199,213.7143555,138.8367117,60.94224168,0,391.3478434
29394,0,164.86536,106.1692501,32.33669967,42.35933812,189.1946528
2714947,197.7084647,225.9266044,87.11323087,29.84926123,0,108.851718
1255,197.7084647,286.9878488,59.89034622,21.14322671,73.16612947,215.1117285
57029,103.5615768,79.37961776,103.4469617,50.99248794,0,160.6858695
29329,0,0,0,0,0,134.7687938
477680,178.8790872,213.7143555,98.00238472,48.5050495,0,178.8278225
43263,0,103.8041155,280.3957119,276.1056664,0,0
361101,207.1231535,268.6694755,141.5590002,55.96736481,0,106.2600105
1519,404.8316183,470.1715821,111.613827,50.99248794,69.31528055,253.9873421
101571,0,0,117.058404,221.3820208,0,51.83415145
3058402,103.5615768,103.8041155,87.11323087,33.58041888,0,282.4961254
3047871,103.5615768,91.59186664,70.77950008,17.41206905,0,184.0112376
218284,197.7084647,134.3347377,0,34.8241381,77.01697839,0
2136147,0,0,0,0,0,51.83415145
3160830,244.7819087,201.5021066,130.6698463,55.96736481,0,114.0351332
761,0,67.16736887,35.38975004,16.16834983,0,176.2361149
1653434,0,0,35.38975004,0,65.46443163,137.3605013
1737571,225.9525311,134.3347377,68.05721161,23.63066514,0,368.0224753
128785,0,0,258.6174041,378.0906423,138.6305611,57.01756659
2937786,188.2937759,207.6082311,171.5041733,145.5151485,0,181.4195301
2527995,94.14688797,61.06124443,73.50178854,182.826725,169.4373525,142.5439165
33945,216.5378423,213.7143555,0,0,0,101.0765953
33169,611.9547718,555.6573243,209.6162118,114.4221681,0,285.087833
712357,150.6350208,85.4857422,0,21.14322671,73.16612947,285.087833
1164,0,0,196.0047694,101.9849759,123.2271654,142.5439165
3100987,414.2463071,451.8532088,291.2848657,92.03522213,0,36.28390601
1467,0,67.16736887,35.38975004,18.65578827,258.0068776,119.2185483
484770,122.3909544,244.2449777,46.2789039,22.38694592,0,173.6444074
2602769,0,73.27349331,35.38975004,41.04273419,0,212.5200209
43080,301.2700415,195.3959822,119.7806924,37.31157654,0,355.0639374
548579,0,0,1132.472001,1603.154072,0,0
728,244.7819087,250.3511022,114.3361155,60.94224168,61.61358271,196.9697755
2895796,0,134.3347377,125.2252694,281.0805433,92.42037407,0
1548,320.0994191,201.5021066,234.116808,82.08546838,0,308.4132011
2855394,169.4643984,280.8817244,152.448154,68.40455699,169.4373525,126.9936711
2714926,0,0,0,0,0,93.30147261
487559,2155.963735,1465.469866,0,0,0,0
2358187,0,134.3347377,78.94636547,54.72364559,0,46.6507363
1847728,696.686971,543.4450754,149.7258656,47.26133028,0,67.38439688
40542,0,85.4857422,0,0,0,134.7687938
561061,451.9050623,390.7919643,68.05721161,29.84926123,0,116.6268408
3031802,338.9287967,506.8083288,0,0,1501.831079,82.93464232
58049,0,0,62.61263469,27.36182279,0,178.8278225
2774694,0,91.59186664,62.61263469,18.65578827,0,38.87561359
1646498,404.8316183,378.5797155,163.3373079,46.01761106,0,106.2600105
68886,178.8790872,201.5021066,198.7270579,64.67339933,0,386.1644283
665099,0,421.3225866,0,0,0,103.6683029
2086471,244.7819087,244.2449777,65.33492315,47.26133028,0,256.5790497
1982626,225.9525311,195.3959822,111.613827,46.01761106,0,292.8629557
1855875,0,0,32.66746157,92.03522213,0,0
2249476,263.6112863,177.0776088,0,58.45480324,0,176.2361149
2895947,461.3197511,451.8532088,51.72348083,42.28645341,0,264.3541724
2903809,0,0,1148.805732,437.7891647,2664.787452,0
2905121,0,116.0163644,62.61263469,226.3568977,0,124.4019635
1324352,225.9525311,256.4572266,84.3909424,47.26133028,0,114.0351332
1247,122.3909544,146.5469866,54.44576929,0,0,139.9522089
2608253,0,73.27349331,43.55661543,39.79901497,0,147.7273316
1535204,254.1965975,201.5021066,81.66865394,43.53017263,0,59.60927417
218490,0,238.1388533,117.058404,63.42968012,0,132.1770862
674529,0,140.4408622,59.89034622,39.79901497,223.3492373,139.9522089
288965,169.4643984,348.0490932,62.61263469,26.11810358,127.0780143,1482.456731
3434999,1468.691452,946.4492886,0,100.7412567,0,142.5439165
2874213,0,0,661.5160969,135.5653948,69.31528055,98.48488775
1566379,0,0,0,24.87438436,269.5594244,36.28390601
156213,122.3909544,128.2286133,228.672231,68.40455699,50.06103596,64.79268931
2010828,0,0,62.61263469,38.55529576,0,212.5200209
849,0,73.27349331,0,0,0,0
1812935,0,0,0,135.5653948,0,95.89318018
1006576,0,0,0,0,1667.417582,145.1356241
38875,348.3434855,232.0327288,119.7806924,55.96736481,0,290.2712481
702745,696.686971,659.4614398,242.2836733,125.615641,0,95.89318018
320787,131.8056432,177.0776088,114.3361155,88.30406447,0,173.6444074
5679,178.8790872,164.86536,57.16805776,36.06785732,142.48141,388.7561359
2813578,94.14688797,0,117.058404,212.6759863,69.31528055,318.7800314
39956,141.220332,146.5469866,111.613827,121.8844834,0,41.46732116
3070683,112.9762656,128.2286133,46.2789039,29.84926123,0,116.6268408
28090,0,152.6531111,242.2836733,335.8041888,0,147.7273316
2130,338.9287967,280.8817244,35.38975004,12.43719218,0,101.0765953
326544,320.0994191,299.2000977,76.22407701,47.26133028,61.61358271,212.5200209
251747,0,0,87.11323087,46.01761106,0,31.10049087
722472,414.2463071,256.4572266,288.5625772,304.7112084,708.5562012,124.4019635
371036,329.5141079,293.0939733,144.2812886,67.16083777,0,253.9873421
1804986,0,0,176.9487502,154.221183,53.91188488,46.6507363
142650,0,0,46.2789039,17.41206905,0,49.24244388
213,112.9762656,103.8041155,62.61263469,37.31157654,0,119.2185483
1334,178.8790872,134.3347377,117.058404,100.7412567,173.2882014,269.5375875
263475,263.6112863,164.86536,32.66746157,0,0,145.1356241
1252,188.2937759,201.5021066,29.94517311,16.16834983,0,103.6683029
2293317,103.5615768,0,78.94636547,17.41206905,0,199.5614831
2528024,809.6632366,628.9308176,294.0071542,305.9549276,134.7797122,406.8980889
2547394,188.2937759,348.0490932,49.00119236,58.45480324,0,75.1595196
3048005,0,0,78.94636547,55.96736481,0,114.0351332
2920939,0,0,0,21.14322671,134.7797122,189.1946528
291208,188.2937759,146.5469866,95.28009626,23.63066514,61.61358271,158.0941619
2774656,0,0,0,0,0,33.69219844
66219,207.1231535,164.86536,84.3909424,29.84926123,0,121.8102559
2731220,0,0,57.16805776,13.6809114,0,95.89318018
700220,0,0,0,0,0,49.24244388
578924,188.2937759,183.1837333,196.0047694,179.0955674,481.356115,25.91707572
1609531,0,0,0,0,0,0
726,480.1491287,500.7022043,98.00238472,41.04273419,84.71867623,90.70976504
381,376.5875519,488.4899554,304.896308,200.2387941,0,0
2977321,178.8790872,97.69799109,92.5578078,50.99248794,0,202.1531907
2745197,0,146.5469866,51.72348083,47.26133028,0,126.9936711
36835,112.9762656,103.8041155,78.94636547,14.92463062,96.27122299,163.2775771
2974039,112.9762656,73.27349331,1434.646021,101.9849759,115.5254676,46.6507363
859,0,0,38.1120385,21.14322671,0,253.9873421
1452732,0,152.6531111,0,0,0,51.83415145
2760713,122.3909544,134.3347377,87.11323087,42.28645341,0,186.6029452
2886352,291.8553527,128.2286133,726.85102,187.8016019,111.6746187,184.0112376
2268026,338.9287967,427.428711,171.5041733,78.35431073,0,145.1356241
3112573,0,0,0,0,0,264.3541724
2528593,254.1965975,225.9266044,49.00119236,19.89950749,0,38.87561359
84378,0,122.1224889,65.33492315,29.84926123,0,41.46732116
1018,0,0,147.0035771,82.08546838,0,51.83415145
1501662,131.8056432,415.2164621,179.6710387,119.3970449,177.1390503,191.7863604
1936081,273.0259751,323.6245955,49.00119236,113.1784488,0,121.8102559
3230488,0,0,68.05721161,93.27894135,50.06103596,0
86304,141.220332,293.0939733,78.94636547,49.74876872,0,77.75122717
28223,160.0497096,73.27349331,65.33492315,46.01761106,0,155.5024543
200415,0,0,38.1120385,13.6809114,0,194.3780679
1353260,310.6847303,311.4123466,49.00119236,13.6809114,0,95.89318018
3019969,94.14688797,122.1224889,98.00238472,46.01761106,0,186.6029452
1173032,282.4406639,189.2898577,351.1752119,120.6407641,50.06103596,189.1946528
689904,0,0,0,0,0,163.2775771
2735723,0,0,0,0,0,158.0941619
496057,160.0497096,183.1837333,49.00119236,17.41206905,0,212.5200209
1486245,141.220332,91.59186664,87.11323087,79.59802995,0,145.1356241
3374196,0,0,0,0,0,458.7322403
171284,131.8056432,207.6082311,73.50178854,27.36182279,0,215.1117285
248906,0,97.69799109,84.3909424,110.6910104,0,80.34293475
324079,188.2937759,201.5021066,54.44576929,0,0,67.38439688
2925845,602.540083,390.7919643,106.1692501,58.45480324,0,147.7273316
394958,141.220332,97.69799109,141.5590002,37.31157654,0,308.4132011
3243376,0,225.9266044,370.2312312,185.3141635,0,0
170861,150.6350208,116.0163644,0,0,0,220.2951437
2954511,0,85.4857422,0,37.31157654,0,150.3190392
162,0,128.2286133,68.05721161,38.55529576,0,277.3127103
3060302,0,0,46.2789039,16.16834983,0,28.5087833
2219224,0,0,117.058404,170.3895329,161.7356546,0
68569,244.7819087,225.9266044,313.0631734,330.829312,0,33.69219844
1752063,141.220332,280.8817244,677.8498277,152.9774638,80.86782731,142.5439165
45658,461.3197511,299.2000977,155.1704425,83.3291876,0,173.6444074
2984951,0,177.0776088,98.00238472,36.06785732,38.5084892,212.5200209
2795974,141.220332,164.86536,176.9487502,528.5806676,396.6374387,134.7687938
75985,0,152.6531111,127.9475578,114.4221681,0,303.229786
837,178.8790872,189.2898577,190.5601925,77.11059151,712.4070501,51.83415145
158327,0,0,51.72348083,58.45480324,0,0
2026186,0,488.4899554,0,0,0,396.5312586
2502779,160.0497096,134.3347377,29.94517311,26.11810358,0,103.6683029
312279,131.8056432,170.9714844,206.8939233,116.9096065,0,233.2536815
1217282,0,0,70.77950008,24.87438436,0,168.4609922
305,310.6847303,164.86536,258.6174041,128.1030794,73.16612947,51.83415145
3037479,0,0,2251.33256,128.1030794,0,0
1481672,178.8790872,256.4572266,860.2431548,74.62315308,0,44.05902873
1249,169.4643984,79.37961776,59.89034622,19.89950749,577.6273379,329.1468617
2892442,0,0,0,0,0,0
1871111,0,164.86536,147.0035771,88.30406447,0,150.3190392
691,244.7819087,232.0327288,206.8939233,123.1282026,88.56952515,165.8692846
2885764,0,0,0,157.9523407,0,155.5024543
3234137,0,457.9593332,119.7806924,110.6910104,0,160.6858695
3382641,357.7581743,329.7307199,111.613827,33.58041888,0,181.4195301
2813371,0,97.69799109,0,0,0,0
2293862,122.3909544,0,111.613827,1268.593602,165.5865035,0
2070537,131.8056432,103.8041155,0,0,0,75.1595196
135577,178.8790872,213.7143555,0,65.91711855,0,152.9107468
3038772,0,79.37961776,35.38975004,48.5050495,0,287.6795405
2724896,94.14688797,85.4857422,114.3361155,53.47992637,73.16612947,165.8692846
1892382,197.7084647,97.69799109,54.44576929,39.79901497,0,38.87561359
2493630,235.3672199,146.5469866,794.9082317,541.0178598,130.9288633,0
1396826,235.3672199,225.9266044,351.1752119,690.264166,154.0339568,0
2057808,178.8790872,219.8204799,119.7806924,70.89199542,0,147.7273316
1580,225.9525311,268.6694755,46.2789039,17.41206905,0,450.9571176
206042,0,164.86536,182.3933271,87.06034526,0,108.851718
5059,0,0,247.7282503,0,0,484.649316
2903876,0,0,0,129.3467987,0,0
2201271,160.0497096,207.6082311,138.8367117,52.23620715,38.5084892,155.5024543
39152,244.7819087,177.0776088,43.55661543,26.11810358,0,256.5790497
3239929,282.4406639,122.1224889,223.2276541,232.5754938,69.31528055,36.28390601
1337936,169.4643984,109.91024,253.1728272,115.6658873,73.16612947,238.4370967
2911539,0,0,59.89034622,80.84174917,0,0
3096220,0,0,0,49.74876872,0,72.56781203
3101350,357.7581743,158.7592355,185.1156156,402.9650266,119.3763165,116.6268408
221066,0,73.27349331,65.33492315,69.64827621,0,85.52634989
1055487,0,61.06124443,0,13.6809114,0,54.42585902
137591,386.0022407,415.2164621,201.4493464,80.84174917,0,233.2536815
29507,131.8056432,164.86536,57.16805776,0,0,228.0702664
28080,254.1965975,286.9878488,32.66746157,26.11810358,0,139.9522089
1497,0,103.8041155,49.00119236,19.89950749,0,253.9873421
1755241,254.1965975,195.3959822,0,57.21108403,273.4102733,98.48488775
3065157,141.220332,79.37961776,49.00119236,17.41206905,0,121.8102559
1005962,0,97.69799109,46.2789039,22.38694592,96.27122299,233.2536815
2856523,207.1231535,170.9714844,32.66746157,21.14322671,0,168.4609922
2497456,112.9762656,0,38.1120385,27.36182279,0,186.6029452
111844,0,0,0,0,0,0
3133334,0,0,0,79.59802995,0,313.5966163
554880,0,0,65.33492315,28.60554201,38.5084892,51.83415145
2929803,263.6112863,195.3959822,171.5041733,74.62315308,177.1390503,212.5200209
76761,0,0,157.8927309,80.84174917,0,95.89318018
1312072,0,109.91024,133.3921348,75.86687229,0,266.94588
3126507,160.0497096,91.59186664,43.55661543,43.53017263,0,0
3045158,141.220332,109.91024,54.44576929,67.16083777,0,313.5966163
80850,0,0,29.94517311,0,0,0
2486578,103.5615768,164.86536,76.22407701,38.55529576,0,85.52634989
2878915,0,0,0,16.16834983,0,44.05902873
167642,329.5141079,244.2449777,95.28009626,22.38694592,0,163.2775771
2792977,0,0,0,0,0,181.4195301
2602015,94.14688797,122.1224889,732.295597,273.6182279,92.42037407,0
29575,320.0994191,293.0939733,54.44576929,18.65578827,0,163.2775771
401619,0,0,0,0,0,46.6507363
435897,489.5638175,366.3674666,234.116808,282.3242625,92.42037407,137.3605013
1751286,169.4643984,170.9714844,462.789039,121.8844834,73.16612947,147.7273316
1983719,103.5615768,219.8204799,89.83551933,22.38694592,0,228.0702664
454,131.8056432,134.3347377,51.72348083,32.33669967,0,155.5024543
182710,131.8056432,170.9714844,117.058404,52.23620715,0,186.6029452
208224,0,0,645.1823661,359.434854,265.7085755,425.0400419
221027,0,0,0,0,0,101.0765953
384636,320.0994191,366.3674666,136.1144232,37.31157654,0,194.3780679
2593672,0,97.69799109,40.83432697,21.14322671,0,142.5439165
204042,0,250.3511022,122.5029809,87.06034526,0,90.70976504
312277,112.9762656,116.0163644,59.89034622,58.45480324,377.3831941,132.1770862
2305508,178.8790872,158.7592355,68.05721161,36.06785732,0,124.4019635
2169540,0,0,54.44576929,0,0,95.89318018
2831780,0,73.27349331,163.3373079,146.7588677,523.7154531,0
216934,0,0,43.55661543,0,0,233.2536815
3420668,122.3909544,170.9714844,111.613827,47.26133028,92.42037407,189.1946528
703,0,0,114.3361155,101.9849759,0,101.0765953
1031542,197.7084647,183.1837333,0,0,0,129.5853786
2038411,169.4643984,146.5469866,136.1144232,64.67339933,0,33.69219844
1499683,112.9762656,109.91024,59.89034622,24.87438436,0,295.4546633
386487,112.9762656,195.3959822,0,17.41206905,0,160.6858695
3036126,273.0259751,268.6694755,51.72348083,23.63066514,161.7356546,129.5853786
2487064,169.4643984,103.8041155,122.5029809,68.40455699,0,202.1531907
3238630,0,158.7592355,0,49.74876872,0,0
3109030,0,0,40.83432697,21.14322671,0,80.34293475
1933929,0,256.4572266,381.120385,141.7839908,0,147.7273316
2672570,169.4643984,158.7592355,0,0,0,132.1770862
1935204,141.220332,195.3959822,95.28009626,37.31157654,38.5084892,98.48488775
2107,0,0,62.61263469,23.63066514,0,191.7863604
29581,395.4169295,195.3959822,258.6174041,164.1709368,0,129.5853786
47478,291.8553527,201.5021066,144.2812886,103.2286951,69.31528055,54.42585902
180957,0,0,127.9475578,148.0025869,0,331.7385693
1608473,122.3909544,158.7592355,0,0,0,54.42585902
2907205,263.6112863,225.9266044,117.058404,49.74876872,0,77.75122717
538381,338.9287967,140.4408622,999.0798665,486.2942142,115.5254676,0
150055,0,0,0,0,0,88.11805746
1616788,0,0,65.33492315,26.11810358,0,88.11805746
3394321,0,0,40.83432697,74.62315308,0,0
2862509,197.7084647,262.563351,92.5578078,70.89199542,0,277.3127103
1014,0,0,0,0,0,114.0351332
2267264,0,79.37961776,40.83432697,139.2965524,0,111.4434256
2975666,0,0,0,0,0,476.8741933
1302,0,0,73.50178854,461.4198299,142.48141,126.9936711
2809031,122.3909544,360.2613421,81.66865394,31.09298045,65.46443163,111.4434256
1795355,0,79.37961776,54.44576929,62.1859609,0,77.75122717
2109558,225.9525311,122.1224889,27.22288465,32.33669967,0,139.9522089
2875540,178.8790872,164.86536,87.11323087,33.58041888,0,256.5790497
221345,244.7819087,201.5021066,196.0047694,60.94224168,173.2882014,0
1882682,0,91.59186664,166.0595963,156.7086215,69.31528055,54.42585902
2778065,1026.201079,787.6900531,476.4004813,182.826725,0,0
3136677,367.1728631,348.0490932,62.61263469,0,0,106.2600105
1620392,0,91.59186664,0,64.67339933,0,0
42444,197.7084647,140.4408622,441.0107313,723.8445848,130.9288633,0
1617967,0,0,46.2789039,54.72364559,46.21018704,0
1623,0,79.37961776,81.66865394,18.65578827,0,139.9522089
137816,0,79.37961776,408.3432697,128.1030794,0,253.9873421
3039392,103.5615768,91.59186664,0,0,0,186.6029452
3417654,0,67.16736887,35.38975004,18.65578827,0,98.48488775
476,244.7819087,134.3347377,46.2789039,38.55529576,0,228.0702664
2728022,94.14688797,164.86536,65.33492315,19.89950749,0,72.56781203
343403,122.3909544,116.0163644,81.66865394,131.8342371,0,220.2951437
1117707,94.14688797,103.8041155,0,21.14322671,0,228.0702664
762210,0,0,0,0,0,1798.645055
2946865,122.3909544,85.4857422,70.77950008,39.79901497,0,38.87561359
332158,0,0,51.72348083,54.72364559,61.61358271,0
2583805,0,0,87.11323087,63.42968012,0,194.3780679
59610,244.7819087,244.2449777,84.3909424,44.77389185,0,44.05902873
2605989,348.3434855,219.8204799,187.8379041,245.0126859,130.9288633,191.7863604
2045,291.8553527,390.7919643,264.0619811,399.233869,177.1390503,44.05902873
1940789,0,0,0,0,0,173.6444074
2563664,0,0,0,0,0,243.6205118
1961,0,116.0163644,247.7282503,200.2387941,119.3763165,0
2746225,282.4406639,225.9266044,78.94636547,28.60554201,165.5865035,155.5024543
1402,0,0,528.1239621,310.9298045,0,292.8629557
873191,0,0,68.05721161,0,0,98.48488775
3132260,169.4643984,183.1837333,0,17.41206905,0,189.1946528
3153519,141.220332,195.3959822,141.5590002,123.1282026,0,82.93464232
1124835,131.8056432,103.8041155,54.44576929,26.11810358,57.76273379,253.9873421
2885633,150.6350208,140.4408622,49.00119236,57.21108403,0,0
2482728,433.0756847,378.5797155,198.7270579,58.45480324,38.5084892,261.7624648
3423948,141.220332,225.9266044,0,18.65578827,0,549.4420054
1784713,94.14688797,116.0163644,405.6209812,151.7337446,0,160.6858695
2681549,0,0,141.5590002,103.2286951,0,0
1702097,0,0,0,0,0,51.83415145
3135773,0,85.4857422,0,59.69852246,219.4983884,72.56781203
47951,386.0022407,396.8980888,125.2252694,41.04273419,0,173.6444074
2202148,0,122.1224889,1050.803347,253.7187205,96.27122299,36.28390601
136073,273.0259751,170.9714844,386.564962,92.03522213,157.8848057,111.4434256
320324,357.7581743,409.1103377,160.6150194,92.03522213,0,243.6205118
2322,0,85.4857422,29.94517311,17.41206905,0,124.4019635
1926,1647.57054,1172.375893,637.0155007,238.7940898,0,0
78331,0,0,130.6698463,49.74876872,127.0780143,168.4609922
37734,423.6609959,378.5797155,144.2812886,90.79150291,0,168.4609922
2708346,0,0,0,29.84926123,0,300.6380784
134537,254.1965975,128.2286133,111.613827,150.4900254,107.8237698,0
363952,0,311.4123466,130.6698463,169.1458136,84.71867623,38.87561359
2970906,0,335.8368444,857.5208663,264.9121934,134.7797122,38.87561359
3404064,94.14688797,79.37961776,38.1120385,14.92463062,0,158.0941619
1737490,188.2937759,207.6082311,0,34.8241381,0,316.1883238
375,0,268.6694755,201.4493464,252.4750012,377.3831941,160.6858695
1703338,0,0,0,22.38694592,0,0
142864,0,0,568.9582891,93.27894135,134.7797122,160.6858695
1190813,0,0,0,0,0,119.2185483
67824,0,0,89.83551933,94.52266056,0,31.10049087
1184,263.6112863,128.2286133,525.4016737,140.5402716,0,0
1589,0,0,76.22407701,44.77389185,0,111.4434256
1442558,348.3434855,183.1837333,247.7282503,75.86687229,150.1831079,0
3298609,150.6350208,128.2286133,62.61263469,27.36182279,0,287.6795405
3034016,0,0,0,0,0,0
1115758,282.4406639,329.7307199,51.72348083,17.41206905,0,126.9936711
280147,0,0,0,18.65578827,0,365.4307677
1917485,0,201.5021066,386.564962,946.4703249,265.7085755,0
2583814,0,79.37961776,73.50178854,80.84174917,0,129.5853786
2421,263.6112863,183.1837333,0,0,0,41.46732116
216946,0,67.16736887,38.1120385,0,0,147.7273316
538966,160.0497096,293.0939733,68.05721161,46.01761106,0,124.4019635
3093870,225.9525311,146.5469866,32.66746157,53.47992637,0,184.0112376
656519,160.0497096,79.37961776,35.38975004,12.43719218,0,155.5024543
143361,0,0,0,0,57.76273379,212.5200209
2840469,141.220332,134.3347377,351.1752119,330.829312,473.6544171,155.5024543
92172,169.4643984,128.2286133,54.44576929,28.60554201,0,54.42585902
554,461.3197511,354.1552177,89.83551933,75.86687229,0,246.2122194
3442644,225.9525311,201.5021066,46.2789039,80.84174917,0,80.34293475
2954672,103.5615768,85.4857422,87.11323087,24.87438436,0,75.1595196
3003262,131.8056432,79.37961776,65.33492315,63.42968012,0,111.4434256
67581,470.7344399,348.0490932,168.7818848,129.3467987,0,69.97610446
3035696,150.6350208,195.3959822,732.295597,80.84174917,0,0
2917790,112.9762656,85.4857422,100.7246732,39.79901497,0,114.0351332
3234142,0,0,89.83551933,39.79901497,0,0
882626,94.14688797,103.8041155,95.28009626,49.74876872,0,235.8453891
1582439,169.4643984,0,0,0,0,62.20098174
3231488,188.2937759,164.86536,57.16805776,14.92463062,42.35933812,184.0112376
158847,0,128.2286133,32.66746157,23.63066514,0,209.9283134
2666025,0,0,40.83432697,39.79901497,73.16612947,75.1595196
54910,0,0,0,0,0,101.0765953
61645,0,0,255.8951157,258.6935973,0,230.6619739
3350173,0,0,81.66865394,28.60554201,0,28.5087833
146017,0,0,38.1120385,34.8241381,53.91188488,49.24244388
29495,0,79.37961776,0,54.72364559,0,36.28390601
51365,0,0,0,0,0,54.42585902
1564138,103.5615768,158.7592355,73.50178854,41.04273419,0,44.05902873
2601894,197.7084647,134.3347377,81.66865394,542.261579,0,33.69219844
51101,320.0994191,170.9714844,0,0,0,233.2536815
2692425,131.8056432,85.4857422,141.5590002,44.77389185,0,41.46732116
1309,103.5615768,250.3511022,204.1716348,59.69852246,0,282.4961254
1348114,0,97.69799109,0,24.87438436,0,111.4434256
1338,0,0,0,0,0,132.1770862
3450747,0,134.3347377,51.72348083,17.41206905,0,243.6205118
61624,0,0,89.83551933,59.69852246,57.76273379,178.8278225
2840371,0,0,0,24.87438436,0,171.0526998
2781243,160.0497096,140.4408622,65.33492315,33.58041888,0,178.8278225
2552945,178.8790872,122.1224889,103.4469617,55.96736481,0,150.3190392
38286,0,0,0,28.60554201,219.4983884,0
40543,103.5615768,109.91024,0,0,0,85.52634989
2024842,216.5378423,177.0776088,683.2944046,381.8217999,473.6544171,0
5661,0,427.428711,435.5661543,0,0,251.3956345
631,489.5638175,348.0490932,0,0,0,0
156976,0,0,0,21.14322671,0,0
2839759,0,0,0,0,0,0
3415987,207.1231535,177.0776088,62.61263469,41.04273419,0,124.4019635
1263979,103.5615768,195.3959822,76.22407701,31.09298045,0,95.89318018
2939494,0,195.3959822,0,0,0,57.01756659
3060017,122.3909544,91.59186664,38.1120385,21.14322671,119.3763165,121.8102559
2962693,131.8056432,134.3347377,43.55661543,0,0,145.1356241
1325095,0,0,43.55661543,101.9849759,154.0339568,0
271097,150.6350208,177.0776088,65.33492315,39.79901497,0,209.9283134
38027,0,67.16736887,0,26.11810358,0,323.9634466
2975872,0,0,0,0,0,0
29382,225.9525311,183.1837333,117.058404,53.47992637,0,228.0702664
1324350,207.1231535,164.86536,35.38975004,24.87438436,0,108.851718
633,0,0,0,0,0,129.5853786
1202712,235.3672199,170.9714844,147.0035771,54.72364559,0,253.9873421
2774747,0,0,111.613827,49.74876872,0,64.79268931
866807,273.0259751,164.86536,84.3909424,33.58041888,0,233.2536815
2915619,112.9762656,140.4408622,54.44576929,332.0730312,69.31528055,171.0526998
3143118,178.8790872,299.2000977,87.11323087,38.55529576,0,248.803927
550542,414.2463071,580.0818221,119.7806924,72.13571464,0,0
1583,160.0497096,152.6531111,87.11323087,18.65578827,0,145.1356241
1883156,160.0497096,183.1837333,127.9475578,180.3392866,0,246.2122194
2528011,273.0259751,152.6531111,236.8390964,731.3069002,69.31528055,59.60927417
1462994,0,0,0,0,0,0
312539,263.6112863,311.4123466,84.3909424,47.26133028,0,313.5966163
2662364,0,67.16736887,62.61263469,46.01761106,300.3662157,41.46732116
266748,555.4666391,409.1103377,35.38975004,22.38694592,0,121.8102559
160453,112.9762656,79.37961776,62.61263469,31.09298045,0,85.52634989
2564040,112.9762656,158.7592355,51.72348083,23.63066514,0,241.0288042
1529,0,79.37961776,136.1144232,41.04273419,0,160.6858695
77022,0,0,166.0595963,73.37943386,0,202.1531907
2871165,0,0,0,0,0,129.5853786
643214,207.1231535,164.86536,206.8939233,44.77389185,0,238.4370967
2742195,0,0,43.55661543,0,0,422.4483343
1920034,0,73.27349331,0,39.79901497,234.9017841,165.8692846
187145,0,170.9714844,59.89034622,24.87438436,0,155.5024543
40520,386.0022407,244.2449777,40.83432697,26.11810358,0,134.7687938
292566,0,0,313.0631734,118.1533257,96.27122299,69.97610446
2609667,1760.546805,0,152.448154,223.8694592,215.6475395,33.69219844
3137178,433.0756847,555.6573243,138.8367117,39.79901497,0,163.2775771
2963431,0,0,0,52.23620715,0,0
5663,197.7084647,305.3062221,51.72348083,32.33669967,0,256.5790497
147322,0,0,737.7401739,161.6834983,0,145.1356241
65093,122.3909544,0,451.8998851,157.9523407,111.6746187,248.803927
106649,301.2700415,232.0327288,81.66865394,31.09298045,0,261.7624648
506591,0,103.8041155,264.0619811,573.3545595,157.8848057,72.56781203
2587855,329.5141079,0,315.7854619,669.1209393,261.8577265,0
2507161,122.3909544,250.3511022,100.7246732,36.06785732,0,147.7273316
1905730,207.1231535,152.6531111,35.38975004,23.63066514,142.48141,80.34293475
115808,753.1751038,573.9756976,209.6162118,175.3644097,365.8306474,0
2806205,706.1016598,628.9308176,111.613827,52.23620715,0,173.6444074
591197,112.9762656,158.7592355,100.7246732,44.77389185,0,225.4785588
2686361,0,109.91024,49.00119236,38.55529576,0,334.3302768
2703789,0,67.16736887,0,19.89950749,0,121.8102559
482564,112.9762656,103.8041155,212.3385002,111.9347296,61.61358271,116.6268408
3003260,122.3909544,152.6531111,54.44576929,37.31157654,0,215.1117285
2740837,0,0,615.237193,73.37943386,0,111.4434256
162156,0,0,117.058404,28.60554201,0,158.0941619
40216,0,0,0,0,65.46443163,176.2361149
1600,527.2225727,457.9593332,62.61263469,36.06785732,0,77.75122717
3039153,112.9762656,0,106.1692501,119.3970449,358.1289495,33.69219844
2930219,103.5615768,109.91024,81.66865394,12.43719218,0,121.8102559
2763023,0,0,0,0,0,795.6542247
3160967,0,85.4857422,0,0,0,121.8102559
519472,0,183.1837333,89.83551933,39.79901497,0,126.9936711
2843630,0,0,0,0,0,450.9571176
946333,235.3672199,183.1837333,280.3957119,354.4599771,369.6814963,0
3025190,0,0,182.3933271,78.35431073,0,46.6507363
718,0,0,217.7830772,85.81662604,0,292.8629557
1050646,301.2700415,268.6694755,73.50178854,88.30406447,211.7966906,0
1816219,0,0,0,23.63066514,0,220.2951437
3036714,0,0,0,0,0,62.20098174
1761453,508.3931951,445.7470843,163.3373079,268.6433511,157.8848057,129.5853786
1912064,0,0,0,0,0,137.3605013
1353,0,0,144.2812886,0,0,300.6380784
487316,414.2463071,506.8083288,160.6150194,97.010099,0,171.0526998
1513297,141.220332,183.1837333,51.72348083,38.55529576,73.16612947,85.52634989
3447508,0,0,40.83432697,82.08546838,61.61358271,0
3040203,0,85.4857422,92.5578078,65.91711855,0,0
392416,0,0,0,16.16834983,0,62.20098174
1287055,320.0994191,207.6082311,40.83432697,14.92463062,46.21018704,191.7863604
270918,197.7084647,219.8204799,122.5029809,89.54778369,0,67.38439688
43,169.4643984,164.86536,185.1156156,319.635839,146.3322589,171.0526998
392734,0,0,46.2789039,67.16083777,0,82.93464232
2929799,0,79.37961776,70.77950008,16.16834983,0,137.3605013
1580596,0,0,193.282481,401.7213074,0,88.11805746
2909339,0,128.2286133,40.83432697,39.79901497,84.71867623,311.0049087
171281,188.2937759,170.9714844,68.05721161,13.6809114,0,108.851718
2896848,357.7581743,195.3959822,402.8986928,208.9448286,77.01697839,28.5087833
2602016,178.8790872,134.3347377,718.6841546,333.3167504,134.7797122,0
2986837,0,0,40.83432697,32.33669967,0,95.89318018
1685010,197.7084647,146.5469866,51.72348083,18.65578827,0,373.2058904
3395267,0,0,89.83551933,106.9598527,0,129.5853786
2824673,0,67.16736887,27.22288465,12.43719218,0,49.24244388
689,291.8553527,170.9714844,225.9499426,100.7412567,0,215.1117285
528191,0,0,0,0,0,0
2954055,0,0,0,0,0,0
2779360,338.9287967,293.0939733,157.8927309,149.2463062,0,171.0526998
2706887,291.8553527,262.563351,92.5578078,47.26133028,57.76273379,69.97610446
336820,216.5378423,244.2449777,59.89034622,34.8241381,42.35933812,391.3478434
39960,169.4643984,79.37961776,114.3361155,253.7187205,0,0
331648,141.220332,67.16736887,78.94636547,64.67339933,0,80.34293475
208223,0,91.59186664,87.11323087,100.7412567,50.06103596,160.6858695
2099788,0,0,0,0,0,0
755731,225.9525311,238.1388533,43.55661543,24.87438436,0,106.2600105
2547451,169.4643984,73.27349331,906.5220587,113.1784488,103.9729208,173.6444074
252514,94.14688797,0,43.55661543,54.72364559,0,111.4434256
3379707,0,91.59186664,68.05721161,47.26133028,0,101.0765953
3043332,0,152.6531111,40.83432697,0,0,0
984991,0,0,35.38975004,0,0,0
2714940,0,0,89.83551933,57.21108403,0,321.371739
105841,0,0,32.66746157,14.92463062,292.6645179,31.10049087
1325112,0,0,147.0035771,109.4472912,350.4272517,0
2067992,0,116.0163644,122.5029809,210.1885478,46.21018704,0
1019,0,152.6531111,190.5601925,103.2286951,88.56952515,150.3190392
2769491,0,0,87.11323087,93.27894135,0,54.42585902
1879049,0,0,46.2789039,83.3291876,3011.363855,62.20098174
2065378,150.6350208,0,321.2300388,291.030297,77.01697839,51.83415145
179636,0,219.8204799,359.3420773,956.4200786,146.3322589,41.46732116
1340,0,61.06124443,32.66746157,0,0,85.52634989
2745198,0,0,0,0,0,0
122,301.2700415,274.7755999,122.5029809,139.2965524,80.86782731,126.9936711
397260,329.5141079,225.9266044,571.6805776,495.0002487,100.1220719,62.20098174
1008307,169.4643984,85.4857422,59.89034622,90.79150291,50.06103596,0
2572594,0,0,87.11323087,38.55529576,0,54.42585902
279359,197.7084647,103.8041155,29.94517311,32.33669967,0,391.3478434
478,0,79.37961776,0,0,0,0
3132284,141.220332,97.69799109,59.89034622,27.36182279,0,152.9107468
151783,225.9525311,201.5021066,125.2252694,194.020198,0,36.28390601
1756150,0,85.4857422,0,17.41206905,0,139.9522089
1884634,0,0,0,0,0,0
2652177,367.1728631,305.3062221,46.2789039,19.89950749,0,69.97610446
2898149,122.3909544,109.91024,201.4493464,205.213671,211.7966906,114.0351332
152480,178.8790872,152.6531111,117.058404,180.3392866,84.71867623,111.4434256
2605694,310.6847303,0,89.83551933,538.5304214,419.7425322,38.87561359
645,131.8056432,0,217.7830772,2292.174519,69.31528055,38.87561359
1292,141.220332,134.3347377,89.83551933,161.6834983,215.6475395,184.0112376
2528010,141.220332,85.4857422,187.8379041,431.5705686,319.6204603,33.69219844
1930275,160.0497096,61.06124443,168.7818848,236.3066514,173.2882014,0
3442641,112.9762656,97.69799109,84.3909424,70.89199542,0,46.6507363
2865839,0,0,138.8367117,85.81662604,73.16612947,0
2011099,0,122.1224889,68.05721161,27.36182279,0,80.34293475
2857064,0,0,0,36.06785732,0,0
2799564,0,0,119.7806924,0,0,274.7210027
1715806,273.0259751,170.9714844,62.61263469,22.38694592,0,114.0351332
2286,0,0,0,0,0,101.0765953
293371,160.0497096,116.0163644,65.33492315,34.8241381,0,142.5439165
1176239,103.5615768,0,54.44576929,22.38694592,0,108.851718
2751313,0,0,0,0,69.31528055,199.5614831
2493676,0,0,166.0595963,84.57290682,0,0
2992805,0,0,0,0,0,0
1776384,178.8790872,97.69799109,70.77950008,19.89950749,0,31.10049087
1844999,0,0,40.83432697,16.16834983,681.6002588,165.8692846
2754694,0,103.8041155,38.1120385,0,0,126.9936711
3051176,0,0,43.55661543,33.58041888,0,222.8868512
2782654,0,0,98.00238472,101.9849759,473.6544171,46.6507363
1888915,197.7084647,244.2449777,38.1120385,47.26133028,0,90.70976504
3415670,0,0,0,28.60554201,0,64.79268931
168169,0,103.8041155,32.66746157,0,0,0
2098,160.0497096,140.4408622,266.7842695,89.54778369,0,103.6683029
281120,122.3909544,152.6531111,38.1120385,16.16834983,0,67.38439688
3404051,122.3909544,158.7592355,68.05721161,38.55529576,0,119.2185483
387638,0,0,57.16805776,53.47992637,0,114.0351332
3015168,94.14688797,152.6531111,103.4469617,52.23620715,0,321.371739
198467,0,0,136.1144232,0,0,41.46732116
1542390,150.6350208,195.3959822,125.2252694,47.26133028,0,207.3366058
94,131.8056432,244.2449777,680.5721161,332.0730312,196.3932949,0
914153,423.6609959,0,32.66746157,89.54778369,0,77.75122717
69656,0,0,0,0,0,191.7863604
651,207.1231535,146.5469866,84.3909424,297.2488931,65.46443163,207.3366058
3238594,0,158.7592355,108.8915386,17.41206905,0,253.9873421
1940281,0,97.69799109,413.7878466,426.5956918,130.9288633,49.24244388
1914871,0,158.7592355,441.0107313,254.9624397,0,233.2536815
3230999,0,67.16736887,46.2789039,14.92463062,0,150.3190392
1824,367.1728631,329.7307199,340.2860581,378.0906423,127.0780143,33.69219844
94625,244.7819087,238.1388533,187.8379041,134.3216755,88.56952515,46.6507363
2420510,0,0,0,27.36182279,0,191.7863604
29347,94.14688797,79.37961776,157.8927309,59.69852246,0,194.3780679
2004463,0,0,0,0,0,0
2872157,207.1231535,103.8041155,138.8367117,62.1859609,0,134.7687938
1401,225.9525311,195.3959822,310.340885,148.0025869,0,132.1770862
308053,197.7084647,195.3959822,35.38975004,27.36182279,38.5084892,168.4609922
2803181,207.1231535,183.1837333,117.058404,32.33669967,0,194.3780679
2599308,197.7084647,219.8204799,95.28009626,23.63066514,0,155.5024543
2875962,131.8056432,152.6531111,59.89034622,33.58041888,0,44.05902873
75105,112.9762656,122.1224889,157.8927309,150.4900254,80.86782731,72.56781203
214473,216.5378423,268.6694755,122.5029809,26.11810358,0,406.8980889
3386644,103.5615768,134.3347377,119.7806924,37.31157654,0,196.9697755
44012,235.3672199,109.91024,138.8367117,101.9849759,50.06103596,279.9044178
1115757,0,61.06124443,1568.038156,99.49753744,0,25.91707572
2886046,1280.397676,122.1224889,106.1692501,206.4573902,0,49.24244388
51665,160.0497096,109.91024,70.77950008,32.33669967,0,222.8868512
718192,169.4643984,152.6531111,38.1120385,16.16834983,0,67.38439688
2696063,254.1965975,250.3511022,59.89034622,24.87438436,0,181.4195301
87883,141.220332,0,304.896308,339.5353465,127.0780143,194.3780679
1619308,0,0,59.89034622,79.59802995,0,0
466153,112.9762656,122.1224889,136.1144232,166.6583752,77.01697839,0
1241982,320.0994191,274.7755999,51.72348083,31.09298045,0,199.5614831
2609844,0,354.1552177,348.4529235,138.0528332,512.1629063,215.1117285
2683967,0,61.06124443,51.72348083,21.14322671,130.9288633,33.69219844
2969821,0,67.16736887,57.16805776,19.89950749,0,57.01756659
88431,207.1231535,146.5469866,0,0,96.27122299,155.5024543
3350098,0,0,89.83551933,274.8619472,0,0
2184521,141.220332,109.91024,70.77950008,72.13571464,0,121.8102559
1581557,0,0,127.9475578,44.77389185,0,207.3366058
52133,103.5615768,293.0939733,332.1191927,170.3895329,0,93.30147261
731,103.5615768,122.1224889,108.8915386,79.59802995,0,155.5024543
1442553,263.6112863,201.5021066,141.5590002,58.45480324,130.9288633,77.75122717
2954046,0,0,0,0,0,0
3445778,0,146.5469866,98.00238472,28.60554201,0,108.851718
850,169.4643984,116.0163644,29.94517311,0,0,147.7273316
59600,150.6350208,91.59186664,87.11323087,79.59802995,107.8237698,173.6444074
49319,0,201.5021066,54.44576929,119.3970449,84.71867623,0
984,169.4643984,262.563351,51.72348083,27.36182279,0,59.60927417
3073563,94.14688797,158.7592355,0,18.65578827,0,95.89318018
29519,574.2960166,439.6409599,0,0,0,93.30147261
2100,546.0519503,628.9308176,296.7294426,114.4221681,42.35933812,54.42585902
1638,103.5615768,85.4857422,0,13.6809114,77.01697839,318.7800314
351614,207.1231535,207.6082311,141.5590002,37.31157654,84.71867623,269.5375875
2936682,178.8790872,103.8041155,65.33492315,14.92463062,0,155.5024543
108981,0,91.59186664,65.33492315,53.47992637,0,230.6619739
2916755,197.7084647,122.1224889,125.2252694,49.74876872,0,116.6268408
563996,433.0756847,415.2164621,620.6817699,625.5907666,227.2000863,0
2781961,150.6350208,158.7592355,127.9475578,74.62315308,88.56952515,178.8278225
1486034,188.2937759,311.4123466,38.1120385,57.21108403,0,124.4019635
2731377,0,0,0,0,0,285.087833
198,254.1965975,250.3511022,92.5578078,26.11810358,0,194.3780679
1461582,0,225.9266044,100.7246732,0,0,62.20098174
83219,103.5615768,103.8041155,130.6698463,650.465151,612.2849782,36.28390601
338192,442.4903735,79.37961776,40.83432697,27.36182279,0,0
709868,0,0,144.2812886,85.81662604,130.9288633,0
255247,178.8790872,207.6082311,54.44576929,26.11810358,0,238.4370967
578920,0,0,141.5590002,161.6834983,585.3290358,41.46732116
1960881,169.4643984,97.69799109,70.77950008,55.96736481,0,51.83415145
243629,122.3909544,244.2449777,239.5613849,175.3644097,38.5084892,25.91707572
2723088,0,0,0,22.38694592,0,64.79268931
2802641,0,116.0163644,204.1716348,159.1960599,88.56952515,0
13690,254.1965975,0,498.178789,562.1610865,0,0
2048654,386.0022407,305.3062221,89.83551933,26.11810358,0,458.7322403
60137,414.2463071,360.2613421,432.8438659,748.7189692,0,0
2775159,0,0,0,26.11810358,0,101.0765953
359370,0,73.27349331,0,43.53017263,0,163.2775771
1178825,0,134.3347377,73.50178854,103.2286951,0,121.8102559
1761016,0,0,81.66865394,83.3291876,80.86782731,67.38439688
3035452,0,0,0,0,0,0
1501269,847.3219918,787.6900531,78.94636547,53.47992637,0,168.4609922
1266052,131.8056432,177.0776088,92.5578078,39.79901497,0,163.2775771
221350,178.8790872,122.1224889,84.3909424,79.59802995,177.1390503,0
1111760,0,0,27.22288465,0,562.2239423,0
2820661,103.5615768,158.7592355,35.38975004,42.28645341,0,121.8102559
2746230,0,0,54.44576929,23.63066514,0,471.6907782
53413,169.4643984,225.9266044,103.4469617,161.6834983,0,111.4434256
1176482,160.0497096,170.9714844,0,0,0,0
3039159,0,0,190.5601925,167.9020944,465.9527193,49.24244388
3035694,141.220332,225.9266044,59.89034622,18.65578827,0,189.1946528
254955,0,0,108.8915386,221.3820208,0,217.7034361
3237103,141.220332,109.91024,43.55661543,17.41206905,42.35933812,287.6795405
2715164,150.6350208,0,40.83432697,22.38694592,0,98.48488775
40576,0,103.8041155,70.77950008,27.36182279,234.9017841,142.5439165
659350,517.8078839,207.6082311,345.730635,1416.596189,53.91188488,0
2745199,0,0,65.33492315,100.7412567,0,160.6858695
1534743,480.1491287,238.1388533,38.1120385,21.14322671,0,0
55206,0,0,89.83551933,33.58041888,0,44.05902873
2895286,216.5378423,238.1388533,198.7270579,55.96736481,0,85.52634989
54005,169.4643984,158.7592355,51.72348083,64.67339933,119.3763165,114.0351332
1914963,112.9762656,409.1103377,348.4529235,211.4322671,0,98.48488775
3418997,244.7819087,280.8817244,402.8986928,109.4472912,80.86782731,129.5853786
1166,338.9287967,311.4123466,715.9618662,181.5830058,0,145.1356241
960,386.0022407,299.2000977,160.6150194,72.13571464,0,101.0765953
3039158,0,0,59.89034622,126.8593602,535.2679998,0
574710,150.6350208,116.0163644,32.66746157,65.91711855,0,126.9936711
3140251,188.2937759,262.563351,54.44576929,33.58041888,0,160.6858695
3026967,0,0,0,0,0,111.4434256
76258,0,238.1388533,0,36.06785732,0,85.52634989
382,433.0756847,244.2449777,405.6209812,261.1810358,196.3932949,114.0351332
2903866,0,0,0,0,0,0
2806552,0,61.06124443,0,0,0,0
46124,254.1965975,219.8204799,92.5578078,118.1533257,130.9288633,101.0765953
1538644,753.1751038,531.2328265,253.1728272,109.4472912,0,82.93464232
201828,310.6847303,219.8204799,65.33492315,22.38694592,0,95.89318018
3374194,0,73.27349331,68.05721161,19.89950749,0,41.46732116
313598,0,0,51.72348083,38.55529576,0,181.4195301
3133282,0,85.4857422,144.2812886,222.62574,53.91188488,0
2979115,169.4643984,122.1224889,32.66746157,154.221183,0,0
1514074,0,0,0,0,0,0
56426,0,0,0,0,0,75.1595196
2844358,94.14688797,67.16736887,0,0,0,38.87561359
3375704,367.1728631,195.3959822,0,0,0,101.0765953
220684,197.7084647,232.0327288,100.7246732,47.26133028,50.06103596,95.89318018
1566358,386.0022407,280.8817244,59.89034622,18.65578827,0,142.5439165
674,0,0,57.16805776,37.31157654,0,121.8102559
2303332,131.8056432,146.5469866,106.1692501,92.03522213,0,75.1595196
1679721,0,0,125.2252694,29.84926123,0,139.9522089
48074,0,61.06124443,95.28009626,105.7161335,0,51.83415145
497724,0,0,0,0,0,41.46732116
3415673,0,0,103.4469617,128.1030794,573.776489,54.42585902
1112103,0,0,326.6746157,77.11059151,0,95.89318018
1903056,207.1231535,170.9714844,0,0,0,165.8692846
2854389,0,85.4857422,315.7854619,329.5855928,234.9017841,28.5087833
1710,263.6112863,0,176.9487502,344.5102234,123.2271654,0
1054034,207.1231535,311.4123466,155.1704425,38.55529576,50.06103596,215.1117285
1714840,150.6350208,177.0776088,182.3933271,53.47992637,0,256.5790497
1612,0,0,78.94636547,37.31157654,0,139.9522089
5671,790.833859,323.6245955,0,145.5151485,258.0068776,264.3541724
2704463,94.14688797,85.4857422,43.55661543,19.89950749,46.21018704,145.1356241
91604,508.3931951,726.6288087,160.6150194,38.55529576,0,33.69219844
1749036,103.5615768,134.3347377,84.3909424,46.01761106,0,95.89318018
2003365,112.9762656,0,103.4469617,379.3343615,73.16612947,0
1980674,0,0,0,0,0,1148.126455
3400631,0,0,54.44576929,49.74876872,0,308.4132011
155085,367.1728631,354.1552177,68.05721161,57.21108403,0,165.8692846
409322,0,0,46.2789039,13.6809114,0,181.4195301
3410791,0,0,46.2789039,538.5304214,0,126.9936711
2520506,150.6350208,146.5469866,84.3909424,52.23620715,173.2882014,155.5024543
188932,0,85.4857422,57.16805776,17.41206905,0,108.851718
77007,112.9762656,97.69799109,68.05721161,130.5905179,0,25.91707572
3391574,0,85.4857422,0,75.86687229,0,124.4019635
2763672,0,73.27349331,0,0,0,0
1310418,150.6350208,152.6531111,68.05721161,0,0,355.0639374
1965571,0,73.27349331,51.72348083,12.43719218,53.91188488,132.1770862
374106,0,0,0,0,0,101.0765953
2029983,0,67.16736887,27.22288465,28.60554201,0,64.79268931
669041,0,0,73.50178854,47.26133028,0,75.1595196
2944914,0,61.06124443,0,24.87438436,0,243.6205118
2041044,131.8056432,164.86536,35.38975004,0,0,194.3780679
1618022,235.3672199,207.6082311,310.340885,82.08546838,69.31528055,181.4195301
1827580,0,0,100.7246732,125.615641,0,0
2507159,0,0,65.33492315,0,0,114.0351332
2991053,0,0,51.72348083,16.16834983,0,331.7385693
447588,207.1231535,232.0327288,291.2848657,151.7337446,0,0
3395317,0,0,0,29.84926123,0,0
3112958,0,85.4857422,0,18.65578827,0,300.6380784
2294119,282.4406639,244.2449777,160.6150194,58.45480324,0,124.4019635
2931922,0,103.8041155,117.058404,42.28645341,38.5084892,235.8453891
160699,235.3672199,195.3959822,171.5041733,144.2714293,0,28.5087833
1378299,150.6350208,207.6082311,65.33492315,19.89950749,0,160.6858695
2993456,0,0,0,0,0,69.97610446
954,0,79.37961776,130.6698463,32.33669967,0,0
3065649,103.5615768,134.3347377,65.33492315,26.11810358,0,103.6683029
76760,0,0,111.613827,60.94224168,0,75.1595196
2749807,0,0,0,0,0,520.9332221
2715212,169.4643984,238.1388533,73.50178854,37.31157654,0,103.6683029
33069,0,0,144.2812886,80.84174917,115.5254676,62.20098174
585423,0,0,0,18.65578827,974.2647767,31.10049087
435912,0,0,0,24.87438436,0,349.8805223
1660,0,0,57.16805776,252.4750012,238.752633,0
2590022,0,0,46.2789039,0,0,124.4019635
1193095,112.9762656,152.6531111,65.33492315,29.84926123,0,90.70976504
2735563,386.0022407,299.2000977,122.5029809,60.94224168,0,80.34293475
2880934,0,0,87.11323087,94.52266056,65.46443163,0
2123,0,0,0,0,0,51.83415145
2942204,0,0,43.55661543,0,0,90.70976504
114615,0,0,155.1704425,196.5076364,265.7085755,124.4019635
2291,0,79.37961776,78.94636547,38.55529576,0,59.60927417
46125,0,0,73.50178854,422.8645341,200.2441438,150.3190392
3132300,0,0,76.22407701,26.11810358,73.16612947,114.0351332
628,423.6609959,409.1103377,54.44576929,42.28645341,0,114.0351332
178399,0,0,46.2789039,34.8241381,69.31528055,129.5853786
83561,141.220332,158.7592355,0,17.41206905,0,46.6507363
3415265,0,0,62.61263469,34.8241381,0,75.1595196
2012495,244.7819087,140.4408622,81.66865394,18.65578827,0,132.1770862
2819096,150.6350208,0,38.1120385,34.8241381,0,116.6268408
868131,216.5378423,232.0327288,81.66865394,0,0,69.97610446
2015316,0,0,171.5041733,106.9598527,207.9458417,49.24244388
3133307,0,0,0,100.7412567,0,0
388950,150.6350208,244.2449777,35.38975004,43.53017263,662.3460142,121.8102559
2744479,461.3197511,164.86536,89.83551933,52.23620715,0,212.5200209
3137857,122.3909544,85.4857422,70.77950008,94.52266056,0,129.5853786
33039,0,146.5469866,59.89034622,22.38694592,0,225.4785588
104663,0,0,59.89034622,39.79901497,0,54.42585902
3079302,0,0,62.61263469,0,0,98.48488775
2042961,0,128.2286133,46.2789039,12.43719218,0,25.91707572
270351,338.9287967,201.5021066,421.954712,269.8870703,138.6305611,0
3093872,0,0,114.3361155,103.2286951,0,101.0765953
2686366,0,0,0,42.28645341,0,129.5853786
2115978,0,0,29.94517311,16.16834983,0,31.10049087
1276936,0,0,0,0,0,951.1566791
1354726,0,128.2286133,0,55.96736481,0,93.30147261
1925020,0,91.59186664,0,0,0,186.6029452
1609968,0,79.37961776,43.55661543,14.92463062,0,116.6268408
991904,122.3909544,109.91024,514.5125198,268.6433511,57.76273379,114.0351332
859144,160.0497096,85.4857422,54.44576929,26.11810358,0,46.6507363
3127471,0,0,108.8915386,70.89199542,0,124.4019635
1353147,160.0497096,122.1224889,98.00238472,126.8593602,57.76273379,0
39486,122.3909544,189.2898577,95.28009626,57.21108403,0,217.7034361
3023715,0,0,0,39.79901497,0,33.69219844
48,282.4406639,219.8204799,89.83551933,319.635839,469.8035682,152.9107468
2282849,0,61.06124443,43.55661543,22.38694592,0,108.851718
1506,188.2937759,152.6531111,68.05721161,18.65578827,0,95.89318018
1114861,273.0259751,293.0939733,81.66865394,49.74876872,0,158.0941619
1712261,131.8056432,0,1233.196674,284.8117009,65.46443163,0
2951803,0,0,49.00119236,22.38694592,720.108748,217.7034361
2836373,160.0497096,79.37961776,127.9475578,192.7764788,88.56952515,36.28390601
1642299,160.0497096,116.0163644,40.83432697,97.010099,0,0
1173025,0,0,977.3015588,101.9849759,0,59.60927417
650,348.3434855,378.5797155,157.8927309,79.59802995,65.46443163,241.0288042
1622,235.3672199,293.0939733,144.2812886,52.23620715,0,57.01756659
2906443,188.2937759,244.2449777,98.00238472,60.94224168,46.21018704,163.2775771
2980108,0,0,62.61263469,267.3996319,73.16612947,0
49338,94.14688797,134.3347377,0,18.65578827,0,132.1770862
138851,0,0,29.94517311,0,57.76273379,116.6268408
3066149,0,0,0,0,0,134.7687938
256326,0,73.27349331,29.94517311,16.16834983,0,46.6507363
574096,0,0,0,29.84926123,0,215.1117285
86106,197.7084647,256.4572266,49.00119236,18.65578827,0,196.9697755
889268,178.8790872,79.37961776,182.3933271,634.2968012,119.3763165,25.91707572
143223,0,67.16736887,54.44576929,46.01761106,0,101.0765953
191026,0,109.91024,163.3373079,68.40455699,1370.902215,129.5853786
220687,0,97.69799109,84.3909424,26.11810358,0,137.3605013
549298,150.6350208,170.9714844,0,0,0,38.87561359
715179,103.5615768,85.4857422,0,0,0,54.42585902
249567,0,97.69799109,296.7294426,226.3568977,92.42037407,160.6858695
3025668,536.6372615,317.518471,127.9475578,85.81662604,0,75.1595196
2426,0,79.37961776,29.94517311,84.57290682,0,93.30147261
3115292,0,0,0,13.6809114,0,41.46732116
2173,0,183.1837333,0,0,0,51.83415145
1076626,0,0,62.61263469,23.63066514,0,0
2820710,0,128.2286133,0,29.84926123,0,49.24244388
2937286,291.8553527,250.3511022,144.2812886,65.91711855,0,0
53461,141.220332,116.0163644,117.058404,73.37943386,61.61358271,0
35620,0,0,0,0,0,0
2218628,273.0259751,323.6245955,51.72348083,50.99248794,0,150.3190392
2803864,235.3672199,232.0327288,76.22407701,47.26133028,127.0780143,59.60927417
84377,0,122.1224889,46.2789039,0,0,158.0941619
359,263.6112863,329.7307199,323.9523273,308.4423661,77.01697839,217.7034361
2966453,178.8790872,109.91024,100.7246732,1226.307149,146.3322589,0
3415674,0,67.16736887,35.38975004,85.81662604,331.1730071,152.9107468
1715691,235.3672199,140.4408622,70.77950008,333.3167504,311.9187625,57.01756659
1239415,0,0,57.16805776,26.11810358,0,448.36541
281093,0,0,76.22407701,22.38694592,0,0
157268,0,0,0,0,0,69.97610446
1316596,141.220332,73.27349331,54.44576929,28.60554201,0,139.9522089
2746060,122.3909544,134.3347377,0,14.92463062,0,243.6205118
391953,0,0,149.7258656,172.8769713,50.06103596,28.5087833
2714948,103.5615768,116.0163644,0,0,0,0
89059,0,91.59186664,0,0,0,108.851718
2605946,131.8056432,0,353.8975004,723.8445848,123.2271654,0
2283194,0,0,40.83432697,0,0,88.11805746
48254,244.7819087,311.4123466,0,13.6809114,0,329.1468617
797291,677.8575934,659.4614398,242.2836733,139.2965524,0,80.34293475
2881234,0,0,54.44576929,185.3141635,46.21018704,0
3379128,0,109.91024,0,24.87438436,211.7966906,0
2739058,141.220332,134.3347377,27.22288465,24.87438436,0,46.6507363
139438,0,0,0,13.6809114,0,311.0049087
1729720,0,329.7307199,130.6698463,129.3467987,0,59.60927417
351672,0,0,84.3909424,33.58041888,42.35933812,0
1721091,197.7084647,140.4408622,76.22407701,31.09298045,0,165.8692846
1510,0,0,160.6150194,49.74876872,0,269.5375875
3151764,0,0,57.16805776,42.28645341,0,181.4195301
2686358,273.0259751,232.0327288,100.7246732,65.91711855,0,150.3190392
3079014,0,103.8041155,185.1156156,75.86687229,0,0
2909587,0,0,0,63.42968012,0,0
2120,122.3909544,85.4857422,62.61263469,0,0,404.3063813
57975,0,103.8041155,274.9511349,1465.101239,80.86782731,111.4434256
89184,131.8056432,67.16736887,198.7270579,682.8018507,180.9898992,0
85402,244.7819087,219.8204799,87.11323087,21.14322671,0,93.30147261
3415683,0,0,54.44576929,161.6834983,215.6475395,88.11805746
240139,0,0,0,22.38694592,0,57.01756659
3059777,0,0,43.55661543,14.92463062,0,101.0765953
132604,574.2960166,470.1715821,473.6781928,113.1784488,0,158.0941619
1481923,235.3672199,250.3511022,130.6698463,53.47992637,61.61358271,95.89318018
2591634,0,79.37961776,89.83551933,57.21108403,0,106.2600105
860,0,0,0,0,0,119.2185483
3241576,254.1965975,280.8817244,117.058404,115.6658873,130.9288633,103.6683029
2831148,282.4406639,170.9714844,100.7246732,106.9598527,0,59.60927417
2724150,197.7084647,91.59186664,51.72348083,16.16834983,0,194.3780679
1581038,0,0,32.66746157,13.6809114,0,147.7273316
682956,0,0,0,0,0,124.4019635
3016006,178.8790872,128.2286133,343.0083465,483.8067758,150.1831079,0
3070660,188.2937759,195.3959822,32.66746157,92.03522213,0,44.05902873
2026188,0,238.1388533,285.8402888,138.0528332,0,114.0351332
3120519,160.0497096,109.91024,76.22407701,28.60554201,0,82.93464232
488,0,0,0,115.6658873,281.1119711,62.20098174
714,0,0,57.16805776,21.14322671,0,121.8102559
1760811,0,73.27349331,65.33492315,38.55529576,0,59.60927417
1751056,291.8553527,262.563351,62.61263469,42.28645341,0,124.4019635
2789776,244.7819087,122.1224889,215.0607887,491.2690911,157.8848057,25.91707572
1789672,0,170.9714844,952.8009626,198.9950749,57.76273379,36.28390601
28118,0,0,76.22407701,31.09298045,0,64.79268931
3459125,131.8056432,146.5469866,119.7806924,60.94224168,0,31.10049087
118000,169.4643984,152.6531111,27.22288465,0,0,77.75122717
227086,122.3909544,470.1715821,78.94636547,43.53017263,150.1831079,0
3032586,291.8553527,152.6531111,119.7806924,108.203572,0,168.4609922
311180,244.7819087,109.91024,247.7282503,838.2667529,115.5254676,0
2057025,301.2700415,286.9878488,57.16805776,48.5050495,127.0780143,88.11805746
388408,0,0,397.4541158,195.2639172,0,875.9971595
5888,0,134.3347377,92.5578078,27.36182279,0,64.79268931
141451,131.8056432,97.69799109,59.89034622,64.67339933,0,51.83415145
2560057,169.4643984,140.4408622,87.11323087,121.8844834,0,0
290335,188.2937759,170.9714844,0,0,0,253.9873421
1424653,235.3672199,238.1388533,35.38975004,0,0,1417.664042
2908210,160.0497096,116.0163644,111.613827,68.40455699,0,199.5614831
862126,169.4643984,134.3347377,0,21.14322671,0,220.2951437
2352,0,109.91024,65.33492315,13.6809114,0,365.4307677
1281,310.6847303,250.3511022,38.1120385,28.60554201,0,72.56781203
1807691,0,85.4857422,106.1692501,68.40455699,0,54.42585902
279826,0,103.8041155,54.44576929,42.28645341,0,59.60927417
2954535,197.7084647,109.91024,0,19.89950749,0,95.89318018
3383026,451.9050623,238.1388533,35.38975004,33.58041888,0,233.2536815
32046,197.7084647,73.27349331,773.1299239,123.1282026,77.01697839,168.4609922
696760,0,0,65.33492315,159.1960599,77.01697839,57.01756659
357808,555.4666391,366.3674666,735.0178854,268.6433511,92.42037407,46.6507363
2144,0,0,0,0,0,33.69219844
269259,0,91.59186664,29.94517311,22.38694592,0,344.6971071
1230998,0,0,0,54.72364559,0,0
97138,112.9762656,152.6531111,127.9475578,47.26133028,0,279.9044178
589437,0,73.27349331,40.83432697,38.55529576,0,41.46732116
74033,94.14688797,61.06124443,225.9499426,332.0730312,1586.549755,36.28390601
3056648,0,73.27349331,163.3373079,139.2965524,373.5323452,0
1521,197.7084647,177.0776088,87.11323087,42.28645341,0,194.3780679
357276,160.0497096,201.5021066,106.1692501,68.40455699,0,370.6141829
3402687,0,0,87.11323087,47.26133028,0,272.1292951
112900,141.220332,146.5469866,0,0,0,75.1595196
1641,301.2700415,262.563351,32.66746157,16.16834983,0,75.1595196
1348,160.0497096,378.5797155,111.613827,36.06785732,57.76273379,124.4019635
44577,0,0,0,60.94224168,342.7255538,230.6619739
43948,103.5615768,109.91024,76.22407701,31.09298045,0,25.91707572
35754,131.8056432,0,204.1716348,217.6508631,92.42037407,82.93464232
3119568,160.0497096,122.1224889,127.9475578,145.5151485,130.9288633,98.48488775
2714855,0,0,0,0,50.06103596,184.0112376
1028416,0,0,35.38975004,17.41206905,0,95.89318018
1605,0,0,0,0,0,44.05902873
197222,225.9525311,177.0776088,49.00119236,90.79150291,0,184.0112376
410072,0,0,0,0,0,199.5614831
3413133,0,0,89.83551933,22.38694592,161.7356546,207.3366058
144,0,213.7143555,29.94517311,0,0,209.9283134
1381081,0,0,62.61263469,39.79901497,0,28.5087833
573658,0,0,38.1120385,16.16834983,0,69.97610446
94869,150.6350208,140.4408622,103.4469617,29.84926123,73.16612947,349.8805223
2686078,122.3909544,0,100.7246732,116.9096065,138.6305611,178.8278225
2919322,0,0,87.11323087,90.79150291,0,173.6444074
61644,0,0,0,0,0,0
2865673,141.220332,85.4857422,0,72.13571464,0,0
44273,0,0,0,0,0,0
2789740,150.6350208,219.8204799,49.00119236,41.04273419,0,132.1770862
3096992,0,0,68.05721161,237.5503706,77.01697839,0
96241,367.1728631,384.6858399,51.72348083,27.36182279,0,158.0941619
3242468,188.2937759,146.5469866,43.55661543,14.92463062,0,85.52634989
1426,338.9287967,280.8817244,87.11323087,38.55529576,84.71867623,116.6268408
408,169.4643984,140.4408622,435.5661543,327.0981543,300.3662157,38.87561359
2975965,0,0,149.7258656,155.4649022,146.3322589,225.4785588
55197,0,103.8041155,57.16805776,47.26133028,261.8577265,222.8868512
3066266,0,0,0,0,0,93.30147261
2810512,0,85.4857422,147.0035771,72.13571464,0,368.0224753
3064705,131.8056432,146.5469866,0,0,0,137.3605013
2979464,291.8553527,305.3062221,114.3361155,75.86687229,0,25.91707572
37372,150.6350208,134.3347377,122.5029809,26.11810358,0,44.05902873
3045816,0,0,438.2884428,64.67339933,0,129.5853786
2527963,169.4643984,0,152.448154,482.5630566,415.8916833,152.9107468
412710,0,0,0,52.23620715,0,0
1917215,94.14688797,79.37961776,424.6770005,198.9950749,161.7356546,119.2185483
29533,244.7819087,152.6531111,125.2252694,59.69852246,0,121.8102559
1563,131.8056432,97.69799109,73.50178854,26.11810358,0,72.56781203
1137606,0,158.7592355,68.05721161,27.36182279,0,173.6444074
489910,0,0,0,0,0,75.1595196
2921711,0,0,0,22.38694592,0,101.0765953
2704655,0,0,65.33492315,19.89950749,0,124.4019635
3400345,376.5875519,409.1103377,141.5590002,84.57290682,0,82.93464232
2893202,207.1231535,195.3959822,108.8915386,68.40455699,0,163.2775771
3382189,0,0,59.89034622,69.64827621,0,717.9029976
1612173,0,659.4614398,808.519674,375.6032038,73.16612947,0
1826727,0,0,49.00119236,0,0,85.52634989
53344,112.9762656,122.1224889,51.72348083,24.87438436,0,209.9283134
1522,0,0,125.2252694,73.37943386,0,246.2122194
2906076,0,0,920.133501,411.6710611,0,821.5713005
3017783,131.8056432,0,236.8390964,345.7539426,92.42037407,0
2527979,216.5378423,152.6531111,125.2252694,472.6133028,361.9797984,80.34293475
2956784,0,61.06124443,95.28009626,48.5050495,0,380.9810132
718217,131.8056432,128.2286133,217.7830772,111.9347296,46.21018704,85.52634989
3243057,386.0022407,360.2613421,470.9559044,70.89199542,0,0
68895,320.0994191,232.0327288,351.1752119,445.25148,304.2170647,54.42585902
160826,0,116.0163644,163.3373079,126.8593602,50.06103596,0
3374109,150.6350208,170.9714844,57.16805776,24.87438436,0,116.6268408
2304606,112.9762656,122.1224889,81.66865394,26.11810358,0,137.3605013
3072980,0,0,68.05721161,42.28645341,77.01697839,95.89318018
3063533,0,67.16736887,51.72348083,89.54778369,0,139.9522089
84032,131.8056432,73.27349331,81.66865394,59.69852246,616.1358271,121.8102559
238836,0,97.69799109,0,13.6809114,0,150.3190392
33935,1045.030457,891.4941687,70.77950008,41.04273419,0,116.6268408
3053613,0,85.4857422,187.8379041,101.9849759,46.21018704,126.9936711
2900738,273.0259751,207.6082311,147.0035771,100.7412567,0,64.79268931
563177,0,201.5021066,84.3909424,32.33669967,0,126.9936711
2058135,150.6350208,146.5469866,92.5578078,55.96736481,0,145.1356241
376,0,0,0,130.5905179,585.3290358,0
3376682,103.5615768,170.9714844,78.94636547,47.26133028,115.5254676,184.0112376
2201181,0,195.3959822,114.3361155,111.9347296,0,168.4609922
293,0,213.7143555,370.2312312,300.9800507,269.5594244,0
1297617,0,0,0,29.84926123,0,0
1678728,0,79.37961776,38.1120385,58.45480324,0,220.2951437
2918528,141.220332,940.3431642,111.613827,126.8593602,0,25.91707572
261299,320.0994191,378.5797155,171.5041733,58.45480324,53.91188488,150.3190392
1229909,197.7084647,0,40.83432697,27.36182279,0,64.79268931
2093777,301.2700415,122.1224889,70.77950008,26.11810358,0,199.5614831
84030,178.8790872,146.5469866,40.83432697,13.6809114,0,114.0351332
1609966,197.7084647,0,313.0631734,593.254067,150.1831079,0
2590020,273.0259751,299.2000977,92.5578078,0,0,557.2171281
1479,0,85.4857422,76.22407701,43.53017263,0,64.79268931
56453,0,0,81.66865394,0,0,0
110662,0,0,46.2789039,27.36182279,123.2271654,46.6507363
418699,0,97.69799109,68.05721161,129.3467987,96.27122299,0
150120,94.14688797,97.69799109,62.61263469,28.60554201,0,217.7034361
154981,0,0,174.2264617,407.9399035,103.9729208,36.28390601
1034889,0,97.69799109,127.9475578,154.221183,61.61358271,0
1041504,0,195.3959822,117.058404,44.77389185,0,160.6858695
2739061,103.5615768,134.3347377,62.61263469,41.04273419,0,101.0765953
326320,122.3909544,140.4408622,54.44576929,38.55529576,0,0
55209,0,0,0,0,0,0
135487,0,0,206.8939233,213.9197055,92.42037407,41.46732116
1580092,197.7084647,73.27349331,0,19.89950749,0,80.34293475
3391823,442.4903735,293.0939733,65.33492315,38.55529576,0,165.8692846
1185873,112.9762656,91.59186664,892.9106164,175.3644097,53.91188488,41.46732116
2578106,282.4406639,378.5797155,108.8915386,69.64827621,192.542446,139.9522089
2069432,0,0,65.33492315,83.3291876,0,290.2712481
168384,0,0,0,16.16834983,0,0
2697030,0,79.37961776,0,0,0,126.9936711
155892,0,0,239.5613849,189.0453211,0,36.28390601
1346319,0,195.3959822,43.55661543,19.89950749,111.6746187,57.01756659
2975981,0,0,89.83551933,73.37943386,100.1220719,0
321985,451.9050623,262.563351,76.22407701,80.84174917,65.46443163,0
3447427,0,0,103.4469617,68.40455699,130.9288633,119.2185483
28903,0,91.59186664,125.2252694,29.84926123,0,212.5200209
115551,0,0,0,0,0,469.0990706
592064,0,0,73.50178854,47.26133028,180.9898992,0
83455,244.7819087,268.6694755,155.1704425,272.3745087,215.6475395,101.0765953
112901,0,140.4408622,119.7806924,58.45480324,0,134.7687938
28200,0,0,38.1120385,14.92463062,0,85.52634989
3138177,367.1728631,293.0939733,95.28009626,53.47992637,0,101.0765953
34018,169.4643984,146.5469866,914.6889241,210.1885478,38.5084892,0
2259622,0,0,0,28.60554201,0,0
28038,0,0,0,0,0,292.8629557
3015999,0,0,35.38975004,48.5050495,0,0
265606,0,0,343.0083465,174.1206905,211.7966906,108.851718
1281486,141.220332,225.9266044,122.5029809,36.06785732,0,0
56454,0,0,100.7246732,111.9347296,65.46443163,137.3605013
1919,451.9050623,189.2898577,182.3933271,220.1383016,0,0
1391654,122.3909544,91.59186664,147.0035771,247.5001244,57.76273379,72.56781203
2576307,0,79.37961776,78.94636547,17.41206905,0,186.6029452
3034506,112.9762656,61.06124443,57.16805776,21.14322671,0,0
758802,0,0,106.1692501,157.9523407,130.9288633,0
303541,0,0,0,0,0,72.56781203
1778678,0,152.6531111,62.61263469,34.8241381,192.542446,88.11805746
2917965,0,0,209.6162118,243.7689667,111.6746187,85.52634989
3157368,0,213.7143555,0,0,0,0
2838877,0,85.4857422,49.00119236,29.84926123,0,147.7273316
1435069,94.14688797,79.37961776,108.8915386,65.91711855,0,88.11805746
3241603,0,85.4857422,92.5578078,126.8593602,0,0
3402688,160.0497096,128.2286133,114.3361155,50.99248794,0,49.24244388
2749049,0,0,0,0,0,150.3190392
3398614,0,85.4857422,0,24.87438436,0,266.94588
261302,0,91.59186664,108.8915386,135.5653948,100.1220719,46.6507363
2789327,169.4643984,238.1388533,245.0059618,303.4674892,161.7356546,46.6507363
2957203,273.0259751,109.91024,160.6150194,397.9901497,238.752633,57.01756659
296,809.6632366,372.473591,239.5613849,182.826725,111.6746187,54.42585902
877455,724.9310374,598.4001954,40.83432697,12.43719218,146.3322589,126.9936711
1642646,0,0,0,47.26133028,670.047712,69.97610446
217203,291.8553527,201.5021066,424.6770005,383.0655191,234.9017841,0
403957,0,0,114.3361155,48.5050495,0,248.803927
163,0,97.69799109,40.83432697,14.92463062,0,165.8692846
183417,0,0,51.72348083,0,0,72.56781203
544645,0,0,0,23.63066514,0,215.1117285
1441095,0,0,70.77950008,17.41206905,0,375.797598
34062,0,61.06124443,70.77950008,32.33669967,697.0036545,158.0941619
2903659,273.0259751,85.4857422,73.50178854,65.91711855,0,0
1727145,103.5615768,140.4408622,68.05721161,22.38694592,38.5084892,202.1531907
1862145,0,79.37961776,424.6770005,305.9549276,65.46443163,0
516051,0,0,133.3921348,223.8694592,0,75.1595196
1315974,0,0,223.2276541,269.8870703,0,0
84590,0,0,0,0,0,33.69219844
94132,207.1231535,152.6531111,231.3945195,342.0227849,150.1831079,36.28390601
1442557,103.5615768,152.6531111,38.1120385,17.41206905,42.35933812,59.60927417
545501,0,0,0,0,0,178.8278225
90241,0,0,0,13.6809114,0,62.20098174
1855728,0,0,114.3361155,149.2463062,46.21018704,0
2782167,0,0,92.5578078,286.0554201,0,0
3082534,0,0,0,0,0,0
189834,583.7107054,122.1224889,381.120385,126.8593602,0,295.4546633
3233375,0,0,0,0,0,0
1004159,0,0,29.94517311,17.41206905,0,0
2884263,320.0994191,109.91024,217.7830772,458.9323914,242.6034819,0
2730851,0,799.902302,982.7461357,470.1258644,0,0
1085644,0,0,46.2789039,19.89950749,0,31.10049087
2924032,338.9287967,286.9878488,98.00238472,50.99248794,0,160.6858695
2880651,329.5141079,280.8817244,92.5578078,115.6658873,0,0
28262,0,0,54.44576929,17.41206905,0,184.0112376
1977865,131.8056432,85.4857422,40.83432697,32.33669967,0,126.9936711
274,0,0,81.66865394,252.4750012,585.3290358,0
81408,0,0,0,0,0,116.6268408
1521768,160.0497096,122.1224889,280.3957119,247.5001244,369.6814963,0
42906,536.6372615,378.5797155,383.8426735,135.5653948,0,31.10049087
554406,0,0,117.058404,43.53017263,61.61358271,88.11805746
1503925,273.0259751,189.2898577,65.33492315,41.04273419,0,222.8868512
182640,0,0,81.66865394,106.9598527,0,0
1197717,0,97.69799109,0,22.38694592,0,49.24244388
2133,0,293.0939733,84.3909424,31.09298045,0,51.83415145
3144925,160.0497096,183.1837333,803.075097,174.1206905,77.01697839,0
2980107,207.1231535,250.3511022,49.00119236,78.35431073,0,0
1642,348.3434855,390.7919643,92.5578078,36.06785732,111.6746187,116.6268408
291112,188.2937759,158.7592355,35.38975004,21.14322671,0,69.97610446
827,112.9762656,67.16736887,108.8915386,29.84926123,65.46443163,126.9936711
47885,216.5378423,207.6082311,367.5089427,404.2087458,119.3763165,46.6507363
3236840,0,0,0,0,0,261.7624648
3422590,0,0,46.2789039,47.26133028,0,67.38439688
39950,141.220332,164.86536,57.16805776,24.87438436,0,103.6683029
3003261,131.8056432,79.37961776,0,26.11810358,0,132.1770862
3096217,0,73.27349331,27.22288465,0,0,46.6507363
1699621,0,0,0,0,0,0
299767,621.3694606,488.4899554,0,63.42968012,0,77.75122717
526944,197.7084647,122.1224889,81.66865394,31.09298045,0,49.24244388
413888,0,0,0,0,0,119.2185483
2976343,0,0,212.3385002,145.5151485,88.56952515,33.69219844
1548547,169.4643984,134.3347377,168.7818848,461.4198299,0,0
1479524,0,79.37961776,0,46.01761106,0,67.38439688
2282419,0,0,62.61263469,26.11810358,0,419.8566267
912,0,0,114.3361155,63.42968012,920.3528918,64.79268931
1336794,122.3909544,73.27349331,117.058404,92.03522213,0,129.5853786
2022337,0,0,0,53.47992637,0,235.8453891
1643336,0,140.4408622,87.11323087,28.60554201,0,238.4370967
1318,103.5615768,67.16736887,0,314.6609621,115.5254676,49.24244388
1280380,207.1231535,109.91024,59.89034622,37.31157654,596.8815825,33.69219844
2986831,0,0,40.83432697,59.69852246,0,212.5200209
2350,273.0259751,348.0490932,89.83551933,92.03522213,0,178.8278225
1464,0,0,57.16805776,26.11810358,53.91188488,173.6444074
5741,0,103.8041155,49.00119236,19.89950749,0,176.2361149
2705471,122.3909544,97.69799109,103.4469617,104.4724143,0,77.75122717
1336796,0,134.3347377,103.4469617,120.6407641,0,111.4434256
2741701,0,0,0,0,0,38.87561359
1761012,0,67.16736887,27.22288465,28.60554201,0,137.3605013
889453,0,61.06124443,84.3909424,41.04273419,0,241.0288042
1522758,0,0,0,65.91711855,0,98.48488775
3230968,216.5378423,311.4123466,117.058404,52.23620715,0,150.3190392
1161942,0,0,0,13.6809114,0,80.34293475
1871053,225.9525311,225.9266044,215.0607887,195.2639172,38.5084892,69.97610446
1812115,0,0,0,0,0,38.87561359
386891,0,0,68.05721161,32.33669967,0,0
2968490,310.6847303,293.0939733,108.8915386,93.27894135,0,152.9107468
2919499,0,0,51.72348083,33.58041888,0,261.7624648
2795383,225.9525311,73.27349331,62.61263469,28.60554201,0,90.70976504
1792508,207.1231535,195.3959822,255.8951157,348.241381,69.31528055,0
2859516,0,85.4857422,449.1775967,98.25381822,80.86782731,116.6268408
362787,150.6350208,195.3959822,46.2789039,24.87438436,0,69.97610446
2932257,0,0,29.94517311,17.41206905,0,111.4434256
2675053,122.3909544,122.1224889,87.11323087,33.58041888,0,158.0941619
1971,216.5378423,238.1388533,264.0619811,279.836824,88.56952515,93.30147261
3074111,0,0,51.72348083,22.38694592,0,132.1770862
487686,0,0,0,0,0,44.05902873
3003256,178.8790872,140.4408622,141.5590002,73.37943386,0,253.9873421
3096994,112.9762656,0,76.22407701,258.6935973,73.16612947,0
2015076,141.220332,103.8041155,68.05721161,32.33669967,0,88.11805746
101070,480.1491287,396.8980888,100.7246732,33.58041888,0,194.3780679
3071453,244.7819087,293.0939733,29.94517311,21.14322671,0,62.20098174
2921474,320.0994191,488.4899554,133.3921348,41.04273419,0,0
187101,0,0,29.94517311,16.16834983,0,90.70976504
3048535,254.1965975,299.2000977,152.448154,46.01761106,0,194.3780679
1871047,0,0,0,22.38694592,0,145.1356241
658643,0,0,0,0,0,0
83771,207.1231535,164.86536,51.72348083,22.38694592,0,176.2361149
28082,0,0,0,26.11810358,0,238.4370967
1179777,254.1965975,244.2449777,92.5578078,28.60554201,0,158.0941619
2921604,0,0,0,0,0,0
2921443,0,0,0,0,0,0
319939,0,73.27349331,193.282481,197.7513557,123.2271654,64.79268931
1616117,235.3672199,274.7755999,127.9475578,129.3467987,53.91188488,0
313588,160.0497096,164.86536,51.72348083,52.23620715,0,147.7273316
767892,254.1965975,335.8368444,70.77950008,54.72364559,0,36.28390601
2762320,0,0,73.50178854,33.58041888,0,49.24244388
171282,103.5615768,0,0,0,0,93.30147261
174587,0,158.7592355,0,0,0,95.89318018
675281,122.3909544,97.69799109,449.1775967,288.5428586,92.42037407,152.9107468
2321403,94.14688797,0,59.89034622,54.72364559,0,199.5614831
2315862,244.7819087,250.3511022,122.5029809,53.47992637,0,160.6858695
69710,103.5615768,103.8041155,0,21.14322671,0,119.2185483
1602,94.14688797,97.69799109,29.94517311,0,0,69.97610446
1010,225.9525311,134.3347377,130.6698463,58.45480324,0,129.5853786
490095,131.8056432,0,98.00238472,521.1183523,234.9017841,0
29555,0,97.69799109,0,0,0,165.8692846
49283,141.220332,103.8041155,100.7246732,63.42968012,53.91188488,147.7273316
3445773,0,0,65.33492315,28.60554201,1024.325813,31.10049087
2653189,0,0,171.5041733,57.21108403,1139.85128,111.4434256
1471,141.220332,183.1837333,73.50178854,37.31157654,0,132.1770862
332999,0,128.2286133,62.61263469,27.36182279,42.35933812,181.4195301
2060723,225.9525311,207.6082311,70.77950008,46.01761106,0,77.75122717
3065396,0,0,683.2944046,87.06034526,0,33.69219844
248907,0,122.1224889,68.05721161,116.9096065,0,69.97610446
1114873,0,0,49.00119236,0,0,93.30147261
387661,0,0,0,33.58041888,0,31.10049087
29385,282.4406639,354.1552177,176.9487502,0,0,178.8278225
2954748,376.5875519,164.86536,76.22407701,26.11810358,0,95.89318018
2823904,0,0,0,0,2387.52633,0
1267768,235.3672199,109.91024,245.0059618,432.8142878,80.86782731,0
545,0,250.3511022,62.61263469,49.74876872,0,75.1595196
2038737,131.8056432,103.8041155,65.33492315,43.53017263,0,435.4068722
1284,0,0,81.66865394,21.14322671,0,124.4019635
3445772,0,170.9714844,176.9487502,200.2387941,50.06103596,49.24244388
1930273,122.3909544,0,117.058404,334.5604696,354.2781006,75.1595196
2518645,0,0,68.05721161,0,0,77.75122717
171279,169.4643984,189.2898577,89.83551933,31.09298045,0,230.6619739
1844006,0,0,0,256.2061589,92.42037407,72.56781203
1529058,0,0,0,0,0,0
2528008,273.0259751,140.4408622,157.8927309,552.2113328,184.8407481,44.05902873
2217913,0,0,73.50178854,36.06785732,0,0
2664091,0,0,0,0,0,0
290400,112.9762656,61.06124443,155.1704425,272.3745087,50.06103596,0
542,0,0,27.22288465,42.28645341,0,155.5024543
2901381,0,85.4857422,38.1120385,14.92463062,0,142.5439165
39441,197.7084647,293.0939733,40.83432697,13.6809114,0,57.01756659
1486281,160.0497096,140.4408622,220.5053656,356.9474156,84.71867623,82.93464232
3141542,94.14688797,128.2286133,62.61263469,34.8241381,0,31.10049087
2610896,0,0,0,58.45480324,0,0
3115646,103.5615768,79.37961776,87.11323087,231.3317745,100.1220719,59.60927417
38284,338.9287967,378.5797155,0,307.1986468,84.71867623,0
1221500,395.4169295,305.3062221,157.8927309,95.76637978,304.2170647,147.7273316
2975755,0,0,0,0,0,0
1318743,150.6350208,152.6531111,35.38975004,0,0,46.6507363
2054173,0,73.27349331,0,19.89950749,0,212.5200209
1789224,0,0,76.22407701,27.36182279,0,95.89318018
1896196,621.3694606,665.5675643,348.4529235,197.7513557,0,31.10049087
2096,94.14688797,85.4857422,0,0,0,173.6444074
3047874,0,109.91024,35.38975004,31.09298045,0,189.1946528
3045146,131.8056432,122.1224889,73.50178854,27.36182279,0,31.10049087
2249302,0,0,0,0,0,0
2732161,273.0259751,256.4572266,125.2252694,68.40455699,0,44.05902873
60217,0,134.3347377,27.22288465,41.04273419,0,85.52634989
748197,0,0,0,31.09298045,0,0
1099853,160.0497096,232.0327288,87.11323087,33.58041888,38.5084892,152.9107468
3374195,0,0,0,0,0,0
2775245,207.1231535,244.2449777,73.50178854,37.31157654,0,150.3190392
718286,762.5897926,427.428711,149.7258656,53.47992637,0,207.3366058
449520,122.3909544,67.16736887,0,0,0,57.01756659
467262,0,79.37961776,0,0,0,93.30147261
88688,0,0,288.5625772,212.6759863,61.61358271,31.10049087
3047815,0,0,0,0,0,0
2743000,0,0,0,0,0,69.97610446
2867016,0,67.16736887,103.4469617,359.434854,111.6746187,0
1813019,0,0,0,0,0,155.5024543
1324864,0,0,35.38975004,0,0,264.3541724
84022,0,85.4857422,27.22288465,13.6809114,0,108.851718
1789226,0,79.37961776,0,0,38.5084892,0
1302308,0,0,40.83432697,34.8241381,188.6915971,41.46732116
1033854,178.8790872,177.0776088,147.0035771,384.3092383,0,0
1328,0,0,81.66865394,75.86687229,338.8747049,274.7210027
83453,0,122.1224889,152.448154,302.22377,57.76273379,54.42585902
1796616,188.2937759,128.2286133,29.94517311,22.38694592,0,64.79268931
3234028,0,85.4857422,43.55661543,26.11810358,0,95.89318018
3082521,0,0,76.22407701,47.26133028,0,72.56781203
1922226,216.5378423,195.3959822,288.5625772,1011.143724,127.0780143,0
3022697,122.3909544,128.2286133,76.22407701,0,0,114.0351332
35703,0,0,0,62.1859609,0,106.2600105
1561924,197.7084647,134.3347377,81.66865394,50.99248794,0,0
2594269,357.7581743,390.7919643,89.83551933,46.01761106,0,44.05902873
1474,150.6350208,140.4408622,46.2789039,24.87438436,0,0
3388424,225.9525311,207.6082311,375.6758081,501.2188448,100.1220719,33.69219844
990268,0,109.91024,38.1120385,34.8241381,0,103.6683029
2789856,112.9762656,116.0163644,590.7365968,458.9323914,119.3763165,0
1892404,0,0,0,0,0,0
1637831,969.7129461,598.4001954,487.2896352,177.8518482,0,0
2126553,0,0,35.38975004,74.62315308,0,502.7912691
3342096,122.3909544,61.06124443,65.33492315,24.87438436,0,62.20098174
2590900,0,0,54.44576929,14.92463062,46.21018704,72.56781203
2975888,0,0,0,57.21108403,0,0
29559,0,0,57.16805776,23.63066514,0,51.83415145
2419773,0,85.4857422,35.38975004,16.16834983,0,25.91707572
1420917,338.9287967,201.5021066,84.3909424,271.1307895,173.2882014,72.56781203
1828,254.1965975,116.0163644,125.2252694,190.2890403,238.752633,98.48488775
1628248,0,158.7592355,114.3361155,0,0,124.4019635
3093871,0,0,46.2789039,80.84174917,0,28.5087833
2774330,122.3909544,164.86536,0,21.14322671,0,85.52634989
3232307,0,73.27349331,68.05721161,37.31157654,0,0
2997336,0,0,46.2789039,19.89950749,50.06103596,152.9107468
3459527,0,0,40.83432697,24.87438436,0,0
324767,112.9762656,91.59186664,84.3909424,33.58041888,0,95.89318018
1033900,131.8056432,97.69799109,98.00238472,36.06785732,77.01697839,69.97610446
1383885,0,0,32.66746157,179.0955674,0,194.3780679
3239997,150.6350208,122.1224889,133.3921348,195.2639172,57.76273379,0
2921713,282.4406639,146.5469866,136.1144232,17.41206905,96.27122299,90.70976504
2744518,0,0,179.6710387,115.6658873,0,59.60927417
1295609,0,0,0,18.65578827,0,64.79268931
561184,225.9525311,134.3347377,261.3396926,440.2766032,119.3763165,0
3023713,178.8790872,164.86536,0,32.33669967,0,46.6507363
1501392,301.2700415,207.6082311,174.2264617,67.16083777,0,132.1770862
3239304,0,79.37961776,35.38975004,0,0,121.8102559
3434352,461.3197511,335.8368444,0,191.5327596,0,0
2039166,0,61.06124443,103.4469617,46.01761106,0,196.9697755
2961895,0,0,0,0,0,44.05902873
1211326,169.4643984,103.8041155,87.11323087,70.89199542,96.27122299,111.4434256
2713414,0,158.7592355,141.5590002,64.67339933,0,116.6268408
323450,178.8790872,152.6531111,87.11323087,53.47992637,0,75.1595196
2699395,0,0,87.11323087,115.6658873,77.01697839,0
1379903,357.7581743,134.3347377,220.5053656,361.9222924,65.46443163,0
1885344,376.5875519,177.0776088,187.8379041,230.0880553,0,41.46732116
2494374,141.220332,0,166.0595963,310.9298045,65.46443163,46.6507363
3118333,0,0,0,0,0,108.851718
3080055,0,73.27349331,100.7246732,62.1859609,0,33.69219844
438033,0,73.27349331,35.38975004,14.92463062,38.5084892,72.56781203
3003263,0,122.1224889,38.1120385,24.87438436,0,106.2600105
3389972,0,0,0,0,0,57.01756659
225194,0,0,0,58.45480324,0,0
2745153,141.220332,0,98.00238472,50.99248794,0,95.89318018
375929,0,67.16736887,89.83551933,24.87438436,0,171.0526998
29391,0,103.8041155,130.6698463,78.35431073,165.5865035,106.2600105
1780362,254.1965975,250.3511022,57.16805776,24.87438436,0,67.38439688
149016,0,61.06124443,57.16805776,16.16834983,0,98.48488775
2740462,197.7084647,122.1224889,57.16805776,36.06785732,0,811.2044702
28449,0,195.3959822,0,65.91711855,177.1390503,134.7687938
2880218,0,79.37961776,65.33492315,73.37943386,0,51.83415145
2735562,0,0,0,0,0,88.11805746
45668,0,0,108.8915386,26.11810358,38.5084892,347.2888147
1979527,0,0,0,496.243968,1744.434561,0
1531,0,158.7592355,49.00119236,49.74876872,0,82.93464232
1640,188.2937759,134.3347377,54.44576929,37.31157654,0,132.1770862
62763,0,61.06124443,65.33492315,38.55529576,0,98.48488775
2587848,225.9525311,280.8817244,62.61263469,33.58041888,0,199.5614831
1455,0,0,62.61263469,28.60554201,0,75.1595196
3348344,0,0,0,0,0,80.34293475
45242,0,0,0,22.38694592,100.1220719,64.79268931
2230867,0,85.4857422,0,0,0,38.87561359
2789857,0,0,307.6185965,338.2916273,519.8646042,142.5439165
2983267,0,0,0,0,0,85.52634989
2819101,0,0,0,28.60554201,0,77.75122717
58180,0,0,114.3361155,95.76637978,0,36.28390601
2983299,0,0,0,0,0,0
166485,0,109.91024,59.89034622,23.63066514,0,28.5087833
3394358,112.9762656,109.91024,32.66746157,21.14322671,0,103.6683029
200452,0,0,0,24.87438436,0,253.9873421
980254,216.5378423,152.6531111,182.3933271,279.836824,338.8747049,31.10049087
3138567,0,0,0,0,0,72.56781203
2358,0,85.4857422,54.44576929,23.63066514,0,0
1247023,0,0,87.11323087,31.09298045,0,0
455432,141.220332,128.2286133,98.00238472,129.3467987,0,72.56781203
2903803,367.1728631,201.5021066,87.11323087,118.1533257,53.91188488,49.24244388
301953,0,0,0,0,0,173.6444074
2058134,150.6350208,140.4408622,89.83551933,39.79901497,0,108.851718
2763010,0,0,0,23.63066514,0,88.11805746
118562,0,0,223.2276541,75.86687229,0,51.83415145
2829597,0,103.8041155,27.22288465,151.7337446,0,121.8102559
204936,160.0497096,140.4408622,0,23.63066514,0,67.38439688
2975157,0,73.27349331,73.50178854,34.8241381,0,93.30147261
2950108,0,73.27349331,78.94636547,62.1859609,0,0
1850093,169.4643984,152.6531111,73.50178854,39.79901497,0,46.6507363
70255,0,0,57.16805776,23.63066514,0,139.9522089
1912091,178.8790872,97.69799109,166.0595963,374.3594846,88.56952515,33.69219844
3023090,103.5615768,85.4857422,70.77950008,21.14322671,0,116.6268408
2161872,197.7084647,140.4408622,68.05721161,21.14322671,0,230.6619739
913107,0,0,54.44576929,29.84926123,42.35933812,323.9634466
1891926,178.8790872,97.69799109,51.72348083,181.5830058,157.8848057,38.87561359
2052660,160.0497096,116.0163644,32.66746157,0,0,106.2600105
2419842,0,0,272.2288465,77.11059151,0,295.4546633
3400422,0,0,38.1120385,0,0,98.48488775
931866,0,0,250.4505387,128.1030794,184.8407481,0
2903098,178.8790872,207.6082311,38.1120385,33.58041888,0,217.7034361
254719,273.0259751,183.1837333,119.7806924,118.1533257,0,62.20098174
2077090,150.6350208,79.37961776,0,41.04273419,0,67.38439688
1443941,357.7581743,525.1267021,201.4493464,125.615641,0,121.8102559
1165090,0,0,32.66746157,50.99248794,0,28.5087833
44674,386.0022407,280.8817244,54.44576929,13.6809114,0,199.5614831
2741071,112.9762656,85.4857422,87.11323087,180.3392866,0,46.6507363
278860,423.6609959,305.3062221,38.1120385,27.36182279,0,38.87561359
1734049,0,0,62.61263469,19.89950749,404.3391366,155.5024543
337701,94.14688797,0,157.8927309,705.1887966,46.21018704,82.93464232
2975625,0,2277.584417,0,0,0,0
551996,0,0,0,0,0,0
33952,0,0,62.61263469,27.36182279,0,142.5439165
1267021,0,73.27349331,29.94517311,16.16834983,0,101.0765953
470934,0,91.59186664,54.44576929,79.59802995,0,38.87561359
379547,414.2463071,268.6694755,155.1704425,46.01761106,107.8237698,44.05902873
1501268,0,0,0,0,0,59.60927417
83816,0,0,87.11323087,19.89950749,0,77.75122717
1699411,273.0259751,195.3959822,40.83432697,53.47992637,53.91188488,194.3780679
2051553,197.7084647,122.1224889,225.9499426,175.3644097,69.31528055,0
2047966,0,0,32.66746157,29.84926123,0,69.97610446
1610576,0,0,0,31.09298045,0,0
2725288,0,0,0,60.94224168,0,59.60927417
44255,0,0,190.5601925,151.7337446,192.542446,75.1595196
57487,0,0,0,0,0,67.38439688
1561003,0,79.37961776,119.7806924,39.79901497,96.27122299,75.1595196
354356,235.3672199,250.3511022,100.7246732,46.01761106,0,145.1356241
1241979,103.5615768,79.37961776,0,26.11810358,0,67.38439688
157692,0,61.06124443,0,0,0,158.0941619
2360,103.5615768,0,0,13.6809114,138.6305611,85.52634989
1413221,0,0,84.3909424,85.81662604,0,0
2043170,0,0,92.5578078,74.62315308,0,31.10049087
3003257,0,0,0,16.16834983,42.35933812,199.5614831
2870839,0,0,0,17.41206905,0,72.56781203
2478954,169.4643984,274.7755999,38.1120385,0,50.06103596,0
39766,150.6350208,116.0163644,51.72348083,33.58041888,0,90.70976504
3051614,0,0,0,0,0,217.7034361
3101308,131.8056432,170.9714844,54.44576929,140.5402716,0,77.75122717
3092665,0,0,46.2789039,42.28645341,0,75.1595196
165694,0,0,49.00119236,22.38694592,0,33.69219844
2026193,0,85.4857422,0,0,0,119.2185483
374981,235.3672199,158.7592355,250.4505387,70.89199542,0,75.1595196
2527976,235.3672199,146.5469866,62.61263469,69.64827621,0,54.42585902
3070682,0,0,0,0,0,33.69219844
2875764,150.6350208,250.3511022,92.5578078,21.14322671,0,150.3190392
2798577,0,0,70.77950008,21.14322671,0,0
2806443,0,0,133.3921348,0,0,132.1770862
253245,160.0497096,256.4572266,49.00119236,84.57290682,0,114.0351332
680279,0,73.27349331,0,26.11810358,0,62.20098174
3408580,0,0,35.38975004,22.38694592,0,93.30147261
2173034,178.8790872,103.8041155,81.66865394,34.8241381,0,101.0765953
3092147,0,103.8041155,141.5590002,619.3721705,96.27122299,38.87561359
2879119,470.7344399,415.2164621,29.94517311,24.87438436,0,171.0526998
141,0,0,0,0,0,181.4195301
1709002,0,213.7143555,626.1263469,145.5151485,0,62.20098174
151781,0,0,0,0,0,233.2536815
53346,0,0,59.89034622,32.33669967,0,114.0351332
3140744,94.14688797,79.37961776,32.66746157,0,0,69.97610446
3082949,0,0,588.0143083,68.40455699,0,41.46732116
2596913,244.7819087,85.4857422,332.1191927,569.6234018,0,41.46732116
28097,0,0,0,49.74876872,0,111.4434256
1160721,169.4643984,164.86536,76.22407701,29.84926123,0,129.5853786
1913578,244.7819087,152.6531111,54.44576929,31.09298045,0,0
2921450,338.9287967,189.2898577,43.55661543,31.09298045,0,67.38439688
33047,0,0,38.1120385,0,0,0
2931400,0,0,0,0,0,101.0765953
3242688,0,0,0,0,0,36.28390601
118060,367.1728631,390.7919643,103.4469617,31.09298045,0,28.5087833
2912187,197.7084647,244.2449777,0,21.14322671,0,106.2600105
1250539,178.8790872,128.2286133,435.5661543,568.3796826,73.16612947,51.83415145
2983606,122.3909544,128.2286133,76.22407701,22.38694592,0,101.0765953
2186,0,0,59.89034622,0,0,62.20098174
2651284,0,67.16736887,40.83432697,24.87438436,0,287.6795405
477666,0,0,38.1120385,0,46.21018704,88.11805746
2527984,0,0,65.33492315,180.3392866,161.7356546,46.6507363
2954691,0,134.3347377,0,21.14322671,0,134.7687938
3239935,0,0,84.3909424,140.5402716,77.01697839,0
3059904,225.9525311,201.5021066,38.1120385,24.87438436,0,93.30147261
2579971,207.1231535,73.27349331,345.730635,389.2841152,100.1220719,0
1972431,207.1231535,317.518471,0,65.91711855,0,523.5249296
2003188,0,0,0,87.06034526,0,0
885040,0,0,114.3361155,41.04273419,0,0
2488665,555.4666391,0,138.8367117,110.6910104,0,41.46732116
29449,0,0,185.1156156,192.7764788,134.7797122,0
300825,0,0,0,0,0,264.3541724
2966625,131.8056432,170.9714844,103.4469617,32.33669967,0,137.3605013
624,0,0,0,0,0,0
83526,103.5615768,177.0776088,163.3373079,84.57290682,80.86782731,132.1770862
1812111,0,0,0,0,0,28.5087833
367743,0,189.2898577,106.1692501,32.33669967,0,212.5200209
3231032,160.0497096,140.4408622,130.6698463,29.84926123,0,0
2593653,169.4643984,61.06124443,381.120385,307.1986468,88.56952515,0
2907827,0,79.37961776,51.72348083,19.89950749,0,82.93464232
2714928,0,103.8041155,73.50178854,23.63066514,119.3763165,54.42585902
774,0,103.8041155,0,19.89950749,0,98.48488775
271420,0,0,0,36.06785732,0,0
1448857,0,0,46.2789039,0,0,59.60927417
176102,0,0,0,0,0,0
76758,0,67.16736887,76.22407701,119.3970449,207.9458417,103.6683029
52692,0,0,0,0,61.61358271,77.75122717
2020311,0,0,0,0,0,0
2562284,0,0,196.0047694,119.3970449,77.01697839,44.05902873
3231511,169.4643984,116.0163644,147.0035771,42.28645341,0,38.87561359
2233999,0,128.2286133,639.7377892,152.9774638,65.46443163,158.0941619
3082444,0,0,76.22407701,26.11810358,161.7356546,103.6683029
1526571,131.8056432,61.06124443,38.1120385,140.5402716,0,28.5087833
2930213,0,67.16736887,73.50178854,28.60554201,0,142.5439165
2653858,0,128.2286133,0,33.58041888,0,176.2361149
223919,0,0,0,0,0,103.6683029
468911,112.9762656,97.69799109,40.83432697,18.65578827,0,64.79268931
2589080,0,0,29.94517311,106.9598527,0,0
1759089,0,0,0,16.16834983,0,80.34293475
2213226,338.9287967,494.5960799,65.33492315,22.38694592,0,88.11805746
92933,0,0,672.4052507,184.0704443,115.5254676,0
3070679,197.7084647,213.7143555,87.11323087,26.11810358,0,235.8453891
2527974,273.0259751,189.2898577,176.9487502,328.3418735,80.86782731,54.42585902
2996035,94.14688797,0,0,16.16834983,0,152.9107468
2903568,0,0,51.72348083,101.9849759,0,0
499229,0,61.06124443,0,17.41206905,65.46443163,129.5853786
100716,0,79.37961776,0,22.38694592,0,41.46732116
126333,0,0,0,0,0,28.5087833
234828,0,0,0,0,0,0
2654676,0,0,59.89034622,252.4750012,200.2441438,121.8102559
454155,0,0,51.72348083,27.36182279,0,59.60927417
2169400,0,0,133.3921348,235.0629322,338.8747049,171.0526998
2161677,122.3909544,140.4408622,35.38975004,54.72364559,0,95.89318018
1920809,0,0,432.8438659,253.7187205,623.837525,0
115778,0,0,0,0,0,287.6795405
3160833,254.1965975,213.7143555,114.3361155,60.94224168,0,98.48488775
3350178,376.5875519,299.2000977,149.7258656,180.3392866,127.0780143,72.56781203
2021234,0,0,0,68.40455699,0,75.1595196
3065648,0,0,0,23.63066514,0,158.0941619
3454466,150.6350208,91.59186664,174.2264617,237.5503706,246.4543309,0
2007306,131.8056432,225.9266044,29.94517311,19.89950749,0,233.2536815
138853,498.9785063,451.8532088,0,0,0,528.7083448
935222,244.7819087,280.8817244,117.058404,43.53017263,0,38.87561359
2748098,207.1231535,85.4857422,323.9523273,504.9500025,61.61358271,0
1888890,0,0,0,62.1859609,0,196.9697755
1147,0,0,163.3373079,67.16083777,0,77.75122717
2883205,0,0,68.05721161,59.69852246,0,0
3064139,0,0,35.38975004,60.94224168,0,500.1995615
1870984,508.3931951,403.0042132,0,0,0,129.5853786
3135640,0,0,0,0,0,0
195253,160.0497096,183.1837333,370.2312312,100.7412567,73.16612947,0
3440637,0,0,32.66746157,0,0,0
97393,0,79.37961776,65.33492315,19.89950749,0,114.0351332
1959104,310.6847303,73.27349331,0,0,0,106.2600105
2528964,0,0,266.7842695,212.6759863,619.9866761,0
3031799,0,0,0,0,1809.898992,0
1908198,197.7084647,170.9714844,49.00119236,79.59802995,0,67.38439688
3459122,207.1231535,158.7592355,78.94636547,92.03522213,0,64.79268931
3126740,0,0,65.33492315,43.53017263,38.5084892,0
1260629,188.2937759,122.1224889,40.83432697,0,0,235.8453891
2929509,0,0,0,0,0,0
3397060,0,0,78.94636547,27.36182279,169.4373525,36.28390601
2675331,0,85.4857422,62.61263469,93.27894135,385.084892,85.52634989
2906515,0,0,68.05721161,33.58041888,0,220.2951437
1855616,0,0,0,0,0,0
754516,207.1231535,219.8204799,0,0,0,41.46732116
326522,0,0,29.94517311,16.16834983,0,36.28390601
2992140,0,0,185.1156156,203.9699517,269.5594244,137.3605013
1727,0,0,0,68.40455699,0,0
648995,0,0,225.9499426,259.9373166,173.2882014,217.7034361
1229727,207.1231535,97.69799109,386.564962,701.4576389,154.0339568,0
644281,122.3909544,183.1837333,68.05721161,22.38694592,0,176.2361149
1776392,809.6632366,726.6288087,157.8927309,0,0,152.9107468
1178516,0,0,51.72348083,22.38694592,53.91188488,114.0351332
2833628,244.7819087,213.7143555,176.9487502,109.4472912,123.2271654,0
2213194,178.8790872,158.7592355,78.94636547,23.63066514,0,49.24244388
433296,112.9762656,152.6531111,49.00119236,14.92463062,0,184.0112376
1912855,0,0,0,0,0,44.05902873
3384444,0,0,35.38975004,16.16834983,593.0307336,0
320912,555.4666391,433.5348354,108.8915386,123.1282026,0,129.5853786
59512,0,0,155.1704425,65.91711855,0,95.89318018
2796927,0,0,43.55661543,28.60554201,42.35933812,0
407164,395.4169295,323.6245955,141.5590002,116.9096065,0,0
1830,0,0,0,207.7011094,0,0
2991499,0,91.59186664,73.50178854,53.47992637,0,57.01756659
1389004,122.3909544,122.1224889,59.89034622,297.2488931,92.42037407,28.5087833
1628086,866.1513694,659.4614398,193.282481,149.2463062,0,0
3374600,244.7819087,219.8204799,0,28.60554201,0,114.0351332
97481,0,0,0,0,0,318.7800314
34,225.9525311,0,149.7258656,232.5754938,0,0
1442556,160.0497096,0,70.77950008,63.42968012,304.2170647,0
2303505,0,0,0,0,0,51.83415145
2709688,225.9525311,189.2898577,204.1716348,134.3216755,42.35933812,67.38439688
84159,0,146.5469866,914.6889241,305.9549276,73.16612947,111.4434256
47678,0,0,0,21.14322671,0,217.7034361
2780077,150.6350208,244.2449777,106.1692501,42.28645341,0,0
1188228,0,0,332.1191927,69.64827621,0,243.6205118
708126,0,0,38.1120385,0,0,126.9936711
59733,442.4903735,390.7919643,40.83432697,22.38694592,0,207.3366058
2818388,0,140.4408622,212.3385002,268.6433511,46.21018704,77.75122717
2852117,0,0,106.1692501,41.04273419,1886.915971,33.69219844
2589790,0,0,0,0,0,0
185300,112.9762656,85.4857422,0,27.36182279,0,186.6029452
3098297,0,0,127.9475578,89.54778369,0,121.8102559
2810514,131.8056432,134.3347377,76.22407701,22.38694592,0,443.1819949
1077935,489.5638175,421.3225866,239.5613849,456.444953,61.61358271,33.69219844
2995304,197.7084647,0,179.6710387,545.9927367,84.71867623,28.5087833
2020875,150.6350208,134.3347377,122.5029809,42.28645341,42.35933812,46.6507363
715,0,293.0939733,0,27.36182279,0,111.4434256
3020883,0,61.06124443,29.94517311,26.11810358,0,168.4609922
3252900,338.9287967,299.2000977,59.89034622,33.58041888,0,0
2984846,0,67.16736887,70.77950008,42.28645341,0,152.9107468
529,0,0,367.5089427,206.4573902,0,106.2600105
2676868,94.14688797,116.0163644,65.33492315,31.09298045,146.3322589,41.46732116
383750,188.2937759,103.8041155,0,37.31157654,0,82.93464232
1499687,0,0,0,0,0,88.11805746
2986838,310.6847303,170.9714844,70.77950008,27.36182279,69.31528055,129.5853786
1761794,112.9762656,0,0,37.31157654,0,0
103816,0,0,364.7866543,441.5203224,365.8306474,311.0049087
571256,225.9525311,244.2449777,402.8986928,133.0779563,0,124.4019635
2952477,0,0,136.1144232,100.7412567,0,36.28390601
78,376.5875519,366.3674666,242.2836733,149.2463062,0,0
2230877,94.14688797,97.69799109,43.55661543,0,0,62.20098174
1817965,0,0,797.6305201,254.9624397,123.2271654,0
3042300,188.2937759,140.4408622,51.72348083,0,0,0
2980026,178.8790872,201.5021066,32.66746157,19.89950749,0,178.8278225
2782163,141.220332,0,0,0,0,54.42585902
1215089,131.8056432,103.8041155,0,0,0,80.34293475
159346,197.7084647,85.4857422,149.7258656,309.6860853,346.5764028,0
2036206,0,0,117.058404,28.60554201,0,82.93464232
29486,536.6372615,519.0205776,38.1120385,21.14322671,0,150.3190392
2729421,141.220332,140.4408622,98.00238472,21.14322671,0,64.79268931
553,291.8553527,225.9266044,114.3361155,105.7161335,0,0
28137,188.2937759,268.6694755,73.50178854,42.28645341,0,36.28390601
2494550,310.6847303,164.86536,198.7270579,498.7314064,88.56952515,0
3028296,0,67.16736887,0,0,96.27122299,0
546367,254.1965975,207.6082311,78.94636547,37.31157654,0,0
80860,0,0,68.05721161,62.1859609,0,0
3424766,235.3672199,134.3347377,27.22288465,41.04273419,0,101.0765953
1094342,348.3434855,146.5469866,152.448154,197.7513557,0,0
311182,150.6350208,232.0327288,296.7294426,90.79150291,0,64.79268931
1930071,0,0,54.44576929,13.6809114,0,155.5024543
1008,0,146.5469866,54.44576929,43.53017263,53.91188488,54.42585902
3042615,103.5615768,128.2286133,103.4469617,80.84174917,0,0
96344,207.1231535,250.3511022,247.7282503,319.635839,0,243.6205118
2589986,0,0,0,0,0,33.69219844
2597518,0,73.27349331,111.613827,150.4900254,0,0
2908843,0,85.4857422,130.6698463,189.0453211,0,137.3605013
28446,0,0,65.33492315,13.6809114,0,59.60927417
432329,0,0,0,31.09298045,0,41.46732116
2975482,0,61.06124443,43.55661543,26.11810358,46.21018704,51.83415145
2777186,122.3909544,170.9714844,95.28009626,50.99248794,0,90.70976504
2695882,0,0,0,0,0,108.851718
80867,0,164.86536,182.3933271,203.9699517,69.31528055,0
1028752,0,0,0,52.23620715,0,158.0941619
2937758,414.2463071,262.563351,81.66865394,33.58041888,0,0
897,103.5615768,116.0163644,78.94636547,65.91711855,42.35933812,88.11805746
2774562,0,0,0,203.9699517,0,0
28447,0,189.2898577,138.8367117,187.8016019,0,44.05902873
3296934,0,0,54.44576929,82.08546838,0,33.69219844
2498451,103.5615768,85.4857422,70.77950008,55.96736481,0,54.42585902
316068,94.14688797,103.8041155,62.61263469,44.77389185,0,46.6507363
1904862,0,0,54.44576929,0,77.01697839,106.2600105
1845000,131.8056432,85.4857422,0,0,0,59.60927417
2108445,0,0,190.5601925,97.010099,42.35933812,46.6507363
2073078,0,0,0,36.06785732,0,0
96232,112.9762656,61.06124443,0,0,0,108.851718
1636720,0,0,0,0,0,235.8453891
309805,0,0,182.3933271,54.72364559,0,44.05902873
2557994,0,0,65.33492315,28.60554201,0,62.20098174
2708350,0,0,0,0,0,28.5087833
1663591,0,170.9714844,560.7914237,268.6433511,103.9729208,0
46503,291.8553527,183.1837333,95.28009626,48.5050495,0,46.6507363
1967665,0,134.3347377,81.66865394,19.89950749,0,388.7561359
158500,0,0,217.7830772,221.3820208,0,51.83415145
3404132,122.3909544,0,108.8915386,303.4674892,65.46443163,0
197162,0,73.27349331,35.38975004,21.14322671,69.31528055,209.9283134
52694,0,0,114.3361155,47.26133028,0,155.5024543
67345,0,122.1224889,51.72348083,72.13571464,61.61358271,64.79268931
1151742,367.1728631,341.9429688,193.282481,27.36182279,196.3932949,67.38439688
1536774,0,0,0,0,0,155.5024543
285729,0,0,0,0,0,321.371739
317658,112.9762656,91.59186664,114.3361155,26.11810358,0,64.79268931
2921670,0,0,87.11323087,29.84926123,0,25.91707572
349221,160.0497096,122.1224889,106.1692501,90.79150291,0,80.34293475
2842356,0,0,40.83432697,52.23620715,0,0
528187,0,0,0,16.16834983,0,31.10049087
437900,112.9762656,201.5021066,95.28009626,73.37943386,0,46.6507363
2710596,0,91.59186664,73.50178854,47.26133028,96.27122299,137.3605013
3080760,169.4643984,116.0163644,46.2789039,16.16834983,0,0
3145235,0,91.59186664,59.89034622,131.8342371,0,0
673862,0,0,0,0,0,282.4961254
1109412,169.4643984,116.0163644,62.61263469,55.96736481,0,49.24244388
3138254,0,0,0,94.52266056,0,0
516075,150.6350208,103.8041155,32.66746157,0,0,0
570162,0,0,0,19.89950749,0,0
106,150.6350208,73.27349331,111.613827,62.1859609,0,282.4961254
907,0,0,38.1120385,0,0,168.4609922
2316383,103.5615768,91.59186664,38.1120385,0,0,82.93464232
3242681,696.686971,286.9878488,0,0,0,126.9936711
2911520,932.0541909,0,206.8939233,110.6910104,0,85.52634989
47735,150.6350208,128.2286133,92.5578078,65.91711855,0,98.48488775
84595,0,0,122.5029809,131.8342371,358.1289495,0
652716,150.6350208,79.37961776,0,18.65578827,100.1220719,75.1595196
675,0,109.91024,81.66865394,38.55529576,0,114.0351332
313603,0,116.0163644,78.94636547,104.4724143,0,119.2185483
249188,0,0,0,0,0,44.05902873
3093873,103.5615768,85.4857422,38.1120385,95.76637978,0,334.3302768
299262,94.14688797,79.37961776,217.7830772,604.4475399,50.06103596,0
940614,0,61.06124443,59.89034622,67.16083777,0,25.91707572
3440155,0,0,0,0,0,0
1650,0,0,92.5578078,0,0,287.6795405
29520,0,0,136.1144232,60.94224168,0,0
2115,0,122.1224889,32.66746157,19.89950749,0,54.42585902
3290090,0,0,32.66746157,31.09298045,100.1220719,251.3956345
2886510,0,0,0,0,0,0
411153,169.4643984,177.0776088,149.7258656,79.59802995,0,80.34293475
1712410,141.220332,274.7755999,81.66865394,41.04273419,0,57.01756659
3097547,122.3909544,85.4857422,68.05721161,55.96736481,0,111.4434256
1333845,0,0,40.83432697,13.6809114,0,0
2879618,0,0,0,0,0,0
1678309,0,0,473.6781928,144.2714293,0,173.6444074
3003258,301.2700415,201.5021066,49.00119236,26.11810358,0,93.30147261
196162,0,0,209.6162118,164.1709368,73.16612947,0
54259,0,61.06124443,0,0,0,77.75122717
1763534,357.7581743,280.8817244,157.8927309,82.08546838,0,57.01756659
1955013,0,0,0,0,0,36.28390601
3418415,150.6350208,73.27349331,43.55661543,34.8241381,0,279.9044178
3067780,0,0,0,0,0,0
3350167,0,0,29.94517311,19.89950749,0,132.1770862
439387,0,0,84.3909424,89.54778369,404.3391366,38.87561359
2202827,0,109.91024,190.5601925,99.49753744,57.76273379,0
2825845,0,0,0,0,0,495.0161463
2918516,0,0,0,47.26133028,0,114.0351332
3018314,0,116.0163644,43.55661543,41.04273419,61.61358271,184.0112376
2518322,0,0,49.00119236,32.33669967,0,0
3036359,0,0,81.66865394,36.06785732,154.0339568,165.8692846
929813,0,0,70.77950008,47.26133028,0,64.79268931
172,225.9525311,335.8368444,122.5029809,49.74876872,0,77.75122717
2528025,0,0,49.00119236,259.9373166,219.4983884,0
858422,0,73.27349331,130.6698463,106.9598527,335.023856,41.46732116
1312364,423.6609959,103.8041155,100.7246732,99.49753744,53.91188488,0
53946,0,0,43.55661543,141.7839908,0,28.5087833
33964,395.4169295,140.4408622,0,0,0,129.5853786
2992802,0,0,0,14.92463062,0,0
944547,0,0,0,0,0,186.6029452
1173026,0,116.0163644,394.7318274,114.4221681,57.76273379,145.1356241
471,131.8056432,134.3347377,54.44576929,36.06785732,0,165.8692846
2033137,216.5378423,140.4408622,43.55661543,33.58041888,0,132.1770862
1564506,282.4406639,146.5469866,329.3969042,318.3921198,180.9898992,0
28169,423.6609959,262.563351,38.1120385,37.31157654,0,80.34293475
3342538,0,91.59186664,114.3361155,49.74876872,0,178.8278225
3070680,131.8056432,128.2286133,160.6150194,41.04273419,0,176.2361149
46867,367.1728631,305.3062221,49.00119236,21.14322671,0,230.6619739
2448482,0,67.16736887,32.66746157,60.94224168,0,0
265668,141.220332,152.6531111,119.7806924,41.04273419,0,111.4434256
2897332,0,97.69799109,413.7878466,253.7187205,100.1220719,0
3077735,0,0,29.94517311,62.1859609,277.2611222,93.30147261
1196095,225.9525311,189.2898577,84.3909424,34.8241381,0,196.9697755
2666183,0,0,0,171.6332521,0,0
1343,367.1728631,256.4572266,103.4469617,22.38694592,0,103.6683029
1301915,94.14688797,109.91024,29.94517311,12.43719218,0,212.5200209
2567896,131.8056432,116.0163644,100.7246732,374.3594846,73.16612947,38.87561359
438856,0,0,0,94.52266056,0,0
143,291.8553527,103.8041155,0,0,0,57.01756659
3097546,263.6112863,317.518471,179.6710387,75.86687229,0,165.8692846
632773,0,61.06124443,32.66746157,18.65578827,0,142.5439165
406552,0,0,0,0,0,0
2708539,0,0,106.1692501,101.9849759,42.35933812,152.9107468
414771,0,0,29.94517311,28.60554201,0,124.4019635
3075823,235.3672199,103.8041155,40.83432697,88.30406447,0,95.89318018
1229621,216.5378423,232.0327288,57.16805776,34.8241381,0,0
2060312,0,0,51.72348083,109.4472912,0,0
3115297,0,103.8041155,76.22407701,43.53017263,0,64.79268931
2034517,0,79.37961776,49.00119236,59.69852246,57.76273379,62.20098174
2975292,0,0,0,0,0,0
3231513,320.0994191,262.563351,117.058404,63.42968012,0,0
1176721,150.6350208,79.37961776,70.77950008,26.11810358,138.6305611,139.9522089
29556,112.9762656,73.27349331,133.3921348,92.03522213,0,114.0351332
3058398,0,73.27349331,0,14.92463062,84.71867623,88.11805746
2782678,0,0,0,111.9347296,138.6305611,0
985762,0,73.27349331,46.2789039,52.23620715,65.46443163,108.851718
1727164,0,0,89.83551933,55.96736481,585.3290358,259.1707572
2921466,0,0,0,0,0,93.30147261
2801997,0,91.59186664,68.05721161,17.41206905,0,119.2185483
2017482,169.4643984,0,215.0607887,452.7137953,77.01697839,33.69219844
1882438,94.14688797,91.59186664,49.00119236,18.65578827,0,75.1595196
3386277,178.8790872,134.3347377,78.94636547,26.11810358,0,51.83415145
2070761,0,0,35.38975004,53.47992637,0,38.87561359
3017781,254.1965975,500.7022043,264.0619811,538.5304214,0,0
198832,291.8553527,225.9266044,57.16805776,34.8241381,0,95.89318018
351679,178.8790872,195.3959822,27.22288465,33.58041888,0,137.3605013
1388755,112.9762656,140.4408622,0,13.6809114,0,75.1595196
1964215,131.8056432,91.59186664,78.94636547,83.3291876,0,77.75122717
167,0,67.16736887,0,0,0,152.9107468
3058393,0,0,0,13.6809114,0,33.69219844
2528005,0,0,73.50178854,230.0880553,258.0068776,80.34293475
3374549,320.0994191,262.563351,100.7246732,88.30406447,0,64.79268931
76887,0,0,0,0,0,458.7322403
1625,0,164.86536,68.05721161,0,0,0
544580,0,0,0,558.4299289,1174.50892,0
2898793,0,0,62.61263469,103.2286951,0,222.8868512
1601,131.8056432,109.91024,78.94636547,31.09298045,0,80.34293475
3421107,0,0,108.8915386,195.2639172,0,0
2589903,188.2937759,91.59186664,127.9475578,109.4472912,57.76273379,33.69219844
256618,0,85.4857422,372.9535196,334.5604696,0,28.5087833
552386,225.9525311,97.69799109,103.4469617,41.04273419,0,155.5024543
285983,0,0,51.72348083,17.41206905,0,33.69219844
29549,112.9762656,91.59186664,114.3361155,201.4825133,38.5084892,0
92406,0,0,0,0,0,67.38439688
2705319,197.7084647,256.4572266,321.2300388,180.3392866,92.42037407,129.5853786
2897181,0,73.27349331,40.83432697,26.11810358,0,80.34293475
264697,103.5615768,146.5469866,103.4469617,37.31157654,0,88.11805746
44251,0,79.37961776,65.33492315,42.28645341,0,158.0941619
2746932,0,67.16736887,40.83432697,19.89950749,0,57.01756659
3383314,0,0,0,68.40455699,0,0
423351,0,61.06124443,87.11323087,48.5050495,0,67.38439688
302167,0,0,35.38975004,14.92463062,0,191.7863604
3421172,0,0,49.00119236,248.7438436,69.31528055,0
2724,122.3909544,170.9714844,0,36.06785732,0,171.0526998
2170729,310.6847303,109.91024,185.1156156,317.1484006,423.5933812,0
394751,0,0,0,0,288.813669,88.11805746
28107,0,0,0,0,0,93.30147261
1050624,0,0,0,24.87438436,619.9866761,0
419257,0,0,0,0,0,137.3605013
1492898,160.0497096,170.9714844,117.058404,67.16083777,0,108.851718
2861782,0,0,106.1692501,78.35431073,0,25.91707572
2897773,0,0,27.22288465,42.28645341,0,0
166501,348.3434855,439.6409599,198.7270579,72.13571464,0,0
28184,0,97.69799109,163.3373079,89.54778369,73.16612947,158.0941619
84757,0,0,73.50178854,94.52266056,0,25.91707572
3119977,141.220332,140.4408622,0,28.60554201,0,85.52634989
104609,273.0259751,244.2449777,35.38975004,44.77389185,53.91188488,132.1770862
1704499,0,0,38.1120385,48.5050495,0,108.851718
138072,0,0,0,0,0,108.851718
1208324,216.5378423,195.3959822,329.3969042,620.6158898,84.71867623,0
2864210,0,0,0,0,0,0
2483033,0,0,70.77950008,217.6508631,61.61358271,64.79268931
1449,0,0,0,0,0,163.2775771
2932255,263.6112863,348.0490932,35.38975004,24.87438436,0,116.6268408
28068,0,134.3347377,147.0035771,240.0378091,100.1220719,49.24244388
1929246,0,91.59186664,0,0,0,116.6268408
1389005,0,0,70.77950008,241.2815283,53.91188488,38.87561359
3402159,197.7084647,134.3347377,51.72348083,87.06034526,0,171.0526998
1210884,574.2960166,470.1715821,92.5578078,139.2965524,69.31528055,132.1770862
2709390,0,0,0,0,0,0
29358,0,0,0,0,0,119.2185483
515256,687.2722822,635.0369421,0,0,0,0
2045208,178.8790872,0,119.7806924,166.6583752,61.61358271,88.11805746
28111,178.8790872,177.0776088,54.44576929,34.8241381,0,230.6619739
286727,0,0,457.344462,123.1282026,92.42037407,0
3412034,0,0,38.1120385,0,0,160.6858695
248903,0,0,0,0,0,181.4195301
3039116,225.9525311,189.2898577,190.5601925,68.40455699,42.35933812,116.6268408
2895352,131.8056432,103.8041155,43.55661543,64.67339933,0,93.30147261
28171,0,61.06124443,0,22.38694592,0,88.11805746
1226968,160.0497096,0,334.8414811,105.7161335,0,25.91707572
266749,0,116.0163644,0,19.89950749,0,176.2361149
357441,0,0,0,0,0,129.5853786
435,0,103.8041155,149.7258656,106.9598527,92.42037407,28.5087833
2921616,216.5378423,225.9266044,0,16.16834983,0,54.42585902
2127060,0,0,100.7246732,200.2387941,200.2441438,82.93464232
109790,0,0,0,0,0,93.30147261
2895522,0,0,0,22.38694592,0,69.97610446
3093923,94.14688797,170.9714844,54.44576929,32.33669967,0,106.2600105
2792479,0,0,0,0,0,64.79268931
2681984,0,0,0,16.16834983,0,38.87561359
423477,0,0,51.72348083,87.06034526,96.27122299,80.34293475
39791,0,0,0,23.63066514,211.7966906,64.79268931
45497,0,0,49.00119236,27.36182279,300.3662157,103.6683029
3060757,0,0,32.66746157,0,0,98.48488775
3070659,0,0,40.83432697,63.42968012,0,54.42585902
1434102,0,0,0,0,0,98.48488775
357999,0,0,73.50178854,22.38694592,0,158.0941619
2686359,169.4643984,189.2898577,76.22407701,69.64827621,0,64.79268931
3239962,1007.371701,580.0818221,103.4469617,78.35431073,0,0
1445505,197.7084647,207.6082311,46.2789039,39.79901497,0,36.28390601
3020056,0,67.16736887,0,18.65578827,0,72.56781203
3003623,0,0,0,0,0,0
1470067,376.5875519,213.7143555,49.00119236,13.6809114,0,93.30147261
1294262,112.9762656,152.6531111,0,0,0,38.87561359
3398209,0,0,0,0,0,0
2774875,0,0,54.44576929,55.96736481,0,0
2954078,0,0,0,0,0,0
596095,0,0,29.94517311,16.16834983,0,0
2923283,0,0,0,0,0,158.0941619
399176,0,0,138.8367117,152.9774638,0,0
2479546,0,183.1837333,0,0,0,114.0351332
40223,301.2700415,348.0490932,179.6710387,70.89199542,0,62.20098174
2487742,0,0,43.55661543,27.36182279,42.35933812,51.83415145
70346,0,158.7592355,0,0,0,101.0765953
2921460,263.6112863,158.7592355,29.94517311,28.60554201,0,36.28390601
126156,122.3909544,134.3347377,62.61263469,29.84926123,0,51.83415145
1500254,0,0,84.3909424,29.84926123,0,98.48488775
399,0,0,323.9523273,217.6508631,65.46443163,69.97610446
1755811,0,0,0,0,0,82.93464232
904039,0,0,0,134.3216755,165.5865035,0
3144951,0,128.2286133,558.0691352,70.89199542,130.9288633,33.69219844
1233113,112.9762656,134.3347377,544.4576929,136.809114,57.76273379,0
50052,0,0,0,0,0,75.1595196
3374189,0,0,0,18.65578827,0,90.70976504
3423439,216.5378423,0,0,0,0,0
52022,0,0,0,0,0,0
171288,0,0,46.2789039,24.87438436,0,95.89318018
2508708,103.5615768,85.4857422,68.05721161,13.6809114,0,88.11805746
46020,0,0,0,0,0,132.1770862
3395467,141.220332,183.1837333,35.38975004,0,0,147.7273316
2497863,0,0,38.1120385,53.47992637,0,64.79268931
1778540,0,0,0,135.5653948,0,72.56781203
717609,856.7366806,311.4123466,0,0,0,41.46732116
216932,0,103.8041155,78.94636547,36.06785732,0,124.4019635
185007,0,0,0,0,0,212.5200209
3069118,197.7084647,73.27349331,89.83551933,88.30406447,73.16612947,196.9697755
3133297,1073.274523,488.4899554,315.7854619,0,0,0
2908839,0,91.59186664,0,18.65578827,0,41.46732116
2741070,0,0,76.22407701,190.2890403,84.71867623,72.56781203
2068655,0,0,0,16.16834983,0,0
652787,94.14688797,116.0163644,100.7246732,26.11810358,0,51.83415145
980251,112.9762656,97.69799109,76.22407701,111.9347296,100.1220719,36.28390601
1658616,94.14688797,116.0163644,62.61263469,39.79901497,0,77.75122717
1689834,0,0,40.83432697,48.5050495,0,31.10049087
3243388,0,0,0,0,0,0
44250,141.220332,177.0776088,111.613827,33.58041888,0,95.89318018
41673,0,103.8041155,0,0,0,181.4195301
1250205,169.4643984,134.3347377,81.66865394,54.72364559,84.71867623,114.0351332
3016528,112.9762656,103.8041155,35.38975004,43.53017263,0,233.2536815
66969,0,61.06124443,29.94517311,26.11810358,0,243.6205118
3018315,0,0,59.89034622,0,0,233.2536815
2849779,254.1965975,140.4408622,215.0607887,436.5454455,184.8407481,0
2909669,0,0,54.44576929,58.45480324,0,106.2600105
1325090,593.1253942,268.6694755,117.058404,90.79150291,111.6746187,0
29423,0,73.27349331,40.83432697,12.43719218,0,49.24244388
2908646,0,0,269.506558,113.1784488,0,82.93464232
28183,131.8056432,170.9714844,125.2252694,58.45480324,0,103.6683029
393657,0,0,119.7806924,70.89199542,0,0
123899,291.8553527,244.2449777,138.8367117,103.2286951,65.46443163,0
2766526,112.9762656,61.06124443,574.402866,294.7614547,88.56952515,0
753,263.6112863,232.0327288,114.3361155,58.45480324,0,82.93464232
1277350,0,0,0,24.87438436,0,28.5087833
3057114,0,0,0,0,0,0
2598579,197.7084647,116.0163644,122.5029809,222.62574,115.5254676,0
2682541,0,116.0163644,0,0,0,46.6507363
3422597,0,0,0,89.54778369,0,0
3076558,131.8056432,79.37961776,168.7818848,74.62315308,134.7797122,36.28390601
41170,0,91.59186664,166.0595963,140.5402716,0,181.4195301
47715,0,183.1837333,108.8915386,27.36182279,88.56952515,108.851718
269673,112.9762656,134.3347377,78.94636547,31.09298045,0,246.2122194
2877527,320.0994191,213.7143555,130.6698463,38.55529576,0,129.5853786
1631968,94.14688797,109.91024,138.8367117,144.2714293,0,44.05902873
3161071,0,0,32.66746157,32.33669967,0,0
878220,244.7819087,201.5021066,59.89034622,42.28645341,0,139.9522089
649161,0,0,0,0,0,202.1531907
1504981,0,0,0,0,0,0
3440154,112.9762656,164.86536,57.16805776,34.8241381,0,152.9107468
1333662,0,170.9714844,0,52.23620715,0,103.6683029
2763670,207.1231535,116.0163644,0,0,0,33.69219844
2014,451.9050623,329.7307199,250.4505387,370.6283269,0,77.75122717
2986834,329.5141079,238.1388533,81.66865394,41.04273419,0,111.4434256
1500960,0,0,32.66746157,13.6809114,0,163.2775771
3058432,0,0,0,46.01761106,0,129.5853786
33941,0,0,0,0,0,0
47760,442.4903735,415.2164621,68.05721161,67.16083777,0,31.10049087
41997,131.8056432,146.5469866,0,0,0,88.11805746
315358,216.5378423,152.6531111,0,12.43719218,0,82.93464232
36841,0,0,0,0,0,155.5024543
2518973,244.7819087,164.86536,46.2789039,37.31157654,0,93.30147261
204039,0,0,92.5578078,29.84926123,0,277.3127103
2921679,0,0,0,0,0,0
1234143,0,116.0163644,117.058404,62.1859609,127.0780143,28.5087833
434008,0,103.8041155,206.8939233,189.0453211,1089.790244,0
3077789,0,79.37961776,0,22.38694592,0,155.5024543
421,0,73.27349331,0,60.94224168,0,33.69219844
3092138,0,91.59186664,122.5029809,426.5956918,84.71867623,0
592978,0,134.3347377,0,0,0,0
406548,188.2937759,177.0776088,117.058404,356.9474156,146.3322589,0
418008,178.8790872,134.3347377,217.7830772,47.26133028,0,64.79268931
2921364,320.0994191,213.7143555,0,19.89950749,0,173.6444074
2732163,0,592.294071,81.66865394,57.21108403,0,88.11805746
3156486,0,0,0,0,0,191.7863604
1503054,0,0,103.4469617,62.1859609,0,31.10049087
1629,0,116.0163644,65.33492315,23.63066514,0,25.91707572
204,0,67.16736887,0,0,53.91188488,57.01756659
1293,122.3909544,140.4408622,108.8915386,49.74876872,38.5084892,114.0351332
3241169,0,85.4857422,62.61263469,18.65578827,0,44.05902873
935293,244.7819087,286.9878488,73.50178854,17.41206905,0,36.28390601
2738883,0,61.06124443,32.66746157,68.40455699,0,0
2864209,0,0,40.83432697,32.33669967,619.9866761,0
173366,197.7084647,219.8204799,114.3361155,113.1784488,0,0
2153354,0,0,0,27.36182279,0,0
890415,0,0,345.730635,39.79901497,0,88.11805746
1935446,254.1965975,116.0163644,141.5590002,36.06785732,0,116.6268408
313985,216.5378423,256.4572266,103.4469617,74.62315308,0,51.83415145
2487892,0,0,0,0,0,0
53360,0,0,117.058404,125.615641,0,0
3123317,94.14688797,103.8041155,0,0,0,194.3780679
3034674,301.2700415,299.2000977,70.77950008,78.35431073,65.46443163,142.5439165
2143,103.5615768,116.0163644,38.1120385,12.43719218,0,85.52634989
2997337,188.2937759,128.2286133,127.9475578,262.424755,73.16612947,0
459472,103.5615768,97.69799109,89.83551933,37.31157654,61.61358271,75.1595196
82688,235.3672199,238.1388533,49.00119236,26.11810358,88.56952515,108.851718
3322121,0,0,108.8915386,84.57290682,0,49.24244388
79885,0,103.8041155,141.5590002,43.53017263,0,251.3956345
404386,0,128.2286133,149.7258656,202.7262325,0,54.42585902
2755338,207.1231535,170.9714844,0,0,0,80.34293475
3064265,225.9525311,164.86536,168.7818848,240.0378091,84.71867623,31.10049087
682998,0,0,277.6734234,80.84174917,0,0
3065647,122.3909544,164.86536,155.1704425,90.79150291,0,54.42585902
2734118,103.5615768,0,0,0,238.752633,0
3395462,141.220332,128.2286133,78.94636547,31.09298045,0,129.5853786
2006131,141.220332,152.6531111,46.2789039,36.06785732,0,85.52634989
1993,0,122.1224889,171.5041733,200.2387941,65.46443163,57.01756659
53443,160.0497096,170.9714844,84.3909424,0,0,38.87561359
86660,0,0,0,0,0,62.20098174
1541,0,97.69799109,32.66746157,0,0,220.2951437
69666,0,0,176.9487502,144.2714293,50.06103596,228.0702664
2509675,0,97.69799109,59.89034622,34.8241381,0,142.5439165
333962,338.9287967,262.563351,95.28009626,36.06785732,0,272.1292951
3118105,0,67.16736887,35.38975004,0,377.3831941,158.0941619
2921389,0,0,32.66746157,17.41206905,0,90.70976504
202951,0,0,65.33492315,27.36182279,50.06103596,77.75122717
391036,0,67.16736887,38.1120385,0,0,51.83415145
393662,178.8790872,85.4857422,92.5578078,365.6534501,0,36.28390601
2755562,131.8056432,128.2286133,59.89034622,0,0,139.9522089
1867719,225.9525311,146.5469866,119.7806924,161.6834983,88.56952515,114.0351332
3015983,320.0994191,378.5797155,92.5578078,64.67339933,0,0
1834192,0,0,0,0,0,103.6683029
2698672,225.9525311,201.5021066,70.77950008,390.5278344,196.3932949,67.38439688
2662262,0,128.2286133,76.22407701,42.28645341,0,103.6683029
2975955,0,109.91024,163.3373079,123.1282026,0,31.10049087
2731552,0,0,0,50.99248794,0,38.87561359
1309795,197.7084647,158.7592355,98.00238472,31.09298045,0,114.0351332
1904378,150.6350208,67.16736887,304.896308,195.2639172,77.01697839,0
2704462,178.8790872,146.5469866,0,36.06785732,0,129.5853786
2259672,0,0,0,0,0,38.87561359
1166950,207.1231535,164.86536,119.7806924,210.1885478,50.06103596,0
3412684,0,0,40.83432697,72.13571464,0,28.5087833
2006115,0,0,95.28009626,53.47992637,0,147.7273316
1748242,160.0497096,140.4408622,70.77950008,104.4724143,0,57.01756659
1148196,423.6609959,372.473591,274.9511349,232.5754938,0,0
2478663,103.5615768,128.2286133,51.72348083,23.63066514,0,204.7448982
1399115,0,0,0,0,0,106.2600105
692036,0,97.69799109,29.94517311,63.42968012,0,38.87561359
39777,0,0,0,135.5653948,0,38.87561359
673372,0,0,40.83432697,26.11810358,0,158.0941619
101385,0,61.06124443,68.05721161,74.62315308,0,171.0526998
2979869,0,97.69799109,57.16805776,62.1859609,0,134.7687938
1545044,103.5615768,0,168.7818848,203.9699517,150.1831079,0
3153301,244.7819087,170.9714844,62.61263469,39.79901497,42.35933812,59.60927417
1336802,0,0,0,27.36182279,0,111.4434256
291048,282.4406639,201.5021066,98.00238472,43.53017263,0,220.2951437
2689109,94.14688797,134.3347377,76.22407701,17.41206905,0,0
2901836,0,116.0163644,32.66746157,18.65578827,77.01697839,160.6858695
2233542,225.9525311,219.8204799,46.2789039,26.11810358,0,0
2220096,178.8790872,109.91024,620.6817699,172.8769713,69.31528055,0
2804617,0,0,73.50178854,63.42968012,38.5084892,0
55212,338.9287967,244.2449777,171.5041733,57.21108403,0,49.24244388
29370,0,67.16736887,78.94636547,27.36182279,0,150.3190392
271098,291.8553527,293.0939733,92.5578078,32.33669967,0,67.38439688
300231,0,0,0,53.47992637,0,64.79268931
3077734,0,0,0,0,0,0
47917,0,103.8041155,51.72348083,62.1859609,0,46.6507363
1873425,188.2937759,91.59186664,0,23.63066514,0,64.79268931
1972867,0,0,179.6710387,206.4573902,0,0
2051959,94.14688797,158.7592355,70.77950008,47.26133028,0,106.2600105
1716543,207.1231535,152.6531111,49.00119236,0,0,57.01756659
2852098,141.220332,103.8041155,68.05721161,23.63066514,0,152.9107468
3423956,0,0,0,0,53.91188488,139.9522089
243899,0,0,0,13.6809114,0,158.0941619
2912315,0,189.2898577,38.1120385,0,204.0949927,49.24244388
876,188.2937759,177.0776088,95.28009626,58.45480324,0,124.4019635
1891207,263.6112863,286.9878488,68.05721161,46.01761106,0,186.6029452
2994078,0,0,0,16.16834983,0,101.0765953
1751095,122.3909544,122.1224889,81.66865394,60.94224168,0,51.83415145
2109,0,0,27.22288465,0,0,101.0765953
2723092,0,0,0,14.92463062,0,114.0351332
36854,404.8316183,561.7634487,65.33492315,34.8241381,84.71867623,90.70976504
2304600,0,103.8041155,280.3957119,242.5252475,88.56952515,59.60927417
400092,0,0,46.2789039,28.60554201,0,238.4370967
404011,178.8790872,152.6531111,81.66865394,41.04273419,0,0
2745562,0,0,0,0,0,0
2787629,0,0,0,0,0,0
459529,367.1728631,238.1388533,0,0,0,323.9634466
712368,320.0994191,158.7592355,0,0,0,0
2219696,0,0,223.2276541,419.1333764,0,0
1525218,0,0,0,0,0,0
1798225,178.8790872,238.1388533,46.2789039,73.37943386,0,150.3190392
2778911,216.5378423,97.69799109,0,0,0,0
2694930,0,0,119.7806924,52.23620715,531.4171509,106.2600105
2587847,0,0,179.6710387,401.7213074,142.48141,165.8692846
436663,0,225.9266044,166.0595963,177.8518482,0,0
3115296,0,0,0,0,0,85.52634989
879970,112.9762656,103.8041155,68.05721161,22.38694592,0,98.48488775
28173,150.6350208,134.3347377,54.44576929,44.77389185,0,160.6858695
86665,122.3909544,103.8041155,103.4469617,26.11810358,0,95.89318018
1244531,94.14688797,170.9714844,62.61263469,14.92463062,0,51.83415145
3093854,0,0,32.66746157,68.40455699,0,230.6619739
1795874,0,158.7592355,0,68.40455699,0,0
412690,0,0,65.33492315,108.203572,73.16612947,95.89318018
1128137,0,201.5021066,0,0,42.35933812,75.1595196
1453352,0,85.4857422,32.66746157,120.6407641,0,191.7863604
3100176,0,0,59.89034622,63.42968012,0,62.20098174
3029053,150.6350208,128.2286133,62.61263469,28.60554201,0,101.0765953
3128900,0,97.69799109,40.83432697,26.11810358,65.46443163,380.9810132
3059078,131.8056432,85.4857422,117.058404,52.23620715,0,64.79268931
95619,0,0,0,0,0,409.4897964
2720720,0,0,0,0,0,82.93464232
61435,0,0,0,23.63066514,0,0
495820,216.5378423,201.5021066,46.2789039,12.43719218,0,171.0526998
402384,122.3909544,0,0,0,0,0
2496266,0,0,0,22.38694592,0,28.5087833
3073816,225.9525311,268.6694755,29.94517311,17.41206905,0,54.42585902
116718,160.0497096,164.86536,0,16.16834983,0,194.3780679
2267253,0,61.06124443,62.61263469,22.38694592,42.35933812,69.97610446
321662,0,0,0,44.77389185,0,0
255045,0,0,176.9487502,146.7588677,246.4543309,33.69219844
2608982,0,0,0,87.06034526,188.6915971,72.56781203
2592382,160.0497096,152.6531111,38.1120385,18.65578827,0,228.0702664
2607663,0,91.59186664,49.00119236,18.65578827,0,150.3190392
1758374,0,0,0,0,0,41.46732116
2925838,0,0,0,0,0,95.89318018
3230969,94.14688797,152.6531111,38.1120385,42.28645341,0,0
746691,103.5615768,170.9714844,51.72348083,0,0,163.2775771
2725558,0,0,0,39.79901497,0,0
2924033,103.5615768,134.3347377,32.66746157,14.92463062,0,111.4434256
455344,0,73.27349331,108.8915386,99.49753744,92.42037407,0
3423955,0,0,253.1728272,185.3141635,103.9729208,0
47877,414.2463071,256.4572266,68.05721161,77.11059151,0,108.851718
3445672,1045.030457,464.0654577,106.1692501,72.13571464,0,0
1288970,0,73.27349331,201.4493464,146.7588677,46.21018704,77.75122717
128780,404.8316183,317.518471,375.6758081,253.7187205,0,194.3780679
56455,376.5875519,268.6694755,122.5029809,82.08546838,0,57.01756659
1528106,0,0,95.28009626,48.5050495,0,41.46732116
931531,122.3909544,67.16736887,193.282481,100.7412567,0,80.34293475
390884,0,0,185.1156156,119.3970449,0,85.52634989
1141221,0,1734.139342,0,0,0,0
3079861,546.0519503,341.9429688,125.2252694,72.13571464,0,0
2518177,178.8790872,103.8041155,51.72348083,42.28645341,0,147.7273316
2946593,169.4643984,85.4857422,76.22407701,49.74876872,0,49.24244388
504468,94.14688797,67.16736887,479.1227698,169.1458136,115.5254676,54.42585902
413503,244.7819087,207.6082311,95.28009626,49.74876872,0,0
1917421,141.220332,0,0,53.47992637,0,51.83415145
1735111,0,0,73.50178854,55.96736481,0,147.7273316
1302659,0,0,78.94636547,34.8241381,0,241.0288042
680026,216.5378423,189.2898577,138.8367117,37.31157654,0,33.69219844
1108595,451.9050623,293.0939733,149.7258656,73.37943386,0,0
2739434,0,0,310.340885,83.3291876,0,0
2689107,94.14688797,73.27349331,35.38975004,0,0,0
401472,0,0,0,46.01761106,1628.909093,0
3389876,0,0,59.89034622,133.0779563,0,85.52634989
52,103.5615768,67.16736887,70.77950008,259.9373166,50.06103596,67.38439688
2572923,131.8056432,0,0,42.28645341,61.61358271,82.93464232
981385,0,85.4857422,38.1120385,16.16834983,0,57.01756659
55518,131.8056432,79.37961776,446.4553082,161.6834983,53.91188488,0
284581,178.8790872,177.0776088,0,22.38694592,0,121.8102559
34004,103.5615768,0,130.6698463,236.3066514,73.16612947,111.4434256
1387353,0,116.0163644,103.4469617,238.7940898,69.31528055,33.69219844
3050131,0,0,0,0,0,36.28390601
521520,112.9762656,61.06124443,32.66746157,24.87438436,0,64.79268931
160791,141.220332,177.0776088,367.5089427,405.4524651,123.2271654,0
198119,0,0,38.1120385,14.92463062,0,152.9107468
1872431,0,201.5021066,225.9499426,313.4172429,0,0
2106,0,0,0,0,0,0
3242727,0,97.69799109,59.89034622,21.14322671,0,95.89318018
3080056,0,0,81.66865394,110.6910104,0,80.34293475
2903661,0,0,0,0,0,0
2910158,103.5615768,201.5021066,57.16805776,31.09298045,0,119.2185483
158850,0,0,35.38975004,28.60554201,0,95.89318018
285450,0,0,76.22407701,77.11059151,0,0
81459,0,0,81.66865394,48.5050495,0,41.46732116
2590016,0,73.27349331,84.3909424,111.9347296,0,41.46732116
3395916,0,0,70.77950008,99.49753744,134.7797122,0
2528023,150.6350208,73.27349331,92.5578078,284.8117009,84.71867623,36.28390601
216778,160.0497096,97.69799109,130.6698463,170.3895329,50.06103596,31.10049087
164608,0,0,166.0595963,150.4900254,0,44.05902873
58839,0,0,0,0,0,0
2652274,0,189.2898577,49.00119236,19.89950749,0,72.56781203
1246,414.2463071,445.7470843,81.66865394,37.31157654,219.4983884,88.11805746
2712222,112.9762656,0,245.0059618,198.9950749,50.06103596,33.69219844
1325358,160.0497096,116.0163644,40.83432697,0,0,49.24244388
322019,0,0,0,0,0,28.5087833
2202647,0,0,0,0,0,0
226505,94.14688797,201.5021066,95.28009626,78.35431073,0,101.0765953
169430,0,0,0,73.37943386,0,124.4019635
2593652,131.8056432,128.2286133,0,17.41206905,0,46.6507363
1825976,442.4903735,372.473591,345.730635,128.1030794,0,0
2589987,94.14688797,85.4857422,0,28.60554201,38.5084892,59.60927417
2847045,790.833859,677.7798132,38.1120385,77.11059151,0,0
1964449,0,0,0,63.42968012,0,0
69284,668.4429046,415.2164621,198.7270579,361.9222924,0,46.6507363
2675797,0,116.0163644,0,0,0,49.24244388
1404888,0,0,73.50178854,85.81662604,273.4102733,0
353851,0,0,0,0,0,85.52634989
3342640,0,0,171.5041733,139.2965524,57.76273379,0
454601,0,0,54.44576929,62.1859609,0,0
861445,103.5615768,0,0,16.16834983,0,31.10049087
339862,0,140.4408622,43.55661543,12.43719218,0,80.34293475
1855610,0,0,0,0,0,44.05902873
3053655,0,0,0,83.3291876,0,90.70976504
1621989,197.7084647,73.27349331,27.22288465,13.6809114,0,82.93464232
3410790,141.220332,134.3347377,103.4469617,487.5379334,0,67.38439688
2124,0,0,0,0,0,0
335406,0,207.6082311,481.8450582,468.8821452,146.3322589,0
2785746,0,0,98.00238472,42.28645341,0,230.6619739
1788301,0,0,40.83432697,38.55529576,0,0
198483,301.2700415,158.7592355,51.72348083,0,0,95.89318018
2809707,0,0,65.33492315,49.74876872,0,80.34293475
2692134,0,146.5469866,46.2789039,23.63066514,111.6746187,139.9522089
3092148,150.6350208,73.27349331,152.448154,594.4977862,46.21018704,44.05902873
1630406,0,140.4408622,62.61263469,63.42968012,0,119.2185483
34090,0,0,0,0,0,106.2600105
3029272,0,79.37961776,0,0,0,241.0288042
1458461,0,0,1502.703232,93.27894135,0,0
2715959,0,0,310.340885,164.1709368,103.9729208,111.4434256
129338,0,0,0,0,0,158.0941619
2035858,0,0,0,54.72364559,0,25.91707572
2735134,103.5615768,0,100.7246732,123.1282026,65.46443163,0
2744521,0,0,138.8367117,120.6407641,0,129.5853786
184064,0,0,0,0,0,57.01756659
1877,423.6609959,293.0939733,193.282481,151.7337446,77.01697839,0
2819290,188.2937759,91.59186664,76.22407701,0,0,111.4434256
3454464,178.8790872,128.2286133,98.00238472,172.8769713,150.1831079,31.10049087
2963940,0,0,0,0,0,142.5439165
3416668,0,0,0,0,635.3900717,93.30147261
574727,0,0,174.2264617,63.42968012,138.6305611,51.83415145
171523,706.1016598,433.5348354,133.3921348,0,0,0
3139328,0,61.06124443,0,0,0,33.69219844
1763363,0,61.06124443,174.2264617,99.49753744,96.27122299,199.5614831
2952932,0,0,81.66865394,115.6658873,46.21018704,0
2878151,357.7581743,299.2000977,228.672231,60.94224168,0,0
66269,0,0,0,0,0,186.6029452
640330,0,0,0,12.43719218,0,129.5853786
2722752,225.9525311,85.4857422,141.5590002,391.7715537,184.8407481,25.91707572
938288,0,0,0,0,0,49.24244388
505341,0,0,29.94517311,0,0,31.10049087
2259595,178.8790872,177.0776088,122.5029809,54.72364559,0,178.8278225
2214,94.14688797,122.1224889,43.55661543,0,0,134.7687938
1244,0,0,0,0,0,186.6029452
1955412,282.4406639,91.59186664,163.3373079,197.7513557,107.8237698,114.0351332
1918946,141.220332,152.6531111,62.61263469,26.11810358,0,69.97610446
564064,0,0,51.72348083,33.58041888,0,49.24244388
1499973,131.8056432,158.7592355,78.94636547,48.5050495,42.35933812,147.7273316
3406418,0,146.5469866,92.5578078,108.203572,107.8237698,33.69219844
1027273,0,0,0,33.58041888,0,119.2185483
3070815,0,0,0,23.63066514,0,44.05902873
1918945,0,79.37961776,73.50178854,34.8241381,0,129.5853786
360911,103.5615768,116.0163644,57.16805776,27.36182279,0,160.6858695
3239934,0,128.2286133,166.0595963,189.0453211,65.46443163,0
522485,0,0,40.83432697,14.92463062,223.3492373,176.2361149
1472767,112.9762656,61.06124443,29.94517311,21.14322671,0,59.60927417
2053287,0,116.0163644,0,0,0,106.2600105
2920382,0,0,0,19.89950749,0,108.851718
3036303,0,0,0,55.96736481,111.6746187,184.0112376
2040469,0,0,84.3909424,78.35431073,0,95.89318018
187493,0,0,0,23.63066514,57.76273379,46.6507363
3136295,0,0,0,0,0,95.89318018
859058,160.0497096,61.06124443,626.1263469,231.3317745,0,0
2921573,376.5875519,403.0042132,87.11323087,0,0,316.1883238
3035935,0,91.59186664,427.3992889,225.1131784,57.76273379,0
686597,0,0,500.9010775,337.0479081,0,0
36873,0,0,89.83551933,119.3970449,0,0
1261634,0,73.27349331,35.38975004,0,0,44.05902873
539262,376.5875519,409.1103377,174.2264617,54.72364559,0,0
2487118,0,85.4857422,70.77950008,22.38694592,0,155.5024543
2552947,0,0,57.16805776,21.14322671,0,108.851718
2986827,216.5378423,195.3959822,49.00119236,34.8241381,0,95.89318018
2903669,1026.201079,360.2613421,0,113.1784488,0,0
2897772,348.3434855,201.5021066,163.3373079,149.2463062,0,0
2954094,0,0,0,26.11810358,0,121.8102559
558537,0,0,343.0083465,405.4524651,639.2409207,0
2742685,0,0,0,17.41206905,0,95.89318018
38323,0,0,38.1120385,0,0,54.42585902
2772557,122.3909544,116.0163644,0,28.60554201,0,147.7273316
1529069,0,128.2286133,0,39.79901497,0,189.1946528
3072793,112.9762656,103.8041155,367.5089427,202.7262325,53.91188488,38.87561359
2724528,0,0,62.61263469,325.8544351,296.5153668,44.05902873
2937788,160.0497096,128.2286133,236.8390964,355.7036963,57.76273379,0
2921563,0,0,0,0,0,0
3121287,0,67.16736887,157.8927309,286.0554201,61.61358271,38.87561359
2479367,0,0,73.50178854,0,0,0
1524259,112.9762656,0,98.00238472,444.0077608,88.56952515,0
2918914,160.0497096,183.1837333,35.38975004,13.6809114,0,31.10049087
2094020,216.5378423,134.3347377,0,0,0,129.5853786
3378765,0,0,236.8390964,67.16083777,196.3932949,0
3342676,0,189.2898577,119.7806924,0,0,178.8278225
2942908,178.8790872,158.7592355,49.00119236,19.89950749,57.76273379,0
470565,0,0,127.9475578,148.0025869,0,57.01756659
74109,0,85.4857422,108.8915386,52.23620715,0,88.11805746
166314,0,0,106.1692501,24.87438436,84.71867623,0
2600598,0,0,0,57.21108403,0,0
80679,254.1965975,256.4572266,206.8939233,217.6508631,65.46443163,0
2175619,0,0,111.613827,43.53017263,0,0
1886,0,0,424.6770005,560.9173673,0,155.5024543
2303538,0,0,0,78.35431073,0,103.6683029
2913503,367.1728631,201.5021066,70.77950008,118.1533257,723.9595969,0
216427,0,0,0,0,0,31.10049087
2832500,0,0,0,0,0,0
3080759,188.2937759,225.9266044,89.83551933,19.89950749,0,41.46732116
2662448,338.9287967,109.91024,174.2264617,67.16083777,103.9729208,38.87561359
1138189,498.9785063,384.6858399,340.2860581,134.3216755,0,0
1720343,536.6372615,470.1715821,187.8379041,94.52266056,0,0
3070676,207.1231535,225.9266044,103.4469617,23.63066514,0,145.1356241
525886,141.220332,116.0163644,0,0,0,44.05902873
242600,0,0,0,19.89950749,38.5084892,101.0765953
1336795,0,128.2286133,0,58.45480324,0,90.70976504
248039,0,61.06124443,0,0,0,233.2536815
2740404,0,0,0,0,0,178.8278225
3132747,0,0,0,28.60554201,0,0
2819100,112.9762656,256.4572266,65.33492315,41.04273419,0,36.28390601
1006005,0,0,0,0,0,59.60927417
2981138,0,85.4857422,49.00119236,150.4900254,61.61358271,44.05902873
471827,94.14688797,67.16736887,0,24.87438436,42.35933812,0
2946605,0,250.3511022,234.116808,176.6081289,123.2271654,0
3391828,131.8056432,73.27349331,125.2252694,34.8241381,0,38.87561359
1532350,0,0,0,0,0,64.79268931
3463854,0,61.06124443,65.33492315,32.33669967,0,98.48488775
337,0,0,78.94636547,118.1533257,50.06103596,0
1806508,94.14688797,0,100.7246732,100.7412567,69.31528055,220.2951437
730,150.6350208,170.9714844,0,0,107.8237698,101.0765953
712361,0,116.0163644,43.55661543,16.16834983,0,139.9522089
120959,225.9525311,225.9266044,84.3909424,64.67339933,0,132.1770862
1481663,207.1231535,183.1837333,59.89034622,53.47992637,0,0
2932183,0,109.91024,0,0,0,44.05902873
170573,112.9762656,195.3959822,32.66746157,17.41206905,438.9967768,126.9936711
69896,0,79.37961776,27.22288465,23.63066514,0,98.48488775
1740262,197.7084647,219.8204799,108.8915386,58.45480324,0,171.0526998
2839024,0,0,81.66865394,47.26133028,0,49.24244388
2560053,329.5141079,116.0163644,288.5625772,344.5102234,88.56952515,0
3422307,0,0,304.896308,111.9347296,92.42037407,0
2175646,856.7366806,647.2491909,0,58.45480324,0,0
83683,197.7084647,207.6082311,51.72348083,0,0,64.79268931
3077926,0,0,0,0,0,308.4132011
395922,103.5615768,67.16736887,38.1120385,68.40455699,0,0
2961941,338.9287967,122.1224889,95.28009626,119.3970449,0,77.75122717
2587852,207.1231535,0,245.0059618,374.3594846,177.1390503,0
2995223,0,0,43.55661543,74.62315308,73.16612947,0
653937,112.9762656,140.4408622,32.66746157,0,0,64.79268931
1273132,0,61.06124443,0,0,61.61358271,25.91707572
3093867,188.2937759,170.9714844,59.89034622,155.4649022,0,98.48488775
1325115,0,0,73.50178854,73.37943386,130.9288633,0
52443,0,97.69799109,117.058404,24.87438436,38.5084892,129.5853786
3429985,0,0,0,0,0,0
2872754,0,0,119.7806924,62.1859609,0,57.01756659
79263,169.4643984,164.86536,92.5578078,43.53017263,0,101.0765953
2913614,188.2937759,116.0163644,92.5578078,28.60554201,0,114.0351332
186490,0,109.91024,46.2789039,19.89950749,42.35933812,178.8278225
240495,0,97.69799109,157.8927309,247.5001244,100.1220719,114.0351332
428411,150.6350208,91.59186664,0,0,0,0
1642819,0,0,0,0,0,116.6268408
1842539,0,0,155.1704425,136.809114,100.1220719,383.5727207
748280,0,0,65.33492315,65.91711855,73.16612947,0
940,0,0,0,0,0,132.1770862
2704651,0,0,0,0,0,383.5727207
2184161,0,0,737.7401739,431.5705686,57.76273379,0
985002,141.220332,85.4857422,84.3909424,24.87438436,0,171.0526998
45067,0,0,0,17.41206905,0,77.75122717
3414511,0,67.16736887,0,0,0,181.4195301
46541,131.8056432,103.8041155,57.16805776,21.14322671,0,75.1595196
2269374,0,0,0,0,0,145.1356241
3069686,0,79.37961776,0,46.01761106,0,184.0112376
107327,263.6112863,146.5469866,32.66746157,19.89950749,0,119.2185483
1776742,0,0,35.38975004,27.36182279,0,59.60927417
29362,103.5615768,170.9714844,40.83432697,17.41206905,0,80.34293475
2923362,0,0,0,16.16834983,0,33.69219844
1773489,0,0,141.5590002,101.9849759,0,33.69219844
293091,0,0,0,0,0,93.30147261
573501,0,0,0,113.1784488,0,90.70976504
3022250,0,0,70.77950008,55.96736481,0,0
481353,94.14688797,97.69799109,0,0,46.21018704,64.79268931
102134,0,0,49.00119236,31.09298045,0,95.89318018
480520,0,0,35.38975004,21.14322671,0,212.5200209
690594,0,73.27349331,0,0,0,90.70976504
1323375,216.5378423,201.5021066,100.7246732,29.84926123,0,57.01756659
2331,207.1231535,103.8041155,35.38975004,16.16834983,0,160.6858695
2650471,0,0,119.7806924,242.5252475,169.4373525,0
1563703,0,0,49.00119236,27.36182279,0,329.1468617
2781899,0,0,359.3420773,152.9774638,107.8237698,230.6619739
2583587,0,97.69799109,27.22288465,87.06034526,0,38.87561359
379097,0,0,0,42.28645341,0,49.24244388
2614693,0,0,0,48.5050495,0,57.01756659
2582913,0,0,168.7818848,74.62315308,0,0
2728827,122.3909544,122.1224889,127.9475578,182.826725,42.35933812,25.91707572
480418,0,0,0,0,0,0
1834193,0,0,35.38975004,16.16834983,111.6746187,62.20098174
2138,0,0,0,0,0,101.0765953
710190,235.3672199,415.2164621,125.2252694,38.55529576,73.16612947,54.42585902
59814,0,0,57.16805776,74.62315308,46.21018704,82.93464232
1316941,0,0,0,0,0,46.6507363
2866808,0,67.16736887,29.94517311,46.01761106,0,0
3349874,0,128.2286133,0,0,0,49.24244388
3445777,0,0,57.16805776,55.96736481,0,0
2675790,0,0,73.50178854,29.84926123,0,88.11805746
42422,216.5378423,238.1388533,0,12.43719218,0,88.11805746
1387555,0,427.428711,122.5029809,49.74876872,0,191.7863604
87541,0,0,0,0,0,67.38439688
41675,0,0,0,0,0,0
44009,0,0,0,0,0,0
414778,169.4643984,116.0163644,0,0,0,124.4019635
3017782,216.5378423,158.7592355,522.6793852,477.5881797,0,0
1071983,0,79.37961776,68.05721161,19.89950749,496.7595106,54.42585902
658062,0,0,0,55.96736481,0,62.20098174
351604,244.7819087,140.4408622,185.1156156,130.5905179,0,59.60927417
3152361,0,0,46.2789039,18.65578827,0,0
2202721,254.1965975,213.7143555,84.3909424,105.7161335,0,103.6683029
3004093,376.5875519,348.0490932,70.77950008,87.06034526,0,69.97610446
225992,0,0,0,37.31157654,0,0
1176536,0,0,125.2252694,78.35431073,1343.946273,0
89014,338.9287967,299.2000977,149.7258656,31.09298045,0,0
570505,0,0,171.5041733,118.1533257,38.5084892,28.5087833
1987580,0,0,370.2312312,128.1030794,0,85.52634989
138118,0,0,54.44576929,69.64827621,0,33.69219844
3234141,0,0,0,0,0,0
3436242,0,0,0,0,0,90.70976504
552467,0,0,0,31.09298045,127.0780143,199.5614831
45243,0,85.4857422,65.33492315,34.8241381,0,64.79268931
2676871,0,0,89.83551933,63.42968012,0,0
2014887,0,0,185.1156156,140.5402716,993.5190213,0
2711231,0,0,68.05721161,166.6583752,88.56952515,59.60927417
2762331,0,97.69799109,38.1120385,54.72364559,0,0
1410606,160.0497096,122.1224889,35.38975004,12.43719218,0,0
2189,178.8790872,97.69799109,70.77950008,26.11810358,0,69.97610446
33934,0,0,108.8915386,39.79901497,0,186.6029452
1125966,131.8056432,109.91024,0,0,38.5084892,256.5790497
214853,188.2937759,183.1837333,155.1704425,46.01761106,0,103.6683029
2583989,0,0,43.55661543,0,0,85.52634989
34002,150.6350208,85.4857422,182.3933271,486.2942142,84.71867623,54.42585902
1752398,0,0,147.0035771,106.9598527,0,44.05902873
160808,0,0,49.00119236,46.01761106,0,72.56781203
28227,0,67.16736887,43.55661543,14.92463062,38.5084892,134.7687938
2998077,0,128.2286133,136.1144232,59.69852246,0,98.48488775
1249630,0,0,0,0,0,38.87561359
2904121,0,0,32.66746157,26.11810358,0,129.5853786
2878680,0,0,108.8915386,41.04273419,0,0
2528026,141.220332,0,114.3361155,361.9222924,223.3492373,36.28390601
2704653,0,0,57.16805776,0,0,163.2775771
1878942,0,0,84.3909424,31.09298045,1444.068345,0
2785785,451.9050623,183.1837333,76.22407701,59.69852246,0,54.42585902
2930200,94.14688797,97.69799109,59.89034622,23.63066514,0,119.2185483
496056,0,85.4857422,81.66865394,37.31157654,0,54.42585902
3060301,0,67.16736887,68.05721161,16.16834983,0,80.34293475
2828763,0,0,73.50178854,24.87438436,0,251.3956345
2750995,178.8790872,183.1837333,76.22407701,58.45480324,0,36.28390601
1673428,0,0,40.83432697,18.65578827,0,212.5200209
586733,122.3909544,134.3347377,0,0,0,77.75122717
3117013,0,0,40.83432697,139.2965524,53.91188488,59.60927417
518898,301.2700415,213.7143555,49.00119236,70.89199542,77.01697839,0
1395624,103.5615768,91.59186664,59.89034622,21.14322671,0,51.83415145
3074378,0,0,0,0,0,0
2903644,0,0,0,0,0,0
167964,338.9287967,213.7143555,62.61263469,33.58041888,0,0
491948,0,0,73.50178854,23.63066514,0,49.24244388
45363,0,0,35.38975004,0,0,108.851718
2317,0,0,0,0,0,101.0765953
617123,169.4643984,134.3347377,49.00119236,27.36182279,84.71867623,108.851718
1731,0,0,0,0,0,54.42585902
555315,112.9762656,109.91024,130.6698463,166.6583752,50.06103596,88.11805746
1848766,0,0,29.94517311,12.43719218,0,62.20098174
2781774,94.14688797,122.1224889,0,0,0,139.9522089
2708020,0,0,40.83432697,17.41206905,0,90.70976504
2287,0,116.0163644,0,0,0,54.42585902
3132265,357.7581743,219.8204799,0,0,69.31528055,69.97610446
2996794,150.6350208,219.8204799,73.50178854,32.33669967,0,108.851718
747522,0,85.4857422,163.3373079,79.59802995,435.1459279,85.52634989
2782004,0,0,0,42.28645341,0,0
46506,0,0,0,34.8241381,0,80.34293475
3002900,0,360.2613421,0,55.96736481,0,178.8278225
2303331,131.8056432,439.6409599,141.5590002,202.7262325,50.06103596,33.69219844
2723090,0,0,51.72348083,14.92463062,0,111.4434256
214888,141.220332,177.0776088,68.05721161,18.65578827,0,121.8102559
2912228,0,0,122.5029809,42.28645341,0,163.2775771
2893889,0,122.1224889,0,0,0,51.83415145
2807101,0,79.37961776,182.3933271,138.0528332,96.27122299,0
2681552,0,0,35.38975004,68.40455699,0,0
2813577,0,0,0,63.42968012,0,0
107400,0,0,419.2324235,184.0704443,269.5594244,0
1867846,169.4643984,238.1388533,57.16805776,16.16834983,0,168.4609922
861299,178.8790872,73.27349331,108.8915386,292.2740162,69.31528055,0
2081791,0,0,179.6710387,108.203572,84.71867623,64.79268931
3118169,0,0,0,0,0,0
280145,0,0,0,0,0,191.7863604
472,0,0,0,0,0,163.2775771
659,0,0,59.89034622,22.38694592,0,114.0351332
3048609,0,0,0,24.87438436,0,0
484184,0,0,0,0,0,189.1946528
72360,0,0,0,0,0,0
2528021,0,0,73.50178854,248.7438436,165.5865035,137.3605013
2497875,0,0,0,38.55529576,0,28.5087833
2054282,0,109.91024,258.6174041,78.35431073,65.46443163,69.97610446
2953738,0,0,54.44576929,41.04273419,0,44.05902873
114881,0,0,0,0,0,51.83415145
2713501,188.2937759,286.9878488,0,0,0,59.60927417
544718,0,116.0163644,0,0,0,155.5024543
227866,0,0,51.72348083,24.87438436,0,108.851718
2921697,0,0,0,0,0,0
2714952,0,0,89.83551933,125.615641,0,158.0941619
1128113,0,0,73.50178854,67.16083777,0,0
3395319,0,0,0,0,0,145.1356241
2603215,0,0,65.33492315,77.11059151,0,0
3235110,0,0,0,62.1859609,0,0
3057176,0,0,157.8927309,217.6508631,0,0
51515,0,0,0,17.41206905,0,57.01756659
2495582,94.14688797,61.06124443,43.55661543,22.38694592,0,176.2361149
3400420,0,79.37961776,29.94517311,22.38694592,0,114.0351332
964,0,0,78.94636547,87.06034526,88.56952515,80.34293475
1511,0,128.2286133,35.38975004,19.89950749,0,31.10049087
1852022,103.5615768,67.16736887,492.7342121,235.0629322,80.86782731,0
570156,0,0,0,0,0,248.803927
2769490,0,0,0,48.5050495,0,49.24244388
3025666,131.8056432,128.2286133,46.2789039,16.16834983,0,318.7800314
57320,0,0,59.89034622,72.13571464,0,72.56781203
3120525,244.7819087,256.4572266,51.72348083,29.84926123,0,0
2928472,0,0,525.4016737,296.0051739,80.86782731,0
1987723,122.3909544,91.59186664,87.11323087,64.67339933,0,163.2775771
3135644,0,67.16736887,51.72348083,94.52266056,0,67.38439688
1891675,0,0,54.44576929,34.8241381,0,155.5024543
111501,141.220332,85.4857422,43.55661543,225.1131784,0,101.0765953
1835721,0,0,0,0,0,0
290399,216.5378423,0,51.72348083,47.26133028,0,0
3096987,0,0,65.33492315,243.7689667,103.9729208,0
2950245,160.0497096,109.91024,40.83432697,46.01761106,0,103.6683029
3234145,0,97.69799109,78.94636547,41.04273419,0,124.4019635
411486,0,0,0,0,0,49.24244388
398049,0,0,49.00119236,26.11810358,0,64.79268931
875171,0,0,65.33492315,169.1458136,53.91188488,49.24244388
2880221,0,0,0,19.89950749,0,279.9044178
456827,0,0,0,0,0,0
3415678,0,116.0163644,185.1156156,182.826725,80.86782731,0
139,0,0,296.7294426,79.59802995,0,230.6619739
70258,0,0,0,0,0,25.91707572
1579316,0,0,0,109.4472912,38.5084892,101.0765953
284016,0,0,247.7282503,177.8518482,0,0
885581,103.5615768,146.5469866,0,12.43719218,0,101.0765953
76517,0,0,38.1120385,46.01761106,69.31528055,93.30147261
2029860,0,0,46.2789039,139.2965524,73.16612947,0
1903704,122.3909544,109.91024,43.55661543,49.74876872,0,54.42585902
511487,0,0,89.83551933,31.09298045,88.56952515,0
1974203,0,0,70.77950008,89.54778369,0,241.0288042
68286,0,79.37961776,100.7246732,125.615641,88.56952515,137.3605013
3238809,0,0,46.2789039,41.04273419,0,132.1770862
185008,0,0,0,0,0,152.9107468
1893,0,0,144.2812886,118.1533257,0,85.52634989
53558,0,0,27.22288465,18.65578827,0,46.6507363
1158459,0,0,62.61263469,34.8241381,50.06103596,90.70976504
577,0,0,0,0,73.16612947,207.3366058
3029062,273.0259751,146.5469866,217.7830772,411.6710611,0,0
1639118,0,0,29.94517311,21.14322671,0,80.34293475
1380675,0,122.1224889,76.22407701,22.38694592,111.6746187,90.70976504
3228750,0,103.8041155,108.8915386,238.7940898,0,147.7273316
171695,0,0,40.83432697,16.16834983,0,77.75122717
1096243,0,0,138.8367117,74.62315308,1193.763165,0
31909,169.4643984,73.27349331,0,0,0,41.46732116
1836,197.7084647,73.27349331,157.8927309,231.3317745,73.16612947,28.5087833
3449832,0,0,76.22407701,53.47992637,0,0
33052,282.4406639,0,147.0035771,189.0453211,0,0
123841,0,0,98.00238472,29.84926123,0,75.1595196
2511069,103.5615768,0,108.8915386,329.5855928,204.0949927,0
2739,0,109.91024,81.66865394,31.09298045,46.21018704,62.20098174
2923272,0,0,87.11323087,87.06034526,0,0
2653857,112.9762656,122.1224889,201.4493464,110.6910104,0,72.56781203
33900,0,0,264.0619811,263.6684742,0,0
1173263,0,0,190.5601925,46.01761106,0,59.60927417
2756107,0,0,0,0,0,0
1763536,160.0497096,170.9714844,43.55661543,33.58041888,0,184.0112376
2908211,0,79.37961776,95.28009626,27.36182279,0,82.93464232
28127,178.8790872,189.2898577,81.66865394,198.9950749,103.9729208,121.8102559
992289,160.0497096,103.8041155,49.00119236,34.8241381,0,145.1356241
2807096,103.5615768,85.4857422,206.8939233,284.8117009,134.7797122,0
1183377,0,0,0,0,0,0
2967130,0,0,122.5029809,72.13571464,0,49.24244388
3073862,0,0,0,17.41206905,0,0
3232308,169.4643984,0,65.33492315,95.76637978,50.06103596,0
3073602,0,91.59186664,0,0,0,0
1930277,0,0,98.00238472,139.2965524,138.6305611,142.5439165
388413,0,0,54.44576929,62.1859609,0,119.2185483
2527996,0,0,179.6710387,465.1509875,265.7085755,93.30147261
353852,0,0,0,0,0,103.6683029
3039426,0,0,0,0,0,603.8678644
2605943,0,0,348.4529235,274.8619472,61.61358271,0
2748865,197.7084647,128.2286133,100.7246732,36.06785732,0,54.42585902
1482074,169.4643984,116.0163644,454.6221736,189.0453211,46.21018704,72.56781203
83552,291.8553527,262.563351,59.89034622,26.11810358,0,150.3190392
1854498,0,0,0,32.33669967,0,0
2259673,131.8056432,0,0,0,0,95.89318018
33025,0,67.16736887,59.89034622,28.60554201,0,103.6683029
2139,94.14688797,0,73.50178854,23.63066514,0,95.89318018
1742358,131.8056432,152.6531111,198.7270579,37.31157654,0,59.60927417
2920935,0,67.16736887,62.61263469,70.89199542,0,106.2600105
461876,254.1965975,286.9878488,43.55661543,21.14322671,0,212.5200209
2995138,0,0,168.7818848,103.2286951,793.2748774,0
114186,0,152.6531111,59.89034622,29.84926123,0,38.87561359
1332080,0,0,302.1740196,217.6508631,250.3051798,114.0351332
2899122,141.220332,152.6531111,46.2789039,54.72364559,0,121.8102559
539813,131.8056432,0,0,27.36182279,0,93.30147261
3440636,0,0,0,13.6809114,0,0
2745558,0,0,0,0,0,0
3116479,0,0,0,23.63066514,0,33.69219844
3076075,0,0,0,0,0,101.0765953
1201031,508.3931951,323.6245955,0,0,0,0
2172098,0,0,70.77950008,68.40455699,0,93.30147261
3457576,131.8056432,91.59186664,141.5590002,152.9774638,69.31528055,0
2822842,197.7084647,116.0163644,89.83551933,39.79901497,0,139.9522089
2843330,112.9762656,122.1224889,299.4517311,166.6583752,38.5084892,0
1322,112.9762656,109.91024,0,24.87438436,0,139.9522089
1100,0,0,0,26.11810358,0,0
3238304,94.14688797,0,147.0035771,425.3519725,50.06103596,0
2749996,0,0,0,0,0,75.1595196
1264,0,85.4857422,0,0,0,98.48488775
3064278,0,0,65.33492315,79.59802995,1239.973352,0
3423225,0,0,0,0,0,88.11805746
674703,0,0,193.282481,187.8016019,177.1390503,0
1404864,0,0,78.94636547,79.59802995,177.1390503,0
3415671,112.9762656,0,160.6150194,334.5604696,169.4373525,0
108,0,0,62.61263469,53.47992637,165.5865035,194.3780679
2942278,0,79.37961776,95.28009626,32.33669967,0,0
1325114,0,0,149.7258656,55.96736481,462.1018704,0
3240374,0,0,106.1692501,93.27894135,215.6475395,0
712036,0,0,35.38975004,29.84926123,0,75.1595196
688,0,0,84.3909424,29.84926123,50.06103596,181.4195301
2562285,141.220332,67.16736887,65.33492315,60.94224168,0,155.5024543
3070661,0,0,0,0,0,88.11805746
2898794,0,0,57.16805776,36.06785732,61.61358271,69.97610446
2972478,103.5615768,0,40.83432697,70.89199542,350.4272517,0
2795690,263.6112863,189.2898577,332.1191927,167.9020944,127.0780143,0
413401,0,0,0,22.38694592,0,145.1356241
3073092,0,0,29.94517311,29.84926123,0,82.93464232
2479392,0,0,0,0,0,0
1045776,141.220332,0,155.1704425,146.7588677,50.06103596,0
2999068,0,0,0,13.6809114,0,75.1595196
3020900,103.5615768,67.16736887,57.16805776,16.16834983,0,114.0351332
116092,0,97.69799109,95.28009626,47.26133028,0,59.60927417
2975701,0,0,54.44576929,55.96736481,50.06103596,25.91707572
716816,0,85.4857422,38.1120385,63.42968012,0,106.2600105
171438,0,91.59186664,111.613827,29.84926123,61.61358271,150.3190392
2697371,0,0,174.2264617,0,0,0
41276,0,0,272.2288465,192.7764788,0,147.7273316
2211108,367.1728631,201.5021066,100.7246732,82.08546838,0,101.0765953
225148,0,0,0,0,103.9729208,46.6507363
2867015,386.0022407,286.9878488,0,157.9523407,369.6814963,0
788,0,0,0,16.16834983,0,98.48488775
28885,0,122.1224889,65.33492315,49.74876872,0,82.93464232
1891280,188.2937759,170.9714844,54.44576929,16.16834983,138.6305611,77.75122717
218208,0,0,40.83432697,42.28645341,0,95.89318018
3447507,0,0,51.72348083,83.3291876,0,33.69219844
2883100,0,0,201.4493464,550.9676136,138.6305611,0
2613965,216.5378423,164.86536,103.4469617,226.3568977,96.27122299,0
1032243,0,67.16736887,32.66746157,0,0,54.42585902
225991,0,0,231.3945195,315.9046814,0,0
2781735,0,0,223.2276541,246.2564052,504.4612085,0
1705394,103.5615768,91.59186664,0,0,50.06103596,98.48488775
2024551,178.8790872,0,182.3933271,200.2387941,42.35933812,36.28390601
3096995,0,0,0,75.86687229,0,0
2903901,0,67.16736887,187.8379041,140.5402716,0,0
109472,0,85.4857422,0,0,84.71867623,150.3190392
2940302,103.5615768,97.69799109,0,0,0,0
467976,197.7084647,128.2286133,136.1144232,356.9474156,100.1220719,0
2903609,0,0,0,144.2714293,0,839.7132535
2609253,0,0,62.61263469,87.06034526,0,0
2774154,273.0259751,97.69799109,32.66746157,0,0,38.87561359
1675036,0,0,0,0,0,49.24244388
1407071,0,122.1224889,35.38975004,21.14322671,0,77.75122717
1384459,0,0,125.2252694,378.0906423,415.8916833,0
3440865,141.220332,128.2286133,76.22407701,16.16834983,0,33.69219844
586239,0,0,81.66865394,24.87438436,0,0
1908,0,0,0,195.2639172,489.0578128,0
2992926,122.3909544,91.59186664,168.7818848,181.5830058,88.56952515,0
2921554,0,97.69799109,95.28009626,38.55529576,0,212.5200209
3060215,0,91.59186664,62.61263469,103.2286951,0,168.4609922
2976983,0,0,29.94517311,22.38694592,0,0
1826607,169.4643984,0,193.282481,429.0831302,84.71867623,33.69219844
216937,0,0,81.66865394,0,0,75.1595196
3016000,0,0,182.3933271,120.6407641,65.46443163,0
2931921,0,0,73.50178854,23.63066514,0,28.5087833
2763107,112.9762656,158.7592355,29.94517311,28.60554201,0,59.60927417
1017270,0,0,117.058404,27.36182279,0,75.1595196
3394320,0,61.06124443,46.2789039,26.11810358,215.6475395,85.52634989
1510466,216.5378423,0,35.38975004,26.11810358,0,108.851718
693075,0,103.8041155,122.5029809,48.5050495,0,124.4019635
2829812,0,0,32.66746157,18.65578827,0,134.7687938
187452,235.3672199,213.7143555,40.83432697,16.16834983,0,383.5727207
1744,0,0,76.22407701,123.1282026,53.91188488,0
2932254,0,0,87.11323087,48.5050495,0,82.93464232
2831893,0,0,196.0047694,62.1859609,0,207.3366058
2812560,0,0,78.94636547,174.1206905,53.91188488,33.69219844
3349698,0,0,27.22288465,115.6658873,0,370.6141829
1235990,0,0,0,0,0,38.87561359
2569540,94.14688797,109.91024,0,65.91711855,38.5084892,0
182141,0,0,136.1144232,94.52266056,0,69.97610446
193462,244.7819087,177.0776088,147.0035771,240.0378091,103.9729208,0
28172,0,0,46.2789039,44.77389185,0,93.30147261
946435,0,0,59.89034622,16.16834983,0,93.30147261
442121,0,0,430.1215774,241.2815283,142.48141,0
2723091,0,0,57.16805776,28.60554201,0,171.0526998
3069689,0,73.27349331,29.94517311,55.96736481,50.06103596,82.93464232
3050072,235.3672199,122.1224889,70.77950008,14.92463062,0,101.0765953
1609546,0,0,0,0,0,44.05902873
3423947,0,0,0,0,0,0
2774633,0,0,0,0,0,225.4785588
2697032,0,0,100.7246732,129.3467987,0,0
2913412,0,0,0,0,0,0
1805933,0,0,0,0,0,67.38439688
2777185,141.220332,128.2286133,32.66746157,19.89950749,46.21018704,308.4132011
1798205,0,0,136.1144232,84.57290682,296.5153668,0
216929,263.6112863,0,168.7818848,186.5578827,69.31528055,0
2831673,273.0259751,219.8204799,62.61263469,21.14322671,61.61358271,90.70976504
3236891,0,97.69799109,0,0,0,98.48488775
1042,169.4643984,170.9714844,198.7270579,416.645938,73.16612947,62.20098174
3127470,0,0,0,0,0,116.6268408
3390026,338.9287967,170.9714844,0,69.64827621,0,59.60927417
702114,0,262.563351,163.3373079,145.5151485,69.31528055,80.34293475
2976002,0,0,125.2252694,130.5905179,88.56952515,0
37692,0,0,0,0,0,0
351671,0,0,32.66746157,16.16834983,0,41.46732116
1473598,0,73.27349331,32.66746157,124.3719218,400.4882876,0
449,141.220332,219.8204799,73.50178854,27.36182279,0,98.48488775
1599,244.7819087,280.8817244,220.5053656,70.89199542,0,108.851718
1912897,0,91.59186664,0,0,0,196.9697755
1902580,169.4643984,164.86536,0,0,0,0
930166,0,0,0,139.2965524,0,59.60927417
377615,0,0,38.1120385,38.55529576,0,41.46732116
2799680,0,0,0,0,0,0
2763667,216.5378423,158.7592355,32.66746157,16.16834983,0,51.83415145
89153,0,0,0,0,0,93.30147261
1084,0,0,285.8402888,135.5653948,69.31528055,0
2912314,0,0,0,33.58041888,84.71867623,25.91707572
463192,0,0,32.66746157,50.99248794,0,69.97610446
2866384,141.220332,152.6531111,68.05721161,21.14322671,0,116.6268408
42094,0,85.4857422,0,0,42.35933812,137.3605013
754,0,116.0163644,81.66865394,32.33669967,38.5084892,69.97610446
2171755,103.5615768,0,59.89034622,157.9523407,57.76273379,44.05902873
449461,451.9050623,403.0042132,147.0035771,143.0277101,53.91188488,0
2724901,273.0259751,195.3959822,0,42.28645341,0,77.75122717
2528022,0,0,108.8915386,471.3695836,111.6746187,0
2683284,0,0,106.1692501,210.1885478,50.06103596,0
45663,546.0519503,488.4899554,0,33.58041888,0,0
298654,112.9762656,61.06124443,108.8915386,177.8518482,92.42037407,31.10049087
28151,0,0,92.5578078,128.1030794,519.8646042,64.79268931
190148,0,61.06124443,84.3909424,121.8844834,169.4373525,25.91707572
999141,0,0,0,21.14322671,0,72.56781203
2564099,131.8056432,152.6531111,68.05721161,19.89950749,0,194.3780679
162209,0,0,54.44576929,24.87438436,0,279.9044178
2569541,0,0,59.89034622,57.21108403,61.61358271,88.11805746
556259,395.4169295,286.9878488,136.1144232,73.37943386,0,0
3163026,0,0,0,0,0,90.70976504
3094839,0,0,0,0,57.76273379,38.87561359
2952610,131.8056432,103.8041155,51.72348083,52.23620715,0,54.42585902
2220073,0,0,29.94517311,12.43719218,0,165.8692846
61647,150.6350208,79.37961776,108.8915386,87.06034526,0,155.5024543
2226,112.9762656,116.0163644,76.22407701,13.6809114,0,150.3190392
43057,122.3909544,109.91024,359.3420773,465.1509875,127.0780143,0
942150,0,0,0,0,0,57.01756659
79209,0,0,0,12.43719218,84.71867623,101.0765953
3398773,0,0,0,0,0,0
342950,112.9762656,91.59186664,62.61263469,39.79901497,0,72.56781203
1968839,122.3909544,91.59186664,27.22288465,13.6809114,0,77.75122717
64160,0,67.16736887,0,0,0,137.3605013
3068989,0,0,0,0,0,0
2810562,150.6350208,158.7592355,57.16805776,72.13571464,80.86782731,64.79268931
3455945,0,0,460.0667505,108.203572,0,0
1737446,0,0,0,29.84926123,0,67.38439688
1163710,470.7344399,354.1552177,43.55661543,34.8241381,0,0
3066284,0,0,0,0,0,31.10049087
2819286,131.8056432,0,95.28009626,366.8971693,173.2882014,0
2527975,291.8553527,274.7755999,209.6162118,242.5252475,111.6746187,0
483013,112.9762656,61.06124443,127.9475578,266.1559126,0,116.6268408
33008,0,0,87.11323087,69.64827621,0,0
1524258,0,0,73.50178854,26.11810358,0,31.10049087
68212,235.3672199,158.7592355,103.4469617,90.79150291,0,0
1973002,131.8056432,91.59186664,100.7246732,206.4573902,96.27122299,0
2136401,0,0,57.16805776,98.25381822,0,77.75122717
3400348,0,0,171.5041733,145.5151485,928.0545896,0
389348,0,85.4857422,73.50178854,24.87438436,0,57.01756659
777,141.220332,61.06124443,59.89034622,33.58041888,0,129.5853786
881,169.4643984,195.3959822,98.00238472,136.809114,77.01697839,386.1644283
2883998,112.9762656,109.91024,35.38975004,0,0,67.38439688
3439063,0,0,0,0,0,59.60927417
1484118,0,0,68.05721161,67.16083777,0,0
3143534,0,0,0,36.06785732,0,0
664683,0,366.3674666,484.5673467,363.1660116,0,0
594679,0,0,62.61263469,33.58041888,0,59.60927417
1325107,0,0,54.44576929,39.79901497,103.9729208,0
2601122,583.7107054,384.6858399,0,0,0,0
2508726,517.8078839,189.2898577,32.66746157,13.6809114,0,46.6507363
2835041,112.9762656,79.37961776,0,0,0,51.83415145
3236844,150.6350208,85.4857422,136.1144232,309.6860853,154.0339568,0
2782662,0,0,78.94636547,77.11059151,250.3051798,46.6507363
3411797,94.14688797,116.0163644,171.5041733,286.0554201,138.6305611,0
2601898,169.4643984,73.27349331,98.00238472,79.59802995,69.31528055,38.87561359
3445781,122.3909544,103.8041155,68.05721161,39.79901497,0,233.2536815
2571749,0,0,155.1704425,174.1206905,69.31528055,0
2039724,103.5615768,134.3347377,32.66746157,44.77389185,0,0
2768068,0,0,68.05721161,97.010099,0,0
37329,0,0,187.8379041,203.9699517,77.01697839,64.79268931
512763,0,0,35.38975004,33.58041888,0,82.93464232
133539,169.4643984,103.8041155,0,43.53017263,0,0
2651974,0,0,70.77950008,171.6332521,0,0
3459034,0,0,0,0,0,0
44001,0,0,413.7878466,166.6583752,0,181.4195301
2907534,0,0,362.0643658,194.020198,0,119.2185483
285574,0,0,117.058404,154.221183,80.86782731,77.75122717
3030011,216.5378423,91.59186664,274.9511349,395.5027113,219.4983884,0
2058152,0,0,296.7294426,0,0,54.42585902
2935863,0,134.3347377,65.33492315,36.06785732,0,77.75122717
649196,0,0,38.1120385,36.06785732,0,0
2878534,160.0497096,116.0163644,125.2252694,54.72364559,361.9797984,57.01756659
2913620,94.14688797,97.69799109,38.1120385,12.43719218,0,75.1595196
3048007,291.8553527,250.3511022,127.9475578,369.3846077,150.1831079,0
346911,0,0,179.6710387,140.5402716,46.21018704,101.0765953
153151,0,0,0,0,0,0
273136,0,103.8041155,0,0,0,0
1549850,414.2463071,323.6245955,280.3957119,237.5503706,0,0
216816,0,286.9878488,127.9475578,94.52266056,0,57.01756659
2599296,0,0,130.6698463,180.3392866,73.16612947,0
43767,141.220332,122.1224889,59.89034622,148.0025869,111.6746187,0
2004650,0,0,0,0,0,64.79268931
911092,0,0,0,0,0,88.11805746
553814,0,0,160.6150194,150.4900254,119.3763165,269.5375875
2903717,0,0,0,74.62315308,0,31.10049087
1927128,0,0,54.44576929,0,0,69.97610446
1824638,0,61.06124443,0,0,0,25.91707572
2883127,0,0,43.55661543,160.4397791,238.752633,54.42585902
2894082,0,0,27.22288465,37.31157654,246.4543309,116.6268408
1448059,112.9762656,0,84.3909424,154.221183,96.27122299,54.42585902
2932259,0,85.4857422,46.2789039,18.65578827,0,171.0526998
562959,0,0,62.61263469,46.01761106,0,0
1353976,122.3909544,109.91024,46.2789039,19.89950749,0,82.93464232
61015,0,219.8204799,130.6698463,37.31157654,0,49.24244388
1470434,0,97.69799109,0,58.45480324,0,88.11805746
2862870,0,0,0,0,38.5084892,0
1861,0,0,76.22407701,103.2286951,157.8848057,0
82380,0,488.4899554,100.7246732,197.7513557,323.4713093,209.9283134
1741,131.8056432,67.16736887,27.22288465,0,0,95.89318018
299308,0,0,0,0,0,67.38439688
2039455,141.220332,85.4857422,106.1692501,101.9849759,0,0
2762576,0,0,54.44576929,54.72364559,0,0
3240853,0,0,38.1120385,0,0,46.6507363
2903570,235.3672199,122.1224889,108.8915386,106.9598527,61.61358271,0
2714036,263.6112863,164.86536,0,0,0,59.60927417
537596,0,0,144.2812886,52.23620715,0,106.2600105
329854,0,0,59.89034622,24.87438436,0,287.6795405
3385991,0,0,46.2789039,33.58041888,0,98.48488775
3096260,0,0,68.05721161,69.64827621,0,57.01756659
2892541,0,0,0,0,0,129.5853786
2493669,0,0,166.0595963,111.9347296,0,41.46732116
3239996,0,0,98.00238472,174.1206905,161.7356546,0
396,197.7084647,128.2286133,106.1692501,167.9020944,0,106.2600105
216935,0,73.27349331,0,0,0,98.48488775
485447,0,0,125.2252694,62.1859609,0,41.46732116
465721,103.5615768,61.06124443,43.55661543,177.8518482,0,0
2861282,0,0,89.83551933,114.4221681,442.8476258,0
1850526,94.14688797,122.1224889,84.3909424,43.53017263,150.1831079,106.2600105
517719,207.1231535,177.0776088,187.8379041,297.2488931,50.06103596,0
349094,131.8056432,97.69799109,0,12.43719218,0,69.97610446
50338,0,0,81.66865394,80.84174917,0,57.01756659
2030797,0,0,133.3921348,0,0,103.6683029
46507,263.6112863,164.86536,0,0,0,69.97610446
159743,0,85.4857422,0,0,0,72.56781203
2496865,0,189.2898577,70.77950008,105.7161335,0,69.97610446
37487,0,91.59186664,166.0595963,277.3493856,0,0
1848900,0,0,62.61263469,103.2286951,0,51.83415145
2856823,216.5378423,146.5469866,261.3396926,258.6935973,46.21018704,33.69219844
2918170,207.1231535,97.69799109,84.3909424,222.62574,107.8237698,0
3450128,0,128.2286133,73.50178854,97.010099,0,119.2185483
3067653,0,0,76.22407701,73.37943386,0,0
3230977,94.14688797,0,46.2789039,123.1282026,0,0
2823043,197.7084647,85.4857422,147.0035771,572.1108403,50.06103596,0
2111,197.7084647,164.86536,29.94517311,0,0,77.75122717
53442,0,0,38.1120385,36.06785732,0,176.2361149
45495,131.8056432,73.27349331,68.05721161,33.58041888,0,0
2044521,0,0,29.94517311,28.60554201,0,62.20098174
150829,94.14688797,79.37961776,0,0,0,57.01756659
2867011,0,0,152.448154,334.5604696,80.86782731,31.10049087
3239887,169.4643984,109.91024,111.613827,167.9020944,96.27122299,0
376805,0,0,0,24.87438436,0,111.4434256
2774151,0,128.2286133,84.3909424,203.9699517,92.42037407,67.38439688
2886935,0,91.59186664,0,23.63066514,0,49.24244388
2898725,0,0,0,0,0,0
251542,0,0,0,0,0,0
1632864,112.9762656,0,89.83551933,263.6684742,154.0339568,0
2855434,0,0,0,0,0,57.01756659
312306,150.6350208,85.4857422,108.8915386,119.3970449,84.71867623,90.70976504
307121,0,0,89.83551933,94.52266056,50.06103596,28.5087833
2806210,150.6350208,225.9266044,81.66865394,152.9774638,0,49.24244388
1654388,122.3909544,140.4408622,70.77950008,26.11810358,0,82.93464232
1649184,0,0,122.5029809,167.9020944,0,0
237258,169.4643984,201.5021066,68.05721161,36.06785732,61.61358271,189.1946528
28141,0,91.59186664,136.1144232,60.94224168,0,33.69219844
2838157,160.0497096,140.4408622,46.2789039,32.33669967,38.5084892,121.8102559
2829795,0,0,46.2789039,57.21108403,0,145.1356241
3047873,141.220332,122.1224889,98.00238472,33.58041888,57.76273379,147.7273316
291403,0,91.59186664,49.00119236,43.53017263,57.76273379,36.28390601
1858656,0,0,49.00119236,75.86687229,92.42037407,0
1632866,112.9762656,79.37961776,54.44576929,17.41206905,0,33.69219844
273251,0,109.91024,54.44576929,68.40455699,50.06103596,77.75122717
3166644,0,0,231.3945195,227.6006169,57.76273379,0
3423952,0,103.8041155,76.22407701,43.53017263,0,49.24244388
1660063,0,0,100.7246732,33.58041888,0,119.2185483
2954099,0,0,0,0,0,0
2202249,0,0,122.5029809,135.5653948,0,85.52634989
944,0,67.16736887,0,0,0,173.6444074
3118173,0,0,76.22407701,93.27894135,80.86782731,0
2029164,0,0,0,0,0,0
168471,0,0,0,120.6407641,146.3322589,0
3081200,0,0,27.22288465,113.1784488,0,25.91707572
2909673,0,0,73.50178854,80.84174917,0,0
282217,0,0,182.3933271,151.7337446,308.0679136,251.3956345
2840474,0,0,119.7806924,247.5001244,0,0
2975737,0,91.59186664,149.7258656,90.79150291,0,0
453842,216.5378423,146.5469866,190.5601925,282.3242625,42.35933812,0
3114537,0,0,264.0619811,228.8443361,80.86782731,0
3229863,0,61.06124443,38.1120385,28.60554201,0,108.851718
28129,0,0,62.61263469,83.3291876,0,62.20098174
2897334,0,79.37961776,138.8367117,97.010099,80.86782731,36.28390601
3063957,0,0,38.1120385,54.72364559,0,119.2185483
2488639,0,0,46.2789039,55.96736481,0,93.30147261
2940299,0,0,0,0,0,0
273376,0,0,0,0,61.61358271,28.5087833
1297121,0,0,57.16805776,55.96736481,0,171.0526998
171404,0,0,0,17.41206905,0,225.4785588
33943,0,0,0,0,0,0
1505757,244.7819087,274.7755999,73.50178854,41.04273419,0,44.05902873
2608631,0,0,0,50.99248794,0,0
547188,160.0497096,0,95.28009626,522.3620715,53.91188488,0
60520,310.6847303,268.6694755,65.33492315,23.63066514,0,147.7273316
33996,0,0,160.6150194,52.23620715,0,85.52634989
2903723,0,0,0,44.77389185,0,111.4434256
2562282,0,73.27349331,51.72348083,49.74876872,0,0
1572645,0,0,46.2789039,37.31157654,0,191.7863604
86102,141.220332,134.3347377,0,36.06785732,0,461.3239479
82348,273.0259751,195.3959822,76.22407701,21.14322671,0,51.83415145
1123043,0,146.5469866,49.00119236,54.72364559,50.06103596,57.01756659
2995161,0,0,27.22288465,21.14322671,0,88.11805746
1925548,169.4643984,177.0776088,103.4469617,32.33669967,0,0
2486272,169.4643984,116.0163644,65.33492315,89.54778369,69.31528055,0
3095343,0,0,114.3361155,89.54778369,0,0
375175,0,0,0,0,0,132.1770862
3238806,0,0,160.6150194,154.221183,0,0
2010183,0,61.06124443,0,0,0,111.4434256
1620421,0,0,141.5590002,92.03522213,0,54.42585902
485448,131.8056432,189.2898577,51.72348083,48.5050495,0,44.05902873
1300039,0,0,54.44576929,49.74876872,130.9288633,111.4434256
2828340,0,0,40.83432697,27.36182279,157.8848057,126.9936711
3088255,0,0,87.11323087,111.9347296,0,0
3447380,0,103.8041155,89.83551933,80.84174917,0,0
44252,112.9762656,134.3347377,78.94636547,49.74876872,0,82.93464232
3399565,0,109.91024,0,0,200.2441438,142.5439165
112331,0,0,38.1120385,14.92463062,0,119.2185483
2496265,0,0,108.8915386,32.33669967,0,137.3605013
92758,0,67.16736887,59.89034622,16.16834983,0,93.30147261
2494375,0,85.4857422,49.00119236,44.77389185,0,0
2795293,112.9762656,164.86536,87.11323087,64.67339933,589.1798847,69.97610446
76947,188.2937759,177.0776088,291.2848657,435.3017263,0,0
3242415,0,152.6531111,0,22.38694592,0,163.2775771
480391,150.6350208,128.2286133,92.5578078,33.58041888,0,111.4434256
1592106,0,0,32.66746157,46.01761106,180.9898992,152.9107468
2968500,0,0,157.8927309,268.6433511,0,0
3098914,0,0,49.00119236,33.58041888,0,72.56781203
2811425,0,0,0,0,0,0
2663019,0,0,0,0,0,0
2950605,0,0,310.340885,257.4498781,46.21018704,0
1932669,357.7581743,299.2000977,198.7270579,0,0,103.6683029
106370,0,0,84.3909424,94.52266056,0,41.46732116
70348,0,0,40.83432697,0,0,85.52634989
2979727,178.8790872,128.2286133,70.77950008,21.14322671,0,62.20098174
2983215,0,0,0,16.16834983,0,114.0351332
2172099,0,85.4857422,51.72348083,34.8241381,0,103.6683029
3141541,0,0,108.8915386,42.28645341,0,28.5087833
2838156,122.3909544,103.8041155,0,32.33669967,0,54.42585902
54913,0,0,0,26.11810358,0,0
2528009,131.8056432,0,141.5590002,397.9901497,196.3932949,0
2293,122.3909544,85.4857422,0,17.41206905,0,106.2600105
3425950,150.6350208,201.5021066,32.66746157,29.84926123,0,33.69219844
92647,0,0,62.61263469,104.4724143,88.56952515,44.05902873
3048335,0,0,0,0,0,0
1920422,141.220332,140.4408622,38.1120385,0,0,119.2185483
121428,0,0,228.672231,217.6508631,0,0
2252,0,0,0,13.6809114,0,46.6507363
1611422,0,0,0,17.41206905,0,46.6507363
1905847,0,0,0,47.26133028,0,49.24244388
747548,291.8553527,201.5021066,114.3361155,41.04273419,0,51.83415145
2834768,0,0,0,28.60554201,0,0
69823,150.6350208,152.6531111,29.94517311,68.40455699,61.61358271,64.79268931
2497860,263.6112863,195.3959822,0,0,0,0
1796652,0,67.16736887,62.61263469,29.84926123,0,57.01756659
42879,0,91.59186664,0,0,196.3932949,0
412034,0,0,32.66746157,22.38694592,0,67.38439688
2594003,0,0,258.6174041,154.221183,115.5254676,31.10049087
98672,0,0,0,24.87438436,0,64.79268931
3349434,0,116.0163644,147.0035771,181.5830058,0,41.46732116
33987,254.1965975,189.2898577,0,0,0,160.6858695
91844,216.5378423,207.6082311,62.61263469,16.16834983,0,31.10049087
916,0,0,174.2264617,79.59802995,0,137.3605013
2527973,0,0,29.94517311,62.1859609,0,93.30147261
183759,0,0,35.38975004,0,0,67.38439688
54062,0,0,0,0,0,36.28390601
202950,122.3909544,97.69799109,40.83432697,42.28645341,0,111.4434256
92645,310.6847303,140.4408622,92.5578078,77.11059151,0,0
2867022,0,0,114.3361155,379.3343615,119.3763165,0
172045,0,0,54.44576929,38.55529576,0,0
3416742,0,85.4857422,0,0,0,137.3605013
2182432,0,0,144.2812886,233.819213,57.76273379,0
3243383,0,0,0,0,0,0
1884914,0,73.27349331,0,0,88.56952515,222.8868512
93944,160.0497096,177.0776088,157.8927309,205.213671,134.7797122,88.11805746
413882,0,0,141.5590002,113.1784488,50.06103596,0
2903597,0,0,49.00119236,73.37943386,69.31528055,189.1946528
405212,0,0,0,28.60554201,0,0
2963283,0,0,0,0,0,0
3058420,94.14688797,0,119.7806924,318.3921198,50.06103596,36.28390601
80878,0,0,133.3921348,258.6935973,0,0
513050,263.6112863,158.7592355,29.94517311,0,0,62.20098174
2803751,0,0,1129.749713,32.33669967,0,0
3025667,0,0,0,48.5050495,0,54.42585902
2016196,0,0,78.94636547,106.9598527,0,82.93464232
782,0,0,0,0,0,90.70976504
2496847,0,0,46.2789039,113.1784488,0,0
84135,0,97.69799109,62.61263469,120.6407641,84.71867623,0
1508420,0,390.7919643,149.7258656,0,0,160.6858695
1176587,0,0,92.5578078,48.5050495,0,134.7687938
2796470,0,0,0,33.58041888,0,51.83415145
2749046,706.1016598,567.8695732,0,0,0,0
1483604,348.3434855,164.86536,176.9487502,148.0025869,50.06103596,31.10049087
1162633,0,61.06124443,38.1120385,0,0,0
1660080,169.4643984,158.7592355,43.55661543,0,0,0
66821,178.8790872,152.6531111,40.83432697,28.60554201,0,25.91707572
1235591,178.8790872,158.7592355,111.613827,97.010099,61.61358271,54.42585902
1404367,0,103.8041155,117.058404,109.4472912,192.542446,59.60927417
259059,0,0,0,0,0,49.24244388
2562451,0,0,0,0,0,191.7863604
2094025,207.1231535,170.9714844,32.66746157,88.30406447,0,0
1470088,0,0,89.83551933,50.99248794,73.16612947,54.42585902
3149048,0,0,38.1120385,22.38694592,0,80.34293475
1852017,94.14688797,67.16736887,381.120385,344.5102234,69.31528055,28.5087833
3242416,0,0,0,27.36182279,0,0
1249480,0,0,0,0,0,59.60927417
1930274,0,0,35.38975004,148.0025869,134.7797122,114.0351332
1881,0,0,0,84.57290682,0,0
3374191,0,0,0,0,0,150.3190392
227945,0,0,0,0,0,95.89318018
863372,0,0,166.0595963,155.4649022,100.1220719,98.48488775
2912675,273.0259751,195.3959822,0,0,0,0
2505970,0,0,40.83432697,0,0,59.60927417
3406626,160.0497096,103.8041155,117.058404,126.8593602,0,0
2527994,0,0,29.94517311,50.99248794,57.76273379,64.79268931
83626,0,0,122.5029809,65.91711855,269.5594244,0
1526927,0,0,0,0,42.35933812,49.24244388
1619311,0,0,38.1120385,22.38694592,0,38.87561359
39645,0,0,185.1156156,210.1885478,0,0
1385591,169.4643984,103.8041155,59.89034622,59.69852246,0,38.87561359
236753,225.9525311,232.0327288,29.94517311,0,0,139.9522089
53431,263.6112863,311.4123466,291.2848657,145.5151485,77.01697839,0
41899,0,152.6531111,57.16805776,84.57290682,53.91188488,0
3137369,0,0,65.33492315,179.0955674,0,0
103733,0,97.69799109,198.7270579,175.3644097,69.31528055,90.70976504
254246,0,0,0,18.65578827,0,31.10049087
146919,103.5615768,109.91024,65.33492315,113.1784488,46.21018704,69.97610446
1459637,216.5378423,201.5021066,38.1120385,0,0,28.5087833
1407,0,0,89.83551933,55.96736481,0,111.4434256
474953,112.9762656,0,35.38975004,36.06785732,0,0
2083051,0,0,0,0,0,0
1987584,0,0,0,22.38694592,0,0
2731681,0,0,49.00119236,36.06785732,0,0
2893883,112.9762656,103.8041155,0,36.06785732,0,46.6507363
539,386.0022407,439.6409599,253.1728272,69.64827621,0,0
1579979,0,79.37961776,119.7806924,217.6508631,57.76273379,0
190895,0,0,87.11323087,36.06785732,0,80.34293475
3391145,141.220332,91.59186664,0,13.6809114,0,546.8502978
2954021,0,0,0,0,0,0
3043734,0,0,78.94636547,77.11059151,931.9054386,46.6507363
1219491,197.7084647,152.6531111,179.6710387,165.414656,57.76273379,33.69219844
426703,0,0,217.7830772,77.11059151,42.35933812,80.34293475
2033016,141.220332,183.1837333,70.77950008,164.1709368,42.35933812,0
233316,0,0,0,0,0,101.0765953
74969,0,67.16736887,0,0,0,295.4546633
474394,244.7819087,268.6694755,127.9475578,52.23620715,0,41.46732116
1898749,150.6350208,0,35.38975004,17.41206905,0,145.1356241
46127,197.7084647,286.9878488,0,0,0,69.97610446
3096219,0,195.3959822,35.38975004,19.89950749,115.5254676,106.2600105
1126833,0,0,32.66746157,18.65578827,0,25.91707572
2594005,169.4643984,134.3347377,29.94517311,77.11059151,0,25.91707572
3115650,0,158.7592355,0,0,0,54.42585902
74315,0,0,40.83432697,55.96736481,646.9426185,0
1009682,0,0,108.8915386,89.54778369,847.1867623,0
2315,0,97.69799109,73.50178854,0,0,178.8278225
3100175,0,0,0,26.11810358,0,0
3408576,244.7819087,195.3959822,54.44576929,88.30406447,53.91188488,0
1296540,197.7084647,170.9714844,43.55661543,0,0,33.69219844
2116,207.1231535,225.9266044,51.72348083,18.65578827,0,98.48488775
51367,0,0,87.11323087,47.26133028,0,0
1400387,0,0,46.2789039,123.1282026,165.5865035,46.6507363
2014076,0,109.91024,68.05721161,33.58041888,0,158.0941619
661481,0,0,43.55661543,18.65578827,0,106.2600105
533,0,97.69799109,108.8915386,73.37943386,42.35933812,38.87561359
1763538,0,103.8041155,38.1120385,21.14322671,0,152.9107468
2914159,0,0,117.058404,114.4221681,77.01697839,72.56781203
157688,0,0,0,21.14322671,0,72.56781203
413497,0,97.69799109,0,43.53017263,0,82.93464232
1871048,0,0,258.6174041,125.615641,77.01697839,0
225848,103.5615768,177.0776088,98.00238472,33.58041888,0,134.7687938
2763021,235.3672199,0,0,0,0,49.24244388
3234852,0,0,35.38975004,98.25381822,0,0
575112,244.7819087,305.3062221,51.72348083,0,0,152.9107468
37448,0,0,46.2789039,14.92463062,0,46.6507363
3368557,131.8056432,91.59186664,193.282481,322.1232774,38.5084892,0
1008305,0,0,0,0,57.76273379,88.11805746
2777983,0,0,0,16.16834983,0,222.8868512
3384241,0,0,84.3909424,111.9347296,281.1119711,0
3015149,668.4429046,415.2164621,108.8915386,38.55529576,0,0
288436,0,67.16736887,171.5041733,176.6081289,50.06103596,0
223786,0,79.37961776,0,0,0,202.1531907
3243389,0,0,0,0,0,0
2717374,442.4903735,0,0,0,0,49.24244388
2603817,0,0,0,87.06034526,0,378.3893056
300181,0,0,0,115.6658873,0,75.1595196
2976127,112.9762656,207.6082311,130.6698463,152.9774638,0,67.38439688
2975739,0,0,51.72348083,69.64827621,46.21018704,0
2575872,0,61.06124443,495.4565006,187.8016019,77.01697839,0
2175091,178.8790872,158.7592355,130.6698463,74.62315308,0,54.42585902
300876,131.8056432,79.37961776,141.5590002,55.96736481,42.35933812,121.8102559
46228,244.7819087,232.0327288,32.66746157,14.92463062,0,25.91707572
3015177,0,0,100.7246732,148.0025869,61.61358271,0
2434,0,0,133.3921348,421.6208149,69.31528055,33.69219844
599,0,0,0,0,0,0
2933872,0,73.27349331,76.22407701,24.87438436,0,90.70976504
184924,0,0,0,0,0,0
428,122.3909544,177.0776088,247.7282503,161.6834983,57.76273379,0
169176,0,0,65.33492315,99.49753744,80.86782731,0
2937801,0,73.27349331,68.05721161,72.13571464,42.35933812,44.05902873
2829596,0,0,65.33492315,93.27894135,0,44.05902873
63612,160.0497096,67.16736887,32.66746157,27.36182279,0,49.24244388
1411902,197.7084647,0,179.6710387,297.2488931,146.3322589,0
2597515,0,0,0,0,0,0
419476,0,219.8204799,242.2836733,159.1960599,92.42037407,0
56730,0,0,185.1156156,128.1030794,0,36.28390601
754476,207.1231535,140.4408622,108.8915386,74.62315308,38.5084892,69.97610446
87162,0,134.3347377,0,0,0,36.28390601
181663,0,0,0,38.55529576,0,0
2586965,0,0,0,0,0,28.5087833
2508687,0,0,32.66746157,22.38694592,0,106.2600105
3070656,103.5615768,140.4408622,65.33492315,17.41206905,0,95.89318018
304895,112.9762656,85.4857422,95.28009626,154.221183,231.0509352,80.34293475
3048589,0,0,27.22288465,21.14322671,0,235.8453891
2881052,376.5875519,305.3062221,81.66865394,58.45480324,69.31528055,0
1758196,706.1016598,512.9144532,0,0,0,0
359408,0,0,0,0,0,116.6268408
3228953,0,0,0,0,0,31.10049087
2870563,0,0,0,0,0,171.0526998
55504,0,0,54.44576929,27.36182279,0,160.6858695
2743772,112.9762656,91.59186664,89.83551933,22.38694592,0,38.87561359
3019544,0,0,204.1716348,109.4472912,57.76273379,111.4434256
1785128,291.8553527,152.6531111,0,0,0,0
2083786,0,152.6531111,92.5578078,85.81662604,0,0
3230980,329.5141079,317.518471,215.0607887,46.01761106,0,0
2700081,0,0,27.22288465,12.43719218,0,142.5439165
1725,0,0,51.72348083,69.64827621,0,0
2546128,0,0,62.61263469,0,0,51.83415145
2712223,0,103.8041155,106.1692501,138.0528332,57.76273379,0
137722,0,0,419.2324235,130.5905179,0,54.42585902
114,0,0,95.28009626,184.0704443,69.31528055,0
3416081,103.5615768,91.59186664,46.2789039,14.92463062,0,25.91707572
2834276,0,0,35.38975004,0,0,106.2600105
1756149,0,0,0,0,0,31.10049087
2929481,0,0,65.33492315,46.01761106,0,38.87561359
3067902,0,0,0,43.53017263,0,0
1052257,188.2937759,97.69799109,100.7246732,272.3745087,223.3492373,0
3066251,0,0,179.6710387,94.52266056,0,57.01756659
332249,0,0,0,62.1859609,53.91188488,0
2496866,0,97.69799109,0,46.01761106,0,152.9107468
2081052,0,0,0,0,0,0
364199,103.5615768,116.0163644,166.0595963,590.7666285,0,0
3077941,0,61.06124443,0,0,0,95.89318018
37482,0,61.06124443,40.83432697,16.16834983,50.06103596,64.79268931
2976007,0,0,166.0595963,169.1458136,84.71867623,0
3402279,0,0,0,0,0,435.4068722
2558360,0,0,35.38975004,24.87438436,0,186.6029452
591154,0,0,32.66746157,0,0,51.83415145
481146,122.3909544,0,106.1692501,44.77389185,0,77.75122717
994695,103.5615768,0,0,0,0,38.87561359
475937,0,0,160.6150194,213.9197055,53.91188488,57.01756659
2563668,0,0,0,0,0,0
3344875,197.7084647,61.06124443,253.1728272,303.4674892,53.91188488,0
230361,235.3672199,79.37961776,57.16805776,12.43719218,0,147.7273316
1940610,0,0,397.4541158,176.6081289,111.6746187,0
2747268,197.7084647,152.6531111,46.2789039,48.5050495,0,57.01756659
1385664,0,0,57.16805776,39.79901497,0,0
3416605,0,0,0,26.11810358,0,150.3190392
3398775,564.8813278,500.7022043,57.16805776,24.87438436,0,0
2890321,94.14688797,67.16736887,185.1156156,293.5177354,0,0
28092,0,91.59186664,59.89034622,31.09298045,134.7797122,33.69219844
93466,0,0,0,0,0,69.97610446
1306787,0,61.06124443,68.05721161,165.414656,0,44.05902873
1745854,0,79.37961776,157.8927309,113.1784488,53.91188488,137.3605013
28135,0,0,0,21.14322671,53.91188488,111.4434256
2976822,225.9525311,97.69799109,106.1692501,85.81662604,184.8407481,0
216931,178.8790872,73.27349331,0,0,0,106.2600105
2850441,0,201.5021066,35.38975004,13.6809114,0,72.56781203
3062449,150.6350208,79.37961776,68.05721161,89.54778369,0,0
40269,0,0,0,22.38694592,0,69.97610446
78327,0,0,65.33492315,98.25381822,61.61358271,116.6268408
2744474,0,0,65.33492315,55.96736481,0,0
3078428,0,0,372.9535196,542.261579,65.46443163,0
2930199,0,0,206.8939233,404.2087458,0,44.05902873
1940790,0,0,78.94636547,80.84174917,0,67.38439688
1177216,0,170.9714844,78.94636547,41.04273419,0,103.6683029
192421,0,0,0,0,42.35933812,106.2600105
96230,244.7819087,274.7755999,87.11323087,38.55529576,0,134.7687938
463,197.7084647,164.86536,49.00119236,21.14322671,0,59.60927417
38300,0,0,144.2812886,84.57290682,955.0105321,0
3108483,0,0,0,0,0,98.48488775
1434099,0,0,0,0,0,108.851718
947516,112.9762656,109.91024,84.3909424,146.7588677,0,0
1767,0,0,294.0071542,405.4524651,207.9458417,0
1476901,0,0,0,83.3291876,0,93.30147261
3239807,169.4643984,170.9714844,206.8939233,37.31157654,0,62.20098174
207340,0,311.4123466,405.6209812,236.3066514,111.6746187,67.38439688
215691,0,0,35.38975004,69.64827621,0,0
1239307,0,0,0,31.09298045,0,0
3009077,301.2700415,244.2449777,185.1156156,116.9096065,0,0
2980554,0,0,57.16805776,129.3467987,57.76273379,80.34293475
1868793,122.3909544,201.5021066,54.44576929,17.41206905,0,80.34293475
3427230,0,0,0,0,0,0
1789762,0,134.3347377,38.1120385,19.89950749,0,46.6507363
3233574,0,0,0,31.09298045,0,77.75122717
2851540,0,0,0,0,0,0
2951805,0,0,106.1692501,47.26133028,0,0
2018025,0,128.2286133,136.1144232,167.9020944,69.31528055,0
1190508,0,0,0,27.36182279,0,0
2725268,0,0,0,0,0,57.01756659
3158548,310.6847303,0,0,0,0,0
1798223,0,0,46.2789039,68.40455699,0,0
33060,216.5378423,177.0776088,38.1120385,18.65578827,73.16612947,98.48488775
1134405,0,73.27349331,0,14.92463062,0,82.93464232
153496,0,73.27349331,76.22407701,50.99248794,46.21018704,106.2600105
3066146,0,0,0,0,0,0
53407,0,0,114.3361155,79.59802995,0,186.6029452
290110,301.2700415,232.0327288,81.66865394,26.11810358,0,57.01756659
1236046,0,128.2286133,29.94517311,0,0,0
3395315,0,0,0,31.09298045,0,0
44754,0,177.0776088,144.2812886,55.96736481,0,36.28390601
3035453,0,0,0,0,0,57.01756659
1795,0,0,133.3921348,136.809114,180.9898992,0
251540,0,0,0,0,0,59.60927417
1348774,225.9525311,122.1224889,141.5590002,114.4221681,0,0
3423914,0,97.69799109,40.83432697,46.01761106,0,114.0351332
2320858,0,0,0,0,0,54.42585902
2908840,0,91.59186664,87.11323087,43.53017263,211.7966906,41.46732116
1872114,0,0,51.72348083,0,0,0
2963128,131.8056432,116.0163644,0,0,0,75.1595196
3038773,122.3909544,0,196.0047694,340.7790657,0,0
75289,0,0,163.3373079,164.1709368,88.56952515,0
458197,0,0,0,0,0,0
2864212,0,0,0,27.36182279,77.01697839,25.91707572
1218494,131.8056432,219.8204799,40.83432697,17.41206905,0,253.9873421
2820270,103.5615768,122.1224889,65.33492315,43.53017263,0,59.60927417
180,0,0,0,0,0,0
1930276,0,0,0,157.9523407,119.3763165,0
29303,141.220332,73.27349331,87.11323087,78.35431073,50.06103596,0
2589818,0,0,0,0,0,111.4434256
3400421,0,0,40.83432697,21.14322671,0,69.97610446
3342349,141.220332,195.3959822,59.89034622,17.41206905,0,31.10049087
1145276,0,0,0,0,0,0
59845,0,0,0,0,0,0
2995170,0,0,84.3909424,243.7689667,107.8237698,25.91707572
1054,0,0,59.89034622,140.5402716,0,59.60927417
2703885,0,0,0,26.11810358,0,171.0526998
2738979,0,189.2898577,0,0,0,0
3120518,235.3672199,195.3959822,0,0,0,0
2587862,141.220332,103.8041155,70.77950008,37.31157654,0,69.97610446
865,169.4643984,146.5469866,84.3909424,18.65578827,0,106.2600105
3160834,112.9762656,128.2286133,68.05721161,85.81662604,0,129.5853786
3230988,0,0,0,0,0,0
2110,160.0497096,122.1224889,0,0,0,114.0351332
328813,0,61.06124443,49.00119236,63.42968012,0,51.83415145
1563479,0,91.59186664,46.2789039,34.8241381,0,72.56781203
2715679,0,0,0,12.43719218,0,33.69219844
1404768,0,0,43.55661543,74.62315308,73.16612947,0
2895946,0,122.1224889,0,18.65578827,0,126.9936711
3003259,0,225.9266044,0,18.65578827,0,0
1867715,0,0,225.9499426,110.6910104,73.16612947,0
1144748,0,0,65.33492315,17.41206905,0,51.83415145
1855883,0,0,0,18.65578827,0,51.83415145
2904253,0,0,35.38975004,64.67339933,0,0
2112,0,0,0,0,0,44.05902873
1750527,0,0,157.8927309,155.4649022,88.56952515,0
66883,291.8553527,195.3959822,209.6162118,169.1458136,177.1390503,0
103731,0,0,62.61263469,152.9774638,50.06103596,0
155863,197.7084647,164.86536,0,12.43719218,0,77.75122717
28187,160.0497096,189.2898577,32.66746157,13.6809114,0,103.6683029
2736,0,0,51.72348083,126.8593602,65.46443163,0
71190,0,0,141.5590002,24.87438436,0,54.42585902
2003316,0,0,0,0,0,85.52634989
94624,0,0,106.1692501,228.8443361,0,0
3082546,0,0,57.16805776,26.11810358,196.3932949,67.38439688
758793,0,0,95.28009626,88.30406447,0,0
215578,0,0,0,0,0,114.0351332
3125783,0,0,130.6698463,55.96736481,0,0
2739063,0,0,0,19.89950749,0,295.4546633
3039851,207.1231535,207.6082311,65.33492315,128.1030794,0,0
413502,103.5615768,67.16736887,87.11323087,63.42968012,0,90.70976504
116188,0,0,166.0595963,144.2714293,65.46443163,0
29558,0,0,0,0,0,51.83415145
3029174,0,213.7143555,40.83432697,16.16834983,0,77.75122717
693153,0,0,62.61263469,0,0,0
199596,395.4169295,256.4572266,81.66865394,80.84174917,100.1220719,0
186931,150.6350208,85.4857422,57.16805776,149.2463062,404.3391366,0
1286181,0,0,32.66746157,77.11059151,288.813669,85.52634989
1613,0,0,51.72348083,37.31157654,0,88.11805746
3435775,0,0,81.66865394,194.020198,107.8237698,51.83415145
2493671,0,0,59.89034622,83.3291876,0,0
2711221,94.14688797,103.8041155,0,14.92463062,0,51.83415145
2527968,94.14688797,73.27349331,57.16805776,152.9774638,103.9729208,69.97610446
1921421,150.6350208,213.7143555,84.3909424,58.45480324,0,0
434010,0,0,100.7246732,165.414656,146.3322589,0
2983210,0,0,0,0,0,432.8151646
2055,0,128.2286133,215.0607887,126.8593602,0,0
90244,0,0,0,41.04273419,0,0
2664436,0,0,62.61263469,29.84926123,0,0
3158582,329.5141079,323.6245955,98.00238472,123.1282026,0,0
3048494,141.220332,195.3959822,0,0,0,101.0765953
38986,0,0,0,0,0,114.0351332
3439547,112.9762656,85.4857422,84.3909424,31.09298045,0,139.9522089
2588536,0,0,0,0,0,111.4434256
1275,0,0,38.1120385,129.3467987,53.91188488,67.38439688
48076,0,134.3347377,81.66865394,79.59802995,0,0
3074107,0,0,29.94517311,17.41206905,0,33.69219844
1218493,0,0,0,0,0,95.89318018
434014,0,0,234.116808,162.9272176,0,0
3077946,0,0,0,0,0,46.6507363
2907156,207.1231535,152.6531111,70.77950008,32.33669967,0,38.87561359
3056107,0,0,57.16805776,105.7161335,0,82.93464232
113562,122.3909544,109.91024,119.7806924,88.30406447,53.91188488,28.5087833
2810347,0,0,0,0,0,98.48488775
2921549,0,0,0,0,0,59.60927417
390989,0,0,130.6698463,149.2463062,80.86782731,134.7687938
487,0,0,255.8951157,110.6910104,150.1831079,199.5614831
1702325,188.2937759,213.7143555,288.5625772,190.2890403,111.6746187,0
3448123,0,0,0,34.8241381,0,0
839,0,67.16736887,0,0,0,49.24244388
1719132,94.14688797,61.06124443,35.38975004,53.47992637,0,0
2599927,0,0,0,0,0,103.6683029
1921699,0,0,0,0,50.06103596,0
90736,0,0,27.22288465,17.41206905,0,44.05902873
2072642,0,67.16736887,0,12.43719218,0,49.24244388
564137,94.14688797,0,100.7246732,191.5327596,0,51.83415145
87,0,97.69799109,204.1716348,218.8945824,0,33.69219844
107709,244.7819087,189.2898577,84.3909424,151.7337446,0,69.97610446
154,0,0,27.22288465,22.38694592,0,111.4434256
374606,0,0,223.2276541,148.0025869,0,0
3014784,131.8056432,128.2286133,106.1692501,140.5402716,0,0
3439062,216.5378423,305.3062221,125.2252694,0,0,85.52634989
2527990,0,134.3347377,84.3909424,245.0126859,123.2271654,88.11805746
130049,0,0,92.5578078,69.64827621,0,108.851718
2292255,0,61.06124443,0,0,0,0
1643,0,0,0,0,42.35933812,98.48488775
1306526,0,79.37961776,51.72348083,24.87438436,0,243.6205118
2296,0,0,27.22288465,26.11810358,0,108.851718
2926709,0,0,81.66865394,92.03522213,61.61358271,0
158841,225.9525311,146.5469866,35.38975004,27.36182279,0,0
68231,0,0,57.16805776,123.1282026,53.91188488,62.20098174
2588711,131.8056432,0,174.2264617,291.030297,61.61358271,0
2954618,0,0,0,0,0,0
1920,0,0,0,165.414656,223.3492373,0
2358479,0,189.2898577,73.50178854,62.1859609,0,103.6683029
267818,197.7084647,0,46.2789039,18.65578827,0,95.89318018
216936,0,0,70.77950008,21.14322671,0,85.52634989
393765,254.1965975,207.6082311,157.8927309,170.3895329,0,0
2911527,0,0,0,0,0,129.5853786
61646,0,0,0,27.36182279,0,62.20098174
119394,0,91.59186664,0,0,0,51.83415145
253703,0,0,49.00119236,32.33669967,0,129.5853786
1766,0,0,32.66746157,88.30406447,50.06103596,0
1505907,0,0,0,0,0,0
555791,0,0,57.16805776,27.36182279,0,0
3400218,0,0,81.66865394,92.03522213,0,33.69219844
3039384,0,0,73.50178854,74.62315308,0,0
2802971,122.3909544,73.27349331,108.8915386,276.1056664,142.48141,0
3133290,0,0,0,108.203572,0,0
82981,103.5615768,91.59186664,103.4469617,38.55529576,0,98.48488775
2651334,0,0,223.2276541,83.3291876,53.91188488,0
3030210,0,0,117.058404,99.49753744,42.35933812,28.5087833
1390185,442.4903735,286.9878488,0,0,0,98.48488775
2026199,0,0,127.9475578,125.615641,0,77.75122717
34094,0,0,32.66746157,12.43719218,0,124.4019635
3035692,414.2463071,433.5348354,0,24.87438436,0,72.56781203
398736,0,0,35.38975004,39.79901497,0,126.9936711
3425129,0,0,54.44576929,84.57290682,0,57.01756659
3383027,0,0,117.058404,63.42968012,0,119.2185483
207949,0,0,0,14.92463062,0,134.7687938
2976003,0,0,92.5578078,166.6583752,50.06103596,0
192389,0,91.59186664,0,28.60554201,0,165.8692846
2866162,0,0,57.16805776,155.4649022,65.46443163,0
2975959,0,73.27349331,193.282481,187.8016019,42.35933812,0
1176533,0,152.6531111,84.3909424,110.6910104,0,0
3447453,150.6350208,109.91024,155.1704425,171.6332521,96.27122299,54.42585902
3138498,0,0,100.7246732,180.3392866,46.21018704,0
2921515,0,0,0,0,0,0
454148,0,0,57.16805776,189.0453211,0,49.24244388
470931,0,0,0,13.6809114,0,62.20098174
3234139,0,0,0,0,0,323.9634466
1581,197.7084647,262.563351,29.94517311,14.92463062,0,80.34293475
267363,0,0,29.94517311,22.38694592,0,44.05902873
3156079,0,73.27349331,87.11323087,36.06785732,0,41.46732116
54911,122.3909544,85.4857422,0,27.36182279,0,72.56781203
472181,0,109.91024,73.50178854,64.67339933,50.06103596,101.0765953
538949,0,91.59186664,138.8367117,116.9096065,0,0
3395321,188.2937759,170.9714844,38.1120385,28.60554201,0,88.11805746
1514904,0,0,187.8379041,93.27894135,0,28.5087833
77095,0,0,0,0,0,114.0351332
3034020,0,0,35.38975004,62.1859609,0,67.38439688
3112003,0,0,32.66746157,13.6809114,0,77.75122717
301302,0,0,0,0,0,168.4609922
2895495,188.2937759,85.4857422,59.89034622,48.5050495,0,0
47679,263.6112863,256.4572266,76.22407701,0,0,0
2005262,0,0,0,0,0,98.48488775
2743470,150.6350208,195.3959822,103.4469617,157.9523407,0,57.01756659
577386,225.9525311,238.1388533,95.28009626,50.99248794,0,38.87561359
3157343,0,97.69799109,0,19.89950749,0,69.97610446
2770788,254.1965975,274.7755999,62.61263469,34.8241381,50.06103596,0
1338368,0,0,0,14.92463062,0,95.89318018
3070658,0,0,62.61263469,29.84926123,0,82.93464232
2778876,0,0,0,0,0,44.05902873
1833,0,0,0,175.3644097,0,101.0765953
1644130,0,116.0163644,0,0,0,217.7034361
3413030,235.3672199,152.6531111,68.05721161,28.60554201,0,77.75122717
3413936,0,0,106.1692501,93.27894135,92.42037407,44.05902873
338645,94.14688797,61.06124443,32.66746157,24.87438436,0,119.2185483
3160607,0,0,225.9499426,82.08546838,0,0
633404,0,0,0,0,0,51.83415145
664643,414.2463071,464.0654577,0,0,0,0
3028082,178.8790872,134.3347377,0,0,0,0
3065865,0,79.37961776,46.2789039,106.9598527,50.06103596,41.46732116
1085647,0,0,81.66865394,23.63066514,0,44.05902873
152331,0,67.16736887,57.16805776,17.41206905,0,77.75122717
488732,0,0,38.1120385,38.55529576,0,137.3605013
47880,0,0,264.0619811,361.9222924,0,0
2770772,0,0,43.55661543,18.65578827,0,204.7448982
2903645,0,0,0,0,1109.044489,0
2898442,0,0,0,52.23620715,192.542446,103.6683029
67385,0,0,171.5041733,256.2061589,127.0780143,0
2512235,0,0,0,420.3770957,0,0
1547898,0,0,0,50.99248794,103.9729208,0
3121295,0,0,0,34.8241381,0,852.6717913
1642647,122.3909544,91.59186664,138.8367117,44.77389185,169.4373525,101.0765953
1305740,169.4643984,0,32.66746157,101.9849759,0,0
57043,0,0,40.83432697,82.08546838,0,51.83415145
1038928,0,0,141.5590002,156.7086215,73.16612947,0
388640,0,0,49.00119236,27.36182279,0,0
2137,0,85.4857422,84.3909424,21.14322671,0,62.20098174
3243368,781.4191702,323.6245955,0,0,0,0
3002962,536.6372615,567.8695732,0,0,0,0
185951,0,67.16736887,130.6698463,235.0629322,57.76273379,0
2219225,0,0,0,200.2387941,0,0
1921698,0,0,0,0,42.35933812,25.91707572
3144874,131.8056432,134.3347377,87.11323087,43.53017263,84.71867623,0
29379,0,0,59.89034622,119.3970449,42.35933812,31.10049087
3151487,0,0,35.38975004,28.60554201,88.56952515,46.6507363
2563896,160.0497096,183.1837333,35.38975004,24.87438436,0,90.70976504
520,0,0,0,966.3698323,0,0
1365176,0,73.27349331,54.44576929,18.65578827,0,106.2600105
2507538,282.4406639,213.7143555,81.66865394,120.6407641,46.21018704,46.6507363
2684113,0,0,40.83432697,57.21108403,0,49.24244388
453816,131.8056432,61.06124443,29.94517311,16.16834983,0,0
45254,0,91.59186664,0,27.36182279,0,414.6732116
3435883,207.1231535,128.2286133,54.44576929,101.9849759,0,80.34293475
2518989,0,73.27349331,59.89034622,64.67339933,650.7934674,49.24244388
161879,0,0,81.66865394,519.8746331,0,72.56781203
40577,0,0,59.89034622,21.14322671,0,72.56781203
2828656,0,0,49.00119236,26.11810358,0,67.38439688
171865,0,0,0,43.53017263,0,25.91707572
2883236,0,0,0,0,0,46.6507363
2903562,0,0,65.33492315,123.1282026,57.76273379,168.4609922
2745947,0,67.16736887,32.66746157,42.28645341,77.01697839,220.2951437
3064829,0,85.4857422,332.1191927,109.4472912,0,0
2661630,0,61.06124443,54.44576929,48.5050495,134.7797122,0
120962,0,0,65.33492315,67.16083777,73.16612947,0
339617,112.9762656,79.37961776,35.38975004,50.99248794,0,171.0526998
2066,0,116.0163644,103.4469617,128.1030794,0,0
3424717,0,0,51.72348083,65.91711855,0,41.46732116
521689,0,79.37961776,76.22407701,194.020198,103.9729208,0
3350174,0,0,130.6698463,90.79150291,0,90.70976504
2749999,0,0,0,33.58041888,0,0
392011,0,0,38.1120385,32.33669967,0,80.34293475
1874630,0,0,0,64.67339933,0,147.7273316
2267891,0,91.59186664,0,0,0,126.9936711
2107999,0,274.7755999,0,0,0,220.2951437
178214,0,0,0,0,0,362.8390601
2675378,0,0,62.61263469,50.99248794,0,38.87561359
585425,0,0,81.66865394,21.14322671,180.9898992,25.91707572
865757,141.220332,97.69799109,125.2252694,70.89199542,0,31.10049087
300,0,158.7592355,242.2836733,186.5578827,115.5254676,49.24244388
1931275,0,0,35.38975004,0,0,69.97610446
3138066,216.5378423,177.0776088,217.7830772,312.1735237,0,0
2099786,263.6112863,238.1388533,130.6698463,53.47992637,0,75.1595196
1178515,94.14688797,140.4408622,0,13.6809114,0,103.6683029
98668,160.0497096,97.69799109,81.66865394,78.35431073,0,0
556533,0,164.86536,166.0595963,131.8342371,0,0
983548,178.8790872,232.0327288,29.94517311,27.36182279,0,80.34293475
3435409,0,91.59186664,0,13.6809114,0,62.20098174
2058625,0,0,0,36.06785732,0,54.42585902
1705,0,0,38.1120385,0,73.16612947,0
3161138,0,73.27349331,0,0,0,0
786,0,0,84.3909424,0,0,85.52634989
2448483,0,0,0,0,0,0
230089,0,0,78.94636547,19.89950749,0,62.20098174
470076,112.9762656,109.91024,0,46.01761106,0,0
1145106,0,0,0,18.65578827,0,106.2600105
3050270,0,0,0,0,0,0
55205,0,0,57.16805776,0,0,139.9522089
1553431,0,140.4408622,111.613827,48.5050495,0,0
29405,207.1231535,238.1388533,73.50178854,64.67339933,0,69.97610446
2944933,0,0,0,65.91711855,0,178.8278225
264636,0,97.69799109,73.50178854,28.60554201,0,69.97610446
2817477,235.3672199,360.2613421,0,0,0,0
2830998,0,0,49.00119236,32.33669967,0,0
1749074,103.5615768,0,27.22288465,12.43719218,0,137.3605013
273384,0,274.7755999,318.5077504,180.3392866,0,0
2884022,122.3909544,0,87.11323087,182.826725,57.76273379,36.28390601
42684,263.6112863,128.2286133,163.3373079,226.3568977,134.7797122,0
3396405,0,0,0,0,0,386.1644283
2866807,0,0,0,0,0,93.30147261
3230973,0,0,0,17.41206905,0,0
1850238,0,0,310.340885,365.6534501,0,0
3131995,0,91.59186664,43.55661543,17.41206905,0,44.05902873
82987,0,0,73.50178854,37.31157654,38.5084892,142.5439165
3381777,0,0,0,0,0,0
2921465,0,0,0,0,0,0
3066237,0,61.06124443,0,22.38694592,0,38.87561359
3379131,0,0,0,0,0,0
237609,216.5378423,146.5469866,157.8927309,88.30406447,0,178.8278225
311230,0,91.59186664,141.5590002,185.3141635,134.7797122,129.5853786
861533,273.0259751,0,528.1239621,118.1533257,0,0
2928154,207.1231535,103.8041155,0,0,0,72.56781203
2725494,282.4406639,341.9429688,49.00119236,31.09298045,0,0
1130723,150.6350208,97.69799109,35.38975004,98.25381822,0,103.6683029
3060737,0,0,43.55661543,0,103.9729208,0
178899,0,0,29.94517311,0,0,67.38439688
622488,0,232.0327288,0,0,0,93.30147261
29459,0,0,0,0,0,93.30147261
3243766,0,109.91024,182.3933271,143.0277101,0,0
2814292,0,0,0,43.53017263,0,0
37930,0,0,49.00119236,42.28645341,0,0
3240024,0,0,68.05721161,141.7839908,0,0
1882662,461.3197511,256.4572266,68.05721161,37.31157654,0,38.87561359
291594,0,0,0,95.76637978,0,0
1924940,0,0,187.8379041,442.7640416,88.56952515,28.5087833
1284658,225.9525311,152.6531111,138.8367117,101.9849759,0,33.69219844
2789216,0,0,272.2288465,129.3467987,80.86782731,0
3112165,0,0,0,63.42968012,0,0
37330,0,0,49.00119236,90.79150291,0,0
3133968,131.8056432,91.59186664,108.8915386,78.35431073,0,90.70976504
3239982,178.8790872,109.91024,46.2789039,65.91711855,46.21018704,0
45398,0,0,54.44576929,77.11059151,0,59.60927417
3048338,0,0,0,0,0,0
2005884,216.5378423,128.2286133,147.0035771,271.1307895,77.01697839,0
1834167,0,0,35.38975004,0,0,38.87561359
2973512,0,0,40.83432697,55.96736481,315.7696114,38.87561359
3115291,122.3909544,134.3347377,38.1120385,16.16834983,0,0
367477,0,0,0,27.36182279,0,41.46732116
420402,0,0,81.66865394,106.9598527,0,38.87561359
72556,0,0,0,50.99248794,0,31.10049087
1270,0,0,157.8927309,348.241381,554.5222444,0
39687,0,0,0,356.9474156,0,51.83415145
3366810,0,0,0,32.33669967,38.5084892,38.87561359
1461694,0,0,204.1716348,282.3242625,0,0
2906072,0,0,231.3945195,165.414656,65.46443163,0
3137182,0,0,46.2789039,85.81662604,0,116.6268408
154288,0,189.2898577,122.5029809,65.91711855,0,69.97610446
2734618,0,0,155.1704425,130.5905179,0,0
2589990,0,0,0,0,0,44.05902873
3059716,0,0,0,0,0,0
214856,0,0,87.11323087,62.1859609,0,0
1915078,131.8056432,97.69799109,204.1716348,293.5177354,0,0
1274631,0,85.4857422,95.28009626,110.6910104,157.8848057,0
3047463,0,0,68.05721161,23.63066514,0,67.38439688
93064,0,0,397.4541158,309.6860853,215.6475395,0
2903821,0,73.27349331,106.1692501,72.13571464,0,38.87561359
1329,0,0,0,0,0,28.5087833
3079304,0,0,185.1156156,262.424755,61.61358271,41.46732116
3241602,0,0,0,65.91711855,0,0
257708,0,0,277.6734234,151.7337446,46.21018704,0
565033,150.6350208,140.4408622,29.94517311,22.38694592,0,44.05902873
2004515,0,0,125.2252694,101.9849759,438.9967768,0
3418557,611.9547718,396.8980888,0,0,0,0
1775910,197.7084647,0,277.6734234,155.4649022,100.1220719,0
3133306,0,0,130.6698463,144.2714293,96.27122299,90.70976504
1769779,0,103.8041155,32.66746157,111.9347296,46.21018704,51.83415145
319706,470.7344399,329.7307199,103.4469617,118.1533257,0,0
151081,0,0,296.7294426,74.62315308,0,0
3409691,461.3197511,427.428711,0,0,0,0
3117012,0,0,35.38975004,114.4221681,61.61358271,69.97610446
2377,0,0,43.55661543,16.16834983,0,129.5853786
2903857,0,0,0,0,0,0
404589,0,0,92.5578078,206.4573902,92.42037407,0
3080976,0,152.6531111,0,309.6860853,69.31528055,0
1335048,160.0497096,0,231.3945195,397.9901497,92.42037407,33.69219844
1963026,0,0,0,0,0,0
2597358,0,0,87.11323087,43.53017263,0,103.6683029
83262,235.3672199,134.3347377,78.94636547,24.87438436,0,0
1619313,0,0,43.55661543,46.01761106,0,82.93464232
2793009,0,0,0,0,0,0
744515,197.7084647,195.3959822,0,0,0,98.48488775
2662363,225.9525311,109.91024,59.89034622,27.36182279,0,0
2903850,0,0,114.3361155,74.62315308,0,31.10049087
1646377,0,97.69799109,40.83432697,23.63066514,0,126.9936711
2924034,0,61.06124443,0,0,0,165.8692846
1496080,0,0,0,19.89950749,0,0
3042299,0,140.4408622,196.0047694,220.1383016,61.61358271,0
391586,0,0,0,27.36182279,0,0
356302,0,0,171.5041733,143.0277101,53.91188488,25.91707572
2795386,0,85.4857422,32.66746157,13.6809114,0,77.75122717
53336,0,0,0,17.41206905,0,419.8566267
2570586,376.5875519,213.7143555,87.11323087,33.58041888,0,31.10049087
3077944,0,0,0,0,0,0
32025,235.3672199,213.7143555,0,0,0,82.93464232
68239,0,0,288.5625772,240.0378091,0,316.1883238
216945,0,0,0,0,0,0
202,0,0,0,0,57.76273379,75.1595196
2954679,0,109.91024,0,17.41206905,0,51.83415145
298596,0,0,0,0,0,98.48488775
658446,0,97.69799109,136.1144232,467.6384259,0,0
162426,0,0,190.5601925,299.7363315,0,0
714067,0,0,0,0,0,67.38439688
1297742,0,0,81.66865394,116.9096065,0,171.0526998
2008440,0,0,0,0,0,44.05902873
1232430,0,0,0,0,0,0
2969597,0,0,0,0,0,0
1945512,0,0,0,31.09298045,0,0
56142,0,0,0,0,0,51.83415145
3423959,0,0,160.6150194,151.7337446,0,0
2708053,94.14688797,128.2286133,0,21.14322671,100.1220719,168.4609922
3133315,0,0,0,138.0528332,0,57.01756659
2691918,0,0,0,0,0,106.2600105
2681987,0,0,0,0,0,165.8692846
1230533,0,0,0,24.87438436,0,98.48488775
1814128,0,0,0,12.43719218,0,116.6268408
1689272,0,0,95.28009626,44.77389185,335.023856,106.2600105
412965,0,0,59.89034622,19.89950749,0,106.2600105
2233851,0,0,277.6734234,116.9096065,57.76273379,0
109232,0,0,0,0,0,0
2585716,263.6112863,73.27349331,155.1704425,116.9096065,0,0
3394361,0,0,0,0,0,0
62088,0,0,51.72348083,19.89950749,0,95.89318018
82801,0,116.0163644,0,17.41206905,50.06103596,33.69219844
2125,0,0,0,0,38.5084892,0
576611,160.0497096,67.16736887,73.50178854,16.16834983,0,108.851718
1566351,178.8790872,116.0163644,38.1120385,46.01761106,0,0
29291,433.0756847,293.0939733,84.3909424,23.63066514,0,46.6507363
453304,0,0,62.61263469,98.25381822,0,0
333367,0,91.59186664,0,0,73.16612947,49.24244388
453783,188.2937759,128.2286133,225.9499426,191.5327596,0,46.6507363
3415750,0,0,141.5590002,148.0025869,84.71867623,38.87561359
1004279,433.0756847,274.7755999,81.66865394,87.06034526,103.9729208,0
2903557,263.6112863,177.0776088,166.0595963,165.414656,57.76273379,54.42585902
1017,0,0,0,60.94224168,111.6746187,85.52634989
1867,216.5378423,134.3347377,84.3909424,106.9598527,0,0
2020412,169.4643984,97.69799109,136.1144232,94.52266056,0,80.34293475
3119007,150.6350208,116.0163644,117.058404,315.9046814,0,0
2716812,0,0,114.3361155,164.1709368,0,0
2575440,338.9287967,305.3062221,54.44576929,67.16083777,0,0
2117,0,0,0,0,0,41.46732116
28119,131.8056432,207.6082311,46.2789039,37.31157654,0,0
2806347,451.9050623,256.4572266,70.77950008,95.76637978,0,28.5087833
3093864,0,0,0,14.92463062,0,168.4609922
1841249,367.1728631,201.5021066,155.1704425,157.9523407,0,36.28390601
683292,0,0,0,0,0,36.28390601
2721545,0,85.4857422,51.72348083,41.04273419,0,57.01756659
3117746,0,0,54.44576929,0,0,139.9522089
2594883,122.3909544,103.8041155,32.66746157,0,0,62.20098174
3410268,0,0,0,29.84926123,0,51.83415145
3402864,0,0,0,0,0,0
2903580,0,103.8041155,84.3909424,80.84174917,130.9288633,64.79268931
3070215,122.3909544,128.2286133,68.05721161,23.63066514,0,51.83415145
2819098,0,0,0,0,0,0
132920,0,0,0,0,0,0
1806670,122.3909544,140.4408622,0,41.04273419,0,111.4434256
70775,376.5875519,195.3959822,0,58.45480324,134.7797122,25.91707572
1720344,0,0,193.282481,94.52266056,0,194.3780679
290053,0,73.27349331,27.22288465,24.87438436,0,98.48488775
1986204,0,0,43.55661543,13.6809114,0,0
3060621,0,103.8041155,46.2789039,22.38694592,0,62.20098174
188144,103.5615768,116.0163644,51.72348083,41.04273419,0,168.4609922
2932256,0,103.8041155,27.22288465,0,0,82.93464232
83556,178.8790872,140.4408622,78.94636547,33.58041888,0,51.83415145
294699,0,97.69799109,29.94517311,17.41206905,0,80.34293475
2215,0,0,0,0,0,93.30147261
171291,0,0,0,0,0,25.91707572
2975963,0,0,68.05721161,116.9096065,0,0
2843640,0,0,0,0,0,25.91707572
1943633,131.8056432,0,144.2812886,318.3921198,61.61358271,46.6507363
3026418,0,0,43.55661543,49.74876872,0,38.87561359
1685,0,0,0,26.11810358,0,0
2954647,0,0,0,0,0,0
1468449,0,0,0,0,0,251.3956345
410332,0,0,32.66746157,50.99248794,0,0
148813,0,67.16736887,0,0,0,64.79268931
2817656,376.5875519,0,73.50178854,108.203572,0,0
73780,0,0,43.55661543,57.21108403,57.76273379,0
52690,0,0,0,0,0,90.70976504
504,0,0,0,18.65578827,0,64.79268931
131318,0,0,0,0,0,114.0351332
571949,131.8056432,146.5469866,0,0,0,0
2975777,0,0,0,0,0,0
74031,0,0,130.6698463,322.1232774,88.56952515,0
1859475,0,140.4408622,57.16805776,18.65578827,0,80.34293475
69499,0,0,40.83432697,18.65578827,0,121.8102559
2758573,0,0,0,32.33669967,0,41.46732116
200,169.4643984,329.7307199,68.05721161,29.84926123,0,111.4434256
215743,0,0,190.5601925,359.434854,146.3322589,0
262076,0,0,92.5578078,58.45480324,0,191.7863604
656366,0,0,0,77.11059151,0,80.34293475
55802,0,0,0,0,0,77.75122717
189425,188.2937759,189.2898577,98.00238472,41.04273419,0,116.6268408
2903797,0,103.8041155,117.058404,92.03522213,0,0
2993543,150.6350208,103.8041155,0,58.45480324,0,0
1884905,0,73.27349331,0,12.43719218,0,31.10049087
2732593,0,91.59186664,0,0,0,0
3387407,0,97.69799109,38.1120385,0,0,64.79268931
2866311,0,61.06124443,54.44576929,120.6407641,0,38.87561359
288,0,0,0,0,0,0
69362,0,152.6531111,114.3361155,121.8844834,0,0
2744516,0,0,163.3373079,95.76637978,173.2882014,0
2051906,0,85.4857422,38.1120385,21.14322671,119.3763165,54.42585902
3448124,0,0,29.94517311,78.35431073,42.35933812,44.05902873
191302,0,0,100.7246732,44.77389185,0,0
3366809,0,116.0163644,49.00119236,0,0,59.60927417
879969,178.8790872,85.4857422,73.50178854,43.53017263,369.6814963,82.93464232
3066289,0,0,54.44576929,17.41206905,0,0
3041619,0,0,38.1120385,0,0,129.5853786
1803177,0,0,0,13.6809114,0,25.91707572
2599305,0,0,0,34.8241381,0,41.46732116
3073902,0,0,46.2789039,29.84926123,0,44.05902873
264739,103.5615768,152.6531111,0,18.65578827,0,51.83415145
56459,282.4406639,341.9429688,68.05721161,77.11059151,0,0
748247,122.3909544,244.2449777,236.8390964,176.6081289,111.6746187,0
1064539,0,0,196.0047694,103.2286951,0,0
430679,0,134.3347377,157.8927309,110.6910104,0,0
3064001,150.6350208,195.3959822,84.3909424,29.84926123,0,0
319653,0,0,43.55661543,0,0,0
2796928,254.1965975,244.2449777,43.55661543,0,0,62.20098174
1547922,103.5615768,0,108.8915386,106.9598527,42.35933812,0
1223566,0,0,117.058404,85.81662604,231.0509352,0
1945658,0,445.7470843,0,0,0,93.30147261
2824561,0,0,51.72348083,228.8443361,0,59.60927417
2763068,0,323.6245955,0,0,0,0
1961362,0,0,280.3957119,269.8870703,0,0
1199245,0,0,0,0,0,72.56781203
864828,0,0,95.28009626,111.9347296,0,75.1595196
1653480,197.7084647,109.91024,103.4469617,108.203572,0,0
29375,94.14688797,85.4857422,0,0,0,88.11805746
229155,0,97.69799109,81.66865394,22.38694592,0,38.87561359
1397108,150.6350208,128.2286133,122.5029809,141.7839908,50.06103596,0
3383025,0,0,35.38975004,17.41206905,0,54.42585902
2744523,0,0,261.3396926,198.9950749,0,0
216963,94.14688797,158.7592355,57.16805776,22.38694592,0,101.0765953
84980,0,0,27.22288465,27.36182279,0,46.6507363
1675686,94.14688797,73.27349331,106.1692501,207.7011094,38.5084892,0
3131936,0,85.4857422,78.94636547,41.04273419,0,95.89318018
2004646,0,0,0,0,0,0
2518971,207.1231535,213.7143555,87.11323087,29.84926123,0,49.24244388
2908645,150.6350208,134.3347377,59.89034622,38.55529576,0,0
2517362,0,91.59186664,0,0,0,44.05902873
1325102,0,0,149.7258656,58.45480324,204.0949927,0
2861775,0,0,0,0,0,0
204038,0,0,171.5041733,85.81662604,0,44.05902873
70863,0,0,0,16.16834983,0,69.97610446
2865833,263.6112863,109.91024,201.4493464,230.0880553,88.56952515,0
3273802,0,0,136.1144232,63.42968012,46.21018704,0
344163,0,0,0,52.23620715,0,160.6858695
47883,0,0,141.5590002,95.76637978,0,152.9107468
73141,0,0,51.72348083,186.5578827,38.5084892,0
2740163,0,85.4857422,73.50178854,63.42968012,38.5084892,0
3439042,178.8790872,189.2898577,122.5029809,47.26133028,0,72.56781203
500610,131.8056432,73.27349331,81.66865394,113.1784488,0,106.2600105
58138,0,0,35.38975004,14.92463062,0,80.34293475
1759399,0,0,0,92.03522213,0,51.83415145
2745561,0,360.2613421,87.11323087,72.13571464,0,0
680248,0,134.3347377,127.9475578,101.9849759,69.31528055,38.87561359
3447013,0,0,40.83432697,28.60554201,0,46.6507363
3239898,0,0,119.7806924,155.4649022,73.16612947,0
2829501,112.9762656,0,130.6698463,379.3343615,61.61358271,0
515393,0,0,43.55661543,49.74876872,0,31.10049087
2970818,0,0,0,0,0,0
404405,0,0,81.66865394,206.4573902,0,0
1536773,0,0,0,0,0,88.11805746
3390033,0,0,0,0,0,0
1874361,160.0497096,91.59186664,35.38975004,46.01761106,0,36.28390601
2921401,94.14688797,73.27349331,0,0,0,90.70976504
2190,0,0,70.77950008,17.41206905,0,93.30147261
1590041,0,0,0,34.8241381,0,0
224719,0,73.27349331,0,0,0,126.9936711
3077948,0,0,0,0,0,59.60927417
1699622,0,0,0,0,0,0
2547970,0,0,43.55661543,34.8241381,0,77.75122717
2119,0,0,0,0,0,69.97610446
1524460,131.8056432,109.91024,57.16805776,111.9347296,0,0
2490855,0,103.8041155,0,0,0,95.89318018
108486,0,0,0,32.33669967,0,0
3103144,0,0,43.55661543,26.11810358,0,90.70976504
1267217,0,0,92.5578078,476.3444605,61.61358271,0
1124597,0,0,0,19.89950749,0,33.69219844
1328770,169.4643984,91.59186664,38.1120385,22.38694592,80.86782731,25.91707572
1903686,0,0,0,0,0,204.7448982
36740,0,0,0,0,0,0
3077930,207.1231535,146.5469866,57.16805776,0,0,44.05902873
3036945,112.9762656,97.69799109,43.55661543,26.11810358,365.8306474,38.87561359
2589076,112.9762656,97.69799109,171.5041733,213.9197055,254.1560287,0
1583100,0,0,0,0,0,217.7034361
2740807,0,0,78.94636547,154.221183,46.21018704,0
1523415,150.6350208,0,152.448154,278.5931048,0,0
40834,0,0,0,0,0,272.1292951
94254,0,0,43.55661543,38.55529576,50.06103596,106.2600105
2943192,0,122.1224889,78.94636547,180.3392866,111.6746187,28.5087833
1048205,112.9762656,67.16736887,84.3909424,124.3719218,61.61358271,25.91707572
211114,0,73.27349331,114.3361155,106.9598527,0,126.9936711
447689,0,0,0,48.5050495,0,44.05902873
3413029,0,0,43.55661543,19.89950749,0,51.83415145
419479,0,0,103.4469617,177.8518482,53.91188488,0
3387397,0,0,0,133.0779563,0,85.52634989
1712516,0,79.37961776,46.2789039,19.89950749,0,57.01756659
2121,94.14688797,0,0,14.92463062,0,25.91707572
1637853,0,0,0,31.09298045,0,101.0765953
408783,0,0,78.94636547,62.1859609,61.61358271,28.5087833
47960,0,61.06124443,136.1144232,161.6834983,0,0
671077,0,0,32.66746157,65.91711855,46.21018704,75.1595196
2819104,0,0,0,0,0,0
3240042,0,103.8041155,141.5590002,152.9774638,73.16612947,0
1886670,301.2700415,183.1837333,212.3385002,129.3467987,0,0
2758440,0,0,0,0,0,0
417574,0,85.4857422,0,22.38694592,0,129.5853786
2807512,122.3909544,67.16736887,76.22407701,226.3568977,73.16612947,186.6029452
71433,0,0,78.94636547,74.62315308,46.21018704,64.79268931
1908224,0,0,190.5601925,223.8694592,119.3763165,46.6507363
2921702,0,213.7143555,0,0,0,139.9522089
2745511,0,0,0,0,0,272.1292951
2779518,0,0,59.89034622,14.92463062,0,82.93464232
171632,0,0,0,0,0,0
3033392,536.6372615,286.9878488,89.83551933,48.5050495,0,0
1523392,0,116.0163644,0,0,0,25.91707572
2231053,0,0,0,22.38694592,0,158.0941619
43765,0,0,0,94.52266056,0,0
113267,0,0,32.66746157,26.11810358,0,160.6858695
367190,0,0,0,0,0,126.9936711
1166078,0,0,182.3933271,140.5402716,69.31528055,44.05902873
1514105,0,0,32.66746157,31.09298045,0,38.87561359
2109914,329.5141079,250.3511022,125.2252694,69.64827621,0,0
2864217,0,0,0,0,0,0
3118085,291.8553527,262.563351,73.50178854,83.3291876,50.06103596,0
430914,0,0,0,21.14322671,0,121.8102559
1233873,0,0,0,0,0,0
2926399,0,91.59186664,32.66746157,13.6809114,0,106.2600105
3458682,0,85.4857422,40.83432697,37.31157654,0,114.0351332
3234954,0,0,51.72348083,26.11810358,0,75.1595196
2009329,0,0,245.0059618,421.6208149,0,0
323284,0,0,0,0,0,0
1138194,0,0,73.50178854,62.1859609,0,31.10049087
1639108,178.8790872,128.2286133,198.7270579,101.9849759,0,0
232346,0,0,0,23.63066514,0,93.30147261
157592,367.1728631,299.2000977,92.5578078,87.06034526,0,0
2815167,0,0,119.7806924,305.9549276,0,0
35806,0,0,223.2276541,356.9474156,65.46443163,0
1792,150.6350208,0,54.44576929,78.35431073,53.91188488,557.2171281
2305987,0,0,0,31.09298045,0,88.11805746
3400846,0,0,0,0,0,145.1356241
198620,0,0,0,65.91711855,80.86782731,64.79268931
2545798,0,0,0,0,0,0
2914710,160.0497096,128.2286133,171.5041733,213.9197055,0,77.75122717
76116,0,0,57.16805776,99.49753744,57.76273379,0
914150,0,0,125.2252694,28.60554201,0,36.28390601
28125,0,0,0,0,0,38.87561359
137732,0,109.91024,95.28009626,54.72364559,80.86782731,85.52634989
3015170,0,79.37961776,0,23.63066514,0,77.75122717
191390,0,0,54.44576929,39.79901497,0,0
2054227,0,0,98.00238472,111.9347296,0,85.52634989
2949994,150.6350208,201.5021066,62.61263469,37.31157654,0,0
3230990,141.220332,85.4857422,0,0,0,72.56781203
56146,0,201.5021066,0,0,0,145.1356241
2773454,0,0,84.3909424,46.01761106,0,101.0765953
2971606,0,0,0,38.55529576,0,0
3391822,0,0,0,21.14322671,0,72.56781203
2587163,141.220332,61.06124443,125.2252694,205.213671,46.21018704,0
2528007,112.9762656,0,27.22288465,79.59802995,38.5084892,25.91707572
3066271,0,0,0,0,0,59.60927417
3240027,169.4643984,0,84.3909424,149.2463062,0,0
2498135,103.5615768,128.2286133,95.28009626,114.4221681,0,0
1636152,94.14688797,0,117.058404,233.819213,38.5084892,0
882104,0,0,0,0,0,38.87561359
3075198,0,0,59.89034622,90.79150291,0,0
3240071,0,0,266.7842695,104.4724143,0,59.60927417
2984843,0,0,179.6710387,118.1533257,65.46443163,0
1758194,0,109.91024,334.8414811,299.7363315,0,0
2020962,0,91.59186664,49.00119236,22.38694592,42.35933812,62.20098174
197614,282.4406639,305.3062221,0,0,0,126.9936711
2996782,0,0,62.61263469,77.11059151,0,0
536,0,0,106.1692501,83.3291876,0,33.69219844
1406512,0,103.8041155,27.22288465,0,0,38.87561359
833,0,0,0,0,0,93.30147261
103855,0,109.91024,206.8939233,108.203572,0,85.52634989
2507582,188.2937759,250.3511022,0,49.74876872,0,0
906888,112.9762656,79.37961776,57.16805776,33.58041888,0,62.20098174
2571747,0,0,62.61263469,79.59802995,0,0
84531,0,0,38.1120385,82.08546838,0,85.52634989
2817408,0,0,0,0,0,0
204525,0,0,147.0035771,119.3970449,50.06103596,0
198618,141.220332,146.5469866,38.1120385,59.69852246,0,46.6507363
3034233,0,0,38.1120385,14.92463062,0,121.8102559
452,112.9762656,73.27349331,0,18.65578827,0,139.9522089
2527691,244.7819087,0,49.00119236,63.42968012,0,101.0765953
2954506,0,0,95.28009626,38.55529576,0,176.2361149
3242193,0,91.59186664,49.00119236,0,0,51.83415145
2100116,0,0,38.1120385,0,0,0
3003348,0,0,0,0,0,106.2600105
2745510,0,0,0,0,0,0
240427,0,0,0,0,184.8407481,0
2857077,0,0,59.89034622,23.63066514,0,31.10049087
3341829,0,0,76.22407701,63.42968012,200.2441438,95.89318018
710705,0,134.3347377,46.2789039,72.13571464,57.76273379,0
2983246,0,0,29.94517311,60.94224168,0,59.60927417
3130166,0,0,87.11323087,49.74876872,0,108.851718
1002546,0,0,43.55661543,58.45480324,69.31528055,33.69219844
1928,0,0,0,184.0704443,0,0
1714373,0,146.5469866,98.00238472,125.615641,0,0
2675792,0,0,0,17.41206905,0,28.5087833
2817413,0,0,0,0,0,0
1006155,0,0,54.44576929,29.84926123,0,298.0463708
111955,0,0,0,0,0,0
2774835,0,0,0,0,0,0
2493668,546.0519503,0,171.5041733,134.3216755,0,0
2003551,0,0,0,0,0,0
53408,0,0,209.6162118,245.0126859,0,0
732,0,0,40.83432697,16.16834983,50.06103596,67.38439688
3030492,0,0,70.77950008,23.63066514,0,57.01756659
3445355,0,0,54.44576929,33.58041888,0,0
537,0,79.37961776,0,17.41206905,0,64.79268931
375489,0,79.37961776,54.44576929,24.87438436,0,46.6507363
36738,0,0,0,24.87438436,0,0
3034648,254.1965975,158.7592355,0,0,0,0
2919921,141.220332,122.1224889,54.44576929,27.36182279,0,36.28390601
184914,235.3672199,219.8204799,133.3921348,222.62574,92.42037407,0
2916397,0,0,166.0595963,303.4674892,73.16612947,0
1054041,122.3909544,158.7592355,0,0,0,59.60927417
3372858,0,0,0,59.69852246,0,119.2185483
82983,0,0,0,0,0,38.87561359
3160831,0,0,0,0,0,0
2026191,0,0,54.44576929,0,0,85.52634989
3395316,0,0,0,62.1859609,0,0
54261,0,0,0,0,0,0
3394146,0,0,43.55661543,36.06785732,111.6746187,0
1714845,0,0,89.83551933,55.96736481,0,44.05902873
1173101,0,0,49.00119236,24.87438436,0,129.5853786
39669,0,0,0,0,0,82.93464232
3385202,0,0,0,0,0,0
3240072,0,0,114.3361155,118.1533257,0,0
1664069,0,0,0,0,0,75.1595196
189691,0,0,0,23.63066514,42.35933812,67.38439688
1188319,0,0,0,22.38694592,0,142.5439165
3242682,0,0,73.50178854,0,0,184.0112376
1302235,103.5615768,0,119.7806924,33.58041888,0,85.52634989
2975870,0,79.37961776,40.83432697,67.16083777,0,0
3118332,0,0,0,0,0,114.0351332
208216,235.3672199,219.8204799,223.2276541,123.1282026,0,0
1981510,0,0,51.72348083,16.16834983,0,323.9634466
37929,0,0,0,120.6407641,0,0
2005703,0,79.37961776,57.16805776,26.11810358,0,134.7687938
3230987,291.8553527,232.0327288,163.3373079,68.40455699,0,95.89318018
33940,0,0,0,0,0,0
1874317,207.1231535,67.16736887,32.66746157,46.01761106,0,41.46732116
3032282,197.7084647,177.0776088,92.5578078,80.84174917,0,311.0049087
2184053,0,0,144.2812886,110.6910104,0,0
340146,395.4169295,286.9878488,0,0,0,77.75122717
57372,320.0994191,122.1224889,29.94517311,14.92463062,0,36.28390601
2925841,0,0,166.0595963,93.27894135,0,88.11805746
2726189,0,0,27.22288465,31.09298045,0,0
2175864,0,0,98.00238472,121.8844834,38.5084892,0
2058624,0,0,54.44576929,39.79901497,0,64.79268931
102862,0,0,51.72348083,0,0,69.97610446
1005039,0,73.27349331,49.00119236,34.8241381,211.7966906,64.79268931
120963,0,0,0,0,0,72.56781203
3240783,0,219.8204799,114.3361155,98.25381822,53.91188488,0
3398231,0,0,98.00238472,169.1458136,57.76273379,38.87561359
2604832,0,0,0,85.81662604,0,0
212403,0,0,70.77950008,39.79901497,73.16612947,0
2728835,0,0,59.89034622,200.2387941,154.0339568,0
936476,94.14688797,0,35.38975004,27.36182279,0,44.05902873
1562720,0,0,87.11323087,78.35431073,154.0339568,0
34007,0,0,236.8390964,322.1232774,65.46443163,49.24244388
267128,0,0,234.116808,205.213671,0,0
2584094,0,0,70.77950008,49.74876872,0,0
2751171,0,61.06124443,32.66746157,37.31157654,57.76273379,0
60893,0,0,29.94517311,18.65578827,0,108.851718
2026187,0,0,0,0,0,101.0765953
3080014,0,85.4857422,87.11323087,82.08546838,200.2441438,0
1608957,0,73.27349331,92.5578078,167.9020944,88.56952515,0
76936,0,0,0,18.65578827,0,95.89318018
2714925,0,0,0,59.69852246,61.61358271,69.97610446
114885,160.0497096,116.0163644,87.11323087,23.63066514,0,0
948519,0,0,0,63.42968012,0,0
476157,0,0,38.1120385,68.40455699,0,49.24244388
68246,122.3909544,79.37961776,106.1692501,134.3216755,53.91188488,163.2775771
3139408,0,0,35.38975004,28.60554201,0,0
410,0,91.59186664,253.1728272,170.3895329,0,0
2996034,0,0,0,14.92463062,0,82.93464232
2815577,0,73.27349331,62.61263469,24.87438436,0,28.5087833
3078083,122.3909544,79.37961776,35.38975004,0,0,69.97610446
1549858,0,0,168.7818848,254.9624397,42.35933812,0
3077928,489.5638175,421.3225866,0,0,0,0
2163011,0,122.1224889,38.1120385,58.45480324,0,28.5087833
401471,103.5615768,0,51.72348083,23.63066514,38.5084892,0
1681,395.4169295,189.2898577,228.672231,28.60554201,0,0
1891644,0,0,217.7830772,143.0277101,0,0
879274,0,177.0776088,247.7282503,263.6684742,0,0
414,0,0,160.6150194,161.6834983,0,0
280236,0,91.59186664,57.16805776,90.79150291,154.0339568,0
3386553,0,109.91024,89.83551933,27.36182279,0,59.60927417
281362,0,0,95.28009626,116.9096065,0,88.11805746
93220,0,0,176.9487502,144.2714293,0,41.46732116
2211212,0,0,0,0,0,72.56781203
261964,225.9525311,183.1837333,29.94517311,23.63066514,0,0
3157618,0,0,0,50.99248794,0,62.20098174
2047744,0,0,95.28009626,135.5653948,80.86782731,0
593909,0,238.1388533,234.116808,157.9523407,130.9288633,28.5087833
556287,0,0,0,0,0,28.5087833
3019892,0,0,0,0,0,0
685,0,0,0,0,0,41.46732116
661488,0,67.16736887,46.2789039,42.28645341,0,184.0112376
3237371,0,0,0,48.5050495,0,0
2898581,0,0,0,0,0,0
2916816,376.5875519,286.9878488,92.5578078,36.06785732,0,31.10049087
33037,0,0,0,0,0,103.6683029
1801,0,0,32.66746157,48.5050495,53.91188488,106.2600105
351052,169.4643984,0,70.77950008,159.1960599,53.91188488,0
2750812,0,0,98.00238472,133.0779563,42.35933812,62.20098174
28099,0,0,598.9034622,245.0126859,0,0
29561,0,79.37961776,68.05721161,24.87438436,0,62.20098174
3071567,169.4643984,134.3347377,51.72348083,37.31157654,0,0
3067904,0,0,89.83551933,113.1784488,0,0
37637,0,79.37961776,35.38975004,34.8241381,0,0
2890318,0,0,0,18.65578827,0,33.69219844
2038636,122.3909544,0,160.6150194,166.6583752,0,28.5087833
114054,0,0,0,24.87438436,0,57.01756659
283686,0,0,0,0,0,0
3160832,0,103.8041155,92.5578078,41.04273419,0,28.5087833
3072790,0,0,198.7270579,65.91711855,0,95.89318018
3151599,0,311.4123466,0,0,0,207.3366058
358220,0,0,0,58.45480324,0,0
292414,0,311.4123466,212.3385002,330.829312,0,0
2202141,0,0,59.89034622,82.08546838,0,44.05902873
47872,0,0,0,62.1859609,0,0
2663857,178.8790872,225.9266044,114.3361155,148.0025869,0,217.7034361
3231716,178.8790872,238.1388533,245.0059618,148.0025869,0,0
2970464,0,0,98.00238472,54.72364559,0,0
43768,0,0,0,235.0629322,138.6305611,0
1842727,0,0,141.5590002,220.1383016,0,0
2709380,0,79.37961776,198.7270579,138.0528332,57.76273379,0
1774216,0,0,87.11323087,97.010099,57.76273379,36.28390601
1349410,0,0,0,17.41206905,0,49.24244388
1979954,0,0,62.61263469,68.40455699,0,28.5087833
1872122,0,0,103.4469617,80.84174917,0,0
3418417,0,0,92.5578078,53.47992637,0,36.28390601
2710758,0,0,40.83432697,37.31157654,38.5084892,85.52634989
183795,0,0,73.50178854,83.3291876,0,77.75122717
1128151,0,0,0,0,0,0
1639348,0,0,443.7330197,213.9197055,0,0
55211,0,0,0,29.84926123,0,31.10049087
3349878,0,0,38.1120385,55.96736481,0,222.8868512
2485124,0,0,0,0,0,0
3028375,0,0,0,0,0,0
2231721,0,0,201.4493464,141.7839908,107.8237698,0
3237105,0,0,0,0,0,77.75122717
2058136,442.4903735,335.8368444,0,0,0,0
3166643,0,0,0,13.6809114,0,0
2579250,0,0,68.05721161,18.65578827,0,139.9522089
3016339,0,0,35.38975004,33.58041888,0,165.8692846
3236892,0,73.27349331,130.6698463,43.53017263,0,36.28390601
33990,338.9287967,421.3225866,0,0,0,0
2585771,0,0,29.94517311,52.23620715,0,72.56781203
2725994,0,73.27349331,27.22288465,19.89950749,0,0
1970157,0,0,92.5578078,103.2286951,38.5084892,0
58169,0,0,0,37.31157654,0,38.87561359
227942,0,67.16736887,0,14.92463062,0,266.94588
2975743,0,0,0,54.72364559,0,0
2067065,112.9762656,201.5021066,84.3909424,24.87438436,0,51.83415145
1817405,0,0,0,0,0,88.11805746
269660,0,103.8041155,236.8390964,149.2463062,92.42037407,0
3438965,0,0,0,0,0,0
2528017,0,0,59.89034622,186.5578827,161.7356546,0
2173169,0,0,73.50178854,53.47992637,0,0
1248727,169.4643984,0,117.058404,149.2463062,0,0
2975953,178.8790872,91.59186664,157.8927309,133.0779563,0,57.01756659
2698458,150.6350208,164.86536,76.22407701,38.55529576,0,0
1618,0,0,46.2789039,0,0,137.3605013
2576891,0,67.16736887,0,69.64827621,496.7595106,0
2921557,0,0,57.16805776,19.89950749,196.3932949,33.69219844
2903591,0,97.69799109,70.77950008,65.91711855,46.21018704,51.83415145
3039386,0,0,70.77950008,130.5905179,0,69.97610446
386911,0,0,40.83432697,34.8241381,0,0
2675878,0,0,46.2789039,31.09298045,0,0
31958,112.9762656,91.59186664,62.61263469,123.1282026,57.76273379,64.79268931
1632865,0,0,49.00119236,80.84174917,80.86782731,62.20098174
2735436,0,109.91024,65.33492315,23.63066514,0,98.48488775
47884,0,61.06124443,0,50.99248794,0,0
2740529,0,0,255.8951157,130.5905179,0,67.38439688
155177,0,140.4408622,68.05721161,80.84174917,0,0
2754725,0,0,0,0,0,0
29553,0,79.37961776,0,0,0,90.70976504
3133277,0,158.7592355,0,60.94224168,0,41.46732116
240521,0,140.4408622,98.00238472,111.9347296,0,0
161360,0,0,65.33492315,23.63066514,0,62.20098174
2530200,0,0,35.38975004,231.3317745,0,67.38439688
1798193,0,0,51.72348083,103.2286951,0,0
1456591,0,0,0,19.89950749,0,49.24244388
1804,0,0,98.00238472,93.27894135,523.7154531,124.4019635
133924,103.5615768,97.69799109,100.7246732,291.030297,42.35933812,0
2758038,0,67.16736887,141.5590002,201.4825133,65.46443163,0
2527983,0,0,73.50178854,180.3392866,73.16612947,46.6507363
33059,0,122.1224889,0,38.55529576,0,0
2592049,0,0,40.83432697,50.99248794,0,103.6683029
1965282,0,103.8041155,108.8915386,108.203572,0,238.4370967
1349,0,0,0,0,0,67.38439688
2857059,0,0,0,109.4472912,161.7356546,0
2951806,0,91.59186664,108.8915386,140.5402716,96.27122299,0
170651,0,0,0,26.11810358,0,119.2185483
3144975,0,67.16736887,0,14.92463062,0,0
2507160,0,0,62.61263469,17.41206905,0,36.28390601
2093856,160.0497096,0,65.33492315,38.55529576,0,134.7687938
2109915,0,0,40.83432697,82.08546838,65.46443163,0
2511995,0,0,46.2789039,65.91711855,211.7966906,49.24244388
3243332,0,0,348.4529235,186.5578827,42.35933812,38.87561359
1050370,141.220332,128.2286133,87.11323087,110.6910104,0,0
1737424,0,0,0,0,0,0
2099,160.0497096,158.7592355,43.55661543,14.92463062,0,41.46732116
81028,0,0,29.94517311,0,0,0
566,207.1231535,225.9266044,106.1692501,80.84174917,0,57.01756659
225084,0,0,0,0,0,85.52634989
496014,216.5378423,189.2898577,117.058404,194.020198,92.42037407,0
1874061,0,0,46.2789039,90.79150291,0,0
2210,0,0,0,0,0,59.60927417
2483404,0,0,103.4469617,62.1859609,631.5392228,0
495,0,0,0,48.5050495,0,46.6507363
2978973,0,0,122.5029809,247.5001244,0,189.1946528
3031124,0,0,0,0,0,0
2024580,0,0,106.1692501,93.27894135,61.61358271,64.79268931
2796143,207.1231535,201.5021066,103.4469617,46.01761106,227.2000863,0
1591088,0,0,0,0,0,77.75122717
293552,0,73.27349331,0,19.89950749,0,150.3190392
2956798,0,61.06124443,35.38975004,57.21108403,0,69.97610446
370524,291.8553527,280.8817244,174.2264617,85.81662604,0,0
2982692,0,85.4857422,111.613827,118.1533257,215.6475395,0
483937,122.3909544,189.2898577,38.1120385,21.14322671,0,67.38439688
3447451,0,0,73.50178854,138.0528332,0,0
3039154,0,0,43.55661543,78.35431073,169.4373525,0
3382150,0,0,0,0,0,253.9873421
2558931,103.5615768,0,92.5578078,190.2890403,0,72.56781203
3100174,254.1965975,128.2286133,133.3921348,240.0378091,0,0
2909671,0,67.16736887,51.72348083,28.60554201,0,85.52634989
184748,103.5615768,91.59186664,127.9475578,253.7187205,50.06103596,0
1848903,0,0,0,0,0,0
34003,0,0,190.5601925,232.5754938,42.35933812,0
2571116,0,0,0,12.43719218,0,145.1356241
3242158,0,0,0,0,0,0
2010972,0,0,119.7806924,140.5402716,0,0
1323948,0,0,43.55661543,37.31157654,0,129.5853786
2590772,0,0,54.44576929,74.62315308,196.3932949,0
173858,169.4643984,146.5469866,122.5029809,98.25381822,46.21018704,54.42585902
58231,0,67.16736887,0,0,0,62.20098174
2975710,0,0,54.44576929,62.1859609,0,0
52603,0,61.06124443,193.282481,273.6182279,0,0
134821,0,0,32.66746157,13.6809114,0,80.34293475
2967301,0,91.59186664,49.00119236,16.16834983,0,0
293089,0,109.91024,280.3957119,273.6182279,0,0
2753607,0,67.16736887,122.5029809,129.3467987,100.1220719,124.4019635
2815358,0,0,0,57.21108403,0,75.1595196
3141581,0,0,0,0,0,0
3230487,0,0,65.33492315,307.1986468,77.01697839,0
2975990,0,225.9266044,84.3909424,60.94224168,0,0
3037797,0,0,117.058404,134.3216755,0,0
3241170,0,0,0,14.92463062,0,137.3605013
754517,0,238.1388533,68.05721161,24.87438436,0,0
3238631,141.220332,219.8204799,130.6698463,98.25381822,73.16612947,31.10049087
3115649,0,103.8041155,0,16.16834983,0,57.01756659
155077,0,0,29.94517311,60.94224168,0,163.2775771
1810504,0,61.06124443,92.5578078,165.414656,50.06103596,0
2963092,141.220332,91.59186664,185.1156156,49.74876872,0,51.83415145
397865,0,0,0,31.09298045,0,155.5024543
2903619,0,0,54.44576929,101.9849759,53.91188488,0
3129297,94.14688797,0,0,0,0,147.7273316
2055160,0,0,0,23.63066514,0,0
2083300,0,0,0,0,0,0
1353891,0,0,127.9475578,125.615641,65.46443163,54.42585902
1758178,0,91.59186664,65.33492315,256.2061589,0,0
260552,103.5615768,91.59186664,46.2789039,87.06034526,0,0
673,0,0,32.66746157,29.84926123,84.71867623,98.48488775
2594496,0,0,0,0,0,0
1743162,0,0,0,0,119.3763165,57.01756659
2903577,0,0,62.61263469,130.5905179,0,93.30147261
3085177,0,0,0,13.6809114,65.46443163,0
575,0,0,288.5625772,264.9121934,0,0
1702103,0,0,0,39.79901497,0,41.46732116
1364,0,79.37961776,0,0,0,67.38439688
53417,0,0,73.50178854,24.87438436,0,38.87561359
2039234,0,0,62.61263469,49.74876872,0,0
3118174,0,0,78.94636547,28.60554201,0,0
279113,0,0,92.5578078,44.77389185,0,46.6507363
3419765,0,0,68.05721161,99.49753744,65.46443163,0
2291597,0,0,0,32.33669967,0,0
1870819,0,67.16736887,43.55661543,18.65578827,0,49.24244388
3157666,207.1231535,122.1224889,92.5578078,55.96736481,0,0
1869339,0,0,0,63.42968012,0,44.05902873
2685869,178.8790872,250.3511022,89.83551933,135.5653948,0,0
1699623,0,0,0,0,0,0
83380,0,0,0,60.94224168,0,0
1448929,0,67.16736887,0,12.43719218,0,75.1595196
3239903,131.8056432,164.86536,187.8379041,166.6583752,61.61358271,0
3372856,0,0,38.1120385,73.37943386,0,67.38439688
2975801,160.0497096,109.91024,43.55661543,97.010099,0,0
2865837,0,0,70.77950008,75.86687229,0,101.0765953
53635,0,0,62.61263469,84.57290682,0,33.69219844
1560345,0,67.16736887,185.1156156,186.5578827,0,25.91707572
3120278,0,0,84.3909424,180.3392866,73.16612947,25.91707572
1811193,0,164.86536,49.00119236,0,0,62.20098174
2590015,0,0,49.00119236,16.16834983,0,0
2986951,0,0,0,0,0,0
2726117,0,0,0,0,0,0
2591463,0,0,133.3921348,58.45480324,0,0
2903700,0,0,49.00119236,84.57290682,0,0
2975796,310.6847303,128.2286133,0,79.59802995,0,0
2559928,0,0,0,0,0,111.4434256
1131703,122.3909544,116.0163644,76.22407701,14.92463062,0,36.28390601
152682,0,0,204.1716348,235.0629322,0,202.1531907
2724914,0,0,32.66746157,73.37943386,65.46443163,0
1796613,0,0,0,24.87438436,0,116.6268408
433659,150.6350208,91.59186664,92.5578078,100.7412567,42.35933812,0
1806667,0,0,29.94517311,22.38694592,0,36.28390601
39485,0,0,0,22.38694592,0,25.91707572
1891186,0,0,0,0,0,101.0765953
2480087,0,0,138.8367117,103.2286951,119.3763165,0
2975797,0,0,0,59.69852246,0,0
568844,0,0,57.16805776,123.1282026,0,0
2872591,160.0497096,0,234.116808,228.8443361,0,0
2993455,0,73.27349331,0,0,0,0
195913,94.14688797,140.4408622,89.83551933,245.0126859,53.91188488,0
1813468,0,0,163.3373079,202.7262325,0,0
2572577,0,0,29.94517311,85.81662604,0,0
538382,169.4643984,158.7592355,65.33492315,145.5151485,73.16612947,0
2782659,0,0,78.94636547,70.89199542,423.5933812,0
249402,0,0,0,0,0,25.91707572
2512240,0,0,0,0,0,69.97610446
712150,0,0,0,29.84926123,0,0
357278,94.14688797,85.4857422,0,0,0,0
3042315,0,0,0,21.14322671,0,72.56781203
1077945,0,0,0,0,546.8205466,0
446692,150.6350208,164.86536,0,0,0,152.9107468
2021862,188.2937759,103.8041155,223.2276541,231.3317745,0,0
2599297,0,0,59.89034622,106.9598527,0,49.24244388
452627,0,73.27349331,0,28.60554201,0,64.79268931
2903679,150.6350208,122.1224889,95.28009626,100.7412567,0,67.38439688
2775403,122.3909544,158.7592355,152.448154,126.8593602,211.7966906,0
2794089,348.3434855,348.0490932,68.05721161,36.06785732,0,0
465797,0,0,337.5637696,139.2965524,0,0
2527971,0,0,106.1692501,94.52266056,61.61358271,0
668570,216.5378423,158.7592355,95.28009626,31.09298045,0,77.75122717
123824,112.9762656,85.4857422,0,0,0,0
142,0,0,0,0,0,313.5966163
244566,0,0,0,53.47992637,42.35933812,75.1595196
208596,216.5378423,97.69799109,0,0,0,80.34293475
2760083,0,0,43.55661543,62.1859609,0,25.91707572
1249553,197.7084647,103.8041155,100.7246732,46.01761106,0,69.97610446
2731756,94.14688797,0,57.16805776,24.87438436,0,93.30147261
2136,0,0,0,0,0,0
3040764,0,0,0,28.60554201,0,0
2975717,0,0,552.6245583,286.0554201,0,0
3162562,0,0,133.3921348,90.79150291,100.1220719,0
83554,0,0,0,0,0,0
2588534,0,0,0,0,0,0
1972068,207.1231535,183.1837333,106.1692501,249.9875628,0,25.91707572
38012,188.2937759,152.6531111,40.83432697,0,0,0
1884263,225.9525311,225.9266044,81.66865394,18.65578827,0,209.9283134
3018036,0,116.0163644,198.7270579,263.6684742,0,0
1085,0,67.16736887,449.1775967,156.7086215,42.35933812,0
34103,0,0,78.94636547,103.2286951,0,0
648794,0,0,0,55.96736481,38.5084892,0
2267521,0,0,0,52.23620715,0,0
1635327,0,67.16736887,0,12.43719218,0,46.6507363
1597781,216.5378423,177.0776088,122.5029809,108.203572,50.06103596,0
2268461,0,0,0,41.04273419,0,793.0625172
2943848,216.5378423,189.2898577,133.3921348,87.06034526,0,0
2792008,0,0,62.61263469,111.9347296,0,62.20098174
1709477,0,67.16736887,32.66746157,48.5050495,0,44.05902873
2005166,0,0,70.77950008,126.8593602,0,0
1078471,0,0,0,68.40455699,92.42037407,243.6205118
151528,0,0,0,19.89950749,415.8916833,0
536979,0,73.27349331,78.94636547,22.38694592,42.35933812,54.42585902
1697053,0,0,57.16805776,73.37943386,0,57.01756659
2983842,310.6847303,293.0939733,92.5578078,0,0,0
1715720,150.6350208,225.9266044,62.61263469,55.96736481,0,0
3451555,112.9762656,244.2449777,51.72348083,37.31157654,42.35933812,44.05902873
1236179,0,0,73.50178854,0,0,0
3082538,0,0,0,0,0,0
2149,0,0,0,0,0,0
3028878,103.5615768,134.3347377,65.33492315,115.6658873,0,0
142877,0,0,0,26.11810358,0,0
2583532,0,183.1837333,283.1180003,159.1960599,0,0
436,0,97.69799109,54.44576929,41.04273419,0,0
3412683,0,85.4857422,160.6150194,174.1206905,38.5084892,0
1071078,0,0,0,0,0,0
127893,0,0,0,0,0,0
356837,357.7581743,189.2898577,84.3909424,120.6407641,77.01697839,0
551760,0,0,0,104.4724143,0,0
114686,338.9287967,317.518471,38.1120385,53.47992637,0,0
356322,0,0,0,0,0,28.5087833
2685834,0,0,51.72348083,24.87438436,0,126.9936711
754477,0,0,0,64.67339933,0,44.05902873
2921447,0,0,0,0,0,0
3050071,0,0,57.16805776,65.91711855,0,72.56781203
1917441,0,0,73.50178854,0,0,72.56781203
945,0,61.06124443,0,0,0,54.42585902
228602,0,0,68.05721161,93.27894135,0,0
172713,0,128.2286133,70.77950008,23.63066514,0,62.20098174
2792603,0,0,54.44576929,141.7839908,296.5153668,33.69219844
1070130,0,0,0,0,0,85.52634989
2697033,0,0,0,0,0,38.87561359
438,0,0,0,68.40455699,0,0
3388665,0,0,27.22288465,0,53.91188488,72.56781203
2721173,273.0259751,146.5469866,0,84.57290682,0,0
3415677,225.9525311,244.2449777,127.9475578,50.99248794,0,0
1176257,0,0,106.1692501,150.4900254,0,98.48488775
2785331,0,0,46.2789039,21.14322671,0,88.11805746
2145,0,0,54.44576929,19.89950749,0,54.42585902
3025669,112.9762656,183.1837333,43.55661543,24.87438436,0,158.0941619
2999062,0,0,103.4469617,82.08546838,0,0
2603277,0,0,127.9475578,83.3291876,0,0
3345148,0,0,117.058404,78.35431073,0,77.75122717
2975808,0,0,49.00119236,84.57290682,42.35933812,54.42585902
580,0,0,70.77950008,73.37943386,0,90.70976504
3463852,0,0,157.8927309,246.2564052,42.35933812,25.91707572
207809,0,0,0,0,0,36.28390601
2916802,0,0,0,0,0,36.28390601
3071082,0,0,0,0,0,220.2951437
3243051,0,0,136.1144232,189.0453211,0,38.87561359
2141,0,0,57.16805776,0,0,82.93464232
528244,0,0,356.6197889,87.06034526,77.01697839,33.69219844
3414510,0,61.06124443,0,39.79901497,46.21018704,106.2600105
2697363,103.5615768,61.06124443,166.0595963,57.21108403,0,0
1656159,0,0,0,0,0,0
3122075,0,0,193.282481,128.1030794,462.1018704,0
43770,282.4406639,122.1224889,108.8915386,84.57290682,73.16612947,49.24244388
61648,263.6112863,305.3062221,0,63.42968012,53.91188488,0
3242677,0,0,0,0,0,95.89318018
3398776,103.5615768,164.86536,27.22288465,0,0,119.2185483
1333996,0,0,84.3909424,110.6910104,61.61358271,0
3449278,0,0,176.9487502,108.203572,0,67.38439688
146826,0,0,0,0,0,0
2976015,225.9525311,146.5469866,236.8390964,171.6332521,0,0
2817411,0,0,0,0,0,0
184917,0,0,76.22407701,34.8241381,0,0
1814290,0,0,51.72348083,36.06785732,53.91188488,28.5087833
2608247,0,0,59.89034622,0,0,93.30147261
2606717,0,0,266.7842695,192.7764788,50.06103596,0
2816454,0,0,394.7318274,283.5679817,0,0
134287,169.4643984,158.7592355,27.22288465,17.41206905,0,103.6683029
51201,0,0,49.00119236,108.203572,61.61358271,57.01756659
1867834,0,0,27.22288465,50.99248794,0,0
1859121,0,0,0,36.06785732,65.46443163,69.97610446
93218,0,0,49.00119236,74.62315308,0,75.1595196
2719912,0,0,0,74.62315308,0,62.20098174
531813,0,0,228.672231,175.3644097,0,0
1434072,112.9762656,134.3347377,78.94636547,59.69852246,0,75.1595196
2954699,348.3434855,256.4572266,0,0,0,72.56781203
46680,0,0,106.1692501,144.2714293,0,36.28390601
74318,0,0,152.448154,160.4397791,0,0
58290,131.8056432,122.1224889,35.38975004,0,0,57.01756659
72,0,0,0,13.6809114,0,64.79268931
33050,0,0,98.00238472,211.4322671,0,0
3133324,0,0,0,115.6658873,0,145.1356241
626932,0,0,0,33.58041888,0,31.10049087
2849865,0,335.8368444,0,0,0,0
3239936,0,0,78.94636547,146.7588677,111.6746187,0
1891787,0,0,114.3361155,370.6283269,57.76273379,0
2715209,0,0,0,0,0,31.10049087
2912855,0,97.69799109,87.11323087,59.69852246,0,28.5087833
251538,0,91.59186664,0,0,0,145.1356241
933262,0,103.8041155,54.44576929,26.11810358,0,49.24244388
29311,395.4169295,244.2449777,29.94517311,26.11810358,0,0
2714946,0,0,0,14.92463062,0,93.30147261
86265,0,0,0,22.38694592,0,62.20098174
1182444,0,0,0,41.04273419,0,189.1946528
2921510,0,0,0,0,0,85.52634989
875932,112.9762656,85.4857422,0,26.11810358,0,0
102148,0,97.69799109,0,0,61.61358271,95.89318018
3077585,141.220332,116.0163644,57.16805776,16.16834983,53.91188488,59.60927417
2979861,0,0,0,0,0,0
225999,0,79.37961776,62.61263469,21.14322671,246.4543309,88.11805746
2708340,0,0,0,0,0,44.05902873
2917725,0,225.9266044,264.0619811,198.9950749,0,0
266,0,0,201.4493464,267.3996319,61.61358271,0
2950604,0,0,49.00119236,23.63066514,0,134.7687938
3233343,0,0,70.77950008,123.1282026,77.01697839,0
3231000,0,0,65.33492315,23.63066514,0,0
2602067,0,0,103.4469617,313.4172429,0,0
328839,0,0,402.8986928,126.8593602,0,0
1415568,282.4406639,79.37961776,62.61263469,59.69852246,127.0780143,0
3075825,0,488.4899554,0,0,0,0
653931,0,0,209.6162118,171.6332521,0,0
74829,0,0,89.83551933,227.6006169,0,0
373543,461.3197511,262.563351,0,0,0,0
84156,0,122.1224889,0,0,0,64.79268931
2736757,0,0,95.28009626,84.57290682,50.06103596,0
67760,122.3909544,0,0,0,0,108.851718
2975324,0,0,0,0,0,116.6268408
2211140,141.220332,109.91024,0,28.60554201,38.5084892,46.6507363
857252,0,494.5960799,157.8927309,150.4900254,0,0
53501,0,0,95.28009626,220.1383016,61.61358271,0
3239927,0,0,92.5578078,150.4900254,0,0
879567,103.5615768,73.27349331,0,22.38694592,0,119.2185483
169480,0,0,0,41.04273419,0,0
2980027,94.14688797,0,46.2789039,16.16834983,0,75.1595196
2956824,0,0,0,177.8518482,0,189.1946528
2844289,0,0,0,0,0,0
28025,0,0,0,228.8443361,0,0
2903891,0,0,0,60.94224168,0,0
3081765,244.7819087,97.69799109,87.11323087,123.1282026,0,0
1748,0,122.1224889,236.8390964,126.8593602,0,0
2714929,0,164.86536,51.72348083,0,0,31.10049087
2867024,273.0259751,146.5469866,122.5029809,113.1784488,0,0
1678128,0,0,95.28009626,37.31157654,0,80.34293475
81468,122.3909544,91.59186664,0,0,107.8237698,57.01756659
75612,0,0,0,0,0,0
296591,0,0,65.33492315,97.010099,0,36.28390601
1772,141.220332,79.37961776,73.50178854,121.8844834,77.01697839,57.01756659
3239975,0,0,29.94517311,113.1784488,57.76273379,51.83415145
2946699,0,0,0,0,0,36.28390601
2607911,0,0,0,0,0,0
2498113,0,0,0,18.65578827,0,152.9107468
34021,103.5615768,73.27349331,0,0,0,0
216933,0,0,0,0,0,132.1770862
1310,0,0,0,0,0,0
2599600,0,0,296.7294426,190.2890403,0,0
1674146,0,0,0,0,0,75.1595196
169402,0,0,43.55661543,73.37943386,0,41.46732116
2082949,0,0,152.448154,98.25381822,77.01697839,0
423605,94.14688797,67.16736887,32.66746157,23.63066514,0,38.87561359
316279,0,0,98.00238472,23.63066514,88.56952515,0
1435348,0,0,65.33492315,52.23620715,0,0
2750929,188.2937759,134.3347377,0,21.14322671,0,93.30147261
2041385,0,0,78.94636547,99.49753744,0,0
452529,197.7084647,116.0163644,138.8367117,84.57290682,42.35933812,64.79268931
2975960,0,97.69799109,147.0035771,187.8016019,77.01697839,0
61652,0,85.4857422,43.55661543,46.01761106,0,77.75122717
223390,0,0,223.2276541,207.7011094,119.3763165,0
3101265,103.5615768,0,51.72348083,198.9950749,0,49.24244388
3125785,301.2700415,183.1837333,0,0,0,25.91707572
1586287,225.9525311,195.3959822,65.33492315,133.0779563,0,0
2812648,150.6350208,128.2286133,114.3361155,175.3644097,142.48141,41.46732116
1076588,0,0,38.1120385,63.42968012,0,0
1028989,0,103.8041155,46.2789039,73.37943386,0,0
1855617,282.4406639,225.9266044,40.83432697,0,0,69.97610446
1138822,0,0,0,0,0,41.46732116
2728023,0,0,152.448154,37.31157654,0,38.87561359
126157,103.5615768,0,81.66865394,19.89950749,0,145.1356241
1850250,0,0,125.2252694,351.9725387,69.31528055,0
1031538,0,0,40.83432697,27.36182279,0,69.97610446
3412685,0,164.86536,62.61263469,88.30406447,50.06103596,0
3239892,0,97.69799109,108.8915386,177.8518482,100.1220719,0
3386552,0,0,40.83432697,60.94224168,127.0780143,0
1291556,131.8056432,0,179.6710387,143.0277101,61.61358271,0
3066290,0,0,0,0,0,25.91707572
135740,0,0,103.4469617,194.020198,0,0
2968969,0,140.4408622,193.282481,201.4825133,0,95.89318018
2234,0,0,0,16.16834983,65.46443163,64.79268931
111831,0,0,451.8998851,145.5151485,42.35933812,0
1529068,103.5615768,91.59186664,147.0035771,235.0629322,46.21018704,0
1541959,0,0,49.00119236,18.65578827,61.61358271,54.42585902
1858609,0,0,0,236.3066514,0,0
408139,103.5615768,146.5469866,70.77950008,38.55529576,0,41.46732116
3138568,244.7819087,164.86536,73.50178854,53.47992637,0,72.56781203
901,0,0,46.2789039,37.31157654,0,36.28390601
2597702,0,0,54.44576929,33.58041888,604.5832804,0
146922,197.7084647,116.0163644,62.61263469,49.74876872,0,0
515361,0,0,152.448154,185.3141635,77.01697839,0
67827,0,0,0,0,0,98.48488775
3388653,0,0,196.0047694,202.7262325,0,103.6683029
2708348,0,0,0,0,0,0
3052000,0,0,0,0,0,80.34293475
1461000,0,0,0,0,0,137.3605013
1416803,0,0,92.5578078,85.81662604,0,31.10049087
192073,94.14688797,73.27349331,35.38975004,19.89950749,0,0
1400866,0,0,0,23.63066514,219.4983884,0
2816248,0,0,49.00119236,0,0,101.0765953
3394356,160.0497096,67.16736887,65.33492315,34.8241381,419.7425322,0
73010,0,0,54.44576929,46.01761106,0,0
1917219,0,152.6531111,49.00119236,29.84926123,0,72.56781203
1415574,0,0,0,0,0,57.01756659
2746232,178.8790872,97.69799109,84.3909424,39.79901497,0,0
2763669,0,134.3347377,40.83432697,23.63066514,0,31.10049087
214,0,0,0,0,0,0
2921704,0,0,65.33492315,54.72364559,0,0
1890,0,0,54.44576929,82.08546838,0,0
3044187,0,0,103.4469617,135.5653948,0,0
507626,169.4643984,79.37961776,78.94636547,59.69852246,0,36.28390601
2268024,0,0,0,0,0,95.89318018
47886,0,0,0,34.8241381,0,49.24244388
3050112,0,0,62.61263469,14.92463062,84.71867623,116.6268408
3055847,0,0,168.7818848,268.6433511,77.01697839,0
51161,0,0,32.66746157,0,80.86782731,64.79268931
14,0,67.16736887,51.72348083,19.89950749,0,41.46732116
2829502,0,0,0,19.89950749,0,0
133453,0,0,59.89034622,79.59802995,65.46443163,474.2824858
2592334,0,0,100.7246732,70.89199542,0,90.70976504
85991,0,91.59186664,0,0,0,0
3116653,0,128.2286133,27.22288465,0,0,44.05902873
1852027,0,0,84.3909424,215.1634247,61.61358271,0
1705399,0,0,51.72348083,57.21108403,0,59.60927417
55508,0,274.7755999,43.55661543,62.1859609,0,46.6507363
2840457,216.5378423,134.3347377,141.5590002,166.6583752,69.31528055,0
83291,0,0,62.61263469,106.9598527,46.21018704,57.01756659
2877939,169.4643984,122.1224889,68.05721161,46.01761106,0,95.89318018
3080532,0,85.4857422,46.2789039,33.58041888,0,0
2172103,0,61.06124443,0,27.36182279,0,152.9107468
3077589,0,0,51.72348083,79.59802995,0,0
2530390,0,0,0,14.92463062,0,0
2854036,0,0,250.4505387,186.5578827,107.8237698,0
2921420,0,0,0,0,0,375.797598
2675754,0,0,59.89034622,82.08546838,0,0
86188,0,0,0,0,0,0
32013,0,0,46.2789039,63.42968012,0,0
709810,0,0,392.0095389,121.8844834,0,46.6507363
1871066,0,0,125.2252694,72.13571464,465.9527193,28.5087833
2826993,0,0,258.6174041,123.1282026,84.71867623,0
1349409,0,0,0,22.38694592,0,0
3230992,0,0,0,0,0,0
1341549,0,0,38.1120385,19.89950749,0,0
172049,0,85.4857422,0,0,0,106.2600105
2975902,0,0,0,0,0,0
2603276,0,152.6531111,185.1156156,94.52266056,0,0
589873,0,0,0,0,0,0
2771361,122.3909544,158.7592355,187.8379041,78.35431073,38.5084892,0
285070,0,0,0,0,0,0
2735528,0,0,95.28009626,99.49753744,69.31528055,0
2770776,0,0,78.94636547,38.55529576,566.0747912,0
2675298,150.6350208,0,0,17.41206905,0,31.10049087
2921714,0,67.16736887,49.00119236,33.58041888,0,272.1292951
2894201,0,0,0,0,0,51.83415145
68173,0,0,0,94.52266056,0,0
1536772,0,67.16736887,0,0,0,93.30147261
472693,122.3909544,91.59186664,0,33.58041888,0,82.93464232
3240046,0,0,78.94636547,138.0528332,0,155.5024543
42881,0,0,0,59.69852246,0,0
1902136,0,0,0,93.27894135,0,38.87561359
43348,0,0,35.38975004,58.45480324,46.21018704,0
133926,0,0,0,14.92463062,0,0
3017784,0,0,149.7258656,241.2815283,0,225.4785588
2952158,0,0,0,0,0,33.69219844
69967,0,0,68.05721161,28.60554201,0,178.8278225
1408281,0,0,0,0,0,51.83415145
1926868,0,0,0,93.27894135,0,28.5087833
1898955,0,0,114.3361155,119.3970449,0,0
2991418,0,61.06124443,0,0,0,98.48488775
436516,0,67.16736887,68.05721161,32.33669967,0,88.11805746
3426554,0,0,0,0,0,0
200451,0,0,32.66746157,111.9347296,0,59.60927417
501572,0,0,95.28009626,109.4472912,0,33.69219844
1736675,0,73.27349331,193.282481,101.9849759,73.16612947,41.46732116
1549949,0,0,0,0,0,0
2886040,0,128.2286133,43.55661543,27.36182279,0,0
3235088,0,0,0,0,0,54.42585902
208602,0,0,73.50178854,103.2286951,0,0
2953752,0,0,0,0,0,0
2663020,0,219.8204799,0,0,0,248.803927
2528020,0,61.06124443,46.2789039,65.91711855,0,69.97610446
2705012,0,0,87.11323087,98.25381822,0,46.6507363
2830983,0,158.7592355,38.1120385,19.89950749,0,49.24244388
76629,0,0,0,0,0,0
2768162,0,0,182.3933271,125.615641,0,0
1512,0,0,49.00119236,28.60554201,0,108.851718
51049,0,0,0,0,0,134.7687938
3398393,0,0,43.55661543,191.5327596,69.31528055,0
3396619,197.7084647,280.8817244,114.3361155,67.16083777,0,0
1630141,0,0,0,0,0,0
40516,0,195.3959822,51.72348083,58.45480324,231.0509352,54.42585902
1670800,0,0,190.5601925,182.826725,57.76273379,0
941907,0,85.4857422,204.1716348,123.1282026,0,0
2066070,0,0,106.1692501,84.57290682,0,64.79268931
2864208,0,61.06124443,29.94517311,13.6809114,0,72.56781203
512349,0,0,89.83551933,154.221183,0,44.05902873
472183,0,79.37961776,0,13.6809114,0,75.1595196
511435,94.14688797,183.1837333,0,0,0,59.60927417
2565368,150.6350208,122.1224889,108.8915386,75.86687229,0,0
2851598,320.0994191,201.5021066,144.2812886,52.23620715,0,0
3003393,0,0,255.8951157,0,0,0
128574,178.8790872,152.6531111,0,0,0,103.6683029
1615494,0,0,0,18.65578827,0,28.5087833
3239906,150.6350208,91.59186664,100.7246732,105.7161335,0,31.10049087
710191,0,0,57.16805776,0,0,121.8102559
3152363,0,146.5469866,111.613827,135.5653948,0,0
82985,112.9762656,73.27349331,57.16805776,32.33669967,0,64.79268931
35791,386.0022407,372.473591,0,0,0,0
2961619,0,0,87.11323087,36.06785732,0,38.87561359
2545632,0,116.0163644,0,28.60554201,0,0
2897342,0,0,27.22288465,73.37943386,0,111.4434256
2841257,0,0,35.38975004,50.99248794,42.35933812,41.46732116
338584,0,79.37961776,92.5578078,110.6910104,0,0
3028735,0,0,280.3957119,133.0779563,42.35933812,0
3082387,0,0,0,0,0,0
1579,0,0,0,0,0,126.9936711
1443036,197.7084647,189.2898577,84.3909424,33.58041888,0,38.87561359
3391614,178.8790872,109.91024,98.00238472,165.414656,65.46443163,0
3430278,0,0,0,0,0,0
3066288,0,0,0,0,0,323.9634466
2867025,103.5615768,0,0,169.1458136,0,0
29471,0,85.4857422,0,28.60554201,0,126.9936711
1306992,103.5615768,146.5469866,95.28009626,94.52266056,0,103.6683029
1543721,150.6350208,0,62.61263469,111.9347296,0,0
1892855,0,0,127.9475578,89.54778369,0,0
223818,103.5615768,128.2286133,43.55661543,50.99248794,53.91188488,57.01756659
1907,0,0,35.38975004,79.59802995,0,0
1931241,0,0,0,67.16083777,0,0
2518176,0,0,49.00119236,0,0,108.851718
3238801,0,152.6531111,92.5578078,141.7839908,200.2441438,0
2162,0,0,0,23.63066514,0,114.0351332
2975734,0,0,0,48.5050495,0,0
40519,0,0,43.55661543,0,0,57.01756659
2382161,0,140.4408622,40.83432697,34.8241381,0,292.8629557
1679497,0,0,114.3361155,146.7588677,42.35933812,69.97610446
2500548,0,0,0,0,0,0
2782213,0,0,451.8998851,0,0,0
1636603,0,0,0,0,0,121.8102559
2508306,0,0,294.0071542,225.1131784,0,0
1581011,0,0,0,12.43719218,0,44.05902873
362837,0,0,27.22288465,0,0,0
2726122,0,0,51.72348083,29.84926123,0,0
3239306,0,0,163.3373079,85.81662604,38.5084892,111.4434256
2201350,0,0,157.8927309,110.6910104,69.31528055,0
225971,160.0497096,0,103.4469617,157.9523407,61.61358271,0
2827233,197.7084647,177.0776088,0,0,0,72.56781203
3080827,0,0,68.05721161,254.9624397,53.91188488,0
2742128,0,0,111.613827,177.8518482,57.76273379,0
2976237,0,0,0,0,0,152.9107468
2604941,150.6350208,134.3347377,0,60.94224168,0,0
2650158,0,0,0,14.92463062,0,189.1946528
342948,0,0,0,0,0,59.60927417
27973,0,0,0,0,0,31.10049087
3111011,0,0,0,19.89950749,0,38.87561359
2924031,0,73.27349331,0,21.14322671,0,62.20098174
3367156,0,0,100.7246732,42.28645341,0,108.851718
3423946,0,0,0,17.41206905,0,69.97610446
454171,0,0,0,14.92463062,0,0
1177213,0,0,0,0,0,93.30147261
2599640,0,116.0163644,147.0035771,138.0528332,57.76273379,0
502,0,0,43.55661543,34.8241381,0,46.6507363
46354,0,0,0,0,0,41.46732116
3020899,0,0,51.72348083,28.60554201,0,0
1872567,0,85.4857422,166.0595963,95.76637978,0,0
3391575,197.7084647,67.16736887,84.3909424,152.9774638,46.21018704,0
2593655,178.8790872,91.59186664,68.05721161,17.41206905,0,0
380749,0,109.91024,51.72348083,0,0,0
47763,0,0,163.3373079,192.7764788,127.0780143,64.79268931
2954530,0,0,743.1847508,0,0,0
3133335,0,0,62.61263469,152.9774638,0,59.60927417
1868589,0,73.27349331,264.0619811,171.6332521,38.5084892,0
2697027,0,97.69799109,70.77950008,55.96736481,0,80.34293475
147268,0,0,0,0,46.21018704,0
3133332,338.9287967,134.3347377,0,105.7161335,0,0
2596828,0,0,51.72348083,54.72364559,277.2611222,51.83415145
1751071,94.14688797,67.16736887,0,16.16834983,0,82.93464232
1079,0,0,196.0047694,101.9849759,57.76273379,0
2742676,0,0,0,0,0,150.3190392
2065312,0,91.59186664,0,27.36182279,0,93.30147261
195498,0,195.3959822,106.1692501,0,0,0
153233,301.2700415,122.1224889,111.613827,103.2286951,0,33.69219844
51364,103.5615768,152.6531111,0,0,0,38.87561359
3149229,0,0,326.6746157,196.5076364,57.76273379,46.6507363
2734088,367.1728631,372.473591,0,0,0,0
420336,122.3909544,91.59186664,40.83432697,22.38694592,0,0
33010,0,0,0,213.9197055,130.9288633,0
28104,0,0,280.3957119,133.0779563,0,38.87561359
3096000,0,140.4408622,35.38975004,37.31157654,0,44.05902873
330922,367.1728631,280.8817244,0,0,0,90.70976504
2493633,0,0,84.3909424,134.3216755,0,77.75122717
3162530,0,0,296.7294426,175.3644097,84.71867623,0
400061,0,0,0,49.74876872,0,0
37331,0,0,78.94636547,150.4900254,0,0
3230993,0,0,0,0,0,77.75122717
2954814,404.8316183,256.4572266,40.83432697,0,0,0
153491,112.9762656,73.27349331,0,0,0,147.7273316
42443,0,0,95.28009626,358.1911348,50.06103596,28.5087833
1619153,0,97.69799109,65.33492315,38.55529576,80.86782731,82.93464232
1211807,0,0,0,75.86687229,0,0
216942,0,97.69799109,46.2789039,16.16834983,0,0
1380685,0,0,108.8915386,28.60554201,0,54.42585902
3239968,0,0,0,50.99248794,0,36.28390601
2745519,0,0,0,0,0,0
2759692,0,91.59186664,0,53.47992637,53.91188488,0
2806609,0,0,0,0,0,0
283699,0,0,0,0,0,0
1217274,0,0,70.77950008,80.84174917,0,0
33962,0,0,87.11323087,26.11810358,0,25.91707572
710111,122.3909544,97.69799109,59.89034622,90.79150291,88.56952515,121.8102559
288004,0,61.06124443,38.1120385,33.58041888,0,155.5024543
3066313,0,0,0,0,0,0
3394605,0,219.8204799,81.66865394,97.010099,0,0
225422,0,91.59186664,87.11323087,264.9121934,0,0
1129264,0,0,0,12.43719218,119.3763165,38.87561359
1603606,0,116.0163644,98.00238472,70.89199542,0,0
424188,0,0,0,57.21108403,0,59.60927417
3159496,0,0,519.9570967,103.2286951,0,0
2136182,0,116.0163644,0,37.31157654,0,49.24244388
3092120,0,0,89.83551933,205.213671,42.35933812,0
2979467,0,0,0,103.2286951,0,0
3110110,0,0,57.16805776,41.04273419,0,0
2507935,0,67.16736887,0,0,0,80.34293475
2035,0,0,255.8951157,296.0051739,0,95.89318018
1768242,0,0,40.83432697,57.21108403,0,0
3239940,273.0259751,103.8041155,111.613827,67.16083777,0,28.5087833
3028084,216.5378423,152.6531111,209.6162118,47.26133028,0,0
556548,0,0,0,0,0,0
51664,0,0,57.16805776,18.65578827,0,28.5087833
421115,367.1728631,116.0163644,0,36.06785732,0,0
1535768,0,0,73.50178854,82.08546838,0,0
1727163,0,73.27349331,46.2789039,63.42968012,0,64.79268931
2044912,0,0,35.38975004,17.41206905,0,0
173860,0,0,65.33492315,105.7161335,0,0
1408191,0,0,38.1120385,0,0,54.42585902
2728024,0,0,54.44576929,54.72364559,0,0
1874826,0,97.69799109,127.9475578,161.6834983,53.91188488,0
3239974,376.5875519,225.9266044,0,57.21108403,0,0
3024837,0,0,0,105.7161335,0,46.6507363
1537242,0,0,62.61263469,351.9725387,65.46443163,38.87561359
2736640,0,0,125.2252694,203.9699517,107.8237698,46.6507363
2949758,0,0,0,0,0,580.5424962
2665646,122.3909544,0,32.66746157,27.36182279,0,0
547987,0,79.37961776,0,0,0,0
3134142,0,0,0,0,0,0
3043848,225.9525311,152.6531111,87.11323087,99.49753744,0,0
1218495,0,0,43.55661543,13.6809114,0,101.0765953
1777491,0,0,0,0,0,0
2565554,273.0259751,311.4123466,0,54.72364559,0,0
2976241,0,0,59.89034622,133.0779563,0,0
304378,0,0,272.2288465,325.8544351,0,0
3068640,0,0,32.66746157,38.55529576,0,0
1816680,0,146.5469866,0,90.79150291,0,0
2969308,0,0,0,60.94224168,0,0
29401,141.220332,134.3347377,122.5029809,171.6332521,84.71867623,0
860235,141.220332,140.4408622,127.9475578,133.0779563,50.06103596,0
1263728,0,0,234.116808,320.8795582,0,0
3094884,244.7819087,274.7755999,92.5578078,0,0,0
153493,0,91.59186664,68.05721161,23.63066514,0,41.46732116
1086632,0,0,40.83432697,253.7187205,53.91188488,0
2202828,131.8056432,67.16736887,127.9475578,114.4221681,80.86782731,0
38288,0,0,40.83432697,31.09298045,134.7797122,0
3117747,0,0,0,0,0,217.7034361
159450,0,0,38.1120385,65.91711855,0,0
1032623,103.5615768,122.1224889,0,0,0,168.4609922
3036704,169.4643984,128.2286133,38.1120385,53.47992637,0,49.24244388
68270,0,109.91024,111.613827,195.2639172,103.9729208,0
2867012,0,0,182.3933271,258.6935973,80.86782731,0
299583,0,128.2286133,32.66746157,21.14322671,0,0
2696560,0,0,0,13.6809114,0,88.11805746
36814,0,0,57.16805776,50.99248794,80.86782731,0
1981174,0,109.91024,62.61263469,41.04273419,0,64.79268931
1882757,0,0,70.77950008,98.25381822,0,41.46732116
59405,0,0,157.8927309,262.424755,0,49.24244388
46163,0,0,92.5578078,115.6658873,57.76273379,0
2493672,0,0,223.2276541,95.76637978,184.8407481,72.56781203
3050360,0,0,0,0,0,0
2878388,216.5378423,79.37961776,144.2812886,157.9523407,80.86782731,0
2798861,0,0,0,0,0,171.0526998
45056,0,0,0,12.43719218,0,36.28390601
3405120,0,0,29.94517311,13.6809114,0,49.24244388
298653,0,67.16736887,100.7246732,115.6658873,46.21018704,36.28390601
364317,0,0,87.11323087,79.59802995,38.5084892,75.1595196
2921707,0,0,0,0,0,0
536044,0,61.06124443,29.94517311,0,0,49.24244388
2752316,207.1231535,177.0776088,40.83432697,53.47992637,0,0
2997333,0,0,76.22407701,157.9523407,84.71867623,101.0765953
3133966,112.9762656,146.5469866,89.83551933,48.5050495,0,31.10049087
2527972,0,0,0,181.5830058,196.3932949,0
1156431,0,0,0,42.28645341,0,0
2202826,0,0,176.9487502,118.1533257,115.5254676,0
2682456,235.3672199,195.3959822,95.28009626,60.94224168,0,0
3074822,178.8790872,225.9266044,87.11323087,24.87438436,0,0
216938,0,61.06124443,0,16.16834983,0,116.6268408
664962,0,0,307.6185965,121.8844834,123.2271654,0
1792307,112.9762656,103.8041155,157.8927309,104.4724143,69.31528055,51.83415145
33046,0,219.8204799,70.77950008,49.74876872,0,98.48488775
3074437,207.1231535,195.3959822,87.11323087,118.1533257,0,0
699433,0,0,0,19.89950749,0,0
589436,0,0,35.38975004,0,0,36.28390601
195105,0,0,220.5053656,320.8795582,0,0
565,0,0,43.55661543,47.26133028,0,51.83415145
160386,0,0,359.3420773,82.08546838,0,0
2777577,0,0,0,0,0,77.75122717
1470066,141.220332,0,0,12.43719218,0,38.87561359
938155,141.220332,97.69799109,0,0,0,95.89318018
1609977,0,0,106.1692501,143.0277101,0,28.5087833
3142977,178.8790872,164.86536,0,74.62315308,242.6034819,0
2838237,0,0,0,0,0,282.4961254
387090,0,67.16736887,0,0,0,64.79268931
2975769,225.9525311,128.2286133,35.38975004,109.4472912,0,0
2066133,150.6350208,116.0163644,73.50178854,41.04273419,103.9729208,25.91707572
1033846,150.6350208,79.37961776,78.94636547,64.67339933,0,0
3238686,0,97.69799109,125.2252694,159.1960599,0,0
1002672,0,0,0,0,0,0
446372,0,0,0,0,0,38.87561359
35,131.8056432,0,106.1692501,176.6081289,61.61358271,0
450734,0,280.8817244,196.0047694,162.9272176,57.76273379,0
391290,0,0,0,0,0,108.851718
3132707,0,73.27349331,43.55661543,36.06785732,0,67.38439688
3140246,0,0,0,98.25381822,161.7356546,0
451,0,0,27.22288465,14.92463062,180.9898992,0
971,0,85.4857422,0,28.60554201,0,95.89318018
252966,0,0,0,0,0,46.6507363
3239970,0,0,0,37.31157654,0,0
3398817,0,0,81.66865394,42.28645341,0,189.1946528
437505,0,0,114.3361155,113.1784488,53.91188488,62.20098174
1050657,0,0,43.55661543,26.11810358,115.5254676,0
1631871,0,0,0,0,0,62.20098174
134602,0,0,160.6150194,203.9699517,0,64.79268931
3079768,423.6609959,238.1388533,0,42.28645341,0,0
3058603,0,0,68.05721161,52.23620715,53.91188488,0
3096993,0,0,54.44576929,148.0025869,0,0
2954512,0,0,0,0,0,0
2867010,0,0,65.33492315,174.1206905,46.21018704,64.79268931
1416627,0,0,0,18.65578827,0,75.1595196
2761580,112.9762656,140.4408622,155.1704425,75.86687229,0,44.05902873
515350,0,0,65.33492315,75.86687229,0,0
3066275,0,0,0,0,0,75.1595196
3035702,0,0,38.1120385,29.84926123,335.023856,25.91707572
2729997,0,0,0,37.31157654,0,93.30147261
3073066,0,91.59186664,133.3921348,113.1784488,231.0509352,0
2921375,0,67.16736887,0,23.63066514,0,41.46732116
751585,0,0,0,0,0,114.0351332
1965590,0,0,0,14.92463062,0,80.34293475
2763540,0,0,0,0,0,0
39490,0,0,51.72348083,0,115.5254676,95.89318018
3096221,0,0,43.55661543,21.14322671,0,36.28390601
2234087,0,0,78.94636547,21.14322671,0,64.79268931
936456,0,0,65.33492315,50.99248794,0,0
1903258,0,183.1837333,62.61263469,22.38694592,0,54.42585902
3116481,451.9050623,134.3347377,0,48.5050495,0,0
3075927,131.8056432,0,171.5041733,143.0277101,50.06103596,0
1750719,0,0,0,0,0,0
2654249,0,0,73.50178854,68.40455699,46.21018704,36.28390601
1570,0,0,65.33492315,21.14322671,0,0
2894081,0,0,87.11323087,129.3467987,0,33.69219844
2707005,0,85.4857422,59.89034622,23.63066514,0,62.20098174
108015,0,0,89.83551933,157.9523407,138.6305611,0
3239953,216.5378423,152.6531111,98.00238472,92.03522213,0,0
296199,0,0,0,38.55529576,0,51.83415145
3458298,0,0,46.2789039,79.59802995,0,189.1946528
2607656,0,0,32.66746157,46.01761106,0,59.60927417
2587850,291.8553527,0,0,241.2815283,0,0
2864218,0,0,0,0,0,246.2122194
2010829,0,0,133.3921348,370.6283269,73.16612947,0
3373541,0,103.8041155,76.22407701,90.79150291,0,38.87561359
1182263,0,0,0,0,0,0
341220,0,0,40.83432697,24.87438436,0,0
1294,0,0,0,0,0,116.6268408
3075121,0,0,0,54.72364559,0,0
261284,0,0,73.50178854,105.7161335,223.3492373,0
231455,0,0,84.3909424,78.35431073,0,0
3133318,0,0,106.1692501,68.40455699,0,0
1743168,0,0,223.2276541,121.8844834,0,0
3391146,244.7819087,146.5469866,62.61263469,16.16834983,0,46.6507363
3129112,0,85.4857422,51.72348083,69.64827621,0,0
2810563,0,0,0,47.26133028,0,0
2922729,0,0,0,0,0,0
1484109,0,0,179.6710387,87.06034526,0,28.5087833
2738886,0,0,0,13.6809114,46.21018704,217.7034361
374982,0,0,372.9535196,100.7412567,0,64.79268931
2520507,0,0,43.55661543,29.84926123,0,44.05902873
2487276,0,0,0,31.09298045,0,75.1595196
245188,0,0,144.2812886,243.7689667,61.61358271,0
1903276,0,0,0,0,0,142.5439165
1379909,141.220332,140.4408622,43.55661543,37.31157654,0,106.2600105
2282420,0,0,0,0,0,295.4546633
2493674,0,0,198.7270579,93.27894135,0,0
931074,0,0,0,0,0,59.60927417
3366806,0,0,111.613827,47.26133028,0,38.87561359
502366,0,0,0,24.87438436,0,57.01756659
1377,0,0,0,0,0,0
2054316,94.14688797,61.06124443,0,18.65578827,0,82.93464232
2986949,0,0,250.4505387,170.3895329,0,41.46732116
2842346,0,0,0,58.45480324,0,0
1984801,0,0,0,0,0,0
2771012,0,0,73.50178854,159.1960599,0,0
2607662,0,0,0,12.43719218,0,0
32002,0,0,193.282481,161.6834983,61.61358271,82.93464232
1379910,112.9762656,0,38.1120385,49.74876872,0,64.79268931
1285901,310.6847303,91.59186664,152.448154,95.76637978,0,0
3031803,0,0,0,0,0,152.9107468
1695218,0,85.4857422,62.61263469,34.8241381,0,0
2921411,254.1965975,0,147.0035771,0,0,0
2662455,0,0,0,0,0,160.6858695
53359,0,97.69799109,70.77950008,145.5151485,0,0
65553,0,0,0,0,0,77.75122717
3235173,0,164.86536,68.05721161,33.58041888,0,38.87561359
2949997,0,109.91024,87.11323087,26.11810358,0,31.10049087
522262,0,0,0,0,0,75.1595196
3058426,0,0,0,33.58041888,0,0
3133288,0,561.7634487,0,124.3719218,0,0
3074898,0,0,0,84.57290682,0,49.24244388
1737425,235.3672199,250.3511022,46.2789039,32.33669967,0,0
3068893,0,73.27349331,29.94517311,88.30406447,46.21018704,0
2937787,103.5615768,91.59186664,73.50178854,82.08546838,0,0
659012,0,0,57.16805776,118.1533257,0,0
158823,0,0,57.16805776,38.55529576,0,54.42585902
2983232,263.6112863,335.8368444,0,0,0,0
2716225,0,0,0,114.4221681,0,0
524884,0,0,106.1692501,87.06034526,65.46443163,0
169435,0,146.5469866,46.2789039,39.79901497,157.8848057,38.87561359
290,0,109.91024,182.3933271,206.4573902,84.71867623,0
1904254,0,0,57.16805776,89.54778369,0,0
3028622,0,0,0,0,0,75.1595196
40001,0,0,49.00119236,87.06034526,0,0
2724191,94.14688797,109.91024,0,44.77389185,0,108.851718
2571750,0,116.0163644,0,0,0,90.70976504
310783,0,0,0,24.87438436,0,51.83415145
1353886,0,0,65.33492315,69.64827621,73.16612947,46.6507363
592316,0,0,38.1120385,33.58041888,0,59.60927417
2023866,0,0,0,0,0,103.6683029
1758395,0,0,0,0,0,217.7034361
656178,197.7084647,256.4572266,0,80.84174917,0,0
32049,0,0,157.8927309,0,0,0
2708117,0,0,130.6698463,42.28645341,0,101.0765953
1944646,0,0,0,0,0,62.20098174
2841528,0,128.2286133,78.94636547,21.14322671,0,111.4434256
3042318,0,61.06124443,38.1120385,24.87438436,0,38.87561359
1849581,178.8790872,109.91024,70.77950008,68.40455699,103.9729208,88.11805746
2879113,0,0,0,0,0,0
3057550,0,61.06124443,0,26.11810358,0,0
2856608,0,0,0,24.87438436,0,0
1808001,0,0,100.7246732,47.26133028,0,85.52634989
453162,0,0,89.83551933,26.11810358,0,0
1076331,0,0,84.3909424,109.4472912,50.06103596,0
2842456,0,189.2898577,38.1120385,47.26133028,0,54.42585902
3095609,0,0,68.05721161,28.60554201,0,0
2903882,0,0,43.55661543,64.67339933,0,38.87561359
83617,0,0,147.0035771,198.9950749,0,0
3390025,0,134.3347377,43.55661543,17.41206905,0,0
1207504,0,0,76.22407701,75.86687229,269.5594244,31.10049087
3069691,122.3909544,116.0163644,0,52.23620715,0,28.5087833
2506452,0,79.37961776,0,13.6809114,0,111.4434256
1160784,0,0,0,0,38.5084892,0
2865832,216.5378423,0,87.11323087,121.8844834,0,59.60927417
2921698,0,0,0,0,0,0
13769,169.4643984,122.1224889,0,28.60554201,0,0
211146,244.7819087,183.1837333,62.61263469,93.27894135,0,0
323415,150.6350208,128.2286133,125.2252694,133.0779563,0,0
2906514,0,0,0,23.63066514,0,0
450378,103.5615768,0,87.11323087,150.4900254,69.31528055,80.34293475
2903668,0,0,0,0,0,0
3062598,0,0,29.94517311,26.11810358,0,0
1812112,0,0,0,0,0,93.30147261
553151,0,0,32.66746157,65.91711855,0,0
62099,0,0,0,0,0,0
1408204,94.14688797,79.37961776,98.00238472,23.63066514,0,49.24244388
172042,0,0,0,62.1859609,192.542446,41.46732116
2975961,141.220332,103.8041155,65.33492315,135.5653948,0,0
2903764,0,0,0,0,0,0
1394889,0,0,89.83551933,50.99248794,0,0
13689,0,0,149.7258656,196.5076364,0,57.01756659
3240383,0,0,0,0,0,0
190146,0,0,0,0,0,31.10049087
2041,0,0,32.66746157,77.11059151,65.46443163,0
881260,188.2937759,91.59186664,0,37.31157654,0,0
3121289,0,0,0,0,0,64.79268931
2571748,0,91.59186664,49.00119236,92.03522213,57.76273379,31.10049087
2820278,0,0,176.9487502,114.4221681,119.3763165,0
3133272,0,0,0,0,0,137.3605013
2811424,0,0,0,44.77389185,327.3221582,0
216964,0,79.37961776,0,16.16834983,0,119.2185483
1074467,0,0,0,0,0,38.87561359
913,0,0,0,60.94224168,0,0
1534349,0,0,59.89034622,50.99248794,46.21018704,0
3039180,0,0,0,0,0,121.8102559
163164,0,0,0,0,0,0
2728020,0,0,144.2812886,140.5402716,46.21018704,51.83415145
2080419,0,0,0,49.74876872,619.9866761,0
3404052,0,0,59.89034622,79.59802995,0,0
2766537,122.3909544,146.5469866,0,29.84926123,0,64.79268931
1758390,0,0,0,0,0,0
1756993,0,0,0,0,0,41.46732116
34038,0,0,84.3909424,26.11810358,0,69.97610446
3139327,178.8790872,109.91024,0,0,0,0
45462,0,0,0,0,0,0
1909699,0,122.1224889,89.83551933,24.87438436,0,0
42109,0,195.3959822,0,0,0,0
292461,0,0,0,0,0,77.75122717
327277,0,0,0,13.6809114,0,90.70976504
266951,103.5615768,0,59.89034622,53.47992637,0,31.10049087
2732864,0,0,103.4469617,116.9096065,134.7797122,51.83415145
2779363,0,0,0,0,0,36.28390601
45361,197.7084647,140.4408622,0,0,0,0
2116657,0,0,35.38975004,232.5754938,0,46.6507363
1538553,0,97.69799109,68.05721161,54.72364559,0,80.34293475
31998,0,0,209.6162118,186.5578827,192.542446,0
53412,178.8790872,170.9714844,92.5578078,140.5402716,0,57.01756659
1452353,0,0,46.2789039,21.14322671,0,46.6507363
3023936,0,0,0,29.84926123,0,108.851718
1400864,197.7084647,201.5021066,0,0,77.01697839,134.7687938
2984146,0,85.4857422,0,0,0,38.87561359
110322,0,0,59.89034622,58.45480324,0,0
652,0,0,46.2789039,64.67339933,0,36.28390601
356851,0,0,92.5578078,58.45480324,0,0
2494702,0,0,0,19.89950749,0,0
3458297,0,0,141.5590002,146.7588677,0,0
2975735,348.3434855,201.5021066,0,50.99248794,0,0
2259620,0,0,32.66746157,73.37943386,0,129.5853786
2001,0,244.2449777,114.3361155,138.0528332,65.46443163,0
150123,0,0,0,41.04273419,0,0
88233,0,0,0,14.92463062,0,33.69219844
2918171,0,0,70.77950008,215.1634247,50.06103596,0
3002436,0,0,100.7246732,93.27894135,53.91188488,0
2991545,0,0,59.89034622,99.49753744,462.1018704,0
2027290,0,0,0,0,0,137.3605013
2246,0,0,0,55.96736481,0,41.46732116
1442554,0,0,49.00119236,38.55529576,261.8577265,0
3402689,0,0,0,22.38694592,623.837525,0
2563669,0,0,0,0,0,0
92757,0,0,0,0,0,155.5024543
70864,0,67.16736887,27.22288465,28.60554201,0,88.11805746
1510570,0,0,46.2789039,28.60554201,0,0
1764,0,0,117.058404,124.3719218,107.8237698,132.1770862
33936,0,0,0,0,0,163.2775771
39768,0,0,0,0,0,36.28390601
1007676,0,0,0,0,0,59.60927417
3394355,0,0,51.72348083,13.6809114,0,75.1595196
1472417,0,0,0,32.33669967,0,0
1746199,0,0,130.6698463,92.03522213,0,0
86663,0,0,0,0,0,38.87561359
3050637,131.8056432,85.4857422,49.00119236,29.84926123,0,98.48488775
2893471,338.9287967,177.0776088,0,0,0,0
2600596,150.6350208,164.86536,98.00238472,62.1859609,0,0
3082520,0,0,0,0,0,44.05902873
295596,103.5615768,244.2449777,76.22407701,26.11810358,84.71867623,25.91707572
29518,0,0,0,0,0,0
2899133,0,0,0,26.11810358,0,85.52634989
3374193,0,0,0,0,0,0
1041159,0,0,76.22407701,67.16083777,0,33.69219844
58344,0,0,73.50178854,78.35431073,0,33.69219844
1353246,0,0,0,0,0,75.1595196
1585976,0,0,0,0,0,0
3233341,0,0,51.72348083,189.0453211,0,0
2878542,0,0,209.6162118,109.4472912,0,0
2589888,0,0,54.44576929,65.91711855,0,28.5087833
2899123,0,0,187.8379041,217.6508631,0,0
1447062,0,0,147.0035771,116.9096065,50.06103596,0
2074,169.4643984,0,133.3921348,201.4825133,77.01697839,0
3133291,0,0,0,83.3291876,0,88.11805746
715451,0,0,0,0,0,59.60927417
74700,0,0,0,0,0,62.20098174
2315729,0,0,0,0,0,51.83415145
1911685,0,0,0,0,0,204.7448982
54262,0,0,29.94517311,0,0,101.0765953
2177,0,0,0,0,0,41.46732116
1508404,0,103.8041155,70.77950008,23.63066514,0,134.7687938
1217908,0,116.0163644,68.05721161,154.221183,0,119.2185483
47858,0,0,84.3909424,99.49753744,0,0
219572,0,0,84.3909424,80.84174917,0,77.75122717
1398493,0,0,0,19.89950749,0,0
349064,122.3909544,73.27349331,38.1120385,29.84926123,0,0
370038,0,128.2286133,78.94636547,87.06034526,238.752633,0
3026423,0,0,51.72348083,26.11810358,0,0
207745,0,0,127.9475578,249.9875628,134.7797122,0
586416,0,0,0,0,0,85.52634989
67350,0,0,54.44576929,110.6910104,0,202.1531907
684066,0,0,70.77950008,47.26133028,0,28.5087833
1509244,103.5615768,79.37961776,81.66865394,27.36182279,0,49.24244388
62140,0,0,119.7806924,84.57290682,0,0
3061989,0,0,0,0,0,80.34293475
1750,0,0,84.3909424,101.9849759,177.1390503,38.87561359
1564,94.14688797,0,0,0,0,62.20098174
2683590,207.1231535,134.3347377,176.9487502,72.13571464,0,0
1476,0,0,0,34.8241381,0,82.93464232
2903862,0,0,49.00119236,87.06034526,0,168.4609922
190897,0,0,0,0,0,54.42585902
3231173,0,0,81.66865394,70.89199542,46.21018704,38.87561359
993502,0,0,70.77950008,63.42968012,88.56952515,69.97610446
1914471,254.1965975,109.91024,43.55661543,140.5402716,0,0
33932,0,0,0,0,0,300.6380784
3384767,0,0,0,44.77389185,42.35933812,25.91707572
196914,0,0,81.66865394,134.3216755,50.06103596,0
246167,0,0,0,21.14322671,0,85.52634989
72557,0,0,0,63.42968012,0,0
321327,0,67.16736887,138.8367117,38.55529576,46.21018704,0
82367,0,0,318.5077504,329.5855928,0,0
2576840,0,0,0,165.414656,0,0
2762729,141.220332,85.4857422,98.00238472,85.81662604,0,82.93464232
2817385,0,0,0,0,0,0
2754044,0,0,0,0,0,0
3133721,0,0,201.4493464,114.4221681,0,0
47989,320.0994191,146.5469866,89.83551933,90.79150291,0,0
3137370,0,0,62.61263469,261.1810358,42.35933812,0
3119830,0,0,0,0,327.3221582,0
29510,0,0,0,13.6809114,0,82.93464232
2653851,0,0,54.44576929,69.64827621,215.6475395,0
2711215,0,79.37961776,98.00238472,105.7161335,65.46443163,38.87561359
1949085,0,0,65.33492315,113.1784488,0,0
3066221,0,0,0,0,0,0
402884,94.14688797,0,168.7818848,186.5578827,38.5084892,25.91707572
2793103,0,0,0,0,0,44.05902873
1548548,225.9525311,122.1224889,95.28009626,98.25381822,0,38.87561359
3374551,0,0,147.0035771,111.9347296,65.46443163,0
2911537,0,0,59.89034622,114.4221681,0,0
3073143,0,0,32.66746157,0,0,33.69219844
2975988,0,0,68.05721161,80.84174917,50.06103596,0
1427364,0,0,0,12.43719218,0,93.30147261
1671721,178.8790872,0,0,42.28645341,0,0
3160966,169.4643984,140.4408622,70.77950008,92.03522213,80.86782731,46.6507363
1104324,0,0,0,0,0,49.24244388
2912268,103.5615768,128.2286133,0,23.63066514,0,0
2898433,0,0,111.613827,123.1282026,0,0
310300,178.8790872,128.2286133,46.2789039,24.87438436,0,44.05902873
277988,0,0,0,0,0,0
1450,0,0,0,24.87438436,0,0
3125784,216.5378423,0,0,0,0,72.56781203
2903872,0,109.91024,65.33492315,67.16083777,0,0
3459121,0,0,0,75.86687229,0,0
2527989,0,61.06124443,57.16805776,228.8443361,115.5254676,101.0765953
2135430,160.0497096,0,54.44576929,119.3970449,0,41.46732116
2867023,0,0,87.11323087,175.3644097,61.61358271,31.10049087
1316444,112.9762656,85.4857422,32.66746157,0,50.06103596,44.05902873
99807,0,103.8041155,0,23.63066514,0,266.94588
1949083,131.8056432,0,138.8367117,133.0779563,165.5865035,51.83415145
3137368,0,0,73.50178854,248.7438436,50.06103596,0
1516159,0,0,0,33.58041888,523.7154531,0
2502781,131.8056432,73.27349331,0,33.58041888,0,0
2871826,94.14688797,73.27349331,46.2789039,21.14322671,0,0
1945634,0,0,59.89034622,0,0,33.69219844
3241167,0,91.59186664,49.00119236,0,0,38.87561359
1738770,0,103.8041155,32.66746157,33.58041888,0,59.60927417
3074855,0,0,236.8390964,125.615641,42.35933812,0
2976809,207.1231535,238.1388533,0,0,0,0
3066276,122.3909544,109.91024,0,12.43719218,0,0
1389713,254.1965975,201.5021066,40.83432697,58.45480324,46.21018704,0
47835,0,0,95.28009626,27.36182279,0,54.42585902
2775081,0,0,78.94636547,90.79150291,53.91188488,0
3161974,0,0,209.6162118,43.53017263,0,0
2976005,0,0,0,0,0,0
2749077,0,0,0,0,0,0
1882747,0,0,147.0035771,119.3970449,111.6746187,0
48003,0,0,0,0,0,0
1883414,357.7581743,0,32.66746157,79.59802995,0,25.91707572
3243375,0,0,0,0,0,0
33070,0,0,277.6734234,39.79901497,0,0
2576919,178.8790872,158.7592355,103.4469617,50.99248794,0,0
1967501,0,0,0,78.35431073,0,0
68214,0,0,49.00119236,82.08546838,53.91188488,0
103232,0,0,65.33492315,83.3291876,0,142.5439165
3239897,122.3909544,79.37961776,95.28009626,103.2286951,0,57.01756659
1785995,0,0,0,0,0,0
3058374,0,0,0,0,0,57.01756659
3077956,103.5615768,152.6531111,62.61263469,12.43719218,0,0
2675776,0,0,0,0,0,64.79268931
3114359,0,116.0163644,0,46.01761106,0,33.69219844
2077182,0,0,59.89034622,70.89199542,0,28.5087833
261292,273.0259751,158.7592355,0,26.11810358,0,28.5087833
2768069,0,0,81.66865394,124.3719218,0,0
1921565,0,317.518471,136.1144232,0,177.1390503,0
1214604,94.14688797,116.0163644,152.448154,75.86687229,0,0
2749040,0,0,0,26.11810358,0,51.83415145
116085,0,122.1224889,73.50178854,29.84926123,0,77.75122717
1481665,0,0,57.16805776,36.06785732,0,77.75122717
2736875,0,0,70.77950008,69.64827621,127.0780143,44.05902873
3388426,0,0,0,62.1859609,0,51.83415145
3075616,0,0,0,0,0,108.851718
3240787,0,0,266.7842695,97.010099,265.7085755,0
680247,0,0,95.28009626,92.03522213,46.21018704,0
3031330,0,0,0,68.40455699,0,0
194424,0,0,46.2789039,12.43719218,0,0
2811482,0,0,628.8486353,0,0,0
3377108,169.4643984,73.27349331,49.00119236,156.7086215,50.06103596,33.69219844
1432792,0,0,73.50178854,89.54778369,0,44.05902873
56460,0,109.91024,95.28009626,52.23620715,0,64.79268931
2861283,0,0,43.55661543,65.91711855,0,38.87561359
1791,0,0,59.89034622,62.1859609,103.9729208,0
497727,0,0,0,0,0,0
2815343,0,0,38.1120385,88.30406447,0,49.24244388
265426,0,73.27349331,0,0,0,67.38439688
3242679,0,0,49.00119236,34.8241381,0,90.70976504
252130,0,0,98.00238472,33.58041888,0,33.69219844
405559,0,0,133.3921348,283.5679817,0,0
3015154,216.5378423,146.5469866,103.4469617,101.9849759,42.35933812,0
114616,0,0,217.7830772,145.5151485,73.16612947,0
2527980,0,0,54.44576929,123.1282026,50.06103596,0
1330330,131.8056432,109.91024,0,0,0,119.2185483
2980099,131.8056432,91.59186664,0,0,0,41.46732116
2954547,178.8790872,158.7592355,0,0,0,36.28390601
119484,0,0,0,64.67339933,111.6746187,46.6507363
3449740,0,0,0,0,0,0
285665,0,0,0,52.23620715,0,0
114883,0,0,0,0,0,147.7273316
75697,0,0,73.50178854,123.1282026,138.6305611,0
1435036,112.9762656,103.8041155,0,18.65578827,0,0
2982531,0,0,43.55661543,60.94224168,0,0
1552759,0,0,108.8915386,160.4397791,354.2781006,0
2653200,0,0,78.94636547,89.54778369,53.91188488,54.42585902
1277351,0,0,0,0,0,67.38439688
256701,0,109.91024,160.6150194,50.99248794,0,0
485,0,0,0,23.63066514,0,69.97610446
1149953,0,0,0,0,0,0
2066483,0,0,29.94517311,0,0,44.05902873
3151850,0,0,29.94517311,13.6809114,0,0
2570229,0,0,206.8939233,134.3216755,65.46443163,0
1986146,103.5615768,109.91024,51.72348083,47.26133028,0,25.91707572
2809020,0,0,35.38975004,19.89950749,0,36.28390601
3243033,0,323.6245955,84.3909424,103.2286951,84.71867623,0
455364,103.5615768,67.16736887,0,0,0,0
1593482,0,0,65.33492315,88.30406447,119.3763165,0
2768066,0,0,59.89034622,103.2286951,0,0
2755385,0,140.4408622,0,52.23620715,0,0
2890317,0,0,32.66746157,0,0,41.46732116
471189,197.7084647,0,0,49.74876872,0,25.91707572
2921709,141.220332,152.6531111,78.94636547,43.53017263,0,106.2600105
3234199,0,0,133.3921348,140.5402716,38.5084892,77.75122717
2932251,0,0,59.89034622,39.79901497,0,0
576131,0,85.4857422,32.66746157,164.1709368,0,0
2903595,122.3909544,103.8041155,27.22288465,88.30406447,42.35933812,0
2718938,0,0,32.66746157,55.96736481,0,0
571124,263.6112863,225.9266044,49.00119236,43.53017263,0,0
556288,0,0,38.1120385,70.89199542,0,0
2870346,0,0,0,0,0,0
2768161,0,0,179.6710387,120.6407641,0,64.79268931
3033390,0,0,29.94517311,34.8241381,465.9527193,0
2183911,0,0,51.72348083,123.1282026,0,0
1050655,0,0,0,0,0,0
2065379,0,0,141.5590002,206.4573902,0,0
152335,0,61.06124443,57.16805776,22.38694592,0,0
535744,0,0,0,43.53017263,0,0
3041766,0,0,0,64.67339933,0,0
2528027,0,0,0,72.13571464,0,72.56781203
2907154,0,0,95.28009626,50.99248794,57.76273379,0
573569,0,0,0,0,0,82.93464232
121616,0,0,141.5590002,90.79150291,0,0
2867231,160.0497096,0,40.83432697,50.99248794,0,0
3133696,0,0,59.89034622,49.74876872,100.1220719,0
1920883,0,91.59186664,81.66865394,150.4900254,0,0
348826,0,0,0,22.38694592,0,67.38439688
2938695,0,0,0,42.28645341,0,0
2950874,414.2463071,0,0,201.4825133,0,0
1092,0,79.37961776,0,0,0,0
652764,0,0,315.7854619,121.8844834,0,0
2003315,160.0497096,152.6531111,65.33492315,98.25381822,0,0
2954056,0,0,0,0,0,0
2605945,0,97.69799109,78.94636547,54.72364559,0,59.60927417
2923279,0,0,0,21.14322671,0,49.24244388
675864,150.6350208,152.6531111,73.50178854,85.81662604,53.91188488,28.5087833
168695,0,0,0,42.28645341,0,298.0463708
2749994,0,170.9714844,0,85.81662604,0,0
340268,188.2937759,103.8041155,155.1704425,120.6407641,46.21018704,0
3421650,254.1965975,134.3347377,43.55661543,98.25381822,0,0
2834459,0,0,51.72348083,23.63066514,0,0
762,0,0,35.38975004,0,0,0
2915130,0,0,98.00238472,90.79150291,0,0
2719987,0,0,0,0,0,72.56781203
2921658,0,158.7592355,0,0,0,0
2967302,103.5615768,146.5469866,62.61263469,41.04273419,0,0
3402862,0,0,0,24.87438436,0,0
1936003,0,0,0,28.60554201,0,0
215591,0,0,0,16.16834983,0,0
2906062,225.9525311,152.6531111,108.8915386,93.27894135,0,0
2997354,0,0,114.3361155,152.9774638,0,0
1276,0,97.69799109,133.3921348,156.7086215,57.76273379,0
3374192,0,177.0776088,0,0,0,0
2773709,0,0,0,0,0,0
193,0,0,258.6174041,97.010099,0,0
3031993,0,0,62.61263469,19.89950749,57.76273379,85.52634989
158877,0,0,0,42.28645341,0,25.91707572
2954507,141.220332,140.4408622,35.38975004,0,0,77.75122717
3064277,131.8056432,0,0,0,0,33.69219844
2903789,0,0,0,108.203572,0,0
2975947,301.2700415,134.3347377,87.11323087,85.81662604,0,0
2033,0,97.69799109,49.00119236,141.7839908,107.8237698,0
334852,0,0,168.7818848,114.4221681,0,0
309806,0,0,0,12.43719218,0,54.42585902
2972485,0,0,87.11323087,116.9096065,0,33.69219844
252307,0,0,40.83432697,106.9598527,0,0
2743090,0,0,0,37.31157654,0,0
218822,0,0,92.5578078,103.2286951,0,0
639313,0,0,0,33.58041888,0,0
1933912,0,0,0,0,0,0
3230301,0,0,0,0,569.9256401,0
1760988,0,140.4408622,62.61263469,89.54778369,0,80.34293475
2586909,0,0,0,0,0,0
2011159,0,0,35.38975004,170.3895329,0,38.87561359
2038343,0,0,29.94517311,49.74876872,0,0
1699624,0,134.3347377,0,0,0,62.20098174
50718,0,0,0,0,0,137.3605013
3243076,131.8056432,91.59186664,0,0,0,46.6507363
2144175,0,0,32.66746157,52.23620715,0,41.46732116
3416808,0,0,62.61263469,131.8342371,0,57.01756659
745369,0,0,0,0,0,106.2600105
251699,0,0,62.61263469,39.79901497,0,25.91707572
2843215,150.6350208,0,81.66865394,151.7337446,65.46443163,54.42585902
1981880,0,0,108.8915386,141.7839908,0,0
1385663,131.8056432,122.1224889,114.3361155,54.72364559,65.46443163,0
2782176,0,0,0,13.6809114,92.42037407,0
712623,0,0,0,84.57290682,84.71867623,0
3230736,338.9287967,0,0,89.54778369,0,0
1312741,0,0,0,0,0,137.3605013
624186,0,0,0,0,38.5084892,28.5087833
3377707,0,0,0,33.58041888,0,0
1497681,0,67.16736887,38.1120385,14.92463062,0,25.91707572
2744522,0,0,334.8414811,175.3644097,0,0
2025949,0,0,0,29.84926123,0,0
95301,0,0,78.94636547,33.58041888,0,0
2791037,103.5615768,79.37961776,0,0,0,69.97610446
2698682,160.0497096,97.69799109,0,82.08546838,0,0
2282397,0,0,68.05721161,79.59802995,0,72.56781203
2927975,94.14688797,67.16736887,57.16805776,60.94224168,42.35933812,31.10049087
2933293,0,0,0,0,0,46.6507363
12917,0,0,0,80.84174917,61.61358271,82.93464232
2975730,0,0,78.94636547,88.30406447,0,0
328814,0,0,0,41.04273419,0,0
2748316,0,0,0,0,0,220.2951437
395599,0,0,0,29.84926123,0,44.05902873
2975776,150.6350208,183.1837333,111.613827,74.62315308,0,0
2829809,160.0497096,128.2286133,0,31.09298045,0,69.97610446
1881061,0,0,133.3921348,176.6081289,61.61358271,36.28390601
2933797,0,0,59.89034622,98.25381822,311.9187625,0
2604421,0,0,0,37.31157654,0,36.28390601
1855519,0,0,89.83551933,129.3467987,0,0
3403152,0,116.0163644,32.66746157,49.74876872,0,41.46732116
2590551,0,0,27.22288465,0,0,64.79268931
1901,0,0,87.11323087,113.1784488,0,0
3435889,0,116.0163644,84.3909424,67.16083777,80.86782731,0
3427931,0,0,0,0,0,0
3398208,150.6350208,238.1388533,0,0,0,0
3239972,0,0,57.16805776,67.16083777,0,38.87561359
83558,0,0,0,0,0,121.8102559
354351,0,0,68.05721161,59.69852246,0,0
221341,0,0,54.44576929,34.8241381,192.542446,0
2202825,0,0,136.1144232,123.1282026,65.46443163,0
2546350,0,79.37961776,0,0,0,155.5024543
3035471,112.9762656,109.91024,89.83551933,149.2463062,0,0
2420306,0,0,0,0,0,0
1851148,0,0,32.66746157,27.36182279,0,0
2979870,0,0,0,179.0955674,0,0
314282,0,0,65.33492315,26.11810358,69.31528055,59.60927417
2921417,0,0,51.72348083,36.06785732,0,46.6507363
331696,112.9762656,0,166.0595963,116.9096065,123.2271654,0
2027405,0,0,49.00119236,166.6583752,0,59.60927417
1749,291.8553527,134.3347377,0,80.84174917,0,44.05902873
45610,178.8790872,140.4408622,0,17.41206905,0,0
1796635,0,0,0,0,0,119.2185483
1763998,0,0,78.94636547,24.87438436,0,59.60927417
2975641,0,0,98.00238472,106.9598527,0,0
3447509,225.9525311,134.3347377,59.89034622,77.11059151,50.06103596,31.10049087
3239922,244.7819087,0,87.11323087,87.06034526,0,0
2931390,0,189.2898577,166.0595963,161.6834983,53.91188488,0
2806348,0,0,144.2812886,65.91711855,0,25.91707572
2569862,0,61.06124443,152.448154,79.59802995,0,0
2681986,0,0,0,0,0,0
3230972,0,0,0,0,0,0
204891,0,0,35.38975004,62.1859609,0,54.42585902
2761579,0,0,0,18.65578827,0,49.24244388
2940297,0,0,0,0,0,0
1260955,0,91.59186664,166.0595963,131.8342371,0,0
2975705,0,0,0,59.69852246,531.4171509,0
2954659,0,0,0,0,0,0
1979950,0,0,228.672231,154.221183,73.16612947,0
2320270,0,0,70.77950008,48.5050495,0,0
2857058,160.0497096,122.1224889,70.77950008,57.21108403,0,36.28390601
505,0,0,0,14.92463062,0,49.24244388
3458296,0,0,65.33492315,133.0779563,65.46443163,0
2594495,0,0,196.0047694,64.67339933,0,150.3190392
51288,0,0,106.1692501,80.84174917,0,0
3061240,0,0,0,0,0,129.5853786
1784719,197.7084647,128.2286133,92.5578078,74.62315308,0,0
2952228,225.9525311,152.6531111,87.11323087,23.63066514,0,0
33910,216.5378423,146.5469866,89.83551933,109.4472912,0,0
151416,112.9762656,0,206.8939233,115.6658873,42.35933812,0
74313,0,109.91024,209.6162118,144.2714293,0,46.6507363
7,0,79.37961776,174.2264617,125.615641,73.16612947,0
222136,0,0,0,0,0,72.56781203
2751176,0,0,89.83551933,0,0,277.3127103
3416654,0,0,32.66746157,64.67339933,0,0
2600177,0,67.16736887,35.38975004,26.11810358,0,25.91707572
1511761,0,0,0,0,0,204.7448982
2961599,244.7819087,146.5469866,70.77950008,55.96736481,0,0
2932184,0,0,0,0,0,119.2185483
3028805,0,0,0,43.53017263,0,57.01756659
1108,0,0,57.16805776,50.99248794,96.27122299,25.91707572
3108485,0,0,81.66865394,75.86687229,69.31528055,57.01756659
1441386,0,0,0,0,0,77.75122717
1368430,0,103.8041155,54.44576929,84.57290682,57.76273379,80.34293475
2992143,0,79.37961776,65.33492315,43.53017263,0,36.28390601
1105380,0,0,0,0,0,38.87561359
221126,0,0,0,41.04273419,0,69.97610446
2903881,0,67.16736887,111.613827,85.81662604,0,0
3126690,0,0,0,134.3216755,0,0
1442555,0,122.1224889,81.66865394,33.58041888,115.5254676,0
3136736,0,0,0,0,0,59.60927417
662858,0,0,43.55661543,22.38694592,0,0
3125779,225.9525311,195.3959822,49.00119236,64.67339933,0,0
2718,0,0,0,67.16083777,477.505266,0
3391839,0,0,0,0,0,82.93464232
556,0,109.91024,117.058404,78.35431073,0,0
598660,0,0,0,124.3719218,438.9967768,0
2878391,169.4643984,140.4408622,108.8915386,69.64827621,65.46443163,0
296745,0,91.59186664,35.38975004,17.41206905,0,155.5024543
3366266,0,0,0,0,0,0
2094,0,0,0,0,0,93.30147261
2518605,0,0,32.66746157,0,127.0780143,44.05902873
1690221,0,79.37961776,0,63.42968012,46.21018704,0
2692624,0,0,0,0,0,207.3366058
463014,0,0,65.33492315,77.11059151,50.06103596,62.20098174
3121288,141.220332,79.37961776,84.3909424,90.79150291,0,98.48488775
2583377,160.0497096,146.5469866,43.55661543,34.8241381,0,0
206403,0,0,0,0,0,0
1517551,0,0,95.28009626,152.9774638,0,0
2792015,0,0,168.7818848,111.9347296,0,67.38439688
29360,0,73.27349331,78.94636547,0,0,147.7273316
3392115,0,0,0,60.94224168,0,0
1526658,0,103.8041155,190.5601925,87.06034526,80.86782731,0
1609559,0,91.59186664,68.05721161,21.14322671,0,0
2735868,225.9525311,195.3959822,0,0,0,0
2818390,0,213.7143555,0,0,0,28.5087833
2654190,197.7084647,177.0776088,119.7806924,33.58041888,0,0
2903584,263.6112863,170.9714844,76.22407701,65.91711855,0,0
2587842,94.14688797,0,125.2252694,211.4322671,0,46.6507363
361277,0,0,57.16805776,21.14322671,0,44.05902873
2769486,141.220332,61.06124443,62.61263469,79.59802995,0,0
13688,0,183.1837333,174.2264617,156.7086215,0,31.10049087
3243765,0,116.0163644,54.44576929,83.3291876,0,0
2447890,282.4406639,293.0939733,0,0,0,0
2762277,0,0,59.89034622,18.65578827,0,41.46732116
3416058,0,0,144.2812886,98.25381822,0,0
2559804,0,0,285.8402888,256.2061589,0,0
2502791,169.4643984,201.5021066,51.72348083,24.87438436,0,0
55602,0,0,0,0,0,51.83415145
163604,112.9762656,109.91024,43.55661543,78.35431073,0,25.91707572
2822138,0,0,0,63.42968012,53.91188488,33.69219844
2940300,112.9762656,146.5469866,87.11323087,29.84926123,0,31.10049087
1768011,0,0,0,0,0,152.9107468
2738142,0,0,152.448154,130.5905179,0,132.1770862
3450237,0,0,0,59.69852246,0,0
2182384,0,0,0,70.89199542,0,0
2697019,0,0,0,0,0,0
3422216,178.8790872,91.59186664,49.00119236,116.9096065,0,51.83415145
2892996,0,0,125.2252694,109.4472912,46.21018704,59.60927417
3111921,0,0,100.7246732,84.57290682,0,0
2692802,0,0,345.730635,0,0,184.0112376
2217832,0,0,0,0,419.7425322,0
2774693,0,0,0,0,0,0
313590,0,0,0,0,0,160.6858695
376175,0,0,84.3909424,287.2991393,107.8237698,0
33968,0,0,0,0,0,49.24244388
3398205,0,0,0,0,0,93.30147261
234827,103.5615768,183.1837333,0,0,0,41.46732116
53953,0,0,0,0,0,75.1595196
3115295,207.1231535,103.8041155,0,0,0,0
95641,0,0,0,31.09298045,0,28.5087833
407020,0,0,103.4469617,180.3392866,0,0
2949635,0,109.91024,98.00238472,64.67339933,0,51.83415145
3242491,0,0,0,28.60554201,0,49.24244388
3242492,0,0,125.2252694,184.0704443,69.31528055,0
2987701,0,0,0,16.16834983,0,0
1053,0,0,89.83551933,115.6658873,0,46.6507363
3003617,0,0,0,0,0,0
2675523,263.6112863,219.8204799,49.00119236,38.55529576,0,0
311231,0,0,0,57.21108403,0,184.0112376
2133944,0,0,0,0,0,31.10049087
2692330,0,0,231.3945195,140.5402716,0,0
568768,0,0,0,19.89950749,0,189.1946528
3445780,0,0,141.5590002,182.826725,0,0
3341726,112.9762656,79.37961776,38.1120385,37.31157654,0,0
2779361,112.9762656,0,81.66865394,149.2463062,0,0
3073270,0,0,166.0595963,124.3719218,57.76273379,31.10049087
324078,0,0,0,0,0,82.93464232
105219,0,0,95.28009626,187.8016019,96.27122299,54.42585902
3079555,0,0,0,0,0,54.42585902
2497861,0,0,78.94636547,93.27894135,0,0
3416711,0,0,49.00119236,32.33669967,0,80.34293475
2033869,122.3909544,0,168.7818848,179.0955674,0,0
2584467,0,0,0,0,0,51.83415145
3394359,0,73.27349331,62.61263469,27.36182279,0,77.75122717
129921,0,0,84.3909424,135.5653948,96.27122299,0
3070814,0,109.91024,38.1120385,0,0,44.05902873
1259973,0,67.16736887,0,28.60554201,0,101.0765953
864069,131.8056432,0,166.0595963,124.3719218,50.06103596,0
19,0,0,0,24.87438436,0,0
3367288,0,0,0,0,0,62.20098174
199592,0,0,378.3980966,189.0453211,0,0
2974552,0,0,62.61263469,74.62315308,0,28.5087833
1852390,0,0,0,0,46.21018704,0
3066216,0,97.69799109,38.1120385,0,0,38.87561359
3133331,0,0,65.33492315,97.010099,0,0
244787,0,0,0,0,0,41.46732116
2054,0,164.86536,87.11323087,82.08546838,88.56952515,38.87561359
1096,0,0,0,0,0,98.48488775
101192,0,0,40.83432697,0,0,88.11805746
1915,122.3909544,85.4857422,70.77950008,69.64827621,0,0
2742131,0,0,84.3909424,165.414656,50.06103596,33.69219844
2904122,0,0,0,0,0,41.46732116
1618207,0,0,0,17.41206905,0,0
159612,0,0,0,0,0,0
189540,207.1231535,183.1837333,54.44576929,41.04273419,0,33.69219844
921,0,0,231.3945195,156.7086215,65.46443163,0
69539,0,140.4408622,0,46.01761106,0,75.1595196
2499213,0,0,0,0,0,0
75906,0,0,0,0,0,49.24244388
2584466,0,0,179.6710387,124.3719218,0,0
2762563,0,0,0,0,0,114.0351332
3400908,0,0,70.77950008,59.69852246,0,409.4897964
65555,0,61.06124443,38.1120385,22.38694592,38.5084892,33.69219844
1516059,0,0,40.83432697,110.6910104,0,80.34293475
111769,0,0,0,13.6809114,0,98.48488775
656,0,0,68.05721161,128.1030794,0,51.83415145
2109913,0,0,70.77950008,477.5881797,0,0
2561924,0,0,73.50178854,64.67339933,0,0
3051171,122.3909544,91.59186664,0,151.7337446,38.5084892,0
233181,0,0,0,0,0,82.93464232
255984,112.9762656,201.5021066,0,59.69852246,0,0
134,0,0,147.0035771,119.3970449,107.8237698,28.5087833
3421645,0,0,0,0,0,0
2598453,0,0,0,32.33669967,130.9288633,0
3447454,0,0,51.72348083,62.1859609,0,25.91707572
35554,0,0,0,97.010099,0,0
3156489,0,116.0163644,51.72348083,0,0,77.75122717
453230,0,0,51.72348083,70.89199542,0,0
1203471,0,0,0,17.41206905,0,189.1946528
3054939,0,0,0,0,0,46.6507363
658629,423.6609959,97.69799109,0,0,0,0
2265,0,0,54.44576929,28.60554201,0,72.56781203
103817,0,0,92.5578078,124.3719218,0,62.20098174
3028312,0,0,0,67.16083777,0,0
3016090,169.4643984,122.1224889,0,69.64827621,0,0
486,0,0,0,0,0,98.48488775
2419772,103.5615768,91.59186664,0,0,0,38.87561359
3038077,0,0,0,558.4299289,0,0
126569,0,0,0,14.92463062,0,0
472834,103.5615768,152.6531111,40.83432697,17.41206905,0,64.79268931
3111414,0,0,0,16.16834983,0,0
990078,0,0,43.55661543,49.74876872,69.31528055,36.28390601
1150371,0,0,40.83432697,83.3291876,0,0
2984322,0,73.27349331,43.55661543,53.47992637,0,0
2203724,0,0,0,0,0,33.69219844
1763883,188.2937759,183.1837333,43.55661543,21.14322671,0,0
2925411,0,0,51.72348083,29.84926123,0,98.48488775
2589974,0,457.9593332,0,68.40455699,0,0
92945,0,0,155.1704425,166.6583752,0,0
1545728,0,0,0,52.23620715,0,142.5439165
3133287,0,213.7143555,0,106.9598527,0,0
2903571,0,0,234.116808,192.7764788,0,0
824,0,0,0,16.16834983,0,36.28390601
3430798,178.8790872,268.6694755,62.61263469,14.92463062,0,0
273677,254.1965975,103.8041155,38.1120385,84.57290682,73.16612947,0
221352,0,0,125.2252694,34.8241381,84.71867623,0
2802975,0,0,78.94636547,99.49753744,84.71867623,25.91707572
35799,0,0,0,26.11810358,0,98.48488775
1575,0,0,149.7258656,159.1960599,88.56952515,0
2903563,282.4406639,97.69799109,59.89034622,84.57290682,0,0
3088362,0,0,0,37.31157654,0,129.5853786
2750011,0,0,111.613827,98.25381822,0,0
3156396,0,0,0,39.79901497,0,0
53399,0,0,144.2812886,154.221183,88.56952515,59.60927417
2681547,0,0,362.0643658,190.2890403,0,0
2072413,0,0,0,552.2113328,0,0
2339259,0,0,0,0,0,72.56781203
2100729,0,0,35.38975004,17.41206905,0,25.91707572
651143,150.6350208,97.69799109,0,44.77389185,0,0
2071621,0,0,29.94517311,18.65578827,0,28.5087833
2547600,0,0,0,0,0,95.89318018
83171,112.9762656,85.4857422,40.83432697,14.92463062,0,33.69219844
3367691,0,91.59186664,0,17.41206905,0,0
3438963,0,317.518471,125.2252694,106.9598527,0,0
1179767,0,0,84.3909424,69.64827621,138.6305611,51.83415145
3056445,0,0,0,0,0,28.5087833
1805827,0,0,43.55661543,100.7412567,0,0
3349635,103.5615768,79.37961776,76.22407701,69.64827621,0,0
1881017,216.5378423,128.2286133,35.38975004,49.74876872,0,0
3060697,0,0,0,0,0,0
97478,0,0,51.72348083,0,138.6305611,75.1595196
3376687,0,0,65.33492315,55.96736481,0,93.30147261
1209220,254.1965975,146.5469866,0,0,0,0
3038653,0,0,0,0,0,0
60480,235.3672199,116.0163644,70.77950008,44.77389185,0,0
2976459,0,0,149.7258656,73.37943386,0,0
128944,0,0,0,0,0,0
1873716,122.3909544,103.8041155,89.83551933,85.81662604,0,0
2945587,0,0,0,0,0,199.5614831
2162713,0,0,27.22288465,32.33669967,0,44.05902873
1594731,0,0,0,0,0,31.10049087
3065955,0,0,76.22407701,64.67339933,0,0
3068305,0,0,0,0,0,36.28390601
2819280,0,0,51.72348083,79.59802995,0,0
2742145,0,0,217.7830772,130.5905179,57.76273379,0
3403077,0,0,0,0,0,0
3039156,122.3909544,122.1224889,149.7258656,97.010099,0,0
3069264,0,0,155.1704425,111.9347296,88.56952515,0
356852,0,0,114.3361155,110.6910104,0,0
2588449,0,0,242.2836733,167.9020944,0,114.0351332
3065298,0,0,68.05721161,116.9096065,0,0
2921636,0,0,0,0,0,0
266809,0,0,35.38975004,174.1206905,53.91188488,67.38439688
108150,0,122.1224889,0,0,0,54.42585902
3436240,0,0,0,0,0,46.6507363
2817392,0,0,0,0,0,0
1564681,0,0,0,0,0,98.48488775
1881069,0,0,43.55661543,50.99248794,0,0
1386941,0,0,0,0,0,0
84110,178.8790872,225.9266044,35.38975004,12.43719218,0,0
1333528,141.220332,146.5469866,57.16805776,77.11059151,65.46443163,0
2879846,0,0,59.89034622,62.1859609,0,0
3077937,0,0,0,0,0,0
2176,0,0,0,0,0,0
393921,0,0,38.1120385,21.14322671,0,0
894,0,0,57.16805776,59.69852246,50.06103596,0
205844,0,0,163.3373079,180.3392866,0,0
2865838,0,0,201.4493464,130.5905179,130.9288633,64.79268931
2656760,0,0,84.3909424,36.06785732,0,0
2741301,122.3909544,152.6531111,0,14.92463062,0,51.83415145
2015348,0,134.3347377,0,98.25381822,0,93.30147261
451514,244.7819087,250.3511022,0,12.43719218,0,0
2487074,0,0,0,16.16834983,38.5084892,0
265959,0,140.4408622,98.00238472,72.13571464,0,0
444444,0,0,179.6710387,106.9598527,0,0
3003601,0,0,0,12.43719218,0,80.34293475
157691,0,109.91024,70.77950008,23.63066514,0,41.46732116
1829,0,0,0,88.30406447,315.7696114,82.93464232
246786,0,0,0,0,0,344.6971071
2923363,0,97.69799109,0,0,0,31.10049087
2840468,0,0,89.83551933,59.69852246,0,25.91707572
3046593,0,0,0,0,0,0
1962908,0,0,57.16805776,62.1859609,0,41.46732116
41202,0,0,35.38975004,31.09298045,0,54.42585902
1442136,103.5615768,116.0163644,68.05721161,104.4724143,0,0
2571746,160.0497096,140.4408622,73.50178854,94.52266056,0,0
53362,0,0,114.3361155,146.7588677,142.48141,0
2518370,0,0,49.00119236,128.1030794,42.35933812,49.24244388
251535,0,73.27349331,0,0,0,28.5087833
2499145,160.0497096,116.0163644,51.72348083,113.1784488,0,0
2587854,0,0,196.0047694,116.9096065,0,0
64002,0,109.91024,108.8915386,170.3895329,42.35933812,31.10049087
2975942,0,0,0,0,0,0
2762322,0,0,76.22407701,69.64827621,0,59.60927417
2592653,0,0,0,0,0,0
2591633,0,0,70.77950008,92.03522213,0,0
480035,0,91.59186664,62.61263469,80.84174917,0,0
949,0,0,0,0,0,0
3239388,0,0,125.2252694,53.47992637,211.7966906,0
2898441,0,0,40.83432697,75.86687229,292.6645179,0
3125786,0,201.5021066,57.16805776,26.11810358,0,49.24244388
2678688,0,0,35.38975004,84.57290682,0,31.10049087
3243395,0,0,0,0,0,0
1531429,0,0,0,133.0779563,0,0
1896164,0,0,49.00119236,123.1282026,0,0
155866,160.0497096,91.59186664,57.16805776,22.38694592,0,0
3071408,0,0,27.22288465,46.01761106,0,25.91707572
3114300,197.7084647,61.06124443,114.3361155,111.9347296,0,0
2494234,188.2937759,225.9266044,0,29.84926123,0,0
3135646,0,0,46.2789039,80.84174917,0,36.28390601
454154,0,0,0,0,0,0
3018929,0,0,46.2789039,27.36182279,0,108.851718
2981137,0,0,59.89034622,84.57290682,0,33.69219844
1437009,0,0,176.9487502,129.3467987,92.42037407,36.28390601
1034015,178.8790872,152.6531111,114.3361155,48.5050495,0,0
1927,0,0,106.1692501,110.6910104,42.35933812,80.34293475
31899,0,0,0,0,0,0
984307,0,0,190.5601925,145.5151485,0,134.7687938
2975842,0,0,65.33492315,82.08546838,0,0
83627,0,0,59.89034622,73.37943386,96.27122299,0
3029055,0,0,0,89.54778369,0,0
1458307,0,0,62.61263469,126.8593602,0,0
2913616,160.0497096,177.0776088,0,0,0,41.46732116
399025,0,0,0,0,0,111.4434256
1295,0,0,0,0,0,85.52634989
45851,0,0,0,0,0,69.97610446
1136497,0,0,0,0,0,0
2651972,0,0,0,0,0,93.30147261
293958,0,0,54.44576929,50.99248794,0,0
3082533,0,0,0,0,0,0
434009,0,0,122.5029809,294.7614547,0,0
1605838,169.4643984,158.7592355,46.2789039,52.23620715,0,0
3421658,0,0,174.2264617,109.4472912,0,36.28390601
1718,0,0,198.7270579,100.7412567,0,0
299152,0,0,100.7246732,78.35431073,346.5764028,0
2020716,0,0,54.44576929,32.33669967,0,49.24244388
74326,0,0,98.00238472,62.1859609,42.35933812,31.10049087
1796646,0,0,43.55661543,0,0,77.75122717
3070220,0,0,0,0,0,287.6795405
2652721,0,0,103.4469617,49.74876872,0,0
319017,0,0,0,64.67339933,300.3662157,0
1963025,0,0,0,19.89950749,138.6305611,0
35755,0,0,0,18.65578827,0,57.01756659
3100113,103.5615768,67.16736887,38.1120385,55.96736481,0,28.5087833
2709396,0,0,0,21.14322671,0,44.05902873
3012344,0,0,127.9475578,143.0277101,42.35933812,0
321332,0,0,313.0631734,54.72364559,0,0
2865112,0,0,43.55661543,72.13571464,0,33.69219844
1505597,0,0,49.00119236,23.63066514,0,0
2163644,0,61.06124443,49.00119236,19.89950749,0,28.5087833
2072590,0,0,0,82.08546838,0,0
2837956,0,0,51.72348083,88.30406447,0,0
1349819,0,97.69799109,193.282481,145.5151485,0,0
2921399,0,0,0,14.92463062,0,44.05902873
3025671,0,0,68.05721161,0,0,150.3190392
374432,0,0,130.6698463,145.5151485,50.06103596,0
2775404,0,0,73.50178854,57.21108403,0,57.01756659
2732487,0,0,32.66746157,100.7412567,38.5084892,38.87561359
3160989,0,0,125.2252694,184.0704443,103.9729208,0
2760307,0,0,111.613827,155.4649022,119.3763165,0
35818,0,0,62.61263469,0,0,69.97610446
2107709,207.1231535,164.86536,0,0,0,0
3004092,0,0,111.613827,109.4472912,65.46443163,0
871742,0,97.69799109,76.22407701,126.8593602,50.06103596,51.83415145
244596,0,0,157.8927309,154.221183,57.76273379,0
1897729,112.9762656,91.59186664,73.50178854,90.79150291,111.6746187,0
3046670,0,0,0,136.809114,0,57.01756659
170673,0,0,0,0,0,82.93464232
1922669,0,0,0,0,0,0
3392036,0,0,0,0,0,59.60927417
2660641,150.6350208,91.59186664,122.5029809,140.5402716,0,0
2846075,0,0,0,0,0,0
3031919,112.9762656,0,38.1120385,22.38694592,0,0
2698679,0,0,59.89034622,89.54778369,38.5084892,0
2933959,0,0,190.5601925,33.58041888,0,0
3414739,0,0,51.72348083,69.64827621,0,0
2829816,0,0,0,0,0,77.75122717
3374187,225.9525311,103.8041155,0,0,0,44.05902873
3054208,0,73.27349331,0,0,0,33.69219844
3367513,0,0,138.8367117,106.9598527,53.91188488,0
2378,0,0,0,0,80.86782731,59.60927417
1888195,0,0,0,0,0,57.01756659
2728021,0,0,127.9475578,123.1282026,0,0
1510225,0,0,0,12.43719218,365.8306474,0
3020843,0,0,103.4469617,73.37943386,61.61358271,0
588932,0,0,190.5601925,170.3895329,0,0
2045451,0,0,0,53.47992637,0,0
2921699,0,299.2000977,0,0,0,0
1069220,0,0,46.2789039,62.1859609,0,0
1868794,0,0,0,0,0,69.97610446
3072978,0,0,43.55661543,0,0,0
1945662,103.5615768,0,92.5578078,140.5402716,80.86782731,0
3034024,122.3909544,85.4857422,171.5041733,62.1859609,0,0
1851544,122.3909544,103.8041155,76.22407701,83.3291876,0,0
2763008,0,0,46.2789039,93.27894135,0,0
551989,150.6350208,109.91024,0,21.14322671,0,28.5087833
2975921,0,128.2286133,176.9487502,116.9096065,0,0
341027,0,140.4408622,0,0,0,95.89318018
988779,0,61.06124443,43.55661543,55.96736481,0,0
2561898,0,0,0,0,0,41.46732116
3242680,0,0,0,0,0,0
2029849,0,0,185.1156156,177.8518482,69.31528055,0
1374,0,0,0,0,0,0
1971364,0,0,0,0,0,77.75122717
1794699,197.7084647,183.1837333,0,0,0,0
1537400,0,0,70.77950008,27.36182279,0,46.6507363
3093922,0,0,27.22288465,42.28645341,0,0
418719,0,0,0,39.79901497,0,0
158627,0,79.37961776,0,24.87438436,0,36.28390601
3080019,0,0,43.55661543,105.7161335,57.76273379,72.56781203
2806346,0,0,111.613827,79.59802995,0,0
2582905,0,0,127.9475578,124.3719218,57.76273379,158.0941619
2285,0,91.59186664,35.38975004,0,0,132.1770862
3161137,0,0,98.00238472,104.4724143,50.06103596,0
2565782,0,0,54.44576929,83.3291876,50.06103596,0
2880008,0,0,0,0,0,49.24244388
34061,103.5615768,0,35.38975004,0,0,82.93464232
879,103.5615768,85.4857422,166.0595963,48.5050495,0,69.97610446
847,0,0,29.94517311,31.09298045,315.7696114,77.75122717
3079766,0,0,144.2812886,146.7588677,0,0
480,0,0,0,0,0,225.4785588
2920380,0,97.69799109,32.66746157,0,0,82.93464232
254247,122.3909544,116.0163644,0,26.11810358,0,0
546874,0,0,125.2252694,143.0277101,80.86782731,0
2762591,0,0,70.77950008,85.81662604,269.5594244,0
2742624,0,0,0,22.38694592,0,0
53419,0,103.8041155,0,0,0,69.97610446
353,0,0,122.5029809,180.3392866,0,0
3028804,0,0,46.2789039,59.69852246,0,49.24244388
1923130,0,0,0,0,0,0
614,0,0,84.3909424,89.54778369,0,75.1595196
1933220,0,341.9429688,0,0,0,0
1674923,0,0,57.16805776,0,0,38.87561359
194963,0,0,100.7246732,100.7412567,65.46443163,36.28390601
2898796,131.8056432,79.37961776,136.1144232,109.4472912,50.06103596,0
2903767,0,0,119.7806924,108.203572,0,0
2749962,0,0,38.1120385,0,0,49.24244388
2976812,160.0497096,0,111.613827,27.36182279,0,0
2829500,0,0,70.77950008,172.8769713,50.06103596,0
3239973,0,0,57.16805776,38.55529576,0,0
3141543,122.3909544,0,54.44576929,47.26133028,0,82.93464232
3027796,0,0,255.8951157,111.9347296,0,0
3242369,207.1231535,122.1224889,0,0,0,0
56438,0,0,119.7806924,144.2714293,92.42037407,0
282402,0,0,0,0,0,38.87561359
2975049,141.220332,152.6531111,49.00119236,43.53017263,0,54.42585902
1410383,0,0,0,0,0,0
3414030,0,0,0,28.60554201,0,209.9283134
2894310,0,0,253.1728272,159.1960599,0,90.70976504
33072,0,0,209.6162118,39.79901497,50.06103596,0
406020,0,73.27349331,0,23.63066514,0,160.6858695
231439,0,91.59186664,98.00238472,101.9849759,0,0
3043441,160.0497096,134.3347377,0,46.01761106,0,0
2527982,0,0,40.83432697,337.0479081,0,0
2969621,0,103.8041155,130.6698463,90.79150291,65.46443163,0
271881,188.2937759,250.3511022,0,0,0,0
2734211,0,0,0,0,0,0
2903788,0,0,87.11323087,87.06034526,0,38.87561359
114090,0,0,0,0,0,0
212765,0,0,84.3909424,90.79150291,46.21018704,0
2684405,0,73.27349331,0,0,0,33.69219844
556054,0,134.3347377,0,0,0,46.6507363
3239893,0,0,78.94636547,146.7588677,157.8848057,31.10049087
2766982,0,201.5021066,0,0,0,0
702115,0,0,0,19.89950749,0,41.46732116
2682968,0,0,62.61263469,100.7412567,77.01697839,64.79268931
632569,0,0,81.66865394,95.76637978,0,0
665913,0,0,38.1120385,29.84926123,0,38.87561359
3136731,0,0,0,17.41206905,0,90.70976504
2855441,0,286.9878488,0,72.13571464,0,0
1353136,0,0,89.83551933,148.0025869,142.48141,28.5087833
87458,103.5615768,128.2286133,0,0,0,0
3104321,0,0,70.77950008,0,0,0
103810,0,91.59186664,0,28.60554201,0,41.46732116
1178537,0,0,0,0,0,51.83415145
3026424,103.5615768,0,35.38975004,150.4900254,115.5254676,0
2728853,0,0,0,0,0,25.91707572
60894,0,0,78.94636547,79.59802995,0,44.05902873
2742136,0,0,73.50178854,130.5905179,0,25.91707572
1138190,0,0,163.3373079,59.69852246,0,31.10049087
2893881,0,0,0,0,0,0
3149231,0,0,43.55661543,53.47992637,57.76273379,0
2918765,0,140.4408622,122.5029809,84.57290682,0,0
3427599,0,0,0,0,0,0
2983214,0,0,0,0,0,0
3028314,169.4643984,85.4857422,103.4469617,79.59802995,0,36.28390601
3141539,0,0,27.22288465,43.53017263,0,0
85401,0,103.8041155,0,0,0,0
2903896,0,0,62.61263469,79.59802995,61.61358271,67.38439688
285091,131.8056432,103.8041155,68.05721161,106.9598527,0,0
583357,0,0,0,0,0,134.7687938
3421432,0,0,0,0,0,147.7273316
930802,0,0,0,46.01761106,0,67.38439688
381751,0,0,0,0,0,274.7210027
104628,0,0,0,0,0,98.48488775
1942,0,0,0,155.4649022,0,0
3019602,0,85.4857422,125.2252694,79.59802995,96.27122299,0
3039389,254.1965975,122.1224889,81.66865394,23.63066514,0,0
1458716,0,0,0,0,0,0
2694929,0,0,76.22407701,53.47992637,46.21018704,25.91707572
2913621,0,0,0,13.6809114,0,0
994692,0,0,0,0,0,28.5087833
2587856,0,0,0,21.14322671,0,259.1707572
631220,0,0,0,0,0,163.2775771
1592790,0,0,106.1692501,88.30406447,100.1220719,0
3036374,131.8056432,109.91024,68.05721161,83.3291876,50.06103596,0
3115294,0,79.37961776,29.94517311,27.36182279,111.6746187,0
1811807,0,0,54.44576929,92.03522213,0,38.87561359
3116654,0,0,236.8390964,0,0,0
2986767,0,0,133.3921348,0,0,0
28448,0,0,166.0595963,42.28645341,0,0
1457365,0,0,0,34.8241381,0,59.60927417
1379870,0,0,49.00119236,37.31157654,57.76273379,0
1858,0,0,84.3909424,98.25381822,0,25.91707572
2943497,0,85.4857422,46.2789039,28.60554201,0,41.46732116
398,0,0,98.00238472,93.27894135,0,90.70976504
2954585,0,0,0,0,0,0
1287640,0,0,0,0,0,72.56781203
2846777,0,0,65.33492315,87.06034526,0,49.24244388
3398357,150.6350208,146.5469866,0,0,0,0
3388337,0,0,157.8927309,130.5905179,0,0
3122079,235.3672199,122.1224889,38.1120385,34.8241381,0,0
2698673,0,0,179.6710387,160.4397791,65.46443163,0
1634516,112.9762656,0,76.22407701,90.79150291,0,38.87561359
41977,0,0,127.9475578,211.4322671,61.61358271,25.91707572
3111456,112.9762656,0,0,0,0,62.20098174
340145,0,0,0,18.65578827,0,0
3065910,0,109.91024,65.33492315,70.89199542,142.48141,33.69219844
2113,0,85.4857422,29.94517311,18.65578827,0,80.34293475
2795216,0,0,117.058404,82.08546838,0,69.97610446
160799,0,0,32.66746157,26.11810358,0,57.01756659
521,0,0,43.55661543,47.26133028,0,38.87561359
2920387,263.6112863,134.3347377,51.72348083,39.79901497,0,0
2866570,0,0,46.2789039,18.65578827,0,101.0765953
1763535,0,0,51.72348083,63.42968012,0,49.24244388
119,0,0,92.5578078,164.1709368,107.8237698,46.6507363
1302376,0,0,0,0,0,75.1595196
1799667,0,0,304.896308,0,0,184.0112376
2860286,0,134.3347377,258.6174041,95.76637978,0,0
2689110,0,0,0,0,0,0
3082549,0,0,54.44576929,29.84926123,138.6305611,0
2714358,0,0,0,0,0,0
2719911,0,0,0,0,0,0
870903,0,61.06124443,0,36.06785732,0,98.48488775
2028343,131.8056432,134.3347377,92.5578078,52.23620715,0,28.5087833
1176240,103.5615768,0,35.38975004,16.16834983,0,49.24244388
664426,0,0,46.2789039,237.5503706,0,0
3393757,0,0,0,0,0,0
2203204,0,0,57.16805776,94.52266056,65.46443163,0
2107713,178.8790872,79.37961776,0,54.72364559,0,0
28084,0,79.37961776,0,0,0,85.52634989
2769024,0,0,0,14.92463062,0,77.75122717
2902624,0,0,0,48.5050495,0,0
2742204,0,61.06124443,160.6150194,136.809114,57.76273379,0
2804529,0,0,127.9475578,88.30406447,0,0
43357,0,0,100.7246732,149.2463062,57.76273379,137.3605013
102886,0,0,35.38975004,14.92463062,0,72.56781203
1774,0,0,0,88.30406447,0,69.97610446
1758689,0,0,0,115.6658873,77.01697839,0
2743001,0,122.1224889,68.05721161,23.63066514,142.48141,0
2665643,0,0,49.00119236,57.21108403,0,0
1032851,0,61.06124443,32.66746157,33.58041888,0,0
941986,122.3909544,0,68.05721161,106.9598527,42.35933812,36.28390601
3036300,0,0,0,0,96.27122299,46.6507363
1564165,0,0,46.2789039,111.9347296,223.3492373,0
99653,197.7084647,103.8041155,38.1120385,72.13571464,0,38.87561359
36821,0,0,43.55661543,58.45480324,0,38.87561359
412689,0,0,0,75.86687229,0,0
2825844,0,0,78.94636547,98.25381822,0,0
2082387,0,0,122.5029809,100.7412567,84.71867623,0
327160,131.8056432,91.59186664,125.2252694,133.0779563,0,0
1538,0,0,0,0,0,101.0765953
3388845,0,61.06124443,29.94517311,13.6809114,0,54.42585902
1940612,0,79.37961776,57.16805776,44.77389185,0,0
33043,0,134.3347377,0,0,0,44.05902873
470932,0,0,0,0,0,0
2903828,0,0,65.33492315,109.4472912,0,0
2565558,0,0,0,53.47992637,96.27122299,0
2758041,0,85.4857422,185.1156156,106.9598527,0,0
1030157,0,0,122.5029809,155.4649022,0,44.05902873
42253,0,0,0,74.62315308,0,28.5087833
212767,0,0,0,54.72364559,73.16612947,41.46732116
1796644,0,0,54.44576929,28.60554201,0,69.97610446
46632,0,73.27349331,0,0,0,0
487184,0,0,0,63.42968012,0,0
1148157,0,0,0,0,0,67.38439688
415217,0,0,0,31.09298045,46.21018704,0
3425693,0,0,0,0,0,0
2929492,0,0,0,0,0,64.79268931
1528104,0,0,100.7246732,116.9096065,130.9288633,0
787,0,0,0,0,0,31.10049087
1985873,0,0,0,43.53017263,0,0
3133300,0,0,0,84.57290682,377.3831941,0
76115,0,0,49.00119236,83.3291876,0,33.69219844
2496028,0,0,98.00238472,93.27894135,0,54.42585902
2048283,0,0,144.2812886,72.13571464,0,0
2774767,0,0,0,0,0,476.8741933
3400182,0,0,111.613827,100.7412567,119.3763165,0
702113,0,0,76.22407701,124.3719218,0,44.05902873
1295612,0,0,51.72348083,28.60554201,0,85.52634989
318424,0,85.4857422,57.16805776,108.203572,111.6746187,0
2754726,0,0,0,58.45480324,408.1899855,0
1312183,0,0,122.5029809,70.89199542,0,38.87561359
3050384,0,0,0,41.04273419,0,0
47871,0,0,70.77950008,85.81662604,123.2271654,0
461393,0,0,81.66865394,47.26133028,211.7966906,38.87561359
2495579,0,0,92.5578078,57.21108403,0,0
2707525,0,0,49.00119236,186.5578827,161.7356546,0
1855352,0,0,209.6162118,135.5653948,80.86782731,0
2656761,0,0,0,0,0,126.9936711
39775,0,0,38.1120385,82.08546838,0,28.5087833
60035,0,0,0,50.99248794,0,0
379684,0,0,111.613827,98.25381822,46.21018704,28.5087833
3004096,0,0,0,0,0,0
2934158,0,0,87.11323087,73.37943386,0,36.28390601
161493,0,0,111.613827,273.6182279,88.56952515,0
2675225,0,67.16736887,114.3361155,87.06034526,50.06103596,31.10049087
1842534,0,0,176.9487502,98.25381822,0,41.46732116
248551,0,0,0,43.53017263,0,0
95300,0,0,68.05721161,64.67339933,0,0
2830842,0,0,0,64.67339933,0,54.42585902
570278,0,0,0,13.6809114,0,28.5087833
2174846,0,0,103.4469617,55.96736481,0,0
3374553,0,0,84.3909424,75.86687229,80.86782731,80.34293475
164330,0,0,176.9487502,212.6759863,0,0
375549,0,85.4857422,84.3909424,55.96736481,88.56952515,44.05902873
2175650,0,0,76.22407701,73.37943386,273.4102733,0
2908650,0,0,57.16805776,23.63066514,0,44.05902873
2609257,0,0,84.3909424,65.91711855,0,0
2903818,0,0,95.28009626,125.615641,69.31528055,0
1680,0,0,0,24.87438436,0,0
2921653,0,0,59.89034622,0,0,189.1946528
508451,0,0,0,0,0,186.6029452
2069367,160.0497096,97.69799109,98.00238472,54.72364559,0,0
2161673,0,0,171.5041733,169.1458136,0,0
3082543,0,0,49.00119236,34.8241381,38.5084892,0
1855652,0,0,0,0,0,59.60927417
1335043,0,0,201.4493464,134.3216755,57.76273379,0
92400,0,0,0,0,0,62.20098174
131111,0,0,0,24.87438436,0,0
2994971,235.3672199,146.5469866,0,73.37943386,0,0
3395318,0,79.37961776,62.61263469,22.38694592,0,41.46732116
28124,0,0,0,14.92463062,0,0
2259340,0,0,163.3373079,180.3392866,0,0
1716143,0,0,0,94.52266056,0,0
463040,0,0,212.3385002,182.826725,73.16612947,0
781,0,0,0,0,0,0
218673,0,0,0,0,0,134.7687938
2745495,0,0,0,38.55529576,0,0
336203,0,0,261.3396926,206.4573902,0,0
2606450,0,0,27.22288465,12.43719218,0,95.89318018
1177211,0,0,0,0,0,0
3413147,0,0,0,87.06034526,0,0
3068314,0,0,0,83.3291876,0,0
2811778,0,0,0,0,0,67.38439688
435905,0,103.8041155,62.61263469,82.08546838,0,0
53376,0,0,54.44576929,44.77389185,0,0
1678078,0,0,0,0,0,0
2560628,94.14688797,140.4408622,29.94517311,19.89950749,0,67.38439688
1411621,0,0,62.61263469,55.96736481,69.31528055,28.5087833
2903874,0,0,0,0,0,0
394733,0,0,57.16805776,46.01761106,0,0
1451454,112.9762656,109.91024,62.61263469,41.04273419,0,0
2976834,0,0,0,0,0,0
3066312,0,0,0,0,0,0
3394354,0,0,27.22288465,0,0,33.69219844
2861800,0,0,315.7854619,149.2463062,0,0
3045147,0,79.37961776,0,0,0,49.24244388
2128,0,0,0,0,0,28.5087833
3079339,0,0,81.66865394,109.4472912,69.31528055,0
1796606,0,0,98.00238472,118.1533257,219.4983884,0
2814293,0,0,0,32.33669967,0,0
86185,0,0,0,48.5050495,69.31528055,0
2975620,0,0,0,75.86687229,0,0
47850,0,0,0,253.7187205,0,209.9283134
2070777,0,0,0,0,0,90.70976504
124798,244.7819087,116.0163644,0,22.38694592,0,0
3036926,141.220332,97.69799109,27.22288465,14.92463062,0,44.05902873
3427924,0,0,0,0,0,25.91707572
857417,0,0,0,69.64827621,0,0
2787751,0,0,51.72348083,16.16834983,0,62.20098174
524,0,0,133.3921348,67.16083777,261.8577265,0
863643,0,0,0,19.89950749,0,62.20098174
2765360,0,0,81.66865394,72.13571464,0,0
28258,0,0,176.9487502,124.3719218,0,28.5087833
1261,0,0,57.16805776,0,0,72.56781203
2995154,0,0,0,69.64827621,0,0
2903787,207.1231535,122.1224889,0,83.3291876,0,0
2714942,0,0,51.72348083,32.33669967,0,0
2203,0,67.16736887,29.94517311,14.92463062,0,38.87561359
79601,0,0,84.3909424,27.36182279,0,0
2315464,0,0,87.11323087,38.55529576,0,44.05902873
1814,0,0,46.2789039,106.9598527,57.76273379,0
2518371,0,0,76.22407701,59.69852246,0,0
3066260,0,0,0,0,0,0
2598861,0,0,0,0,0,150.3190392
2598458,0,0,40.83432697,18.65578827,0,25.91707572
3080537,122.3909544,109.91024,0,33.58041888,0,41.46732116
2872652,0,0,149.7258656,140.5402716,0,0
1240404,0,0,0,0,0,0
1069,0,0,106.1692501,89.54778369,0,0
3439530,160.0497096,128.2286133,57.16805776,113.1784488,0,0
33051,0,0,76.22407701,72.13571464,0,0
1075,0,0,155.1704425,172.8769713,50.06103596,0
491893,0,0,0,0,0,0
662548,0,170.9714844,136.1144232,133.0779563,0,0
483547,0,0,40.83432697,68.40455699,0,75.1595196
1921510,0,0,163.3373079,172.8769713,0,0
117157,0,0,49.00119236,80.84174917,0,0
47421,0,0,0,94.52266056,0,101.0765953
298,0,0,0,53.47992637,0,0
148447,0,0,70.77950008,59.69852246,65.46443163,85.52634989
1799,150.6350208,79.37961776,54.44576929,99.49753744,0,0
2975952,0,0,49.00119236,141.7839908,177.1390503,0
2060726,0,0,57.16805776,79.59802995,65.46443163,0
3416666,197.7084647,0,32.66746157,78.35431073,100.1220719,0
2980100,0,0,0,41.04273419,0,38.87561359
241244,0,0,152.448154,53.47992637,0,36.28390601
29546,0,0,0,0,0,38.87561359
216944,0,0,0,0,0,80.34293475
1921086,0,0,29.94517311,22.38694592,0,0
324057,0,73.27349331,43.55661543,23.63066514,0,54.42585902
1795043,0,0,0,0,0,0
2814294,0,0,54.44576929,42.28645341,0,44.05902873
60548,0,0,40.83432697,65.91711855,0,0
135719,0,0,212.3385002,223.8694592,0,0
1302411,0,0,0,0,0,25.91707572
2898431,0,79.37961776,106.1692501,149.2463062,0,0
134601,0,0,114.3361155,131.8342371,0,54.42585902
3376990,0,0,0,33.58041888,0,0
1184387,0,0,0,0,0,36.28390601
3052729,0,0,0,0,0,0
3421652,0,0,0,64.67339933,0,64.79268931
1813595,0,0,0,0,0,303.229786
1926494,0,0,73.50178854,65.91711855,0,0
456,0,0,0,21.14322671,0,31.10049087
2975671,0,0,0,121.8844834,0,0
2686360,0,0,57.16805776,53.47992637,0,57.01756659
199591,0,116.0163644,98.00238472,101.9849759,103.9729208,0
869886,0,0,78.94636547,68.40455699,0,49.24244388
431057,0,0,27.22288465,17.41206905,0,134.7687938
473531,0,0,51.72348083,39.79901497,0,46.6507363
347534,178.8790872,158.7592355,0,70.89199542,0,0
2878098,0,238.1388533,65.33492315,0,0,0
119864,0,0,32.66746157,17.41206905,0,111.4434256
1933880,0,0,0,26.11810358,0,36.28390601
1801629,0,0,49.00119236,13.6809114,42.35933812,0
1497974,0,0,92.5578078,101.9849759,0,0
813,0,0,0,0,119.3763165,75.1595196
370622,0,0,144.2812886,100.7412567,0,0
74706,0,122.1224889,62.61263469,32.33669967,0,72.56781203
1528099,0,0,0,189.0453211,234.9017841,0
2797636,0,134.3347377,65.33492315,72.13571464,0,0
82995,0,0,0,0,0,38.87561359
2908837,0,0,84.3909424,46.01761106,0,126.9936711
2975948,0,219.8204799,0,227.6006169,0,0
55213,0,0,62.61263469,31.09298045,0,0
340345,0,0,76.22407701,73.37943386,0,0
86332,131.8056432,128.2286133,0,0,0,41.46732116
2355,169.4643984,103.8041155,0,0,0,106.2600105
2582831,0,0,54.44576929,60.94224168,0,0
2219043,0,0,49.00119236,59.69852246,50.06103596,54.42585902
1920749,0,0,27.22288465,12.43719218,0,0
104087,0,0,84.3909424,98.25381822,0,25.91707572
2774461,0,0,0,0,0,0
3238802,0,0,152.448154,114.4221681,46.21018704,0
3393744,0,0,190.5601925,100.7412567,0,59.60927417
43774,0,0,375.6758081,69.64827621,0,0
1765967,0,0,46.2789039,95.76637978,0,0
106634,0,0,106.1692501,103.2286951,0,0
867595,0,85.4857422,51.72348083,26.11810358,0,0
3080828,0,0,78.94636547,58.45480324,42.35933812,69.97610446
912630,0,0,0,23.63066514,0,0
104102,0,0,65.33492315,0,0,126.9936711
1985254,0,0,0,0,0,0
1525,0,0,81.66865394,44.77389185,0,0
1632018,0,0,0,0,0,0
2905871,0,0,40.83432697,54.72364559,0,69.97610446
1149133,122.3909544,0,59.89034622,128.1030794,46.21018704,0
120107,0,0,220.5053656,202.7262325,0,0
1957,131.8056432,73.27349331,70.77950008,79.59802995,42.35933812,0
147709,0,0,95.28009626,43.53017263,0,54.42585902
2903867,0,0,255.8951157,144.2714293,0,0
3081749,0,0,32.66746157,119.3970449,0,38.87561359
2903833,141.220332,97.69799109,59.89034622,89.54778369,0,0
1488356,0,0,0,67.16083777,0,0
2283195,0,0,78.94636547,75.86687229,138.6305611,41.46732116
3421643,0,0,108.8915386,64.67339933,0,259.1707572
2730848,0,0,0,29.84926123,0,0
3422304,0,0,0,0,0,0
57704,0,0,92.5578078,108.203572,0,0
2589967,0,0,81.66865394,62.1859609,53.91188488,38.87561359
39765,0,0,40.83432697,17.41206905,0,0
2918900,0,0,46.2789039,32.33669967,157.8848057,41.46732116
2937985,0,0,0,0,0,103.6683029
146827,0,0,196.0047694,65.91711855,65.46443163,0
118062,0,0,0,0,0,98.48488775
2742675,0,0,0,0,0,0
1703,0,0,0,38.55529576,0,0
1800,0,0,168.7818848,167.9020944,69.31528055,0
2931382,0,0,38.1120385,69.64827621,0,0
1697043,0,0,51.72348083,68.40455699,50.06103596,0
1775,0,0,38.1120385,46.01761106,0,41.46732116
1355015,197.7084647,128.2286133,0,59.69852246,0,0
1678129,0,0,54.44576929,39.79901497,0,0
3160863,122.3909544,85.4857422,0,0,0,0
2861285,0,0,73.50178854,41.04273419,57.76273379,0
1038856,0,79.37961776,215.0607887,83.3291876,0,0
2966192,0,0,57.16805776,64.67339933,0,0
3055805,0,0,0,0,0,222.8868512
3234198,0,0,280.3957119,159.1960599,0,0
2064,0,0,100.7246732,131.8342371,0,0
40567,0,0,98.00238472,114.4221681,0,49.24244388
2975967,160.0497096,85.4857422,62.61263469,64.67339933,53.91188488,0
3135776,0,0,43.55661543,84.57290682,0,28.5087833
248315,150.6350208,85.4857422,35.38975004,16.16834983,0,28.5087833
192843,0,85.4857422,70.77950008,72.13571464,0,75.1595196
3144973,0,0,81.66865394,104.4724143,234.9017841,0
2770636,0,0,0,0,0,126.9936711
33056,0,0,0,0,0,82.93464232
2493680,0,0,98.00238472,70.89199542,0,0
2898438,141.220332,79.37961776,68.05721161,83.3291876,53.91188488,0
69395,0,0,114.3361155,69.64827621,0,51.83415145
2596915,0,0,40.83432697,43.53017263,184.8407481,0
164514,0,0,127.9475578,48.5050495,0,0
2303,0,0,0,0,0,101.0765953
2093824,0,0,0,0,53.91188488,0
217204,0,79.37961776,78.94636547,101.9849759,0,31.10049087
94138,0,0,103.4469617,0,0,0
3055080,0,0,0,46.01761106,0,0
3111767,0,0,0,88.30406447,0,0
2975995,0,79.37961776,0,59.69852246,0,0
1987356,0,0,0,0,0,31.10049087
2684406,0,0,0,0,0,0
2780922,0,183.1837333,46.2789039,28.60554201,80.86782731,38.87561359
487174,0,0,54.44576929,39.79901497,0,0
3403464,0,0,68.05721161,88.30406447,211.7966906,67.38439688
683737,0,0,0,0,0,51.83415145
83450,0,0,0,83.3291876,0,0
2819999,0,0,0,0,0,0
2970925,0,0,0,125.615641,0,67.38439688
293050,0,0,0,65.91711855,0,0
3066287,0,0,0,0,0,103.6683029
2589976,0,0,147.0035771,94.52266056,0,33.69219844
1550241,0,0,57.16805776,0,0,44.05902873
2781734,0,0,46.2789039,83.3291876,0,41.46732116
36863,0,0,201.4493464,145.5151485,0,0
3064531,0,0,122.5029809,146.7588677,77.01697839,0
2590869,0,0,0,0,0,46.6507363
3239977,0,0,0,31.09298045,0,0
1231,0,0,0,26.11810358,0,0
3457765,0,0,43.55661543,65.91711855,0,0
1032242,0,0,0,0,0,0
2956679,0,0,0,0,0,0
1486262,0,0,144.2812886,95.76637978,65.46443163,0
69665,0,0,168.7818848,101.9849759,61.61358271,0
2061,0,0,65.33492315,131.8342371,57.76273379,0
60478,150.6350208,116.0163644,0,27.36182279,0,28.5087833
82989,0,0,0,0,0,0
2973976,0,0,0,27.36182279,80.86782731,0
1081631,0,0,0,0,0,59.60927417
460384,0,0,51.72348083,28.60554201,92.42037407,0
1082704,0,0,0,21.14322671,0,0
1225128,0,0,242.2836733,126.8593602,0,0
3289775,178.8790872,128.2286133,40.83432697,53.47992637,0,0
2921645,0,0,0,0,0,0
2983208,0,0,0,0,0,0
655015,0,97.69799109,125.2252694,64.67339933,0,0
1921087,0,0,0,16.16834983,0,38.87561359
1327635,0,61.06124443,92.5578078,123.1282026,0,0
1967,0,79.37961776,65.33492315,135.5653948,61.61358271,0
754515,0,91.59186664,0,0,0,225.4785588
1708,0,0,81.66865394,243.7689667,92.42037407,0
3092156,0,0,29.94517311,78.35431073,0,67.38439688
2662362,0,61.06124443,0,0,0,93.30147261
3425125,0,0,111.613827,140.5402716,57.76273379,0
1708783,0,183.1837333,32.66746157,80.84174917,0,25.91707572
152142,112.9762656,116.0163644,49.00119236,78.35431073,38.5084892,0
2591108,0,0,108.8915386,130.5905179,96.27122299,0
1743165,0,103.8041155,0,0,0,0
262209,0,0,0,124.3719218,304.2170647,0
3066262,103.5615768,73.27349331,0,0,0,31.10049087
2571115,0,158.7592355,87.11323087,123.1282026,0,0
2975968,0,0,84.3909424,89.54778369,0,0
39778,0,0,0,33.58041888,0,0
2712698,0,0,144.2812886,126.8593602,38.5084892,25.91707572
2509456,0,97.69799109,76.22407701,37.31157654,0,33.69219844
2099789,0,0,0,0,0,0
1655,0,0,0,126.8593602,154.0339568,0
3243379,0,427.428711,0,0,0,0
2785918,0,0,73.50178854,79.59802995,0,51.83415145
1572644,0,0,0,93.27894135,0,0
2759526,0,0,106.1692501,123.1282026,0,0
715472,0,0,108.8915386,160.4397791,46.21018704,62.20098174
2508882,141.220332,0,76.22407701,108.203572,42.35933812,0
292800,0,158.7592355,43.55661543,62.1859609,50.06103596,0
1604004,0,0,0,0,0,0
2800818,0,109.91024,40.83432697,48.5050495,0,0
1978566,0,0,62.61263469,43.53017263,0,0
2801030,0,0,51.72348083,69.64827621,88.56952515,90.70976504
74426,0,0,0,103.2286951,0,0
2986763,150.6350208,67.16736887,0,13.6809114,0,0
2152891,0,0,0,26.11810358,0,101.0765953
2878390,0,0,0,0,0,49.24244388
3070995,0,0,0,0,0,0
3398215,0,0,0,0,0,0
3015997,0,103.8041155,68.05721161,77.11059151,0,0
3448125,141.220332,152.6531111,0,85.81662604,0,0
3127639,0,0,100.7246732,135.5653948,73.16612947,0
2946555,0,0,46.2789039,77.11059151,0,139.9522089
1912599,0,0,73.50178854,49.74876872,0,0
1805714,0,0,35.38975004,19.89950749,0,38.87561359
1285192,0,0,0,37.31157654,0,0
2732591,0,0,0,0,0,36.28390601
3073561,0,0,0,21.14322671,0,0
139021,273.0259751,103.8041155,0,46.01761106,0,0
3067903,0,0,38.1120385,75.86687229,0,41.46732116
35760,207.1231535,91.59186664,68.05721161,55.96736481,0,0
512749,0,0,0,0,0,49.24244388
3015161,0,0,108.8915386,68.40455699,84.71867623,0
1293412,0,0,0,0,38.5084892,46.6507363
3095364,150.6350208,122.1224889,32.66746157,0,0,0
2996826,0,122.1224889,119.7806924,105.7161335,57.76273379,0
3398770,0,0,0,0,0,0
3243004,0,0,0,16.16834983,0,82.93464232
3133325,0,0,54.44576929,133.0779563,0,38.87561359
3028294,0,0,0,0,0,0
29554,0,0,32.66746157,0,0,36.28390601
3410269,0,0,40.83432697,43.53017263,0,0
3377110,0,122.1224889,0,31.09298045,0,0
3066133,0,0,0,0,0,401.7146737
3160606,0,0,247.7282503,85.81662604,0,0
2588299,0,0,0,420.3770957,0,0
140,0,0,0,0,0,88.11805746
2862866,0,0,133.3921348,62.1859609,0,0
310581,0,0,68.05721161,59.69852246,0,0
2815309,0,0,81.66865394,24.87438436,65.46443163,88.11805746
3134807,0,0,54.44576929,69.64827621,57.76273379,75.1595196
2741953,0,0,59.89034622,0,0,0
2987688,0,0,49.00119236,29.84926123,0,0
2903572,0,0,68.05721161,123.1282026,57.76273379,0
136992,141.220332,67.16736887,40.83432697,83.3291876,0,0
400946,0,0,0,0,0,0
3434465,0,0,0,49.74876872,0,0
2975957,0,0,0,85.81662604,0,0
2518994,0,0,0,38.55529576,0,0
3378073,0,0,0,0,0,0
48935,0,0,141.5590002,169.1458136,0,0
215580,0,0,98.00238472,172.8769713,77.01697839,0
1184151,0,0,29.94517311,90.79150291,0,80.34293475
2904790,0,0,87.11323087,77.11059151,65.46443163,0
3078805,141.220332,103.8041155,57.16805776,39.79901497,0,0
2774646,0,0,29.94517311,0,0,67.38439688
716925,0,0,166.0595963,101.9849759,0,36.28390601
2896849,0,97.69799109,59.89034622,95.76637978,0,0
2722756,0,0,62.61263469,44.77389185,0,111.4434256
2242,0,0,0,0,0,0
2183582,0,0,32.66746157,141.7839908,0,0
1889013,0,0,59.89034622,46.01761106,0,57.01756659
2851567,0,0,70.77950008,118.1533257,127.0780143,0
1798224,0,0,114.3361155,148.0025869,65.46443163,0
1808979,0,0,46.2789039,49.74876872,180.9898992,0
2560286,0,0,40.83432697,24.87438436,0,0
3035472,0,0,46.2789039,24.87438436,0,119.2185483
604330,0,0,0,55.96736481,73.16612947,0
3229854,0,0,49.00119236,16.16834983,0,57.01756659
1335757,0,0,32.66746157,93.27894135,0,0
3143936,0,238.1388533,65.33492315,73.37943386,0,0
1871050,0,0,239.5613849,104.4724143,0,0
1896961,0,0,84.3909424,97.010099,77.01697839,38.87561359
1630693,0,0,68.05721161,135.5653948,115.5254676,0
149017,103.5615768,109.91024,32.66746157,0,0,0
321661,0,0,38.1120385,46.01761106,0,0
2746233,160.0497096,164.86536,0,0,0,0
2840456,0,0,76.22407701,54.72364559,0,0
51197,0,103.8041155,0,0,0,121.8102559
1307763,0,0,65.33492315,274.8619472,0,0
3388267,0,0,46.2789039,74.62315308,46.21018704,0
54736,0,0,0,0,0,49.24244388
3003618,0,0,0,0,0,0
3060381,0,0,0,0,0,0
35841,0,0,0,0,0,287.6795405
56812,0,0,73.50178854,27.36182279,0,0
866790,0,213.7143555,0,0,0,0
1690815,0,0,127.9475578,161.6834983,123.2271654,0
417203,112.9762656,0,38.1120385,58.45480324,0,54.42585902
334543,0,0,0,0,0,0
28113,112.9762656,122.1224889,0,19.89950749,0,33.69219844
2843216,0,0,136.1144232,162.9272176,88.56952515,0
2944810,0,0,127.9475578,186.5578827,0,41.46732116
2277,0,0,0,0,0,0
37332,0,0,54.44576929,64.67339933,0,0
3158365,0,0,168.7818848,136.809114,0,0
2703794,0,0,0,0,0,0
3060432,0,0,0,0,0,67.38439688
29442,103.5615768,85.4857422,106.1692501,64.67339933,0,0
431306,0,0,0,0,0,0
163359,0,0,40.83432697,42.28645341,0,150.3190392
2283,0,0,0,0,0,67.38439688
1472416,0,0,0,0,0,0
34071,0,0,106.1692501,97.010099,0,0
3239967,0,0,185.1156156,83.3291876,65.46443163,0
712624,0,0,0,410.4273419,0,0
3140649,0,0,0,55.96736481,0,0
3127640,0,0,114.3361155,104.4724143,84.71867623,0
3240052,0,0,127.9475578,126.8593602,0,0
457921,0,0,98.00238472,82.08546838,123.2271654,0
52226,0,0,43.55661543,57.21108403,0,80.34293475
297,0,61.06124443,0,237.5503706,0,33.69219844
1796,0,0,114.3361155,0,0,295.4546633
3058963,0,0,62.61263469,80.84174917,0,82.93464232
319501,188.2937759,158.7592355,0,23.63066514,0,0
2903774,0,0,0,62.1859609,0,0
65058,0,0,0,0,0,114.0351332
1541170,0,0,111.613827,143.0277101,0,0
65656,0,122.1224889,92.5578078,92.03522213,0,0
424800,0,0,149.7258656,148.0025869,0,38.87561359
1433403,0,0,92.5578078,59.69852246,0,0
53462,0,0,62.61263469,93.27894135,161.7356546,0
3133975,0,0,92.5578078,75.86687229,100.1220719,0
1773,0,0,0,0,0,0
35833,0,0,0,16.16834983,46.21018704,25.91707572
3040509,0,0,127.9475578,136.809114,50.06103596,0
407035,0,0,0,16.16834983,0,82.93464232
1249552,103.5615768,61.06124443,27.22288465,59.69852246,77.01697839,0
2777556,0,0,0,70.89199542,0,0
394964,0,0,0,37.31157654,0,0
301301,0,189.2898577,62.61263469,22.38694592,0,0
3017325,0,103.8041155,193.282481,109.4472912,0,0
2954701,0,0,0,0,0,46.6507363
138336,0,0,0,140.5402716,250.3051798,0
2527775,0,0,0,21.14322671,0,51.83415145
47834,0,0,0,0,0,0
53358,0,0,117.058404,109.4472912,53.91188488,0
1118379,0,0,0,27.36182279,61.61358271,28.5087833
3239948,0,0,57.16805776,75.86687229,0,28.5087833
33938,150.6350208,158.7592355,81.66865394,0,0,0
3032592,0,0,49.00119236,84.57290682,0,0
3423910,103.5615768,67.16736887,103.4469617,106.9598527,0,0
2778058,225.9525311,128.2286133,0,0,0,0
2703788,0,0,29.94517311,41.04273419,0,0
2213202,0,0,0,0,0,80.34293475
3239942,0,103.8041155,89.83551933,105.7161335,53.91188488,0
3093869,0,0,54.44576929,166.6583752,0,0
3141545,0,0,0,0,0,0
373687,0,97.69799109,32.66746157,0,0,0
355243,0,67.16736887,0,60.94224168,0,0
93222,0,0,59.89034622,46.01761106,0,77.75122717
2904120,0,79.37961776,0,13.6809114,0,31.10049087
309868,0,67.16736887,0,0,0,132.1770862
2849641,0,0,0,0,0,0
3018446,0,0,136.1144232,166.6583752,0,0
28202,0,0,0,22.38694592,0,121.8102559
2238,0,0,0,0,0,0
1701758,0,0,171.5041733,101.9849759,50.06103596,0
3133311,0,0,0,110.6910104,0,0
2975719,0,0,0,0,0,0
3230974,0,0,0,22.38694592,0,116.6268408
3385968,0,0,0,24.87438436,0,0
28114,0,0,29.94517311,0,0,0
2118,160.0497096,79.37961776,49.00119236,17.41206905,0,51.83415145
522259,0,0,0,62.1859609,65.46443163,33.69219844
493781,0,0,0,0,0,62.20098174
3230117,0,0,35.38975004,41.04273419,0,44.05902873
2082188,0,0,149.7258656,146.7588677,92.42037407,0
365617,0,0,27.22288465,26.11810358,84.71867623,90.70976504
2903718,0,0,46.2789039,69.64827621,0,28.5087833
3049084,0,0,0,0,0,0
3415141,0,0,43.55661543,141.7839908,38.5084892,0
1532905,0,67.16736887,32.66746157,26.11810358,0,59.60927417
2921550,0,0,0,0,0,145.1356241
1261635,0,67.16736887,35.38975004,0,0,88.11805746
715473,0,0,78.94636547,140.5402716,50.06103596,38.87561359
2886377,0,0,0,0,0,0
2843793,0,0,0,0,0,82.93464232
2994035,0,0,35.38975004,0,0,41.46732116
110319,150.6350208,85.4857422,84.3909424,79.59802995,0,0
3132797,0,0,46.2789039,33.58041888,0,0
3080057,0,0,163.3373079,119.3970449,88.56952515,0
463025,0,0,87.11323087,123.1282026,61.61358271,0
66425,0,0,103.4469617,133.0779563,53.91188488,0
2500532,0,0,171.5041733,124.3719218,0,103.6683029
3448126,0,0,0,60.94224168,38.5084892,46.6507363
3066252,0,0,0,0,0,0
2706126,0,0,0,116.9096065,127.0780143,0
571915,0,0,0,0,0,54.42585902
2772254,0,0,0,0,0,46.6507363
3128980,0,0,81.66865394,55.96736481,0,75.1595196
226910,0,0,89.83551933,48.5050495,0,0
37927,0,0,114.3361155,154.221183,65.46443163,64.79268931
2483798,0,128.2286133,141.5590002,104.4724143,0,0
2807626,0,61.06124443,49.00119236,22.38694592,0,25.91707572
68217,0,0,87.11323087,105.7161335,65.46443163,0
2903673,0,0,130.6698463,121.8844834,0,0
2029986,0,0,0,0,0,0
2995169,0,85.4857422,147.0035771,83.3291876,46.21018704,0
1648404,207.1231535,0,40.83432697,67.16083777,0,0
2025808,0,0,76.22407701,29.84926123,0,0
3384771,0,0,0,87.06034526,53.91188488,46.6507363
29543,0,0,103.4469617,182.826725,0,67.38439688
3231719,0,0,0,0,0,0
3068633,0,0,76.22407701,64.67339933,0,62.20098174
2708082,169.4643984,103.8041155,0,73.37943386,0,0
89093,0,0,0,0,0,62.20098174
1850374,0,0,144.2812886,100.7412567,61.61358271,0
980427,0,0,119.7806924,84.57290682,0,0
2853432,0,0,0,0,0,33.69219844
51362,0,0,0,0,0,0
3062169,0,0,103.4469617,115.6658873,0,0
2801918,0,91.59186664,0,0,0,46.6507363
2025360,0,0,0,0,0,326.5551541
1805478,0,0,0,43.53017263,0,38.87561359
3066279,0,0,0,0,0,126.9936711
2859228,0,0,0,13.6809114,0,46.6507363
1703969,0,0,0,0,0,0
48664,0,0,40.83432697,59.69852246,0,33.69219844
2835787,0,0,51.72348083,65.91711855,0,0
1288121,0,0,0,28.60554201,0,114.0351332
84599,0,0,0,0,0,88.11805746
3144168,0,0,32.66746157,49.74876872,0,0
59505,0,0,0,0,0,0
755175,0,0,0,0,0,0
3458546,0,0,103.4469617,119.3970449,0,0
61635,0,0,0,0,0,0
2799326,0,0,35.38975004,77.11059151,0,0
2779352,0,0,54.44576929,48.5050495,0,0
3066267,0,0,0,0,0,199.5614831
3342097,0,0,89.83551933,36.06785732,0,0
3240053,0,0,54.44576929,69.64827621,0,62.20098174
1691904,0,0,92.5578078,77.11059151,0,0
3350166,0,0,0,65.91711855,0,31.10049087
943830,0,0,130.6698463,85.81662604,0,0
44933,0,0,95.28009626,101.9849759,65.46443163,0
3068632,0,0,103.4469617,90.79150291,73.16612947,0
2993563,0,0,0,0,0,38.87561359
2893469,0,85.4857422,0,39.79901497,0,0
2975982,0,0,125.2252694,49.74876872,0,0
203,131.8056432,140.4408622,27.22288465,14.92463062,0,0
3041439,0,0,0,0,0,0
2921383,0,0,0,0,0,0
2923364,0,0,0,0,0,72.56781203
2953978,0,0,0,0,0,38.87561359
1612150,0,116.0163644,0,0,0,108.851718
1827300,0,0,0,0,0,0
2053832,0,0,0,0,0,0
85683,0,164.86536,27.22288465,14.92463062,0,0
2528642,0,0,98.00238472,59.69852246,0,0
2587861,0,0,111.613827,101.9849759,0,0
68892,0,0,0,93.27894135,46.21018704,38.87561359
2925830,0,0,65.33492315,19.89950749,0,31.10049087
111504,0,0,0,0,0,28.5087833
2566013,207.1231535,0,57.16805776,98.25381822,0,0
1719,0,0,0,0,103.9729208,44.05902873
2675791,0,0,0,0,0,103.6683029
3367525,0,0,0,42.28645341,0,44.05902873
2976810,0,0,0,0,0,93.30147261
2758442,263.6112863,0,0,98.25381822,0,0
1503053,160.0497096,79.37961776,68.05721161,55.96736481,0,0
3160608,0,0,280.3957119,108.203572,0,0
1821621,0,97.69799109,76.22407701,87.06034526,0,44.05902873
3077590,0,0,0,0,0,90.70976504
187137,0,0,29.94517311,69.64827621,57.76273379,0
3409857,0,0,54.44576929,46.01761106,100.1220719,25.91707572
388459,0,0,0,23.63066514,0,0
2715678,0,97.69799109,38.1120385,58.45480324,0,28.5087833
2834819,0,0,0,0,0,0
2975984,0,0,70.77950008,93.27894135,0,33.69219844
2594795,0,0,29.94517311,54.72364559,0,25.91707572
444103,320.0994191,0,0,67.16083777,0,0
2580412,0,0,0,22.38694592,0,38.87561359
2792979,0,0,0,0,150.1831079,0
1682113,0,109.91024,65.33492315,88.30406447,123.2271654,0
43663,0,0,155.1704425,138.0528332,0,0
164452,169.4643984,164.86536,0,0,0,0
3433706,0,0,0,29.84926123,0,0
1434100,0,0,0,0,0,38.87561359
3131927,0,73.27349331,95.28009626,115.6658873,0,0
2714930,0,0,27.22288465,21.14322671,0,0
285578,0,0,98.00238472,100.7412567,103.9729208,38.87561359
2583823,0,0,103.4469617,50.99248794,38.5084892,0
488546,0,97.69799109,38.1120385,21.14322671,0,59.60927417
2760089,0,73.27349331,111.613827,114.4221681,61.61358271,0
2742129,0,238.1388533,87.11323087,59.69852246,0,0
2975623,178.8790872,0,0,98.25381822,0,0
2601668,0,0,27.22288465,0,0,44.05902873
67825,0,0,0,0,0,0
3076039,0,0,0,59.69852246,0,0
2732067,0,61.06124443,138.8367117,155.4649022,0,0
3077335,0,0,166.0595963,69.64827621,73.16612947,0
2766470,0,0,0,0,0,72.56781203
89053,0,0,0,269.8870703,0,0
2843197,0,134.3347377,70.77950008,85.81662604,0,0
1777866,0,0,133.3921348,50.99248794,73.16612947,62.20098174
3015996,0,0,103.4469617,114.4221681,0,0
2975684,0,0,0,79.59802995,0,0
2775909,0,0,0,0,0,0
2697565,169.4643984,122.1224889,0,36.06785732,0,0
3132291,0,0,0,55.96736481,327.3221582,0
3039155,0,0,0,129.3467987,192.542446,0
2903806,0,0,65.33492315,119.3970449,0,0
3031408,0,0,0,0,0,0
1843368,0,0,122.5029809,116.9096065,80.86782731,0
3051119,0,0,62.61263469,39.79901497,0,33.69219844
1446467,0,79.37961776,0,34.8241381,0,25.91707572
131080,0,91.59186664,73.50178854,26.11810358,0,0
341045,0,109.91024,51.72348083,58.45480324,0,0
2606626,0,0,0,19.89950749,0,0
35621,0,0,54.44576929,192.7764788,77.01697839,33.69219844
1337,141.220332,91.59186664,29.94517311,13.6809114,0,41.46732116
2903883,0,0,0,98.25381822,0,0
2921495,0,0,49.00119236,16.16834983,0,46.6507363
1463158,0,0,32.66746157,64.67339933,0,0
2592345,0,0,0,0,0,186.6029452
3022126,122.3909544,0,0,0,0,38.87561359
2903817,0,0,0,92.03522213,0,0
3400627,0,0,0,0,0,0
71999,0,0,76.22407701,115.6658873,150.1831079,0
283811,0,0,84.3909424,77.11059151,0,36.28390601
1084719,188.2937759,170.9714844,0,0,0,0
2690837,112.9762656,79.37961776,38.1120385,50.99248794,69.31528055,0
3454626,0,0,0,0,0,0
3349877,0,0,87.11323087,123.1282026,0,0
1885,0,0,98.00238472,100.7412567,0,80.34293475
1357916,0,0,70.77950008,68.40455699,0,158.0941619
1118202,0,0,35.38975004,16.16834983,0,0
483,0,0,138.8367117,46.01761106,100.1220719,33.69219844
1853130,0,61.06124443,0,50.99248794,0,0
3144843,0,0,38.1120385,87.06034526,200.2441438,0
1888,0,0,125.2252694,175.3644097,57.76273379,0
3231906,0,0,0,0,138.6305611,171.0526998
2903641,0,0,108.8915386,80.84174917,0,0
1125847,0,0,176.9487502,141.7839908,0,0
164451,0,0,0,0,0,85.52634989
2975969,0,0,92.5578078,82.08546838,0,0
69218,0,0,0,39.79901497,61.61358271,67.38439688
2500533,0,0,70.77950008,140.5402716,0,0
3066292,0,335.8368444,0,0,42.35933812,0
2796169,0,0,0,0,0,0
582419,0,0,0,0,0,0
3230991,0,0,0,0,0,0
1916956,0,0,89.83551933,79.59802995,77.01697839,0
149715,0,0,0,0,0,238.4370967
2962065,0,0,87.11323087,37.31157654,165.5865035,0
659352,0,0,117.058404,111.9347296,53.91188488,0
2991051,131.8056432,0,0,34.8241381,0,0
1932662,0,0,0,17.41206905,88.56952515,0
72000,0,0,163.3373079,101.9849759,111.6746187,0
3126698,0,0,49.00119236,38.55529576,0,49.24244388
1813879,0,0,138.8367117,131.8342371,0,0
641148,216.5378423,0,65.33492315,38.55529576,0,0
1345117,0,225.9266044,0,16.16834983,92.42037407,0
2733866,0,0,0,38.55529576,0,0
2921657,0,0,0,0,0,323.9634466
2801029,0,0,51.72348083,92.03522213,0,0
3421106,0,0,141.5590002,106.9598527,57.76273379,0
3026426,0,0,133.3921348,0,0,0
2735870,0,0,0,52.23620715,57.76273379,62.20098174
3141537,0,0,0,53.47992637,0,0
2583243,0,0,0,69.64827621,0,0
708113,0,0,54.44576929,72.13571464,0,0
2483402,0,0,0,0,0,0
2072412,0,0,0,0,0,0
445709,0,79.37961776,65.33492315,64.67339933,0,0
1694,0,0,0,29.84926123,111.6746187,158.0941619
2699430,0,0,49.00119236,67.16083777,0,0
112002,0,0,0,0,0,137.3605013
39664,0,0,0,0,0,44.05902873
2183934,169.4643984,91.59186664,0,39.79901497,0,0
71667,94.14688797,140.4408622,59.89034622,21.14322671,0,25.91707572
3402289,0,0,174.2264617,118.1533257,0,0
1536769,0,0,0,0,0,243.6205118
595468,0,256.4572266,0,0,0,0
712528,0,0,0,19.89950749,0,0
1882831,0,0,106.1692501,176.6081289,0,0
2921631,0,372.473591,0,0,0,0
1656,0,0,0,118.1533257,254.1560287,0
28214,0,0,111.613827,135.5653948,0,0
3133974,0,0,87.11323087,65.91711855,154.0339568,0
1758189,0,0,0,0,0,64.79268931
189426,0,0,0,0,0,67.38439688
2995155,0,0,0,33.58041888,0,0
33907,0,0,141.5590002,131.8342371,53.91188488,0
447471,0,0,57.16805776,128.1030794,0,0
3059856,169.4643984,97.69799109,65.33492315,12.43719218,0,25.91707572
496,0,0,0,75.86687229,69.31528055,0
2894187,0,0,95.28009626,27.36182279,0,38.87561359
1522312,0,0,0,0,0,0
3435229,0,0,0,39.79901497,0,41.46732116
580459,0,0,0,0,0,121.8102559
1637837,0,0,0,0,0,334.3302768
2939437,150.6350208,85.4857422,49.00119236,31.09298045,0,0
2745482,0,0,70.77950008,23.63066514,0,0
2045200,0,0,0,0,0,75.1595196
1114970,0,0,87.11323087,26.11810358,0,0
1184720,0,0,78.94636547,37.31157654,0,0
2268449,0,0,127.9475578,126.8593602,0,0
642780,0,79.37961776,81.66865394,148.0025869,42.35933812,0
3240033,0,0,62.61263469,109.4472912,0,0
315953,0,0,0,0,0,0
66871,0,0,73.50178854,98.25381822,0,0
2682455,0,0,0,17.41206905,0,0
3078263,0,219.8204799,0,0,0,59.60927417
2681861,0,0,0,0,0,31.10049087
39692,0,0,62.61263469,103.2286951,103.9729208,0
3390038,0,0,35.38975004,69.64827621,77.01697839,0
37928,0,0,92.5578078,73.37943386,57.76273379,0
83462,0,67.16736887,46.2789039,64.67339933,88.56952515,0
929,0,0,87.11323087,150.4900254,0,0
3066291,0,91.59186664,40.83432697,24.87438436,0,49.24244388
399497,0,103.8041155,0,75.86687229,53.91188488,0
2921462,0,0,0,0,0,0
1411117,0,0,179.6710387,138.0528332,50.06103596,0
2817398,0,0,0,32.33669967,0,0
169427,0,146.5469866,220.5053656,0,0,0
2682091,0,67.16736887,73.50178854,33.58041888,0,54.42585902
2709400,0,67.16736887,0,0,0,28.5087833
1335613,0,0,0,187.8016019,0,0
1783515,0,0,46.2789039,49.74876872,0,0
2975650,0,0,0,74.62315308,0,0
1513468,112.9762656,67.16736887,0,26.11810358,0,0
370777,0,0,127.9475578,125.615641,0,0
1387557,0,0,0,0,0,46.6507363
3400226,0,0,0,93.27894135,0,41.46732116
69328,0,0,0,0,0,365.4307677
871203,0,0,76.22407701,75.86687229,0,108.851718
2778070,0,0,106.1692501,141.7839908,57.76273379,0
477697,0,0,43.55661543,108.203572,0,0
2909285,0,0,35.38975004,100.7412567,42.35933812,0
2987689,103.5615768,0,51.72348083,52.23620715,0,0
233055,0,0,0,0,0,85.52634989
1855909,0,0,0,21.14322671,319.6204603,0
2584944,0,61.06124443,0,0,0,41.46732116
2777475,0,0,138.8367117,77.11059151,80.86782731,0
3397211,0,0,78.94636547,55.96736481,69.31528055,44.05902873
1839785,0,0,0,0,0,59.60927417
2758037,0,0,46.2789039,23.63066514,0,51.83415145
1906272,0,177.0776088,0,0,0,0
443156,0,0,40.83432697,80.84174917,42.35933812,0
3397245,0,0,46.2789039,80.84174917,0,38.87561359
258505,0,0,87.11323087,50.99248794,0,31.10049087
582680,0,0,68.05721161,48.5050495,246.4543309,0
2681469,0,0,0,0,0,103.6683029
34059,0,0,0,0,0,108.851718
114527,0,0,0,22.38694592,0,126.9936711
2921556,0,0,29.94517311,18.65578827,0,31.10049087
1178482,0,0,68.05721161,58.45480324,0,0
173480,0,0,46.2789039,59.69852246,0,0
3447506,0,0,35.38975004,13.6809114,0,49.24244388
2650926,0,0,89.83551933,139.2965524,0,36.28390601
2865840,0,0,0,0,0,38.87561359
2769485,0,0,29.94517311,0,0,0
3028710,122.3909544,109.91024,38.1120385,41.04273419,0,0
420952,0,0,73.50178854,78.35431073,0,0
1549855,141.220332,116.0163644,68.05721161,36.06785732,0,0
659243,0,109.91024,0,0,0,103.6683029
2975974,0,0,95.28009626,87.06034526,0,165.8692846
330734,0,0,0,21.14322671,0,0
3238634,0,0,127.9475578,175.3644097,57.76273379,0
3052846,0,0,76.22407701,108.203572,100.1220719,44.05902873
441501,216.5378423,0,0,42.28645341,46.21018704,0
2231055,0,0,100.7246732,41.04273419,0,0
3239303,0,116.0163644,0,0,0,77.75122717
2976533,0,0,76.22407701,88.30406447,50.06103596,0
33040,0,97.69799109,0,0,0,0
2966586,0,0,43.55661543,22.38694592,0,51.83415145
2494701,0,0,0,50.99248794,0,0
256839,0,0,40.83432697,28.60554201,0,0
2662397,0,0,0,38.55529576,0,0
1077946,0,0,65.33492315,68.40455699,0,0
376149,0,0,62.61263469,95.76637978,115.5254676,0
639200,0,0,78.94636547,89.54778369,0,0
1517554,0,0,89.83551933,108.203572,0,28.5087833
122358,0,0,114.3361155,152.9774638,69.31528055,0
2714949,0,0,87.11323087,26.11810358,0,41.46732116
3235037,0,116.0163644,57.16805776,0,0,0
35769,141.220332,128.2286133,0,0,0,0
3394235,0,0,40.83432697,18.65578827,0,69.97610446
3111540,0,61.06124443,51.72348083,12.43719218,0,75.1595196
3444112,0,61.06124443,0,27.36182279,0,0
376489,0,91.59186664,65.33492315,104.4724143,0,25.91707572
2768165,0,0,0,0,0,0
93378,0,0,76.22407701,34.8241381,0,101.0765953
321983,0,0,106.1692501,65.91711855,0,38.87561359
112009,0,0,0,13.6809114,0,80.34293475
2675773,0,0,0,0,0,0
1707785,0,0,73.50178854,106.9598527,0,0
2079792,0,0,0,19.89950749,0,0
59277,0,0,0,0,0,46.6507363
485880,0,0,0,136.809114,0,0
2592333,0,0,46.2789039,23.63066514,0,64.79268931
2822137,0,91.59186664,54.44576929,0,0,0
1494960,0,0,0,0,0,46.6507363
660522,0,0,38.1120385,48.5050495,0,207.3366058
254758,0,0,0,16.16834983,0,0
2714923,0,0,0,106.9598527,0,0
552,0,0,70.77950008,23.63066514,0,77.75122717
3118470,0,0,0,0,0,0
1636423,0,0,0,0,0,0
1655277,0,0,49.00119236,19.89950749,0,0
2812658,0,0,106.1692501,177.8518482,0,0
2978473,0,0,54.44576929,85.81662604,61.61358271,0
86174,0,0,136.1144232,220.1383016,0,0
1336806,0,0,54.44576929,31.09298045,0,75.1595196
2975898,0,0,193.282481,113.1784488,0,0
2576930,112.9762656,103.8041155,0,0,0,46.6507363
2903686,0,0,95.28009626,88.30406447,42.35933812,0
1833852,0,0,0,0,0,0
3424133,0,85.4857422,40.83432697,0,0,0
1857215,0,0,0,0,0,33.69219844
3158549,0,0,0,0,0,0
2763006,0,0,122.5029809,121.8844834,69.31528055,0
55583,0,0,0,0,0,85.52634989
2975900,0,0,0,44.77389185,0,0
2576841,0,0,0,0,0,0
1813182,0,0,0,0,0,134.7687938
1823,0,0,62.61263469,95.76637978,50.06103596,25.91707572
298656,122.3909544,79.37961776,40.83432697,17.41206905,0,49.24244388
844,150.6350208,116.0163644,0,0,0,41.46732116
2921393,169.4643984,0,57.16805776,0,0,36.28390601
233100,0,0,0,46.01761106,308.0679136,0
2708110,0,183.1837333,0,0,0,0
318683,112.9762656,0,98.00238472,42.28645341,0,0
82135,0,0,0,0,0,0
478807,0,0,0,0,0,0
2493675,0,0,125.2252694,108.203572,103.9729208,0
75658,0,0,0,0,0,36.28390601
75385,0,0,0,93.27894135,0,0
2780091,0,73.27349331,0,94.52266056,0,121.8102559
2744517,0,0,114.3361155,92.03522213,0,0
3240375,0,0,0,0,234.9017841,0
263819,0,73.27349331,0,0,0,33.69219844
2836161,141.220332,0,0,0,211.7966906,0
261965,103.5615768,79.37961776,0,0,0,114.0351332
2708338,0,0,29.94517311,49.74876872,223.3492373,0
490,0,0,0,144.2714293,84.71867623,0
1732569,0,0,32.66746157,17.41206905,0,95.89318018
67282,160.0497096,79.37961776,40.83432697,72.13571464,0,0
2675788,0,0,0,0,0,0
78587,0,0,81.66865394,77.11059151,0,0
296842,0,0,89.83551933,84.57290682,0,0
2903710,0,0,76.22407701,78.35431073,107.8237698,0
82977,0,0,0,23.63066514,0,80.34293475
2903760,0,85.4857422,136.1144232,85.81662604,0,0
1343899,0,0,35.38975004,38.55529576,0,0
1427356,0,67.16736887,108.8915386,89.54778369,53.91188488,0
2895559,0,0,57.16805776,49.74876872,0,0
3039385,197.7084647,116.0163644,0,37.31157654,0,0
3045156,0,0,0,42.28645341,0,69.97610446
2866573,0,0,40.83432697,39.79901497,69.31528055,0
1582259,103.5615768,0,29.94517311,0,0,0
712710,0,0,0,38.55529576,0,0
2609417,0,61.06124443,27.22288465,0,0,69.97610446
2782674,0,0,0,67.16083777,146.3322589,57.01756659
762833,0,0,0,0,0,106.2600105
2017685,0,109.91024,0,26.11810358,0,62.20098174
2883106,0,0,0,48.5050495,0,93.30147261
2785909,0,0,46.2789039,38.55529576,0,0
120576,0,0,0,0,0,349.8805223
3399573,0,0,204.1716348,145.5151485,0,0
2822844,0,79.37961776,32.66746157,77.11059151,0,0
2613770,0,0,274.9511349,74.62315308,0,0
3349333,94.14688797,0,59.89034622,82.08546838,0,62.20098174
187303,0,0,106.1692501,54.72364559,0,0
1771,0,0,81.66865394,88.30406447,0,0
445710,0,0,59.89034622,103.2286951,0,134.7687938
863,0,0,38.1120385,13.6809114,0,0
364410,0,0,84.3909424,82.08546838,42.35933812,38.87561359
2916633,0,0,0,0,0,0
2894079,0,0,0,41.04273419,308.0679136,0
2840467,0,0,0,0,0,0
2650157,0,0,0,0,0,0
2903640,0,0,62.61263469,97.010099,65.46443163,54.42585902
3022676,0,0,0,120.6407641,0,0
2921427,0,0,348.4529235,0,0,0
42353,0,0,0,21.14322671,0,0
57037,0,0,0,0,0,0
1889,0,0,51.72348083,74.62315308,0,31.10049087
2954093,0,0,0,22.38694592,0,0
2488560,0,0,125.2252694,97.010099,46.21018704,0
2792084,0,0,0,0,0,49.24244388
1882749,0,0,29.94517311,108.203572,0,31.10049087
1573718,0,0,0,26.11810358,304.2170647,0
2811111,0,0,27.22288465,58.45480324,42.35933812,33.69219844
2597660,0,0,49.00119236,55.96736481,0,145.1356241
413712,0,134.3347377,65.33492315,87.06034526,0,0
2917727,0,0,92.5578078,36.06785732,0,88.11805746
1646340,0,0,0,19.89950749,0,54.42585902
2516559,0,0,29.94517311,19.89950749,0,88.11805746
3114296,0,152.6531111,0,0,0,0
2821543,0,0,49.00119236,33.58041888,0,0
116598,0,0,0,0,0,38.87561359
3049047,244.7819087,0,57.16805776,44.77389185,0,0
1891279,0,0,149.7258656,114.4221681,0,0
2047724,0,0,0,28.60554201,0,36.28390601
56689,0,0,239.5613849,106.9598527,0,0
2684468,0,0,152.448154,130.5905179,0,51.83415145
1391653,0,0,49.00119236,141.7839908,0,28.5087833
2918901,0,0,68.05721161,18.65578827,0,126.9936711
2494525,244.7819087,85.4857422,0,0,0,0
880,0,0,0,16.16834983,0,0
3394203,122.3909544,0,40.83432697,57.21108403,65.46443163,0
2937774,0,79.37961776,38.1120385,19.89950749,0,0
3039801,0,0,133.3921348,82.08546838,0,0
2921497,0,0,0,0,0,199.5614831
200450,0,0,95.28009626,65.91711855,0,0
415229,0,0,68.05721161,92.03522213,184.8407481,0
3066286,0,0,0,0,0,64.79268931
3238481,0,0,0,0,0,31.10049087
47671,0,0,0,65.91711855,100.1220719,36.28390601
3144103,0,0,130.6698463,99.49753744,0,0
1630135,0,219.8204799,0,80.84174917,0,0
2820808,0,67.16736887,136.1144232,85.81662604,0,0
191493,0,0,49.00119236,59.69852246,0,33.69219844
442,0,0,92.5578078,38.55529576,0,57.01756659
59930,0,61.06124443,54.44576929,162.9272176,65.46443163,0
413403,0,0,0,22.38694592,0,41.46732116
3047872,0,0,0,0,0,38.87561359
2911514,0,134.3347377,35.38975004,16.16834983,0,75.1595196
2709784,0,0,0,21.14322671,0,59.60927417
3117552,0,0,0,14.92463062,0,57.01756659
915099,0,0,57.16805776,43.53017263,0,0
3418716,0,134.3347377,29.94517311,31.09298045,0,0
416169,0,0,95.28009626,136.809114,57.76273379,36.28390601
2894202,0,0,0,0,0,0
3096218,0,0,49.00119236,0,0,0
2810348,0,0,0,0,0,44.05902873
3156397,0,0,98.00238472,119.3970449,0,93.30147261
657387,0,0,0,46.01761106,0,49.24244388
3133312,0,0,0,0,0,0
2653852,0,0,81.66865394,53.47992637,146.3322589,33.69219844
1886786,0,0,119.7806924,110.6910104,69.31528055,0
2953988,0,341.9429688,0,0,0,0
399736,0,0,46.2789039,93.27894135,130.9288633,0
2814576,141.220332,128.2286133,32.66746157,0,0,0
1827285,0,0,0,0,0,0
2116510,207.1231535,67.16736887,29.94517311,37.31157654,0,0
2839623,0,0,0,26.11810358,0,0
3031126,0,0,100.7246732,77.11059151,0,46.6507363
2718876,0,0,84.3909424,28.60554201,0,0
1295382,0,73.27349331,35.38975004,119.3970449,50.06103596,0
3391429,0,0,0,340.7790657,0,0
321265,0,0,163.3373079,128.1030794,0,49.24244388
2020312,0,0,81.66865394,63.42968012,0,0
146786,0,0,136.1144232,17.41206905,0,0
3036127,0,0,62.61263469,72.13571464,0,0
60847,0,0,35.38975004,22.38694592,0,57.01756659
2933562,0,0,149.7258656,190.2890403,0,0
1294143,0,0,59.89034622,57.21108403,192.542446,0
1652495,150.6350208,103.8041155,0,0,0,0
1922222,0,0,0,42.28645341,0,72.56781203
3144104,0,0,70.77950008,105.7161335,0,62.20098174
1867749,0,0,29.94517311,41.04273419,0,44.05902873
3095607,0,0,68.05721161,34.8241381,0,0
2905690,0,0,76.22407701,170.3895329,0,0
2997339,0,61.06124443,62.61263469,138.0528332,77.01697839,0
2705439,0,140.4408622,0,0,0,85.52634989
2692234,0,0,65.33492315,105.7161335,0,0
1416614,0,0,78.94636547,85.81662604,0,31.10049087
2678260,122.3909544,67.16736887,81.66865394,67.16083777,0,0
93219,0,0,0,50.99248794,0,0
2929795,0,0,40.83432697,80.84174917,53.91188488,44.05902873
1679096,0,0,0,19.89950749,0,0
2653853,0,0,0,82.08546838,0,0
1076124,112.9762656,0,68.05721161,111.9347296,0,0
3058373,0,0,46.2789039,0,169.4373525,0
1969806,0,0,157.8927309,98.25381822,0,0
2975956,0,0,231.3945195,105.7161335,0,0
46158,0,0,103.4469617,108.203572,0,51.83415145
2604047,0,91.59186664,35.38975004,34.8241381,0,54.42585902
1967288,0,0,125.2252694,78.35431073,0,0
3404122,0,0,46.2789039,90.79150291,127.0780143,0
13160,0,0,114.3361155,113.1784488,0,0
2283318,0,0,0,17.41206905,0,0
141390,0,0,78.94636547,133.0779563,0,0
29483,0,0,0,24.87438436,0,38.87561359
638269,0,0,73.50178854,114.4221681,50.06103596,0
2917991,0,0,171.5041733,92.03522213,0,0
1592323,0,109.91024,0,110.6910104,69.31528055,0
69223,0,0,32.66746157,27.36182279,0,75.1595196
3231715,0,0,103.4469617,65.91711855,0,28.5087833
3115648,0,0,62.61263469,115.6658873,53.91188488,0
488730,0,0,62.61263469,68.40455699,0,0
1420889,0,0,38.1120385,49.74876872,0,0
1670,0,85.4857422,57.16805776,42.28645341,0,31.10049087
227,0,122.1224889,0,0,0,64.79268931
1510150,0,0,38.1120385,63.42968012,0,28.5087833
68249,0,0,0,68.40455699,0,0
482957,0,0,73.50178854,80.84174917,103.9729208,0
1245436,0,0,32.66746157,41.04273419,0,0
1922330,0,0,103.4469617,33.58041888,0,0
3394330,0,0,0,0,0,0
1866326,0,0,65.33492315,63.42968012,0,0
247481,0,0,0,0,0,44.05902873
3350165,0,0,111.613827,98.25381822,61.61358271,62.20098174
3342751,0,0,98.00238472,32.33669967,0,0
2837624,0,0,100.7246732,98.25381822,0,0
2796139,0,0,0,50.99248794,0,33.69219844
1827526,0,0,59.89034622,87.06034526,0,88.11805746
1950,0,0,130.6698463,94.52266056,0,0
2599401,122.3909544,0,38.1120385,88.30406447,0,0
67280,0,170.9714844,0,115.6658873,0,0
3039681,0,0,32.66746157,0,0,0
2903642,0,73.27349331,125.2252694,78.35431073,0,0
69968,0,79.37961776,0,0,0,93.30147261
553982,0,0,163.3373079,159.1960599,0,0
1003110,0,0,100.7246732,99.49753744,0,0
3166645,0,0,228.672231,103.2286951,0,0
2565555,0,0,84.3909424,126.8593602,0,0
1392877,0,0,100.7246732,109.4472912,0,0
950,0,122.1224889,0,0,0,31.10049087
2675795,0,0,0,0,0,59.60927417
3024246,0,116.0163644,62.61263469,87.06034526,65.46443163,0
2813777,0,0,0,0,0,290.2712481
2004647,0,0,0,0,0,75.1595196
39647,0,164.86536,0,0,0,119.2185483
1941349,0,0,0,0,0,44.05902873
3002903,0,0,43.55661543,41.04273419,0,44.05902873
2891570,0,0,0,0,0,0
3423954,0,0,0,269.8870703,0,0
3458239,0,122.1224889,54.44576929,110.6910104,0,0
446374,122.3909544,0,40.83432697,19.89950749,0,0
2509455,0,0,40.83432697,60.94224168,207.9458417,0
2126319,0,0,0,0,0,0
2849501,0,0,95.28009626,98.25381822,42.35933812,36.28390601
179637,0,0,0,0,0,0
2420313,0,329.7307199,0,0,0,0
98228,0,170.9714844,0,0,0,59.60927417
1324217,0,0,46.2789039,59.69852246,0,38.87561359
2956833,0,0,329.3969042,0,0,0
712116,0,0,0,87.06034526,188.6915971,0
1921187,0,0,0,0,0,0
252970,0,0,73.50178854,108.203572,0,46.6507363
1134435,0,109.91024,59.89034622,145.5151485,0,0
2901869,0,0,54.44576929,73.37943386,0,165.8692846
198252,0,0,65.33492315,33.58041888,0,72.56781203
2714936,0,0,0,22.38694592,0,0
2842453,0,0,62.61263469,77.11059151,73.16612947,25.91707572
2953750,0,73.27349331,54.44576929,58.45480324,0,0
2885079,0,0,76.22407701,95.76637978,0,0
171286,0,0,29.94517311,0,0,0
108080,103.5615768,103.8041155,0,0,0,0
3374190,0,0,0,0,0,0
107637,0,0,225.9499426,89.54778369,0,0
1605891,0,0,108.8915386,85.81662604,0,0
171285,0,0,0,0,0,31.10049087
627192,0,0,114.3361155,138.0528332,0,0
78448,0,0,0,28.60554201,0,25.91707572
2992244,0,0,0,0,0,0
2861802,0,0,0,0,0,0
2968057,0,0,89.83551933,114.4221681,0,0
2798724,0,0,59.89034622,70.89199542,88.56952515,0
2749961,0,164.86536,40.83432697,18.65578827,0,0
213231,0,0,0,0,0,28.5087833
1148509,0,0,0,37.31157654,0,0
2023772,0,0,40.83432697,38.55529576,57.76273379,0
2763338,0,0,0,0,0,59.60927417
3375356,0,0,62.61263469,0,0,0
692370,0,0,38.1120385,62.1859609,0,41.46732116
2782660,0,0,147.0035771,68.40455699,0,67.38439688
3135257,0,0,46.2789039,59.69852246,0,0
3141459,0,0,0,0,0,326.5551541
2975703,0,0,51.72348083,73.37943386,42.35933812,0
500,0,0,0,38.55529576,0,33.69219844
92402,0,0,0,0,0,31.10049087
2929490,0,0,0,0,0,31.10049087
3066294,0,0,0,0,0,0
105560,0,0,62.61263469,126.8593602,100.1220719,0
3239825,0,0,0,0,0,0
3126689,0,0,127.9475578,67.16083777,0,36.28390601
3381356,0,0,0,0,0,54.42585902
481743,0,225.9266044,0,0,0,0
216465,0,158.7592355,57.16805776,67.16083777,42.35933812,0
3366815,0,0,70.77950008,88.30406447,0,0
2872154,0,0,68.05721161,89.54778369,0,0
3029061,0,0,54.44576929,80.84174917,0,0
2025351,0,0,62.61263469,18.65578827,0,36.28390601
1332264,0,0,54.44576929,54.72364559,0,108.851718
1346,0,0,0,0,0,85.52634989
3059028,0,0,0,103.2286951,0,0
34029,0,0,130.6698463,128.1030794,0,25.91707572
649831,0,0,95.28009626,106.9598527,42.35933812,0
2846100,0,0,0,0,0,0
106412,0,0,70.77950008,111.9347296,80.86782731,0
2911538,0,0,95.28009626,94.52266056,0,28.5087833
1325111,0,0,73.50178854,69.64827621,73.16612947,0
497967,0,0,62.61263469,29.84926123,0,67.38439688
172044,0,0,114.3361155,90.79150291,0,0
3048582,0,0,0,33.58041888,0,0
1915209,0,0,0,0,0,31.10049087
2831000,0,0,43.55661543,28.60554201,0,0
155976,0,67.16736887,65.33492315,111.9347296,53.91188488,0
29419,0,67.16736887,0,0,0,0
2954608,0,0,0,0,0,0
3404055,0,0,89.83551933,79.59802995,0,0
3376061,0,0,0,0,0,0
2056258,0,0,95.28009626,58.45480324,80.86782731,0
1457153,0,97.69799109,32.66746157,0,0,41.46732116
2921386,0,0,0,0,0,0
1220542,0,0,0,0,0,0
2729135,0,0,0,26.11810358,0,69.97610446
795665,0,0,155.1704425,166.6583752,0,0
1922225,0,0,0,72.13571464,0,0
3446116,0,0,0,14.92463062,0,33.69219844
82803,0,0,0,0,0,259.1707572
2950074,0,0,0,0,0,57.01756659
75588,0,0,0,0,0,0
3133330,0,0,78.94636547,73.37943386,0,0
657323,320.0994191,0,0,0,0,0
2971912,0,164.86536,0,0,0,0
3242979,0,0,51.72348083,14.92463062,0,0
401562,0,0,125.2252694,97.010099,0,0
2759707,0,0,160.6150194,119.3970449,0,0
3132743,0,0,125.2252694,93.27894135,0,44.05902873
1914,0,0,108.8915386,60.94224168,0,0
185642,0,0,76.22407701,75.86687229,0,0
1852,0,0,0,34.8241381,0,31.10049087
2026189,0,0,0,0,0,0
3066316,0,0,0,0,0,0
3376685,0,0,0,31.09298045,0,98.48488775
1008152,0,0,92.5578078,16.16834983,0,0
2760705,0,0,54.44576929,92.03522213,42.35933812,31.10049087
55404,0,152.6531111,54.44576929,92.03522213,0,0
172043,0,0,106.1692501,92.03522213,0,0
803,0,0,0,0,0,0
2662361,0,0,65.33492315,105.7161335,0,0
3228789,0,0,92.5578078,225.1131784,0,0
3038546,0,0,196.0047694,100.7412567,0,0
1691903,0,0,0,52.23620715,0,67.38439688
2026624,0,0,106.1692501,108.203572,61.61358271,41.46732116
2899220,0,0,57.16805776,74.62315308,0,0
3049774,0,0,98.00238472,44.77389185,0,33.69219844
3394751,0,0,0,21.14322671,0,0
698828,0,79.37961776,0,37.31157654,200.2441438,0
940615,0,85.4857422,0,21.14322671,115.5254676,0
2819994,0,0,0,0,0,0
3398703,0,0,43.55661543,63.42968012,69.31528055,0
1935379,0,0,73.50178854,64.67339933,0,0
1882918,0,0,57.16805776,22.38694592,0,0
2715163,0,0,0,0,0,119.2185483
3421656,0,0,0,55.96736481,77.01697839,103.6683029
679318,0,0,0,29.84926123,0,36.28390601
1112,0,0,49.00119236,78.35431073,0,0
396015,0,0,0,0,315.7696114,0
43306,0,0,73.50178854,62.1859609,154.0339568,0
3025665,0,0,0,0,154.0339568,31.10049087
342949,0,0,0,0,0,41.46732116
370111,0,0,98.00238472,63.42968012,0,59.60927417
386874,94.14688797,97.69799109,46.2789039,38.55529576,0,0
1576550,0,164.86536,0,17.41206905,42.35933812,0
1912795,131.8056432,85.4857422,27.22288465,13.6809114,0,41.46732116
2479928,94.14688797,67.16736887,0,37.31157654,0,64.79268931
95485,0,0,103.4469617,134.3216755,77.01697839,0
1288495,0,0,106.1692501,179.0955674,0,0
3342386,0,61.06124443,0,64.67339933,0,59.60927417
63,131.8056432,109.91024,0,57.21108403,0,0
77608,0,0,0,0,0,0
2903536,0,0,70.77950008,54.72364559,0,49.24244388
3120158,0,0,59.89034622,72.13571464,0,0
67854,0,0,0,14.92463062,0,0
2305220,0,0,147.0035771,120.6407641,46.21018704,0
2921647,0,0,0,0,0,0
338644,0,0,0,0,0,41.46732116
2975751,0,0,0,64.67339933,0,248.803927
3068990,0,0,81.66865394,82.08546838,0,0
45498,0,0,0,0,0,0
304207,0,0,68.05721161,28.60554201,0,106.2600105
47865,0,0,0,64.67339933,0,0
2338073,0,61.06124443,29.94517311,19.89950749,0,31.10049087
1620385,0,0,92.5578078,85.81662604,65.46443163,0
1551649,0,0,54.44576929,103.2286951,0,0
2975349,0,0,0,312.1735237,0,0
1046043,0,0,0,27.36182279,0,0
2777984,0,152.6531111,0,0,0,90.70976504
3423949,0,67.16736887,59.89034622,44.77389185,0,0
3239955,0,0,0,44.77389185,0,0
43661,0,0,46.2789039,23.63066514,0,44.05902873
66374,0,0,89.83551933,135.5653948,0,0
285557,0,116.0163644,95.28009626,47.26133028,0,0
28152,0,0,0,0,0,36.28390601
1857890,0,0,0,0,0,0
1987921,0,0,0,0,0,67.38439688
2962671,0,0,0,65.91711855,0,46.6507363
182210,0,0,49.00119236,110.6910104,0,0
717785,0,0,152.448154,119.3970449,0,0
2921721,0,0,0,0,0,0
1652028,0,0,0,116.9096065,0,0
3239980,0,0,46.2789039,74.62315308,127.0780143,0
1823759,0,103.8041155,68.05721161,83.3291876,0,0
1838286,0,0,27.22288465,124.3719218,57.76273379,0
2963939,0,0,73.50178854,69.64827621,0,0
2126352,0,0,0,0,0,0
887462,0,0,54.44576929,74.62315308,0,49.24244388
104336,0,0,117.058404,179.0955674,0,0
2791991,0,0,38.1120385,75.86687229,0,0
2576756,0,0,0,0,92.42037407,0
1911175,0,0,38.1120385,98.25381822,0,31.10049087
2785908,0,0,76.22407701,62.1859609,0,0
2171623,0,0,136.1144232,139.2965524,0,0
2820817,0,0,0,0,0,0
1982291,0,0,0,0,200.2441438,0
2049589,131.8056432,85.4857422,0,44.77389185,0,0
81475,0,0,68.05721161,78.35431073,0,0
349096,0,0,0,0,0,31.10049087
2878535,0,0,0,32.33669967,0,0
1179675,0,0,0,0,308.0679136,0
2077101,0,0,29.94517311,23.63066514,0,0
2883246,0,67.16736887,38.1120385,39.79901497,46.21018704,67.38439688
53458,0,0,84.3909424,92.03522213,0,0
2017486,0,0,111.613827,123.1282026,73.16612947,0
194196,0,67.16736887,49.00119236,19.89950749,0,0
2316736,0,0,95.28009626,115.6658873,0,0
3096605,0,0,95.28009626,116.9096065,0,0
2854260,0,0,68.05721161,94.52266056,57.76273379,0
2502979,0,201.5021066,0,105.7161335,0,0
2903878,0,0,49.00119236,73.37943386,0,0
3081199,0,128.2286133,0,21.14322671,0,0
1494466,0,0,51.72348083,80.84174917,0,25.91707572
421628,0,0,57.16805776,119.3970449,0,0
2909283,0,0,57.16805776,49.74876872,0,0
2757,0,0,0,0,0,0
2884876,103.5615768,73.27349331,0,43.53017263,0,54.42585902
3019553,0,0,70.77950008,105.7161335,0,0
2975714,0,0,46.2789039,74.62315308,77.01697839,0
2666100,0,0,54.44576929,41.04273419,0,64.79268931
3383698,0,0,155.1704425,106.9598527,0,0
931537,0,0,49.00119236,55.96736481,0,44.05902873
2810479,0,0,0,0,0,57.01756659
2989684,0,0,98.00238472,123.1282026,65.46443163,0
3031727,0,0,68.05721161,63.42968012,0,0
2735795,0,0,0,67.16083777,0,0
2744574,0,183.1837333,76.22407701,46.01761106,0,0
2787628,0,0,0,0,0,90.70976504
228229,0,0,51.72348083,48.5050495,0,0
2813827,0,0,76.22407701,65.91711855,77.01697839,0
3133316,0,0,65.33492315,105.7161335,0,0
2919598,0,85.4857422,29.94517311,0,0,49.24244388
2726118,0,0,49.00119236,58.45480324,0,0
2054410,0,0,89.83551933,93.27894135,0,0
2976000,0,85.4857422,35.38975004,85.81662604,50.06103596,0
1870820,0,0,0,17.41206905,0,28.5087833
310575,0,0,122.5029809,67.16083777,0,0
171287,0,0,0,0,0,57.01756659
2594474,0,0,0,26.11810358,0,114.0351332
3403460,0,0,119.7806924,78.35431073,53.91188488,0
2650975,0,0,0,17.41206905,0,0
1172565,0,103.8041155,49.00119236,44.77389185,0,0
3239917,0,0,103.4469617,146.7588677,53.91188488,0
3015951,0,0,0,0,0,0
2975723,0,0,92.5578078,64.67339933,0,0
3139392,0,0,0,0,0,119.2185483
1280948,0,0,92.5578078,90.79150291,0,0
3349638,0,91.59186664,76.22407701,99.49753744,0,0
2903716,216.5378423,0,0,48.5050495,0,0
314722,0,0,95.28009626,184.0704443,0,0
2903863,0,0,89.83551933,87.06034526,0,33.69219844
2866628,0,0,0,303.4674892,0,0
68174,0,0,0,303.4674892,0,0
3078812,0,0,0,0,0,51.83415145
582702,0,0,0,84.57290682,38.5084892,0
234831,0,0,0,0,0,303.229786
2929515,0,0,0,0,0,303.229786
3131993,0,0,0,16.16834983,0,0
2763071,131.8056432,73.27349331,0,22.38694592,0,0
103621,0,0,0,26.11810358,0,33.69219844
2763317,0,0,111.613827,101.9849759,0,51.83415145
1295642,0,0,0,0,0,0
2921416,0,0,0,0,0,0
2903824,0,0,54.44576929,57.21108403,0,72.56781203
513223,0,0,117.058404,42.28645341,0,72.56781203
493,0,0,0,0,0,0
2211210,0,0,0,33.58041888,0,31.10049087
37931,0,0,0,0,0,0
3400909,0,0,106.1692501,84.57290682,0,25.91707572
638849,0,0,0,18.65578827,0,38.87561359
2057,0,0,49.00119236,93.27894135,42.35933812,0
47759,0,85.4857422,70.77950008,88.30406447,0,0
2944234,131.8056432,0,68.05721161,48.5050495,0,0
3389070,0,0,0,37.31157654,192.542446,31.10049087
3060806,0,0,0,0,0,0
3132938,150.6350208,0,49.00119236,59.69852246,42.35933812,0
3136564,0,73.27349331,35.38975004,58.45480324,0,0
1660073,0,0,51.72348083,12.43719218,0,82.93464232
2755382,0,0,95.28009626,93.27894135,61.61358271,0
679663,0,0,0,22.38694592,53.91188488,67.38439688
2025349,0,0,40.83432697,78.35431073,0,44.05902873
2746,0,0,114.3361155,97.010099,0,0
673860,0,0,65.33492315,27.36182279,0,0
292913,0,0,62.61263469,136.809114,0,0
1222016,0,0,0,0,0,46.6507363
1141657,0,0,0,78.35431073,0,0
65741,0,0,0,135.5653948,103.9729208,0
946334,0,0,98.00238472,138.0528332,0,0
1608628,0,0,54.44576929,49.74876872,92.42037407,77.75122717
2961893,0,0,73.50178854,150.4900254,0,0
271065,0,0,0,28.60554201,0,28.5087833
2903890,0,0,68.05721161,60.94224168,0,171.0526998
2976680,0,0,119.7806924,60.94224168,84.71867623,25.91707572
3078265,0,0,108.8915386,120.6407641,0,0
2733904,122.3909544,177.0776088,0,0,0,0
119542,0,0,54.44576929,139.2965524,0,0
3004095,0,299.2000977,0,0,0,0
3142262,0,0,62.61263469,109.4472912,127.0780143,0
2653850,122.3909544,0,73.50178854,103.2286951,0,0
2528019,0,73.27349331,0,26.11810358,53.91188488,0
2781021,0,0,0,50.99248794,0,93.30147261
2830992,0,0,0,22.38694592,0,36.28390601
85874,0,0,0,13.6809114,0,54.42585902
2981789,0,0,0,0,0,0
1005665,0,0,0,0,0,93.30147261
470868,0,0,138.8367117,118.1533257,0,0
2419844,0,0,130.6698463,103.2286951,0,0
2921619,0,0,0,0,0,0
1702221,0,0,0,0,0,51.83415145
34070,0,91.59186664,59.89034622,64.67339933,0,0
93973,0,164.86536,0,0,0,93.30147261
2929514,0,0,0,143.0277101,0,0
2720714,0,0,78.94636547,103.2286951,0,0
3073064,0,158.7592355,38.1120385,100.7412567,0,0
3435412,0,0,46.2789039,36.06785732,0,38.87561359
550984,0,0,0,39.79901497,0,0
1967783,0,0,78.94636547,0,0,67.38439688
2778082,0,0,76.22407701,104.4724143,0,0
1420916,141.220332,0,27.22288465,36.06785732,0,0
3402778,0,0,84.3909424,70.89199542,0,49.24244388
944492,0,0,89.83551933,110.6910104,0,0
555317,0,0,155.1704425,77.11059151,0,0
2762611,0,0,73.50178854,99.49753744,123.2271654,0
61858,0,0,0,16.16834983,0,41.46732116
86183,0,0,65.33492315,165.414656,0,0
2822760,0,0,40.83432697,34.8241381,0,0
2921587,0,0,0,0,0,0
2903578,0,0,84.3909424,87.06034526,61.61358271,0
46165,0,0,65.33492315,194.020198,0,0
1967666,0,0,87.11323087,53.47992637,0,0
3421654,0,0,117.058404,130.5905179,0,0
3060183,0,0,0,0,169.4373525,0
2571148,0,0,76.22407701,43.53017263,0,33.69219844
3428204,0,0,0,0,0,0
2748871,0,0,0,0,0,0
1851505,0,0,38.1120385,109.4472912,69.31528055,0
256325,0,0,0,28.60554201,0,114.0351332
2609668,0,128.2286133,38.1120385,18.65578827,0,0
2879620,0,0,155.1704425,139.2965524,0,0
683846,0,0,0,0,0,28.5087833
35790,0,0,0,0,0,0
656179,0,0,38.1120385,63.42968012,0,46.6507363
3415679,112.9762656,73.27349331,40.83432697,67.16083777,0,0
573600,0,0,0,0,0,0
2983836,0,0,0,0,0,0
33918,0,0,0,130.5905179,0,163.2775771
2942997,0,164.86536,0,0,0,0
2949664,0,0,68.05721161,151.7337446,42.35933812,0
1521117,0,0,108.8915386,119.3970449,65.46443163,0
2613773,0,0,92.5578078,120.6407641,42.35933812,0
2911208,0,0,0,33.58041888,0,0
2831662,0,0,35.38975004,54.72364559,146.3322589,38.87561359
59310,0,0,0,0,0,0
543877,0,0,49.00119236,139.2965524,0,38.87561359
2975700,0,0,40.83432697,73.37943386,0,31.10049087
1667239,0,0,57.16805776,22.38694592,0,49.24244388
3075199,0,0,54.44576929,64.67339933,0,0
2903808,0,0,103.4469617,95.76637978,61.61358271,0
1895,0,0,106.1692501,109.4472912,0,31.10049087
1267766,122.3909544,0,54.44576929,69.64827621,46.21018704,0
3016093,0,0,43.55661543,37.31157654,0,0
2903680,0,0,157.8927309,80.84174917,0,0
2977320,0,0,0,0,0,0
2903879,0,0,59.89034622,72.13571464,103.9729208,0
650378,0,0,0,0,0,51.83415145
129817,0,0,111.613827,64.67339933,65.46443163,0
2776706,0,0,0,0,0,0
1855880,0,0,0,0,0,0
2903682,0,0,51.72348083,68.40455699,0,41.46732116
3073562,0,85.4857422,84.3909424,70.89199542,0,28.5087833
3237298,0,0,0,0,0,0
1470176,0,0,127.9475578,93.27894135,0,0
1776741,0,0,0,0,0,25.91707572
1585697,0,0,149.7258656,87.06034526,0,36.28390601
3240102,0,0,291.2848657,0,0,0
889300,0,0,92.5578078,82.08546838,0,0
1969821,0,0,98.00238472,83.3291876,38.5084892,36.28390601
1778675,0,0,0,140.5402716,150.1831079,0
1813451,0,0,87.11323087,54.72364559,0,0
2770234,0,0,0,0,0,0
3404065,0,0,111.613827,87.06034526,0,0
13076,0,0,0,38.55529576,0,0
2565531,0,0,0,0,0,0
2954532,0,0,103.4469617,141.7839908,0,0
3434353,0,0,0,36.06785732,154.0339568,0
3077923,0,0,0,0,0,0
3234144,0,73.27349331,38.1120385,59.69852246,0,46.6507363
2975720,0,0,49.00119236,69.64827621,0,0
2842348,94.14688797,0,57.16805776,49.74876872,88.56952515,0
2758710,0,0,32.66746157,54.72364559,0,88.11805746
1292359,0,0,0,0,0,0
2860336,0,0,152.448154,116.9096065,0,0
135079,0,0,0,0,0,64.79268931
1725411,0,134.3347377,49.00119236,105.7161335,0,0
1971397,0,0,49.00119236,52.23620715,0,49.24244388
2740464,0,0,70.77950008,89.54778369,65.46443163,0
3094835,0,0,0,0,0,114.0351332
905,0,0,40.83432697,14.92463062,146.3322589,0
1234606,0,0,40.83432697,13.6809114,0,0
67351,0,0,0,0,0,0
29389,0,0,0,0,0,0
2994492,0,91.59186664,0,0,0,101.0765953
1702238,0,0,0,0,0,0
2714932,0,0,0,52.23620715,0,108.851718
2293571,0,0,89.83551933,68.40455699,0,38.87561359
1658665,0,0,43.55661543,57.21108403,0,0
2854261,0,286.9878488,0,0,0,0
2954726,0,286.9878488,0,0,0,0
3048353,0,0,0,0,0,0
2975866,0,0,46.2789039,79.59802995,0,57.01756659
1552990,0,91.59186664,73.50178854,52.23620715,69.31528055,0
81032,0,0,43.55661543,73.37943386,69.31528055,0
3047825,0,0,0,0,0,103.6683029
3230971,0,0,0,16.16834983,0,0
2724469,0,0,0,0,0,0
3237706,0,0,0,0,0,0
1858653,0,0,62.61263469,106.9598527,0,0
1082851,0,0,40.83432697,62.1859609,0,0
2714939,0,0,119.7806924,103.2286951,0,38.87561359
2742132,0,0,92.5578078,49.74876872,73.16612947,0
322509,0,0,144.2812886,141.7839908,0,0
630515,0,0,57.16805776,80.84174917,88.56952515,0
3411354,0,0,70.77950008,49.74876872,0,0
3416606,0,0,65.33492315,69.64827621,0,0
359110,0,0,46.2789039,52.23620715,0,0
2724151,0,0,285.8402888,0,0,0
2743575,0,177.0776088,0,0,0,0
3114394,122.3909544,0,46.2789039,103.2286951,0,0
302406,0,0,0,24.87438436,0,0
2060066,0,0,46.2789039,28.60554201,0,41.46732116
1938606,0,0,0,38.55529576,0,75.1595196
2067958,0,0,68.05721161,0,0,0
3151598,0,0,0,0,0,0
1670830,0,0,78.94636547,131.8342371,50.06103596,0
2014920,0,67.16736887,51.72348083,50.99248794,50.06103596,0
2883107,0,0,0,0,0,165.8692846
3028298,0,0,0,0,0,36.28390601
517398,0,122.1224889,46.2789039,28.60554201,0,0
1076596,0,0,0,18.65578827,0,0
2839983,0,0,87.11323087,124.3719218,0,0
2867233,94.14688797,0,57.16805776,60.94224168,0,0
2916410,0,0,27.22288465,33.58041888,0,204.7448982
3081768,0,0,43.55661543,85.81662604,46.21018704,0
2734103,0,0,0,0,0,0
1446794,0,0,0,67.16083777,0,0
2583231,0,0,125.2252694,94.52266056,0,0
2364787,141.220332,0,0,18.65578827,0,0
3131938,103.5615768,85.4857422,35.38975004,12.43719218,0,0
291990,0,0,0,12.43719218,0,0
1472345,112.9762656,79.37961776,0,0,0,28.5087833
3416710,0,0,0,31.09298045,0,0
2867021,0,0,95.28009626,126.8593602,0,0
1002689,0,0,0,67.16083777,0,0
2588535,0,116.0163644,0,12.43719218,69.31528055,36.28390601
2108399,0,91.59186664,0,0,0,28.5087833
2921385,0,0,0,0,0,0
2027919,0,0,0,0,0,0
3021710,0,0,0,48.5050495,0,0
1274,0,0,51.72348083,93.27894135,123.2271654,0
2587849,0,0,68.05721161,104.4724143,0,0
3256999,0,0,0,52.23620715,0,114.0351332
1296669,0,67.16736887,62.61263469,69.64827621,0,0
2903564,0,67.16736887,73.50178854,74.62315308,57.76273379,0
2823317,0,0,0,0,0,69.97610446
931099,0,146.5469866,0,0,0,0
3077584,0,0,0,83.3291876,0,0
2264,131.8056432,103.8041155,0,0,0,0
3095606,0,0,43.55661543,22.38694592,0,28.5087833
538220,0,0,0,0,0,75.1595196
3082531,0,0,0,0,0,0
40988,0,0,35.38975004,78.35431073,42.35933812,0
418701,0,0,0,39.79901497,0,0
187327,0,0,0,0,0,51.83415145
1608996,0,0,92.5578078,59.69852246,50.06103596,0
1796921,0,0,98.00238472,84.57290682,0,38.87561359
2950872,0,0,0,187.8016019,0,0
1852374,0,0,92.5578078,23.63066514,0,49.24244388
2907159,0,0,57.16805776,43.53017263,61.61358271,0
2810513,178.8790872,0,40.83432697,60.94224168,0,0
2726434,0,0,59.89034622,46.01761106,0,77.75122717
2547399,0,0,43.55661543,100.7412567,0,0
2702,0,0,0,0,0,0
2587851,0,0,122.5029809,157.9523407,0,0
2975672,178.8790872,0,0,36.06785732,65.46443163,0
2942449,0,0,54.44576929,99.49753744,0,28.5087833
1464011,0,0,0,279.836824,0,0
2678261,0,0,0,26.11810358,0,0
485898,0,0,32.66746157,57.21108403,38.5084892,0
2714941,0,0,57.16805776,74.62315308,84.71867623,49.24244388
3049543,0,0,32.66746157,70.89199542,50.06103596,51.83415145
3382192,0,0,89.83551933,93.27894135,96.27122299,0
2739433,0,0,62.61263469,78.35431073,0,98.48488775
2978392,0,0,62.61263469,79.59802995,0,0
187491,0,0,0,23.63066514,0,0
945844,0,73.27349331,59.89034622,69.64827621,0,0
3238798,0,0,92.5578078,130.5905179,0,0
3058394,0,0,89.83551933,24.87438436,0,25.91707572
2903643,0,0,78.94636547,93.27894135,0,0
3133285,0,0,190.5601925,88.30406447,0,0
2004644,0,0,0,0,0,77.75122717
1819725,0,0,0,0,0,0
3233335,0,0,0,0,92.42037407,62.20098174
2575923,0,0,0,124.3719218,154.0339568,0
2698684,0,73.27349331,54.44576929,85.81662604,0,64.79268931
54297,0,0,187.8379041,0,0,0
1849967,0,0,62.61263469,116.9096065,0,0
699041,0,0,0,12.43719218,0,0
1670831,0,0,147.0035771,130.5905179,0,0
1792846,0,0,111.613827,93.27894135,38.5084892,0
475662,0,0,78.94636547,131.8342371,0,0
2678259,0,0,0,38.55529576,0,0
2937800,0,0,65.33492315,41.04273419,0,0
35768,0,0,0,0,0,41.46732116
1432056,0,134.3347377,0,0,0,0
47878,0,0,0,70.89199542,0,67.38439688
2921379,0,0,0,0,0,0
1854057,0,0,103.4469617,67.16083777,0,0
2587844,0,0,147.0035771,129.3467987,0,0
1216297,0,0,0,0,0,108.851718
1690220,0,0,57.16805776,101.9849759,46.21018704,49.24244388
50339,103.5615768,0,0,0,0,59.60927417
2509457,0,85.4857422,87.11323087,103.2286951,0,0
2567934,0,0,38.1120385,65.91711855,0,0
68278,0,0,89.83551933,38.55529576,0,0
1429914,0,0,0,32.33669967,0,108.851718
2058133,0,0,0,0,0,0
2675772,0,0,0,0,0,98.48488775
1938607,0,0,125.2252694,124.3719218,0,0
3236805,0,103.8041155,49.00119236,54.72364559,0,0
129958,0,0,0,18.65578827,0,51.83415145
618,0,0,0,18.65578827,0,0
370405,0,0,0,13.6809114,0,0
2714937,0,0,127.9475578,131.8342371,0,0
1325564,0,0,0,57.21108403,0,36.28390601
2742602,0,0,0,78.35431073,0,33.69219844
3139329,0,0,187.8379041,87.06034526,0,0
3427229,0,0,0,0,0,0
76862,0,0,117.058404,114.4221681,0,0
134536,0,0,0,31.09298045,0,0
1545835,0,0,0,0,0,0
1704044,0,0,0,42.28645341,0,0
2734193,0,0,0,0,0,51.83415145
2903704,0,0,95.28009626,93.27894135,0,0
391905,0,0,136.1144232,63.42968012,0,0
3040201,94.14688797,97.69799109,0,0,0,0
29468,0,0,49.00119236,54.72364559,0,0
3096079,0,0,0,0,0,103.6683029
1884907,0,0,0,0,0,33.69219844
886343,0,0,54.44576929,43.53017263,0,46.6507363
1756988,0,0,204.1716348,69.64827621,0,0
47879,0,103.8041155,0,46.01761106,0,28.5087833
2026194,0,91.59186664,0,0,0,31.10049087
700274,0,0,49.00119236,93.27894135,0,0
3108822,0,0,78.94636547,93.27894135,53.91188488,0
631362,0,0,40.83432697,104.4724143,0,0
2710756,0,0,62.61263469,74.62315308,0,80.34293475
2493681,0,0,95.28009626,79.59802995,0,67.38439688
2857060,0,0,78.94636547,98.25381822,96.27122299,0
2952527,112.9762656,0,87.11323087,73.37943386,0,0
2985511,0,0,0,23.63066514,0,0
2994495,0,0,0,0,273.4102733,0
1056807,0,0,0,38.55529576,84.71867623,0
1982042,0,0,35.38975004,68.40455699,0,0
83555,0,0,0,0,0,98.48488775
3046383,0,0,106.1692501,28.60554201,0,33.69219844
2867410,0,0,38.1120385,99.49753744,0,0
682798,0,0,27.22288465,59.69852246,0,0
2860237,0,0,114.3361155,88.30406447,0,0
3406419,0,0,0,0,0,272.1292951
2715735,0,0,0,0,0,33.69219844
2999067,0,109.91024,46.2789039,37.31157654,0,0
1911,0,0,81.66865394,190.2890403,0,0
312285,0,0,0,0,0,0
75294,0,79.37961776,70.77950008,50.99248794,0,0
36822,0,0,157.8927309,85.81662604,0,0
2560058,0,0,141.5590002,0,0,0
3417741,0,0,119.7806924,85.81662604,0,0
241368,0,0,89.83551933,50.99248794,0,36.28390601
2736649,0,0,54.44576929,46.01761106,53.91188488,0
3056733,0,79.37961776,68.05721161,101.9849759,0,0
3050126,0,0,0,53.47992637,0,0
35701,0,85.4857422,0,16.16834983,0,0
3158972,0,0,87.11323087,106.9598527,0,0
525917,0,0,46.2789039,27.36182279,0,0
39691,0,0,78.94636547,69.64827621,0,0
2995166,0,0,133.3921348,72.13571464,0,0
754429,0,85.4857422,0,83.3291876,0,0
3073271,0,0,35.38975004,0,0,0
3089814,0,0,68.05721161,80.84174917,0,25.91707572
40318,0,91.59186664,40.83432697,73.37943386,0,0
1763828,0,0,106.1692501,103.2286951,0,0
2280,0,0,0,0,0,33.69219844
2774190,0,0,62.61263469,69.64827621,0,0
2923375,0,0,0,0,0,0
29288,94.14688797,91.59186664,0,47.26133028,0,0
142649,0,0,27.22288465,0,0,72.56781203
1505596,0,0,0,0,0,59.60927417
3058419,0,79.37961776,57.16805776,74.62315308,57.76273379,0
2820002,0,0,0,0,0,0
3060313,0,0,0,0,0,0
3036128,0,0,103.4469617,165.414656,0,0
1544730,0,0,100.7246732,70.89199542,0,0
1643322,0,0,98.00238472,116.9096065,53.91188488,0
1436133,0,0,84.3909424,90.79150291,0,0
1198456,0,0,106.1692501,70.89199542,0,0
2057791,0,268.6694755,0,0,0,0
3452799,0,0,51.72348083,88.30406447,0,0
1849580,0,0,40.83432697,60.94224168,0,44.05902873
53409,0,0,0,0,0,0
48221,0,0,0,0,0,0
1679444,0,0,0,74.62315308,0,54.42585902
2903651,0,0,59.89034622,87.06034526,0,0
2978974,0,0,78.94636547,78.35431073,84.71867623,0
337191,0,0,0,64.67339933,0,0
1385715,0,0,27.22288465,37.31157654,0,44.05902873
3432289,150.6350208,73.27349331,0,0,0,0
116759,122.3909544,103.8041155,0,0,0,41.46732116
84405,0,0,0,0,0,59.60927417
345370,0,0,84.3909424,55.96736481,0,126.9936711
3402868,0,0,0,101.9849759,103.9729208,0
446860,0,0,73.50178854,131.8342371,61.61358271,0
33914,0,0,76.22407701,115.6658873,0,33.69219844
2591109,0,0,92.5578078,128.1030794,46.21018704,0
348043,0,0,35.38975004,59.69852246,61.61358271,0
3403457,0,79.37961776,59.89034622,80.84174917,0,0
2674997,0,0,78.94636547,63.42968012,0,28.5087833
3035514,0,0,0,0,0,111.4434256
1286180,0,0,59.89034622,79.59802995,77.01697839,0
2676077,0,0,147.0035771,119.3970449,0,0
237612,0,0,0,0,0,0
2764186,0,0,46.2789039,88.30406447,0,0
546871,0,0,87.11323087,98.25381822,80.86782731,0
3061286,0,0,0,0,0,0
2966552,0,0,0,0,0,72.56781203
2654218,0,0,0,31.09298045,0,0
3062783,0,0,0,16.16834983,0,33.69219844
381829,122.3909544,91.59186664,0,0,0,36.28390601
1416806,0,0,76.22407701,90.79150291,0,0
3051092,0,73.27349331,62.61263469,88.30406447,0,0
307486,0,0,51.72348083,104.4724143,96.27122299,0
3389872,0,0,0,97.010099,0,168.4609922
2709403,94.14688797,170.9714844,0,0,0,0
33865,0,134.3347377,0,0,0,0
1620215,0,0,73.50178854,130.5905179,0,0
3435000,0,0,0,57.21108403,0,0
521720,0,0,117.058404,97.010099,0,0
1903186,0,0,57.16805776,72.13571464,53.91188488,51.83415145
43771,0,0,0,99.49753744,84.71867623,0
491950,0,128.2286133,0,24.87438436,0,31.10049087
2654248,0,0,127.9475578,74.62315308,61.61358271,0
3456954,0,0,62.61263469,65.91711855,0,0
180400,0,0,59.89034622,53.47992637,0,0
2975809,0,0,76.22407701,118.1533257,0,41.46732116
1141883,0,0,76.22407701,97.010099,57.76273379,0
1404799,0,0,155.1704425,108.203572,0,0
2998080,0,0,84.3909424,103.2286951,0,0
1664560,0,0,35.38975004,67.16083777,69.31528055,0
712633,0,79.37961776,49.00119236,92.03522213,0,0
362257,0,0,51.72348083,84.57290682,0,33.69219844
39689,0,0,38.1120385,52.23620715,69.31528055,0
2493678,0,0,98.00238472,90.79150291,0,41.46732116
3457357,0,0,46.2789039,31.09298045,0,0
2806442,0,0,0,63.42968012,0,0
68192,197.7084647,0,0,64.67339933,0,0
1376,0,0,0,0,130.9288633,0
3069105,0,0,95.28009626,72.13571464,0,0
1821625,0,0,152.448154,109.4472912,0,0
3064349,0,0,57.16805776,47.26133028,0,0
3239931,0,0,130.6698463,114.4221681,0,0
2482769,0,0,0,0,0,0
1016987,0,0,89.83551933,68.40455699,0,25.91707572
3341793,0,0,0,0,0,0
2939413,0,0,0,0,0,69.97610446
1045317,0,0,59.89034622,42.28645341,0,25.91707572
1076550,0,0,32.66746157,29.84926123,0,62.20098174
665007,0,0,54.44576929,73.37943386,0,0
3069708,0,0,0,72.13571464,188.6915971,0
92404,0,0,0,0,0,0
166935,0,0,0,0,0,44.05902873
2811227,0,0,65.33492315,93.27894135,0,0
3430558,0,0,0,0,0,0
712122,0,0,0,167.9020944,73.16612947,0
1653478,0,0,0,59.69852246,0,0
3344655,0,122.1224889,38.1120385,55.96736481,0,0
3110539,0,0,38.1120385,26.11810358,0,25.91707572
2991715,0,0,32.66746157,28.60554201,0,0
1944,0,134.3347377,51.72348083,73.37943386,0,0
3003483,0,0,0,13.6809114,0,0
3073268,0,0,0,73.37943386,0,0
2975987,0,0,68.05721161,60.94224168,100.1220719,0
3016103,0,0,127.9475578,64.67339933,0,0
338188,0,0,0,0,0,0
2840180,0,0,0,0,0,69.97610446
649841,0,0,27.22288465,34.8241381,0,0
3040605,0,0,65.33492315,63.42968012,0,0
3388492,0,0,0,22.38694592,0,0
2733867,0,0,38.1120385,49.74876872,0,31.10049087
870,0,0,0,0,0,62.20098174
2903574,0,0,87.11323087,111.9347296,0,0
3040935,0,0,73.50178854,68.40455699,0,38.87561359
28091,0,0,92.5578078,27.36182279,42.35933812,0
607711,0,0,0,0,0,0
278153,0,0,231.3945195,0,0,0
28047,0,0,84.3909424,79.59802995,38.5084892,0
1470200,0,0,0,0,0,0
955,0,0,0,0,0,75.1595196
3047737,0,0,0,0,0,41.46732116
100225,0,0,0,27.36182279,0,0
2011015,0,0,0,32.33669967,0,59.60927417
1936990,0,0,32.66746157,21.14322671,0,0
3120520,0,0,117.058404,138.0528332,0,0
2949637,0,0,38.1120385,89.54778369,0,31.10049087
357233,0,0,0,28.60554201,0,36.28390601
1562974,0,0,65.33492315,33.58041888,0,38.87561359
3062779,0,0,68.05721161,85.81662604,0,33.69219844
3453405,0,0,51.72348083,90.79150291,77.01697839,0
1806891,0,109.91024,29.94517311,0,0,51.83415145
3133329,0,0,70.77950008,59.69852246,0,0
2714938,0,79.37961776,76.22407701,79.59802995,0,0
2831895,0,0,0,0,0,0
3240934,0,0,54.44576929,49.74876872,130.9288633,0
416273,0,128.2286133,49.00119236,24.87438436,0,0
3400272,94.14688797,61.06124443,54.44576929,43.53017263,0,0
80852,0,0,0,0,0,0
511746,0,97.69799109,0,0,0,28.5087833
2493673,0,0,136.1144232,88.30406447,0,0
1607,0,0,0,0,0,0
3110231,0,0,59.89034622,97.010099,46.21018704,0
575200,0,0,29.94517311,38.55529576,0,0
1803865,0,0,0,0,0,28.5087833
2975896,0,0,0,138.0528332,0,0
86173,0,61.06124443,40.83432697,78.35431073,0,0
3042152,0,0,108.8915386,48.5050495,0,0
301585,0,0,54.44576929,16.16834983,0,25.91707572
2006110,0,73.27349331,49.00119236,75.86687229,0,0
2059672,0,0,136.1144232,60.94224168,0,54.42585902
2806553,0,0,0,28.60554201,0,0
2724527,0,0,59.89034622,110.6910104,53.91188488,0
3101273,0,0,43.55661543,79.59802995,46.21018704,0
3395918,0,0,0,251.231282,0,0
3424769,0,0,87.11323087,87.06034526,77.01697839,0
2742603,0,0,59.89034622,83.3291876,107.8237698,0
2497989,0,91.59186664,0,18.65578827,0,0
2903652,0,0,117.058404,78.35431073,0,0
1415657,0,0,0,0,0,0
2980557,0,0,0,36.06785732,0,67.38439688
1389020,0,0,0,42.28645341,0,0
1930622,0,0,0,177.8518482,0,72.56781203
2819979,0,0,89.83551933,83.3291876,61.61358271,0
1565,0,0,0,0,0,31.10049087
3391424,0,0,119.7806924,57.21108403,73.16612947,0
2898276,0,0,0,69.64827621,0,0
2584940,0,0,0,33.58041888,0,0
1192162,94.14688797,0,59.89034622,70.89199542,0,0
65700,0,103.8041155,35.38975004,0,0,41.46732116
1578165,0,0,38.1120385,28.60554201,0,0
3024400,0,0,87.11323087,125.615641,0,0
1871025,0,0,111.613827,44.77389185,0,0
3081984,0,0,130.6698463,118.1533257,0,0
767452,0,0,49.00119236,64.67339933,96.27122299,38.87561359
623,0,0,0,0,0,248.803927
2954025,0,0,0,0,0,248.803927
3028374,0,0,0,0,0,248.803927
2138101,0,0,0,16.16834983,0,33.69219844
1967782,0,0,0,0,0,75.1595196
370324,150.6350208,0,0,17.41206905,0,0
299146,0,0,100.7246732,103.2286951,0,0
3133089,0,0,119.7806924,110.6910104,0,0
3137398,0,0,0,0,0,93.30147261
220927,0,0,98.00238472,70.89199542,0,0
553510,0,0,46.2789039,63.42968012,0,0
2293567,0,0,84.3909424,80.84174917,0,0
428712,0,0,0,0,0,93.30147261
2126346,0,0,106.1692501,94.52266056,0,46.6507363
2954012,0,0,0,0,0,0
1266771,0,97.69799109,89.83551933,59.69852246,0,0
2885078,0,0,166.0595963,39.79901497,0,0
2034769,0,0,0,0,69.31528055,0
152500,0,0,29.94517311,65.91711855,0,38.87561359
3404048,0,0,40.83432697,75.86687229,84.71867623,0
3238807,0,0,38.1120385,67.16083777,0,0
2487887,0,0,35.38975004,41.04273419,0,0
2758572,0,0,0,17.41206905,0,0
3023518,0,0,0,43.53017263,0,0
2963406,0,91.59186664,43.55661543,60.94224168,0,0
1526572,0,0,87.11323087,77.11059151,0,0
3230989,0,0,0,0,0,0
3389970,0,0,122.5029809,123.1282026,0,0
2942909,0,103.8041155,57.16805776,84.57290682,0,0
1641402,0,0,92.5578078,152.9774638,0,0
85693,0,0,46.2789039,60.94224168,57.76273379,62.20098174
2872646,0,73.27349331,40.83432697,80.84174917,0,38.87561359
3075837,0,0,57.16805776,46.01761106,73.16612947,0
3445771,0,0,103.4469617,88.30406447,0,0
2978127,0,0,0,26.11810358,0,25.91707572
3076764,0,0,76.22407701,92.03522213,0,57.01756659
1924941,0,0,65.33492315,79.59802995,0,0
2016596,0,0,89.83551933,143.0277101,0,0
2879149,0,207.6082311,0,0,0,0
2729725,0,0,0,42.28645341,57.76273379,0
2962064,0,0,49.00119236,48.5050495,0,51.83415145
769,0,134.3347377,81.66865394,27.36182279,0,0
3239891,0,0,62.61263469,144.2714293,0,36.28390601
2994951,0,0,0,27.36182279,215.6475395,0
1515595,0,0,0,37.31157654,0,62.20098174
67332,0,0,46.2789039,43.53017263,0,0
2905879,0,0,0,0,0,0
2487928,0,0,0,0,0,0
75659,0,0,29.94517311,57.21108403,0,46.6507363
3114999,0,0,141.5590002,100.7412567,0,0
2547601,0,0,98.00238472,144.2714293,0,0
28094,0,0,59.89034622,63.42968012,46.21018704,33.69219844
2884264,0,97.69799109,51.72348083,65.91711855,0,0
90245,0,79.37961776,0,27.36182279,0,64.79268931
2953881,0,0,43.55661543,26.11810358,103.9729208,0
3405419,0,0,0,68.40455699,0,59.60927417
55510,0,0,0,0,0,0
3459196,0,0,87.11323087,46.01761106,0,0
2903822,0,0,62.61263469,58.45480324,0,0
57497,0,85.4857422,38.1120385,26.11810358,0,0
2705472,0,0,38.1120385,89.54778369,0,0
164393,0,0,0,0,0,49.24244388
454662,0,0,0,0,0,0
212663,0,0,40.83432697,0,0,69.97610446
68909,0,0,38.1120385,32.33669967,46.21018704,0
2850562,0,0,0,0,0,0
2811415,0,85.4857422,46.2789039,84.57290682,0,0
487698,0,0,0,180.3392866,0,0
2989732,0,0,0,240.0378091,0,0
451876,0,0,57.16805776,72.13571464,0,25.91707572
1176646,0,0,0,57.21108403,0,33.69219844
2851959,0,0,117.058404,80.84174917,0,0
2871688,0,0,0,0,0,0
1586233,0,0,0,59.69852246,0,0
3133336,0,0,62.61263469,70.89199542,0,0
2930091,0,0,0,131.8342371,0,0
3384159,0,0,49.00119236,33.58041888,0,0
2964606,0,0,0,0,0,163.2775771
1804990,0,0,111.613827,83.3291876,0,0
1534348,0,67.16736887,81.66865394,48.5050495,0,0
2971264,0,0,0,0,0,0
2109328,0,0,127.9475578,64.67339933,0,0
3060064,0,0,0,0,0,0
1536775,0,0,0,0,0,0
2903663,0,0,0,0,0,0
2675794,0,0,0,0,0,137.3605013
2597769,0,0,38.1120385,60.94224168,0,82.93464232
2078691,0,0,106.1692501,111.9347296,0,0
2382165,0,0,46.2789039,70.89199542,77.01697839,0
402297,0,0,68.05721161,80.84174917,50.06103596,38.87561359
2819978,0,0,114.3361155,73.37943386,50.06103596,0
3409994,0,0,0,0,0,0
3131933,0,0,0,46.01761106,0,0
391613,0,0,0,237.5503706,0,0
2870339,0,146.5469866,0,44.77389185,0,0
2055892,0,0,0,0,0,0
2921677,0,97.69799109,0,16.16834983,61.61358271,0
2657486,0,0,100.7246732,85.81662604,0,0
1069221,0,0,76.22407701,63.42968012,46.21018704,33.69219844
2822847,0,0,0,0,0,0
2587808,169.4643984,0,0,67.16083777,0,0
1472,0,122.1224889,0,0,0,0
3042028,0,0,0,0,0,0
2742135,0,0,84.3909424,120.6407641,0,0
1670455,0,0,0,0,0,139.9522089
3108176,0,0,65.33492315,105.7161335,0,28.5087833
710648,0,0,0,0,0,0
622,0,177.0776088,0,0,0,0
2759954,0,0,70.77950008,53.47992637,0,0
2912242,0,0,0,22.38694592,0,0
128,0,0,43.55661543,79.59802995,0,41.46732116
136857,0,0,117.058404,59.69852246,0,0
1071679,0,0,100.7246732,134.3216755,0,0
1914461,0,0,0,69.64827621,0,0
3243373,0,0,0,0,234.9017841,0
1545702,0,0,0,0,0,67.38439688
265960,0,0,0,29.84926123,0,0
74329,0,0,89.83551933,34.8241381,0,0
1795032,0,0,0,23.63066514,0,0
63561,0,0,0,38.55529576,0,31.10049087
1173586,0,0,0,28.60554201,0,139.9522089
2903747,0,0,144.2812886,89.54778369,0,0
2590021,0,0,0,0,0,0
3239963,0,0,73.50178854,48.5050495,111.6746187,0
2829499,0,0,0,29.84926123,173.2882014,0
1859,0,0,54.44576929,103.2286951,0,49.24244388
3057122,0,0,40.83432697,104.4724143,61.61358271,0
3056444,0,0,0,0,0,25.91707572
219314,0,0,43.55661543,65.91711855,0,0
2954741,0,0,0,0,0,0
29489,0,0,87.11323087,64.67339933,0,0
2975903,0,0,106.1692501,83.3291876,0,0
2548456,0,0,57.16805776,70.89199542,50.06103596,0
2742137,0,0,84.3909424,121.8844834,0,0
2917724,0,0,87.11323087,145.5151485,0,0
2867264,0,0,0,31.09298045,0,36.28390601
2812647,0,0,0,49.74876872,0,0
666685,0,0,68.05721161,128.1030794,0,0
2483403,0,0,141.5590002,73.37943386,0,0
2563897,0,0,0,32.33669967,0,98.48488775
3394334,0,232.0327288,0,0,0,0
321984,0,0,59.89034622,79.59802995,0,0
563,0,0,0,24.87438436,0,0
3123041,0,0,89.83551933,88.30406447,0,0
3042320,0,0,38.1120385,49.74876872,65.46443163,0
3388843,0,0,0,59.69852246,0,0
882824,0,0,32.66746157,68.40455699,0,0
2051957,0,0,0,14.92463062,0,0
1653839,0,0,0,0,0,0
285562,0,0,0,57.21108403,0,0
271865,0,0,0,34.8241381,0,44.05902873
61592,0,0,0,41.04273419,146.3322589,0
2903769,0,0,46.2789039,85.81662604,42.35933812,38.87561359
2675781,0,0,0,0,0,0
1268041,0,0,40.83432697,49.74876872,0,0
2964610,0,0,0,21.14322671,0,0
1743174,0,0,29.94517311,0,0,38.87561359
3113984,150.6350208,0,0,79.59802995,0,0
2994661,0,0,32.66746157,31.09298045,0,51.83415145
2903589,0,0,0,44.77389185,0,0
3004094,0,0,27.22288465,62.1859609,0,67.38439688
2185142,0,0,62.61263469,44.77389185,0,0
36818,0,0,92.5578078,54.72364559,0,0
2100821,0,0,0,0,196.3932949,0
3057057,0,0,0,0,0,0
3453032,0,0,0,0,0,0
1985176,112.9762656,116.0163644,0,0,0,0
67258,0,0,0,101.9849759,0,126.9936711
2675877,0,0,0,32.33669967,96.27122299,0
2230878,0,0,40.83432697,27.36182279,0,51.83415145
1796620,0,0,89.83551933,27.36182279,0,0
188770,0,0,73.50178854,64.67339933,0,46.6507363
3421955,0,0,111.613827,116.9096065,0,0
34095,0,0,0,0,0,31.10049087
44742,0,0,46.2789039,23.63066514,0,0
251701,0,0,0,0,0,0
3072977,0,0,0,0,0,51.83415145
2020,0,0,73.50178854,93.27894135,0,0
217,0,0,29.94517311,0,0,0
2755400,0,0,0,0,0,0
1907575,0,0,29.94517311,55.96736481,0,33.69219844
3415676,0,0,76.22407701,85.81662604,53.91188488,0
255519,0,0,0,16.16834983,0,0
3060070,0,79.37961776,49.00119236,0,0,0
2932249,0,0,0,47.26133028,0,51.83415145
3446363,0,0,0,68.40455699,157.8848057,0
2796140,0,0,0,0,0,0
3122054,0,0,29.94517311,49.74876872,146.3322589,0
3040076,0,0,76.22407701,113.1784488,0,0
486698,0,0,40.83432697,31.09298045,0,111.4434256
2579791,0,0,111.613827,0,0,0
227605,0,0,106.1692501,88.30406447,0,0
3039157,0,0,0,47.26133028,0,88.11805746
1094,0,0,0,0,0,0
1047172,0,0,0,82.08546838,46.21018704,0
1353889,0,0,76.22407701,136.809114,0,0
2942996,0,0,100.7246732,74.62315308,38.5084892,0
2482763,0,0,111.613827,113.1784488,0,0
873,0,0,40.83432697,55.96736481,0,0
2711156,0,0,95.28009626,129.3467987,0,0
2903960,0,0,62.61263469,84.57290682,0,0
3385497,0,0,27.22288465,14.92463062,0,46.6507363
720,0,0,0,0,0,0
2565926,0,0,27.22288465,0,0,28.5087833
120,0,0,0,54.72364559,0,51.83415145
3453033,0,0,59.89034622,69.64827621,0,0
2967972,0,0,0,0,0,77.75122717
2059264,0,0,49.00119236,0,0,0
2903790,0,0,0,69.64827621,57.76273379,59.60927417
664662,0,0,0,0,0,0
3096006,0,0,114.3361155,47.26133028,0,0
1307761,0,0,40.83432697,23.63066514,0,0
1230341,0,73.27349331,0,14.92463062,0,36.28390601
2026,0,0,0,0,0,98.48488775
2874846,0,0,62.61263469,14.92463062,0,59.60927417
3239979,0,0,89.83551933,101.9849759,0,0
2844242,0,0,0,0,0,0
38322,0,0,122.5029809,0,0,101.0765953
2975964,0,0,111.613827,111.9347296,0,0
2878150,0,0,29.94517311,60.94224168,0,41.46732116
3240036,0,0,59.89034622,80.84174917,0,0
1232428,0,0,0,18.65578827,0,0
2592655,0,0,35.38975004,16.16834983,0,69.97610446
1389223,0,0,0,49.74876872,0,82.93464232
3420932,0,0,43.55661543,75.86687229,0,67.38439688
1102,0,0,0,0,0,38.87561359
2867005,0,0,49.00119236,54.72364559,57.76273379,0
2975642,0,0,68.05721161,95.76637978,46.21018704,0
280,0,0,92.5578078,80.84174917,0,0
63363,0,0,0,0,0,33.69219844
589382,0,0,0,72.13571464,0,0
2341112,0,0,92.5578078,95.76637978,0,0
3373598,0,0,43.55661543,67.16083777,53.91188488,38.87561359
370526,0,0,40.83432697,68.40455699,50.06103596,0
2975940,0,0,70.77950008,79.59802995,0,0
3133697,0,0,155.1704425,67.16083777,0,0
1395951,0,0,57.16805776,65.91711855,0,0
1071080,0,0,0,0,0,178.8278225
1894969,0,0,95.28009626,126.8593602,0,0
2994496,0,0,43.55661543,65.91711855,0,0
3144669,0,85.4857422,62.61263469,44.77389185,0,0
3241166,0,0,0,31.09298045,0,49.24244388
3066239,0,61.06124443,38.1120385,0,0,25.91707572
2903582,0,0,84.3909424,80.84174917,0,0
3366811,0,0,59.89034622,60.94224168,0,0
2714844,0,85.4857422,35.38975004,72.13571464,0,0
2493677,0,0,117.058404,87.06034526,0,0
2654282,0,0,70.77950008,36.06785732,0,64.79268931
3019934,0,0,0,0,0,0
2903649,0,0,78.94636547,68.40455699,0,0
2919917,0,0,108.8915386,64.67339933,0,0
2975985,0,0,73.50178854,44.77389185,69.31528055,33.69219844
2219057,0,0,59.89034622,26.11810358,0,59.60927417
1224749,0,0,0,0,0,75.1595196
214851,0,0,0,0,0,0
415996,0,0,108.8915386,111.9347296,0,0
2975923,0,170.9714844,0,49.74876872,0,0
477976,0,73.27349331,0,0,0,0
2029117,0,67.16736887,43.55661543,79.59802995,0,0
3133279,0,0,0,79.59802995,0,0
3400273,0,0,35.38975004,38.55529576,0,0
1866,0,0,95.28009626,101.9849759,0,0
169292,0,0,54.44576929,47.26133028,0,0
33995,0,0,114.3361155,54.72364559,0,0
3243370,0,0,0,220.1383016,0,0
3404117,0,0,62.61263469,82.08546838,0,0
83265,0,0,0,83.3291876,0,0
2975972,0,0,114.3361155,105.7161335,0,0
29485,0,67.16736887,0,0,0,62.20098174
1652545,0,219.8204799,0,0,0,0
3048622,0,0,0,23.63066514,0,28.5087833
68274,0,0,0,63.42968012,0,0
53522,0,0,65.33492315,62.1859609,0,41.46732116
2986947,0,79.37961776,73.50178854,37.31157654,0,0
400770,0,0,65.33492315,72.13571464,0,0
152260,0,0,59.89034622,54.72364559,61.61358271,0
372663,0,0,119.7806924,99.49753744,0,0
2831894,0,0,0,0,0,41.46732116
2937433,0,0,0,0,0,0
3079556,0,0,0,218.8945824,0,0
2726989,0,0,0,79.59802995,0,57.01756659
2738867,0,0,0,0,0,0
785,0,0,0,0,0,64.79268931
3378087,0,0,35.38975004,37.31157654,0,0
1606,0,0,0,0,0,67.38439688
1027966,0,0,70.77950008,70.89199542,0,0
2949093,0,0,76.22407701,105.7161335,0,0
2057800,0,0,0,29.84926123,0,0
1004901,0,0,78.94636547,78.35431073,0,0
2979324,0,0,0,21.14322671,0,196.9697755
3388313,0,122.1224889,0,60.94224168,0,0
2499144,0,0,95.28009626,64.67339933,57.76273379,0
2508307,0,0,0,217.6508631,0,0
163011,0,73.27349331,0,22.38694592,0,0
568869,0,0,73.50178854,70.89199542,42.35933812,0
1751046,0,0,46.2789039,28.60554201,0,0
1968775,0,0,35.38975004,0,0,33.69219844
2806262,0,0,46.2789039,100.7412567,0,25.91707572
3384452,0,122.1224889,59.89034622,34.8241381,0,0
49118,0,0,0,0,0,25.91707572
3052810,0,0,0,0,0,0
2931976,0,0,0,47.26133028,0,38.87561359
948,0,0,0,0,0,0
2614538,0,0,0,22.38694592,0,46.6507363
2752475,0,0,0,0,0,0
47854,0,0,51.72348083,67.16083777,0,0
2975712,0,85.4857422,62.61263469,58.45480324,0,0
1720083,0,0,0,13.6809114,0,31.10049087
1049,0,0,62.61263469,134.3216755,0,0
108010,0,0,78.94636547,136.809114,0,0
2052484,0,0,0,78.35431073,0,0
2420509,0,0,49.00119236,85.81662604,80.86782731,0
447217,0,0,59.89034622,155.4649022,0,0
2003121,0,0,0,0,0,160.6858695
1400865,0,0,0,23.63066514,42.35933812,0
55208,0,0,0,0,0,0
46677,0,91.59186664,35.38975004,33.58041888,0,0
518,0,0,0,215.1634247,0,0
2714934,0,67.16736887,0,18.65578827,0,36.28390601
2304190,0,0,40.83432697,59.69852246,38.5084892,0
3417757,0,0,51.72348083,13.6809114,0,88.11805746
81479,0,0,40.83432697,19.89950749,103.9729208,0
2498704,0,0,76.22407701,103.2286951,0,0
2789425,0,0,0,49.74876872,127.0780143,0
2683193,0,122.1224889,0,0,0,0
436397,0,0,46.2789039,50.99248794,0,0
1736306,0,0,49.00119236,83.3291876,0,0
3133304,0,0,0,0,0,67.38439688
3177515,0,0,0,101.9849759,0,0
2798804,0,0,43.55661543,59.69852246,0,31.10049087
2917691,0,0,0,21.14322671,0,0
1891094,0,0,68.05721161,33.58041888,0,0
2955235,0,0,0,0,0,0
2871820,0,0,98.00238472,74.62315308,0,41.46732116
2864205,0,0,0,0,0,0
3433152,0,0,0,0,0,67.38439688
2975783,0,0,38.1120385,134.3216755,0,0
3066314,0,0,0,0,0,0
2591145,0,0,98.00238472,115.6658873,0,0
2867014,0,0,0,172.8769713,0,0
3110772,0,0,0,28.60554201,0,0
3064529,0,73.27349331,68.05721161,60.94224168,0,0
2005885,0,0,73.50178854,38.55529576,0,44.05902873
2975991,0,0,46.2789039,59.69852246,96.27122299,0
412963,0,0,32.66746157,46.01761106,0,36.28390601
187880,0,0,59.89034622,0,0,106.2600105
2067960,0,0,92.5578078,120.6407641,0,0
3457761,0,0,149.7258656,63.42968012,0,0
2740185,0,0,38.1120385,83.3291876,0,33.69219844
3240070,0,73.27349331,0,78.35431073,0,44.05902873
2752515,0,0,46.2789039,44.77389185,0,0
2173853,0,67.16736887,0,13.6809114,0,38.87561359
2692125,0,0,0,33.58041888,0,0
2975784,0,73.27349331,0,74.62315308,0,0
3015152,0,0,0,82.08546838,0,0
3426242,0,0,0,0,0,0
87791,0,0,0,0,0,0
3078441,0,0,0,0,0,72.56781203
3239995,0,0,111.613827,80.84174917,0,0
3075430,0,67.16736887,68.05721161,77.11059151,0,0
1331682,0,0,35.38975004,75.86687229,53.91188488,0
2282738,0,0,70.77950008,73.37943386,0,0
256821,0,0,0,38.55529576,0,173.6444074
2903835,0,0,76.22407701,87.06034526,0,0
2758724,0,0,0,36.06785732,0,0
3141462,0,0,0,0,0,0
2716226,0,91.59186664,46.2789039,31.09298045,0,0
2962047,0,0,32.66746157,69.64827621,84.71867623,0
686309,0,0,125.2252694,63.42968012,0,0
77125,0,0,0,0,0,0
2795387,0,0,57.16805776,93.27894135,0,0
3377529,0,0,0,0,0,54.42585902
165096,0,91.59186664,0,0,0,0
2493093,0,0,0,0,123.2271654,0
3026161,0,0,65.33492315,63.42968012,42.35933812,0
117567,0,0,0,70.89199542,96.27122299,0
2668067,0,103.8041155,29.94517311,16.16834983,0,0
2907343,0,0,0,50.99248794,0,0
3410987,0,0,0,58.45480324,0,0
6035,0,0,46.2789039,0,0,33.69219844
322095,0,0,29.94517311,17.41206905,0,46.6507363
136996,0,0,0,54.72364559,103.9729208,0
3015167,0,0,144.2812886,65.91711855,0,0
2973977,0,0,62.61263469,103.2286951,0,0
1842537,0,0,51.72348083,77.11059151,0,0
3020906,0,0,0,0,0,0
3153928,0,0,54.44576929,80.84174917,0,0
2498452,0,0,125.2252694,73.37943386,0,0
3133302,0,0,81.66865394,128.1030794,0,0
1735038,0,0,38.1120385,73.37943386,0,0
2589074,0,0,89.83551933,85.81662604,0,0
1628392,0,0,0,48.5050495,0,31.10049087
2028345,0,0,59.89034622,67.16083777,0,33.69219844
483545,0,0,46.2789039,69.64827621,0,0
2849093,0,0,0,0,0,0
3019889,0,0,0,0,0,116.6268408
2704468,0,0,62.61263469,146.7588677,0,0
3133976,0,0,0,0,0,0
1331258,0,0,89.83551933,65.91711855,0,0
676208,0,0,0,0,0,36.28390601
2842355,0,0,0,32.33669967,0,44.05902873
2982615,0,0,0,0,0,0
2903885,0,0,54.44576929,88.30406447,0,0
2952525,103.5615768,0,35.38975004,31.09298045,0,0
76021,0,0,43.55661543,38.55529576,0,0
2918527,0,0,0,38.55529576,0,0
2864211,0,0,0,0,0,80.34293475
2751170,0,0,40.83432697,33.58041888,65.46443163,0
2996004,0,0,92.5578078,43.53017263,0,72.56781203
2202000,0,0,0,65.91711855,0,124.4019635
1962974,0,79.37961776,40.83432697,88.30406447,0,0
1860122,0,61.06124443,29.94517311,53.47992637,0,38.87561359
3428176,141.220332,67.16736887,0,0,0,0
2762323,0,0,62.61263469,74.62315308,0,0
2576928,0,0,0,0,0,101.0765953
59748,0,61.06124443,54.44576929,29.84926123,0,0
33992,0,0,0,0,0,0
1612435,0,0,51.72348083,62.1859609,0,0
3080983,0,0,103.4469617,104.4724143,0,0
1842532,0,67.16736887,0,29.84926123,0,28.5087833
2587846,0,0,0,207.7011094,0,0
3084920,0,0,35.38975004,59.69852246,0,28.5087833
2820884,0,0,89.83551933,50.99248794,0,0
3342249,0,0,35.38975004,18.65578827,0,0
39688,0,0,29.94517311,73.37943386,53.91188488,28.5087833
2654189,0,0,0,0,0,207.3366058
2898,0,0,35.38975004,28.60554201,0,0
2486855,0,0,0,31.09298045,0,134.7687938
227318,0,0,76.22407701,84.57290682,46.21018704,0
28117,0,0,35.38975004,18.65578827,0,0
3240912,0,0,78.94636547,64.67339933,0,0
1046114,0,0,119.7806924,87.06034526,0,0
546114,0,0,51.72348083,84.57290682,0,25.91707572
3404063,0,0,0,0,0,0
2975702,0,0,57.16805776,82.08546838,0,51.83415145
3120264,0,0,0,0,0,0
2975934,0,0,0,0,0,0
3158143,0,0,59.89034622,42.28645341,73.16612947,31.10049087
2949090,0,0,59.89034622,70.89199542,0,28.5087833
2708079,0,0,0,26.11810358,0,31.10049087
3394234,0,0,0,0,0,0
3229851,0,0,0,36.06785732,0,0
76853,0,0,0,0,0,0
797277,0,0,62.61263469,99.49753744,0,0
1867408,0,109.91024,32.66746157,63.42968012,0,0
2567881,0,79.37961776,54.44576929,72.13571464,0,0
604088,0,0,54.44576929,100.7412567,0,0
2975756,0,0,108.8915386,97.010099,0,0
76731,0,0,40.83432697,57.21108403,42.35933812,31.10049087
3095075,0,0,100.7246732,78.35431073,0,0
46189,0,0,89.83551933,93.27894135,0,0
1911587,0,0,0,0,0,0
2903889,0,0,0,0,0,0
2816956,0,0,95.28009626,93.27894135,0,0
1582356,0,0,59.89034622,69.64827621,0,0
3078264,0,0,0,53.47992637,0,0
2674991,0,0,51.72348083,34.8241381,0,41.46732116
2756133,0,0,0,0,0,204.7448982
1175444,0,0,0,0,0,0
67367,0,0,43.55661543,65.91711855,0,0
3060047,0,0,149.7258656,54.72364559,0,0
329,0,0,0,77.11059151,127.0780143,0
1703340,0,0,136.1144232,57.21108403,0,0
3350175,0,0,81.66865394,73.37943386,0,0
1561005,0,0,0,12.43719218,0,0
1961713,0,0,0,64.67339933,0,0
3003272,0,0,70.77950008,57.21108403,0,0
637971,0,0,0,0,0,0
569860,0,0,70.77950008,63.42968012,0,0
302484,0,0,0,21.14322671,0,36.28390601
2845508,0,0,0,0,0,0
2762325,0,0,57.16805776,72.13571464,0,46.6507363
332657,0,0,49.00119236,34.8241381,88.56952515,0
92947,0,0,46.2789039,105.7161335,0,0
712471,0,0,0,16.16834983,0,41.46732116
1907662,0,0,0,31.09298045,0,0
3034025,0,0,0,13.6809114,0,0
2921437,0,0,0,0,0,0
1249101,0,0,59.89034622,57.21108403,46.21018704,0
2020377,0,0,0,33.58041888,119.3763165,49.24244388
3344656,0,0,57.16805776,55.96736481,0,69.97610446
2811423,0,0,73.50178854,118.1533257,0,0
2766701,0,0,0,0,0,0
284035,0,0,0,0,0,0
3108391,0,0,57.16805776,75.86687229,0,0
190721,0,0,0,98.25381822,0,0
400065,0,0,29.94517311,0,0,28.5087833
1906741,0,0,65.33492315,87.06034526,0,49.24244388
1434191,0,0,87.11323087,63.42968012,0,0
2714944,0,0,59.89034622,55.96736481,0,0
68334,0,0,0,58.45480324,0,142.5439165
3415675,0,0,35.38975004,73.37943386,65.46443163,0
2975752,0,0,62.61263469,44.77389185,0,0
2603206,0,0,81.66865394,59.69852246,38.5084892,0
3131937,0,0,0,0,0,36.28390601
3092262,0,0,0,26.11810358,0,41.46732116
3136632,0,0,49.00119236,151.7337446,0,0
1736226,0,0,84.3909424,0,0,0
203192,0,0,92.5578078,73.37943386,0,0
3064286,0,0,76.22407701,63.42968012,46.21018704,0
119206,0,0,0,0,0,31.10049087
2878152,0,0,0,53.47992637,0,67.38439688
1960,0,0,89.83551933,90.79150291,0,0
396595,0,73.27349331,38.1120385,88.30406447,0,0
2697043,0,0,46.2789039,34.8241381,46.21018704,0
3108543,0,0,49.00119236,93.27894135,0,0
2774933,0,0,0,0,0,0
2587843,0,0,40.83432697,0,0,77.75122717
1223565,0,0,62.61263469,73.37943386,0,0
3414029,0,0,0,0,0,0
3035454,0,0,54.44576929,58.45480324,0,0
3075605,0,0,111.613827,68.40455699,0,0
340320,0,0,46.2789039,89.54778369,0,0
251749,0,0,0,0,0,0
2904523,0,0,46.2789039,47.26133028,0,54.42585902
404385,0,0,0,18.65578827,0,0
69964,0,0,84.3909424,114.4221681,0,0
3385967,0,0,0,72.13571464,0,0
3035275,0,0,198.7270579,0,0,0
3372854,0,0,59.89034622,79.59802995,0,0
3403079,0,0,136.1144232,62.1859609,0,0
1894,0,0,70.77950008,103.2286951,0,0
2968085,0,0,59.89034622,65.91711855,0,0
436515,0,0,73.50178854,99.49753744,0,0
2975728,0,0,62.61263469,62.1859609,0,0
2529381,0,0,81.66865394,59.69852246,0,0
2903665,0,0,68.05721161,63.42968012,0,0
363835,0,0,84.3909424,113.1784488,0,0
948107,0,0,62.61263469,59.69852246,0,54.42585902
2749991,0,0,54.44576929,85.81662604,0,0
2984338,0,0,40.83432697,65.91711855,0,0
2903583,0,0,76.22407701,55.96736481,0,0
3383502,0,0,59.89034622,110.6910104,0,0
93221,0,0,62.61263469,70.89199542,0,0
2814275,0,0,163.3373079,0,0,0
2954560,0,0,0,0,0,0
558541,0,0,0,43.53017263,0,0
3038927,0,0,73.50178854,84.57290682,0,38.87561359
2486273,0,0,89.83551933,106.9598527,0,0
2509614,0,0,62.61263469,57.21108403,57.76273379,0
2744515,0,0,68.05721161,65.91711855,0,0
2080742,0,91.59186664,35.38975004,69.64827621,0,0
3140381,0,85.4857422,0,57.21108403,53.91188488,0
200618,0,0,43.55661543,133.0779563,0,0
2675784,0,0,0,0,0,0
2886936,0,0,0,23.63066514,150.1831079,0
319707,0,0,62.61263469,59.69852246,46.21018704,0
81425,0,0,0,175.3644097,0,0
1527523,0,0,0,0,0,28.5087833
96773,0,0,81.66865394,114.4221681,0,0
2175655,0,0,0,48.5050495,0,0
3238625,0,0,0,85.81662604,0,38.87561359
1689,0,0,46.2789039,23.63066514,0,33.69219844
3153927,0,0,0,13.6809114,0,82.93464232
364197,0,0,87.11323087,83.3291876,0,0
1661,0,0,78.94636547,41.04273419,0,0
3065954,0,0,0,59.69852246,0,0
759620,0,0,117.058404,24.87438436,0,0
2903837,0,0,0,0,0,0
3066282,0,0,0,0,0,0
1795631,0,0,100.7246732,83.3291876,0,0
198107,0,0,73.50178854,104.4724143,0,0
1609758,0,0,62.61263469,79.59802995,0,0
2778550,0,0,49.00119236,36.06785732,0,0
2795687,0,0,0,124.3719218,0,69.97610446
53444,0,0,65.33492315,0,0,38.87561359
2108470,0,0,130.6698463,63.42968012,0,0
684552,0,0,84.3909424,73.37943386,0,36.28390601
2721245,0,0,0,194.020198,0,0
2609256,0,0,0,0,0,0
3139324,0,140.4408622,0,0,0,0
2778078,0,0,0,0,0,0
2953749,0,0,76.22407701,74.62315308,0,0
3429999,0,0,0,0,0,0
2903590,0,0,125.2252694,68.40455699,0,0
2903832,0,0,51.72348083,90.79150291,0,0
92407,0,0,0,0,0,33.69219844
2509458,0,0,0,74.62315308,61.61358271,0
3385496,0,0,35.38975004,53.47992637,92.42037407,0
121292,0,0,65.33492315,0,0,0
33888,0,0,0,34.8241381,0,0
2803858,0,0,78.94636547,93.27894135,0,0
2878153,0,0,32.66746157,52.23620715,0,0
3133308,0,0,0,98.25381822,0,0
2932773,0,0,89.83551933,103.2286951,0,0
2903667,0,0,81.66865394,59.69852246,0,0
3426342,0,0,0,0,0,0
232348,0,0,62.61263469,64.67339933,65.46443163,0
2853257,0,0,0,0,0,0
2775498,0,0,0,0,0,31.10049087
1225769,0,0,35.38975004,60.94224168,0,36.28390601
234612,0,0,0,68.40455699,0,0
399726,0,0,0,0,0,0
67287,0,0,54.44576929,69.64827621,0,49.24244388
3427843,0,0,0,0,0,33.69219844
2867238,0,0,40.83432697,57.21108403,0,28.5087833
3158264,0,0,0,44.77389185,0,46.6507363
3037654,0,0,0,0,0,25.91707572
3081651,0,0,76.22407701,69.64827621,46.21018704,0
2802577,0,0,0,0,0,145.1356241
353800,103.5615768,67.16736887,0,21.14322671,0,0
1708715,0,0,76.22407701,62.1859609,0,0
2991500,94.14688797,97.69799109,0,0,0,0
2741720,0,0,32.66746157,77.11059151,65.46443163,0
640205,0,0,29.94517311,43.53017263,0,0
621374,0,0,38.1120385,77.11059151,0,33.69219844
3394231,0,0,98.00238472,93.27894135,0,0
2847992,0,0,54.44576929,50.99248794,0,46.6507363
36861,0,0,51.72348083,113.1784488,0,0
1853278,0,0,51.72348083,24.87438436,0,75.1595196
257438,0,0,0,22.38694592,80.86782731,36.28390601
28894,0,0,0,77.11059151,53.91188488,49.24244388
2862869,0,0,73.50178854,73.37943386,0,0
2984530,0,0,108.8915386,65.91711855,0,0
1537274,0,0,0,0,0,69.97610446
1871022,0,0,0,0,0,0
2781599,0,0,0,0,0,72.56781203
2903585,0,0,141.5590002,48.5050495,0,0
1166323,0,0,73.50178854,106.9598527,0,0
357240,0,0,0,22.38694592,0,0
65958,0,0,0,0,0,0
3133333,0,0,0,80.84174917,0,0
1678028,0,0,0,0,0,119.2185483
2921652,0,0,0,0,0,0
3098669,0,0,0,38.55529576,0,0
3372850,0,0,57.16805776,95.76637978,0,0
1520670,0,122.1224889,43.55661543,23.63066514,0,0
2732364,0,189.2898577,0,0,0,0
3052209,0,0,0,0,0,25.91707572
1042156,0,0,0,0,0,64.79268931
3404056,0,0,35.38975004,60.94224168,0,0
47312,0,0,35.38975004,78.35431073,57.76273379,0
3273430,0,0,95.28009626,53.47992637,0,0
2213200,0,0,46.2789039,89.54778369,0,28.5087833
2975669,0,0,108.8915386,68.40455699,0,0
3434395,0,0,0,60.94224168,0,0
3401635,0,0,87.11323087,50.99248794,0,0
1226757,0,0,70.77950008,65.91711855,0,0
2203895,0,0,0,0,0,0
39695,0,0,46.2789039,54.72364559,42.35933812,0
494,0,73.27349331,0,12.43719218,0,31.10049087
1881016,0,0,59.89034622,78.35431073,0,0
169184,0,0,187.8379041,0,0,0
2041036,0,0,70.77950008,36.06785732,80.86782731,0
592378,0,0,46.2789039,32.33669967,0,0
2991496,0,0,0,44.77389185,0,0
2572921,0,0,0,17.41206905,0,0
2044467,0,0,0,0,0,0
2614639,0,0,68.05721161,36.06785732,0,0
748811,0,0,40.83432697,70.89199542,0,0
446660,0,0,0,23.63066514,0,44.05902873
2203210,0,0,78.94636547,108.203572,0,0
3142975,0,0,136.1144232,50.99248794,0,0
1460244,0,0,81.66865394,50.99248794,0,54.42585902
2983233,0,0,0,22.38694592,0,0
1508419,0,0,0,0,0,0
317577,0,91.59186664,32.66746157,33.58041888,0,0
3075627,0,0,54.44576929,82.08546838,0,0
80868,0,0,54.44576929,42.28645341,0,0
2275,0,0,0,0,0,31.10049087
1940690,0,0,43.55661543,18.65578827,0,0
71997,0,0,0,0,0,0
138074,0,0,0,24.87438436,0,75.1595196
3108224,0,73.27349331,43.55661543,69.64827621,0,0
2975795,0,0,0,43.53017263,53.91188488,0
3093856,0,0,49.00119236,24.87438436,84.71867623,0
78398,0,0,0,0,0,0
1561023,0,0,57.16805776,53.47992637,0,0
2903900,0,0,95.28009626,90.79150291,0,0
3228804,0,73.27349331,38.1120385,74.62315308,0,0
1903694,0,0,0,16.16834983,0,0
1904944,0,0,0,108.203572,0,77.75122717
2006,0,0,76.22407701,73.37943386,0,0
482462,0,0,68.05721161,79.59802995,0,0
92401,0,0,0,0,0,98.48488775
2509459,0,0,38.1120385,72.13571464,0,0
1836198,0,0,87.11323087,73.37943386,0,0
3103139,0,0,29.94517311,12.43719218,0,0
2203205,0,0,92.5578078,83.3291876,0,0
2072503,0,0,0,185.3141635,0,0
273528,0,0,0,0,0,0
1797,0,0,46.2789039,68.40455699,0,0
186189,0,0,51.72348083,82.08546838,0,0
11,0,0,0,77.11059151,0,0
1200300,0,0,0,0,0,0
1897060,0,0,0,36.06785732,0,0
2735434,0,0,0,33.58041888,127.0780143,0
2919506,0,0,29.94517311,50.99248794,103.9729208,0
3420380,0,0,0,41.04273419,0,0
1917158,0,0,0,0,0,0
3133319,0,0,0,92.03522213,0,0
3104013,0,0,0,0,0,0
1353277,0,0,0,0,184.8407481,0
3401633,0,0,0,28.60554201,0,0
2954742,0,61.06124443,38.1120385,0,0,0
2975699,0,0,0,58.45480324,0,0
3240029,0,0,49.00119236,80.84174917,42.35933812,0
2740817,0,0,0,18.65578827,0,103.6683029
146474,0,0,49.00119236,23.63066514,0,0
2672569,0,0,40.83432697,60.94224168,0,0
2071710,0,73.27349331,0,50.99248794,0,0
2654982,0,0,43.55661543,57.21108403,0,0
3094916,0,0,0,0,0,184.0112376
2587865,0,0,0,23.63066514,0,0
2717324,0,0,40.83432697,99.49753744,0,0
1288636,0,0,0,72.13571464,111.6746187,0
994696,0,0,68.05721161,13.6809114,0,41.46732116
129789,0,0,0,21.14322671,0,0
2866381,0,0,0,27.36182279,0,0
1436290,0,0,29.94517311,23.63066514,0,0
1938605,0,0,92.5578078,54.72364559,0,0
1761891,0,0,0,0,0,0
3377215,0,0,40.83432697,73.37943386,0,0
146939,0,0,106.1692501,77.11059151,0,0
182262,0,0,0,0,0,0
2782655,0,0,0,0,0,0
1273,0,0,0,36.06785732,0,77.75122717
3049086,0,183.1837333,0,0,0,0
3166650,0,183.1837333,0,0,0,0
3391399,0,0,32.66746157,73.37943386,77.01697839,0
2895480,0,0,0,24.87438436,0,0
2903778,0,0,103.4469617,79.59802995,0,0
2954526,0,103.8041155,65.33492315,0,0,0
3230979,0,0,35.38975004,0,0,75.1595196
2909588,0,0,38.1120385,48.5050495,96.27122299,0
142651,0,0,0,0,0,28.5087833
2979862,0,0,0,16.16834983,0,31.10049087
1902408,0,0,81.66865394,59.69852246,0,0
641491,0,0,0,93.27894135,0,0
242606,0,0,62.61263469,92.03522213,0,0
2081042,0,91.59186664,35.38975004,0,0,0
338565,0,79.37961776,0,29.84926123,0,0
3231487,0,0,54.44576929,32.33669967,0,0
1815583,0,0,0,0,0,0
2501295,0,79.37961776,40.83432697,36.06785732,0,25.91707572
2954084,0,0,127.9475578,0,0,0
2961596,0,73.27349331,35.38975004,53.47992637,0,0
2764705,0,0,40.83432697,52.23620715,0,0
3015151,0,0,65.33492315,89.54778369,0,0
3135255,0,0,95.28009626,60.94224168,0,0
3035470,0,0,0,34.8241381,0,0
2734149,0,0,0,0,0,0
3059961,0,0,0,0,0,0
1430326,0,0,40.83432697,19.89950749,50.06103596,0
3140788,0,0,0,59.69852246,0,0
1326,0,79.37961776,0,0,0,0
2751189,0,0,81.66865394,82.08546838,0,0
2880260,0,0,0,26.11810358,0,54.42585902
3239941,0,0,49.00119236,74.62315308,0,0
3056937,0,67.16736887,0,59.69852246,53.91188488,0
3239302,0,0,0,0,0,0
2879114,0,0,103.4469617,77.11059151,0,0
2576917,0,0,46.2789039,26.11810358,0,67.38439688
3430494,0,0,0,0,0,75.1595196
300560,0,85.4857422,0,72.13571464,0,0
1923149,0,0,0,0,0,0
2901142,0,0,0,46.01761106,0,0
1914525,0,0,95.28009626,74.62315308,0,0
1536771,0,0,29.94517311,0,0,49.24244388
2962676,0,0,95.28009626,48.5050495,0,0
323273,0,122.1224889,0,0,0,0
3133314,0,0,108.8915386,54.72364559,0,0
2728851,0,0,70.77950008,62.1859609,0,0
1421430,0,0,62.61263469,47.26133028,0,0
2895818,0,0,38.1120385,65.91711855,50.06103596,25.91707572
342942,0,0,0,0,0,33.69219844
1663209,0,0,0,0,0,0
3060193,0,0,0,0,0,0
2816950,0,0,49.00119236,68.40455699,0,41.46732116
3415223,94.14688797,85.4857422,0,0,0,0
2862331,0,0,68.05721161,73.37943386,0,0
2575361,0,158.7592355,0,0,0,0
2079536,0,0,65.33492315,21.14322671,42.35933812,0
2594007,0,0,0,0,0,0
2953746,0,0,0,16.16834983,0,25.91707572
2931399,0,0,0,0,0,0
2819238,0,0,73.50178854,105.7161335,0,0
2665642,0,0,35.38975004,78.35431073,65.46443163,0
1788,0,0,35.38975004,55.96736481,0,0
2929802,0,0,87.11323087,92.03522213,0,0
1914329,0,0,0,179.0955674,0,0
2774189,0,85.4857422,38.1120385,28.60554201,0,0
3376152,0,0,0,0,0,178.8278225
3141544,0,0,59.89034622,60.94224168,57.76273379,0
3392295,0,0,0,0,115.5254676,0
416213,0,0,29.94517311,21.14322671,0,38.87561359
64471,0,0,62.61263469,0,38.5084892,33.69219844
2801335,0,0,95.28009626,62.1859609,0,0
2935861,0,0,59.89034622,72.13571464,0,0
2925844,0,0,38.1120385,38.55529576,0,0
2938948,0,0,35.38975004,77.11059151,50.06103596,0
2490858,0,0,0,21.14322671,0,36.28390601
2660554,0,0,0,111.9347296,0,0
2883238,0,0,0,0,0,80.34293475
2983220,0,0,0,0,0,0
553981,0,0,27.22288465,0,0,77.75122717
322009,0,0,51.72348083,55.96736481,0,0
2072505,0,0,95.28009626,82.08546838,0,0
2562449,0,0,0,0,0,0
2072414,0,0,108.8915386,68.40455699,0,0
3241168,0,0,0,13.6809114,0,31.10049087
319970,0,0,0,0,0,152.9107468
3122375,0,0,0,32.33669967,0,33.69219844
3238627,0,0,62.61263469,114.4221681,0,0
3419766,0,0,38.1120385,73.37943386,0,0
1327037,0,0,0,0,0,0
206506,0,0,0,65.91711855,0,0
1872084,0,0,0,0,0,33.69219844
3060801,103.5615768,73.27349331,0,0,0,0
218936,0,0,0,70.89199542,0,0
2047767,0,0,0,12.43719218,0,0
2734128,0,0,0,0,0,0
3457764,0,0,78.94636547,80.84174917,0,0
1813880,0,0,38.1120385,52.23620715,0,0
90239,0,0,0,0,0,44.05902873
3133972,0,0,68.05721161,59.69852246,0,38.87561359
2975763,0,0,78.94636547,60.94224168,0,0
3243378,0,0,0,0,0,0
68188,0,0,38.1120385,64.67339933,0,0
2320,0,0,0,0,0,0
1486246,0,97.69799109,0,60.94224168,0,0
2687299,0,0,40.83432697,48.5050495,0,33.69219844
3427737,0,0,0,0,0,82.93464232
2596916,0,0,92.5578078,83.3291876,0,0
2840183,0,0,62.61263469,113.1784488,0,0
2593973,0,0,68.05721161,41.04273419,42.35933812,0
3412035,0,0,0,13.6809114,0,0
458639,0,0,0,0,0,0
2806615,0,122.1224889,0,0,0,0
2944250,0,0,81.66865394,78.35431073,0,0
2843653,0,0,0,0,0,0
3138240,0,0,73.50178854,101.9849759,0,0
2976431,0,0,89.83551933,34.8241381,0,0
2781023,0,0,0,175.3644097,0,0
45362,0,0,0,0,0,0
2993564,0,0,70.77950008,104.4724143,0,0
3110111,0,0,40.83432697,60.94224168,0,0
3395915,0,0,0,0,0,0
530584,0,0,29.94517311,83.3291876,61.61358271,0
2975847,0,0,95.28009626,79.59802995,0,0
1603,0,0,0,0,0,0
2599641,0,0,0,0,0,0
2807631,0,0,0,0,0,124.4019635
117207,0,0,49.00119236,69.64827621,0,0
3016086,0,0,59.89034622,74.62315308,0,0
2761578,0,0,43.55661543,52.23620715,0,49.24244388
1751150,0,0,0,0,0,0
2601646,0,0,0,0,0,0
3118768,0,0,0,0,0,0
3416276,0,0,0,0,0,69.97610446
2995413,0,0,0,17.41206905,0,25.91707572
2048897,0,0,0,174.1206905,0,0
3024245,0,0,0,174.1206905,0,0
2857014,0,0,100.7246732,73.37943386,0,0
2108523,0,85.4857422,32.66746157,27.36182279,0,28.5087833
2774055,0,0,0,0,0,0
73098,0,0,0,0,0,0
2738410,0,0,0,0,0,0
3457578,0,0,0,69.64827621,0,0
665914,0,0,0,28.60554201,0,44.05902873
89065,0,0,27.22288465,46.01761106,0,31.10049087
2601575,0,0,0,0,0,0
3082547,0,0,84.3909424,27.36182279,61.61358271,0
2844071,0,0,0,0,0,0
1577685,0,0,0,0,0,0
2683234,0,0,54.44576929,88.30406447,0,0
1904616,0,0,54.44576929,82.08546838,0,0
2981134,0,0,32.66746157,74.62315308,0,0
1687,0,0,0,0,0,152.9107468
89154,0,134.3347377,0,29.84926123,0,0
2099693,0,0,43.55661543,63.42968012,0,0
2898152,0,0,35.38975004,84.57290682,0,0
1245526,0,0,0,85.81662604,0,0
2973072,0,0,0,22.38694592,0,0
706438,0,0,0,44.77389185,115.5254676,0
1930,0,0,51.72348083,120.6407641,0,0
3243030,0,0,38.1120385,77.11059151,0,0
3038642,0,0,0,64.67339933,0,0
2126321,0,0,0,50.99248794,0,49.24244388
3139142,0,0,32.66746157,49.74876872,0,0
67476,0,0,0,0,57.76273379,0
2815360,0,0,0,125.615641,0,0
3151385,0,0,0,0,0,0
42817,0,0,0,14.92463062,0,51.83415145
2822761,0,0,76.22407701,44.77389185,0,0
3345111,0,0,81.66865394,41.04273419,0,25.91707572
1635171,0,0,40.83432697,65.91711855,0,0
1717,0,0,0,0,0,0
924,0,0,0,55.96736481,0,0
2662028,0,0,51.72348083,75.86687229,0,0
3133309,0,0,0,100.7412567,0,0
2071607,0,0,51.72348083,73.37943386,46.21018704,0
42197,0,0,51.72348083,119.3970449,0,0
2987533,0,0,0,0,0,171.0526998
57480,0,0,59.89034622,49.74876872,0,0
1433415,0,0,51.72348083,73.37943386,0,28.5087833
3031131,0,0,65.33492315,70.89199542,0,0
3344666,0,0,0,0,0,0
3239958,0,0,103.4469617,67.16083777,0,0
938289,0,85.4857422,0,0,0,0
3422227,0,0,40.83432697,63.42968012,0,0
2932247,0,0,51.72348083,92.03522213,0,0
3059038,0,0,0,0,0,51.83415145
2903678,0,0,0,170.3895329,0,0
2559597,0,0,0,18.65578827,0,0
2798799,0,0,0,124.3719218,0,0
3418717,0,0,54.44576929,93.27894135,0,0
320778,0,0,0,57.21108403,0,0
2954611,0,0,0,0,0,0
3436241,0,0,0,0,0,0
3238584,0,0,0,55.96736481,0,0
2070337,0,0,0,36.06785732,0,0
1320552,0,0,0,93.27894135,0,0
1868325,0,0,0,14.92463062,0,0
35814,0,0,0,128.1030794,0,41.46732116
3060418,0,0,0,0,0,0
1598147,0,79.37961776,0,0,0,0
2975689,0,73.27349331,49.00119236,47.26133028,0,0
2875706,0,0,29.94517311,32.33669967,0,0
2943498,0,67.16736887,40.83432697,27.36182279,0,0
2560484,0,0,0,0,0,0
31963,0,0,51.72348083,95.76637978,0,0
1771309,0,0,87.11323087,57.21108403,0,0
126734,0,0,0,0,0,0
2201998,0,0,38.1120385,33.58041888,0,0
379895,0,0,54.44576929,41.04273419,0,0
2508168,0,0,43.55661543,65.91711855,0,0
3052086,0,0,0,24.87438436,0,0
3047864,0,0,0,0,0,0
2773308,0,0,46.2789039,57.21108403,0,0
3092086,0,0,0,0,0,0
2792480,0,0,0,0,0,168.4609922
2681310,0,0,51.72348083,62.1859609,0,44.05902873
2861750,0,0,76.22407701,92.03522213,0,0
55395,0,0,0,82.08546838,0,0
2781024,0,0,0,167.9020944,0,0
110937,0,0,57.16805776,110.6910104,0,0
157783,0,0,49.00119236,65.91711855,0,0
2898795,0,0,0,16.16834983,0,0
3049070,0,67.16736887,0,43.53017263,0,46.6507363
2909249,0,0,0,64.67339933,0,0
627624,0,0,59.89034622,89.54778369,0,0
2949993,0,122.1224889,0,29.84926123,0,0
2742796,0,0,0,52.23620715,0,44.05902873
2780074,0,0,81.66865394,85.81662604,0,0
2070347,0,0,0,98.25381822,0,51.83415145
3032283,0,0,49.00119236,24.87438436,0,0
1712654,0,0,0,0,0,0
3426474,0,0,0,0,0,31.10049087
307249,0,0,0,0,0,0
418702,0,0,62.61263469,104.4724143,0,0
3142976,0,0,76.22407701,90.79150291,0,0
1469144,0,0,70.77950008,85.81662604,0,0
2871095,0,0,84.3909424,46.01761106,0,0
1166130,0,73.27349331,0,0,0,0
2184083,0,0,89.83551933,50.99248794,0,25.91707572
28232,0,0,68.05721161,48.5050495,50.06103596,0
419015,0,0,0,0,0,95.89318018
3431485,0,0,0,0,0,0
3399679,0,0,29.94517311,39.79901497,0,0
2846436,0,73.27349331,29.94517311,0,0,0
3419764,0,0,49.00119236,83.3291876,0,0
2203219,0,0,0,24.87438436,0,72.56781203
2975680,0,0,0,37.31157654,0,0
2161747,0,0,57.16805776,59.69852246,0,0
3153754,0,0,40.83432697,59.69852246,65.46443163,0
3137778,0,116.0163644,0,18.65578827,0,0
926,0,0,40.83432697,63.42968012,61.61358271,0
3077936,0,85.4857422,0,0,0,0
715471,0,0,62.61263469,103.2286951,0,0
58117,0,0,73.50178854,78.35431073,0,0
2774137,0,0,73.50178854,46.01761106,46.21018704,0
1331910,0,0,0,32.33669967,0,80.34293475
3108389,0,0,59.89034622,105.7161335,0,0
1283076,0,0,0,0,0,49.24244388
3034675,0,0,0,39.79901497,0,57.01756659
2419774,0,0,38.1120385,69.64827621,57.76273379,0
387092,0,0,0,0,0,62.20098174
2751177,0,0,0,0,0,0
163202,0,0,0,46.01761106,119.3763165,0
319947,0,0,46.2789039,106.9598527,0,0
3433755,0,0,0,0,0,41.46732116
2493670,0,0,0,105.7161335,0,0
671990,0,0,0,0,0,0
76123,0,0,0,16.16834983,0,38.87561359
2954082,0,0,0,19.89950749,0,0
2597701,0,0,43.55661543,72.13571464,0,31.10049087
3133322,0,0,0,90.79150291,0,0
3002640,0,0,40.83432697,69.64827621,0,0
2975736,0,0,51.72348083,68.40455699,0,0
3149228,0,0,38.1120385,83.3291876,42.35933812,0
2748080,0,0,51.72348083,63.42968012,0,0
69527,0,0,0,26.11810358,0,0
1515612,0,0,78.94636547,84.57290682,0,0
1543852,0,0,0,68.40455699,0,0
676200,0,0,0,21.14322671,0,0
1433513,0,0,62.61263469,100.7412567,0,0
2009266,0,0,29.94517311,44.77389185,0,0
2049881,0,0,32.66746157,60.94224168,53.91188488,0
2903713,0,0,0,0,0,0
215221,0,0,76.22407701,36.06785732,0,0
1643512,0,0,0,0,0,0
2871170,0,0,87.11323087,75.86687229,0,0
862751,0,0,68.05721161,53.47992637,0,0
2079575,0,0,0,0,0,31.10049087
2785124,0,0,0,0,0,0
3050267,0,0,0,0,0,0
42234,0,0,70.77950008,92.03522213,0,0
2974023,0,0,49.00119236,60.94224168,0,0
2294034,0,0,51.72348083,42.28645341,0,0
1765049,0,0,0,54.72364559,107.8237698,0
247333,0,0,81.66865394,80.84174917,0,0
2871694,0,0,0,19.89950749,0,132.1770862
1050174,0,0,0,0,0,38.87561359
3454628,0,0,0,42.28645341,69.31528055,0
3074379,0,0,0,52.23620715,0,0
3075432,0,0,43.55661543,97.010099,0,0
3430368,0,0,0,0,0,0
2886940,0,116.0163644,0,0,0,0
1977088,0,0,62.61263469,99.49753744,0,0
1909290,0,0,59.89034622,62.1859609,0,0
3026192,0,0,0,62.1859609,0,0
2211211,0,0,49.00119236,26.11810358,0,0
2921562,0,0,76.22407701,0,0,85.52634989
1353138,0,0,0,161.6834983,0,0
2496836,0,0,51.72348083,73.37943386,0,0
1812480,0,0,70.77950008,90.79150291,0,0
3160841,0,0,59.89034622,80.84174917,0,0
261654,0,0,84.3909424,77.11059151,0,0
2729175,0,0,40.83432697,58.45480324,0,62.20098174
181486,0,0,0,0,0,31.10049087
1097,0,0,38.1120385,18.65578827,0,0
3350168,0,0,59.89034622,57.21108403,0,0
2483799,0,0,68.05721161,93.27894135,0,0
3388266,0,0,81.66865394,79.59802995,0,0
2099695,0,0,0,60.94224168,100.1220719,0
3098762,0,0,49.00119236,78.35431073,0,33.69219844
68200,0,0,62.61263469,98.25381822,0,0
2590884,0,0,0,0,0,0
110505,0,0,29.94517311,43.53017263,0,51.83415145
3133299,0,0,59.89034622,100.7412567,0,0
2725560,0,0,0,42.28645341,0,0
2560029,0,0,160.6150194,0,0,0
1920114,0,0,0,0,0,0
3034029,0,0,0,0,0,0
3074854,0,0,0,78.35431073,0,59.60927417
46351,0,0,81.66865394,68.40455699,0,0
2886375,0,0,0,0,0,51.83415145
1848580,0,0,0,0,0,0
2602070,0,79.37961776,0,38.55529576,0,0
2059884,0,0,0,50.99248794,0,0
2290923,0,0,46.2789039,84.57290682,0,0
671211,0,0,0,0,0,0
220752,0,0,0,0,0,0
44449,0,0,0,0,0,0
2940488,0,0,59.89034622,57.21108403,0,0
3139409,0,97.69799109,0,17.41206905,0,0
3157631,0,0,0,89.54778369,0,69.97610446
2817969,0,0,0,0,0,0
1810,0,0,29.94517311,49.74876872,69.31528055,0
1444770,0,0,0,22.38694592,0,0
3081201,0,0,0,105.7161335,0,0
2903752,0,0,0,44.77389185,0,0
187878,0,0,0,0,0,0
2070369,0,0,0,159.1960599,0,0
1471761,0,0,27.22288465,23.63066514,0,31.10049087
1802984,0,0,0,0,0,31.10049087
3241601,0,0,51.72348083,37.31157654,0,57.01756659
131568,0,0,0,80.84174917,0,31.10049087
3414159,0,158.7592355,0,0,0,0
2927980,0,0,35.38975004,77.11059151,46.21018704,0
2903748,0,0,51.72348083,106.9598527,0,0
3041435,0,0,43.55661543,59.69852246,0,36.28390601
3238629,0,0,68.05721161,49.74876872,0,0
2772253,0,103.8041155,0,54.72364559,0,0
1131707,0,0,38.1120385,13.6809114,0,0
67780,0,67.16736887,0,52.23620715,0,0
43769,0,0,0,34.8241381,0,82.93464232
2932248,0,0,0,26.11810358,0,36.28390601
2782168,0,0,0,58.45480324,0,0
1457,0,67.16736887,27.22288465,18.65578827,0,0
3033811,0,0,54.44576929,62.1859609,0,31.10049087
502682,0,0,59.89034622,54.72364559,0,0
3028319,0,0,87.11323087,70.89199542,0,0
2819619,0,0,0,157.9523407,0,0
3428560,0,0,0,0,0,0
2903776,0,0,0,0,0,0
2730915,0,0,84.3909424,73.37943386,0,0
68223,0,0,84.3909424,73.37943386,0,0
2731096,0,0,70.77950008,58.45480324,0,28.5087833
2978047,0,103.8041155,0,0,53.91188488,0
161899,0,0,0,0,138.6305611,0
249586,0,0,65.33492315,53.47992637,0,38.87561359
3446364,0,0,0,50.99248794,0,0
2589797,0,0,49.00119236,58.45480324,50.06103596,0
2785627,0,0,59.89034622,55.96736481,0,41.46732116
3404058,0,0,119.7806924,37.31157654,0,0
2934161,0,0,62.61263469,55.96736481,38.5084892,0
96468,0,0,35.38975004,55.96736481,0,38.87561359
3059962,0,0,0,0,0,0
2662261,0,0,0,54.72364559,0,46.6507363
2846775,0,0,0,23.63066514,0,0
3062599,0,0,40.83432697,99.49753744,0,0
2975055,0,0,29.94517311,12.43719218,0,0
88058,0,0,0,0,0,75.1595196
2558361,0,0,0,16.16834983,103.9729208,0
2867013,0,0,0,156.7086215,0,0
3093845,0,0,57.16805776,55.96736481,0,0
298708,0,0,35.38975004,63.42968012,57.76273379,0
2908642,0,0,38.1120385,68.40455699,50.06103596,0
2903897,0,0,68.05721161,88.30406447,0,0
60706,0,0,32.66746157,101.9849759,0,0
3447018,0,0,108.8915386,47.26133028,0,0
2608402,0,0,0,94.52266056,61.61358271,0
2903627,0,0,65.33492315,90.79150291,0,0
200254,0,0,0,0,0,0
3131928,0,0,0,143.0277101,0,0
3135260,0,0,87.11323087,34.8241381,0,0
1324796,0,0,29.94517311,72.13571464,53.91188488,0
3376989,0,0,92.5578078,63.42968012,0,0
3411322,0,0,0,49.74876872,0,0
2601677,0,0,0,69.64827621,0,0
2975724,0,0,0,128.1030794,0,0
93929,0,0,0,0,0,80.34293475
28321,0,0,0,0,0,0
3243393,0,67.16736887,0,28.60554201,0,0
2774749,0,0,0,0,0,155.5024543
73044,0,0,43.55661543,111.9347296,0,0
2732249,0,0,54.44576929,89.54778369,0,0
2054641,0,0,0,0,0,0
2881056,0,0,0,31.09298045,0,0
2675774,0,0,0,0,0,0
1329899,0,0,65.33492315,0,0,0
2585118,0,0,0,37.31157654,0,0
3377113,0,0,0,0,0,0
651666,0,0,0,49.74876872,0,0
2975918,0,0,70.77950008,59.69852246,0,0
265175,0,0,27.22288465,17.41206905,0,0
2815720,0,0,0,0,0,0
3372855,0,0,70.77950008,42.28645341,0,41.46732116
577492,0,0,70.77950008,47.26133028,0,0
3004109,0,0,0,0,0,0
2495594,0,0,35.38975004,41.04273419,0,0
2654547,0,0,0,43.53017263,0,59.60927417
2903802,0,0,0,154.221183,0,0
2804761,0,0,0,18.65578827,0,0
2975962,0,0,57.16805776,97.010099,0,0
2986279,0,0,0,0,154.0339568,0
1487865,0,0,0,24.87438436,42.35933812,0
904291,0,0,54.44576929,99.49753744,0,0
3026433,0,0,0,0,0,49.24244388
3448653,0,0,65.33492315,88.30406447,0,0
2903596,0,0,46.2789039,62.1859609,0,0
2997793,0,0,0,0,0,0
2932244,0,0,62.61263469,90.79150291,0,0
1211322,0,0,0,33.58041888,0,38.87561359
2847989,0,0,0,72.13571464,0,0
3041175,0,116.0163644,0,37.31157654,0,0
2817409,0,0,0,0,0,0
3127706,0,0,40.83432697,53.47992637,0,0
2714943,0,0,49.00119236,47.26133028,0,0
1793,0,0,54.44576929,48.5050495,50.06103596,0
2712970,0,0,100.7246732,52.23620715,0,0
1842533,0,0,0,89.54778369,0,0
158787,0,0,0,36.06785732,0,0
2493679,0,0,70.77950008,82.08546838,0,0
2830667,0,0,40.83432697,60.94224168,0,0
2903588,0,0,84.3909424,68.40455699,0,0
1309411,0,0,0,0,0,0
2903655,0,0,0,0,0,0
2979868,0,0,78.94636547,48.5050495,0,0
3374554,0,0,0,108.203572,0,0
2975997,0,0,76.22407701,59.69852246,0,0
3067275,0,0,62.61263469,44.77389185,0,0
2733487,0,0,40.83432697,75.86687229,0,0
2929512,0,0,0,0,0,103.6683029
2725477,0,0,43.55661543,92.03522213,0,0
2929489,0,0,0,0,0,0
1952,0,0,103.4469617,48.5050495,0,0
248026,0,0,73.50178854,78.35431073,0,0
3156398,0,0,73.50178854,78.35431073,0,0
2733985,0,0,0,0,0,54.42585902
84112,0,0,0,49.74876872,0,0
1968541,0,0,0,151.7337446,0,0
564369,0,0,57.16805776,94.52266056,0,0
1216886,0,0,0,85.81662604,0,36.28390601
3095341,0,0,40.83432697,46.01761106,0,0
2903844,0,0,0,57.21108403,0,64.79268931
2020486,0,0,0,23.63066514,0,0
75692,0,0,0,43.53017263,0,0
388357,0,0,46.2789039,82.08546838,0,0
285558,0,0,0,70.89199542,0,0
2575374,0,0,32.66746157,31.09298045,0,0
2971235,0,0,0,41.04273419,0,0
2072936,0,0,51.72348083,36.06785732,0,0
3138181,0,0,46.2789039,53.47992637,0,0
3032579,0,0,76.22407701,57.21108403,0,0
1802,0,0,89.83551933,60.94224168,0,0
3033387,0,0,35.38975004,19.89950749,0,0
1871031,0,0,62.61263469,43.53017263,0,0
2904243,0,0,0,74.62315308,0,0
930,0,0,0,28.60554201,0,62.20098174
67305,0,0,38.1120385,24.87438436,0,0
104623,0,0,70.77950008,0,0,0
376490,0,0,0,0,0,44.05902873
2995141,0,0,38.1120385,52.23620715,0,0
1351702,0,103.8041155,32.66746157,13.6809114,0,0
1511895,0,103.8041155,46.2789039,0,0,0
3402865,0,0,0,0,0,0
3121290,0,0,81.66865394,68.40455699,0,0
38308,0,0,0,0,0,25.91707572
1842540,0,0,32.66746157,80.84174917,0,0
755307,0,0,0,36.06785732,0,0
2879116,0,103.8041155,0,46.01761106,0,0
2903884,0,0,0,64.67339933,46.21018704,0
2686094,0,0,51.72348083,65.91711855,0,0
2976011,0,0,70.77950008,65.91711855,0,0
113107,0,0,0,59.69852246,0,0
78543,0,0,0,49.74876872,0,44.05902873
3129111,0,0,73.50178854,75.86687229,0,0
2614638,0,0,0,62.1859609,0,0
2319844,0,0,73.50178854,49.74876872,0,0
3434346,0,0,0,149.2463062,0,0
2883126,0,0,0,0,0,0
2559073,0,0,0,64.67339933,50.06103596,0
37923,0,0,54.44576929,94.52266056,0,0
2903638,0,0,68.05721161,80.84174917,0,0
3048452,0,91.59186664,57.16805776,0,0,0
2867516,0,0,0,24.87438436,0,0
2961896,0,0,0,23.63066514,42.35933812,38.87561359
3238632,0,0,78.94636547,49.74876872,0,0
3025670,0,0,84.3909424,46.01761106,0,0
2934937,0,0,0,0,0,31.10049087
2609252,0,0,0,60.94224168,0,0
2975989,0,0,0,44.77389185,92.42037407,0
3240930,0,0,0,0,0,0
96472,0,0,0,26.11810358,0,31.10049087
2903558,0,0,0,54.72364559,0,93.30147261
150026,0,0,57.16805776,90.79150291,0,0
1334193,0,0,32.66746157,32.33669967,0,0
2775496,0,0,29.94517311,34.8241381,0,0
3367743,0,0,0,0,0,0
2932182,0,0,0,0,0,46.6507363
2202149,0,0,65.33492315,82.08546838,0,0
1196056,0,0,0,0,0,0
3137451,0,0,70.77950008,47.26133028,0,0
2968083,0,0,40.83432697,77.11059151,0,0
1809410,0,0,49.00119236,23.63066514,0,0
387343,0,0,0,22.38694592,0,28.5087833
722731,0,0,38.1120385,41.04273419,0,0
3066134,0,0,0,0,0,0
2964669,0,0,0,118.1533257,0,0
2751179,0,0,46.2789039,28.60554201,0,38.87561359
2954092,0,79.37961776,35.38975004,22.38694592,0,0
1852373,0,0,0,0,0,31.10049087
2976001,0,0,0,58.45480324,0,72.56781203
3046274,0,0,0,14.92463062,0,0
3059713,0,146.5469866,0,0,0,0
2903772,0,0,0,114.4221681,0,0
2604537,0,0,38.1120385,72.13571464,0,0
53952,0,0,0,0,0,0
3142973,0,0,32.66746157,74.62315308,0,0
3095076,0,0,51.72348083,94.52266056,0,0
2975930,0,0,35.38975004,68.40455699,42.35933812,0
2823902,0,0,29.94517311,28.60554201,0,0
1573676,0,0,40.83432697,32.33669967,0,0
1316412,0,0,62.61263469,0,0,0
576926,0,0,29.94517311,24.87438436,0,0
414996,0,0,54.44576929,62.1859609,0,0
1974213,0,0,0,27.36182279,0,95.89318018
3081231,0,0,0,88.30406447,46.21018704,0
246273,0,0,0,0,0,0
2806989,0,0,0,0,0,0
1972134,0,0,0,0,0,0
2831967,0,0,70.77950008,74.62315308,0,0
2738125,0,0,32.66746157,43.53017263,0,0
3034022,0,0,68.05721161,77.11059151,0,0
3041497,0,0,0,0,0,145.1356241
3141789,0,0,0,0,0,0
3074108,0,0,27.22288465,0,0,36.28390601
709879,0,0,81.66865394,63.42968012,0,0
1871034,0,0,0,0,0,0
1407499,0,0,0,67.16083777,0,0
2026239,0,91.59186664,0,27.36182279,0,25.91707572
3019968,0,0,35.38975004,47.26133028,0,25.91707572
747656,0,67.16736887,32.66746157,0,0,0
3149179,0,0,35.38975004,74.62315308,0,0
1697,0,0,0,0,111.6746187,0
3415006,0,0,38.1120385,41.04273419,65.46443163,0
3160839,0,0,51.72348083,46.01761106,0,0
395598,0,0,0,22.38694592,0,54.42585902
2921504,0,0,0,0,0,98.48488775
2954607,0,0,0,0,0,0
2749078,0,128.2286133,0,0,0,0
2867236,0,0,0,65.91711855,0,77.75122717
3030830,0,0,0,63.42968012,65.46443163,0
2903865,0,0,49.00119236,65.91711855,0,0
3231270,0,0,0,60.94224168,0,0
47857,0,0,62.61263469,80.84174917,0,0
2903639,0,0,59.89034622,54.72364559,0,0
145458,0,0,32.66746157,22.38694592,0,75.1595196
3035476,0,0,0,92.03522213,0,0
3344550,0,61.06124443,0,0,0,0
2904123,0,0,0,0,0,0
1282863,0,0,43.55661543,19.89950749,0,28.5087833
2907241,0,0,0,143.0277101,0,0
2726185,0,0,29.94517311,47.26133028,0,0
3143496,0,0,57.16805776,19.89950749,0,0
3068634,0,0,57.16805776,85.81662604,0,0
85701,0,0,0,0,0,0
2856555,0,0,0,73.37943386,69.31528055,0
556325,0,97.69799109,0,0,0,0
2293838,0,0,81.66865394,60.94224168,0,0
1144307,0,0,51.72348083,47.26133028,0,0
3238303,0,0,0,64.67339933,0,77.75122717
58135,0,0,29.94517311,19.89950749,0,41.46732116
29571,0,0,35.38975004,60.94224168,0,0
2903599,0,0,0,103.2286951,0,0
392610,0,0,0,43.53017263,0,41.46732116
2781978,0,0,35.38975004,49.74876872,0,57.01756659
2053611,0,0,0,16.16834983,0,0
2541726,0,0,65.33492315,55.96736481,0,0
321846,0,67.16736887,46.2789039,28.60554201,0,0
2903755,0,0,35.38975004,68.40455699,0,0
2105,0,0,0,0,0,75.1595196
2954686,0,0,0,0,0,0
47493,0,0,0,0,0,108.851718
2975740,0,0,43.55661543,98.25381822,0,0
3369522,0,0,43.55661543,98.25381822,0,0
3034028,0,0,0,141.7839908,0,0
2975996,0,0,59.89034622,32.33669967,0,0
651822,0,61.06124443,54.44576929,26.11810358,0,0
2975640,0,0,0,0,0,0
1179673,0,0,43.55661543,79.59802995,0,0
2290922,0,0,51.72348083,89.54778369,0,0
42256,0,0,0,48.5050495,61.61358271,31.10049087
229731,0,0,0,39.79901497,0,0
2996785,0,0,0,0,0,0
3438232,0,0,0,0,0,0
2969247,0,0,76.22407701,64.67339933,0,0
59750,0,0,40.83432697,68.40455699,0,0
2954685,0,0,0,0,0,64.79268931
2991074,0,0,46.2789039,94.52266056,0,0
111015,0,0,59.89034622,80.84174917,0,0
2709690,0,0,43.55661543,65.91711855,0,0
2891210,0,0,68.05721161,38.55529576,0,0
2822368,0,0,57.16805776,83.3291876,0,0
2866810,0,0,0,0,0,0
33903,0,0,70.77950008,69.64827621,0,0
1938604,0,0,62.61263469,53.47992637,0,0
1007105,0,0,51.72348083,49.74876872,0,38.87561359
2771436,0,0,40.83432697,99.49753744,0,0
2845949,0,91.59186664,0,0,0,0
3066305,0,0,0,0,0,33.69219844
1736691,0,0,0,82.08546838,42.35933812,0
2861284,0,0,54.44576929,22.38694592,0,0
3048607,0,0,38.1120385,64.67339933,0,0
3376142,0,0,0,0,0,59.60927417
571913,0,0,40.83432697,50.99248794,38.5084892,0
2704467,0,0,49.00119236,90.79150291,0,0
1920763,0,0,0,0,0,38.87561359
161895,0,0,0,12.43719218,0,0
2844309,0,0,0,0,0,0
2921648,0,0,0,0,0,0
86170,0,0,0,0,0,38.87561359
1759059,0,0,46.2789039,48.5050495,0,0
3066278,0,97.69799109,0,0,0,31.10049087
2695266,0,0,40.83432697,98.25381822,0,0
333966,0,0,68.05721161,70.89199542,0,0
2763498,0,0,0,52.23620715,0,0
3160842,0,0,0,43.53017263,0,0
1658671,0,0,59.89034622,78.35431073,0,0
626937,0,0,38.1120385,0,0,0
2045452,0,0,73.50178854,64.67339933,0,0
1658672,0,0,29.94517311,41.04273419,42.35933812,0
1133546,0,0,0,95.76637978,42.35933812,0
308754,0,0,0,138.0528332,0,0
1072463,0,0,40.83432697,74.62315308,0,0
915,0,0,0,0,0,0
3066224,0,0,84.3909424,0,0,0
2774015,0,0,0,0,0,59.60927417
2929494,0,0,81.66865394,0,0,0
3402691,0,0,38.1120385,90.79150291,0,0
887464,0,0,95.28009626,42.28645341,0,0
2874628,0,0,0,93.27894135,0,0
3115647,0,0,0,0,0,101.0765953
2975804,0,0,65.33492315,72.13571464,0,0
2615214,0,0,54.44576929,62.1859609,0,0
1705310,0,0,0,0,0,137.3605013
2921378,0,0,0,0,0,137.3605013
2975749,0,0,0,70.89199542,0,0
536018,0,0,92.5578078,44.77389185,0,0
2749844,0,0,62.61263469,74.62315308,0,0
2594473,0,0,68.05721161,53.47992637,0,0
1379270,0,0,0,68.40455699,0,0
316277,0,0,0,60.94224168,0,0
933080,0,0,92.5578078,34.8241381,0,0
296544,0,0,0,136.809114,0,0
766224,0,0,0,0,0,77.75122717
2921610,0,0,0,0,0,103.6683029
2979468,0,0,84.3909424,52.23620715,0,0
2903593,0,0,0,50.99248794,0,46.6507363
3050258,0,0,0,0,73.16612947,0
2567884,0,0,46.2789039,63.42968012,0,0
3139326,0,0,0,0,0,0
2664893,0,0,81.66865394,54.72364559,0,0
1542730,0,0,51.72348083,84.57290682,0,0
1653476,0,0,0,0,0,33.69219844
3436238,0,0,0,0,0,0
475088,0,0,0,17.41206905,0,41.46732116
68219,0,0,0,43.53017263,0,0
1851514,0,0,29.94517311,29.84926123,0,36.28390601
131110,0,0,0,0,0,111.4434256
1605721,0,0,0,0,0,28.5087833
3063951,0,0,87.11323087,48.5050495,0,0
80869,0,0,54.44576929,64.67339933,0,0
2267833,0,0,0,135.5653948,0,0
585455,0,0,0,135.5653948,0,0
2497325,0,0,43.55661543,27.36182279,0,0
2661583,0,0,0,0,0,0
2590774,0,0,0,0,0,0
3081204,0,0,70.77950008,64.67339933,0,0
55148,0,0,43.55661543,34.8241381,0,57.01756659
36813,0,0,35.38975004,65.91711855,0,0
3077916,0,0,0,0,0,0
1921001,0,0,27.22288465,18.65578827,0,38.87561359
516702,0,0,68.05721161,67.16083777,0,0
3028808,0,0,59.89034622,59.69852246,0,0
3133326,0,0,0,68.40455699,0,0
2876939,0,0,108.8915386,26.11810358,0,0
2730359,0,0,0,28.60554201,0,41.46732116
2675218,0,0,0,26.11810358,0,108.851718
305719,0,0,0,0,0,0
2903674,0,0,78.94636547,55.96736481,0,0
2767222,0,0,0,60.94224168,46.21018704,0
33922,0,0,27.22288465,0,42.35933812,0
2804917,0,0,0,103.2286951,0,0
3115209,0,0,46.2789039,44.77389185,0,0
37921,0,0,0,104.4724143,0,0
2759943,0,0,49.00119236,85.81662604,0,0
3136634,0,0,40.83432697,27.36182279,0,44.05902873
213419,0,0,0,0,0,134.7687938
2886361,0,0,76.22407701,58.45480324,0,0
2913502,0,0,0,46.01761106,88.56952515,0
2903705,0,0,46.2789039,88.30406447,0,0
2789739,0,0,0,32.33669967,0,88.11805746
2987751,0,0,0,99.49753744,0,0
2921639,0,0,0,0,0,88.11805746
2224,0,0,0,0,0,0
3051832,0,0,0,58.45480324,0,0
1781,0,0,0,68.40455699,65.46443163,0
511062,0,0,0,87.06034526,0,25.91707572
2997335,0,0,78.94636547,54.72364559,0,0
3114367,0,0,38.1120385,49.74876872,0,0
3136561,0,0,0,0,0,0
3141461,0,0,29.94517311,67.16083777,0,0
1933044,0,0,0,28.60554201,0,0
2995142,0,0,40.83432697,64.67339933,0,0
1884904,0,0,0,0,0,0
3127120,0,0,87.11323087,46.01761106,0,0
2893890,0,0,27.22288465,57.21108403,0,0
2478662,0,0,0,32.33669967,0,31.10049087
1479019,0,0,0,133.0779563,0,0
3228751,0,0,0,133.0779563,0,0
3445768,0,0,0,133.0779563,0,0
3133323,0,0,0,133.0779563,0,0
1678237,0,0,65.33492315,54.72364559,0,0
379893,0,0,70.77950008,50.99248794,0,0
1805840,0,0,0,38.55529576,46.21018704,0
2918899,0,0,0,54.72364559,0,0
169669,0,0,68.05721161,0,0,0
2364649,0,0,49.00119236,64.67339933,0,0
869889,0,85.4857422,0,47.26133028,0,0
267212,0,0,0,0,0,0
860353,0,0,0,0,0,0
3401630,0,0,0,50.99248794,0,0
2480810,0,0,65.33492315,67.16083777,0,0
40989,0,0,43.55661543,59.69852246,0,0
56957,0,0,0,31.09298045,61.61358271,0
2956797,0,0,0,113.1784488,0,0
3342488,0,0,62.61263469,69.64827621,0,0
32062,0,0,0,0,61.61358271,0
274537,0,0,35.38975004,42.28645341,0,0
2599293,0,0,38.1120385,72.13571464,0,0
2558918,0,0,43.55661543,88.30406447,0,0
3066321,0,0,0,0,0,0
1457141,0,0,40.83432697,0,0,54.42585902
2964670,0,0,51.72348083,38.55529576,0,41.46732116
3093862,0,0,0,54.72364559,77.01697839,0
3110288,0,0,0,0,0,0
2975999,0,0,70.77950008,60.94224168,0,0
3066322,0,0,0,0,0,0
1431246,0,0,46.2789039,60.94224168,0,0
3082544,0,0,0,75.86687229,0,0
1793872,0,0,27.22288465,77.11059151,0,0
3023370,0,0,40.83432697,74.62315308,0,0
3349631,0,0,0,89.54778369,0,28.5087833
2054919,0,0,0,0,0,0
468916,0,0,29.94517311,37.31157654,0,0
578923,0,0,0,0,130.9288633,0
2968084,0,0,59.89034622,70.89199542,0,0
2576922,0,0,0,0,0,69.97610446
176292,0,0,0,0,0,0
110163,0,0,0,0,0,49.24244388
59406,0,0,43.55661543,87.06034526,0,0
441500,0,0,0,19.89950749,0,0
33889,0,0,0,130.5905179,0,0
3048606,0,0,0,55.96736481,0,28.5087833
392593,0,0,54.44576929,64.67339933,0,0
3239957,0,0,38.1120385,55.96736481,0,36.28390601
2904129,0,0,0,0,0,0
2949307,0,0,98.00238472,32.33669967,0,0
574964,0,0,0,16.16834983,0,62.20098174
2021971,0,61.06124443,0,0,0,0
2954703,0,0,0,0,0,0
3050197,0,0,51.72348083,78.35431073,0,0
39694,0,0,78.94636547,50.99248794,0,0
29542,0,0,0,27.36182279,38.5084892,36.28390601
1930764,0,0,0,0,0,67.38439688
3061627,0,0,62.61263469,67.16083777,0,0
2975992,0,0,0,79.59802995,50.06103596,0
1136941,0,0,0,104.4724143,0,0
3049072,0,0,0,41.04273419,88.56952515,0
2732594,0,0,29.94517311,0,0,0
3436237,0,0,0,54.72364559,0,28.5087833
2902623,0,0,0,29.84926123,0,0
3447510,0,0,43.55661543,85.81662604,0,0
2730360,0,0,0,129.3467987,0,0
266061,0,0,57.16805776,72.13571464,0,0
3463359,0,0,27.22288465,12.43719218,0,0
1364945,0,0,29.94517311,41.04273419,0,0
3034023,0,0,0,19.89950749,0,0
208439,0,0,68.05721161,60.94224168,0,0
1508644,0,0,0,0,0,0
3004105,0,0,0,0,0,36.28390601
2760308,0,0,51.72348083,77.11059151,0,0
2759167,0,0,29.94517311,47.26133028,0,0
3093660,0,0,35.38975004,50.99248794,42.35933812,0
3016419,0,0,78.94636547,49.74876872,0,0
1242174,0,0,49.00119236,79.59802995,0,0
2975946,0,0,49.00119236,79.59802995,0,0
2840373,0,0,46.2789039,46.01761106,0,36.28390601
2903762,0,0,76.22407701,52.23620715,0,0
2749086,0,0,40.83432697,55.96736481,0,0
1711,0,0,46.2789039,82.08546838,0,0
3231492,0,0,29.94517311,34.8241381,46.21018704,0
3238633,0,0,59.89034622,68.40455699,0,0
2742639,0,128.2286133,0,0,0,0
2773299,0,0,29.94517311,52.23620715,0,0
2930198,0,0,0,0,0,67.38439688
2654191,0,0,0,128.1030794,0,0
1765219,0,0,78.94636547,22.38694592,0,0
2707299,0,0,70.77950008,46.01761106,0,0
1229,0,0,0,39.79901497,0,0
83984,0,0,0,0,0,0
2903671,0,0,40.83432697,87.06034526,0,0
3396310,0,0,54.44576929,73.37943386,0,0
45065,0,0,0,27.36182279,0,54.42585902
3133695,0,0,68.05721161,59.69852246,0,0
3097255,0,0,0,0,0,59.60927417
1356852,0,0,0,47.26133028,0,80.34293475
2975993,0,0,65.33492315,62.1859609,0,0
576784,0,0,54.44576929,63.42968012,0,0
3025315,0,0,49.00119236,78.35431073,0,0
1072256,0,61.06124443,0,29.84926123,0,0
67296,0,0,76.22407701,50.99248794,0,0
269261,0,0,0,18.65578827,0,0
59932,0,0,0,38.55529576,88.56952515,0
1050,0,0,35.38975004,70.89199542,0,0
2487929,0,0,0,0,0,0
2976236,0,0,0,0,0,0
2975914,0,0,0,53.47992637,73.16612947,0
1938841,0,0,68.05721161,58.45480324,0,0
3394331,0,0,0,0,0,0
502821,0,0,59.89034622,50.99248794,0,0
2199,0,0,29.94517311,0,0,0
3025663,0,0,0,29.84926123,0,0
2023229,0,0,0,94.52266056,0,0
2927979,0,0,49.00119236,77.11059151,0,0
1550024,0,0,0,18.65578827,0,25.91707572
1920171,0,0,40.83432697,69.64827621,0,0
33887,0,0,0,24.87438436,0,0
3428192,0,0,0,0,0,0
3052626,0,0,0,0,0,0
2082386,0,0,59.89034622,65.91711855,0,0
351745,0,0,0,0,0,0
3157334,0,0,0,125.615641,0,0
3234200,0,0,0,68.40455699,0,46.6507363
1287523,0,0,0,59.69852246,65.46443163,0
2565556,0,0,32.66746157,82.08546838,0,0
2961571,0,0,32.66746157,13.6809114,0,0
2502843,0,0,35.38975004,89.54778369,0,0
3033386,0,0,0,24.87438436,0,0
2866279,0,0,0,90.79150291,0,0
17,0,0,51.72348083,17.41206905,0,0
2975917,0,0,0,74.62315308,0,0
3404050,0,0,0,70.89199542,53.91188488,0
2880932,0,0,62.61263469,62.1859609,0,0
590652,0,0,0,57.21108403,50.06103596,0
3053610,0,0,59.89034622,64.67339933,0,0
3058602,0,0,59.89034622,64.67339933,0,0
2321394,0,0,0,12.43719218,0,0
3243021,0,0,0,31.09298045,0,0
3127701,0,0,38.1120385,55.96736481,0,0
2995658,0,0,0,13.6809114,0,75.1595196
84109,0,0,0,0,0,0
3066285,0,0,0,0,0,0
1794,0,0,70.77950008,53.47992637,0,0
2774834,0,0,0,0,0,0
1783348,0,0,68.05721161,55.96736481,0,0
36808,0,0,32.66746157,46.01761106,0,0
2734095,0,0,0,0,84.71867623,0
2816475,0,0,43.55661543,48.5050495,0,0
678601,0,0,0,0,0,25.91707572
2508880,0,0,0,19.89950749,77.01697839,0
3350177,0,0,92.5578078,31.09298045,0,0
2981135,0,0,49.00119236,74.62315308,0,0
2762748,0,0,62.61263469,60.94224168,0,0
1273541,0,0,27.22288465,0,0,0
3383024,0,73.27349331,0,16.16834983,0,0
320497,0,0,54.44576929,39.79901497,0,0
1856685,0,0,0,58.45480324,0,36.28390601
2742601,0,0,0,0,53.91188488,0
3383589,0,0,0,0,123.2271654,0
47920,0,0,51.72348083,39.79901497,0,0
2953657,0,0,0,123.1282026,0,0
1389922,0,0,0,123.1282026,0,0
2903895,0,0,0,123.1282026,0,0
2995143,0,0,49.00119236,47.26133028,0,0
60920,0,0,46.2789039,67.16083777,0,0
3028295,0,0,0,0,0,31.10049087
1223514,0,0,0,49.74876872,73.16612947,0
1404244,0,0,27.22288465,18.65578827,77.01697839,0
2662033,0,0,0,49.74876872,0,0
3023517,0,0,0,53.47992637,69.31528055,0
2975853,0,0,57.16805776,53.47992637,0,0
2719023,0,0,0,57.21108403,0,0
2903779,0,0,0,78.35431073,0,44.05902873
3411355,0,0,32.66746157,75.86687229,0,0
1335746,0,0,29.94517311,64.67339933,0,0
3243381,0,0,0,0,0,0
2986424,0,0,0,0,0,0
430531,0,0,0,0,0,0
2716717,0,0,0,13.6809114,0,0
2815936,0,0,0,27.36182279,0,38.87561359
2675793,0,0,0,0,0,44.05902873
3061626,0,0,0,54.72364559,0,67.38439688
1837283,0,0,0,38.55529576,0,0
2975674,0,0,87.11323087,34.8241381,0,0
3240774,0,0,0,121.8844834,0,0
2585135,0,0,0,104.4724143,0,0
3077925,0,0,0,0,0,121.8102559
3078084,0,0,70.77950008,50.99248794,0,0
709878,0,0,68.05721161,31.09298045,0,0
487173,0,0,62.61263469,0,0,0
1727196,0,0,0,0,0,0
2895565,0,0,54.44576929,67.16083777,0,0
3026425,0,0,0,0,0,0
2782568,0,0,32.66746157,69.64827621,0,0
54120,0,0,0,0,0,49.24244388
3038979,94.14688797,0,0,0,0,0
1218492,0,85.4857422,35.38975004,0,0,0
2983230,0,0,0,50.99248794,0,0
1866325,0,0,0,120.6407641,0,0
1506334,0,0,32.66746157,26.11810358,0,0
3238623,0,0,0,0,0,0
2382163,0,0,0,28.60554201,0,36.28390601
2591003,0,0,0,0,0,0
2675524,0,0,38.1120385,38.55529576,0,0
3404127,0,0,62.61263469,46.01761106,0,0
2170403,0,0,0,0,0,0
1050714,0,0,0,17.41206905,0,0
98671,0,0,0,0,96.27122299,0
3158173,0,0,59.89034622,48.5050495,0,0
2944128,0,0,46.2789039,73.37943386,0,0
3027808,0,0,49.00119236,58.45480324,0,0
1604335,0,0,0,0,0,0
3133294,0,0,0,119.3970449,0,0
2903834,0,0,0,119.3970449,0,0
1933904,0,0,0,0,0,0
35787,0,0,29.94517311,28.60554201,0,0
141349,0,0,0,34.8241381,73.16612947,0
266062,0,0,43.55661543,60.94224168,0,0
971279,0,0,29.94517311,0,0,0
1659192,0,0,0,0,0,119.2185483
2981139,0,0,32.66746157,62.1859609,0,0
3136601,0,0,0,0,0,0
1341,0,0,38.1120385,0,0,0
2972479,0,0,0,37.31157654,0,0
114880,0,0,0,0,0,31.10049087
2014537,0,0,0,0,0,0
3239976,0,0,51.72348083,54.72364559,0,0
1930058,0,0,76.22407701,42.28645341,0,0
875808,0,0,46.2789039,52.23620715,0,0
2975322,0,0,0,0,0,0
3135264,0,0,54.44576929,44.77389185,0,0
2954236,0,0,0,13.6809114,50.06103596,25.91707572
1442032,0,0,43.55661543,74.62315308,0,0
658666,0,0,0,0,0,0
1357074,0,0,54.44576929,63.42968012,0,0
1183413,0,0,0,44.77389185,0,41.46732116
2904252,0,0,29.94517311,78.35431073,0,0
2828286,0,0,0,97.010099,0,0
2133959,0,0,0,0,0,64.79268931
2730847,0,0,32.66746157,34.8241381,0,25.91707572
3027225,0,0,0,0,0,0
3239420,0,0,0,88.30406447,0,0
1632772,0,0,0,39.79901497,0,28.5087833
38305,0,0,0,44.77389185,0,72.56781203
3409687,0,0,0,19.89950749,0,0
2956013,0,0,0,0,0,0
2903581,0,0,0,77.11059151,0,0
2320867,0,0,38.1120385,55.96736481,0,0
257758,0,0,0,79.59802995,0,0
2813744,0,0,0,37.31157654,0,33.69219844
69221,0,0,49.00119236,32.33669967,0,0
2856522,0,0,0,0,0,0
2975859,0,0,40.83432697,47.26133028,0,0
2774663,0,0,0,0,0,116.6268408
2692233,0,0,0,0,0,116.6268408
3142634,0,0,0,53.47992637,0,0
3108484,0,0,0,0,0,0
84025,0,0,0,0,0,0
3048365,0,61.06124443,0,0,0,0
56464,0,0,0,54.72364559,61.61358271,0
2953998,0,0,0,0,0,0
2485784,0,0,0,0,0,0
1737515,0,0,0,21.14322671,0,36.28390601
3062461,0,0,0,21.14322671,0,0
2921720,0,116.0163644,0,0,0,0
408015,0,116.0163644,0,0,0,0
2956579,0,116.0163644,0,0,0,0
3066248,0,0,54.44576929,19.89950749,0,0
1930532,0,0,0,39.79901497,0,0
2675219,0,0,0,17.41206905,0,0
1795630,0,0,43.55661543,72.13571464,0,0
2923366,0,0,0,0,0,0
3029274,0,0,0,0,0,0
3051218,0,0,0,54.72364559,0,0
2505977,0,0,0,17.41206905,0,51.83415145
3066139,0,0,0,0,0,0
2975800,0,0,0,0,0,0
3035280,0,0,0,0,0,0
1232427,0,0,0,0,96.27122299,0
2886821,0,0,81.66865394,33.58041888,0,0
1938353,0,0,57.16805776,0,0,33.69219844
545619,0,0,0,48.5050495,0,0
405,0,0,43.55661543,49.74876872,0,0
2903702,0,0,0,43.53017263,0,0
2781962,0,0,32.66746157,82.08546838,0,0
2903587,0,0,49.00119236,50.99248794,0,0
2911970,0,0,0,0,0,0
3432425,0,0,0,0,0,0
2962632,0,0,43.55661543,70.89199542,0,0
3064284,0,0,57.16805776,57.21108403,0,0
2879107,0,0,0,0,0,0
3390729,0,0,0,0,0,0
2827099,0,0,0,21.14322671,0,0
2954613,0,0,0,0,0,0
2733571,0,0,0,33.58041888,0,0
2907242,0,0,0,0,0,114.0351332
1636610,0,0,0,0,0,114.0351332
293388,0,0,0,0,0,114.0351332
3003351,0,0,0,41.04273419,0,0
1778,0,0,29.94517311,48.5050495,0,0
3053466,0,0,51.72348083,62.1859609,0,0
3050324,0,0,0,0,0,28.5087833
2773266,0,0,0,41.04273419,0,0
2921673,0,0,0,0,0,0
3430559,0,0,0,0,0,25.91707572
2666185,0,0,32.66746157,80.84174917,0,0
2099694,0,0,0,63.42968012,50.06103596,0
3463856,0,0,0,16.16834983,0,28.5087833
1898738,0,0,0,113.1784488,0,0
2953753,0,67.16736887,0,28.60554201,0,0
51229,0,0,0,0,0,31.10049087
1632019,0,0,0,17.41206905,0,0
3028316,0,85.4857422,0,27.36182279,0,0
884684,0,0,0,0,0,0
2903560,0,0,0,57.21108403,0,0
169177,0,0,0,0,0,0
3133305,0,0,0,70.89199542,0,0
107445,0,0,0,0,0,64.79268931
3153752,0,0,32.66746157,59.69852246,0,0
2364647,0,0,38.1120385,41.04273419,0,0
3395917,0,0,0,111.9347296,0,0
2956255,0,0,0,0,0,0
3141540,0,0,0,0,0,0
2903830,0,0,0,48.5050495,0,0
2654193,0,0,0,79.59802995,0,0
2811788,0,0,111.613827,0,0,0
2742133,0,0,111.613827,0,0,0
3111325,0,0,0,0,0,111.4434256
2849039,0,0,0,17.41206905,0,0
1550733,0,0,0,34.8241381,0,0
1281578,0,0,0,58.45480324,0,0
3003271,0,0,54.44576929,36.06785732,0,0
2202254,0,0,43.55661543,38.55529576,0,0
161154,0,0,0,0,0,57.01756659
1789,0,0,35.38975004,52.23620715,0,0
246969,0,61.06124443,0,0,0,0
3140789,0,0,0,23.63066514,0,77.75122717
2962672,0,0,59.89034622,50.99248794,0,0
3243382,0,0,0,0,0,0
2844213,0,0,0,0,0,0
1089444,0,0,0,0,0,54.42585902
2998079,0,0,0,110.6910104,0,0
2571029,0,0,0,33.58041888,77.01697839,0
70856,0,79.37961776,0,31.09298045,0,0
1555112,0,0,38.1120385,72.13571464,0,0
1853276,0,0,0,0,0,0
2866382,0,61.06124443,0,16.16834983,0,0
3122055,0,0,38.1120385,47.26133028,0,0
2489213,0,0,0,26.11810358,0,0
574650,0,0,0,48.5050495,61.61358271,0
519081,0,0,78.94636547,31.09298045,0,0
261291,0,0,78.94636547,31.09298045,0,0
2734195,0,0,0,0,0,28.5087833
735,0,0,0,0,0,0
67348,0,0,0,54.72364559,0,0
2733654,0,109.91024,0,0,0,0
2932250,0,0,0,59.69852246,0,0
3026420,0,0,0,65.91711855,0,0
253239,0,0,40.83432697,27.36182279,0,41.46732116
335476,0,0,59.89034622,49.74876872,0,0
2654192,0,0,0,0,0,0
3442642,0,0,0,59.69852246,0,0
3145017,0,0,68.05721161,41.04273419,0,0
3374555,0,0,38.1120385,70.89199542,0,0
3444503,0,0,51.72348083,57.21108403,0,0
29320,0,0,108.8915386,0,0,0
114528,0,0,0,0,0,0
67081,0,0,0,36.06785732,0,72.56781203
3038539,0,0,0,0,0,31.10049087
3388844,0,0,0,0,0,0
2955294,0,0,0,0,0,0
2864203,0,0,0,32.33669967,0,0
3242725,0,0,0,0,0,0
2072025,0,0,0,0,0,0
3053982,0,0,0,0,0,0
1274359,0,0,0,77.11059151,0,0
3406645,0,0,0,0,0,41.46732116
2878545,0,0,0,108.203572,0,0
2975894,0,0,0,108.203572,0,0
3135258,0,0,0,108.203572,0,0
2083284,0,0,57.16805776,50.99248794,0,0
2716227,0,0,35.38975004,31.09298045,0,0
2993714,0,0,0,0,0,0
883811,0,0,0,0,0,0
2975986,0,0,0,98.25381822,0,0
3373610,0,0,0,0,80.86782731,0
498846,0,0,0,0,0,54.42585902
3047810,0,0,0,0,0,0
35789,0,0,0,0,0,0
2874282,0,0,0,0,0,0
47875,0,0,49.00119236,58.45480324,0,0
44010,0,0,32.66746157,43.53017263,0,0
2678518,0,0,32.66746157,0,53.91188488,0
2698828,0,0,35.38975004,48.5050495,0,0
2897774,0,0,32.66746157,59.69852246,0,0
499555,0,0,0,106.9598527,0,0
2809036,0,0,0,0,0,0
2903746,0,0,40.83432697,65.91711855,0,0
985052,0,0,0,0,0,0
2956010,0,0,0,0,0,0
2597659,0,0,0,39.79901497,0,0
2921361,0,0,0,0,0,69.97610446
560555,0,0,65.33492315,41.04273419,0,0
2599595,0,0,0,53.47992637,0,28.5087833
761804,0,0,0,65.91711855,0,0
2954079,0,0,0,32.33669967,0,33.69219844
3041098,0,0,0,73.37943386,0,0
3034358,0,0,0,65.91711855,0,0
512402,0,0,43.55661543,53.47992637,0,0
310037,0,0,38.1120385,0,0,0
3003265,0,0,27.22288465,78.35431073,0,0
367299,0,0,0,84.57290682,0,0
2505979,0,0,0,29.84926123,0,0
3392035,0,0,0,12.43719218,0,0
2681470,0,0,0,0,0,25.91707572
2903812,0,0,38.1120385,67.16083777,0,0
3404053,0,0,49.00119236,31.09298045,0,0
2562582,0,0,0,0,0,0
2954684,0,0,0,0,61.61358271,0
999183,0,0,0,0,0,0
2975976,0,0,0,77.11059151,0,0
3439061,0,0,0,0,0,0
3158172,0,0,0,50.99248794,0,0
1963862,0,0,0,12.43719218,0,0
1382,0,0,0,16.16834983,0,54.42585902
155194,0,0,0,0,0,93.30147261
925818,0,0,0,55.96736481,0,0
3149044,0,0,0,104.4724143,0,0
140098,0,0,0,104.4724143,0,0
3015150,0,0,0,104.4724143,0,0
47853,0,0,0,104.4724143,0,0
2903561,0,0,0,104.4724143,0,0
2067415,0,0,57.16805776,47.26133028,0,0
83559,0,0,0,0,0,36.28390601
2955861,0,0,0,0,0,0
571800,0,0,0,0,0,0
2675713,0,0,0,0,0,0
3243360,0,0,0,0,0,0
1390395,0,0,0,0,0,0
1768,0,0,38.1120385,37.31157654,0,0
1345,0,0,0,0,0,0
420953,0,0,0,39.79901497,0,0
3047866,0,0,0,0,103.9729208,0
2956308,0,103.8041155,0,0,0,0
3398213,0,0,0,0,0,103.6683029
10685,0,0,0,0,0,103.6683029
1664265,0,0,0,0,0,41.46732116
3433590,103.5615768,0,0,0,0,0
2880933,0,0,46.2789039,57.21108403,0,0
2782169,0,0,0,68.40455699,0,0
2842457,0,0,0,0,0,0
42237,0,0,54.44576929,48.5050495,0,0
2042057,0,0,0,0,0,0
249058,0,0,0,33.58041888,69.31528055,0
3243367,0,0,0,0,0,0
2903801,0,0,0,0,0,0
2811422,0,0,32.66746157,69.64827621,0,0
28128,0,79.37961776,0,0,0,0
283878,0,0,59.89034622,42.28645341,0,0
3032287,0,0,0,0,0,0
33883,0,0,73.50178854,28.60554201,0,0
2744520,0,0,0,101.9849759,0,0
1535208,0,0,0,101.9849759,0,0
3384787,0,0,0,52.23620715,0,0
1827742,0,0,0,80.84174917,0,0
1475485,0,0,0,0,0,0
132132,0,0,32.66746157,37.31157654,0,0
2989766,0,0,0,0,0,0
1843581,0,0,65.33492315,36.06785732,0,0
1871002,0,0,0,0,0,0
2925842,0,0,35.38975004,65.91711855,0,0
28264,0,0,0,0,0,72.56781203
1441723,0,0,0,0,0,0
2872648,0,0,35.38975004,0,0,46.6507363
3409688,0,0,0,0,0,101.0765953
2419771,0,0,32.66746157,68.40455699,0,0
3442646,0,0,32.66746157,68.40455699,0,0
2907545,0,0,0,67.16083777,0,0
1138587,0,0,0,68.40455699,0,0
2842345,0,0,0,0,0,0
225326,0,0,43.55661543,57.21108403,0,0
139208,0,0,0,100.7412567,0,0
235559,0,0,0,0,0,33.69219844
2955554,0,0,0,0,0,0
404941,0,0,40.83432697,33.58041888,0,25.91707572
2257,0,0,0,12.43719218,0,0
2940492,0,0,0,75.86687229,0,0
2853163,0,0,35.38975004,64.67339933,0,0
39122,0,0,27.22288465,48.5050495,0,0
1162966,0,0,0,68.40455699,0,0
2738409,0,0,0,27.36182279,0,0
1234680,0,0,0,63.42968012,0,0
413810,0,0,59.89034622,26.11810358,0,0
67362,0,0,0,46.01761106,0,0
361183,0,0,32.66746157,58.45480324,0,0
3375707,0,0,0,0,0,0
3344667,0,0,29.94517311,0,0,0
2903794,0,0,0,0,0,0
1090615,0,0,29.94517311,69.64827621,0,0
63745,0,0,46.2789039,29.84926123,0,0
38310,0,0,43.55661543,55.96736481,0,0
29573,0,0,0,99.49753744,0,0
3060698,0,0,0,0,0,75.1595196
1775880,0,0,0,26.11810358,0,38.87561359
2982691,0,0,0,55.96736481,0,0
165,0,0,0,0,0,33.69219844
427923,0,0,0,32.33669967,0,0
1659,0,0,38.1120385,60.94224168,0,0
2615203,0,0,0,21.14322671,0,62.20098174
3016050,0,0,0,54.72364559,0,44.05902873
132473,0,0,0,75.86687229,0,0
29314,0,0,40.83432697,44.77389185,0,0
3457358,0,0,0,28.60554201,0,69.97610446
2903814,0,0,0,54.72364559,0,0
182337,0,0,0,38.55529576,0,0
1853682,0,0,29.94517311,39.79901497,0,0
2962673,0,0,0,23.63066514,0,0
261936,0,0,0,41.04273419,0,46.6507363
645517,0,0,40.83432697,57.21108403,0,0
2656746,0,0,40.83432697,57.21108403,0,0
3093895,0,0,40.83432697,57.21108403,0,0
53437,0,0,0,74.62315308,0,0
2925837,0,0,0,0,0,0
1835254,0,0,0,0,0,0
1972846,0,0,98.00238472,0,0,0
202462,0,0,98.00238472,0,0,0
1532023,0,0,54.44576929,43.53017263,0,0
1648182,0,0,54.44576929,43.53017263,0,0
2033438,0,0,0,0,0,46.6507363
546160,0,0,38.1120385,59.69852246,0,0
3048337,0,0,0,0,0,0
676965,0,0,0,0,0,67.38439688
46429,0,0,51.72348083,46.01761106,0,0
3140242,0,0,0,67.16083777,0,0
2768834,0,79.37961776,0,0,0,0
2925843,0,0,49.00119236,48.5050495,0,0
3064901,0,0,49.00119236,48.5050495,0,0
2903798,0,0,0,87.06034526,0,0
2953890,0,0,62.61263469,34.8241381,0,0
334715,0,0,0,0,0,0
867076,0,0,0,0,0,0
2956338,0,0,0,0,0,0
1930593,0,0,0,0,0,0
3066300,0,0,0,0,0,0
29284,0,0,0,72.13571464,0,0
2975998,0,0,59.89034622,37.31157654,0,0
3448587,0,0,0,0,0,0
3138497,0,0,0,97.010099,0,0
2903629,0,0,0,97.010099,0,0
574649,0,0,0,97.010099,0,0
100177,0,0,0,0,0,54.42585902
426114,0,0,0,47.26133028,0,0
2991728,0,0,32.66746157,34.8241381,0,0
2066479,0,67.16736887,0,0,0,0
2903887,0,0,0,69.64827621,0,0
2955383,0,67.16736887,0,0,0,0
2926850,0,0,0,0,0,0
413501,0,0,0,0,0,0
1851167,0,0,0,62.1859609,0,0
53406,0,0,32.66746157,43.53017263,0,0
3061628,0,0,0,54.72364559,0,0
1757,0,0,0,0,0,95.89318018
2652443,0,0,0,16.16834983,0,0
3451558,0,0,0,95.76637978,0,0
3055079,0,0,0,95.76637978,0,0
3243390,0,0,0,95.76637978,0,0
3068324,0,0,40.83432697,54.72364559,0,0
3074145,0,0,0,0,0,0
3059743,0,0,0,0,0,0
1964448,0,0,0,0,0,0
2917715,0,0,0,65.91711855,0,0
2921651,0,0,0,0,0,54.42585902
2079596,0,0,0,0,0,72.56781203
2175648,0,0,49.00119236,46.01761106,0,0
570267,0,0,0,12.43719218,0,0
2903838,0,0,0,0,0,0
2048898,0,0,0,53.47992637,0,0
1126236,0,0,43.55661543,26.11810358,0,0
3131999,0,0,27.22288465,31.09298045,0,0
993414,0,0,59.89034622,34.8241381,0,0
2895470,0,0,0,0,0,0
2921369,0,0,0,0,0,0
102684,0,0,0,0,0,0
3383591,0,0,0,0,0,0
1940555,0,0,0,0,0,0
2497162,0,0,40.83432697,33.58041888,0,0
1632,0,0,0,0,0,28.5087833
3398704,0,0,40.83432697,53.47992637,0,0
1232575,0,0,0,0,0,0
1565605,0,0,0,18.65578827,0,41.46732116
28123,94.14688797,0,0,0,0,0
3046382,0,0,0,0,0,31.10049087
1484693,0,0,0,31.09298045,0,0
3131926,0,0,0,31.09298045,0,0
3366808,0,0,0,34.8241381,46.21018704,0
3060460,0,0,0,0,0,0
2319843,0,0,0,22.38694592,0,0
2100422,0,0,0,49.74876872,0,44.05902873
2785912,0,0,0,0,0,0
2811108,0,0,40.83432697,31.09298045,0,0
1522174,0,0,0,23.63066514,0,33.69219844
1740264,0,0,0,0,0,0
1920424,0,0,0,0,0,0
2921435,0,0,0,0,0,0
1073996,0,0,0,18.65578827,0,28.5087833
2760310,0,0,43.55661543,49.74876872,0,0
2975317,0,0,0,0,0,93.30147261
2233998,0,0,0,0,0,0
758782,0,0,0,93.27894135,0,0
2975745,0,0,0,93.27894135,0,0
2220095,0,0,57.16805776,36.06785732,0,0
3384240,0,0,0,43.53017263,0,0
2528037,0,0,29.94517311,0,0,46.6507363
2592654,0,0,40.83432697,52.23620715,0,0
2057246,0,0,40.83432697,52.23620715,0,0
3373674,0,0,32.66746157,36.06785732,0,0
2017484,0,0,32.66746157,44.77389185,0,0
3066293,0,0,0,0,0,0
2745230,0,0,0,34.8241381,0,0
28026,0,0,0,0,0,28.5087833
2170044,0,0,0,0,0,0
2583822,0,0,0,79.59802995,0,0
2737050,0,0,40.83432697,36.06785732,0,0
1932,0,0,0,58.45480324,0,0
283877,0,0,29.94517311,46.01761106,0,0
1454753,0,79.37961776,0,0,0,0
1743159,0,73.27349331,0,0,0,0
85968,0,0,46.2789039,46.01761106,0,0
3402707,0,0,0,0,0,41.46732116
3350244,0,0,0,0,0,31.10049087
2663847,0,0,0,80.84174917,0,0
29447,0,0,0,54.72364559,0,0
2027911,0,0,0,92.03522213,0,0
2903871,0,0,0,92.03522213,0,0
456163,0,0,0,92.03522213,0,0
2518644,0,0,0,31.09298045,0,0
869888,0,0,0,26.11810358,0,28.5087833
3080012,0,0,0,46.01761106,0,0
2963433,0,0,40.83432697,50.99248794,0,0
2282309,0,0,0,0,0,46.6507363
1299,0,0,0,24.87438436,0,0
219745,0,0,0,0,0,44.05902873
2843870,0,0,0,0,0,0
2812000,0,0,0,26.11810358,65.46443163,0
1198301,0,0,40.83432697,32.33669967,0,0
80880,0,0,35.38975004,55.96736481,0,0
2594265,0,0,35.38975004,55.96736481,0,0
1538159,0,0,49.00119236,42.28645341,0,0
1344094,0,0,0,21.14322671,0,69.97610446
2743089,0,0,29.94517311,47.26133028,0,0
69220,0,0,0,0,0,0
212,0,0,0,0,0,0
2975753,0,0,0,0,0,0
3234853,0,0,0,14.92463062,0,28.5087833
367282,0,0,0,48.5050495,42.35933812,0
2734,0,0,43.55661543,47.26133028,0,0
2845939,0,0,27.22288465,14.92463062,0,0
1132417,0,0,0,90.79150291,0,0
3378074,0,0,0,90.79150291,0,0
2993430,0,0,0,90.79150291,0,0
2903594,0,0,43.55661543,38.55529576,0,0
2876713,0,0,0,0,0,90.70976504
642926,0,0,0,0,0,90.70976504
2003368,0,0,0,16.16834983,0,0
2796141,0,0,0,0,0,0
1724,0,0,0,0,0,0
79967,0,0,38.1120385,21.14322671,0,0
309891,0,0,38.1120385,52.23620715,0,0
2903815,0,0,0,63.42968012,0,0
1874539,0,0,0,12.43719218,0,77.75122717
2846672,0,0,0,0,0,59.60927417
412593,0,0,0,14.92463062,0,0
2831968,0,0,0,22.38694592,0,41.46732116
3423201,0,0,0,50.99248794,0,38.87561359
2560335,0,0,0,0,0,0
3047478,0,0,43.55661543,46.01761106,0,0
3079935,0,0,43.55661543,46.01761106,0,0
2982694,0,0,0,89.54778369,0,0
2057743,0,0,57.16805776,32.33669967,0,0
3373596,0,0,0,0,0,0
3059027,0,0,0,19.89950749,0,28.5087833
1784,0,0,27.22288465,49.74876872,0,0
3420950,0,0,0,0,0,0
3016089,0,0,0,62.1859609,0,0
309887,0,0,0,64.67339933,0,0
52227,0,0,0,34.8241381,0,0
640030,0,0,0,0,0,0
3418418,0,0,0,49.74876872,0,0
1603258,0,0,32.66746157,55.96736481,0,0
2733924,0,0,0,0,88.56952515,0
3044399,0,0,0,0,0,0
2975656,0,0,0,0,0,0
1380432,0,0,0,0,0,28.5087833
1105204,0,0,0,31.09298045,0,0
3133321,0,0,0,88.30406447,0,0
1644131,0,0,0,48.5050495,0,31.10049087
1662285,0,0,27.22288465,14.92463062,0,0
3066310,0,0,0,0,0,88.11805746
3066299,0,0,0,0,0,88.11805746
2970891,0,0,0,13.6809114,0,49.24244388
31964,0,0,54.44576929,33.58041888,0,0
2492396,0,0,0,0,0,0
3043445,0,0,38.1120385,28.60554201,0,0
121872,0,0,0,37.31157654,0,0
2936799,0,0,0,0,0,0
2759705,0,0,0,0,0,0
2968086,0,0,0,64.67339933,0,0
2908648,0,0,35.38975004,23.63066514,0,28.5087833
3034026,0,0,0,50.99248794,0,0
743699,0,0,0,42.28645341,0,0
2586643,0,0,0,0,0,54.42585902
2985506,0,0,0,70.89199542,0,0
267375,0,0,0,0,0,0
3049073,0,0,46.2789039,41.04273419,0,0
1458492,0,0,87.11323087,0,0,0
347209,0,0,87.11323087,0,0,0
1796469,0,0,0,32.33669967,0,0
281739,0,0,27.22288465,28.60554201,0,31.10049087
2161803,0,0,0,0,0,0
152297,0,0,0,0,0,0
3230984,0,0,0,0,0,0
3233380,0,0,0,0,0,0
3404047,0,0,0,77.11059151,0,0
2675216,0,0,0,17.41206905,0,0
69370,0,0,38.1120385,48.5050495,0,0
2715232,0,67.16736887,0,0,0,0
3049801,0,0,0,32.33669967,53.91188488,0
1646,0,0,0,0,0,0
3051998,0,0,0,0,0,0
345632,0,0,43.55661543,42.28645341,0,0
2962597,0,0,0,85.81662604,0,0
67267,0,0,0,85.81662604,0,0
62319,0,0,0,26.11810358,0,38.87561359
2856338,0,0,0,0,0,38.87561359
747457,0,85.4857422,0,0,0,0
871584,0,85.4857422,0,0,0,0
3426936,0,85.4857422,0,0,0,0
3050298,0,67.16736887,0,0,0,0
2879619,0,0,65.33492315,19.89950749,0,0
2961570,0,0,0,18.65578827,0,0
2931983,0,0,0,72.13571464,0,0
2933777,0,0,0,0,0,0
3059822,0,0,0,0,0,0
3064287,0,0,35.38975004,49.74876872,0,0
2508289,0,0,0,63.42968012,0,0
468914,0,0,27.22288465,33.58041888,0,0
2911853,0,0,0,0,0,0
3133286,0,0,0,65.91711855,0,0
1048396,0,0,27.22288465,26.11810358,0,0
122355,0,0,46.2789039,38.55529576,0,0
2247,0,0,0,41.04273419,0,0
2961939,0,0,0,48.5050495,0,36.28390601
186192,0,0,0,39.79901497,0,0
1871049,0,0,0,62.1859609,0,0
1853699,0,0,43.55661543,41.04273419,0,0
3445779,0,0,0,55.96736481,0,0
3115848,0,0,0,22.38694592,0,62.20098174
3423221,0,0,0,84.57290682,0,0
1701090,0,0,0,84.57290682,0,0
1769,0,73.27349331,0,0,0,0
3418421,0,0,57.16805776,27.36182279,0,0
3374550,0,0,0,29.84926123,0,0
2052056,0,0,29.94517311,0,0,0
301375,0,0,43.55661543,0,0,0
2921718,0,0,0,0,0,0
2986803,0,0,0,0,0,0
1884916,0,0,0,0,0,31.10049087
3032584,0,0,0,0,0,28.5087833
3127459,0,0,0,0,0,0
38290,0,0,0,16.16834983,0,0
3023076,0,73.27349331,0,0,0,0
203263,0,0,0,0,73.16612947,0
300028,0,0,0,52.23620715,0,0
3115001,0,0,0,83.3291876,0,0
3096010,0,0,0,83.3291876,0,0
2606451,0,0,0,83.3291876,0,0
3383590,0,0,0,0,61.61358271,0
328692,0,0,0,29.84926123,0,28.5087833
2316085,0,0,0,0,0,44.05902873
1955814,0,0,0,0,0,62.20098174
2961598,0,0,0,23.63066514,0,0
1982577,0,0,68.05721161,14.92463062,0,0
46679,0,0,0,44.77389185,0,0
3138179,0,0,0,16.16834983,0,0
3381355,0,0,0,0,0,82.93464232
3066130,0,0,0,0,0,82.93464232
238800,0,0,0,0,0,82.93464232
2734141,0,0,0,0,0,82.93464232
2884455,0,0,0,55.96736481,0,0
712411,0,0,29.94517311,19.89950749,0,0
3237372,0,0,0,67.16083777,0,0
1795888,0,0,0,0,0,0
1982225,0,0,0,0,0,0
3061632,0,0,0,69.64827621,0,0
114707,0,0,0,48.5050495,0,0
1947037,0,0,0,14.92463062,0,0
1495650,0,0,0,34.8241381,0,0
2080740,0,0,0,22.38694592,46.21018704,0
279828,0,0,0,43.53017263,0,0
3446693,0,0,0,0,0,0
1229164,0,0,27.22288465,44.77389185,0,0
153731,0,0,46.2789039,36.06785732,0,0
2879617,0,0,46.2789039,36.06785732,0,0
899,0,0,0,24.87438436,0,0
56450,0,0,0,28.60554201,0,31.10049087
1629550,0,0,0,0,0,31.10049087
2887345,0,0,0,0,0,72.56781203
2933290,0,0,0,82.08546838,0,0
1573711,0,0,51.72348083,0,0,0
373540,0,0,0,0,0,0
2956300,0,0,0,0,0,0
2771430,0,0,54.44576929,27.36182279,0,0
683150,0,0,54.44576929,27.36182279,0,0
141389,0,0,0,72.13571464,0,0
683047,0,0,38.1120385,43.53017263,0,0
3095608,0,0,0,39.79901497,0,0
266805,0,0,0,0,0,0
2975692,0,0,0,0,0,0
1231063,0,0,0,54.72364559,0,0
3374103,0,0,0,34.8241381,0,46.6507363
3068506,0,0,0,0,0,0
1902245,0,0,0,0,0,0
3060540,0,0,0,0,0,0
1340801,0,0,0,0,0,0
1936029,0,0,0,52.23620715,0,0
200252,0,0,35.38975004,46.01761106,0,0
2259638,0,0,0,22.38694592,0,0
2732590,0,0,0,0,0,57.01756659
1499686,0,0,32.66746157,48.5050495,0,0
490759,0,0,0,26.11810358,0,0
157779,0,0,0,42.28645341,0,38.87561359
2931975,0,0,0,47.26133028,0,33.69219844
2201356,0,0,0,34.8241381,0,0
3066173,0,0,0,0,0,0
3388490,0,0,0,34.8241381,0,0
739,0,0,0,0,0,62.20098174
409290,0,0,38.1120385,42.28645341,0,0
634,0,0,0,0,0,80.34293475
2843753,0,0,0,0,0,80.34293475
3416181,0,0,0,18.65578827,0,0
3412482,0,0,0,0,0,0
2714355,0,0,0,27.36182279,0,36.28390601
2903856,0,0,0,43.53017263,0,0
2866627,0,0,0,29.84926123,38.5084892,0
3418416,0,0,43.55661543,36.06785732,0,0
286802,0,0,43.55661543,36.06785732,0,0
2975624,0,0,0,79.59802995,0,0
479978,0,0,0,79.59802995,0,0
156978,0,0,0,31.09298045,0,36.28390601
2911495,0,0,0,58.45480324,0,0
2755559,0,0,40.83432697,38.55529576,0,0
1852377,0,79.37961776,0,0,0,0
1871019,0,0,0,17.41206905,0,38.87561359
2079793,0,0,0,69.64827621,0,0
1785145,0,0,35.38975004,0,0,0
1806885,0,0,38.1120385,41.04273419,0,0
2711328,0,0,0,23.63066514,0,0
199136,0,0,0,17.41206905,61.61358271,0
2201,0,0,0,14.92463062,0,0
651457,0,0,0,0,0,0
1750535,0,0,0,0,0,59.60927417
2604158,0,0,32.66746157,46.01761106,0,0
2866201,0,0,0,0,0,67.38439688
3239978,0,0,46.2789039,32.33669967,0,0
2596912,0,0,0,33.58041888,0,33.69219844
712435,0,0,0,32.33669967,46.21018704,0
131112,0,0,0,0,0,0
2518599,0,0,0,78.35431073,0,0
2903579,0,0,0,78.35431073,0,0
162393,0,0,0,78.35431073,0,0
2841594,0,0,0,78.35431073,0,0
2058657,0,0,0,78.35431073,0,0
2714931,0,0,0,78.35431073,0,0
2903670,0,0,0,53.47992637,0,0
3156399,0,0,0,63.42968012,0,0
2609255,0,0,0,54.72364559,0,0
2026240,0,0,0,46.01761106,0,0
2560010,0,0,54.44576929,23.63066514,0,0
3391182,0,0,0,0,0,0
35786,0,0,0,0,0,0
2107708,0,0,0,0,0,33.69219844
2675054,0,0,0,18.65578827,0,0
122420,0,0,0,0,0,0
3066238,0,0,0,0,0,59.60927417
2608867,0,0,0,0,0,77.75122717
2954064,0,0,0,0,0,77.75122717
2813727,0,0,29.94517311,13.6809114,0,0
69963,0,0,0,55.96736481,0,0
2976676,0,0,0,0,0,0
75291,0,0,0,0,0,0
2722751,0,0,0,0,0,0
229980,0,0,0,0,0,0
2991729,0,0,0,34.8241381,0,0
3373597,0,0,0,32.33669967,0,31.10049087
2496867,0,0,43.55661543,22.38694592,0,0
2282475,0,0,0,77.11059151,0,0
2975855,0,0,0,77.11059151,0,0
59299,0,0,0,77.11059151,0,0
3074146,0,0,0,39.79901497,0,0
1573719,0,0,0,36.06785732,0,0
3239961,0,0,0,29.84926123,0,0
3004129,0,0,0,12.43719218,0,0
1897061,0,0,0,49.74876872,0,0
1682490,0,0,0,34.8241381,0,0
3060212,0,0,32.66746157,0,0,0
2983222,0,0,0,0,0,0
2895493,0,0,0,37.31157654,0,0
2997426,0,0,0,0,0,0
3445784,0,0,0,0,0,0
3028711,0,0,0,48.5050495,0,0
2745504,0,0,0,14.92463062,50.06103596,0
2830995,0,0,0,37.31157654,0,0
743836,0,0,76.22407701,0,0,0
2811781,0,0,0,0,42.35933812,0
1884913,0,0,0,13.6809114,0,0
370764,0,0,0,50.99248794,0,0
2955344,0,0,46.2789039,29.84926123,0,0
3230994,0,0,0,0,0,0
3239904,0,0,0,0,0,0
164516,0,0,0,0,0,49.24244388
52771,0,0,29.94517311,46.01761106,0,0
1003114,0,0,0,75.86687229,0,0
2903672,0,0,0,75.86687229,0,0
3434457,0,0,0,75.86687229,0,0
3029060,0,0,0,38.55529576,0,0
1610493,0,0,0,60.94224168,0,0
2843645,0,0,0,0,0,0
2965074,0,0,0,0,0,0
2775920,0,0,0,0,0,0
2072409,0,0,0,0,0,0
2850561,0,0,0,0,0,0
3439066,0,0,0,0,0,0
362457,0,0,0,0,0,62.20098174
2763257,0,0,0,55.96736481,0,0
35773,0,0,0,0,0,0
3064161,0,0,0,0,0,0
657642,0,0,0,42.28645341,0,0
1795832,0,0,0,23.63066514,0,0
2691580,0,0,29.94517311,0,0,0
262324,0,0,0,74.62315308,0,0
2184519,0,0,0,74.62315308,0,0
712270,0,0,0,74.62315308,0,0
2201999,0,0,0,74.62315308,0,0
2081051,0,0,0,0,0,0
1804624,0,0,40.83432697,33.58041888,0,0
2689102,0,0,0,0,0,46.6507363
2683680,0,0,0,0,0,49.24244388
2949614,0,0,0,0,0,54.42585902
2558174,0,0,38.1120385,13.6809114,0,0
3048583,0,0,0,33.58041888,0,0
2778055,0,0,0,0,0,0
1844971,0,0,0,23.63066514,0,0
3016342,0,0,0,37.31157654,0,0
92490,0,0,73.50178854,0,0,0
3014995,0,0,0,44.77389185,0,0
3133274,0,0,0,73.37943386,0,0
3133301,0,0,0,73.37943386,0,0
2903586,0,0,0,73.37943386,0,0
73919,0,0,0,73.37943386,0,0
55779,0,0,0,0,57.76273379,0
163003,0,73.27349331,0,0,0,0
3433539,0,73.27349331,0,0,0,0
1674922,0,0,0,0,0,0
2610902,0,0,0,0,0,0
1486991,0,0,0,21.14322671,0,51.83415145
339268,0,0,0,46.01761106,0,0
3461144,0,0,0,0,0,0
33053,0,0,0,0,0,0
1633,0,0,0,0,0,0
3398356,0,0,0,0,0,54.42585902
1715989,0,0,0,36.06785732,0,0
3351346,0,0,0,0,0,0
2718620,0,0,0,18.65578827,0,0
68280,0,0,0,47.26133028,0,0
2992837,0,0,0,36.06785732,0,0
2975634,0,0,0,49.74876872,0,0
3049799,0,0,0,0,0,28.5087833
2770551,0,0,29.94517311,42.28645341,0,0
1710539,0,0,0,18.65578827,0,0
3445774,0,0,43.55661543,28.60554201,0,0
1780,0,0,43.55661543,28.60554201,0,0
3133296,0,0,0,72.13571464,0,0
59561,0,0,0,72.13571464,0,0
56956,0,0,0,43.53017263,0,28.5087833
3117733,0,0,0,26.11810358,0,28.5087833
71998,0,0,0,0,0,31.10049087
1177712,0,0,0,59.69852246,0,0
10683,0,0,35.38975004,0,0,0
2719119,0,0,0,0,0,44.05902873
126673,0,0,38.1120385,33.58041888,0,0
3388491,0,0,0,27.36182279,0,0
2094151,0,0,0,0,0,0
91915,0,0,38.1120385,18.65578827,0,0
216142,0,0,0,42.28645341,0,0
2861288,0,0,0,32.33669967,0,0
2714945,0,0,32.66746157,38.55529576,0,0
2895486,0,0,0,19.89950749,0,0
3374281,0,0,0,0,0,0
1684483,0,0,0,0,0,0
2772401,0,0,0,34.8241381,0,36.28390601
2876194,0,0,0,31.09298045,0,0
2173831,0,0,29.94517311,41.04273419,0,0
675090,0,0,0,19.89950749,0,0
3229275,0,0,0,70.89199542,0,0
2932253,0,0,0,70.89199542,0,0
2903869,0,0,0,70.89199542,0,0
3458249,0,0,0,70.89199542,0,0
326523,0,0,0,16.16834983,0,0
445930,0,0,40.83432697,29.84926123,0,0
3066214,0,0,0,0,0,0
3411633,0,0,0,0,0,0
1366055,0,0,0,0,0,0
2483360,0,0,0,16.16834983,0,54.42585902
3093767,0,0,0,18.65578827,0,0
3090665,0,0,0,0,0,0
3429804,0,0,0,0,0,0
3451557,0,0,38.1120385,32.33669967,0,0
3395314,0,0,0,43.53017263,0,0
1458425,0,0,0,39.79901497,0,0
1868734,0,0,0,0,0,0
1671680,0,0,35.38975004,34.8241381,0,0
2922394,0,0,0,38.55529576,0,0
2969672,0,0,0,0,0,0
68233,0,0,0,42.28645341,0,0
927614,0,0,0,0,0,0
3133295,0,0,0,0,0,69.97610446
2842349,0,0,46.2789039,0,0,0
119981,0,0,43.55661543,26.11810358,0,0
578928,0,0,0,69.64827621,0,0
43617,0,0,0,69.64827621,0,0
2968968,0,0,0,69.64827621,0,0
1761789,0,0,0,69.64827621,0,0
2796366,0,0,0,69.64827621,0,0
2483401,0,0,0,69.64827621,0,0
2785056,0,0,0,46.01761106,0,0
61,0,0,0,0,0,0
2774706,0,0,0,0,0,0
2846098,0,0,0,0,0,0
1503055,0,0,0,48.5050495,0,0
2925318,0,0,0,0,69.31528055,0
40990,0,0,0,50.99248794,0,0
1494608,0,0,38.1120385,22.38694592,0,0
2585119,0,0,0,24.87438436,0,0
3022769,0,0,0,44.77389185,0,0
35746,0,0,0,16.16834983,0,0
359303,0,0,0,22.38694592,0,46.6507363
3140252,0,0,0,42.28645341,0,0
3433538,0,0,0,0,0,0
2774460,0,0,0,0,0,0
866786,0,0,0,0,0,0
3066297,0,0,0,0,0,0
3398358,0,0,0,21.14322671,0,33.69219844
274539,0,0,0,32.33669967,0,36.28390601
3096996,0,0,0,0,0,0
2750620,0,0,0,0,0,0
29539,0,0,29.94517311,38.55529576,0,0
178339,0,0,0,57.21108403,0,0
2608999,0,0,0,68.40455699,0,0
2903893,0,0,0,68.40455699,0,0
2903660,0,0,0,68.40455699,0,0
2903714,0,0,0,68.40455699,0,0
3111768,0,0,0,68.40455699,0,0
3016097,0,0,0,68.40455699,0,0
3002742,0,0,0,0,0,0
2864207,0,0,0,0,0,44.05902873
487529,0,0,0,0,0,0
1705617,0,0,0,0,0,0
415421,0,0,0,41.04273419,0,0
2961994,0,0,0,17.41206905,0,0
2716879,0,0,0,0,0,0
3230998,0,0,0,0,0,0
3433200,0,0,0,0,0,0
118126,0,0,0,23.63066514,0,0
1586232,0,0,0,36.06785732,0,31.10049087
78258,0,67.16736887,0,0,0,0
3240766,0,0,0,67.16083777,0,0
2903820,0,0,0,67.16083777,0,0
1169025,0,0,0,67.16083777,0,0
2851649,0,0,0,67.16083777,0,0
3435230,0,0,0,67.16083777,0,0
2795215,0,0,0,67.16083777,0,0
2071627,0,0,0,67.16083777,0,0
1288494,0,0,0,17.41206905,0,0
2992242,0,0,0,0,0,0
230709,0,0,0,0,0,0
1806216,0,0,0,0,0,0
2499157,0,0,0,0,0,0
2895485,0,0,0,0,0,0
2903766,0,0,0,0,0,0
3066281,0,0,0,0,0,0
2784880,0,0,0,13.6809114,0,0
629680,0,0,0,22.38694592,0,0
2675099,0,0,0,27.36182279,0,0
1462996,0,0,0,17.41206905,0,0
3098076,0,0,0,33.58041888,0,0
3122488,0,0,0,0,0,0
3066319,0,0,0,0,0,0
2560831,0,0,0,0,0,0
1499308,0,0,0,65.91711855,0,0
2992573,0,0,0,65.91711855,0,0
2161816,0,0,0,65.91711855,0,0
31965,0,0,0,65.91711855,0,0
2316359,0,0,0,65.91711855,0,0
2652803,0,0,0,0,0,31.10049087
1323731,0,0,0,44.77389185,0,0
2211106,0,0,0,26.11810358,0,0
2781952,0,0,0,0,0,0
2886505,0,0,0,0,0,0
2734369,0,0,0,0,0,0
289370,0,0,0,53.47992637,0,0
376620,0,0,65.33492315,0,0,0
177758,0,0,65.33492315,0,0,0
38302,0,0,0,34.8241381,0,0
3398212,0,0,0,0,0,0
3003619,0,0,0,0,0,0
3038545,0,0,0,0,0,0
266009,0,0,0,0,0,0
1720526,0,0,0,0,0,0
1922544,0,0,0,0,0,0
653940,0,0,0,0,0,64.79268931
3379815,0,0,0,0,0,64.79268931
2771362,0,0,0,64.67339933,0,0
43990,0,0,0,64.67339933,0,0
54914,0,0,0,0,0,0
3404115,0,0,0,0,0,0
3388566,0,0,0,0,0,0
2170045,0,0,0,0,0,0
1715285,0,0,0,0,0,33.69219844
3020716,0,0,0,0,0,41.46732116
2055947,0,0,0,0,0,25.91707572
1611770,0,0,0,53.47992637,0,0
56877,0,0,0,13.6809114,0,28.5087833
368607,0,0,0,24.87438436,0,25.91707572
3131931,0,0,0,63.42968012,0,0
3045157,0,0,0,63.42968012,0,0
2870860,0,0,0,63.42968012,0,0
1478019,0,0,0,63.42968012,0,0
3238624,0,0,0,63.42968012,0,0
3074897,0,0,0,63.42968012,0,0
67326,0,0,0,63.42968012,0,0
2500546,0,0,0,63.42968012,0,0
2592652,0,0,0,63.42968012,0,0
273678,0,0,0,34.8241381,0,28.5087833
1394,0,0,0,0,0,0
1938334,0,0,0,0,0,0
2864102,0,0,0,33.58041888,0,0
2060092,0,0,0,0,0,0
1926968,0,0,0,0,0,0
3050269,0,0,0,0,0,0
52774,0,0,38.1120385,24.87438436,0,0
2861279,0,0,0,18.65578827,0,31.10049087
83986,0,0,0,19.89950749,0,0
3090699,0,0,0,23.63066514,0,0
3016091,0,0,0,46.01761106,0,0
2813778,0,0,0,37.31157654,0,0
453836,0,0,0,0,0,0
2055893,0,0,0,18.65578827,0,0
3047786,0,0,0,0,0,31.10049087
35817,0,0,0,0,0,33.69219844
1017351,0,0,0,28.60554201,0,33.69219844
2681308,0,0,0,0,0,62.20098174
3009083,0,0,0,62.1859609,0,0
3140250,0,0,0,62.1859609,0,0
83456,0,0,0,62.1859609,0,0
3341830,0,0,0,62.1859609,0,0
3404049,0,0,0,62.1859609,0,0
1414719,0,0,0,62.1859609,0,0
3230978,0,0,0,24.87438436,0,0
502394,0,0,0,47.26133028,0,0
2025658,0,0,0,0,0,0
2979331,0,0,0,0,0,0
1667,0,0,0,0,0,0
3426548,0,0,0,0,0,0
1971485,0,0,0,0,42.35933812,0
762660,0,0,0,0,0,38.87561359
2903646,0,0,0,38.55529576,0,0
2745518,0,0,0,0,0,36.28390601
2025659,0,0,0,0,0,0
658401,0,0,0,0,0,0
52773,0,61.06124443,0,0,0,0
1984781,0,61.06124443,0,0,0,0
3430779,0,61.06124443,0,0,0,0
3432517,0,61.06124443,0,0,0,0
3052803,0,61.06124443,0,0,0,0
3428771,0,61.06124443,0,0,0,0
167957,0,0,0,0,0,0
2975980,0,0,0,32.33669967,0,0
794846,0,0,0,60.94224168,0,0
2814653,0,0,0,60.94224168,0,0
3238628,0,0,0,60.94224168,0,0
2967224,0,0,0,60.94224168,0,0
67255,0,0,0,60.94224168,0,0
2975966,0,0,0,60.94224168,0,0
444597,0,0,0,60.94224168,0,0
2975979,0,0,0,60.94224168,0,0
1282737,0,0,0,60.94224168,0,0
3026162,0,0,0,60.94224168,0,0
2734120,0,0,0,0,0,0
3066184,0,0,0,0,0,0
38303,0,0,0,0,0,0
3048149,0,0,0,0,0,0
1704076,0,0,0,0,0,38.87561359
3116482,0,0,0,42.28645341,0,0
1661694,0,0,0,33.58041888,0,0
44752,0,0,0,33.58041888,0,0
1849032,0,0,35.38975004,24.87438436,0,0
194197,0,0,0,21.14322671,0,0
35757,0,0,0,12.43719218,0,28.5087833
3155932,0,0,0,23.63066514,0,0
3394855,0,0,0,0,0,0
3115152,0,0,0,0,0,0
2921432,0,0,0,0,0,0
1131462,0,0,0,0,0,0
3114695,0,0,0,0,0,0
3051617,0,0,0,0,0,0
2762577,0,0,0,26.11810358,0,33.69219844
3068275,0,0,29.94517311,29.84926123,0,0
2843303,0,0,0,59.69852246,0,0
1040979,0,0,0,59.69852246,0,0
3448171,0,0,0,59.69852246,0,0
743009,0,0,0,59.69852246,0,0
3132259,0,0,0,59.69852246,0,0
3459136,0,0,0,59.69852246,0,0
2995145,0,0,0,59.69852246,0,0
3109564,0,0,0,59.69852246,0,0
211502,0,0,27.22288465,19.89950749,0,0
555573,0,0,0,41.04273419,0,0
3136739,0,0,38.1120385,21.14322671,0,0
3031998,0,0,0,46.01761106,0,0
260149,0,0,0,0,0,0
3047383,0,0,0,0,0,0
512298,0,0,0,39.79901497,0,0
3112558,0,0,0,42.28645341,0,0
2338327,0,0,0,58.45480324,0,0
1909299,0,0,0,58.45480324,0,0
2746321,0,0,0,58.45480324,0,0
2975849,0,0,0,58.45480324,0,0
1437453,0,0,0,58.45480324,0,0
2746961,0,0,0,58.45480324,0,0
67294,0,0,0,58.45480324,0,0
2663859,0,0,0,58.45480324,0,0
1906274,0,0,0,58.45480324,0,0
2994664,0,0,0,58.45480324,0,0
745408,0,0,0,58.45480324,0,0
3066235,0,0,0,0,0,0
2709394,0,0,0,0,0,0
2914983,0,0,40.83432697,0,0,0
1807141,0,0,0,0,0,0
132919,0,0,0,0,0,0
2841303,0,0,0,0,0,0
472569,0,0,0,0,0,46.6507363
3423951,0,0,0,33.58041888,0,0
2104,0,0,0,0,0,31.10049087
2583374,0,0,0,0,57.76273379,0
191610,0,0,0,26.11810358,0,0
2560269,0,0,0,0,0,25.91707572
277,0,0,0,18.65578827,0,38.87561359
3428186,0,0,43.55661543,0,0,0
1871043,0,0,0,43.53017263,0,0
588898,0,0,0,17.41206905,0,0
3234138,0,0,0,0,0,0
2576356,0,0,0,0,0,0
459858,0,0,0,26.11810358,0,31.10049087
1550728,0,0,0,57.21108403,0,0
2661553,0,0,0,57.21108403,0,0
3020055,0,0,0,57.21108403,0,0
1577075,0,0,0,57.21108403,0,0
3015156,0,0,0,57.21108403,0,0
59737,0,0,0,32.33669967,0,0
2675787,0,0,0,0,0,33.69219844
2006980,0,0,0,0,0,57.01756659
3230995,0,0,0,0,0,57.01756659
3430721,0,0,0,0,0,57.01756659
2903831,0,0,0,44.77389185,0,0
28028,0,0,38.1120385,18.65578827,0,0
2684212,0,0,0,24.87438436,0,0
101534,0,0,0,0,0,0
1839798,0,0,0,0,0,0
2921415,0,0,0,0,0,0
3024576,0,0,0,0,0,0
2903898,0,0,0,0,0,0
3427283,0,0,0,0,0,0
2614442,0,0,0,39.79901497,0,0
3053904,0,0,0,22.38694592,0,0
54006,0,0,0,0,0,46.6507363
1435347,0,0,0,0,0,0
2867026,0,0,0,55.96736481,0,0
515415,0,0,0,55.96736481,0,0
1272,0,0,0,55.96736481,0,0
2785123,0,0,0,0,0,0
2779519,0,0,0,27.36182279,0,28.5087833
1283291,0,0,0,41.04273419,0,0
3051615,0,0,0,0,0,0
2069255,0,0,0,0,0,0
492,0,0,0,0,0,31.10049087
2489212,0,0,0,39.79901497,0,0
1855613,0,0,0,0,0,31.10049087
1825069,0,0,0,0,0,36.28390601
3066168,0,0,0,0,0,0
2751478,0,0,0,42.28645341,0,0
54077,0,0,0,0,0,28.5087833
2986280,0,0,0,27.36182279,0,0
85085,0,0,32.66746157,22.38694592,0,0
2956108,0,0,46.2789039,0,0,0
3048493,0,0,0,54.72364559,0,0
3075222,0,0,0,54.72364559,0,0
2927875,0,0,0,54.72364559,0,0
3140248,0,0,0,54.72364559,0,0
2609258,0,0,0,54.72364559,0,0
3163031,0,0,0,54.72364559,0,0
3016092,0,0,0,54.72364559,0,0
2033033,0,0,0,29.84926123,0,0
2952152,0,0,0,0,0,0
2813780,0,0,0,0,0,0
1884915,0,0,0,0,0,0
2282148,0,0,0,0,0,28.5087833
2570351,0,0,54.44576929,0,0,0
2895487,0,0,0,0,0,54.42585902
46355,0,0,0,23.63066514,0,0
488729,0,0,0,32.33669967,0,0
223392,0,0,0,43.53017263,0,0
2956223,0,0,0,0,53.91188488,0
2733930,0,0,0,0,53.91188488,0
753084,0,0,0,0,53.91188488,0
3116480,0,0,0,0,0,0
876364,0,0,0,0,0,0
2563662,0,0,0,0,0,0
3047695,0,0,0,0,0,0
3052630,0,0,0,0,0,0
2953747,0,0,0,17.41206905,0,36.28390601
2570468,0,0,0,0,0,25.91707572
2849642,0,0,0,0,0,33.69219844
1428684,0,0,0,0,0,36.28390601
2067959,0,0,0,0,0,0
3410924,0,0,0,0,0,0
1175445,0,0,0,0,0,0
3424718,0,0,0,53.47992637,0,0
2799325,0,0,0,53.47992637,0,0
3239284,0,0,0,53.47992637,0,0
202862,0,0,0,53.47992637,0,0
2875948,0,0,0,53.47992637,0,0
156977,0,0,0,53.47992637,0,0
2739057,0,0,0,53.47992637,0,0
1855377,0,0,0,0,0,0
3052510,0,0,0,0,0,0
3047353,0,0,0,0,0,0
2864213,0,0,0,26.11810358,0,0
33075,0,0,0,28.60554201,0,0
2518343,0,0,0,37.31157654,0,0
3391579,0,0,0,0,0,0
2979330,0,0,0,0,0,0
2769078,0,0,0,0,0,0
2859227,0,0,0,0,0,0
3003247,0,0,0,26.11810358,0,0
754514,0,0,0,0,0,0
3430773,0,0,0,0,0,0
361111,0,0,0,29.84926123,0,0
3048629,0,0,0,41.04273419,0,0
3050266,0,0,0,0,0,0
3425947,0,0,0,52.23620715,0,0
2724122,0,0,0,52.23620715,0,0
3133310,0,0,0,52.23620715,0,0
556499,0,0,0,52.23620715,0,0
3135263,0,0,0,52.23620715,0,0
3050069,0,0,0,52.23620715,0,0
1913979,0,0,0,52.23620715,0,0
3230986,0,0,0,0,0,0
307580,0,0,0,0,0,0
3077723,0,0,0,0,0,0
2929493,0,0,0,26.11810358,0,25.91707572
2754727,0,0,0,0,0,51.83415145
2972775,0,0,0,0,0,51.83415145
548913,0,0,0,0,0,51.83415145
361575,0,0,0,38.55529576,0,0
3344879,0,0,0,0,0,0
2951138,0,0,0,0,0,0
2175621,0,0,0,0,0,0
3075124,0,0,0,37.31157654,0,0
3043447,0,0,0,0,0,0
195522,0,0,0,0,0,0
1889240,0,0,29.94517311,21.14322671,0,0
3235106,0,0,0,0,0,0
1206777,0,0,0,31.09298045,0,0
2781022,0,0,0,50.99248794,0,0
3068889,0,0,0,50.99248794,0,0
2975733,0,0,0,50.99248794,0,0
2975747,0,0,0,50.99248794,0,0
36805,0,0,0,50.99248794,0,0
2761047,0,0,0,50.99248794,0,0
71254,0,0,0,50.99248794,0,0
3047947,0,0,0,0,0,0
2565366,0,0,0,29.84926123,0,0
3235111,0,0,0,23.63066514,0,0
2976335,0,0,0,21.14322671,0,0
807,0,0,0,0,0,0
2824910,0,0,0,0,0,0
2875729,0,0,0,19.89950749,0,0
349751,0,0,0,0,50.06103596,0
62320,0,0,0,36.06785732,0,0
2072407,0,0,0,49.74876872,0,0
2903757,0,0,0,49.74876872,0,0
3231942,0,0,0,49.74876872,0,0
3078227,0,0,0,49.74876872,0,0
1176198,0,0,0,49.74876872,0,0
3140787,0,0,0,49.74876872,0,0
2811421,0,0,0,49.74876872,0,0
1644129,0,0,0,49.74876872,0,0
2949630,0,0,0,0,0,0
3139315,0,0,0,0,0,0
3060756,0,0,0,0,0,0
1507808,0,0,35.38975004,0,0,0
497725,0,0,0,0,0,49.24244388
3432031,0,0,0,0,0,49.24244388
2876193,0,0,35.38975004,13.6809114,0,0
1603886,0,0,0,14.92463062,0,0
464988,0,0,0,0,0,0
2204145,0,0,0,0,0,0
3418365,0,0,0,0,0,0
56636,0,0,0,0,0,0
1667168,0,0,0,0,0,0
2169883,0,0,0,0,0,0
1380362,0,0,0,19.89950749,0,0
554344,0,0,0,48.5050495,0,0
2797167,0,0,0,48.5050495,0,0
3049069,0,0,0,48.5050495,0,0
3019890,0,0,0,48.5050495,0,0
2175620,0,0,0,48.5050495,0,0
2768071,0,0,0,48.5050495,0,0
2600159,0,0,0,48.5050495,0,0
3162566,0,0,0,48.5050495,0,0
3033388,0,0,0,48.5050495,0,0
634121,0,0,0,0,0,38.87561359
3066217,0,0,0,0,0,0
496857,0,0,0,32.33669967,0,0
110933,0,0,0,34.8241381,0,0
44930,0,0,35.38975004,12.43719218,0,0
1932360,0,0,0,26.11810358,0,0
358766,0,0,0,0,0,0
3113369,0,0,0,0,0,0
2879621,0,0,0,0,0,0
2560545,0,0,0,0,0,0
2883169,0,0,0,28.60554201,0,0
2940301,0,0,0,0,0,38.87561359
2094119,0,0,0,36.06785732,0,0
2842357,0,0,0,47.26133028,0,0
157782,0,0,0,47.26133028,0,0
2884874,0,0,0,47.26133028,0,0
2903827,0,0,0,47.26133028,0,0
114687,0,0,0,47.26133028,0,0
3242192,0,0,0,47.26133028,0,0
2175645,0,0,0,47.26133028,0,0
2862880,0,0,0,47.26133028,0,0
2585717,0,0,0,47.26133028,0,0
3415672,0,0,0,47.26133028,0,0
2779775,0,0,0,47.26133028,0,0
3018339,0,0,0,47.26133028,0,0
155537,0,0,0,0,0,0
3059911,0,0,0,0,0,0
951,0,0,0,0,0,0
2992843,0,0,0,0,0,0
2490633,0,0,0,0,0,0
285676,0,0,0,0,0,0
3033389,0,0,0,28.60554201,0,0
3431241,0,0,0,0,0,25.91707572
142058,0,0,0,0,0,46.6507363
2734115,0,0,0,0,0,46.6507363
3377125,0,0,0,29.84926123,0,0
2650745,0,0,46.2789039,0,0,0
326927,0,0,0,0,0,0
3051120,0,0,0,0,0,0
157339,0,0,0,0,0,0
34020,0,0,0,0,0,0
2734158,0,0,0,0,0,0
94694,0,0,0,0,0,0
2610895,0,0,0,14.92463062,0,0
3095337,0,0,0,12.43719218,0,33.69219844
3032281,0,0,0,34.8241381,0,0
2726956,0,0,0,46.01761106,0,0
488446,0,0,0,46.01761106,0,0
2918299,0,0,0,46.01761106,0,0
1458426,0,0,0,46.01761106,0,0
3075197,0,0,0,46.01761106,0,0
2975765,0,0,0,46.01761106,0,0
1736046,0,0,0,46.01761106,0,0
3093850,0,0,0,46.01761106,0,0
3075620,0,0,0,46.01761106,0,0
2663121,0,0,0,46.01761106,0,0
1490225,0,0,0,46.01761106,0,0
2949995,0,0,0,46.01761106,0,0
88724,0,0,0,46.01761106,0,0
28109,0,0,0,0,0,0
2879622,0,0,0,0,0,0
230143,0,0,0,0,0,0
2496837,0,0,0,19.89950749,0,0
3138178,0,0,0,0,0,31.10049087
2580515,0,0,0,0,0,0
36874,0,0,0,0,0,0
2740515,0,0,0,0,0,0
3047677,0,0,0,0,0,0
172827,0,0,0,14.92463062,0,0
3142537,0,0,0,0,0,0
2056231,0,0,0,0,0,0
2903780,0,0,0,0,0,0
84163,0,0,0,0,0,0
2955844,0,0,0,0,0,0
2560336,0,0,0,0,0,0
33871,0,0,32.66746157,12.43719218,0,0
2053930,0,0,0,28.60554201,0,0
3024399,0,0,0,44.77389185,0,0
3130163,0,0,0,44.77389185,0,0
321318,0,0,0,44.77389185,0,0
2994493,0,0,0,0,0,0
3414495,0,0,0,0,0,0
2903781,0,0,0,0,0,0
2903749,0,0,0,0,0,0
2817475,0,0,0,0,0,0
638619,0,0,0,0,0,0
3139323,0,0,0,0,0,0
674079,0,0,0,28.60554201,0,0
2955292,0,0,0,0,0,33.69219844
2996261,0,0,0,22.38694592,0,0
43665,0,0,0,22.38694592,0,0
2478464,0,0,0,0,0,44.05902873
1921710,0,0,0,0,0,44.05902873
3230997,0,0,0,0,0,0
3450718,0,0,0,0,0,0
2949629,0,0,0,43.53017263,0,0
2609415,0,0,0,43.53017263,0,0
66892,0,0,0,43.53017263,0,0
2708084,0,0,0,34.8241381,0,0
1605379,0,0,0,0,0,0
1702170,0,0,0,0,0,0
1194427,0,0,0,0,0,0
529884,0,0,0,0,0,0
3433523,0,0,0,0,0,0
712310,0,0,0,0,0,0
337243,0,0,0,31.09298045,0,0
2937524,0,0,0,13.6809114,0,0
3381348,0,0,0,0,0,0
1870985,0,0,0,32.33669967,0,0
105751,0,0,0,23.63066514,0,0
3016343,0,0,0,0,0,0
712157,0,0,0,0,0,0
2996112,0,0,0,0,0,0
2921430,0,0,0,0,0,0
2749058,0,0,0,0,0,0
2745490,0,0,0,31.09298045,0,0
2903675,0,0,0,31.09298045,0,0
53374,0,0,0,0,42.35933812,0
3060828,0,0,0,0,42.35933812,0
2962888,0,0,0,42.28645341,0,0
2055955,0,0,0,42.28645341,0,0
758826,0,0,0,42.28645341,0,0
2969820,0,0,0,42.28645341,0,0
3041765,0,0,0,42.28645341,0,0
2795488,0,0,0,42.28645341,0,0
1734031,0,0,0,42.28645341,0,0
863575,0,0,0,42.28645341,0,0
3055869,0,0,0,42.28645341,0,0
1121358,0,0,0,42.28645341,0,0
2968475,0,0,0,0,0,0
2734111,0,0,0,0,0,0
2955969,0,0,0,0,0,0
3059995,0,0,0,0,0,0
3426937,0,0,0,0,0,0
3043847,0,0,0,21.14322671,0,0
1758398,0,0,0,23.63066514,0,0
661191,0,0,0,14.92463062,0,0
1231049,0,0,0,0,0,0
2761623,0,0,0,0,0,0
1561022,0,0,0,0,0,0
2967300,0,0,0,0,0,0
1068590,0,0,0,0,0,41.46732116
2929495,0,0,0,0,0,41.46732116
3418422,0,0,0,0,0,41.46732116
1844051,0,0,0,0,0,0
2560334,0,0,0,0,0,0
3060397,0,0,0,0,0,0
3426175,0,0,0,0,0,0
2828862,0,0,0,27.36182279,0,0
1684,0,0,0,12.43719218,0,0
2975645,0,0,0,41.04273419,0,0
3120157,0,0,0,41.04273419,0,0
2652444,0,0,0,41.04273419,0,0
1710540,0,0,0,41.04273419,0,0
2490851,0,0,0,0,0,0
178606,0,0,0,0,0,0
3015166,0,0,0,0,0,0
310769,0,0,0,0,0,0
1547448,0,0,0,31.09298045,0,0
3119004,0,0,0,27.36182279,0,0
83560,0,0,0,0,0,0
3047860,0,0,0,0,0,0
2975977,0,0,0,26.11810358,0,0
1048758,0,0,0,0,0,0
2725684,0,0,0,0,0,0
2867408,0,0,0,0,0,0
3139336,0,0,0,0,0,0
67384,0,0,0,0,0,0
2044576,0,0,0,0,0,0
3066315,0,0,0,0,0,0
2955989,0,0,0,0,0,0
2956469,0,0,0,0,0,0
2956112,0,0,0,0,0,0
927,0,0,0,39.79901497,0,0
3366817,0,0,0,39.79901497,0,0
3074430,0,0,0,39.79901497,0,0
2932245,0,0,0,39.79901497,0,0
3136676,0,0,0,39.79901497,0,0
701042,0,0,0,39.79901497,0,0
1564114,0,0,0,39.79901497,0,0
38301,0,0,0,39.79901497,0,0
3239959,0,0,0,39.79901497,0,0
1750598,0,0,0,0,0,25.91707572
607712,0,0,0,0,0,0
3136737,0,0,0,24.87438436,0,0
227319,0,0,0,12.43719218,0,0
2603292,0,0,0,26.11810358,0,0
2785913,0,0,0,0,0,0
2014541,0,0,0,0,0,0
92245,0,0,0,0,0,0
1868655,0,0,0,0,0,0
135735,0,0,0,0,0,0
254785,0,0,0,0,0,0
2733906,0,0,0,0,0,0
2845399,0,0,0,0,0,0
2282206,0,0,0,0,0,0
2738852,0,0,0,0,0,25.91707572
2066049,0,0,0,0,0,0
1936021,0,0,0,0,0,0
2590775,0,0,0,0,0,0
2097,0,0,0,0,0,0
3060524,0,0,0,0,0,0
2843760,0,0,0,0,0,0
3050308,0,0,0,0,0,0
2850559,0,0,0,0,0,28.5087833
2853159,0,0,0,0,0,38.87561359
3042029,0,0,0,0,0,38.87561359
3230996,0,0,0,0,0,38.87561359
2934340,0,0,0,0,0,38.87561359
3047765,0,0,0,0,0,38.87561359
2678257,0,0,0,27.36182279,0,0
2979461,0,0,0,38.55529576,0,0
2954091,0,0,0,38.55529576,0,0
2760084,0,0,0,38.55529576,0,0
2778064,0,0,0,38.55529576,0,0
3132289,0,0,0,38.55529576,0,0
2175660,0,0,0,38.55529576,0,0
3016094,0,0,0,38.55529576,0,0
2175149,0,0,0,38.55529576,0,0
2250,0,0,0,38.55529576,0,0
1333523,0,0,0,38.55529576,0,0
2733943,0,0,0,0,38.5084892,0
3428500,0,0,0,0,38.5084892,0
1880678,0,0,0,23.63066514,0,0
1637869,0,0,0,26.11810358,0,0
3066283,0,0,0,0,0,0
2734135,0,0,0,0,0,0
2303750,0,0,0,0,0,0
2975778,0,0,0,0,0,0
3056647,0,0,0,0,0,0
3058903,0,0,0,0,0,0
1918723,0,0,38.1120385,0,0,0
3241450,0,0,38.1120385,0,0,0
2894156,0,0,0,0,0,25.91707572
2908651,0,0,0,27.36182279,0,0
2886938,0,0,0,18.65578827,0,0
3068341,0,0,0,21.14322671,0,0
2961597,0,0,0,21.14322671,0,0
366522,0,0,0,0,0,0
2895494,0,0,0,37.31157654,0,0
2903783,0,0,0,37.31157654,0,0
1546107,0,0,0,37.31157654,0,0
1924,0,0,0,37.31157654,0,0
2851646,0,0,0,37.31157654,0,0
2175641,0,0,0,37.31157654,0,0
619291,0,0,0,37.31157654,0,0
2017485,0,0,0,37.31157654,0,0
3109565,0,0,0,37.31157654,0,0
2978474,0,0,0,37.31157654,0,0
3117459,0,0,0,37.31157654,0,0
3069269,0,0,0,0,0,0
2675775,0,0,0,0,0,0
2282124,0,0,0,0,0,0
2954752,0,0,0,0,0,0
1316411,0,0,0,0,0,0
3066307,0,0,0,0,0,0
29292,0,0,0,0,0,0
2560476,0,0,0,0,0,0
1470347,0,0,0,24.87438436,0,0
3048630,0,0,0,23.63066514,0,0
1336740,0,0,0,23.63066514,0,0
2984142,0,0,0,0,0,0
3060716,0,0,0,0,0,0
1586712,0,0,0,0,0,0
3428816,0,0,0,0,0,0
3066296,0,0,0,0,0,0
1932881,0,0,0,0,0,0
2971236,0,0,0,19.89950749,0,0
2316720,0,0,0,0,0,36.28390601
2560631,0,0,0,0,0,36.28390601
417280,0,0,0,0,0,36.28390601
2956139,0,0,0,0,0,36.28390601
2955996,0,0,0,0,0,0
2271,0,0,0,0,0,0
3060804,0,0,0,0,0,0
3414496,0,0,0,36.06785732,0,0
2774459,0,0,0,36.06785732,0,0
2201355,0,0,0,36.06785732,0,0
1163398,0,0,0,36.06785732,0,0
1052,0,0,0,36.06785732,0,0
3398229,0,0,0,36.06785732,0,0
2565934,0,0,0,36.06785732,0,0
2816859,0,0,0,36.06785732,0,0
3385969,0,0,0,36.06785732,0,0
169765,0,0,0,36.06785732,0,0
134034,0,0,0,36.06785732,0,0
2982699,0,0,0,36.06785732,0,0
1839799,0,0,0,36.06785732,0,0
3031996,0,0,0,36.06785732,0,0
3032001,0,0,0,36.06785732,0,0
1852381,0,0,0,18.65578827,0,0
2954101,0,0,0,14.92463062,0,0
1862358,0,0,0,0,0,0
2755386,0,0,0,0,0,0
43659,0,0,0,0,0,0
2937790,0,0,0,0,0,0
220697,0,0,0,0,0,0
3384451,0,0,0,0,0,0
411483,0,0,0,0,0,0
2749071,0,0,0,0,0,0
3059030,0,0,0,23.63066514,0,0
2954096,0,0,0,34.8241381,0,0
3458058,0,0,0,34.8241381,0,0
3022791,0,0,0,34.8241381,0,0
1637862,0,0,0,34.8241381,0,0
573737,0,0,0,34.8241381,0,0
728066,0,0,0,34.8241381,0,0
1768108,0,0,0,34.8241381,0,0
81412,0,0,0,34.8241381,0,0
2909672,0,0,0,26.11810358,0,0
1182568,0,0,0,17.41206905,0,0
2935858,0,0,0,0,0,0
3398214,0,0,0,0,0,0
2975857,0,0,0,0,0,0
2955533,0,0,0,0,0,0
2733372,0,0,0,0,0,0
651740,0,0,0,18.65578827,0,0
2741499,0,0,0,0,0,0
2018052,0,0,0,0,0,0
54252,0,0,0,0,0,0
2964616,0,0,0,0,0,0
2921489,0,0,0,0,0,0
228574,0,0,0,0,0,0
3436239,0,0,0,0,0,33.69219844
931100,0,0,0,0,0,33.69219844
1863,0,0,0,0,0,33.69219844
1846278,0,0,0,0,0,33.69219844
2734134,0,0,0,0,0,33.69219844
2955562,0,0,0,0,0,33.69219844
3050350,0,0,0,0,0,33.69219844
3427847,0,0,0,0,0,33.69219844
3240497,0,0,0,0,0,33.69219844
1923706,0,0,0,0,0,33.69219844
1923698,0,0,0,0,0,33.69219844
2724121,0,0,0,33.58041888,0,0
3404059,0,0,0,33.58041888,0,0
1382803,0,0,0,33.58041888,0,0
920,0,0,0,33.58041888,0,0
194673,0,0,0,33.58041888,0,0
2995140,0,0,0,33.58041888,0,0
3042517,0,0,0,33.58041888,0,0
1357915,0,0,0,18.65578827,0,0
487568,0,0,0,0,0,0
2704652,0,0,0,0,0,0
2927224,0,0,0,0,0,0
2789208,0,0,0,0,0,0
307643,0,0,0,0,0,0
2956181,0,0,0,0,0,0
3031916,0,0,0,22.38694592,0,0
77635,0,0,0,16.16834983,0,0
3132096,0,0,0,0,0,0
70771,0,0,0,0,0,0
2978046,0,0,0,0,0,0
2734106,0,0,0,0,0,0
3388343,0,0,0,32.33669967,0,0
463024,0,0,0,32.33669967,0,0
3160749,0,0,0,32.33669967,0,0
2578107,0,0,0,32.33669967,0,0
156980,0,0,0,32.33669967,0,0
2722820,0,0,0,32.33669967,0,0
1500687,0,0,0,0,0,0
2066024,0,0,0,0,0,0
489,0,0,0,0,0,0
3435187,0,0,0,0,0,0
1987727,0,0,0,0,0,0
548914,0,0,0,0,0,0
10484,0,0,0,0,0,0
147206,0,0,0,22.38694592,0,0
1885674,0,0,0,18.65578827,0,0
2842350,0,0,0,0,0,0
1920990,0,0,0,0,0,0
67307,0,0,0,0,0,0
35780,0,0,0,0,0,0
2993314,0,0,0,0,0,0
113653,0,0,0,0,0,0
242703,0,0,0,0,0,0
2045011,0,0,0,0,0,0
2955765,0,0,0,0,0,0
2560554,0,0,0,0,0,0
2956556,0,0,0,0,0,0
2734008,0,0,0,0,0,0
2651199,0,0,0,21.14322671,0,0
3025782,0,0,0,0,0,0
2954587,0,0,0,0,0,0
232537,0,0,0,0,0,0
3060402,0,0,0,0,0,0
2501954,0,0,0,0,0,0
155925,0,0,0,19.89950749,0,0
2576923,0,0,0,0,0,31.10049087
2016373,0,0,0,0,0,31.10049087
1981173,0,0,0,31.09298045,0,0
1785161,0,0,0,31.09298045,0,0
3111774,0,0,0,31.09298045,0,0
3143537,0,0,0,31.09298045,0,0
2830997,0,0,0,31.09298045,0,0
2697563,0,0,0,31.09298045,0,0
3059080,0,0,0,31.09298045,0,0
3450454,0,0,0,31.09298045,0,0
2021,0,0,0,31.09298045,0,0
2953748,0,0,0,31.09298045,0,0
508460,0,0,0,18.65578827,0,0
2714951,0,0,0,0,0,0
3059730,0,0,0,0,0,0
3429958,0,0,0,0,0,0
2921370,0,0,0,0,0,0
3060323,0,0,0,0,0,0
3060634,0,0,29.94517311,0,0,0
3431515,0,0,29.94517311,0,0,0
3047759,0,0,29.94517311,0,0,0
3020907,0,0,0,29.84926123,0,0
2895491,0,0,0,29.84926123,0,0
2864204,0,0,0,29.84926123,0,0
686831,0,0,0,29.84926123,0,0
2782166,0,0,0,29.84926123,0,0
2873270,0,0,0,29.84926123,0,0
123320,0,0,0,29.84926123,0,0
745377,0,0,0,29.84926123,0,0
2931977,0,0,0,29.84926123,0,0
2873269,0,0,0,0,0,0
2864202,0,0,0,0,0,0
2058328,0,0,0,0,0,0
44822,0,0,0,0,0,0
3066306,0,0,0,0,0,0
2080449,0,0,0,0,0,0
1699371,0,0,0,19.89950749,0,0
1725232,0,0,0,0,0,0
2488819,0,0,0,0,0,0
1536648,0,0,0,0,0,0
121277,0,0,0,0,0,0
2955958,0,0,0,0,0,0
2955429,0,0,0,0,0,0
1173297,0,0,0,0,0,0
3427055,0,0,0,0,0,0
3428769,0,0,0,0,0,0
33074,0,0,0,0,0,0
3122489,0,0,0,0,0,0
2921710,0,0,0,0,0,0
3427970,0,0,0,0,0,0
3349632,0,0,0,28.60554201,0,0
2742613,0,0,0,28.60554201,0,0
2717697,0,0,0,28.60554201,0,0
332411,0,0,0,28.60554201,0,0
3446480,0,0,0,28.60554201,0,0
3049071,0,0,0,28.60554201,0,0
1793722,0,0,0,28.60554201,0,0
162496,0,0,0,28.60554201,0,0
43667,0,0,0,28.60554201,0,0
2782567,0,0,0,28.60554201,0,0
3064288,0,0,0,28.60554201,0,0
292462,0,0,0,28.60554201,0,0
2014528,0,0,0,28.60554201,0,0
1683,0,0,0,28.60554201,0,0
2872158,0,0,0,28.60554201,0,0
1853690,0,0,0,28.60554201,0,0
1453760,0,0,0,28.60554201,0,0
2675785,0,0,0,0,0,28.5087833
3394854,0,0,0,0,0,28.5087833
79604,0,0,0,0,0,28.5087833
184117,0,0,0,0,0,28.5087833
754058,0,0,0,0,0,28.5087833
2956698,0,0,0,0,0,28.5087833
3428200,0,0,0,0,0,28.5087833
3433814,0,0,0,0,0,28.5087833
224402,0,0,0,12.43719218,0,0
2576932,0,0,0,17.41206905,0,0
3141322,0,0,0,0,0,0
3028807,0,0,0,0,0,0
3075650,0,0,0,0,0,0
1186051,0,0,0,0,0,0
88916,0,0,0,0,0,0
2975748,0,0,0,0,0,0
68179,0,0,0,0,0,0
3077933,0,0,0,0,0,0
387341,0,0,0,16.16834983,0,0
3104265,0,0,0,27.36182279,0,0
2745494,0,0,0,27.36182279,0,0
2764185,0,0,0,27.36182279,0,0
1981031,0,0,0,27.36182279,0,0
1401995,0,0,0,27.36182279,0,0
85336,0,0,0,27.36182279,0,0
2894192,0,0,0,27.36182279,0,0
398694,0,0,0,27.36182279,0,0
3061629,0,0,0,27.36182279,0,0
3068310,0,0,0,27.36182279,0,0
2079535,0,0,0,18.65578827,0,0
2714935,0,0,27.22288465,0,0,0
2955711,0,0,27.22288465,0,0,0
2956060,0,0,27.22288465,0,0,0
53988,0,0,27.22288465,0,0,0
3240578,0,0,27.22288465,0,0,0
2842354,0,0,0,0,0,0
385025,0,0,0,0,0,0
3240788,0,0,0,0,0,0
2719989,0,0,0,0,0,0
3133281,0,0,0,0,0,0
228745,0,0,0,0,0,0
2733907,0,0,0,0,0,0
3059705,0,0,0,0,0,0
2955583,0,0,0,0,0,0
2734235,0,0,0,0,0,0
3043284,0,0,0,0,0,0
3161136,0,0,0,26.11810358,0,0
3418175,0,0,0,26.11810358,0,0
44750,0,0,0,26.11810358,0,0
3111776,0,0,0,26.11810358,0,0
223182,0,0,0,26.11810358,0,0
137545,0,0,0,0,0,0
3071081,0,0,0,0,0,0
3240095,0,0,0,0,0,0
258224,0,0,0,0,0,0
2830990,0,0,0,0,0,0
3400219,0,0,0,0,0,0
2423,0,0,0,0,0,0
2016361,0,0,0,0,0,0
2845137,0,0,0,0,0,25.91707572
2955986,0,0,0,0,0,25.91707572
2843993,0,0,0,0,0,25.91707572
3050251,0,0,0,0,0,25.91707572
1931371,0,0,0,0,0,25.91707572
1497848,0,0,0,0,0,25.91707572
1922892,0,0,0,0,0,25.91707572
362830,0,0,0,0,0,25.91707572
3003620,0,0,0,0,0,0
1819736,0,0,0,0,0,0
3073452,0,0,0,0,0,0
76860,0,0,0,0,0,0
2800128,0,0,0,0,0,0
2903811,0,0,0,0,0,0
708131,0,0,0,0,0,0
1332188,0,0,0,0,0,0
3047716,0,0,0,0,0,0
1053551,0,0,0,24.87438436,0,0
574987,0,0,0,24.87438436,0,0
3447363,0,0,0,24.87438436,0,0
3374104,0,0,0,24.87438436,0,0
670052,0,0,0,24.87438436,0,0
521392,0,0,0,24.87438436,0,0
2909229,0,0,0,24.87438436,0,0
3457577,0,0,0,24.87438436,0,0
712538,0,0,0,24.87438436,0,0
37636,0,0,0,24.87438436,0,0
2963434,0,0,0,24.87438436,0,0
2961574,0,0,0,24.87438436,0,0
90426,0,0,0,0,0,0
2845858,0,0,0,0,0,0
2955208,0,0,0,0,0,0
131081,0,0,0,0,0,0
65123,0,0,0,0,0,0
2956014,0,0,0,0,0,0
2841283,0,0,0,0,0,0
2956210,0,0,0,0,0,0
3048436,0,0,0,0,0,0
3047858,0,0,0,0,0,0
3234143,0,0,0,0,0,0
3455201,0,0,0,0,0,0
42862,0,0,0,0,0,0
355249,0,0,0,0,0,0
2955687,0,0,0,0,0,0
1147042,0,0,0,0,0,0
1649877,0,0,0,23.63066514,0,0
2993566,0,0,0,23.63066514,0,0
57664,0,0,0,23.63066514,0,0
2982524,0,0,0,23.63066514,0,0
2961595,0,0,0,23.63066514,0,0
2870840,0,0,0,0,0,0
2939415,0,0,0,0,0,0
2109687,0,0,0,0,0,0
42838,0,0,0,0,0,0
186171,0,0,0,0,0,0
160233,0,0,0,0,0,0
1980955,0,0,0,0,0,0
1663208,0,0,0,0,0,0
572290,0,0,0,0,0,0
2560706,0,0,0,0,0,0
1923378,0,0,0,0,0,0
3078442,0,0,0,0,0,0
1391455,0,0,0,0,0,0
3138237,0,0,0,12.43719218,0,0
721785,0,0,0,0,0,0
655307,0,0,0,0,0,0
2734126,0,0,0,0,0,0
2956343,0,0,0,0,0,0
3048221,0,0,0,0,0,0
267,0,0,0,22.38694592,0,0
38307,0,0,0,22.38694592,0,0
2745514,0,0,0,22.38694592,0,0
462710,0,0,0,22.38694592,0,0
2175666,0,0,0,22.38694592,0,0
358099,0,0,0,22.38694592,0,0
1960083,0,0,0,22.38694592,0,0
2951804,0,0,0,22.38694592,0,0
2675789,0,0,0,0,0,0
3131929,0,0,0,0,0,0
2953971,0,0,0,0,0,0
2975345,0,0,0,0,0,0
1548602,0,0,0,0,0,0
2983212,0,0,0,0,0,0
3448583,0,0,0,0,0,0
2956144,0,0,0,0,0,0
2955232,0,0,0,0,0,0
2955762,0,0,0,0,0,0
3060748,0,0,0,0,0,0
2126929,0,0,0,0,0,0
1923634,0,0,0,0,0,0
484,0,0,0,21.14322671,0,0
2853258,0,0,0,21.14322671,0,0
1231000,0,0,0,21.14322671,0,0
2709392,0,0,0,21.14322671,0,0
634157,0,0,0,21.14322671,0,0
2747817,0,0,0,21.14322671,0,0
2734052,0,0,0,0,0,0
2755398,0,0,0,0,0,0
3414707,0,0,0,0,0,0
3228746,0,0,0,0,0,0
3081770,0,0,0,0,0,0
3438964,0,0,0,0,0,0
3421173,0,0,0,0,0,0
3366812,0,0,0,0,0,0
2955726,0,0,0,0,0,0
2845178,0,0,0,0,0,0
1813599,0,0,0,0,0,0
933845,0,0,0,0,0,0
2565304,0,0,0,0,0,0
53410,0,0,0,0,0,0
2005046,0,0,0,0,0,0
3066143,0,0,0,0,0,0
2081049,0,0,0,0,0,0
2698900,0,0,0,0,0,0
2749050,0,0,0,0,0,0
3059035,0,0,0,0,0,0
680118,0,0,0,0,0,0
2956266,0,0,0,0,0,0
3060051,0,0,0,0,0,0
2845079,0,0,0,0,0,0
3050246,0,0,0,0,0,0
3050331,0,0,0,0,0,0
3241176,0,0,0,0,0,0
3051417,0,0,0,0,0,0
3133271,0,0,0,19.89950749,0,0
936337,0,0,0,19.89950749,0,0
1259258,0,0,0,19.89950749,0,0
2487344,0,0,0,19.89950749,0,0
152794,0,0,0,19.89950749,0,0
1851395,0,0,0,19.89950749,0,0
28049,0,0,0,19.89950749,0,0
2527867,0,0,0,19.89950749,0,0
869892,0,0,0,19.89950749,0,0
49899,0,0,0,19.89950749,0,0
1008460,0,0,0,0,0,0
2734371,0,0,0,0,0,0
768528,0,0,0,0,0,0
29433,0,0,0,0,0,0
2825975,0,0,0,0,0,0
265883,0,0,0,0,0,0
2039,0,0,0,0,0,0
2155,0,0,0,0,0,0
2560679,0,0,0,0,0,0
3427928,0,0,0,0,0,0
185588,0,0,0,18.65578827,0,0
2973088,0,0,0,18.65578827,0,0
556053,0,0,0,18.65578827,0,0
2859226,0,0,0,18.65578827,0,0
2057798,0,0,0,18.65578827,0,0
1111069,0,0,0,18.65578827,0,0
88190,0,0,0,18.65578827,0,0
35745,0,0,0,18.65578827,0,0
2876190,0,0,0,18.65578827,0,0
2875961,0,0,0,0,0,0
33994,0,0,0,0,0,0
742013,0,0,0,0,0,0
1721,0,0,0,0,0,0
2173174,0,0,0,0,0,0
3016096,0,0,0,0,0,0
311400,0,0,0,0,0,0
3427844,0,0,0,0,0,0
2733635,0,0,0,0,0,0
3068353,0,0,0,0,0,0
1980946,0,0,0,0,0,0
307466,0,0,0,0,0,0
342409,0,0,0,0,0,0
2170255,0,0,0,0,0,0
2730425,0,0,0,17.41206905,0,0
2986281,0,0,0,17.41206905,0,0
2079791,0,0,0,17.41206905,0,0
3447965,0,0,0,17.41206905,0,0
33905,0,0,0,17.41206905,0,0
2734634,0,0,0,17.41206905,0,0
2682776,0,0,0,17.41206905,0,0
2026885,0,0,0,17.41206905,0,0
1457250,0,0,0,17.41206905,0,0
3144666,0,0,0,0,0,0
647,0,0,0,0,0,0
931101,0,0,0,0,0,0
287948,0,0,0,0,0,0
2983213,0,0,0,0,0,0
78259,0,0,0,0,0,0
3031114,0,0,0,0,0,0
2956048,0,0,0,0,0,0
3060305,0,0,0,0,0,0
3430497,0,0,0,0,0,0
3060653,0,0,0,0,0,0
1655646,0,0,0,0,0,0
399742,0,0,0,0,0,0
2817414,0,0,0,0,0,0
2605424,0,0,0,0,0,0
83557,0,0,0,0,0,0
2921382,0,0,0,0,0,0
2025492,0,0,0,0,0,0
2594494,0,0,0,0,0,0
2890314,0,0,0,0,0,0
1671,0,0,0,0,0,0
3022127,0,0,0,0,0,0
108007,0,0,0,0,0,0
2269,0,0,0,0,0,0
2734145,0,0,0,0,0,0
3431480,0,0,0,0,0,0
3052670,0,0,0,0,0,0
3052684,0,0,0,0,0,0
1922860,0,0,0,0,0,0
1923643,0,0,0,0,0,0
3427966,0,0,0,0,0,0
3048408,0,0,0,0,0,0
278132,0,0,0,16.16834983,0,0
2737173,0,0,0,16.16834983,0,0
271,0,0,0,16.16834983,0,0
1602166,0,0,0,0,0,0
136094,0,0,0,0,0,0
3402017,0,0,0,0,0,0
3062275,0,0,0,0,0,0
43674,0,0,0,0,0,0
1816183,0,0,0,0,0,0
2560496,0,0,0,0,0,0
1985693,0,0,0,0,0,0
1980429,0,0,0,0,0,0
3047697,0,0,0,0,0,0
3047704,0,0,0,0,0,0
3047352,0,0,0,0,0,0
3047953,0,0,0,0,0,0
3052219,0,0,0,0,0,0
3342641,0,0,0,14.92463062,0,0
3017361,0,0,0,14.92463062,0,0
2495645,0,0,0,14.92463062,0,0
3079930,0,0,0,14.92463062,0,0
2763056,0,0,0,14.92463062,0,0
2836432,0,0,0,14.92463062,0,0
1873524,0,0,0,14.92463062,0,0
1982371,0,0,0,14.92463062,0,0
1821960,0,0,0,0,0,0
3416667,0,0,0,0,0,0
3398207,0,0,0,0,0,0
3399689,0,0,0,0,0,0
2709410,0,0,0,0,0,0
2023260,0,0,0,0,0,0
69525,0,0,0,0,0,0
2955511,0,0,0,0,0,0
2846180,0,0,0,0,0,0
2846435,0,0,0,0,0,0
3050140,0,0,0,0,0,0
3427923,0,0,0,0,0,0
1917232,0,0,0,0,0,0
3426550,0,0,0,0,0,0
3418654,0,0,0,0,0,0
3051421,0,0,0,0,0,0
3388489,0,0,0,0,0,0
3016341,0,0,0,0,0,0
2745503,0,0,0,0,0,0
716,0,0,0,0,0,0
713030,0,0,0,0,0,0
1436085,0,0,0,0,0,0
3059852,0,0,0,0,0,0
2733994,0,0,0,0,0,0
2560455,0,0,0,0,0,0
2843770,0,0,0,0,0,0
1406788,0,0,0,0,0,0
2845523,0,0,0,0,0,0
2734390,0,0,0,0,0,0
3060785,0,0,0,0,0,0
3048195,0,0,0,0,0,0
2955431,0,0,0,0,0,0
3426832,0,0,0,0,0,0
54254,0,0,0,13.6809114,0,0
1987150,0,0,0,13.6809114,0,0
3432133,0,0,0,13.6809114,0,0
3048435,0,0,0,13.6809114,0,0
1914861,0,0,0,0,0,0
3461145,0,0,0,0,0,0
2895490,0,0,0,0,0,0
96495,0,0,0,0,0,0
2686014,0,0,0,0,0,0
1614,0,0,0,0,0,0
1852379,0,0,0,0,0,0
299422,0,0,0,0,0,0
2734102,0,0,0,0,0,0
2955907,0,0,0,0,0,0
3433337,0,0,0,0,0,0
3050281,0,0,0,0,0,0
3431616,0,0,0,0,0,0
2116599,0,0,0,0,0,0
1100043,0,0,0,0,0,0
181487,0,0,0,12.43719218,0,0
3158571,0,0,0,0,0,0
1258,0,0,0,0,0,0
3059703,0,0,0,0,0,0
2844144,0,0,0,0,0,0
3060803,0,0,0,0,0,0
3060630,0,0,0,0,0,0
880161,0,0,0,0,0,0
3052448,0,0,0,0,0,0
3052587,0,0,0,0,0,0
2654238,0,0,0,0,0,0
2867409,0,0,0,0,0,0
2769067,0,0,0,0,0,0
1985716,0,0,0,0,0,0
2846183,0,0,0,0,0,0
2845410,0,0,0,0,0,0
3052596,0,0,0,0,0,0
1027468,0,0,0,0,0,0
1965238,0,0,0,0,0,0
3418653,0,0,0,0,0,0
3047831,0,0,0,0,0,0
3052207,0,0,0,0,0,0
1603038,0,0,0,0,0,0
2871493,0,0,0,0,0,0
2805427,0,0,0,0,0,0
2560423,0,0,0,0,0,0
3060027,0,0,0,0,0,0
3048333,0,0,0,0,0,0
3432138,0,0,0,0,0,0
3250174,0,0,0,0,0,0
219584,0,0,0,0,0,0
1503293,0,0,0,0,0,0
2843810,0,0,0,0,0,0
1746064,0,0,0,0,0,0
346881,0,0,0,0,0,0
3399680,0,0,0,0,0,0
104955,0,0,0,0,0,0
2572088,0,0,0,0,0,0
3429984,0,0,0,0,0,0
2846159,0,0,0,0,0,0
3052549,0,0,0,0,0,0
2956521,0,0,0,0,0,0
3240513,0,0,0,0,0,0
3427221,0,0,0,0,0,0
3431239,0,0,0,0,0,0
40050,0,0,0,0,0,0
3051418,0,0,0,0,0,0
2955240,0,0,0,0,0,0
1959845,0,0,0,0,0,0
3345112,0,0,0,0,0,0
2968831,0,0,0,0,0,0
2051,0,0,0,0,0,0
3127115,0,0,0,0,0,0
1980959,0,0,0,0,0,0
2560434,0,0,0,0,0,0
1357714,0,0,0,0,0,0
148943,0,0,0,0,0,0
3050268,0,0,0,0,0,0
2845680,0,0,0,0,0,0
1923622,0,0,0,0,0,0
3048237,0,0,0,0,0,0
3060633,0,0,0,0,0,0
2049444,0,0,0,0,0,0